Date,Open,High,Low,Close,Volume,Dividends,Stock Splits,Capital Gains
2021-09-21 00:00:00+02:00,3.075627403341778,3.100471607365822,3.046572422779828,3.070995569229126,3508,0.0,0.0,0.0
2021-09-22 00:00:00+02:00,3.1093141251471894,3.1611080169677734,3.104682291471992,3.1611080169677734,13152,0.0,0.0,0.0
2021-09-23 00:00:00+02:00,3.180899230489321,3.216691732406616,3.1644767813464294,3.216691732406616,10268,0.0,0.0,0.0
2021-09-24 00:00:00+02:00,3.22974570451952,3.2507999886892724,3.211638823358892,3.2423782348632812,12344,0.0,0.0,0.0
2021-09-27 00:00:00+02:00,3.2811181260038085,3.3585983364039165,3.2811181260038085,3.3497555255889893,12793,0.0,0.0,0.0
2021-09-28 00:00:00+02:00,3.3729155137966593,3.403233665081203,3.36954665184021,3.36954665184021,44833,0.0,0.0,0.0
2021-09-29 00:00:00+02:00,3.3430182619750672,3.3939700408248403,3.3430182619750672,3.389759063720703,33661,0.0,0.0,0.0
2021-09-30 00:00:00+02:00,3.409550499795897,3.424288519486852,3.3733367357716206,3.3990230560302734,11770,0.0,0.0,0.0
2021-10-01 00:00:00+02:00,3.343018250670939,3.423024807474613,3.343018250670939,3.4091289043426514,27682,0.0,0.0,0.0
2021-10-04 00:00:00+02:00,3.4276570019759967,3.511874534863922,3.4276570019759967,3.5017683506011963,60179,0.0,0.0,0.0
2021-10-05 00:00:00+02:00,3.5072429333302253,3.5691426132720956,3.4925045127155463,3.5489306449890137,107521,0.0,0.0,0.0
2021-10-06 00:00:00+02:00,3.5291387948485093,3.5291387948485093,3.452079844868373,3.46808123588562,125700,0.0,0.0,0.0
2021-10-07 00:00:00+02:00,3.4967151474385116,3.513979911804199,3.4760819228127904,3.513979911804199,17993,0.0,0.0,0.0
2021-10-08 00:00:00+02:00,3.5434565445603385,3.5948291864172037,3.530402754899134,3.59061861038208,28176,0.0,0.0,0.0
2021-10-11 00:00:00+02:00,3.6272530633380904,3.663466425040223,3.6272530633380904,3.6457808017730713,78988,0.0,0.0,0.0
2021-10-12 00:00:00+02:00,3.57924872435662,3.631884735008923,3.57924872435662,3.6192522048950195,44967,0.0,0.0,0.0
2021-10-13 00:00:00+02:00,3.6024086626294225,3.6099881003081147,3.5615630673568197,3.5956709384918213,63364,0.0,0.0,0.0
2021-10-14 00:00:00+02:00,3.641569473462839,3.663466072040161,3.6306211741741783,3.6314632892608643,64861,0.0,0.0,0.0
2021-10-15 00:00:00+02:00,3.6777833434799874,3.7051538917315026,3.6710460210037095,3.688310384750366,88680,0.0,0.0,0.0
2021-10-18 00:00:00+02:00,3.7089433774822935,3.7139964694172227,3.6883101530034996,3.6895735263824463,88888,0.0,0.0,0.0
2021-10-19 00:00:00+02:00,3.693363576085654,3.701785530592602,3.663887538473125,3.700100898742676,97669,0.0,0.0,0.0
2021-10-20 00:00:00+02:00,3.699680216848963,3.717365840252476,3.6773623576153063,3.7072596549987793,59601,0.0,0.0,0.0
2021-10-21 00:00:00+02:00,3.699258781782411,3.7228396118607963,3.6453593973910507,3.6563076972961426,21380,0.0,0.0,0.0
2021-10-22 00:00:00+02:00,3.657150016881787,3.679467472265609,3.6504122930103766,3.65462327003479,22337,0.0,0.0,0.0
2021-10-25 00:00:00+02:00,3.6979952933635096,3.7401042614070037,3.689994597466863,3.732945680618286,26042,0.0,0.0,0.0
2021-10-26 00:00:00+02:00,3.7384203049911986,3.7582114170101026,3.7295774933389803,3.751894950866699,50009,0.0,0.0,0.0
2021-10-27 00:00:00+02:00,3.735472084869366,3.740103918328539,3.692942263963594,3.699258327484131,38599,0.0,0.0,0.0
2021-10-28 00:00:00+02:00,3.663466333467876,3.663466333467876,3.6213577650625766,3.6306214332580566,12418,0.0,0.0,0.0
2021-10-29 00:00:00+02:00,3.6440965791601583,3.675678106715702,3.643675320784896,3.664308547973633,14819,0.0,0.0,0.0
2021-11-01 00:00:00+01:00,3.6647297909835137,3.7038907564823034,3.6554657209947776,3.6929428577423096,35891,0.0,0.0,0.0
2021-11-02 00:00:00+01:00,3.6984169288243507,3.7013645327931006,3.6499918917431944,3.655465841293335,44806,0.0,0.0,0.0
2021-11-03 00:00:00+01:00,3.642832746628956,3.642832746628956,3.605356016027161,3.6196727752685547,28110,0.0,0.0,0.0
2021-11-04 00:00:00+01:00,3.6360957557029074,3.6685193972958134,3.6348323822021484,3.6348323822021484,32417,0.0,0.0,0.0
2021-11-05 00:00:00+01:00,3.6339904694513137,3.6862052252802435,3.6339904694513137,3.6815733909606934,31795,0.0,0.0,0.0
2021-11-08 00:00:00+01:00,3.709364863768798,3.716102186235807,3.689573753132713,3.7089436054229736,51931,0.0,0.0,0.0
2021-11-09 00:00:00+01:00,3.692099695213685,3.7097857169316284,3.656728454939475,3.6824147701263428,5533,0.0,0.0,0.0
2021-11-10 00:00:00+01:00,3.7127336373486504,3.7139966091942718,3.677783250808716,3.677783250808716,10376,0.0,0.0,0.0
2021-11-11 00:00:00+01:00,3.663466068939969,3.6786253452301025,3.6478859358972837,3.6786253452301025,53560,0.0,0.0,0.0
2021-11-12 00:00:00+01:00,3.6630455396689556,3.6651510283625583,3.6365167033942876,3.649991750717163,21625,0.0,0.0,0.0
2021-11-15 00:00:00+01:00,3.6483072797534493,3.676520347595215,3.6302007990353578,3.676520347595215,44661,0.0,0.0,0.0
2021-11-16 00:00:00+01:00,3.707680577312918,3.730840148040805,3.697574392975244,3.7173655033111572,10069,0.0,0.0,0.0
2021-11-17 00:00:00+01:00,3.707680640136845,3.732945699828252,3.6954689670568315,3.710206985473633,24903,0.0,0.0,0.0
2021-11-18 00:00:00+01:00,3.662624491757252,3.662624491757252,3.618410431393716,3.654202938079834,28021,0.0,0.0,0.0
2021-11-19 00:00:00+01:00,3.663045074132088,3.677361833215798,3.53629732131958,3.53629732131958,179449,0.0,0.0,0.0
2021-11-22 00:00:00+01:00,3.5510357476770533,3.6150413181404204,3.537139843729707,3.6125149726867676,33479,0.0,0.0,0.0
2021-11-23 00:00:00+01:00,3.587249657231696,3.665993250020111,3.5670372864506708,3.6584134101867676,21481,0.0,0.0,0.0
2021-11-24 00:00:00+01:00,3.69083743969054,3.7392624761050692,3.6836788582704303,3.7262086868286133,31655,0.0,0.0,0.0
2021-11-25 00:00:00+01:00,3.7274718917193437,3.7274718917193437,3.7030485446360295,3.720313310623169,58944,0.0,0.0,0.0
2021-11-26 00:00:00+01:00,3.490398475883216,3.553982777714994,3.476502574179328,3.4845032691955566,136351,0.0,0.0,0.0
2021-11-29 00:00:00+01:00,3.564931181569856,3.634410692145358,3.564931181569856,3.565352439880371,84959,0.0,0.0,0.0
2021-11-30 00:00:00+01:00,3.484925040059236,3.5059795248608028,3.4440794439552302,3.503452777862549,26940,0.0,0.0,0.0
2021-12-01 00:00:00+01:00,3.542193346563681,3.590197529972256,3.5409303744809963,3.5712485313415527,214754,0.0,0.0,0.0
2021-12-02 00:00:00+01:00,3.513559199723899,3.53503494433426,3.458396839371735,3.529981851577759,16588,0.0,0.0,0.0
2021-12-03 00:00:00+01:00,3.569142579259429,3.5830384830132687,3.547245979309082,3.547245979309082,7021,0.0,0.0,0.0
2021-12-06 00:00:00+01:00,3.5897756261823317,3.627252759872133,3.5716691476365585,3.6091458797454834,27830,0.0,0.0,0.0
2021-12-07 00:00:00+01:00,3.6516760376843593,3.7165237250781535,3.6516760376843593,3.7072596549987793,76257,0.0,0.0,0.0
2021-12-08 00:00:00+01:00,3.67778352530432,3.695469148271732,3.670203685760498,3.670203685760498,5046,0.0,0.0,0.0
2021-12-09 00:00:00+01:00,3.662624465352986,3.662624465352986,3.6213580093111806,3.631885051727295,10632,0.0,0.0,0.0
2021-12-10 00:00:00+01:00,3.642411917267697,3.677362306795012,3.607461929321289,3.607461929321289,11590,0.0,0.0,0.0
2021-12-13 00:00:00+01:00,3.636516307592674,3.653359813727327,3.5556676387786865,3.5556676387786865,14002,0.0,0.0,0.0
2021-12-14 00:00:00+01:00,3.5737740309217454,3.5914596497140607,3.5409291382013848,3.5750370025634766,48938,0.0,0.0,0.0
2021-12-15 00:00:00+01:00,3.5666158029729647,3.5666158029729647,3.488293482329561,3.4996626377105713,4493,0.0,0.0,0.0
2021-12-16 00:00:00+01:00,3.5657339105633024,3.619415316640211,3.5528500782240737,3.6142618656158447,4415,0.080924,0.0,0.0
2021-12-17 00:00:00+01:00,3.551131664328866,3.558861634490652,3.4858549045394156,3.539107084274292,17111,0.0,0.0,0.0
2021-12-20 00:00:00+01:00,3.4300267844921617,3.443339626103515,3.3982474459675367,3.421008348464966,101422,0.0,0.0,0.0
2021-12-21 00:00:00+01:00,3.486714398089803,3.554996898113322,3.4764074974486685,3.5524203777313232,53591,0.0,0.0,0.0
2021-12-22 00:00:00+01:00,3.5674508606049087,3.574751615524292,3.538248250483917,3.574751615524292,4367,0.0,0.0,0.0
2021-12-23 00:00:00+01:00,3.5794758731682865,3.637022260294496,3.5781874081311784,3.6018073558807373,47123,0.0,0.0,0.0
2021-12-27 00:00:00+01:00,3.5747524312724273,3.6181269363174646,3.5610097583663953,3.6078200340270996,26114,0.0,0.0,0.0
2021-12-28 00:00:00+01:00,3.6443225913150683,3.664506766465209,3.6361629962921143,3.6361629962921143,20632,0.0,0.0,0.0
2021-12-29 00:00:00+01:00,3.6430343853838134,3.6662247072141745,3.604383712481021,3.60481333732605,13650,0.0,0.0,0.0
2021-12-30 00:00:00+01:00,3.6194147261971694,3.6237089267197637,3.6048132157506703,3.615978956222534,3369,0.0,0.0,0.0
2022-01-03 00:00:00+01:00,3.6164087488885395,3.6907039588048702,3.6164087488885395,3.6846916675567627,89910,0.0,0.0,0.0
2022-01-04 00:00:00+01:00,3.7156122753830103,3.7993551353004857,3.7156122753830103,3.7843244075775146,40040,0.0,0.0,0.0
2022-01-05 00:00:00+01:00,3.7976373303224396,3.861625224879431,3.7976373303224396,3.843588352203369,29527,0.0,0.0,0.0
2022-01-06 00:00:00+01:00,3.7967776747315787,3.8693551921081903,3.7967776747315787,3.8560421466827393,66367,0.0,0.0,0.0
2022-01-07 00:00:00+01:00,3.8826676789438244,3.906287211715407,3.8590477366157443,3.897698402404785,239060,0.0,0.0,0.0
2022-01-10 00:00:00+01:00,3.938068113154187,3.9500926960909055,3.884815920655417,3.894263982772827,283125,0.0,0.0,0.0
2022-01-11 00:00:00+01:00,3.8994163019931585,3.963833808898926,3.8994163019931585,3.963833808898926,77468,0.0,0.0,0.0
2022-01-12 00:00:00+01:00,4.032118064644254,4.054449550990001,4.023529251964859,4.028253078460693,140967,0.0,0.0,0.0
2022-01-13 00:00:00+01:00,4.0278228032474575,4.041135849829997,4.0239578176878865,4.040706634521484,96400,0.0,0.0,0.0
2022-01-14 00:00:00+01:00,4.015368855994743,4.0797863717256755,4.008068100457571,4.06990909576416,106416,0.0,0.0,0.0
2022-01-17 00:00:00+01:00,4.10813036827287,4.127026081085205,4.101688452525743,4.127026081085205,99321,0.0,0.0,0.0
2022-01-18 00:00:00+01:00,4.149357488230116,4.191443933138842,4.127026005516896,4.146780967712402,119556,0.0,0.0,0.0
2022-01-19 00:00:00+01:00,4.146780869612184,4.204327255379003,4.123590547275006,4.139480113983154,186225,0.0,0.0,0.0
2022-01-20 00:00:00+01:00,4.13561523241599,4.172547817230225,4.087516496672191,4.172547817230225,168023,0.0,0.0,0.0
2022-01-21 00:00:00+01:00,4.095676444401086,4.095676444401086,3.987884416531154,4.051443099975586,105520,0.0,0.0,0.0
2022-01-24 00:00:00+01:00,4.036840762417962,4.036840762417962,3.8830973314786883,3.9024226665496826,30433,0.0,0.0,0.0
2022-01-25 00:00:00+01:00,3.9775771424896385,4.058743476867676,3.949662584491958,4.058743476867676,101354,0.0,0.0,0.0
2022-01-26 00:00:00+01:00,4.151503910666007,4.236964837791649,4.150215445902833,4.206902980804443,146760,0.0,0.0,0.0
2022-01-27 00:00:00+01:00,4.177701352916674,4.303101440651459,4.166106395998931,4.260156154632568,135892,0.0,0.0,0.0
2022-01-28 00:00:00+01:00,4.275616421614,4.275616421614,4.165676688181828,4.208192348480225,53841,0.0,0.0,0.0
2022-01-31 00:00:00+01:00,4.233101102027283,4.245125684547395,4.192732334136963,4.192732334136963,90860,0.0,0.0,0.0
2022-02-01 00:00:00+01:00,4.212057574577802,4.332304216080663,4.19273223610615,4.328009605407715,35139,0.0,0.0,0.0
2022-02-02 00:00:00+01:00,4.3237149745442345,4.339175327160683,4.268745104945713,4.275616645812988,76893,0.0,0.0,0.0
2022-02-03 00:00:00+01:00,4.311689474213612,4.312548314249983,4.238682746887207,4.238682746887207,90762,0.0,0.0,0.0
2022-02-04 00:00:00+01:00,4.2747575870922985,4.3769669399784465,4.262303380658141,4.315125942230225,81415,0.0,0.0,0.0
2022-02-07 00:00:00+01:00,4.308254185496568,4.377825560444621,4.291935403870588,4.354635238647461,100287,0.0,0.0,0.0
2022-02-08 00:00:00+01:00,4.37610749300361,4.3992982244759435,4.2653093338012695,4.2653093338012695,250281,0.0,0.0,0.0
2022-02-09 00:00:00+01:00,4.284205117273128,4.351199563733177,4.284205117273128,4.326291561126709,84923,0.0,0.0,0.0
2022-02-10 00:00:00+01:00,4.321138146811812,4.353776120607244,4.313407766274627,4.33402156829834,22403,0.0,0.0,0.0
2022-02-11 00:00:00+01:00,4.298806863613957,4.3829793463679625,4.298806863613957,4.374390125274658,35629,0.0,0.0,0.0
2022-02-14 00:00:00+01:00,4.451691796682136,4.460280608835826,4.315126366029716,4.341752052307129,110053,0.0,0.0,0.0
2022-02-15 00:00:00+01:00,4.34776436142316,4.364083555094061,4.242978477292065,4.297089099884033,60480,0.0,0.0,0.0
2022-02-16 00:00:00+01:00,4.2945116099400495,4.380401760227542,4.2945116099400495,4.351199150085449,82699,0.0,0.0,0.0
2022-02-17 00:00:00+01:00,4.371813697216899,4.371813697216899,4.288500052897439,4.320279598236084,60897,0.0,0.0,0.0
2022-02-18 00:00:00+01:00,4.328009073369014,4.328009073369014,4.268744600126184,4.2936530113220215,30026,0.0,0.0,0.0
2022-02-21 00:00:00+01:00,4.2927944521528305,4.294512132500627,4.261444533244292,4.279051780700684,45060,0.0,0.0,0.0
2022-02-22 00:00:00+01:00,4.344328871502407,4.393286041506237,4.2777640431768456,4.282487869262695,143678,0.0,0.0,0.0
2022-02-23 00:00:00+01:00,4.282487838554358,4.285923199480661,4.236966029827887,4.264880180358887,123705,0.0,0.0,0.0
2022-02-24 00:00:00+01:00,4.278622519791533,4.433654432334136,4.272180604221066,4.2807698249816895,181916,0.0,0.0,0.0
2022-02-25 00:00:00+01:00,4.293653391503635,4.334021747505439,4.25070810536402,4.321997165679932,38367,0.0,0.0,0.0
2022-02-28 00:00:00+01:00,4.383837410105046,4.401874279738388,4.316842971847033,4.397579669952393,130785,0.0,0.0,0.0
2022-03-01 00:00:00+01:00,4.466292882950415,4.53242849737178,4.438808356519511,4.483470916748047,165811,0.0,0.0,0.0
2022-03-02 00:00:00+01:00,4.595986833343894,4.6492390207726,4.5607719281596015,4.605434894561768,198332,0.0,0.0,0.0
2022-03-03 00:00:00+01:00,4.720527191604007,4.723962961576779,4.5590537844583245,4.595986366271973,199838,0.0,0.0,0.0
2022-03-04 00:00:00+01:00,4.591691907562589,4.688747796324704,4.524697468534791,4.637213706970215,229952,0.0,0.0,0.0
2022-03-07 00:00:00+01:00,4.863105079150463,4.924086819367724,4.736846169718725,4.821877479553223,461635,0.0,0.0,0.0
2022-03-08 00:00:00+01:00,4.835620857718812,4.9713274373096334,4.809853604195478,4.950713634490967,279560,0.0,0.0,0.0
2022-03-09 00:00:00+01:00,4.906909076614611,4.906909076614611,4.655250902198874,4.736846446990967,142588,0.0,0.0,0.0
2022-03-10 00:00:00+01:00,4.650956539966975,4.757460501576678,4.650956539966975,4.750589370727539,128116,0.0,0.0,0.0
2022-03-11 00:00:00+01:00,4.84335039274327,4.85709306323674,4.7273987862238585,4.7815093994140625,139085,0.0,0.0,0.0
2022-03-14 00:00:00+01:00,4.7497299454056385,4.7497299454056385,4.59255074761835,4.637213706970215,267395,0.0,0.0,0.0
2022-03-15 00:00:00+01:00,4.531568268370951,4.562488555908203,4.431935457144184,4.562488555908203,259290,0.0,0.0,0.0
2022-03-16 00:00:00+01:00,4.583962025027794,4.620895018326248,4.4946360966376515,4.512673377990723,70737,0.0,0.0,0.0
2022-03-17 00:00:00+01:00,4.519544842953263,4.608870777948949,4.519544842953263,4.60371732711792,65903,0.0,0.0,0.0
2022-03-18 00:00:00+01:00,4.613164379419136,4.64408508038642,4.6002809587943805,4.614882469177246,74965,0.0,0.0,0.0
2022-03-21 00:00:00+01:00,4.6913242219513664,4.796969328255181,4.675863872589619,4.7806501388549805,88464,0.0,0.0,0.0
2022-03-22 00:00:00+01:00,4.84506853973612,4.84506853973612,4.7445772742570105,4.754883766174316,91088,0.0,0.0,0.0
2022-03-23 00:00:00+01:00,4.818442686427021,4.904332846436402,4.809853465647788,4.874271392822266,70580,0.0,0.0,0.0
2022-03-24 00:00:00+01:00,4.911203533968009,4.930958494242915,4.882000923156738,4.882000923156738,61561,0.0,0.0,0.0
2022-03-25 00:00:00+01:00,4.894025486463907,4.98421024840725,4.867399396012634,4.97132682800293,182565,0.0,0.0,0.0
2022-03-28 00:00:00+02:00,4.934395036405557,4.973045716566729,4.8613882871137095,4.877707481384277,154030,0.0,0.0,0.0
2022-03-29 00:00:00+02:00,4.909486055618906,4.952430928733928,4.6707112996651565,4.74543571472168,158436,0.0,0.0,0.0
2022-03-30 00:00:00+02:00,4.806417567711866,4.869117397987849,4.80555831808472,4.83905553817749,41933,0.0,0.0,0.0
2022-03-31 00:00:00+02:00,4.800404975099666,4.895742769832294,4.769484277167583,4.8716936111450195,48938,0.0,0.0,0.0
2022-04-01 00:00:00+02:00,4.8124306335759,4.906909609477888,4.77979224829209,4.887155055999756,61035,0.0,0.0,0.0
2022-04-04 00:00:00+02:00,4.922370075739058,4.938689268758339,4.873412496681212,4.885437488555908,87544,0.0,0.0,0.0
2022-04-05 00:00:00+02:00,4.948136385993955,4.985927806193194,4.910344556238176,4.947277545928955,51128,0.0,0.0,0.0
2022-04-06 00:00:00+02:00,4.929240902962697,4.954149315847386,4.905191739810522,4.908627510070801,91338,0.0,0.0,0.0
2022-04-07 00:00:00+02:00,4.888872390897112,4.920651933725849,4.866540908813477,4.866540908813477,65990,0.0,0.0,0.0
2022-04-08 00:00:00+02:00,4.976480775114425,5.058935165405273,4.9644561935952005,5.058935165405273,53241,0.0,0.0,0.0
2022-04-11 00:00:00+02:00,5.05979350021756,5.05979350021756,4.97132682800293,4.97132682800293,51494,0.0,0.0,0.0
2022-04-12 00:00:00+02:00,4.986787511037515,5.08212531986014,4.962737939239432,5.071818828582764,52937,0.0,0.0,0.0
2022-04-13 00:00:00+02:00,5.045193899706265,5.119918333647979,5.045193899706265,5.067525386810303,75575,0.0,0.0,0.0
2022-04-14 00:00:00+02:00,5.05120473730993,5.1611440509368425,5.034885546851242,5.1207756996154785,73352,0.0,0.0,0.0
2022-04-19 00:00:00+02:00,5.215255725907582,5.241022979743775,5.153414726257324,5.153414726257324,138877,0.0,0.0,0.0
2022-04-20 00:00:00+02:00,5.200653780348878,5.200653780348878,5.136236265462308,5.162003517150879,63003,0.0,0.0,0.0
2022-04-21 00:00:00+02:00,5.186911864179666,5.1937829952348205,5.143107738173585,5.1723103523254395,36355,0.0,0.0,0.0
2022-04-22 00:00:00+02:00,5.020284017774815,5.067523908785599,4.988504886627197,4.988504886627197,49987,0.0,0.0,0.0
2022-04-25 00:00:00+02:00,4.855375408844282,4.873412281525089,4.704208886756624,4.711938858032227,46304,0.0,0.0,0.0
2022-04-26 00:00:00+02:00,4.805559450452358,4.9223703282667195,4.762614569907009,4.888873100280762,53485,0.0,0.0,0.0
2022-04-27 00:00:00+02:00,4.88200114714639,4.925805270151336,4.84420931459736,4.913780689239502,46603,0.0,0.0,0.0
2022-04-28 00:00:00+02:00,4.969609211694845,5.009118726314238,4.942983528263676,5.006542205810547,37117,0.0,0.0,0.0
2022-04-29 00:00:00+02:00,5.071819192453737,5.121635200797533,5.038321967118463,5.0735368728637695,123632,0.0,0.0,0.0
2022-05-02 00:00:00+02:00,4.990222538566369,5.007400568957647,4.9197927368290975,4.97132682800293,98112,0.0,0.0,0.0
2022-05-03 00:00:00+02:00,5.025437686949868,5.161144256591797,5.015990035981103,5.161144256591797,74688,0.0,0.0,0.0
2022-05-04 00:00:00+02:00,5.200653937201814,5.273660674705331,5.193782806396484,5.193782806396484,86232,0.0,0.0,0.0
2022-05-05 00:00:00+02:00,5.326912684940909,5.365563357591381,5.26163592054339,5.277096271514893,56256,0.0,0.0,0.0
2022-05-06 00:00:00+02:00,5.313169761195381,5.3337835615090246,5.244457639558639,5.308875560760498,64092,0.0,0.0,0.0
2022-05-09 00:00:00+02:00,5.362128236925993,5.362128236925993,5.058076678779207,5.070101261138916,76775,0.0,0.0,0.0
2022-05-10 00:00:00+02:00,5.0357454940299995,5.127647957214223,4.995377133833845,5.021144390106201,82451,0.0,0.0,0.0
2022-05-11 00:00:00+02:00,5.084702586399896,5.223844528198242,5.059794172809741,5.223844528198242,44185,0.0,0.0,0.0
2022-05-12 00:00:00+02:00,5.093291773613424,5.163721999464012,5.050346893537507,5.119917869567871,174088,0.0,0.0,0.0
2022-05-13 00:00:00+02:00,5.17488708762858,5.322618242757556,5.17488708762858,5.30973482131958,55382,0.0,0.0,0.0
2022-05-16 00:00:00+02:00,5.28654405282835,5.423109455305894,5.2693660225083425,5.397342205047607,83187,0.0,0.0,0.0
2022-05-17 00:00:00+02:00,5.4703499330427485,5.489245646970757,5.42912273467408,5.450595378875732,110041,0.0,0.0,0.0
2022-05-18 00:00:00+02:00,5.4797978710173165,5.509859326486682,5.390471935272217,5.390471935272217,26144,0.0,0.0,0.0
2022-05-19 00:00:00+02:00,5.359550402344527,5.40163684305879,5.242739959384685,5.308875560760498,32969,0.0,0.0,0.0
2022-05-20 00:00:00+02:00,5.362127856445322,5.393907400110016,5.308016830109566,5.342372894287109,62778,0.0,0.0,0.0
2022-05-23 00:00:00+02:00,5.417956117955357,5.430839538574219,5.347525905488694,5.430839538574219,167023,0.0,0.0,0.0
2022-05-24 00:00:00+02:00,5.358691749915517,5.377587870716936,5.308875746673939,5.322618007659912,182975,0.0,0.0,0.0
2022-05-25 00:00:00+02:00,5.462619863477835,5.522742774697472,5.43513492853888,5.478939056396484,35882,0.0,0.0,0.0
2022-05-26 00:00:00+02:00,5.5304732161241805,5.57943038585731,5.514154023027597,5.575136184692383,21475,0.0,0.0,0.0
2022-05-27 00:00:00+02:00,5.569982086436573,5.612926959991455,5.523601442792407,5.612926959991455,91145,0.0,0.0,0.0
2022-05-30 00:00:00+02:00,5.662743844794745,5.6636026849993675,5.60863322589408,5.62237548828125,73013,0.0,0.0,0.0
2022-05-31 00:00:00+02:00,5.64212937575206,5.715995358424132,5.64212937575206,5.643847465515137,143406,0.0,0.0,0.0
2022-06-01 00:00:00+02:00,5.6034794779964265,5.660167024061821,5.58286567595207,5.610350608825684,80112,0.0,0.0,0.0
2022-06-02 00:00:00+02:00,5.60863301145077,5.64556559617707,5.586301528757996,5.626669883728027,51739,0.0,0.0,0.0
2022-06-03 00:00:00+02:00,5.636117736078346,5.678204182448744,5.594031699264553,5.667038440704346,47399,0.0,0.0,0.0
2022-06-06 00:00:00+02:00,5.678203637871584,5.74347999211614,5.678203637871584,5.712559700012207,21011,0.0,0.0,0.0
2022-06-07 00:00:00+02:00,5.7065471397851795,5.805320711379886,5.703111369910949,5.788142681121826,242533,0.0,0.0,0.0
2022-06-08 00:00:00+02:00,5.846549335639253,5.884340763092041,5.838818954457431,5.884340763092041,54042,0.0,0.0,0.0
2022-06-09 00:00:00+02:00,5.862008536431909,5.887775787846709,5.803603312633786,5.819063663482666,292537,0.0,0.0,0.0
2022-06-10 00:00:00+02:00,5.768388489740849,5.79501458164326,5.693664073944092,5.693664073944092,82803,0.0,0.0,0.0
2022-06-13 00:00:00+02:00,5.612068479506583,5.628387671752485,5.393907508548939,5.48237419128418,232528,0.0,0.0,0.0
2022-06-14 00:00:00+02:00,5.517587957335679,5.615503090598308,5.496974568403953,5.574275493621826,180066,0.0,0.0,0.0
2022-06-15 00:00:00+02:00,5.490104482981366,5.490104482981366,5.43599345643604,5.440288066864014,63562,0.0,0.0,0.0
2022-06-16 00:00:00+02:00,5.409601661472479,5.412220288011596,5.121531929687135,5.147719860076904,111332,0.101848,0.0,0.0
2022-06-17 00:00:00+02:00,5.099709114076949,5.132880885865641,4.8229875564575195,4.8229875564575195,188969,0.0,0.0,0.0
2022-06-20 00:00:00+02:00,4.827351936570655,4.8832197189331055,4.820368099556886,4.8832197189331055,98537,0.0,0.0,0.0
2022-06-21 00:00:00+02:00,4.907662194317507,5.054315691726593,4.907662194317507,5.022890090942383,97631,0.0,0.0,0.0
2022-06-22 00:00:00+02:00,4.942580513090836,4.942580513090836,4.829971224876975,4.874491214752197,69079,0.0,0.0,0.0
2022-06-23 00:00:00+02:00,4.809020275239814,4.913773260206466,4.719980716705322,4.719980716705322,149856,0.0,0.0,0.0
2022-06-24 00:00:00+02:00,4.695538113285087,4.855285578955545,4.695538113285087,4.832589149475098,78033,0.0,0.0,0.0
2022-06-27 00:00:00+02:00,4.799417918665616,4.908535274797975,4.7767214886101,4.892822265625,107031,0.0,0.0,0.0
2022-06-28 00:00:00+02:00,4.972260497372846,5.083123620862894,4.952182691120857,5.021144866943359,48456,0.0,0.0,0.0
2022-06-29 00:00:00+02:00,5.035112454220879,5.136373119018986,4.964404106140137,4.964404106140137,67433,0.0,0.0,0.0
2022-06-30 00:00:00+02:00,4.87972859782112,4.91115420183898,4.843937783141441,4.849175453186035,35129,0.0,0.0,0.0
2022-07-01 00:00:00+02:00,4.815130824562725,4.918137642086887,4.80203685752567,4.836081504821777,51009,0.0,0.0,0.0
2022-07-04 00:00:00+02:00,4.931232033399912,4.995829409304188,4.91377327190552,4.991464614868164,33719,0.0,0.0,0.0
2022-07-05 00:00:00+02:00,5.014161616628578,5.020272163033999,4.709505923344771,4.727837562561035,66313,0.0,0.0,0.0
2022-07-06 00:00:00+02:00,4.803781387735421,4.807273305640897,4.597768221302807,4.640542030334473,71398,0.0,0.0,0.0
2022-07-07 00:00:00+02:00,4.7086320248625375,4.903297424316406,4.7086320248625375,4.903297424316406,105056,0.0,0.0,0.0
2022-07-08 00:00:00+02:00,4.880601478166342,4.955674193878411,4.849175457868431,4.888457775115967,39257,0.0,0.0,0.0
2022-07-11 00:00:00+02:00,4.819495258919819,4.900678514483762,4.819495258919819,4.85703182220459,51779,0.0,0.0,0.0
2022-07-12 00:00:00+02:00,4.847429766954587,4.848302642598779,4.758390207501332,4.795053482055664,17206,0.0,0.0,0.0
2022-07-13 00:00:00+02:00,4.805528442465329,4.83957308739626,4.75926270698222,4.774975299835205,38496,0.0,0.0,0.0
2022-07-14 00:00:00+02:00,4.790688741964481,4.790688741964481,4.619592626269382,4.623084545135498,15962,0.0,0.0,0.0
2022-07-15 00:00:00+02:00,4.6955385284390605,4.774975622394354,4.6946652365551875,4.757516860961914,15535,0.0,0.0,0.0
2022-07-18 00:00:00+02:00,4.793306889425826,4.908534779228112,4.793306889425826,4.868379592895508,14212,0.0,0.0,0.0
2022-07-19 00:00:00+02:00,4.877108960689738,4.888457175029306,4.802909129719456,4.8823466300964355,44221,0.0,0.0,0.0
2022-07-20 00:00:00+02:00,4.9399611613699195,4.9766248515515334,4.897187341782692,4.955674171447754,38743,0.0,0.0,0.0
2022-07-21 00:00:00+02:00,4.958292579543345,4.958292579543345,4.818622495013858,4.861396312713623,21681,0.0,0.0,0.0
2022-07-22 00:00:00+02:00,4.911154878590599,4.967895965017808,4.898060909799632,4.91901159286499,12792,0.0,0.0,0.0
2022-07-25 00:00:00+02:00,4.876236145199774,5.020271015033172,4.834335205679966,5.011541843414307,24623,0.0,0.0,0.0
2022-07-26 00:00:00+02:00,5.071774630845264,5.1276428300498385,5.044713406816535,5.049951076507568,45239,0.0,0.0,0.0
2022-07-27 00:00:00+02:00,5.078757829048764,5.127642605272253,5.0534427735265535,5.101454257965088,26834,0.0,0.0,0.0
2022-07-28 00:00:00+02:00,5.145974827658836,5.220174667874208,5.086615121986423,5.1372456550598145,64716,0.0,0.0,0.0
2022-07-29 00:00:00+02:00,5.14772069615039,5.331910779305865,5.14772069615039,5.296993255615234,70008,0.0,0.0,0.0
2022-08-01 00:00:00+02:00,5.318816810924193,5.318816810924193,5.166925624525198,5.180892467498779,99373,0.0,0.0,0.0
2022-08-02 00:00:00+02:00,5.180019415626268,5.2358876181194605,5.180019415626268,5.230649948120117,46788,0.0,0.0,0.0
2022-08-03 00:00:00+02:00,5.2498547313455,5.296993347520758,5.1669257152038215,5.175654888153076,24431,0.0,0.0,0.0
2022-08-04 00:00:00+02:00,5.097089889777425,5.151211919313441,4.980115826587205,5.011541843414307,236465,0.0,0.0,0.0
2022-08-05 00:00:00+02:00,4.969640243272581,5.061298830136673,4.89544041503738,5.036856651306152,62782,0.0,0.0,0.0
2022-08-08 00:00:00+02:00,5.068282897270566,5.0770120688575,5.019398121134897,5.062171936035156,43483,0.0,0.0,0.0
2022-08-09 00:00:00+02:00,5.057808153183248,5.150339630634943,5.036857472911276,5.122405529022217,56518,0.0,0.0,0.0
2022-08-10 00:00:00+02:00,5.13113447384928,5.13113447384928,5.038603000505335,5.097090244293213,33337,0.0,0.0,0.0
2022-08-11 00:00:00+02:00,5.152084884052887,5.234141013439372,5.148592965595086,5.2271575927734375,14970,0.0,0.0,0.0
2022-08-12 00:00:00+02:00,5.2996120718925,5.326673297281339,5.248981539834242,5.2716779708862305,44423,0.0,0.0,0.0
2022-08-15 00:00:00+02:00,5.324054465606169,5.324054465606169,5.145102053185766,5.233268737792969,67352,0.0,0.0,0.0
2022-08-16 00:00:00+02:00,5.278660797689948,5.335401868930785,5.245489030464589,5.250726699829102,16993,0.0,0.0,0.0
2022-08-17 00:00:00+02:00,5.303103185444843,5.3092137305684215,5.237632940192306,5.266439914703369,7236,0.0,0.0,0.0
2022-08-18 00:00:00+02:00,5.280406626014319,5.432298207309008,5.280406626014319,5.404364109039307,21041,0.0,0.0,0.0
2022-08-19 00:00:00+02:00,5.434917120977079,5.474199435735936,5.402618643341777,5.4672160148620605,28245,0.0,0.0,0.0
2022-08-22 00:00:00+02:00,5.461978645385169,5.522211642326294,5.407856610325489,5.516973972320557,15053,0.0,0.0,0.0
2022-08-23 00:00:00+02:00,5.559747645507053,5.71251211478193,5.558874769904006,5.692434310913086,40855,0.0,0.0,0.0
2022-08-24 00:00:00+02:00,5.715130578002749,5.76663398335552,5.689815521240234,5.689815521240234,43474,0.0,0.0,0.0
2022-08-25 00:00:00+02:00,5.738700271900721,5.819883533649014,5.738700271900721,5.771872043609619,78389,0.0,0.0,0.0
2022-08-26 00:00:00+02:00,5.8216290131429105,5.8216290131429105,5.7029091992813195,5.718622207641602,43235,0.0,0.0,0.0
2022-08-29 00:00:00+02:00,5.724733013468955,5.821629278397826,5.656643723721658,5.809408187866211,33394,0.0,0.0,0.0
2022-08-30 00:00:00+02:00,5.82686671343918,5.842579305632974,5.584189414978027,5.584189414978027,73778,0.0,0.0,0.0
2022-08-31 00:00:00+02:00,5.60863216960203,5.60863216960203,5.429679359152937,5.5099897384643555,33613,0.0,0.0,0.0
2022-09-01 00:00:00+02:00,5.489039113687365,5.489039113687365,5.395634774597012,5.439281463623047,89504,0.0,0.0,0.0
2022-09-02 00:00:00+02:00,5.449757706200004,5.546653979635527,5.448011954899276,5.534432888031006,137954,0.0,0.0,0.0
2022-09-05 00:00:00+02:00,5.619981149872367,5.680213734434855,5.619981149872367,5.6662468910217285,22644,0.0,0.0,0.0
2022-09-06 00:00:00+02:00,5.630454956870533,5.630454956870533,5.510862687162297,5.51784610748291,75527,0.0,0.0,0.0
2022-09-07 00:00:00+02:00,5.4820557508708845,5.518719019987115,5.345004305067906,5.385159492492676,72856,0.0,0.0,0.0
2022-09-08 00:00:00+02:00,5.366828444301142,5.411348433866275,5.3546073523126205,5.406110763549805,13000,0.0,0.0,0.0
2022-09-09 00:00:00+02:00,5.42356920741082,5.477691658753311,5.42007770490466,5.462851524353027,40574,0.0,0.0,0.0
2022-09-12 00:00:00+02:00,5.472453833687094,5.5990299534423915,5.464597537021135,5.576333522796631,16435,0.0,0.0,0.0
2022-09-13 00:00:00+02:00,5.587681874305218,5.591173793047246,5.491658479521311,5.5300679206848145,42315,0.0,0.0,0.0
2022-09-14 00:00:00+02:00,5.493404364046978,5.65838950330252,5.4811828572042725,5.635693073272705,50215,0.0,0.0,0.0
2022-09-15 00:00:00+02:00,5.661881890477834,5.664500517428925,5.491658651165466,5.534432888031006,25556,0.0,0.0,0.0
2022-09-16 00:00:00+02:00,5.514354393124954,5.516973435998068,5.373811441007791,5.387778282165527,6713,0.0,0.0,0.0
2022-09-19 00:00:00+02:00,5.393016986445599,5.393016986445599,5.269059478325316,5.358099460601807,71665,0.0,0.0,0.0
2022-09-20 00:00:00+02:00,5.421823151040157,5.423568902194993,5.324926885702216,5.336275100708008,54979,0.0,0.0,0.0
2022-09-21 00:00:00+02:00,5.448011224885906,5.498641335820472,5.434043967602503,5.443646430969238,126307,0.0,0.0,0.0
2022-09-22 00:00:00+02:00,5.338894547070341,5.452376289452698,5.338894547070341,5.405237674713135,15896,0.0,0.0,0.0
2022-09-23 00:00:00+02:00,5.361590351233191,5.361590351233191,5.049950889293469,5.075266361236572,67701,0.0,0.0,0.0
2022-09-26 00:00:00+02:00,5.010669516288192,5.093598952006229,4.993210753439617,5.035984992980957,23977,0.0,0.0,0.0
2022-09-27 00:00:00+02:00,5.013288219579932,5.112803119441312,5.00455863062294,5.066537380218506,30777,0.0,0.0,0.0
2022-09-28 00:00:00+02:00,5.022890243975884,5.150339234580395,4.974005465850364,5.132007598876953,40004,0.0,0.0,0.0
2022-09-29 00:00:00+02:00,5.1599412234803,5.177400399665841,5.063918251957847,5.094470977783203,16971,0.0,0.0,0.0
2022-09-30 00:00:00+02:00,5.121533030679304,5.186130411277038,5.100582348863936,5.16517972946167,17831,0.0,0.0,0.0
2022-10-03 00:00:00+02:00,5.187003451770562,5.349369992248889,5.187003451770562,5.324927806854248,53379,0.0,0.0,0.0
2022-10-04 00:00:00+02:00,5.412220698432067,5.489039576899933,5.384287014897948,5.452375888824463,95297,0.0,0.0,0.0
2022-10-05 00:00:00+02:00,5.4916585684910775,5.601648807525635,5.447138580995038,5.601648807525635,22218,0.0,0.0,0.0
2022-10-06 00:00:00+02:00,5.594664910499051,5.655770778656006,5.54228863047152,5.655770778656006,51927,0.0,0.0,0.0
2022-10-07 00:00:00+02:00,5.701163447023173,5.813772299624208,5.655770589269385,5.756158351898193,67832,0.0,0.0,0.0
2022-10-10 00:00:00+02:00,5.661008604577535,5.752667201218718,5.599029859146412,5.619107246398926,16164,0.0,0.0,0.0
2022-10-11 00:00:00+02:00,5.53181320341631,5.569349765777588,5.494277057304699,5.569349765777588,9907,0.0,0.0,0.0
2022-10-12 00:00:00+02:00,5.592046617711459,5.621726469874278,5.495150348187461,5.531813621520996,9388,0.0,0.0,0.0
2022-10-13 00:00:00+02:00,5.537924170614946,5.724733288611584,5.517846782705095,5.7020368576049805,12908,0.0,0.0,0.0
2022-10-14 00:00:00+02:00,5.752666781077366,5.779727587300056,5.619106836012016,5.64180326461792,92850,0.0,0.0,0.0
2022-10-17 00:00:00+02:00,5.64878729944941,5.688942488679963,5.618234157562256,5.618234157562256,106742,0.0,0.0,0.0
2022-10-18 00:00:00+02:00,5.674975587429273,5.674975587429273,5.535305500030518,5.535305500030518,33529,0.0,0.0,0.0
2022-10-19 00:00:00+02:00,5.603394592235811,5.729097832901685,5.587681583090157,5.727351665496826,14804,0.0,0.0,0.0
2022-10-20 00:00:00+02:00,5.787585161324755,5.848690619555365,5.777982696638638,5.830358982086182,28119,0.0,0.0,0.0
2022-10-21 00:00:00+02:00,5.802424347887177,5.861784465617904,5.729097804734001,5.846944332122803,26792,0.0,0.0,0.0
2022-10-24 00:00:00+02:00,5.887099742889404,5.935984523073389,5.7980601873306465,5.887099742889404,67773,0.0,0.0,0.0
2022-10-25 00:00:00+02:00,5.915906731621492,5.915906731621492,5.831231553914099,5.834723472595215,54728,0.0,0.0,0.0
2022-10-26 00:00:00+02:00,5.860038076063589,5.913287646512823,5.827739599827626,5.898447513580322,127221,0.0,0.0,0.0
2022-10-27 00:00:00+02:00,5.893210696543451,6.0520857228329294,5.893210696543451,6.0346269607543945,98075,0.0,0.0,0.0
2022-10-28 00:00:00+02:00,5.938603161660757,6.05994161238064,5.927254946260708,5.965664386749268,39445,0.0,0.0,0.0
2022-10-31 00:00:00+01:00,5.987487925338255,6.1437438974327305,5.973520666904013,6.055576801300049,144989,0.0,0.0,0.0
2022-11-01 00:00:00+01:00,6.156837528933123,6.179533958435059,6.123665760238038,6.179533958435059,55288,0.0,0.0,0.0
2022-11-02 00:00:00+01:00,6.197865545423061,6.197865545423061,6.077399978143368,6.143743515014648,61604,0.0,0.0,0.0
2022-11-03 00:00:00+01:00,6.074781487891823,6.230164578198064,6.066924775257163,6.228418827056885,96361,0.0,0.0,0.0
2022-11-04 00:00:00+01:00,6.251988758313344,6.335790648974373,6.160330154231163,6.167313575744629,166355,0.0,0.0,0.0
2022-11-07 00:00:00+01:00,6.16033021320077,6.273811958567619,6.16033021320077,6.266828536987305,72700,0.0,0.0,0.0
2022-11-08 00:00:00+01:00,6.241512260289629,6.241512260289629,6.1708039338622935,6.176041603088379,38071,0.0,0.0,0.0
2022-11-09 00:00:00+01:00,6.181280334295685,6.181280334295685,6.027643398100223,6.041610240936279,12651,0.0,0.0,0.0
2022-11-10 00:00:00+01:00,5.9639183735936845,6.046847802220405,5.894956203801324,5.983123302459717,55966,0.0,0.0,0.0
2022-11-11 00:00:00+01:00,6.112318204081898,6.112318204081898,6.005819882059038,6.038118362426758,46716,0.0,0.0,0.0
2022-11-14 00:00:00+01:00,6.100969241712031,6.12628471376769,6.036371872629756,6.093112945556641,36750,0.0,0.0,0.0
2022-11-15 00:00:00+01:00,6.059068719971033,6.059068719971033,5.992725178970191,6.055576801300049,82390,0.0,0.0,0.0
2022-11-16 00:00:00+01:00,6.1131906661950675,6.132395594235885,6.02327823638916,6.02327823638916,58828,0.0,0.0,0.0
2022-11-17 00:00:00+01:00,6.022405347615984,6.022405347615984,5.93249250175717,5.944713592529297,15030,0.0,0.0,0.0
2022-11-18 00:00:00+01:00,6.012802718778044,6.0346262729512805,5.890591398157464,5.942094802856445,22117,0.0,0.0,0.0
2022-11-21 00:00:00+01:00,5.999709098905461,5.999709098905461,5.753540276078844,5.780601501464844,60165,0.0,0.0,0.0
2022-11-22 00:00:00+01:00,5.9735205776720735,6.060814380645752,5.9534431903004865,6.060814380645752,167810,0.0,0.0,0.0
2022-11-23 00:00:00+01:00,6.114063840903403,6.128903558196439,5.980503887768006,6.0023274421691895,42380,0.0,0.0,0.0
2022-11-24 00:00:00+01:00,6.028516146544199,6.028516146544199,5.968283149491563,5.996217250823975,9692,0.0,0.0,0.0
2022-11-25 00:00:00+01:00,6.0110573080835215,6.07041701249688,6.0110573080835215,6.025897026062012,55649,0.0,0.0,0.0
2022-11-28 00:00:00+01:00,5.928128056699277,5.928128056699277,5.82861315722967,5.89932107925415,86581,0.0,0.0,0.0
2022-11-29 00:00:00+01:00,5.922017252350444,5.975266410454099,5.922017252350444,5.939476013183594,11080,0.0,0.0,0.0
2022-11-30 00:00:00+01:00,6.00232779646703,6.032007649054686,5.977012738267186,5.996217250823975,19088,0.0,0.0,0.0
2022-12-01 00:00:00+01:00,5.992725386399793,5.992725386399793,5.929874178144123,5.940349102020264,65914,0.0,0.0,0.0
2022-12-02 00:00:00+01:00,5.892337282148294,5.900193578677942,5.81202690067976,5.895829200744629,25395,0.0,0.0,0.0
2022-12-05 00:00:00+01:00,5.805044397336859,5.880117120902437,5.770126870852858,5.791077136993408,73724,0.0,0.0,0.0
2022-12-06 00:00:00+01:00,5.7142572298715,5.737826533528775,5.635692606847487,5.637438774108887,41142,0.0,0.0,0.0
2022-12-07 00:00:00+01:00,5.61212353778415,5.6147425806609075,5.5257026153450886,5.556255340576172,27628,0.0,0.0,0.0
2022-12-08 00:00:00+01:00,5.549272451731283,5.658389813726351,5.516973972320557,5.516973972320557,73486,0.0,0.0,0.0
2022-12-09 00:00:00+01:00,5.499514749896572,5.543161441284841,5.46896160805015,5.487293243408203,19343,0.0,0.0,0.0
2022-12-12 00:00:00+01:00,5.429680068026735,5.499515533447266,5.392143916409805,5.499515533447266,14983,0.0,0.0,0.0
2022-12-13 00:00:00+01:00,5.533559547301889,5.612996636054835,5.520465164897832,5.596410751342773,37215,0.0,0.0,0.0
2022-12-14 00:00:00+01:00,5.61561549988007,5.622598920522967,5.535305121862592,5.569349765777588,51351,0.0,0.0,0.0
2022-12-15 00:00:00+01:00,5.53245756041546,5.569779251526908,5.4355998039245605,5.4355998039245605,55058,0.112483,0.0,0.0
2022-12-16 00:00:00+01:00,5.469367072166278,5.469367072166278,5.376063477150603,5.402721405029297,77715,0.0,0.0,0.0
2022-12-19 00:00:00+01:00,5.44715200901046,5.505799960522046,5.44715200901046,5.461369514465332,9340,0.0,0.0,0.0
2022-12-20 00:00:00+01:00,5.420493023328042,5.506687858273005,5.393835097784707,5.4942474365234375,22837,0.0,0.0,0.0
2022-12-21 00:00:00+01:00,5.536012371125065,5.610655332630512,5.529792159642955,5.5991034507751465,19947,0.0,0.0,0.0
2022-12-22 00:00:00+01:00,5.6186527523682015,5.65864006920455,5.541344165802002,5.541344165802002,56693,0.0,0.0,0.0
2022-12-23 00:00:00+01:00,5.512908748403466,5.621318817138672,5.512908748403466,5.621318817138672,10018,0.0,0.0,0.0
2022-12-27 00:00:00+01:00,5.670191661295883,5.712844599336946,5.655973732802118,5.672857284545898,64068,0.0,0.0,0.0
2022-12-28 00:00:00+01:00,5.698626511661873,5.703958181336654,5.587550836924064,5.607100009918213,26212,0.0,0.0,0.0
2022-12-29 00:00:00+01:00,5.569779539563587,5.607100808884964,5.520017423414952,5.591994762420654,61508,0.0,0.0,0.0
2022-12-30 00:00:00+01:00,5.6177641353153644,5.6177641353153644,5.558227643289939,5.575999736785889,28511,0.0,0.0,0.0
2023-01-02 00:00:00+01:00,5.680854662239838,5.733282396504698,5.642644431898969,5.72261905670166,18865,0.0,0.0,0.0
2023-01-03 00:00:00+01:00,5.775935106979029,5.775935106979029,5.57511043548584,5.57511043548584,25963,0.0,0.0,0.0
2023-01-04 00:00:00+01:00,5.49424815737044,5.49424815737044,5.401833099425809,5.4702558517456055,43151,0.0,0.0,0.0
2023-01-05 00:00:00+01:00,5.477364161192725,5.557338789281803,5.451594775376521,5.543120861053467,17728,0.0,0.0,0.0
2023-01-06 00:00:00+01:00,5.591994103936722,5.68885185403108,5.583107846352241,5.656862258911133,119264,0.0,0.0,0.0
2023-01-09 00:00:00+01:00,5.671080366014703,5.710179140850582,5.619541168212891,5.619541168212891,46779,0.0,0.0,0.0
2023-01-10 00:00:00+01:00,5.552895466476864,5.59821444906075,5.544009208679199,5.544009208679199,14911,0.0,0.0,0.0
2023-01-11 00:00:00+01:00,5.586662939206978,5.651531100045966,5.572445010530417,5.617763996124268,40682,0.0,0.0,0.0
2023-01-12 00:00:00+01:00,5.647976646298574,5.710179185332923,5.62131871794109,5.687963962554932,29841,0.0,0.0,0.0
2023-01-13 00:00:00+01:00,5.708401744366431,5.736837178999558,5.663083180898767,5.701292991638184,59088,0.0,0.0,0.0
2023-01-16 00:00:00+01:00,5.72795127881129,5.72795127881129,5.6808552099076115,5.687963962554932,198778,0.0,0.0,0.0
2023-01-17 00:00:00+01:00,5.706624651278867,5.747500509038847,5.679077757824059,5.728839874267578,64226,0.0,0.0,0.0
2023-01-18 00:00:00+01:00,5.728839333740886,5.792818949577309,5.701292442885179,5.735948085784912,11072,0.0,0.0,0.0
2023-01-19 00:00:00+01:00,5.646199195514875,5.655085029813975,5.576887908357453,5.614209175109863,17533,0.0,0.0,0.0
2023-01-20 00:00:00+01:00,5.6870751154724575,5.719064712524414,5.670191564018331,5.719064712524414,33439,0.0,0.0,0.0
2023-01-23 00:00:00+01:00,5.713732598952584,5.771492001097121,5.697738013528,5.751054286956787,53122,0.0,0.0,0.0
2023-01-24 00:00:00+01:00,5.735948688350319,5.735948688350319,5.639090925240265,5.657751560211182,96563,0.0,0.0,0.0
2023-01-25 00:00:00+01:00,5.679966794655988,5.692407217994503,5.5786654782364105,5.630204677581787,20928,0.0,0.0,0.0
2023-01-26 00:00:00+01:00,5.687963519192458,5.746611465471621,5.6870749781458185,5.740391254425049,27692,0.0,0.0,0.0
2023-01-27 00:00:00+01:00,5.822143475692326,5.853244533664998,5.775935947435707,5.792819499969482,57472,0.0,0.0,0.0
2023-01-30 00:00:00+01:00,5.726173708215427,5.735948507820225,5.663971593603422,5.695072650909424,32507,0.0,0.0,0.0
2023-01-31 00:00:00+01:00,5.668414722011403,5.680855144931957,5.576888208598591,5.67463493347168,30662,0.0,0.0,0.0
2023-02-01 00:00:00+01:00,5.711067416923784,5.711067416923784,5.571556300005688,5.586662769317627,67654,0.0,0.0,0.0
2023-02-02 00:00:00+01:00,5.559115968367807,5.583996813551187,5.456926116947309,5.476475715637207,81230,0.0,0.0,0.0
2023-02-03 00:00:00+01:00,5.4658123022703355,5.5715563166086985,5.423159364850856,5.511131286621094,146068,0.0,0.0,0.0
2023-02-06 00:00:00+01:00,5.5057998208339445,5.534235254742387,5.456926246667507,5.503133773803711,35960,0.0,0.0,0.0
2023-02-07 00:00:00+01:00,5.5431209578351535,5.608877658843994,5.536900746539187,5.608877658843994,35733,0.0,0.0,0.0
2023-02-08 00:00:00+01:00,5.659528653656898,5.705736182468606,5.624873007048118,5.630204677581787,27168,0.0,0.0,0.0
2023-02-09 00:00:00+01:00,5.664860313001987,5.686186995094542,5.6230959136708485,5.657751560211182,73165,0.0,0.0,0.0
2023-02-10 00:00:00+01:00,5.64175568983388,5.809702226446993,5.607100048568951,5.799038887023926,69761,0.0,0.0,0.0
2023-02-13 00:00:00+01:00,5.799040110850454,5.82658700622018,5.775936345131361,5.783933639526367,46354,0.0,0.0,0.0
2023-02-14 00:00:00+01:00,5.806148180249976,5.828363402166615,5.782155876170443,5.791930675506592,25277,0.0,0.0,0.0
2023-02-15 00:00:00+01:00,5.772380746750896,5.791041803274647,5.731504893300935,5.743056774139404,34910,0.0,0.0,0.0
2023-02-16 00:00:00+01:00,5.766161132966321,5.77682447387846,5.7288398634939695,5.756386756896973,15877,0.0,0.0,0.0
2023-02-17 00:00:00+01:00,5.689740879354344,5.689740879354344,5.575111028053851,5.585773944854736,14714,0.0,0.0,0.0
2023-02-20 00:00:00+01:00,5.584885323209208,5.591105534470054,5.5448980086922735,5.556449890136719,37915,0.0,0.0,0.0
2023-02-21 00:00:00+01:00,5.5360118257212765,5.568890385830492,5.527125568067943,5.542232036590576,78601,0.0,0.0,0.0
2023-02-22 00:00:00+01:00,5.522683178824725,5.536012142346974,5.472921065304159,5.504022121429443,33078,0.0,0.0,0.0
2023-02-23 00:00:00+01:00,5.538677939979456,5.601769019009044,5.516463141316188,5.5582275390625,31017,0.0,0.0,0.0
2023-02-24 00:00:00+01:00,5.612431709917404,5.614208791911908,5.527125418380059,5.5680012702941895,23257,0.0,0.0,0.0
2023-02-27 00:00:00+01:00,5.605323161036114,5.631092545769141,5.598214409080805,5.610654830932617,10478,0.0,0.0,0.0
2023-02-28 00:00:00+01:00,5.625761233899787,5.654196667250762,5.576888084411621,5.576888084411621,27741,0.0,0.0,0.0
2023-03-01 00:00:00+01:00,5.567113607019418,5.589328830333522,5.495136690253056,5.582220077514648,27996,0.0,0.0,0.0
2023-03-02 00:00:00+01:00,5.585773495599082,5.673745835961816,5.585773495599082,5.665748119354248,7307,0.0,0.0,0.0
2023-03-03 00:00:00+01:00,5.70573616027832,5.7270628423300565,5.598215056327788,5.70573616027832,316903,0.0,0.0,0.0
2023-03-06 00:00:00+01:00,5.726173423266521,5.726173423266521,5.663082770688198,5.694183826446533,16686,0.0,0.0,0.0
2023-03-07 00:00:00+01:00,5.7190644101967285,5.7190644101967285,5.669302723253109,5.681743144989014,108486,0.0,0.0,0.0
2023-03-08 00:00:00+01:00,5.6870755077910875,5.694184260546346,5.62576150894165,5.62576150894165,8503,0.0,0.0,0.0
2023-03-09 00:00:00+01:00,5.631981684236308,5.662194624761501,5.615987096570189,5.64442253112793,29299,0.0,0.0,0.0
2023-03-10 00:00:00+01:00,5.515574034542537,5.556449890136719,5.48269589608381,5.556449890136719,31503,0.0,0.0,0.0
2023-03-13 00:00:00+01:00,5.488916133899593,5.488916133899593,5.211670977891622,5.320969581604004,50992,0.0,0.0,0.0
2023-03-14 00:00:00+01:00,5.319192838696303,5.4311570727943455,5.2569902980995495,5.406276226043701,16877,0.0,0.0,0.0
2023-03-15 00:00:00+01:00,5.347628164386536,5.347628164386536,5.0650513259239105,5.084600925445557,122350,0.0,0.0,0.0
2023-03-16 00:00:00+01:00,5.13791732235799,5.13791732235799,4.978857017827124,5.054388523101807,52055,0.0,0.0,0.0
2023-03-17 00:00:00+01:00,5.133473744192834,5.186790021422513,5.013512226356082,5.035727024078369,36721,0.0,0.0,0.0
2023-03-20 00:00:00+01:00,4.96375056094001,5.091709807316912,4.928206372915331,5.090821266174316,42445,0.0,0.0,0.0
2023-03-21 00:00:00+01:00,5.124587982083059,5.23655220821562,5.116590264967804,5.204562187194824,431767,0.0,0.0,0.0
2023-03-22 00:00:00+01:00,5.217892414367429,5.256102229063613,5.2143378257751465,5.2143378257751465,22902,0.0,0.0,0.0
2023-03-23 00:00:00+01:00,5.156578076333156,5.156578076333156,5.103261793213749,5.108593463897705,13412,0.0,0.0,0.0
2023-03-24 00:00:00+01:00,5.084601091385986,5.084601091385986,4.948644126297968,5.051722526550293,16728,0.0,0.0,0.0
2023-03-27 00:00:00+02:00,5.106815801476395,5.139693939285876,5.067717028808793,5.111258506774902,45288,0.0,0.0,0.0
2023-03-28 00:00:00+02:00,5.181459258387116,5.220558038021506,5.147692573501242,5.2143378257751465,18514,0.0,0.0,0.0
2023-03-29 00:00:00+02:00,5.2649872119565915,5.293422218918815,5.246326156022526,5.272984504699707,17531,0.0,0.0,0.0
2023-03-30 00:00:00+02:00,5.319192573415266,5.343184877831138,5.27920525814877,5.286314010620117,20815,0.0,0.0,0.0
2023-03-31 00:00:00+02:00,5.294311604141603,5.323635578155518,5.2863138870431925,5.323635578155518,54344,0.0,0.0,0.0
2023-04-03 00:00:00+02:00,5.526236924044843,5.587550914293795,5.501356081031393,5.544897556304932,72828,0.0,0.0,0.0
2023-04-04 00:00:00+02:00,5.557338763765743,5.598214618689354,5.442708492279053,5.442708492279053,34529,0.0,0.0,0.0
2023-04-05 00:00:00+02:00,5.435599707162966,5.4862499371895455,5.435599707162966,5.481807231903076,30273,0.0,0.0,0.0
2023-04-06 00:00:00+02:00,5.533346298192313,5.553784013195707,5.4960246086120605,5.4960246086120605,16729,0.0,0.0,0.0
2023-04-11 00:00:00+02:00,5.5715566575771405,5.5715566575771405,5.502245365203702,5.552896022796631,26468,0.0,0.0,0.0
2023-04-12 00:00:00+02:00,5.566224493441957,5.586662632379485,5.536900520324707,5.536900520324707,2423,0.0,0.0,0.0
2023-04-13 00:00:00+02:00,5.512908191011706,5.537789035060839,5.49691318110008,5.528014659881592,12669,0.0,0.0,0.0
2023-04-14 00:00:00+02:00,5.561782360076904,5.587552173623221,5.525349628350229,5.561782360076904,18551,0.0,0.0,0.0
2023-04-17 00:00:00+02:00,5.6053237626390935,5.6053237626390935,5.552896022796631,5.552896022796631,68555,0.0,0.0,0.0
2023-04-18 00:00:00+02:00,5.558227588763341,5.558227588763341,5.508465473230772,5.535123825073242,25572,0.0,0.0,0.0
2023-04-19 00:00:00+02:00,5.542233133232903,5.542233133232903,5.476476423723272,5.500468730926514,10918,0.0,0.0,0.0
2023-04-20 00:00:00+02:00,5.479140892681298,5.479140892681298,5.429379206366958,5.437376499176025,14133,0.0,0.0,0.0
2023-04-21 00:00:00+02:00,5.445374553269085,5.4915820820038626,5.43382267108539,5.438265800476074,78790,0.0,0.0,0.0
2023-04-24 00:00:00+02:00,5.403610500014014,5.475587844848633,5.400056335249943,5.475587844848633,13184,0.0,0.0,0.0
2023-04-25 00:00:00+02:00,5.4702549751187615,5.4702549751187615,5.392945976360943,5.408052444458008,48210,0.0,0.0,0.0
2023-04-26 00:00:00+02:00,5.399167549143551,5.427602560846931,5.319192913497389,5.392058372497559,14138,0.0,0.0,0.0
2023-04-27 00:00:00+02:00,5.323635682906238,5.357402362950224,5.319192553733041,5.341407775878906,94924,0.0,0.0,0.0
2023-04-28 00:00:00+02:00,5.3565137312301605,5.451594829559326,5.316526416788192,5.451594829559326,18916,0.0,0.0,0.0
2023-05-02 00:00:00+02:00,5.418716152091583,5.421381775261583,5.16279768408692,5.166352272033691,77643,0.0,0.0,0.0
2023-05-03 00:00:00+02:00,5.199230557733334,5.199230557733334,5.089932377690118,5.097041130065918,95120,0.0,0.0,0.0
2023-05-04 00:00:00+02:00,5.137916944444112,5.137916944444112,5.056165233481388,5.072160243988037,36174,0.0,0.0,0.0
2023-05-05 00:00:00+02:00,5.102372760327525,5.228554491100366,5.098818172307399,5.204562187194824,27230,0.0,0.0,0.0
2023-05-08 00:00:00+02:00,5.2312208262822395,5.283648566077184,5.21966894423047,5.248992919921875,38842,0.0,0.0,0.0
2023-05-09 00:00:00+02:00,5.213448357164195,5.2338860727037675,5.185012924644703,5.223222732543945,14622,0.0,0.0,0.0
2023-05-10 00:00:00+02:00,5.241883421711355,5.278316144933139,5.173460680255755,5.193009853363037,13646,0.0,0.0,0.0
2023-05-11 00:00:00+02:00,5.23832891879509,5.239217459807066,5.115701361020607,5.153911590576172,42314,0.0,0.0,0.0
2023-05-12 00:00:00+02:00,5.13436263671061,5.204562470092994,5.1308084722174065,5.185013294219971,9423,0.0,0.0,0.0
2023-05-15 00:00:00+02:00,5.1912327611560825,5.205450264529761,5.168129000383799,5.2001190185546875,16350,0.0,0.0,0.0
2023-05-16 00:00:00+02:00,5.16901806856957,5.197453501937141,5.100595320270107,5.105926990509033,30001,0.0,0.0,0.0
2023-05-17 00:00:00+02:00,5.096152428623955,5.150357246398926,5.089043676471846,5.150357246398926,26819,0.0,0.0,0.0
2023-05-18 00:00:00+02:00,5.175238187248351,5.214336960393833,5.168129434963748,5.195676326751709,6826,0.0,0.0,0.0
2023-05-19 00:00:00+02:00,5.24010612968977,5.2925338641664865,5.2285542488098145,5.2285542488098145,28635,0.0,0.0,0.0
2023-05-22 00:00:00+02:00,5.226778196291527,5.258768222131175,5.208117559745155,5.257879257202148,30269,0.0,0.0,0.0
2023-05-23 00:00:00+02:00,5.225000442745073,5.331633001073718,5.225000442745073,5.329855918884277,26061,0.0,0.0,0.0
2023-05-24 00:00:00+02:00,5.3023090373114306,5.322746753692627,5.26321026302203,5.322746753692627,9764,0.0,0.0,0.0
2023-05-25 00:00:00+02:00,5.296977303707472,5.3094177263508495,5.197453498840332,5.197453498840332,33130,0.0,0.0,0.0
2023-05-26 00:00:00+02:00,5.213448484963821,5.233886201004392,5.195676392168496,5.209005355834961,41942,0.0,0.0,0.0
2023-05-29 00:00:00+02:00,5.219668131755965,5.229442930038302,5.201896040882668,5.227665424346924,26079,0.0,0.0,0.0
2023-05-30 00:00:00+02:00,5.225000646897582,5.232109399653222,5.1165905784235495,5.125476837158203,13284,0.0,0.0,0.0
2023-05-31 00:00:00+02:00,5.110370014370109,5.134362318090897,5.042836232268662,5.0881547927856445,11035,0.0,0.0,0.0
2023-06-01 00:00:00+02:00,5.10948204357699,5.133474349975586,5.0543886777209845,5.133474349975586,42413,0.0,0.0,0.0
2023-06-02 00:00:00+02:00,5.160132374322905,5.2463267941361655,5.146802986503015,5.240106582641602,1552,0.0,0.0,0.0
2023-06-05 00:00:00+02:00,5.328078849869582,5.348516991604538,5.251658801095706,5.2614336013793945,70203,0.0,0.0,0.0
2023-06-06 00:00:00+02:00,5.233885774124535,5.2872020481619915,5.184124087844276,5.277427673339844,8545,0.0,0.0,0.0
2023-06-07 00:00:00+02:00,5.2836482818422885,5.3805060386657715,5.272096400411955,5.3805060386657715,14051,0.0,0.0,0.0
2023-06-08 00:00:00+02:00,5.397390015492376,5.426713991916505,5.339630603790283,5.339630603790283,65138,0.0,0.0,0.0
2023-06-09 00:00:00+02:00,5.365400260708365,5.373397554513068,5.325412944244581,5.344962120056152,24103,0.0,0.0,0.0
2023-06-12 00:00:00+02:00,5.3360759037084335,5.3360759037084335,5.2658760755645995,5.278316497802734,39256,0.0,0.0,0.0
2023-06-13 00:00:00+02:00,5.266765031799804,5.383172393844569,5.264987949545727,5.349405288696289,19496,0.0,0.0,0.0
2023-06-14 00:00:00+02:00,5.304975019478134,5.350294008229352,5.268542289733887,5.268542289733887,34751,0.0,0.0,0.0
2023-06-15 00:00:00+02:00,5.245409202384095,5.28890935731,5.200096234906268,5.282565593719482,34399,0.115474,0.0,0.0
2023-06-16 00:00:00+02:00,5.255377614146727,5.273502714322016,5.2091588895884495,5.251752853393555,60146,0.0,0.0,0.0
2023-06-19 00:00:00+02:00,5.239970962312693,5.267158393631108,5.235439579714147,5.245408535003662,31260,0.0,0.0,0.0
2023-06-20 00:00:00+02:00,5.234534363440069,5.257190848511319,5.142096042633057,5.142096042633057,4564,0.0,0.0,0.0
2023-06-21 00:00:00+02:00,5.154783476727498,5.216408729553223,5.143908330432025,5.216408729553223,20911,0.0,0.0,0.0
2023-06-22 00:00:00+02:00,5.169283397038323,5.169283397038323,5.107658144053552,5.126689434051514,8801,0.0,0.0,0.0
2023-06-23 00:00:00+02:00,5.0478451586499515,5.122157936640005,5.0478451586499515,5.095876693725586,72811,0.0,0.0,0.0
2023-06-26 00:00:00+02:00,5.117626902077989,5.154783725738525,5.060533029473433,5.154783725738525,1769,0.0,0.0,0.0
2023-06-27 00:00:00+02:00,5.18015890226059,5.18015890226059,5.11128325886388,5.1384711265563965,8325,0.0,0.0,0.0
2023-06-28 00:00:00+02:00,5.140283298742427,5.1774396896362305,5.116720625075825,5.1774396896362305,39038,0.0,0.0,0.0
2023-06-29 00:00:00+02:00,5.19556447090318,5.239065054777034,5.19284590047929,5.203721046447754,12667,0.0,0.0,0.0
2023-06-30 00:00:00+02:00,5.281659403511763,5.3025030746987545,5.259909109980569,5.282565593719482,34882,0.0,0.0,0.0
2023-07-03 00:00:00+02:00,5.305221397719936,5.36322188494741,5.3015962052170575,5.339659214019775,54835,0.0,0.0,0.0
2023-07-04 00:00:00+02:00,5.338752591791734,5.350533927255551,5.323346495961467,5.339659214019775,1438,0.0,0.0,0.0
2023-07-05 00:00:00+02:00,5.326065827703263,5.328784830503265,5.288003245595172,5.297972202301025,13763,0.0,0.0,0.0
2023-07-06 00:00:00+02:00,5.2771275574684795,5.2771275574684795,5.145720481872559,5.145720481872559,38305,0.0,0.0,0.0
2023-07-07 00:00:00+02:00,5.15568943406927,5.1973772048950195,5.1303139498136145,5.1973772048950195,12383,0.0,0.0,0.0
2023-07-10 00:00:00+02:00,5.207345687533492,5.249033458031798,5.201908114674022,5.220033645629883,9926,0.0,0.0,0.0
2023-07-11 00:00:00+02:00,5.233627035900125,5.31247118924947,5.226377083250979,5.3088459968566895,27328,0.0,0.0,0.0
2023-07-12 00:00:00+02:00,5.32606546259349,5.3704722374786025,5.324253082275391,5.324253082275391,3128,0.0,0.0,0.0
2023-07-13 00:00:00+02:00,5.353253292370819,5.353253292370819,5.304315567016602,5.304315567016602,22307,0.0,0.0,0.0
2023-07-14 00:00:00+02:00,5.290721472656117,5.290721472656117,5.154783441306207,5.191939830780029,27417,0.0,0.0,0.0
2023-07-17 00:00:00+02:00,5.138470528710231,5.171095534008929,5.138470528710231,5.145720481872559,15910,0.0,0.0,0.0
2023-07-18 00:00:00+02:00,5.125783307435586,5.225471141652316,5.116720541341443,5.222752571105957,6011,0.0,0.0,0.0
2023-07-19 00:00:00+02:00,5.208252028693833,5.252658367156982,5.19284550106744,5.252658367156982,39576,0.0,0.0,0.0
2023-07-20 00:00:00+02:00,5.248127532507015,5.317003170775186,5.248127532507015,5.301596641540527,40429,0.0,0.0,0.0
2023-07-21 00:00:00+02:00,5.3450969451319175,5.379534765236681,5.335128420886364,5.370472431182861,15370,0.0,0.0,0.0
2023-07-24 00:00:00+02:00,5.382253939673073,5.496442118067907,5.382253939673073,5.492816925048828,29191,0.0,0.0,0.0
2023-07-25 00:00:00+02:00,5.491910734828181,5.4973483082885535,5.464723299662811,5.492816925048828,113013,0.0,0.0,0.0
2023-07-26 00:00:00+02:00,5.492816290203444,5.492816290203444,5.4493161396845915,5.475597381591797,10313,0.0,0.0,0.0
2023-07-27 00:00:00+02:00,5.482848158542888,5.525442121989178,5.442972765638575,5.511847972869873,48945,0.0,0.0,0.0
2023-07-28 00:00:00+02:00,5.5000669670532965,5.507317353207593,5.422128989054834,5.4610981941223145,17839,0.0,0.0,0.0
2023-07-31 00:00:00+02:00,5.482848076090961,5.5716607623706,5.473785310147711,5.566223621368408,26181,0.0,0.0,0.0
2023-08-01 00:00:00+02:00,5.58797316290369,5.597942118445084,5.507316624866544,5.5227227210998535,83206,0.0,0.0,0.0
2023-08-02 00:00:00+02:00,5.537222825688707,5.551722731194815,5.455659668841689,5.465628623962402,63116,0.0,0.0,0.0
2023-08-03 00:00:00+02:00,5.468347385646488,5.549910545349121,5.4420661439453735,5.549910545349121,9788,0.0,0.0,0.0
2023-08-04 00:00:00+02:00,5.5227231473736955,5.583442211151123,5.5227231473736955,5.583442211151123,6096,0.0,0.0,0.0
2023-08-07 00:00:00+02:00,5.5490049100073096,5.572567583737707,5.535410760606824,5.556254863739014,38353,0.0,0.0,0.0
2023-08-08 00:00:00+02:00,5.497348023663044,5.534504413604736,5.455660250716238,5.534504413604736,5614,0.0,0.0,0.0
2023-08-09 00:00:00+02:00,5.578004902565546,5.685849309830573,5.578004902565546,5.669536590576172,22791,0.0,0.0,0.0
2023-08-10 00:00:00+02:00,5.6813173283416685,5.696723423678423,5.6595670382939955,5.676785945892334,43472,0.0,0.0,0.0
2023-08-11 00:00:00+02:00,5.649598591519956,5.725723743438721,5.636004443988958,5.725723743438721,12451,0.0,0.0,0.0
2023-08-14 00:00:00+02:00,5.7157560607929865,5.738412112402632,5.69581814767088,5.703974723815918,15119,0.0,0.0,0.0
2023-08-15 00:00:00+02:00,5.736599581121341,5.736599581121341,5.603380117045058,5.635098934173584,56444,0.0,0.0,0.0
2023-08-16 00:00:00+02:00,5.608817569551815,5.6441615787927075,5.599754803632193,5.642348766326904,14735,0.0,0.0,0.0
2023-08-17 00:00:00+02:00,5.6160666954561,5.696723226000655,5.609722933101728,5.6867547035217285,15801,0.0,0.0,0.0
2023-08-18 00:00:00+02:00,5.659566841905564,5.6867547035217285,5.6287542201648435,5.6867547035217285,16961,0.0,0.0,0.0
2023-08-21 00:00:00+02:00,5.7103181732353585,5.738411796683866,5.673161783932426,5.674067974090576,25070,0.0,0.0,0.0
2023-08-22 00:00:00+02:00,5.662287069964166,5.701255842557887,5.655036683872619,5.692193508148193,12127,0.0,0.0,0.0
2023-08-23 00:00:00+02:00,5.66228684359957,5.680411943830852,5.578005105917282,5.616973876953125,30263,0.0,0.0,0.0
2023-08-24 00:00:00+02:00,5.638724404434086,5.644161977943107,5.612442727117734,5.636005401611328,54293,0.0,0.0,0.0
2023-08-25 00:00:00+02:00,5.667724609375,5.672255560484348,5.634192978346881,5.667724609375,3028,0.0,0.0,0.0
2023-08-28 00:00:00+02:00,5.690380453515567,5.742037183504018,5.671349163141866,5.715755939483643,43379,0.0,0.0,0.0
2023-08-29 00:00:00+02:00,5.7311618800067015,5.7365994531269076,5.700349253749839,5.703068256378174,9155,0.0,0.0,0.0
2023-08-30 00:00:00+02:00,5.72753695492577,5.734786908165761,5.718474189273444,5.723911762237549,13726,0.0,0.0,0.0
2023-08-31 00:00:00+02:00,5.730255761172986,5.78553725109069,5.730255761172986,5.7520060539245605,41678,0.0,0.0,0.0
2023-09-01 00:00:00+02:00,5.799131695262971,5.872538288830701,5.799131695262971,5.862569332122803,71642,0.0,0.0,0.0
2023-09-04 00:00:00+02:00,5.911507140024262,5.911507140024262,5.877975940704346,5.877975940704346,15272,0.0,0.0,0.0
2023-09-05 00:00:00+02:00,5.914225882900375,5.992163857325251,5.877975682337013,5.9867262840271,11416,0.0,0.0,0.0
2023-09-06 00:00:00+02:00,5.955913586083667,5.976757256698836,5.9205695761333414,5.933257102966309,50124,0.0,0.0,0.0
2023-09-07 00:00:00+02:00,5.926006909940546,5.97585082507573,5.910600381044994,5.965882301330566,217984,0.0,0.0,0.0
2023-09-08 00:00:00+02:00,5.939600577802553,6.022069930346475,5.930538244277794,6.017538547515869,12887,0.0,0.0,0.0
2023-09-11 00:00:00+02:00,6.003945202665232,6.045632976586112,5.948663711547852,5.948663711547852,89969,0.0,0.0,0.0
2023-09-12 00:00:00+02:00,5.936882631302478,6.034758090765312,5.936882631302478,6.030226707458496,17079,0.0,0.0,0.0
2023-09-13 00:00:00+02:00,6.029320205732522,6.064664215854017,6.008476535016409,6.013914108276367,124079,0.0,0.0,0.0
2023-09-14 00:00:00+02:00,6.003945562832886,6.139884039362064,6.003945562832886,6.126290321350098,13525,0.0,0.0,0.0
2023-09-15 00:00:00+02:00,6.16344635575949,6.173414880057862,6.100008288500712,6.105445861816406,38443,0.0,0.0,0.0
2023-09-18 00:00:00+02:00,6.116320373081927,6.119038943389128,6.071913600972833,6.092757701873779,15892,0.0,0.0,0.0
2023-09-19 00:00:00+02:00,6.099102019355869,6.128102265952024,6.08641449249564,6.090039253234863,15758,0.0,0.0,0.0
2023-09-20 00:00:00+02:00,6.055601717552079,6.055601717552079,6.001226418564208,6.043820381164551,88508,0.0,0.0,0.0
2023-09-21 00:00:00+02:00,6.008476498320459,6.038382934999345,5.960444961597897,5.975851058959961,16207,0.0,0.0,0.0
2023-09-22 00:00:00+02:00,5.966788327340237,6.003038525011633,5.945038035882821,5.982194423675537,27580,0.0,0.0,0.0
2023-09-25 00:00:00+02:00,5.964975906480158,6.041101499441272,5.955913572535713,6.032039165496826,48910,0.0,0.0,0.0
2023-09-26 00:00:00+02:00,6.019351361977372,6.034757458615638,5.992163497120944,6.031132698059082,22935,0.0,0.0,0.0
2023-09-27 00:00:00+02:00,6.0519762326174,6.167977210567636,6.049257662260648,6.166164398193359,15220,0.0,0.0,0.0
2023-09-28 00:00:00+02:00,6.225071594817559,6.232321548508073,6.175227677041734,6.1996965408325195,32287,0.0,0.0,0.0
2023-09-29 00:00:00+02:00,6.176133847316688,6.19607132793542,6.062851862807145,6.080976963043213,19479,0.0,0.0,0.0
2023-10-02 00:00:00+02:00,6.093664425312081,6.100914378902257,5.950476005326111,5.975851058959961,107274,0.0,0.0,0.0
2023-10-03 00:00:00+02:00,5.974038407626694,5.981288360888027,5.935975828902358,5.936882019042969,32131,0.0,0.0,0.0
2023-10-04 00:00:00+02:00,5.920569562235103,5.952288379243064,5.748380895938444,5.77194356918335,146899,0.0,0.0,0.0
2023-10-05 00:00:00+02:00,5.747473322705747,5.784629703993385,5.694004225680962,5.762879848480225,43848,0.0,0.0,0.0
2023-10-06 00:00:00+02:00,5.753817954648375,5.766505480317031,5.70669261237255,5.7384114265441895,22741,0.0,0.0,0.0
2023-10-09 00:00:00+02:00,5.864381733874371,5.9722261411175666,5.836287678298,5.958631992340088,125295,0.0,0.0,0.0
2023-10-10 00:00:00+02:00,5.953194377694716,5.981288433074951,5.9341630881028635,5.981288433074951,35245,0.0,0.0,0.0
2023-10-11 00:00:00+02:00,5.985819915210918,6.03928902426678,5.848069070753463,5.864381790161133,58674,0.0,0.0,0.0
2023-10-12 00:00:00+02:00,5.941412844021311,5.99035056411093,5.927818696779208,5.9731316566467285,35104,0.0,0.0,0.0
2023-10-13 00:00:00+02:00,5.991257575521469,6.081883075544152,5.991257575521469,6.079164505004883,103695,0.0,0.0,0.0
2023-10-16 00:00:00+02:00,6.1181329536492255,6.141695625629026,6.071007609689624,6.091851711273193,56852,0.0,0.0,0.0
2023-10-17 00:00:00+02:00,6.086414572066577,6.153477400120168,6.078257996023742,6.114508628845215,41440,0.0,0.0,0.0
2023-10-18 00:00:00+02:00,6.148945682006889,6.2033209800720215,6.148945682006889,6.2033209800720215,71515,0.0,0.0,0.0
2023-10-19 00:00:00+02:00,6.1987899142115,6.1987899142115,6.104539226461113,6.172508239746094,73212,0.0,0.0,0.0
2023-10-20 00:00:00+02:00,6.145320334019075,6.16525781176297,6.059225796209594,6.078257083892822,124687,0.0,0.0,0.0
2023-10-23 00:00:00+02:00,6.037475984933491,6.040194555136467,5.958631399137335,5.984006881713867,34450,0.0,0.0,0.0
2023-10-24 00:00:00+02:00,5.941413479058859,5.998507347886988,5.9341630935668945,5.9341630935668945,118329,0.0,0.0,0.0
2023-10-25 00:00:00+02:00,5.916037999644453,5.946850625536524,5.887037754058838,5.887037754058838,104857,0.0,0.0,0.0
2023-10-26 00:00:00+02:00,5.917850613057297,5.941413284794616,5.845349785463392,5.897006511688232,82663,0.0,0.0,0.0
2023-10-27 00:00:00+02:00,5.9350695051351785,5.97403870809657,5.786443943325013,5.791881084442139,76507,0.0,0.0,0.0
2023-10-30 00:00:00+01:00,5.837193735261839,5.837193735261839,5.735693093576274,5.7710371017456055,62909,0.0,0.0,0.0
2023-10-31 00:00:00+01:00,5.77194344904244,5.802756075228316,5.754724539557532,5.7882561683654785,76317,0.0,0.0,0.0
2023-11-01 00:00:00+01:00,5.810912404056767,5.872537653810106,5.7955058755502105,5.849881172180176,464377,0.0,0.0,0.0
2023-11-02 00:00:00+01:00,5.826318259901408,5.922381323195594,5.78100573064861,5.920568943023682,80628,0.0,0.0,0.0
2023-11-03 00:00:00+01:00,5.950476354940325,5.9604453117978276,5.824506837415106,5.830850601196289,135665,0.0,0.0,0.0
2023-11-06 00:00:00+01:00,5.829037586466598,5.855318828966618,5.813631057739258,5.813631057739258,15599,0.0,0.0,0.0
2023-11-07 00:00:00+01:00,5.758349706916985,5.761974467548459,5.660473823547363,5.660473823547363,82335,0.0,0.0,0.0
2023-11-08 00:00:00+01:00,5.651411418691743,5.674974091045556,5.608817456852879,5.620598793029785,37129,0.0,0.0,0.0
2023-11-09 00:00:00+01:00,5.600660484676726,5.6459734458828,5.582535386621582,5.626942157745361,141408,0.0,0.0,0.0
2023-11-10 00:00:00+01:00,5.6505054632553255,5.665005370473912,5.618786213992902,5.63056755065918,78409,0.0,0.0,0.0
2023-11-13 00:00:00+01:00,5.644161376175865,5.7003490535964945,5.627848657388025,5.6994428634643555,76189,0.0,0.0,0.0
2023-11-14 00:00:00+01:00,5.702161675620991,5.709412061258399,5.665911475979821,5.675880432128906,79380,0.0,0.0,0.0
2023-11-15 00:00:00+01:00,5.683130819037517,5.709412496670366,5.653224380446,5.694005966186523,190293,0.0,0.0,0.0
2023-11-16 00:00:00+01:00,5.656848637805867,5.656848637805867,5.519097805023193,5.519097805023193,36193,0.0,0.0,0.0
2023-11-17 00:00:00+01:00,5.572567489648364,5.63056755065918,5.559879962797984,5.63056755065918,56057,0.0,0.0,0.0
2023-11-20 00:00:00+01:00,5.650505022028507,5.6849424070176795,5.637817496168848,5.655035972595215,62829,0.0,0.0,0.0
2023-11-21 00:00:00+01:00,5.6341926663069355,5.6341926663069355,5.593411083625987,5.633286476135254,38128,0.0,0.0,0.0
2023-11-22 00:00:00+01:00,5.654129627094398,5.65956719976145,5.528160129936618,5.5952229499816895,19545,0.0,0.0,0.0
2023-11-23 00:00:00+01:00,5.60338031494638,5.629661559761583,5.602474124730199,5.6251301765441895,21266,0.0,0.0,0.0
2023-11-24 00:00:00+01:00,5.627848663242408,5.673161626988062,5.624223470573633,5.661380290985107,40340,0.0,0.0,0.0
2023-11-27 00:00:00+01:00,5.611536225092878,5.623317561685064,5.590692554580187,5.606098651885986,27080,0.0,0.0,0.0
2023-11-28 00:00:00+01:00,5.608817966202716,5.637818214205332,5.600661389870937,5.636005401611328,97432,0.0,0.0,0.0
2023-11-29 00:00:00+01:00,5.618785664811636,5.635098382940491,5.584348280499293,5.590692043304443,103074,0.0,0.0,0.0
2023-11-30 00:00:00+01:00,5.596130448671351,5.708505815693494,5.592505255613396,5.59794282913208,157005,0.0,0.0,0.0
2023-12-01 00:00:00+01:00,5.679505420523212,5.729349335201655,5.649598985288855,5.723911762237549,38732,0.0,0.0,0.0
2023-12-04 00:00:00+01:00,5.723911762237549,5.723911762237549,5.723911762237549,5.723911762237549,0,0.0,0.0,0.0
2023-12-05 00:00:00+01:00,5.723911762237549,5.723911762237549,5.723911762237549,5.723911762237549,0,0.0,0.0,0.0
2023-12-06 00:00:00+01:00,5.723911762237549,5.723911762237549,5.723911762237549,5.723911762237549,0,0.0,0.0,0.0
2023-12-07 00:00:00+01:00,5.527254267097301,5.548098368911177,5.497347831726074,5.497347831726074,26010,0.0,0.0,0.0
2023-12-08 00:00:00+01:00,5.510941819645548,5.564410929891257,5.483754385497563,5.554442405700684,25165,0.0,0.0,0.0
2023-12-11 00:00:00+01:00,5.589786294257099,5.589786294257099,5.5426609484797185,5.566223621368408,91500,0.0,0.0,0.0
2023-12-12 00:00:00+01:00,5.55534816251157,5.570754258757197,5.476504004642026,5.480128765106201,196843,0.0,0.0,0.0
2023-12-13 00:00:00+01:00,5.470159612355637,5.492816092985722,5.462003469468834,5.490097522735596,255447,0.0,0.0,0.0
2023-12-14 00:00:00+01:00,5.520665778657308,5.567701295645351,5.493919894199555,5.566778659820557,101982,0.105144,0.0,0.0
2023-12-15 00:00:00+01:00,5.604591769426474,5.634104242013787,5.557556252497656,5.565856456756592,30577,0.0,0.0,0.0
2023-12-18 00:00:00+01:00,5.581534760093081,5.6792945720575,5.581534760093081,5.6442484855651855,227368,0.0,0.0,0.0
2023-12-19 00:00:00+01:00,5.63871476200492,5.63871476200492,5.6073578998684015,5.635025978088379,44898,0.0,0.0,0.0
2023-12-20 00:00:00+01:00,5.663616035117779,5.6940507024713485,5.663616035117779,5.687594890594482,19321,0.0,0.0,0.0
2023-12-21 00:00:00+01:00,5.640559644678656,5.653471268041537,5.565856052694575,5.603669166564941,41647,0.0,0.0,0.0
2023-12-22 00:00:00+01:00,5.644248478496833,5.650704290235312,5.623958847285783,5.643326282501221,49296,0.0,0.0,0.0
2023-12-27 00:00:00+01:00,5.682983547878694,5.682983547878694,5.625803000881845,5.626725196838379,68017,0.0,0.0,0.0
2023-12-28 00:00:00+01:00,5.619347544791681,5.619347544791681,5.57415686167938,5.582457065582275,77174,0.0,0.0,0.0
2023-12-29 00:00:00+01:00,5.565855662911269,5.586145732291307,5.560322047604819,5.57692289352417,8287,0.0,0.0,0.0
2024-01-02 00:00:00+01:00,5.635025855564708,5.676527752107697,5.622114232599186,5.661771297454834,58667,0.0,0.0,0.0
2024-01-03 00:00:00+01:00,5.657160516947376,5.709729650476154,5.6368708842480055,5.706963062286377,121554,0.0,0.0,0.0
2024-01-04 00:00:00+01:00,5.776131974968423,5.776131974968423,5.697739601135254,5.697739601135254,60381,0.0,0.0,0.0
2024-01-05 00:00:00+01:00,5.686672738681335,5.709729398321471,5.679294730731869,5.6885175704956055,7789,0.0,0.0,0.0
2024-01-08 00:00:00+01:00,5.660849349052988,5.660849349052988,5.5151318266851295,5.541877269744873,58009,0.0,0.0,0.0
2024-01-09 00:00:00+01:00,5.599057812261767,5.630414675047789,5.532654862927583,5.540955066680908,57870,0.0,0.0,0.0
2024-01-10 00:00:00+01:00,5.533577183834811,5.546488807639967,5.477319268749714,5.481008052825928,20870,0.0,0.0,0.0
2024-01-11 00:00:00+01:00,5.49023049478785,5.530810195070632,5.478241067870381,5.486541271209717,675375,0.0,0.0,0.0
2024-01-12 00:00:00+01:00,5.53081028358733,5.574156572420561,5.515131632840802,5.526198863983154,26250,0.0,0.0,0.0
2024-01-15 00:00:00+01:00,5.553866270856647,5.553866270856647,5.5234316063667945,5.543721675872803,15124,0.0,0.0,0.0
2024-01-16 00:00:00+01:00,5.52158808848771,5.57415722266163,5.501298455539342,5.5049872398376465,100304,0.0,0.0,0.0
2024-01-17 00:00:00+01:00,5.436739735175783,5.436739735175783,5.382326210430865,5.42198371887207,65247,0.0,0.0,0.0
2024-01-18 00:00:00+01:00,5.400770873324387,5.410915908304392,5.369414012204297,5.380481243133545,177493,0.0,0.0,0.0
2024-01-19 00:00:00+01:00,5.396159880735095,5.416449952300388,5.378636837005615,5.378636837005615,14835,0.0,0.0,0.0
2024-01-22 00:00:00+01:00,5.391548076573995,5.394314664217757,5.350968379414858,5.386014461517334,15000,0.0,0.0,0.0
2024-01-23 00:00:00+01:00,5.413682850700189,5.44596234965271,5.398926835007583,5.440428733825684,25585,0.0,0.0,0.0
2024-01-24 00:00:00+01:00,5.43950653460374,5.473630428314209,5.425672713810516,5.473630428314209,22640,0.0,0.0,0.0
2024-01-25 00:00:00+01:00,5.4846973896041415,5.544644529769,5.4846973896041415,5.524354457855225,16456,0.0,0.0,0.0
2024-01-26 00:00:00+01:00,5.599979689444264,5.62949215855362,5.58522367477417,5.58522367477417,186746,0.0,0.0,0.0
2024-01-29 00:00:00+01:00,5.660849332814575,5.671916564314168,5.623036658331959,5.6442484855651855,30814,0.0,0.0,0.0
2024-01-30 00:00:00+01:00,5.645170840219128,5.65531587600708,5.603669380583047,5.65531587600708,35718,0.0,0.0,0.0
2024-01-31 00:00:00+01:00,5.699584269228174,5.704195689034549,5.643326354851828,5.647937774658203,80735,0.0,0.0,0.0
2024-02-01 00:00:00+01:00,5.644248564958499,5.676528063914562,5.644248564958499,5.649782180786133,16697,0.0,0.0,0.0
2024-02-02 00:00:00+01:00,5.612891515512397,5.64609320937637,5.584301241313284,5.635025978088379,27807,0.0,0.0,0.0
2024-02-05 00:00:00+01:00,5.608280066831179,5.615658514164455,5.558477966062072,5.598135471343994,51655,0.0,0.0,0.0
2024-02-06 00:00:00+01:00,5.608280339738072,5.657160246911382,5.608280339738072,5.6525492668151855,77428,0.0,0.0,0.0
2024-02-07 00:00:00+01:00,5.630414564915699,5.648859803827225,5.591679695132251,5.602746486663818,17043,0.0,0.0,0.0
2024-02-08 00:00:00+01:00,5.5935243826131344,5.649782298300162,5.568623330755447,5.622114658355713,51615,0.0,0.0,0.0
2024-02-09 00:00:00+01:00,5.633181051336354,5.671916360190908,5.594446182250977,5.594446182250977,46269,0.0,0.0,0.0
2024-02-12 00:00:00+01:00,5.575078391237892,5.644247921544561,5.575078391237892,5.637792110443115,10071,0.0,0.0,0.0
2024-02-13 00:00:00+01:00,5.6543934413758885,5.681138883981965,5.6230365790817745,5.638714790344238,66281,0.0,0.0,0.0
2024-02-14 00:00:00+01:00,5.635026115972549,5.667305174878043,5.596290805516761,5.6101250648498535,54382,0.0,0.0,0.0
2024-02-15 00:00:00+01:00,5.605513929555629,5.668227658545979,5.558478412928258,5.666383266448975,65690,0.0,0.0,0.0
2024-02-16 00:00:00+01:00,5.701429235473922,5.737397519227365,5.6931285916728465,5.72725248336792,57440,0.0,0.0,0.0
2024-02-19 00:00:00+01:00,5.710651542339296,5.731863809741194,5.702351338442884,5.719874382019043,10791,0.0,0.0,0.0
2024-02-20 00:00:00+01:00,5.706962985094419,5.722641197496207,5.652549460175116,5.668227672576904,18422,0.0,0.0,0.0
2024-02-21 00:00:00+01:00,5.6534710460872555,5.734630006797302,5.6350258077545545,5.726329803466797,33139,0.0,0.0,0.0
2024-02-22 00:00:00+01:00,5.732786371571451,5.750309416265777,5.723563531303182,5.748464584350586,13650,0.0,0.0,0.0
2024-02-23 00:00:00+01:00,5.733708143382969,5.733708143382969,5.694050636794609,5.71710729598999,20504,0.0,0.0,0.0
2024-02-26 00:00:00+01:00,5.7032730078148175,5.736474260103851,5.674682735170677,5.718029022216797,20776,0.0,0.0,0.0
2024-02-27 00:00:00+01:00,5.712495702980375,5.742930808829233,5.694050464137213,5.704195499420166,41264,0.0,0.0,0.0
2024-02-28 00:00:00+01:00,5.706039557323258,5.731863242007227,5.675604893025329,5.680216312408447,19350,0.0,0.0,0.0
2024-02-29 00:00:00+01:00,5.687594122456831,5.7346296310424805,5.682983143002663,5.7346296310424805,4274,0.0,0.0,0.0
2024-03-01 00:00:00+01:00,5.736475079316723,5.810256481170654,5.736475079316723,5.810256481170654,42461,0.0,0.0,0.0
2024-03-04 00:00:00+01:00,5.770598854923576,5.787199702986088,5.732786178588867,5.732786178588867,15802,0.0,0.0,0.0
2024-03-05 00:00:00+01:00,5.714340557151447,5.773365497589111,5.700506737907026,5.773365497589111,30802,0.0,0.0,0.0
2024-03-06 00:00:00+01:00,5.764142600901482,5.812100309558824,5.763220404930253,5.803800106048584,37780,0.0,0.0,0.0
2024-03-07 00:00:00+01:00,5.766909116687237,5.822245271960669,5.75676452136142,5.799188613891602,24434,0.0,0.0,0.0
2024-03-08 00:00:00+01:00,5.823167808571451,5.827778788639664,5.779821517545849,5.79088830947876,20088,0.0,0.0,0.0
2024-03-11 00:00:00+01:00,5.789966357846582,5.810256430079918,5.763220913245282,5.808411598205566,11489,0.0,0.0,0.0
2024-03-12 00:00:00+01:00,5.856368924909035,5.868358352340223,5.842535105494339,5.8489909172058105,14338,0.0,0.0,0.0
2024-03-13 00:00:00+01:00,5.840690371103138,5.941216764618099,5.840690371103138,5.927382946014404,26618,0.0,0.0,0.0
2024-03-14 00:00:00+01:00,5.936605706196406,5.988252639770508,5.936605706196406,5.988252639770508,35776,0.0,0.0,0.0
2024-03-15 00:00:00+01:00,6.015920639038086,6.041744327256674,6.002086818764383,6.015920639038086,28406,0.0,0.0,0.0
2024-03-18 00:00:00+01:00,6.028832132338115,6.048199566841807,5.991019019523279,6.041743755340576,50119,0.0,0.0,0.0
2024-03-19 00:00:00+01:00,6.051888337558452,6.115524696240144,6.051888337558452,6.110913276672363,31279,0.0,0.0,0.0
2024-03-20 00:00:00+01:00,6.096157457146284,6.105379856808228,6.081401002010308,6.088779449462891,12689,0.0,0.0,0.0
2024-03-21 00:00:00+01:00,6.119214086239034,6.133047905549366,6.0887794198947915,6.122902870178223,13865,0.0,0.0,0.0
2024-03-22 00:00:00+01:00,6.137659072875977,6.1570265070679335,6.126591841975095,6.137659072875977,33809,0.0,0.0,0.0
2024-03-25 00:00:00+01:00,6.158871295268988,6.20590680973976,6.138581663824567,6.203139781951904,93855,0.0,0.0,0.0
2024-03-26 00:00:00+01:00,6.190227717462786,6.204984171818945,6.145037037992099,6.169938087463379,17317,0.0,0.0,0.0
2024-03-27 00:00:00+01:00,6.1607160568237305,6.174550317054444,6.133970611962287,6.1607160568237305,15589,0.0,0.0,0.0
2024-03-28 00:00:00+01:00,6.2049842395251185,6.256630730912306,6.2049842395251185,6.244641304016113,76365,0.0,0.0,0.0
2024-04-02 00:00:00+02:00,6.362691517214326,6.40972659156416,6.360846685446487,6.372836112976074,72979,0.0,0.0,0.0
2024-04-03 00:00:00+02:00,6.414338449194795,6.439239501953125,6.405116048802817,6.439239501953125,55488,0.0,0.0,0.0
2024-04-04 00:00:00+02:00,6.441083828568893,6.445694808518557,6.409726526296046,6.435550212860107,38829,0.0,0.0,0.0
2024-04-05 00:00:00+02:00,6.455839324168151,6.474284561789293,6.433704863115118,6.467828750610352,96529,0.0,0.0,0.0
2024-04-08 00:00:00+02:00,6.4622957052997405,6.513020003289307,6.447539689809057,6.475207328796387,157093,0.0,0.0,0.0
2024-04-09 00:00:00+02:00,6.464140083126633,6.482585322334159,6.436472444199942,6.440161228179932,962031,0.0,0.0,0.0
2024-04-10 00:00:00+02:00,6.488118966359636,6.538843704228368,6.483507986364545,6.510253429412842,128282,0.0,0.0,0.0
2024-04-11 00:00:00+02:00,6.557288600730361,6.576656035004877,6.485352039337158,6.485352039337158,80358,0.0,0.0,0.0
2024-04-12 00:00:00+02:00,6.593257130688725,6.684561129808243,6.590490102962517,6.607090950012207,114710,0.0,0.0,0.0
2024-04-15 00:00:00+02:00,6.536999199292371,6.554522243457396,6.49641993469157,6.50010871887207,339525,0.0,0.0,0.0
2024-04-16 00:00:00+02:00,6.4530731612272465,6.455839749156423,6.359924331304702,6.394970417022705,179734,0.0,0.0,0.0
2024-04-17 00:00:00+02:00,6.3958925333252665,6.4346278422354946,6.377447294719645,6.389436721801758,256986,0.0,0.0,0.0
2024-04-18 00:00:00+02:00,6.359002451739619,6.397737323290562,6.33410140006127,6.383903503417969,149392,0.0,0.0,0.0
2024-04-19 00:00:00+02:00,6.3839033514436565,6.430938865613798,6.323034017730248,6.4069600105285645,104403,0.0,0.0,0.0
2024-04-22 00:00:00+02:00,6.405115718354713,6.45491782130202,6.372836219225073,6.448462009429932,163698,0.0,0.0,0.0
2024-04-23 00:00:00+02:00,6.46690700964351,6.49088586421483,6.418949300500868,6.43186092376709,66413,0.0,0.0,0.0
2024-04-24 00:00:00+02:00,6.473363067979061,6.481663271889617,6.436472588735608,6.4493842124938965,151065,0.0,0.0,0.0
2024-04-25 00:00:00+02:00,6.492730517803697,6.500108525714668,6.411571551244601,6.451228618621826,109663,0.0,0.0,0.0
2024-04-26 00:00:00+02:00,6.489963668234269,6.499186067809062,6.43186092376709,6.43186092376709,59616,0.0,0.0,0.0
2024-04-29 00:00:00+02:00,6.452150597597846,6.490885907423549,6.447539617664348,6.470595836639404,107002,0.0,0.0,0.0
2024-04-30 00:00:00+02:00,6.484430300405402,6.5010307082283045,6.41433812597376,6.416182518005371,79145,0.0,0.0,0.0
2024-05-02 00:00:00+02:00,6.261242152081887,6.3091998596792775,6.235418906381499,6.277842998504639,129257,0.0,0.0,0.0
2024-05-03 00:00:00+02:00,6.275998208147741,6.275998208147741,6.189305631429084,6.212362289428711,118336,0.0,0.0,0.0
2024-05-06 00:00:00+02:00,6.27046468145044,6.335945432779932,6.257553058332373,6.323033809661865,59866,0.0,0.0,0.0
2024-05-07 00:00:00+02:00,6.3230340995357714,6.327645519366253,6.294443824309825,6.3082780838012695,30197,0.0,0.0,0.0
2024-05-08 00:00:00+02:00,6.295366077967315,6.316577904269268,6.254786377506793,6.315655708312988,35987,0.0,0.0,0.0
2024-05-09 00:00:00+02:00,6.3119669163678775,6.357158039469404,6.3119669163678775,6.347935199737549,9428,0.0,0.0,0.0
2024-05-10 00:00:00+02:00,6.3866703651925,6.42079381597559,6.371913909912109,6.371913909912109,47551,0.0,0.0,0.0
2024-05-13 00:00:00+02:00,6.350701901853036,6.371913728517676,6.324878215789795,6.324878215789795,54565,0.0,0.0,0.0
2024-05-14 00:00:00+02:00,6.341479266328145,6.344246294102366,6.285221352303196,6.303666591644287,26398,0.0,0.0,0.0
2024-05-15 00:00:00+02:00,6.331333874632328,6.331333874632328,6.206828626025712,6.276920795440674,49758,0.0,0.0,0.0
2024-05-16 00:00:00+02:00,6.2759981012940536,6.295365975136258,6.242796848564439,6.274153709411621,32737,0.0,0.0,0.0
2024-05-17 00:00:00+02:00,6.270464717453016,6.299977187507694,6.257553094260816,6.289832592010498,41257,0.0,0.0,0.0
2024-05-20 00:00:00+02:00,6.33502298479058,6.35162383089733,6.330411565354956,6.337790012359619,33328,0.0,0.0,0.0
2024-05-21 00:00:00+02:00,6.299977237657172,6.342401331241757,6.282454194679932,6.329489707946777,104166,0.0,0.0,0.0
2024-05-22 00:00:00+02:00,6.264009189066786,6.3008996683607394,6.200373266203936,6.207751274108887,96460,0.0,0.0,0.0
2024-05-23 00:00:00+02:00,6.207751194688156,6.24187508549463,6.2022175788879395,6.2022175788879395,58738,0.0,0.0,0.0
2024-05-24 00:00:00+02:00,6.1625601598115525,6.200372832477414,6.153337320748616,6.175471782684326,228602,0.0,0.0,0.0
2024-05-27 00:00:00+02:00,6.17639407958773,6.189305702671541,6.163482456503921,6.183772087097168,36143,0.0,0.0,0.0
2024-05-28 00:00:00+02:00,6.1920730693101715,6.212362701014115,6.16901640978298,6.208673477172852,57129,0.0,0.0,0.0
2024-05-29 00:00:00+02:00,6.2234302264696515,6.252942699284928,6.15518244068529,6.1607160568237305,156246,0.0,0.0,0.0
2024-05-30 00:00:00+02:00,6.1588716647006585,6.176394709177517,6.138582032039191,6.1607160568237305,31003,0.0,0.0,0.0
2024-05-31 00:00:00+02:00,6.162560958049316,6.204985055741848,6.143193081462259,6.198529243469238,31469,0.0,0.0,0.0
2024-06-03 00:00:00+02:00,6.296289283203573,6.296289283203573,6.14503812789917,6.14503812789917,31351,0.0,0.0,0.0
2024-06-04 00:00:00+02:00,6.078634786558682,6.079556982604473,5.9854859496264,6.013154029846191,21949,0.0,0.0,0.0
2024-06-05 00:00:00+02:00,6.046355565687102,6.053733573626886,6.022376710055899,6.035288333892822,77488,0.0,0.0,0.0
2024-06-06 00:00:00+02:00,6.049121957410593,6.057422161102295,6.026065298549079,6.057422161102295,1788,0.0,0.0,0.0
2024-06-07 00:00:00+02:00,6.083245854953197,6.120136333267886,6.047277572630996,6.091546058654785,26245,0.0,0.0,0.0
2024-06-10 00:00:00+02:00,6.0924679114587486,6.169938087463379,6.079556288752838,6.169938087463379,15661,0.0,0.0,0.0
2024-06-11 00:00:00+02:00,6.149648499723736,6.149648499723736,6.0970793728291355,6.137659072875977,26256,0.0,0.0,0.0
2024-06-12 00:00:00+02:00,6.150570383443154,6.166248593282539,6.0463547706604,6.0463547706604,20619,0.0,0.0,0.0
2024-06-13 00:00:00+02:00,6.05871379002074,6.05871379002074,5.999627073076197,6.016509056091309,21663,0.109177,0.0,0.0
2024-06-14 00:00:00+02:00,6.030576814195877,6.050272683553023,5.991185969914925,5.9968132972717285,39242,0.0,0.0,0.0
2024-06-17 00:00:00+02:00,5.989310515200532,5.999626909637042,5.973366346028932,5.991186141967773,43105,0.0,0.0,0.0
2024-06-18 00:00:00+02:00,5.99868894827859,6.06340298953557,5.9780557126978655,6.0418314933776855,41292,0.0,0.0,0.0
2024-06-19 00:00:00+02:00,6.03057733764232,6.039018553018547,6.025888270451871,6.031515598297119,27627,0.0,0.0,0.0
2024-06-20 00:00:00+02:00,6.039018416851357,6.1168622970581055,6.016509105977903,6.1168622970581055,43274,0.0,0.0,0.0
2024-06-21 00:00:00+02:00,6.110297061943389,6.1421849537125315,6.110297061943389,6.129992485046387,33134,0.0,0.0,0.0
2024-06-24 00:00:00+02:00,6.085912376005718,6.195644598533801,6.085912376005718,6.183452129364014,37028,0.0,0.0,0.0
2024-06-25 00:00:00+02:00,6.241600952881242,6.248166094100506,6.215339940787482,6.2172160148620605,67455,0.0,0.0,0.0
2024-06-26 00:00:00+02:00,6.2491039896359535,6.2622342722469995,6.178762614941008,6.183452129364014,66730,0.0,0.0,0.0
2024-06-27 00:00:00+02:00,6.213464558033172,6.22659484098754,6.199396461613024,6.208775043487549,41192,0.0,0.0,0.0
2024-06-28 00:00:00+02:00,6.254730866389284,6.276301915632599,6.2284698558445095,6.238786697387695,31440,0.0,0.0,0.0
2024-07-01 00:00:00+02:00,6.254730999016984,6.280053749508414,6.215339705972893,6.250041484832764,26541,0.0,0.0,0.0
2024-07-02 00:00:00+02:00,6.242538436823357,6.303500778653665,6.242538436823357,6.263171672821045,36750,0.0,0.0,0.0
2024-07-03 00:00:00+02:00,6.259419987453135,6.270674642467387,6.2425384521484375,6.2425384521484375,54948,0.0,0.0,0.0
2024-07-04 00:00:00+02:00,6.258482204269325,6.311003778850367,6.258482204269325,6.297873497009277,3237,0.0,0.0,0.0
2024-07-05 00:00:00+02:00,6.27348867375308,6.27348867375308,6.168445969904679,6.181576251983643,54046,0.0,0.0,0.0
2024-07-08 00:00:00+02:00,6.15812886403908,6.15812886403908,6.117799758911133,6.117799758911133,24083,0.0,0.0,0.0
2024-07-09 00:00:00+02:00,6.1159244213824735,6.1159244213824735,6.064341106242062,6.088726043701172,21869,0.0,0.0,0.0
2024-07-10 00:00:00+02:00,6.0540239929155355,6.097166538238525,6.0465210387760315,6.097166538238525,14466,0.0,0.0,0.0
2024-07-11 00:00:00+02:00,6.112173486546325,6.135620164604254,6.056838467673514,6.129055023193359,48548,0.0,0.0,0.0
2024-07-12 00:00:00+02:00,6.154377422378677,6.171259405274114,6.114986576172681,6.129992485046387,9264,0.0,0.0,0.0
2024-07-15 00:00:00+02:00,6.151563993836838,6.200333868593905,6.142184965360467,6.191893100738525,54501,0.0,0.0,0.0
2024-07-16 00:00:00+02:00,6.1900173485952745,6.209712772759788,6.162818969589526,6.19095516204834,76343,0.0,0.0,0.0
2024-07-17 00:00:00+02:00,6.187203267146256,6.257544188221602,6.184389379861907,6.2068986892700195,29684,0.0,0.0,0.0
2024-07-18 00:00:00+02:00,6.247227619963892,6.3035008959440955,6.236911225381429,6.295059680938721,56661,0.0,0.0,0.0
2024-07-19 00:00:00+02:00,6.268799283620521,6.273488797946328,6.217215967686752,6.223781108856201,35649,0.0,0.0,0.0
2024-07-22 00:00:00+02:00,6.194706666275254,6.200333994031583,6.15531581919765,6.192831039428711,38958,0.0,0.0,0.0
2024-07-23 00:00:00+02:00,6.170321528756714,6.191893025660794,6.101856231689453,6.101856231689453,60158,0.0,0.0,0.0
2024-07-24 00:00:00+02:00,6.097166452311589,6.1412468103787115,6.0709058895850765,6.1206135749816895,48381,0.0,0.0,0.0
2024-07-25 00:00:00+02:00,6.092477366047718,6.127179145812988,6.044645751214099,6.127179145812988,125779,0.0,0.0,0.0
2024-07-26 00:00:00+02:00,6.190017328611139,6.204085424795129,6.145936965942383,6.145936965942383,31782,0.0,0.0,0.0
2024-07-29 00:00:00+02:00,6.211588843944974,6.229408641194929,6.117800343215372,6.125303745269775,102150,0.0,0.0,0.0
2024-07-30 00:00:00+02:00,6.15531581919765,6.203147434301397,6.150626304864592,6.192831039428711,65910,0.0,0.0,0.0
2024-07-31 00:00:00+02:00,6.273488631160217,6.310066036939004,6.269736930355974,6.295059680938721,40578,0.0,0.0,0.0
2024-08-01 00:00:00+02:00,6.30162488948517,6.324134200118545,6.182514089686402,6.185327529907227,188629,0.0,0.0,0.0
2024-08-02 00:00:00+02:00,6.147812255856807,6.167508126094841,5.927410454594108,5.936789035797119,59991,0.0,0.0,0.0
2024-08-05 00:00:00+02:00,5.992124201625437,5.992124201625437,5.730455473740109,5.7792253494262695,227992,0.0,0.0,0.0
2024-08-06 00:00:00+02:00,5.838310984876345,5.888018668577423,5.797044515489905,5.860820293426514,101241,0.0,0.0,0.0
2024-08-07 00:00:00+02:00,5.879578737495447,5.979931932486952,5.879578737495447,5.977118492126465,36385,0.0,0.0,0.0
2024-08-08 00:00:00+02:00,5.88051623577288,6.006192176139825,5.873951094733563,5.992124080657959,181909,0.0,0.0,0.0
2024-08-09 00:00:00+02:00,6.012757362042663,6.035266672754952,5.983683357458767,6.026825904846191,71550,0.0,0.0,0.0
2024-08-12 00:00:00+02:00,6.049334884248477,6.08872617874973,6.045583630535684,6.058713912963867,15801,0.0,0.0,0.0
2024-08-13 00:00:00+02:00,6.096229136608868,6.096229136608868,6.0024410854889965,6.017446994781494,38259,0.0,0.0,0.0
2024-08-14 00:00:00+02:00,6.018384980883455,6.021198868466971,5.989310974892991,6.011819839477539,35273,0.0,0.0,0.0
2024-08-15 00:00:00+02:00,6.042769383794263,6.131868362426758,6.0418315704218175,6.131868362426758,22326,0.0,0.0,0.0
2024-08-16 00:00:00+02:00,6.114986459502049,6.124365487781687,6.069030473138536,6.098104476928711,77182,0.0,0.0,0.0
2024-08-19 00:00:00+02:00,6.082160622304802,6.155315431310412,6.063403013371313,6.128116607666016,72868,0.0,0.0,0.0
2024-08-20 00:00:00+02:00,6.086849417437737,6.092476744588273,5.967738628387451,5.967738628387451,124991,0.0,0.0,0.0
2024-08-21 00:00:00+02:00,5.955546565468437,5.996813484971085,5.940540656858394,5.970552921295166,129568,0.0,0.0,0.0
2024-08-22 00:00:00+02:00,5.925534559340231,5.955546825085311,5.9170937912812125,5.941478729248047,33816,0.0,0.0,0.0
2024-08-23 00:00:00+02:00,5.971490844136776,6.0071304367597484,5.96211181567107,5.992124080657959,12884,0.0,0.0,0.0
2024-08-26 00:00:00+02:00,6.0230737207420715,6.114986135820627,6.0230737207420715,6.057775497436523,28546,0.0,0.0,0.0
2024-08-27 00:00:00+02:00,6.095291013486507,6.106545668492398,6.053086280822754,6.053086280822754,43618,0.0,0.0,0.0
2024-08-28 00:00:00+02:00,6.052149230465926,6.052149230465926,5.993062507843983,6.013696193695068,13017,0.0,0.0,0.0
2024-08-29 00:00:00+02:00,6.036204165803853,6.083098411560059,6.020260444242746,6.083098411560059,18633,0.0,0.0,0.0
2024-08-30 00:00:00+02:00,6.104669949092239,6.112173351009775,6.032453395173785,6.052148818969727,24838,0.0,0.0,0.0
2024-09-02 00:00:00+02:00,6.083098139014808,6.093414979950942,6.059651017187223,6.091538906097412,29839,0.0,0.0,0.0
2024-09-03 00:00:00+02:00,6.099980545612386,6.099980545612386,5.912404005132824,5.9499192237854,56046,0.0,0.0,0.0
2024-09-04 00:00:00+02:00,5.908652376722062,5.967738641103622,5.894583835207415,5.905838489532471,24181,0.0,0.0,0.0
2024-09-05 00:00:00+02:00,5.8617589594210955,5.895522479941071,5.860821145964529,5.8636345863342285,53105,0.0,0.0,0.0
2024-09-06 00:00:00+02:00,5.813926668646183,5.858007029902589,5.754840398236546,5.758591651916504,71102,0.0,0.0,0.0
2024-09-09 00:00:00+02:00,5.794231155190401,5.828932934491284,5.778286985648097,5.823305606842041,21329,0.0,0.0,0.0
2024-09-10 00:00:00+02:00,5.79704493615206,5.820491612507131,5.698567374924033,5.719200611114502,30921,0.0,0.0,0.0
2024-09-11 00:00:00+02:00,5.7126355593317255,5.730455355635688,5.625412651834276,5.654486656188965,72585,0.0,0.0,0.0
2024-09-12 00:00:00+02:00,5.732330594999987,5.738895735592802,5.683560723615269,5.7238898277282715,76171,0.0,0.0,0.0
2024-09-13 00:00:00+02:00,5.71544872356601,5.766094222607246,5.71544872356601,5.7454609870910645,28172,0.0,0.0,0.0
2024-09-16 00:00:00+02:00,5.733268964110477,5.79047960831279,5.722014308512745,5.731393337249756,43299,0.0,0.0,0.0
2024-09-17 00:00:00+02:00,5.780163301928966,5.8326844325675316,5.767970832714055,5.814864635467529,7753,0.0,0.0,0.0
2024-09-18 00:00:00+02:00,5.832683914740865,5.845814196234797,5.814864119222907,5.8317461013793945,19857,0.0,0.0,0.0
2024-09-19 00:00:00+02:00,5.882392017732865,5.95179557800293,5.882392017732865,5.95179557800293,30978,0.0,0.0,0.0
2024-09-20 00:00:00+02:00,5.887081279996251,5.8898951673763635,5.832684078553148,5.85706901550293,71028,0.0,0.0,0.0
2024-09-23 00:00:00+02:00,5.8870818739461885,5.9827460046212835,5.885206246981337,5.9405412673950195,21765,0.0,0.0,0.0
2024-09-24 00:00:00+02:00,5.9996270441209525,6.0277636823436795,5.961174011230469,5.961174011230469,13002,0.0,0.0,0.0
2024-09-25 00:00:00+02:00,5.9311620395324125,5.940541068476072,5.885206049915282,5.890833377838135,66319,0.0,0.0,0.0
2024-09-26 00:00:00+02:00,5.803609894875924,5.803609894875924,5.714510917543941,5.755777835845947,154551,0.0,0.0,0.0
2024-09-27 00:00:00+02:00,5.751088360877101,5.795168719554621,5.721076097109781,5.780162811279297,87347,0.0,0.0,0.0
2024-09-30 00:00:00+02:00,5.831746374707559,5.855193498709956,5.78203868648649,5.823305606842041,40942,0.0,0.0,0.0
2024-10-01 00:00:00+02:00,5.850504136034701,6.027763843536377,5.809237214610051,6.027763843536377,31041,0.0,0.0,0.0
2024-10-02 00:00:00+02:00,6.059651929444673,6.133744559355547,6.059651929444673,6.067154884338379,422667,0.0,0.0,0.0
2024-10-03 00:00:00+02:00,6.092477248350837,6.164694246740186,6.066216684288053,6.1365580558776855,140199,0.0,0.0,0.0
2024-10-04 00:00:00+02:00,6.190954660905478,6.283804893493652,6.189079034151176,6.283804893493652,149725,0.0,0.0,0.0
2024-10-07 00:00:00+02:00,6.276302224309837,6.351332664489746,6.276302224309837,6.351332664489746,88972,0.0,0.0,0.0
2024-10-08 00:00:00+02:00,6.28192956210531,6.28192956210531,6.141247262934332,6.172197341918945,117820,0.0,0.0,0.0
2024-10-09 00:00:00+02:00,6.148750531073748,6.20220947265625,6.1243655937846455,6.20220947265625,22491,0.0,0.0,0.0
2024-10-10 00:00:00+02:00,6.202209417079533,6.280053742470281,6.200333790294622,6.239724636077881,114991,0.0,0.0,0.0
2024-10-11 00:00:00+02:00,6.219091135262364,6.2725505213086015,6.214401621282868,6.258481979370117,23420,0.0,0.0,0.0
2024-10-14 00:00:00+02:00,6.240662619191568,6.275364398956299,6.226594523488763,6.275364398956299,53273,0.0,0.0,0.0
2024-10-15 00:00:00+02:00,6.179700681510767,6.179700681510767,6.078409230352024,6.144061088562012,170854,0.0,0.0,0.0
2024-10-16 00:00:00+02:00,6.112172964295798,6.144998668545503,6.096228795250696,6.135619640350342,73894,0.0,0.0,0.0
2024-10-17 00:00:00+02:00,6.129054629854961,6.197519927155731,6.125303376270457,6.188141345977783,80963,0.0,0.0,0.0
2024-10-18 00:00:00+02:00,6.179700360255968,6.19658189522425,6.112172878732821,6.117799758911133,9395,0.0,0.0,0.0
2024-10-21 00:00:00+02:00,6.159066816589081,6.201271549396904,6.159066816589081,6.180638313293457,44686,0.0,0.0,0.0
2024-10-22 00:00:00+02:00,6.160004980384149,6.188141619595473,6.139371743106983,6.17970085144043,58464,0.0,0.0,0.0
2024-10-23 00:00:00+02:00,6.190954582610592,6.19939579733156,6.138433456420898,6.138433456420898,41547,0.0,0.0,0.0
2024-10-24 00:00:00+02:00,6.169383832716423,6.195644397084662,6.128116912125836,6.133744239807129,31340,0.0,0.0,0.0
2024-10-25 00:00:00+02:00,6.129992055634957,6.17313459964555,6.119675661713217,6.164693832397461,32441,0.0,0.0,0.0
2024-10-28 00:00:00+01:00,6.076533295260455,6.086849689483643,6.002440672886314,6.086849689483643,18882,0.0,0.0,0.0
2024-10-29 00:00:00+01:00,6.092477292708631,6.112173163115811,6.037142276763916,6.037142276763916,48767,0.0,0.0,0.0
2024-10-30 00:00:00+01:00,6.024011235733541,6.049333983390683,6.001502375158657,6.02119779586792,25651,0.0,0.0,0.0
2024-10-31 00:00:00+01:00,5.99400004217099,6.026826196417288,5.983683646942675,6.011819839477539,51631,0.0,0.0,0.0
2024-11-01 00:00:00+01:00,6.0446455516273465,6.0962288656463475,6.031515269775844,6.0774712562561035,34674,0.0,0.0,0.0
2024-11-04 00:00:00+01:00,6.018384626995491,6.079346970191997,6.018384626995491,6.0540242195129395,64551,0.0,0.0,0.0
2024-11-05 00:00:00+01:00,6.058713475129162,6.124365329742432,6.054961774470783,6.124365329742432,13725,0.0,0.0,0.0
2024-11-06 00:00:00+01:00,6.226594313052868,6.321320173315974,6.216277471370575,6.297873497009277,297170,0.0,0.0,0.0
2024-11-07 00:00:00+01:00,6.329761475771279,6.348519085406079,6.258482290829022,6.274426460266113,114434,0.0,0.0,0.0
2024-11-08 00:00:00+01:00,6.310066395758592,6.310066395758592,6.271612913782696,6.304439067840576,60049,0.0,0.0,0.0
2024-11-11 00:00:00+01:00,6.361649948452613,6.407605939729297,6.341954523619749,6.3785319328308105,36527,0.0,0.0,0.0
2024-11-12 00:00:00+01:00,6.37290389514008,6.424487208799499,6.370090007781982,6.370090007781982,35185,0.0,0.0,0.0
2024-11-13 00:00:00+01:00,6.374779694375714,6.386034349679246,6.326009819538204,6.364462852478027,40678,0.0,0.0,0.0
2024-11-14 00:00:00+01:00,6.452624273663223,6.492952934994635,6.439493991033613,6.459189414978027,40233,0.0,0.0,0.0
2024-11-15 00:00:00+01:00,6.440431398907299,6.5239026038582155,6.420735976203152,6.4976420402526855,40476,0.0,0.0,0.0
2024-11-18 00:00:00+01:00,6.482636092073164,6.516399609757306,6.463878482867156,6.514523983001709,61262,0.0,0.0,0.0
2024-11-19 00:00:00+01:00,6.521088991021843,6.525778505031984,6.48357377337405,6.503269195556641,36104,0.0,0.0,0.0
2024-11-20 00:00:00+01:00,6.519213295654046,6.561417579650879,6.509834267732528,6.561417579650879,15176,0.0,0.0,0.0
2024-11-21 00:00:00+01:00,6.575486308758363,6.681466822875792,6.575486308758363,6.673025608062744,89466,0.0,0.0,0.0
2024-11-22 00:00:00+01:00,6.679591287255199,6.755559538309001,6.679591287255199,6.742429256439209,96264,0.0,0.0,0.0
2024-11-25 00:00:00+01:00,6.7067899726194025,6.713355113856025,6.558604717254639,6.558604717254639,28806,0.0,0.0,0.0
2024-11-26 00:00:00+01:00,6.527654397240451,6.554852774615472,6.5051450868496135,6.525778770446777,84055,0.0,0.0,0.0
2024-11-27 00:00:00+01:00,6.5126480744004285,6.5126480744004285,6.4920148379148985,6.498579978942871,33887,0.0,0.0,0.0
2024-11-28 00:00:00+01:00,6.508897047478618,6.508897047478618,6.488263810274496,6.496704578399658,26850,0.0,0.0,0.0
2024-11-29 00:00:00+01:00,6.487325424530374,6.518275503348107,6.477009029735594,6.495766639709473,23891,0.0,0.0,0.0
2024-12-02 00:00:00+01:00,6.530467586803841,6.566107177815989,6.44605857051104,6.482635974884033,93118,0.0,0.0,0.0
2024-12-03 00:00:00+01:00,6.509834500383439,6.528592109680176,6.466691954279278,6.528592109680176,35357,0.0,0.0,0.0
2024-12-04 00:00:00+01:00,6.4929524645483685,6.5173374011556096,6.386971950531006,6.386971950531006,10540,0.0,0.0,0.0
2024-12-05 00:00:00+01:00,6.373841847713766,6.391661643981934,6.3494569104222425,6.391661643981934,18434,0.0,0.0,0.0
2024-12-06 00:00:00+01:00,6.347580908808276,6.366338517369797,6.259419746074135,6.265047073364258,117296,0.0,0.0,0.0
2024-12-09 00:00:00+01:00,6.296935917883289,6.334451138029676,6.291308590139661,6.320382595062256,53234,0.0,0.0,0.0
2024-12-10 00:00:00+01:00,6.272550784934181,6.322258472442627,6.265985643973632,6.322258472442627,42672,0.0,0.0,0.0
2024-12-11 00:00:00+01:00,6.282867353516681,6.293184195547645,6.254731162111072,6.275364398956299,23055,0.0,0.0,0.0
2024-12-12 00:00:00+01:00,6.2774945130110416,6.295621068084679,6.225977174862441,6.24791955947876,42234,0.113233,0.0,0.0
2024-12-13 00:00:00+01:00,6.261276769761656,6.277494956293893,6.18209238726054,6.226931571960449,41769,0.0,0.0,0.0
2024-12-16 00:00:00+01:00,6.184954161948136,6.191632318929244,6.113402350031886,6.141068935394287,74122,0.0,0.0,0.0
2024-12-17 00:00:00+01:00,6.042804234822672,6.059976832711137,5.981746412273888,5.9989190101623535,24450,0.0,0.0,0.0
2024-12-18 00:00:00+01:00,6.026585741570477,6.050436496734619,6.0055973135819976,6.050436496734619,39244,0.0,0.0,0.0
2024-12-19 00:00:00+01:00,5.955034325177506,5.990333026634886,5.92641332610295,5.936907768249512,39706,0.0,0.0,0.0
2024-12-20 00:00:00+01:00,5.902562569360045,5.936907768249512,5.867263867902665,5.936907768249512,40118,0.0,0.0,0.0
2024-12-23 00:00:00+01:00,5.943585254178121,5.9578955246412795,5.905424229666166,5.935953140258789,37233,0.0,0.0,0.0
2024-12-27 00:00:00+01:00,5.995102621503727,6.04471204459831,5.970297909956436,6.028493404388428,50371,0.0,0.0,0.0
2024-12-30 00:00:00+01:00,6.005597166855317,6.016091608050819,5.995102725659815,5.9989190101623535,18626,0.0,0.0,0.0
2025-01-02 00:00:00+01:00,6.1611035814024415,6.285126686096191,6.1420230687637645,6.285126686096191,89246,0.0,0.0,0.0
2025-01-03 00:00:00+01:00,6.2555520462139365,6.301345184531618,6.248873889686677,6.277494430541992,101094,0.0,0.0,0.0
2025-01-06 00:00:00+01:00,6.268908485388707,6.319471866504625,6.249827972796195,6.29657506942749,44242,0.0,0.0,0.0
2025-01-07 00:00:00+01:00,6.227885103137645,6.350954704461974,6.2231148612836495,6.319471836090088,42750,0.0,0.0,0.0
2025-01-08 00:00:00+01:00,6.355724766788715,6.355724766788715,6.314701415867606,6.323287487030029,72980,0.0,0.0,0.0
2025-01-09 00:00:00+01:00,6.327104164925707,6.3585870343665025,6.325196250085452,6.35286283493042,6580,0.0,0.0,0.0
2025-01-10 00:00:00+01:00,6.371943704144195,6.457806245568129,6.360495304632291,6.3776679039001465,57712,0.0,0.0,0.0
2025-01-13 00:00:00+01:00,6.419644652209076,6.539851926675122,6.419644652209076,6.522679328918457,39060,0.0,0.0,0.0
2025-01-14 00:00:00+01:00,6.4663918465030354,6.486426316731174,6.439679219532184,6.465437889099121,39066,0.0,0.0,0.0
2025-01-15 00:00:00+01:00,6.5112312224686635,6.609496116638184,6.489288836780363,6.609496116638184,66538,0.0,0.0,0.0
2025-01-16 00:00:00+01:00,6.577059253327493,6.608542122996693,6.55416245541705,6.588507652282715,43183,0.0,0.0,0.0
2025-01-17 00:00:00+01:00,6.630484356522458,6.6524271965026855,6.603771729516363,6.6524271965026855,66855,0.0,0.0,0.0
2025-01-20 00:00:00+01:00,6.662921631487431,6.662921631487431,6.595185651715784,6.624760150909424,52803,0.0,0.0,0.0
2025-01-21 00:00:00+01:00,6.635254496117907,6.658151293150136,6.546530089990974,6.566564559936523,58611,0.0,0.0,0.0
2025-01-22 00:00:00+01:00,6.5303119937617025,6.554162750171813,6.480703020916921,6.532220363616943,39621,0.0,0.0,0.0
2025-01-23 00:00:00+01:00,6.467346176607191,6.52172584600191,6.462576389312744,6.462576389312744,27791,0.0,0.0,0.0
2025-01-24 00:00:00+01:00,6.474023668749648,6.474023668749648,6.369081080405711,6.406288146972656,55980,0.0,0.0,0.0
2025-01-27 00:00:00+01:00,6.424415004065731,6.424415004065731,6.287035129490907,6.310885429382324,76866,0.0,0.0,0.0
2025-01-28 00:00:00+01:00,6.348092819469304,6.38434593221988,6.307069919447865,6.314702033996582,101044,0.0,0.0,0.0
2025-01-29 00:00:00+01:00,6.300391219666766,6.332828044891357,6.275586508333498,6.332828044891357,32001,0.0,0.0,0.0
2025-01-30 00:00:00+01:00,6.340460255034182,6.374805450439453,6.325196027019818,6.374805450439453,12046,0.0,0.0,0.0
2025-01-31 00:00:00+01:00,6.391977511323669,6.402471952271138,6.278448395311218,6.321379661560059,26821,0.0,0.0,0.0
2025-02-03 00:00:00+01:00,6.28703508380632,6.345230579376221,6.234563332629744,6.345230579376221,67375,0.0,0.0,0.0
2025-02-04 00:00:00+01:00,6.276540757114705,6.419644832611084,6.238379730971046,6.419644832611084,62396,0.0,0.0,0.0
2025-02-05 00:00:00+01:00,6.393885880787817,6.42059850692749,6.355724856326771,6.42059850692749,74682,0.0,0.0,0.0
2025-02-06 00:00:00+01:00,6.410103968346705,6.45875943301381,6.335689835306494,6.36240291595459,89938,0.0,0.0,0.0
2025-02-07 00:00:00+01:00,6.335690325005271,6.3690815646674475,6.32519633832216,6.367173194885254,27916,0.0,0.0,0.0
2025-02-10 00:00:00+01:00,6.395794222602932,6.47116231918335,6.391977937935884,6.47116231918335,40067,0.0,0.0,0.0
2025-02-11 00:00:00+01:00,6.500736684598177,6.539851665496826,6.4692538174259235,6.539851665496826,23900,0.0,0.0,0.0
2025-02-12 00:00:00+01:00,6.496920758004856,6.535081783653303,6.4568518175485785,6.465437889099121,106993,0.0,0.0,0.0
2025-02-13 00:00:00+01:00,6.345230319210876,6.38052947101423,6.322333522915156,6.3786211013793945,65609,0.0,0.0,0.0
2025-02-14 00:00:00+01:00,6.390069819834823,6.441587159167255,6.360494865622929,6.398655891418457,58918,0.0,0.0,0.0
2025-02-17 00:00:00+01:00,6.377667255402553,6.398655682429991,6.358586743127984,6.392931938171387,51134,0.0,0.0,0.0
2025-02-18 00:00:00+01:00,6.395794374370389,6.423460960388184,6.37289757565543,6.423460960388184,19145,0.0,0.0,0.0
2025-02-19 00:00:00+01:00,6.457805692328997,6.518863514551441,6.444449379014458,6.511230945587158,8786,0.0,0.0,0.0
2025-02-20 00:00:00+01:00,6.478794276619713,6.50264503165137,6.456851891333002,6.474978446960449,21472,0.0,0.0,0.0
2025-02-21 00:00:00+01:00,6.496920847804237,6.496920847804237,6.432047194288264,6.46353006362915,27506,0.0,0.0,0.0
2025-02-24 00:00:00+01:00,6.399610518529979,6.423460819266182,6.366219278651706,6.415828704833984,17221,0.0,0.0,0.0
2025-02-25 00:00:00+01:00,6.38816205337108,6.405334651852458,6.267954773832078,6.274632930755615,21716,0.0,0.0,0.0
2025-02-26 00:00:00+01:00,6.3070695783495365,6.308977493154699,6.2727243823647605,6.278448581695557,42961,0.0,0.0,0.0
2025-02-27 00:00:00+01:00,6.302299649431224,6.381484031677246,6.302299649431224,6.381484031677246,25758,0.0,0.0,0.0
2025-02-28 00:00:00+01:00,6.340460761231595,6.386253903845932,6.289897376388693,6.351909160614014,38297,0.0,0.0,0.0
2025-03-03 00:00:00+01:00,6.4425410421504,6.443495454462278,6.336644492486083,6.372897148132324,43203,0.0,0.0,0.0
2025-03-04 00:00:00+01:00,6.153470662131512,6.153470662131512,6.017045209242807,6.073332786560059,63976,0.0,0.0,0.0
2025-03-05 00:00:00+01:00,6.044711999716639,6.055206440651895,5.849136635846448,5.864400863647461,36810,0.0,0.0,0.0
2025-03-06 00:00:00+01:00,5.9092404246171535,5.927366980618638,5.838642570395538,5.90542459487915,27681,0.0,0.0,0.0
2025-03-07 00:00:00+01:00,5.940723277915729,5.9960564440474124,5.907332040866617,5.949309349060059,45880,0.0,0.0,0.0
2025-03-10 00:00:00+01:00,5.9817462932633845,6.088597253140237,5.953125297352042,6.023723602294922,13826,0.0,0.0,0.0
2025-03-11 00:00:00+01:00,6.020861079577651,6.0590221029424045,5.93690691915825,5.9397687911987305,12352,0.0,0.0,0.0
2025-03-12 00:00:00+01:00,5.957895958728087,6.039942212898133,5.955988043838069,6.030402183532715,398133,0.0,0.0,0.0
2025-03-13 00:00:00+01:00,6.02276989055651,6.067609073550305,6.007505207142789,6.034217834472656,131113,0.0,0.0,0.0
2025-03-14 00:00:00+01:00,6.035171993103466,6.128666184827773,6.000826798052854,6.095275402069092,11312,0.0,0.0,0.0
2025-03-17 00:00:00+01:00,6.137253047965362,6.230747699737549,6.1181725346393225,6.230747699737549,34956,0.0,0.0,0.0
2025-03-18 00:00:00+01:00,6.221206603986738,6.253643427960487,6.183999538421631,6.183999538421631,8150,0.0,0.0,0.0
2025-03-19 00:00:00+01:00,6.217391029120814,6.323287576308582,6.217391029120814,6.321379661560059,21611,0.0,0.0,0.0
2025-03-20 00:00:00+01:00,6.362403146757667,6.381483659389737,6.307069523650072,6.368127346038818,22088,0.0,0.0,0.0
2025-03-21 00:00:00+01:00,6.387207499144147,6.387207499144147,6.320425481233313,6.343322277069092,17121,0.0,0.0,0.0
2025-03-24 00:00:00+01:00,6.384345678237345,6.441587217448539,6.353816766341645,6.435863018035889,14100,0.0,0.0,0.0
2025-03-25 00:00:00+01:00,6.436817347592282,6.495012843471326,6.425368948914202,6.449219703674316,45725,0.0,0.0,0.0
2025-03-26 00:00:00+01:00,6.474023988111437,6.564656765597432,6.461621631977318,6.52554178237915,31495,0.0,0.0,0.0
2025-03-27 00:00:00+01:00,6.521725334373974,6.521725334373974,6.423460445171851,6.501690864562988,14154,0.0,0.0,0.0
2025-03-28 00:00:00+01:00,6.451127394872324,6.47211582177776,6.388161659240723,6.388161659240723,12251,0.0,0.0,0.0
2025-03-31 00:00:00+02:00,6.388161865262237,6.493104913004471,6.357632953832752,6.47688627243042,27495,0.0,0.0,0.0
2025-04-01 00:00:00+02:00,6.477840199297164,6.499783039093018,6.409150262633438,6.499783039093018,36391,0.0,0.0,0.0
2025-04-02 00:00:00+02:00,6.50169100021432,6.50169100021432,6.417736834767252,6.449219703674316,20358,0.0,0.0,0.0
2025-04-03 00:00:00+02:00,6.22788529853859,6.292759407008578,6.0103675401892485,6.061884880065918,48456,0.0,0.0,0.0
2025-04-04 00:00:00+02:00,5.90065395743464,5.91496422782398,5.524767458507144,5.56197452545166,117941,0.0,0.0,0.0
2025-04-07 00:00:00+02:00,5.222340794746641,5.491376317023645,5.129800112119442,5.366398811340332,108110,0.0,0.0,0.0
2025-04-08 00:00:00+02:00,5.470388316250899,5.575330906948722,5.415054693839789,5.444629192352295,54668,0.0,0.0,0.0
2025-04-09 00:00:00+02:00,5.183226287070295,5.25764042286386,5.061110642204351,5.195628643035889,33826,0.0,0.0,0.0
2025-04-10 00:00:00+02:00,5.6258945210180915,5.6258945210180915,5.247146129608154,5.247146129608154,45977,0.0,0.0,0.0
2025-04-11 00:00:00+02:00,5.235697106392137,5.235697106392137,5.104041444648534,5.140294551849365,32396,0.0,0.0,0.0
2025-04-14 00:00:00+02:00,5.2910311735738995,5.414100775074438,5.284353016934865,5.333962440490723,61393,0.0,0.0,0.0
2025-04-15 00:00:00+02:00,5.35781336311124,5.417916774749756,5.322514209114186,5.417916774749756,25698,0.0,0.0,0.0
2025-04-16 00:00:00+02:00,5.291984955412707,5.445583462845802,5.277674685220247,5.436996936798096,29439,0.0,0.0,0.0
2025-04-17 00:00:00+02:00,5.410284619475928,5.538124010967129,5.404560420089648,5.512365341186523,6791,0.0,0.0,0.0
2025-04-22 00:00:00+02:00,5.380709329321816,5.459893703460693,5.3683069739114595,5.459893703460693,10400,0.0,0.0,0.0
2025-04-23 00:00:00+02:00,5.582963589678238,5.6201702029231155,5.456077702023722,5.458940029144287,35680,0.0,0.0,0.0
2025-04-24 00:00:00+02:00,5.518089472886199,5.538123943034775,5.470388418472728,5.530491828918457,16396,0.0,0.0,0.0
2025-04-25 00:00:00+02:00,5.598228184252829,5.598228184252829,5.506641443962082,5.543848514556885,39442,0.0,0.0,0.0
2025-04-28 00:00:00+02:00,5.566745154985215,5.583917753597798,5.540032527086971,5.563882827758789,9505,0.0,0.0,0.0
2025-04-29 00:00:00+02:00,5.56292849780193,5.5734229387371945,5.523813516010919,5.550526142120361,16473,0.0,0.0,0.0
2025-04-30 00:00:00+02:00,5.525721723010204,5.546710605990825,5.420779127768372,5.49423885345459,29432,0.0,0.0,0.0
2025-05-02 00:00:00+02:00,5.566744812211661,5.566744812211661,5.447491496534317,5.511411190032959,32769,0.0,0.0,0.0
2025-05-05 00:00:00+02:00,5.477066584523504,5.499962926911481,5.437951146644505,5.458940029144287,23256,0.0,0.0,0.0
2025-05-06 00:00:00+02:00,5.493284969684898,5.5095036108496265,5.455123942737057,5.503779411315918,22143,0.0,0.0,0.0
2025-05-07 00:00:00+02:00,5.492330939216108,5.514273779622768,5.437951271826634,5.478020668029785,13252,0.0,0.0,0.0
2025-05-08 00:00:00+02:00,5.532399890049533,5.582009315490723,5.510457504520332,5.582009315490723,42400,0.0,0.0,0.0
2025-05-09 00:00:00+02:00,5.585825427880297,5.642113008478805,5.581055185985266,5.613492012023926,11030,0.0,0.0,0.0
2025-05-12 00:00:00+02:00,5.771860778002327,5.867263341499203,5.771860778002327,5.7842631340026855,100557,0.0,0.0,0.0
2025-05-13 00:00:00+02:00,5.789033296148989,5.84150505065918,5.775676981885402,5.84150505065918,18507,0.0,0.0,0.0
2025-05-14 00:00:00+02:00,5.8310099836233995,5.836734182682,5.7604121351210456,5.8062052726745605,11035,0.0,0.0,0.0
2025-05-15 00:00:00+02:00,5.721297094286893,5.773768387708738,5.704124497290272,5.768998146057129,39643,0.0,0.0,0.0
2025-05-16 00:00:00+02:00,5.805251583044274,5.835780494459647,5.78044687095149,5.816699981689453,25061,0.0,0.0,0.0
2025-05-19 00:00:00+02:00,5.7565961038902955,5.763274260599748,5.700308523101874,5.72892951965332,51424,0.0,0.0,0.0
2025-05-20 00:00:00+02:00,5.721297865558437,5.7432402522493735,5.701262938903889,5.740378379821777,32155,0.0,0.0,0.0
2025-05-21 00:00:00+02:00,5.675504347962634,5.685998790176818,5.610630689529412,5.623033046722412,27209,0.0,0.0,0.0
2025-05-22 00:00:00+02:00,5.576285042619348,5.592503683382903,5.5285839875721114,5.55625057220459,13243,0.0,0.0,0.0
2025-05-23 00:00:00+02:00,5.5839174695167495,5.59059562615156,5.486606537244787,5.548618316650391,61607,0.0,0.0,0.0
2025-05-26 00:00:00+02:00,5.6106301921579655,5.628756747595878,5.58964176450553,5.606813907623291,3265,0.0,0.0,0.0
2025-05-27 00:00:00+02:00,5.618262119347578,5.657377101136257,5.606813721039844,5.633526802062988,29908,0.0,0.0,0.0
2025-05-28 00:00:00+02:00,5.643066808434102,5.665963604959189,5.614446267693036,5.617308139801025,25276,0.0,0.0,0.0
2025-05-29 00:00:00+02:00,5.674550062906622,5.687906376818028,5.561974897178682,5.575331211090088,17025,0.0,0.0,0.0
2025-05-30 00:00:00+02:00,5.591549868009393,5.627802980108625,5.563882827758789,5.563882827758789,13978,0.0,0.0,0.0
2025-06-02 00:00:00+02:00,5.596320031738474,5.638296887872061,5.580101390790052,5.621124744415283,53106,0.0,0.0,0.0
2025-06-03 00:00:00+02:00,5.602043963484002,5.709848880767822,5.596319764300186,5.709848880767822,19102,0.0,0.0,0.0
2025-06-04 00:00:00+02:00,5.70126201496631,5.709848540688267,5.618261814117432,5.618261814117432,142250,0.0,0.0,0.0
2025-06-05 00:00:00+02:00,5.6068136989078114,5.6297104954328985,5.553388446903,5.617308139801025,24677,0.0,0.0,0.0
2025-06-06 00:00:00+02:00,5.595365800019262,5.677412509918213,5.59059601274692,5.677412509918213,42268,0.0,0.0,0.0
2025-06-09 00:00:00+02:00,5.6640559323445645,5.694584846496582,5.657377775022125,5.694584846496582,30079,0.0,0.0,0.0
2025-06-10 00:00:00+02:00,5.681228088848635,5.7985734939575195,5.681228088848635,5.7985734939575195,27914,0.0,0.0,0.0
2025-06-11 00:00:00+02:00,5.767090723680646,5.797619635975699,5.742286010873122,5.757550239562988,36989,0.0,0.0,0.0
2025-06-12 00:00:00+02:00,5.801268308210817,5.8090291023254395,5.725599524776259,5.8090291023254395,6563,0.100065,0.0,0.0
2025-06-13 00:00:00+02:00,5.920591939402537,6.009842224337104,5.869176044554491,5.889548301696777,76170,0.0,0.0,0.0
2025-06-16 00:00:00+02:00,5.973947930207231,5.986559393597183,5.8526839659004635,5.892458438873291,86997,0.0,0.0,0.0
2025-06-17 00:00:00+02:00,5.877906731659734,5.992379940434879,5.877906731659734,5.963276386260986,29769,0.0,0.0,0.0
2025-06-18 00:00:00+02:00,5.969097023294555,6.007901453323106,5.919621675688595,5.927382469177246,48777,0.0,0.0,0.0
2025-06-19 00:00:00+02:00,5.992380188150625,6.022453784942627,5.983649352830188,6.022453784942627,42863,0.0,0.0,0.0
2025-06-20 00:00:00+02:00,5.939023930842609,5.981708526611328,5.9273825092383055,5.981708526611328,60276,0.0,0.0,0.0
2025-06-23 00:00:00+02:00,6.030214601775076,6.057377611839994,5.944844480734875,5.9555158615112305,113159,0.0,0.0,0.0
2025-06-24 00:00:00+02:00,5.74500207540766,5.776045716256561,5.71395843455876,5.740151405334473,100607,0.0,0.0,0.0
2025-06-25 00:00:00+02:00,5.740151309000612,5.74597202047368,5.677094449448854,5.7013468742370605,16298,0.0,0.0,0.0
2025-06-26 00:00:00+02:00,5.680974580065032,5.723659643073779,5.6450802699684335,5.719779014587402,26887,0.0,0.0,0.0
2025-06-27 00:00:00+02:00,5.743061639076601,5.744031680514486,5.7052272474871035,5.709107875823975,33994,0.0,0.0,0.0
2025-06-30 00:00:00+02:00,5.685825268431484,5.704257444277076,5.655751669674427,5.6741838455200195,86046,0.0,0.0,0.0
2025-07-01 00:00:00+02:00,5.661572139454396,5.684854984283447,5.608216159737371,5.684854984283447,63891,0.0,0.0,0.0
2025-07-02 00:00:00+02:00,5.69940675153031,5.743061855981218,5.672243739902312,5.695526123046875,16551,0.0,0.0,0.0
2025-07-03 00:00:00+02:00,5.742091752752985,5.781866228292702,5.7382111243112846,5.780896186828613,21237,0.0,0.0,0.0
2025-07-04 00:00:00+02:00,5.748882703983282,5.752762869973545,5.723659774705136,5.740151405334473,33244,0.0,0.0,0.0
2025-07-07 00:00:00+02:00,5.733360427699433,5.747912437349018,5.705227375030518,5.705227375030518,31580,0.0,0.0,0.0
2025-07-08 00:00:00+02:00,5.709107855795896,5.821640526146398,5.694555846522679,5.803208351135254,27158,0.0,0.0,0.0
2025-07-09 00:00:00+02:00,5.836191715039453,5.8691758973016785,5.820670127868652,5.820670127868652,21435,0.0,0.0,0.0
2025-07-10 00:00:00+02:00,5.823580084995023,5.86723518371582,5.791566407611144,5.86723518371582,16982,0.0,0.0,0.0
2025-07-11 00:00:00+02:00,5.867235231512056,5.9138009172390635,5.828430801796411,5.897308826446533,26376,0.0,0.0,0.0
2025-07-14 00:00:00+02:00,5.89439909313445,5.9225321446384465,5.844923280062285,5.861414909362793,62779,0.0,0.0,0.0
2025-07-15 00:00:00+02:00,5.864325100135722,5.878876645614625,5.830371339823185,5.873055934906006,53934,0.0,0.0,0.0
2025-07-16 00:00:00+02:00,5.829401703107893,5.856565177984248,5.747912666234907,5.764404296875,41721,0.0,0.0,0.0
2025-07-17 00:00:00+02:00,5.785746500135461,5.813879551201468,5.772164532719294,5.798357963562012,8489,0.0,0.0,0.0
2025-07-18 00:00:00+02:00,5.826491413832217,5.861415219706467,5.776045556669698,5.786716938018799,8964,0.0,0.0,0.0
2025-07-21 00:00:00+02:00,5.7799262920862855,5.794477839587697,5.717839010955076,5.731420516967773,31881,0.0,0.0,0.0
2025-07-22 00:00:00+02:00,5.709108233823491,5.73724128762761,5.688735512009077,5.691646099090576,20165,0.0,0.0,0.0
2025-07-23 00:00:00+02:00,5.743061802380953,5.772164896686373,5.7372410910028,5.7595534324646,21192,0.0,0.0,0.0
2025-07-24 00:00:00+02:00,5.771194639797854,5.799328154173002,5.741121505149515,5.773135185241699,14543,0.0,0.0,0.0
2025-07-25 00:00:00+02:00,5.813879679037147,5.833281895305741,5.772164659637744,5.794477462768555,41643,0.0,0.0,0.0
2025-07-28 00:00:00+02:00,5.832311442762411,5.901189467565592,5.82940085610536,5.900218963623047,12764,0.0,0.0,0.0
2025-07-29 00:00:00+02:00,5.923501861249004,5.972007630242003,5.921561778516578,5.954545497894287,34845,0.0,0.0,0.0
2025-07-30 00:00:00+02:00,5.990439790792787,5.995289997613193,5.951635360717773,5.951635360717773,15408,0.0,0.0,0.0
2025-07-31 00:00:00+02:00,5.922532121714975,5.992380192080233,5.91768145205141,5.9283528327941895,77356,0.0,0.0,0.0
2025-08-01 00:00:00+02:00,5.941934716195652,5.954546180572891,5.792537689208984,5.792537689208984,22364,0.0,0.0,0.0
2025-08-04 00:00:00+02:00,5.8129098982457625,5.842983034130015,5.773135422499571,5.810969352722168,72096,0.0,0.0,0.0
2025-08-05 00:00:00+02:00,5.809999360973355,5.840072959700313,5.756643379032119,5.792537689208984,37624,0.0,0.0,0.0
2025-08-06 00:00:00+02:00,5.84007254456423,5.876936893598053,5.827461081083465,5.84977388381958,18256,0.0,0.0,0.0
2025-08-07 00:00:00+02:00,5.778955804762912,5.821640868487513,5.7585835456848145,5.7585835456848145,48768,0.0,0.0,0.0
2025-08-08 00:00:00+02:00,5.735301087200709,5.794477780678811,5.735301087200709,5.771194934844971,34121,0.0,0.0,0.0
2025-08-11 00:00:00+02:00,5.768284590201435,5.807089023386224,5.752762539376319,5.760523796081543,17322,0.0,0.0,0.0
2025-08-12 00:00:00+02:00,5.7595535784163605,5.790597219024732,5.743061947914803,5.779926300048828,12777,0.0,0.0,0.0
2025-08-13 00:00:00+02:00,5.743061785006111,5.75567324918973,5.722689526536882,5.732390403747559,8932,0.0,0.0,0.0
2025-08-14 00:00:00+02:00,5.789627035387871,5.790597076854104,5.763434065458194,5.783806324005127,5687,0.0,0.0,0.0
2025-08-15 00:00:00+02:00,5.8129098982457625,5.814849981184013,5.768284752568602,5.810969352722168,35869,0.0,0.0,0.0
2025-08-18 00:00:00+02:00,5.793507583928887,5.799328295231348,5.743061727697794,5.772164821624756,21561,0.0,0.0,0.0
2025-08-19 00:00:00+02:00,5.759553243167018,5.790596881968416,5.7411215307582255,5.778955459594727,18431,0.0,0.0,0.0
2025-08-20 00:00:00+02:00,5.780895809545761,5.82261036529121,5.77992576814498,5.819700241088867,6505,0.0,0.0,0.0
2025-08-21 00:00:00+02:00,5.834251679335265,5.8614146883958504,5.820670174804972,5.850743770599365,55325,0.0,0.0,0.0
2025-08-22 00:00:00+02:00,5.902159475821992,5.941933946758055,5.895368723774013,5.918651103973389,26730,0.0,0.0,0.0
2025-08-25 00:00:00+02:00,5.934173188067164,5.955515485687746,5.923501807964228,5.945814609527588,20500,0.0,0.0,0.0
2025-08-26 00:00:00+02:00,5.973947861627257,5.975887944407959,5.927382636793273,5.929322719573975,23183,0.0,0.0,0.0
2025-08-27 00:00:00+02:00,5.975887756583842,6.042825698852539,5.969097004479515,6.042825698852539,76879,0.0,0.0,0.0
2025-08-28 00:00:00+02:00,6.032154634437812,6.04088593230414,5.979768697581118,6.019543170928955,35425,0.0,0.0,0.0
2025-08-29 00:00:00+02:00,6.051556694978243,6.0787197041195675,6.014692346809127,6.02051305770874,71697,0.0,0.0,0.0
2025-09-01 00:00:00+02:00,6.056407531889019,6.0728996236579755,6.0515568622410525,6.06804895401001,24025,0.0,0.0,0.0
2025-09-02 00:00:00+02:00,6.076779607164724,6.116554079398159,6.028274299894901,6.066108226776123,74328,0.0,0.0,0.0
2025-09-03 00:00:00+02:00,6.081630305273398,6.086480974798787,5.966187053563901,5.974917888641357,83589,0.0,0.0,0.0
2025-09-04 00:00:00+02:00,5.969097350918669,6.003051575996257,5.956485887337924,6.001111030578613,11512,0.0,0.0,0.0
2025-09-05 00:00:00+02:00,5.991409797105259,5.991409797105259,5.825520697600224,5.875966548919678,30912,0.0,0.0,0.0
2025-09-08 00:00:00+02:00,5.896339082090307,5.903129834503331,5.80902887953964,5.846863269805908,17633,0.0,0.0,0.0
2025-09-09 00:00:00+02:00,5.862385290376145,5.952605616682398,5.859474703593675,5.938053607940674,18206,0.0,0.0,0.0
2025-09-10 00:00:00+02:00,5.920591903804321,5.966187087396809,5.888578224891697,5.956485748291016,28147,0.0,0.0,0.0
2025-09-11 00:00:00+02:00,5.984619422735235,6.0001410106199735,5.946785031857696,5.979768753051758,14365,0.0,0.0,0.0
2025-09-12 00:00:00+02:00,5.946784671162011,6.0117820681881575,5.937083332383482,5.972977638244629,19292,0.0,0.0,0.0
2025-09-15 00:00:00+02:00,5.9564856141048,5.972977705178995,5.915741100983091,5.936113357543945,50426,0.0,0.0,0.0
2025-09-16 00:00:00+02:00,5.915741128189393,5.958426186836037,5.898278995663225,5.939023971557617,37165,0.0,0.0,0.0
2025-09-17 00:00:00+02:00,5.961336189438507,5.984619032332095,5.941933974555615,5.970067024230957,6680,0.0,0.0,0.0
2025-09-18 00:00:00+02:00,5.996260534909357,6.013722204730516,5.961336270096444,5.981708526611328,13204,0.0,0.0,0.0
2025-09-19 00:00:00+02:00,5.982678825309139,6.004021586696796,5.923502135958119,5.925442218780518,23502,0.0,0.0,0.0
2025-09-22 00:00:00+02:00,5.950664781509659,5.950664781509659,5.854623748900847,5.918651103973389,34821,0.0,0.0,0.0
2025-09-23 00:00:00+02:00,5.911860776435508,6.050586876582547,5.908950652171103,6.0282745361328125,47457,0.0,0.0,0.0
2025-09-24 00:00:00+02:00,6.0079016202792745,6.123344872210108,5.995290157040266,6.11752462387085,24545,0.0,0.0,0.0
2025-09-25 00:00:00+02:00,6.097151963548983,6.150508403778076,6.076779706407828,6.150508403778076,17292,0.0,0.0,0.0
2025-09-26 00:00:00+02:00,6.170880692267577,6.243638886022832,6.1485678896291684,6.226177215576172,37674,0.0,0.0,0.0
2025-09-29 00:00:00+02:00,6.202894532827819,6.202894532827819,6.073869771004706,6.085510730743408,45341,0.0,0.0,0.0
2025-09-30 00:00:00+02:00,6.065138349323331,6.067078894727993,5.968127269576331,5.995290279388428,28349,0.0,0.0,0.0
2025-10-01 00:00:00+02:00,6.000141021983624,6.030214618975749,5.989469641176829,6.0282745361328125,51046,0.0,0.0,0.0
2025-10-02 00:00:00+02:00,6.024393645481359,6.049616571682288,5.995290091178249,6.014692306518555,57629,0.0,0.0,0.0
2025-10-03 00:00:00+02:00,6.002080696089761,6.01857278688759,5.985589067877225,5.991409778594971,22321,0.0,0.0,0.0
2025-10-06 00:00:00+02:00,6.070959171267532,6.108793562447797,6.047676789254132,6.0826005935668945,59146,0.0,0.0,0.0
2025-10-07 00:00:00+02:00,6.088421015856438,6.102002520366223,6.013722278467321,6.063198089599609,55729,0.0,0.0,0.0
2025-10-08 00:00:00+02:00,6.130135746232464,6.130135746232464,6.045736130028542,6.089391231536865,33006,0.0,0.0,0.0
2025-10-09 00:00:00+02:00,6.090361347441367,6.148567995969324,6.071929172686382,6.076779842376709,41195,0.0,0.0,0.0
2025-10-10 00:00:00+02:00,6.03797529484688,6.03797529484688,5.916711330413818,5.916711330413818,35125,0.0,0.0,0.0
2025-10-13 00:00:00+02:00,5.917681350804635,5.951635575283345,5.916711309405582,5.938053607940674,63185,0.0,0.0,0.0
2025-10-14 00:00:00+02:00,5.908950651022568,5.921562114669848,5.848803457050009,5.909920692443848,47411,0.0,0.0,0.0
2025-10-15 00:00:00+02:00,5.930292862489338,5.97588804671355,5.917681399028259,5.91962194442749,47567,0.0,0.0,0.0
2025-10-16 00:00:00+02:00,5.906039640669613,5.924471814108179,5.870145797729492,5.870145797729492,37356,0.0,0.0,0.0
2025-10-17 00:00:00+02:00,5.777985268568876,5.853654049453467,5.752762341607346,5.84977388381958,34005,0.0,0.0,0.0
2025-10-20 00:00:00+02:00,5.877906578648354,5.924471801529115,5.869175743916115,5.915740966796875,26745,0.0,0.0,0.0
2025-10-21 00:00:00+02:00,5.90312967136574,5.956485647791439,5.890518208292178,5.9176812171936035,32874,0.0,0.0,0.0
2025-10-22 00:00:00+02:00,5.9390238776903646,5.9884992251879225,5.9390238776903646,5.972977638244629,52299,0.0,0.0,0.0
2025-10-23 00:00:00+02:00,6.063198377263065,6.134016489901307,6.063198377263065,6.0826005935668945,82218,0.0,0.0,0.0
2025-10-27 00:00:00+01:00,6.079690268215921,6.080660309611232,6.0340946219538125,6.053496837615967,53648,0.0,0.0,0.0
2025-10-28 00:00:00+01:00,6.014692414207847,6.055437390961714,5.996260702502054,6.029244422912598,39038,0.0,0.0,0.0
2025-10-29 00:00:00+01:00,6.028274339909289,6.075809606111187,6.01663291805996,6.071928977966309,41695,0.0,0.0,0.0
2025-10-30 00:00:00+01:00,6.072899581312289,6.122374931103537,6.044766067618513,6.110733509063721,33254,0.0,0.0,0.0
2025-10-31 00:00:00+01:00,6.051556954963703,6.1117041493153,6.012752522356045,6.0826005935668945,87193,0.0,0.0,0.0
2025-11-03 00:00:00+01:00,6.128195642123446,6.130135724934977,6.063198242084003,6.110733509063721,90729,0.0,0.0,0.0
2025-11-04 00:00:00+01:00,6.05446720123291,6.070958829741488,6.015662770808223,6.05446720123291,81383,0.0,0.0,0.0
2025-11-05 00:00:00+01:00,6.050586592346529,6.131106040155047,6.050586592346529,6.130135536193848,46812,0.0,0.0,0.0
2025-11-06 00:00:00+01:00,6.102972829669795,6.131106343891106,6.063198355775701,6.10394287109375,33890,0.0,0.0,0.0
2025-11-07 00:00:00+01:00,6.128195501370528,6.148567758179638,6.073869483212901,6.111703872680664,47010,0.0,0.0,0.0
2025-11-10 00:00:00+01:00,6.194163416054137,6.208714962005615,6.137896852433701,6.208714962005615,55106,0.0,0.0,0.0
2025-11-11 00:00:00+01:00,6.22132631147274,6.309606552124023,6.22132631147274,6.309606552124023,36828,0.0,0.0,0.0
2025-11-12 00:00:00+01:00,6.3037858068537265,6.3057258895784365,6.231997195015923,6.233937740325928,35539,0.0,0.0,0.0
2025-11-13 00:00:00+01:00,6.230057434295092,6.264981700656718,6.209685176876802,6.234908103942871,16279,0.0,0.0,0.0
2025-11-14 00:00:00+01:00,6.232968032797263,6.296995391994901,6.187372385642149,6.283413887023926,34428,0.0,0.0,0.0
2025-11-17 00:00:00+01:00,6.304756185894698,6.331919195836649,6.283413887023926,6.283413887023926,72855,0.0,0.0,0.0
2025-11-18 00:00:00+01:00,6.20774489998672,6.238788537142581,6.18834268458747,6.230057239532471,40688,0.0,0.0,0.0
2025-11-19 00:00:00+01:00,6.269831691825664,6.287293824405191,6.1660298628981955,6.20289421081543,19244,0.0,0.0,0.0
2025-11-20 00:00:00+01:00,6.274682286432739,6.337739601174172,6.259160699381908,6.264010906219482,21584,0.0,0.0,0.0
2025-11-21 00:00:00+01:00,6.164089800650942,6.19998364472322,6.135956287637206,6.181551933288574,19670,0.0,0.0,0.0
2025-11-24 00:00:00+01:00,6.185432362601295,6.191253073728736,6.092301909732897,6.149538516998291,28210,0.0,0.0,0.0
2025-11-25 00:00:00+01:00,6.169910457563087,6.178641292512884,6.092301596632845,6.127225399017334,46232,0.0,0.0,0.0
2025-11-26 00:00:00+01:00,6.13401641802397,6.169910725928847,6.126255624110443,6.167970180511475,59805,0.0,0.0,0.0
2025-11-27 00:00:00+01:00,6.1466279430351545,6.167970242156988,6.145657901609434,6.152448654174805,20566,0.0,0.0,0.0
2025-11-28 00:00:00+01:00,6.1417771627666164,6.237818200964074,6.1417771627666164,6.231997489929199,30596,0.0,0.0,0.0
2025-12-01 00:00:00+01:00,6.228117163385447,6.28050309876055,6.1912528153121125,6.254310131072998,64543,0.0,0.0,0.0
2025-12-02 00:00:00+01:00,6.267891622237181,6.273712333109254,6.196103471595357,6.205804347991943,56890,0.0,0.0,0.0
2025-12-03 00:00:00+01:00,6.208715267800573,6.264011330173783,6.19610380399873,6.255280494689941,20043,0.0,0.0,0.0
2025-12-04 00:00:00+01:00,6.2892339599915985,6.307666134105043,6.259160826645991,6.305726051330566,16546,0.0,0.0,0.0
2025-12-05 00:00:00+01:00,6.296995182642031,6.345500489842125,6.271772256367273,6.324158191680908,74452,0.0,0.0,0.0
2025-12-08 00:00:00+01:00,6.2659514515398085,6.28147303859064,6.205804260900921,6.264010906219482,78483,0.0,0.0,0.0
2025-12-09 00:00:00+01:00,6.231997581343092,6.292144775390625,6.203864529749625,6.292144775390625,65001,0.0,0.0,0.0
2025-12-10 00:00:00+01:00,6.22617706097582,6.250429483235157,6.207744886997306,6.227147102355957,72887,0.0,0.0,0.0
2025-12-11 00:00:00+01:00,6.202033040131319,6.214853281832415,6.175406456635695,6.182309627532959,146869,0.104534,0.0,0.0
2025-12-12 00:00:00+01:00,6.203019129011751,6.212881070414728,6.127083779035869,6.133986949920654,74302,0.0,0.0,0.0
2025-12-15 00:00:00+01:00,6.180337406729725,6.184281807090289,6.075802803039551,6.075802803039551,101849,0.0,0.0,0.0
2025-12-16 00:00:00+01:00,6.088623024841902,6.088623024841902,5.940697666451687,5.952531337738037,31254,0.0,0.0,0.0
2025-12-17 00:00:00+01:00,5.985075001851326,6.013674255636312,5.974227430633725,5.9870476722717285,36479,0.0,0.0,0.0
2025-12-18 00:00:00+01:00,6.045231814956565,6.045231814956565,5.993950848359852,6.011702060699463,17850,0.0,0.0,0.0
2025-12-19 00:00:00+01:00,5.985075007558753,6.0333976738911135,5.980144507111163,6.02649450302124,20164,0.0,0.0,0.0
2025-12-22 00:00:00+01:00,6.022549630728874,6.049176214111373,6.008743288993005,6.028466701507568,85571,0.0,0.0,0.0
2025-12-23 00:00:00+01:00,6.039314751199416,6.064955234527588,6.032411580322081,6.064955234527588,36059,0.0,0.0,0.0
2025-12-29 00:00:00+01:00,6.04621792833799,6.1191945077924945,6.04621792833799,6.111305236816406,83797,0.0,0.0,0.0
2025-12-30 00:00:00+01:00,6.120180612387361,6.131028653889495,6.112291341405467,6.129056453704834,22060,0.0,0.0,0.0
2026-01-02 00:00:00+01:00,6.1665306195485465,6.21288108591765,6.136945735752289,6.207950115203857,57102,0.0,0.0,0.0
2026-01-05 00:00:00+01:00,6.468299364347302,6.468299364347302,6.235562812856473,6.321359634399414,169079,0.0,0.0,0.0
2026-01-06 00:00:00+01:00,6.364751326963362,6.382502539417629,6.294733047485352,6.294733047485352,89520,0.0,0.0,0.0
2026-01-07 00:00:00+01:00,6.2020330364820255,6.232604490576632,6.153710369986365,6.163572311401367,62095,0.0,0.0,0.0
2026-01-08 00:00:00+01:00,6.135959636287386,6.214853286743164,6.115250123579232,6.214853286743164,115107,0.0,0.0,0.0
2026-01-09 00:00:00+01:00,6.280926712528637,6.3410830506278915,6.267120370685742,6.340096950531006,84501,0.0,0.0,0.0
2026-01-12 00:00:00+01:00,6.3085393884587635,6.345027913458162,6.262189392259386,6.295719146728516,350117,0.0,0.0,0.0
2026-01-13 00:00:00+01:00,6.319387452141498,6.438714028514557,6.316429151844114,6.42983865737915,211831,0.0,0.0,0.0
2026-01-14 00:00:00+01:00,6.404198189719535,6.540289878845215,6.393350148115704,6.540289878845215,174018,0.0,0.0,0.0
2026-01-15 00:00:00+01:00,6.511691097491656,6.548179152480575,6.467313301200524,6.537331581115723,140218,0.0,0.0,0.0
2026-01-16 00:00:00+01:00,6.522538664846278,6.549165248555937,6.509718423042128,6.534372806549072,86910,0.0,0.0,0.0
2026-01-19 00:00:00+01:00,6.509718420964096,6.520566462562068,6.496898179164037,6.498870849609375,60411,0.0,0.0,0.0
2026-01-20 00:00:00+01:00,6.501829146089388,6.505774016734491,6.433783536724938,6.465341091156006,82916,0.0,0.0,0.0
2026-01-21 00:00:00+01:00,6.476188676660933,6.603404994763755,6.476188676660933,6.6004462242126465,104273,0.0,0.0,0.0
2026-01-22 00:00:00+01:00,6.622142302209678,6.633976443918251,6.5452208513472065,6.560999393463135,131927,0.0,0.0,0.0
2026-01-23 00:00:00+01:00,6.590584762071621,6.693146696778029,6.590584762071621,6.642851829528809,72558,0.0,0.0,0.0
2026-01-26 00:00:00+01:00,6.652713291868274,6.67539547520243,6.5590271987101785,6.569875240325928,119670,0.0,0.0,0.0
2026-01-27 00:00:00+01:00,6.5895986534044715,6.625100608318033,6.548179157388187,6.584667682647705,99403,0.0,0.0,0.0
2026-01-28 00:00:00+01:00,6.621156222708205,6.696105003356934,6.604391110195023,6.696105003356934,106913,0.0,0.0,0.0
2026-01-29 00:00:00+01:00,6.728648674292187,6.86079549353409,6.728648674292187,6.805570125579834,110129,0.0,0.0,0.0
2026-01-30 00:00:00+01:00,6.70991136152392,6.805570125579834,6.687229648326496,6.805570125579834,182998,0.0,0.0,0.0
2026-02-02 00:00:00+01:00,6.702022086326646,6.7878189087707215,6.6665201312696425,6.765137195587158,275328,0.0,0.0,0.0
2026-02-03 00:00:00+01:00,6.741468925115162,6.89235305732546,6.718787211887652,6.8854498863220215,115004,0.0,0.0,0.0
2026-02-04 00:00:00+01:00,6.9327864750130725,7.041265011187808,6.9327864750130725,7.0333757400512695,97465,0.0,0.0,0.0
2026-02-05 00:00:00+01:00,7.032389623120784,7.076767419742158,6.909118174836192,6.924896717071533,131892,0.0,0.0,0.0
2026-02-06 00:00:00+01:00,7.013652331871501,7.112269396753634,7.001818190036994,7.072822570800781,138248,0.0,0.0,0.0
2026-02-09 00:00:00+01:00,7.045209888920157,7.089587685692027,7.029430876388049,7.07775354385376,108660,0.0,0.0,0.0
2026-02-10 00:00:00+01:00,7.099449154957317,7.153688893326083,7.0639471996963,7.087615013122559,180984,0.0,0.0,0.0
2026-02-11 00:00:00+01:00,7.131006744127755,7.30950403213501,7.123117472947657,7.30950403213501,116560,0.0,0.0,0.0
2026-02-12 00:00:00+01:00,7.31837938831743,7.325282559366167,7.229623794555664,7.229623794555664,141072,0.0,0.0,0.0
2026-02-13 00:00:00+01:00,7.161578186672363,7.2118730545043945,7.134951602583231,7.2118730545043945,159679,0.0,0.0,0.0
2026-02-16 00:00:00+01:00,7.247375017342436,7.2917528142844645,7.218776232993017,7.277946472167969,79017,0.0,0.0,0.0
2026-02-17 00:00:00+01:00,7.280904749257772,7.325282546058032,7.107338432753097,7.1398820877075195,103961,0.0,0.0,0.0
2026-02-18 00:00:00+01:00,7.190176973992925,7.278932567822578,7.189190873877102,7.268084526062012,95713,0.0,0.0,0.0
2026-02-19 00:00:00+01:00,7.359798445694146,7.470249653183684,7.338102832341236,7.432775497436523,196899,0.0,0.0,0.0
2026-02-20 00:00:00+01:00,7.4238996404166055,7.427844511128583,7.316407203751882,7.331199645996094,175398,0.0,0.0,0.0
2026-02-23 00:00:00+01:00,7.299642094791651,7.472222311955015,7.288794053010567,7.386425018310547,133289,0.0,0.0,0.0
2026-02-24 00:00:00+01:00,7.404176228378587,7.424885741572032,7.3400750183203565,7.359798431396484,424183,0.0,0.0,0.0
2026-02-25 00:00:00+01:00,7.391355985411426,7.439678653099811,7.313448433234305,7.345992088317871,85307,0.0,0.0,0.0
2026-02-26 00:00:00+01:00,7.379521859723108,7.46729135375138,7.29766990689749,7.446581840515137,171957,0.0,0.0,0.0
2026-02-27 00:00:00+01:00,7.391355995853641,7.499835003033205,7.379521853944124,7.41601037979126,110361,0.0,0.0,0.0
2026-03-02 00:00:00+01:00,7.930791833176425,7.979114030947351,7.654664048284605,7.73355770111084,565068,0.0,0.0,0.0
2026-03-03 00:00:00+01:00,7.841050612259441,7.913041094007813,7.6645255232018625,7.759198188781738,445972,0.0,0.0,0.0
2026-03-04 00:00:00+01:00,7.73750255504088,7.757225968204592,7.5432267237688455,7.589576721191406,241527,0.0,0.0,0.0
2026-03-05 00:00:00+01:00,7.722709652696919,7.744405736375974,7.645788200183754,7.703972339630127,259924,0.0,0.0,0.0
2026-03-09 00:00:00+01:00,7.901206951971171,7.9544601206280285,7.735529904768437,7.788783073425293,486124,0.0,0.0,0.0
2026-03-10 00:00:00+01:00,7.650719176288572,7.738488670701453,7.642829905055898,7.698055744171143,229920,0.0,0.0,0.0
2026-03-11 00:00:00+01:00,7.642829918612786,7.836119650494108,7.642829918612786,7.830202579498291,252409,0.0,0.0,0.0
2026-03-12 00:00:00+01:00,7.885427500241519,8.043215267422166,7.879510429582043,8.028422355651855,276672,0.0,0.0,0.0
2026-03-13 00:00:00+01:00,8.037298206851021,8.06293869116002,7.989962579232773,8.047160148620605,142142,0.0,0.0,0.0
2026-03-16 00:00:00+01:00,8.127040379128024,8.165500635381159,8.005741128620661,8.068856239318848,275705,0.0,0.0,0.0
2026-03-17 00:00:00+01:00,8.133943566095255,8.21480941976193,8.09252453913085,8.183252334594727,260890,0.0,0.0,0.0
2026-03-18 00:00:00+01:00,8.145777708906998,8.21579599089514,8.131971366584255,8.19705867767334,199303,0.0,0.0,0.0
2026-03-19 00:00:00+01:00,8.225656536277363,8.371610633437227,8.225656536277363,8.34991455078125,428896,0.0,0.0,0.0
2026-03-20 00:00:00+01:00,8.293702612718164,8.365693090965218,8.266089929608224,8.336108207702637,347940,0.0,0.0,0.0
2026-03-23 00:00:00+01:00,8.302577969666618,8.381471618558301,7.987989944417794,8.227629661560059,765274,0.0,0.0,0.0
2026-03-24 00:00:00+01:00,8.265103838163402,8.48600625632835,8.259187237362674,8.453462600708008,541942,0.0,0.0,0.0
2026-03-25 00:00:00+01:00,8.342024811052186,8.417960630117326,8.295674815746365,8.379499435424805,231616,0.0,0.0,0.0
2026-03-26 00:00:00+01:00,8.436698440927959,8.556024551391602,8.429795269740092,8.556024551391602,158124,0.0,0.0,0.0
2026-03-27 00:00:00+01:00,8.562927739399436,8.668448448181152,8.500799198586586,8.668448448181152,159900,0.0,0.0,0.0
2026-03-30 00:00:00+02:00,8.749313836268511,8.824263085598231,8.735507494601087,8.797636032104492,374705,0.0,0.0,0.0
2026-03-31 00:00:00+02:00,8.670420178177357,8.732548715620398,8.638863094535761,8.714797973632812,305757,0.0,0.0,0.0
2026-04-01 00:00:00+02:00,8.372596239191784,8.424863775285166,8.161555775643887,8.2374906539917,623318,0.0,0.0,0.0
2026-04-02 00:00:00+02:00,8.417960625658223,8.530383558230044,8.322301864624023,8.322301864624023,128972,0.0,0.0,0.0
2026-04-07 00:00:00+02:00,8.403167735404686,8.497839926363062,8.371610651914056,8.468255043029785,254149,0.0,0.0,0.0
2026-04-08 00:00:00+02:00,7.910082353318694,8.011657720152833,7.8292164999025875,8.005741119384766,714655,0.0,0.0,0.0
2026-04-09 00:00:00+02:00,8.107316496151652,8.211850633741161,8.098441124745413,8.112247467041016,350047,0.0,0.0,0.0
2026-04-10 00:00:00+02:00,8.00672768653372,8.042229172100898,7.895289437491255,7.9505157470703125,200243,0.0,0.0,0.0
2026-04-13 00:00:00+02:00,8.125067684670327,8.140846226263527,7.987989899947674,8.030394554138184,166739,0.0,0.0,0.0
2026-04-14 00:00:00+02:00,7.93572281288795,7.951501355373486,7.740460880852306,7.797658920288086,220996,0.0,0.0,0.0
2026-04-15 00:00:00+02:00,7.77399063420619,7.814423560777256,7.727640636643838,7.763143062591553,133184,0.0,0.0,0.0
2026-04-16 00:00:00+02:00,7.736516019464444,7.89331722535753,7.734543819212184,7.860774040222168,90550,0.0,0.0,0.0
2026-04-17 00:00:00+02:00,7.876552531474398,7.888386673397489,7.400231845894494,7.473208427429199,247597,0.0,0.0,0.0
2026-04-20 00:00:00+02:00,7.714820381936875,7.741446966232543,7.602396973772581,7.666498184204102,96837,0.0,0.0,0.0
2026-04-21 00:00:00+02:00,7.634940629913986,7.6970691698631555,7.634940629913986,7.680304527282715,79695,0.0,0.0,0.0
2026-04-22 00:00:00+02:00,7.687207712989086,7.840064047966043,7.687207712989086,7.811465263366699,129738,0.0,0.0,0.0
2026-04-23 00:00:00+02:00,7.8834557525521465,7.938681591795718,7.847953796800987,7.854856967926025,87921,0.0,0.0,0.0
2026-04-24 00:00:00+02:00,7.911068901120168,7.959391098957717,7.840064049186746,7.8469672203063965,77617,0.0,0.0,0.0
2026-04-27 00:00:00+02:00,7.8962759941522105,7.942625991772467,7.8676772095279865,7.877538681030273,79855,0.0,0.0,0.0
2026-04-28 00:00:00+02:00,7.945584315045321,8.044200905488989,7.945584315045321,8.034339904785156,141823,0.0,0.0,0.0
2026-04-29 00:00:00+02:00,8.036312116180262,8.12605333587292,8.016588233772021,8.099427223205566,128776,0.0,0.0,0.0
2026-04-30 00:00:00+02:00,8.192127710049787,8.226643565870447,8.059980887556462,8.222699165344238,143204,0.0,0.0,0.0
2026-05-04 00:00:00+02:00,8.161555775843148,8.215795512085183,8.083647756859625,8.205933570861816,284428,0.0,0.0,0.0
2026-05-05 00:00:00+02:00,8.207905767687894,8.249324792225496,8.178320884516245,8.209877967834473,156374,0.0,0.0,0.0
2026-05-06 00:00:00+02:00,8.201989603939623,8.20297523382215,7.770046242544113,7.8785247802734375,304246,0.0,0.0,0.0
2026-05-07 00:00:00+02:00,7.877538657410148,7.877538657410148,7.640857699145753,7.682276725769043,179509,0.0,0.0,0.0
2026-05-08 00:00:00+02:00,7.752295011546148,7.772018424745971,7.6674842877625835,7.736515998840332,37919,0.0,0.0,0.0
2026-05-11 00:00:00+02:00,7.774976737657962,7.838091848096509,7.751308923925955,7.833160877227783,45806,0.0,0.0,0.0
2026-05-12 00:00:00+02:00,7.929806227558297,7.978128425477072,7.912054544301838,7.942625999450684,110308,0.0,0.0,0.0
2026-05-13 00:00:00+02:00,7.95446014241407,7.980100626688451,7.926847457885742,7.926847457885742,59995,0.0,0.0,0.0
2026-05-14 00:00:00+02:00,7.971224789713652,8.032367696447405,7.9584040780820375,8.012643814086914,55140,0.0,0.0,0.0
2026-05-15 00:00:00+02:00,8.104358211366858,8.195086001571093,8.076744587838196,8.188182830810547,245108,0.0,0.0,0.0
2026-05-18 00:00:00+02:00,8.260173804810227,8.332164287202835,8.16648723851624,8.325261116027832,377889,0.0,0.0,0.0
2026-05-19 00:00:00+02:00,8.383444776070005,8.430780401208413,8.36372089356414,8.395277976989746,88132,0.0,0.0,0.0
2026-05-20 00:00:00+02:00,8.434725740912976,8.51263281963353,8.317370897185784,8.334136009216309,103192,0.0,0.0,0.0
2026-05-21 00:00:00+02:00,8.2937030928043,8.384430888483005,8.254256266008626,8.337095260620117,76943,0.0,0.0,0.0
2026-05-22 00:00:00+02:00,8.257215021164898,8.298634048149689,8.1980443108391,8.222699165344238,81976,0.0,0.0,0.0
2026-05-25 00:00:00+02:00,8.133943078598179,8.160569191270982,8.034339917681017,8.097455024719238,122219,0.0,0.0,0.0
2026-05-26 00:00:00+02:00,8.113234043507658,8.211850639909393,8.097455500941765,8.120137214660645,125414,0.0,0.0,0.0
2026-05-27 00:00:00+02:00,7.994893534514938,7.999824505390107,7.8262577163356655,7.9100823402404785,189809,0.0,0.0,0.0
2026-05-28 00:00:00+02:00,7.9623498787135905,7.966294279218909,7.85189820018592,7.903179168701172,155662,0.0,0.0,0.0
2026-05-29 00:00:00+02:00,7.8183684288269735,7.885427939714101,7.754267218312837,7.780893802642822,174502,0.0,0.0,0.0
2026-06-01 00:00:00+02:00,7.857815283174292,8.01461648933824,7.8302025986218835,7.948543548583984,91089,0.0,0.0,0.0
2026-06-02 00:00:00+02:00,7.8992343070900075,8.018560409545898,7.890358936227863,8.018560409545898,140953,0.0,0.0,0.0
2026-06-03 00:00:00+02:00,8.126053819273828,8.200016501731655,8.095482364014313,8.189168930053711,56847,0.0,0.0,0.0
2026-06-04 00:00:00+02:00,8.102385059568347,8.160569196037484,8.067869205813178,8.138874053955078,41183,0.0,0.0,0.0
2026-06-05 00:00:00+02:00,8.159583561295717,8.18522404413933,8.067869200955931,8.129012107849121,64188,0.0,0.0,0.0
2026-06-08 00:00:00+02:00,8.165500634971329,8.21185063274186,8.103372094648675,8.128026008605957,95741,0.0,0.0,0.0
2026-06-09 00:00:00+02:00,8.081675992722266,8.092524504847843,7.942625999722318,7.979114055633545,52894,0.0,0.0,0.0
2026-06-10 00:00:00+02:00,7.983059418001993,8.139860154192306,7.970238705588311,8.1240816116333,106265,0.0,0.0,0.0
2026-06-11 00:00:00+02:00,8.1201372169668,8.220726954143556,8.1201372169668,8.161556243896484,86266,0.0,0.0,0.0
2026-06-12 00:00:00+02:00,7.961362851743317,8.058993812299573,7.888386273904379,8.04025650024414,81913,0.0,0.0,0.0
2026-06-15 00:00:00+02:00,7.827243796281176,7.827243796281176,7.621134292857782,7.73355770111084,121948,0.0,0.0,0.0
2026-06-16 00:00:00+02:00,7.707917208618065,7.718765250455133,7.6605811110219495,7.6763596534729,136421,0.0,0.0,0.0
2026-06-17 00:00:00+02:00,7.646774764432025,7.68819379102447,7.620148180159274,7.636912822723389,77424,0.0,0.0,0.0
2026-06-18 00:00:00+02:00,7.59499979019165,7.629000186920166,7.449999809265137,7.4710001945495605,163103,0.107087,0.0,0.0
2026-06-19 00:00:00+02:00,7.546000003814697,7.578000068664551,7.535999774932861,7.550000190734863,73344,0.0,0.0,0.0
2026-06-22 00:00:00+02:00,7.559000015258789,7.60699987411499,7.534999847412109,7.589000225067139,50960,0.0,0.0,0.0
2026-06-23 00:00:00+02:00,7.591000080108643,7.703999996185303,7.572000026702881,7.673999786376953,54948,0.0,0.0,0.0
2026-06-24 00:00:00+02:00,7.670000076293945,7.684999942779541,7.525000095367432,7.545000076293945,45814,0.0,0.0,0.0
2026-06-25 00:00:00+02:00,7.517000198364258,7.618000030517578,7.491000175476074,7.5879998207092285,100730,0.0,0.0,0.0
2026-06-26 00:00:00+02:00,7.577000141143799,7.586999893188477,7.511000156402588,7.531000137329102,28597,0.0,0.0,0.0
2026-06-29 00:00:00+02:00,7.539999961853027,7.579999923706055,7.519999980926514,7.531000137329102,75400,0.0,0.0,0.0
2026-06-30 00:00:00+02:00,7.5229997634887695,7.572000026702881,7.504000186920166,7.52400016784668,57428,0.0,0.0,0.0
2026-07-01 00:00:00+02:00,7.4710001945495605,7.491000175476074,7.414000034332275,7.433000087738037,79388,0.0,0.0,0.0
2026-07-02 00:00:00+02:00,7.427000045776367,7.5,7.4120001792907715,7.458000183105469,64861,0.0,0.0,0.0
2026-07-03 00:00:00+02:00,7.478000164031982,7.494999885559082,7.438000202178955,7.455999851226807,106967,0.0,0.0,0.0
2026-07-06 00:00:00+02:00,7.492000102996826,7.535999774932861,7.458000183105469,7.517000198364258,43220,0.0,0.0,0.0
2026-07-07 00:00:00+02:00,7.553999900817871,7.644000053405762,7.53000020980835,7.617000102996826,53237,0.0,0.0,0.0
2026-07-08 00:00:00+02:00,7.730000019073486,7.901000022888184,7.7220001220703125,7.886000156402588,132929,0.0,0.0,0.0
2026-07-09 00:00:00+02:00,7.789000034332275,7.818999767303467,7.742000102996826,7.756999969482422,31318,0.0,0.0,0.0
2026-07-10 00:00:00+02:00,7.7220001220703125,7.7789998054504395,7.7129998207092285,7.715000152587891,60028,0.0,0.0,0.0
2026-07-13 00:00:00+02:00,7.877999782562256,7.951000213623047,7.821000099182129,7.951000213623047,68867,0.0,0.0,0.0
2026-07-14 00:00:00+02:00,8.048999786376953,8.076000213623047,7.964000225067139,7.980000019073486,122632,0.0,0.0,0.0
2026-07-15 00:00:00+02:00,8.01200008392334,8.036999702453613,7.888999938964844,7.888999938964844,81362,0.0,0.0,0.0
2026-07-16 00:00:00+02:00,7.9120001792907715,8.027999877929688,7.900000095367432,8.008999824523926,127548,0.0,0.0,0.0
2026-07-17 00:00:00+02:00,8.029999732971191,8.168999671936035,8.029999732971191,8.105999946594238,66545,0.0,0.0,0.0
2026-07-20 00:00:00+02:00,8.196999549865723,8.199999809265137,8.07699966430664,8.184000015258789,107220,0.0,0.0,0.0
2026-07-21 00:00:00+02:00,8.147000312805176,8.22700023651123,8.11299991607666,8.22599983215332,107069,0.0,0.0,0.0
2026-07-22 00:00:00+02:00,8.29699993133545,8.397000312805176,8.29699993133545,8.347999572753906,50309,0.0,0.0,0.0
2026-07-23 00:00:00+02:00,8.432000160217285,8.557999610900879,8.425000190734863,8.545000076293945,123205,0.0,0.0,0.0
2026-07-24 00:00:00+02:00,8.458000183105469,8.559000015258789,8.392999649047852,8.46399974822998,126423,0.0,0.0,0.0
2026-07-27 00:00:00+02:00,8.267999649047852,8.329999923706055,8.220999717712402,8.295000076293945,152137,0.0,0.0,0.0
2026-07-28 00:00:00+02:00,8.289999961853027,8.319999694824219,8.185999870300293,8.192999839782715,205330,0.0,0.0,0.0
2026-07-29 00:00:00+02:00,8.286999702453613,8.41100025177002,8.269000053405762,8.37399959564209,83706,0.0,0.0,0.0
2026-07-30 00:00:00+02:00,8.331999778747559,8.359999656677246,8.211000442504883,8.239999771118164,55202,0.0,0.0,0.0
2026-07-31 00:00:00+02:00,8.314000129699707,8.395000457763672,8.277999877929688,8.34000015258789,99921,0.0,0.0,0.0
2026-08-03 00:00:00+02:00,8.22599983215332,8.350000381469727,8.199999809265137,8.326000213623047,53971,0.0,0.0,0.0
2026-08-04 00:00:00+02:00,8.3149995803833,8.359000205993652,8.062999725341797,8.194000244140625,84591,0.0,0.0,0.0
2026-08-05 00:00:00+02:00,8.173999786376953,8.239999771118164,8.029999732971191,8.029999732971191,66220,0.0,0.0,0.0
2026-08-06 00:00:00+02:00,8.0649995803833,8.140999794006348,8.0649995803833,8.130000114440918,25771,0.0,0.0,0.0
2026-08-07 00:00:00+02:00,8.170999526977539,8.170999526977539,8.010000228881836,8.081000328063965,47930,0.0,0.0,0.0
2026-08-10 00:00:00+02:00,8.09000015258789,8.270999908447266,8.065999984741211,8.267000198364258,46548,0.0,0.0,0.0
2026-08-11 00:00:00+02:00,8.385000228881836,8.454000473022461,8.336999893188477,8.454000473022461,51872,0.0,0.0,0.0
2026-08-12 00:00:00+02:00,8.439000129699707,8.439000129699707,8.359999656677246,8.420000076293945,28307,0.0,0.0,0.0
2026-08-13 00:00:00+02:00,8.442999839782715,8.456999778747559,8.342000007629395,8.432999610900879,34185,0.0,0.0,0.0
2026-08-14 00:00:00+02:00,8.451000213623047,8.532999992370605,8.432999610900879,8.51099967956543,34814,0.0,0.0,0.0
2026-08-17 00:00:00+02:00,8.494000434875488,8.555000305175781,8.458999633789062,8.541000366210938,81049,0.0,0.0,0.0
2026-08-18 00:00:00+02:00,8.616999626159668,8.722999572753906,8.609999656677246,8.696999549865723,32856,0.0,0.0,0.0
2026-08-19 00:00:00+02:00,8.729999542236328,8.76099967956543,8.6899995803833,8.713000297546387,45588,0.0,0.0,0.0
2026-08-20 00:00:00+02:00,8.652000427246094,8.793000221252441,8.63599967956543,8.767000198364258,74465,0.0,0.0,0.0
2026-08-21 00:00:00+02:00,8.70199966430664,8.777999877929688,8.680999755859375,8.694000244140625,55967,0.0,0.0,0.0
2026-08-24 00:00:00+02:00,8.680999755859375,8.680999755859375,8.557000160217285,8.5649995803833,172305,0.0,0.0,0.0
2026-08-25 00:00:00+02:00,8.605999946594238,8.609999656677246,8.515000343322754,8.541999816894531,58624,0.0,0.0,0.0
2026-08-26 00:00:00+02:00,8.444999694824219,8.565999984741211,8.414999961853027,8.53600025177002,44145,0.0,0.0,0.0
2026-08-27 00:00:00+02:00,8.468999862670898,8.517000198364258,8.413999557495117,8.428999900817871,35239,0.0,0.0,0.0
2026-08-28 00:00:00+02:00,8.482000350952148,8.522000312805176,8.477999687194824,8.515999794006348,61922,0.0,0.0,0.0
2026-08-31 00:00:00+02:00,8.604999542236328,8.729999542236328,8.59000015258789,8.62399959564209,110590,0.0,0.0,0.0
2026-09-01 00:00:00+02:00,8.743000030517578,8.845999717712402,8.72599983215332,8.803999900817871,84916,0.0,0.0,0.0
2026-09-02 00:00:00+02:00,8.897000312805176,8.897000312805176,8.767000198364258,8.85099983215332,74047,0.0,0.0,0.0
2026-09-03 00:00:00+02:00,8.824999809265137,8.907999992370605,8.802000045776367,8.859000205993652,104888,0.0,0.0,0.0
2026-09-04 00:00:00+02:00,8.781999588012695,8.781999588012695,8.649999618530273,8.72700023651123,51579,0.0,0.0,0.0
2026-09-07 00:00:00+02:00,8.76200008392334,8.784000396728516,8.720000267028809,8.784000396728516,69021,0.0,0.0,0.0
2026-09-08 00:00:00+02:00,8.814000129699707,8.880999565124512,8.800000190734863,8.824000358581543,154290,0.0,0.0,0.0
2026-09-09 00:00:00+02:00,8.852999687194824,8.958999633789062,8.85200023651123,8.901000022888184,130961,0.0,0.0,0.0
2026-09-10 00:00:00+02:00,8.91100025177002,9.050999641418457,8.821999549865723,8.871999740600586,36655,0.0,0.0,0.0
2026-09-11 00:00:00+02:00,8.868000030517578,8.928999900817871,8.826000213623047,8.875,73267,0.0,0.0,0.0
2026-09-14 00:00:00+02:00,9.041999816894531,9.07699966430664,8.92199993133545,8.946000099182129,229494,0.0,0.0,0.0
2026-09-15 00:00:00+02:00,8.92300033569336,9.043000221252441,8.880000114440918,9.043000221252441,59214,0.0,0.0,0.0
2026-09-16 00:00:00+02:00,9.04800033569336,9.060999870300293,8.843999862670898,8.904999732971191,73336,0.0,0.0,0.0
2026-09-17 00:00:00+02:00,8.892000198364258,8.925000190734863,8.815999984741211,8.88700008392334,85024,0.0,0.0,0.0
2026-09-18 00:00:00+02:00,8.857000350952148,8.930999755859375,8.82699966430664,8.930999755859375,110894,0.0,0.0,0.0
2026-09-21 00:00:00+02:00,8.842000007629395,8.859000205993652,8.718999862670898,8.718999862670898,89366,0.0,0.0,0.0
