Date,Open,High,Low,Close,Volume,Dividends,Stock Splits
2021-09-22 00:00:00-04:00,130.67145039155193,133.1756912254135,130.05738440288988,132.50405883789062,6344300,0.0,0.0
2021-09-23 00:00:00-04:00,133.68423336583328,136.3899569889609,133.08936097049468,135.39210510253906,5620700,0.0,0.0
2021-09-24 00:00:00-04:00,133.760978589272,136.60102839378072,133.52110882548973,136.1692657470703,3729900,0.0,0.0
2021-09-27 00:00:00-04:00,133.94324607072338,137.46453150288616,133.8856650448304,136.9560089111328,5248600,0.0,0.0
2021-09-28 00:00:00-04:00,132.03393880170427,133.92411407573906,127.15978250565695,127.50519561767578,12873900,0.0,0.0
2021-09-29 00:00:00-04:00,127.41881102958988,128.60855559074614,122.85168173073896,123.07237243652344,10730100,0.0,0.0
2021-09-30 00:00:00-04:00,124.1373877355733,125.5478229235413,123.30263111708038,123.51371765136719,7329800,0.0,0.0
2021-10-01 00:00:00-04:00,124.0222366440278,124.34847059495753,121.29732009711105,123.89751434326172,6459200,0.0,0.0
2021-10-04 00:00:00-04:00,122.4870792849406,122.64059210165875,118.17901377456619,120.12675476074219,9549500,0.0,0.0
2021-10-05 00:00:00-04:00,122.31439669867218,123.96469457211549,120.31867844955,122.8804931640625,7330400,0.0,0.0
2021-10-06 00:00:00-04:00,121.18222364639125,122.9860345534895,120.62572396382686,121.39330291748047,7388700,0.0,0.0
2021-10-07 00:00:00-04:00,123.43696914190616,124.68429478665769,122.29519409442725,122.69817352294922,5761300,0.0,0.0
2021-10-08 00:00:00-04:00,123.10114851594751,123.57128381741612,120.76961444466176,121.10543060302734,6300500,0.0,0.0
2021-10-11 00:00:00-04:00,120.60650726118325,123.96468375810038,120.56813454303305,122.33357238769531,5472000,0.0,0.0
2021-10-12 00:00:00-04:00,123.54251644168998,123.60968700220809,119.87731410646141,121.62356567382812,7637900,0.0,0.0
2021-10-13 00:00:00-04:00,123.56171173336844,124.23334414486713,122.33357971220266,123.01481628417969,4950600,0.0,0.0
2021-10-14 00:00:00-04:00,126.28658376679883,126.89106004212428,124.39640952725782,126.7183609008789,7947600,0.0,0.0
2021-10-15 00:00:00-04:00,126.90066921105655,127.52433925659892,125.93160082953362,126.25782012939453,4826600,0.0,0.0
2021-10-18 00:00:00-04:00,125.07766461474118,127.99447390358519,124.57873150884537,127.87934112548828,4208500,0.0,0.0
2021-10-19 00:00:00-04:00,127.92734675829044,129.85589442743455,127.23652065342027,129.14588928222656,3694300,0.0,0.0
2021-10-20 00:00:00-04:00,128.54139009578122,129.72154504979426,127.94651785953644,128.5509796142578,4619000,0.0,0.0
2021-10-21 00:00:00-04:00,126.32501008458622,128.10003747039917,125.22160043779543,127.93692779541016,5611000,0.0,0.0
2021-10-22 00:00:00-04:00,129.73115517847668,135.82383772232453,129.0595082015678,130.42196655273438,10744900,0.0,0.0
2021-10-25 00:00:00-04:00,130.7290306566124,132.33135903697598,129.81752841682933,130.25888061523438,4005600,0.0,0.0
2021-10-26 00:00:00-04:00,131.71726994692511,131.8324027367229,126.34418193556044,126.6512222290039,7864600,0.0,0.0
2021-10-27 00:00:00-04:00,127.87938341558312,128.83886259165473,126.08516204128615,126.80477142333984,7837600,0.0,0.0
2021-10-28 00:00:00-04:00,129.11708974494297,132.2641795398438,129.06911286919103,130.50833129882812,6391700,0.0,0.0
2021-10-29 00:00:00-04:00,129.32816153194577,131.6980757152419,129.09789595331745,131.11279296875,5715300,0.0,0.0
2021-11-01 00:00:00-04:00,131.42940752125347,134.0104079456364,130.8921017128512,133.8568878173828,5329000,0.0,0.0
2021-11-02 00:00:00-04:00,133.84730649050138,135.73748109390004,133.2620237761421,135.48802185058594,4822900,0.0,0.0
2021-11-03 00:00:00-04:00,135.70872196813494,137.54133050507767,134.21193696180075,136.96563720703125,4117500,0.0,0.0
2021-11-04 00:00:00-04:00,137.4645586429246,144.39199810413854,136.72575572318914,144.0465850830078,9272800,0.0,0.0
2021-11-05 00:00:00-04:00,144.18093575849392,147.50072541395332,142.76089607742267,147.07855224609375,7706800,0.0,0.0
2021-11-08 00:00:00-05:00,148.5849368415722,148.61372004388127,145.10202295727998,146.76193237304688,5878500,0.0,0.0
2021-11-09 00:00:00-05:00,146.7811268592326,150.3311970423039,145.28434161970455,149.95700073242188,7274600,0.0,0.0
2021-11-10 00:00:00-05:00,147.0401700573848,148.71925845934516,144.18092647795496,144.30564880371094,7149500,0.0,0.0
2021-11-11 00:00:00-05:00,146.0614901198723,147.9324713192624,145.16918164035098,147.663818359375,5061000,0.0,0.0
2021-11-12 00:00:00-05:00,148.40264139669156,151.0316195918218,147.8653354042247,150.4655303955078,5778600,0.0,0.0
2021-11-15 00:00:00-05:00,150.5998634327813,151.7320418745693,148.91117065114378,149.9378204345703,7304300,0.0,0.0
2021-11-16 00:00:00-05:00,149.08390475641866,152.5572152874391,147.3280558047418,151.46340942382812,6200700,0.0,0.0
2021-11-17 00:00:00-05:00,151.51133272664896,152.08701134358336,149.57318104318142,149.65953063964844,5759200,0.0,0.0
2021-11-18 00:00:00-05:00,152.07739802762327,152.53794377720382,148.46976281501907,152.30767822265625,9929500,0.0,0.0
2021-11-19 00:00:00-05:00,144.85256580319043,150.11050734989618,143.67241056956536,143.95065307617188,16028700,0.0,0.0
2021-11-22 00:00:00-05:00,144.88136749357824,146.7811323189908,141.38886359127324,141.5711669921875,9029100,0.0,0.0
2021-11-23 00:00:00-05:00,142.6841224756234,143.87386701521288,139.22040284702058,142.88560485839844,7254500,0.0,0.0
2021-11-24 00:00:00-05:00,142.6069261973572,143.31809210599897,140.12747251298765,143.2027587890625,6185900,0.24,0.0
2021-11-26 00:00:00-05:00,139.93523384137671,141.44403959568004,136.67735076106544,137.7056427001953,7334100,0.0,0.0
2021-11-29 00:00:00-05:00,141.05004391785116,145.65336028841568,139.82953459583783,145.3266143798828,9932300,0.0,0.0
2021-11-30 00:00:00-05:00,145.2209169339017,146.05700645898725,140.75214336063067,141.4536895751953,13505800,0.0,0.0
2021-12-01 00:00:00-05:00,145.35547951200445,150.47776031830406,144.00042656377576,145.7591094970703,14372000,0.0,0.0
2021-12-02 00:00:00-05:00,142.23210670339859,144.058053558943,138.13813377601898,140.7809600830078,9573200,0.0,0.0
2021-12-03 00:00:00-05:00,142.72226122602723,144.86536419754464,137.7441432867142,140.14671325683594,7768000,0.0,0.0
2021-12-06 00:00:00-05:00,140.09862596038823,142.57807934585074,135.5241390927054,141.6362762451172,8579700,0.0,0.0
2021-12-07 00:00:00-05:00,145.1151969039315,151.84239146239187,144.2791074156128,150.77565002441406,10514900,0.0,0.0
2021-12-08 00:00:00-05:00,150.74682975884073,151.70785761280143,149.10346567635457,151.16006469726562,6582400,0.0,0.0
2021-12-09 00:00:00-05:00,149.76656286409315,152.1691322683456,146.44141502051488,146.7008819580078,5420000,0.0,0.0
2021-12-10 00:00:00-05:00,150.0260496350859,150.77565014191174,144.77883142318473,146.77777099609375,5291900,0.0,0.0
2021-12-13 00:00:00-05:00,148.08477805276607,148.4499733286934,141.00200748286173,141.36720275878906,6202500,0.0,0.0
2021-12-14 00:00:00-05:00,139.3297994137626,142.42430994910413,138.89733985807868,141.97262573242188,5691500,0.0,0.0
2021-12-15 00:00:00-05:00,142.18404927455663,147.8925563191046,139.50278836848193,147.67152404785156,6883000,0.0,0.0
2021-12-16 00:00:00-05:00,148.3827159424891,149.29570426522392,140.55994868243326,140.98280334472656,7155900,0.0,0.0
2021-12-17 00:00:00-05:00,139.6277238719874,143.17391883230343,138.59943174203454,140.45420837402344,9334700,0.0,0.0
2021-12-20 00:00:00-05:00,138.19579196566752,141.05965052534597,137.6672237757639,139.35862731933594,4653400,0.0,0.0
2021-12-21 00:00:00-05:00,143.53909935059477,145.61492272356065,141.29029802860796,145.51881408691406,5986900,0.0,0.0
2021-12-22 00:00:00-05:00,144.1253524187766,146.49909245685762,143.1162702113778,146.38377380371094,4293700,0.0,0.0
2021-12-23 00:00:00-05:00,147.1045510057085,150.43930440284063,147.0372720124143,149.43023681640625,4625500,0.0,0.0
2021-12-27 00:00:00-05:00,150.10293797708815,156.46493747098404,150.10293797708815,156.37844848632812,6416500,0.0,0.0
2021-12-28 00:00:00-05:00,156.5033623117833,156.63790559935094,152.5631429894017,153.41845703125,5834300,0.0,0.0
2021-12-29 00:00:00-05:00,153.66832609880532,156.66674254776157,153.33197519629152,154.70623779296875,4654400,0.0,0.0
2021-12-30 00:00:00-05:00,154.41789143048712,154.6485433092242,151.48676929115965,151.8231201171875,4171400,0.0,0.0
2021-12-31 00:00:00-05:00,151.97692590196954,153.44729716799174,150.91978952451328,151.22732543945312,3594300,0.0,0.0
2022-01-03 00:00:00-05:00,151.59253543887866,154.5140535947913,150.59305828208574,153.69717407226562,5363900,0.0,0.0
2022-01-04 00:00:00-05:00,153.7548652428874,155.53275813160076,148.48842157888973,152.18838500976562,6947000,0.0,0.0
2022-01-05 00:00:00-05:00,151.88083640777225,152.6977159536979,147.51777637944699,147.74842834472656,6840100,0.0,0.0
2022-01-06 00:00:00-05:00,147.3063427939877,151.26577271227626,145.9224603895822,150.24708557128906,6576000,0.0,0.0
2022-01-07 00:00:00-05:00,149.0554037597506,151.24654576649567,144.76921371883606,144.93258666992188,6335700,0.0,0.0
2022-01-10 00:00:00-05:00,141.963044844134,144.0580786610471,137.68647355318396,143.76016235351562,9683900,0.0,0.0
2022-01-11 00:00:00-05:00,142.59730680844063,146.7105045371586,140.5695376043762,146.50868225097656,6824400,0.0,0.0
2022-01-12 00:00:00-05:00,148.69982452795008,153.52418809711187,148.59411088541856,153.3319854736328,10379800,0.0,0.0
2022-01-13 00:00:00-05:00,157.60855292153693,160.03995198555054,150.40084470866177,151.05433654785156,12553600,0.0,0.0
2022-01-14 00:00:00-05:00,149.70894809203602,160.54934329656092,149.53597008223605,160.49168395996094,11437300,0.0,0.0
2022-01-18 00:00:00-05:00,158.91554020899085,159.42488371413833,145.61492043148547,146.42218017578125,12417000,0.0,0.0
2022-01-19 00:00:00-05:00,148.41152508562647,149.74736788592418,137.35009971812661,137.4942626953125,12929000,0.0,0.0
2022-01-20 00:00:00-05:00,140.01213467631746,141.57861459498713,133.1600021540695,133.7270050048828,10573800,0.0,0.0
2022-01-21 00:00:00-05:00,132.1605210926256,136.36981205471983,129.40236187908445,129.79638671875,12408200,0.0,0.0
2022-01-24 00:00:00-05:00,126.38474742259059,134.0057047013753,124.63568463566686,133.86154174804688,13204800,0.0,0.0
2022-01-25 00:00:00-05:00,129.54654870867304,131.09380403336186,126.25021577167497,127.80709075927734,11800000,0.0,0.0
2022-01-26 00:00:00-05:00,132.3431518526699,136.062324944624,127.66293624530951,130.29615783691406,11852600,0.0,0.0
2022-01-27 00:00:00-05:00,129.00838139447586,130.17121685881682,124.26090156006069,125.07776641845703,13539100,0.0,0.0
2022-01-28 00:00:00-05:00,124.5492186929854,127.33619366992376,119.02330106958827,127.28813934326172,13292900,0.0,0.0
2022-01-31 00:00:00-05:00,127.73981408798001,132.97741269269596,126.5000946716744,132.79481506347656,8588900,0.0,0.0
2022-02-01 00:00:00-05:00,132.84288879465217,133.85197107020718,128.17229239316322,133.2080841064453,8151400,0.0,0.0
2022-02-02 00:00:00-05:00,135.21658690330048,135.8893033228954,131.86260980270657,135.2742462158203,8134100,0.0,0.0
2022-02-03 00:00:00-05:00,132.8044144625718,135.71632709443855,129.8348425174591,131.18988037109375,10040600,0.0,0.0
2022-02-04 00:00:00-05:00,129.10445493713394,131.42053516398272,126.79799437211553,130.28652954101562,8514400,0.0,0.0
2022-02-07 00:00:00-05:00,130.46916245841345,132.90056224562431,129.9309890980366,130.8247528076172,7242200,0.0,0.0
2022-02-08 00:00:00-05:00,129.5850130777739,133.7750957791685,128.29723906645904,133.34263610839844,6644100,0.0,0.0
2022-02-09 00:00:00-05:00,136.13922611475724,139.32983135837142,134.05379717395823,138.58023071289062,7652600,0.0,0.0
2022-02-10 00:00:00-05:00,134.34204019380797,139.50276831755826,133.59243984763057,134.3228302001953,8525700,0.0,0.0
2022-02-11 00:00:00-05:00,134.1114300337867,135.08206281541263,126.16372616341195,127.32657623291016,9473100,0.0,0.0
2022-02-14 00:00:00-05:00,127.21124162687444,129.16212683304806,124.63569423386261,126.72112274169922,9529300,0.0,0.0
2022-02-15 00:00:00-05:00,129.44083425035407,134.90908467393382,129.0564143392408,134.39012145996094,9065200,0.0,0.0
2022-02-16 00:00:00-05:00,133.08314707198488,136.18727792409285,131.56472114373767,135.4665069580078,7990700,0.0,0.0
2022-02-17 00:00:00-05:00,137.26361181115203,138.18619035027248,129.49850489696766,131.15147399902344,11879800,0.0,0.0
2022-02-18 00:00:00-05:00,131.65121713697613,131.68965180071484,125.82737575232903,128.153076171875,8151300,0.0,0.0
2022-02-22 00:00:00-05:00,125.10111157172561,130.12672295271813,123.71473399206415,125.40918731689453,7667700,0.24,0.0
2022-02-23 00:00:00-05:00,127.04588039350215,129.2217138066364,122.86749605823451,123.09855651855469,8413800,0.0,0.0
2022-02-24 00:00:00-05:00,118.49653910647189,128.65366317697698,118.1114335186525,128.45147705078125,8500900,0.0,0.0
2022-02-25 00:00:00-05:00,128.3937775381268,131.07025131730887,126.83410978364964,130.6658935546875,7784500,0.0,0.0
2022-02-28 00:00:00-05:00,128.8366450512451,131.95598034454193,127.11329515647152,129.20248413085938,7428100,0.0,0.0
2022-03-01 00:00:00-05:00,128.7596074534404,130.03044380161947,123.3200012693466,124.78340148925781,9212500,0.0,0.0
2022-03-02 00:00:00-05:00,125.15887221067075,129.4624130688517,124.8219001400333,128.22044372558594,7008700,0.0,0.0
2022-03-03 00:00:00-05:00,130.08820289237067,130.08820289237067,124.74489350699267,125.77503967285156,5449700,0.0,0.0
2022-03-04 00:00:00-05:00,123.59921279359875,124.73526327094456,119.49785050577393,121.0575180053711,7096100,0.0,0.0
2022-03-07 00:00:00-05:00,122.80973088052122,123.28148882891576,114.67440733852938,114.78031158447266,9207100,0.0,0.0
2022-03-08 00:00:00-05:00,115.32908911256882,123.10819625073928,113.76941435094231,119.52672576904297,10525000,0.0,0.0
2022-03-09 00:00:00-05:00,122.94452325879293,125.00483031456422,121.50038238725529,123.83026123046875,7623200,0.0,0.0
2022-03-10 00:00:00-05:00,121.03827074775222,121.30784255596498,118.11147747449205,120.31620025634766,5604400,0.0,0.0
2022-03-11 00:00:00-05:00,125.15886282775574,125.15886282775574,118.77576346784083,119.03570556640625,6016000,0.0,0.0
2022-03-14 00:00:00-04:00,119.13198388816404,120.07549242335163,114.66477569298323,115.65641784667969,6733200,0.0,0.0
2022-03-15 00:00:00-04:00,117.18721791627372,120.2969304482793,115.39648266599674,119.77704620361328,6875300,0.0,0.0
2022-03-16 00:00:00-04:00,122.57866755351719,125.87131407245087,120.43170838930112,125.62098693847656,9668900,0.0,0.0
2022-03-17 00:00:00-04:00,124.50418425549232,127.33468754316732,123.53178683175918,127.07475280761719,6781100,0.0,0.0
2022-03-18 00:00:00-04:00,125.73654096585031,130.69475220839755,124.9181885748772,130.1074676513672,11516500,0.0,0.0
2022-03-21 00:00:00-04:00,129.10621687435565,130.33854940587878,127.00739089092363,129.20248413085938,6206600,0.0,0.0
2022-03-22 00:00:00-04:00,129.009932742166,132.22554992806414,128.86552451457507,130.434814453125,4997800,0.0,0.0
2022-03-23 00:00:00-04:00,128.63444911916426,130.06896775491106,126.31419246147072,126.5260009765625,5457900,0.0,0.0
2022-03-24 00:00:00-04:00,128.05675049391797,133.48671834937068,126.43932013680994,133.428955078125,7617800,0.0,0.0
2022-03-25 00:00:00-04:00,133.46750430130734,133.81409869875534,129.78012950612919,131.95596313476562,6074200,0.0,0.0
2022-03-28 00:00:00-04:00,130.0593435020821,132.6202905698558,128.72110667487993,132.5336456298828,5209600,0.0,0.0
2022-03-29 00:00:00-04:00,134.8634664313916,136.72158678433803,133.73703862785223,136.17282104492188,6162600,0.0,0.0
2022-03-30 00:00:00-04:00,135.45078804215046,136.03807258223515,130.04970061303104,130.74288940429688,6387500,0.0,0.0
2022-03-31 00:00:00-04:00,131.03169544554436,132.23514593754768,126.74739994156634,126.8918228149414,8474800,0.0,0.0
2022-04-01 00:00:00-04:00,127.93161461156262,128.08564512032083,120.8938306549547,122.66531372070312,10138100,0.0,0.0
2022-04-04 00:00:00-04:00,122.4342575239636,124.87004054307029,122.17431540708252,124.6197280883789,8347800,0.0,0.0
2022-04-05 00:00:00-04:00,123.98429835688046,124.17684752240592,116.83098741293965,117.17758178710938,11653700,0.0,0.0
2022-04-06 00:00:00-04:00,114.5781397447105,116.70583976480236,112.71038185170518,114.88622283935547,11602000,0.0,0.0
2022-04-07 00:00:00-04:00,114.64552381384286,119.2860291992868,114.17376587320094,117.84188842773438,11817200,0.0,0.0
2022-04-08 00:00:00-04:00,116.7443668361218,117.83228380422996,115.01139460390569,115.4927749633789,6408100,0.0,0.0
2022-04-11 00:00:00-04:00,113.79829521592755,114.61664756787869,111.81501081347878,111.91128540039062,7785100,0.0,0.0
2022-04-12 00:00:00-04:00,113.70201935487599,114.81882511732304,109.91837010392632,110.2938461303711,9883800,0.0,0.0
2022-04-13 00:00:00-04:00,110.948526820312,113.72128198263928,110.22645638766932,112.5082015991211,9351400,0.0,0.0
2022-04-14 00:00:00-04:00,113.03771764042376,113.15324420333833,109.0326302997068,109.13853454589844,7711200,0.0,0.0
2022-04-18 00:00:00-04:00,108.3105628755544,111.66097285242815,108.15651766039691,110.5923080444336,6822700,0.0,0.0
2022-04-19 00:00:00-04:00,109.87985599877497,112.87404181709888,109.31183081514793,112.70074462890625,6086600,0.0,0.0
2022-04-20 00:00:00-04:00,116.03188956592595,117.81300232628516,113.14360813219257,113.49983215332031,8856100,0.0,0.0
2022-04-21 00:00:00-04:00,114.77068894401815,116.5710538899179,111.04480281993784,111.38177490234375,7849400,0.0,0.0
2022-04-22 00:00:00-04:00,110.93892762327351,111.8631770882399,108.43574372554751,108.59941864013672,8489400,0.0,0.0
2022-04-25 00:00:00-04:00,107.26116907486329,110.4479045214079,107.05898287162717,110.20721435546875,8518300,0.0,0.0
2022-04-26 00:00:00-04:00,108.63789589990358,108.98449028221961,104.77723141983442,104.86387634277344,9461800,0.0,0.0
2022-04-27 00:00:00-04:00,104.33434787451588,108.18538949969685,103.88184930831248,104.7579574584961,6891600,0.0,0.0
2022-04-28 00:00:00-04:00,107.2611464300942,111.67058375677412,105.50891534051507,110.3612289428711,7379100,0.0,0.0
2022-04-29 00:00:00-04:00,108.82082981413238,111.83427520339599,106.05771158368208,106.24063110351562,7998900,0.0,0.0
2022-05-02 00:00:00-04:00,106.9626891307359,108.98448469371924,104.15143025857698,108.76305389404297,9425100,0.0,0.0
2022-05-03 00:00:00-04:00,108.00247437632959,110.45751661654903,107.28040399335679,109.56214904785156,5463700,0.0,0.0
2022-05-04 00:00:00-04:00,109.91838813689532,114.68405804291514,107.86771047563035,114.3855972290039,6352100,0.0,0.0
2022-05-05 00:00:00-04:00,111.74761407247235,112.54670707273088,107.68476347338233,109.24443817138672,8172500,0.0,0.0
2022-05-06 00:00:00-04:00,107.71367070910573,110.76562788725003,105.79777886184036,108.31058502197266,6247000,0.0,0.0
2022-05-09 00:00:00-04:00,103.92036795540412,106.66423383834012,101.45569614619325,101.81192016601562,10088400,0.0,0.0
2022-05-10 00:00:00-04:00,105.1526995343412,105.48966422922675,101.26314636055507,103.18866729736328,8881000,0.0,0.0
2022-05-11 00:00:00-04:00,102.68804866661337,105.06606116803826,99.75162591151565,100.05007934570312,8311700,0.0,0.0
2022-05-12 00:00:00-04:00,99.1932169806271,102.89984358009588,99.15470567770234,102.78431701660156,9287100,0.0,0.0
2022-05-13 00:00:00-04:00,104.16106009653474,108.4357116910083,104.00701489190811,107.69438934326172,8321100,0.0,0.0
2022-05-16 00:00:00-04:00,105.52819454743211,108.12764534247813,104.57506356861933,106.36579895019531,7218200,0.0,0.0
2022-05-17 00:00:00-04:00,110.27460751313036,112.95108098810469,109.10966798925281,112.48895263671875,6646500,0.0,0.0
2022-05-18 00:00:00-04:00,109.74508084086882,112.69113332812822,106.66424979992894,107.19376373291016,8522800,0.0,0.0
2022-05-19 00:00:00-04:00,107.26115929428788,109.25407339272965,106.09621253352041,106.61610412597656,10115800,0.0,0.0
2022-05-20 00:00:00-04:00,107.82916147248892,108.54160208982555,97.55651008436067,102.49546813964844,16285500,0.0,0.0
2022-05-23 00:00:00-04:00,103.10202926615669,107.20339148432049,102.99613235767309,105.83627319335938,7669100,0.0,0.0
2022-05-24 00:00:00-04:00,103.86259788634277,104.68095017015861,101.77340940865095,102.62063598632812,6785400,0.0,0.0
2022-05-25 00:00:00-04:00,101.40459314302409,105.60284028038231,101.40459314302409,104.74388885498047,7378200,0.26,0.0
2022-05-26 00:00:00-04:00,103.22866010562015,111.67341313156984,103.09354464626418,111.05574035644531,9173100,0.0,0.0
2022-05-27 00:00:00-04:00,112.55167634052448,115.52422395115387,112.33934993335653,115.31190490722656,8510500,0.0,0.0
2022-05-31 00:00:00-04:00,113.44924275084419,114.53981977664279,111.52865908084566,113.19831085205078,9751200,0.0,0.0
2022-06-01 00:00:00-04:00,113.8449271480773,114.36608996060058,108.86493921158947,110.46702575683594,6852200,0.0,0.0
2022-06-02 00:00:00-04:00,110.68900577512647,113.31411890109904,109.58877562133515,113.23690795898438,6408500,0.0,0.0
2022-06-03 00:00:00-04:00,110.88202722650821,112.28144059536083,110.15819120194841,110.9495849609375,5080700,0.0,0.0
2022-06-06 00:00:00-04:00,113.05355009400367,113.76773300331753,110.38018526662768,110.98820495605469,3824600,0.0,0.0
2022-06-07 00:00:00-04:00,109.2509919364725,111.94366310027469,108.47890451779715,111.63482666015625,4725500,0.0,0.0
2022-06-08 00:00:00-04:00,111.24878993797772,111.63483736595819,107.31112678965525,108.53681945800781,5138300,0.0,0.0
2022-06-09 00:00:00-04:00,107.22423690225385,108.06388930447105,103.41203695303282,103.49889373779297,5947900,0.0,0.0
2022-06-10 00:00:00-04:00,101.7713332097451,102.60133236773115,98.25831660009071,98.32587432861328,8391600,0.0,0.0
2022-06-13 00:00:00-04:00,94.83215578228445,95.40156982064616,92.3132062698515,92.95983123779297,10484200,0.0,0.0
2022-06-14 00:00:00-04:00,94.00217797412954,94.54263987703845,92.06229526798693,93.2493896484375,7058400,0.0,0.0
2022-06-15 00:00:00-04:00,94.43646871765759,95.83588940311284,92.2553075079677,94.02146911621094,9377200,0.0,0.0
2022-06-16 00:00:00-04:00,91.48322335892259,91.79205976860338,85.6539296833618,86.4646224975586,13359300,0.0,0.0
2022-06-17 00:00:00-04:00,85.13277751286738,87.76754421513934,84.56336330259232,86.6962661743164,14451300,0.0,0.0
2022-06-21 00:00:00-04:00,88.50101863361708,92.34217853521062,87.97986315413497,91.84996795654297,12207400,0.0,0.0
2022-06-22 00:00:00-04:00,89.84251141337779,92.58344060966564,89.61088597924804,90.6628646850586,7652000,0.0,0.0
2022-06-23 00:00:00-04:00,91.32881296096352,91.99474454442368,88.89672684919356,90.02590942382812,8286300,0.0,0.0
2022-06-24 00:00:00-04:00,91.99471979148133,94.85145801253579,91.36739385328673,93.96355438232422,10582900,0.0,0.0
2022-06-27 00:00:00-04:00,94.55226816190388,95.42087267921241,93.1721541408579,94.20482635498047,4950100,0.0,0.0
2022-06-28 00:00:00-04:00,94.68740859812529,95.4595033424968,91.43496924375482,91.7052001953125,6494200,0.0,0.0
2022-06-29 00:00:00-04:00,90.69181688766697,90.91378911429203,88.22112595650938,88.73263549804688,7570200,0.0,0.0
2022-06-30 00:00:00-04:00,87.10160012665901,90.25752189973255,86.15578449764612,87.80613708496094,8183600,0.0,0.0
2022-07-01 00:00:00-04:00,85.62497230501113,85.62497230501113,81.51358186412705,83.26043701171875,13121600,0.0,0.0
2022-07-05 00:00:00-04:00,80.33615147080855,83.2218499374339,79.78603634590603,82.99987030029297,9549900,0.0,0.0
2022-07-06 00:00:00-04:00,83.2411305641874,84.42822470944999,81.9864786944458,83.54031372070312,5732400,0.0,0.0
2022-07-07 00:00:00-04:00,85.59602590655965,87.97986041616197,85.5767194889627,87.58415985107422,7469600,0.0,0.0
2022-07-08 00:00:00-04:00,86.51286621923529,88.45274849384589,86.1847308121041,88.00879669189453,4890800,0.0,0.0
2022-07-11 00:00:00-04:00,86.37776353543825,86.92787860644158,84.75637058460096,85.5284652709961,5319300,0.0,0.0
2022-07-12 00:00:00-04:00,86.12683147828943,86.8796197461727,85.01694813012588,85.63462829589844,5492300,0.0,0.0
2022-07-13 00:00:00-04:00,83.51138170528198,86.97614763461144,83.46313038366638,85.97242736816406,5786900,0.0,0.0
2022-07-14 00:00:00-04:00,85.39337241946915,88.86778470186937,83.39558480484583,88.47208404541016,8686500,0.0,0.0
2022-07-15 00:00:00-04:00,89.13799996430016,91.29020175910492,87.06300175435473,91.17439270019531,8051200,0.0,0.0
2022-07-18 00:00:00-04:00,92.41937276853443,93.03704550082414,89.32135589973268,89.8907699584961,5683400,0.0,0.0
2022-07-19 00:00:00-04:00,91.37706979160866,95.19892352576822,91.07788655908283,94.80323028564453,8203200,0.0,0.0
2022-07-20 00:00:00-04:00,94.18555652311164,99.27171600571214,94.1083529296624,98.6636962890625,8314000,0.0,0.0
2022-07-21 00:00:00-04:00,99.9279840254478,100.34298367047967,97.49589068513595,100.21751403808594,5463800,0.0,0.0
2022-07-22 00:00:00-04:00,100.09204969238645,100.33332837953324,97.41868507862611,98.12321472167969,5100400,0.0,0.0
2022-07-25 00:00:00-04:00,97.00368124355232,97.7371631191973,95.9903078561016,97.4765853881836,4367000,0.0,0.0
2022-07-26 00:00:00-04:00,97.07122751795288,97.45727482774852,95.13134512457876,95.45948791503906,5073900,0.0,0.0
2022-07-27 00:00:00-04:00,97.06161031226084,100.85451236362346,96.56939962562035,99.85079193115234,7275000,0.0,0.0
2022-07-28 00:00:00-04:00,99.7639140560583,101.61693260326717,97.2353107679512,101.49147033691406,6090500,0.0,0.0
2022-07-29 00:00:00-04:00,99.88937209105946,102.83297489024693,99.44542020979921,102.2828598022461,5817700,0.0,0.0
2022-08-01 00:00:00-04:00,100.84482935843343,103.59540468306162,100.05343562708003,102.68820190429688,4737500,0.0,0.0
2022-08-02 00:00:00-04:00,101.05716924319239,102.82333108421248,100.04380312696559,101.32740020751953,4137900,0.0,0.0
2022-08-03 00:00:00-04:00,102.05120939247676,106.74166664568699,101.9933048763165,105.20713806152344,6088000,0.0,0.0
2022-08-04 00:00:00-04:00,105.6028508762776,107.31110805378609,105.22645672460439,107.18563842773438,5279600,0.0,0.0
2022-08-05 00:00:00-04:00,105.2554063129459,107.3400575891448,103.69192521903749,105.7958755493164,4784000,0.0,0.0
2022-08-08 00:00:00-04:00,105.39052367183031,106.51006027281475,102.24425501025173,104.06832122802734,6038600,0.0,0.0
2022-08-09 00:00:00-04:00,100.1306578741075,100.34298430265795,94.46543149590916,96.18334197998047,10355800,0.0,0.0
2022-08-10 00:00:00-04:00,99.18483203570456,101.46250326065221,97.4186777742777,101.38529968261719,8599800,0.0,0.0
2022-08-11 00:00:00-04:00,102.09948841065292,105.11064902610862,101.32739367953883,101.84855651855469,5555600,0.0,0.0
2022-08-12 00:00:00-04:00,102.49517817057627,107.43656808417975,102.07053270967998,106.52935791015625,6644700,0.0,0.0
2022-08-15 00:00:00-04:00,105.96959328197087,107.75505394158914,104.23238393771278,105.95028686523438,8342600,0.0,0.0
2022-08-16 00:00:00-04:00,104.65703280510957,105.76690873871694,103.27691859005351,104.70528411865234,4892400,0.0,0.0
2022-08-17 00:00:00-04:00,103.267253803757,103.52783148474487,100.48772663251555,102.30213928222656,5495600,0.0,0.0
2022-08-18 00:00:00-04:00,102.95843685417783,105.51599229085926,101.81960120962584,104.49296569824219,10062400,0.0,0.0
2022-08-19 00:00:00-04:00,102.91018715585712,103.55681965964303,99.744611830499,100.9799575805664,12380900,0.0,0.0
2022-08-22 00:00:00-04:00,99.21379649134764,99.81216290726398,96.84926100153703,97.293212890625,6180100,0.0,0.0
2022-08-23 00:00:00-04:00,97.58275171743199,99.70600119506523,97.52484718940742,98.3741455078125,4882300,0.0,0.0
2022-08-24 00:00:00-04:00,97.9677450967346,98.78051099414358,96.8937277451085,98.19029235839844,4741200,0.26,0.0
2022-08-25 00:00:00-04:00,98.66440936899744,101.77034895861289,98.18061801767908,101.59618377685547,7645200,0.0,0.0
2022-08-26 00:00:00-04:00,101.59620171994965,101.59620171994965,95.35529513855276,95.5971908569336,7757100,0.0,0.0
2022-08-29 00:00:00-04:00,94.38770688048083,95.51009911106146,93.2459588595739,93.41044616699219,5609700,0.0,0.0
2022-08-30 00:00:00-04:00,94.73602963928188,95.09403052864177,90.5270388136264,91.45591735839844,11623200,0.0,0.0
2022-08-31 00:00:00-04:00,91.63977553647548,91.74621024599863,89.60785292370304,91.02052307128906,8729700,0.0,0.0
2022-09-01 00:00:00-04:00,88.57254186901925,88.9886028221868,86.14390665950299,88.83378601074219,9953700,0.0,0.0
2022-09-02 00:00:00-04:00,90.13032828693818,90.7979553175789,87.60493689685065,88.28224182128906,6795400,0.0,0.0
2022-09-06 00:00:00-04:00,88.16614016865584,88.63057574063735,86.32773152289246,87.36304473876953,5922500,0.0,0.0
2022-09-07 00:00:00-04:00,87.63397312714032,89.76265231552132,86.96633863877108,88.95956420898438,5567500,0.0,0.0
2022-09-08 00:00:00-04:00,88.06937222750616,90.78828457632369,87.33401470628071,90.74958038330078,5233000,0.0,0.0
2022-09-09 00:00:00-04:00,92.03647684491933,93.8652077116091,91.9784168582142,93.38141632080078,5094300,0.0,0.0
2022-09-12 00:00:00-04:00,93.75877083530891,94.50380631172156,92.15257991177296,93.17822265625,5329300,0.0,0.0
2022-09-13 00:00:00-04:00,89.433685941099,90.32386041947379,87.08245924616956,87.4598159790039,8422200,0.0,0.0
2022-09-14 00:00:00-04:00,88.95956654740652,88.95956654740652,86.69541891719993,87.70170593261719,5828200,0.0,0.0
2022-09-15 00:00:00-04:00,87.1211479891924,87.87586132095109,85.23435727772546,86.0374526977539,7120300,0.0,0.0
2022-09-16 00:00:00-04:00,84.77961141135488,86.45352559677514,84.12165478244283,85.98908996582031,10893600,0.0,0.0
2022-09-19 00:00:00-04:00,85.0021485510523,87.36305297440799,84.8666875479487,86.81153106689453,5260300,0.0,0.0
2022-09-20 00:00:00-04:00,85.16663303315654,86.13421581299372,84.51835434236263,85.26339721679688,4435700,0.0,0.0
2022-09-21 00:00:00-04:00,85.50530462617324,88.30161865243825,84.22809547709052,84.26679229736328,6953400,0.0,0.0
2022-09-22 00:00:00-04:00,83.83137225813843,83.97651115291947,81.84782458762955,82.28324127197266,8558400,0.0,0.0
2022-09-23 00:00:00-04:00,81.46079172716361,81.74139160239109,80.01908815629791,81.55754852294922,7384500,0.0,0.0
2022-09-26 00:00:00-04:00,81.55753968316733,82.80572214510467,80.15454045909689,80.25130462646484,7015800,0.0,0.0
2022-09-27 00:00:00-04:00,81.69301060770357,82.41869765892133,79.85460193487116,81.42208862304688,6220000,0.0,0.0
2022-09-28 00:00:00-04:00,80.30937904535338,83.59916231398698,80.15456224114872,83.21212768554688,7992500,0.0,0.0
2022-09-29 00:00:00-04:00,82.0026384312186,82.34129091882721,80.50288220914683,81.68333435058594,8542500,0.0,0.0
2022-09-30 00:00:00-04:00,79.2837410058211,81.72204653708204,78.8870284943544,79.27406311035156,9051000,0.0,0.0
2022-10-03 00:00:00-04:00,80.34807034916366,84.76992310599249,80.31904404855239,83.45401000976562,9631500,0.0,0.0
2022-10-04 00:00:00-04:00,86.23098152392728,87.34369583479142,85.60205122947957,86.51158142089844,7914900,0.0,0.0
2022-10-05 00:00:00-04:00,84.80864623788851,87.24695200060302,83.39597603016325,86.32775115966797,7608600,0.0,0.0
2022-10-06 00:00:00-04:00,86.0955189980225,88.23387605561416,85.03117203454501,85.26339721679688,6686700,0.0,0.0
2022-10-07 00:00:00-04:00,82.40902010757817,82.76702837854765,79.3611330033642,79.92233276367188,10029900,0.0,0.0
2022-10-10 00:00:00-04:00,79.34177624708178,79.46755933236743,74.85219340122711,76.62287139892578,14211900,0.0,0.0
2022-10-11 00:00:00-04:00,75.2198827781635,76.21649185417776,72.53968174249475,73.82656860351562,12441100,0.0,0.0
2022-10-12 00:00:00-04:00,74.06847035797024,74.5038796890387,73.02347910492038,73.54597473144531,7770200,0.0,0.0
2022-10-13 00:00:00-04:00,69.84013067320399,78.87735098309021,68.81449521057631,76.84542846679688,17560200,0.0,0.0
2022-10-14 00:00:00-04:00,76.980887022019,77.30986902045787,72.17199921142709,72.39454650878906,10453000,0.0,0.0
2022-10-17 00:00:00-04:00,74.70707625336541,75.36503293324441,71.75595278111126,71.99784851074219,10772300,0.0,0.0
2022-10-18 00:00:00-04:00,74.20392203832107,74.92960908691988,71.74626101455127,72.79125213623047,10231000,0.0,0.0
2022-10-19 00:00:00-04:00,72.56870824558197,75.26826507816611,72.02686425294426,74.75544738769531,10579200,0.0,0.0
2022-10-20 00:00:00-04:00,75.8197914718393,79.45790499509269,74.70706973619248,76.11006927490234,13287900,0.0,0.0
2022-10-21 00:00:00-04:00,76.27455769316082,79.97072387789815,75.59724527019706,79.74817657470703,11569500,0.0,0.0
2022-10-24 00:00:00-04:00,80.14488499453857,82.3219462917907,79.24503269639152,82.18648529052734,12005000,0.0,0.0
2022-10-25 00:00:00-04:00,83.15407454489558,85.63108433980678,82.97023143659244,84.6925277709961,10349400,0.0,0.0
2022-10-26 00:00:00-04:00,83.66686892600013,87.32432998698312,83.0185903531951,85.28273010253906,8989100,0.0,0.0
2022-10-27 00:00:00-04:00,85.9019947897656,87.07276902359257,83.57012421652671,83.73461151123047,6822500,0.0,0.0
2022-10-28 00:00:00-04:00,83.81202582634634,87.01472257154991,83.65720903304451,86.81153106689453,6388600,0.0,0.0
2022-10-31 00:00:00-04:00,85.97940118925145,86.50189674450445,84.81830487673608,85.4278793334961,6875400,0.0,0.0
2022-11-01 00:00:00-04:00,87.56625545768507,87.85653329048407,86.11488105783394,86.8792724609375,6105600,0.0,0.0
2022-11-02 00:00:00-04:00,87.42110551775656,90.26580134502052,84.69252228538515,84.91506958007812,10650300,0.0,0.0
2022-11-03 00:00:00-04:00,83.17341365087931,84.86668349079642,81.95425729915922,83.50239562988281,6849700,0.0,0.0
2022-11-04 00:00:00-04:00,87.1308424599814,88.8241125225857,85.9600606633291,88.72734832763672,8692700,0.0,0.0
2022-11-07 00:00:00-05:00,89.26920416349023,92.03649196407137,89.11438734960531,91.9590835571289,7684200,0.0,0.0
2022-11-08 00:00:00-05:00,93.83618541168892,95.58750795885157,91.70749877209494,94.30062103271484,10067000,0.0,0.0
2022-11-09 00:00:00-05:00,92.19129881583713,93.47818586247105,91.18501169996283,91.32047271728516,6864600,0.0,0.0
2022-11-10 00:00:00-05:00,96.9131068299896,101.4897698140965,96.25515016255333,101.39301300048828,11692800,0.0,0.0
2022-11-11 00:00:00-05:00,101.89614633479702,107.29526034397958,101.39300650701367,106.94692993164062,11160000,0.0,0.0
2022-11-14 00:00:00-05:00,105.33106820666812,106.6566593506556,103.96677286335932,104.12158966064453,7761700,0.0,0.0
2022-11-15 00:00:00-05:00,107.56617139691167,108.48537942883614,105.2439713453005,106.87918853759766,9438600,0.0,0.0
2022-11-16 00:00:00-05:00,101.96387631779933,103.65714627611071,99.65135393672833,100.84148406982422,12082500,0.0,0.0
2022-11-17 00:00:00-05:00,97.16464616369191,102.17672449427955,96.96145469675764,101.06400299072266,10682800,0.0,0.0
2022-11-18 00:00:00-05:00,106.42442971143862,106.43410760638268,100.28995832551932,101.30591583251953,10921100,0.0,0.0
2022-11-21 00:00:00-05:00,100.17384997673844,102.47670185431849,98.5386326192395,101.73165893554688,9282400,0.0,0.0
2022-11-22 00:00:00-05:00,102.48637291810037,103.81196407002878,100.48347672916984,103.570068359375,8497200,0.0,0.0
2022-11-23 00:00:00-05:00,103.12388799554522,105.30625019133134,103.12388799554522,104.43330383300781,4077500,0.26,0.0
2022-11-25 00:00:00-05:00,103.70584713760792,104.26841337648726,102.60981903775973,102.638916015625,3012500,0.0,0.0
2022-11-28 00:00:00-05:00,100.87363976752727,101.93086955537633,99.71941017524945,100.35957336425781,6382700,0.0,0.0
2022-11-29 00:00:00-05:00,100.93183493353968,101.7659829412587,99.82610523029282,100.14618682861328,3450400,0.0,0.0
2022-11-30 00:00:00-05:00,100.84453024465681,106.34408102971052,99.57391288515899,106.30528259277344,11167000,0.0,0.0
2022-12-01 00:00:00-05:00,106.83875120685589,107.34311608390875,102.58072082926479,103.79314422607422,6976200,0.0,0.0
2022-12-02 00:00:00-05:00,101.1840061878754,104.09382232525684,101.08701379663837,103.50215911865234,3903300,0.0,0.0
2022-12-05 00:00:00-05:00,103.1723892329559,104.45270810844039,102.04725671205212,103.23058319091797,4692500,0.0,0.0
2022-12-06 00:00:00-05:00,103.60884996348578,103.85133463456678,100.65053401627969,101.5622787475586,4571700,0.0,0.0
2022-12-07 00:00:00-05:00,101.56229592427225,104.41391850647952,101.00943107670615,102.92021179199219,6383600,0.0,0.0
2022-12-08 00:00:00-05:00,103.82226603071345,106.1501209892589,103.29849811003722,105.3450698852539,5493200,0.0,0.0
2022-12-09 00:00:00-05:00,104.54001860806696,106.44109805771643,103.78346741280356,104.11324310302734,4705700,0.0,0.0
2022-12-12 00:00:00-05:00,103.60886733571542,106.13070685778881,102.46433920030685,106.08221435546875,4831400,0.0,0.0
2022-12-13 00:00:00-05:00,111.92123854044002,112.60019274649075,107.81840152379112,108.5070571899414,9557300,0.0,0.0
2022-12-14 00:00:00-05:00,108.01238155459052,109.2248050118753,105.2868559906289,106.34408569335938,6429300,0.0,0.0
2022-12-15 00:00:00-05:00,104.51090081874437,104.77278102649294,100.89302600769965,101.41679382324219,6773500,0.0,0.0
2022-12-16 00:00:00-05:00,101.0191292667906,102.74561917697885,100.43716745662148,101.58169555664062,12925700,0.0,0.0
2022-12-19 00:00:00-05:00,101.67869753836261,101.90177934325706,99.58362594430382,100.86394500732422,6162500,0.0,0.0
2022-12-20 00:00:00-05:00,99.00166653504692,101.46531231137294,98.97256955108212,100.38867950439453,4761800,0.0,0.0
2022-12-21 00:00:00-05:00,101.48469577498344,103.30818548726552,101.06762178760466,102.71652221679688,4889100,0.0,0.0
2022-12-22 00:00:00-05:00,99.04045719720293,99.52542662529615,93.08503321222177,94.66603088378906,11326600,0.0,0.0
2022-12-23 00:00:00-05:00,93.7833884348351,94.4623426601179,92.46427102567479,94.29745483398438,4753500,0.0,0.0
2022-12-27 00:00:00-05:00,93.28870561314744,93.9288613150233,92.30906544204646,92.47395324707031,6121400,0.0,0.0
2022-12-28 00:00:00-05:00,91.82410691876989,92.90073960807162,90.86386955265206,91.3973388671875,4274000,0.0,0.0
2022-12-29 00:00:00-05:00,93.16261895799619,94.70481800292171,92.27026969296081,94.2198486328125,5071800,0.0,0.0
2022-12-30 00:00:00-05:00,92.72616183620286,94.54965179225881,92.17329693251604,94.45265197753906,3407000,0.0,0.0
2023-01-03 00:00:00-05:00,96.77078121970483,97.0132658956488,93.23051087095871,93.82217407226562,5921500,0.0,0.0
2023-01-04 00:00:00-05:00,95.2673933322839,96.62530917807997,94.2683575186052,96.32462310791016,6289500,0.0,0.0
2023-01-05 00:00:00-05:00,94.89881302850996,96.25672889131503,94.43324652700579,94.97640991210938,4557100,0.0,0.0
2023-01-06 00:00:00-05:00,96.99388528922884,101.70778870628907,95.61657389413287,101.1355209350586,7241700,0.0,0.0
2023-01-09 00:00:00-05:00,102.37704277709051,105.49054542118166,101.02882844398066,103.28878021240234,6212300,0.0,0.0
2023-01-10 00:00:00-05:00,102.94929782642232,104.93767521415644,102.67771616176594,104.79218292236328,4638800,0.0,0.0
2023-01-11 00:00:00-05:00,103.47305948502057,106.87754635037264,103.32756720187743,106.75144958496094,5532600,0.0,0.0
2023-01-12 00:00:00-05:00,107.25583428767281,108.52645174774894,104.00654078744986,106.88725280761719,5330900,0.0,0.0
2023-01-13 00:00:00-05:00,104.2975237695308,106.88725873327557,104.21023282470726,106.66417694091797,5641600,0.0,0.0
2023-01-17 00:00:00-05:00,106.12100982666016,107.30432897078116,104.540004814352,106.12100982666016,4848100,0.0,0.0
2023-01-18 00:00:00-05:00,107.43043057137012,109.01142825453614,106.28590241667162,106.40229034423828,5374100,0.0,0.0
2023-01-19 00:00:00-05:00,106.19860259902191,106.34409490650995,102.90080902949292,102.96871185302734,5325100,0.0,0.0
2023-01-20 00:00:00-05:00,103.58945876815116,106.4798720240157,103.2887727314339,106.3537826538086,5078500,0.0,0.0
2023-01-23 00:00:00-05:00,105.26745059028137,111.45566450644456,105.2383536119996,110.72821044921875,7669300,0.0,0.0
2023-01-24 00:00:00-05:00,110.05896533449535,110.6409271795085,109.08902645945801,109.59339141845703,3504700,0.0,0.0
2023-01-25 00:00:00-05:00,107.65350297704634,110.99979620362434,106.12100533071869,110.52452087402344,5957600,0.0,0.0
2023-01-26 00:00:00-05:00,110.96100924129095,112.28012670877843,108.89503469292272,112.10553741455078,5813000,0.0,0.0
2023-01-27 00:00:00-05:00,109.23452124718732,110.46634039039103,107.3722329408603,109.11812591552734,8705700,0.0,0.0
2023-01-30 00:00:00-05:00,107.36253311793067,107.63411481051537,104.7242982756003,104.94738006591797,7351700,0.0,0.0
2023-01-31 00:00:00-05:00,105.68452955864429,108.20636892996856,105.34505246251238,108.13847351074219,6577100,0.0,0.0
2023-02-01 00:00:00-05:00,108.7398324267143,116.51873784355477,108.54584763927954,115.43241119384766,9886400,0.0,0.0
2023-02-02 00:00:00-05:00,116.69332708717639,121.16474525700754,116.68363302783844,120.52458953857422,11206500,0.0,0.0
2023-02-03 00:00:00-05:00,119.22485990576644,119.9523139104958,116.01436526624187,116.37324523925781,6156900,0.0,0.0
2023-02-06 00:00:00-05:00,114.65647219188158,115.84950025027281,113.39555610907833,114.15210723876953,5331000,0.0,0.0
2023-02-07 00:00:00-05:00,113.86112014848565,117.64388311488987,113.24035988118351,116.89702606201172,4935300,0.0,0.0
2023-02-08 00:00:00-05:00,115.56820985466975,115.78159757533193,111.99883476371407,112.46440124511719,6460500,0.0,0.0
2023-02-09 00:00:00-05:00,114.8019669803412,115.96589068191443,111.6205686226644,112.59050750732422,5512200,0.0,0.0
2023-02-10 00:00:00-05:00,111.3489820058063,111.51386983291182,109.5739921491873,111.31987762451172,4374400,0.0,0.0
2023-02-13 00:00:00-05:00,111.70785251780676,113.21126065413335,111.10649518331287,113.02696990966797,4198200,0.0,0.0
2023-02-14 00:00:00-05:00,111.41686610172196,115.43241190679417,110.42752443957644,114.87954711914062,4870700,0.0,0.0
2023-02-15 00:00:00-05:00,113.48284028067435,115.98528417569509,112.50320001478562,115.86888885498047,4980000,0.0,0.0
2023-02-16 00:00:00-05:00,113.36644082682535,114.53037179139932,111.67874943824549,111.92123413085938,9117600,0.0,0.0
2023-02-17 00:00:00-05:00,113.26945631212374,113.87082105567107,109.97166278307492,111.96974182128906,9287100,0.0,0.0
2023-02-21 00:00:00-05:00,110.22383999917297,111.37806949059038,107.59530684984924,107.93478393554688,7583900,0.0,0.0
2023-02-22 00:00:00-05:00,108.03199653965213,109.2569760108362,106.43757245750386,107.34172821044922,5089200,0.26,0.0
2023-02-23 00:00:00-05:00,109.41255732030437,110.79309428307793,106.85564668496659,109.77227783203125,7136100,0.0,0.0
2023-02-24 00:00:00-05:00,107.92507717407152,108.98478293591752,107.31257988293427,108.21673583984375,5808400,0.0,0.0
2023-02-27 00:00:00-05:00,110.35558971418256,110.72502694615777,108.3917208170165,108.95560455322266,5362700,0.0,0.0
2023-02-28 00:00:00-05:00,112.91250940118229,114.78887567247287,111.65835716020167,112.92223358154297,13010900,0.0,0.0
2023-03-01 00:00:00-05:00,114.42914840508816,116.00413174843357,113.6902739236553,114.00138092041016,6756800,0.0,0.0
2023-03-02 00:00:00-05:00,112.2416789638732,115.78052395063207,110.76392253470924,115.15830993652344,6502200,0.0,0.0
2023-03-03 00:00:00-05:00,115.44997338434133,115.82913480880299,113.69999187345988,115.65413665771484,7232400,0.0,0.0
2023-03-06 00:00:00-05:00,116.51938917222233,118.12353746071946,114.93468924115248,115.24579620361328,5775700,0.0,0.0
2023-03-07 00:00:00-05:00,115.04164733832137,115.42080876443336,112.44584760036211,113.13611602783203,5225900,0.0,0.0
2023-03-08 00:00:00-05:00,113.37915947974206,115.79023669187984,113.37915947974206,115.35274505615234,4474900,0.0,0.0
2023-03-09 00:00:00-05:00,115.39165474695474,117.59856909125915,113.60278375395924,113.78750610351562,5701400,0.0,0.0
2023-03-10 00:00:00-05:00,115.05136359061724,115.3235887058021,110.7541958354889,111.21113586425781,7009600,0.0,0.0
2023-03-13 00:00:00-04:00,110.6278077433681,114.05970881682252,108.80977186443333,112.62083435058594,8221300,0.0,0.0
2023-03-14 00:00:00-04:00,115.47914281972602,117.87077936234003,114.60415203160474,116.99578857421875,8322400,0.0,0.0
2023-03-15 00:00:00-04:00,115.22636662765295,115.52775687790067,112.48473375616152,115.18748474121094,9517700,0.0,0.0
2023-03-16 00:00:00-04:00,114.92498110757518,119.99992016786679,113.6513879611547,119.41659545898438,6787700,0.0,0.0
2023-03-17 00:00:00-04:00,120.21380165817958,120.93323518284515,118.24021599211173,119.19297790527344,13761500,0.0,0.0
2023-03-20 00:00:00-04:00,119.58185702438485,121.29294908794031,119.0276974958449,120.59295654296875,4974700,0.0,0.0
2023-03-21 00:00:00-04:00,120.43741065326536,122.12906193487173,115.11942648283073,117.05412292480469,10090100,0.0,0.0
2023-03-22 00:00:00-04:00,116.92773565046423,120.3013067551954,115.39164893309892,115.55692291259766,8342500,0.0,0.0
2023-03-23 00:00:00-04:00,117.89994884416257,121.51657262384333,116.83051891575867,119.36798858642578,6182200,0.0,0.0
2023-03-24 00:00:00-04:00,118.25966208690247,118.72632630160466,114.76943061746452,116.20829772949219,6354500,0.0,0.0
2023-03-27 00:00:00-04:00,117.39438773227789,117.61799935350844,115.03191652718175,115.56663513183594,4628200,0.0,0.0
2023-03-28 00:00:00-04:00,115.58606924794807,115.75134320058172,112.36805588280151,113.16526794433594,5523800,0.0,0.0
2023-03-29 00:00:00-04:00,115.42081415240962,117.6471767481155,114.09860748057227,116.5194091796875,7865300,0.0,0.0
2023-03-30 00:00:00-04:00,118.60965478598771,119.95130230921325,117.96799243746082,118.71659851074219,6213800,0.0,0.0
2023-03-31 00:00:00-04:00,118.14299489518778,120.08741553637991,117.63744879212332,119.41659545898438,5016500,0.0,0.0
2023-04-03 00:00:00-04:00,118.24992605553183,119.03742137533067,117.24855071853024,118.9207534790039,5146800,0.0,0.0
2023-04-04 00:00:00-04:00,119.52353112088566,119.55269624175499,116.07218174875399,116.78189849853516,4772200,0.0,0.0
2023-04-05 00:00:00-04:00,116.26662167270511,116.36384863280603,112.43611828422522,114.05970764160156,6691700,0.0,0.0
2023-04-06 00:00:00-04:00,111.00697668723473,112.08613075578246,108.76117318006166,111.26947021484375,6275000,0.0,0.0
2023-04-10 00:00:00-04:00,109.34448336438344,113.46665257259917,109.32503500647839,113.26248931884766,4096500,0.0,0.0
2023-04-11 00:00:00-04:00,114.06944783484967,114.55555303409402,112.85418483673878,113.14584350585938,3373000,0.0,0.0
2023-04-12 00:00:00-04:00,114.45832848417393,114.52638291240402,109.73338556026681,110.01532745361328,5838900,0.0,0.0
2023-04-13 00:00:00-04:00,110.37504167418552,110.74448636041653,108.42089676150104,110.31671142578125,5299500,0.0,0.0
2023-04-14 00:00:00-04:00,110.20974324492825,111.85278077269689,108.27504712245867,109.76252746582031,5211600,0.0,0.0
2023-04-17 00:00:00-04:00,106.18481509514106,108.85839354458248,105.97092763240555,108.68339538574219,6952200,0.0,0.0
2023-04-18 00:00:00-04:00,109.37366316746663,110.43336887692637,107.45840761233168,108.17784118652344,5055000,0.0,0.0
2023-04-19 00:00:00-04:00,106.79729307187239,107.53617492900209,106.08758375245377,107.27367401123047,6796800,0.0,0.0
2023-04-20 00:00:00-04:00,108.15839610904212,113.0972262238994,108.15839610904212,111.21113586425781,8699500,0.0,0.0
2023-04-21 00:00:00-04:00,110.31670049792231,110.92919029762403,109.09171348114313,110.30697631835938,4516800,0.0,0.0
2023-04-24 00:00:00-04:00,110.33613666784733,110.77363572074962,109.41253991845704,110.45280456542969,3218100,0.0,0.0
2023-04-25 00:00:00-04:00,109.37365540630302,110.50142288016613,107.35145626395409,107.53617858886719,6282600,0.0,0.0
2023-04-26 00:00:00-04:00,108.07089914379856,108.40144708128449,106.76813350121225,107.24451446533203,6245800,0.0,0.0
2023-04-27 00:00:00-04:00,108.20700168625301,109.06254401934903,106.11674820595401,108.5764389038086,9447000,0.0,0.0
2023-04-28 00:00:00-04:00,108.59589730836366,110.11255055656194,108.03202092086369,109.8889389038086,8064400,0.0,0.0
2023-05-01 00:00:00-04:00,110.15142148048872,111.25974054381038,108.98476475984067,109.81114196777344,4171600,0.0,0.0
2023-05-02 00:00:00-04:00,109.78198053454562,110.23892054250813,108.10977770428951,109.04310607910156,4850200,0.0,0.0
2023-05-03 00:00:00-04:00,108.82923346003304,112.06668842241544,108.78061997356905,110.14171600341797,5624100,0.0,0.0
2023-05-04 00:00:00-04:00,109.9083671548358,110.25836342365828,108.61532579598473,109.32503509521484,3579600,0.0,0.0
2023-05-05 00:00:00-04:00,110.54029258893749,113.37915190268762,109.83058332353113,112.83470916748047,4874200,0.0,0.0
2023-05-08 00:00:00-04:00,113.62222634643852,114.32221156828403,111.7361358926882,112.5333480834961,3247600,0.0,0.0
2023-05-09 00:00:00-04:00,110.90975029698207,111.2305814688997,109.72365257101444,110.6764144897461,3173700,0.0,0.0
2023-05-10 00:00:00-04:00,112.30974852090911,113.00974123543253,110.96810076299066,112.20281219482422,4101000,0.0,0.0
2023-05-11 00:00:00-04:00,112.09585401283368,112.62084106372807,110.74448224756136,112.25140380859375,3630400,0.0,0.0
2023-05-12 00:00:00-04:00,113.46665699534034,113.816653277521,111.7944541843384,112.86388397216797,3838700,0.0,0.0
2023-05-15 00:00:00-04:00,113.44722456274489,117.8902254264284,112.79583801143542,117.74439239501953,5859200,0.0,0.0
2023-05-16 00:00:00-04:00,117.47215887919808,119.64990762499151,117.09299749900022,117.55965423583984,5080700,0.0,0.0
2023-05-17 00:00:00-04:00,118.85270286633386,122.79015733928532,118.49298240417237,122.20682525634766,7349600,0.0,0.0
2023-05-18 00:00:00-04:00,122.31378507239748,128.39009992445406,122.26517900400694,126.3095703125,10891200,0.0,0.0
2023-05-19 00:00:00-04:00,124.73457839819584,124.7540267569817,121.76933416027678,123.42208862304688,10257200,0.0,0.0
2023-05-22 00:00:00-04:00,123.69431402458196,124.01513777157133,122.15822004129713,123.03321075439453,4709100,0.0,0.0
2023-05-23 00:00:00-04:00,122.3915601433389,123.2082206928748,120.73880551832471,121.03046417236328,4604500,0.0,0.0
2023-05-24 00:00:00-04:00,118.83736687706433,119.51967250417701,117.14136320574244,118.65217590332031,6315600,0.32,0.0
2023-05-25 00:00:00-04:00,123.95459307083051,127.42457856318225,122.94088785628594,127.17115783691406,9575700,0.0,0.0
2023-05-26 00:00:00-04:00,127.46358731418299,133.2339029741487,126.70331019204787,132.6198272705078,9083800,0.0,0.0
2023-05-30 00:00:00-04:00,134.51077980821097,135.29055541937686,132.06424851524847,133.116943359375,7753800,0.0,0.0
2023-05-31 00:00:00-04:00,130.2220289028524,132.31766179610253,128.81843585660891,129.9296112060547,11368600,0.0,0.0
2023-06-01 00:00:00-04:00,130.34875079399183,132.74655840890216,128.36033693793138,131.4209442138672,5007000,0.0,0.0
2023-06-02 00:00:00-04:00,131.72311296410604,131.90831137439054,129.03290229482798,131.22601318359375,5327400,0.0,0.0
2023-06-05 00:00:00-04:00,131.41120653146507,131.73284969453303,129.6761985231559,130.3487548828125,3798300,0.0,0.0
2023-06-06 00:00:00-04:00,128.07764982510898,131.9277891231032,127.44409050601215,130.55343627929688,5468900,0.0,0.0
2023-06-07 00:00:00-04:00,131.84981013786538,133.57504639148954,130.20253805984336,131.59637451171875,4835700,0.0,0.0
2023-06-08 00:00:00-04:00,132.41519067969537,133.30217104427595,130.75816137945137,132.75633239746094,4507000,0.0,0.0
2023-06-09 00:00:00-04:00,134.30608786264193,134.4912862502827,132.38591135795502,132.67831420898438,3675200,0.0,0.0
2023-06-12 00:00:00-04:00,134.2573462488867,136.6843788299869,133.37035138988304,136.46994018554688,5931900,0.0,0.0
2023-06-13 00:00:00-04:00,137.9222797701636,138.92623581116086,135.88512740526488,138.20494079589844,6859500,0.0,0.0
2023-06-14 00:00:00-04:00,134.91040642122408,137.78581482161903,134.73494985761317,137.60061645507812,6474600,0.0,0.0
2023-06-15 00:00:00-04:00,135.18331886129272,137.85403028252028,134.44252543223797,136.56741333007812,5524400,0.0,0.0
2023-06-16 00:00:00-04:00,137.32771646913704,137.38619704086744,134.63750605865286,135.41726684570312,8847400,0.0,0.0
2023-06-20 00:00:00-04:00,135.59271792277627,136.77213060567618,133.79924438868173,135.01763916015625,3840000,0.0,0.0
2023-06-21 00:00:00-04:00,135.0273731551427,135.64144884380718,132.43462566187293,133.2144012451172,4715300,0.0,0.0
2023-06-22 00:00:00-04:00,131.58663234720532,136.07033095415505,131.58663234720532,135.4075164794922,3763600,0.0,0.0
2023-06-23 00:00:00-04:00,133.09743702662269,133.33135928508375,131.43066657017846,132.62957763671875,6956900,0.0,0.0
2023-06-26 00:00:00-04:00,133.01946859589805,137.30821223699326,133.01946859589805,136.26527404785156,7256100,0.0,0.0
2023-06-27 00:00:00-04:00,136.60641440352174,142.98106411024983,136.4212308934951,142.8446044921875,7343900,0.0,0.0
2023-06-28 00:00:00-04:00,139.18945486380343,142.23056417933796,138.4584178265702,140.3883514404297,6645200,0.0,0.0
2023-06-29 00:00:00-04:00,141.03165836829504,141.57749694067778,139.88148577107228,140.58328247070312,3916500,0.0,0.0
2023-06-30 00:00:00-04:00,141.62621531415851,141.86989427551356,139.8132432467575,140.8854217529297,6142600,0.0,0.0
2023-07-03 00:00:00-04:00,140.3785657789149,142.22077794230256,139.75474829694716,141.79190063476562,2533600,0.0,0.0
2023-07-05 00:00:00-04:00,140.60276056346186,141.25581839449254,138.56560801805495,138.66307067871094,5198400,0.0,0.0
2023-07-06 00:00:00-04:00,137.10354671282244,137.75660460321012,135.2515775162299,136.83062744140625,5793500,0.0,0.0
2023-07-07 00:00:00-04:00,136.08981581076463,138.52660532104466,135.8851338207715,136.0410919189453,3459400,0.0,0.0
2023-07-10 00:00:00-04:00,136.24579573886302,138.29270520465658,136.16781667728196,137.00607299804688,6364400,0.0,0.0
2023-07-11 00:00:00-04:00,136.63564438332028,136.8890799927392,130.62165009236892,134.08189392089844,7706100,0.0,0.0
2023-07-12 00:00:00-04:00,135.69021213731813,136.1678134277499,134.3645978680452,135.3782958984375,5590100,0.0,0.0
2023-07-13 00:00:00-04:00,136.57718292964182,140.02768543792365,136.47972026644314,139.043212890625,5410800,0.0,0.0
2023-07-14 00:00:00-04:00,140.91469823836184,141.71395761862001,138.78006783414563,139.13096618652344,6058800,0.0,0.0
2023-07-17 00:00:00-04:00,139.36483371486452,142.79583682555105,138.24391671286614,141.8211212158203,6306700,0.0,0.0
2023-07-18 00:00:00-04:00,140.16411560222392,141.47997282619139,138.3219035902849,140.8561553955078,6492700,0.0,0.0
2023-07-19 00:00:00-04:00,140.4078147309889,140.99263529039138,137.61037025609122,138.19520568847656,5379400,0.0,0.0
2023-07-20 00:00:00-04:00,134.33534911681232,134.6959892314364,130.1440678770548,130.65090942382812,9883200,0.0,0.0
2023-07-21 00:00:00-04:00,131.801075372839,133.8284860786193,131.7718350878552,132.95123291015625,15686100,0.0,0.0
2023-07-24 00:00:00-04:00,134.1209222573592,135.56349771600534,133.38988528620277,134.85195922851562,5276000,0.0,0.0
2023-07-25 00:00:00-04:00,135.18336635442353,137.82483842335623,134.99816793209524,136.5187225341797,5038500,0.0,0.0
2023-07-26 00:00:00-04:00,134.15013530749957,136.742867935284,133.350861242293,135.50498962402344,4050400,0.0,0.0
2023-07-27 00:00:00-04:00,140.58325086397497,146.62648564280113,140.5637672571886,142.44496154785156,8928900,0.0,0.0
2023-07-28 00:00:00-04:00,145.79797381898047,149.40441887571617,144.94021925758005,148.0885467529297,7802000,0.0,0.0
2023-07-31 00:00:00-04:00,148.08858674223188,148.81962370274624,146.71424855993348,147.75718688964844,4184400,0.0,0.0
2023-08-01 00:00:00-04:00,147.10408841034845,148.9950392062625,146.48027097104512,148.77085876464844,3088100,0.0,0.0
2023-08-02 00:00:00-04:00,146.81166634057467,146.81166634057467,143.16623933084153,143.6048583984375,5468300,0.0,0.0
2023-08-03 00:00:00-04:00,142.31823217658814,144.94021975562146,141.6846729289101,144.07272338867188,4338600,0.0,0.0
2023-08-04 00:00:00-04:00,143.79008386086022,145.30089637673575,141.4020330444032,141.97711181640625,3984500,0.0,0.0
2023-08-07 00:00:00-04:00,143.3319535668866,146.87991829094682,143.3124550875122,146.5777587890625,3896100,0.0,0.0
2023-08-08 00:00:00-04:00,144.40412928485875,144.5600873709957,142.21101889487147,144.26766967773438,3443700,0.0,0.0
2023-08-09 00:00:00-04:00,144.23846796788197,145.14496157210792,141.13887826017384,141.48977661132812,4796600,0.0,0.0
2023-08-10 00:00:00-04:00,143.05904885408452,144.23844669864482,139.48184348471696,140.9536590576172,4018300,0.0,0.0
2023-08-11 00:00:00-04:00,138.6240952362073,138.8677742090071,135.02739121800428,135.31980895996094,5193200,0.0,0.0
2023-08-14 00:00:00-04:00,134.70572538927593,138.35116796555343,134.18912718669165,138.30242919921875,4850400,0.0,0.0
2023-08-15 00:00:00-04:00,137.69813772197463,138.26347480413068,136.20682338591962,136.53822326660156,3384900,0.0,0.0
2023-08-16 00:00:00-04:00,136.97682184860395,137.68836027876074,134.67649176979697,134.7544708251953,4613000,0.0,0.0
2023-08-17 00:00:00-04:00,135.67071170434053,136.25553233435963,133.11696074539248,134.1111602783203,7065700,0.0,0.0
2023-08-18 00:00:00-04:00,133.85772612136006,140.01792240552084,132.10323466059228,139.05296325683594,11541800,0.0,0.0
2023-08-21 00:00:00-04:00,139.6573031113508,145.44711835778634,139.54034195420599,145.0084991455078,8121900,0.0,0.0
2023-08-22 00:00:00-04:00,146.94813628939073,147.32827482448627,143.22472998063222,144.11172485351562,4865900,0.0,0.0
2023-08-23 00:00:00-04:00,143.60379460458392,145.12766215494656,142.66604601000938,144.57086181640625,5300400,0.32,0.0
2023-08-24 00:00:00-04:00,146.07513924117464,146.4756430844336,138.53402599417356,139.21780395507812,6771000,0.0,0.0
2023-08-25 00:00:00-04:00,140.2630343825198,141.60130179230384,137.6939812836395,141.01519775390625,4720600,0.0,0.0
2023-08-28 00:00:00-04:00,141.94316150968857,143.77960663530666,140.70258326598426,142.0506134033203,3565800,0.0,0.0
2023-08-29 00:00:00-04:00,140.52677891717116,147.03247096667786,140.52677891717116,146.50497436523438,5017200,0.0,0.0
2023-08-30 00:00:00-04:00,145.73331395557096,148.05817482511165,144.74670581921256,147.45252990722656,4000000,0.0,0.0
2023-08-31 00:00:00-04:00,145.948193792515,149.8359735495512,145.948193792515,149.22056579589844,6593800,0.0,0.0
2023-09-01 00:00:00-04:00,150.92023604302426,150.95930268498736,148.96657602952234,150.42205810546875,3693100,0.0,0.0
2023-09-05 00:00:00-04:00,150.40253223622264,151.23284378633912,148.7907685274607,150.05087280273438,4266700,0.0,0.0
2023-09-06 00:00:00-04:00,149.69921411953058,151.66263727162135,148.03860591621927,149.63082885742188,3109600,0.0,0.0
2023-09-07 00:00:00-04:00,145.76259946276076,146.02634778267765,141.7673676364163,144.7955322265625,6720300,0.0,0.0
2023-09-08 00:00:00-04:00,144.2973402118316,145.05926647970952,142.79301354584607,144.1117401123047,4473300,0.0,0.0
2023-09-11 00:00:00-04:00,146.5244939903505,146.5244939903505,140.7025808708273,143.31072998046875,4145000,0.0,0.0
2023-09-12 00:00:00-04:00,142.64646824686656,143.04697208071633,140.38999357627307,140.6342010498047,4470600,0.0,0.0
2023-09-13 00:00:00-04:00,140.86864971973998,143.70145053365158,140.46814587414977,141.23007202148438,4625200,0.0,0.0
2023-09-14 00:00:00-04:00,143.01770074883643,143.3107527644559,140.60492917178607,141.2203369140625,5629800,0.0,0.0
2023-09-15 00:00:00-04:00,137.58651699389839,137.94793933875198,133.54244122751206,135.0467529296875,13654600,0.0,0.0
2023-09-18 00:00:00-04:00,134.6853352181246,137.7134995009006,134.3336757956787,137.01995849609375,5607700,0.0,0.0
2023-09-19 00:00:00-04:00,136.47291645721683,136.80503505708015,133.50334511484303,134.51925659179688,6365400,0.0,0.0
2023-09-20 00:00:00-04:00,135.5449519792404,136.42410809456013,133.7182842911835,133.7964324951172,5806900,0.0,0.0
2023-09-21 00:00:00-04:00,131.89157315709826,134.32386999286805,131.81342497890714,132.05763244628906,5241000,0.0,0.0
2023-09-22 00:00:00-04:00,133.81593075256998,135.1053384446537,132.60465633434734,133.01492309570312,5301100,0.0,0.0
2023-09-25 00:00:00-04:00,132.74143860177603,133.86478722851996,131.59854920001865,133.4252166748047,5161300,0.0,0.0
2023-09-26 00:00:00-04:00,132.46789131446633,132.8781580466079,130.4458464504401,130.9733428955078,5343000,0.0,0.0
2023-09-27 00:00:00-04:00,132.08696044763332,132.9172719515658,130.01608551296982,131.9306640625,6296200,0.0,0.0
2023-09-28 00:00:00-04:00,131.55946919369754,136.56084938348744,131.16874312030902,135.0174560546875,5341600,0.0,0.0
2023-09-29 00:00:00-04:00,136.9711199421709,138.28006871924586,134.87094115664385,135.24212646484375,4448200,0.0,0.0
2023-10-02 00:00:00-04:00,135.6426237911669,138.133543444743,134.0796897208169,136.27755737304688,4896900,0.0,0.0
2023-10-03 00:00:00-04:00,135.46677879230836,136.76596449577224,132.29208125605814,133.5522003173828,6173000,0.0,0.0
2023-10-04 00:00:00-04:00,134.3824914638692,136.37521782692022,133.7963875837267,136.07240295410156,5543600,0.0,0.0
2023-10-05 00:00:00-04:00,136.21894628128612,136.9027243291627,134.5876419009078,136.05288696289062,4310400,0.0,0.0
2023-10-06 00:00:00-04:00,134.85136980598767,137.88931137159653,132.01855417112014,137.03945922851562,5234400,0.0,0.0
2023-10-09 00:00:00-04:00,136.23847275706862,137.66463612078334,134.56808700341153,136.9027099609375,3271500,0.0,0.0
2023-10-10 00:00:00-04:00,137.77210462150796,139.42294980196442,137.09810440287364,138.12376403808594,3342900,0.0,0.0
2023-10-11 00:00:00-04:00,139.5108973114074,139.62811216656291,137.54745905607635,138.88571166992188,5136900,0.0,0.0
2023-10-12 00:00:00-04:00,139.68667528875943,144.96155077113352,139.46200858588844,141.6403350830078,8109900,0.0,0.0
2023-10-13 00:00:00-04:00,143.64283430158858,143.69167877577533,137.45949948161646,137.86976623535156,6600500,0.0,0.0
2023-10-16 00:00:00-04:00,138.4754176726763,139.35457363003428,136.5022317725531,137.7330322265625,6097400,0.0,0.0
2023-10-17 00:00:00-04:00,135.90637627521562,139.48156310514165,133.64012329382524,139.41319274902344,5915900,0.0,0.0
2023-10-18 00:00:00-04:00,136.65853295676837,139.17875654961992,134.90025059894919,138.17262268066406,5357900,0.0,0.0
2023-10-19 00:00:00-04:00,139.5303902613825,139.73553111474743,130.67055012554695,131.31524658203125,9400300,0.0,0.0
2023-10-20 00:00:00-04:00,131.40316155516302,132.9953841473135,130.27003530051314,131.01242065429688,6149500,0.0,0.0
2023-10-23 00:00:00-04:00,130.1137545859662,132.66328151288096,128.84387258962389,131.11988830566406,3820100,0.0,0.0
2023-10-24 00:00:00-04:00,132.19441295996364,132.40931676420382,130.4165751076573,131.7743682861328,5238800,0.0,0.0
2023-10-25 00:00:00-04:00,129.98675993152506,130.172345089244,126.7436775593068,127.0953369140625,7118100,0.0,0.0
2023-10-26 00:00:00-04:00,128.07215887058092,131.2957002720807,127.48605501385724,127.80841064453125,5462700,0.0,0.0
2023-10-27 00:00:00-04:00,128.2284935301438,130.02585736673655,127.53493758931737,128.25779724121094,4397300,0.0,0.0
2023-10-30 00:00:00-04:00,128.90253188268184,129.87936217462163,126.81211565414061,127.99407196044922,4604600,0.0,0.0
2023-10-31 00:00:00-04:00,128.74617262741538,129.47879498883248,126.21618698324589,129.28343200683594,4108100,0.0,0.0
2023-11-01 00:00:00-04:00,129.94768886207305,132.68281574113385,129.7034813711791,132.1553192138672,5127800,0.0,0.0
2023-11-02 00:00:00-04:00,134.6169725477155,136.54132930661905,133.50338667398043,135.30075073242188,6088400,0.0,0.0
2023-11-03 00:00:00-04:00,136.25803820280214,138.48520967414458,135.84777134284377,136.5120086669922,5560300,0.0,0.0
2023-11-06 00:00:00-05:00,137.14691575985913,137.52787883509933,135.98450066737672,137.10784912109375,4823200,0.0,0.0
2023-11-07 00:00:00-05:00,136.75618223691427,138.63169380467733,136.45336736108538,138.45587158203125,4886800,0.0,0.0
2023-11-08 00:00:00-05:00,139.07130936196208,141.18126614933797,138.32892378355018,140.88821411132812,4305900,0.0,0.0
2023-11-09 00:00:00-05:00,141.5426798960195,143.79917001706187,139.57925670031474,139.85276794433594,4979900,0.0,0.0
2023-11-10 00:00:00-05:00,141.8259488480361,147.49156577967727,141.31799307899772,147.18873596191406,6699400,0.0,0.0
2023-11-13 00:00:00-05:00,145.5477090876408,146.76874691555727,144.13130818830712,146.27056884765625,4125200,0.0,0.0
2023-11-14 00:00:00-05:00,149.48425922721535,151.32070397329474,148.6148813239577,150.5099334716797,6505000,0.0,0.0
2023-11-15 00:00:00-05:00,151.37933928779404,153.13763618748268,150.49042045166777,151.7700653076172,4383300,0.0,0.0
2023-11-16 00:00:00-05:00,151.79937911293206,154.10469855584108,147.69669601087182,151.22305297851562,10513800,0.0,0.0
2023-11-17 00:00:00-05:00,138.74893132356056,145.59651939397727,138.65125726341046,145.1471710205078,18912700,0.0,0.0
2023-11-20 00:00:00-05:00,145.4304677479392,149.45500292634296,145.36208248750796,149.03497314453125,7087400,0.0,0.0
2023-11-21 00:00:00-05:00,148.05815374889914,148.2925834467438,144.73692227872883,145.79190063476562,6517900,0.0,0.0
2023-11-22 00:00:00-05:00,147.84761915453547,150.54945733246984,145.87997759490298,146.3302764892578,5071300,0.32,0.0
2023-11-24 00:00:00-05:00,146.18345212102247,147.4854293299347,146.18345212102247,147.1721649169922,1992000,0.0,0.0
2023-11-27 00:00:00-05:00,146.34988385674527,148.56225799448654,145.63526987720505,147.6322784423828,3429700,0.0,0.0
2023-11-28 00:00:00-05:00,146.21282667037767,146.82955668079364,143.42287322420736,144.94021606445312,5799600,0.0,0.0
2023-11-29 00:00:00-05:00,147.07429185178202,149.59993035287974,145.71358119927706,146.21282958984375,4975600,0.0,0.0
2023-11-30 00:00:00-05:00,147.2407076826093,147.30922494206754,143.94170694745057,146.6239776611328,7555600,0.0,0.0
2023-12-01 00:00:00-05:00,146.40863388555098,148.77764051636487,145.4982369919474,148.39585876464844,4929400,0.0,0.0
2023-12-04 00:00:00-05:00,146.87847575289837,147.48542178761826,142.59077761522101,145.14578247070312,5859600,0.0,0.0
2023-12-05 00:00:00-05:00,143.44244758340696,144.36264312051864,142.16005314064168,143.07044982910156,5206300,0.0,0.0
2023-12-06 00:00:00-05:00,145.54716495674074,145.58633048387472,141.6412475809931,141.65103149414062,4491100,0.0,0.0
2023-12-07 00:00:00-05:00,143.8633836090669,145.41007797459986,141.52374436498414,145.26324462890625,5753600,0.0,0.0
2023-12-08 00:00:00-05:00,144.31370967345583,145.67442036980327,142.91384838997266,144.60739135742188,4990200,0.0,0.0
2023-12-11 00:00:00-05:00,146.06600603931554,152.38009524783746,145.997473837841,151.8710479736328,6945800,0.0,0.0
2023-12-12 00:00:00-05:00,151.87100717360224,154.8469440305208,151.38154279378048,153.9071807861328,5705200,0.0,0.0
2023-12-13 00:00:00-05:00,153.72117267035586,155.04273239115946,151.37174976366782,153.68202209472656,5561700,0.0,0.0
2023-12-14 00:00:00-05:00,154.44560629089148,159.6241332492896,154.3868729508265,158.3319549560547,7401200,0.0,0.0
2023-12-15 00:00:00-05:00,158.7920371352014,160.749894610854,158.08720724898512,158.53750610351562,8577200,0.0,0.0
2023-12-18 00:00:00-05:00,157.49986442845326,157.95017827856896,154.40644563136385,156.9810333251953,4772300,0.0,0.0
2023-12-19 00:00:00-05:00,157.19642015344004,159.30111152238564,156.64822230500423,158.9095458984375,4958200,0.0,0.0
2023-12-20 00:00:00-05:00,157.4215583181294,158.58648613090605,153.52542537216374,153.613525390625,5488700,0.0,0.0
2023-12-21 00:00:00-05:00,157.6075372121486,158.41026600013643,156.21746010498566,157.98931884765625,4257300,0.0,0.0
2023-12-22 00:00:00-05:00,158.1948915452904,159.56538581666157,157.45089613745984,158.63540649414062,2770600,0.0,0.0
2023-12-26 00:00:00-05:00,158.8801908132293,161.49392963378696,158.6844079869736,160.81846618652344,2520500,0.0,0.0
2023-12-27 00:00:00-05:00,161.07295710321029,161.51348706478026,160.08424427646816,160.7499237060547,3319600,0.0,0.0
2023-12-28 00:00:00-05:00,161.52326768960674,161.53305160114058,159.4185765400742,159.68287658691406,2909700,0.0,0.0
2023-12-29 00:00:00-05:00,159.67307816527358,160.11359314057822,157.31385615755713,158.65499877929688,2980700,0.0,0.0
2024-01-02 00:00:00-05:00,156.6286388017071,156.7363215883741,150.1970681510219,151.1172637939453,8607300,0.0,0.0
2024-01-03 00:00:00-05:00,148.51330486878405,149.94253264861524,147.55394382504082,148.25877380371094,6100100,0.0,0.0
2024-01-04 00:00:00-05:00,146.64354464943648,148.7971851309838,145.61566636995948,146.1638641357422,6196100,0.0,0.0
2024-01-05 00:00:00-05:00,146.9176576492258,148.32731771798515,144.9304330886823,145.86041259765625,5400100,0.0,0.0
2024-01-08 00:00:00-05:00,146.67289725446224,149.57051800637478,146.56521449384786,148.36643981933594,6515500,0.0,0.0
2024-01-09 00:00:00-05:00,146.7120798022404,148.49373769568768,145.7918841814288,147.84764099121094,5606700,0.0,0.0
2024-01-10 00:00:00-05:00,148.57204278052134,148.69929337970274,145.11642497140957,146.65333557128906,5035700,0.0,0.0
2024-01-11 00:00:00-05:00,147.08408416384697,149.22794109170604,145.35137562886518,148.74826049804688,5995600,0.0,0.0
2024-01-12 00:00:00-05:00,148.99296769952971,149.18875048170406,147.20152611496036,148.06298828125,4083700,0.0,0.0
2024-01-16 00:00:00-05:00,148.1119391994414,150.98999243185813,146.682696494396,150.5200958251953,6528000,0.0,0.0
2024-01-17 00:00:00-05:00,149.88380478574348,150.51031868554537,147.03511809592112,150.13832092285156,6630600,0.0,0.0
2024-01-18 00:00:00-05:00,155.3168629161122,157.35303682133403,153.47647180350856,156.96145629882812,8133700,0.0,0.0
2024-01-19 00:00:00-05:00,159.14447801228283,164.73415365128756,158.88016302756253,164.4013214111328,9159000,0.0,0.0
2024-01-22 00:00:00-05:00,164.63624152896625,168.28765677688264,164.107626539363,164.75372314453125,7176400,0.0,0.0
2024-01-23 00:00:00-05:00,164.22509090092788,164.4600391914751,161.23936999637337,163.53005981445312,5053600,0.0,0.0
2024-01-24 00:00:00-05:00,167.77863323617086,172.2523457367091,167.0738031925969,170.47068786621094,9729000,0.0,0.0
2024-01-25 00:00:00-05:00,173.43682309606777,174.64090140284006,168.7966949553633,168.99249267578125,7234400,0.0,0.0
2024-01-26 00:00:00-05:00,165.50752876395714,165.9969932508385,163.10914082842183,163.38323974609375,6653700,0.0,0.0
2024-01-29 00:00:00-05:00,162.80568791221904,164.9593288347208,162.58053841315976,164.92996215820312,5370700,0.0,0.0
2024-01-30 00:00:00-05:00,163.80415033986276,165.60537566382433,162.3259732974705,162.73712158203125,5255300,0.0,0.0
2024-01-31 00:00:00-05:00,160.54434628441993,163.10913532928114,157.5684088769125,160.83802795410156,6049400,0.0,0.0
2024-02-01 00:00:00-05:00,161.973589639813,164.20554643705734,161.35685962519253,163.45176696777344,4082600,0.0,0.0
2024-02-02 00:00:00-05:00,162.4238719186781,165.61517457102477,161.97357301554513,164.63624572753906,4740800,0.0,0.0
2024-02-05 00:00:00-05:00,165.04740117139858,168.64985197495648,164.7341367864276,167.48492431640625,5749100,0.0,0.0
2024-02-06 00:00:00-05:00,167.38703415737433,169.07079282063765,163.97056740536271,165.14527893066406,4550100,0.0,0.0
2024-02-07 00:00:00-05:00,166.89758545927677,169.2665914901261,165.27255997899593,167.29893493652344,5103400,0.0,0.0
2024-02-08 00:00:00-05:00,166.40812035492434,171.31254850911125,165.81097315977325,170.22593688964844,7327900,0.0,0.0
2024-02-09 00:00:00-05:00,175.26742885567901,182.22761413756234,174.84649658614688,181.9241485595703,9539900,0.0,0.0
2024-02-12 00:00:00-05:00,181.36616259669907,184.24421597029655,180.74943260599397,181.63046264648438,7085400,0.0,0.0
2024-02-13 00:00:00-05:00,174.8367209693958,178.3510724058966,173.21169528539792,176.51068115234375,9692500,0.0,0.0
2024-02-14 00:00:00-05:00,178.79156891961392,183.04011664711038,178.79156891961392,182.2667694091797,8437900,0.0,0.0
2024-02-15 00:00:00-05:00,185.01754102090288,185.4776387464654,182.4527523750362,183.70578002929688,8622900,0.0,0.0
2024-02-16 00:00:00-05:00,197.76319489397142,202.4131065654881,193.14264989066186,195.3648223876953,15557900,0.0,0.0
2024-02-20 00:00:00-05:00,191.46870592357843,191.73302091723804,182.19824775714778,185.1546173095703,11216100,0.0,0.0
2024-02-21 00:00:00-05:00,184.2720942817071,186.67453187768078,182.28150184825014,186.63531494140625,6977500,0.32,0.0
2024-02-22 00:00:00-05:00,194.43096428258937,197.63749085015536,192.85221719214456,195.85281372070312,10225900,0.0,0.0
2024-02-23 00:00:00-05:00,195.4507913936983,197.43156821900988,192.79339154699852,193.3327178955078,5108100,0.0,0.0
2024-02-26 00:00:00-05:00,195.92147380632574,200.03013967736558,195.26448168068848,199.5986785888672,6466600,0.0,0.0
2024-02-27 00:00:00-05:00,199.77519542222905,200.47141950797246,197.31392485025853,198.92208862304688,5167100,0.0,0.0
2024-02-28 00:00:00-05:00,194.63690804921788,195.31350116777077,192.67573214451045,193.70533752441406,6207900,0.0,0.0
2024-02-29 00:00:00-05:00,196.02933402289798,198.07875917782656,193.4307670660344,197.7061309814453,9449600,0.0,0.0
2024-03-01 00:00:00-05:00,199.81441889285674,207.2766940945518,199.60848883143876,206.1686248779297,7647400,0.0,0.0
2024-03-04 00:00:00-05:00,207.88465611494735,209.22805688766283,204.98210904980482,205.4233856201172,7089800,0.0,0.0
2024-03-05 00:00:00-05:00,203.71713271982784,206.6686968615128,200.8047855099312,203.36412048339844,6100200,0.0,0.0
2024-03-06 00:00:00-05:00,205.87443935544513,209.36533010150654,205.07036500821917,208.0513458251953,5642400,0.0,0.0
2024-03-07 00:00:00-05:00,209.09076308189896,210.1007674670784,207.4041506214356,208.48280334472656,6363100,0.0,0.0
2024-03-08 00:00:00-05:00,208.35530741015532,209.45357600428875,201.40294297010553,201.56964111328125,6940800,0.0,0.0
2024-03-11 00:00:00-04:00,199.33392518496046,199.33392518496046,193.773993083453,197.46099853515625,6566600,0.0,0.0
2024-03-12 00:00:00-04:00,199.92226440812215,201.03031855262884,195.47038699496088,200.96168518066406,7211300,0.0,0.0
2024-03-13 00:00:00-04:00,199.02993808788392,199.9222767164502,196.05875778624875,196.66671752929688,5050300,0.0,0.0
2024-03-14 00:00:00-04:00,198.01011392143863,198.47099144647308,195.18603085191134,196.85302734375,4934900,0.0,0.0
2024-03-15 00:00:00-04:00,195.56846559386892,197.37274385346896,193.17582857185872,194.79379272460938,9936400,0.0,0.0
2024-03-18 00:00:00-04:00,197.7649447204287,199.22602596145413,195.75475165578615,196.83338928222656,5062300,0.0,0.0
2024-03-19 00:00:00-04:00,195.3134908745747,197.63749437373355,193.4699957958612,197.4315643310547,4624500,0.0,0.0
2024-03-20 00:00:00-04:00,197.0981912686925,201.922682513192,194.9409006254329,201.07937622070312,4278000,0.0,0.0
2024-03-21 00:00:00-04:00,209.22801918651305,210.738132814286,206.27645522325906,206.70791625976562,6145200,0.0,0.0
2024-03-22 00:00:00-04:00,204.46239638896094,207.61009042009968,204.38394755425816,206.1686248779297,3829200,0.0,0.0
2024-03-25 00:00:00-04:00,203.5994860397222,207.2080426057247,203.3249226037257,204.4133758544922,3137600,0.0,0.0
2024-03-26 00:00:00-04:00,205.71752572538222,207.10997368857898,202.5600465025674,202.65809631347656,3607400,0.0,0.0
2024-03-27 00:00:00-04:00,204.00149720533787,204.44277372407333,199.94186395609108,203.9622802734375,3123900,0.0,0.0
2024-03-28 00:00:00-04:00,203.5308224988188,203.61907181895856,198.77498015275074,202.2266387939453,5750100,0.0,0.0
2024-04-01 00:00:00-04:00,202.91304126646082,207.65909794073895,201.9618847957498,204.63888549804688,3189700,0.0,0.0
2024-04-02 00:00:00-04:00,202.56984050068576,202.56984050068576,199.4515633471032,202.1089630126953,4311400,0.0,0.0
2024-04-03 00:00:00-04:00,199.64771824098025,205.0899695470443,199.54965345817806,203.35433959960938,3375600,0.0,0.0
2024-04-04 00:00:00-04:00,207.502222074587,208.90445569737957,197.75517520501802,199.44178771972656,6242800,0.0,0.0
2024-04-05 00:00:00-04:00,200.92243949113433,205.46256591193122,200.92243949113433,203.815185546875,3330700,0.0,0.0
2024-04-08 00:00:00-04:00,208.72797018311678,208.86525190981226,204.08979295699103,204.98211669921875,4435500,0.0,0.0
2024-04-09 00:00:00-04:00,207.24727082121643,207.98271178940726,203.599482421983,206.3255157470703,3659200,0.0,0.0
2024-04-10 00:00:00-04:00,204.8350217876168,207.5512546717146,204.07996485628001,205.1880340576172,4645300,0.0,0.0
2024-04-11 00:00:00-04:00,205.39393785106571,209.18880804635495,204.31528522994785,208.84559631347656,4291600,0.0,0.0
2024-04-12 00:00:00-04:00,203.96227865267815,205.8744220225303,202.89344145652794,203.8249969482422,5854800,0.0,0.0
2024-04-15 00:00:00-04:00,207.78657497483377,210.29689262720476,200.30469929415847,201.68731689453125,4492500,0.0,0.0
2024-04-16 00:00:00-04:00,202.33451340470558,206.335314024208,201.7559701069623,205.41355895996094,3749200,0.0,0.0
2024-04-17 00:00:00-04:00,202.08936199480345,202.9817005981149,194.2544740453553,196.0097198486328,6350300,0.0,0.0
2024-04-18 00:00:00-04:00,193.63669752167405,194.56825305201352,189.76337823494626,190.5478515625,6219400,0.0,0.0
2024-04-19 00:00:00-04:00,190.48899639182596,190.91065696123331,184.50741929479582,186.08616638183594,6495200,0.0,0.0
2024-04-22 00:00:00-04:00,187.83160580317485,188.05713681932346,183.23264638915637,185.7821807861328,7149800,0.0,0.0
2024-04-23 00:00:00-04:00,186.55686705894902,190.7243660602659,186.28230361586913,189.48883056640625,4425900,0.0,0.0
2024-04-24 00:00:00-04:00,194.14660124139434,195.49000185930302,188.97889888451328,192.25405883789062,4609400,0.0,0.0
2024-04-25 00:00:00-04:00,192.46978876170573,194.59766267543966,189.84182041343539,193.66610717773438,4238300,0.0,0.0
2024-04-26 00:00:00-04:00,193.20525181243625,200.03015085369967,193.20525181243625,199.43199157714844,3933500,0.0,0.0
2024-04-29 00:00:00-04:00,199.55942296566292,201.30486809791236,197.86301021720126,201.27545166015625,2789200,0.0,0.0
2024-04-30 00:00:00-04:00,199.7163484848475,201.83442207442226,194.71535885470055,194.79379272460938,3898200,0.0,0.0
2024-05-01 00:00:00-04:00,192.27366818768783,196.7843633380654,188.9494759614794,190.2242431640625,5815500,0.0,0.0
2024-05-02 00:00:00-04:00,192.45019707865293,194.6271036535906,189.52804900410754,194.06817626953125,3523200,0.0,0.0
2024-05-03 00:00:00-04:00,198.07874878076973,201.28527528966492,196.0685406644878,200.128173828125,3818500,0.0,0.0
2024-05-06 00:00:00-04:00,201.32451275807495,205.11938339568988,200.3341242996705,204.80560302734375,3638500,0.0,0.0
2024-05-07 00:00:00-04:00,205.17821338416076,205.40374440702243,203.19742167716834,203.2954864501953,3200900,0.0,0.0
2024-05-08 00:00:00-04:00,201.91285211758955,203.92306024574543,200.77536659615902,203.33470153808594,2932300,0.0,0.0
2024-05-09 00:00:00-04:00,203.33471139035635,204.20743403936817,201.72654780242723,202.32470703125,2758200,0.0,0.0
2024-05-10 00:00:00-04:00,204.74678224425955,208.44360328138447,204.47221879476024,205.65872192382812,3502900,0.0,0.0
2024-05-13 00:00:00-04:00,204.3545264135475,204.4231747533037,201.45199440919868,202.618896484375,3526900,0.0,0.0
2024-05-14 00:00:00-04:00,201.84421282633667,206.02152692016134,200.73615865697818,205.74696350097656,3442200,0.0,0.0
2024-05-15 00:00:00-04:00,208.37492742972302,213.3857321654776,206.7569633900081,213.26806640625,5820900,0.0,0.0
2024-05-16 00:00:00-04:00,213.98391017041246,214.50362060275174,209.76737886433278,209.875244140625,7977900,0.0,0.0
2024-05-17 00:00:00-04:00,212.199205476326,215.10175210572962,206.14898021676856,207.96307373046875,8031800,0.0,0.0
2024-05-20 00:00:00-04:00,208.03172423194073,217.4453743842286,207.99250729811433,215.68031311035156,5954500,0.0,0.0
2024-05-21 00:00:00-04:00,213.76817234628453,215.98429571894033,211.62068234934273,215.53323364257812,3918200,0.0,0.0
2024-05-22 00:00:00-04:00,216.63350809226276,216.83979860877648,212.4191076622503,214.30526733398438,5047000,0.4,0.0
2024-05-23 00:00:00-04:00,221.03453156077006,221.10330505461235,212.51733607674535,214.10877990722656,5806600,0.0,0.0
2024-05-24 00:00:00-04:00,216.31912188294433,219.18765707168242,214.7866182194958,216.99696350097656,3795700,0.0,0.0
2024-05-28 00:00:00-04:00,218.2347617384318,219.2859109613666,216.0047796310347,217.41940307617188,5509400,0.0,0.0
2024-05-29 00:00:00-04:00,213.75511702557938,216.76118415754198,213.33270268540434,215.18939208984375,4718800,0.0,0.0
2024-05-30 00:00:00-04:00,214.1284378934281,215.8181253389543,211.70196865444098,212.7236328125,4059200,0.0,0.0
2024-05-31 00:00:00-04:00,212.92991792122342,214.65889363463694,205.33615849425087,211.2893524169922,13548700,0.0,0.0
2024-06-03 00:00:00-04:00,214.4820752217577,214.5017269317139,205.24773521434696,210.4346923828125,3828100,0.0,0.0
2024-06-04 00:00:00-04:00,210.03193758261986,210.57224724112388,205.34600107503334,208.4797821044922,4379600,0.0,0.0
2024-06-05 00:00:00-04:00,215.72971241402308,220.75947126417267,214.34455906213208,219.43325805664062,7887900,0.0,0.0
2024-06-06 00:00:00-04:00,217.7632050254837,219.32517868623123,215.1599155909045,217.841796875,3951200,0.0,0.0
2024-06-07 00:00:00-04:00,220.25846133154872,220.5924654705242,216.2012449114941,217.82215881347656,3627200,0.0,0.0
2024-06-10 00:00:00-04:00,215.83776818753125,224.79702963136012,215.75917633400567,224.1388397216797,4796900,0.0,0.0
2024-06-11 00:00:00-04:00,223.2645349547322,226.01518997946258,220.6808820042713,225.9169464111328,4768600,0.0,0.0
2024-06-12 00:00:00-04:00,227.3512151947388,234.19837544874983,226.71267694597384,233.4615936279297,5573500,0.0,0.0
2024-06-13 00:00:00-04:00,227.3905113097185,234.15907948647313,227.34138952527002,233.3633575439453,3682400,0.0,0.0
2024-06-14 00:00:00-04:00,229.95451832698208,234.06084178413641,229.5026188845391,232.85252380371094,3306500,0.0,0.0
2024-06-17 00:00:00-04:00,232.49886471684488,238.99236896146544,232.1059204165711,238.57977294921875,4974600,0.0,0.0
2024-06-18 00:00:00-04:00,238.50117313957057,245.02414723974272,237.82333150281298,243.46217346191406,5256900,0.0,0.0
2024-06-20 00:00:00-04:00,242.64679359752694,243.46216721285285,234.45378400236794,235.76034545898438,7045000,0.0,0.0
2024-06-21 00:00:00-04:00,234.11979489826615,234.27696362527317,228.72654665830058,231.26107788085938,15289800,0.0,0.0
2024-06-24 00:00:00-04:00,228.8935411982664,231.26107026488015,225.3864527066605,225.7892303466797,5928700,0.0,0.0
2024-06-25 00:00:00-04:00,226.9680747591346,230.41622305397567,224.51213551317423,230.1411590576172,4594900,0.0,0.0
2024-06-26 00:00:00-04:00,230.85828043823489,232.74443990941478,226.73230565816246,228.07815551757812,4818700,0.0,0.0
2024-06-27 00:00:00-04:00,233.3142322315131,233.6285996553386,227.71469365592955,228.43182373046875,4309600,0.0,0.0
2024-06-28 00:00:00-04:00,231.20215166652423,237.03745135582454,229.7875281091671,231.83087158203125,6387400,0.0,0.0
2024-07-01 00:00:00-04:00,232.68550519497023,234.1590687214967,228.97212630731255,233.22581481933594,4239600,0.0,0.0
2024-07-02 00:00:00-04:00,230.87793515326362,236.75253748796086,230.87793515326362,236.61500549316406,3510600,0.0,0.0
2024-07-03 00:00:00-04:00,237.381269664662,240.4069886974049,235.62282371189465,239.02183532714844,2768800,0.0,0.0
2024-07-05 00:00:00-04:00,240.37750909748922,240.40697916889138,236.6248267804021,238.31451416015625,4076200,0.0,0.0
2024-07-08 00:00:00-04:00,238.82534763591434,242.8236087829725,238.82534763591434,241.9492950439453,3782100,0.0,0.0
2024-07-09 00:00:00-04:00,243.6291799355086,247.6863964787717,243.11834036106254,247.03802490234375,4889900,0.0,0.0
2024-07-10 00:00:00-04:00,248.54103714761365,251.38010215021916,246.24228174547548,250.476318359375,4258100,0.0,0.0
2024-07-11 00:00:00-04:00,251.0657583224196,251.0657583224196,236.8507811134805,237.00794982910156,5623800,0.0,0.0
2024-07-12 00:00:00-04:00,237.35178365747348,244.3855969760555,236.30063450682445,239.1102294921875,5396300,0.0,0.0
2024-07-15 00:00:00-04:00,240.21049012884396,244.42487493133706,239.31652471957312,241.2223358154297,3674300,0.0,0.0
2024-07-16 00:00:00-04:00,242.6075189448935,243.15764696000585,237.67598854108368,241.5072479248047,4124800,0.0,0.0
2024-07-17 00:00:00-04:00,227.16458804175548,229.20793152840665,215.8869029333232,216.1914520263672,10538900,0.0,0.0
2024-07-18 00:00:00-04:00,218.2347624406191,218.41159786676224,209.49162443888105,213.81407165527344,7715800,0.0,0.0
2024-07-19 00:00:00-04:00,213.66672716673395,214.43297905807376,205.97472318994778,206.5543212890625,6517100,0.0,0.0
2024-07-22 00:00:00-04:00,212.41911835862854,220.14059286697085,209.59970456529564,219.53152465820312,7515600,0.0,0.0
2024-07-23 00:00:00-04:00,216.56472743725803,218.03829103740702,214.76697804629256,215.77882385253906,3635300,0.0,0.0
2024-07-24 00:00:00-04:00,213.53900985103087,213.93196914103035,201.90768468460232,202.8900604248047,9263400,0.0,0.0
2024-07-25 00:00:00-04:00,203.49910298040396,205.522809342061,196.79930906999743,198.75424194335938,9961400,0.0,0.0
2024-07-26 00:00:00-04:00,203.3419246988106,204.68777443340602,199.23558702010612,202.83108520507812,5209000,0.0,0.0
2024-07-29 00:00:00-04:00,204.62888803977316,208.78433359646013,201.2789828675893,201.94700622558594,4199200,0.0,0.0
2024-07-30 00:00:00-04:00,204.58957155268678,205.48353709697292,191.89727845959703,193.27261352539062,7652600,0.0,0.0
2024-07-31 00:00:00-04:00,202.46761613085852,209.11828811648573,200.8958091828717,208.46009826660156,11123700,0.0,0.0
2024-08-01 00:00:00-04:00,200.53236646316557,205.39512342330138,188.93051126452093,192.84036254882812,11268300,0.0,0.0
2024-08-02 00:00:00-04:00,184.55893841144112,186.22898927837423,176.46417134005068,178.60574340820312,12991600,0.0,0.0
2024-08-05 00:00:00-04:00,172.07294151218957,183.87126897924674,168.58550457041153,178.684326171875,10079100,0.0,0.0
2024-08-06 00:00:00-04:00,180.08913327796716,185.18765093069808,177.12235425661703,180.0792999267578,5803900,0.0,0.0
2024-08-07 00:00:00-04:00,186.6513944854832,188.02671455416728,174.8039452128356,175.3638916015625,6652100,0.0,0.0
2024-08-08 00:00:00-04:00,181.99490538638005,187.46674488778538,177.9966443325406,187.19168090820312,8637100,0.0,0.0
2024-08-09 00:00:00-04:00,186.66119963299985,189.91287576138927,184.7357516731445,187.81057739257812,5050800,0.0,0.0
2024-08-12 00:00:00-04:00,188.12494640181325,192.9385813320761,186.99522034364858,189.68692016601562,5568100,0.0,0.0
2024-08-13 00:00:00-04:00,192.97788862906145,198.27289315461138,190.30582547432635,197.26104736328125,6198900,0.0,0.0
2024-08-14 00:00:00-04:00,199.11773185308476,201.20036352800432,194.24514181437868,198.076416015625,5377900,0.0,0.0
2024-08-15 00:00:00-04:00,203.65629181495876,209.2460116127574,201.51472011189657,208.0966339111328,12073500,0.0,0.0
2024-08-16 00:00:00-04:00,201.33789557826995,205.2084582127564,197.63433501305528,204.23590087890625,11644600,0.0,0.0
2024-08-19 00:00:00-04:00,203.35178807195862,207.3893531593588,198.93109702691606,207.22235107421875,5285400,0.0,0.0
2024-08-20 00:00:00-04:00,205.6013911120302,206.8784824420771,200.74846804163232,202.5265655517578,4860300,0.0,0.0
2024-08-21 00:00:00-04:00,204.3832834377693,206.2989132052739,202.92937148472285,205.43441772460938,4460500,0.0,0.0
2024-08-22 00:00:00-04:00,205.34582882973143,207.0289022344031,196.30049199365257,197.04852294921875,6621900,0.4,0.0
2024-08-23 00:00:00-04:00,198.9776936269065,202.58992036831597,197.02885106517996,199.4796600341797,5296400,0.0,0.0
2024-08-26 00:00:00-04:00,197.51111582574944,198.0918246317154,192.0780056789164,193.14100646972656,7333900,0.0,0.0
2024-08-27 00:00:00-04:00,191.7138417583982,193.70204784664583,188.77090386145986,192.68826293945312,6632500,0.0,0.0
2024-08-28 00:00:00-04:00,191.61540775158795,193.54456071955101,187.7964955785361,189.8535919189453,6412500,0.0,0.0
2024-08-29 00:00:00-04:00,193.57408484678706,195.18826791464764,188.65279317421326,189.94216918945312,6730300,0.0,0.0
2024-08-30 00:00:00-04:00,194.42056965948478,194.72568737480552,189.51896680304097,194.15481567382812,7313800,0.0,0.0
2024-09-03 00:00:00-04:00,190.04059915592052,191.01502030417166,179.62714427723415,180.4834442138672,12163400,0.0,0.0
2024-09-04 00:00:00-04:00,177.156686589205,181.4185275465018,174.63697230223224,179.50906372070312,6378100,0.0,0.0
2024-09-05 00:00:00-04:00,176.22160321941485,180.84762934392552,175.08971215747124,177.40272521972656,6495000,0.0,0.0
2024-09-06 00:00:00-04:00,176.67438831247486,177.86534762181452,170.66056870009206,171.99916076660156,8887900,0.0,0.0
2024-09-09 00:00:00-04:00,174.31216790236923,175.73933957255076,171.82199536250036,174.7550811767578,7492500,0.0,0.0
2024-09-10 00:00:00-04:00,175.16848042086815,175.69997338440447,171.3692421408144,175.24722290039062,5367900,0.0,0.0
2024-09-11 00:00:00-04:00,177.40273088209162,183.47560311549773,172.64876123672838,183.01300048828125,8187100,0.0,0.0
2024-09-12 00:00:00-04:00,181.45787992647195,182.21576310260838,177.21572860904143,180.32598876953125,8011700,0.0,0.0
2024-09-13 00:00:00-04:00,182.3830766372724,185.82798088831095,182.03858020473228,185.503173828125,4851300,0.0,0.0
2024-09-16 00:00:00-04:00,182.08779367657502,184.95198906265205,180.25707255562367,184.62718200683594,5915800,0.0,0.0
2024-09-17 00:00:00-04:00,186.51697088232356,187.50122930386618,183.05237703328794,185.6212921142578,4026100,0.0,0.0
2024-09-18 00:00:00-04:00,187.7571230324882,188.64296458503128,182.8259939587852,183.20985412597656,4266900,0.0,0.0
2024-09-19 00:00:00-04:00,191.48747783129383,195.20797344218502,189.87329462984155,193.6134796142578,7326100,0.0,0.0
2024-09-20 00:00:00-04:00,191.29061422532936,192.45203185662783,186.48742872422574,189.1350860595703,14306900,0.0,0.0
2024-09-23 00:00:00-04:00,191.35951188086295,192.5603083024581,189.65674909362036,190.98548889160156,4457900,0.0,0.0
2024-09-24 00:00:00-04:00,193.41660382717782,194.73552143627583,190.7098933524277,193.68235778808594,4849700,0.0,0.0
2024-09-25 00:00:00-04:00,192.21580396444207,197.13709564790312,192.21580396444207,194.20401000976562,5060100,0.0,0.0
2024-09-26 00:00:00-04:00,207.50136885110487,208.81041934304554,199.3123315270924,206.31040954589844,7849800,0.0,0.0
2024-09-27 00:00:00-04:00,207.7572644624205,208.00332906193276,200.7887132020024,201.69422912597656,4524800,0.0,0.0
2024-09-30 00:00:00-04:00,197.83592576669088,201.09381845967536,195.5622914108541,198.86940002441406,5746000,0.0,0.0
2024-10-01 00:00:00-04:00,200.207984290177,200.8477461773663,190.59177649960517,194.09573364257812,6930100,0.0,0.0
2024-10-02 00:00:00-04:00,194.71582127925822,201.29065951393088,193.64298333678576,197.98355102539062,5536600,0.0,0.0
2024-10-03 00:00:00-04:00,194.59769440504633,199.93237202145426,194.59769440504633,196.44808959960938,3813300,0.0,0.0
2024-10-04 00:00:00-04:00,201.39892789324998,201.69420838601965,196.36936739565905,198.7906494140625,4131100,0.0,0.0
2024-10-07 00:00:00-04:00,196.24143574988497,198.4166383053991,195.10952962976518,196.97962951660156,3711100,0.0,0.0
2024-10-08 00:00:00-04:00,196.9796254623442,199.36152883169422,195.54260168453303,197.7178192138672,3616100,0.0,0.0
2024-10-09 00:00:00-04:00,198.2296268053451,202.35367171817836,197.4717586849377,201.83201599121094,4141600,0.0,0.0
2024-10-10 00:00:00-04:00,197.8556218595849,201.03477219135908,196.8024581941386,200.7493438720703,3796800,0.0,0.0
2024-10-11 00:00:00-04:00,198.95798339516315,203.96785482057754,198.95798339516315,201.83201599121094,2604100,0.0,0.0
2024-10-14 00:00:00-04:00,203.7021221088455,210.87735913228434,203.7021221088455,210.5230255126953,5239300,0.0,0.0
2024-10-15 00:00:00-04:00,210.31631342118746,212.30451945938051,186.58585942649216,188.01303100585938,16613200,0.0,0.0
2024-10-16 00:00:00-04:00,190.17838848987986,190.17838848987986,181.00509399430007,181.68423461914062,10972600,0.0,0.0
2024-10-17 00:00:00-04:00,187.0090959001207,187.79650562341843,180.11928710380047,180.3555145263672,9727100,0.0,0.0
2024-10-18 00:00:00-04:00,183.3476338769917,183.84960020043695,181.73345087494,183.42637634277344,5758600,0.0,0.0
2024-10-21 00:00:00-04:00,183.22955655074588,183.77090170165195,181.20198654789044,181.5563201904297,4918100,0.0,0.0
2024-10-22 00:00:00-04:00,181.69408192849957,182.36337034052107,179.69603884981467,180.1192626953125,6753600,0.0,0.0
2024-10-23 00:00:00-04:00,179.08582652946362,180.84765761019358,176.95982461891913,179.8240203857422,6015200,0.0,0.0
2024-10-24 00:00:00-04:00,183.93820102193524,184.84371688087046,180.34564911593765,180.8574676513672,6122100,0.0,0.0
2024-10-25 00:00:00-04:00,183.55433575717734,186.22166733952707,183.2393658922826,183.5838623046875,4794700,0.0,0.0
2024-10-28 00:00:00-04:00,183.58387224162294,184.68623679124326,181.50708651565498,182.4224395751953,4101000,0.0,0.0
2024-10-29 00:00:00-04:00,182.42244343922397,188.51500517747647,181.74330275816513,187.127197265625,6007400,0.0,0.0
2024-10-30 00:00:00-04:00,184.0563388574321,185.22760887131787,181.7925413116168,182.3831024169922,5851300,0.0,0.0
2024-10-31 00:00:00-04:00,182.29448098206097,182.29448098206097,176.4578216253014,178.72161865234375,7307500,0.0,0.0
2024-11-01 00:00:00-04:00,178.96769794231815,182.55039774277301,178.3672997468682,180.49330139160156,6318900,0.0,0.0
2024-11-04 00:00:00-05:00,180.3161522448448,180.96576645227677,177.61929359593046,178.9578857421875,3857600,0.0,0.0
2024-11-05 00:00:00-05:00,180.4145602553948,183.81024859111082,180.21771158726168,183.54449462890625,4053000,0.0,0.0
2024-11-06 00:00:00-05:00,185.9854802999114,186.39886703996723,181.8417456845221,184.56814575195312,6393300,0.0,0.0
2024-11-07 00:00:00-05:00,187.95399509329366,191.27094117336668,187.95399509329366,191.0347137451172,5274700,0.0,0.0
2024-11-08 00:00:00-05:00,189.2630276135267,191.04454780593426,188.25909493059808,189.0071258544922,4767300,0.0,0.0
2024-11-11 00:00:00-05:00,189.28273545400378,190.15872485218225,183.52483267449102,185.59176635742188,5475200,0.0,0.0
2024-11-12 00:00:00-05:00,185.73940341625487,186.7630255118023,181.5661425251351,183.67245483398438,5478400,0.0,0.0
2024-11-13 00:00:00-05:00,181.172446939042,182.56023983859498,179.646843448652,179.91258239746094,8634600,0.0,0.0
2024-11-14 00:00:00-05:00,183.83978763163861,184.66656110512832,182.17638848849913,183.0720672607422,11747400,0.0,0.0
2024-11-15 00:00:00-05:00,165.69004968926086,171.32986093850835,164.69595414652585,166.2215576171875,16287500,0.0,0.0
2024-11-18 00:00:00-05:00,165.040443528191,168.96764000383126,164.22352226153743,168.0424346923828,8324400,0.0,0.0
2024-11-19 00:00:00-05:00,165.69005878074336,167.28456763342388,164.85344813508814,166.64479064941406,8651100,0.0,0.0
2024-11-20 00:00:00-05:00,166.64476555004342,167.84556184279916,164.4301844390973,167.8061981201172,6197300,0.0,0.0
2024-11-21 00:00:00-05:00,168.9210383140351,174.6924966606305,168.75332270251192,173.3902130126953,8917400,0.4,0.0
2024-11-22 00:00:00-05:00,172.7686587543805,173.715775457068,171.0520313707541,172.53189086914062,4242600,0.0,0.0
2024-11-25 00:00:00-05:00,174.337330752302,174.81088160246503,169.62149771117834,172.20632934570312,8926500,0.0,0.0
2024-11-26 00:00:00-05:00,172.98571642616,173.13371141724838,168.63492562619965,170.87445068359375,6517100,0.0,0.0
2024-11-27 00:00:00-05:00,170.87443073426223,171.01255034414,166.4940444582697,169.01968383789062,4348700,0.0,0.0
2024-11-29 00:00:00-05:00,174.01175668005743,176.03421935809268,171.92021160980565,172.3641815185547,5944400,0.0,0.0
2024-12-02 00:00:00-05:00,173.1238372696776,181.7958229431495,172.36418684827376,180.8092498779297,9100600,0.0,0.0
2024-12-03 00:00:00-05:00,178.77692996671888,180.79939291312172,178.3724313558736,180.70074462890625,5939900,0.0,0.0
2024-12-04 00:00:00-05:00,182.85142191303797,183.2065887674299,178.027080922327,178.72755432128906,5819800,0.0,0.0
2024-12-05 00:00:00-05:00,174.1695926669763,177.0109277547451,168.26002996800565,169.72015380859375,8663800,0.0,0.0
2024-12-06 00:00:00-05:00,169.84841549334547,170.9928438145858,169.04929375220843,170.69686889648438,6058500,0.0,0.0
2024-12-09 00:00:00-05:00,169.6609680953332,172.15699669990732,167.92460495203687,169.5524444580078,7647100,0.0,0.0
2024-12-10 00:00:00-05:00,171.17042344523807,171.54532601989095,165.19179319635276,165.9119873046875,8230900,0.0,0.0
2024-12-11 00:00:00-05:00,167.45103361971059,170.87444318604994,167.21426573061433,168.83224487304688,6698600,0.0,0.0
2024-12-12 00:00:00-05:00,167.4214238195443,167.82592233525443,164.57022864362375,166.80975341796875,6108500,0.0,0.0
2024-12-13 00:00:00-05:00,166.829513346954,169.22687869825438,165.51736934803787,167.07615661621094,7051700,0.0,0.0
2024-12-16 00:00:00-05:00,167.75689156473345,169.43407796048783,166.5828821631816,167.13536071777344,6643000,0.0,0.0
2024-12-17 00:00:00-05:00,166.73085211837753,168.45735502492877,166.1093062547677,168.0528564453125,6817600,0.0,0.0
2024-12-18 00:00:00-05:00,168.6447915731051,172.0879217197195,162.340590684908,163.22850036621094,9000700,0.0,0.0
2024-12-19 00:00:00-05:00,160.60421869879923,163.02133469204801,158.86785556628325,159.27235412597656,9252600,0.0,0.0
2024-12-20 00:00:00-05:00,157.83194915246293,162.51817104579894,156.8256555004984,161.3934783935547,15336700,0.0,0.0
2024-12-23 00:00:00-05:00,162.5576336175206,165.43842490357494,161.96568380982205,165.21151733398438,5040200,0.0,0.0
2024-12-24 00:00:00-05:00,165.18190246188283,166.4545900027281,164.659020000577,166.10928344726562,2595800,0.0,0.0
2024-12-26 00:00:00-05:00,165.10298139885955,166.58284075389957,164.51103163528043,165.30029296875,2793700,0.0,0.0
2024-12-27 00:00:00-05:00,163.91910358790602,164.95500828445353,162.4195234149462,164.58998107910156,3599600,0.0,0.0
2024-12-30 00:00:00-05:00,161.79796165926183,162.75493861241281,159.79521980157267,161.4427947998047,4763100,0.0,0.0
2024-12-31 00:00:00-05:00,162.22220006959364,162.96212986021337,159.79523878655058,160.44638061523438,3565500,0.0,0.0
2025-01-02 00:00:00-05:00,162.26165805725697,164.47158693596128,160.64367898385652,161.66970825195312,4164600,0.0,0.0
2025-01-03 00:00:00-05:00,163.15942697876204,168.13174764790782,162.55761692250897,167.77658081054688,5719800,0.0,0.0
2025-01-06 00:00:00-05:00,172.63053713576915,177.95804030055638,172.51215319452135,175.0969696044922,8475500,0.0,0.0
2025-01-07 00:00:00-05:00,177.6522235344345,179.3984470648427,174.0314870468509,175.43243408203125,7332100,0.0,0.0
2025-01-08 00:00:00-05:00,175.36336127257556,175.7777201509698,172.49243005736878,174.6135711669922,4581700,0.0,0.0
2025-01-10 00:00:00-05:00,172.37404715615995,172.37404715615995,167.23399486274434,169.3452606201172,6325300,0.0,0.0
2025-01-13 00:00:00-05:00,166.8295090410378,169.30580198105582,165.47789372373623,168.5658721923828,5465800,0.0,0.0
2025-01-14 00:00:00-05:00,169.55241580186149,171.36770628858304,168.0331001899963,171.31837463378906,3842100,0.0,0.0
2025-01-15 00:00:00-05:00,174.37679013614007,177.09972639014532,173.51847638242424,175.9849090576172,5908600,0.0,0.0
2025-01-16 00:00:00-05:00,183.3052728163396,189.13592306302846,180.5527256199633,183.97613525390625,10825400,0.0,0.0
2025-01-17 00:00:00-05:00,190.4086006494897,190.56645595208576,186.2551214416534,189.4713592529297,8115100,0.0,0.0
2025-01-21 00:00:00-05:00,192.12522085892536,192.59877165775197,188.25785671837318,190.2803192138672,7959100,0.0,0.0
2025-01-22 00:00:00-05:00,194.1871713209203,197.85722419720258,192.7073117757713,192.8848876953125,7288600,0.0,0.0
2025-01-23 00:00:00-05:00,187.57712655830517,188.6327518248021,185.26853433116653,188.13946533203125,6307300,0.0,0.0
2025-01-24 00:00:00-05:00,188.32693515356178,188.71169805365653,183.1178304812431,184.24252319335938,6088400,0.0,0.0
2025-01-27 00:00:00-05:00,177.13918837398776,177.14904868475926,168.13177190334727,172.22605895996094,12150200,0.0,0.0
2025-01-28 00:00:00-05:00,171.4170846171108,172.48258542436568,167.71743530882782,170.5291748046875,7360500,0.0,0.0
2025-01-29 00:00:00-05:00,177.58315509068828,177.79034206201473,171.4466693049083,172.92652893066406,5679900,0.0,0.0
2025-01-30 00:00:00-05:00,176.99120306196636,180.80925108654776,175.07726394793087,179.28005981445312,6013800,0.0,0.0
2025-01-31 00:00:00-05:00,180.13838093357626,183.93669343689805,177.64235216416284,177.928466796875,5898400,0.0,0.0
2025-02-03 00:00:00-05:00,172.96599153168333,177.82978936300273,171.900490848587,176.39926147460938,5321300,0.0,0.0
2025-02-04 00:00:00-05:00,173.11396857497795,176.89254503825254,173.09423289953443,176.1624755859375,4687100,0.0,0.0
2025-02-05 00:00:00-05:00,174.35705555464745,178.57958711678342,172.92652760483355,178.24415588378906,3958500,0.0,0.0
2025-02-06 00:00:00-05:00,177.19839519643836,180.62180505974658,176.1624904300524,180.34556579589844,4479100,0.0,0.0
2025-02-07 00:00:00-05:00,180.68096832416745,181.07559148012143,176.33017802910052,177.5831298828125,4992000,0.0,0.0
2025-02-10 00:00:00-05:00,180.40473883574927,181.55902743578406,178.98407131142667,181.19400024414062,5744100,0.0,0.0
2025-02-11 00:00:00-05:00,179.3589922825706,181.11509119324003,178.65851875905352,180.7401885986328,3913300,0.0,0.0
2025-02-12 00:00:00-05:00,177.01093332389607,179.09260304390483,175.896100969596,178.46119689941406,6640800,0.0,0.0
2025-02-13 00:00:00-05:00,177.88897126787316,182.04245012928408,177.20823350437678,181.79580688476562,10302000,0.0,0.0
2025-02-14 00:00:00-05:00,172.4924331733332,173.63686155561555,166.34608711859016,166.92816162109375,12452800,0.0,0.0
2025-02-18 00:00:00-05:00,169.483364809272,171.42691477499687,166.82949615090132,169.6905517578125,10704900,0.0,0.0
2025-02-19 00:00:00-05:00,169.99641268146294,172.5516334610919,168.832263620379,171.72291564941406,5797000,0.0,0.0
2025-02-20 00:00:00-05:00,173.18640113357108,176.38036788975896,172.55354061394584,174.04669189453125,6687300,0.4,0.0
2025-02-21 00:00:00-05:00,174.16533214747957,174.28398875828782,168.69701870019264,170.06161499023438,7365400,0.0,0.0
2025-02-24 00:00:00-05:00,171.83167524452904,173.27538112817174,166.46223669329703,166.68968200683594,7126200,0.0,0.0
2025-02-25 00:00:00-05:00,166.24470470850687,167.78730131216273,162.61564344514082,163.6934814453125,8570300,0.0,0.0
2025-02-26 00:00:00-05:00,165.51295548308218,168.35093708309643,164.56365721650008,166.63034057617188,5048500,0.0,0.0
2025-02-27 00:00:00-05:00,168.35091615566185,168.66735390138138,154.63563636093016,154.89273071289062,9543600,0.0,0.0
2025-02-28 00:00:00-05:00,155.5355103179988,158.26473369966828,152.2327697938191,156.30682373046875,9427600,0.0,0.0
2025-03-03 00:00:00-05:00,157.9482758871565,158.53170615662165,148.98933872946267,150.4330596923828,9259100,0.0,0.0
2025-03-04 00:00:00-05:00,151.35269324409336,154.4873317394654,147.8818508923664,151.16481018066406,8538600,0.0,0.0
2025-03-05 00:00:00-05:00,151.43178776535387,154.13133155052228,148.32681373471715,153.5874786376953,5860000,0.0,0.0
2025-03-06 00:00:00-05:00,149.84962463378906,152.3316362338283,147.93127724043367,149.84962463378906,6967800,0.0,0.0
2025-03-07 00:00:00-05:00,149.77053705050557,154.60599065079407,148.51469911632242,153.94345092773438,5537800,0.0,0.0
2025-03-10 00:00:00-04:00,150.7198276030525,152.72718273837336,146.23047572255646,148.3169403076172,8008400,0.0,0.0
2025-03-11 00:00:00-04:00,147.3083126616005,148.83112806491334,143.74846289094313,145.35040283203125,7739900,0.0,0.0
2025-03-12 00:00:00-04:00,150.0276410103952,150.0276410103952,146.78422896573633,147.39730834960938,8482200,0.0,0.0
2025-03-13 00:00:00-04:00,147.22920049020502,151.3526842633007,146.71499662426532,148.27737426757812,5702200,0.0,0.0
2025-03-14 00:00:00-04:00,150.43306746407686,154.75431737653133,150.43306746407686,153.92369079589844,5138800,0.0,0.0
2025-03-17 00:00:00-04:00,151.24389486068762,155.4563857528301,151.13512126749654,153.7259063720703,4764300,0.0,0.0
2025-03-18 00:00:00-04:00,152.59864599268968,153.21172537912412,150.11663411163727,151.79766845703125,4282300,0.0,0.0
2025-03-19 00:00:00-04:00,151.47133974021372,155.31796304992383,151.08569061583395,152.73707580566406,4426500,0.0,0.0
2025-03-20 00:00:00-04:00,150.53193230306414,153.88411763415567,149.98806431070165,152.657958984375,5480300,0.0,0.0
2025-03-21 00:00:00-04:00,148.61358292907414,150.492398424299,147.34786190150055,150.4231719970703,15911300,0.0,0.0
2025-03-24 00:00:00-04:00,153.76547142273463,154.52688666358657,152.87551653031983,153.2216033935547,5855200,0.0,0.0
2025-03-25 00:00:00-04:00,153.11283535074372,153.22160896053177,150.8187216105573,151.9262237548828,5093700,0.0,0.0
2025-03-26 00:00:00-04:00,151.43178819285126,152.272312841821,147.84227446199097,148.9992218017578,4850800,0.0,0.0
2025-03-27 00:00:00-04:00,148.1587110314936,148.2279223648031,145.30094837235058,146.03268432617188,6933800,0.0,0.0
2025-03-28 00:00:00-04:00,147.1401969787452,148.12904236826824,142.51239270971408,143.44190979003906,7715000,0.0,0.0
2025-03-31 00:00:00-04:00,141.17745838429545,144.05498695762603,139.58541672733205,143.50123596191406,7116300,0.0,0.0
2025-04-01 00:00:00-04:00,142.49262095351264,144.4801946748869,140.21827363106618,144.03521728515625,5869500,0.0,0.0
2025-04-02 00:00:00-04:00,142.42340721601272,147.6445099211246,142.23552416863515,146.10191345214844,4904800,0.0,0.0
2025-04-03 00:00:00-04:00,139.42721064122387,140.2875013678972,133.8896699987628,133.99844360351562,11779600,0.0,0.0
2025-04-04 00:00:00-04:00,127.66982221032566,130.98246012851536,122.5574936227907,125.5339126586914,15564000,0.0,0.0
2025-04-07 00:00:00-04:00,123.5760116547337,139.990851437714,122.3597284852765,131.3681182861328,18941900,0.0,0.0
2025-04-08 00:00:00-04:00,136.86610949413088,139.1305590537582,126.07780145069711,127.52152252197266,16423700,0.0,0.0
2025-04-09 00:00:00-04:00,128.13458609090742,149.27610513373412,127.16552184376539,148.059814453125,20667300,0.0,0.0
2025-04-10 00:00:00-04:00,140.64346596741203,142.2058433872924,132.0009675071113,136.69798278808594,16290700,0.0,0.0
2025-04-11 00:00:00-04:00,137.0243169555067,144.5988613978423,133.98855427660877,143.32325744628906,10617200,0.0,0.0
2025-04-14 00:00:00-04:00,145.24162425959622,146.05246968105445,140.55449140324978,142.91783142089844,6835900,0.0,0.0
2025-04-15 00:00:00-04:00,143.35293406600064,145.39983641527309,142.63108107215913,143.82757568359375,5259900,0.0,0.0
2025-04-16 00:00:00-04:00,136.28269157032344,139.50632240971896,132.85139654073285,136.6485595703125,9279100,0.0,0.0
2025-04-17 00:00:00-04:00,137.4396290484449,138.09225555210443,135.4124929390386,135.92669677734375,6494800,0.0,0.0
2025-04-21 00:00:00-04:00,133.62268579403136,134.49285949923373,131.31867416581792,134.04788208007812,8395300,0.0,0.0
2025-04-22 00:00:00-04:00,135.64979195601362,137.52860709224495,134.7993994771309,136.75730895996094,5222700,0.0,0.0
2025-04-23 00:00:00-04:00,143.2342619526775,146.18101701426278,141.14779755910737,141.97842407226562,7994300,0.0,0.0
2025-04-24 00:00:00-04:00,145.96347689551837,148.722349051031,143.72869161932746,148.4949188232422,7609200,0.0,0.0
2025-04-25 00:00:00-04:00,146.5469042911068,150.90771669260963,146.2205834561047,149.8595428466797,4805200,0.0,0.0
2025-04-28 00:00:00-04:00,149.10800170898438,150.17595662668924,145.8645897760664,149.10800170898438,7052500,0.0,0.0
2025-04-29 00:00:00-04:00,147.33796793746376,149.38488520435007,146.26013004830887,147.8818359375,5721300,0.0,0.0
2025-04-30 00:00:00-04:00,144.3417674156387,149.3552058576985,143.09582761616093,149.02890014648438,7273600,0.0,0.0
2025-05-01 00:00:00-04:00,149.94853007736674,150.5813905898599,147.08088418076002,147.29843139648438,6732000,0.0,0.0
2025-05-02 00:00:00-04:00,151.0856884367139,154.9520777360024,150.98681294566921,153.36993408203125,6083200,0.0,0.0
2025-05-05 00:00:00-04:00,152.39096852455728,154.89274623408966,152.1338741468344,152.88539123535156,4069300,0.0,0.0
2025-05-06 00:00:00-04:00,150.30450373089013,152.75683614590648,150.20561315352845,151.32301330566406,3471700,0.0,0.0
2025-05-07 00:00:00-04:00,151.63946990067035,154.4576706422104,149.8199826360709,154.072021484375,5499000,0.0,0.0
2025-05-08 00:00:00-04:00,156.26724271913275,157.02865792807336,154.07200464868967,154.2598876953125,4824600,0.0,0.0
2025-05-09 00:00:00-04:00,155.17952056262862,156.2375925139465,152.92495397900785,153.87425231933594,3884200,0.0,0.0
2025-05-12 00:00:00-04:00,164.58343646180893,167.9059577238482,163.8022401192818,166.11614990234375,11724100,0.0,0.0
2025-05-13 00:00:00-04:00,166.98632904891636,172.23709606026702,166.59079689786995,171.0999298095703,8980200,0.0,0.0
2025-05-14 00:00:00-04:00,171.51523453141718,173.32482345484578,171.11970240011868,172.19754028320312,7069700,0.0,0.0
2025-05-15 00:00:00-04:00,169.8341992423258,174.41255832098966,169.29033124886948,172.8007354736328,12811600,0.0,0.0
2025-05-16 00:00:00-04:00,166.551227966399,167.5796356597112,160.11384967086494,163.72314453125,16540400,0.0,0.0
2025-05-19 00:00:00-04:00,160.72693612281765,164.1483480894422,160.55883420347666,164.08901977539062,7465700,0.0,0.0
2025-05-20 00:00:00-04:00,163.2089400114286,164.08901183396466,162.39807952240832,163.88134765625,5372400,0.0,0.0
2025-05-21 00:00:00-04:00,161.71578003707015,164.4351050545529,159.86664385352884,160.42039489746094,5658600,0.0,0.0
2025-05-22 00:00:00-04:00,159.34942710710072,161.9376534789334,158.94284394899316,159.18084716796875,6355700,0.46,0.0
2025-05-23 00:00:00-04:00,155.33318591457686,157.08842342603677,154.3613660784273,156.1959228515625,5733400,0.0,0.0
2025-05-27 00:00:00-04:00,159.28991842997965,161.12447537323376,157.84209210059123,160.4799041748047,8470400,0.0,0.0
2025-05-28 00:00:00-04:00,160.55921988936805,162.30453110322532,159.53781419021166,160.24188232421875,6727200,0.0,0.0
2025-05-29 00:00:00-04:00,164.07961146975074,164.1589307322166,157.12808462295223,158.1494903564453,6845600,0.0,0.0
2025-05-30 00:00:00-04:00,157.71314899405937,157.90156627660306,152.18962644881896,155.4422607421875,15273600,0.0,0.0
2025-06-02 00:00:00-04:00,154.49026797317455,156.3050024584106,154.13327077720209,155.9579315185547,5875300,0.0,0.0
2025-06-03 00:00:00-04:00,155.6207564376486,160.59887979622545,155.05551970454758,160.39064025878906,6355400,0.0,0.0
2025-06-04 00:00:00-04:00,161.14430769778758,162.11612759354801,158.8436555493874,160.5790557861328,5990600,0.0,0.0
2025-06-05 00:00:00-04:00,161.8583121177048,164.2382836792323,159.7560034006392,162.82022094726562,7386800,0.0,0.0
2025-06-06 00:00:00-04:00,164.05978051612027,168.1156551027017,164.05978051612027,165.34893798828125,5717500,0.0,0.0
2025-06-09 00:00:00-04:00,166.40999704604104,170.38655221534344,166.40999704604104,168.37347412109375,6320000,0.0,0.0
2025-06-10 00:00:00-04:00,169.15689298137286,172.93510462611565,168.5718188442134,172.32028198242188,5711600,0.0,0.0
2025-06-11 00:00:00-04:00,172.78634943903805,174.32340593570262,168.9089663021576,171.3484344482422,6133200,0.0,0.0
2025-06-12 00:00:00-04:00,171.05098452099733,173.89703631954535,170.84272981626648,173.5400390625,4468500,0.0,0.0
2025-06-13 00:00:00-04:00,169.63287390593283,172.13185422332907,168.96846541457307,169.1667938232422,5297100,0.0,0.0
2025-06-16 00:00:00-04:00,171.57653858257427,175.40433610480656,171.34844652445597,175.07708740234375,6712900,0.0,0.0
2025-06-17 00:00:00-04:00,174.80933551727915,176.832324742698,172.60785525334668,172.63760375976562,6631400,0.0,0.0
2025-06-18 00:00:00-04:00,173.79784957509563,173.79784957509563,170.37663498284167,171.39804077148438,4946900,0.0,0.0
2025-06-20 00:00:00-04:00,173.01443120706767,173.90691662576782,164.52584807889696,168.04623413085938,18396600,0.0,0.0
2025-06-23 00:00:00-04:00,168.83956116260853,170.85262420804023,167.31241562629415,170.525390625,6838800,0.0,0.0
2025-06-24 00:00:00-04:00,173.60944935356065,179.01397856804033,173.54002608001372,178.6768035888672,7254500,0.0,0.0
2025-06-25 00:00:00-04:00,179.59903928741764,181.68152549700338,178.99412777941328,181.54269409179688,5431800,0.0,0.0
2025-06-26 00:00:00-04:00,181.66168867932322,182.96075721738958,180.54111117786672,181.9889373779297,5199700,0.0,0.0
2025-06-27 00:00:00-04:00,182.84175563918348,184.24990701860992,179.60894354913825,181.6815185546875,14202800,0.0,0.0
2025-06-30 00:00:00-04:00,182.26659962383872,183.22850833544382,181.0071907206516,181.54269409179688,4070700,0.0,0.0
2025-07-01 00:00:00-04:00,180.91794902440887,183.38716586427716,179.39078840338877,182.2269287109375,6572300,0.0,0.0
2025-07-02 00:00:00-04:00,181.10636918191355,189.31729003641033,180.11471192768457,188.42478942871094,8800600,0.0,0.0
2025-07-03 00:00:00-04:00,187.77030146769872,190.43784669052877,187.69096707397867,189.45611572265625,3568500,0.0,0.0
2025-07-07 00:00:00-04:00,187.46288068128496,190.05110672007794,187.03647532508185,189.18836975097656,6577400,0.0,0.0
2025-07-08 00:00:00-04:00,190.5370215449862,194.6623192961699,189.92219889807978,193.36325073242188,8097100,0.0,0.0
2025-07-09 00:00:00-04:00,194.1664860444813,196.30846926398166,192.61950320756046,193.75990295410156,6170800,0.0,0.0
2025-07-10 00:00:00-04:00,196.34813540416644,197.7562868827005,195.00939206472432,196.3778839111328,5229100,0.0,0.0
2025-07-11 00:00:00-04:00,195.20774050047154,197.1216317767746,194.51356830326338,196.27871704101562,4424400,0.0,0.0
2025-07-14 00:00:00-04:00,193.97808314918996,197.16130970871706,192.86743182619728,195.45565795898438,7264000,0.0,0.0
2025-07-15 00:00:00-04:00,198.4107981264425,199.43220395410796,196.84397774723485,197.62738037109375,6007100,0.0,0.0
2025-07-16 00:00:00-04:00,192.38149824219624,193.53182423437684,188.16695511060175,193.1847381591797,9400000,0.0,0.0
2025-07-17 00:00:00-04:00,191.01302078503213,192.41126118397727,190.34861222198123,190.9138641357422,5704000,0.0,0.0
2025-07-18 00:00:00-04:00,191.449364203013,191.95511913205573,188.5537265774667,188.85122680664062,4757100,0.0,0.0
2025-07-21 00:00:00-04:00,189.1982741326995,192.77815729812414,189.18836300784648,191.0030975341797,5061500,0.0,0.0
2025-07-22 00:00:00-04:00,190.665957513645,190.894034460859,183.58552484072,185.57875061035156,7074500,0.0,0.0
2025-07-23 00:00:00-04:00,186.11422237363067,187.81987402625975,184.58707689145692,185.44981384277344,5419800,0.0,0.0
2025-07-24 00:00:00-04:00,186.59022713080677,188.4545324248268,185.50932438686345,186.55055236816406,4819900,0.0,0.0
2025-07-25 00:00:00-04:00,184.2598479205566,184.96393128979776,182.56412234282612,184.14085388183594,6608700,0.0,0.0
2025-07-28 00:00:00-04:00,187.43311944785893,188.91069410366944,187.0563000062502,188.6826171875,4913000,0.0,0.0
2025-07-29 00:00:00-04:00,190.0213769088296,190.84445432659808,186.3819962435218,186.83816528320312,4605400,0.0,0.0
2025-07-30 00:00:00-04:00,188.147126876377,189.27761554255076,186.17373862179983,187.80996704101562,4018500,0.0,0.0
2025-07-31 00:00:00-04:00,176.3959947719195,179.9560406335494,173.05409958221728,178.55780029296875,11375400,0.0,0.0
2025-08-01 00:00:00-04:00,175.1266706987731,180.11470529329523,174.77958461998207,178.48838806152344,8393200,0.0,0.0
2025-08-04 00:00:00-04:00,180.48160315264832,181.4732603128277,178.99411741237924,181.29476928710938,4189300,0.0,0.0
2025-08-05 00:00:00-04:00,181.14601780865166,181.73109192154308,175.91998015955744,177.65538024902344,5292000,0.0,0.0
2025-08-06 00:00:00-04:00,177.38765567294556,177.74465289213128,174.0160119069717,176.65382385253906,5857800,0.0,0.0
2025-08-07 00:00:00-04:00,182.8120100169645,185.24156711929564,180.34277815318578,181.62200927734375,6616600,0.0,0.0
2025-08-08 00:00:00-04:00,181.62203070732764,183.83343740857754,181.09645354229258,183.3276824951172,4338400,0.0,0.0
2025-08-11 00:00:00-04:00,185.588646011603,188.1372123759999,182.24676596211458,182.84176635742188,7816000,0.0,0.0
2025-08-12 00:00:00-04:00,184.18049865951912,188.1471276994445,182.74259865884395,186.8778076171875,5915400,0.0,0.0
2025-08-13 00:00:00-04:00,188.21653368367245,189.54535065844254,187.15545324983455,188.44461059570312,5923400,0.0,0.0
2025-08-14 00:00:00-04:00,186.29272108822968,188.44461538364055,185.2217295028269,186.6695556640625,10992400,0.0,0.0
2025-08-15 00:00:00-04:00,161.34265229928448,166.10261073776945,160.36092117967502,160.41049194335938,31803300,0.0,0.0
2025-08-18 00:00:00-04:00,160.4600587522155,163.17720509081113,160.40056173767871,162.16571044921875,10125800,0.0,0.0
2025-08-19 00:00:00-04:00,162.86980548778322,163.8217880518913,160.14274782758332,160.8666534423828,8921500,0.0,0.0
2025-08-20 00:00:00-04:00,160.45013009912887,160.61870999906353,156.62233289003052,159.6171417236328,9323300,0.0,0.0
2025-08-21 00:00:00-04:00,159.06024092484125,160.40280604757973,158.20497080986084,158.96078491210938,8294900,0.46,0.0
2025-08-22 00:00:00-04:00,159.79616516319817,164.0924100932064,159.10001857959242,161.59622192382812,7448100,0.0,0.0
2025-08-25 00:00:00-04:00,161.41718514434785,161.7254775111921,159.86576860483768,161.0989532470703,4186800,0.0,0.0
2025-08-26 00:00:00-04:00,161.11885386114,163.9034554153847,160.79066721467132,163.6051025390625,6770200,0.0,0.0
2025-08-27 00:00:00-04:00,162.36195916439596,163.7443126602561,161.65587312056948,163.48574829101562,4633500,0.0,0.0
2025-08-28 00:00:00-04:00,163.81395365387604,165.24603531639332,162.8393484237742,164.36093139648438,7899500,0.0,0.0
2025-08-29 00:00:00-04:00,161.97411149203177,162.75977451144036,158.55303114769768,159.87571716308594,7202100,0.0,0.0
2025-09-02 00:00:00-04:00,155.85793185230293,157.42924257073665,155.15183067081588,156.70326232910156,7683400,0.0,0.0
2025-09-03 00:00:00-04:00,157.18063542754948,157.18063542754948,153.62032570422292,155.39053344726562,7335000,0.0,0.0
2025-09-04 00:00:00-04:00,155.0822466193149,158.7917253178583,154.54520841853906,157.36959838867188,6245100,0.0,0.0
2025-09-05 00:00:00-04:00,159.37847306280213,161.95423811735634,157.94640663161462,161.8547821044922,7046800,0.0,0.0
2025-09-08 00:00:00-04:00,162.90894384743314,163.74431969921852,160.95973352660053,161.15863037109375,7933600,0.0,0.0
2025-09-09 00:00:00-04:00,161.02935125862336,163.35647636052045,160.8602881708641,162.6006622314453,5315400,0.0,0.0
2025-09-10 00:00:00-04:00,163.396251961081,164.49019217947043,161.65587803764404,162.52108764648438,5690200,0.0,0.0
2025-09-11 00:00:00-04:00,163.09791506553253,169.7212852583304,163.09791506553253,169.21408081054688,8999900,0.0,0.0
2025-09-12 00:00:00-04:00,166.98639444009746,168.73670788492547,166.26039896722557,166.8769989013672,5170600,0.0,0.0
2025-09-15 00:00:00-04:00,168.17978048246007,170.11905111999303,167.60296905632237,169.98976135253906,5597600,0.0,0.0
2025-09-16 00:00:00-04:00,171.5113575423147,173.14233580241557,170.63619329426123,172.5854034423828,6447500,0.0,0.0
2025-09-17 00:00:00-04:00,173.2915295305916,178.56237966175897,173.0130708979887,177.1501922607422,9588300,0.0,0.0
2025-09-18 00:00:00-04:00,186.96588829096171,190.49636421653364,182.81882758974604,188.71620178222656,15473700,0.0,0.0
2025-09-19 00:00:00-04:00,189.7703773091525,190.7947104475693,187.6222550252497,189.05433654785156,18903500,0.0,0.0
2025-09-22 00:00:00-04:00,192.12732562612217,200.04353169757655,191.3714964327168,199.41700744628906,15475500,0.0,0.0
2025-09-23 00:00:00-04:00,200.1231113357434,202.9773349515107,197.70648506170198,199.7650909423828,12417900,0.0,0.0
2025-09-24 00:00:00-04:00,197.98493584247655,202.62924606630182,196.31416901466113,200.3319549560547,6360500,0.0,0.0
2025-09-25 00:00:00-04:00,197.94514281561703,199.615909604992,195.12076831972644,198.5020751953125,6027600,0.0,0.0
2025-09-26 00:00:00-04:00,198.89987362412182,204.07126730337777,196.3042296663328,202.79830932617188,7363300,0.0,0.0
2025-09-29 00:00:00-04:00,205.2050006408442,209.34212174823807,203.5541280102702,203.82264709472656,9295400,0.0,0.0
2025-09-30 00:00:00-04:00,203.23590067467282,209.1133958482492,201.75409108615753,203.6138153076172,12253800,0.0,0.0
2025-10-01 00:00:00-04:00,203.61380560841613,217.23844388434122,202.49001646915468,216.54229736328125,12699200,0.0,0.0
2025-10-02 00:00:00-04:00,223.7623551561523,225.1646028904296,217.52683994350787,222.360107421875,11166000,0.0,0.0
2025-10-03 00:00:00-04:00,218.70036371305397,219.28711470908553,214.41407378549286,216.3334503173828,9269800,0.0,0.0
2025-10-06 00:00:00-04:00,221.1169886736455,225.24417020866534,219.55563253679568,222.67835998535156,7891900,0.0,0.0
2025-10-07 00:00:00-04:00,222.67837555021453,223.59331322347305,210.10790310589238,210.39630126953125,10543300,0.0,0.0
2025-10-08 00:00:00-04:00,208.84488277053202,217.44729687185153,207.8503833287676,216.31356811523438,7875500,0.0,0.0
2025-10-09 00:00:00-04:00,215.8063751815488,219.64514356827013,214.32456557564862,219.08822631835938,6701400,0.0,0.0
2025-10-10 00:00:00-04:00,219.48601955065317,223.23528662311926,208.57635966985765,208.79515075683594,12829700,0.0,0.0
2025-10-13 00:00:00-04:00,219.13794511904632,219.9136534238157,215.83619988347914,218.27272033691406,7853000,0.0,0.0
2025-10-14 00:00:00-04:00,212.72341154490576,220.4307817483423,212.5344694093782,216.9898223876953,8260000,0.0,0.0
2025-10-15 00:00:00-04:00,222.7280878758466,226.8453147030526,219.30700757983846,226.3281707763672,8033600,0.0,0.0
2025-10-16 00:00:00-04:00,229.3315549361939,230.79347018675386,222.79768695819865,226.46739196777344,7742800,0.0,0.0
2025-10-17 00:00:00-04:00,225.2242810149644,226.10938487665413,221.47501401663516,223.75242614746094,5272800,0.0,0.0
2025-10-20 00:00:00-04:00,225.90053225166955,230.05754762744786,225.28394748068374,226.87515258789062,5494800,0.0,0.0
2025-10-21 00:00:00-04:00,224.67728942798027,226.90497341605968,223.97120339338014,224.75685119628906,4557500,0.0,0.0
2025-10-22 00:00:00-04:00,224.75686569415177,225.5226344855209,214.88149387922044,219.34678649902344,7498100,0.0,0.0
2025-10-23 00:00:00-04:00,217.18873121780246,229.28184800134758,216.92021212112647,227.21328735351562,7001900,0.0,0.0
2025-10-24 00:00:00-04:00,227.74036985303533,229.45091008950087,225.04526971626538,227.4917449951172,5346700,0.0,0.0
2025-10-27 00:00:00-04:00,231.71835301910372,234.4929995821812,229.85864405468976,230.0575408935547,7671700,0.0,0.0
2025-10-28 00:00:00-04:00,228.41660464954958,229.74924531858977,225.83091543059058,226.38783264160156,6118500,0.0,0.0
2025-10-29 00:00:00-04:00,231.61890247259743,236.08421020843542,230.7238590891768,234.45323181152344,7784500,0.0,0.0
2025-10-30 00:00:00-04:00,236.47207123136835,241.16610971485846,230.80342756376368,231.27084350585938,7317700,0.0,0.0
2025-10-31 00:00:00-04:00,232.45428905071034,236.60134961768418,229.18237761361172,231.81781005859375,6532600,0.0,0.0
2025-11-03 00:00:00-05:00,234.37366336045923,238.47099588536645,232.7128512430832,236.40245056152344,6160600,0.0,0.0
2025-11-04 00:00:00-05:00,230.14704284479814,235.6665173943104,228.50612495095814,228.92381286621094,6896400,0.0,0.0
2025-11-05 00:00:00-05:00,228.9238162618819,240.57935028847464,228.83431495904074,239.56495666503906,7230800,0.0,0.0
2025-11-06 00:00:00-05:00,239.44563428542872,239.44563428542872,231.64874714724627,232.24545288085938,9278400,0.0,0.0
2025-11-07 00:00:00-05:00,230.99240023226503,231.24102510416336,222.15130039455457,228.80450439453125,6892800,0.0,0.0
2025-11-10 00:00:00-05:00,234.93059453647732,235.2388869297485,230.78353376195884,233.78692626953125,7673700,0.0,0.0
2025-11-11 00:00:00-05:00,231.29072708012635,231.9669793716411,225.75135827379432,227.41217041015625,6237600,0.0,0.0
2025-11-12 00:00:00-05:00,229.95809565514114,230.5647409057435,227.6409101954585,229.46084594726562,5955400,0.0,0.0
2025-11-13 00:00:00-05:00,226.1391959384208,227.74034042350164,218.42188680885172,222.0020751953125,13465900,0.0,0.0
2025-11-14 00:00:00-05:00,202.62924914009386,224.91598393901398,202.2811682863524,224.7667999267578,15254400,0.0,0.0
2025-11-17 00:00:00-05:00,222.9667483508526,230.4354480846493,222.03191654596816,227.4519500732422,8713600,0.0,0.0
2025-11-18 00:00:00-05:00,225.23423374152134,226.36796252038516,218.21306997286837,223.8817138671875,12167400,0.0,0.0
2025-11-19 00:00:00-05:00,226.03976763796518,234.6123630006202,225.25411976912912,233.83665466308594,8870500,0.0,0.0
2025-11-20 00:00:00-05:00,237.941993075374,239.9049983519533,218.18242751431245,219.44790649414062,9264000,0.46,0.0
2025-11-21 00:00:00-05:00,218.42156151596558,227.34974894700147,214.73470420624494,223.2144775390625,8596800,0.0,0.0
2025-11-24 00:00:00-05:00,222.06859517401736,232.3718728127647,222.06859517401736,230.0900115966797,8806600,0.0,0.0
2025-11-25 00:00:00-05:00,236.70641648675402,243.7513016262967,232.3120736109767,241.59898376464844,8330300,0.0,0.0
2025-11-26 00:00:00-05:00,241.96767696000867,251.76277101608733,241.96767696000867,249.0823211669922,8791100,0.0,0.0
2025-11-28 00:00:00-05:00,249.90935459470964,251.583381230354,246.96983376368547,251.3542022705078,2916300,0.0,0.0
2025-12-01 00:00:00-05:00,249.3413839900356,254.8816369969153,247.64742403682888,253.8453369140625,6842400,0.0,0.0
2025-12-02 00:00:00-05:00,254.72222088135354,266.1016495624101,254.72222088135354,264.38775634765625,9196800,0.0,0.0
2025-12-03 00:00:00-05:00,264.35786425234124,268.19419835605066,258.7877189034603,267.6760559082031,7999600,0.0,0.0
2025-12-04 00:00:00-05:00,267.3870849803113,271.7914023468791,265.05539828361276,268.4831848144531,6348800,0.0,0.0
2025-12-05 00:00:00-05:00,268.83193067789995,272.6184239600118,266.4105369792,267.04827880859375,5373400,0.0,0.0
2025-12-08 00:00:00-05:00,268.54294032354596,271.1934976693502,265.59346051397546,267.20770263671875,5338100,0.0,0.0
2025-12-09 00:00:00-05:00,265.1251377078989,267.7557467091903,263.7898999741004,266.19134521484375,4062600,0.0,0.0
2025-12-10 00:00:00-05:00,265.82260665683316,275.1194899837203,264.915834697875,274.1728515625,6244600,0.0,0.0
2025-12-11 00:00:00-05:00,270.25683075945517,271.024085348416,261.89661116389885,269.1507568359375,7061200,0.0,0.0
2025-12-12 00:00:00-05:00,266.31092098107837,268.752202341044,256.2168895835251,258.28948974609375,6739300,0.0,0.0
2025-12-15 00:00:00-05:00,262.494496110446,264.7464800952862,258.8674383461621,260.3421630859375,6406000,0.0,0.0
2025-12-16 00:00:00-05:00,258.86744541997876,260.65106689907907,254.39338477982113,257.9208068847656,5859700,0.0,0.0
2025-12-17 00:00:00-05:00,257.24321374130545,259.1763267549948,246.04312428315743,247.38833618164062,7855400,0.0,0.0
2025-12-18 00:00:00-05:00,258.16990691091667,259.89377422192126,251.3342677738749,252.59976196289062,8741200,0.0,0.0
2025-12-19 00:00:00-05:00,254.80193953659594,260.3920181365256,252.67949864217155,255.49945068359375,25749700,0.0,0.0
2025-12-22 00:00:00-05:00,261.8966212149424,261.8966212149424,256.68521352265776,258.0902099609375,4182000,0.0,0.0
2025-12-23 00:00:00-05:00,257.24322140702003,259.52509763412274,256.96421696421476,259.3058776855469,3791500,0.0,0.0
2025-12-24 00:00:00-05:00,259.3058776866754,260.5514386651337,258.40904945482254,259.8539123535156,1279500,0.0,0.0
2025-12-26 00:00:00-05:00,260.9101251784254,262.00622483538893,259.27596511557164,260.96990966796875,1836000,0.0,0.0
2025-12-29 00:00:00-05:00,259.89381362289555,263.71019959191074,259.0767182133973,262.1158752441406,2601600,0.0,0.0
2025-12-30 00:00:00-05:00,263.2517983998894,264.06889367528515,258.85745575152265,259.0467834472656,2185100,0.0,0.0
2025-12-31 00:00:00-05:00,260.54146353910994,260.9001705032391,255.05103623884102,256.0773620605469,3025800,0.0,0.0
2026-01-02 00:00:00-05:00,266.13150941841116,270.26679591296426,264.1585604246278,267.9151611328125,7553200,0.0,0.0
2026-01-05 00:00:00-05:00,275.1394112003493,286.71814027187855,275.1394112003493,283.310302734375,10398700,0.0,0.0
2026-01-06 00:00:00-05:00,284.4163859975942,297.1609752158585,284.4163859975942,294.9588317871094,7237900,0.0,0.0
2026-01-07 00:00:00-05:00,290.9630515905798,294.2015102127353,288.97015397694577,291.162353515625,6148400,0.0,0.0
2026-01-08 00:00:00-05:00,289.66768599489257,290.88335477945503,278.4576366980191,280.6398620605469,5500700,0.0,0.0
2026-01-09 00:00:00-05:00,287.37579940978384,301.7047366017801,285.4825529589122,300.11041259765625,9427600,0.0,0.0
2026-01-12 00:00:00-05:00,300.64853924116846,308.40090984580297,299.5225472088919,306.14892578125,6612800,0.0,0.0
2026-01-13 00:00:00-05:00,305.9695481749728,309.53685169919413,301.5154210834778,303.7873229980469,7146500,0.0,0.0
2026-01-14 00:00:00-05:00,300.39941026774244,300.86774240345295,295.945283073799,300.81793212890625,6545200,0.0,0.0
2026-01-15 00:00:00-05:00,326.914876694785,329.82452028398524,317.69772620346515,317.94683837890625,11262800,0.0,0.0
2026-01-16 00:00:00-05:00,324.56326653087046,329.01739336419735,319.03298849899784,325.84869384765625,11399300,0.0,0.0
2026-01-20 00:00:00-05:00,314.97747372805946,323.33766339946106,314.57890028741224,317.09991455078125,9387300,0.0,0.0
2026-01-21 00:00:00-05:00,318.34543718379774,327.52272106823887,315.7845567623025,324.0849609375,7914000,0.0,0.0
2026-01-22 00:00:00-05:00,331.80745161615386,331.84731807977954,316.33260411418075,317.65789794921875,6036100,0.0,0.0
2026-01-23 00:00:00-05:00,317.8472486246984,322.4907036738174,309.96533498114877,321.23516845703125,6201000,0.0,0.0
2026-01-26 00:00:00-05:00,320.8565195191279,320.8565195191279,315.4458097335207,318.3255310058594,4777200,0.0,0.0
2026-01-27 00:00:00-05:00,323.29782646167786,335.275130132524,322.1419422005047,331.5284729003906,8033000,0.0,0.0
2026-01-28 00:00:00-05:00,340.71570475595854,342.8182273755001,331.7775584890659,335.5541076660156,8470000,0.0,0.0
2026-01-29 00:00:00-05:00,339.52993229423913,343.3762402248185,327.7120648914231,340.1278076171875,7350500,0.0,0.0
2026-01-30 00:00:00-05:00,331.74766017116383,339.73919824989207,320.3981252301079,321.17535400390625,9814100,0.0,0.0
2026-02-02 00:00:00-05:00,319.4615063256379,329.26655932780886,318.71416969063216,327.2337951660156,7409600,0.0,0.0
2026-02-03 00:00:00-05:00,335.7434696899056,337.23814292812534,310.8422232721106,317.5383605957031,10697000,0.0,0.0
2026-02-04 00:00:00-05:00,322.8394183577576,322.8394183577576,286.46903925581734,296.54315185546875,14719400,0.0,0.0
2026-02-05 00:00:00-05:00,299.0043991532007,303.269198807094,291.2819209418628,302.91046142578125,8514300,0.0,0.0
2026-02-06 00:00:00-05:00,308.31125935595145,323.24801871147815,307.2051852585749,321.36474609375,8344400,0.0,0.0
2026-02-09 00:00:00-05:00,316.43227900659065,331.2195755733812,314.977472270817,329.3960876464844,7458900,0.0,0.0
2026-02-10 00:00:00-05:00,328.6886009143787,333.42173292091564,320.3782212088479,327.90142822265625,6785800,0.0,0.0
2026-02-11 00:00:00-05:00,336.710029248026,343.11718795437736,329.71496937854124,338.67303466796875,7160900,0.0,0.0
2026-02-12 00:00:00-05:00,338.67300219538186,339.858778627243,324.4038489581233,327.22381591796875,9764400,0.0,0.0
2026-02-13 00:00:00-05:00,363.6539815984665,374.98359896199395,352.0054933383768,353.6496276855469,15706000,0.0,0.0
2026-02-17 00:00:00-05:00,349.75354139183884,361.34224621852843,346.42540592912366,357.85467529296875,8791300,0.0,0.0
2026-02-18 00:00:00-05:00,360.3457802127887,372.67184685976343,357.984201449765,367.988525390625,8784300,0.0,0.0
2026-02-19 00:00:00-05:00,361.36386638663055,369.215693465988,359.56800345359966,368.9762268066406,6640100,0.46,0.0
2026-02-20 00:00:00-05:00,365.4244426379751,376.2394144860331,365.4244426379751,374.513427734375,8178700,0.0,0.0
2026-02-23 00:00:00-05:00,371.5403134371029,377.985392087367,368.82659130323447,372.6876525878906,6077400,0.0,0.0
2026-02-24 00:00:00-05:00,375.7206531432947,379.6316173742122,367.15048647409037,377.05755615234375,5711800,0.0,0.0
2026-02-25 00:00:00-05:00,384.11122646584437,395.03596054028264,383.1135349685305,394.03826904296875,9745000,0.0,0.0
2026-02-26 00:00:00-05:00,390.8955274641499,392.56168570826753,365.6938602371558,374.8526611328125,7717100,0.0,0.0
2026-02-27 00:00:00-05:00,365.09524811662715,377.7060534717625,364.7659928548482,371.4405517578125,9041400,0.0,0.0
2026-03-02 00:00:00-05:00,365.73375256661006,372.94707338603877,362.441382652388,371.3208312988281,5802100,0.0,0.0
2026-03-03 00:00:00-05:00,350.0899283566777,358.7000105558609,347.7852635123952,350.50897216796875,7982000,0.0,0.0
2026-03-04 00:00:00-05:00,358.39073358002884,361.5035261166781,349.89041315709227,356.9341125488281,5980400,0.0,0.0
2026-03-05 00:00:00-05:00,350.22964000604236,353.9410536815071,335.5236462845959,345.73004150390625,5899700,0.0,0.0
2026-03-06 00:00:00-05:00,328.7593210166141,340.61190194998335,320.9972816822245,323.9903564453125,8655200,0.0,0.0
2026-03-09 00:00:00-04:00,319.7401855380069,338.3770556055685,315.92899666902514,338.1575622558594,9504100,0.0,0.0
2026-03-10 00:00:00-04:00,339.0654943909626,354.4598683827322,338.2174504464347,345.0815734863281,6121100,0.0,0.0
2026-03-11 00:00:00-04:00,347.1966621296396,352.18511991885856,342.73697964819263,350.25958251953125,4517200,0.0,0.0
2026-03-12 00:00:00-04:00,343.3954636156852,344.6824942650633,333.2389707492217,336.4914245605469,5978200,0.0,0.0
2026-03-13 00:00:00-04:00,341.67944019680226,348.4437879621186,339.4944931779622,340.7416076660156,5332200,0.0,0.0
2026-03-16 00:00:00-04:00,346.8973393915077,349.94028622329404,342.7768687121207,345.3808288574219,4427000,0.0,0.0
2026-03-17 00:00:00-04:00,345.38086046176676,351.9955604436808,342.2181952346511,351.6463623046875,4833900,0.0,0.0
2026-03-18 00:00:00-04:00,352.574233336419,357.0338853592935,348.42383281278217,348.66326904296875,5170500,0.0,0.0
2026-03-19 00:00:00-04:00,339.95339557908005,358.2211247024128,337.3095191654133,356.3853759765625,6459700,0.0,0.0
2026-03-20 00:00:00-04:00,358.93948391097564,361.1643470651895,345.85976208906607,356.2357482910156,17587900,0.0,0.0
2026-03-23 00:00:00-04:00,366.9708817798492,373.3860305892763,360.615592022522,360.9548034667969,6490700,0.0,0.0
2026-03-24 00:00:00-04:00,357.33320432499494,379.1127971675235,357.17357002551796,373.12664794921875,6406200,0.0,0.0
2026-03-25 00:00:00-04:00,370.1435372248107,374.8127260204977,359.8274110269713,368.48736572265625,5052000,0.0,0.0
2026-03-26 00:00:00-04:00,357.5427170251986,358.6501704816853,336.7508287115354,337.7684631347656,9261000,0.0,0.0
2026-03-27 00:00:00-04:00,336.850592170845,344.891983371992,333.56817855067897,336.39166259765625,5984800,0.0,0.0
2026-03-30 00:00:00-04:00,343.20588863086084,343.7446505858846,319.9497013457435,322.37408447265625,6568100,0.0,0.0
2026-03-31 00:00:00-04:00,328.07090253059164,341.27037284051863,324.70868684234443,341.0010070800781,8335600,0.0,0.0
2026-04-01 00:00:00-04:00,344.49291176049076,358.1712539067763,340.64180667984965,352.9832458496094,5974800,0.0,0.0
2026-04-02 00:00:00-04:00,337.2197266493062,353.4920725616134,336.47145802508436,347.6655578613281,4269400,0.0,0.0
2026-04-06 00:00:00-04:00,350.20965676074456,352.6839426232828,345.03163547853916,351.80596923828125,2505500,0.0,0.0
2026-04-07 00:00:00-04:00,347.3463122534206,355.17819712782824,344.70243569568726,353.4920959472656,4024800,0.0,0.0
2026-04-08 00:00:00-04:00,378.01536988386937,388.4013122327656,376.90791641946623,384.82958984375,7628500,0.0,0.0
2026-04-09 00:00:00-04:00,384.3606594960599,397.8195084073637,384.2409413847594,396.89166259765625,5373600,0.0,0.0
2026-04-10 00:00:00-04:00,401.57084078912874,406.34979174259803,398.05897756480897,398.5677795410156,6399900,0.0,0.0
2026-04-13 00:00:00-04:00,396.9315990694811,399.57547565291446,388.690656919675,394.8164978027344,5246600,0.0,0.0
2026-04-14 00:00:00-04:00,399.0766049496418,400.12416885878315,390.1073679964798,394.7266845703125,5353200,0.0,0.0
2026-04-15 00:00:00-04:00,388.31149326223357,393.6990211766931,378.8034946547437,393.349853515625,5925100,0.0,0.0
2026-04-16 00:00:00-04:00,388.05215023696525,392.60162138274774,383.41286005596675,388.99993896484375,5113000,0.0,0.0
2026-04-17 00:00:00-04:00,396.8318093508614,399.5754610811314,389.50875711354195,396.023681640625,6017900,0.0,0.0
2026-04-20 00:00:00-04:00,396.68217952826996,397.570109204717,389.47884508043387,390.7159729003906,3747500,0.0,0.0
2026-04-21 00:00:00-04:00,392.09276142958134,396.592359859806,390.1572374742859,393.419677734375,5414900,0.0,0.0
2026-04-22 00:00:00-04:00,398.94690177778625,403.14717453649166,390.35679243649565,402.548583984375,5268100,0.0,0.0
2026-04-23 00:00:00-04:00,405.2323927576338,412.8647270727449,396.2232392234967,402.97760009765625,4420800,0.0,0.0
2026-04-24 00:00:00-04:00,411.54774258543387,419.52927456284834,409.3627957708464,416.0772705078125,6159600,0.0,0.0
2026-04-27 00:00:00-04:00,415.0396829536639,416.03737449922556,397.08123513355343,403.9253845214844,5663400,0.0,0.0
2026-04-28 00:00:00-04:00,385.108920156064,389.16953188056436,376.92783765265375,380.2301940917969,10396200,0.0,0.0
2026-04-29 00:00:00-04:00,382.9838310107472,385.11890543412727,376.19954099354374,381.706787109375,5116400,0.0,0.0
2026-04-30 00:00:00-04:00,384.64999441326233,395.0958257713354,383.6722457696423,393.5793151855469,7050000,0.0,0.0
2026-05-01 00:00:00-04:00,388.55096464137625,397.7197519099379,385.3084672848396,388.1817932128906,4586500,0.0,0.0
2026-05-04 00:00:00-04:00,386.2662421458197,400.0742887575109,384.75971824806584,390.47650146484375,5062300,0.0,0.0
2026-05-05 00:00:00-04:00,403.4564938138347,413.5431406020763,399.3260362508589,409.87164306640625,6321100,0.0,0.0
2026-05-06 00:00:00-04:00,420.0281193618806,431.8108534811313,416.78562200338627,427.6305236816406,7241200,0.0,0.0
2026-05-07 00:00:00-04:00,425.37575976220626,426.71269324876874,405.0727608330907,409.69207763671875,7741800,0.0,0.0
2026-05-08 00:00:00-04:00,422.1332604925402,437.02881859336196,416.93529600053466,434.434814453125,8165200,0.0,0.0
2026-05-11 00:00:00-04:00,438.23600958343593,447.4147839436597,436.2605693703914,442.5959167480469,8324000,0.0,0.0
2026-05-12 00:00:00-04:00,435.79163792325363,436.04106079991465,415.59837157185996,430.20458984375,9319400,0.0,0.0
2026-05-13 00:00:00-04:00,434.90371550091504,439.4831159384227,421.3251180386192,435.6020812988281,7839400,0.0,0.0
2026-05-14 00:00:00-04:00,442.3165806371618,447.41480043440583,436.98891126308945,439.5429992675781,14936200,0.0,0.0
2026-05-15 00:00:00-04:00,427.43100846466194,443.47387448693536,420.5868288999158,435.612060546875,12768700,0.0,0.0
2026-05-18 00:00:00-04:00,440.2912488461568,440.69031937070474,407.14793483774883,412.61529541015625,8265000,0.0,0.0
2026-05-19 00:00:00-04:00,403.4365275430828,414.5009231882826,396.4526866871776,405.9706726074219,8418700,0.0,0.0
2026-05-20 00:00:00-04:00,415.4886384846244,426.5131174107768,414.8900174935696,425.8646240234375,6888400,0.0,0.0
2026-05-21 00:00:00-04:00,423.7369065055144,430.5196623446708,421.15964524501885,426.90350341796875,5682900,0.53,0.0
2026-05-22 00:00:00-04:00,433.8860579799857,437.66201917826277,429.83039708128,431.6983947753906,4889300,0.0,0.0
2026-05-26 00:00:00-04:00,444.26493132962713,456.29207907183707,437.5321405656147,454.40411376953125,8044400,0.0,0.0
2026-05-27 00:00:00-04:00,460.7273258602551,461.90605806746316,440.64879059002044,447.77117919921875,5047600,0.0,0.0
2026-05-28 00:00:00-04:00,445.6534502883346,457.1911004225746,437.7818628006543,449.19964599609375,5675600,0.0,0.0
2026-05-29 00:00:00-04:00,452.2863508569121,459.96813902021586,445.22392603170596,449.5792541503906,8546800,0.0,0.0
2026-06-01 00:00:00-04:00,444.0651575132187,463.3844951543944,437.7519011269146,457.68060302734375,6613700,0.0,0.0
2026-06-02 00:00:00-04:00,464.80295755471474,490.984982162644,460.9570944861487,489.5265197753906,10440700,0.0,0.0
2026-06-03 00:00:00-04:00,487.4287941308176,507.71709697152926,486.8393975297906,500.2350769042969,8964900,0.0,0.0
2026-06-04 00:00:00-04:00,485.1412480551474,510.20444462327976,479.597157972364,501.16412353515625,6729000,0.0,0.0
2026-06-05 00:00:00-04:00,479.1975849106027,484.3820436041942,452.42622376577884,452.526123046875,11909400,0.0,0.0
2026-06-08 00:00:00-04:00,475.49154617162424,497.1783474412626,470.61675401394865,491.644287109375,9726900,0.0,0.0
2026-06-09 00:00:00-04:00,501.1840864986732,525.4181523288704,466.01170477160554,498.6767578125,11731700,0.0,0.0
2026-06-10 00:00:00-04:00,502.2529508205413,533.8691376138418,494.35139626938167,496.4791259765625,11393800,0.0,0.0
2026-06-11 00:00:00-04:00,521.9318645665493,557.0243434530702,519.3446653569473,552.0496826171875,12427700,0.0,0.0
2026-06-12 00:00:00-04:00,548.0339983636952,569.3412322504515,543.4888705432007,566.6441040039062,8055800,0.0,0.0
2026-06-15 00:00:00-04:00,589.3497616432984,598.979478791973,579.8899067983571,585.154296875,11664400,0.0,0.0
2026-06-16 00:00:00-04:00,581.368296887857,600.2680690938965,567.0436493058121,567.6229858398438,10906100,0.0,0.0
2026-06-17 00:00:00-04:00,591.3876190628448,622.6841082106196,590.1988877914607,592.28662109375,11045500,0.0,0.0
2026-06-18 00:00:00-04:00,621.855060996017,638.2175692141243,611.8457445703723,616.4508056640625,16781200,0.0,0.0
2026-06-22 00:00:00-04:00,625.5510448561254,640.4950865888701,620.0269836859661,639.4961547851562,10737300,0.0,0.0
2026-06-23 00:00:00-04:00,581.3084183280791,591.8671355564264,572.8974290175842,585.2542114257812,12035100,0.0,0.0
2026-06-24 00:00:00-04:00,584.6148242891134,593.6352075144702,568.8816487778739,588.3408203125,10726700,0.0,0.0
2026-06-25 00:00:00-04:00,637.0587521649362,668.5051055106441,609.0487266273076,667.2864379882812,16477800,0.0,0.0
2026-06-26 00:00:00-04:00,642.073449260977,659.4848241876985,621.3356141835166,626.1704711914062,28138600,0.0,0.0
2026-06-29 00:00:00-04:00,634.7512355684455,708.2326574039321,631.4347746279255,693.8980102539062,14165300,0.0,0.0
2026-06-30 00:00:00-04:00,696.7549601827914,738.8798989117877,695.2565624189574,722.2277221679688,16461200,0.0,0.0
2026-07-01 00:00:00-04:00,667.6959668631298,693.038922313539,638.3773433930633,650.2146606445312,16089200,0.0,0.0
2026-07-02 00:00:00-04:00,655.9885286478141,656.2981950681802,581.2784409940324,602.3958129882812,15071700,0.0,0.0
2026-07-06 00:00:00-04:00,627.0894783995512,628.3281441590747,591.0479995771518,592.1567993164062,8622800,0.0,0.0
2026-07-07 00:00:00-04:00,544.7674639619504,557.6837065297274,527.0664207171061,553.90771484375,12552400,0.0,0.0
2026-07-08 00:00:00-04:00,546.5155951343639,577.5224790280582,545.5965948965757,569.890625,7535700,0.0,0.0
2026-07-09 00:00:00-04:00,626.6399288937963,629.307059829824,584.8246567854503,588.0311889648438,14418000,0.0,0.0
2026-07-10 00:00:00-04:00,577.6223486472957,608.5692381423538,572.7775535169973,601.8564453125,6279300,0.0,0.0
2026-07-13 00:00:00-04:00,581.3883143507304,589.3897679295872,567.5431340526876,574.775390625,7561700,0.0,0.0
2026-07-14 00:00:00-04:00,613.2442927340592,613.4840266250667,583.3762057568129,595.063720703125,6513900,0.0,0.0
2026-07-15 00:00:00-04:00,609.7279860046576,611.0665204494271,556.5648048596327,578.81103515625,8168200,0.0,0.0
2026-07-16 00:00:00-04:00,561.9390761215258,590.4586279549089,556.6747469641948,560.330810546875,8406100,0.0,0.0
2026-07-17 00:00:00-04:00,531.8313015250113,550.5912085596145,512.671736422373,529.0941772460938,10326500,0.0,0.0
2026-07-20 00:00:00-04:00,545.0471933385277,554.3971808756951,522.4014252399297,525.1384887695312,6558300,0.0,0.0
2026-07-21 00:00:00-04:00,564.3465575748833,571.8884808046024,551.4103779984987,563.9469604492188,7636400,0.0,0.0
2026-07-22 00:00:00-04:00,543.7285877495399,562.7382899428353,542.5997898919999,553.3283081054688,4963500,0.0,0.0
2026-07-23 00:00:00-04:00,548.3835479661813,575.8741699601605,546.8052796580068,562.1987915039062,5706400,0.0,0.0
2026-07-24 00:00:00-04:00,555.6158860078156,562.1988125164539,529.4438602967418,535.6771850585938,6262200,0.0,0.0
2026-07-27 00:00:00-04:00,538.9636600969685,547.9640456820096,493.11272547028847,516.337890625,8011400,0.0,0.0
2026-07-28 00:00:00-04:00,490.39562597375175,494.4712544149321,466.5111623295723,475.9510498046875,9891300,0.0,0.0
2026-07-29 00:00:00-04:00,462.92498696109465,474.4926037615108,435.863897742946,435.9837951660156,10166900,0.0,0.0
2026-07-30 00:00:00-04:00,481.964635913446,507.9967967268167,475.6114136804508,501.2340087890625,12166300,0.0,0.0
2026-07-31 00:00:00-04:00,531.1220786860339,535.9668737789481,502.37282121259443,507.12774658203125,7411500,0.0,0.0
2026-08-03 00:00:00-04:00,498.32712632825064,518.9450942734654,491.15480298654495,517.656494140625,5978900,0.0,0.0
2026-08-04 00:00:00-04:00,544.0682662981079,549.0828628159294,534.9779497172648,546.0361328125,7971700,0.0,0.0
2026-08-05 00:00:00-04:00,543.9283605515157,553.488145130258,530.0032489134359,533.6693115234375,5358100,0.0,0.0
2026-08-06 00:00:00-04:00,524.7788970700265,538.9237455671174,510.5041215818653,526.9165649414062,4173200,0.0,0.0
2026-08-07 00:00:00-04:00,539.0136794888218,545.3568725333388,527.4360321828723,538.5641479492188,4555000,0.0,0.0
2026-08-10 00:00:00-04:00,554.4071376484701,554.72680313432,521.0128555746157,521.562255859375,7019400,0.0,0.0
2026-08-11 00:00:00-04:00,539.4131669516975,539.4131669516975,522.1016619778696,525.0485229492188,6973800,0.0,0.0
2026-08-12 00:00:00-04:00,547.4146499957131,553.1585080932958,544.3179856702181,547.5645141601562,7495000,0.0,0.0
2026-08-13 00:00:00-04:00,548.2237707498291,563.1578136815444,531.2219316303414,533.968994140625,12963300,0.0,0.0
2026-08-14 00:00:00-04:00,498.86655611264075,522.441353695715,496.56902506858296,506.63824462890625,13132300,0.0,0.0
2026-08-17 00:00:00-04:00,517.4467118764579,539.233413657786,514.5697831953779,534.7382202148438,9624100,0.0,0.0
2026-08-18 00:00:00-04:00,506.82805196687144,516.2779692936889,497.1983647069724,513.7806396484375,8611900,0.0,0.0
2026-08-19 00:00:00-04:00,507.86693037265013,512.9314915325449,488.0281285710319,495.6400146484375,6571200,0.0,0.0
2026-08-20 00:00:00-04:00,489.5799865722656,499.8900146484375,487.4700012207031,496.2099914550781,6604500,0.53,0.0
2026-08-21 00:00:00-04:00,503.0,503.5,483.1300048828125,492.32000732421875,5526800,0.0,0.0
2026-08-24 00:00:00-04:00,481.8800048828125,489.739990234375,473.6700134277344,484.19000244140625,9264700,0.0,0.0
2026-08-25 00:00:00-04:00,490.05999755859375,492.29998779296875,475.8800048828125,480.0400085449219,5185200,0.0,0.0
2026-08-26 00:00:00-04:00,479.739990234375,480.6700134277344,472.3999938964844,479.760009765625,5193000,0.0,0.0
2026-08-27 00:00:00-04:00,481.5,484.9800109863281,471.0,482.3599853515625,6285600,0.0,0.0
2026-08-28 00:00:00-04:00,476.260009765625,477.9700012207031,460.510009765625,461.6700134277344,6524800,0.0,0.0
2026-08-31 00:00:00-04:00,462.4100036621094,465.8999938964844,453.9100036621094,458.3900146484375,6174000,0.0,0.0
2026-09-01 00:00:00-04:00,450.7200012207031,451.45001220703125,438.8299865722656,441.8500061035156,7142500,0.0,0.0
2026-09-02 00:00:00-04:00,443.5,443.5,433.57000732421875,438.4599914550781,6518400,0.0,0.0
2026-09-03 00:00:00-04:00,432.4200134277344,437.1400146484375,426.1300048828125,435.9100036621094,5999200,0.0,0.0
2026-09-04 00:00:00-04:00,452.5,460.20001220703125,443.3599853515625,454.7099914550781,6009400,0.0,0.0
2026-09-08 00:00:00-04:00,464.0199890136719,472.8900146484375,458.1499938964844,472.7900085449219,6304600,0.0,0.0
2026-09-09 00:00:00-04:00,466.6600036621094,474.0400085449219,463.7799987792969,468.8500061035156,3936600,0.0,0.0
2026-09-10 00:00:00-04:00,455.3999938964844,460.8599853515625,450.55999755859375,454.010009765625,4837400,0.0,0.0
2026-09-11 00:00:00-04:00,461.19000244140625,464.57000732421875,452.70001220703125,456.489990234375,4313100,0.0,0.0
2026-09-14 00:00:00-04:00,422.20001220703125,432.510009765625,419.6000061035156,424.2099914550781,8056600,0.0,0.0
2026-09-15 00:00:00-04:00,429.8500061035156,429.989990234375,416.760009765625,421.1700134277344,5630600,0.0,0.0
2026-09-16 00:00:00-04:00,429.7300109863281,430.739990234375,411.510009765625,415.3800048828125,5511000,0.0,0.0
2026-09-17 00:00:00-04:00,427.5799865722656,428.5400085449219,413.55999755859375,417.3999938964844,6929300,0.0,0.0
2026-09-18 00:00:00-04:00,421.69000244140625,445.0,420.0,444.57000732421875,14302900,0.0,0.0
2026-09-21 00:00:00-04:00,455.95001220703125,468.510009765625,452.6600036621094,464.239990234375,9478700,0.0,0.0
2026-09-22 00:00:00-04:00,457.8999938964844,470.2300109863281,453.5,468.2699890136719,2861381,0.0,0.0
