Date,Open,High,Low,Close,Volume,Dividends,Stock Splits,Capital Gains
2021-08-09 00:00:00-04:00,86.33557266558205,87.54792887382271,85.87845611817069,86.76287841796875,1779800,0.0,0.0,0.0
2021-08-10 00:00:00-04:00,87.39886279564628,87.47836329932298,83.90092403131021,84.12948608398438,2220200,0.0,0.0,0.0
2021-08-11 00:00:00-04:00,84.24873153679916,84.2984212483375,81.8737088917083,83.02644348144531,2039200,0.0,0.0,0.0
2021-08-12 00:00:00-04:00,82.75812891652382,83.43386803448598,82.5891960324296,83.1059341430664,1187400,0.0,0.0,0.0
2021-08-13 00:00:00-04:00,83.17550043919961,83.32456199758099,81.53584604176184,81.69483947753906,1257600,0.0,0.0,0.0
2021-08-16 00:00:00-04:00,81.34702911150687,81.41659015683067,78.83288443990868,80.17442321777344,2125200,0.0,0.0,0.0
2021-08-17 00:00:00-04:00,79.1707526493197,79.77693074079733,78.33602007969607,79.67755889892578,3175900,0.0,0.0,0.0
2021-08-18 00:00:00-04:00,79.64774597426965,80.89985237680189,78.74344479977822,79.61793518066406,1384400,0.0,0.0,0.0
2021-08-19 00:00:00-04:00,78.83288665577109,79.54837604583294,78.02795730115875,78.18695831298828,2683500,0.0,0.0,0.0
2021-08-20 00:00:00-04:00,77.51122232885321,79.65769058635188,77.51122232885321,79.23038482666016,2306300,0.0,0.0,0.0
2021-08-23 00:00:00-04:00,79.95580171621489,82.19170223707634,79.95580171621489,82.04264068603516,1758800,0.0,0.0,0.0
2021-08-24 00:00:00-04:00,82.46994682359295,83.33449775857162,81.65508559973168,83.25499725341797,1492900,0.0,0.0,0.0
2021-08-25 00:00:00-04:00,83.12581939743748,83.94961935791666,82.49976236034378,83.42393493652344,1221500,0.0,0.0,0.0
2021-08-26 00:00:00-04:00,83.22022438852377,84.04999104796619,81.93333359399598,82.30101776123047,1354500,0.0,0.0,0.0
2021-08-27 00:00:00-04:00,82.60906991421474,85.07353253263484,82.15195337644036,84.37792205810547,1899200,0.0,0.0,0.0
2021-08-30 00:00:00-04:00,84.46735382080078,85.1729037488078,83.91086544526522,84.46735382080078,1101500,0.0,0.0,0.0
2021-08-31 00:00:00-04:00,84.23879568984066,85.27227956514669,84.14936330313994,85.14309692382812,1647000,0.0,0.0,0.0
2021-09-01 00:00:00-04:00,85.31202953660859,87.21006438498456,85.2623474046906,86.44488525390625,1629100,0.0,0.0,0.0
2021-09-02 00:00:00-04:00,86.73306890210863,87.41377400382983,86.36539231593434,87.32930755615234,1059700,0.0,0.0,0.0
2021-09-03 00:00:00-04:00,87.37899763463543,87.42868734834072,86.32564242203877,86.77281951904297,738900,0.0,0.0,0.0
2021-09-07 00:00:00-04:00,86.5541933810616,87.31937248405124,85.24246535752204,85.4014663696289,1577300,0.0,0.0,0.0
2021-09-08 00:00:00-04:00,84.93441380106344,85.21265800189343,82.81775633609008,83.37425231933594,1642200,0.0,0.0,0.0
2021-09-09 00:00:00-04:00,83.23512831598323,85.2623457662941,83.15562780853912,83.78167724609375,1242900,0.0,0.0,0.0
2021-09-10 00:00:00-04:00,84.38785403897738,84.38785403897738,83.08109953296234,83.21524810791016,1339600,0.0,0.0,0.0
2021-09-13 00:00:00-04:00,83.67236638333058,83.72205609614062,80.6216045238029,81.31722259521484,1890500,0.0,0.0,0.0
2021-09-14 00:00:00-04:00,81.40665007192287,82.20163993943494,79.9359286730864,80.26385498046875,1424700,0.0,0.0,0.0
2021-09-15 00:00:00-04:00,80.14461756313861,81.188033309899,79.38937789292217,80.67129516601562,1763900,0.0,0.0,0.0
2021-09-16 00:00:00-04:00,80.53216856507271,81.17809689501188,79.33968374481918,80.96941375732422,1253300,0.0,0.0,0.0
2021-09-17 00:00:00-04:00,80.91972639318374,83.58293271291512,80.73091458531182,83.40406036376953,2144200,0.0,0.0,0.0
2021-09-20 00:00:00-04:00,80.79054481555907,81.98302210444398,78.87263866185228,79.82662200927734,3604400,0.0,0.0,0.0
2021-09-21 00:00:00-04:00,80.58185188019425,81.60540382999301,80.2638574397631,80.79054260253906,1665300,0.0,0.0,0.0
2021-09-22 00:00:00-04:00,81.03897405462277,81.23771773203644,80.06511183949104,80.31354522705078,1601500,0.0,0.0,0.0
2021-09-23 00:00:00-04:00,80.67128958754499,80.94953376744033,79.84847529992423,80.87003326416016,1264600,0.0,0.0,0.0
2021-09-24 00:00:00-04:00,80.19429962859351,80.52223354084083,78.12733947318416,78.15715026855469,2733200,0.0,0.0,0.0
2021-09-27 00:00:00-04:00,78.0279559097781,78.15714612498228,76.15973954360796,77.75965118408203,2380200,0.0,0.0,0.0
2021-09-28 00:00:00-04:00,76.8553495029532,76.8752284197406,74.49026637147274,74.77845001220703,5270600,0.0,0.0,0.0
2021-09-29 00:00:00-04:00,75.10638805531472,75.71256616387647,73.30772506592956,73.4071044921875,3445800,0.0,0.0,0.0
2021-09-30 00:00:00-04:00,74.09277662981623,75.06663891789756,73.6952892452141,74.25177764892578,1817400,0.0,0.0,0.0
2021-10-01 00:00:00-04:00,74.49027150423123,74.60952226841648,72.70155553096772,74.39089965820312,2022800,0.0,0.0,0.0
2021-10-04 00:00:00-04:00,73.88409137626195,73.88409137626195,71.21095315741555,71.3997573852539,2648200,0.0,0.0,0.0
2021-10-05 00:00:00-04:00,71.93637122300447,73.2679781251135,71.70781675173146,72.2643051147461,1295700,0.0,0.0,0.0
2021-10-06 00:00:00-04:00,71.34013202420054,72.12518243364788,70.76475793684534,71.33019256591797,1650300,0.0,0.0,0.0
2021-10-07 00:00:00-04:00,71.97612741312537,73.77876319716408,71.84694477007768,73.1387939453125,1598900,0.0,0.0,0.0
2021-10-08 00:00:00-04:00,72.9996662711282,73.13878836274088,71.30038279650012,71.4295654296875,2590500,0.0,0.0,0.0
2021-10-11 00:00:00-04:00,71.43950901971937,72.15797799923702,70.85320982567029,70.94264221191406,1471300,0.0,0.0,0.0
2021-10-12 00:00:00-04:00,71.14138667540666,72.78104867529748,71.14138667540666,72.34381103515625,1110300,0.0,0.0,0.0
2021-10-13 00:00:00-04:00,72.37361536490978,73.4369099469066,72.37361536490978,73.1884765625,1174400,0.0,0.0,0.0
2021-10-14 00:00:00-04:00,74.03314867224968,75.4541879366046,74.03314867224968,74.95732116699219,2278700,0.0,0.0,0.0
2021-10-15 00:00:00-04:00,75.56350608425794,75.74237844080129,74.38593415960604,74.5797119140625,1913200,0.0,0.0,0.0
2021-10-18 00:00:00-04:00,74.0430895898168,74.18221168152344,72.94004473301027,73.33753967285156,1613900,0.0,0.0,0.0
2021-10-19 00:00:00-04:00,73.69528611066127,76.35848483319701,73.59590668715185,75.86161804199219,3549700,0.0,0.0,0.0
2021-10-20 00:00:00-04:00,76.01067836812877,76.21936150727439,75.00701292484541,75.15606689453125,1519300,0.0,0.0,0.0
2021-10-21 00:00:00-04:00,75.2455095232415,76.00074918327174,74.91757561514584,75.265380859375,1112600,0.0,0.0,0.0
2021-10-22 00:00:00-04:00,75.14613879632763,75.14613879632763,73.53827398398468,74.3412094116211,1509500,0.0,0.0,0.0
2021-10-25 00:00:00-04:00,74.31139423396992,75.72249406636554,73.66546590512857,75.38462829589844,2023600,0.0,0.0,0.0
2021-10-26 00:00:00-04:00,75.7224963788211,76.46779656987874,74.8480135506843,75.16600799560547,3134500,0.0,0.0,0.0
2021-10-27 00:00:00-04:00,75.18588733937506,75.62312496512989,73.56609672941046,73.58597564697266,2181300,0.0,0.0,0.0
2021-10-28 00:00:00-04:00,73.40710387993298,76.26905392318456,73.3673536260785,76.1498031616211,2398400,0.0,0.0,0.0
2021-10-29 00:00:00-04:00,75.62312043605218,75.80199277547099,74.53001506475285,74.62938690185547,1534900,0.0,0.0,0.0
2021-11-01 00:00:00-04:00,74.67908280156483,77.26278868833009,74.57971095622499,76.9944839477539,2699400,0.0,0.0,0.0
2021-11-02 00:00:00-04:00,77.12863347472033,77.12863347472033,75.61318817451749,76.34855651855469,2550100,0.0,0.0,0.0
2021-11-03 00:00:00-04:00,76.16968378048915,77.93852841779714,75.39457276697989,77.78946685791016,2200800,0.0,0.0,0.0
2021-11-04 00:00:00-04:00,77.90871522794193,78.92232015716998,77.51122027432059,78.14720916748047,2404200,0.0,0.0,0.0
2021-11-05 00:00:00-04:00,77.99814965699248,79.1011945809562,76.55723894162372,77.46153259277344,2687900,0.0,0.0,0.0
2021-11-08 00:00:00-05:00,77.61556673854564,78.87263914532586,77.54103216904238,78.10746002197266,2173500,0.0,0.0,0.0
2021-11-09 00:00:00-05:00,77.660281352007,78.00808659119201,75.7721860201069,76.1895523071289,2996300,0.0,0.0,0.0
2021-11-10 00:00:00-05:00,75.6330657913554,76.65661019833024,72.87048756394371,73.12885284423828,4215200,0.0,0.0,0.0
2021-11-11 00:00:00-05:00,73.96359302047259,74.12258645591649,72.82079785072548,73.12885284423828,1874600,0.0,0.0,0.0
2021-11-12 00:00:00-05:00,73.3574100960318,73.53628243765708,72.08543236962326,72.95991516113281,2081900,0.0,0.0,0.0
2021-11-15 00:00:00-05:00,73.15867187236397,73.2679831771485,71.16126517226624,71.27057647705078,3945300,0.0,0.0,0.0
2021-11-16 00:00:00-05:00,71.41963609923125,72.80092518776641,70.72401803478103,72.70155334472656,2569400,0.0,0.0,0.0
2021-11-17 00:00:00-05:00,72.54255271632351,72.80092557486947,70.7538292057525,71.12151336669922,3431200,0.0,0.0,0.0
2021-11-18 00:00:00-05:00,71.41963406472337,71.70781770843948,68.41358851348988,68.6868667602539,3541600,0.0,0.0,0.0
2021-11-19 00:00:00-05:00,68.5576795999185,69.47192028270845,67.86206910586874,68.1005630493164,3384500,0.0,0.0,0.0
2021-11-22 00:00:00-05:00,68.06081388352492,68.06081388352492,64.66224670410156,64.66224670410156,5791600,0.0,0.0,0.0
2021-11-23 00:00:00-05:00,64.66224285462118,64.80136494737364,62.27728077923043,63.7778205871582,4778100,0.0,0.0,0.0
2021-11-24 00:00:00-05:00,63.10208465349016,64.9067067814516,62.07854024145578,64.7516860961914,3472700,0.0,0.0,0.0
2021-11-26 00:00:00-05:00,64.08587314854226,65.81497494737059,63.84737922447754,64.20512390136719,2391600,0.0,0.0,0.0
2021-11-29 00:00:00-05:00,65.07961166721466,65.36779532244879,62.5555311915712,63.28095626831055,4488100,0.0,0.0,0.0
2021-11-30 00:00:00-05:00,63.03749168542519,64.82124545179356,61.79035496777985,62.972896575927734,5701800,0.0,0.0,0.0
2021-12-01 00:00:00-05:00,63.89707184848678,64.2458702708113,60.0612558550678,60.08113098144531,6850200,0.0,0.0,0.0
2021-12-02 00:00:00-05:00,60.021510491949115,61.9990382178056,59.13708441052566,60.99536895751953,3799500,0.0,0.0,0.0
2021-12-03 00:00:00-05:00,61.39286141446326,61.402800873439936,57.29867998923312,58.024105072021484,6659800,0.0,0.0,0.0
2021-12-06 00:00:00-05:00,57.9942910589753,59.1072715826586,55.72857975949327,58.888648986816406,5861200,0.0,0.0,0.0
2021-12-07 00:00:00-05:00,60.61774827171381,64.37405998434993,60.508436971582235,63.41014099121094,5511200,0.0,0.0,0.0
2021-12-08 00:00:00-05:00,63.28095648633046,65.35586971326192,61.45248649523827,64.70199584960938,4401400,0.0,0.0,0.0
2021-12-09 00:00:00-05:00,64.16537752448986,64.5429935588568,61.24380213815166,61.34317398071289,3800600,0.0,0.0,0.0
2021-12-10 00:00:00-05:00,62.068598593802214,63.42007687123662,60.0711957628362,60.26994323730469,2671400,0.0,0.0,0.0
2021-12-13 00:00:00-05:00,60.409067043920516,61.522047625371115,58.79921586682319,60.1407585144043,3888200,0.0,0.0,0.0
2021-12-14 00:00:00-05:00,59.13708421427602,60.736995899115456,58.29241217993122,59.50476837158203,5344800,0.0,0.0,0.0
2021-12-15 00:00:00-05:00,59.48489283873271,62.297156905227496,58.54084517745696,62.038787841796875,4066900,0.0,0.0,0.0
2021-12-16 00:00:00-05:00,62.76421358125299,63.380327347481234,58.84890458958049,59.087398529052734,4680900,0.0,0.0,0.0
2021-12-17 00:00:00-05:00,58.63028302180272,64.05606762555553,57.84523255968659,63.608890533447266,4657900,0.0,0.0,0.0
2021-12-20 00:00:00-05:00,62.50584467026121,63.430017217295195,60.955618896670344,62.48596954345703,3416600,0.0,0.0,0.0
2021-12-21 00:00:00-05:00,63.19152039741635,64.61255597186947,62.44622019008283,64.56287384033203,2335900,0.0,0.0,0.0
2021-12-22 00:00:00-05:00,63.99644077011242,65.43735135421754,63.3306373346139,64.20512390136719,2317600,0.0,0.0,0.0
2021-12-23 00:00:00-05:00,64.23493864086657,64.51318283296865,62.853649557512895,63.99644470214844,2158300,0.0,0.0,0.0
2021-12-27 00:00:00-05:00,63.678449330996266,63.83744276063526,61.5121098333682,61.849979400634766,2893700,0.0,0.0,0.0
2021-12-28 00:00:00-05:00,61.62141863284905,63.11201902715959,60.577999114990234,60.577999114990234,2814100,0.0,0.0,0.0
2021-12-29 00:00:00-05:00,60.47999954223633,60.68000030517578,59.5099983215332,60.060001373291016,2498100,0.382,0.0,0.0
2021-12-30 00:00:00-05:00,59.869998931884766,63.49800109863281,59.83000183105469,62.189998626708984,2979900,0.0,0.0,0.0
2021-12-31 00:00:00-05:00,62.209999084472656,63.650001525878906,61.189998626708984,61.2400016784668,2481100,0.0,0.0,0.0
2022-01-03 00:00:00-05:00,61.709999084472656,63.2599983215332,60.029998779296875,63.2599983215332,5028300,0.0,0.0,0.0
2022-01-04 00:00:00-05:00,63.59000015258789,63.59000015258789,59.189998626708984,60.25,2753400,0.0,0.0,0.0
2022-01-05 00:00:00-05:00,59.91999816894531,60.56999969482422,55.939998626708984,55.95000076293945,4637600,0.0,0.0,0.0
2022-01-06 00:00:00-05:00,55.77000045776367,56.88999938964844,53.470001220703125,55.060001373291016,4863900,0.0,0.0,0.0
2022-01-07 00:00:00-05:00,55.0,57.54999923706055,54.20000076293945,54.25,4167600,0.0,0.0,0.0
2022-01-10 00:00:00-05:00,53.779998779296875,54.290000915527344,51.689998626708984,54.2599983215332,6022400,0.0,0.0,0.0
2022-01-11 00:00:00-05:00,53.97999954223633,56.0,53.61000061035156,55.68000030517578,3472000,0.0,0.0,0.0
2022-01-12 00:00:00-05:00,56.13999938964844,56.77000045776367,53.25,53.41999816894531,3536400,0.0,0.0,0.0
2022-01-13 00:00:00-05:00,53.45000076293945,53.459999084472656,50.93000030517578,51.04999923706055,5600700,0.0,0.0,0.0
2022-01-14 00:00:00-05:00,50.59000015258789,51.93000030517578,49.68000030517578,51.58000183105469,4407500,0.0,0.0,0.0
2022-01-18 00:00:00-05:00,50.470001220703125,51.47999954223633,48.560001373291016,48.68000030517578,4161700,0.0,0.0,0.0
2022-01-19 00:00:00-05:00,49.15999984741211,50.45000076293945,47.66999816894531,47.790000915527344,5934100,0.0,0.0,0.0
2022-01-20 00:00:00-05:00,48.41999816894531,51.154998779296875,47.59000015258789,47.7599983215332,4187200,0.0,0.0,0.0
2022-01-21 00:00:00-05:00,47.59000015258789,48.86000061035156,46.58000183105469,46.60499954223633,6942300,0.0,0.0,0.0
2022-01-24 00:00:00-05:00,45.22999954223633,48.2400016784668,43.09000015258789,48.02000045776367,8389500,0.0,0.0,0.0
2022-01-25 00:00:00-05:00,46.75,48.04999923706055,45.459999084472656,46.689998626708984,6184100,0.0,0.0,0.0
2022-01-26 00:00:00-05:00,47.56999969482422,49.58000183105469,45.38999938964844,45.63999938964844,7084900,0.0,0.0,0.0
2022-01-27 00:00:00-05:00,46.70000076293945,46.959999084472656,43.959999084472656,43.9900016784668,3262000,0.0,0.0,0.0
2022-01-28 00:00:00-05:00,44.18000030517578,45.97999954223633,42.83000183105469,45.939998626708984,3900500,0.0,0.0,0.0
2022-01-31 00:00:00-05:00,46.0,49.7599983215332,46.0,49.70000076293945,3767000,0.0,0.0,0.0
2022-02-01 00:00:00-05:00,50.189998626708984,50.959999084472656,48.22999954223633,50.7599983215332,3205500,0.0,0.0,0.0
2022-02-02 00:00:00-05:00,51.0,51.060001373291016,48.189998626708984,49.09000015258789,2375500,0.0,0.0,0.0
2022-02-03 00:00:00-05:00,47.849998474121094,49.15999984741211,47.310001373291016,47.45000076293945,3331700,0.0,0.0,0.0
2022-02-04 00:00:00-05:00,47.5,48.970001220703125,46.2400016784668,48.369998931884766,3732200,0.0,0.0,0.0
2022-02-07 00:00:00-05:00,48.41999816894531,50.70000076293945,48.25,49.0099983215332,3067100,0.0,0.0,0.0
2022-02-08 00:00:00-05:00,48.72999954223633,49.189998626708984,47.58000183105469,48.61000061035156,2573800,0.0,0.0,0.0
2022-02-09 00:00:00-05:00,49.33000183105469,51.380001068115234,49.15999984741211,51.130001068115234,2799300,0.0,0.0,0.0
2022-02-10 00:00:00-05:00,49.529998779296875,52.470001220703125,49.06999969482422,49.65999984741211,2580800,0.0,0.0,0.0
2022-02-11 00:00:00-05:00,49.93000030517578,51.36000061035156,48.040000915527344,48.540000915527344,4130900,0.0,0.0,0.0
2022-02-14 00:00:00-05:00,48.45000076293945,49.40999984741211,47.34000015258789,47.650001525878906,2708300,0.0,0.0,0.0
2022-02-15 00:00:00-05:00,48.720001220703125,49.90999984741211,48.2599983215332,49.77000045776367,2068600,0.0,0.0,0.0
2022-02-16 00:00:00-05:00,49.290000915527344,49.66999816894531,48.2400016784668,49.130001068115234,2908800,0.0,0.0,0.0
2022-02-17 00:00:00-05:00,48.41999816894531,48.619998931884766,46.189998626708984,46.45000076293945,3156000,0.0,0.0,0.0
2022-02-18 00:00:00-05:00,46.45000076293945,46.85900115966797,45.08000183105469,45.349998474121094,3423500,0.0,0.0,0.0
2022-02-22 00:00:00-05:00,44.689998626708984,45.959999084472656,43.95000076293945,44.22999954223633,3911000,0.0,0.0,0.0
2022-02-23 00:00:00-05:00,44.79999923706055,45.18000030517578,42.63999938964844,42.68000030517578,2896200,0.0,0.0,0.0
2022-02-24 00:00:00-05:00,40.630001068115234,46.20000076293945,40.630001068115234,45.9900016784668,4737800,0.0,0.0,0.0
2022-02-25 00:00:00-05:00,45.91999816894531,47.470001220703125,45.220001220703125,47.470001220703125,3981900,0.0,0.0,0.0
2022-02-28 00:00:00-05:00,47.369998931884766,49.119998931884766,47.040000915527344,48.380001068115234,3922700,0.0,0.0,0.0
2022-03-01 00:00:00-05:00,48.165000915527344,49.18000030517578,47.099998474121094,47.5,2844600,0.0,0.0,0.0
2022-03-02 00:00:00-05:00,47.9900016784668,47.9900016784668,45.75,46.810001373291016,2836700,0.0,0.0,0.0
2022-03-03 00:00:00-05:00,47.220001220703125,47.31999969482422,44.2599983215332,44.66999816894531,3105100,0.0,0.0,0.0
2022-03-04 00:00:00-05:00,44.16999816894531,45.459999084472656,42.4900016784668,42.79999923706055,3072000,0.0,0.0,0.0
2022-03-07 00:00:00-05:00,42.65999984741211,43.9900016784668,41.93000030517578,42.040000915527344,2878500,0.0,0.0,0.0
2022-03-08 00:00:00-05:00,41.939998626708984,44.36000061035156,41.154998779296875,42.56999969482422,3058200,0.0,0.0,0.0
2022-03-09 00:00:00-05:00,43.7599983215332,45.380001068115234,43.470001220703125,44.77000045776367,3199900,0.0,0.0,0.0
2022-03-10 00:00:00-05:00,43.70000076293945,43.869998931884766,42.70000076293945,43.56999969482422,1556000,0.0,0.0,0.0
2022-03-11 00:00:00-05:00,44.2599983215332,44.31999969482422,40.65999984741211,40.689998626708984,3276200,0.0,0.0,0.0
2022-03-14 00:00:00-04:00,40.7599983215332,41.08000183105469,37.941001892089844,38.150001525878906,3356100,0.0,0.0,0.0
2022-03-15 00:00:00-04:00,38.400001525878906,39.77000045776367,37.95000076293945,39.45000076293945,2620400,0.0,0.0,0.0
2022-03-16 00:00:00-04:00,40.209999084472656,42.619998931884766,40.209999084472656,42.619998931884766,2796200,0.0,0.0,0.0
2022-03-17 00:00:00-04:00,42.22999954223633,44.7400016784668,41.630001068115234,44.7400016784668,2339900,0.0,0.0,0.0
2022-03-18 00:00:00-04:00,44.119998931884766,46.70000076293945,44.119998931884766,46.18000030517578,2335300,0.0,0.0,0.0
2022-03-21 00:00:00-04:00,46.22999954223633,46.22999954223633,44.119998931884766,44.630001068115234,2393300,0.0,0.0,0.0
2022-03-22 00:00:00-04:00,44.79999923706055,46.83000183105469,44.599998474121094,46.529998779296875,1677900,0.0,0.0,0.0
2022-03-23 00:00:00-04:00,46.04999923706055,47.029998779296875,44.93000030517578,45.43000030517578,1541900,0.0,0.0,0.0
2022-03-24 00:00:00-04:00,45.86000061035156,45.90999984741211,43.83000183105469,45.900001525878906,1244100,0.0,0.0,0.0
2022-03-25 00:00:00-04:00,45.939998626708984,45.987998962402344,44.20000076293945,44.77000045776367,2157300,0.0,0.0,0.0
2022-03-28 00:00:00-04:00,44.81999969482422,46.20000076293945,43.9900016784668,45.5,2745800,0.0,0.0,0.0
2022-03-29 00:00:00-04:00,46.099998474121094,48.79499816894531,46.08000183105469,48.54999923706055,6074400,0.0,0.0,0.0
2022-03-30 00:00:00-04:00,48.119998931884766,49.029998779296875,46.560001373291016,46.779998779296875,3566000,0.0,0.0,0.0
2022-03-31 00:00:00-04:00,46.790000915527344,47.20000076293945,45.900001525878906,45.93000030517578,3658900,0.0,0.0,0.0
2022-04-01 00:00:00-04:00,46.459999084472656,48.439998626708984,46.33000183105469,48.029998779296875,3698700,0.0,0.0,0.0
2022-04-04 00:00:00-04:00,48.400001525878906,49.16999816894531,47.88999938964844,48.939998626708984,3427500,0.0,0.0,0.0
2022-04-05 00:00:00-04:00,48.97999954223633,49.25,46.150001525878906,46.33000183105469,3453200,0.0,0.0,0.0
2022-04-06 00:00:00-04:00,45.560001373291016,45.66999816894531,43.75,45.15999984741211,4944200,0.0,0.0,0.0
2022-04-07 00:00:00-04:00,45.02000045776367,45.90999984741211,43.779998779296875,44.84000015258789,3246300,0.0,0.0,0.0
2022-04-08 00:00:00-04:00,44.900001525878906,45.029998779296875,43.38999938964844,43.619998931884766,4598600,0.0,0.0,0.0
2022-04-11 00:00:00-04:00,43.02000045776367,43.5,41.959999084472656,42.66999816894531,4559700,0.0,0.0,0.0
2022-04-12 00:00:00-04:00,43.16999816894531,44.97999954223633,42.5099983215332,43.04999923706055,5004100,0.0,0.0,0.0
2022-04-13 00:00:00-04:00,42.900001525878906,44.47999954223633,42.63999938964844,44.18000030517578,3040700,0.0,0.0,0.0
2022-04-14 00:00:00-04:00,44.060001373291016,44.29999923706055,42.279998779296875,42.369998931884766,3182000,0.0,0.0,0.0
2022-04-18 00:00:00-04:00,42.189998626708984,42.34000015258789,40.470001220703125,40.880001068115234,2043700,0.0,0.0,0.0
2022-04-19 00:00:00-04:00,40.86000061035156,42.369998931884766,40.400001525878906,41.65999984741211,2037300,0.0,0.0,0.0
2022-04-20 00:00:00-04:00,41.68000030517578,41.68000030517578,40.29999923706055,40.779998779296875,2964800,0.0,0.0,0.0
2022-04-21 00:00:00-04:00,41.349998474121094,42.25,38.61000061035156,38.779998779296875,4240000,0.0,0.0,0.0
2022-04-22 00:00:00-04:00,38.66999816894531,39.400001525878906,37.939998626708984,38.20000076293945,3358100,0.0,0.0,0.0
2022-04-25 00:00:00-04:00,37.81999969482422,39.599998474121094,37.81999969482422,39.52000045776367,3009000,0.0,0.0,0.0
2022-04-26 00:00:00-04:00,39.099998474121094,39.5099983215332,37.060001373291016,37.13999938964844,2869200,0.0,0.0,0.0
2022-04-27 00:00:00-04:00,37.22999954223633,38.150001525878906,36.70000076293945,36.900001525878906,3263400,0.0,0.0,0.0
2022-04-28 00:00:00-04:00,35.939998626708984,36.22999954223633,33.72999954223633,35.599998474121094,4848100,0.0,0.0,0.0
2022-04-29 00:00:00-04:00,34.88999938964844,36.18000030517578,33.88999938964844,34.0,2606700,0.0,0.0,0.0
2022-05-02 00:00:00-04:00,33.810001373291016,35.77000045776367,33.5,35.7599983215332,3466800,0.0,0.0,0.0
2022-05-03 00:00:00-04:00,35.689998626708984,36.54999923706055,35.09000015258789,35.65999984741211,2515800,0.0,0.0,0.0
2022-05-04 00:00:00-04:00,35.68000030517578,37.56999969482422,34.16999816894531,37.209999084472656,3365600,0.0,0.0,0.0
2022-05-05 00:00:00-04:00,36.59000015258789,36.59000015258789,33.86000061035156,34.290000915527344,3276100,0.0,0.0,0.0
2022-05-06 00:00:00-04:00,34.099998474121094,34.13999938964844,31.92099952697754,32.720001220703125,9356700,0.0,0.0,0.0
2022-05-09 00:00:00-04:00,31.790000915527344,32.27000045776367,29.391000747680664,29.540000915527344,5299000,0.0,0.0,0.0
2022-05-10 00:00:00-04:00,30.559999465942383,31.75,28.760000228881836,30.459999084472656,7303500,0.0,0.0,0.0
2022-05-11 00:00:00-04:00,30.020000457763672,30.780000686645508,27.959999084472656,28.079999923706055,8102500,0.0,0.0,0.0
2022-05-12 00:00:00-04:00,27.575000762939453,30.280000686645508,27.469999313354492,29.520000457763672,8102100,0.0,0.0,0.0
2022-05-13 00:00:00-04:00,30.25,32.849998474121094,30.25,32.400001525878906,10223700,0.0,0.0,0.0
2022-05-16 00:00:00-04:00,32.25,32.90999984741211,31.299999237060547,31.31999969482422,4808200,0.0,0.0,0.0
2022-05-17 00:00:00-04:00,32.119998931884766,32.81999969482422,31.420000076293945,32.779998779296875,7719900,0.0,0.0,0.0
2022-05-18 00:00:00-04:00,31.8799991607666,32.77000045776367,31.030000686645508,31.25,3473500,0.0,0.0,0.0
2022-05-19 00:00:00-04:00,30.969999313354492,32.95000076293945,30.959999084472656,32.439998626708984,5596100,0.0,0.0,0.0
2022-05-20 00:00:00-04:00,33.13999938964844,33.400001525878906,30.850000381469727,32.599998474121094,4517000,0.0,0.0,0.0
2022-05-23 00:00:00-04:00,32.75,33.11000061035156,31.889999389648438,32.560001373291016,3548300,0.0,0.0,0.0
2022-05-24 00:00:00-04:00,31.860000610351562,32.130001068115234,30.600000381469727,30.90999984741211,2996400,0.0,0.0,0.0
2022-05-25 00:00:00-04:00,30.739999771118164,31.790000915527344,30.709999084472656,31.5,3698000,0.0,0.0,0.0
2022-05-26 00:00:00-04:00,31.510000228881836,32.560001373291016,31.280000686645508,31.90999984741211,4627600,0.0,0.0,0.0
2022-05-27 00:00:00-04:00,31.979999542236328,33.650001525878906,31.729000091552734,33.63999938964844,4133100,0.0,0.0,0.0
2022-05-31 00:00:00-04:00,33.41999816894531,33.650001525878906,31.65999984741211,32.2599983215332,4514600,0.0,0.0,0.0
2022-06-01 00:00:00-04:00,32.54999923706055,32.970001220703125,30.719999313354492,31.15999984741211,3807500,0.0,0.0,0.0
2022-06-02 00:00:00-04:00,31.389999389648438,33.28499984741211,31.0,33.06999969482422,2349300,0.0,0.0,0.0
2022-06-03 00:00:00-04:00,32.36000061035156,33.040000915527344,31.92799949645996,32.31999969482422,2523000,0.0,0.0,0.0
2022-06-06 00:00:00-04:00,33.029998779296875,33.47999954223633,31.329999923706055,31.690000534057617,2535300,0.0,0.0,0.0
2022-06-07 00:00:00-04:00,31.25,32.85499954223633,31.079999923706055,32.849998474121094,2593500,0.0,0.0,0.0
2022-06-08 00:00:00-04:00,32.66999816894531,34.2599983215332,32.66999816894531,33.630001068115234,3242200,0.0,0.0,0.0
2022-06-09 00:00:00-04:00,33.38999938964844,33.38999938964844,31.719999313354492,31.729999542236328,3551300,0.0,0.0,0.0
2022-06-10 00:00:00-04:00,30.790000915527344,30.969999313354492,29.329999923706055,29.559999465942383,4761700,0.0,0.0,0.0
2022-06-13 00:00:00-04:00,28.309999465942383,28.549999237060547,27.020000457763672,27.200000762939453,3278000,0.0,0.0,0.0
2022-06-14 00:00:00-04:00,27.639999389648438,27.780000686645508,26.3799991607666,27.549999237060547,3672700,0.0,0.0,0.0
2022-06-15 00:00:00-04:00,28.020000457763672,29.530000686645508,27.93000030517578,28.989999771118164,5479100,0.0,0.0,0.0
2022-06-16 00:00:00-04:00,27.790000915527344,28.084999084472656,27.219999313354492,27.920000076293945,2343600,0.0,0.0,0.0
2022-06-17 00:00:00-04:00,28.149999618530273,30.049999237060547,28.149999618530273,29.31999969482422,7808400,0.0,0.0,0.0
2022-06-21 00:00:00-04:00,30.079999923706055,31.219999313354492,30.030000686645508,30.209999084472656,3202400,0.0,0.0,0.0
2022-06-22 00:00:00-04:00,29.6299991607666,31.735000610351562,29.479999542236328,31.06999969482422,2770600,0.0,0.0,0.0
2022-06-23 00:00:00-04:00,31.299999237060547,33.7400016784668,31.15999984741211,33.65999984741211,2053100,0.0,0.0,0.0
2022-06-24 00:00:00-04:00,34.02000045776367,34.63999938964844,33.005001068115234,34.619998931884766,4452500,0.0,0.0,0.0
2022-06-27 00:00:00-04:00,34.63999938964844,34.75,33.18000030517578,34.08000183105469,1764100,0.0,0.0,0.0
2022-06-28 00:00:00-04:00,34.15999984741211,34.41999816894531,32.25,32.369998931884766,2800200,0.0,0.0,0.0
2022-06-29 00:00:00-04:00,32.349998474121094,32.459999084472656,31.440000534057617,32.16999816894531,2324400,0.0,0.0,0.0
2022-06-30 00:00:00-04:00,31.6299991607666,32.11000061035156,30.8700008392334,31.489999771118164,2277300,0.0,0.0,0.0
2022-07-01 00:00:00-04:00,31.65999984741211,32.83000183105469,31.5,32.779998779296875,2235600,0.0,0.0,0.0
2022-07-05 00:00:00-04:00,32.36000061035156,35.470001220703125,31.899999618530273,35.459999084472656,4053700,0.0,0.0,0.0
2022-07-06 00:00:00-04:00,35.58000183105469,36.56800079345703,35.11000061035156,35.400001525878906,3655200,0.0,0.0,0.0
2022-07-07 00:00:00-04:00,35.52000045776367,37.709999084472656,35.2400016784668,37.650001525878906,5289100,0.0,0.0,0.0
2022-07-08 00:00:00-04:00,36.95000076293945,38.29999923706055,36.691001892089844,37.459999084472656,3228700,0.0,0.0,0.0
2022-07-11 00:00:00-04:00,37.189998626708984,37.41999816894531,35.540000915527344,35.599998474121094,2463700,0.0,0.0,0.0
2022-07-12 00:00:00-04:00,35.790000915527344,36.59000015258789,34.56999969482422,36.470001220703125,4197700,0.0,0.0,0.0
2022-07-13 00:00:00-04:00,35.25,37.709999084472656,35.25,36.900001525878906,4359000,0.0,0.0,0.0
2022-07-14 00:00:00-04:00,36.380001068115234,36.75,35.56999969482422,36.220001220703125,2098300,0.0,0.0,0.0
2022-07-15 00:00:00-04:00,36.40999984741211,36.5099983215332,34.709999084472656,36.369998931884766,2754100,0.0,0.0,0.0
2022-07-18 00:00:00-04:00,36.959999084472656,37.54999923706055,34.9900016784668,35.220001220703125,2382800,0.0,0.0,0.0
2022-07-19 00:00:00-04:00,35.7599983215332,37.08000183105469,35.11000061035156,37.04999923706055,2208600,0.0,0.0,0.0
2022-07-20 00:00:00-04:00,37.09000015258789,38.9900016784668,37.09000015258789,38.279998779296875,3628600,0.0,0.0,0.0
2022-07-21 00:00:00-04:00,38.47999954223633,39.310001373291016,38.18000030517578,38.970001220703125,3760700,0.0,0.0,0.0
2022-07-22 00:00:00-04:00,38.9900016784668,39.22999954223633,36.59000015258789,36.79999923706055,4744400,0.0,0.0,0.0
2022-07-25 00:00:00-04:00,37.0,37.0,35.810001373291016,36.709999084472656,3152100,0.0,0.0,0.0
2022-07-26 00:00:00-04:00,36.400001525878906,37.165000915527344,35.869998931884766,36.34000015258789,2051800,0.0,0.0,0.0
2022-07-27 00:00:00-04:00,37.040000915527344,37.84000015258789,36.310001373291016,37.7599983215332,2170500,0.0,0.0,0.0
2022-07-28 00:00:00-04:00,37.5099983215332,37.959999084472656,35.869998931884766,37.27000045776367,1935600,0.0,0.0,0.0
2022-07-29 00:00:00-04:00,37.099998474121094,37.099998474121094,36.189998626708984,36.61000061035156,2498300,0.0,0.0,0.0
2022-08-01 00:00:00-04:00,36.119998931884766,37.209999084472656,35.75,36.380001068115234,1445900,0.0,0.0,0.0
2022-08-02 00:00:00-04:00,36.029998779296875,37.64500045776367,35.93000030517578,37.209999084472656,1866300,0.0,0.0,0.0
2022-08-03 00:00:00-04:00,37.88999938964844,39.310001373291016,37.88999938964844,38.970001220703125,2708400,0.0,0.0,0.0
2022-08-04 00:00:00-04:00,38.86000061035156,39.73500061035156,38.59000015258789,39.630001068115234,2907500,0.0,0.0,0.0
2022-08-05 00:00:00-04:00,38.880001068115234,40.4900016784668,37.79999923706055,40.38999938964844,3554600,0.0,0.0,0.0
2022-08-08 00:00:00-04:00,41.0099983215332,42.150001525878906,40.47999954223633,40.77000045776367,4688900,0.0,0.0,0.0
2022-08-09 00:00:00-04:00,40.27000045776367,40.279998779296875,37.9900016784668,38.560001373291016,3326600,0.0,0.0,0.0
2022-08-10 00:00:00-04:00,40.16999816894531,41.47999954223633,39.09000015258789,41.279998779296875,4450100,0.0,0.0,0.0
2022-08-11 00:00:00-04:00,41.5099983215332,43.880001068115234,40.24100112915039,40.45000076293945,4471600,0.0,0.0,0.0
2022-08-12 00:00:00-04:00,40.959999084472656,41.9900016784668,40.529998779296875,41.90999984741211,3001200,0.0,0.0,0.0
2022-08-15 00:00:00-04:00,41.630001068115234,42.54999923706055,41.310001373291016,42.38999938964844,2260800,0.0,0.0,0.0
2022-08-16 00:00:00-04:00,42.540000915527344,42.540000915527344,40.290000915527344,40.72999954223633,1818000,0.0,0.0,0.0
2022-08-17 00:00:00-04:00,39.91999816894531,40.34000015258789,38.560001373291016,38.63999938964844,2110200,0.0,0.0,0.0
2022-08-18 00:00:00-04:00,38.84000015258789,38.84000015258789,37.189998626708984,38.15999984741211,2400000,0.0,0.0,0.0
2022-08-19 00:00:00-04:00,37.540000915527344,37.65999984741211,36.150001525878906,36.400001525878906,2133400,0.0,0.0,0.0
2022-08-22 00:00:00-04:00,36.529998779296875,37.220001220703125,35.869998931884766,36.16999816894531,2265600,0.0,0.0,0.0
2022-08-23 00:00:00-04:00,36.2599983215332,37.2599983215332,35.709999084472656,36.83000183105469,1698400,0.0,0.0,0.0
2022-08-24 00:00:00-04:00,36.86000061035156,38.40999984741211,36.459999084472656,38.11000061035156,1837000,0.0,0.0,0.0
2022-08-25 00:00:00-04:00,38.599998474121094,39.04999923706055,38.06999969482422,39.04999923706055,1652700,0.0,0.0,0.0
2022-08-26 00:00:00-04:00,39.0099983215332,39.0099983215332,36.56999969482422,36.58000183105469,3020300,0.0,0.0,0.0
2022-08-29 00:00:00-04:00,35.83000183105469,36.775001525878906,35.68000030517578,35.70000076293945,2073300,0.0,0.0,0.0
2022-08-30 00:00:00-04:00,36.04999923706055,36.41999816894531,34.7400016784668,35.029998779296875,2651300,0.0,0.0,0.0
2022-08-31 00:00:00-04:00,35.77000045776367,35.97999954223633,35.0099983215332,35.4900016784668,2454600,0.0,0.0,0.0
2022-09-01 00:00:00-04:00,35.029998779296875,35.790000915527344,34.220001220703125,35.720001220703125,2308200,0.0,0.0,0.0
2022-09-02 00:00:00-04:00,36.119998931884766,36.36000061035156,34.43000030517578,34.66999816894531,3052000,0.0,0.0,0.0
2022-09-06 00:00:00-04:00,34.77000045776367,34.790000915527344,33.84000015258789,34.040000915527344,3248200,0.0,0.0,0.0
2022-09-07 00:00:00-04:00,33.9900016784668,35.779998779296875,33.81999969482422,35.650001525878906,1974100,0.0,0.0,0.0
2022-09-08 00:00:00-04:00,35.11000061035156,36.939998626708984,34.9900016784668,36.939998626708984,2329400,0.0,0.0,0.0
2022-09-09 00:00:00-04:00,37.45000076293945,38.150001525878906,37.18000030517578,37.7400016784668,1912500,0.0,0.0,0.0
2022-09-12 00:00:00-04:00,37.970001220703125,38.61000061035156,37.47100067138672,38.61000061035156,2027300,0.0,0.0,0.0
2022-09-13 00:00:00-04:00,37.0,37.14500045776367,36.20000076293945,36.459999084472656,2791300,0.0,0.0,0.0
2022-09-14 00:00:00-04:00,36.439998626708984,37.064998626708984,35.7400016784668,37.04999923706055,3136300,0.0,0.0,0.0
2022-09-15 00:00:00-04:00,36.724998474121094,38.25,36.68000030517578,37.68000030517578,2055500,0.0,0.0,0.0
2022-09-16 00:00:00-04:00,36.7400016784668,36.83000183105469,35.22999954223633,35.7400016784668,3171700,0.0,0.0,0.0
2022-09-19 00:00:00-04:00,35.209999084472656,35.43000030517578,34.31999969482422,35.43000030517578,2098000,0.0,0.0,0.0
2022-09-20 00:00:00-04:00,34.88999938964844,35.560001373291016,34.70000076293945,34.869998931884766,1553400,0.0,0.0,0.0
2022-09-21 00:00:00-04:00,35.11000061035156,35.779998779296875,33.90999984741211,33.93000030517578,2156300,0.0,0.0,0.0
2022-09-22 00:00:00-04:00,33.77000045776367,33.77000045776367,32.61000061035156,32.970001220703125,2861700,0.0,0.0,0.0
2022-09-23 00:00:00-04:00,32.5099983215332,32.81999969482422,31.53499984741211,32.13999938964844,2694600,0.0,0.0,0.0
2022-09-26 00:00:00-04:00,32.029998779296875,33.02000045776367,31.4950008392334,31.56999969482422,1557000,0.0,0.0,0.0
2022-09-27 00:00:00-04:00,32.13999938964844,32.900001525878906,31.84000015258789,32.2400016784668,1772300,0.0,0.0,0.0
2022-09-28 00:00:00-04:00,32.40999984741211,34.439998626708984,32.40999984741211,34.22999954223633,3441300,0.0,0.0,0.0
2022-09-29 00:00:00-04:00,33.65999984741211,33.77000045776367,32.310001373291016,32.88999938964844,2179800,0.0,0.0,0.0
2022-09-30 00:00:00-04:00,32.7400016784668,34.369998931884766,32.7400016784668,32.869998931884766,2001800,0.0,0.0,0.0
2022-10-03 00:00:00-04:00,33.25,33.52799987792969,32.36000061035156,33.189998626708984,1589400,0.0,0.0,0.0
2022-10-04 00:00:00-04:00,33.959999084472656,35.7400016784668,33.959999084472656,35.709999084472656,3560000,0.0,0.0,0.0
2022-10-05 00:00:00-04:00,34.86000061035156,35.2400016784668,33.7400016784668,35.040000915527344,3506000,0.0,0.0,0.0
2022-10-06 00:00:00-04:00,34.91999816894531,35.689998626708984,34.54999923706055,35.029998779296875,1420100,0.0,0.0,0.0
2022-10-07 00:00:00-04:00,34.16999816894531,34.29999923706055,32.70000076293945,32.86000061035156,2349100,0.0,0.0,0.0
2022-10-10 00:00:00-04:00,32.81999969482422,32.88999938964844,31.5,31.899999618530273,1825500,0.0,0.0,0.0
2022-10-11 00:00:00-04:00,31.739999771118164,32.66899871826172,30.790000915527344,31.729999542236328,2256900,0.0,0.0,0.0
2022-10-12 00:00:00-04:00,31.989999771118164,32.14799880981445,31.020000457763672,31.920000076293945,1530300,0.0,0.0,0.0
2022-10-13 00:00:00-04:00,30.559999465942383,32.209999084472656,30.219999313354492,31.700000762939453,3916300,0.0,0.0,0.0
2022-10-14 00:00:00-04:00,32.25,32.7400016784668,30.450000762939453,30.520000457763672,3017100,0.0,0.0,0.0
2022-10-17 00:00:00-04:00,31.34000015258789,32.11000061035156,31.170000076293945,31.950000762939453,2005200,0.0,0.0,0.0
2022-10-18 00:00:00-04:00,32.95000076293945,33.400001525878906,31.882999420166016,32.36000061035156,1289800,0.0,0.0,0.0
2022-10-19 00:00:00-04:00,31.81999969482422,31.979999542236328,30.25,30.5,1693200,0.0,0.0,0.0
2022-10-20 00:00:00-04:00,30.415000915527344,31.541000366210938,30.170000076293945,30.329999923706055,1895200,0.0,0.0,0.0
2022-10-21 00:00:00-04:00,30.350000381469727,31.15999984741211,29.760000228881836,31.1200008392334,1568100,0.0,0.0,0.0
2022-10-24 00:00:00-04:00,31.200000762939453,31.309999465942383,30.100000381469727,30.959999084472656,1068100,0.0,0.0,0.0
2022-10-25 00:00:00-04:00,31.110000610351562,32.849998474121094,31.110000610351562,32.630001068115234,1534600,0.0,0.0,0.0
2022-10-26 00:00:00-04:00,32.31999969482422,34.689998626708984,32.279998779296875,33.54999923706055,2722100,0.0,0.0,0.0
2022-10-27 00:00:00-04:00,34.18000030517578,34.279998779296875,32.86000061035156,32.9900016784668,1586600,0.0,0.0,0.0
2022-10-28 00:00:00-04:00,33.16999816894531,34.27000045776367,32.630001068115234,34.18000030517578,1401200,0.0,0.0,0.0
2022-10-31 00:00:00-04:00,33.81999969482422,34.369998931884766,33.439998626708984,33.7599983215332,1322000,0.0,0.0,0.0
2022-11-01 00:00:00-04:00,34.349998474121094,34.970001220703125,33.97999954223633,34.189998626708984,1257300,0.0,0.0,0.0
2022-11-02 00:00:00-04:00,34.2599983215332,35.29999923706055,33.029998779296875,33.029998779296875,3117900,0.0,0.0,0.0
2022-11-03 00:00:00-04:00,32.58000183105469,33.650001525878906,32.04999923706055,32.65999984741211,1666900,0.0,0.0,0.0
2022-11-04 00:00:00-04:00,33.52000045776367,33.7400016784668,31.600000381469727,32.5099983215332,1332100,0.0,0.0,0.0
2022-11-07 00:00:00-05:00,32.36000061035156,32.72999954223633,31.260000228881836,31.579999923706055,1632700,0.0,0.0,0.0
2022-11-08 00:00:00-05:00,31.56999969482422,32.86000061035156,31.270000457763672,32.13999938964844,1540300,0.0,0.0,0.0
2022-11-09 00:00:00-05:00,31.780000686645508,32.09000015258789,30.760000228881836,30.770000457763672,1537400,0.0,0.0,0.0
2022-11-10 00:00:00-05:00,33.040000915527344,34.29999923706055,32.7400016784668,34.220001220703125,4021000,0.0,0.0,0.0
2022-11-11 00:00:00-05:00,34.13999938964844,36.970001220703125,33.86000061035156,36.22999954223633,3912300,0.0,0.0,0.0
2022-11-14 00:00:00-05:00,35.869998931884766,36.279998779296875,34.93000030517578,34.9900016784668,1317600,0.0,0.0,0.0
2022-11-15 00:00:00-05:00,35.93000030517578,36.428001403808594,34.59000015258789,35.0,2046100,0.0,0.0,0.0
2022-11-16 00:00:00-05:00,34.459999084472656,34.630001068115234,33.435001373291016,33.650001525878906,1187200,0.0,0.0,0.0
2022-11-17 00:00:00-05:00,32.810001373291016,33.189998626708984,32.369998931884766,32.7599983215332,2394200,0.0,0.0,0.0
2022-11-18 00:00:00-05:00,33.58000183105469,33.66999816894531,32.025001525878906,32.25,1107300,0.0,0.0,0.0
2022-11-21 00:00:00-05:00,32.13999938964844,32.189998626708984,31.43000030517578,31.709999084472656,1232900,0.0,0.0,0.0
2022-11-22 00:00:00-05:00,31.860000610351562,31.920000076293945,31.010000228881836,31.59000015258789,1235300,0.0,0.0,0.0
2022-11-23 00:00:00-05:00,31.68000030517578,32.279998779296875,31.43000030517578,31.8799991607666,991100,0.0,0.0,0.0
2022-11-25 00:00:00-05:00,31.674999237060547,31.781999588012695,31.25,31.700000762939453,370000,0.0,0.0,0.0
2022-11-28 00:00:00-05:00,31.56999969482422,31.969999313354492,30.510000228881836,30.6299991607666,1813700,0.0,0.0,0.0
2022-11-29 00:00:00-05:00,30.790000915527344,31.170000076293945,30.399999618530273,30.510000228881836,2057800,0.0,0.0,0.0
2022-11-30 00:00:00-05:00,30.700000762939453,32.58000183105469,30.30699920654297,32.5,2892000,0.0,0.0,0.0
2022-12-01 00:00:00-05:00,32.59000015258789,33.11000061035156,31.989999771118164,32.709999084472656,1325000,0.0,0.0,0.0
2022-12-02 00:00:00-05:00,31.889999389648438,33.04999923706055,31.649999618530273,32.97999954223633,1335500,0.0,0.0,0.0
2022-12-05 00:00:00-05:00,32.66999816894531,32.83000183105469,31.225000381469727,31.479999542236328,1351100,0.0,0.0,0.0
2022-12-06 00:00:00-05:00,31.56999969482422,31.56999969482422,30.31999969482422,30.489999771118164,1431200,0.0,0.0,0.0
2022-12-07 00:00:00-05:00,30.479999542236328,30.8700008392334,30.149999618530273,30.579999923706055,1486200,0.0,0.0,0.0
2022-12-08 00:00:00-05:00,30.799999237060547,31.481000900268555,30.200000762939453,31.260000228881836,1286800,0.0,0.0,0.0
2022-12-09 00:00:00-05:00,31.0,31.469999313354492,30.309999465942383,30.350000381469727,1347700,0.0,0.0,0.0
2022-12-12 00:00:00-05:00,30.219999313354492,30.889999389648438,29.836999893188477,30.860000610351562,1235800,0.0,0.0,0.0
2022-12-13 00:00:00-05:00,32.41999816894531,33.29999923706055,30.709999084472656,31.190000534057617,3281300,0.0,0.0,0.0
2022-12-14 00:00:00-05:00,31.110000610351562,31.68000030517578,30.5,30.969999313354492,1687600,0.0,0.0,0.0
2022-12-15 00:00:00-05:00,30.229999542236328,30.6200008392334,29.815000534057617,29.889999389648438,1514700,0.0,0.0,0.0
2022-12-16 00:00:00-05:00,30.09000015258789,30.420000076293945,29.6299991607666,30.15999984741211,1728500,0.0,0.0,0.0
2022-12-19 00:00:00-05:00,30.149999618530273,30.15999984741211,28.639999389648438,28.84000015258789,2309400,0.0,0.0,0.0
2022-12-20 00:00:00-05:00,28.809999465942383,29.3700008392334,28.530000686645508,29.059999465942383,1073100,0.0,0.0,0.0
2022-12-21 00:00:00-05:00,29.309999465942383,30.31999969482422,29.200000762939453,29.700000762939453,1764300,0.0,0.0,0.0
2022-12-22 00:00:00-05:00,29.270000457763672,29.43000030517578,28.469999313354492,29.360000610351562,1542700,0.0,0.0,0.0
2022-12-23 00:00:00-05:00,29.1299991607666,29.459999084472656,28.290000915527344,28.420000076293945,1130900,0.0,0.0,0.0
2022-12-27 00:00:00-05:00,28.270000457763672,28.280000686645508,27.19099998474121,27.239999771118164,1330200,0.0,0.0,0.0
2022-12-28 00:00:00-05:00,27.1299991607666,27.700000762939453,26.979999542236328,27.084999084472656,1670300,0.0,0.0,0.0
2022-12-29 00:00:00-05:00,27.31999969482422,28.5,27.110000610351562,28.184999465942383,1339200,0.0,0.0,0.0
2022-12-30 00:00:00-05:00,27.75,28.260000228881836,27.34000015258789,28.229999542236328,1595900,0.0,0.0,0.0
2023-01-03 00:00:00-05:00,28.6299991607666,29.100000381469727,27.43000030517578,27.610000610351562,1777200,0.0,0.0,0.0
2023-01-04 00:00:00-05:00,27.780000686645508,28.739999771118164,27.65999984741211,28.649999618530273,1258900,0.0,0.0,0.0
2023-01-05 00:00:00-05:00,28.46500015258789,28.610000610351562,27.920000076293945,28.3799991607666,1636600,0.0,0.0,0.0
2023-01-06 00:00:00-05:00,28.450000762939453,28.5,27.360000610351562,28.280000686645508,3278900,0.0,0.0,0.0
2023-01-09 00:00:00-05:00,29.110000610351562,29.709999084472656,28.75,29.18000030517578,2274400,0.0,0.0,0.0
2023-01-10 00:00:00-05:00,29.15999984741211,30.280000686645508,29.110000610351562,30.219999313354492,1437800,0.0,0.0,0.0
2023-01-11 00:00:00-05:00,30.3799991607666,31.344999313354492,29.94499969482422,31.309999465942383,1337400,0.0,0.0,0.0
2023-01-12 00:00:00-05:00,31.510000228881836,32.459999084472656,30.459999084472656,32.38999938964844,1614500,0.0,0.0,0.0
2023-01-13 00:00:00-05:00,31.850000381469727,32.91999816894531,31.829999923706055,32.810001373291016,1558000,0.0,0.0,0.0
2023-01-17 00:00:00-05:00,32.66999816894531,33.48500061035156,32.18000030517578,33.43000030517578,981300,0.0,0.0,0.0
2023-01-18 00:00:00-05:00,33.61000061035156,34.36000061035156,32.790000915527344,32.900001525878906,2471900,0.0,0.0,0.0
2023-01-19 00:00:00-05:00,32.41999816894531,32.52000045776367,31.25,31.799999237060547,2146100,0.0,0.0,0.0
2023-01-20 00:00:00-05:00,32.06999969482422,32.61000061035156,31.520000457763672,32.4900016784668,1687000,0.0,0.0,0.0
2023-01-23 00:00:00-05:00,32.529998779296875,33.45500183105469,32.16999816894531,33.36000061035156,1174000,0.0,0.0,0.0
2023-01-24 00:00:00-05:00,33.060001373291016,33.709999084472656,32.720001220703125,32.88999938964844,864400,0.0,0.0,0.0
2023-01-25 00:00:00-05:00,32.25,33.06999969482422,31.75,33.060001373291016,1110600,0.0,0.0,0.0
2023-01-26 00:00:00-05:00,33.65999984741211,33.93000030517578,32.58000183105469,33.11000061035156,751200,0.0,0.0,0.0
2023-01-27 00:00:00-05:00,32.95000076293945,34.22999954223633,32.80500030517578,34.060001373291016,1180500,0.0,0.0,0.0
2023-01-30 00:00:00-05:00,33.5099983215332,33.650001525878906,32.654998779296875,32.70000076293945,1975800,0.0,0.0,0.0
2023-01-31 00:00:00-05:00,32.869998931884766,33.72999954223633,32.83000183105469,33.70000076293945,1058300,0.0,0.0,0.0
2023-02-01 00:00:00-05:00,33.689998626708984,34.88999938964844,32.84000015258789,34.5,2464500,0.0,0.0,0.0
2023-02-02 00:00:00-05:00,35.279998779296875,37.15999984741211,35.279998779296875,36.4900016784668,3610700,0.0,0.0,0.0
2023-02-03 00:00:00-05:00,35.36000061035156,36.150001525878906,34.810001373291016,35.279998779296875,2425800,0.0,0.0,0.0
2023-02-06 00:00:00-05:00,34.880001068115234,35.209999084472656,34.41999816894531,34.560001373291016,1425100,0.0,0.0,0.0
2023-02-07 00:00:00-05:00,34.63999938964844,35.23500061035156,33.970001220703125,35.13999938964844,1360300,0.0,0.0,0.0
2023-02-08 00:00:00-05:00,34.959999084472656,35.25,33.66999816894531,33.720001220703125,1740500,0.0,0.0,0.0
2023-02-09 00:00:00-05:00,34.290000915527344,34.494998931884766,32.560001373291016,32.689998626708984,2107600,0.0,0.0,0.0
2023-02-10 00:00:00-05:00,32.40999984741211,32.529998779296875,31.8799991607666,32.16999816894531,1560200,0.0,0.0,0.0
2023-02-13 00:00:00-05:00,32.27000045776367,32.7400016784668,31.81999969482422,32.529998779296875,1703500,0.0,0.0,0.0
2023-02-14 00:00:00-05:00,32.31999969482422,33.130001068115234,31.764999389648438,32.79999923706055,2236300,0.0,0.0,0.0
2023-02-15 00:00:00-05:00,32.650001525878906,33.650001525878906,32.41999816894531,33.5099983215332,2772800,0.0,0.0,0.0
2023-02-16 00:00:00-05:00,32.869998931884766,33.31999969482422,32.310001373291016,32.529998779296875,2136700,0.0,0.0,0.0
2023-02-17 00:00:00-05:00,32.220001220703125,32.52000045776367,31.420000076293945,32.470001220703125,2132800,0.0,0.0,0.0
2023-02-21 00:00:00-05:00,31.780000686645508,31.829999923706055,30.40999984741211,30.440000534057617,2240200,0.0,0.0,0.0
2023-02-22 00:00:00-05:00,30.690000534057617,31.25,30.350000381469727,31.1299991607666,1852400,0.0,0.0,0.0
2023-02-23 00:00:00-05:00,31.350000381469727,31.600000381469727,29.90999984741211,30.719999313354492,1581900,0.0,0.0,0.0
2023-02-24 00:00:00-05:00,29.889999389648438,30.219999313354492,29.559999465942383,29.670000076293945,2871200,0.0,0.0,0.0
2023-02-27 00:00:00-05:00,30.1200008392334,30.190000534057617,29.579999923706055,29.93000030517578,1853100,0.0,0.0,0.0
2023-02-28 00:00:00-05:00,30.0,30.69499969482422,29.899999618530273,30.350000381469727,2573000,0.0,0.0,0.0
2023-03-01 00:00:00-05:00,30.790000915527344,30.8700008392334,29.895000457763672,30.0,1744200,0.0,0.0,0.0
2023-03-02 00:00:00-05:00,29.860000610351562,30.270000457763672,29.649999618530273,30.149999618530273,2101000,0.0,0.0,0.0
2023-03-03 00:00:00-05:00,30.15999984741211,31.18000030517578,29.950000762939453,31.0,1777500,0.0,0.0,0.0
2023-03-06 00:00:00-05:00,31.010000228881836,31.059999465942383,29.9950008392334,30.1299991607666,1850600,0.0,0.0,0.0
2023-03-07 00:00:00-05:00,29.989999771118164,30.450000762939453,29.665000915527344,29.809999465942383,1196100,0.0,0.0,0.0
2023-03-08 00:00:00-05:00,29.899999618530273,30.200000762939453,29.459999084472656,29.770000457763672,2366400,0.0,0.0,0.0
2023-03-09 00:00:00-05:00,29.920000076293945,30.014999389648438,28.540000915527344,28.649999618530273,1294400,0.0,0.0,0.0
2023-03-10 00:00:00-05:00,28.600000381469727,28.760000228881836,26.764999389648438,27.459999084472656,4738500,0.0,0.0,0.0
2023-03-13 00:00:00-04:00,27.059999465942383,29.079999923706055,27.059999465942383,28.479999542236328,3895800,0.0,0.0,0.0
2023-03-14 00:00:00-04:00,29.325000762939453,29.459999084472656,28.43000030517578,28.899999618530273,1688000,0.0,0.0,0.0
2023-03-15 00:00:00-04:00,28.389999389648438,29.0,28.239999771118164,28.940000534057617,2039100,0.0,0.0,0.0
2023-03-16 00:00:00-04:00,28.860000610351562,29.65999984741211,28.450000762939453,29.440000534057617,2530300,0.0,0.0,0.0
2023-03-17 00:00:00-04:00,28.68000030517578,29.209999084472656,28.280000686645508,28.520000457763672,4112500,0.0,0.0,0.0
2023-03-20 00:00:00-04:00,28.540000915527344,28.68000030517578,27.90999984741211,28.270000457763672,1507400,0.0,0.0,0.0
2023-03-21 00:00:00-04:00,28.489999771118164,29.53499984741211,28.3799991607666,29.350000381469727,2047000,0.0,0.0,0.0
2023-03-22 00:00:00-04:00,29.350000381469727,29.40999984741211,28.09000015258789,28.09000015258789,3373700,0.0,0.0,0.0
2023-03-23 00:00:00-04:00,28.610000610351562,29.274999618530273,27.90999984741211,28.280000686645508,1714000,0.0,0.0,0.0
2023-03-24 00:00:00-04:00,28.110000610351562,28.799999237060547,27.790000915527344,28.649999618530273,1613000,0.0,0.0,0.0
2023-03-27 00:00:00-04:00,28.93000030517578,29.270000457763672,28.520000457763672,28.639999389648438,1262300,0.0,0.0,0.0
2023-03-28 00:00:00-04:00,28.65999984741211,28.729999542236328,27.95400047302246,28.0049991607666,1404100,0.0,0.0,0.0
2023-03-29 00:00:00-04:00,28.459999084472656,28.969999313354492,28.270000457763672,28.889999389648438,1362500,0.0,0.0,0.0
2023-03-30 00:00:00-04:00,29.18000030517578,29.360000610351562,28.489999771118164,28.65999984741211,1733800,0.0,0.0,0.0
2023-03-31 00:00:00-04:00,28.920000076293945,30.295000076293945,28.920000076293945,30.06999969482422,3421000,0.0,0.0,0.0
2023-04-03 00:00:00-04:00,29.969999313354492,30.010000228881836,29.290000915527344,29.760000228881836,1856100,0.0,0.0,0.0
2023-04-04 00:00:00-04:00,29.985000610351562,30.059999465942383,29.299999237060547,29.6299991607666,1922600,0.0,0.0,0.0
2023-04-05 00:00:00-04:00,29.489999771118164,29.600000381469727,28.889999389648438,29.100000381469727,1908300,0.0,0.0,0.0
2023-04-06 00:00:00-04:00,29.0,29.809999465942383,28.81999969482422,29.719999313354492,1092000,0.0,0.0,0.0
2023-04-10 00:00:00-04:00,29.329999923706055,29.649999618530273,29.110000610351562,29.610000610351562,1482300,0.0,0.0,0.0
2023-04-11 00:00:00-04:00,29.709999084472656,30.204999923706055,29.59000015258789,29.969999313354492,1316600,0.0,0.0,0.0
2023-04-12 00:00:00-04:00,30.520000457763672,30.700000762939453,29.263999938964844,29.280000686645508,1878700,0.0,0.0,0.0
2023-04-13 00:00:00-04:00,29.579999923706055,31.065000534057617,29.530000686645508,30.899999618530273,2416500,0.0,0.0,0.0
2023-04-14 00:00:00-04:00,30.899999618530273,31.1299991607666,30.065000534057617,30.309999465942383,1704700,0.0,0.0,0.0
2023-04-17 00:00:00-04:00,30.299999237060547,31.139999389648438,30.229999542236328,30.75,2561200,0.0,0.0,0.0
2023-04-18 00:00:00-04:00,30.979999542236328,31.049999237060547,30.18000030517578,30.479999542236328,1289700,0.0,0.0,0.0
2023-04-19 00:00:00-04:00,30.190000534057617,31.09000015258789,30.010000228881836,30.850000381469727,1009500,0.0,0.0,0.0
2023-04-20 00:00:00-04:00,30.450000762939453,30.6299991607666,29.8799991607666,29.950000762939453,1589900,0.0,0.0,0.0
2023-04-21 00:00:00-04:00,30.030000686645508,30.719999313354492,29.892000198364258,30.579999923706055,1405200,0.0,0.0,0.0
2023-04-24 00:00:00-04:00,30.610000610351562,30.75,29.959999084472656,30.1200008392334,1111200,0.0,0.0,0.0
2023-04-25 00:00:00-04:00,30.0,30.049999237060547,29.094999313354492,29.110000610351562,1466000,0.0,0.0,0.0
2023-04-26 00:00:00-04:00,29.15999984741211,29.350000381469727,28.600000381469727,28.71500015258789,1387100,0.0,0.0,0.0
2023-04-27 00:00:00-04:00,29.030000686645508,29.1200008392334,28.610000610351562,28.850000381469727,989400,0.0,0.0,0.0
2023-04-28 00:00:00-04:00,28.59000015258789,29.239999771118164,28.15999984741211,28.959999084472656,1317200,0.0,0.0,0.0
2023-05-01 00:00:00-04:00,28.8799991607666,29.31999969482422,28.690000534057617,29.200000762939453,1150600,0.0,0.0,0.0
2023-05-02 00:00:00-04:00,29.010000228881836,29.049999237060547,28.209999084472656,28.260000228881836,1704100,0.0,0.0,0.0
2023-05-03 00:00:00-04:00,28.389999389648438,29.559999465942383,28.309999465942383,28.860000610351562,2018500,0.0,0.0,0.0
2023-05-04 00:00:00-04:00,28.8700008392334,29.459999084472656,28.549999237060547,29.3700008392334,1379500,0.0,0.0,0.0
2023-05-05 00:00:00-04:00,29.5,29.770000457763672,29.110000610351562,29.709999084472656,1155900,0.0,0.0,0.0
2023-05-08 00:00:00-04:00,29.674999237060547,29.90999984741211,29.204999923706055,29.809999465942383,1193400,0.0,0.0,0.0
2023-05-09 00:00:00-04:00,29.579999923706055,30.225000381469727,29.240999221801758,30.149999618530273,1186400,0.0,0.0,0.0
2023-05-10 00:00:00-04:00,30.899999618530273,31.350000381469727,30.59000015258789,30.93000030517578,3611700,0.0,0.0,0.0
2023-05-11 00:00:00-04:00,30.68000030517578,30.815000534057617,30.260000228881836,30.3799991607666,953400,0.0,0.0,0.0
2023-05-12 00:00:00-04:00,30.459999084472656,30.459999084472656,29.719999313354492,29.860000610351562,1108300,0.0,0.0,0.0
2023-05-15 00:00:00-04:00,29.889999389648438,31.059999465942383,29.75,30.809999465942383,1712200,0.0,0.0,0.0
2023-05-16 00:00:00-04:00,30.579999923706055,30.600000381469727,29.559999465942383,29.780000686645508,1162500,0.0,0.0,0.0
2023-05-17 00:00:00-04:00,29.8799991607666,30.290000915527344,29.290000915527344,30.280000686645508,1173500,0.0,0.0,0.0
2023-05-18 00:00:00-04:00,30.1200008392334,30.6200008392334,29.78499984741211,30.489999771118164,1338800,0.0,0.0,0.0
2023-05-19 00:00:00-04:00,30.3799991607666,30.950000762939453,30.3799991607666,30.760000228881836,1101800,0.0,0.0,0.0
2023-05-22 00:00:00-04:00,30.850000381469727,32.56999969482422,30.850000381469727,32.439998626708984,2152900,0.0,0.0,0.0
2023-05-23 00:00:00-04:00,32.290000915527344,33.70000076293945,32.290000915527344,32.5,2587500,0.0,0.0,0.0
2023-05-24 00:00:00-04:00,32.470001220703125,32.470001220703125,31.434999465942383,32.08000183105469,1319400,0.0,0.0,0.0
2023-05-25 00:00:00-04:00,32.45000076293945,32.45000076293945,30.899999618530273,31.280000686645508,1499500,0.0,0.0,0.0
2023-05-26 00:00:00-04:00,31.329999923706055,31.860000610351562,31.110000610351562,31.690000534057617,850500,0.0,0.0,0.0
2023-05-30 00:00:00-04:00,31.989999771118164,32.709999084472656,31.469999313354492,31.719999313354492,2160400,0.0,0.0,0.0
2023-05-31 00:00:00-04:00,31.510000228881836,32.18000030517578,31.020000457763672,31.6299991607666,1960100,0.0,0.0,0.0
2023-06-01 00:00:00-04:00,31.81999969482422,32.814998626708984,31.34000015258789,32.560001373291016,1086900,0.0,0.0,0.0
2023-06-02 00:00:00-04:00,33.08000183105469,33.29999923706055,32.349998474121094,33.25,2381800,0.0,0.0,0.0
2023-06-05 00:00:00-04:00,33.27000045776367,33.77000045776367,33.16999816894531,33.5,813100,0.0,0.0,0.0
2023-06-06 00:00:00-04:00,33.36000061035156,34.435001373291016,33.13999938964844,34.2599983215332,1196300,0.0,0.0,0.0
2023-06-07 00:00:00-04:00,34.47999954223633,34.90999984741211,33.755001068115234,33.900001525878906,1615800,0.0,0.0,0.0
2023-06-08 00:00:00-04:00,33.84000015258789,34.15999984741211,33.349998474121094,33.86000061035156,1073000,0.0,0.0,0.0
2023-06-09 00:00:00-04:00,34.25,34.279998779296875,33.220001220703125,33.31999969482422,1054700,0.0,0.0,0.0
2023-06-12 00:00:00-04:00,33.54999923706055,34.43000030517578,33.369998931884766,34.16999816894531,1064400,0.0,0.0,0.0
2023-06-13 00:00:00-04:00,34.459999084472656,35.349998474121094,34.3650016784668,35.209999084472656,1615000,0.0,0.0,0.0
2023-06-14 00:00:00-04:00,35.2599983215332,35.459999084472656,33.900001525878906,34.5,1865800,0.0,0.0,0.0
2023-06-15 00:00:00-04:00,34.2400016784668,35.31999969482422,34.15999984741211,35.20000076293945,831000,0.0,0.0,0.0
2023-06-16 00:00:00-04:00,35.540000915527344,35.599998474121094,34.58000183105469,34.61000061035156,1240900,0.0,0.0,0.0
2023-06-20 00:00:00-04:00,34.47999954223633,34.88999938964844,34.11000061035156,34.72999954223633,1129100,0.0,0.0,0.0
2023-06-21 00:00:00-04:00,34.65999984741211,34.66999816894531,33.439998626708984,33.75,2095700,0.0,0.0,0.0
2023-06-22 00:00:00-04:00,33.790000915527344,33.790000915527344,33.189998626708984,33.41999816894531,996300,0.0,0.0,0.0
2023-06-23 00:00:00-04:00,32.900001525878906,33.06999969482422,32.47999954223633,32.790000915527344,1099800,0.0,0.0,0.0
2023-06-26 00:00:00-04:00,32.779998779296875,32.90999984741211,32.470001220703125,32.599998474121094,546500,0.0,0.0,0.0
2023-06-27 00:00:00-04:00,32.689998626708984,33.025001525878906,32.220001220703125,32.84000015258789,1013700,0.0,0.0,0.0
2023-06-28 00:00:00-04:00,32.720001220703125,33.79999923706055,32.619998931884766,33.779998779296875,715000,0.0,0.0,0.0
2023-06-29 00:00:00-04:00,33.869998931884766,34.16999816894531,33.630001068115234,33.709999084472656,985200,0.0,0.0,0.0
2023-06-30 00:00:00-04:00,34.279998779296875,34.619998931884766,34.09000015258789,34.09000015258789,1085000,0.0,0.0,0.0
2023-07-03 00:00:00-04:00,34.22999954223633,34.38999938964844,33.720001220703125,33.970001220703125,642000,0.0,0.0,0.0
2023-07-05 00:00:00-04:00,33.77000045776367,33.93000030517578,33.45000076293945,33.75,791700,0.0,0.0,0.0
2023-07-06 00:00:00-04:00,33.09000015258789,33.189998626708984,32.33000183105469,32.540000915527344,1162700,0.0,0.0,0.0
2023-07-07 00:00:00-04:00,32.86000061035156,33.34000015258789,32.65999984741211,33.150001525878906,849200,0.0,0.0,0.0
2023-07-10 00:00:00-04:00,33.06999969482422,34.875,33.029998779296875,34.869998931884766,1754200,0.0,0.0,0.0
2023-07-11 00:00:00-04:00,35.130001068115234,35.452999114990234,34.689998626708984,35.310001373291016,1165000,0.0,0.0,0.0
2023-07-12 00:00:00-04:00,36.720001220703125,36.91999816894531,35.97999954223633,36.56999969482422,2650800,0.0,0.0,0.0
2023-07-13 00:00:00-04:00,36.93000030517578,37.154998779296875,36.400001525878906,36.939998626708984,1692600,0.0,0.0,0.0
2023-07-14 00:00:00-04:00,37.33000183105469,37.43000030517578,36.16999816894531,36.2599983215332,1537200,0.0,0.0,0.0
2023-07-17 00:00:00-04:00,36.38999938964844,37.459999084472656,35.880001068115234,37.209999084472656,1568900,0.0,0.0,0.0
2023-07-18 00:00:00-04:00,37.439998626708984,37.87300109863281,37.20000076293945,37.7599983215332,1288600,0.0,0.0,0.0
2023-07-19 00:00:00-04:00,37.97999954223633,38.970001220703125,37.91999816894531,38.18000030517578,1850100,0.0,0.0,0.0
2023-07-20 00:00:00-04:00,37.83000183105469,38.029998779296875,36.439998626708984,36.56999969482422,2155600,0.0,0.0,0.0
2023-07-21 00:00:00-04:00,36.97999954223633,37.470001220703125,36.345001220703125,37.11000061035156,1637100,0.0,0.0,0.0
2023-07-24 00:00:00-04:00,37.2400016784668,37.33000183105469,36.189998626708984,36.31999969482422,1332500,0.0,0.0,0.0
2023-07-25 00:00:00-04:00,36.34000015258789,36.869998931884766,36.25,36.459999084472656,870900,0.0,0.0,0.0
2023-07-26 00:00:00-04:00,36.45000076293945,37.209999084472656,36.290000915527344,37.130001068115234,1148100,0.0,0.0,0.0
2023-07-27 00:00:00-04:00,37.709999084472656,37.7599983215332,35.939998626708984,36.130001068115234,1899400,0.0,0.0,0.0
2023-07-28 00:00:00-04:00,36.63999938964844,37.290000915527344,36.47999954223633,37.290000915527344,1246300,0.0,0.0,0.0
2023-07-31 00:00:00-04:00,37.5,38.0,37.34000015258789,38.0,1779900,0.0,0.0,0.0
2023-08-01 00:00:00-04:00,37.65999984741211,37.68000030517578,36.7599983215332,37.040000915527344,1021800,0.0,0.0,0.0
2023-08-02 00:00:00-04:00,36.33000183105469,36.33000183105469,35.040000915527344,35.209999084472656,1675000,0.0,0.0,0.0
2023-08-03 00:00:00-04:00,34.560001373291016,34.58000183105469,33.904998779296875,33.959999084472656,1709200,0.0,0.0,0.0
2023-08-04 00:00:00-04:00,34.43000030517578,34.48500061035156,33.779998779296875,33.9900016784668,1387500,0.0,0.0,0.0
2023-08-07 00:00:00-04:00,34.0,34.0,32.54999923706055,33.02000045776367,1793700,0.0,0.0,0.0
2023-08-08 00:00:00-04:00,32.66999816894531,33.130001068115234,32.36000061035156,33.119998931884766,1289100,0.0,0.0,0.0
2023-08-09 00:00:00-04:00,33.2400016784668,33.470001220703125,32.43000030517578,32.68000030517578,1908000,0.0,0.0,0.0
2023-08-10 00:00:00-04:00,32.779998779296875,33.150001525878906,31.940000534057617,32.220001220703125,2030200,0.0,0.0,0.0
2023-08-11 00:00:00-04:00,31.950000762939453,32.27000045776367,31.690000534057617,31.8799991607666,1667200,0.0,0.0,0.0
2023-08-14 00:00:00-04:00,31.729999542236328,31.84000015258789,31.260000228881836,31.84000015258789,1470100,0.0,0.0,0.0
2023-08-15 00:00:00-04:00,31.68000030517578,32.02000045776367,31.5049991607666,31.600000381469727,1139500,0.0,0.0,0.0
2023-08-16 00:00:00-04:00,31.5,31.510000228881836,30.56999969482422,30.600000381469727,1379800,0.0,0.0,0.0
2023-08-17 00:00:00-04:00,30.649999618530273,30.649999618530273,30.229999542236328,30.360000610351562,1214400,0.0,0.0,0.0
2023-08-18 00:00:00-04:00,29.950000762939453,30.850000381469727,29.850000381469727,30.329999923706055,1294700,0.0,0.0,0.0
2023-08-21 00:00:00-04:00,30.5,31.100000381469727,30.170000076293945,30.940000534057617,1525100,0.0,0.0,0.0
2023-08-22 00:00:00-04:00,31.18000030517578,31.405000686645508,30.65999984741211,30.950000762939453,1389200,0.0,0.0,0.0
2023-08-23 00:00:00-04:00,31.0,31.799999237060547,31.0,31.610000610351562,1605500,0.0,0.0,0.0
2023-08-24 00:00:00-04:00,31.780000686645508,31.829999923706055,30.350000381469727,30.40999984741211,1973800,0.0,0.0,0.0
2023-08-25 00:00:00-04:00,30.489999771118164,30.809999465942383,30.010000228881836,30.559999465942383,1812500,0.0,0.0,0.0
2023-08-28 00:00:00-04:00,30.899999618530273,31.139999389648438,30.6299991607666,30.790000915527344,784800,0.0,0.0,0.0
2023-08-29 00:00:00-04:00,30.829999923706055,32.23500061035156,30.600000381469727,31.979999542236328,2339000,0.0,0.0,0.0
2023-08-30 00:00:00-04:00,31.969999313354492,32.345001220703125,31.639999389648438,32.2400016784668,621900,0.0,0.0,0.0
2023-08-31 00:00:00-04:00,32.34000015258789,32.599998474121094,32.150001525878906,32.25,696400,0.0,0.0,0.0
2023-09-01 00:00:00-04:00,32.56999969482422,33.08000183105469,32.540000915527344,32.61000061035156,904100,0.0,0.0,0.0
2023-09-05 00:00:00-04:00,32.439998626708984,32.529998779296875,31.950000762939453,32.0099983215332,786000,0.0,0.0,0.0
2023-09-06 00:00:00-04:00,31.950000762939453,32.20000076293945,31.53499984741211,32.0,1079800,0.0,0.0,0.0
2023-09-07 00:00:00-04:00,31.610000610351562,31.635000228881836,31.014999389648438,31.489999771118164,1582700,0.0,0.0,0.0
2023-09-08 00:00:00-04:00,31.459999084472656,31.459999084472656,31.049999237060547,31.110000610351562,1298900,0.0,0.0,0.0
2023-09-11 00:00:00-04:00,31.229999542236328,31.700000762939453,31.06999969482422,31.56999969482422,654000,0.0,0.0,0.0
2023-09-12 00:00:00-04:00,31.34000015258789,31.8799991607666,31.260000228881836,31.530000686645508,559300,0.0,0.0,0.0
2023-09-13 00:00:00-04:00,31.520000457763672,31.850000381469727,31.320999145507812,31.329999923706055,940100,0.0,0.0,0.0
2023-09-14 00:00:00-04:00,31.68000030517578,31.690000534057617,31.003000259399414,31.030000686645508,788200,0.0,0.0,0.0
2023-09-15 00:00:00-04:00,30.959999084472656,31.148000717163086,30.350000381469727,30.510000228881836,988000,0.0,0.0,0.0
2023-09-18 00:00:00-04:00,30.3799991607666,30.3799991607666,29.593000411987305,29.6200008392334,969700,0.0,0.0,0.0
2023-09-19 00:00:00-04:00,29.610000610351562,29.649999618530273,29.104999542236328,29.549999237060547,1684000,0.0,0.0,0.0
2023-09-20 00:00:00-04:00,29.670000076293945,29.899999618530273,29.020000457763672,29.020000457763672,1179900,0.0,0.0,0.0
2023-09-21 00:00:00-04:00,28.770000457763672,28.770000457763672,28.204999923706055,28.229999542236328,1293700,0.0,0.0,0.0
2023-09-22 00:00:00-04:00,28.3700008392334,28.559999465942383,27.875,27.90999984741211,1739900,0.0,0.0,0.0
2023-09-25 00:00:00-04:00,27.729999542236328,27.940000534057617,27.440000534057617,27.600000381469727,1380500,0.0,0.0,0.0
2023-09-26 00:00:00-04:00,27.610000610351562,28.309999465942383,27.604999542236328,27.639999389648438,1162400,0.0,0.0,0.0
2023-09-27 00:00:00-04:00,28.110000610351562,28.459999084472656,27.690000534057617,27.969999313354492,1534900,0.0,0.0,0.0
2023-09-28 00:00:00-04:00,28.049999237060547,28.260000228881836,27.450000762939453,27.8700008392334,1716100,0.0,0.0,0.0
2023-09-29 00:00:00-04:00,28.190000534057617,28.5049991607666,27.700000762939453,27.860000610351562,1813200,0.0,0.0,0.0
2023-10-02 00:00:00-04:00,27.75,27.75,26.719999313354492,26.950000762939453,1793400,0.0,0.0,0.0
2023-10-03 00:00:00-04:00,26.6200008392334,26.940000534057617,26.299999237060547,26.489999771118164,1855800,0.0,0.0,0.0
2023-10-04 00:00:00-04:00,26.670000076293945,26.68000030517578,26.049999237060547,26.270000457763672,1508500,0.0,0.0,0.0
2023-10-05 00:00:00-04:00,26.18000030517578,26.604999542236328,25.729999542236328,26.549999237060547,1861800,0.0,0.0,0.0
2023-10-06 00:00:00-04:00,26.190000534057617,26.489999771118164,25.81999969482422,26.270000457763672,1637000,0.0,0.0,0.0
2023-10-09 00:00:00-04:00,25.920000076293945,26.290000915527344,25.559999465942383,26.170000076293945,1304700,0.0,0.0,0.0
2023-10-10 00:00:00-04:00,26.229999542236328,27.149999618530273,26.229999542236328,26.84000015258789,1771500,0.0,0.0,0.0
2023-10-11 00:00:00-04:00,26.920000076293945,27.225000381469727,26.190000534057617,26.510000228881836,1907100,0.0,0.0,0.0
2023-10-12 00:00:00-04:00,26.649999618530273,26.649999618530273,24.93000030517578,25.020000457763672,2690200,0.0,0.0,0.0
2023-10-13 00:00:00-04:00,25.059999465942383,25.219999313354492,24.75,25.1200008392334,1908200,0.0,0.0,0.0
2023-10-16 00:00:00-04:00,25.079999923706055,25.68000030517578,24.700000762939453,25.459999084472656,1466700,0.0,0.0,0.0
2023-10-17 00:00:00-04:00,25.200000762939453,26.09000015258789,25.1299991607666,25.75,1526600,0.0,0.0,0.0
2023-10-18 00:00:00-04:00,25.610000610351562,25.610000610351562,24.510000228881836,24.59000015258789,1679400,0.0,0.0,0.0
2023-10-19 00:00:00-04:00,24.670000076293945,24.670000076293945,23.8799991607666,23.920000076293945,2580500,0.0,0.0,0.0
2023-10-20 00:00:00-04:00,23.81999969482422,24.190000534057617,23.479999542236328,23.75,1930900,0.0,0.0,0.0
2023-10-23 00:00:00-04:00,23.575000762939453,24.014999389648438,23.219999313354492,23.56999969482422,2016100,0.0,0.0,0.0
2023-10-24 00:00:00-04:00,23.719999313354492,24.489999771118164,23.719999313354492,24.25,2932900,0.0,0.0,0.0
2023-10-25 00:00:00-04:00,23.940000534057617,24.0,22.850000381469727,22.950000762939453,2053700,0.0,0.0,0.0
2023-10-26 00:00:00-04:00,23.040000915527344,23.350000381469727,22.834999084472656,22.979999542236328,1786700,0.0,0.0,0.0
2023-10-27 00:00:00-04:00,23.280000686645508,23.329999923706055,22.18000030517578,22.239999771118164,2624400,0.0,0.0,0.0
2023-10-30 00:00:00-04:00,22.56999969482422,22.639999389648438,21.969999313354492,22.43000030517578,1545000,0.0,0.0,0.0
2023-10-31 00:00:00-04:00,22.399999618530273,23.13599967956543,22.200000762939453,23.020000457763672,1757300,0.0,0.0,0.0
2023-11-01 00:00:00-04:00,23.18000030517578,23.239999771118164,22.610000610351562,23.219999313354492,2705100,0.0,0.0,0.0
2023-11-02 00:00:00-04:00,23.690000534057617,24.469999313354492,23.690000534057617,24.329999923706055,4518100,0.0,0.0,0.0
2023-11-03 00:00:00-04:00,24.68000030517578,26.3799991607666,24.68000030517578,26.040000915527344,5693800,0.0,0.0,0.0
2023-11-06 00:00:00-05:00,26.399999618530273,26.399999618530273,25.139999389648438,25.299999237060547,2838000,0.0,0.0,0.0
2023-11-07 00:00:00-05:00,25.260000228881836,26.25,25.15999984741211,26.1200008392334,2708600,0.0,0.0,0.0
2023-11-08 00:00:00-05:00,26.170000076293945,26.25,24.899999618530273,25.049999237060547,2928500,0.0,0.0,0.0
2023-11-09 00:00:00-05:00,25.235000610351562,25.329999923706055,23.860000610351562,23.979999542236328,3963000,0.0,0.0,0.0
2023-11-10 00:00:00-05:00,24.059999465942383,24.139999389648438,23.25,24.100000381469727,2722200,0.0,0.0,0.0
2023-11-13 00:00:00-05:00,23.690000534057617,23.860000610351562,22.916000366210938,23.850000381469727,2432500,0.0,0.0,0.0
2023-11-14 00:00:00-05:00,25.100000381469727,26.020000457763672,25.100000381469727,25.959999084472656,5178300,0.0,0.0,0.0
2023-11-15 00:00:00-05:00,26.149999618530273,27.5,26.100000381469727,26.6200008392334,4172900,0.0,0.0,0.0
2023-11-16 00:00:00-05:00,26.549999237060547,26.610000610351562,25.540000915527344,26.030000686645508,3838500,0.0,0.0,0.0
2023-11-17 00:00:00-05:00,26.350000381469727,27.665000915527344,26.31999969482422,27.56999969482422,4319500,0.0,0.0,0.0
2023-11-20 00:00:00-05:00,27.770000457763672,28.719999313354492,27.440000534057617,28.18000030517578,3425100,0.0,0.0,0.0
2023-11-21 00:00:00-05:00,28.03499984741211,28.03499984741211,27.110000610351562,27.149999618530273,3092600,0.0,0.0,0.0
2023-11-22 00:00:00-05:00,27.479999542236328,28.030000686645508,27.33099937438965,27.600000381469727,1952200,0.0,0.0,0.0
2023-11-24 00:00:00-05:00,27.65999984741211,28.25,27.520000457763672,27.989999771118164,1364500,0.0,0.0,0.0
2023-11-27 00:00:00-05:00,27.829999923706055,27.959999084472656,27.149999618530273,27.829999923706055,1736400,0.0,0.0,0.0
2023-11-28 00:00:00-05:00,27.639999389648438,28.040000915527344,27.170000076293945,28.020000457763672,2358000,0.0,0.0,0.0
2023-11-29 00:00:00-05:00,28.270000457763672,29.25,28.049999237060547,28.1200008392334,3327300,0.0,0.0,0.0
2023-11-30 00:00:00-05:00,28.3700008392334,28.649999618530273,27.594999313354492,27.739999771118164,3808900,0.0,0.0,0.0
2023-12-01 00:00:00-05:00,27.790000915527344,29.09000015258789,27.239999771118164,29.030000686645508,2994600,0.0,0.0,0.0
2023-12-04 00:00:00-05:00,28.8799991607666,29.469999313354492,28.524999618530273,29.200000762939453,2967700,0.0,0.0,0.0
2023-12-05 00:00:00-05:00,28.93000030517578,28.93000030517578,28.149999618530273,28.25,2624400,0.0,0.0,0.0
2023-12-06 00:00:00-05:00,28.639999389648438,29.329999923706055,28.270000457763672,28.610000610351562,1924300,0.0,0.0,0.0
2023-12-07 00:00:00-05:00,28.75,28.860000610351562,28.270000457763672,28.709999084472656,1818500,0.0,0.0,0.0
2023-12-08 00:00:00-05:00,28.520000457763672,29.309999465942383,28.040000915527344,28.600000381469727,3310000,0.0,0.0,0.0
2023-12-11 00:00:00-05:00,28.459999084472656,28.6299991607666,27.764999389648438,28.40999984741211,2603800,0.0,0.0,0.0
2023-12-12 00:00:00-05:00,28.389999389648438,28.415000915527344,27.68000030517578,28.239999771118164,4051700,0.0,0.0,0.0
2023-12-13 00:00:00-05:00,28.219999313354492,29.920000076293945,27.739999771118164,29.850000381469727,4920700,0.0,0.0,0.0
2023-12-14 00:00:00-05:00,30.729999542236328,32.08000183105469,30.700000762939453,31.65999984741211,6117500,0.0,0.0,0.0
2023-12-15 00:00:00-05:00,31.950000762939453,32.27000045776367,30.60700035095215,30.950000762939453,3144900,0.0,0.0,0.0
2023-12-18 00:00:00-05:00,30.969999313354492,31.3700008392334,30.43000030517578,30.6200008392334,1877500,0.0,0.0,0.0
2023-12-19 00:00:00-05:00,30.959999084472656,32.95000076293945,30.860000610351562,32.70000076293945,4966400,0.0,0.0,0.0
2023-12-20 00:00:00-05:00,33.0,33.290000915527344,31.040000915527344,31.100000381469727,4109000,0.0,0.0,0.0
2023-12-21 00:00:00-05:00,31.790000915527344,32.209999084472656,31.440000534057617,32.040000915527344,2214800,0.0,0.0,0.0
2023-12-22 00:00:00-05:00,32.29999923706055,33.13999938964844,32.20000076293945,32.810001373291016,2041100,0.0,0.0,0.0
2023-12-26 00:00:00-05:00,33.2400016784668,33.880001068115234,33.03499984741211,33.66999816894531,2090400,0.0,0.0,0.0
2023-12-27 00:00:00-05:00,34.06999969482422,34.33000183105469,33.38999938964844,33.68000030517578,4471900,0.0,0.0,0.0
2023-12-28 00:00:00-05:00,33.880001068115234,34.27000045776367,33.529998779296875,34.25,5441200,0.0,0.0,0.0
2023-12-29 00:00:00-05:00,34.22999954223633,34.369998931884766,32.72999954223633,32.810001373291016,3466500,0.0,0.0,0.0
2024-01-02 00:00:00-05:00,32.599998474121094,33.73500061035156,32.09000015258789,32.720001220703125,4166400,0.0,0.0,0.0
2024-01-03 00:00:00-05:00,32.209999084472656,32.209999084472656,30.93000030517578,31.190000534057617,3256900,0.0,0.0,0.0
2024-01-04 00:00:00-05:00,31.139999389648438,31.829999923706055,30.979999542236328,31.520000457763672,2450000,0.0,0.0,0.0
2024-01-05 00:00:00-05:00,31.110000610351562,31.729999542236328,30.540000915527344,31.610000610351562,2000400,0.0,0.0,0.0
2024-01-08 00:00:00-05:00,31.204999923706055,32.310001373291016,30.520000457763672,32.209999084472656,2883900,0.0,0.0,0.0
2024-01-09 00:00:00-05:00,32.060001373291016,32.82500076293945,31.760000228881836,32.41999816894531,2379400,0.0,0.0,0.0
2024-01-10 00:00:00-05:00,32.59000015258789,32.689998626708984,31.65999984741211,32.22999954223633,2156200,0.0,0.0,0.0
2024-01-11 00:00:00-05:00,31.93000030517578,31.93000030517578,30.670000076293945,30.989999771118164,7147800,0.0,0.0,0.0
2024-01-12 00:00:00-05:00,31.170000076293945,31.969999313354492,30.549999237060547,30.68000030517578,4020600,0.0,0.0,0.0
2024-01-16 00:00:00-05:00,30.18000030517578,30.18000030517578,29.469999313354492,29.850000381469727,2763700,0.0,0.0,0.0
2024-01-17 00:00:00-05:00,29.360000610351562,29.389999389648438,28.510000228881836,28.899999618530273,7310200,0.0,0.0,0.0
2024-01-18 00:00:00-05:00,29.209999084472656,29.31999969482422,28.290000915527344,28.760000228881836,3694000,0.0,0.0,0.0
2024-01-19 00:00:00-05:00,28.8700008392334,29.010000228881836,28.25,28.829999923706055,2704800,0.0,0.0,0.0
2024-01-22 00:00:00-05:00,29.200000762939453,30.3700008392334,29.1299991607666,29.81999969482422,2765500,0.0,0.0,0.0
2024-01-23 00:00:00-05:00,30.1299991607666,30.469999313354492,29.40999984741211,29.959999084472656,1943800,0.0,0.0,0.0
2024-01-24 00:00:00-05:00,30.309999465942383,30.43000030517578,29.139999389648438,29.209999084472656,2491400,0.0,0.0,0.0
2024-01-25 00:00:00-05:00,29.510000228881836,29.860000610351562,29.200000762939453,29.459999084472656,2301300,0.0,0.0,0.0
2024-01-26 00:00:00-05:00,29.549999237060547,30.350000381469727,28.934999465942383,29.09000015258789,2935200,0.0,0.0,0.0
2024-01-29 00:00:00-05:00,29.200000762939453,30.68000030517578,28.700000762939453,30.6200008392334,2640500,0.0,0.0,0.0
2024-01-30 00:00:00-05:00,30.3799991607666,30.3799991607666,29.399999618530273,29.440000534057617,3294900,0.0,0.0,0.0
2024-01-31 00:00:00-05:00,29.31999969482422,29.90999984741211,28.399999618530273,28.440000534057617,5829500,0.0,0.0,0.0
2024-02-01 00:00:00-05:00,28.790000915527344,29.329999923706055,28.3700008392334,29.049999237060547,2658000,0.0,0.0,0.0
2024-02-02 00:00:00-05:00,28.81999969482422,29.344999313354492,28.090999603271484,29.15999984741211,4431600,0.0,0.0,0.0
2024-02-05 00:00:00-05:00,28.690000534057617,28.815000534057617,28.03499984741211,28.639999389648438,2961600,0.0,0.0,0.0
2024-02-06 00:00:00-05:00,28.639999389648438,29.770000457763672,28.420000076293945,29.729999542236328,2289000,0.0,0.0,0.0
2024-02-07 00:00:00-05:00,29.729999542236328,29.729999542236328,28.969999313354492,29.049999237060547,1762800,0.0,0.0,0.0
2024-02-08 00:00:00-05:00,29.06999969482422,30.06999969482422,28.875,29.8700008392334,2178800,0.0,0.0,0.0
2024-02-09 00:00:00-05:00,30.09000015258789,30.719999313354492,29.889999389648438,30.420000076293945,2338700,0.0,0.0,0.0
2024-02-12 00:00:00-05:00,30.450000762939453,31.84000015258789,30.329999923706055,31.809999465942383,3526800,0.0,0.0,0.0
2024-02-13 00:00:00-05:00,30.270000457763672,30.389999389648438,29.149999618530273,29.59000015258789,4378200,0.0,0.0,0.0
2024-02-14 00:00:00-05:00,30.059999465942383,31.065000534057617,29.850000381469727,30.899999618530273,3363500,0.0,0.0,0.0
2024-02-15 00:00:00-05:00,31.329999923706055,32.33000183105469,31.260000228881836,31.8799991607666,2850100,0.0,0.0,0.0
2024-02-16 00:00:00-05:00,31.40999984741211,31.989999771118164,31.170000076293945,31.399999618530273,2859600,0.0,0.0,0.0
2024-02-20 00:00:00-05:00,31.059999465942383,31.3700008392334,30.235000610351562,30.59000015258789,2824900,0.0,0.0,0.0
2024-02-21 00:00:00-05:00,30.200000762939453,30.31999969482422,29.43000030517578,30.020000457763672,2292600,0.0,0.0,0.0
2024-02-22 00:00:00-05:00,30.420000076293945,31.049999237060547,30.110000610351562,30.709999084472656,1929900,0.0,0.0,0.0
2024-02-23 00:00:00-05:00,30.639999389648438,30.81999969482422,30.0,30.209999084472656,1724900,0.0,0.0,0.0
2024-02-26 00:00:00-05:00,30.219999313354492,31.5,30.040000915527344,31.420000076293945,2351600,0.0,0.0,0.0
2024-02-27 00:00:00-05:00,32.060001373291016,33.150001525878906,31.729999542236328,32.959999084472656,3036100,0.0,0.0,0.0
2024-02-28 00:00:00-05:00,32.380001068115234,32.970001220703125,32.150001525878906,32.279998779296875,1881000,0.0,0.0,0.0
2024-02-29 00:00:00-05:00,32.689998626708984,32.900001525878906,31.420000076293945,31.510000228881836,2159200,0.0,0.0,0.0
2024-03-01 00:00:00-05:00,31.350000381469727,32.314998626708984,31.020000457763672,31.6299991607666,2089900,0.0,0.0,0.0
2024-03-04 00:00:00-05:00,31.889999389648438,31.920000076293945,30.709999084472656,31.040000915527344,2253100,0.0,0.0,0.0
2024-03-05 00:00:00-05:00,30.530000686645508,31.0,29.829999923706055,30.059999465942383,3665100,0.0,0.0,0.0
2024-03-06 00:00:00-05:00,30.610000610351562,30.704999923706055,29.889999389648438,30.100000381469727,2170500,0.0,0.0,0.0
2024-03-07 00:00:00-05:00,30.399999618530273,30.969999313354492,29.959999084472656,30.420000076293945,1990400,0.0,0.0,0.0
2024-03-08 00:00:00-05:00,30.799999237060547,31.950000762939453,29.825000762939453,30.3700008392334,3586400,0.0,0.0,0.0
2024-03-11 00:00:00-04:00,30.25,31.02899932861328,29.78499984741211,29.950000762939453,1948600,0.0,0.0,0.0
2024-03-12 00:00:00-04:00,30.030000686645508,30.100000381469727,29.299999237060547,29.459999084472656,1831700,0.0,0.0,0.0
2024-03-13 00:00:00-04:00,29.40999984741211,30.045000076293945,29.15999984741211,29.540000915527344,1152300,0.0,0.0,0.0
2024-03-14 00:00:00-04:00,29.610000610351562,29.6200008392334,28.125,28.40999984741211,3202300,0.0,0.0,0.0
2024-03-15 00:00:00-04:00,28.360000610351562,28.790000915527344,28.219999313354492,28.440000534057617,1792700,0.0,0.0,0.0
2024-03-18 00:00:00-04:00,28.75,28.75,28.0,28.219999313354492,1568300,0.0,0.0,0.0
2024-03-19 00:00:00-04:00,28.0,28.709999084472656,27.829999923706055,28.34000015258789,1382000,0.0,0.0,0.0
2024-03-20 00:00:00-04:00,28.270000457763672,29.170000076293945,27.885000228881836,28.860000610351562,2383700,0.0,0.0,0.0
2024-03-21 00:00:00-04:00,29.209999084472656,29.7450008392334,28.809999465942383,28.809999465942383,1168100,0.0,0.0,0.0
2024-03-22 00:00:00-04:00,28.81999969482422,28.829999923706055,28.049999237060547,28.149999618530273,2351200,0.0,0.0,0.0
2024-03-25 00:00:00-04:00,28.170000076293945,28.59000015258789,28.040000915527344,28.18000030517578,1809900,0.0,0.0,0.0
2024-03-26 00:00:00-04:00,28.479999542236328,28.760000228881836,27.899999618530273,27.899999618530273,1641300,0.0,0.0,0.0
2024-03-27 00:00:00-04:00,28.229999542236328,28.56999969482422,27.809999465942383,28.549999237060547,1211400,0.0,0.0,0.0
2024-03-28 00:00:00-04:00,28.760000228881836,29.104999542236328,28.479999542236328,28.760000228881836,2296000,0.0,0.0,0.0
2024-04-01 00:00:00-04:00,28.90999984741211,28.90999984741211,27.889999389648438,28.350000381469727,1798100,0.0,0.0,0.0
2024-04-02 00:00:00-04:00,27.700000762939453,27.700000762939453,27.0,27.100000381469727,2809600,0.0,0.0,0.0
2024-04-03 00:00:00-04:00,27.0,27.354999542236328,26.684999465942383,27.100000381469727,1526700,0.0,0.0,0.0
2024-04-04 00:00:00-04:00,27.350000381469727,27.770000457763672,26.655000686645508,26.670000076293945,1454800,0.0,0.0,0.0
2024-04-05 00:00:00-04:00,26.559999465942383,26.959999084472656,26.219999313354492,26.709999084472656,1490900,0.0,0.0,0.0
2024-04-08 00:00:00-04:00,26.920000076293945,27.110000610351562,26.700000762939453,27.094999313354492,1026400,0.0,0.0,0.0
2024-04-09 00:00:00-04:00,27.139999389648438,28.0,27.1299991607666,27.989999771118164,1624900,0.0,0.0,0.0
2024-04-10 00:00:00-04:00,26.93000030517578,26.989999771118164,26.450000762939453,26.719999313354492,2937900,0.0,0.0,0.0
2024-04-11 00:00:00-04:00,26.899999618530273,27.1200008392334,26.40999984741211,26.829999923706055,2105400,0.0,0.0,0.0
2024-04-12 00:00:00-04:00,26.600000381469727,26.68000030517578,25.69499969482422,25.899999618530273,3030700,0.0,0.0,0.0
2024-04-15 00:00:00-04:00,25.989999771118164,25.996999740600586,24.735000610351562,24.899999618530273,3812400,0.0,0.0,0.0
2024-04-16 00:00:00-04:00,24.559999465942383,24.559999465942383,24.06999969482422,24.110000610351562,3718900,0.0,0.0,0.0
2024-04-17 00:00:00-04:00,24.299999237060547,24.420000076293945,23.549999237060547,23.579999923706055,3793500,0.0,0.0,0.0
2024-04-18 00:00:00-04:00,23.600000381469727,23.8799991607666,23.309999465942383,23.549999237060547,2794100,0.0,0.0,0.0
2024-04-19 00:00:00-04:00,23.479999542236328,23.80500030517578,22.93000030517578,23.31999969482422,3517700,0.0,0.0,0.0
2024-04-22 00:00:00-04:00,23.3799991607666,23.93000030517578,23.111000061035156,23.6200008392334,2403100,0.0,0.0,0.0
2024-04-23 00:00:00-04:00,23.6200008392334,24.760000228881836,23.6200008392334,23.979999542236328,2894300,0.0,0.0,0.0
2024-04-24 00:00:00-04:00,24.25,24.260000228881836,23.614999771118164,23.670000076293945,2586700,0.0,0.0,0.0
2024-04-25 00:00:00-04:00,23.299999237060547,23.299999237060547,22.6200008392334,23.010000228881836,3158300,0.0,0.0,0.0
2024-04-26 00:00:00-04:00,22.989999771118164,23.329999923706055,22.656999588012695,23.18000030517578,1783100,0.0,0.0,0.0
2024-04-29 00:00:00-04:00,23.309999465942383,24.200000762939453,23.309999465942383,23.8799991607666,1918900,0.0,0.0,0.0
2024-04-30 00:00:00-04:00,23.600000381469727,23.850000381469727,23.260000228881836,23.290000915527344,2622200,0.0,0.0,0.0
2024-05-01 00:00:00-04:00,23.219999313354492,24.760000228881836,23.15999984741211,23.969999313354492,5565000,0.0,0.0,0.0
2024-05-02 00:00:00-04:00,24.25,24.31999969482422,23.719999313354492,24.190000534057617,3046300,0.0,0.0,0.0
2024-05-03 00:00:00-04:00,25.020000457763672,26.049999237060547,24.875,25.040000915527344,4481700,0.0,0.0,0.0
2024-05-06 00:00:00-04:00,25.299999237060547,25.690000534057617,25.170000076293945,25.520000457763672,1739800,0.0,0.0,0.0
2024-05-07 00:00:00-04:00,25.565000534057617,25.59000015258789,25.094999313354492,25.219999313354492,1805300,0.0,0.0,0.0
2024-05-08 00:00:00-04:00,24.969999313354492,25.139999389648438,24.520000457763672,24.6299991607666,1636100,0.0,0.0,0.0
2024-05-09 00:00:00-04:00,24.6200008392334,25.15999984741211,24.479999542236328,25.09000015258789,2051800,0.0,0.0,0.0
2024-05-10 00:00:00-04:00,25.229999542236328,25.56999969482422,24.7450008392334,24.899999618530273,2442100,0.0,0.0,0.0
2024-05-13 00:00:00-04:00,25.25,26.7450008392334,25.200000762939453,26.309999465942383,4565400,0.0,0.0,0.0
2024-05-14 00:00:00-04:00,26.6299991607666,27.729999542236328,26.600000381469727,26.739999771118164,5682300,0.0,0.0,0.0
2024-05-15 00:00:00-04:00,27.290000915527344,27.780000686645508,26.700000762939453,26.8799991607666,3899900,0.0,0.0,0.0
2024-05-16 00:00:00-04:00,26.889999389648438,27.020000457763672,26.3700008392334,26.510000228881836,1720500,0.0,0.0,0.0
2024-05-17 00:00:00-04:00,26.6299991607666,26.6299991607666,26.139999389648438,26.530000686645508,2502500,0.0,0.0,0.0
2024-05-20 00:00:00-04:00,26.559999465942383,26.729999542236328,26.18000030517578,26.479999542236328,2315400,0.0,0.0,0.0
2024-05-21 00:00:00-04:00,26.31999969482422,26.530000686645508,26.0,26.020000457763672,1384100,0.0,0.0,0.0
2024-05-22 00:00:00-04:00,26.0,26.673999786376953,25.799999237060547,26.290000915527344,1418600,0.0,0.0,0.0
2024-05-23 00:00:00-04:00,26.43000030517578,26.43000030517578,25.290000915527344,25.65999984741211,2832900,0.0,0.0,0.0
2024-05-24 00:00:00-04:00,25.770000457763672,25.96500015258789,25.600000381469727,25.6299991607666,1229600,0.0,0.0,0.0
2024-05-28 00:00:00-04:00,25.920000076293945,26.139999389648438,25.389999389648438,25.690000534057617,1309100,0.0,0.0,0.0
2024-05-29 00:00:00-04:00,25.229999542236328,25.229999542236328,24.485000610351562,24.729999542236328,2478800,0.0,0.0,0.0
2024-05-30 00:00:00-04:00,24.795000076293945,25.020000457763672,24.540000915527344,24.8700008392334,1470200,0.0,0.0,0.0
2024-05-31 00:00:00-04:00,24.940000534057617,25.350000381469727,24.440000534057617,24.5,2787100,0.0,0.0,0.0
2024-06-03 00:00:00-04:00,24.90999984741211,25.59000015258789,24.7549991607666,25.09000015258789,2480300,0.0,0.0,0.0
2024-06-04 00:00:00-04:00,25.010000228881836,25.420000076293945,24.829999923706055,25.25,1888900,0.0,0.0,0.0
2024-06-05 00:00:00-04:00,25.299999237060547,26.489999771118164,25.020000457763672,26.469999313354492,2687200,0.0,0.0,0.0
2024-06-06 00:00:00-04:00,26.31999969482422,26.517000198364258,26.100000381469727,26.450000762939453,2299300,0.0,0.0,0.0
2024-06-07 00:00:00-04:00,26.03499984741211,26.040000915527344,25.149999618530273,25.270000457763672,2731600,0.0,0.0,0.0
2024-06-10 00:00:00-04:00,25.049999237060547,25.44499969482422,24.700000762939453,25.420000076293945,1414900,0.0,0.0,0.0
2024-06-11 00:00:00-04:00,25.170000076293945,25.6200008392334,24.834999084472656,25.489999771118164,1854900,0.0,0.0,0.0
2024-06-12 00:00:00-04:00,26.25,26.760000228881836,25.979999542236328,26.149999618530273,3655200,0.0,0.0,0.0
2024-06-13 00:00:00-04:00,26.270000457763672,26.540000915527344,25.770000457763672,25.780000686645508,1758400,0.0,0.0,0.0
2024-06-14 00:00:00-04:00,25.520000457763672,25.600000381469727,24.94499969482422,25.049999237060547,1870700,0.0,0.0,0.0
2024-06-17 00:00:00-04:00,24.950000762939453,24.950000762939453,24.395000457763672,24.559999465942383,2322200,0.0,0.0,0.0
2024-06-18 00:00:00-04:00,24.5,24.760000228881836,24.209999084472656,24.510000228881836,2012400,0.0,0.0,0.0
2024-06-20 00:00:00-04:00,24.5,24.5,24.0,24.299999237060547,4411700,0.0,0.0,0.0
2024-06-21 00:00:00-04:00,24.360000610351562,24.520000457763672,24.15999984741211,24.3700008392334,1898300,0.0,0.0,0.0
2024-06-24 00:00:00-04:00,24.610000610351562,25.079999923706055,24.450000762939453,24.600000381469727,3065100,0.0,0.0,0.0
2024-06-25 00:00:00-04:00,24.65999984741211,24.65999984741211,24.200000762939453,24.239999771118164,1751200,0.0,0.0,0.0
2024-06-26 00:00:00-04:00,24.18000030517578,24.190000534057617,23.649999618530273,23.75,2498700,0.0,0.0,0.0
2024-06-27 00:00:00-04:00,23.530000686645508,23.850000381469727,23.170000076293945,23.729999542236328,3830600,0.0,0.0,0.0
2024-06-28 00:00:00-04:00,23.709999084472656,23.709999084472656,23.1299991607666,23.479999542236328,2943600,0.0,0.0,0.0
2024-07-01 00:00:00-04:00,23.530000686645508,24.049999237060547,23.110000610351562,23.229999542236328,1805300,0.0,0.0,0.0
2024-07-02 00:00:00-04:00,23.229999542236328,23.25,22.670000076293945,22.889999389648438,1640300,0.0,0.0,0.0
2024-07-03 00:00:00-04:00,23.049999237060547,23.510000228881836,22.90999984741211,23.15999984741211,1344600,0.0,0.0,0.0
2024-07-05 00:00:00-04:00,23.18000030517578,23.28499984741211,22.790000915527344,23.239999771118164,1852300,0.0,0.0,0.0
2024-07-08 00:00:00-04:00,23.399999618530273,23.774999618530273,23.350000381469727,23.559999465942383,1543000,0.0,0.0,0.0
2024-07-09 00:00:00-04:00,23.56999969482422,23.594999313354492,23.104999542236328,23.56999969482422,1223300,0.0,0.0,0.0
2024-07-10 00:00:00-04:00,23.649999618530273,23.760000228881836,23.25,23.459999084472656,1319800,0.0,0.0,0.0
2024-07-11 00:00:00-04:00,24.09000015258789,25.020000457763672,24.040000915527344,24.829999923706055,4932700,0.0,0.0,0.0
2024-07-12 00:00:00-04:00,25.09000015258789,25.795000076293945,24.979999542236328,25.34000015258789,4717700,0.0,0.0,0.0
2024-07-15 00:00:00-04:00,25.559999465942383,25.645000457763672,25.139999389648438,25.440000534057617,2979900,0.0,0.0,0.0
2024-07-16 00:00:00-04:00,25.81999969482422,27.53499984741211,25.729999542236328,27.40999984741211,4961000,0.0,0.0,0.0
2024-07-17 00:00:00-04:00,26.899999618530273,27.68000030517578,26.454999923706055,26.760000228881836,3374100,0.0,0.0,0.0
2024-07-18 00:00:00-04:00,26.760000228881836,27.079999923706055,25.270000457763672,25.549999237060547,5121900,0.0,0.0,0.0
2024-07-19 00:00:00-04:00,25.59000015258789,25.65999984741211,25.219999313354492,25.3799991607666,2891600,0.0,0.0,0.0
2024-07-22 00:00:00-04:00,25.68000030517578,26.299999237060547,25.260000228881836,26.239999771118164,2606500,0.0,0.0,0.0
2024-07-23 00:00:00-04:00,26.139999389648438,26.979999542236328,26.0,26.790000915527344,1670700,0.0,0.0,0.0
2024-07-24 00:00:00-04:00,26.520000457763672,27.040000915527344,25.93000030517578,25.950000762939453,2644500,0.0,0.0,0.0
2024-07-25 00:00:00-04:00,26.110000610351562,27.44499969482422,25.799999237060547,26.690000534057617,2470800,0.0,0.0,0.0
2024-07-26 00:00:00-04:00,27.100000381469727,27.735000610351562,26.844999313354492,27.229999542236328,3419000,0.0,0.0,0.0
2024-07-29 00:00:00-04:00,27.360000610351562,27.479999542236328,26.459999084472656,26.899999618530273,2595000,0.0,0.0,0.0
2024-07-30 00:00:00-04:00,26.950000762939453,27.329999923706055,26.420000076293945,26.729999542236328,1731500,0.0,0.0,0.0
2024-07-31 00:00:00-04:00,26.93000030517578,27.924999237060547,26.579999923706055,26.950000762939453,2255400,0.0,0.0,0.0
2024-08-01 00:00:00-04:00,27.350000381469727,27.489999771118164,25.790000915527344,26.040000915527344,3127600,0.0,0.0,0.0
2024-08-02 00:00:00-04:00,24.90999984741211,24.969999313354492,24.301000595092773,24.6200008392334,3343100,0.0,0.0,0.0
2024-08-05 00:00:00-04:00,22.520000457763672,24.56999969482422,22.329999923706055,23.90999984741211,4622400,0.0,0.0,0.0
2024-08-06 00:00:00-04:00,24.31999969482422,24.9950008392334,23.709999084472656,24.280000686645508,2602200,0.0,0.0,0.0
2024-08-07 00:00:00-04:00,25.030000686645508,25.030000686645508,23.6200008392334,23.68000030517578,2366100,0.0,0.0,0.0
2024-08-08 00:00:00-04:00,23.899999618530273,24.614999771118164,23.690000534057617,24.56999969482422,1182300,0.0,0.0,0.0
2024-08-09 00:00:00-04:00,24.760000228881836,24.940000534057617,24.219999313354492,24.280000686645508,1525300,0.0,0.0,0.0
2024-08-12 00:00:00-04:00,24.3700008392334,24.489999771118164,23.81999969482422,24.170000076293945,1314600,0.0,0.0,0.0
2024-08-13 00:00:00-04:00,24.420000076293945,25.229999542236328,24.149999618530273,25.1299991607666,1718800,0.0,0.0,0.0
2024-08-14 00:00:00-04:00,25.31999969482422,25.364999771118164,24.354999542236328,24.489999771118164,1525900,0.0,0.0,0.0
2024-08-15 00:00:00-04:00,25.0,25.969999313354492,24.950000762939453,25.809999465942383,4051400,0.0,0.0,0.0
2024-08-16 00:00:00-04:00,25.75,26.145000457763672,25.530000686645508,26.0,3279500,0.0,0.0,0.0
2024-08-19 00:00:00-04:00,26.110000610351562,26.760000228881836,25.90999984741211,26.739999771118164,1625700,0.0,0.0,0.0
2024-08-20 00:00:00-04:00,26.65999984741211,26.90999984741211,26.239999771118164,26.260000228881836,2056700,0.0,0.0,0.0
2024-08-21 00:00:00-04:00,26.5,27.166000366210938,26.34000015258789,27.049999237060547,1849700,0.0,0.0,0.0
2024-08-22 00:00:00-04:00,27.139999389648438,27.18000030517578,25.989999771118164,26.049999237060547,1498600,0.0,0.0,0.0
2024-08-23 00:00:00-04:00,26.420000076293945,27.079999923706055,26.06999969482422,26.969999313354492,2145000,0.0,0.0,0.0
2024-08-26 00:00:00-04:00,27.15999984741211,27.19499969482422,26.71500015258789,26.979999542236328,1048900,0.0,0.0,0.0
2024-08-27 00:00:00-04:00,26.850000381469727,27.04800033569336,26.3799991607666,26.760000228881836,1485500,0.0,0.0,0.0
2024-08-28 00:00:00-04:00,26.579999923706055,26.719999313354492,25.940000534057617,26.31999969482422,1909800,0.0,0.0,0.0
2024-08-29 00:00:00-04:00,26.540000915527344,27.18600082397461,26.440000534057617,26.579999923706055,1373000,0.0,0.0,0.0
2024-08-30 00:00:00-04:00,26.75,26.989999771118164,25.989999771118164,26.389999389648438,1552700,0.0,0.0,0.0
2024-09-03 00:00:00-04:00,26.040000915527344,26.610000610351562,25.075000762939453,25.1200008392334,2474000,0.0,0.0,0.0
2024-09-04 00:00:00-04:00,25.049999237060547,25.559999465942383,24.729999542236328,24.8700008392334,1059400,0.0,0.0,0.0
2024-09-05 00:00:00-04:00,24.940000534057617,25.280000686645508,24.684999465942383,24.969999313354492,1539000,0.0,0.0,0.0
2024-09-06 00:00:00-04:00,24.920000076293945,25.18000030517578,23.90999984741211,24.239999771118164,2388600,0.0,0.0,0.0
2024-09-09 00:00:00-04:00,24.399999618530273,24.725000381469727,24.190000534057617,24.459999084472656,1424600,0.0,0.0,0.0
2024-09-10 00:00:00-04:00,24.459999084472656,24.96500015258789,24.110000610351562,24.899999618530273,1786300,0.0,0.0,0.0
2024-09-11 00:00:00-04:00,24.780000686645508,25.360000610351562,24.510000228881836,25.329999923706055,2405400,0.0,0.0,0.0
2024-09-12 00:00:00-04:00,25.25,25.538999557495117,24.80500030517578,25.31999969482422,1730800,0.0,0.0,0.0
2024-09-13 00:00:00-04:00,25.579999923706055,26.15999984741211,25.579999923706055,26.1200008392334,2371000,0.0,0.0,0.0
2024-09-16 00:00:00-04:00,26.170000076293945,26.219999313354492,25.459999084472656,26.049999237060547,1448300,0.0,0.0,0.0
2024-09-17 00:00:00-04:00,26.31999969482422,26.959999084472656,26.219999313354492,26.290000915527344,1555700,0.0,0.0,0.0
2024-09-18 00:00:00-04:00,26.309999465942383,27.475000381469727,26.049999237060547,26.229999542236328,2394400,0.0,0.0,0.0
2024-09-19 00:00:00-04:00,27.040000915527344,27.280000686645508,26.709999084472656,26.770000457763672,2154900,0.0,0.0,0.0
2024-09-20 00:00:00-04:00,26.719999313354492,26.719999313354492,25.959999084472656,26.25,1735300,0.0,0.0,0.0
2024-09-23 00:00:00-04:00,26.3700008392334,26.459999084472656,25.34000015258789,25.350000381469727,2383800,0.0,0.0,0.0
2024-09-24 00:00:00-04:00,25.440000534057617,25.579999923706055,25.075000762939453,25.360000610351562,1052100,0.0,0.0,0.0
2024-09-25 00:00:00-04:00,25.350000381469727,25.479999542236328,24.760000228881836,24.84000015258789,1860400,0.0,0.0,0.0
2024-09-26 00:00:00-04:00,25.18000030517578,25.69499969482422,25.125,25.579999923706055,1658200,0.0,0.0,0.0
2024-09-27 00:00:00-04:00,25.780000686645508,26.079999923706055,25.579999923706055,25.6299991607666,1956500,0.0,0.0,0.0
2024-09-30 00:00:00-04:00,25.524999618530273,26.222999572753906,25.389999389648438,25.600000381469727,2502100,0.0,0.0,0.0
2024-10-01 00:00:00-04:00,25.600000381469727,25.600000381469727,24.5,24.850000381469727,2170200,0.0,0.0,0.0
2024-10-02 00:00:00-04:00,24.739999771118164,25.114999771118164,24.479999542236328,24.84000015258789,1659900,0.0,0.0,0.0
2024-10-03 00:00:00-04:00,24.610000610351562,24.739999771118164,24.299999237060547,24.40999984741211,1982700,0.0,0.0,0.0
2024-10-04 00:00:00-04:00,24.729999542236328,25.030000686645508,24.489999771118164,24.860000610351562,1741700,0.0,0.0,0.0
2024-10-07 00:00:00-04:00,24.729999542236328,24.899999618530273,24.5049991607666,24.670000076293945,984700,0.0,0.0,0.0
2024-10-08 00:00:00-04:00,24.760000228881836,24.975000381469727,24.520000457763672,24.690000534057617,771600,0.0,0.0,0.0
2024-10-09 00:00:00-04:00,24.649999618530273,24.829999923706055,24.06999969482422,24.18000030517578,2432300,0.0,0.0,0.0
2024-10-10 00:00:00-04:00,23.760000228881836,23.899999618530273,23.415000915527344,23.8700008392334,2270200,0.0,0.0,0.0
2024-10-11 00:00:00-04:00,23.81999969482422,24.93000030517578,23.719999313354492,24.790000915527344,2750700,0.0,0.0,0.0
2024-10-14 00:00:00-04:00,24.790000915527344,25.239999771118164,24.469999313354492,25.200000762939453,1557600,0.0,0.0,0.0
2024-10-15 00:00:00-04:00,25.014999389648438,25.049999237060547,24.459999084472656,24.780000686645508,1959400,0.0,0.0,0.0
2024-10-16 00:00:00-04:00,24.93000030517578,25.139999389648438,24.729999542236328,25.020000457763672,1304700,0.0,0.0,0.0
2024-10-17 00:00:00-04:00,24.979999542236328,24.989999771118164,24.290000915527344,24.329999923706055,2411600,0.0,0.0,0.0
2024-10-18 00:00:00-04:00,24.450000762939453,24.81999969482422,24.389999389648438,24.780000686645508,840300,0.0,0.0,0.0
2024-10-21 00:00:00-04:00,24.709999084472656,24.760000228881836,24.1299991607666,24.360000610351562,1589400,0.0,0.0,0.0
2024-10-22 00:00:00-04:00,24.170000076293945,24.299999237060547,24.0,24.06999969482422,1423600,0.0,0.0,0.0
2024-10-23 00:00:00-04:00,23.979999542236328,24.059999465942383,23.350000381469727,23.549999237060547,2263500,0.0,0.0,0.0
2024-10-24 00:00:00-04:00,23.579999923706055,23.65999984741211,23.170000076293945,23.290000915527344,3185300,0.0,0.0,0.0
2024-10-25 00:00:00-04:00,23.399999618530273,23.774999618530273,23.209999084472656,23.299999237060547,1973900,0.0,0.0,0.0
2024-10-28 00:00:00-04:00,23.469999313354492,24.30500030517578,23.420000076293945,24.059999465942383,1691700,0.0,0.0,0.0
2024-10-29 00:00:00-04:00,23.950000762939453,23.975000381469727,23.690000534057617,23.940000534057617,1478000,0.0,0.0,0.0
2024-10-30 00:00:00-04:00,23.739999771118164,24.309999465942383,23.649999618530273,23.9950008392334,860400,0.0,0.0,0.0
2024-10-31 00:00:00-04:00,23.780000686645508,23.889999389648438,23.139999389648438,23.139999389648438,2828900,0.0,0.0,0.0
2024-11-01 00:00:00-04:00,23.3700008392334,24.0,23.31999969482422,24.0,3939500,0.0,0.0,0.0
2024-11-04 00:00:00-05:00,23.950000762939453,24.389999389648438,23.670000076293945,24.270000457763672,1721000,0.0,0.0,0.0
2024-11-05 00:00:00-05:00,24.06999969482422,24.780000686645508,23.639999389648438,24.780000686645508,3834400,0.0,0.0,0.0
2024-11-06 00:00:00-05:00,25.360000610351562,25.6200008392334,24.81999969482422,25.489999771118164,2482500,0.0,0.0,0.0
2024-11-07 00:00:00-05:00,25.700000762939453,26.06999969482422,25.354999542236328,25.389999389648438,2257700,0.0,0.0,0.0
2024-11-08 00:00:00-05:00,25.399999618530273,26.0,25.290000915527344,25.895000457763672,2532400,0.0,0.0,0.0
2024-11-11 00:00:00-05:00,26.329999923706055,27.735000610351562,26.25,27.110000610351562,5343900,0.0,0.0,0.0
2024-11-12 00:00:00-05:00,26.770000457763672,27.079999923706055,25.860000610351562,26.0,1964800,0.0,0.0,0.0
2024-11-13 00:00:00-05:00,26.450000762939453,26.829999923706055,25.600000381469727,25.649999618530273,2108200,0.0,0.0,0.0
2024-11-14 00:00:00-05:00,25.65999984741211,25.709999084472656,24.094999313354492,24.1299991607666,3904100,0.0,0.0,0.0
2024-11-15 00:00:00-05:00,24.25,24.25,22.6299991607666,22.65999984741211,4999100,0.0,0.0,0.0
2024-11-18 00:00:00-05:00,23.110000610351562,23.15999984741211,22.524999618530273,22.68000030517578,4325900,0.0,0.0,0.0
2024-11-19 00:00:00-05:00,22.510000228881836,23.270000457763672,22.270000457763672,23.260000228881836,2746900,0.0,0.0,0.0
2024-11-20 00:00:00-05:00,23.530000686645508,23.59000015258789,22.959999084472656,23.360000610351562,2233100,0.0,0.0,0.0
2024-11-21 00:00:00-05:00,23.440000534057617,23.517000198364258,22.844999313354492,23.219999313354492,1702500,0.0,0.0,0.0
2024-11-22 00:00:00-05:00,23.329999923706055,23.9950008392334,23.020000457763672,23.829999923706055,2640800,0.0,0.0,0.0
2024-11-25 00:00:00-05:00,24.459999084472656,25.399999618530273,24.399999618530273,25.059999465942383,3584200,0.0,0.0,0.0
2024-11-26 00:00:00-05:00,24.940000534057617,24.989999771118164,24.489999771118164,24.84000015258789,1422200,0.0,0.0,0.0
2024-11-27 00:00:00-05:00,25.059999465942383,25.579999923706055,25.049999237060547,25.43000030517578,1905500,0.0,0.0,0.0
2024-11-29 00:00:00-05:00,25.6299991607666,26.09000015258789,25.40999984741211,25.979999542236328,1280600,0.0,0.0,0.0
2024-12-02 00:00:00-05:00,26.110000610351562,26.799999237060547,25.989999771118164,26.690000534057617,2295200,0.0,0.0,0.0
2024-12-03 00:00:00-05:00,26.350000381469727,26.399999618530273,25.56999969482422,25.700000762939453,2001900,0.0,0.0,0.0
2024-12-04 00:00:00-05:00,25.81999969482422,26.530000686645508,25.43000030517578,26.1299991607666,3048900,0.0,0.0,0.0
2024-12-05 00:00:00-05:00,26.059999465942383,26.059999465942383,25.170000076293945,25.200000762939453,1744600,0.0,0.0,0.0
2024-12-06 00:00:00-05:00,25.530000686645508,26.739999771118164,25.510000228881836,26.43000030517578,3647700,0.0,0.0,0.0
2024-12-09 00:00:00-05:00,26.860000610351562,27.360000610351562,26.40999984741211,26.40999984741211,2675800,0.0,0.0,0.0
2024-12-10 00:00:00-05:00,26.469999313354492,27.049999237060547,26.329999923706055,26.520000457763672,1671300,0.0,0.0,0.0
2024-12-11 00:00:00-05:00,26.969999313354492,26.969999313354492,25.8700008392334,26.1299991607666,1789300,0.0,0.0,0.0
2024-12-12 00:00:00-05:00,26.0,26.1200008392334,25.1299991607666,25.149999618530273,2155400,0.0,0.0,0.0
2024-12-13 00:00:00-05:00,25.110000610351562,25.200000762939453,24.3799991607666,24.709999084472656,3689300,0.0,0.0,0.0
2024-12-16 00:00:00-05:00,24.770000457763672,25.59600067138672,24.540000915527344,25.229999542236328,1589100,0.0,0.0,0.0
2024-12-17 00:00:00-05:00,25.15999984741211,25.41900062561035,24.610000610351562,24.700000762939453,3602000,0.0,0.0,0.0
2024-12-18 00:00:00-05:00,24.850000381469727,24.889999389648438,22.469999313354492,22.899999618530273,7168500,0.0,0.0,0.0
2024-12-19 00:00:00-05:00,23.149999618530273,23.190000534057617,22.540000915527344,22.950000762939453,4290900,0.0,0.0,0.0
2024-12-20 00:00:00-05:00,22.799999237060547,24.03499984741211,22.719999313354492,23.68000030517578,7037400,0.0,0.0,0.0
2024-12-23 00:00:00-05:00,23.770000457763672,24.010000228881836,23.270000457763672,23.969999313354492,2111100,0.0,0.0,0.0
2024-12-24 00:00:00-05:00,24.06999969482422,24.239999771118164,23.690000534057617,24.18000030517578,659400,0.0,0.0,0.0
2024-12-26 00:00:00-05:00,23.920000076293945,24.78499984741211,23.780000686645508,24.65999984741211,1586000,0.0,0.0,0.0
2024-12-27 00:00:00-05:00,24.809999465942383,25.027999877929688,24.010000228881836,24.43000030517578,2473300,0.0,0.0,0.0
2024-12-30 00:00:00-05:00,24.059999465942383,24.059999465942383,23.440000534057617,23.709999084472656,2140100,0.0,0.0,0.0
2024-12-31 00:00:00-05:00,23.829999923706055,24.059999465942383,23.399999618530273,23.545000076293945,2331000,0.0,0.0,0.0
2025-01-02 00:00:00-05:00,23.850000381469727,24.850000381469727,23.56999969482422,24.459999084472656,2675200,0.0,0.0,0.0
2025-01-03 00:00:00-05:00,24.719999313354492,25.829999923706055,24.639999389648438,25.68000030517578,2495000,0.0,0.0,0.0
2025-01-06 00:00:00-05:00,25.920000076293945,26.711999893188477,25.850000381469727,26.15999984741211,3001500,0.0,0.0,0.0
2025-01-07 00:00:00-05:00,26.399999618530273,27.100000381469727,25.459999084472656,25.59000015258789,4816900,0.0,0.0,0.0
2025-01-08 00:00:00-05:00,25.81999969482422,25.8700008392334,25.075000762939453,25.56999969482422,3033100,0.0,0.0,0.0
2025-01-10 00:00:00-05:00,25.059999465942383,25.059999465942383,24.229999542236328,24.739999771118164,4522400,0.0,0.0,0.0
2025-01-13 00:00:00-05:00,24.34000015258789,24.510000228881836,23.635000228881836,24.459999084472656,2974800,0.0,0.0,0.0
2025-01-14 00:00:00-05:00,24.81999969482422,25.0,23.5,23.610000610351562,4418900,0.0,0.0,0.0
2025-01-15 00:00:00-05:00,24.540000915527344,25.239999771118164,24.200000762939453,24.43000030517578,4900000,0.0,0.0,0.0
2025-01-16 00:00:00-05:00,24.559999465942383,24.593000411987305,23.8700008392334,24.25,2492200,0.0,0.0,0.0
2025-01-17 00:00:00-05:00,24.440000534057617,24.610000610351562,24.024999618530273,24.110000610351562,1662500,0.0,0.0,0.0
2025-01-21 00:00:00-05:00,24.709999084472656,26.059999465942383,24.709999084472656,25.959999084472656,4511300,0.0,0.0,0.0
2025-01-22 00:00:00-05:00,26.280000686645508,27.31999969482422,26.190000534057617,27.1200008392334,5618600,0.0,0.0,0.0
2025-01-23 00:00:00-05:00,26.860000610351562,27.670000076293945,26.170000076293945,27.540000915527344,2781000,0.0,0.0,0.0
2025-01-24 00:00:00-05:00,27.520000457763672,27.850000381469727,26.920000076293945,27.079999923706055,4343900,0.0,0.0,0.0
2025-01-27 00:00:00-05:00,26.25,27.100000381469727,26.065000534057617,26.559999465942383,4053000,0.0,0.0,0.0
2025-01-28 00:00:00-05:00,26.6200008392334,26.8799991607666,26.09000015258789,26.65999984741211,1732200,0.0,0.0,0.0
2025-01-29 00:00:00-05:00,26.649999618530273,27.09000015258789,25.834999084472656,26.229999542236328,3407600,0.0,0.0,0.0
2025-01-30 00:00:00-05:00,26.670000076293945,27.613000869750977,26.639999389648438,27.280000686645508,2327800,0.0,0.0,0.0
2025-01-31 00:00:00-05:00,27.540000915527344,27.829999923706055,26.600000381469727,26.84000015258789,2407500,0.0,0.0,0.0
2025-02-03 00:00:00-05:00,25.860000610351562,26.75,25.56999969482422,26.56999969482422,2901000,0.0,0.0,0.0
2025-02-04 00:00:00-05:00,26.709999084472656,27.25,26.420000076293945,26.860000610351562,1428400,0.0,0.0,0.0
2025-02-05 00:00:00-05:00,27.0,28.30500030517578,27.0,28.139999389648438,4181500,0.0,0.0,0.0
2025-02-06 00:00:00-05:00,28.40999984741211,28.469999313354492,27.280000686645508,27.3700008392334,2375400,0.0,0.0,0.0
2025-02-07 00:00:00-05:00,27.350000381469727,27.780000686645508,26.639999389648438,26.989999771118164,2818500,0.0,0.0,0.0
2025-02-10 00:00:00-05:00,27.1299991607666,27.1299991607666,26.09000015258789,26.479999542236328,2663800,0.0,0.0,0.0
2025-02-11 00:00:00-05:00,26.15999984741211,26.860000610351562,25.740999221801758,26.15999984741211,2189800,0.0,0.0,0.0
2025-02-12 00:00:00-05:00,25.75,26.790000915527344,25.610000610351562,26.780000686645508,3229600,0.0,0.0,0.0
2025-02-13 00:00:00-05:00,27.0,27.684999465942383,26.499000549316406,27.65999984741211,2787500,0.0,0.0,0.0
2025-02-14 00:00:00-05:00,28.290000915527344,29.725000381469727,28.270000457763672,29.420000076293945,6746000,0.0,0.0,0.0
2025-02-18 00:00:00-05:00,30.479999542236328,31.15999984741211,29.100000381469727,29.469999313354492,6212200,0.0,0.0,0.0
2025-02-19 00:00:00-05:00,29.6200008392334,30.415000915527344,29.40999984741211,29.809999465942383,2971900,0.0,0.0,0.0
2025-02-20 00:00:00-05:00,29.559999465942383,29.65999984741211,28.139999389648438,28.559999465942383,4599600,0.0,0.0,0.0
2025-02-21 00:00:00-05:00,28.81999969482422,28.90999984741211,26.854999542236328,26.940000534057617,3441300,0.0,0.0,0.0
2025-02-24 00:00:00-05:00,26.989999771118164,27.260000228881836,26.0,26.489999771118164,2736600,0.0,0.0,0.0
2025-02-25 00:00:00-05:00,25.934999465942383,26.18000030517578,24.56999969482422,25.139999389648438,6206600,0.0,0.0,0.0
2025-02-26 00:00:00-05:00,25.53499984741211,26.309999465942383,25.309999465942383,25.6299991607666,2557100,0.0,0.0,0.0
2025-02-27 00:00:00-05:00,25.934999465942383,26.0,24.520000457763672,24.540000915527344,3389700,0.0,0.0,0.0
2025-02-28 00:00:00-05:00,23.84000015258789,24.770000457763672,23.579999923706055,24.6200008392334,4310300,0.0,0.0,0.0
2025-03-03 00:00:00-05:00,24.93000030517578,25.040000915527344,22.969999313354492,23.139999389648438,5810500,0.0,0.0,0.0
2025-03-04 00:00:00-05:00,22.5,24.104999542236328,22.110000610351562,23.530000686645508,5843000,0.0,0.0,0.0
2025-03-05 00:00:00-05:00,23.43000030517578,24.040000915527344,23.139999389648438,23.979999542236328,2889200,0.0,0.0,0.0
2025-03-06 00:00:00-05:00,23.309999465942383,23.889999389648438,22.940000534057617,23.219999313354492,2804600,0.0,0.0,0.0
2025-03-07 00:00:00-05:00,23.079999923706055,23.559999465942383,22.260000228881836,23.329999923706055,3534300,0.0,0.0,0.0
2025-03-10 00:00:00-04:00,22.809999465942383,22.889999389648438,21.559999465942383,21.989999771118164,5619600,0.0,0.0,0.0
2025-03-11 00:00:00-04:00,21.979999542236328,22.864999771118164,21.610000610351562,22.450000762939453,3241100,0.0,0.0,0.0
2025-03-12 00:00:00-04:00,23.0,23.270000457763672,22.5,22.969999313354492,5561000,0.0,0.0,0.0
2025-03-13 00:00:00-04:00,22.950000762939453,23.09000015258789,21.825000762939453,22.030000686645508,3536600,0.0,0.0,0.0
2025-03-14 00:00:00-04:00,22.40999984741211,22.889999389648438,22.399999618530273,22.75,2978000,0.0,0.0,0.0
2025-03-17 00:00:00-04:00,22.809999465942383,23.69499969482422,22.604999542236328,23.459999084472656,2426600,0.0,0.0,0.0
2025-03-18 00:00:00-04:00,23.079999923706055,23.079999923706055,22.31999969482422,22.649999618530273,4048800,0.0,0.0,0.0
2025-03-19 00:00:00-04:00,22.65999984741211,23.649999618530273,22.520000457763672,23.100000381469727,2592500,0.0,0.0,0.0
2025-03-20 00:00:00-04:00,22.829999923706055,23.420000076293945,22.700000762939453,22.860000610351562,2535800,0.0,0.0,0.0
2025-03-21 00:00:00-04:00,22.5,23.34000015258789,22.270000457763672,23.31999969482422,2123000,0.0,0.0,0.0
2025-03-24 00:00:00-04:00,23.829999923706055,24.184999465942383,23.690000534057617,24.09000015258789,3997200,0.0,0.0,0.0
2025-03-25 00:00:00-04:00,24.100000381469727,24.1200008392334,23.264999389648438,23.489999771118164,2424900,0.0,0.0,0.0
2025-03-26 00:00:00-04:00,23.469999313354492,23.530000686645508,22.360000610351562,22.489999771118164,3546200,0.0,0.0,0.0
2025-03-27 00:00:00-04:00,22.3799991607666,22.790000915527344,22.139999389648438,22.239999771118164,2820400,0.0,0.0,0.0
2025-03-28 00:00:00-04:00,22.149999618530273,22.200000762939453,21.365999221801758,21.549999237060547,2742200,0.0,0.0,0.0
2025-03-31 00:00:00-04:00,20.729999542236328,20.969999313354492,20.100000381469727,20.760000228881836,3584500,0.0,0.0,0.0
2025-04-01 00:00:00-04:00,20.670000076293945,20.940000534057617,19.969999313354492,20.200000762939453,4107900,0.0,0.0,0.0
2025-04-02 00:00:00-04:00,19.829999923706055,21.2549991607666,19.739999771118164,20.8700008392334,3623200,0.0,0.0,0.0
2025-04-03 00:00:00-04:00,19.559999465942383,20.149999618530273,19.399999618530273,19.739999771118164,4041200,0.0,0.0,0.0
2025-04-04 00:00:00-04:00,19.010000228881836,19.459999084472656,18.049999237060547,19.0,7486000,0.0,0.0,0.0
2025-04-07 00:00:00-04:00,17.940000534057617,20.190000534057617,17.5049991607666,19.200000762939453,4991200,0.0,0.0,0.0
2025-04-08 00:00:00-04:00,20.05500030517578,20.100000381469727,18.010000228881836,18.34000015258789,3263100,0.0,0.0,0.0
2025-04-09 00:00:00-04:00,18.040000915527344,21.079999923706055,17.9950008392334,20.559999465942383,7754000,0.0,0.0,0.0
2025-04-10 00:00:00-04:00,19.850000381469727,20.06999969482422,18.469999313354492,19.360000610351562,5003300,0.0,0.0,0.0
2025-04-11 00:00:00-04:00,19.65999984741211,21.040000915527344,19.5,21.030000686645508,3667900,0.0,0.0,0.0
2025-04-14 00:00:00-04:00,21.530000686645508,21.56999969482422,20.84000015258789,21.350000381469727,3258600,0.0,0.0,0.0
2025-04-15 00:00:00-04:00,21.299999237060547,21.854999542236328,20.940000534057617,21.31999969482422,1816800,0.0,0.0,0.0
2025-04-16 00:00:00-04:00,21.020000457763672,21.110000610351562,20.325000762939453,20.799999237060547,2903100,0.0,0.0,0.0
2025-04-17 00:00:00-04:00,20.760000228881836,20.850000381469727,20.360000610351562,20.670000076293945,2041300,0.0,0.0,0.0
2025-04-21 00:00:00-04:00,20.354999542236328,20.959999084472656,20.209999084472656,20.43000030517578,2408200,0.0,0.0,0.0
2025-04-22 00:00:00-04:00,20.799999237060547,21.475000381469727,20.799999237060547,21.299999237060547,1606000,0.0,0.0,0.0
2025-04-23 00:00:00-04:00,22.229999542236328,22.770000457763672,21.75,21.770000457763672,3346400,0.0,0.0,0.0
2025-04-24 00:00:00-04:00,21.899999618530273,22.479999542236328,21.709999084472656,22.450000762939453,1517700,0.0,0.0,0.0
2025-04-25 00:00:00-04:00,22.239999771118164,22.48699951171875,22.01099967956543,22.399999618530273,1516100,0.0,0.0,0.0
2025-04-28 00:00:00-04:00,22.450000762939453,22.924999237060547,22.020000457763672,22.350000381469727,2067700,0.0,0.0,0.0
2025-04-29 00:00:00-04:00,22.40999984741211,22.55500030517578,22.079999923706055,22.280000686645508,1200700,0.0,0.0,0.0
2025-04-30 00:00:00-04:00,21.600000381469727,22.084999084472656,21.350000381469727,21.989999771118164,1757400,0.0,0.0,0.0
2025-05-01 00:00:00-04:00,22.309999465942383,22.309999465942383,21.4950008392334,21.75,1495200,0.0,0.0,0.0
2025-05-02 00:00:00-04:00,22.200000762939453,23.049999237060547,22.200000762939453,22.670000076293945,1972000,0.0,0.0,0.0
2025-05-05 00:00:00-04:00,22.514999389648438,22.56999969482422,21.850000381469727,21.920000076293945,2200800,0.0,0.0,0.0
2025-05-06 00:00:00-04:00,21.510000228881836,21.559999465942383,20.309999465942383,20.34000015258789,3877400,0.0,0.0,0.0
2025-05-07 00:00:00-04:00,20.610000610351562,20.8799991607666,20.25,20.81999969482422,1673500,0.0,0.0,0.0
2025-05-08 00:00:00-04:00,21.059999465942383,22.049999237060547,20.719999313354492,21.729999542236328,3453000,0.0,0.0,0.0
2025-05-09 00:00:00-04:00,21.920000076293945,22.280000686645508,21.09000015258789,21.1299991607666,2231600,0.0,0.0,0.0
2025-05-12 00:00:00-04:00,22.0,22.395000457763672,21.55500030517578,22.06999969482422,1960000,0.0,0.0,0.0
2025-05-13 00:00:00-04:00,22.299999237060547,22.549999237060547,21.75,21.959999084472656,2217800,0.0,0.0,0.0
2025-05-14 00:00:00-04:00,22.15999984741211,22.459999084472656,21.09000015258789,21.1299991607666,2293000,0.0,0.0,0.0
2025-05-15 00:00:00-04:00,21.1299991607666,21.209999084472656,20.570999145507812,21.209999084472656,3137900,0.0,0.0,0.0
2025-05-16 00:00:00-04:00,21.43000030517578,21.8700008392334,21.16699981689453,21.799999237060547,4099700,0.0,0.0,0.0
2025-05-19 00:00:00-04:00,21.280000686645508,21.739999771118164,21.21500015258789,21.739999771118164,2291200,0.0,0.0,0.0
2025-05-20 00:00:00-04:00,21.690000534057617,22.075000762939453,21.350000381469727,21.8700008392334,2428500,0.0,0.0,0.0
2025-05-21 00:00:00-04:00,21.56999969482422,21.84000015258789,20.600000381469727,20.709999084472656,2077800,0.0,0.0,0.0
2025-05-22 00:00:00-04:00,20.65999984741211,21.094999313354492,20.450000762939453,20.81999969482422,2145100,0.0,0.0,0.0
2025-05-23 00:00:00-04:00,20.31999969482422,20.975000381469727,20.263999938964844,20.920000076293945,1786200,0.0,0.0,0.0
2025-05-27 00:00:00-04:00,21.329999923706055,21.843000411987305,21.170000076293945,21.530000686645508,2464700,0.0,0.0,0.0
2025-05-28 00:00:00-04:00,21.530000686645508,21.530000686645508,21.010000228881836,21.100000381469727,2392300,0.0,0.0,0.0
2025-05-29 00:00:00-04:00,21.239999771118164,21.34000015258789,20.610000610351562,21.020000457763672,4491900,0.0,0.0,0.0
2025-05-30 00:00:00-04:00,20.889999389648438,21.15999984741211,20.459999084472656,20.920000076293945,1636400,0.0,0.0,0.0
2025-06-02 00:00:00-04:00,20.969999313354492,22.03499984741211,20.950000762939453,21.639999389648438,1656400,0.0,0.0,0.0
2025-06-03 00:00:00-04:00,21.770000457763672,22.295000076293945,21.34000015258789,22.1200008392334,2906000,0.0,0.0,0.0
2025-06-04 00:00:00-04:00,22.149999618530273,22.739999771118164,22.149999618530273,22.610000610351562,3423000,0.0,0.0,0.0
2025-06-05 00:00:00-04:00,22.559999465942383,23.0,21.989999771118164,22.260000228881836,2862000,0.0,0.0,0.0
2025-06-06 00:00:00-04:00,22.649999618530273,23.520000457763672,22.649999618530273,23.280000686645508,3531400,0.0,0.0,0.0
2025-06-09 00:00:00-04:00,23.774999618530273,23.90999984741211,23.209999084472656,23.790000915527344,2468200,0.0,0.0,0.0
2025-06-10 00:00:00-04:00,23.940000534057617,24.65999984741211,23.860000610351562,24.219999313354492,3438200,0.0,0.0,0.0
2025-06-11 00:00:00-04:00,24.520000457763672,24.774999618530273,24.100000381469727,24.270000457763672,3353300,0.0,0.0,0.0
2025-06-12 00:00:00-04:00,24.0,24.070999145507812,23.59000015258789,23.649999618530273,2039900,0.0,0.0,0.0
2025-06-13 00:00:00-04:00,23.059999465942383,23.84000015258789,22.922000885009766,23.469999313354492,3784000,0.0,0.0,0.0
2025-06-16 00:00:00-04:00,23.75,24.104999542236328,23.2549991607666,23.920000076293945,2547700,0.0,0.0,0.0
2025-06-17 00:00:00-04:00,23.850000381469727,24.190000534057617,23.600000381469727,23.670000076293945,2376300,0.0,0.0,0.0
2025-06-18 00:00:00-04:00,23.65999984741211,24.514999389648438,23.360000610351562,24.149999618530273,4884000,0.0,0.0,0.0
2025-06-20 00:00:00-04:00,24.5,24.540000915527344,23.565000534057617,23.799999237060547,3678000,0.0,0.0,0.0
2025-06-23 00:00:00-04:00,23.5,23.860000610351562,22.979999542236328,23.579999923706055,1789500,0.0,0.0,0.0
2025-06-24 00:00:00-04:00,23.90999984741211,24.260000228881836,23.809999465942383,24.1299991607666,1320200,0.0,0.0,0.0
2025-06-25 00:00:00-04:00,24.299999237060547,24.385000228881836,23.760000228881836,24.25,1720300,0.0,0.0,0.0
2025-06-26 00:00:00-04:00,24.239999771118164,24.639999389648438,23.959999084472656,24.559999465942383,1697500,0.0,0.0,0.0
2025-06-27 00:00:00-04:00,24.65999984741211,24.790000915527344,24.010000228881836,24.299999237060547,1763500,0.0,0.0,0.0
2025-06-30 00:00:00-04:00,24.459999084472656,24.8700008392334,24.31999969482422,24.350000381469727,1848800,0.0,0.0,0.0
2025-07-01 00:00:00-04:00,24.149999618530273,24.78499984741211,23.739999771118164,24.170000076293945,1854800,0.0,0.0,0.0
2025-07-02 00:00:00-04:00,24.170000076293945,25.295000076293945,24.079999923706055,25.170000076293945,3537200,0.0,0.0,0.0
2025-07-03 00:00:00-04:00,25.40999984741211,25.530000686645508,25.049999237060547,25.389999389648438,971400,0.0,0.0,0.0
2025-07-07 00:00:00-04:00,25.149999618530273,25.219999313354492,24.204999923706055,24.350000381469727,2856300,0.0,0.0,0.0
2025-07-08 00:00:00-04:00,24.510000228881836,25.270000457763672,24.489999771118164,25.09000015258789,2518400,0.0,0.0,0.0
2025-07-09 00:00:00-04:00,25.469999313354492,26.139999389648438,25.329999923706055,26.06999969482422,5317500,0.0,0.0,0.0
2025-07-10 00:00:00-04:00,26.40999984741211,26.466999053955078,25.829999923706055,26.125,1863200,0.0,0.0,0.0
2025-07-11 00:00:00-04:00,25.790000915527344,25.90999984741211,25.15999984741211,25.264999389648438,2338200,0.0,0.0,0.0
2025-07-14 00:00:00-04:00,25.1200008392334,25.524999618530273,25.049999237060547,25.260000228881836,1539600,0.0,0.0,0.0
2025-07-15 00:00:00-04:00,25.5,25.575000762939453,24.25,24.329999923706055,1623300,0.0,0.0,0.0
2025-07-16 00:00:00-04:00,24.56999969482422,25.0,24.299999237060547,24.8799991607666,2121100,0.0,0.0,0.0
2025-07-17 00:00:00-04:00,24.920000076293945,25.07900047302246,24.450000762939453,24.489999771118164,1389300,0.0,0.0,0.0
2025-07-18 00:00:00-04:00,24.90999984741211,25.549999237060547,24.780000686645508,24.920000076293945,2024300,0.0,0.0,0.0
2025-07-21 00:00:00-04:00,25.229999542236328,26.329999923706055,25.110000610351562,25.1299991607666,2758200,0.0,0.0,0.0
2025-07-22 00:00:00-04:00,25.31999969482422,25.96500015258789,25.010000228881836,25.950000762939453,4126200,0.0,0.0,0.0
2025-07-23 00:00:00-04:00,26.3799991607666,26.68000030517578,25.959999084472656,26.549999237060547,3774300,0.0,0.0,0.0
2025-07-24 00:00:00-04:00,26.540000915527344,26.760000228881836,25.90999984741211,26.030000686645508,2376700,0.0,0.0,0.0
2025-07-25 00:00:00-04:00,25.979999542236328,26.05500030517578,25.530000686645508,26.0,1859000,0.0,0.0,0.0
2025-07-28 00:00:00-04:00,26.184999465942383,26.290000915527344,25.55500030517578,25.68000030517578,1688300,0.0,0.0,0.0
2025-07-29 00:00:00-04:00,25.780000686645508,25.81999969482422,24.510000228881836,24.6200008392334,3720100,0.0,0.0,0.0
2025-07-30 00:00:00-04:00,24.90999984741211,25.190000534057617,24.219999313354492,24.5,3237100,0.0,0.0,0.0
2025-07-31 00:00:00-04:00,24.309999465942383,24.6200008392334,23.760000228881836,23.81999969482422,2666800,0.0,0.0,0.0
2025-08-01 00:00:00-04:00,23.25,23.81999969482422,23.06999969482422,23.559999465942383,2451700,0.0,0.0,0.0
2025-08-04 00:00:00-04:00,23.610000610351562,24.239999771118164,23.239999771118164,24.15999984741211,2165700,0.0,0.0,0.0
2025-08-05 00:00:00-04:00,23.969999313354492,24.049999237060547,23.540000915527344,23.684999465942383,1425700,0.0,0.0,0.0
2025-08-06 00:00:00-04:00,23.469999313354492,23.510000228881836,22.729999542236328,23.09000015258789,2324400,0.0,0.0,0.0
2025-08-07 00:00:00-04:00,23.510000228881836,23.549999237060547,22.940000534057617,23.290000915527344,1534300,0.0,0.0,0.0
2025-08-08 00:00:00-04:00,23.979999542236328,24.023000717163086,23.200000762939453,23.3799991607666,1579300,0.0,0.0,0.0
2025-08-11 00:00:00-04:00,23.389999389648438,23.790000915527344,23.270000457763672,23.3799991607666,1515100,0.0,0.0,0.0
2025-08-12 00:00:00-04:00,23.59000015258789,24.19499969482422,23.559999465942383,24.079999923706055,1753100,0.0,0.0,0.0
2025-08-13 00:00:00-04:00,24.280000686645508,25.53499984741211,24.280000686645508,25.15999984741211,4142800,0.0,0.0,0.0
2025-08-14 00:00:00-04:00,24.78499984741211,25.290000915527344,24.718000411987305,25.079999923706055,2636200,0.0,0.0,0.0
2025-08-15 00:00:00-04:00,25.190000534057617,25.5049991607666,24.959999084472656,25.239999771118164,1789200,0.0,0.0,0.0
2025-08-18 00:00:00-04:00,25.219999313354492,25.299999237060547,24.889999389648438,25.100000381469727,1189200,0.0,0.0,0.0
2025-08-19 00:00:00-04:00,25.100000381469727,25.100000381469727,24.18000030517578,24.219999313354492,1904400,0.0,0.0,0.0
2025-08-20 00:00:00-04:00,24.020000457763672,24.270000457763672,23.424999237060547,24.020000457763672,2436800,0.0,0.0,0.0
2025-08-21 00:00:00-04:00,23.899999618530273,24.554000854492188,23.75,24.290000915527344,2457400,0.0,0.0,0.0
2025-08-22 00:00:00-04:00,24.40999984741211,25.625,24.290000915527344,25.239999771118164,3338700,0.0,0.0,0.0
2025-08-25 00:00:00-04:00,25.260000228881836,25.5,24.684999465942383,24.729999542236328,1473400,0.0,0.0,0.0
2025-08-26 00:00:00-04:00,24.774999618530273,24.989999771118164,24.690000534057617,24.90999984741211,1170500,0.0,0.0,0.0
2025-08-27 00:00:00-04:00,24.850000381469727,24.979999542236328,24.614999771118164,24.719999313354492,932500,0.0,0.0,0.0
2025-08-28 00:00:00-04:00,24.81999969482422,25.100000381469727,24.649999618530273,24.760000228881836,1133500,0.0,0.0,0.0
2025-08-29 00:00:00-04:00,24.739999771118164,24.920000076293945,24.299999237060547,24.719999313354492,1598900,0.0,0.0,0.0
2025-09-02 00:00:00-04:00,24.360000610351562,25.149999618530273,24.290000915527344,24.799999237060547,1821900,0.0,0.0,0.0
2025-09-03 00:00:00-04:00,24.899999618530273,25.524999618530273,24.670000076293945,24.860000610351562,1783800,0.0,0.0,0.0
2025-09-04 00:00:00-04:00,24.780000686645508,24.934999465942383,24.200000762939453,24.899999618530273,2506200,0.0,0.0,0.0
2025-09-05 00:00:00-04:00,25.030000686645508,25.549999237060547,24.770000457763672,25.520000457763672,1902900,0.0,0.0,0.0
2025-09-08 00:00:00-04:00,25.670000076293945,25.798999786376953,25.319000244140625,25.479999542236328,1164200,0.0,0.0,0.0
2025-09-09 00:00:00-04:00,25.5,25.6299991607666,24.9950008392334,25.610000610351562,1161400,0.0,0.0,0.0
2025-09-10 00:00:00-04:00,25.719999313354492,25.719999313354492,24.65999984741211,24.780000686645508,1534400,0.0,0.0,0.0
2025-09-11 00:00:00-04:00,24.899999618530273,26.28499984741211,24.850000381469727,26.190000534057617,4148900,0.0,0.0,0.0
2025-09-12 00:00:00-04:00,26.18000030517578,26.200000762939453,25.540000915527344,25.600000381469727,2305000,0.0,0.0,0.0
2025-09-15 00:00:00-04:00,25.84000015258789,26.079999923706055,25.44099998474121,25.93000030517578,2012200,0.0,0.0,0.0
2025-09-16 00:00:00-04:00,25.959999084472656,26.649999618530273,25.540000915527344,26.549999237060547,2514800,0.0,0.0,0.0
2025-09-17 00:00:00-04:00,26.610000610351562,27.209999084472656,25.809999465942383,26.270000457763672,3677900,0.0,0.0,0.0
2025-09-18 00:00:00-04:00,26.700000762939453,27.6299991607666,26.700000762939453,27.594999313354492,2375400,0.0,0.0,0.0
2025-09-19 00:00:00-04:00,27.760000228881836,27.975000381469727,27.5,27.510000228881836,2690600,0.0,0.0,0.0
2025-09-22 00:00:00-04:00,27.81999969482422,28.190000534057617,27.54800033569336,27.850000381469727,2524300,0.0,0.0,0.0
2025-09-23 00:00:00-04:00,27.979999542236328,28.280000686645508,27.469999313354492,27.510000228881836,1864100,0.0,0.0,0.0
2025-09-24 00:00:00-04:00,27.639999389648438,27.969999313354492,26.920000076293945,27.0,2427900,0.0,0.0,0.0
2025-09-25 00:00:00-04:00,26.489999771118164,26.860000610351562,26.2549991607666,26.670000076293945,2273500,0.0,0.0,0.0
2025-09-26 00:00:00-04:00,26.799999237060547,26.9950008392334,26.415000915527344,26.90999984741211,3062700,0.0,0.0,0.0
2025-09-29 00:00:00-04:00,27.15999984741211,27.450000762939453,26.80500030517578,27.270000457763672,4609200,0.0,0.0,0.0
2025-09-30 00:00:00-04:00,27.25,27.84000015258789,26.96500015258789,27.770000457763672,1278800,0.0,0.0,0.0
2025-10-01 00:00:00-04:00,27.670000076293945,28.8799991607666,27.670000076293945,28.850000381469727,2437600,0.0,0.0,0.0
2025-10-02 00:00:00-04:00,29.139999389648438,29.829999923706055,28.920000076293945,29.809999465942383,3170500,0.0,0.0,0.0
2025-10-03 00:00:00-04:00,29.989999771118164,30.479999542236328,29.670000076293945,30.040000915527344,2889400,0.0,0.0,0.0
2025-10-06 00:00:00-04:00,30.399999618530273,30.75,30.125,30.3799991607666,3643500,0.0,0.0,0.0
2025-10-07 00:00:00-04:00,30.549999237060547,30.610000610351562,29.489999771118164,30.0,3085800,0.0,0.0,0.0
2025-10-08 00:00:00-04:00,30.149999618530273,32.38999938964844,30.024999618530273,32.130001068115234,6650500,0.0,0.0,0.0
2025-10-09 00:00:00-04:00,32.22999954223633,32.31999969482422,31.559999465942383,31.649999618530273,4048500,0.0,0.0,0.0
2025-10-10 00:00:00-04:00,32.11000061035156,32.16999816894531,29.969999313354492,30.350000381469727,5525600,0.0,0.0,0.0
2025-10-13 00:00:00-04:00,30.709999084472656,30.829999923706055,30.059999465942383,30.280000686645508,3263600,0.0,0.0,0.0
2025-10-14 00:00:00-04:00,29.700000762939453,31.110000610351562,28.989999771118164,30.510000228881836,4144300,0.0,0.0,0.0
2025-10-15 00:00:00-04:00,31.020000457763672,32.27000045776367,30.899999618530273,32.27000045776367,5793600,0.0,0.0,0.0
2025-10-16 00:00:00-04:00,32.43000030517578,33.09000015258789,31.81999969482422,32.08000183105469,3996300,0.0,0.0,0.0
2025-10-17 00:00:00-04:00,31.59000015258789,31.920000076293945,30.549999237060547,31.0,4159100,0.0,0.0,0.0
2025-10-20 00:00:00-04:00,31.799999237060547,34.064998626708984,31.799999237060547,33.599998474121094,6690400,0.0,0.0,0.0
2025-10-21 00:00:00-04:00,33.38999938964844,33.55500030517578,32.494998931884766,32.65999984741211,3900600,0.0,0.0,0.0
2025-10-22 00:00:00-04:00,31.899999618530273,32.040000915527344,29.940000534057617,30.56999969482422,7692400,0.0,0.0,0.0
2025-10-23 00:00:00-04:00,30.729999542236328,31.489999771118164,30.489999771118164,31.3799991607666,2681300,0.0,0.0,0.0
2025-10-24 00:00:00-04:00,32.029998779296875,32.09000015258789,31.670000076293945,31.8799991607666,2833300,0.0,0.0,0.0
2025-10-27 00:00:00-04:00,31.34000015258789,31.558000564575195,30.5,31.15999984741211,5028300,0.0,0.0,0.0
2025-10-28 00:00:00-04:00,31.139999389648438,31.149999618530273,30.34000015258789,30.450000762939453,2738400,0.0,0.0,0.0
2025-10-29 00:00:00-04:00,30.469999313354492,30.850000381469727,29.6200008392334,29.969999313354492,3658600,0.0,0.0,0.0
2025-10-30 00:00:00-04:00,29.84000015258789,30.638999938964844,29.719999313354492,29.790000915527344,3758500,0.0,0.0,0.0
2025-10-31 00:00:00-04:00,30.15999984741211,31.309999465942383,29.920000076293945,31.1299991607666,4283700,0.0,0.0,0.0
2025-11-03 00:00:00-05:00,31.1299991607666,31.18000030517578,29.770000457763672,30.65999984741211,3216900,0.0,0.0,0.0
2025-11-04 00:00:00-05:00,29.799999237060547,30.520000457763672,29.485000610351562,29.5,4052200,0.0,0.0,0.0
2025-11-05 00:00:00-05:00,29.459999084472656,30.020000457763672,28.790000915527344,29.739999771118164,7636400,0.0,0.0,0.0
2025-11-06 00:00:00-05:00,29.5,29.520000457763672,28.079999923706055,28.360000610351562,7394700,0.0,0.0,0.0
2025-11-07 00:00:00-05:00,27.700000762939453,28.030000686645508,26.934999465942383,28.030000686645508,4511300,0.0,0.0,0.0
2025-11-10 00:00:00-05:00,28.8799991607666,29.334999084472656,28.43000030517578,28.510000228881836,3334100,0.0,0.0,0.0
2025-11-11 00:00:00-05:00,28.375,28.968000411987305,28.229999542236328,28.809999465942383,1871100,0.0,0.0,0.0
2025-11-12 00:00:00-05:00,28.860000610351562,29.1200008392334,28.209999084472656,28.299999237060547,3042000,0.0,0.0,0.0
2025-11-13 00:00:00-05:00,27.93000030517578,27.959999084472656,26.969999313354492,27.040000915527344,4065600,0.0,0.0,0.0
2025-11-14 00:00:00-05:00,26.155000686645508,27.280000686645508,26.040000915527344,26.889999389648438,5947800,0.0,0.0,0.0
2025-11-17 00:00:00-05:00,26.75,27.290000915527344,26.479999542236328,26.8700008392334,3703100,0.0,0.0,0.0
2025-11-18 00:00:00-05:00,26.59000015258789,27.139999389648438,26.104999542236328,26.850000381469727,3938300,0.0,0.0,0.0
2025-11-19 00:00:00-05:00,26.8700008392334,27.614999771118164,26.700000762939453,27.260000228881836,3238400,0.0,0.0,0.0
2025-11-20 00:00:00-05:00,27.90999984741211,29.0,27.149999618530273,27.209999084472656,6881400,0.0,0.0,0.0
2025-11-21 00:00:00-05:00,27.270000457763672,29.25,27.104999542236328,29.020000457763672,4224100,0.0,0.0,0.0
2025-11-24 00:00:00-05:00,29.229999542236328,30.4950008392334,29.059999465942383,30.389999389648438,3875100,0.0,0.0,0.0
2025-11-25 00:00:00-05:00,30.40999984741211,31.18000030517578,30.139999389648438,31.139999389648438,2936800,0.0,0.0,0.0
2025-11-26 00:00:00-05:00,31.114999771118164,31.190000534057617,30.645000457763672,30.860000610351562,1773100,0.0,0.0,0.0
2025-11-28 00:00:00-05:00,31.0,31.190000534057617,30.649999618530273,31.190000534057617,1113500,0.0,0.0,0.0
2025-12-01 00:00:00-05:00,30.549999237060547,30.579999923706055,29.825000762939453,29.850000381469727,2737000,0.0,0.0,0.0
2025-12-02 00:00:00-05:00,30.06999969482422,30.34000015258789,29.719999313354492,29.739999771118164,2425000,0.0,0.0,0.0
2025-12-03 00:00:00-05:00,29.84000015258789,30.8799991607666,29.761999130249023,30.829999923706055,2815200,0.0,0.0,0.0
2025-12-04 00:00:00-05:00,30.75,31.969999313354492,30.520000457763672,31.899999618530273,3454500,0.0,0.0,0.0
2025-12-05 00:00:00-05:00,31.729999542236328,31.757999420166016,30.790000915527344,30.93000030517578,2530000,0.0,0.0,0.0
2025-12-08 00:00:00-05:00,31.565000534057617,31.719999313354492,30.979999542236328,31.170000076293945,3009300,0.0,0.0,0.0
2025-12-09 00:00:00-05:00,31.0,31.235000610351562,30.719999313354492,30.860000610351562,3027400,0.0,0.0,0.0
2025-12-10 00:00:00-05:00,30.860000610351562,31.65999984741211,30.530000686645508,31.170000076293945,4952500,0.0,0.0,0.0
2025-12-11 00:00:00-05:00,31.059999465942383,31.31999969482422,30.454999923706055,30.850000381469727,2075900,0.0,0.0,0.0
2025-12-12 00:00:00-05:00,30.940000534057617,30.950000762939453,30.010000228881836,30.200000762939453,3559700,0.0,0.0,0.0
2025-12-15 00:00:00-05:00,30.520000457763672,30.549999237060547,29.584999084472656,29.860000610351562,2468000,0.0,0.0,0.0
2025-12-16 00:00:00-05:00,29.614999771118164,30.15999984741211,29.23900032043457,29.579999923706055,2220200,0.0,0.0,0.0
2025-12-17 00:00:00-05:00,29.780000686645508,30.304000854492188,29.049999237060547,29.079999923706055,2444200,0.0,0.0,0.0
2025-12-18 00:00:00-05:00,29.56999969482422,30.1200008392334,28.889999389648438,28.989999771118164,2725500,0.0,0.0,0.0
2025-12-19 00:00:00-05:00,29.170000076293945,29.8700008392334,29.158000946044922,29.610000610351562,2365000,0.0,0.0,0.0
2025-12-22 00:00:00-05:00,29.940000534057617,31.014999389648438,29.738000869750977,30.6200008392334,2646000,0.0,0.0,0.0
2025-12-23 00:00:00-05:00,30.469999313354492,30.469999313354492,29.94499969482422,30.139999389648438,1596100,0.0,0.0,0.0
2025-12-24 00:00:00-05:00,30.139999389648438,30.219999313354492,29.790000915527344,30.18000030517578,1048000,0.0,0.0,0.0
2025-12-26 00:00:00-05:00,30.049999237060547,30.09000015258789,29.44499969482422,29.670000076293945,1073900,0.0,0.0,0.0
2025-12-29 00:00:00-05:00,29.34000015258789,29.780000686645508,29.084999084472656,29.219999313354492,2255600,0.0,0.0,0.0
2025-12-30 00:00:00-05:00,29.28499984741211,29.28499984741211,28.950000762939453,29.0,1215400,0.0,0.0,0.0
2025-12-31 00:00:00-05:00,29.059999465942383,29.09000015258789,28.850000381469727,28.969999313354492,1104500,0.0,0.0,0.0
2026-01-02 00:00:00-05:00,29.229999542236328,29.405000686645508,28.739999771118164,29.18000030517578,2047600,0.0,0.0,0.0
2026-01-05 00:00:00-05:00,29.3700008392334,30.090999603271484,29.274999618530273,29.979999542236328,3250400,0.0,0.0,0.0
2026-01-06 00:00:00-05:00,30.06999969482422,31.639999389648438,29.95199966430664,31.5,3455700,0.0,0.0,0.0
2026-01-07 00:00:00-05:00,31.639999389648438,32.65999984741211,31.6299991607666,32.09000015258789,3796500,0.0,0.0,0.0
2026-01-08 00:00:00-05:00,31.8700008392334,31.8700008392334,30.809999465942383,30.90999984741211,2645900,0.0,0.0,0.0
2026-01-09 00:00:00-05:00,31.239999771118164,31.415000915527344,30.424999237060547,30.549999237060547,2466100,0.0,0.0,0.0
2026-01-12 00:00:00-05:00,31.34000015258789,32.06999969482422,30.959999084472656,31.799999237060547,3846500,0.0,0.0,0.0
2026-01-13 00:00:00-05:00,32.029998779296875,32.279998779296875,31.270000457763672,31.959999084472656,1861000,0.0,0.0,0.0
2026-01-14 00:00:00-05:00,31.829999923706055,32.560001373291016,31.729000091552734,32.529998779296875,2861900,0.0,0.0,0.0
2026-01-15 00:00:00-05:00,32.66999816894531,32.77000045776367,31.988000869750977,32.060001373291016,2510900,0.0,0.0,0.0
2026-01-16 00:00:00-05:00,32.11000061035156,32.439998626708984,31.479999542236328,31.81999969482422,2039200,0.0,0.0,0.0
2026-01-20 00:00:00-05:00,30.8700008392334,31.959999084472656,30.6200008392334,31.610000610351562,2202800,0.0,0.0,0.0
2026-01-21 00:00:00-05:00,31.739999771118164,32.584999084472656,31.360000610351562,32.400001525878906,3376300,0.0,0.0,0.0
2026-01-22 00:00:00-05:00,32.63999938964844,34.38999938964844,32.4900016784668,34.2400016784668,4870900,0.0,0.0,0.0
2026-01-23 00:00:00-05:00,34.13999938964844,34.185001373291016,32.51499938964844,32.630001068115234,2996100,0.0,0.0,0.0
2026-01-26 00:00:00-05:00,32.48500061035156,32.9900016784668,32.02000045776367,32.47999954223633,2222400,0.0,0.0,0.0
2026-01-27 00:00:00-05:00,32.7599983215332,33.150001525878906,32.20500183105469,32.41999816894531,1932800,0.0,0.0,0.0
2026-01-28 00:00:00-05:00,32.540000915527344,32.54999923706055,31.47800064086914,31.479999542236328,3122300,0.0,0.0,0.0
2026-01-29 00:00:00-05:00,31.34000015258789,31.5049991607666,30.825000762939453,31.350000381469727,4250100,0.0,0.0,0.0
2026-01-30 00:00:00-05:00,30.940000534057617,31.3700008392334,30.260000228881836,30.43000030517578,4100000,0.0,0.0,0.0
2026-02-02 00:00:00-05:00,30.280000686645508,30.950000762939453,30.170000076293945,30.6200008392334,2465300,0.0,0.0,0.0
2026-02-03 00:00:00-05:00,30.780000686645508,31.3700008392334,29.690000534057617,30.31999969482422,4121800,0.0,0.0,0.0
2026-02-04 00:00:00-05:00,30.360000610351562,30.360000610351562,28.454999923706055,29.18000030517578,3972100,0.0,0.0,0.0
2026-02-05 00:00:00-05:00,28.75,29.30500030517578,27.360000610351562,27.489999771118164,7275700,0.0,0.0,0.0
2026-02-06 00:00:00-05:00,28.09000015258789,28.90999984741211,27.639999389648438,28.790000915527344,3493500,0.0,0.0,0.0
2026-02-09 00:00:00-05:00,28.780000686645508,29.165000915527344,28.190000534057617,29.079999923706055,3025200,0.0,0.0,0.0
2026-02-10 00:00:00-05:00,29.280000686645508,29.709999084472656,28.959999084472656,29.1299991607666,1506800,0.0,0.0,0.0
2026-02-11 00:00:00-05:00,29.170000076293945,29.290000915527344,28.014999389648438,28.739999771118164,2575000,0.0,0.0,0.0
2026-02-12 00:00:00-05:00,28.93000030517578,28.969999313354492,27.44499969482422,27.850000381469727,2590200,0.0,0.0,0.0
2026-02-13 00:00:00-05:00,28.219999313354492,29.149999618530273,28.079999923706055,28.360000610351562,2939100,0.0,0.0,0.0
2026-02-17 00:00:00-05:00,28.450000762939453,29.325000762939453,28.239999771118164,28.93000030517578,2543800,0.0,0.0,0.0
2026-02-18 00:00:00-05:00,28.8799991607666,30.049999237060547,28.79199981689453,29.65999984741211,2978000,0.0,0.0,0.0
2026-02-19 00:00:00-05:00,29.520000457763672,29.90999984741211,29.139999389648438,29.8700008392334,1712900,0.0,0.0,0.0
2026-02-20 00:00:00-05:00,29.59000015258789,29.799999237060547,28.545000076293945,28.809999465942383,4011100,0.0,0.0,0.0
2026-02-23 00:00:00-05:00,28.530000686645508,29.014999389648438,28.139999389648438,28.729999542236328,2648200,0.0,0.0,0.0
2026-02-24 00:00:00-05:00,28.739999771118164,29.65999984741211,28.739999771118164,29.510000228881836,1933500,0.0,0.0,0.0
2026-02-25 00:00:00-05:00,29.739999771118164,30.010000228881836,29.235000610351562,29.239999771118164,2096500,0.0,0.0,0.0
2026-02-26 00:00:00-05:00,29.5,30.59000015258789,29.0,30.559999465942383,2642100,0.0,0.0,0.0
2026-02-27 00:00:00-05:00,29.8799991607666,30.280000686645508,29.549999237060547,29.979999542236328,2126500,0.0,0.0,0.0
2026-03-02 00:00:00-05:00,29.020000457763672,30.010000228881836,28.840999603271484,29.90999984741211,2921300,0.0,0.0,0.0
2026-03-03 00:00:00-05:00,28.75,29.584999084472656,28.030000686645508,29.06999969482422,3853400,0.0,0.0,0.0
2026-03-04 00:00:00-05:00,29.40999984741211,29.90999984741211,28.9950008392334,29.510000228881836,1590500,0.0,0.0,0.0
2026-03-05 00:00:00-05:00,29.06999969482422,29.5049991607666,28.440000534057617,28.780000686645508,2196500,0.0,0.0,0.0
2026-03-06 00:00:00-05:00,28.079999923706055,28.489999771118164,27.860000610351562,28.1200008392334,2583200,0.0,0.0,0.0
2026-03-09 00:00:00-04:00,27.649999618530273,28.940000534057617,27.469999313354492,28.809999465942383,3048000,0.0,0.0,0.0
2026-03-10 00:00:00-04:00,28.440000534057617,28.739999771118164,27.825000762939453,27.93000030517578,1988500,0.0,0.0,0.0
2026-03-11 00:00:00-04:00,27.8700008392334,28.06800079345703,27.325000762939453,27.670000076293945,1935200,0.0,0.0,0.0
2026-03-12 00:00:00-04:00,27.270000457763672,27.270000457763672,26.09000015258789,26.170000076293945,3428900,0.0,0.0,0.0
2026-03-13 00:00:00-04:00,26.420000076293945,26.899999618530273,26.1200008392334,26.360000610351562,2924800,0.0,0.0,0.0
2026-03-16 00:00:00-04:00,26.729999542236328,27.100000381469727,26.290000915527344,26.549999237060547,2511200,0.0,0.0,0.0
2026-03-17 00:00:00-04:00,26.690000534057617,27.31999969482422,26.65999984741211,27.200000762939453,1905000,0.0,0.0,0.0
2026-03-18 00:00:00-04:00,26.90999984741211,27.049999237060547,26.329999923706055,26.34000015258789,3029500,0.0,0.0,0.0
2026-03-19 00:00:00-04:00,25.920000076293945,27.165000915527344,25.75,26.700000762939453,2629000,0.0,0.0,0.0
2026-03-20 00:00:00-04:00,26.520000457763672,26.829999923706055,25.801000595092773,26.049999237060547,4625500,0.0,0.0,0.0
2026-03-23 00:00:00-04:00,26.579999923706055,27.155000686645508,26.3700008392334,26.6299991607666,4651500,0.0,0.0,0.0
2026-03-24 00:00:00-04:00,26.350000381469727,26.80500030517578,26.0,26.635000228881836,2558800,0.0,0.0,0.0
2026-03-25 00:00:00-04:00,27.020000457763672,27.6299991607666,26.825000762939453,26.860000610351562,2547100,0.0,0.0,0.0
2026-03-26 00:00:00-04:00,26.479999542236328,27.334999084472656,26.479999542236328,26.510000228881836,2265600,0.0,0.0,0.0
2026-03-27 00:00:00-04:00,26.290000915527344,26.309999465942383,24.76099967956543,25.010000228881836,4214500,0.0,0.0,0.0
2026-03-30 00:00:00-04:00,25.200000762939453,25.20199966430664,24.600000381469727,24.81999969482422,2032800,0.0,0.0,0.0
2026-03-31 00:00:00-04:00,25.31999969482422,26.479999542236328,25.309999465942383,26.420000076293945,2737100,0.0,0.0,0.0
2026-04-01 00:00:00-04:00,26.780000686645508,27.59000015258789,26.780000686645508,27.09000015258789,2223900,0.0,0.0,0.0
2026-04-02 00:00:00-04:00,26.209999084472656,27.690000534057617,26.079999923706055,27.360000610351562,2155000,0.0,0.0,0.0
2026-04-06 00:00:00-04:00,27.360000610351562,27.799999237060547,27.242000579833984,27.260000228881836,1185200,0.0,0.0,0.0
2026-04-07 00:00:00-04:00,27.010000228881836,27.239999771118164,26.450000762939453,27.15999984741211,1811900,0.0,0.0,0.0
2026-04-08 00:00:00-04:00,28.540000915527344,28.899999618530273,27.540000915527344,27.809999465942383,1747800,0.0,0.0,0.0
2026-04-09 00:00:00-04:00,27.600000381469727,27.6299991607666,26.989999771118164,27.06999969482422,1674000,0.0,0.0,0.0
2026-04-10 00:00:00-04:00,27.209999084472656,27.3700008392334,26.350000381469727,26.68000030517578,1921700,0.0,0.0,0.0
2026-04-13 00:00:00-04:00,26.540000915527344,28.030000686645508,26.510000228881836,27.899999618530273,1232000,0.0,0.0,0.0
2026-04-14 00:00:00-04:00,28.299999237060547,29.549999237060547,28.260000228881836,29.299999237060547,3552300,0.0,0.0,0.0
2026-04-15 00:00:00-04:00,29.450000762939453,30.225000381469727,29.40999984741211,29.940000534057617,3186300,0.0,0.0,0.0
2026-04-16 00:00:00-04:00,30.350000381469727,30.469999313354492,29.31999969482422,29.84000015258789,3228100,0.0,0.0,0.0
2026-04-17 00:00:00-04:00,30.600000381469727,31.28499984741211,30.520999908447266,30.790000915527344,3921300,0.0,0.0,0.0
2026-04-20 00:00:00-04:00,30.75,31.5049991607666,30.690000534057617,31.239999771118164,1508300,0.0,0.0,0.0
2026-04-21 00:00:00-04:00,31.40999984741211,31.860000610351562,30.649999618530273,30.709999084472656,2648100,0.0,0.0,0.0
2026-04-22 00:00:00-04:00,31.280000686645508,31.3799991607666,30.6200008392334,30.8799991607666,1420500,0.0,0.0,0.0
2026-04-23 00:00:00-04:00,30.690000534057617,30.790000915527344,29.079999923706055,29.799999237060547,3422200,0.0,0.0,0.0
2026-04-24 00:00:00-04:00,29.905000686645508,30.21500015258789,29.31999969482422,29.540000915527344,1890200,0.0,0.0,0.0
2026-04-27 00:00:00-04:00,29.610000610351562,30.56999969482422,29.579999923706055,29.90999984741211,2308500,0.0,0.0,0.0
2026-04-28 00:00:00-04:00,29.540000915527344,29.920000076293945,29.219999313354492,29.579999923706055,1347200,0.0,0.0,0.0
2026-04-29 00:00:00-04:00,29.290000915527344,29.415000915527344,27.934999465942383,28.530000686645508,2047900,0.0,0.0,0.0
2026-04-30 00:00:00-04:00,28.709999084472656,30.165000915527344,28.610000610351562,29.8700008392334,1528000,0.0,0.0,0.0
2026-05-01 00:00:00-04:00,30.030000686645508,30.405000686645508,29.514999389648438,30.299999237060547,1446200,0.0,0.0,0.0
2026-05-04 00:00:00-04:00,30.190000534057617,30.924999237060547,30.110000610351562,30.579999923706055,1890200,0.0,0.0,0.0
2026-05-05 00:00:00-04:00,30.520000457763672,30.940000534057617,29.415000915527344,29.780000686645508,4670000,0.0,0.0,0.0
2026-05-06 00:00:00-04:00,29.950000762939453,31.110000610351562,29.57200050354004,31.059999465942383,1815900,0.0,0.0,0.0
2026-05-07 00:00:00-04:00,31.0,31.100000381469727,29.94499969482422,30.3799991607666,2549500,0.0,0.0,0.0
2026-05-08 00:00:00-04:00,30.1200008392334,30.530000686645508,29.3700008392334,30.479999542236328,6210900,0.0,0.0,0.0
2026-05-11 00:00:00-04:00,30.290000915527344,30.93000030517578,29.899999618530273,29.940000534057617,3296300,0.0,0.0,0.0
2026-05-12 00:00:00-04:00,29.850000381469727,30.1299991607666,29.079999923706055,29.719999313354492,1807900,0.0,0.0,0.0
2026-05-13 00:00:00-04:00,29.809999465942383,30.0,29.47100067138672,29.6299991607666,1090100,0.0,0.0,0.0
2026-05-14 00:00:00-04:00,29.8799991607666,30.149999618530273,29.165000915527344,29.18000030517578,1338000,0.0,0.0,0.0
2026-05-15 00:00:00-04:00,28.719999313354492,28.90999984741211,28.049999237060547,28.149999618530273,2695400,0.0,0.0,0.0
2026-05-18 00:00:00-04:00,28.420000076293945,29.010000228881836,27.84000015258789,28.110000610351562,1915200,0.0,0.0,0.0
2026-05-19 00:00:00-04:00,27.969999313354492,28.385000228881836,27.510000228881836,28.1200008392334,2796700,0.0,0.0,0.0
2026-05-20 00:00:00-04:00,28.3799991607666,29.639999389648438,28.18000030517578,29.540000915527344,2305400,0.0,0.0,0.0
2026-05-21 00:00:00-04:00,29.260000228881836,30.6200008392334,29.0,30.530000686645508,1969100,0.0,0.0,0.0
2026-05-22 00:00:00-04:00,30.670000076293945,31.229999542236328,30.510000228881836,30.670000076293945,2056300,0.0,0.0,0.0
2026-05-26 00:00:00-04:00,31.040000915527344,31.645000457763672,30.690000534057617,31.299999237060547,1504300,0.0,0.0,0.0
2026-05-27 00:00:00-04:00,31.415000915527344,32.2400016784668,31.149999618530273,32.060001373291016,2342400,0.0,0.0,0.0
2026-05-28 00:00:00-04:00,31.950000762939453,34.314998626708984,31.850000381469727,34.119998931884766,3368100,0.0,0.0,0.0
2026-05-29 00:00:00-04:00,34.209999084472656,35.1150016784668,33.689998626708984,34.63999938964844,3726400,0.0,0.0,0.0
2026-06-01 00:00:00-04:00,34.33000183105469,35.125,33.63999938964844,34.75,3630800,0.0,0.0,0.0
2026-06-02 00:00:00-04:00,34.290000915527344,34.30500030517578,33.720001220703125,34.0,2376100,0.0,0.0,0.0
2026-06-03 00:00:00-04:00,33.79999923706055,34.0099983215332,32.95000076293945,33.91999816894531,4256000,0.0,0.0,0.0
2026-06-04 00:00:00-04:00,33.9900016784668,37.29999923706055,33.9900016784668,36.27000045776367,6959500,0.0,0.0,0.0
2026-06-05 00:00:00-04:00,35.709999084472656,35.78499984741211,32.869998931884766,33.40999984741211,4377600,0.0,0.0,0.0
2026-06-08 00:00:00-04:00,34.11000061035156,34.22999954223633,32.959999084472656,33.150001525878906,1986200,0.0,0.0,0.0
2026-06-09 00:00:00-04:00,33.54999923706055,34.13999938964844,31.969999313354492,33.560001373291016,3505400,0.0,0.0,0.0
2026-06-10 00:00:00-04:00,33.369998931884766,34.380001068115234,32.83000183105469,32.849998474121094,1916600,0.0,0.0,0.0
2026-06-11 00:00:00-04:00,33.060001373291016,33.689998626708984,32.47999954223633,33.650001525878906,3199500,0.0,0.0,0.0
2026-06-12 00:00:00-04:00,33.880001068115234,34.439998626708984,33.119998931884766,33.470001220703125,3479400,0.0,0.0,0.0
2026-06-15 00:00:00-04:00,34.40999984741211,35.459999084472656,34.33000183105469,35.099998474121094,3640100,0.0,0.0,0.0
2026-06-16 00:00:00-04:00,34.9900016784668,35.60499954223633,34.845001220703125,34.880001068115234,2515700,0.0,0.0,0.0
2026-06-17 00:00:00-04:00,34.900001525878906,36.709999084472656,34.66999816894531,35.040000915527344,4496500,0.0,0.0,0.0
2026-06-18 00:00:00-04:00,36.099998474121094,36.95500183105469,35.880001068115234,36.86000061035156,6411500,0.0,0.0,0.0
2026-06-22 00:00:00-04:00,37.0,37.709999084472656,36.099998474121094,36.400001525878906,4809000,0.0,0.0,0.0
2026-06-23 00:00:00-04:00,35.56999969482422,37.14500045776367,35.560001373291016,36.0099983215332,4812700,0.0,0.0,0.0
2026-06-24 00:00:00-04:00,36.79999923706055,39.029998779296875,36.79999923706055,38.58000183105469,5867200,0.0,0.0,0.0
2026-06-25 00:00:00-04:00,39.029998779296875,40.56999969482422,39.02000045776367,40.11000061035156,4808000,0.0,0.0,0.0
2026-06-26 00:00:00-04:00,39.81999969482422,42.14899826049805,39.81999969482422,41.43000030517578,6804400,0.0,0.0,0.0
2026-06-29 00:00:00-04:00,41.709999084472656,42.70000076293945,41.31999969482422,42.36000061035156,5857500,0.0,0.0,0.0
2026-06-30 00:00:00-04:00,42.279998779296875,42.41999816894531,41.47999954223633,42.060001373291016,5462900,0.0,0.0,0.0
2026-07-01 00:00:00-04:00,42.04999923706055,43.33000183105469,41.82500076293945,42.619998931884766,4758900,0.0,0.0,0.0
2026-07-02 00:00:00-04:00,43.0,43.90999984741211,42.29499816894531,42.90999984741211,4674300,0.0,0.0,0.0
2026-07-06 00:00:00-04:00,42.72999954223633,44.46500015258789,42.41999816894531,43.56999969482422,3822800,0.0,0.0,0.0
2026-07-07 00:00:00-04:00,43.52000045776367,43.959999084472656,41.95000076293945,42.599998474121094,2863000,0.0,0.0,0.0
2026-07-08 00:00:00-04:00,41.540000915527344,42.130001068115234,40.689998626708984,41.869998931884766,3759100,0.0,0.0,0.0
2026-07-09 00:00:00-04:00,41.93000030517578,43.88999938964844,41.83000183105469,43.0,2822000,0.0,0.0,0.0
2026-07-10 00:00:00-04:00,42.91999816894531,43.060001373291016,40.4900016784668,41.31999969482422,3793700,0.0,0.0,0.0
2026-07-13 00:00:00-04:00,40.88999938964844,41.38999938964844,40.08399963378906,40.59000015258789,4041600,0.0,0.0,0.0
2026-07-14 00:00:00-04:00,41.119998931884766,41.34000015258789,40.220001220703125,41.04999923706055,2732700,0.0,0.0,0.0
2026-07-15 00:00:00-04:00,41.2599983215332,41.375,40.505001068115234,41.220001220703125,1548600,0.0,0.0,0.0
2026-07-16 00:00:00-04:00,41.45000076293945,41.56800079345703,39.380001068115234,40.09000015258789,3738000,0.0,0.0,0.0
2026-07-17 00:00:00-04:00,39.38999938964844,40.11000061035156,38.9900016784668,39.869998931884766,3518000,0.0,0.0,0.0
2026-07-20 00:00:00-04:00,39.58000183105469,39.65999984741211,38.19499969482422,38.279998779296875,3989800,0.0,0.0,0.0
2026-07-21 00:00:00-04:00,38.209999084472656,39.70500183105469,37.72999954223633,39.560001373291016,2347600,0.0,0.0,0.0
2026-07-22 00:00:00-04:00,39.2599983215332,39.5,38.68000030517578,38.849998474121094,1638000,0.0,0.0,0.0
2026-07-23 00:00:00-04:00,38.439998626708984,39.459999084472656,38.439998626708984,38.81999969482422,1463600,0.0,0.0,0.0
2026-07-24 00:00:00-04:00,39.04999923706055,39.2400016784668,37.68000030517578,37.810001373291016,2049200,0.0,0.0,0.0
2026-07-27 00:00:00-04:00,38.38999938964844,38.959999084472656,37.5099983215332,37.790000915527344,1627300,0.0,0.0,0.0
2026-07-28 00:00:00-04:00,37.70000076293945,37.900001525878906,36.6150016784668,37.81999969482422,2195400,0.0,0.0,0.0
2026-07-29 00:00:00-04:00,37.720001220703125,38.4900016784668,37.0,37.5,4269400,0.0,0.0,0.0
2026-07-30 00:00:00-04:00,37.810001373291016,39.31999969482422,37.63999938964844,39.2599983215332,2552800,0.0,0.0,0.0
2026-07-31 00:00:00-04:00,39.56999969482422,39.689998626708984,38.02000045776367,38.560001373291016,1977300,0.0,0.0,0.0
2026-08-03 00:00:00-04:00,38.56999969482422,39.959999084472656,37.68000030517578,39.619998931884766,3099000,0.0,0.0,0.0
2026-08-04 00:00:00-04:00,40.16999816894531,40.88999938964844,39.630001068115234,40.70000076293945,1559700,0.0,0.0,0.0
2026-08-05 00:00:00-04:00,40.81999969482422,41.689998626708984,40.790000915527344,41.2400016784668,2098900,0.0,0.0,0.0
2026-08-06 00:00:00-04:00,40.88999938964844,41.06999969482422,40.36000061035156,40.54999923706055,1582900,0.0,0.0,0.0
2026-08-07 00:00:00-04:00,41.31999969482422,43.130001068115234,41.31999969482422,43.040000915527344,2277800,0.0,0.0,0.0
