Date,Open,High,Low,Close,Volume,Dividends,Stock Splits
2021-10-04 00:00:00-04:00,44.38989967539152,44.539106235449125,43.27770338221476,43.5678825378418,20093000,0.0,0.0
2021-10-05 00:00:00-04:00,43.56696759100441,44.834778128966825,43.5111281822073,44.43475341796875,16557000,0.0,0.0
2021-10-06 00:00:00-04:00,44.22513573304519,44.79450852014421,43.91115904954152,44.74232864379883,12042000,0.0,0.0
2021-10-07 00:00:00-04:00,45.09475799719765,45.76024614063484,45.09475799719765,45.21284103393555,13261000,0.0,0.0
2021-10-08 00:00:00-04:00,45.47830329557041,45.58631910134456,44.97117759030526,45.11489486694336,10279000,0.0,0.0
2021-10-11 00:00:00-04:00,44.96751737036332,45.7318654571517,44.93181590003884,45.06821060180664,11186000,0.0,0.0
2021-10-12 00:00:00-04:00,45.388589160648195,45.467311171971474,44.1235232261099,44.421939849853516,20991000,0.0,0.0
2021-10-13 00:00:00-04:00,44.0457241038422,44.431100265678865,43.89743239596523,44.39723205566406,16424000,0.0,0.0
2021-10-14 00:00:00-04:00,45.024275082209286,45.69159302038627,44.929074646064805,45.549705505371094,19233000,0.0,0.0
2021-10-15 00:00:00-04:00,46.1721698259926,46.305816391237286,45.86826382908066,46.06690216064453,25103000,0.0,0.0
2021-10-18 00:00:00-04:00,45.80509400744457,46.13371581550282,45.64673160196529,46.076961517333984,16042000,0.0,0.0
2021-10-19 00:00:00-04:00,46.16483937972734,46.76442079670042,45.9314144999603,46.720481872558594,16383000,0.0,0.0
2021-10-20 00:00:00-04:00,46.776313555735804,46.99875281133187,46.541977304114305,46.628936767578125,13458000,0.0,0.0
2021-10-21 00:00:00-04:00,46.6316962489589,47.12325845458668,46.55663376327524,47.064674377441406,11787000,0.0,0.0
2021-10-22 00:00:00-04:00,47.11867190657437,47.726490761938834,46.96122439089319,47.18000411987305,15367000,0.0,0.0
2021-10-25 00:00:00-04:00,47.37041354093741,48.012100716711245,47.15895983736823,47.7896614074707,12416000,0.0,0.0
2021-10-26 00:00:00-04:00,48.078914871425454,48.97233500377153,47.966324652326065,48.86981201171875,24043000,0.0,0.0
2021-10-27 00:00:00-04:00,48.68215855783354,49.07119771683895,47.77043369026645,47.884857177734375,23500000,0.0,0.0
2021-10-28 00:00:00-04:00,47.979141344184946,48.510979380066864,47.91414609542837,48.4761962890625,11872000,0.0,0.0
2021-10-29 00:00:00-04:00,47.92055715392084,48.71236925667948,47.92055715392084,48.66843032836914,15564000,0.0,0.0
2021-11-01 00:00:00-04:00,48.546675274379595,48.751721240575826,48.05145015643086,48.33705139160156,16896000,0.0,0.0
2021-11-02 00:00:00-04:00,48.28213773512604,49.5060131051684,48.21165316838233,49.162742614746094,16262000,0.0,0.0
2021-11-03 00:00:00-04:00,49.34397876034863,49.777875180104225,48.86065410860899,49.64788818359375,14038000,0.0,0.0
2021-11-04 00:00:00-04:00,49.77879332170024,50.261203120027965,49.51515977154355,50.220008850097656,15956000,0.0,0.0
2021-11-05 00:00:00-04:00,50.34633639717625,51.23151566383395,50.32894310455191,51.16286087036133,18674000,0.0,0.0
2021-11-08 00:00:00-05:00,51.44204906078447,51.617804754885846,51.08779650950714,51.16560363769531,17231000,0.0,0.0
2021-11-09 00:00:00-05:00,51.187572107472434,51.43564213148437,50.81684114493953,51.060333251953125,15838000,0.0,0.0
2021-11-10 00:00:00-05:00,50.7399487106966,51.34410455089837,50.16783130550827,50.23373794555664,18450000,0.0,0.0
2021-11-11 00:00:00-05:00,50.592578595258104,50.99809619196417,50.237407616215926,50.84064865112305,14157000,0.0,0.0
2021-11-12 00:00:00-05:00,51.11616836584407,51.79630151040795,50.766490263830526,51.55646896362305,13592000,0.0,0.0
2021-11-15 00:00:00-05:00,51.96565361450494,51.96565361450494,51.24615940919047,51.78989791870117,13972000,0.0,0.0
2021-11-16 00:00:00-05:00,51.636121578342525,52.13409147245633,51.512542244003946,52.06452178955078,13194000,0.0,0.0
2021-11-17 00:00:00-05:00,52.006847826760485,52.301604939898255,51.637031726679105,52.14415740966797,12532000,0.0,0.0
2021-11-18 00:00:00-05:00,52.27780133635425,52.79316445103273,52.14415479236264,52.617408752441406,12712000,0.0,0.0
2021-11-19 00:00:00-05:00,52.75197054932698,52.83710374414414,51.80454424561086,52.059940338134766,19612000,0.0,0.0
2021-11-22 00:00:00-05:00,52.33090540359064,52.36385873215518,50.57336195548317,50.64659118652344,25898000,0.0,0.0
2021-11-23 00:00:00-05:00,50.567858734289224,50.882750299168045,50.21177289824508,50.81501388549805,17109000,0.0,0.0
2021-11-24 00:00:00-05:00,50.64200701376312,51.17750810267795,50.107417317992294,51.145469665527344,12084000,0.0,0.0
2021-11-26 00:00:00-05:00,50.50835232844338,51.01456308082274,49.73485199063793,50.034183502197266,14219000,0.0,0.0
2021-11-29 00:00:00-05:00,50.913871620803704,51.95283879381903,50.68319488655016,51.65899658203125,18703000,0.0,0.0
2021-11-30 00:00:00-05:00,51.56105755873556,51.718505098725196,50.52941632862673,50.68320083618164,22574000,0.0,0.0
2021-12-01 00:00:00-05:00,51.580278824161276,52.03797279036466,50.65116063147685,50.78206253051758,21980000,0.0,0.0
2021-12-02 00:00:00-05:00,49.986580732356686,51.18024721917988,49.79709827710187,50.57059860229492,22619000,0.0,0.0
2021-12-03 00:00:00-05:00,51.71393167595149,52.08558109343958,50.38295877311765,51.089637756347656,20305000,0.0,0.0
2021-12-06 00:00:00-05:00,51.687370225734306,52.027895982400814,50.89098384892031,51.71757888793945,22482000,0.0,0.0
2021-12-07 00:00:00-05:00,52.36019578034671,54.28891692622902,52.36019578034671,54.04450988769531,29562000,0.0,0.0
2021-12-08 00:00:00-05:00,54.09392148231417,54.09392148231417,53.31492496999325,53.87605667114258,17998000,0.0,0.0
2021-12-09 00:00:00-05:00,53.3167706108663,54.02985721523323,53.3167706108663,53.40556335449219,29080000,0.0,0.0
2021-12-10 00:00:00-05:00,57.11837023260399,59.0196304983451,56.624978330254585,57.823219299316406,57087000,0.0,0.0
2021-12-13 00:00:00-05:00,58.035583944718105,58.07403006207428,56.86663341302718,56.9059944152832,26898000,0.0,0.0
2021-12-14 00:00:00-05:00,56.55632059722234,56.62772003599874,55.43954635592957,56.28811264038086,35956000,0.0,0.0
2021-12-15 00:00:00-05:00,56.34852471624208,58.66353979190512,55.86977799789551,58.57200241088867,29092000,0.0,0.0
2021-12-16 00:00:00-05:00,58.34316585335017,58.64524554995328,55.97597397923413,56.81629943847656,42748000,0.0,0.0
2021-12-17 00:00:00-05:00,56.52793799246359,58.58390088213844,56.30549874216267,58.12345886230469,50661000,0.0,0.0
2021-12-20 00:00:00-05:00,57.33073871062793,59.14229124491136,57.21997477582769,59.045257568359375,32770000,0.0,0.0
2021-12-21 00:00:00-05:00,59.70578761880695,59.83199893129723,58.342351206001965,59.53443908691406,36534000,0.41,0.0
2021-12-22 00:00:00-05:00,59.265437402054516,60.54044087762986,58.891410658132216,60.35987091064453,28383000,0.0,0.0
2021-12-23 00:00:00-05:00,60.445540640327465,61.79055512512342,60.445540640327465,61.2442626953125,23596000,0.0,0.0
2021-12-27 00:00:00-05:00,61.24425880738519,62.303682999123836,61.21293265485899,62.11759567260742,19442000,0.0,0.0
2021-12-28 00:00:00-05:00,62.41885050632506,62.43820004965293,61.44970757830107,61.63119125366211,17247000,0.0,0.0
2021-12-29 00:00:00-05:00,61.70489638243866,62.36818583781486,61.64225108975587,61.96376419067383,14797000,0.0,0.0
2021-12-30 00:00:00-05:00,62.00890508231776,62.24843038868373,61.15583822342369,61.27007293701172,11473000,0.0,0.0
2021-12-31 00:00:00-05:00,61.44417698681909,61.84399492639125,61.103321386968666,61.30046463012695,12046000,0.0,0.0
2022-01-03 00:00:00-05:00,61.38430894441427,61.87993284358109,60.91447272585956,61.107933044433594,22591000,0.0,0.0
2022-01-04 00:00:00-05:00,61.067398118138804,61.925075691929756,60.546893230697705,61.80807876586914,21103000,0.0,0.0
2022-01-05 00:00:00-05:00,61.83479709453677,61.83479709453677,59.14476029317073,59.23596954345703,34961000,0.0,0.0
2022-01-06 00:00:00-05:00,58.97432308482403,59.75645792008272,58.446452356325935,58.68597412109375,28581000,0.0,0.0
2022-01-07 00:00:00-05:00,58.577270519034734,58.95129728548595,56.97522944107264,57.038795471191406,27832000,0.0,0.0
2022-01-10 00:00:00-05:00,56.09083182109218,57.30502794088157,55.603491125843796,57.223960876464844,29793000,0.0,0.0
2022-01-11 00:00:00-05:00,56.70622733218917,57.854095327065494,56.61686659369921,57.30595779418945,19037000,0.0,0.0
2022-01-12 00:00:00-05:00,57.80895747665047,58.12954986050618,57.09315079546271,57.301353454589844,18806000,0.0,0.0
2022-01-13 00:00:00-05:00,57.80527252244,57.84304033238292,54.735688234360936,55.0157470703125,30048000,0.0,0.0
2022-01-14 00:00:00-05:00,54.88584947767059,55.30962068323765,54.53762092079301,54.94020462036133,25661000,0.0,0.0
2022-01-18 00:00:00-05:00,54.19860941140535,54.44918710453422,53.062714367944565,53.228538513183594,35825000,0.0,0.0
2022-01-19 00:00:00-05:00,53.577683208854104,53.86787366173255,51.89641302861871,51.95537185668945,22692000,0.0,0.0
2022-01-20 00:00:00-05:00,52.326632942384414,52.52377970872896,50.37083187343026,50.458351135253906,25225000,0.0,0.0
2022-01-21 00:00:00-05:00,50.35886142128206,51.16587030756832,48.949356325781395,49.12347412109375,38010000,0.0,0.0
2022-01-24 00:00:00-05:00,48.90789452967699,50.07050472815743,47.29663921751502,49.892704010009766,54256000,0.0,0.0
2022-01-25 00:00:00-05:00,48.64165652717435,50.24462177762234,48.29342799925826,49.20730209350586,38158000,0.0,0.0
2022-01-26 00:00:00-05:00,50.85264409857987,52.89504015472917,50.67484336443562,51.32432174682617,49715000,0.0,0.0
2022-01-27 00:00:00-05:00,52.48508668760728,52.53483462559707,49.842039468711924,49.959957122802734,34183000,0.0,0.0
2022-01-28 00:00:00-05:00,50.05669242826091,51.635704653490095,49.04608805575252,51.598854064941406,30254000,0.0,0.0
2022-01-31 00:00:00-05:00,51.53436797017933,54.01896428893642,51.22114499192535,53.97382354736328,40288000,0.0,0.0
2022-02-01 00:00:00-05:00,53.97289333740648,54.712649629678516,53.0470426574547,54.60394287109375,25719000,0.0,0.0
2022-02-02 00:00:00-05:00,55.18248337071474,55.716802737615986,54.68777328266451,55.59059143066406,24443000,0.0,0.0
2022-02-03 00:00:00-05:00,54.875718280788284,55.184334040679545,53.443184214110474,53.510433197021484,30602000,0.0,0.0
2022-02-04 00:00:00-05:00,53.09863478184345,54.95493992376685,53.07652302546735,54.368106842041016,20548000,0.0,0.0
2022-02-07 00:00:00-05:00,54.368109574047374,55.42017167309228,53.815364836581644,54.13503646850586,18671000,0.0,0.0
2022-02-08 00:00:00-05:00,54.20412929033301,55.445044467907614,54.07607649277401,55.29487991333008,14570000,0.0,0.0
2022-02-09 00:00:00-05:00,55.951727034805586,56.35431071532083,55.41832483157083,56.31930160522461,22004000,0.0,0.0
2022-02-10 00:00:00-05:00,54.84163563957886,56.62332270392948,54.22163832810159,54.478668212890625,24920000,0.0,0.0
2022-02-11 00:00:00-05:00,54.478664005181756,55.25250878415078,52.42613263579511,52.825950622558594,27281000,0.0,0.0
2022-02-14 00:00:00-05:00,52.97150472390027,53.6909943139658,52.517331620501224,53.30131149291992,19291000,0.0,0.0
2022-02-15 00:00:00-05:00,54.26400748523165,55.831042925119434,54.192151305267245,55.5297966003418,34284000,0.0,0.0
2022-02-16 00:00:00-05:00,54.72739558641035,55.34923782686177,54.097266708059756,55.0175895690918,22931000,0.0,0.0
2022-02-17 00:00:00-05:00,54.32573041823707,54.49892394352456,53.329865012135215,53.34000015258789,21424000,0.0,0.0
2022-02-18 00:00:00-05:00,53.51872883323377,54.145171265716556,52.81305376987109,53.431209564208984,19708000,0.0,0.0
2022-02-22 00:00:00-05:00,53.43120818873292,54.37271855976148,52.49338076789617,53.1981315612793,20204000,0.0,0.0
2022-02-23 00:00:00-05:00,53.453308618436175,53.89919152504384,52.026302684073926,52.0677604675293,22416000,0.0,0.0
2022-02-24 00:00:00-05:00,50.81395183360442,53.95631288848456,50.57811301043267,53.432125091552734,35316000,0.0,0.0
2022-02-25 00:00:00-05:00,53.41647322223247,54.29625909851519,52.87938799463922,54.170047760009766,22380000,0.0,0.0
2022-02-28 00:00:00-05:00,53.52424904660086,54.5652552459326,53.09863638046397,54.117530822753906,25005000,0.0,0.0
2022-03-01 00:00:00-05:00,53.87340174274403,54.134114539405836,52.07789685162223,52.52193832397461,24898000,0.0,0.0
2022-03-02 00:00:00-05:00,52.927283701140425,54.402196215374175,52.84068869178065,53.964603424072266,21771000,0.0,0.0
2022-03-03 00:00:00-05:00,54.6923848592007,54.694226334116706,52.90977739799747,53.30315017700195,26454000,0.0,0.0
2022-03-04 00:00:00-05:00,54.6103956745782,55.81906746282911,53.80154535743094,54.90519332885742,44757000,0.0,0.0
2022-03-07 00:00:00-05:00,55.005603818495096,55.162213517399756,52.51087639912896,52.57536315917969,26494000,0.0,0.0
2022-03-08 00:00:00-05:00,52.710792743442646,54.91072284970941,51.922209171244994,53.059024810791016,26993000,0.0,0.0
2022-03-09 00:00:00-05:00,54.24190225603579,55.42570011618349,54.07699886796208,55.000083923339844,22560000,0.0,0.0
2022-03-10 00:00:00-05:00,53.944332371676815,54.355206171852174,53.09771080405351,54.14424133300781,19323000,0.0,0.0
2022-03-11 00:00:00-05:00,54.537614938298475,54.76147713295336,53.16680559042276,53.23405456542969,19813000,0.0,0.0
2022-03-14 00:00:00-04:00,53.152067907992645,53.43028526376395,52.02722889727409,52.30820846557617,25234000,0.0,0.0
2022-03-15 00:00:00-04:00,53.18063310050935,54.97613466294104,52.97519616085047,54.60763931274414,28260000,0.0,0.0
2022-03-16 00:00:00-04:00,54.96599164899309,55.98488598362488,53.806143663776346,55.93053436279297,29454000,0.0,0.0
2022-03-17 00:00:00-04:00,55.70943306791742,55.91947716132101,55.05627181040952,55.52057647705078,18174000,0.0,0.0
2022-03-18 00:00:00-04:00,55.64033422785722,56.491562889645195,54.90518172254971,56.23361587524414,41538000,0.0,0.0
2022-03-21 00:00:00-04:00,56.16777275753974,56.16777275753974,54.61518297112572,55.76803207397461,25789000,0.41,0.0
2022-03-22 00:00:00-04:00,55.807910859259856,56.90047190889459,55.58624272745252,56.700138092041016,19262000,0.0,0.0
2022-03-23 00:00:00-04:00,56.39036656122478,56.70292668133243,55.57048134753332,55.590885162353516,13839000,0.0,0.0
2022-03-24 00:00:00-04:00,56.263301010495645,58.17296997495966,55.83388332737103,58.099700927734375,26016000,0.0,0.0
2022-03-25 00:00:00-04:00,58.159989348404096,58.46883809251775,57.50983043983585,58.32600784301758,14538000,0.0,0.0
2022-03-28 00:00:00-04:00,58.048697120931756,58.73688281245835,57.1119471540778,58.69792556762695,14427000,0.0,0.0
2022-03-29 00:00:00-04:00,59.35828739624609,59.85077404534107,58.43081415567975,59.49462890625,23001000,0.0,0.0
2022-03-30 00:00:00-04:00,59.25348015042624,59.75617044532668,58.18317672091714,58.53190612792969,18626000,0.0,0.0
2022-03-31 00:00:00-04:00,58.47533023002256,59.26553849495094,58.24995421564044,58.40113067626953,21731000,0.0,0.0
2022-04-01 00:00:00-04:00,58.58755182451832,58.854665967096864,57.38183740417718,58.15071487426758,16267000,0.0,0.0
2022-04-04 00:00:00-04:00,58.098776044523056,59.05407586998099,57.9225574058607,58.880638122558594,16484000,0.0,0.0
2022-04-05 00:00:00-04:00,58.38907506850242,58.64042021245696,56.85410456753069,56.95798110961914,19778000,0.0,0.0
2022-04-06 00:00:00-04:00,55.84130062520013,56.72332774222859,55.07056928962431,55.83388137817383,23742000,0.0,0.0
2022-04-07 00:00:00-04:00,55.63263312500863,56.35698813829361,55.02142784591468,55.931278228759766,16583000,0.0,0.0
2022-04-08 00:00:00-04:00,55.40538815594307,55.51761444111616,54.34714240395756,54.44267272949219,20464000,0.0,0.0
2022-04-11 00:00:00-04:00,54.03273227776777,54.65414115153698,53.74057949816272,53.85002136230469,23512000,0.0,0.0
2022-04-12 00:00:00-04:00,54.638370407090626,55.51761668497326,53.9947038108054,54.263671875,17350000,0.0,0.0
2022-04-13 00:00:00-04:00,54.58180269048993,55.343261020891205,54.354572720970125,54.956504821777344,20266000,0.0,0.0
2022-04-14 00:00:00-04:00,55.18374148245055,55.37572915954066,53.13124164513847,53.223060607910156,27385000,0.0,0.0
2022-04-18 00:00:00-04:00,53.130306324029526,54.8340763971779,53.130306324029526,54.39630889892578,21375000,0.0,0.0
2022-04-19 00:00:00-04:00,53.734084309159655,55.52781559723979,53.734084309159655,55.427650451660156,16581000,0.0,0.0
2022-04-20 00:00:00-04:00,56.0379254721209,56.89398349247535,55.196709484488466,55.43692398071289,13920000,0.0,0.0
2022-04-21 00:00:00-04:00,56.16222012593489,57.120300941461544,54.78214079022897,54.974124908447266,20352000,0.0,0.0
2022-04-22 00:00:00-04:00,54.731117316042955,55.531525649822875,54.37403818641792,54.43803405761719,21064000,0.0,0.0
2022-04-25 00:00:00-04:00,53.931640456136336,54.605914613442074,52.96985185537517,54.524295806884766,26959000,0.0,0.0
2022-04-26 00:00:00-04:00,54.14587905996327,54.2998399299242,51.911596056362825,51.944984436035156,35809000,0.0,0.0
2022-04-27 00:00:00-04:00,51.548029625444435,52.87338956864506,51.47476057582473,51.89583206176758,19313000,0.0,0.0
2022-04-28 00:00:00-04:00,52.489422512046936,54.259038804353985,51.75022551435531,53.69513702392578,22334000,0.0,0.0
2022-04-29 00:00:00-04:00,53.108975505179394,53.633923594375304,51.32637105417715,51.418190002441406,26108000,0.0,0.0
2022-05-02 00:00:00-04:00,51.673240357949744,53.57455963094574,51.60275219956364,53.45491409301758,26725000,0.0,0.0
2022-05-03 00:00:00-04:00,53.42337960719136,54.41948339491244,53.03012767318081,53.901954650878906,17064000,0.0,0.0
2022-05-04 00:00:00-04:00,53.959465975397045,56.02587693138476,53.23510748457484,55.987850189208984,23896000,0.0,0.0
2022-05-05 00:00:00-04:00,55.11323634553211,55.450835094442034,53.263855397759635,53.79251480102539,32806000,0.0,0.0
2022-05-06 00:00:00-04:00,53.324140236773665,54.71906133963557,52.813103753650694,53.80271530151367,20745000,0.0,0.0
2022-05-09 00:00:00-04:00,53.13308185533133,53.60794908574096,51.96354024179292,52.209320068359375,30074000,0.0,0.0
2022-05-10 00:00:00-04:00,53.83888293574992,54.82757096291179,53.03290933565704,53.92235565185547,29271000,0.0,0.0
2022-05-11 00:00:00-04:00,53.290758776992384,54.22843571527252,52.48200056532623,52.59793472290039,26660000,0.0,0.0
2022-05-12 00:00:00-04:00,52.25384217233336,53.20079225982851,51.7771209864172,53.01158905029297,25518000,0.0,0.0
2022-05-13 00:00:00-04:00,53.51984380115205,54.86838853129161,53.190587694937946,54.55768585205078,19449000,0.0,0.0
2022-05-16 00:00:00-04:00,54.19968355151894,54.641162448336665,53.575493719627275,54.04108428955078,14189000,0.0,0.0
2022-05-17 00:00:00-04:00,55.226382752734814,56.48311188737912,55.055729461178835,56.404273986816406,24676000,0.0,0.0
2022-05-18 00:00:00-04:00,55.648392909076925,55.71516967857295,52.511678523739526,52.91883850097656,35024000,0.0,0.0
2022-05-19 00:00:00-04:00,51.753007145763746,52.00806370720639,49.98709868328106,50.659515380859375,34884000,0.0,0.0
2022-05-20 00:00:00-04:00,51.37274432274482,51.47383998564804,47.52744019554186,50.37942123413086,40281000,0.0,0.0
2022-05-23 00:00:00-04:00,48.599597710731835,49.67268206560066,47.69623617019671,48.8184814453125,58586000,0.0,0.0
2022-05-24 00:00:00-04:00,48.84630544136106,49.05127764776061,47.87524014931406,48.61814498901367,25060000,0.0,0.0
2022-05-25 00:00:00-04:00,48.590322889227586,49.847048715512436,48.590322889227586,49.30725860595703,17842000,0.0,0.0
2022-05-26 00:00:00-04:00,49.2989115400709,51.43488369488676,48.94461679382993,51.072242736816406,39743000,0.0,0.0
2022-05-27 00:00:00-04:00,52.132348363108086,54.299855217607835,51.939433739544384,54.09766387939453,37301000,0.0,0.0
2022-05-31 00:00:00-04:00,54.21080604974697,54.44545522707644,53.422451753433776,53.80550003051758,30009000,0.0,0.0
2022-06-01 00:00:00-04:00,54.49647378972296,54.80810698746239,52.72036163086491,53.20172119140625,18345000,0.0,0.0
2022-06-02 00:00:00-04:00,53.58477291600904,53.58662684371156,52.69254190492922,53.49109649658203,29488000,0.0,0.0
2022-06-03 00:00:00-04:00,52.76116587892607,52.82886960719018,52.02938820729554,52.24641799926758,20562000,0.0,0.0
2022-06-06 00:00:00-04:00,53.00694724593101,53.11824303618214,51.71034085231855,52.05257797241211,14557000,0.0,0.0
2022-06-07 00:00:00-04:00,51.98858076245183,53.287041050129616,51.70940902324812,53.14328384399414,15895000,0.0,0.0
2022-06-08 00:00:00-04:00,53.03476304306129,53.44748826597614,52.13697052038091,52.43561553955078,24004000,0.0,0.0
2022-06-09 00:00:00-04:00,52.04609631771004,53.20358055637595,51.56102531439487,51.58792495727539,18787000,0.0,0.0
2022-06-10 00:00:00-04:00,51.0193710369422,51.10748212108309,50.05758251115879,50.20133972167969,24018000,0.0,0.0
2022-06-13 00:00:00-04:00,48.85743164644361,49.43431793317632,47.859470344046024,48.00786590576172,31619000,0.0,0.0
2022-06-14 00:00:00-04:00,48.68957128428898,48.68957128428898,47.72685205318675,48.244380950927734,24380000,0.0,0.0
2022-06-15 00:00:00-04:00,49.077243676825006,49.51129973380604,47.81309516947275,48.8509407043457,19141000,0.0,0.0
2022-06-16 00:00:00-04:00,47.481985199501395,47.71199954787404,45.65764648431295,46.11210632324219,37244000,0.0,0.0
2022-06-17 00:00:00-04:00,45.90991818195658,46.407043109656776,45.24862870504395,46.24844741821289,43504000,0.0,0.0
2022-06-21 00:00:00-04:00,47.139663941606564,47.77837856170607,47.028380108727475,47.11067199707031,21901000,0.41,0.0
2022-06-22 00:00:00-04:00,46.41303660590696,47.110666109164264,46.21571518007807,46.39339828491211,24721000,0.0,0.0
2022-06-23 00:00:00-04:00,46.92175923677046,46.92175923677046,45.917397447680166,46.43828201293945,16707000,0.0,0.0
2022-06-24 00:00:00-04:00,47.225687871010194,47.86159840891956,46.89370574079229,47.60816955566406,21201000,0.0,0.0
2022-06-27 00:00:00-04:00,48.04863170876229,48.071073973385694,47.02182407951196,47.292083740234375,13207000,0.0,0.0
2022-06-28 00:00:00-04:00,47.9373569917577,48.081371360648035,46.581370919314395,46.61316680908203,15667000,0.0,0.0
2022-06-29 00:00:00-04:00,46.33541718680477,46.37749777364172,45.51153880011379,45.861289978027344,14444000,0.0,0.0
2022-06-30 00:00:00-04:00,45.6387279751829,46.17270486033938,44.95418704567356,45.431121826171875,18890000,0.0,0.0
2022-07-01 00:00:00-04:00,44.83261670692367,45.28710206545068,43.899323722584185,44.685794830322266,21315000,0.0,0.0
2022-07-05 00:00:00-04:00,44.13965851519265,44.600693528821544,43.38311046381923,44.541778564453125,20711000,0.0,0.0
2022-07-06 00:00:00-04:00,44.937356335722455,45.54708256872065,44.46696766187355,45.13187026977539,22975000,0.0,0.0
2022-07-07 00:00:00-04:00,45.64621215875355,46.888106984227136,45.64621215875355,46.621585845947266,21319000,0.0,0.0
2022-07-08 00:00:00-04:00,46.102562671593574,46.72351176345422,45.82294936402205,46.63560485839844,12713000,0.0,0.0
2022-07-11 00:00:00-04:00,45.775261230956424,45.97444840611833,44.97943647683735,45.15524673461914,21449000,0.0,0.0
2022-07-12 00:00:00-04:00,45.61909124733451,46.06609588348386,44.894338997690646,45.01591110229492,21159000,0.0,0.0
2022-07-13 00:00:00-04:00,44.41833817717264,45.41521935117225,44.166778586745444,45.0495719909668,17665000,0.0,0.0
2022-07-14 00:00:00-04:00,45.11691026723901,45.51248428757288,44.273393358998845,45.321712493896484,19957000,0.0,0.0
2022-07-15 00:00:00-04:00,45.90056926681538,46.26621662510548,45.46104186413234,46.24003219604492,18714000,0.0,0.0
2022-07-18 00:00:00-04:00,46.77307469621812,46.98348834596482,45.65368677937057,45.92207717895508,18042000,0.0,0.0
2022-07-19 00:00:00-04:00,46.45886655139996,47.81952593665078,46.373767147240336,47.59976577758789,27257000,0.0,0.0
2022-07-20 00:00:00-04:00,47.65025818868858,48.40493698532093,47.176130934154145,47.85879898071289,27412000,0.0,0.0
2022-07-21 00:00:00-04:00,47.93174504453136,48.423637763900665,47.32108417221101,48.41148376464844,13912000,0.0,0.0
2022-07-22 00:00:00-04:00,48.51716617411258,48.608811699618016,47.38281289089945,47.92894744873047,17867000,0.0,0.0
2022-07-25 00:00:00-04:00,47.73629435625589,48.00375010785171,47.36877413035248,47.98411178588867,15061000,0.0,0.0
2022-07-26 00:00:00-04:00,48.126263177893065,48.330127180216074,47.59228268569366,47.79521560668945,17958000,0.0,0.0
2022-07-27 00:00:00-04:00,48.4601169779396,49.58137796193813,48.34135237638484,49.356937408447266,25699000,0.0,0.0
2022-07-28 00:00:00-04:00,49.43174130031287,50.17332426227336,48.682674015405524,49.90119171142578,14867000,0.0,0.0
2022-07-29 00:00:00-04:00,49.748771094523136,50.295840242339345,49.58885698280021,50.07607650756836,18482000,0.0,0.0
2022-08-01 00:00:00-04:00,49.69733584171028,50.47913022193074,49.60475211192519,50.159305572509766,11485000,0.0,0.0
2022-08-02 00:00:00-04:00,49.86472181598543,50.423948460269195,49.304560523121,49.676753997802734,13072000,0.0,0.0
2022-08-03 00:00:00-04:00,50.05829393683934,51.24688494001058,49.94887942340607,51.12905502319336,19228000,0.0,0.0
2022-08-04 00:00:00-04:00,51.28523478880046,51.72850080113631,50.96727946741974,51.695770263671875,16293000,0.0,0.0
2022-08-05 00:00:00-04:00,50.956992770807,51.620957114729016,50.805494088449834,51.56858825683594,14357000,0.0,0.0
2022-08-08 00:00:00-04:00,51.37315076103958,51.713548410712434,50.380942625514976,51.01591873168945,13722000,0.0,0.0
2022-08-09 00:00:00-04:00,50.41366955190243,50.43798468723794,49.35319645971888,49.8254508972168,20072000,0.0,0.0
2022-08-10 00:00:00-04:00,51.06547784586349,51.52932045808731,50.42769782141724,51.47227478027344,19519000,0.0,0.0
2022-08-11 00:00:00-04:00,51.80331687003515,52.160548845843685,50.89620828288534,51.00655746459961,14268000,0.0,0.0
2022-08-12 00:00:00-04:00,51.229117492271975,52.220390682773576,51.027122833324285,52.20355987548828,18399000,0.0,0.0
2022-08-15 00:00:00-04:00,51.82950771166017,52.34945779482873,51.4806910976019,52.2718391418457,14329000,0.0,0.0
2022-08-16 00:00:00-04:00,52.13716853020299,52.176445176329025,51.06079935620946,51.58823013305664,14782000,0.0,0.0
2022-08-17 00:00:00-04:00,50.90743202633149,50.93922791656409,49.66086046893215,50.36690902709961,19022000,0.0,0.0
2022-08-18 00:00:00-04:00,50.81765454518245,52.42145804411366,50.65119434177541,52.22414016723633,23459000,0.0,0.0
2022-08-19 00:00:00-04:00,51.514346200306214,51.955742895319354,51.23473288805211,51.28710174560547,16923000,0.0,0.0
2022-08-22 00:00:00-04:00,50.73909517447299,50.78772186773035,49.2877251890226,49.44670104980469,18555000,0.0,0.0
2022-08-23 00:00:00-04:00,49.92363867888022,50.27619741203591,49.46166897985536,49.54302978515625,9003000,0.0,0.0
2022-08-24 00:00:00-04:00,49.522463072500415,49.685181136306475,48.95014411929555,49.64216232299805,11883000,0.0,0.0
2022-08-25 00:00:00-04:00,49.88623306763057,51.478813606018484,49.77494924124976,51.446083068847656,17345000,0.0,0.0
2022-08-26 00:00:00-04:00,51.32544674028717,51.52650677796355,48.628439716561374,48.7088623046875,25682000,0.0,0.0
2022-08-29 00:00:00-04:00,48.62844026079241,48.88467310775761,47.8803111240986,48.08417510986328,16580000,0.0,0.0
2022-08-30 00:00:00-04:00,48.332929131226194,48.432993614560765,46.88810501271282,47.35568618774414,18282000,0.0,0.0
2022-08-31 00:00:00-04:00,47.70823480813177,47.70823480813177,46.43454431905585,46.67488098144531,32445000,0.0,0.0
2022-09-01 00:00:00-04:00,45.9604181034227,46.13061688943774,44.96634089713125,46.01091766357422,31930000,0.0,0.0
2022-09-02 00:00:00-04:00,48.44140887750743,48.61067303406054,46.59914147910014,46.778690338134766,40426000,0.0,0.0
2022-09-06 00:00:00-04:00,46.62064777082813,47.13218238785308,45.85755354776419,46.589786529541016,24738000,0.0,0.0
2022-09-07 00:00:00-04:00,47.030244059955656,47.63997023357103,46.67207746803931,47.237850189208984,20440000,0.0,0.0
2022-09-08 00:00:00-04:00,47.001251561336986,47.949505994406636,46.63653886667339,47.87376022338867,22535000,0.0,0.0
2022-09-09 00:00:00-04:00,48.20201038989653,49.18673772710591,48.20201038989653,48.85288619995117,23019000,0.0,0.0
2022-09-12 00:00:00-04:00,49.259675007326464,49.68143341782637,49.05487636921175,49.4756965637207,18157000,0.0,0.0
2022-09-13 00:00:00-04:00,48.05237688242508,48.46665450881057,46.91521993650218,47.099449157714844,35136000,0.0,0.0
2022-09-14 00:00:00-04:00,47.424891774138686,47.97383021720553,47.017160198797676,47.76342010498047,20605000,0.0,0.0
2022-09-15 00:00:00-04:00,47.59321505328418,47.839159620540855,46.503750148202414,46.77120590209961,36574000,0.0,0.0
2022-09-16 00:00:00-04:00,46.54488948031458,47.10318139262048,45.809852693917975,46.99189758300781,59012000,0.0,0.0
2022-09-19 00:00:00-04:00,46.236296004481844,47.075135993928725,46.236296004481844,46.93018341064453,17948000,0.0,0.0
2022-09-20 00:00:00-04:00,46.38404062648417,46.648692396292795,45.79676034481064,46.10910415649414,17132000,0.0,0.0
2022-09-21 00:00:00-04:00,46.300541096586436,47.1388713890076,45.43109078768898,45.46598434448242,20669000,0.41,0.0
2022-09-22 00:00:00-04:00,45.49332943535601,45.56688289247253,44.604076160737826,45.03880310058594,23540000,0.0,0.0
2022-09-23 00:00:00-04:00,44.78796724770689,45.074641226451426,43.566778977764095,44.19670486450195,29649000,0.0,0.0
2022-09-26 00:00:00-04:00,44.224981356995926,44.632361757980476,43.50169921315496,43.591285705566406,19361000,0.0,0.0
2022-09-27 00:00:00-04:00,44.278744377396876,44.31080328287585,43.04906663802174,43.82609939575195,17850000,0.0,0.0
2022-09-28 00:00:00-04:00,43.50452762378336,44.203294365912605,43.03396830281941,43.9401969909668,27605000,0.0,0.0
2022-09-29 00:00:00-04:00,43.46303660067764,43.50735860498835,41.95234369260972,42.44742202758789,39997000,0.0,0.0
2022-09-30 00:00:00-04:00,42.346526055700146,43.172600445859516,41.83541817984881,41.87031173706055,27202000,0.0,0.0
2022-10-03 00:00:00-04:00,42.36350136917767,43.467760141822154,42.14943838999151,43.074527740478516,21479000,0.0,0.0
2022-10-04 00:00:00-04:00,44.17973028896386,45.279273157134654,43.93077732248271,45.25098419189453,27277000,0.0,0.0
2022-10-05 00:00:00-04:00,44.56164164890209,46.027066633465694,44.4588531501898,45.716819763183594,18493000,0.0,0.0
2022-10-06 00:00:00-04:00,45.62158282630654,46.17889770361996,45.143479923655015,45.21703338623047,17250000,0.0,0.0
2022-10-07 00:00:00-04:00,44.545608332524296,44.63613732192234,43.285756755676935,43.42343521118164,28425000,0.0,0.0
2022-10-10 00:00:00-04:00,43.37817018813682,43.38759864233384,40.72266998541533,41.275272369384766,33454000,0.0,0.0
2022-10-11 00:00:00-04:00,41.03953214738785,41.36958208946378,40.13236065373626,40.6208381652832,28046000,0.0,0.0
2022-10-12 00:00:00-04:00,40.76133684678811,41.08855927271955,40.36150344654347,40.60291290283203,15046000,0.0,0.0
2022-10-13 00:00:00-04:00,39.362862507738726,41.84767577010887,39.14125605414263,41.30073547363281,27980000,0.0,0.0
2022-10-14 00:00:00-04:00,41.80146822494124,41.86559322637862,40.21062068423316,40.27568817138672,22816000,0.0,0.0
2022-10-17 00:00:00-04:00,41.44973191376032,41.609098340194365,40.86884053398069,41.0555534362793,24120000,0.0,0.0
2022-10-18 00:00:00-04:00,42.26637542583057,42.29843793135592,40.56425316178585,41.004638671875,20341000,0.0,0.0
2022-10-19 00:00:00-04:00,40.85375892776695,41.33186186707394,40.63215243997422,41.04895782470703,12702000,0.0,0.0
2022-10-20 00:00:00-04:00,41.03291835926285,41.69868014608571,40.3737575692241,40.57744598388672,23402000,0.0,0.0
2022-10-21 00:00:00-04:00,40.746247602606836,42.497407649278074,40.47089068761368,42.409706115722656,26980000,0.0,0.0
2022-10-24 00:00:00-04:00,42.69261070906112,43.26407367008304,42.53984527052582,43.050010681152344,25287000,0.0,0.0
2022-10-25 00:00:00-04:00,43.188632100275164,43.77989446418554,43.0792425914767,43.3847770690918,18246000,0.0,0.0
2022-10-26 00:00:00-04:00,43.18863389829674,44.487149186990756,42.9387384491345,43.48945236206055,29291000,0.0,0.0
2022-10-27 00:00:00-04:00,43.94869870004367,44.39379667998148,42.89819379520677,42.944400787353516,18512000,0.0,0.0
2022-10-28 00:00:00-04:00,43.09150792445436,44.73044781988318,42.967973917112666,44.59465789794922,23094000,0.0,0.0
2022-10-31 00:00:00-04:00,44.024127133611614,44.586154350454336,43.85061264725813,44.332489013671875,19259000,0.0,0.0
2022-11-01 00:00:00-04:00,44.8681315157511,44.96525793366915,43.677117017393634,44.1231575012207,16324000,0.0,0.0
2022-11-02 00:00:00-04:00,44.34757902598938,45.30661220190971,42.97456439488803,43.00379943847656,21070000,0.0,0.0
2022-11-03 00:00:00-04:00,42.523819217653696,42.704873634065585,41.62042131554201,41.88068771362305,23887000,0.0,0.0
2022-11-04 00:00:00-04:00,43.08207826152459,44.216511153128366,42.74448124348727,43.87797164916992,28891000,0.0,0.0
2022-11-07 00:00:00-05:00,44.01658384479857,45.051059063356156,43.52622506528436,44.81342315673828,17687000,0.0,0.0
2022-11-08 00:00:00-05:00,45.38206070330768,46.09402962391584,44.65123127385121,45.463157653808594,20743000,0.0,0.0
2022-11-09 00:00:00-05:00,45.122730592798845,45.169883660828845,44.22970731400367,44.27119827270508,23695000,0.0,0.0
2022-11-10 00:00:00-05:00,46.30148880588921,47.826326617966956,45.94220743769656,47.76974868774414,33970000,0.0,0.0
2022-11-11 00:00:00-05:00,47.60282848059536,48.94189566527086,47.33878858387363,48.8560791015625,26728000,0.0,0.0
2022-11-14 00:00:00-05:00,48.601473669236576,49.509583900799015,48.37609366282691,48.3968391418457,21608000,0.0,0.0
2022-11-15 00:00:00-05:00,49.97542035020613,50.2215458014891,48.650501361417284,49.452999114990234,23315000,0.0,0.0
2022-11-16 00:00:00-05:00,48.72689179824581,48.89851773671723,48.11959641868841,48.25633239746094,25405000,0.0,0.0
2022-11-17 00:00:00-05:00,47.62168956135636,48.35157282635572,47.446290086158825,48.29216384887695,20375000,0.0,0.0
2022-11-18 00:00:00-05:00,48.74103940141511,48.82213634974333,48.18749445323384,48.57978439331055,14536000,0.0,0.0
2022-11-21 00:00:00-05:00,48.37043214768272,49.11634844390972,48.19786373122696,48.79478454589844,18622000,0.0,0.0
2022-11-22 00:00:00-05:00,49.316270375795625,50.00560520129623,48.94284095874901,49.983917236328125,18920000,0.0,0.0
2022-11-23 00:00:00-05:00,50.01220565211295,51.06176788758772,49.86604121639456,50.322452545166016,13964000,0.0,0.0
2022-11-25 00:00:00-05:00,50.04426802965616,50.4110964439756,49.93016609706747,49.9707145690918,7455000,0.0,0.0
2022-11-28 00:00:00-05:00,49.53033008204885,49.86226854287765,48.68162881816505,49.24460220336914,23505000,0.0,0.0
2022-11-29 00:00:00-05:00,49.31910124963687,49.58785720634229,48.54866942562761,49.16727828979492,12694000,0.0,0.0
2022-11-30 00:00:00-05:00,49.42377007142718,52.021746472575686,48.831565256165796,51.962337493896484,47349000,0.0,0.0
2022-12-01 00:00:00-05:00,51.96233614926466,52.0934136127279,51.107030339386576,51.93593215942383,23006000,0.0,0.0
2022-12-02 00:00:00-05:00,50.644023701265766,51.17681958370975,50.552552212323114,50.997650146484375,19320000,0.0,0.0
2022-12-05 00:00:00-05:00,50.71191750849527,50.873172516444534,49.55390819772337,50.039554595947266,18548000,0.0,0.0
2022-12-06 00:00:00-05:00,50.04049848022885,50.31585543437345,49.201225621326124,49.58502960205078,19655000,0.0,0.0
2022-12-07 00:00:00-05:00,48.998483510667796,49.507706497993034,48.663717546020976,48.894752502441406,16524000,0.0,0.0
2022-12-08 00:00:00-05:00,49.11258175964734,50.20740850159425,49.07202968994458,50.08104705810547,27514000,0.0,0.0
2022-12-09 00:00:00-05:00,51.953859561718204,52.11416850119227,51.016510558562395,51.3673095703125,37028000,0.0,0.0
2022-12-12 00:00:00-05:00,51.3701329869747,52.513055344349745,51.13343954002767,52.490421295166016,23416000,0.0,0.0
2022-12-13 00:00:00-05:00,54.300053053248504,54.86773894486645,53.282549566855366,53.84929656982422,40414000,0.0,0.0
2022-12-14 00:00:00-05:00,53.61448053169689,55.227016163775666,53.53715352954378,54.1699104309082,35218000,0.0,0.0
2022-12-15 00:00:00-05:00,53.16466903339651,53.4202229881629,52.591324683337646,52.61961364746094,36876000,0.0,0.0
2022-12-16 00:00:00-05:00,52.567741624316405,52.78934807517691,51.94724787863547,52.42251968383789,49549000,0.0,0.0
2022-12-19 00:00:00-05:00,52.68021510798812,52.914128100479005,51.89098954460067,52.26278305053711,25092000,0.46,0.0
2022-12-20 00:00:00-05:00,51.83868784970028,52.2028749062128,51.43456797008516,51.729339599609375,29831000,0.0,0.0
2022-12-21 00:00:00-05:00,52.07640991699765,53.4304551918322,52.007948461637454,53.36579513549805,25619000,0.0,0.0
2022-12-22 00:00:00-05:00,52.61650521866194,52.767694255305166,52.03172092582953,52.59178161621094,27553000,0.0,0.0
2022-12-23 00:00:00-05:00,52.297960290495105,52.64217549211412,52.055486913507394,52.529022216796875,13761000,0.0,0.0
2022-12-27 00:00:00-05:00,52.44535009236524,53.069124141062076,52.00699944231659,52.63457489013672,16677000,0.0,0.0
2022-12-28 00:00:00-05:00,52.45390279195828,53.03678632345691,51.58004904224225,51.81206130981445,15410000,0.0,0.0
2022-12-29 00:00:00-05:00,52.473879214034234,53.49606384054069,52.34550944663539,53.04059600830078,18176000,0.0,0.0
2022-12-30 00:00:00-05:00,52.471016902511195,53.21555056322231,52.10873418442895,53.16610336303711,14376000,0.0,0.0
2023-01-03 00:00:00-05:00,53.72426537027059,53.9686394332905,52.37307496054891,52.62886047363281,20173000,0.0,0.0
2023-01-04 00:00:00-05:00,53.53313964382501,54.024742443631354,52.871333579954786,53.27164840698242,17074000,0.0,0.0
2023-01-05 00:00:00-05:00,52.840913294801844,53.23362539205373,52.404463343850146,52.77530288696289,16277000,0.0,0.0
2023-01-06 00:00:00-05:00,53.54550087311243,56.196530126121544,53.46752867769981,55.95215606689453,35261000,0.0,0.0
2023-01-09 00:00:00-05:00,56.32015653209083,57.21112399025755,53.30208855668758,54.854862213134766,37739000,0.0,0.0
2023-01-10 00:00:00-05:00,54.3898827307997,54.68750542536342,52.297013116941486,54.668487548828125,44635000,0.0,0.0
2023-01-11 00:00:00-05:00,54.48496477209816,54.99273079638148,53.902081223816666,54.97371292114258,22502000,0.0,0.0
2023-01-12 00:00:00-05:00,54.731246661586916,55.63648022966202,54.557238340096866,55.335052490234375,19514000,0.0,0.0
2023-01-13 00:00:00-05:00,54.87957596592017,55.334093377563285,54.83393379209865,55.05548858642578,19647000,0.0,0.0
2023-01-17 00:00:00-05:00,54.665631467238946,55.660241290178995,54.63139711625351,55.07830810546875,15835000,0.0,0.0
2023-01-18 00:00:00-05:00,55.45580792554778,55.86943857245061,54.55343273106367,54.60763168334961,15703000,0.0,0.0
2023-01-19 00:00:00-05:00,54.11603023216099,54.20541389009064,53.278311442485034,53.555015563964844,22692000,0.0,0.0
2023-01-20 00:00:00-05:00,53.53694873555429,54.329025303191905,53.16420490104246,54.27387237548828,22950000,0.0,0.0
2023-01-23 00:00:00-05:00,54.38987760746552,55.606042223120184,54.17878391328379,55.305564880371094,23429000,0.0,0.0
2023-01-24 00:00:00-05:00,55.00224287642077,55.786709392066335,54.73504589424126,55.62886428833008,13825000,0.0,0.0
2023-01-25 00:00:00-05:00,54.92901918978587,55.813330407622715,54.77402877153541,55.690670013427734,13766000,0.0,0.0
2023-01-26 00:00:00-05:00,56.14043743108085,57.105571987976916,55.74582465711881,56.917301177978516,24525000,0.0,0.0
2023-01-27 00:00:00-05:00,56.417138144310826,56.98100381785263,56.11951546977172,56.19558334350586,19344000,0.0,0.0
2023-01-30 00:00:00-05:00,55.43583232090131,56.064357993851466,55.12775219770926,55.288448333740234,16984000,0.0,0.0
2023-01-31 00:00:00-05:00,55.34741320423344,55.83806210676063,55.22094776586304,55.62696838378906,23719000,0.0,0.0
2023-02-01 00:00:00-05:00,55.490040490342096,57.841550365118046,55.40731653459415,57.31381607055664,26553000,0.0,0.0
2023-02-02 00:00:00-05:00,57.777834192496606,58.301763402129765,57.02854516213874,57.60097122192383,24188000,0.0,0.0
2023-02-03 00:00:00-05:00,56.86214689761729,57.816823957553815,56.695745017154714,56.82601547241211,19093000,0.0,0.0
2023-02-06 00:00:00-05:00,56.4190346049505,57.35849508281266,56.31634243903124,57.17593002319336,18709000,0.0,0.0
2023-02-07 00:00:00-05:00,57.11508387848284,58.669758125710295,57.025700220335644,58.426334381103516,24025000,0.0,0.0
2023-02-08 00:00:00-05:00,57.68749751787201,58.02030486954363,57.11127008624508,57.21491622924805,15290000,0.0,0.0
2023-02-09 00:00:00-05:00,58.250424189387836,58.47197901728637,56.6225330431438,56.9962272644043,18837000,0.0,0.0
2023-02-10 00:00:00-05:00,56.7014432563596,56.9058808617328,56.06626151806343,56.41047668457031,21035000,0.0,0.0
2023-02-13 00:00:00-05:00,56.57688409062064,57.19304801589345,56.431400790460856,57.158817291259766,19847000,0.0,0.0
2023-02-14 00:00:00-05:00,56.49796360225745,57.58290749289407,56.417140349727696,57.27197265625,17571000,0.0,0.0
2023-02-15 00:00:00-05:00,56.94392319231279,57.839642282996564,56.738531586325564,57.78354263305664,12683000,0.0,0.0
2023-02-16 00:00:00-05:00,57.12363262191373,57.90239697429652,57.009529004552874,57.10366439819336,17449000,0.0,0.0
2023-02-17 00:00:00-05:00,57.05232051630708,57.13314376648919,56.334411134169336,56.63298416137695,14215000,0.0,0.0
2023-02-21 00:00:00-05:00,56.10145458867666,56.39527227204799,55.13536962591334,55.29701614379883,22737000,0.0,0.0
2023-02-22 00:00:00-05:00,55.36452038181554,55.44439328106596,54.39938588858411,54.78639221191406,23475000,0.0,0.0
2023-02-23 00:00:00-05:00,55.697336893263255,55.715404421711675,54.54963351215376,55.51191711425781,18939000,0.0,0.0
2023-02-24 00:00:00-05:00,54.91571186074517,55.17339809888401,54.54297164268593,54.9366340637207,15353000,0.0,0.0
2023-02-27 00:00:00-05:00,55.70874043179636,56.082430986181464,55.55564707757709,55.668800354003906,18321000,0.0,0.0
2023-02-28 00:00:00-05:00,55.679260413303695,56.91729761032761,55.35786448862978,56.50937271118164,27822000,0.0,0.0
2023-03-01 00:00:00-05:00,56.481800768027114,56.882115634438925,56.12997550070007,56.44091033935547,15484000,0.0,0.0
2023-03-02 00:00:00-05:00,56.04344415643553,57.1417037855773,55.73345968057763,56.923954010009766,27525000,0.0,0.0
2023-03-03 00:00:00-05:00,58.73536747358033,60.44979112945338,58.54994771240406,60.167381286621094,46088000,0.0,0.0
2023-03-06 00:00:00-05:00,60.380372034843134,61.240910034607296,60.06943720986512,60.18259048461914,24983000,0.0,0.0
2023-03-07 00:00:00-05:00,60.36801145215871,60.45454042871589,59.287822956084774,59.443763732910156,19334000,0.0,0.0
2023-03-08 00:00:00-05:00,59.693846260220866,60.16452691580656,59.30303850971448,60.11983871459961,20912000,0.0,0.0
2023-03-09 00:00:00-05:00,59.91253563876395,61.087816982973216,59.13282097726007,59.19367599487305,21775000,0.0,0.0
2023-03-10 00:00:00-05:00,59.73283084471428,59.92015130153809,58.27134171065353,58.462467193603516,26098000,0.0,0.0
2023-03-13 00:00:00-04:00,57.72648673164115,59.371494823078514,57.70651850710016,58.618404388427734,22364000,0.0,0.0
2023-03-14 00:00:00-04:00,59.27641243573177,60.22538377097592,58.8114338924491,60.138851165771484,25893000,0.0,0.0
2023-03-15 00:00:00-04:00,59.68337939628911,59.91159026540328,58.59272985461577,59.52838897705078,22963000,0.0,0.0
2023-03-16 00:00:00-04:00,59.12997876375058,60.57720539069255,58.74582347297492,60.523006439208984,31716000,0.0,0.0
2023-03-17 00:00:00-04:00,60.52300688303674,60.81492384525602,59.62728414327646,59.99717330932617,79303000,0.0,0.0
2023-03-20 00:00:00-04:00,60.16547350049743,61.306520630251576,60.05707560104142,61.20858383178711,25857000,0.0,0.0
2023-03-21 00:00:00-04:00,61.58975000331899,61.92494910697304,60.75079140097667,60.98255920410156,25000000,0.46,0.0
2023-03-22 00:00:00-04:00,60.996923283680026,62.10787356201783,60.40026888968509,60.42420959472656,25799000,0.0,0.0
2023-03-23 00:00:00-04:00,61.188471981987,62.07723373560484,60.48263578846142,61.22007751464844,27162000,0.0,0.0
2023-03-24 00:00:00-04:00,61.10514551916175,61.22677437952995,60.19722911351831,60.92700958251953,17228000,0.0,0.0
2023-03-27 00:00:00-04:00,61.19804446025924,61.20762001129376,59.952053739037225,60.0334587097168,14707000,0.0,0.0
2023-03-28 00:00:00-04:00,59.87927836929916,60.00473966643781,59.26921591617614,59.828521728515625,12439000,0.0,0.0
2023-03-29 00:00:00-04:00,60.60234626407182,60.720146371290554,59.82276631496908,59.905128479003906,26395000,0.0,0.0
2023-03-30 00:00:00-04:00,60.59755567592547,60.91551804922556,60.26906056153906,60.69524383544922,21523000,0.0,0.0
2023-03-31 00:00:00-04:00,60.38782100729871,61.50643251095144,59.944397333844705,61.441307067871094,22097000,0.0,0.0
2023-04-03 00:00:00-04:00,61.19804509830675,61.66732382520784,60.95286934055195,61.530372619628906,15682000,0.0,0.0
2023-04-04 00:00:00-04:00,61.59550141975045,61.69989356513208,60.5276465668863,60.75845718383789,13429000,0.0,0.0
2023-04-05 00:00:00-04:00,60.44527825788305,60.4989101131038,59.924282049053986,60.24128723144531,16908000,0.0,0.0
2023-04-06 00:00:00-04:00,59.776787346838134,60.18285862530283,59.27973190190425,59.6312141418457,14493000,0.0,0.0
2023-04-10 00:00:00-04:00,59.19163103268014,60.132106548600134,59.03839663600448,60.08613586425781,15400000,0.0,0.0
2023-04-11 00:00:00-04:00,60.410805478143125,60.4203846834867,59.45692194679973,59.528751373291016,16518000,0.0,0.0
2023-04-12 00:00:00-04:00,60.081352398796476,60.09858912276473,59.020201509240955,59.062339782714844,14112000,0.0,0.0
2023-04-13 00:00:00-04:00,59.289328234553686,60.000911280470405,59.101613055949635,59.78446578979492,17265000,0.0,0.0
2023-04-14 00:00:00-04:00,59.42435850528818,60.14743505732569,58.919641799646065,59.33433151245117,17465000,0.0,0.0
2023-04-17 00:00:00-04:00,59.24526952672072,60.17712678541866,59.16865049310035,60.08327102661133,13201000,0.0,0.0
2023-04-18 00:00:00-04:00,60.49124875539896,60.862842981655,60.06123672516863,60.55828857421875,16806000,0.0,0.0
2023-04-19 00:00:00-04:00,60.028679482094915,60.9863954422049,59.909922176952186,60.7670783996582,19060000,0.0,0.0
2023-04-20 00:00:00-04:00,60.13114778694821,61.55527446773701,60.062193588935315,60.625328063964844,20239000,0.0,0.0
2023-04-21 00:00:00-04:00,60.393571586116295,60.700040410347675,59.56897806107077,60.61384582519531,14807000,0.0,0.0
2023-04-24 00:00:00-04:00,60.68470996218329,61.183679868222505,60.50753485536972,60.770904541015625,12338000,0.0,0.0
2023-04-25 00:00:00-04:00,60.718234521166714,60.909778450278544,59.545033892126185,59.57184982299805,23670000,0.0,0.0
2023-04-26 00:00:00-04:00,59.37551125139324,59.67814761929672,58.756826898717314,59.013492584228516,17179000,0.0,0.0
2023-04-27 00:00:00-04:00,59.01349170346055,59.38700029560175,57.772294257581734,59.226104736328125,18250000,0.0,0.0
2023-04-28 00:00:00-04:00,59.28932866160435,60.02772764501211,58.8573985204885,60.000911712646484,16183000,0.0,0.0
2023-05-01 00:00:00-04:00,60.00090683533707,61.1970909516386,59.97217287199762,61.09748840332031,17030000,0.0,0.0
2023-05-02 00:00:00-04:00,59.93002919738528,60.00090142937516,57.94372520264946,58.644775390625,28357000,0.0,0.0
2023-05-03 00:00:00-04:00,59.081492378271534,59.56513992926939,58.65052314728333,58.72713851928711,19816000,0.0,0.0
2023-05-04 00:00:00-04:00,58.42067466426025,58.79993010390737,57.58650559637299,58.435997009277344,17684000,0.0,0.0
2023-05-05 00:00:00-04:00,58.99051569038692,60.47688907657008,58.74342552816937,60.347599029541016,24876000,0.0,0.0
2023-05-08 00:00:00-04:00,60.3150325302215,60.40601670975738,59.43393200294848,60.24607467651367,13934000,0.0,0.0
2023-05-09 00:00:00-04:00,59.63985207833257,59.76818860454552,58.98190087088354,59.23569869995117,16990000,0.0,0.0
2023-05-10 00:00:00-04:00,59.575678081677644,60.14455938313244,59.2127021969189,59.97887420654297,19174000,0.0,0.0
2023-05-11 00:00:00-04:00,60.00856088601547,60.19052558305302,59.185881856796506,60.11294937133789,14430000,0.0,0.0
2023-05-12 00:00:00-04:00,60.180955561021456,60.594688088054276,59.78158818857505,60.44624328613281,11942000,0.0,0.0
2023-05-15 00:00:00-04:00,60.51519778822539,61.2957349695767,60.1895742202059,61.27466583251953,14614000,0.0,0.0
2023-05-16 00:00:00-04:00,61.33787641927744,61.955607328694796,61.17219488381532,61.431732177734375,14967000,0.0,0.0
2023-05-17 00:00:00-04:00,61.99773245705852,63.2954332650352,61.73244477316301,62.966941833496094,24133000,0.0,0.0
2023-05-18 00:00:00-04:00,62.82616834066763,65.06339152095744,62.82616834066763,64.92356872558594,26389000,0.0,0.0
2023-05-19 00:00:00-04:00,65.12468717804317,65.59875922250534,64.97241360940842,65.34017181396484,22968000,0.0,0.0
2023-05-22 00:00:00-04:00,65.25876379922806,65.57289743447407,64.56154963205336,64.96857452392578,17796000,0.0,0.0
2023-05-23 00:00:00-04:00,66.14370348527243,66.9433955022737,65.31815272599724,65.74720764160156,36088000,0.0,0.0
2023-05-24 00:00:00-04:00,65.26259966689001,65.53746662766811,64.74735381101705,65.07968139648438,23021000,0.0,0.0
2023-05-25 00:00:00-04:00,66.98360962465601,70.14215333334802,66.15614460624289,69.79833221435547,49263000,0.0,0.0
2023-05-26 00:00:00-04:00,71.5825575588831,78.05193329060035,71.54329816213395,77.8364486694336,82500000,0.0,0.0
2023-05-30 00:00:00-04:00,79.98077153389373,88.28033790508523,76.50330093771936,76.93714904785156,116912000,0.0,0.0
2023-05-31 00:00:00-04:00,76.12884649017771,78.69265421719045,75.67201844953541,77.37962341308594,89998000,0.0,0.0
2023-06-01 00:00:00-04:00,76.67664673854011,77.17179152725205,75.19602024182026,75.65476989746094,80792000,0.0,0.0
2023-06-02 00:00:00-04:00,75.72084996912331,78.89375871152116,75.39139401658548,77.76652526855469,62815000,0.0,0.0
2023-06-05 00:00:00-04:00,77.49838167254474,77.49838167254474,76.08862351802692,76.83756256103516,26222000,0.0,0.0
2023-06-06 00:00:00-04:00,76.80881739132802,76.80881739132802,74.35515248187215,75.65956115722656,37823000,0.0,0.0
2023-06-07 00:00:00-04:00,75.64231390562696,77.13921983261946,75.42107885982861,75.91143035888672,28957000,0.0,0.0
2023-06-08 00:00:00-04:00,76.12978950195792,77.09708457467646,75.54271066851467,77.0195083618164,21909000,0.0,0.0
2023-06-09 00:00:00-04:00,77.17273704173766,78.31720707298659,76.98885433137758,77.05972290039062,19241000,0.0,0.0
2023-06-12 00:00:00-04:00,77.68225813632773,82.17203404289651,77.68225813632773,81.91919708251953,51065000,0.0,0.0
2023-06-13 00:00:00-04:00,82.47177257742327,82.67576357014441,80.54389037069328,81.51309967041016,38990000,0.0,0.0
2023-06-14 00:00:00-04:00,81.97090857898247,85.09689353103751,81.13961471873948,84.8708724975586,43524000,0.0,0.0
2023-06-15 00:00:00-04:00,84.70136919389587,85.04231149867297,83.41898304395893,84.60751342773438,33814000,0.0,0.0
2023-06-16 00:00:00-04:00,85.16775504817018,85.23192329505696,82.88551511719226,83.14026641845703,68299000,0.0,0.0
2023-06-20 00:00:00-04:00,82.61832582750284,83.9983963702329,82.46030181359087,83.13262176513672,27535000,0.0,0.0
2023-06-21 00:00:00-04:00,82.80236127270824,83.38005069616462,81.31962043354783,81.61424255371094,23229000,0.46,0.0
2023-06-22 00:00:00-04:00,81.36681077111604,81.73460364351983,80.42517022465873,81.1106948852539,23464000,0.0,0.0
2023-06-23 00:00:00-04:00,80.3000109263474,80.49353393975143,78.84037948286866,79.1581039428711,37413000,0.0,0.0
2023-06-26 00:00:00-04:00,79.43250001462495,80.58787889473157,78.97227597945054,79.1080322265625,21372000,0.0,0.0
2023-06-27 00:00:00-04:00,79.78680838816165,81.83954026511158,79.04736624574626,81.68548583984375,24923000,0.0,0.0
2023-06-28 00:00:00-04:00,80.75445156780609,82.66082748126584,80.59366110545716,81.64120483398438,19445000,0.0,0.0
2023-06-29 00:00:00-04:00,82.26799245118406,83.07579384190132,81.49388587427086,83.0498046875,23386000,0.0,0.0
2023-06-30 00:00:00-04:00,83.6226713682692,84.2051795249306,83.21925183642531,83.5177230834961,23145000,0.0,0.0
2023-07-03 00:00:00-04:00,83.6323018984823,84.41314446600227,83.27605657164935,84.38522338867188,9038000,0.0,0.0
2023-07-05 00:00:00-04:00,83.514862767223,84.42954461969632,82.97087538710501,82.98146057128906,14440000,0.0,0.0
2023-07-06 00:00:00-04:00,81.35813190862793,82.21503945586598,81.29362180113188,81.64698028564453,23939000,0.0,0.0
2023-07-07 00:00:00-04:00,81.88094767127038,82.60884240456264,81.32540556462672,81.5266342163086,19409000,0.0,0.0
2023-07-10 00:00:00-04:00,81.67394585858757,84.64808830930885,81.67394585858757,84.50944519042969,30622000,0.0,0.0
2023-07-11 00:00:00-04:00,84.83487790282459,85.01685342949116,83.24815091825808,84.92538452148438,25498000,0.0,0.0
2023-07-12 00:00:00-04:00,85.59455098082266,86.42161304259756,84.9205737425895,85.68601989746094,28197000,0.0,0.0
2023-07-13 00:00:00-04:00,86.55158679772877,86.55158679772877,84.5614473959731,85.72549438476562,25912000,0.0,0.0
2023-07-14 00:00:00-04:00,85.32110141303703,86.97618772695144,85.32110141303703,85.55410766601562,18510000,0.0,0.0
2023-07-17 00:00:00-04:00,85.78806574857117,87.92552341031717,85.66963804762035,87.65016174316406,26819000,0.0,0.0
2023-07-18 00:00:00-04:00,87.22939506391899,87.60681811909278,86.48609642423573,86.98387908935547,24513000,0.0,0.0
2023-07-19 00:00:00-04:00,86.39078636000788,87.22844084094474,85.2700719072346,86.7855453491211,24118000,0.0,0.0
2023-07-20 00:00:00-04:00,85.93538014222968,87.32761454420226,85.30569763723578,85.53099822998047,28268000,0.0,0.0
2023-07-21 00:00:00-04:00,87.08594473113146,87.72718203267618,86.05958600949619,86.34072875976562,74287000,0.0,0.0
2023-07-24 00:00:00-04:00,86.73067458557573,87.17741928156883,86.09809784723865,86.80673217773438,19992000,0.0,0.0
2023-07-25 00:00:00-04:00,86.7133277580259,88.88544975046855,86.7133277580259,88.38574981689453,20042000,0.0,0.0
2023-07-26 00:00:00-04:00,87.52017404181643,87.67614570943753,85.46455517046424,85.98832702636719,19877000,0.0,0.0
2023-07-27 00:00:00-04:00,87.47202575394527,87.60200825846401,85.30568495865688,86.03068542480469,21922000,0.0,0.0
2023-07-28 00:00:00-04:00,86.58817321293972,86.99641163281969,86.07113732591012,86.6334228515625,18791000,0.0,0.0
2023-07-31 00:00:00-04:00,86.41294433169465,86.74992927498606,85.78711095374155,86.52366638183594,14952000,0.0,0.0
2023-08-01 00:00:00-04:00,86.55543564881626,88.63896836033825,86.43218915650061,88.57927703857422,19683000,0.0,0.0
2023-08-02 00:00:00-04:00,87.8379059558438,87.90530293473955,85.71873925920747,85.91226959228516,26877000,0.0,0.0
2023-08-03 00:00:00-04:00,85.36538497067693,86.2039943461019,84.83198289481076,85.20748138427734,18281000,0.0,0.0
2023-08-04 00:00:00-04:00,85.20748998934226,86.03936342399507,84.08965501134487,84.88687133789062,21156000,0.0,0.0
2023-08-07 00:00:00-04:00,85.46744047691259,86.40041298060873,85.23540388543677,86.37056732177734,11146000,0.0,0.0
2023-08-08 00:00:00-04:00,85.69947550249199,85.74857428735167,84.09252604469634,85.03224182128906,14081000,0.0,0.0
2023-08-09 00:00:00-04:00,84.98989636034042,85.06787852763061,81.7163128126735,81.90983581542969,24672000,0.0,0.0
2023-08-10 00:00:00-04:00,82.1399484307278,82.94679501450803,80.59462922871533,81.15595245361328,20186000,0.0,0.0
2023-08-11 00:00:00-04:00,80.29999347838478,80.53010547689111,79.2861446651994,79.89079284667969,20331000,0.0,0.0
2023-08-14 00:00:00-04:00,80.0227158199507,82.24201228005583,79.66165895992745,82.23431396484375,17688000,0.0,0.0
2023-08-15 00:00:00-04:00,81.76348605051591,82.28437107466672,80.53589866233386,81.1193618774414,14035000,0.0,0.0
2023-08-16 00:00:00-04:00,81.62676432154241,82.27281304813171,80.1026229198911,80.20179748535156,16003000,0.0,0.0
2023-08-17 00:00:00-04:00,80.54071847600672,80.82089896754653,79.62603663902793,79.63470458984375,19228000,0.0,0.0
2023-08-18 00:00:00-04:00,78.95108887749493,79.7377126046454,78.180831413573,79.51337432861328,17759000,0.0,0.0
2023-08-21 00:00:00-04:00,80.30482311435058,83.50908530489086,80.0843413037257,83.2972640991211,30012000,0.0,0.0
2023-08-22 00:00:00-04:00,84.09350504656403,84.2225179212712,81.92426995129111,82.39701843261719,17079000,0.0,0.0
2023-08-23 00:00:00-04:00,81.91369938922713,84.55374416702745,81.83955902728306,84.39872741699219,19692000,0.0,0.0
2023-08-24 00:00:00-04:00,86.87989658864974,87.60297249236994,82.07639835317546,82.26895904541016,30934000,0.0,0.0
2023-08-25 00:00:00-04:00,82.51544770863696,83.71126478370735,80.65238951951882,82.01477813720703,24181000,0.0,0.0
2023-08-28 00:00:00-04:00,82.45479334101245,83.20001667618952,81.56129663944257,82.90635681152344,14306000,0.0,0.0
2023-08-29 00:00:00-04:00,82.64830144752561,85.96424718967894,82.45766534591475,85.68406677246094,27822000,0.0,0.0
2023-08-30 00:00:00-04:00,85.9209318835861,86.52943662990012,84.64231383803144,85.91033935546875,23234000,0.0,0.0
2023-08-31 00:00:00-04:00,86.4620454703501,88.93263161566388,86.05380705859434,88.85753631591797,55203000,0.0,0.0
2023-09-01 00:00:00-04:00,86.83368945144042,86.83368945144042,83.25104930439034,84.00782012939453,65017000,0.0,0.0
2023-09-05 00:00:00-04:00,83.71799000081283,85.01683797438496,83.47632319568352,83.97410583496094,24808000,0.0,0.0
2023-09-06 00:00:00-04:00,84.00588147467987,84.47477343181079,83.45130170140764,83.98373413085938,20142000,0.0,0.0
2023-09-07 00:00:00-04:00,82.7542211634513,82.96508005297864,80.92679704280084,82.51641082763672,27789000,0.0,0.0
2023-09-08 00:00:00-04:00,82.32095890963043,82.88228211568578,81.85110461101213,82.56647491455078,16810000,0.0,0.0
2023-09-11 00:00:00-04:00,83.64675011228066,83.66889745632788,81.42071799109299,82.71955871582031,15710000,0.0,0.0
2023-09-12 00:00:00-04:00,81.86265846652034,82.63580285003198,81.03655878699503,81.31192779541016,16680000,0.0,0.0
2023-09-13 00:00:00-04:00,81.56900304540916,82.71668372066974,81.28497341760014,82.12165832519531,17413000,0.0,0.0
2023-09-14 00:00:00-04:00,82.70898781805748,84.40739939472212,82.32097212545384,83.92310333251953,19648000,0.0,0.0
2023-09-15 00:00:00-04:00,83.58803941832902,83.58803941832902,81.15595933403661,82.00131225585938,50190000,0.0,0.0
2023-09-18 00:00:00-04:00,81.12513822075049,82.44901323286776,80.87672801298254,81.83954620361328,16541000,0.0,0.0
2023-09-19 00:00:00-04:00,81.45345601673701,81.93871427429846,80.73230465555655,81.76251983642578,13126000,0.0,0.0
2023-09-20 00:00:00-04:00,82.28430515788223,82.28430515788223,80.38303434114704,80.40432739257812,13681000,0.46,0.0
2023-09-21 00:00:00-04:00,76.97158553064169,79.62310602986068,76.96965047002767,78.25426483154297,53654000,0.0,0.0
2023-09-22 00:00:00-04:00,78.53306666267224,80.4052968449308,78.44981474402195,80.26008605957031,27764000,0.0,0.0
2023-09-25 00:00:00-04:00,80.1555453289542,81.17781867651966,79.6724818063007,80.7257308959961,15648000,0.0,0.0
2023-09-26 00:00:00-04:00,80.26880162254261,80.37528903996204,78.53016446776248,79.01226043701172,17641000,0.0,0.0
2023-09-27 00:00:00-04:00,79.30945875934077,79.73733612565152,77.8689833457006,79.07228088378906,15352000,0.0,0.0
2023-09-28 00:00:00-04:00,79.39754660628756,81.20685783914766,78.86608441971207,80.54276275634766,16180000,0.0,0.0
2023-09-29 00:00:00-04:00,80.97353143170209,81.70829298686284,79.66277927099347,80.40528106689453,16481000,0.0,0.0
2023-10-02 00:00:00-04:00,80.25816088896464,81.17782438575671,79.7199185565317,80.82835388183594,14676000,0.0,0.0
2023-10-03 00:00:00-04:00,80.05871911302316,80.90577330660113,78.3074969033318,78.8805923461914,18761000,0.0,0.0
2023-10-04 00:00:00-04:00,79.41303849602807,80.40530366345548,79.02290957304501,79.74992370605469,16417000,0.0,0.0
2023-10-05 00:00:00-04:00,79.39173747728529,80.21652379445295,78.94351984876315,79.7547607421875,11474000,0.0,0.0
2023-10-06 00:00:00-04:00,79.32300890410004,82.12941548678998,78.57953202986845,81.826416015625,21103000,0.0,0.0
2023-10-09 00:00:00-04:00,81.36175566873031,82.92518148387923,81.10715483020927,82.85450744628906,15760000,0.0,0.0
2023-10-10 00:00:00-04:00,82.97743596656464,84.46825242594929,82.8390052780952,83.09941864013672,14718000,0.0,0.0
2023-10-11 00:00:00-04:00,83.22526146154594,84.73833845624019,82.9193520282936,84.66283416748047,14334000,0.0,0.0
2023-10-12 00:00:00-04:00,84.84387212645436,88.86133168236746,84.84387212645436,87.66770935058594,43871000,0.0,0.0
2023-10-13 00:00:00-04:00,87.99684380210061,89.63383859714385,85.39178693527569,85.49730682373047,28312000,0.0,0.0
2023-10-16 00:00:00-04:00,86.2514340027004,88.65416645927112,86.2514340027004,87.3743896484375,21150000,0.0,0.0
2023-10-17 00:00:00-04:00,85.68801918621575,86.44600905998077,83.8341793136199,85.61541748046875,33008000,0.0,0.0
2023-10-18 00:00:00-04:00,85.18463740815872,86.7025597318958,84.72480194669312,85.87002563476562,20404000,0.0,0.0
2023-10-19 00:00:00-04:00,85.86904694809407,86.10815249411695,83.80223231618274,84.0113296508789,26620000,0.0,0.0
2023-10-20 00:00:00-04:00,84.69573972109997,84.69573972109997,82.46338905373226,82.63667297363281,26953000,0.0,0.0
2023-10-23 00:00:00-04:00,83.05585719452424,84.56990927915842,81.59021117126017,83.46825408935547,16456000,0.0,0.0
2023-10-24 00:00:00-04:00,83.6405754026805,85.47989505642938,83.55538102511413,85.29692840576172,14972000,0.0,0.0
2023-10-25 00:00:00-04:00,84.9058239251516,85.06652258942374,81.90580040102104,82.24945831298828,21432000,0.0,0.0
2023-10-26 00:00:00-04:00,82.082947278847,82.71315660067205,79.22038717017277,80.03453063964844,27917000,0.0,0.0
2023-10-27 00:00:00-04:00,80.34915637656354,81.33755141044298,80.20781570207558,81.15845489501953,18236000,0.0,0.0
2023-10-30 00:00:00-04:00,81.42370445172635,82.23010036452185,80.07325367577218,81.43822479248047,20889000,0.0,0.0
2023-10-31 00:00:00-04:00,81.69378730109402,81.84964830265625,80.60084738680789,81.44983673095703,14747000,0.0,0.0
2023-11-01 00:00:00-04:00,81.51082363203926,82.65604715079591,80.8883619049722,82.56988525390625,18684000,0.0,0.0
2023-11-02 00:00:00-04:00,83.4469387074148,85.23785925722765,83.25332926805883,84.34723663330078,18759000,0.0,0.0
2023-11-03 00:00:00-04:00,84.94745194742401,85.91551407787898,84.32402265335888,85.44890594482422,18041000,0.0,0.0
2023-11-06 00:00:00-05:00,85.3404725439418,85.75964209292934,84.33853220764655,85.26980590820312,12870000,0.0,0.0
2023-11-07 00:00:00-05:00,85.41405893068035,87.29693945363984,84.81772788039589,86.91455078125,19365000,0.0,0.0
2023-11-08 00:00:00-05:00,87.12558142806411,88.3753498450638,87.02877670362278,88.20303344726562,15280000,0.0,0.0
2023-11-09 00:00:00-05:00,88.33564871785856,90.01039906107832,87.95423504572541,88.22722625732422,24486000,0.0,0.0
2023-11-10 00:00:00-05:00,89.23014929600738,92.83230122274108,88.88841910048858,92.6938705444336,36272000,0.0,0.0
2023-11-13 00:00:00-05:00,91.97072545228212,92.19822060770129,91.04428943140178,91.66869354248047,16893000,0.0,0.0
2023-11-14 00:00:00-05:00,93.16048204220407,94.5573963124805,92.47412642095179,94.18856048583984,23886000,0.0,0.0
2023-11-15 00:00:00-05:00,94.82264330402579,95.03949564570807,93.60289042677944,94.42477416992188,16099000,0.0,0.0
2023-11-16 00:00:00-05:00,93.32119110132825,93.77618148556927,92.01624375960331,92.8904037475586,26198000,0.0,0.0
2023-11-17 00:00:00-05:00,92.7606691755289,95.24665318914406,92.06269581530253,94.65032958984375,19789000,0.0,0.0
2023-11-20 00:00:00-05:00,94.19243465860085,96.79361380088855,94.19243465860085,96.39089965820312,18674000,0.0,0.0
2023-11-21 00:00:00-05:00,94.38605069597229,95.93494851229919,94.0598157321167,94.98625183105469,43344000,0.0,0.0
2023-11-22 00:00:00-05:00,95.22730521584626,95.64357222000314,93.99882972626274,94.09563446044922,33743000,0.0,0.0
2023-11-24 00:00:00-05:00,94.38219284909079,94.85654125140132,93.58741462296953,94.76070404052734,23158000,0.0,0.0
2023-11-27 00:00:00-05:00,94.49737274919812,94.96785095366283,91.90103115948212,91.98912811279297,96962000,0.0,0.0
2023-11-28 00:00:00-05:00,90.99202221288643,92.04914130115542,90.43247954449225,91.612548828125,39025000,0.0,0.0
2023-11-29 00:00:00-05:00,91.80518475433556,92.87876655779473,90.93683013029231,91.07817077636719,34843000,0.0,0.0
2023-11-30 00:00:00-05:00,91.09463276057612,91.2320959102302,88.90390798098242,89.61640167236328,49571000,0.0,0.0
2023-12-01 00:00:00-05:00,89.29984567741242,90.40730584155823,87.90002891063935,90.0297622680664,29612000,0.0,0.0
2023-12-04 00:00:00-05:00,89.12368763839895,90.1236931853538,88.7170958722194,89.44605255126953,25009000,0.0,0.0
2023-12-05 00:00:00-05:00,88.24854482110108,88.7974299474539,87.69190468065094,88.39568328857422,37066000,0.0,0.0
2023-12-06 00:00:00-05:00,89.09656299730139,89.15561188790853,87.42568250062294,87.47795867919922,24813000,0.0,0.0
2023-12-07 00:00:00-05:00,87.66189017723619,89.46055108923525,87.47795602750463,89.28048706054688,43517000,0.0,0.0
2023-12-08 00:00:00-05:00,89.82067438793597,92.03657004689765,88.14496348952943,91.41410827636719,69668000,0.0,0.0
2023-12-11 00:00:00-05:00,92.64450614671027,100.63101835107996,92.5554490435495,99.63682556152344,101184000,0.0,0.0
2023-12-12 00:00:00-05:00,99.51582680902418,104.49166578742259,99.18571429922248,103.8033676147461,90242000,0.0,0.0
2023-12-13 00:00:00-05:00,103.38902146853702,106.46551638596264,102.86045455093253,105.4887466430664,71654000,0.0,0.0
2023-12-14 00:00:00-05:00,105.72977793186745,108.56426429523935,105.54584382293127,107.11507415771484,66964000,0.0,0.0
2023-12-15 00:00:00-05:00,106.0240984367211,111.31552170098243,105.9660096894957,109.3658447265625,118544000,0.0,0.0
2023-12-18 00:00:00-05:00,108.50040229251756,111.50332839576784,108.2912975694333,111.0367202758789,54741000,0.0,0.0
2023-12-19 00:00:00-05:00,111.06103633912541,111.88378339533058,110.13812348116919,110.82569122314453,36020000,0.525,0.0
2023-12-20 00:00:00-05:00,110.1565835937848,110.99878496057917,107.87701800583167,107.9859390258789,34523000,0.0,0.0
2023-12-21 00:00:00-05:00,110.1517405369971,110.42112719090669,108.43525481003667,109.6304702758789,24106000,0.0,0.0
2023-12-22 00:00:00-05:00,109.69757368997732,110.08852452998644,108.29229198822769,109.11406707763672,19089000,0.0,0.0
2023-12-26 00:00:00-05:00,109.33385526028331,110.42890486731423,109.2152070171045,110.07782745361328,16793000,0.0,0.0
2023-12-27 00:00:00-05:00,110.47752010937603,110.82470958737152,109.20936181219416,109.52153778076172,20055000,0.0,0.0
2023-12-28 00:00:00-05:00,110.05837767110121,110.11186620972593,108.82912068169222,109.1558837890625,21247000,0.0,0.0
2023-12-29 00:00:00-05:00,109.06349157480562,109.3474653100476,108.40315414400415,108.55680847167969,20558000,0.0,0.0
2024-01-02 00:00:00-05:00,106.2101424227356,107.17098475183458,104.74845623461964,105.55467224121094,28831000,0.0,0.0
2024-01-03 00:00:00-05:00,104.0783817654127,104.54519146639068,102.63031084272227,102.94832611083984,34735000,0.0,0.0
2024-01-04 00:00:00-05:00,102.88802008515322,104.01029983837697,101.85813028735066,102.01762390136719,25658000,0.0,0.0
2024-01-05 00:00:00-05:00,102.2695095754662,102.64489385998425,101.28824097316786,102.04388427734375,22475000,0.0,0.0
2024-01-08 00:00:00-05:00,102.7460478342572,104.83695324297666,102.30841232841982,104.53060913085938,33110000,0.0,0.0
2024-01-09 00:00:00-05:00,103.63297874674522,105.86295887957235,103.54448411510701,105.27361297607422,23225000,0.0,0.0
2024-01-10 00:00:00-05:00,105.06548495459414,105.31930506647909,103.3392722476933,105.08687591552734,17643000,0.0,0.0
2024-01-11 00:00:00-05:00,105.45158273407843,107.10290875252869,104.49754426308466,106.97454071044922,25757000,0.0,0.0
2024-01-12 00:00:00-05:00,108.15322568691415,108.50235916198902,106.97745721892537,107.72337341308594,26882000,0.0,0.0
2024-01-16 00:00:00-05:00,108.17655120099634,109.52834416516222,106.84323326005223,108.43135070800781,26145000,0.0,0.0
2024-01-17 00:00:00-05:00,107.58818881637225,108.25144222066503,106.0243929392822,107.33338928222656,18314000,0.0,0.0
2024-01-18 00:00:00-05:00,109.3980314527131,111.5035238764826,109.10433792303577,111.24678039550781,32228000,0.0,0.0
2024-01-19 00:00:00-05:00,112.54995027199708,118.35487701939556,112.42254680306739,117.79082489013672,53077000,0.0,0.0
2024-01-22 00:00:00-05:00,118.28195315214319,119.74850664015453,117.50102345490666,118.69527435302734,31222000,0.0,0.0
2024-01-23 00:00:00-05:00,118.7438891396916,119.32545175934817,117.0439345838682,119.26029205322266,16952000,0.0,0.0
2024-01-24 00:00:00-05:00,120.81534077107078,124.92420832814233,119.71736787942446,121.94053649902344,34805000,0.0,0.0
2024-01-25 00:00:00-05:00,124.5789804781363,124.5789804781363,119.50245159720467,119.61915588378906,36356000,0.0,0.0
2024-01-26 00:00:00-05:00,118.61746801196688,118.76431849428153,116.7239856688358,117.17620086669922,25818000,0.0,0.0
2024-01-29 00:00:00-05:00,118.15162954798079,119.00355080033097,117.18689934658268,118.42977142333984,21526000,0.0,0.0
2024-01-30 00:00:00-05:00,118.33251230122806,119.42464589414362,117.1188145359527,117.49517822265625,20683000,0.0,0.0
2024-01-31 00:00:00-05:00,115.67561674795223,116.43126014503255,114.20323138374646,114.756591796875,27400000,0.0,0.0
2024-02-01 00:00:00-05:00,115.47138244120958,117.00211614287977,114.67003381037551,116.70258331298828,19411000,0.0,0.0
2024-02-02 00:00:00-05:00,117.5525561609602,120.0752576190934,117.20245074655415,119.0687026977539,26689000,0.0,0.0
2024-02-05 00:00:00-05:00,119.32351509013175,121.34537296352853,118.85573336804774,120.89315032958984,22045000,0.0,0.0
2024-02-06 00:00:00-05:00,122.8838779041456,123.71440072710067,117.8627892601624,118.90435028076172,25354000,0.0,0.0
2024-02-07 00:00:00-05:00,120.00816239784827,122.48903924724186,119.29822430768148,122.25077819824219,25768000,0.0,0.0
2024-02-08 00:00:00-05:00,123.21745839049363,126.03483310735425,123.02393063622497,123.97212982177734,29326000,0.0,0.0
2024-02-09 00:00:00-05:00,121.76159763118307,125.04090698714626,121.46595272764189,124.81625366210938,26293000,0.0,0.0
2024-02-12 00:00:00-05:00,125.45521219905187,125.46104407434171,122.43944264315216,123.02294921875,24778000,0.0,0.0
2024-02-13 00:00:00-05:00,120.11708289909018,122.13504535094533,119.33615322926805,121.72464752197266,31907000,0.0,0.0
2024-02-14 00:00:00-05:00,123.43530182603445,123.80096635256031,120.72004442539496,122.75259399414062,27306000,0.0,0.0
2024-02-15 00:00:00-05:00,124.4768535483834,124.48171344422703,121.06332948501726,123.02975463867188,21873000,0.0,0.0
2024-02-16 00:00:00-05:00,122.44331883137212,124.06158245272024,120.82408323090213,121.12458801269531,21268000,0.0,0.0
2024-02-20 00:00:00-05:00,120.1890478000212,120.36993981589143,117.92308964322315,119.28363800048828,26329000,0.0,0.0
2024-02-21 00:00:00-05:00,118.4521299587388,119.4295032123294,116.95834641378876,119.37115478515625,20579000,0.0,0.0
2024-02-22 00:00:00-05:00,124.64801580180044,127.49456432497203,124.13841677960178,126.90327453613281,40819000,0.0,0.0
2024-02-23 00:00:00-05:00,127.24072777979958,128.33480523960662,125.33946250225434,126.07369995117188,23115000,0.0,0.0
2024-02-26 00:00:00-05:00,127.39925798827299,128.2540951473698,126.56872772891928,127.31464385986328,16282000,0.0,0.0
2024-02-27 00:00:00-05:00,127.3146169994172,127.58789891103378,125.6701027331671,126.0600814819336,12126000,0.0,0.0
2024-02-28 00:00:00-05:00,125.74598096545476,126.28281024196116,124.77054424407609,125.39781951904297,10967000,0.0,0.0
2024-02-29 00:00:00-05:00,126.74863463901563,127.2436465591484,125.18969878381964,126.4743881225586,27536000,0.0,0.0
2024-03-01 00:00:00-05:00,128.94847374087678,136.9065497253975,128.37177102907748,136.0711669921875,44488000,0.0,0.0
2024-03-04 00:00:00-05:00,136.45823167638602,139.86397282379303,134.71159235700472,136.37167358398438,34854000,0.0,0.0
2024-03-05 00:00:00-05:00,135.6656010230179,135.6656010230179,129.57474994452232,130.58421325683594,36040000,0.0,0.0
2024-03-06 00:00:00-05:00,135.33303764380204,135.64910156198053,131.00339675854065,131.28932189941406,43196000,0.0,0.0
2024-03-07 00:00:00-05:00,134.40040558017643,137.54356416195435,133.51541468494824,136.83363342285156,62832000,0.0,0.0
2024-03-08 00:00:00-05:00,135.59270510731506,137.416168019357,126.58042367284939,127.27478790283203,74025000,0.0,0.0
2024-03-11 00:00:00-04:00,124.28042220351777,126.33144696910811,121.8131528575649,125.7576675415039,31105000,0.0,0.0
2024-03-12 00:00:00-04:00,127.10751133118539,127.18434963222636,122.46668124779482,125.63707733154297,42789000,0.0,0.0
2024-03-13 00:00:00-04:00,124.7617998787086,124.7617998787086,121.79369435274496,122.32955169677734,37838000,0.0,0.0
2024-03-14 00:00:00-04:00,122.78371219737006,123.813609530742,121.3414804943925,122.75745391845703,38029000,0.0,0.0
2024-03-15 00:00:00-04:00,121.90066928428409,123.25343434022453,119.62596339436989,120.15403747558594,88823000,0.0,0.0
2024-03-18 00:00:00-04:00,121.95124852197287,122.81678492988856,119.78448414469298,120.32325744628906,25737000,0.0,0.0
2024-03-19 00:00:00-04:00,118.35000890000951,120.61791068832511,117.092549881896,120.39812469482422,24491000,0.0,0.0
2024-03-20 00:00:00-04:00,121.00951676543244,125.79219228633609,119.795530759328,124.62118530273438,40946000,0.525,0.0
2024-03-21 00:00:00-04:00,129.73103220649764,137.08425928452203,128.52779854292567,131.65309143066406,72468000,0.0,0.0
2024-03-22 00:00:00-04:00,131.84846316857045,134.40924747807875,131.47245624964705,132.18736267089844,38624000,0.0,0.0
2024-03-25 00:00:00-04:00,131.36303872286211,132.67272156746353,130.6246758288027,132.00274658203125,21237000,0.0,0.0
2024-03-26 00:00:00-04:00,133.2831208945667,134.77252865995393,129.9449149345468,130.04063415527344,23522000,0.0,0.0
2024-03-27 00:00:00-04:00,131.8484485090939,131.8484485090939,126.57646876712315,128.79444885253906,25583000,0.0,0.0
2024-03-28 00:00:00-04:00,128.71337868800322,129.90393052383465,128.09125578073665,129.4468536376953,19856000,0.0,0.0
2024-04-01 00:00:00-04:00,129.47321432329107,133.11614879287623,129.44685166803768,131.87384033203125,17252000,0.0,0.0
2024-04-02 00:00:00-04:00,128.50728281572594,131.103236449212,127.29819239323605,130.75067138671875,24694000,0.0,0.0
2024-04-03 00:00:00-04:00,129.6998266080264,134.46786147065401,129.43318969703137,133.1386260986328,28650000,0.0,0.0
2024-04-04 00:00:00-04:00,135.2980054328819,137.12044154161825,128.43016784783785,128.67433166503906,27014000,0.0,0.0
2024-04-05 00:00:00-04:00,129.50446597555646,132.94521683887874,128.3520052637964,130.81610107421875,19438000,0.0,0.0
2024-04-08 00:00:00-04:00,130.2515995377841,131.11593384850732,128.50337874103,130.49087524414062,17139000,0.0,0.0
2024-04-09 00:00:00-04:00,132.56823424479924,132.77430704244856,127.80899281878743,130.29360961914062,17986000,0.0,0.0
2024-04-10 00:00:00-04:00,129.2114655866328,130.4566948094493,128.4770220649106,129.14993286132812,17467000,0.0,0.0
2024-04-11 00:00:00-04:00,130.15689027797453,135.93770369650488,129.2749707526883,135.0186767578125,31713000,0.0,0.0
2024-04-12 00:00:00-04:00,132.04472680379908,133.46087346833772,130.54165343954082,131.26925659179688,27823000,0.0,0.0
2024-04-15 00:00:00-04:00,133.8017419157604,133.8017419157604,127.55115555371775,128.0092010498047,24370000,0.0,0.0
2024-04-16 00:00:00-04:00,128.46725407369155,130.51237904922013,128.039490581692,129.80332946777344,18923000,0.0,0.0
2024-04-17 00:00:00-04:00,131.17552906611036,131.55544039316658,125.15053749045353,125.26871490478516,24718000,0.0,0.0
2024-04-18 00:00:00-04:00,125.79318504742946,126.24732611103757,122.61514391567076,122.95990753173828,24888000,0.0,0.0
2024-04-19 00:00:00-04:00,122.9599162180219,123.05855636740736,116.96031802179947,117.65863037109375,44797000,0.0,0.0
2024-04-22 00:00:00-04:00,119.59140600004658,120.44109856256763,117.25134435232519,119.5875015258789,25162000,0.0,0.0
2024-04-23 00:00:00-04:00,119.94985814510599,122.85345351967483,119.93520891380314,122.0027847290039,22025000,0.0,0.0
2024-04-24 00:00:00-04:00,123.43944259929012,125.56073470294862,121.58966050544272,122.74797058105469,20108000,0.0,0.0
2024-04-25 00:00:00-04:00,124.27448655164778,127.7494167932684,122.76554869032843,126.42019653320312,30410000,0.0,0.0
2024-04-26 00:00:00-04:00,127.94179551857712,132.41779777941716,127.2708370406969,131.26925659179688,24100000,0.0,0.0
2024-04-29 00:00:00-04:00,131.27025830237892,132.13948071198226,129.47516880096842,130.73699951171875,13372000,0.0,0.0
2024-04-30 00:00:00-04:00,129.78577264168683,131.6873266299879,126.8724081530237,126.9915542602539,22113000,0.0,0.0
2024-05-01 00:00:00-04:00,124.84875243351563,126.2199755476081,121.23708375647132,121.38455963134766,30958000,0.0,0.0
2024-05-02 00:00:00-04:00,122.69522084683877,123.49314934604831,119.47519196012708,120.96556854248047,29480000,0.0,0.0
2024-05-03 00:00:00-04:00,122.96087938132084,125.39079627257618,121.8025618947921,124.82726287841797,24898000,0.0,0.0
2024-05-06 00:00:00-04:00,125.619318129969,128.01700803034814,124.53035730307064,127.97209167480469,16287000,0.0,0.0
2024-05-07 00:00:00-04:00,128.57077959885086,128.81983141499103,126.6487201214286,127.26890563964844,12413000,0.0,0.0
2024-05-08 00:00:00-04:00,126.33033595966505,130.66765540866658,125.84102486760536,129.44293212890625,13918000,0.0,0.0
2024-05-09 00:00:00-04:00,128.7065598757217,129.07572648917346,127.16050702791198,127.5189437866211,12170000,0.0,0.0
2024-05-10 00:00:00-04:00,128.46043145505746,131.26244333566683,128.46043145505746,130.16859436035156,16300000,0.0,0.0
2024-05-13 00:00:00-04:00,131.65312370166916,132.66786988327547,129.90588612139175,130.6286163330078,18507000,0.0,0.0
2024-05-14 00:00:00-04:00,130.1236464216119,134.9727498400931,129.4849221563029,134.7813262939453,19420000,0.0,0.0
2024-05-15 00:00:00-04:00,134.7784061425716,140.535792229861,133.79979878834786,140.2642822265625,32757000,0.0,0.0
2024-05-16 00:00:00-04:00,139.27102621218233,141.16572462871287,137.22590120887307,137.91639709472656,28395000,0.0,0.0
2024-05-17 00:00:00-04:00,137.94472090283654,138.6391212330704,134.9522393698305,136.27171325683594,18174000,0.0,0.0
2024-05-20 00:00:00-04:00,136.34108631433236,138.38619679704223,136.06370464376954,138.10198974609375,27170000,0.0,0.0
2024-05-21 00:00:00-04:00,136.60277648610062,137.6487731461576,136.09295948143395,136.653564453125,15333000,0.0,0.0
2024-05-22 00:00:00-04:00,136.34202908320995,137.22004406092643,135.19055186469544,135.9738311767578,21002000,0.0,0.0
2024-05-23 00:00:00-04:00,139.50835921873414,139.56402033820214,134.58308782330178,136.07638549804688,31039000,0.0,0.0
2024-05-24 00:00:00-04:00,136.71120581648526,138.0580110313328,135.95233694766827,137.49740600585938,16730000,0.0,0.0
2024-05-28 00:00:00-04:00,137.7083713601232,138.40961199862352,136.00312938156543,137.94764709472656,22919000,0.0,0.0
2024-05-29 00:00:00-04:00,136.6438181169433,136.6438181169433,135.0714028156018,135.82049560546875,26861000,0.0,0.0
2024-05-30 00:00:00-04:00,134.6807305567365,135.04991202148761,132.39926570380493,133.22357177734375,21717000,0.0,0.0
2024-05-31 00:00:00-04:00,132.95792063664888,133.0741458128486,127.67421295340618,129.75350952148438,73091000,0.0,0.0
2024-06-03 00:00:00-04:00,132.11214940328475,132.14144786626403,127.21227207021646,129.1040496826172,26278000,0.0,0.0
2024-06-04 00:00:00-04:00,128.95752266149617,130.08947739738923,127.64979207729604,129.97520446777344,23048000,0.0,0.0
2024-06-05 00:00:00-04:00,131.4577690528134,138.13319763703356,130.9245102959561,138.01014709472656,32947000,0.0,0.0
2024-06-06 00:00:00-04:00,138.86765046045414,138.94773689121766,135.58316793701061,136.85574340820312,20172000,0.0,0.0
2024-06-07 00:00:00-04:00,137.4915403695501,139.17334043422852,136.44065563311486,137.3802032470703,17859000,0.0,0.0
2024-06-10 00:00:00-04:00,137.68881717591992,141.52219101608415,137.62337997975558,140.68421936035156,31042000,0.0,0.0
2024-06-11 00:00:00-04:00,140.46255201012698,143.0809642509051,138.3168345472412,142.69224548339844,34844000,0.0,0.0
2024-06-12 00:00:00-04:00,146.49826129525493,147.06472302723878,144.19335472144,146.0597381591797,56697000,0.0,0.0
2024-06-13 00:00:00-04:00,167.00802131771832,169.5326812965252,161.3942067562286,163.9794158935547,89061000,0.0,0.0
2024-06-14 00:00:00-04:00,164.74804982111874,170.64508794145226,164.28316401154345,169.4535675048828,69705000,0.0,0.0
2024-06-17 00:00:00-04:00,175.79792622564156,179.99754633265798,173.70593257264483,178.61752319335938,87528000,0.0,0.0
2024-06-18 00:00:00-04:00,179.66449809493216,180.83941706056748,174.33392174519952,176.04403686523438,86797000,0.0,0.0
2024-06-20 00:00:00-04:00,176.13583014678503,176.26183140862574,168.20149119685414,169.40667724609375,68157000,0.0,0.0
2024-06-21 00:00:00-04:00,165.607524536563,167.3987099724956,161.28680548782162,161.99098205566406,99289000,0.0,0.0
2024-06-24 00:00:00-04:00,160.88088626443778,162.73752865309098,155.84591118512841,155.99777221679688,58575000,0.525,0.0
2024-06-25 00:00:00-04:00,156.77374529640343,157.35278461842853,153.2338793264626,154.87889099121094,53329000,0.0,0.0
2024-06-26 00:00:00-04:00,156.5278229533644,158.54220171086425,154.17346863275648,155.97720336914062,46479000,0.0,0.0
2024-06-27 00:00:00-04:00,155.9772118237386,157.31163952735378,153.91973240731426,155.4540252685547,31649000,0.0,0.0
2024-06-28 00:00:00-04:00,156.35733423909866,160.60458406099374,155.38934357838573,157.30279541015625,69377000,0.0,0.0
2024-07-01 00:00:00-04:00,157.5644225494214,161.5373273517046,156.12417952654877,160.7584228515625,47623000,0.0,0.0
2024-07-02 00:00:00-04:00,160.7584064612169,162.56115436390365,158.91645993679262,162.39263916015625,32539000,0.0,0.0
2024-07-03 00:00:00-04:00,163.61928852084992,169.42140197753906,163.07650273850288,169.42140197753906,39954000,0.0,0.0
2024-07-05 00:00:00-04:00,172.00210647154802,172.973042388467,166.16668383854798,166.88287353515625,45240000,0.0,0.0
2024-07-08 00:00:00-04:00,167.04847440076045,172.13341275837416,167.04847440076045,171.0517578125,36398000,0.0,0.0
2024-07-09 00:00:00-04:00,172.10008905346427,173.51289904132886,167.10332563342544,169.8221435546875,37802000,0.0,0.0
2024-07-10 00:00:00-04:00,171.06547834308617,173.0729953176883,169.14123229293864,170.93711853027344,41074000,0.0,0.0
2024-07-11 00:00:00-04:00,172.8936765923587,172.9142476472486,163.47234275130023,167.1415252685547,51026000,0.0,0.0
2024-07-12 00:00:00-04:00,167.63924493880648,169.09712882243136,165.7071653281907,166.6242218017578,30453000,0.0,0.0
2024-07-15 00:00:00-04:00,166.55856176787609,169.9975008082981,165.83353676410118,167.94981384277344,22999200,0.0,10.0
2024-07-16 00:00:00-04:00,168.90997934681334,169.31168301590162,163.03144157441992,165.9511260986328,22244900,0.0,0.0
2024-07-17 00:00:00-04:00,159.02426291706377,159.54353262621524,152.45989786089302,152.82240295410156,43343400,0.0,0.0
2024-07-18 00:00:00-04:00,155.6734698248881,158.24042641361984,150.78448075981098,157.27047729492188,37973500,0.0,0.0
2024-07-19 00:00:00-04:00,158.56373805508736,160.63102421207256,153.93928764656965,154.16464233398438,26309500,0.0,0.0
2024-07-22 00:00:00-04:00,156.98636095554951,159.69049813872726,154.7035267907217,157.799560546875,28813300,0.0,0.0
2024-07-23 00:00:00-04:00,157.15290769211975,161.98311412194636,156.66302953229408,160.45469665527344,21570200,0.0,0.0
2024-07-24 00:00:00-04:00,157.10395179966144,158.1424912384786,148.0412046912595,148.27633666992188,37162600,0.0,0.0
2024-07-25 00:00:00-04:00,148.1979311606514,150.4415814384669,142.5741396195359,146.23841857910156,30872100,0.0,0.0
2024-07-26 00:00:00-04:00,150.39259485345204,150.4709771529005,146.88506544008118,148.56045532226562,20839900,0.0,0.0
2024-07-29 00:00:00-04:00,148.94254984196925,151.86221929140794,146.13063922851654,147.17898559570312,16625800,0.0,0.0
2024-07-30 00:00:00-04:00,150.17705613089012,150.36321223433032,140.44808249227899,140.61463928222656,31102300,0.0,0.0
2024-07-31 00:00:00-04:00,148.4036551604847,158.0640507415787,147.94316860525848,157.4272003173828,45827500,0.0,0.0
2024-08-01 00:00:00-04:00,154.3116521432101,155.69311242656295,143.21100896012663,144.04380798339844,40320000,0.0,0.0
2024-08-02 00:00:00-04:00,139.0567853147161,142.40756455473405,136.77396660629944,140.90853881835938,33745800,0.0,0.0
2024-08-05 00:00:00-04:00,126.98620458012294,142.47614806390135,125.89867457529007,139.20376586914062,41309300,0.0,0.0
2024-08-06 00:00:00-04:00,138.86084695697053,145.89550449600605,137.41081191559616,141.0065155029297,24751300,0.0,0.0
2024-08-07 00:00:00-04:00,145.24885827824832,147.06141324852445,133.0802879318251,133.51138305664062,29749800,0.0,0.0
2024-08-08 00:00:00-04:00,138.3415861499181,143.3089577517831,135.59826552826982,142.78968811035156,27583200,0.0,0.0
2024-08-09 00:00:00-04:00,141.2808290329372,146.52253023704512,141.1926545704115,145.25863647460938,18438700,0.0,0.0
2024-08-12 00:00:00-04:00,145.08229688349468,148.07055622154863,143.40690723826023,145.61135864257812,17778500,0.0,0.0
2024-08-13 00:00:00-04:00,148.48205678912979,153.21428108295137,146.7772755997744,152.9987335205078,22053600,0.0,0.0
2024-08-14 00:00:00-04:00,154.82109358743583,157.00594593459573,151.58789483094105,154.49777221679688,20184200,0.0,0.0
2024-08-15 00:00:00-04:00,157.93673037828097,163.29599913956042,157.09413926727828,162.76693725585938,27945000,0.0,0.0
2024-08-16 00:00:00-04:00,161.14050856821848,162.72770887906012,159.38673654213875,162.36520385742188,19296900,0.0,0.0
2024-08-19 00:00:00-04:00,161.52264487297506,164.43252265210816,157.17252395265902,164.31495666503906,20441700,0.0,0.0
2024-08-20 00:00:00-04:00,163.66829886227194,164.9615694513999,160.82699651891576,162.59056091308594,19417500,0.0,0.0
2024-08-21 00:00:00-04:00,161.77735323464805,163.10003020131327,159.58270872093266,162.4239959716797,16097700,0.0,0.0
2024-08-22 00:00:00-04:00,167.3815632191861,168.92957997193787,158.2208507559284,159.0536346435547,30044500,0.0,0.0
2024-08-23 00:00:00-04:00,161.6891709431621,164.8733787202466,160.15096142171532,162.99224853515625,18848000,0.0,0.0
2024-08-26 00:00:00-04:00,161.62059684704792,162.34560690083705,155.4481295099832,156.38868713378906,18521200,0.0,0.0
2024-08-27 00:00:00-04:00,154.40957918484648,158.74989186484754,152.67540656884697,158.1228485107422,16683100,0.0,0.0
2024-08-28 00:00:00-04:00,156.83937473470652,158.9948353908397,153.0869066840792,154.9778289794922,18063600,0.0,0.0
2024-08-29 00:00:00-04:00,155.2815756400691,159.89621927087734,152.2639245534137,153.75314331054688,23519300,0.0,0.0
2024-08-30 00:00:00-04:00,157.85831303442296,159.93540632953957,155.49711197117836,159.52391052246094,25158500,0.0,0.0
2024-09-03 00:00:00-04:00,157.13333824180197,157.48605114834515,148.31553052811873,149.6969757080078,37179100,0.0,0.0
2024-09-04 00:00:00-04:00,147.25736936567375,154.59573420994346,146.1306406929292,151.00003051757812,20324100,0.0,0.0
2024-09-05 00:00:00-04:00,147.52192750674297,153.19471045336385,147.07123298728527,149.72637939453125,31548500,0.0,0.0
2024-09-06 00:00:00-04:00,140.35010088621263,140.5950399802549,133.834726964647,134.22662353515625,76634600,0.0,0.0
2024-09-09 00:00:00-04:00,136.29387919733387,138.7236702735763,132.16909921054489,137.96926879882812,39516700,0.0,0.0
2024-09-10 00:00:00-04:00,138.36116989295928,146.8262627487364,138.18480600539465,145.2096710205078,36067500,0.0,0.0
2024-09-11 00:00:00-04:00,145.38601400829103,155.65385423955874,142.1038249369461,155.06600952148438,39700800,0.0,0.0
2024-09-12 00:00:00-04:00,154.89951055147614,162.95311027737228,153.65521559506936,161.22872924804688,43530700,0.0,0.0
2024-09-13 00:00:00-04:00,163.36458355365951,164.67745350982554,160.71922937793627,164.29534912109375,29850000,0.0,0.0
2024-09-16 00:00:00-04:00,161.84595916929223,162.14968125579404,157.16272485831897,160.69964599609375,26126900,0.0,0.0
2024-09-17 00:00:00-04:00,162.1398678283983,162.65913744693702,157.44682700060878,159.18099975585938,19844300,0.0,0.0
2024-09-18 00:00:00-04:00,160.45471123505592,164.07980695718274,158.09349470216844,158.397216796875,26557600,0.0,0.0
2024-09-19 00:00:00-04:00,164.82585102896252,167.10636867156026,162.84024497701455,164.57028198242188,32453100,0.53,0.0
2024-09-20 00:00:00-04:00,164.33437799969138,169.0920064845434,163.6364714961205,168.1876678466797,91758500,0.0,0.0
2024-09-23 00:00:00-04:00,169.07235069344816,170.3698898866937,165.48448413475427,169.99635314941406,29431100,0.0,0.0
2024-09-24 00:00:00-04:00,169.86858294438042,172.99446367598676,168.75781197698598,171.86402893066406,34223400,0.0,0.0
2024-09-25 00:00:00-04:00,171.67725362815847,174.1248764138701,170.80240303391145,172.53245544433594,16613800,0.0,0.0
2024-09-26 00:00:00-04:00,175.46171019764196,177.1819230427169,172.0212845074921,175.05868530273438,24340000,0.0,0.0
2024-09-27 00:00:00-04:00,175.13732994344704,175.43222658148778,168.83643227354278,169.7506103515625,20580900,0.0,0.0
2024-09-30 00:00:00-04:00,168.94456133056377,169.97669206899792,166.74269842090814,169.5638427734375,16902000,0.0,0.0
2024-10-01 00:00:00-04:00,169.22961835157219,169.31808283571658,162.9778731545985,164.61944580078125,23770400,0.0,0.0
2024-10-02 00:00:00-04:00,164.6980929510254,169.89804395120927,164.17711541222104,167.75515747070312,14317800,0.0,0.0
2024-10-03 00:00:00-04:00,166.73285215889365,171.96230635184048,166.3101784924376,168.96421813964844,13072300,0.0,0.0
2024-10-04 00:00:00-04:00,173.29915264884963,173.88893088587923,169.662134357106,173.63336181640625,17921400,0.0,0.0
2024-10-07 00:00:00-04:00,171.8443454855415,175.27493158810836,170.9006793232339,172.09991455078125,15588300,0.0,0.0
2024-10-08 00:00:00-04:00,172.43413272922527,178.5089492813897,171.91315518499118,177.65374755859375,20774200,0.0,0.0
2024-10-09 00:00:00-04:00,176.18911779108882,183.24689806626643,173.41711049700592,182.78489685058594,25504100,0.0,0.0
2024-10-10 00:00:00-04:00,180.43557784499356,183.13876942089965,179.4231109273976,182.52932739257812,16318000,0.0,0.0
2024-10-11 00:00:00-04:00,178.05678201349264,179.48209829594452,174.38043584439998,178.3909912109375,23070000,0.0,0.0
2024-10-14 00:00:00-04:00,180.18001781919358,181.80192684658277,177.06397680960288,179.2068634033203,17195800,0.0,0.0
2024-10-15 00:00:00-04:00,177.7126981270558,178.6072122711158,170.41899856585212,172.9845733642578,27657500,0.0,0.0
2024-10-16 00:00:00-04:00,175.4715395599999,176.19894926905897,172.3456741867449,173.81031799316406,15285100,0.0,0.0
2024-10-17 00:00:00-04:00,178.28284431791542,182.35237558842164,177.61442599284845,178.44012451171875,25232400,0.0,0.0
2024-10-18 00:00:00-04:00,179.21669489466,179.6000560114651,175.63863780572493,176.8280487060547,17835200,0.0,0.0
2024-10-21 00:00:00-04:00,176.3267129968803,178.6268794114957,175.21594233552972,176.92633056640625,13695100,0.0,0.0
2024-10-22 00:00:00-04:00,175.61899053632,177.6144362382261,174.3902670746012,176.3267364501953,12062600,0.0,0.0
2024-10-23 00:00:00-04:00,174.5671801804769,175.9335199457069,169.63263800623,170.55662536621094,19513700,0.0,0.0
2024-10-24 00:00:00-04:00,171.29385181903973,171.3331793639805,166.6148789083559,168.4333953857422,20485200,0.0,0.0
2024-10-25 00:00:00-04:00,171.22506014951585,173.79063512646118,169.78008027749695,170.05531311035156,19977700,0.0,0.0
2024-10-28 00:00:00-04:00,170.0553561745626,171.00884694379053,168.4334469274383,169.092041015625,13195800,0.0,0.0
2024-10-29 00:00:00-04:00,169.5048588983671,177.16225679961016,168.29579922955304,176.18911743164062,23702300,0.0,0.0
2024-10-30 00:00:00-04:00,174.44923596007567,176.139960571211,172.63071931467132,173.63336181640625,17911500,0.0,0.0
2024-10-31 00:00:00-04:00,171.48064350473604,171.48064350473604,164.53099139718708,166.88031005859375,26086600,0.0,0.0
2024-11-01 00:00:00-04:00,165.3959997098448,168.41375168347318,164.6489412566424,166.04476928710938,17847000,0.0,0.0
2024-11-04 00:00:00-05:00,166.39864635808462,169.51468728479696,165.55328400894967,165.6810760498047,13621300,0.0,0.0
2024-11-05 00:00:00-05:00,167.15552824788887,171.4314765247168,167.15552824788887,170.9399871826172,13441800,0.0,0.0
2024-11-06 00:00:00-05:00,176.5724450169893,177.14257438647002,172.96491547134735,176.49380493164062,24300800,0.0,0.0
2024-11-07 00:00:00-05:00,178.89229157156896,181.72325991044977,178.6956838404952,180.68130493164062,18970600,0.0,0.0
2024-11-08 00:00:00-05:00,179.87527578409347,181.90020948453238,178.73501690454347,180.5142059326172,13503200,0.0,0.0
2024-11-11 00:00:00-05:00,180.2782801580577,180.50437604907555,173.8102937775309,175.86471557617188,17036700,0.0,0.0
2024-11-12 00:00:00-05:00,175.85488043227852,176.50364996299336,170.25190493761482,173.2205047607422,15862000,0.0,0.0
2024-11-13 00:00:00-05:00,171.73621322229656,172.60122426858544,169.662127590144,170.6254425048828,17472500,0.0,0.0
2024-11-14 00:00:00-05:00,171.7951954226838,172.5815814000007,166.9785906860334,167.47991943359375,20638900,0.0,0.0
2024-11-15 00:00:00-05:00,165.6024277936143,166.26102174263,160.64820659641603,162.03421020507812,20836200,0.0,0.0
2024-11-18 00:00:00-05:00,162.84025800994513,163.5185157251584,159.45880882045944,162.85008239746094,17856900,0.0,0.0
2024-11-19 00:00:00-05:00,163.82323744599248,163.96085386714154,161.51323144913493,162.53553771972656,18003400,0.0,0.0
2024-11-20 00:00:00-05:00,162.72231319808412,162.72231319808412,158.1219793522508,160.47129821777344,17196700,0.0,0.0
2024-11-21 00:00:00-05:00,163.42021460964344,163.50867909597227,157.86639075937788,161.1495361328125,24835300,0.0,0.0
2024-11-22 00:00:00-05:00,161.50341654422564,162.1030341999527,159.635747862897,161.43460083007812,17332500,0.0,0.0
2024-11-25 00:00:00-05:00,162.58467133282466,164.38352415761196,160.11740019013936,162.01455688476562,26850600,0.0,0.0
2024-11-26 00:00:00-05:00,161.79829667074844,163.5381581344105,159.920803792833,161.9359130859375,16308800,0.0,0.0
2024-11-27 00:00:00-05:00,160.4221075371998,160.4221075371998,154.85844495679046,156.9521942138672,19722700,0.0,0.0
2024-11-29 00:00:00-05:00,156.85392624832483,159.92081514688905,156.37226126143372,159.32119750976562,11024000,0.0,0.0
2024-12-02 00:00:00-05:00,160.1763794070253,165.51396165556721,159.97978666285937,163.67578125,21472400,0.0,0.0
2024-12-03 00:00:00-05:00,161.6803420690679,165.4058399648893,161.2380046273625,165.28787231445312,17024400,0.0,0.0
2024-12-04 00:00:00-05:00,170.4878285555766,172.40463402557262,165.69088768784118,167.65684509277344,32748200,0.0,0.0
2024-12-05 00:00:00-05:00,167.8436227445913,169.46553169388795,166.32000267154766,167.56838989257812,18490000,0.0,0.0
2024-12-06 00:00:00-05:00,167.20469927782085,177.60460174521117,166.44780140480657,176.47418212890625,27830800,0.0,0.0
2024-12-09 00:00:00-05:00,175.90406572204,177.71274324239914,173.02394483355076,175.8942413330078,20886300,0.0,0.0
2024-12-10 00:00:00-05:00,174.78344676060976,175.46170448873596,166.8409767687388,168.8855743408203,27762600,0.0,0.0
2024-12-11 00:00:00-05:00,176.9460060844076,181.72328359016763,173.42694022633972,180.0817108154297,41295200,0.0,0.0
2024-12-12 00:00:00-05:00,177.85035442512634,178.90214898409033,172.9944515519171,177.5849609375,46967200,0.0,0.0
2024-12-13 00:00:00-05:00,210.25914058880278,224.80722853255565,207.51663658071615,220.97361755371094,121336600,0.0,0.0
2024-12-16 00:00:00-05:00,227.8446401264854,247.5926948094666,226.8813251416534,245.74468994140625,111623200,0.0,0.0
2024-12-17 00:00:00-05:00,236.5538252185879,238.34285370555716,229.82042992197555,236.14097595214844,70382100,0.0,0.0
2024-12-18 00:00:00-05:00,235.3349484594702,235.76746151358856,215.48860490128368,219.81370544433594,53960100,0.0,0.0
2024-12-19 00:00:00-05:00,224.0306902124113,224.1683066372645,213.87651793861477,214.6039276123047,40845200,0.0,0.0
2024-12-20 00:00:00-05:00,216.60918671054557,226.37015799201694,215.18387059681547,217.0318603515625,131910400,0.0,0.0
2024-12-23 00:00:00-05:00,223.42850948272036,230.0419612154998,221.89095632395953,229.007080078125,40643800,0.59,0.0
2024-12-24 00:00:00-05:00,236.66528509552683,236.7737030796136,231.4218340524082,236.2316131591797,22827200,0.0,0.0
2024-12-26 00:00:00-05:00,236.54702609398447,243.72228468236162,234.18156184874658,241.8299102783203,28459000,0.0,0.0
2024-12-27 00:00:00-05:00,242.10585206271858,242.2438372101022,232.94951862441576,238.27182006835938,29282200,0.0,0.0
2024-12-30 00:00:00-05:00,231.32323850869878,235.33468839039617,228.28755036452972,232.19058227539062,27316800,0.0,0.0
2024-12-31 00:00:00-05:00,232.48627738597972,234.04354691438857,227.98202111821288,228.50439453125,17927700,0.0,0.0
2025-01-02 00:00:00-05:00,232.7622632968085,236.05420560268175,226.92743880854246,228.64239501953125,31525800,0.0,0.0
2025-01-03 00:00:00-05:00,230.2292235124186,233.0875088262799,225.70526568303964,229.20419311523438,24973200,0.0,0.0
2025-01-06 00:00:00-05:00,233.09735324783523,238.271818806191,229.9433962963071,233.00865173339844,34028400,0.0,0.0
2025-01-07 00:00:00-05:00,236.0541853188746,236.0541853188746,224.32540300349172,225.35043334960938,25928600,0.0,0.0
2025-01-08 00:00:00-05:00,226.39519150162025,229.12534237691784,222.80756255153835,226.01080322265625,18756500,0.0,0.0
2025-01-10 00:00:00-05:00,224.02970442373214,224.55207779934437,218.06674631880264,221.0827178955078,23864000,0.0,0.0
2025-01-13 00:00:00-05:00,216.82488073047,225.96149699517858,216.35177594270206,222.04861450195312,23772100,0.0,0.0
2025-01-14 00:00:00-05:00,223.31022284108445,226.94712019463327,219.890146393167,221.4671173095703,18143100,0.0,0.0
2025-01-15 00:00:00-05:00,225.2617248564554,227.02596449649795,222.33445472358275,224.71963500976562,21745600,0.0,0.0
2025-01-16 00:00:00-05:00,231.8357657701587,235.16714072231875,225.91224025559407,226.10935974121094,23471900,0.0,0.0
2025-01-17 00:00:00-05:00,233.669013127215,234.67434208744228,229.31260768523452,234.02383422851562,31196600,0.0,0.0
2025-01-21 00:00:00-05:00,238.02540501732304,239.25742057124293,233.98438798476485,236.85252380371094,30903200,0.0,0.0
2025-01-22 00:00:00-05:00,243.19986639771608,243.43641879436134,237.2270574955054,237.4438934326172,29610500,0.0,0.0
2025-01-23 00:00:00-05:00,234.97986184836014,236.94122094894448,232.72280097317997,236.8229522705078,17653900,0.0,0.0
2025-01-24 00:00:00-05:00,241.1793670654297,245.999011415467,238.42951490663035,241.1793670654297,25387800,0.0,0.0
2025-01-27 00:00:00-05:00,210.329705026791,215.28733478214994,193.4067399214752,199.22186279296875,90569400,0.0,0.0
2025-01-28 00:00:00-05:00,205.01725956861821,206.9293503075104,196.02847799281986,204.37661743164062,50316000,0.0,0.0
2025-01-29 00:00:00-05:00,205.83531483894635,208.4077641148616,199.85265466959763,203.3811492919922,32533700,0.0,0.0
2025-01-30 00:00:00-05:00,215.42534131740237,218.7665672455212,210.6253979934869,212.5572052001953,42449500,0.0,0.0
2025-01-31 00:00:00-05:00,216.49966520318011,223.53693849662696,213.1880062980725,218.0865020751953,41104700,0.0,0.0
2025-02-03 00:00:00-05:00,212.360067393128,217.7612194666063,210.4381110634203,214.59739685058594,24507300,0.0,0.0
2025-02-04 00:00:00-05:00,216.19412387340418,219.82117092270136,212.2023899454544,219.22979736328125,23768500,0.0,0.0
2025-02-05 00:00:00-05:00,230.57418472329076,234.5067688719779,224.22683798033617,228.66209411621094,29196000,0.0,0.0
2025-02-06 00:00:00-05:00,231.12613371661456,231.42182047762083,225.27159299785347,228.03131103515625,21169500,0.0,0.0
2025-02-07 00:00:00-05:00,231.61894927624738,232.2595914181184,220.88562920710123,221.6346893310547,22117500,0.0,0.0
2025-02-10 00:00:00-05:00,224.15784397563067,232.42714730009928,223.85230650647574,231.65835571289062,23901600,0.0,0.0
2025-02-11 00:00:00-05:00,229.13519011557509,234.46735735759532,226.66130815118046,231.65835571289062,18476200,0.0,0.0
2025-02-12 00:00:00-05:00,227.04569954705775,233.0776433260333,226.6908784401031,232.94952392578125,16397300,0.0,0.0
2025-02-13 00:00:00-05:00,232.6636940320864,233.5408885920436,227.41037738362223,232.40744018554688,20962000,0.0,0.0
2025-02-14 00:00:00-05:00,231.155701849973,232.34829960993105,225.60669858011846,229.6871337890625,16988800,0.0,0.0
2025-02-18 00:00:00-05:00,226.7894384712719,228.85921566309037,221.07288305906533,225.2420196533203,26080500,0.0,0.0
2025-02-19 00:00:00-05:00,224.57183435662319,225.77428291800769,221.17145889411933,225.4391632080078,16375500,0.0,0.0
2025-02-20 00:00:00-05:00,225.3602916444092,225.68554557344862,219.5451839221063,223.477783203125,16104000,0.0,0.0
2025-02-21 00:00:00-05:00,222.40346000289355,224.4732523187902,212.52763334165329,215.5140380859375,24883600,0.0,0.0
2025-02-24 00:00:00-05:00,215.45489889669403,216.32222767153556,204.5540119944451,204.9384002685547,33050400,0.0,0.0
2025-02-25 00:00:00-05:00,204.0218155337853,205.6382196543185,198.02928890566685,199.6259765625,33100800,0.0,0.0
2025-02-26 00:00:00-05:00,203.93307053426506,210.46767068750557,203.03615961779508,209.87631225585938,21368300,0.0,0.0
2025-02-27 00:00:00-05:00,214.15389058489274,216.09554848364436,194.55990855976665,194.95416259765625,27572900,0.0,0.0
2025-02-28 00:00:00-05:00,192.94348830775283,198.29537174580733,190.37103920488462,196.56068420410156,39747200,0.0,0.0
2025-03-03 00:00:00-05:00,201.064950307342,201.12408465115186,181.87507369986866,184.67420959472656,37435600,0.0,0.0
2025-03-04 00:00:00-05:00,186.49759441804133,191.15953723118372,177.88333594028998,184.78262329101562,37910500,0.0,0.0
2025-03-05 00:00:00-05:00,189.09962448572443,191.28768555034094,184.40811416083486,188.8236541748047,25644500,0.0,0.0
2025-03-06 00:00:00-05:00,178.4352689690487,184.141973400999,175.0546255291344,176.86814880371094,56864100,0.0,0.0
2025-03-07 00:00:00-05:00,185.0290250417254,192.66752169494305,178.94779789800307,192.15501403808594,74528900,0.0,0.0
2025-03-10 00:00:00-04:00,186.8721321660563,189.21787964104072,177.83405249270172,181.7962188720703,44217100,0.0,0.0
2025-03-11 00:00:00-04:00,185.3444291869852,192.80550781260428,182.683278508669,187.35507202148438,42153200,0.0,0.0
2025-03-12 00:00:00-04:00,193.39689069463992,197.10278837136605,189.6811272675499,191.43551635742188,30409700,0.0,0.0
2025-03-13 00:00:00-04:00,190.37106671001814,193.49547187073637,186.74401957923237,188.60682678222656,27236100,0.0,0.0
2025-03-14 00:00:00-04:00,193.37717719686236,194.65847650576373,190.4203395790533,192.72666931152344,25900900,0.0,0.0
2025-03-17 00:00:00-04:00,185.34441732217925,193.88967514046945,184.80232748703358,191.7016143798828,26830600,0.0,0.0
2025-03-18 00:00:00-04:00,187.70005907901057,190.11480685276123,184.21098218075502,185.9555206298828,24951000,0.0,0.0
2025-03-19 00:00:00-04:00,186.61586423700302,195.4173915454708,184.21096736814053,192.75624084472656,37962700,0.0,0.0
2025-03-20 00:00:00-04:00,189.33571627322019,191.62924880067052,186.7851393947129,188.36688232421875,31430000,0.59,0.0
2025-03-21 00:00:00-04:00,186.06345638065977,189.87943337217726,185.2330251841099,189.47410583496094,43086500,0.0,0.0
2025-03-24 00:00:00-04:00,192.0840042743564,194.4467456318779,188.49539973254198,189.06878662109375,33180300,0.0,0.0
2025-03-25 00:00:00-04:00,188.71286318836775,189.41477214266212,185.5394672023829,186.11285400390625,23417300,0.0,0.0
2025-03-26 00:00:00-04:00,184.53111816390788,185.915144918823,175.554675123395,177.22540283203125,30578500,0.0,0.0
2025-03-27 00:00:00-04:00,175.6337736589807,176.34556319418564,168.51589339169226,170.0284423828125,32151700,0.0,0.0
2025-03-28 00:00:00-04:00,169.96909581009893,171.32348093645854,164.57137667856534,167.19114685058594,30391500,0.0,0.0
2025-03-31 00:00:00-04:00,162.61397527765797,166.0246245555119,158.78810288062965,165.5204315185547,35656400,0.0,0.0
2025-04-01 00:00:00-04:00,164.47251923838232,166.78584263592072,161.5561674678532,166.59800720214844,20472400,0.0,0.0
2025-04-02 00:00:00-04:00,164.18583903615547,171.45200233363107,163.6124521971362,170.12728881835938,19523700,0.0,0.0
2025-04-03 00:00:00-04:00,158.7090018108698,161.56604016608907,151.9470170309041,152.25347900390625,44354900,0.0,0.0
2025-04-04 00:00:00-04:00,146.48009942937986,151.05729848434368,137.58274563876122,144.6215362548828,72302200,0.0,0.0
2025-04-07 00:00:00-04:00,142.8420841816652,158.6002743985089,136.52496330107851,152.38201904296875,68503500,0.0,0.0
2025-04-08 00:00:00-04:00,165.70828518316597,167.84365395338497,151.34400137712322,154.25047302246094,58888200,0.0,0.0
2025-04-09 00:00:00-04:00,158.6694995627984,185.19350556779784,155.71359504385535,183.03836059570312,72708300,0.0,0.0
2025-04-10 00:00:00-04:00,173.30068452600116,174.93186003510849,164.50218109162773,170.33489990234375,51212200,0.0,0.0
2025-04-11 00:00:00-04:00,171.6398574143765,180.57676457548916,171.33339538089976,179.86497497558594,33964100,0.0,0.0
2025-04-14 00:00:00-04:00,182.9691494695821,183.87865498514373,173.81476594761,176.32579040527344,25748300,0.0,0.0
2025-04-15 00:00:00-04:00,177.68014512140124,180.1812888422518,176.04896968076304,176.90904235839844,17242400,0.0,0.0
2025-04-16 00:00:00-04:00,168.48622615245898,174.07179654035315,165.0162633895216,172.61856079101562,34638600,0.0,0.0
2025-04-17 00:00:00-04:00,174.2398442361374,174.2398442361374,167.98203695637892,169.0398406982422,22501800,0.0,0.0
2025-04-21 00:00:00-04:00,165.08547970195335,166.08395519253696,159.76683392878275,164.3143768310547,23469800,0.0,0.0
2025-04-22 00:00:00-04:00,165.5204468446035,168.57521673417662,163.3356604313613,167.64593505859375,18504900,0.0,0.0
2025-04-23 00:00:00-04:00,175.7524067527332,178.39195342524775,173.81476912302205,174.892333984375,24380500,0.0,0.0
2025-04-24 00:00:00-04:00,177.64063024280424,186.41935828838024,176.26648385591898,186.00413513183594,27576900,0.0,0.0
2025-04-25 00:00:00-04:00,184.7881728511137,191.16460748965713,184.75851620833424,190.11669921875,21242300,0.0,0.0
2025-04-28 00:00:00-04:00,188.35699520363391,190.89769147373633,185.53949355344994,190.27487182617188,16385800,0.0,0.0
2025-04-29 00:00:00-04:00,189.5334305727626,191.0459796837886,187.93191153397328,188.9897003173828,14630000,0.0,0.0
2025-04-30 00:00:00-04:00,183.77979574374774,190.99654191818726,181.92124748959458,190.27487182617188,22768900,0.0,0.0
2025-05-01 00:00:00-04:00,195.88019672701355,199.1030107337515,194.0018724140534,195.07943725585938,24939700,0.0,0.0
2025-05-02 00:00:00-04:00,201.57450362089105,203.33420141943398,198.78667371495968,201.31747436523438,17766800,0.0,0.0
2025-05-05 00:00:00-04:00,197.9661300611066,200.91213865925664,197.71898133443858,198.43077087402344,14025400,0.0,0.0
2025-05-06 00:00:00-04:00,194.1995874757645,199.6072028664705,193.70529001836732,197.80795288085938,16348800,0.0,0.0
2025-05-07 00:00:00-04:00,197.01708781461744,203.8779394202928,196.16689552459619,202.47413635253906,20253700,0.0,0.0
2025-05-08 00:00:00-04:00,205.62773270350527,208.75169610915108,201.36689123268184,205.40036010742188,18460900,0.0,0.0
2025-05-09 00:00:00-04:00,206.94257177358907,207.5653913863475,204.16462252423963,205.82545471191406,13289200,0.0,0.0
2025-05-12 00:00:00-04:00,216.9867118707107,219.2703638007492,213.4178834835984,219.05287170410156,25437700,0.0,0.0
2025-05-13 00:00:00-04:00,219.4680835461053,232.59662355325352,219.4680835461053,229.7692413330078,28790500,0.0,0.0
2025-05-14 00:00:00-04:00,227.60421238744286,230.83692211575223,225.7456641286886,229.47265625,19751400,0.0,0.0
2025-05-15 00:00:00-04:00,227.53501364081004,231.78597487416837,225.4688538489927,229.98672485351562,18803700,0.0,0.0
2025-05-16 00:00:00-04:00,229.67037934195108,229.98672187267027,223.80800361495287,226.002685546875,23094600,0.0,0.0
2025-05-19 00:00:00-04:00,219.31980161787394,228.6125883650793,219.07265287369546,227.99966430664062,15355500,0.0,0.0
2025-05-20 00:00:00-04:00,223.90686384280426,229.12664369663042,223.7585655572713,229.03765869140625,11787200,0.0,0.0
2025-05-21 00:00:00-04:00,225.78516513211576,233.8026695409046,225.2315544592379,227.10987854003906,17642900,0.0,0.0
2025-05-22 00:00:00-04:00,225.73574693562068,231.02473547576295,224.83612199178722,227.90077209472656,14340200,0.0,0.0
2025-05-23 00:00:00-04:00,224.3517522975133,228.01943130959262,223.60041044130963,226.1114501953125,15385600,0.0,0.0
2025-05-27 00:00:00-04:00,230.21410949031505,233.7829379920435,228.4939638694638,232.96240234375,17941700,0.0,0.0
2025-05-28 00:00:00-04:00,234.4452694100938,238.241485208077,231.75629013370437,236.6992645263672,20443000,0.0,0.0
2025-05-29 00:00:00-04:00,243.1053782536607,243.26355705980848,234.69242590440504,239.21031188964844,20743700,0.0,0.0
2025-05-30 00:00:00-04:00,238.46886188894143,240.39661891813057,232.22093490896734,239.30917358398438,27088600,0.0,0.0
2025-06-02 00:00:00-04:00,240.4757088256733,247.14872438404245,240.4163955453829,245.87344360351562,19197000,0.0,0.0
2025-06-03 00:00:00-04:00,247.22781675994653,254.93886007043784,246.55556437745963,253.9206085205078,30380200,0.0,0.0
2025-06-04 00:00:00-04:00,255.11684023726858,262.4027810442472,254.65219934961524,258.1023864746094,31536000,0.0,0.0
2025-06-05 00:00:00-04:00,259.9510298800808,261.8689063174333,256.10538140255284,256.9654541015625,41970900,0.0,0.0
2025-06-06 00:00:00-04:00,248.2757147905549,252.40804918693863,243.32285992751267,244.1137237548828,41146700,0.0,0.0
2025-06-09 00:00:00-04:00,242.25519511228993,245.3396065240458,238.36012860219415,241.4939727783203,25334100,0.0,0.0
2025-06-10 00:00:00-04:00,241.43463830671402,243.47114130804817,238.64679355631722,241.8399658203125,25491300,0.0,0.0
2025-06-11 00:00:00-04:00,243.5502435120145,251.86433035553273,241.0194429468213,250.02554321289062,24599000,0.0,0.0
2025-06-12 00:00:00-04:00,247.33657763098194,254.94877095773134,246.65444468902152,253.14952087402344,20410900,0.0,0.0
2025-06-13 00:00:00-04:00,247.80120860699117,251.10311205062112,245.5175567337934,245.86355590820312,19028400,0.0,0.0
2025-06-16 00:00:00-04:00,247.49475132108165,252.2795472501294,246.72364846825008,249.22479248046875,20363000,0.0,0.0
2025-06-17 00:00:00-04:00,248.0878912015838,251.0635715535708,245.09244981230108,246.52590942382812,22014300,0.0,0.0
2025-06-18 00:00:00-04:00,248.02858809644542,252.7244141410236,246.56547178418384,248.3943634033203,30435500,0.0,0.0
2025-06-20 00:00:00-04:00,250.9113045429389,251.21848786812154,241.9533633994484,247.7205352783203,42134900,0.59,0.0
2025-06-23 00:00:00-04:00,246.84853303005255,251.90224031604112,244.22259627808347,251.4662322998047,19747000,0.0,0.0
2025-06-24 00:00:00-04:00,256.42081834188394,263.45636903396843,256.42081834188394,261.37542724609375,32764900,0.0,0.0
2025-06-25 00:00:00-04:00,263.58521761461043,267.4200804158561,261.03854114910166,262.2474670410156,18894200,0.0,0.0
2025-06-26 00:00:00-04:00,262.67355774537884,269.20375952389617,261.7322001069228,267.7173767089844,23569600,0.0,0.0
2025-06-27 00:00:00-04:00,267.8461426946954,269.3820895845788,264.45720717143985,266.90478515625,27477600,0.0,0.0
2025-06-30 00:00:00-04:00,272.2359519035795,275.1888794583511,269.6595492237102,273.1475830078125,24708400,0.0,0.0
2025-07-01 00:00:00-04:00,271.90894804987573,272.00804628242076,260.27553527382094,262.3366394042969,28847600,0.0,0.0
2025-07-02 00:00:00-04:00,261.59341703103354,269.5307097411908,260.3448762185878,267.44976806640625,17582100,0.0,0.0
2025-07-03 00:00:00-04:00,268.2722403488857,273.29619034053644,267.66776239216966,272.68182373046875,10592700,0.0,0.0
2025-07-07 00:00:00-04:00,272.6323363501287,275.0402692137003,270.1847581447825,271.6909484863281,16760600,0.0,0.0
2025-07-08 00:00:00-04:00,273.84120060923976,273.84120060923976,268.68839599731314,269.3324890136719,14869400,0.0,0.0
2025-07-09 00:00:00-04:00,270.4819805803657,276.91308302009764,270.24416904773904,275.37713623046875,20133000,0.0,0.0
2025-07-10 00:00:00-04:00,277.2500332692543,278.6273989176156,270.22440097172546,272.8998718261719,17891600,0.0,0.0
2025-07-11 00:00:00-04:00,271.65131808249134,273.9601525818335,269.42174402169826,271.8891296386719,14274700,0.0,0.0
2025-07-14 00:00:00-04:00,271.641396729026,275.8329765714404,267.1326844136851,273.0980529785156,11934200,0.0,0.0
2025-07-15 00:00:00-04:00,277.2698712664013,280.7876321289224,275.3276726917455,278.3896179199219,17918400,0.0,0.0
2025-07-16 00:00:00-04:00,277.56708484637136,278.9543995286286,273.1674199713404,278.2607421875,15031000,0.0,0.0
2025-07-17 00:00:00-04:00,278.58778620072815,285.6629525551577,277.3689414264892,283.8495788574219,17231100,0.0,0.0
2025-07-18 00:00:00-04:00,284.5035562146376,284.91975669509816,278.4490382611421,280.7677917480469,15012400,0.0,0.0
2025-07-21 00:00:00-04:00,281.3821491946319,287.9024316505868,281.05515830259225,285.59356689453125,17726800,0.0,0.0
2025-07-22 00:00:00-04:00,285.03866257967115,285.3854912734229,273.92051827252266,276.0609130859375,16564800,0.0,0.0
2025-07-23 00:00:00-04:00,274.26732058865787,281.4217768289301,270.52163758555605,281.1145935058594,20556200,0.0,0.0
2025-07-24 00:00:00-04:00,287.1592322367496,288.5564355809759,280.9263257483868,286.0890197753906,16413800,0.0,0.0
2025-07-25 00:00:00-04:00,285.45485430174654,289.93381001576864,284.66209870599005,287.5456848144531,12476200,0.0,0.0
2025-07-28 00:00:00-04:00,289.80497294938414,292.7678496109974,287.9519540743725,291.6282653808594,13683400,0.0,0.0
2025-07-29 00:00:00-04:00,294.79926166590343,299.4466877396441,292.19313226210227,294.7200012207031,19210800,0.0,0.0
2025-07-30 00:00:00-04:00,294.4524283646125,300.5069767306526,293.11467778863334,299.8727722167969,16738900,0.0,0.0
2025-07-31 00:00:00-04:00,300.0511168670968,304.1634666381165,287.595252494986,291.03375244140625,25488500,0.0,0.0
2025-08-01 00:00:00-04:00,283.93874200272353,289.983371051339,279.0534745293429,286.0196838378906,21428100,0.0,0.0
2025-08-04 00:00:00-04:00,289.5473349762262,295.7703220885984,288.75457946604877,295.0172119140625,17164600,0.0,0.0
2025-08-05 00:00:00-04:00,295.1064247549772,298.46566423977845,288.8041764960874,290.2707214355469,18477500,0.0,0.0
2025-08-06 00:00:00-04:00,290.24099283475994,300.0610316255537,289.2500710222544,298.931396484375,17392100,0.0,0.0
2025-08-07 00:00:00-04:00,303.39053601779983,307.5226629238072,297.15762952693996,301.0024108886719,16319400,0.0,0.0
2025-08-08 00:00:00-04:00,301.2897850990344,305.07511393310193,299.80340228110026,302.2014465332031,12458700,0.0,0.0
2025-08-11 00:00:00-04:00,302.2806978768283,305.5111127808512,298.55485228894594,301.1411437988281,12396400,0.0,0.0
2025-08-12 00:00:00-04:00,303.84632438309075,310.5944987113902,301.9041263269176,309.9900207519531,17609600,0.0,0.0
2025-08-13 00:00:00-04:00,313.8744607292407,314.4690198205595,301.9833998649916,306.28399658203125,17371200,0.0,0.0
2025-08-14 00:00:00-04:00,304.2229108539708,311.3179145558856,304.212991959021,308.40460205078125,15717600,0.0,0.0
2025-08-15 00:00:00-04:00,308.2064162912545,308.6721507620578,297.0387381278039,303.5589904785156,22806900,0.0,0.0
2025-08-18 00:00:00-04:00,299.95206491629557,303.3905650465833,296.2856418672094,302.9842834472656,14724700,0.0,0.0
2025-08-19 00:00:00-04:00,299.6745901136142,300.1502132332778,289.7356454685235,292.2327575683594,20149600,0.0,0.0
2025-08-20 00:00:00-04:00,292.77773546862284,292.8074619118753,279.31111234567646,288.5267028808594,23600500,0.0,0.0
2025-08-21 00:00:00-04:00,287.42679337316724,289.73565825034905,283.5721230483509,286.9709777832031,14946300,0.0,0.0
2025-08-22 00:00:00-04:00,289.1014197213309,297.3657034634213,286.386303811201,291.33099365234375,16301300,0.0,0.0
2025-08-25 00:00:00-04:00,290.151807194349,295.6910563770009,289.0617871761766,291.5589294433594,15124700,0.0,0.0
2025-08-26 00:00:00-04:00,291.67781876802,297.524250956868,291.3210712183159,295.3045959472656,25689100,0.0,0.0
2025-08-27 00:00:00-04:00,294.8289832914129,298.44584207518415,291.1130262723598,297.5242919921875,13830300,0.0,0.0
2025-08-28 00:00:00-04:00,300.179948278461,308.1766948527874,299.58538912131326,305.8480224609375,18907100,0.0,0.0
2025-08-29 00:00:00-04:00,304.2229093937038,304.2229093937038,290.9940974069685,294.69024658203125,21610700,0.0,0.0
2025-09-02 00:00:00-04:00,286.71330344977366,295.9982356657117,284.56302012747113,295.5325012207031,19693000,0.0,0.0
2025-09-03 00:00:00-04:00,299.54576871216847,301.6861634956484,293.70922461306054,299.6448669433594,18529400,0.0,0.0
2025-09-04 00:00:00-04:00,302.2905998597554,305.97683014063443,299.5061120396878,303.3211669921875,31220800,0.0,0.0
2025-09-05 00:00:00-04:00,352.5501641041714,353.1050779044343,328.4113230711315,331.8498229980469,78401600,0.0,0.0
2025-09-08 00:00:00-04:00,339.63841803370383,350.9547573320827,338.15203546025214,342.5120849609375,43535600,0.0,0.0
2025-09-09 00:00:00-04:00,346.3766945272351,347.7937356489944,332.78124655785496,333.6136474609375,26972300,0.0,0.0
2025-09-10 00:00:00-04:00,348.3288097263362,369.58409379042394,347.36761439975277,366.2149658203125,51086800,0.0,0.0
2025-09-11 00:00:00-04:00,367.8103067993158,370.8326361076891,355.503076305303,356.36517333984375,29430900,0.0,0.0
2025-09-12 00:00:00-04:00,359.6154381170266,361.08201328413594,353.91763770285525,356.60302734375,31949800,0.0,0.0
2025-09-15 00:00:00-04:00,356.6030376305608,362.18193242681093,353.1050847458822,360.78472900390625,21792200,0.0,0.0
2025-09-16 00:00:00-04:00,362.11254006740637,362.3701894080732,353.7491577958688,356.7318420410156,21306500,0.0,0.0
2025-09-17 00:00:00-04:00,355.59228565741597,356.6624678705395,338.3997867816056,343.02740478515625,45197100,0.0,0.0
2025-09-18 00:00:00-04:00,346.8226549205584,347.5163123266138,340.6690385677465,342.2148742675781,24663900,0.0,0.0
2025-09-19 00:00:00-04:00,341.5211874471744,343.1264759017759,333.3758091578165,341.8085632324219,41240100,0.0,0.0
2025-09-22 00:00:00-04:00,339.90270066016484,344.11142809429634,335.4458486342185,336.2895812988281,28660000,0.59,0.0
2025-09-23 00:00:00-04:00,337.7289005100019,342.67215727938327,334.5326640206938,336.4385070800781,21944100,0.0,0.0
2025-09-24 00:00:00-04:00,337.2524465542453,337.5700618055358,331.3463477899052,336.8057556152344,19677300,0.0,0.0
2025-09-25 00:00:00-04:00,330.5324134002917,335.5650023848785,324.8844050686064,333.6194763183594,21678200,0.0,0.0
2025-09-26 00:00:00-04:00,334.9395951693463,336.5774113081487,328.14014544341876,332.0610046386719,15464700,0.0,0.0
2025-09-29 00:00:00-04:00,333.52014323065845,338.5328594569204,325.13249655926,325.47991943359375,21336000,0.0,0.0
2025-09-30 00:00:00-04:00,327.6835698030718,328.6066987392107,322.21422624207713,327.4751281738281,20109500,0.0,0.0
2025-10-01 00:00:00-04:00,325.72809636503257,335.45578604356376,322.10504109835813,330.929443359375,21122700,0.0,0.0
2025-10-02 00:00:00-04:00,345.0444773931538,345.0444773931538,332.77571393429145,335.68408203125,19917600,0.0,0.0
2025-10-03 00:00:00-04:00,338.97958477983,341.8581754881589,333.26208633567387,335.8726806640625,14749100,0.0,0.0
2025-10-06 00:00:00-04:00,333.4407959918751,341.59019458808785,332.09081755700765,333.0139465332031,18465700,0.0,0.0
2025-10-07 00:00:00-04:00,334.54257383015096,335.6145896414922,324.1696871643973,333.9271545410156,18086700,0.0,0.0
2025-10-08 00:00:00-04:00,331.3562835355959,343.98240611238566,330.16512789364833,342.9500732421875,21478300,0.0,0.0
2025-10-09 00:00:00-04:00,343.19822550564476,344.7467096528682,337.8877046056565,342.4736022949219,17643700,0.0,0.0
2025-10-10 00:00:00-04:00,342.840892595421,348.0124321452589,321.65836401946854,322.2341003417969,28941000,0.0,0.0
2025-10-13 00:00:00-04:00,350.1664255725934,356.72765725884494,340.98469374329954,354.06744384765625,45984300,0.0,0.0
2025-10-14 00:00:00-04:00,347.5458968977502,348.0819199505021,337.1432328388366,341.5901794433594,22078000,0.0,0.0
2025-10-15 00:00:00-04:00,351.85387010727675,356.7474774551497,344.93531029766996,348.7370300292969,23918500,0.0,0.0
2025-10-16 00:00:00-04:00,354.16666023990877,360.5591328706342,346.9106134062097,351.5362243652344,20317200,0.0,0.0
2025-10-17 00:00:00-04:00,347.02970227858856,348.3796806028273,338.2648850831761,346.75177001953125,20937900,0.0,0.0
2025-10-20 00:00:00-04:00,351.1887878337082,353.958204884989,345.27278374432154,346.6624450683594,15640200,0.0,0.0
2025-10-21 00:00:00-04:00,347.41686685310657,348.5087544931143,338.790999935566,340.13104248046875,16092600,0.0,0.0
2025-10-22 00:00:00-04:00,344.7367896443459,345.4415714008497,333.03382587244175,337.7884521484375,19268800,0.0,0.0
2025-10-23 00:00:00-04:00,337.8876883349711,344.01216427937095,337.8876883349711,341.7489929199219,12859200,0.0,0.0
2025-10-24 00:00:00-04:00,349.90834901526836,355.6555947565441,348.2903742014157,351.5163879394531,16143700,0.0,0.0
2025-10-27 00:00:00-04:00,358.8716837936956,360.0727449780649,352.4593396329431,359.3778991699219,20065800,0.0,0.0
2025-10-28 00:00:00-04:00,359.9436972479219,371.29926735087304,359.8543651232864,370.2173156738281,21056000,0.0,0.0
2025-10-29 00:00:00-04:00,370.43570420392757,383.62762692963696,370.43570420392757,383.1313171386719,24975200,0.0,0.0
2025-10-30 00:00:00-04:00,383.5481717267092,383.5481717267092,367.3287726055538,373.69146728515625,24295300,0.0,0.0
2025-10-31 00:00:00-04:00,375.4782261269102,376.0241851127657,362.4054422295642,366.9020080566406,21598400,0.0,0.0
2025-11-03 00:00:00-05:00,369.2545047414832,372.0834767636979,359.3084668899818,359.8742370605469,17198900,0.0,0.0
2025-11-04 00:00:00-05:00,355.8739526529837,366.2269976541692,348.40946448995305,349.342529296875,24047500,0.0,0.0
2025-11-05 00:00:00-05:00,348.300307949599,362.1771106487969,347.50619408971056,356.3305969238281,17087600,0.0,0.0
2025-11-06 00:00:00-05:00,357.4522364621433,360.8172315109209,350.1068573399226,352.9656066894531,19896900,0.0,0.0
2025-11-07 00:00:00-05:00,351.57595340801487,351.8836630736336,334.7808157374754,346.85107421875,21903200,0.0,0.0
2025-11-10 00:00:00-05:00,355.2585603809326,357.3430676674622,351.99283330844776,355.7449645996094,16409000,0.0,0.0
2025-11-11 00:00:00-05:00,356.3206695350522,359.21913218118834,347.0893190996685,349.3623962402344,16446800,0.0,0.0
2025-11-12 00:00:00-05:00,355.397522116269,356.22138303720845,349.08444584946085,352.59832763671875,12190500,0.0,0.0
2025-11-13 00:00:00-05:00,348.98518841294657,350.94065025218157,331.693771807236,337.4708251953125,22616600,0.0,0.0
2025-11-14 00:00:00-05:00,329.02361555490245,342.1956665627553,326.63139871631194,339.9324951171875,18500800,0.0,0.0
2025-11-17 00:00:00-05:00,337.3119936612734,349.6006289345155,335.0289504470232,340.12109375,14799600,0.0,0.0
2025-11-18 00:00:00-05:00,340.6670539929708,345.4018385124019,333.03380695412073,337.9869689941406,21726800,0.0,0.0
2025-11-19 00:00:00-05:00,338.19545274367573,357.0353857353312,335.3069257539335,351.8042907714844,21851900,0.0,0.0
2025-11-20 00:00:00-05:00,363.29878258782225,373.3043750747231,342.6324347343845,344.2603454589844,28867000,0.0,0.0
2025-11-21 00:00:00-05:00,342.6126248114816,346.02723905792794,329.3512096536286,337.6892395019531,30280300,0.0,0.0
2025-11-24 00:00:00-05:00,345.1636020174876,379.18066259706404,345.09411137983335,375.17047119140625,47262400,0.0,0.0
2025-11-25 00:00:00-05:00,382.08905595598475,385.26545079789577,369.00633687766725,382.1883239746094,33507600,0.0,0.0
2025-11-26 00:00:00-05:00,382.70449559109613,396.9188163105634,380.43141839328314,394.63580322265625,28693000,0.0,0.0
2025-11-28 00:00:00-05:00,396.4026199099932,400.02567517757427,394.2287806909756,399.9859619140625,13365500,0.0,0.0
2025-12-01 00:00:00-05:00,391.93582233612875,392.5016227309671,382.2577820456205,383.23052978515625,23252000,0.0,0.0
2025-12-02 00:00:00-05:00,385.444091222075,390.5957890589722,376.98698364502553,378.75384521484375,22207000,0.0,0.0
2025-12-03 00:00:00-05:00,377.1954504183348,379.47846339603353,367.91445104036177,377.8009338378906,21336400,0.0,0.0
2025-12-04 00:00:00-05:00,377.87041156383543,381.05674220183573,373.75104639670536,378.21783447265625,15845900,0.0,0.0
2025-12-05 00:00:00-05:00,383.31989432931135,390.62555947452637,382.3074030292696,387.3598327636719,24779900,0.0,0.0
2025-12-08 00:00:00-05:00,399.50949868242463,404.2839959514648,394.466974767043,398.1396789550781,30410600,0.0,0.0
2025-12-09 00:00:00-05:00,395.8070523365675,403.9266731243686,392.590974633076,403.2914123535156,24546000,0.0,0.0
2025-12-10 00:00:00-05:00,399.2316169090932,411.54999953942325,396.6110866137911,409.922119140625,31531000,0.0,0.0
2025-12-11 00:00:00-05:00,401.8421764369809,406.2791872286275,391.28071972128316,403.3708190917969,45681600,0.0,0.0
2025-12-12 00:00:00-05:00,377.1557286245446,379.18068105759903,352.5288391708667,357.2735595703125,95588500,0.0,0.0
2025-12-15 00:00:00-05:00,359.219120663833,359.32829427922707,335.01905003106987,337.30206298828125,65894900,0.0,0.0
2025-12-16 00:00:00-05:00,333.54000642530747,344.9352896326606,332.58710015019307,338.7810363769531,58061100,0.0,0.0
2025-12-17 00:00:00-05:00,344.0518644624617,344.0518644624617,319.04780464762507,323.61383056640625,73300900,0.0,0.0
2025-12-18 00:00:00-05:00,333.5201698356669,333.54994721056556,321.2414708108135,327.4453430175781,54501900,0.0,0.0
2025-12-19 00:00:00-05:00,330.8798132684081,340.91521315942816,330.1254126801353,337.8479919433594,159095200,0.0,0.0
2025-12-22 00:00:00-05:00,344.13334350081175,344.34218395336666,335.3716351900633,339.5784606933594,28739600,0.65,0.0
2025-12-23 00:00:00-05:00,338.9419395118739,348.19095193101117,336.6843928305084,347.4053039550781,28232600,0.0,0.0
2025-12-24 00:00:00-05:00,348.7678401423381,350.9259291880828,345.2373101401541,348.3004150390625,11424400,0.0,0.0
2025-12-26 00:00:00-05:00,349.135778221545,351.31377688845333,345.84392332048026,350.1999206542969,15028100,0.0,0.0
2025-12-29 00:00:00-05:00,346.8086041048624,348.4097648368254,342.8006944745006,347.4749450683594,21946900,0.0,0.0
2025-12-30 00:00:00-05:00,348.05177149084255,350.74690914085545,347.3854304912363,347.93243408203125,16633600,0.0,0.0
2025-12-31 00:00:00-05:00,347.81308061349677,347.96225236762314,343.52670689319933,344.2029724121094,15346100,0.0,0.0
2026-01-02 00:00:00-05:00,350.84635092137546,358.6831641419203,343.6659237693353,345.7146301269531,25398600,0.0,0.0
2026-01-05 00:00:00-05:00,352.79561993308556,353.08403890813264,334.65560516323063,341.5376892089844,31136000,0.0,0.0
2026-01-06 00:00:00-05:00,341.71669097519174,347.13680062511486,336.1473792140105,341.8857421875,27135500,0.0,0.0
2026-01-07 00:00:00-05:00,339.8270962641587,347.78324690212264,334.03898939096644,341.6172180175781,20249300,0.0,0.0
2026-01-08 00:00:00-05:00,340.90115484482556,341.796215699477,328.6884651305382,330.6576232910156,24385200,0.0,0.0
2026-01-09 00:00:00-05:00,336.06781697404654,345.4859115245898,331.6720303836429,343.07916259765625,22482500,0.0,0.0
2026-01-12 00:00:00-05:00,339.0812182295673,351.9602192857221,339.0812182295673,350.27947998046875,20949600,0.0,0.0
2026-01-13 00:00:00-05:00,350.9458225853505,357.519577726993,348.98661920367016,352.66632080078125,18308000,0.0,0.0
2026-01-14 00:00:00-05:00,347.05725670078334,348.76783039792383,332.5870190563046,338.02703857421875,30094700,0.0,0.0
2026-01-15 00:00:00-05:00,347.2064334189842,347.7633615748104,339.797285826153,341.1398620605469,22218800,0.0,0.0
2026-01-16 00:00:00-05:00,344.37204143074337,352.5668976348996,342.1642083045463,349.7822265625,31291200,0.0,0.0
2026-01-20 00:00:00-05:00,342.21394438179703,343.50680675433125,329.9813442441664,330.7769775390625,32293900,0.0,0.0
2026-01-21 00:00:00-05:00,333.6710152765439,333.95940387889675,322.4230099762328,326.9977722167969,32006600,0.0,0.0
2026-01-22 00:00:00-05:00,333.5119043161702,335.1428994572956,323.10924558403605,323.7059326171875,24275400,0.0,0.0
2026-01-23 00:00:00-05:00,317.5498567119987,320.22511484692023,312.38830145170823,318.2957458496094,30259500,0.0,0.0
2026-01-26 00:00:00-05:00,318.04711955048145,326.87845189062244,315.85919626685916,323.0694580078125,25006400,0.0,0.0
2026-01-27 00:00:00-05:00,327.9525514285784,332.92514576561865,325.22754909367137,330.9659423828125,25537600,0.0,0.0
2026-01-28 00:00:00-05:00,336.9926876525865,338.1264232560093,324.9092907973774,331.4134216308594,23001700,0.0,0.0
2026-01-29 00:00:00-05:00,330.7371925034721,334.10862603607046,318.52450201145007,328.917236328125,20447500,0.0,0.0
2026-01-30 00:00:00-05:00,330.6178664590828,336.34630505103615,326.5303779866095,329.4841003417969,28313000,0.0,0.0
2026-02-02 00:00:00-05:00,324.32254104203236,334.2180161496245,323.9645288093471,329.2951354980469,17278200,0.0,0.0
2026-02-03 00:00:00-05:00,334.8942771756315,337.0424415935712,306.95824554215517,318.57421875,36914800,0.0,0.0
2026-02-04 00:00:00-05:00,317.75868713935154,317.75868713935154,293.6813669850026,306.3614807128906,43330300,0.0,0.0
2026-02-05 00:00:00-05:00,312.6170381097751,324.7402247935563,305.0189302074399,308.80804443359375,42775800,0.0,0.0
2026-02-06 00:00:00-05:00,318.3454764438024,333.1638006098199,314.5662867640152,331.09521484375,33003400,0.0,0.0
2026-02-09 00:00:00-05:00,328.95698319627917,350.40876169061943,328.83764579246576,342.0548095703125,30091000,0.0,0.0
2026-02-10 00:00:00-05:00,345.56544039229294,346.1024890295449,337.9772572735733,338.573974609375,19542700,0.0,0.0
2026-02-11 00:00:00-05:00,344.89912087434743,345.29695268978793,331.91070727823995,340.88128662109375,17004700,0.0,0.0
2026-02-12 00:00:00-05:00,341.9453783959192,344.39191644423863,327.75360634708983,329.35479736328125,22007300,0.0,0.0
2026-02-13 00:00:00-05:00,328.04206702337723,332.48756774462413,322.91034582936476,323.3877258300781,18397200,0.0,0.0
2026-02-17 00:00:00-05:00,317.92778714048023,333.9097127691567,314.57626338288225,330.7173156738281,23469700,0.0,0.0
2026-02-18 00:00:00-05:00,327.71382564879144,336.0280186395147,325.4363994378997,331.6819763183594,13565300,0.0,0.0
2026-02-19 00:00:00-05:00,331.18472325218454,336.5849531817764,327.8729585724948,332.1593322753906,15180900,0.0,0.0
2026-02-20 00:00:00-05:00,330.5382717081164,338.2457928257029,327.77351050833636,330.8266906738281,17658900,0.0,0.0
2026-02-23 00:00:00-05:00,330.4288925825397,336.6446354828884,323.5368841387067,328.52935791015625,16472400,0.0,0.0
2026-02-24 00:00:00-05:00,320.77212020317,326.5104830742268,312.72646630290467,323.7059326171875,23614400,0.0,0.0
2026-02-25 00:00:00-05:00,328.927123659574,334.0687989824189,327.4751347738451,330.488525390625,20182300,0.0,0.0
2026-02-26 00:00:00-05:00,324.7103845897715,324.7899327387528,306.2421633950335,319.93670654296875,33025300,0.0,0.0
2026-02-27 00:00:00-05:00,308.9969950493223,318.24600750223425,308.30081976778945,317.7984619140625,28004200,0.0,0.0
2026-03-02 00:00:00-05:00,307.6643395115613,318.28582398706305,305.51620548537267,317.072509765625,20567200,0.0,0.0
2026-03-03 00:00:00-05:00,311.2844197668416,314.1486390923111,305.71510778401847,312.11981201171875,20826200,0.0,0.0
2026-03-04 00:00:00-05:00,313.94968494615506,320.8715575900699,310.03127847800425,315.78955078125,34895800,0.0,0.0
2026-03-05 00:00:00-05:00,328.3702446012763,334.2776893219867,321.25944050421623,330.946044921875,57076600,0.0,0.0
2026-03-06 00:00:00-05:00,326.4806256337173,341.6271576603842,325.6054442465792,328.6685791015625,39152200,0.0,0.0
2026-03-09 00:00:00-04:00,325.4562903767639,346.57986082540674,321.83622723116406,343.8548889160156,40605800,0.0,0.0
2026-03-10 00:00:00-04:00,346.8185860069013,351.204417986352,338.9320280845014,340.7022705078125,29531700,0.0,0.0
2026-03-11 00:00:00-04:00,340.71221325442815,343.914565203741,336.36617068399795,339.69781494140625,20104100,0.0,0.0
2026-03-12 00:00:00-04:00,335.88876633564126,337.96730696416716,330.3791540926856,334.12847900390625,21982700,0.0,0.0
2026-03-13 00:00:00-04:00,335.8291171439231,336.4656237744782,319.66818587184616,320.3941955566406,34725000,0.0,0.0
2026-03-16 00:00:00-04:00,324.2330150261342,327.3956079424621,318.3056913523427,323.1390686035156,31363100,0.0,0.0
2026-03-17 00:00:00-04:00,323.97447979506984,325.6452642280251,315.5111144211158,319.5488586425781,38026500,0.0,0.0
2026-03-18 00:00:00-04:00,318.6736685758289,323.6562177382224,313.8204117202906,314.1983337402344,25460600,0.0,0.0
2026-03-19 00:00:00-04:00,310.75728497873484,321.49807568259484,306.8189991006935,318.0868835449219,23524800,0.0,0.0
2026-03-20 00:00:00-04:00,318.3653555994769,319.7477513091741,308.22128197957653,308.80804443359375,43325900,0.0,0.0
2026-03-23 00:00:00-04:00,316.92040164996087,325.37162330965646,313.86081688813783,321.41510009765625,27369200,0.65,0.0
2026-03-24 00:00:00-04:00,318.9135976425845,323.2986535273759,313.77111223092135,317.20941162109375,19799000,0.0,0.0
2026-03-25 00:00:00-04:00,321.49482709507237,323.1990132552922,315.6447601783276,317.7276611328125,19900000,0.0,0.0
2026-03-26 00:00:00-04:00,312.9539270660248,315.8441062288828,308.12041659250076,308.36956787109375,20343700,0.0,0.0
2026-03-27 00:00:00-04:00,306.01752436009457,306.4560329867543,297.8553270971834,299.6591796875,23593900,0.0,0.0
2026-03-30 00:00:00-04:00,299.84854424713643,303.73529770016216,288.9755799472559,292.41387939453125,28054500,0.0,0.0
2026-03-31 00:00:00-04:00,298.37359061075284,309.25650036356274,295.33392706080093,308.459228515625,29289500,0.0,0.0
2026-04-01 00:00:00-04:00,312.30610196427426,314.71789943082587,309.42592934816344,312.4256896972656,19171000,0.0,0.0
2026-04-02 00:00:00-04:00,303.45624245556854,313.6216254783869,300.725554526391,313.4820861816406,14021100,0.0,0.0
2026-04-06 00:00:00-04:00,313.99038435775833,315.3258314739668,309.2266134392941,313.3625183105469,12111300,0.0,0.0
2026-04-07 00:00:00-04:00,325.6208008432231,333.0155937799185,320.70751450153926,332.8362121582031,33310900,0.0,0.0
2026-04-08 00:00:00-04:00,350.55582902880246,352.9377297152957,341.3671291806997,349.43963623046875,31573100,0.0,0.0
2026-04-09 00:00:00-04:00,351.1039233044084,357.4822195260417,350.30665148368945,353.705078125,20514900,0.0,0.0
2026-04-10 00:00:00-04:00,359.7146098064539,375.2715992003721,359.59502207313034,370.28857421875,29958100,0.0,0.0
2026-04-13 00:00:00-04:00,368.40504315095495,379.5670019691029,368.22566153316797,378.4607849121094,24115800,0.0,0.0
2026-04-14 00:00:00-04:00,376.61704672604805,380.98218176244177,375.0424241107418,379.4872741699219,24423000,0.0,0.0
2026-04-15 00:00:00-04:00,388.556363849632,395.7319016304903,384.26099871524576,395.3731384277344,29559300,0.0,0.0
2026-04-16 00:00:00-04:00,393.65899725550884,398.3231016198409,391.01799993899425,397.1172180175781,18872900,0.0,0.0
2026-04-17 00:00:00-04:00,399.53895354510945,405.349177946928,398.45265770365506,405.1598205566406,20581700,0.0,0.0
2026-04-20 00:00:00-04:00,404.32268492441847,405.0402417840298,394.55593709004387,398.2732849121094,16922000,0.0,0.0
2026-04-21 00:00:00-04:00,398.0540476843165,402.2298254973827,393.2304826373467,400.8046875,16275500,0.0,0.0
2026-04-22 00:00:00-04:00,405.5983343025051,421.7632694342278,403.485506048224,421.2151184082031,23702500,0.0,0.0
2026-04-23 00:00:00-04:00,420.956007198299,427.85249687541506,416.38156341174476,418.5143127441406,19501600,0.0,0.0
2026-04-24 00:00:00-04:00,423.53723253280276,423.5571536851224,407.4719332970556,421.32476806640625,22491100,0.0,0.0
2026-04-27 00:00:00-04:00,419.05250121106235,421.3147837192593,413.22235560193394,416.7802429199219,17451600,0.0,0.0
2026-04-28 00:00:00-04:00,398.95097660162656,404.43230453420654,393.31018820678565,398.47259521484375,25519200,0.0,0.0
2026-04-29 00:00:00-04:00,402.1301248943796,404.2628742323027,395.4329379546727,404.0735168457031,15962500,0.0,0.0
2026-04-30 00:00:00-04:00,414.10932856321773,416.95963488436803,402.8576791985395,416.0128479003906,21821600,0.0,0.0
2026-05-01 00:00:00-04:00,413.6807744507737,421.73336005098446,411.87692179617113,419.8497619628906,11882600,0.0,0.0
2026-05-04 00:00:00-04:00,416.80016041793476,422.39110008521186,408.1396602002539,415.08599853515625,15140400,0.0,0.0
2026-05-05 00:00:00-04:00,420.2284881279572,431.9186762883192,417.92633290053135,425.90911865234375,21175200,0.0,0.0
2026-05-06 00:00:00-04:00,434.0813050195725,436.1941029171344,416.36166796239456,423.99566650390625,20707000,0.0,0.0
2026-05-07 00:00:00-04:00,420.38796617222715,425.0420949085881,404.92063571750873,411.1593933105469,22791700,0.0,0.0
2026-05-08 00:00:00-04:00,418.37477770314314,433.52318626226383,412.5944807185683,428.5401611328125,22561400,0.0,0.0
2026-05-11 00:00:00-04:00,426.1682467271705,432.1777739636967,423.6069644486416,426.9754943847656,16825500,0.0,0.0
2026-05-12 00:00:00-04:00,421.99244836500225,427.8823875718578,407.02345219578643,417.87646484375,19004300,0.0,0.0
2026-05-13 00:00:00-04:00,414.3983466119951,417.2087801740821,403.4257151941707,415.3750305175781,16981200,0.0,0.0
2026-05-14 00:00:00-04:00,415.3152264043486,440.85818785567585,414.17908206787644,438.29693603515625,19733800,0.0,0.0
2026-05-15 00:00:00-04:00,431.34061585736106,431.34061585736106,418.37477482718646,423.7464904785156,18957100,0.0,0.0
2026-05-18 00:00:00-04:00,419.9793434737352,420.57731259465044,412.96323531054014,419.2817077636719,17863300,0.0,0.0
2026-05-19 00:00:00-04:00,408.4286821845161,416.53108597422136,404.4821043532533,409.6744384765625,20652100,0.0,0.0
2026-05-20 00:00:00-04:00,411.40852867178563,422.7299778664552,410.023263466156,416.34173583984375,16312600,0.0,0.0
2026-05-21 00:00:00-04:00,412.14601051224605,420.816486702251,409.1063772439882,413.1625671386719,16865300,0.0,0.0
2026-05-22 00:00:00-04:00,416.07264196819784,418.5641546493439,408.8173582572594,412.7340393066406,14086400,0.0,0.0
2026-05-26 00:00:00-04:00,417.07920761613906,433.83213584019524,415.5843000619593,420.5773010253906,22562900,0.0,0.0
2026-05-27 00:00:00-04:00,423.62691954623034,431.33065718404345,415.0760311118643,420.42779541015625,17601000,0.0,0.0
2026-05-28 00:00:00-04:00,419.7102713339756,428.2212566841442,412.6044723600264,425.13177490234375,17855600,0.0,0.0
2026-05-29 00:00:00-04:00,431.4801759510723,447.37600852236386,430.0051895027869,445.25323486328125,41798400,0.0,0.0
2026-06-01 00:00:00-04:00,448.56195418793766,464.46776194674464,440.7186774700855,458.4084167480469,30586000,0.0,0.0
2026-06-02 00:00:00-04:00,487.1305786072284,487.1604755414147,468.8627914700956,479.9350891113281,38306700,0.0,0.0
2026-06-03 00:00:00-04:00,493.1002545088062,493.3195088404053,471.03543411048315,477.6030578613281,50126400,0.0,0.0
2026-06-04 00:00:00-04:00,407.6014880474626,425.0321309842049,401.64180933708525,417.4878234863281,80979400,0.0,0.0
2026-06-05 00:00:00-04:00,406.2261638146785,409.10636696522306,384.28093188776637,384.42047119140625,51146100,0.0,0.0
2026-06-08 00:00:00-04:00,401.2531220335625,401.47237636203323,390.0213940223802,395.2535705566406,37099000,0.0,0.0
2026-06-09 00:00:00-04:00,400.2465433630962,406.48530076828695,369.07273831724825,390.8286437988281,37026900,0.0,0.0
2026-06-10 00:00:00-04:00,380.20484327325255,384.5002087942833,369.909926036757,370.8367614746094,38193500,0.0,0.0
2026-06-11 00:00:00-04:00,371.55430244438566,388.17766739710873,369.29198951348326,384.2610168457031,35187600,0.0,0.0
2026-06-12 00:00:00-04:00,382.41731103702546,383.6730431982832,375.72012353360753,380.7729187011719,27600900,0.0,0.0
2026-06-15 00:00:00-04:00,394.1672773425175,394.85493726761007,387.28073272248497,392.60260009765625,32394200,0.0,0.0
2026-06-16 00:00:00-04:00,388.88525989352866,390.4599129523313,375.1819400385023,375.43109130859375,31573700,0.0,0.0
2026-06-17 00:00:00-04:00,387.39035385489547,399.2898209961697,381.35092947633603,391.5661315917969,40005500,0.0,0.0
2026-06-18 00:00:00-04:00,408.1894808169158,411.2989141040468,404.0037578776532,409.9534912109375,45076100,0.0,0.0
2026-06-22 00:00:00-04:00,412.90813255974655,413.8863622717574,391.19766550064395,391.4172668457031,26403700,0.65,0.0
2026-06-23 00:00:00-04:00,377.183160349269,390.30925218122655,375.97536823314596,379.4590148925781,33122200,0.0,0.0
2026-06-24 00:00:00-04:00,385.9172669615024,388.03340873360276,376.27482151325444,381.37554931640625,29938700,0.0,0.0
2026-06-25 00:00:00-04:00,385.8773246272315,388.0932906923914,372.0225790118633,378.2212829589844,23353700,0.0,0.0
2026-06-26 00:00:00-04:00,369.77665959861986,373.010760628504,363.1686669274986,364.35650634765625,34839300,0.0,0.0
2026-06-29 00:00:00-04:00,372.9408971009337,375.5261858177169,359.8048132838477,371.7730407714844,24285200,0.0,0.0
2026-06-30 00:00:00-04:00,374.1087737651548,378.92998114170064,369.96632307983845,377.0633850097656,28517400,0.0,0.0
2026-07-01 00:00:00-04:00,371.194070816664,373.07065853487035,367.3610541944611,368.6686706542969,23712600,0.0,0.0
2026-07-02 00:00:00-04:00,365.0652317664685,373.3201886070083,355.7821178901531,359.7948303222656,26749500,0.0,0.0
2026-07-06 00:00:00-04:00,372.93088602628916,382.46354556366265,370.5053102731043,373.2203674316406,24544000,0.0,0.0
2026-07-07 00:00:00-04:00,365.89371787047224,372.28207878472796,361.35200038650567,370.1060485839844,24116700,0.0,0.0
2026-07-08 00:00:00-04:00,376.8337800267437,394.3718507720338,376.2049507507325,387.9834899902344,31624100,0.0,0.0
2026-07-09 00:00:00-04:00,401.4589744409262,406.7792731308406,387.2248839332701,400.38092041015625,28074000,0.0,0.0
2026-07-10 00:00:00-04:00,397.77568214382535,401.70852319471294,394.98078363857434,399.2430114746094,14595900,0.0,0.0
2026-07-13 00:00:00-04:00,392.7648116529152,395.0306746764883,382.72309940322447,383.3519287109375,21294500,0.0,0.0
2026-07-14 00:00:00-04:00,395.00071097121594,396.6077698930765,383.9408642106386,388.4027099609375,20118700,0.0,0.0
2026-07-15 00:00:00-04:00,395.37003153713226,398.2747457442537,386.0370207512052,393.5633239746094,16324100,0.0,0.0
2026-07-16 00:00:00-04:00,383.84106586787965,386.03704885483813,371.22402580070786,373.7694091796875,23407200,0.0,0.0
2026-07-17 00:00:00-04:00,365.38463444351294,376.66411319585035,357.1496301143668,370.15594482421875,23272200,0.0,0.0
2026-07-20 00:00:00-04:00,378.07157177640937,382.89277931668107,375.27664280720205,377.47265625,14420500,0.0,0.0
2026-07-21 00:00:00-04:00,389.50073340859984,389.87005601093693,378.53071892875477,385.7974853515625,17291100,0.0,0.0
2026-07-22 00:00:00-04:00,379.508950518278,397.8655085231995,379.3093018587721,396.0887451171875,16966200,0.0,0.0
2026-07-23 00:00:00-04:00,391.47713247908143,396.8872636770856,386.1168982129943,391.7566223144531,16348700,0.0,0.0
2026-07-24 00:00:00-04:00,386.97533990444083,388.5624462419521,378.0615785127236,381.225830078125,15149400,0.0,0.0
2026-07-27 00:00:00-04:00,389.11144703550383,389.1912882193654,372.8211039380672,382.5234375,18502100,0.0,0.0
2026-07-28 00:00:00-04:00,373.67953854656076,385.098747331019,370.8447042626021,380.2176513671875,20328400,0.0,0.0
2026-07-29 00:00:00-04:00,379.94816124265327,385.41818126845186,368.83838631856355,369.64691162109375,21374400,0.0,0.0
2026-07-30 00:00:00-04:00,379.6586642041889,387.9735098045975,376.8537742281325,387.1350402832031,23639800,0.0,0.0
2026-07-31 00:00:00-04:00,394.11231798818983,399.1930928808125,379.0198059544965,388.5724182128906,20391000,0.0,0.0
2026-08-03 00:00:00-04:00,383.711296242093,391.89637356382457,373.929090541636,391.51708984375,17315100,0.0,0.0
2026-08-04 00:00:00-04:00,402.23754061032366,421.3028294840543,399.9516945118655,417.3999328613281,29564200,0.0,0.0
2026-08-05 00:00:00-04:00,420.9335114139147,426.2238657121497,416.13225672190106,417.51971435546875,16880400,0.0,0.0
2026-08-06 00:00:00-04:00,419.7855893663379,427.25200456430525,410.01340576062785,419.8055725097656,13907500,0.0,0.0
2026-08-07 00:00:00-04:00,427.62130376058394,430.05687108093565,420.8436372155499,426.98248291015625,14698300,0.0,0.0
2026-08-10 00:00:00-04:00,426.2138861504802,431.9434737455699,419.39631387502,421.6322326660156,13854100,0.0,0.0
2026-08-11 00:00:00-04:00,425.29556236991266,425.98431063031575,412.4789046153681,415.3236999511719,12882700,0.0,0.0
2026-08-12 00:00:00-04:00,425.4852261215809,425.7247801421332,413.85637715950065,415.29376220703125,15859200,0.0,0.0
2026-08-13 00:00:00-04:00,415.0541906513136,424.1476474839718,410.66219450812633,417.060546875,13180500,0.0,0.0
2026-08-14 00:00:00-04:00,411.21118535799303,411.75021234718304,387.7938363560742,392.2756652832031,29513600,0.0,0.0
2026-08-17 00:00:00-04:00,396.5379432918287,398.6341019268295,390.5987459270362,391.7167053222656,20042600,0.0,0.0
2026-08-18 00:00:00-04:00,383.621450747378,385.07878845918583,376.32474015478635,379.3092956542969,22878200,0.0,0.0
2026-08-19 00:00:00-04:00,371.7230879797279,373.2303530231148,356.95996301283236,361.8211364746094,35091400,0.0,0.0
2026-08-20 00:00:00-04:00,363.7276781337182,366.452696430959,361.591553300552,363.3683166503906,19729800,0.0,0.0
2026-08-21 00:00:00-04:00,370.01622270107055,374.44815483124006,364.38645955005757,367.7803039550781,19037100,0.0,0.0
2026-08-24 00:00:00-04:00,364.3066140294019,365.5044450359923,358.05798276141246,358.10791015625,18717200,0.0,0.0
2026-08-25 00:00:00-04:00,360.44364350998103,362.3301922632029,354.66415932108487,356.091552734375,18014900,0.0,0.0
2026-08-26 00:00:00-04:00,356.470882355204,358.81661701222157,349.4237172747059,354.94366455078125,19196300,0.0,0.0
2026-08-27 00:00:00-04:00,361.13240698312484,371.0443505736964,359.95452863919905,370.86468505859375,21330000,0.0,0.0
2026-08-28 00:00:00-04:00,372.9209447716948,375.905500352115,364.6859401033222,368.11968994140625,16596100,0.0,0.0
2026-08-31 00:00:00-04:00,368.8483227799572,372.0724626649145,365.6341744661516,369.6668395996094,21948000,0.0,0.0
2026-09-01 00:00:00-04:00,363.587933602968,370.72493156068,361.3420232375413,369.008056640625,19288900,0.0,0.0
2026-09-02 00:00:00-04:00,369.00804663749904,370.4154874171331,363.98719059738005,366.5724792480469,38874600,0.0,0.0
2026-09-03 00:00:00-04:00,351.1006416122112,358.7467218851038,341.7077422687547,356.51080322265625,60242600,0.0,0.0
2026-09-04 00:00:00-04:00,359.0461971592287,359.5053525027556,353.05710316466013,357.24945068359375,32863300,0.0,0.0
2026-09-08 00:00:00-04:00,363.01894105811454,372.02256513560684,362.0806472345784,367.89007568359375,30464900,0.0,0.0
2026-09-09 00:00:00-04:00,365.56432528568376,367.341088612672,358.5970016634835,363.7176818847656,25918200,0.0,0.0
2026-09-10 00:00:00-04:00,359.3755995848867,364.60606548684575,357.0997449862678,360.17413330078125,23994300,0.0,0.0
2026-09-11 00:00:00-04:00,364.1868487070648,366.1133333962855,360.98269178546724,361.33203125,21166900,0.0,0.0
2026-09-14 00:00:00-04:00,348.994493206532,349.6133613777174,343.2848890556265,344.0934143066406,32662800,0.0,0.0
2026-09-15 00:00:00-04:00,345.4110344253917,346.6288181302739,337.2858153451545,338.6533203125,24783900,0.0,0.0
2026-09-16 00:00:00-04:00,341.7477008390364,343.52446427916436,335.1996267813441,338.8929138183594,23152500,0.0,0.0
2026-09-17 00:00:00-04:00,345.98997497549743,350.3021302090554,344.6823584822176,346.6687316894531,24389600,0.0,0.0
2026-09-18 00:00:00-04:00,351.4400440322907,362.61969903490007,350.6914072364582,356.9599914550781,44032800,0.0,0.0
2026-09-21 00:00:00-04:00,358.6600036621094,363.9700012207031,353.5,362.6600036621094,26498600,0.65,0.0
2026-09-22 00:00:00-04:00,363.2300109863281,366.54998779296875,359.2900085449219,364.5400085449219,20570800,0.0,0.0
2026-09-23 00:00:00-04:00,362.20001220703125,362.8999938964844,354.010009765625,354.989990234375,23387700,0.0,0.0
2026-09-24 00:00:00-04:00,349.2099914550781,351.44000244140625,346.8900146484375,350.3599853515625,20930400,0.0,0.0
2026-09-25 00:00:00-04:00,352.6199951171875,354.42999267578125,349.42999267578125,352.80999755859375,16255500,0.0,0.0
2026-09-28 00:00:00-04:00,352.8699951171875,355.8599853515625,347.32000732421875,349.57000732421875,21527900,0.0,0.0
2026-09-29 00:00:00-04:00,357.0,361.8599853515625,354.0,355.1000061035156,19187400,0.0,0.0
2026-09-30 00:00:00-04:00,356.8999938964844,357.8999938964844,350.69000244140625,351.19000244140625,19760700,0.0,0.0
2026-10-01 00:00:00-04:00,352.1499938964844,354.45001220703125,343.2900085449219,343.6400146484375,24574100,0.0,0.0
2026-10-02 00:00:00-04:00,349.8599853515625,357.3500061035156,347.4200134277344,355.1400146484375,24607000,0.0,0.0
