Date,Open,High,Low,Close,Volume,Dividends,Stock Splits,Capital Gains
2021-10-29 00:00:00+02:00,4.3125,4.363500118255615,4.3125,4.363500118255615,0,0.0,0.0,0.0
2021-11-01 00:00:00+01:00,4.4095001220703125,4.4095001220703125,4.374499797821045,4.374499797821045,2170,0.0,0.0,0.0
2021-11-02 00:00:00+01:00,4.377999782562256,4.394000053405762,4.372000217437744,4.388999938964844,35655,0.0,0.0,0.0
2021-11-03 00:00:00+01:00,4.392000198364258,4.400000095367432,4.382999897003174,4.382999897003174,1630,0.0,0.0,0.0
2021-11-04 00:00:00+01:00,4.421999931335449,4.421999931335449,4.408999919891357,4.408999919891357,0,0.0,0.0,0.0
2021-11-05 00:00:00+01:00,4.417500019073486,4.429999828338623,4.413000106811523,4.413000106811523,0,0.0,0.0,0.0
2021-11-08 00:00:00+01:00,4.4079999923706055,4.421500205993652,4.4079999923706055,4.421500205993652,0,0.0,0.0,0.0
2021-11-09 00:00:00+01:00,4.4095001220703125,4.421999931335449,4.39300012588501,4.39300012588501,400,0.0,0.0,0.0
2021-11-10 00:00:00+01:00,4.4045000076293945,4.4079999923706055,4.385499954223633,4.399499893188477,25000,0.0,0.0,0.0
2021-11-11 00:00:00+01:00,4.389500141143799,4.4145002365112305,4.389500141143799,4.4145002365112305,132,0.0,0.0,0.0
2021-11-12 00:00:00+01:00,4.41949987411499,4.44350004196167,4.41949987411499,4.44350004196167,3360,0.0,0.0,0.0
2021-11-15 00:00:00+01:00,4.444499969482422,4.463500022888184,4.444499969482422,4.458000183105469,2015,0.0,0.0,0.0
2021-11-16 00:00:00+01:00,4.46750020980835,4.495500087738037,4.459499835968018,4.495500087738037,29220,0.0,0.0,0.0
2021-11-17 00:00:00+01:00,4.501500129699707,4.501500129699707,4.478499889373779,4.479000091552734,1500,0.0,0.0,0.0
2021-11-18 00:00:00+01:00,4.475500106811523,4.4770002365112305,4.4644999504089355,4.4644999504089355,0,0.0,0.0,0.0
2021-11-19 00:00:00+01:00,4.48799991607666,4.48799991607666,4.4644999504089355,4.4720001220703125,0,0.0,0.0,0.0
2021-11-22 00:00:00+01:00,4.494500160217285,4.518499851226807,4.494500160217285,4.505499839782715,28000,0.0,0.0,0.0
2021-11-23 00:00:00+01:00,4.468500137329102,4.468500137329102,4.422500133514404,4.422500133514404,64546,0.0,0.0,0.0
2021-11-24 00:00:00+01:00,4.453499794006348,4.46150016784668,4.447000026702881,4.459499835968018,5500,0.0,0.0,0.0
2021-11-25 00:00:00+01:00,4.480500221252441,4.480500221252441,4.4720001220703125,4.474999904632568,450,0.0,0.0,0.0
2021-11-26 00:00:00+01:00,4.355500221252441,4.395500183105469,4.323500156402588,4.323500156402588,142,0.0,0.0,0.0
2021-11-29 00:00:00+01:00,4.374499797821045,4.395999908447266,4.369999885559082,4.371500015258789,9091,0.0,0.0,0.0
2021-11-30 00:00:00+01:00,4.3125,4.3414998054504395,4.3125,4.315499782562256,500,0.0,0.0,0.0
2021-12-01 00:00:00+01:00,4.334000110626221,4.361499786376953,4.333499908447266,4.361499786376953,2993,0.0,0.0,0.0
2021-12-02 00:00:00+01:00,4.276000022888184,4.288000106811523,4.253499984741211,4.272500038146973,64555,0.0,0.0,0.0
2021-12-03 00:00:00+01:00,4.315499782562256,4.32450008392334,4.231500148773193,4.231500148773193,56279,0.0,0.0,0.0
2021-12-06 00:00:00+01:00,4.267000198364258,4.299499988555908,4.21750020980835,4.230500221252441,178409,0.0,0.0,0.0
2021-12-07 00:00:00+01:00,4.284999847412109,4.385000228881836,4.284999847412109,4.385000228881836,141580,0.0,0.0,0.0
2021-12-08 00:00:00+01:00,4.384500026702881,4.396999835968018,4.351500034332275,4.3520002365112305,41565,0.0,0.0,0.0
2021-12-09 00:00:00+01:00,4.369500160217285,4.374000072479248,4.361000061035156,4.36299991607666,38585,0.0,0.0,0.0
2021-12-10 00:00:00+01:00,4.366499900817871,4.366499900817871,4.32450008392334,4.32450008392334,6946,0.0,0.0,0.0
2021-12-13 00:00:00+01:00,4.361999988555908,4.380000114440918,4.311999797821045,4.311999797821045,60176,0.0,0.0,0.0
2021-12-14 00:00:00+01:00,4.322999954223633,4.322999954223633,4.236999988555908,4.236999988555908,0,0.0,0.0,0.0
2021-12-15 00:00:00+01:00,4.267000198364258,4.2729997634887695,4.262499809265137,4.262499809265137,3100,0.0,0.0,0.0
2021-12-16 00:00:00+01:00,4.35699987411499,4.373000144958496,4.315000057220459,4.315000057220459,22996,0.0,0.0,0.0
2021-12-17 00:00:00+01:00,4.2789998054504395,4.2789998054504395,4.230000019073486,4.251500129699707,98178,0.0,0.0,0.0
2021-12-20 00:00:00+01:00,4.171000003814697,4.196000099182129,4.150000095367432,4.150000095367432,436,0.0,0.0,0.0
2021-12-21 00:00:00+01:00,4.207499980926514,4.2179999351501465,4.197999954223633,4.21750020980835,1594,0.0,0.0,0.0
2021-12-22 00:00:00+01:00,4.255000114440918,4.283999919891357,4.249499797821045,4.283999919891357,16168,0.0,0.0,0.0
2021-12-23 00:00:00+01:00,4.296999931335449,4.334499835968018,4.296999931335449,4.334499835968018,12,0.0,0.0,0.0
2021-12-27 00:00:00+01:00,4.322999954223633,4.379000186920166,4.322999954223633,4.374000072479248,19032,0.0,0.0,0.0
2021-12-28 00:00:00+01:00,4.385499954223633,4.4070000648498535,4.385499954223633,4.385499954223633,50799,0.0,0.0,0.0
2021-12-29 00:00:00+01:00,4.392000198364258,4.4070000648498535,4.361999988555908,4.361999988555908,4999,0.0,0.0,0.0
2021-12-30 00:00:00+01:00,4.379000186920166,4.396999835968018,4.379000186920166,4.381499767303467,1888,0.0,0.0,0.0
2022-01-03 00:00:00+01:00,4.366499900817871,4.379499912261963,4.343500137329102,4.343500137329102,5922,0.0,0.0,0.0
2022-01-04 00:00:00+01:00,4.376999855041504,4.38100004196167,4.339000225067139,4.339000225067139,27852,0.0,0.0,0.0
2022-01-05 00:00:00+01:00,4.3379998207092285,4.3379998207092285,4.300000190734863,4.300000190734863,826,0.0,0.0,0.0
2022-01-06 00:00:00+01:00,4.21750020980835,4.21750020980835,4.198999881744385,4.206999778747559,52941,0.0,0.0,0.0
2022-01-07 00:00:00+01:00,4.207499980926514,4.213500022888184,4.167500019073486,4.177499771118164,69863,0.0,0.0,0.0
2022-01-10 00:00:00+01:00,4.184500217437744,4.184500217437744,4.099999904632568,4.099999904632568,847,0.0,0.0,0.0
2022-01-11 00:00:00+01:00,4.165999889373779,4.171000003814697,4.144499778747559,4.16349983215332,353,0.0,0.0,0.0
2022-01-12 00:00:00+01:00,4.197999954223633,4.2170000076293945,4.190999984741211,4.190999984741211,10043,0.0,0.0,0.0
2022-01-13 00:00:00+01:00,4.168000221252441,4.186999797821045,4.146500110626221,4.156000137329102,53566,0.0,0.0,0.0
2022-01-14 00:00:00+01:00,4.0854997634887695,4.090000152587891,4.067500114440918,4.06850004196167,7756,0.0,0.0,0.0
2022-01-17 00:00:00+01:00,4.075500011444092,4.106500148773193,4.075500011444092,4.106500148773193,3574,0.0,0.0,0.0
2022-01-18 00:00:00+01:00,4.079500198364258,4.079500198364258,4.041999816894531,4.041999816894531,17145,0.0,0.0,0.0
2022-01-19 00:00:00+01:00,3.999500036239624,4.071000099182129,3.999500036239624,4.013500213623047,13980,0.0,0.0,0.0
2022-01-20 00:00:00+01:00,4.010499954223633,4.060999870300293,4.010499954223633,4.060999870300293,12887,0.0,0.0,0.0
2022-01-21 00:00:00+01:00,3.9704999923706055,3.9704999923706055,3.927500009536743,3.9595000743865967,2804,0.0,0.0,0.0
2022-01-24 00:00:00+01:00,3.9119999408721924,3.9119999408721924,3.7639999389648438,3.765500068664551,2952,0.0,0.0,0.0
2022-01-25 00:00:00+01:00,3.8399999141693115,3.8399999141693115,3.7985000610351562,3.808000087738037,1352,0.0,0.0,0.0
2022-01-26 00:00:00+01:00,3.8580000400543213,3.9184999465942383,3.8580000400543213,3.9054999351501465,13965,0.0,0.0,0.0
2022-01-27 00:00:00+01:00,3.823499917984009,3.92549991607666,3.823499917984009,3.9179999828338623,36504,0.0,0.0,0.0
2022-01-28 00:00:00+01:00,3.875,3.878499984741211,3.819000005722046,3.878499984741211,319,0.0,0.0,0.0
2022-01-31 00:00:00+01:00,3.935499906539917,3.9784998893737793,3.9235000610351562,3.9665000438690186,6094,0.0,0.0,0.0
2022-02-01 00:00:00+01:00,3.999000072479248,4.017499923706055,3.992500066757202,4.014999866485596,8926,0.0,0.0,0.0
2022-02-02 00:00:00+01:00,4.060500144958496,4.070499897003174,4.043499946594238,4.043499946594238,3681,0.0,0.0,0.0
2022-02-03 00:00:00+01:00,4.046000003814697,4.046000003814697,3.9655001163482666,3.9655001163482666,42787,0.0,0.0,0.0
2022-02-04 00:00:00+01:00,3.9714999198913574,3.9714999198913574,3.9075000286102295,3.932499885559082,708,0.0,0.0,0.0
2022-02-07 00:00:00+01:00,3.9544999599456787,3.9674999713897705,3.938499927520752,3.948499917984009,22640,0.0,0.0,0.0
2022-02-08 00:00:00+01:00,3.9544999599456787,3.9660000801086426,3.940000057220459,3.953000068664551,78,0.0,0.0,0.0
2022-02-09 00:00:00+01:00,3.9865000247955322,4.051499843597412,3.9865000247955322,4.043000221252441,1136497,0.0,0.0,0.0
2022-02-10 00:00:00+01:00,4.052999973297119,4.054999828338623,4.019999980926514,4.024499893188477,24713,0.0,0.0,0.0
2022-02-11 00:00:00+01:00,3.987499952316284,3.996999979019165,3.9649999141693115,3.9649999141693115,28040,0.0,0.0,0.0
2022-02-14 00:00:00+01:00,3.9045000076293945,3.9105000495910645,3.867500066757202,3.9105000495910645,307105,0.0,0.0,0.0
2022-02-15 00:00:00+01:00,3.885499954223633,3.946000099182129,3.885499954223633,3.94350004196167,9693,0.0,0.0,0.0
2022-02-16 00:00:00+01:00,3.941499948501587,3.9574999809265137,3.9159998893737793,3.927999973297119,44612,0.0,0.0,0.0
2022-02-17 00:00:00+01:00,3.940999984741211,3.94350004196167,3.884000062942505,3.8984999656677246,21394,0.0,0.0,0.0
2022-02-18 00:00:00+01:00,3.870500087738037,3.877500057220459,3.8299999237060547,3.8299999237060547,29929,0.0,0.0,0.0
2022-02-21 00:00:00+01:00,3.8415000438690186,3.8440001010894775,3.7739999294281006,3.7795000076293945,39071,0.0,0.0,0.0
2022-02-22 00:00:00+01:00,3.743000030517578,3.815999984741211,3.7335000038146973,3.7945001125335693,21104,0.0,0.0,0.0
2022-02-23 00:00:00+01:00,3.810499906539917,3.825000047683716,3.7769999504089355,3.7769999504089355,85219,0.0,0.0,0.0
2022-02-24 00:00:00+01:00,3.6505000591278076,3.751499891281128,3.630500078201294,3.742500066757202,59216,0.0,0.0,0.0
2022-02-25 00:00:00+01:00,3.7904999256134033,3.866499900817871,3.7760000228881836,3.866499900817871,38610,0.0,0.0,0.0
2022-02-28 00:00:00+01:00,3.8440001010894775,3.8994998931884766,3.828000068664551,3.8994998931884766,35484,0.0,0.0,0.0
2022-03-01 00:00:00+01:00,3.9019999504089355,3.9149999618530273,3.862499952316284,3.874500036239624,14737,0.0,0.0,0.0
2022-03-02 00:00:00+01:00,3.872999906539917,3.938999891281128,3.8515000343322754,3.9135000705718994,75355,0.0,0.0,0.0
2022-03-03 00:00:00+01:00,3.941499948501587,3.9630000591278076,3.8864998817443848,3.9014999866485596,59754,0.0,0.0,0.0
2022-03-04 00:00:00+01:00,3.8894999027252197,3.9175000190734863,3.8380000591278076,3.8380000591278076,16676,0.0,0.0,0.0
2022-03-07 00:00:00+01:00,3.816499948501587,3.8540000915527344,3.7864999771118164,3.803499937057495,43054,0.0,0.0,0.0
2022-03-08 00:00:00+01:00,3.7304999828338623,3.7669999599456787,3.7060000896453857,3.7060000896453857,23297,0.0,0.0,0.0
2022-03-09 00:00:00+01:00,3.751499891281128,3.807499885559082,3.750999927520752,3.807499885559082,32860,0.0,0.0,0.0
2022-03-10 00:00:00+01:00,3.820499897003174,3.821000099182129,3.756999969482422,3.7699999809265137,60109,0.0,0.0,0.0
2022-03-11 00:00:00+01:00,3.809000015258789,3.859499931335449,3.7894999980926514,3.815500020980835,13722,0.0,0.0,0.0
2022-03-14 00:00:00+01:00,3.80649995803833,3.815999984741211,3.7634999752044678,3.7634999752044678,140513,0.0,0.0,0.0
2022-03-15 00:00:00+01:00,3.7219998836517334,3.808500051498413,3.7130000591278076,3.808500051498413,425269,0.0,0.0,0.0
2022-03-16 00:00:00+01:00,3.871999979019165,3.926500082015991,3.870500087738037,3.9189999103546143,65275,0.0,0.0,0.0
2022-03-17 00:00:00+01:00,3.948499917984009,3.953000068664551,3.928999900817871,3.948499917984009,54849,0.0,0.0,0.0
2022-03-18 00:00:00+01:00,3.9784998893737793,4.0395002365112305,3.9619998931884766,4.0395002365112305,3926,0.0,0.0,0.0
2022-03-21 00:00:00+01:00,4.048500061035156,4.075500011444092,4.047500133514404,4.053500175476074,59258,0.0,0.0,0.0
2022-03-22 00:00:00+01:00,4.079999923706055,4.108500003814697,4.072999954223633,4.107500076293945,3561,0.0,0.0,0.0
2022-03-23 00:00:00+01:00,4.116499900817871,4.122000217437744,4.09499979019165,4.09499979019165,26790,0.0,0.0,0.0
2022-03-24 00:00:00+01:00,4.088500022888184,4.09499979019165,4.076000213623047,4.083499908447266,163636,0.0,0.0,0.0
2022-03-25 00:00:00+01:00,4.105999946594238,4.127999782562256,4.079999923706055,4.0954999923706055,158188,0.0,0.0,0.0
2022-03-28 00:00:00+02:00,4.113500118255615,4.131999969482422,4.112500190734863,4.112500190734863,146251,0.0,0.0,0.0
2022-03-29 00:00:00+02:00,4.156499862670898,4.175000190734863,4.139500141143799,4.158999919891357,43666,0.0,0.0,0.0
2022-03-30 00:00:00+02:00,4.1645002365112305,4.1645002365112305,4.136499881744385,4.141499996185303,27745,0.0,0.0,0.0
2022-03-31 00:00:00+02:00,4.134500026702881,4.1504998207092285,4.132999897003174,4.136499881744385,41966,0.0,0.0,0.0
2022-04-01 00:00:00+02:00,4.111499786376953,4.131999969482422,4.107500076293945,4.107500076293945,23480,0.0,0.0,0.0
2022-04-04 00:00:00+02:00,4.131999969482422,4.165500164031982,4.1020002365112305,4.165500164031982,29302,0.0,0.0,0.0
2022-04-05 00:00:00+02:00,4.186500072479248,4.196000099182129,4.156000137329102,4.166500091552734,36884,0.0,0.0,0.0
2022-04-06 00:00:00+02:00,4.1504998207092285,4.1554999351501465,4.054500102996826,4.060500144958496,142412,0.0,0.0,0.0
2022-04-07 00:00:00+02:00,4.067999839782715,4.090000152587891,4.051499843597412,4.051499843597412,42418,0.0,0.0,0.0
2022-04-08 00:00:00+02:00,4.109499931335449,4.113500118255615,4.087500095367432,4.090000152587891,83883,0.0,0.0,0.0
2022-04-11 00:00:00+02:00,4.060999870300293,4.060999870300293,4.007500171661377,4.013999938964844,37977,0.0,0.0,0.0
2022-04-12 00:00:00+02:00,3.98799991607666,4.046500205993652,3.9755001068115234,4.034999847412109,18554,0.0,0.0,0.0
2022-04-13 00:00:00+02:00,4.017000198364258,4.019999980926514,3.98799991607666,4.01800012588501,42621,0.0,0.0,0.0
2022-04-14 00:00:00+02:00,4.0254998207092285,4.050000190734863,4.015500068664551,4.0355000495910645,15848,0.0,0.0,0.0
2022-04-19 00:00:00+02:00,4.013000011444092,4.0335001945495605,3.9690001010894775,4.0289998054504395,24651,0.0,0.0,0.0
2022-04-20 00:00:00+02:00,4.0295000076293945,4.06850004196167,4.010000228881836,4.052499771118164,80333,0.0,0.0,0.0
2022-04-21 00:00:00+02:00,4.034999847412109,4.079999923706055,4.034999847412109,4.05049991607666,196718,0.0,0.0,0.0
2022-04-22 00:00:00+02:00,3.9790000915527344,3.98799991607666,3.936500072479248,3.940000057220459,228204,0.0,0.0,0.0
2022-04-25 00:00:00+02:00,3.8524999618530273,3.8924999237060547,3.8340001106262207,3.866499900817871,29060,0.0,0.0,0.0
2022-04-26 00:00:00+02:00,3.9200000762939453,3.92549991607666,3.8429999351501465,3.8429999351501465,236825,0.0,0.0,0.0
2022-04-27 00:00:00+02:00,3.8529999256134033,3.878000020980835,3.8324999809265137,3.878000020980835,82351,0.0,0.0,0.0
2022-04-28 00:00:00+02:00,3.9054999351501465,3.930500030517578,3.887500047683716,3.8919999599456787,42586,0.0,0.0,0.0
2022-04-29 00:00:00+02:00,3.9514999389648438,3.9649999141693115,3.927999973297119,3.930999994277954,30630,0.0,0.0,0.0
2022-05-02 00:00:00+02:00,3.8570001125335693,3.861999988555908,3.827500104904175,3.8359999656677246,67101,0.0,0.0,0.0
2022-05-03 00:00:00+02:00,3.88100004196167,3.8980000019073486,3.8524999618530273,3.8954999446868896,234322,0.0,0.0,0.0
2022-05-04 00:00:00+02:00,3.8965001106262207,3.8994998931884766,3.8304998874664307,3.8304998874664307,14251,0.0,0.0,0.0
2022-05-05 00:00:00+02:00,3.9595000743865967,3.9595000743865967,3.867000102996826,3.867000102996826,11544,0.0,0.0,0.0
2022-05-06 00:00:00+02:00,3.8264999389648438,3.8324999809265137,3.7730000019073486,3.7730000019073486,21778,0.0,0.0,0.0
2022-05-09 00:00:00+02:00,3.756500005722046,3.759999990463257,3.6419999599456787,3.6419999599456787,23239,0.0,0.0,0.0
2022-05-10 00:00:00+02:00,3.6659998893737793,3.6689999103546143,3.614000082015991,3.614000082015991,46409,0.0,0.0,0.0
2022-05-11 00:00:00+02:00,3.6600000858306885,3.696500062942505,3.6435000896453857,3.671999931335449,11625,0.0,0.0,0.0
2022-05-12 00:00:00+02:00,3.578000068664551,3.630000114440918,3.578000068664551,3.630000114440918,44355,0.0,0.0,0.0
2022-05-13 00:00:00+02:00,3.6670000553131104,3.742000102996826,3.6594998836517334,3.742000102996826,12300,0.0,0.0,0.0
2022-05-16 00:00:00+02:00,3.7265000343322754,3.7265000343322754,3.7039999961853027,3.7039999961853027,33809,0.0,0.0,0.0
2022-05-17 00:00:00+02:00,3.7339999675750732,3.765500068664551,3.7239999771118164,3.743499994277954,153884,0.0,0.0,0.0
2022-05-18 00:00:00+02:00,3.75600004196167,3.75600004196167,3.6730000972747803,3.6730000972747803,12036,0.0,0.0,0.0
2022-05-19 00:00:00+02:00,3.624500036239624,3.624500036239624,3.575500011444092,3.618499994277954,8903,0.0,0.0,0.0
2022-05-20 00:00:00+02:00,3.632499933242798,3.6614999771118164,3.609499931335449,3.609499931335449,26137,0.0,0.0,0.0
2022-05-23 00:00:00+02:00,3.6714999675750732,3.678499937057495,3.616499900817871,3.6554999351501465,22543,0.0,0.0,0.0
2022-05-24 00:00:00+02:00,3.6015000343322754,3.624000072479248,3.557499885559082,3.557499885559082,28854,0.0,0.0,0.0
2022-05-25 00:00:00+02:00,3.625499963760376,3.631999969482422,3.5954999923706055,3.61299991607666,26109,0.0,0.0,0.0
2022-05-26 00:00:00+02:00,3.627000093460083,3.684999942779541,3.627000093460083,3.684999942779541,69208,0.0,0.0,0.0
2022-05-27 00:00:00+02:00,3.7365000247955322,3.7860000133514404,3.694999933242798,3.7860000133514404,40234,0.0,0.0,0.0
2022-05-30 00:00:00+02:00,3.8415000438690186,3.8540000915527344,3.8320000171661377,3.8320000171661377,27944,0.0,0.0,0.0
2022-05-31 00:00:00+02:00,3.822499990463257,3.8264999389648438,3.7874999046325684,3.7885000705718994,29240,0.0,0.0,0.0
2022-06-01 00:00:00+02:00,3.80049991607666,3.80649995803833,3.7720000743865967,3.7760000228881836,14838,0.0,0.0,0.0
2022-06-02 00:00:00+02:00,3.7834999561309814,3.7939999103546143,3.756999969482422,3.7739999294281006,71438,0.0,0.0,0.0
2022-06-03 00:00:00+02:00,3.7985000610351562,3.7985000610351562,3.763000011444092,3.7644999027252197,107390,0.0,0.0,0.0
2022-06-06 00:00:00+02:00,3.7874999046325684,3.802500009536743,3.7795000076293945,3.7869999408721924,17462,0.0,0.0,0.0
2022-06-07 00:00:00+02:00,3.765500068664551,3.7855000495910645,3.756500005722046,3.7834999561309814,29523,0.0,0.0,0.0
2022-06-08 00:00:00+02:00,3.8010001182556152,3.8010001182556152,3.7795000076293945,3.7915000915527344,42367,0.0,0.0,0.0
2022-06-09 00:00:00+02:00,3.7699999809265137,3.7815001010894775,3.759999990463257,3.759999990463257,85848,0.0,0.0,0.0
2022-06-10 00:00:00+02:00,3.7249999046325684,3.7249999046325684,3.677500009536743,3.677500009536743,14234,0.0,0.0,0.0
2022-06-13 00:00:00+02:00,3.6419999599456787,3.6465001106262207,3.6019999980926514,3.612499952316284,19697,0.0,0.0,0.0
2022-06-14 00:00:00+02:00,3.625499963760376,3.625499963760376,3.571500062942505,3.571500062942505,253236,0.0,0.0,0.0
2022-06-15 00:00:00+02:00,3.572999954223633,3.6089999675750732,3.566999912261963,3.5964999198913574,19797,0.0,0.0,0.0
2022-06-16 00:00:00+02:00,3.5885000228881836,3.5885000228881836,3.504499912261963,3.508500099182129,12538,0.0,0.0,0.0
2022-06-17 00:00:00+02:00,3.509500026702881,3.5320000648498535,3.4855000972747803,3.492000102996826,13426,0.0,0.0,0.0
2022-06-20 00:00:00+02:00,3.502000093460083,3.507499933242798,3.4755001068115234,3.507499933242798,14433,0.0,0.0,0.0
2022-06-21 00:00:00+02:00,3.5220000743865967,3.553999900817871,3.5174999237060547,3.549999952316284,24257,0.0,0.0,0.0
2022-06-22 00:00:00+02:00,3.5230000019073486,3.5399999618530273,3.5114998817443848,3.5355000495910645,29968,0.0,0.0,0.0
2022-06-23 00:00:00+02:00,3.510999917984009,3.552500009536743,3.507499933242798,3.5290000438690186,15557,0.0,0.0,0.0
2022-06-24 00:00:00+02:00,3.5429999828338623,3.6045000553131104,3.5429999828338623,3.5999999046325684,14340,0.0,0.0,0.0
2022-06-27 00:00:00+02:00,3.6054999828338623,3.61899995803833,3.6054999828338623,3.614000082015991,43566,0.0,0.0,0.0
2022-06-28 00:00:00+02:00,3.637500047683716,3.6549999713897705,3.621500015258789,3.621500015258789,21877,0.0,0.0,0.0
2022-06-29 00:00:00+02:00,3.5940001010894775,3.614000082015991,3.5789999961853027,3.614000082015991,11789,0.0,0.0,0.0
2022-06-30 00:00:00+02:00,3.569000005722046,3.5799999237060547,3.558000087738037,3.5759999752044678,10053,0.0,0.0,0.0
2022-07-01 00:00:00+02:00,3.5480000972747803,3.5950000286102295,3.5480000972747803,3.5869998931884766,21545,0.0,0.0,0.0
2022-07-04 00:00:00+02:00,3.6054999828338623,3.6089999675750732,3.5924999713897705,3.6045000553131104,10532,0.0,0.0,0.0
2022-07-05 00:00:00+02:00,3.622999906539917,3.633500099182129,3.5840001106262207,3.5850000381469727,54851,0.0,0.0,0.0
2022-07-06 00:00:00+02:00,3.628499984741211,3.6435000896453857,3.61899995803833,3.635999917984009,35800,0.0,0.0,0.0
2022-07-07 00:00:00+02:00,3.6684999465942383,3.7060000896453857,3.6630001068115234,3.7060000896453857,29713,0.0,0.0,0.0
2022-07-08 00:00:00+02:00,3.7035000324249268,3.7214999198913574,3.7014999389648438,3.7200000286102295,27840,0.0,0.0,0.0
2022-07-11 00:00:00+02:00,3.696000099182129,3.7260000705718994,3.696000099182129,3.7225000858306885,14271,0.0,0.0,0.0
2022-07-12 00:00:00+02:00,3.7225000858306885,3.7249999046325684,3.7119998931884766,3.7249999046325684,1518223,0.0,0.0,0.0
2022-07-13 00:00:00+02:00,3.7179999351501465,3.7179999351501465,3.6760001182556152,3.68149995803833,14639,0.0,0.0,0.0
2022-07-14 00:00:00+02:00,3.688999891281128,3.688999891281128,3.638000011444092,3.6465001106262207,19280,0.0,0.0,0.0
2022-07-15 00:00:00+02:00,3.6700000762939453,3.6989998817443848,3.6695001125335693,3.6989998817443848,9186,0.0,0.0,0.0
2022-07-18 00:00:00+02:00,3.7084999084472656,3.734499931335449,3.7019999027252197,3.7165000438690186,46405,0.0,0.0,0.0
2022-07-19 00:00:00+02:00,3.682499885559082,3.7109999656677246,3.6679999828338623,3.7109999656677246,35599,0.0,0.0,0.0
2022-07-20 00:00:00+02:00,3.7219998836517334,3.7365000247955322,3.7209999561309814,3.7335000038146973,174026,0.0,0.0,0.0
2022-07-21 00:00:00+02:00,3.7284998893737793,3.740499973297119,3.7269999980926514,3.740000009536743,5376,0.0,0.0,0.0
2022-07-22 00:00:00+02:00,3.75600004196167,3.7799999713897705,3.751499891281128,3.751499891281128,44586,0.0,0.0,0.0
2022-07-25 00:00:00+02:00,3.747499942779541,3.76200008392334,3.746500015258789,3.76200008392334,13643,0.0,0.0,0.0
2022-07-26 00:00:00+02:00,3.759500026702881,3.7815001010894775,3.755000114440918,3.7720000743865967,7160,0.0,0.0,0.0
2022-07-27 00:00:00+02:00,3.7880001068115234,3.801500082015991,3.7815001010894775,3.801500082015991,14469,0.0,0.0,0.0
2022-07-28 00:00:00+02:00,3.81850004196167,3.8545000553131104,3.815000057220459,3.8545000553131104,27457,0.0,0.0,0.0
2022-07-29 00:00:00+02:00,3.8554999828338623,3.875,3.8554999828338623,3.875,72879,0.0,0.0,0.0
2022-08-01 00:00:00+02:00,3.9089999198913574,3.9089999198913574,3.873500108718872,3.873500108718872,27188,0.0,0.0,0.0
2022-08-02 00:00:00+02:00,3.866499900817871,3.880000114440918,3.8440001010894775,3.880000114440918,10705,0.0,0.0,0.0
2022-08-03 00:00:00+02:00,3.872499942779541,3.88700008392334,3.869499921798706,3.880000114440918,37198,0.0,0.0,0.0
2022-08-04 00:00:00+02:00,3.868000030517578,3.878999948501587,3.8469998836517334,3.8499999046325684,8901,0.0,0.0,0.0
2022-08-05 00:00:00+02:00,3.8515000343322754,3.8554999828338623,3.8420000076293945,3.8429999351501465,26744,0.0,0.0,0.0
2022-08-08 00:00:00+02:00,3.870500087738037,3.88100004196167,3.8610000610351562,3.865999937057495,56346,0.0,0.0,0.0
2022-08-09 00:00:00+02:00,3.8550000190734863,3.8570001125335693,3.8320000171661377,3.8464999198913574,38310,0.0,0.0,0.0
2022-08-10 00:00:00+02:00,3.8519999980926514,3.8615000247955322,3.8405001163482666,3.8615000247955322,19391,0.0,0.0,0.0
2022-08-11 00:00:00+02:00,3.882999897003174,3.884999990463257,3.862499952316284,3.876499891281128,26960,0.0,0.0,0.0
2022-08-12 00:00:00+02:00,3.877000093460083,3.9059998989105225,3.877000093460083,3.9059998989105225,229128,0.0,0.0,0.0
2022-08-15 00:00:00+02:00,3.936500072479248,3.94350004196167,3.927000045776367,3.94350004196167,4522,0.0,0.0,0.0
2022-08-16 00:00:00+02:00,3.9670000076293945,3.9779999256134033,3.9605000019073486,3.9700000286102295,9094,0.0,0.0,0.0
2022-08-17 00:00:00+02:00,3.9865000247955322,3.9865000247955322,3.9544999599456787,3.9560000896453857,25352,0.0,0.0,0.0
2022-08-18 00:00:00+02:00,3.9544999599456787,3.986999988555908,3.9544999599456787,3.986999988555908,25392,0.0,0.0,0.0
2022-08-19 00:00:00+02:00,3.9860000610351562,3.99399995803833,3.9835000038146973,3.9865000247955322,31610,0.0,0.0,0.0
2022-08-22 00:00:00+02:00,3.989000082015991,3.993000030517578,3.9725000858306885,3.992000102996826,12959,0.0,0.0,0.0
2022-08-23 00:00:00+02:00,3.9860000610351562,3.994999885559082,3.9655001163482666,3.9739999771118164,27654,0.0,0.0,0.0
2022-08-24 00:00:00+02:00,3.9730000495910645,3.996500015258789,3.9695000648498535,3.9865000247955322,27941,0.0,0.0,0.0
2022-08-25 00:00:00+02:00,4.001999855041504,4.011000156402588,3.993000030517578,3.996999979019165,22471,0.0,0.0,0.0
2022-08-26 00:00:00+02:00,4.020999908447266,4.022500038146973,3.9509999752044678,3.9509999752044678,13856,0.0,0.0,0.0
2022-08-29 00:00:00+02:00,3.9105000495910645,3.9105000495910645,3.878499984741211,3.890000104904175,89543,0.0,0.0,0.0
2022-08-30 00:00:00+02:00,3.9030001163482666,3.9175000190734863,3.8415000438690186,3.8415000438690186,37760,0.0,0.0,0.0
2022-08-31 00:00:00+02:00,3.8505001068115234,3.8505001068115234,3.80049991607666,3.80049991607666,31083,0.0,0.0,0.0
2022-09-01 00:00:00+02:00,3.7739999294281006,3.7739999294281006,3.753499984741211,3.7709999084472656,41081,0.0,0.0,0.0
2022-09-02 00:00:00+02:00,3.7820000648498535,3.810499906539917,3.7720000743865967,3.810499906539917,13525,0.0,0.0,0.0
2022-09-05 00:00:00+02:00,3.796999931335449,3.807499885559082,3.7834999561309814,3.807499885559082,105172,0.0,0.0,0.0
2022-09-06 00:00:00+02:00,3.7939999103546143,3.804500102996826,3.7769999504089355,3.7934999465942383,40344,0.0,0.0,0.0
2022-09-07 00:00:00+02:00,3.753999948501587,3.7709999084472656,3.75,3.759500026702881,22358,0.0,0.0,0.0
2022-09-08 00:00:00+02:00,3.7795000076293945,3.80649995803833,3.7664999961853027,3.80649995803833,23033,0.0,0.0,0.0
2022-09-09 00:00:00+02:00,3.7899999618530273,3.8389999866485596,3.7899999618530273,3.8389999866485596,38938,0.0,0.0,0.0
2022-09-12 00:00:00+02:00,3.823499917984009,3.8580000400543213,3.813499927520752,3.8580000400543213,103286,0.0,0.0,0.0
2022-09-13 00:00:00+02:00,3.859999895095825,3.8605000972747803,3.802500009536743,3.803499937057495,9198,0.0,0.0,0.0
2022-09-14 00:00:00+02:00,3.7964999675750732,3.7980000972747803,3.7760000228881836,3.7915000915527344,1154904,0.0,0.0,0.0
2022-09-15 00:00:00+02:00,3.802500009536743,3.802500009536743,3.755000114440918,3.755000114440918,25678,0.0,0.0,0.0
2022-09-16 00:00:00+02:00,3.7260000705718994,3.7320001125335693,3.7019999027252197,3.7019999027252197,31862,0.0,0.0,0.0
2022-09-19 00:00:00+02:00,3.7160000801086426,3.7244999408721924,3.690999984741211,3.7119998931884766,62093,0.0,0.0,0.0
2022-09-20 00:00:00+02:00,3.737499952316284,3.750999927520752,3.700000047683716,3.700000047683716,51840,0.0,0.0,0.0
2022-09-21 00:00:00+02:00,3.7160000801086426,3.752000093460083,3.7155001163482666,3.752000093460083,93949,0.0,0.0,0.0
2022-09-22 00:00:00+02:00,3.690999984741211,3.7209999561309814,3.690999984741211,3.69950008392334,24356,0.0,0.0,0.0
2022-09-23 00:00:00+02:00,3.702500104904175,3.7079999446868896,3.6540000438690186,3.6540000438690186,64661,0.0,0.0,0.0
2022-09-26 00:00:00+02:00,3.6489999294281006,3.6684999465942383,3.633500099182129,3.6570000648498535,235592,0.0,0.0,0.0
2022-09-27 00:00:00+02:00,3.6644999980926514,3.683000087738037,3.6570000648498535,3.6570000648498535,42784,0.0,0.0,0.0
2022-09-28 00:00:00+02:00,3.6419999599456787,3.677000045776367,3.628499984741211,3.674499988555908,46486,0.0,0.0,0.0
2022-09-29 00:00:00+02:00,3.6665000915527344,3.6665000915527344,3.5994999408721924,3.5994999408721924,33323,0.0,0.0,0.0
2022-09-30 00:00:00+02:00,3.6010000705718994,3.627000093460083,3.6010000705718994,3.61299991607666,27811,0.0,0.0,0.0
2022-10-03 00:00:00+02:00,3.5924999713897705,3.625499963760376,3.569999933242798,3.615999937057495,30704,0.0,0.0,0.0
2022-10-04 00:00:00+02:00,3.6559998989105225,3.688999891281128,3.6559998989105225,3.684999942779541,16332,0.0,0.0,0.0
2022-10-05 00:00:00+02:00,3.671999931335449,3.684000015258789,3.6684999465942383,3.682499885559082,43135,0.0,0.0,0.0
2022-10-06 00:00:00+02:00,3.695499897003174,3.7074999809265137,3.6735000610351562,3.695499897003174,21663,0.0,0.0,0.0
2022-10-07 00:00:00+02:00,3.677000045776367,3.6875,3.6465001106262207,3.6465001106262207,50228,0.0,0.0,0.0
2022-10-10 00:00:00+02:00,3.625,3.6494998931884766,3.624000072479248,3.624000072479248,10612,0.0,0.0,0.0
2022-10-11 00:00:00+02:00,3.5994999408721924,3.621500015258789,3.5920000076293945,3.621500015258789,78312,0.0,0.0,0.0
2022-10-12 00:00:00+02:00,3.6115000247955322,3.622999906539917,3.5959999561309814,3.6064999103546143,40939,0.0,0.0,0.0
2022-10-13 00:00:00+02:00,3.5934998989105225,3.617000102996826,3.5885000228881836,3.617000102996826,363490,0.0,0.0,0.0
2022-10-14 00:00:00+02:00,3.6714999675750732,3.690999984741211,3.616499900817871,3.617500066757202,44694,0.0,0.0,0.0
2022-10-17 00:00:00+02:00,3.624000072479248,3.6530001163482666,3.6054999828338623,3.6384999752044678,124454,0.0,0.0,0.0
2022-10-18 00:00:00+02:00,3.6610000133514404,3.679500102996826,3.632499933242798,3.632499933242798,87249,0.0,0.0,0.0
2022-10-19 00:00:00+02:00,3.6610000133514404,3.6735000610351562,3.6554999351501465,3.6554999351501465,49993,0.0,0.0,0.0
2022-10-20 00:00:00+02:00,3.6489999294281006,3.6635000705718994,3.6454999446868896,3.6605000495910645,29288,0.0,0.0,0.0
2022-10-21 00:00:00+02:00,3.631500005722046,3.6565001010894775,3.61299991607666,3.6565001010894775,16221,0.0,0.0,0.0
2022-10-24 00:00:00+02:00,3.685499906539917,3.7204999923706055,3.6700000762939453,3.698499917984009,26939,0.0,0.0,0.0
2022-10-25 00:00:00+02:00,3.7244999408721924,3.73799991607666,3.7079999446868896,3.734499931335449,1299838,0.0,0.0,0.0
2022-10-26 00:00:00+02:00,3.7225000858306885,3.747999906539917,3.7144999504089355,3.746000051498413,36163,0.0,0.0,0.0
2022-10-27 00:00:00+02:00,3.7244999408721924,3.749500036239624,3.7174999713897705,3.74399995803833,41250,0.0,0.0,0.0
2022-10-28 00:00:00+02:00,3.7165000438690186,3.7690000534057617,3.7160000801086426,3.7690000534057617,86289,0.0,0.0,0.0
2022-10-31 00:00:00+01:00,3.82450008392334,3.82450008392334,3.7760000228881836,3.799499988555908,63390,0.0,0.0,0.0
2022-11-01 00:00:00+01:00,3.8405001163482666,3.8405001163482666,3.7985000610351562,3.805000066757202,18641,0.0,0.0,0.0
2022-11-02 00:00:00+01:00,3.819000005722046,3.819000005722046,3.807499885559082,3.807499885559082,16849,0.0,0.0,0.0
2022-11-03 00:00:00+01:00,3.7744998931884766,3.7904999256134033,3.7614998817443848,3.7904999256134033,17464,0.0,0.0,0.0
2022-11-04 00:00:00+01:00,3.7929999828338623,3.809999942779541,3.750999927520752,3.750999927520752,88931,0.0,0.0,0.0
2022-11-07 00:00:00+01:00,3.757499933242798,3.7764999866485596,3.75600004196167,3.7744998931884766,59115,0.0,0.0,0.0
2022-11-08 00:00:00+01:00,3.7715001106262207,3.802999973297119,3.7715001106262207,3.802999973297119,17374,0.0,0.0,0.0
2022-11-09 00:00:00+01:00,3.7920000553131104,3.7920000553131104,3.7699999809265137,3.7699999809265137,34406,0.0,0.0,0.0
2022-11-10 00:00:00+01:00,3.749000072479248,3.8315000534057617,3.748500108718872,3.8315000534057617,795724,0.0,0.0,0.0
2022-11-11 00:00:00+01:00,3.859999895095825,3.859999895095825,3.7709999084472656,3.7709999084472656,95899,0.0,0.0,0.0
2022-11-14 00:00:00+01:00,3.7915000915527344,3.811000108718872,3.7890000343322754,3.80049991607666,12573,0.0,0.0,0.0
2022-11-15 00:00:00+01:00,3.7909998893737793,3.802999973297119,3.7785000801086426,3.802999973297119,12899,0.0,0.0,0.0
2022-11-16 00:00:00+01:00,3.796999931335449,3.797499895095825,3.7709999084472656,3.7709999084472656,41694,0.0,0.0,0.0
2022-11-17 00:00:00+01:00,3.7795000076293945,3.7795000076293945,3.746999979019165,3.758500099182129,7080,0.0,0.0,0.0
2022-11-18 00:00:00+01:00,3.7790000438690186,3.7990000247955322,3.7734999656677246,3.7929999828338623,119517,0.0,0.0,0.0
2022-11-21 00:00:00+01:00,3.808500051498413,3.818000078201294,3.804500102996826,3.809999942779541,32230,0.0,0.0,0.0
2022-11-22 00:00:00+01:00,3.8269999027252197,3.8529999256134033,3.8269999027252197,3.8529999256134033,54904,0.0,0.0,0.0
2022-11-23 00:00:00+01:00,3.8585000038146973,3.8635001182556152,3.8529999256134033,3.859499931335449,43861,0.0,0.0,0.0
2022-11-24 00:00:00+01:00,3.862499952316284,3.877000093460083,3.8589999675750732,3.871000051498413,15430,0.0,0.0,0.0
2022-11-25 00:00:00+01:00,3.871500015258789,3.878499984741211,3.867000102996826,3.870500087738037,17310,0.0,0.0,0.0
2022-11-28 00:00:00+01:00,3.8505001068115234,3.8610000610351562,3.816499948501587,3.8505001068115234,38586,0.0,0.0,0.0
2022-11-29 00:00:00+01:00,3.8515000343322754,3.865499973297119,3.8294999599456787,3.8294999599456787,17761,0.0,0.0,0.0
2022-11-30 00:00:00+01:00,3.8494999408721924,3.8499999046325684,3.8399999141693115,3.8485000133514404,53358,0.0,0.0,0.0
2022-12-01 00:00:00+01:00,3.8970000743865967,3.8970000743865967,3.864000082015991,3.864000082015991,121664,0.0,0.0,0.0
2022-12-02 00:00:00+01:00,3.8440001010894775,3.8529999256134033,3.8380000591278076,3.8494999408721924,14878,0.0,0.0,0.0
2022-12-05 00:00:00+01:00,3.8410000801086426,3.8464999198913574,3.82450008392334,3.82450008392334,22196,0.0,0.0,0.0
2022-12-06 00:00:00+01:00,3.819999933242798,3.823499917984009,3.7874999046325684,3.7874999046325684,42561,0.0,0.0,0.0
2022-12-07 00:00:00+01:00,3.7909998893737793,3.797499895095825,3.763000011444092,3.7780001163482666,25343,0.0,0.0,0.0
2022-12-08 00:00:00+01:00,3.7795000076293945,3.7864999771118164,3.7699999809265137,3.7769999504089355,22643,0.0,0.0,0.0
2022-12-09 00:00:00+01:00,3.7855000495910645,3.797499895095825,3.7755000591278076,3.7839999198913574,56029,0.0,0.0,0.0
2022-12-12 00:00:00+01:00,3.752000093460083,3.7634999752044678,3.740499973297119,3.7614998817443848,44632,0.0,0.0,0.0
2022-12-13 00:00:00+01:00,3.7864999771118164,3.821500062942505,3.7790000438690186,3.7939999103546143,277613,0.0,0.0,0.0
2022-12-14 00:00:00+01:00,3.7750000953674316,3.7839999198913574,3.7644999027252197,3.7839999198913574,19989,0.0,0.0,0.0
2022-12-15 00:00:00+01:00,3.749500036239624,3.749500036239624,3.677500009536743,3.677500009536743,23841,0.0,0.0,0.0
2022-12-16 00:00:00+01:00,3.680500030517578,3.680500030517578,3.640000104904175,3.6589999198913574,61782,0.0,0.0,0.0
2022-12-19 00:00:00+01:00,3.6730000972747803,3.677000045776367,3.6605000495910645,3.6605000495910645,30847,0.0,0.0,0.0
2022-12-20 00:00:00+01:00,3.6364998817443848,3.6644999980926514,3.632999897003174,3.6549999713897705,27695,0.0,0.0,0.0
2022-12-21 00:00:00+01:00,3.6670000553131104,3.7105000019073486,3.6605000495910645,3.7084999084472656,193144,0.0,0.0,0.0
2022-12-22 00:00:00+01:00,3.7130000591278076,3.7174999713897705,3.6705000400543213,3.672499895095825,26678,0.0,0.0,0.0
2022-12-23 00:00:00+01:00,3.6705000400543213,3.680999994277954,3.6480000019073486,3.6740000247955322,35846,0.0,0.0,0.0
2022-12-27 00:00:00+01:00,3.690000057220459,3.7060000896453857,3.6675000190734863,3.6675000190734863,46111,0.0,0.0,0.0
2022-12-28 00:00:00+01:00,3.674499988555908,3.680500030517578,3.6505000591278076,3.6505000591278076,30778,0.0,0.0,0.0
2022-12-29 00:00:00+01:00,3.63100004196167,3.6589999198913574,3.629499912261963,3.6589999198913574,44259,0.0,0.0,0.0
2022-12-30 00:00:00+01:00,3.6540000438690186,3.6540000438690186,3.6364998817443848,3.6364998817443848,28114,0.0,0.0,0.0
2023-01-02 00:00:00+01:00,3.680999994277954,3.703000068664551,3.640000104904175,3.700500011444092,64123,0.0,0.0,0.0
2023-01-03 00:00:00+01:00,3.683500051498413,3.7184998989105225,3.6530001163482666,3.6530001163482666,29128,0.0,0.0,0.0
2023-01-04 00:00:00+01:00,3.6500000953674316,3.6554999351501465,3.635999917984009,3.6510000228881836,56958,0.0,0.0,0.0
2023-01-05 00:00:00+01:00,3.627000093460083,3.6424999237060547,3.624500036239624,3.6384999752044678,8504,0.0,0.0,0.0
2023-01-06 00:00:00+01:00,3.6470000743865967,3.683000087738037,3.6424999237060547,3.680500030517578,9022,0.0,0.0,0.0
2023-01-09 00:00:00+01:00,3.676500082015991,3.688499927520752,3.6730000972747803,3.68149995803833,14981,0.0,0.0,0.0
2023-01-10 00:00:00+01:00,3.640000104904175,3.6505000591278076,3.6364998817443848,3.640500068664551,37847,0.0,0.0,0.0
2023-01-11 00:00:00+01:00,3.6579999923706055,3.672499895095825,3.6540000438690186,3.6630001068115234,42652,0.0,0.0,0.0
2023-01-12 00:00:00+01:00,3.679500102996826,3.690000057220459,3.6554999351501465,3.671999931335449,31437,0.0,0.0,0.0
2023-01-13 00:00:00+01:00,3.680000066757202,3.6989998817443848,3.6760001182556152,3.696500062942505,21710,0.0,0.0,0.0
2023-01-16 00:00:00+01:00,3.7039999961853027,3.7054998874664307,3.694499969482422,3.7014999389648438,15395,0.0,0.0,0.0
2023-01-17 00:00:00+01:00,3.7014999389648438,3.7209999561309814,3.695499897003174,3.7209999561309814,2822275,0.0,0.0,0.0
2023-01-18 00:00:00+01:00,3.7119998931884766,3.7200000286102295,3.702500104904175,3.702500104904175,153013,0.0,0.0,0.0
2023-01-19 00:00:00+01:00,3.67549991607666,3.67549991607666,3.6475000381469727,3.6545000076293945,6466,0.0,0.0,0.0
2023-01-20 00:00:00+01:00,3.6640000343322754,3.6675000190734863,3.6505000591278076,3.6675000190734863,31556,0.0,0.0,0.0
2023-01-23 00:00:00+01:00,3.6730000972747803,3.7014999389648438,3.6665000915527344,3.694999933242798,135125,0.0,0.0,0.0
2023-01-24 00:00:00+01:00,3.698499917984009,3.698499917984009,3.684000015258789,3.688999891281128,43279,0.0,0.0,0.0
2023-01-25 00:00:00+01:00,3.696000099182129,3.696000099182129,3.6600000858306885,3.677500009536743,43838,0.0,0.0,0.0
2023-01-26 00:00:00+01:00,3.7035000324249268,3.7119998931884766,3.695499897003174,3.7039999961853027,27968,0.0,0.0,0.0
2023-01-27 00:00:00+01:00,3.7144999504089355,3.7235000133514404,3.7119998931884766,3.7235000133514404,34100,0.0,0.0,0.0
2023-01-30 00:00:00+01:00,3.7009999752044678,3.7095000743865967,3.681999921798706,3.7044999599456787,22696,0.0,0.0,0.0
2023-01-31 00:00:00+01:00,3.696000099182129,3.7054998874664307,3.677000045776367,3.7039999961853027,32169,0.0,0.0,0.0
2023-02-01 00:00:00+01:00,3.7214999198913574,3.7214999198913574,3.684999942779541,3.686500072479248,24866,0.0,0.0,0.0
2023-02-02 00:00:00+01:00,3.686000108718872,3.7065000534057617,3.680000066757202,3.6875,35543,0.0,0.0,0.0
2023-02-03 00:00:00+01:00,3.687000036239624,3.7204999923706055,3.680000066757202,3.7204999923706055,70738,0.0,0.0,0.0
2023-02-06 00:00:00+01:00,3.703000068664551,3.7255001068115234,3.691999912261963,3.7255001068115234,51763,0.0,0.0,0.0
2023-02-07 00:00:00+01:00,3.7274999618530273,3.7304999828338623,3.7155001163482666,3.7300000190734863,49395,0.0,0.0,0.0
2023-02-08 00:00:00+01:00,3.756999969482422,3.759500026702881,3.734999895095825,3.734999895095825,60133,0.0,0.0,0.0
2023-02-09 00:00:00+01:00,3.756500005722046,3.76200008392334,3.746000051498413,3.746000051498413,25666,0.0,0.0,0.0
2023-02-10 00:00:00+01:00,3.7274999618530273,3.755500078201294,3.7239999771118164,3.755500078201294,29592,0.0,0.0,0.0
2023-02-13 00:00:00+01:00,3.759999990463257,3.7829999923706055,3.759999990463257,3.7774999141693115,49921,0.0,0.0,0.0
2023-02-14 00:00:00+01:00,3.7855000495910645,3.7880001068115234,3.7664999961853027,3.7664999961853027,36822,0.0,0.0,0.0
2023-02-15 00:00:00+01:00,3.76200008392334,3.7790000438690186,3.76200008392334,3.7785000801086426,158821,0.0,0.0,0.0
2023-02-16 00:00:00+01:00,3.7920000553131104,3.7920000553131104,3.7674999237060547,3.7709999084472656,77522,0.0,0.0,0.0
2023-02-17 00:00:00+01:00,3.74399995803833,3.752000093460083,3.737499952316284,3.746500015258789,19624,0.0,0.0,0.0
2023-02-20 00:00:00+01:00,3.749500036239624,3.755000114440918,3.741499900817871,3.741499900817871,23722,0.0,0.0,0.0
2023-02-21 00:00:00+01:00,3.73799991607666,3.750999927520752,3.7320001125335693,3.7320001125335693,89925,0.0,0.0,0.0
2023-02-22 00:00:00+01:00,3.7209999561309814,3.7295000553131104,3.7114999294281006,3.7260000705718994,26487,0.0,0.0,0.0
2023-02-23 00:00:00+01:00,3.740000009536743,3.7644999027252197,3.737499952316284,3.743000030517578,28583,0.0,0.0,0.0
2023-02-24 00:00:00+01:00,3.7614998817443848,3.76200008392334,3.7260000705718994,3.7260000705718994,17581,0.0,0.0,0.0
2023-02-27 00:00:00+01:00,3.746500015258789,3.755500078201294,3.741499900817871,3.741499900817871,37583,0.0,0.0,0.0
2023-02-28 00:00:00+01:00,3.7269999980926514,3.744499921798706,3.7204999923706055,3.7219998836517334,53124,0.0,0.0,0.0
2023-03-01 00:00:00+01:00,3.7249999046325684,3.7249999046325684,3.69350004196167,3.698499917984009,64924,0.0,0.0,0.0
2023-03-02 00:00:00+01:00,3.692500114440918,3.7295000553131104,3.690000057220459,3.7260000705718994,29044,0.0,0.0,0.0
2023-03-03 00:00:00+01:00,3.749000072479248,3.7674999237060547,3.744999885559082,3.7669999599456787,39771,0.0,0.0,0.0
2023-03-06 00:00:00+01:00,3.7795000076293945,3.7804999351501465,3.7679998874664307,3.7715001106262207,21187,0.0,0.0,0.0
2023-03-07 00:00:00+01:00,3.7709999084472656,3.799999952316284,3.76200008392334,3.76200008392334,1197966,0.0,0.0,0.0
2023-03-08 00:00:00+01:00,3.759500026702881,3.7760000228881836,3.750999927520752,3.750999927520752,31357,0.0,0.0,0.0
2023-03-09 00:00:00+01:00,3.759999990463257,3.7695000171661377,3.75600004196167,3.76200008392334,24818,0.0,0.0,0.0
2023-03-10 00:00:00+01:00,3.684999942779541,3.702500104904175,3.6714999675750732,3.69950008392334,20434,0.0,0.0,0.0
2023-03-13 00:00:00+01:00,3.6614999771118164,3.6614999771118164,3.5845000743865967,3.6080000400543213,19664,0.0,0.0,0.0
2023-03-14 00:00:00+01:00,3.6110000610351562,3.6440000534057617,3.5999999046325684,3.6440000534057617,27463,0.0,0.0,0.0
2023-03-15 00:00:00+01:00,3.627500057220459,3.634500026702881,3.5889999866485596,3.5889999866485596,120527,0.0,0.0,0.0
2023-03-16 00:00:00+01:00,3.61299991607666,3.624000072479248,3.5824999809265137,3.61899995803833,21875,0.0,0.0,0.0
2023-03-17 00:00:00+01:00,3.6440000534057617,3.6610000133514404,3.5910000801086426,3.5910000801086426,66933,0.0,0.0,0.0
2023-03-20 00:00:00+01:00,3.560499906539917,3.618499994277954,3.552500009536743,3.611999988555908,38812,0.0,0.0,0.0
2023-03-21 00:00:00+01:00,3.632499933242798,3.6554999351501465,3.632499933242798,3.6394999027252197,42023,0.0,0.0,0.0
2023-03-22 00:00:00+01:00,3.6500000953674316,3.6570000648498535,3.6454999446868896,3.6535000801086426,35497,0.0,0.0,0.0
2023-03-23 00:00:00+01:00,3.6054999828338623,3.628000020980835,3.5975000858306885,3.617000102996826,62811,0.0,0.0,0.0
2023-03-24 00:00:00+01:00,3.609499931335449,3.618000030517578,3.5920000076293945,3.614000082015991,28628,0.0,0.0,0.0
2023-03-27 00:00:00+02:00,3.6514999866485596,3.6514999866485596,3.637500047683716,3.640500068664551,28288,0.0,0.0,0.0
2023-03-28 00:00:00+02:00,3.6570000648498535,3.6570000648498535,3.638000011444092,3.6445000171661377,36452,0.0,0.0,0.0
2023-03-29 00:00:00+02:00,3.6714999675750732,3.6730000972747803,3.6670000553131104,3.672499895095825,24925,0.0,0.0,0.0
2023-03-30 00:00:00+02:00,3.691999912261963,3.7019999027252197,3.676500082015991,3.684499979019165,18779,0.0,0.0,0.0
2023-03-31 00:00:00+02:00,3.694999933242798,3.7200000286102295,3.691499948501587,3.7184998989105225,25689,0.0,0.0,0.0
2023-04-03 00:00:00+02:00,3.752000093460083,3.752000093460083,3.739500045776367,3.739500045776367,42188,0.0,0.0,0.0
2023-04-04 00:00:00+02:00,3.749500036239624,3.757999897003174,3.7049999237060547,3.7049999237060547,58187,0.0,0.0,0.0
2023-04-05 00:00:00+02:00,3.697499990463257,3.7090001106262207,3.690500020980835,3.7090001106262207,9612,0.0,0.0,0.0
2023-04-06 00:00:00+02:00,3.7179999351501465,3.7260000705718994,3.7179999351501465,3.7184998989105225,19153,0.0,0.0,0.0
2023-04-11 00:00:00+02:00,3.755000114440918,3.755000114440918,3.7325000762939453,3.741499900817871,87908,0.0,0.0,0.0
2023-04-12 00:00:00+02:00,3.740999937057495,3.748500108718872,3.7339999675750732,3.7339999675750732,26224,0.0,0.0,0.0
2023-04-13 00:00:00+02:00,3.7365000247955322,3.740000009536743,3.7070000171661377,3.7269999980926514,49506,0.0,0.0,0.0
2023-04-14 00:00:00+02:00,3.739000082015991,3.757999897003174,3.739000082015991,3.747999906539917,71341,0.0,0.0,0.0
2023-04-17 00:00:00+02:00,3.759000062942505,3.7669999599456787,3.753499984741211,3.753499984741211,520202,0.0,0.0,0.0
2023-04-18 00:00:00+02:00,3.7709999084472656,3.7799999713897705,3.759500026702881,3.7639999389648438,74865,0.0,0.0,0.0
2023-04-19 00:00:00+02:00,3.7639999389648438,3.7639999389648438,3.749500036239624,3.749500036239624,43776,0.0,0.0,0.0
2023-04-20 00:00:00+02:00,3.74399995803833,3.748500108718872,3.73799991607666,3.74399995803833,72789,0.0,0.0,0.0
2023-04-21 00:00:00+02:00,3.752000093460083,3.753499984741211,3.745500087738037,3.745500087738037,39113,0.0,0.0,0.0
2023-04-24 00:00:00+02:00,3.739500045776367,3.752000093460083,3.734999895095825,3.742000102996826,18197,0.0,0.0,0.0
2023-04-25 00:00:00+02:00,3.7300000190734863,3.744999885559082,3.7239999771118164,3.7385001182556152,107267,0.0,0.0,0.0
2023-04-26 00:00:00+02:00,3.7149999141693115,3.7149999141693115,3.6579999923706055,3.681999921798706,69412,0.0,0.0,0.0
2023-04-27 00:00:00+02:00,3.67549991607666,3.694499969482422,3.67549991607666,3.694499969482422,106087,0.0,0.0,0.0
2023-04-28 00:00:00+02:00,3.7065000534057617,3.7190001010894775,3.7014999389648438,3.7160000801086426,223303,0.0,0.0,0.0
2023-05-02 00:00:00+02:00,3.750999927520752,3.750999927520752,3.684499979019165,3.684499979019165,66919,0.0,0.0,0.0
2023-05-03 00:00:00+02:00,3.7044999599456787,3.7044999599456787,3.681999921798706,3.681999921798706,80884,0.0,0.0,0.0
2023-05-04 00:00:00+02:00,3.6624999046325684,3.6649999618530273,3.6484999656677246,3.6610000133514404,19726,0.0,0.0,0.0
2023-05-05 00:00:00+02:00,3.671999931335449,3.7195000648498535,3.6695001125335693,3.7165000438690186,67574,0.0,0.0,0.0
2023-05-08 00:00:00+02:00,3.7184998989105225,3.7365000247955322,3.7184998989105225,3.7320001125335693,21029,0.0,0.0,0.0
2023-05-09 00:00:00+02:00,3.740499973297119,3.750499963760376,3.7339999675750732,3.750499963760376,21257,0.0,0.0,0.0
2023-05-10 00:00:00+02:00,3.744499921798706,3.748500108718872,3.7339999675750732,3.740000009536743,16601,0.0,0.0,0.0
2023-05-11 00:00:00+02:00,3.7704999446868896,3.7739999294281006,3.74399995803833,3.74399995803833,16641,0.0,0.0,0.0
2023-05-12 00:00:00+02:00,3.753499984741211,3.7695000171661377,3.752500057220459,3.7660000324249268,8681,0.0,0.0,0.0
2023-05-15 00:00:00+02:00,3.7829999923706055,3.7829999923706055,3.759500026702881,3.7699999809265137,1358779,0.0,0.0,0.0
2023-05-16 00:00:00+02:00,3.7685000896453857,3.7750000953674316,3.754499912261963,3.755500078201294,25607,0.0,0.0,0.0
2023-05-17 00:00:00+02:00,3.747499942779541,3.7750000953674316,3.747499942779541,3.76200008392334,116379,0.0,0.0,0.0
2023-05-18 00:00:00+02:00,3.7864999771118164,3.803999900817871,3.7864999771118164,3.8010001182556152,15887,0.0,0.0,0.0
2023-05-19 00:00:00+02:00,3.813499927520752,3.8329999446868896,3.809000015258789,3.809000015258789,302269,0.0,0.0,0.0
2023-05-22 00:00:00+02:00,3.812999963760376,3.822000026702881,3.811000108718872,3.819999933242798,22965,0.0,0.0,0.0
2023-05-23 00:00:00+02:00,3.805000066757202,3.81850004196167,3.801500082015991,3.805999994277954,70890,0.0,0.0,0.0
2023-05-24 00:00:00+02:00,3.7785000801086426,3.7785000801086426,3.746999979019165,3.759500026702881,23514,0.0,0.0,0.0
2023-05-25 00:00:00+02:00,3.7850000858306885,3.8010001182556152,3.7720000743865967,3.7720000743865967,17341,0.0,0.0,0.0
2023-05-26 00:00:00+02:00,3.7839999198913574,3.809000015258789,3.7774999141693115,3.8010001182556152,23468,0.0,0.0,0.0
2023-05-29 00:00:00+02:00,3.803499937057495,3.811500072479248,3.803499937057495,3.809999942779541,21206,0.0,0.0,0.0
2023-05-30 00:00:00+02:00,3.811000108718872,3.818000078201294,3.7799999713897705,3.7799999713897705,55308,0.0,0.0,0.0
2023-05-31 00:00:00+02:00,3.7695000171661377,3.7799999713897705,3.7614998817443848,3.7614998817443848,25126,0.0,0.0,0.0
2023-06-01 00:00:00+02:00,3.7925000190734863,3.7925000190734863,3.7614998817443848,3.7864999771118164,76729,0.0,0.0,0.0
2023-06-02 00:00:00+02:00,3.805000066757202,3.8389999866485596,3.805000066757202,3.8389999866485596,16407,0.0,0.0,0.0
2023-06-05 00:00:00+02:00,3.8489999771118164,3.859999895095825,3.8420000076293945,3.8429999351501465,355318,0.0,0.0,0.0
2023-06-06 00:00:00+02:00,3.8459999561309814,3.8534998893737793,3.8450000286102295,3.8464999198913574,32573,0.0,0.0,0.0
2023-06-07 00:00:00+02:00,3.8405001163482666,3.8405001163482666,3.82450008392334,3.8285000324249268,31735,0.0,0.0,0.0
2023-06-08 00:00:00+02:00,3.802000045776367,3.812000036239624,3.799999952316284,3.812000036239624,22787,0.0,0.0,0.0
2023-06-09 00:00:00+02:00,3.822999954223633,3.8380000591278076,3.812000036239624,3.8285000324249268,7485,0.0,0.0,0.0
2023-06-12 00:00:00+02:00,3.8454999923706055,3.8489999771118164,3.8385000228881836,3.8440001010894775,64950,0.0,0.0,0.0
2023-06-13 00:00:00+02:00,3.871000051498413,3.882499933242798,3.8559999465942383,3.882499933242798,88079,0.0,0.0,0.0
2023-06-14 00:00:00+02:00,3.888000011444092,3.8984999656677246,3.888000011444092,3.8929998874664307,105803,0.0,0.0,0.0
2023-06-15 00:00:00+02:00,3.8954999446868896,3.8954999446868896,3.8580000400543213,3.875999927520752,1752044,0.0,0.0,0.0
2023-06-16 00:00:00+02:00,3.881999969482422,3.9049999713897705,3.881999969482422,3.8975000381469727,14076,0.0,0.0,0.0
2023-06-19 00:00:00+02:00,3.878499984741211,3.884000062942505,3.866499900817871,3.869499921798706,18326,0.0,0.0,0.0
2023-06-20 00:00:00+02:00,3.8610000610351562,3.871500015258789,3.8550000190734863,3.859499931335449,62391,0.0,0.0,0.0
2023-06-21 00:00:00+02:00,3.859999895095825,3.867000102996826,3.8350000381469727,3.8389999866485596,146711,0.0,0.0,0.0
2023-06-22 00:00:00+02:00,3.817500114440918,3.8429999351501465,3.80649995803833,3.8429999351501465,22743,0.0,0.0,0.0
2023-06-23 00:00:00+02:00,3.820499897003174,3.8350000381469727,3.811500072479248,3.819499969482422,29911,0.0,0.0,0.0
2023-06-26 00:00:00+02:00,3.815500020980835,3.815500020980835,3.802999973297119,3.802999973297119,18563,0.0,0.0,0.0
2023-06-27 00:00:00+02:00,3.805999994277954,3.808500051498413,3.7885000705718994,3.80649995803833,37722,0.0,0.0,0.0
2023-06-28 00:00:00+02:00,3.8345000743865967,3.8485000133514404,3.8264999389648438,3.8485000133514404,20202,0.0,0.0,0.0
2023-06-29 00:00:00+02:00,3.8434998989105225,3.8564999103546143,3.8434998989105225,3.8564999103546143,18831,0.0,0.0,0.0
2023-06-30 00:00:00+02:00,3.86299991607666,3.8924999237060547,3.86299991607666,3.8924999237060547,35167,0.0,0.0,0.0
2023-07-03 00:00:00+02:00,3.9154999256134033,3.9154999256134033,3.880500078201294,3.88100004196167,34709,0.0,0.0,0.0
2023-07-04 00:00:00+02:00,3.888000011444092,3.8914999961853027,3.878499984741211,3.884500026702881,49719,0.0,0.0,0.0
2023-07-05 00:00:00+02:00,3.872999906539917,3.874500036239624,3.865000009536743,3.874500036239624,19314,0.0,0.0,0.0
2023-07-06 00:00:00+02:00,3.8515000343322754,3.8515000343322754,3.806999921798706,3.806999921798706,63118,0.0,0.0,0.0
2023-07-07 00:00:00+02:00,3.805999994277954,3.815500020980835,3.799999952316284,3.799999952316284,33281,0.0,0.0,0.0
2023-07-10 00:00:00+02:00,3.7755000591278076,3.80049991607666,3.7755000591278076,3.80049991607666,26990,0.0,0.0,0.0
2023-07-11 00:00:00+02:00,3.80649995803833,3.81850004196167,3.804500102996826,3.805000066757202,17455,0.0,0.0,0.0
2023-07-12 00:00:00+02:00,3.807499885559082,3.8334999084472656,3.807499885559082,3.8334999084472656,12677,0.0,0.0,0.0
2023-07-13 00:00:00+02:00,3.8375000953674316,3.8505001068115234,3.8375000953674316,3.8464999198913574,16307,0.0,0.0,0.0
2023-07-14 00:00:00+02:00,3.8445000648498535,3.8580000400543213,3.8420000076293945,3.8580000400543213,16130,0.0,0.0,0.0
2023-07-17 00:00:00+02:00,3.8399999141693115,3.8459999561309814,3.8259999752044678,3.8459999561309814,24343,0.0,0.0,0.0
2023-07-18 00:00:00+02:00,3.8445000648498535,3.8585000038146973,3.8445000648498535,3.8585000038146973,223957,0.0,0.0,0.0
2023-07-19 00:00:00+02:00,3.885999917984009,3.885999917984009,3.867500066757202,3.869999885559082,14853,0.0,0.0,0.0
2023-07-20 00:00:00+02:00,3.8475000858306885,3.872999906539917,3.8475000858306885,3.872999906539917,11790,0.0,0.0,0.0
2023-07-21 00:00:00+02:00,3.859499931335449,3.876499891281128,3.859499931335449,3.875,14550,0.0,0.0,0.0
2023-07-24 00:00:00+02:00,3.8580000400543213,3.878999948501587,3.8580000400543213,3.873500108718872,40255,0.0,0.0,0.0
2023-07-25 00:00:00+02:00,3.879499912261963,3.9049999713897705,3.875,3.9049999713897705,42589,0.0,0.0,0.0
2023-07-26 00:00:00+02:00,3.8929998874664307,3.8940000534057617,3.8589999675750732,3.86299991607666,76536,0.0,0.0,0.0
2023-07-27 00:00:00+02:00,3.885499954223633,3.940500020980835,3.885499954223633,3.933500051498413,49001,0.0,0.0,0.0
2023-07-28 00:00:00+02:00,3.924999952316284,3.941499948501587,3.924999952316284,3.935499906539917,35031,0.0,0.0,0.0
2023-07-31 00:00:00+02:00,3.927000045776367,3.934499979019165,3.924499988555908,3.9260001182556152,31701,0.0,0.0,0.0
2023-08-01 00:00:00+02:00,3.938999891281128,3.938999891281128,3.9124999046325684,3.9154999256134033,67828,0.0,0.0,0.0
2023-08-02 00:00:00+02:00,3.876499891281128,3.8914999961853027,3.861999988555908,3.875999927520752,129581,0.0,0.0,0.0
2023-08-03 00:00:00+02:00,3.8534998893737793,3.8534998893737793,3.8389999866485596,3.8475000858306885,54573,0.0,0.0,0.0
2023-08-04 00:00:00+02:00,3.8564999103546143,3.865000009536743,3.8420000076293945,3.8494999408721924,44036,0.0,0.0,0.0
2023-08-07 00:00:00+02:00,3.8440001010894775,3.8510000705718994,3.8385000228881836,3.8510000705718994,25623,0.0,0.0,0.0
2023-08-08 00:00:00+02:00,3.8445000648498535,3.867500066757202,3.8340001106262207,3.8610000610351562,56361,0.0,0.0,0.0
2023-08-09 00:00:00+02:00,3.882999897003174,3.882999897003174,3.8380000591278076,3.8424999713897705,35519,0.0,0.0,0.0
2023-08-10 00:00:00+02:00,3.8524999618530273,3.872499942779541,3.8475000858306885,3.867000102996826,53292,0.0,0.0,0.0
2023-08-11 00:00:00+02:00,3.8475000858306885,3.8475000858306885,3.8334999084472656,3.8334999084472656,38173,0.0,0.0,0.0
2023-08-14 00:00:00+02:00,3.8334999084472656,3.86299991607666,3.8334999084472656,3.859499931335449,40532,0.0,0.0,0.0
2023-08-15 00:00:00+02:00,3.872499942779541,3.872499942779541,3.828000068664551,3.8459999561309814,287283,0.0,0.0,0.0
2023-08-16 00:00:00+02:00,3.8359999656677246,3.8450000286102295,3.8340001106262207,3.8450000286102295,47765,0.0,0.0,0.0
2023-08-17 00:00:00+02:00,3.821000099182129,3.8320000171661377,3.802999973297119,3.802999973297119,23370,0.0,0.0,0.0
2023-08-18 00:00:00+02:00,3.7764999866485596,3.7764999866485596,3.7634999752044678,3.7764999866485596,29993,0.0,0.0,0.0
2023-08-21 00:00:00+02:00,3.7850000858306885,3.802500009536743,3.7834999561309814,3.7880001068115234,233815,0.0,0.0,0.0
2023-08-22 00:00:00+02:00,3.8125,3.8380000591278076,3.8125,3.8285000324249268,376259,0.0,0.0,0.0
2023-08-23 00:00:00+02:00,3.8334999084472656,3.8575000762939453,3.8334999084472656,3.8550000190734863,77393,0.0,0.0,0.0
2023-08-24 00:00:00+02:00,3.9040000438690186,3.9040000438690186,3.8440001010894775,3.8440001010894775,11298,0.0,0.0,0.0
2023-08-25 00:00:00+02:00,3.8294999599456787,3.8469998836517334,3.822000026702881,3.8369998931884766,164617,0.0,0.0,0.0
2023-08-28 00:00:00+02:00,3.8605000972747803,3.877500057220459,3.8564999103546143,3.874000072479248,20987,0.0,0.0,0.0
2023-08-29 00:00:00+02:00,3.884999990463257,3.9049999713897705,3.875,3.9049999713897705,117158,0.0,0.0,0.0
2023-08-30 00:00:00+02:00,3.9114999771118164,3.9114999771118164,3.890500068664551,3.9054999351501465,46805,0.0,0.0,0.0
2023-08-31 00:00:00+02:00,3.9100000858306885,3.931999921798706,3.9100000858306885,3.9179999828338623,38081,0.0,0.0,0.0
2023-09-01 00:00:00+02:00,3.9240000247955322,3.935499906539917,3.9240000247955322,3.930500030517578,45733,0.0,0.0,0.0
2023-09-04 00:00:00+02:00,3.946500062942505,3.9574999809265137,3.934999942779541,3.934999942779541,41881,0.0,0.0,0.0
2023-09-05 00:00:00+02:00,3.9235000610351562,3.94950008392334,3.922499895095825,3.940999984741211,86244,0.0,0.0,0.0
2023-09-06 00:00:00+02:00,3.924999952316284,3.927500009536743,3.9105000495910645,3.9119999408721924,23286,0.0,0.0,0.0
2023-09-07 00:00:00+02:00,3.9065001010894775,3.92549991607666,3.9040000438690186,3.9040000438690186,13434,0.0,0.0,0.0
2023-09-08 00:00:00+02:00,3.9100000858306885,3.9149999618530273,3.885499954223633,3.9149999618530273,27054,0.0,0.0,0.0
2023-09-11 00:00:00+02:00,3.9235000610351562,3.93149995803833,3.9205000400543213,3.9205000400543213,7175,0.0,0.0,0.0
2023-09-12 00:00:00+02:00,3.930999994277954,3.930999994277954,3.9165000915527344,3.9170000553131104,25618,0.0,0.0,0.0
2023-09-13 00:00:00+02:00,3.8975000381469727,3.9089999198913574,3.88700008392334,3.9089999198913574,6965,0.0,0.0,0.0
2023-09-14 00:00:00+02:00,3.9159998893737793,3.9660000801086426,3.9159998893737793,3.9579999446868896,21339,0.0,0.0,0.0
2023-09-15 00:00:00+02:00,3.987499952316284,3.987499952316284,3.927000045776367,3.928999900817871,22132,0.0,0.0,0.0
2023-09-18 00:00:00+02:00,3.924999952316284,3.924999952316284,3.9024999141693115,3.9154999256134033,1158805,0.0,0.0,0.0
2023-09-19 00:00:00+02:00,3.9135000705718994,3.929500102996826,3.9000000953674316,3.9019999504089355,45474,0.0,0.0,0.0
2023-09-20 00:00:00+02:00,3.9089999198913574,3.9240000247955322,3.9089999198913574,3.9184999465942383,29335,0.0,0.0,0.0
2023-09-21 00:00:00+02:00,3.8884999752044678,3.8884999752044678,3.8510000705718994,3.8510000705718994,11339,0.0,0.0,0.0
2023-09-22 00:00:00+02:00,3.8355000019073486,3.8545000553131104,3.8355000019073486,3.8534998893737793,37457,0.0,0.0,0.0
2023-09-25 00:00:00+02:00,3.8415000438690186,3.8480000495910645,3.8239998817443848,3.8480000495910645,12262,0.0,0.0,0.0
2023-09-26 00:00:00+02:00,3.8285000324249268,3.8329999446868896,3.816499948501587,3.816499948501587,39260,0.0,0.0,0.0
2023-09-27 00:00:00+02:00,3.822499990463257,3.8394999504089355,3.822499990463257,3.8294999599456787,17577,0.0,0.0,0.0
2023-09-28 00:00:00+02:00,3.8359999656677246,3.8424999713897705,3.814500093460083,3.8424999713897705,62250,0.0,0.0,0.0
2023-09-29 00:00:00+02:00,3.8445000648498535,3.8589999675750732,3.8394999504089355,3.8394999504089355,6766,0.0,0.0,0.0
2023-10-02 00:00:00+02:00,3.8394999504089355,3.8394999504089355,3.8259999752044678,3.8380000591278076,14007,0.0,0.0,0.0
2023-10-03 00:00:00+02:00,3.8304998874664307,3.8340001106262207,3.7834999561309814,3.7834999561309814,14523,0.0,0.0,0.0
2023-10-04 00:00:00+02:00,3.758500099182129,3.7804999351501465,3.755000114440918,3.7804999351501465,3811,0.0,0.0,0.0
2023-10-05 00:00:00+02:00,3.7990000247955322,3.803999900817871,3.7885000705718994,3.7925000190734863,14195,0.0,0.0,0.0
2023-10-06 00:00:00+02:00,3.7985000610351562,3.816999912261963,3.7985000610351562,3.816999912261963,19591,0.0,0.0,0.0
2023-10-09 00:00:00+02:00,3.8239998817443848,3.825000047683716,3.815999984741211,3.825000047683716,2233,0.0,0.0,0.0
2023-10-10 00:00:00+02:00,3.865499973297119,3.8954999446868896,3.859499931335449,3.8954999446868896,43525,0.0,0.0,0.0
2023-10-11 00:00:00+02:00,3.88100004196167,3.8970000743865967,3.88100004196167,3.8884999752044678,180162,0.0,0.0,0.0
2023-10-12 00:00:00+02:00,3.9214999675750732,3.93149995803833,3.9205000400543213,3.9205000400543213,22552,0.0,0.0,0.0
2023-10-13 00:00:00+02:00,3.9114999771118164,3.9165000915527344,3.885999917984009,3.887500047683716,8336,0.0,0.0,0.0
2023-10-16 00:00:00+02:00,3.8919999599456787,3.9065001010894775,3.870500087738037,3.9030001163482666,14804,0.0,0.0,0.0
2023-10-17 00:00:00+02:00,3.8989999294281006,3.9045000076293945,3.877500057220459,3.890000104904175,466978,0.0,0.0,0.0
2023-10-18 00:00:00+02:00,3.877500057220459,3.884999990463257,3.8570001125335693,3.865999937057495,27844,0.0,0.0,0.0
2023-10-19 00:00:00+02:00,3.8375000953674316,3.8420000076293945,3.819999933242798,3.8259999752044678,55950,0.0,0.0,0.0
2023-10-20 00:00:00+02:00,3.7855000495910645,3.797499895095825,3.76200008392334,3.7634999752044678,95909,0.0,0.0,0.0
2023-10-23 00:00:00+02:00,3.7634999752044678,3.765500068664551,3.7269999980926514,3.765500068664551,44303,0.0,0.0,0.0
2023-10-24 00:00:00+02:00,3.760999917984009,3.7899999618530273,3.75,3.7899999618530273,36941,0.0,0.0,0.0
2023-10-25 00:00:00+02:00,3.7934999465942383,3.806999921798706,3.7860000133514404,3.7990000247955322,20158,0.0,0.0,0.0
2023-10-26 00:00:00+02:00,3.754499912261963,3.7685000896453857,3.750499963760376,3.752000093460083,25651,0.0,0.0,0.0
2023-10-27 00:00:00+02:00,3.747499942779541,3.749500036239624,3.7304999828338623,3.7304999828338623,14274,0.0,0.0,0.0
2023-10-30 00:00:00+01:00,3.743000030517578,3.743000030517578,3.7239999771118164,3.7325000762939453,45326,0.0,0.0,0.0
2023-10-31 00:00:00+01:00,3.7320001125335693,3.756500005722046,3.7320001125335693,3.756500005722046,18935,0.0,0.0,0.0
2023-11-01 00:00:00+01:00,3.7769999504089355,3.805999994277954,3.763000011444092,3.805999994277954,12588,0.0,0.0,0.0
2023-11-02 00:00:00+01:00,3.8334999084472656,3.868499994277954,3.8334999084472656,3.868499994277954,8161,0.0,0.0,0.0
2023-11-03 00:00:00+01:00,3.878999948501587,3.890500068664551,3.868000030517578,3.890500068664551,42321,0.0,0.0,0.0
2023-11-06 00:00:00+01:00,3.888000011444092,3.888000011444092,3.875999927520752,3.8864998817443848,55519,0.0,0.0,0.0
2023-11-07 00:00:00+01:00,3.88700008392334,3.9130001068115234,3.88700008392334,3.9130001068115234,21061,0.0,0.0,0.0
2023-11-08 00:00:00+01:00,3.9014999866485596,3.927500009536743,3.9000000953674316,3.9105000495910645,52022,0.0,0.0,0.0
2023-11-09 00:00:00+01:00,3.927999973297119,3.941999912261963,3.9260001182556152,3.936000108718872,11034,0.0,0.0,0.0
2023-11-10 00:00:00+01:00,3.929500102996826,3.937999963760376,3.9079999923706055,3.933000087738037,5400,0.0,0.0,0.0
2023-11-13 00:00:00+01:00,3.94950008392334,3.9565000534057617,3.944999933242798,3.9565000534057617,9824,0.0,0.0,0.0
2023-11-14 00:00:00+01:00,3.9595000743865967,3.9820001125335693,3.9579999446868896,3.9795000553131104,38819,0.0,0.0,0.0
2023-11-15 00:00:00+01:00,3.98799991607666,4.000999927520752,3.9830000400543213,3.9830000400543213,1776177,0.0,0.0,0.0
2023-11-16 00:00:00+01:00,3.9814999103546143,3.9825000762939453,3.9755001068115234,3.9755001068115234,30919,0.0,0.0,0.0
2023-11-17 00:00:00+01:00,4.005000114440918,4.011499881744385,3.996000051498413,3.999000072479248,26923,0.0,0.0,0.0
2023-11-20 00:00:00+01:00,3.992000102996826,4.004000186920166,3.992000102996826,4.004000186920166,24850,0.0,0.0,0.0
2023-11-21 00:00:00+01:00,4.007500171661377,4.011000156402588,3.998500108718872,4.001500129699707,45059,0.0,0.0,0.0
2023-11-22 00:00:00+01:00,4.008999824523926,4.0329999923706055,4.008999824523926,4.03000020980835,13022,0.0,0.0,0.0
2023-11-23 00:00:00+01:00,4.0269999504089355,4.0304999351501465,4.021500110626221,4.0304999351501465,176735,0.0,0.0,0.0
2023-11-24 00:00:00+01:00,4.02400016784668,4.027500152587891,4.01800012588501,4.020500183105469,456366,0.0,0.0,0.0
2023-11-27 00:00:00+01:00,4.012499809265137,4.019999980926514,4.004499912261963,4.018499851226807,28107,0.0,0.0,0.0
2023-11-28 00:00:00+01:00,4.00600004196167,4.007999897003174,3.993000030517578,4.004499912261963,27097,0.0,0.0,0.0
2023-11-29 00:00:00+01:00,3.993000030517578,4.014500141143799,3.993000030517578,4.005499839782715,408275,0.0,0.0,0.0
2023-11-30 00:00:00+01:00,4.015500068664551,4.031000137329102,4.013500213623047,4.015999794006348,53356,0.0,0.0,0.0
2023-12-01 00:00:00+01:00,4.037499904632568,4.055500030517578,4.035999774932861,4.052999973297119,6972,0.0,0.0,0.0
2023-12-04 00:00:00+01:00,4.052999973297119,4.052999973297119,4.052999973297119,4.052999973297119,0,0.0,0.0,0.0
2023-12-05 00:00:00+01:00,4.052999973297119,4.052999973297119,4.052999973297119,4.052999973297119,0,0.0,0.0,0.0
2023-12-06 00:00:00+01:00,4.052999973297119,4.052999973297119,4.052999973297119,4.052999973297119,0,0.0,0.0,0.0
2023-12-07 00:00:00+01:00,4.03849983215332,4.045499801635742,4.0269999504089355,4.043000221252441,53709,0.0,0.0,0.0
2023-12-08 00:00:00+01:00,4.047500133514404,4.076499938964844,4.046000003814697,4.07450008392334,71673,0.0,0.0,0.0
2023-12-11 00:00:00+01:00,4.0914998054504395,4.117499828338623,4.085000038146973,4.106500148773193,51843,0.0,0.0,0.0
2023-12-12 00:00:00+01:00,4.116000175476074,4.122499942779541,4.100500106811523,4.122499942779541,48766,0.0,0.0,0.0
2023-12-13 00:00:00+01:00,4.142499923706055,4.146500110626221,4.135499954223633,4.135499954223633,52561,0.0,0.0,0.0
2023-12-14 00:00:00+01:00,4.139500141143799,4.139500141143799,4.078000068664551,4.081999778747559,89556,0.0,0.0,0.0
2023-12-15 00:00:00+01:00,4.088500022888184,4.115499973297119,4.088500022888184,4.115499973297119,327293,0.0,0.0,0.0
2023-12-18 00:00:00+01:00,4.0995001792907715,4.107999801635742,4.0914998054504395,4.0980000495910645,71708,0.0,0.0,0.0
2023-12-19 00:00:00+01:00,4.118500232696533,4.118500232696533,4.10699987411499,4.111000061035156,56832,0.0,0.0,0.0
2023-12-20 00:00:00+01:00,4.120500087738037,4.120500087738037,4.103499889373779,4.119999885559082,27931,0.0,0.0,0.0
2023-12-21 00:00:00+01:00,4.0980000495910645,4.100500106811523,4.084499835968018,4.0980000495910645,36962,0.0,0.0,0.0
2023-12-22 00:00:00+01:00,4.103000164031982,4.10699987411499,4.093500137329102,4.10699987411499,13436,0.0,0.0,0.0
2023-12-27 00:00:00+01:00,4.116499900817871,4.118500232696533,4.0920000076293945,4.0980000495910645,33265,0.0,0.0,0.0
2023-12-28 00:00:00+01:00,4.116499900817871,4.121500015258789,4.109000205993652,4.116499900817871,20373,0.0,0.0,0.0
2023-12-29 00:00:00+01:00,4.125500202178955,4.136499881744385,4.120500087738037,4.125999927520752,9507,0.0,0.0,0.0
2024-01-02 00:00:00+01:00,4.147500038146973,4.147500038146973,4.09250020980835,4.0960001945495605,49449,0.0,0.0,0.0
2024-01-03 00:00:00+01:00,4.0879998207092285,4.0914998054504395,4.065999984741211,4.069499969482422,100044,0.0,0.0,0.0
2024-01-04 00:00:00+01:00,4.078000068664551,4.079999923706055,4.05649995803833,4.078999996185303,15789,0.0,0.0,0.0
2024-01-05 00:00:00+01:00,4.067500114440918,4.0954999923706055,4.060999870300293,4.091000080108643,53308,0.0,0.0,0.0
2024-01-08 00:00:00+01:00,4.084000110626221,4.123000144958496,4.072999954223633,4.115499973297119,29285,0.0,0.0,0.0
2024-01-09 00:00:00+01:00,4.139500141143799,4.145500183105469,4.126500129699707,4.145500183105469,8010,0.0,0.0,0.0
2024-01-10 00:00:00+01:00,4.170000076293945,4.190499782562256,4.164999961853027,4.174499988555908,23653,0.0,0.0,0.0
2024-01-11 00:00:00+01:00,4.2154998779296875,4.2220001220703125,4.173999786376953,4.173999786376953,554854,0.0,0.0,0.0
2024-01-12 00:00:00+01:00,4.2104997634887695,4.225500106811523,4.207499980926514,4.2245001792907715,36418,0.0,0.0,0.0
2024-01-15 00:00:00+01:00,4.254000186920166,4.258500099182129,4.241499900817871,4.252500057220459,51371,0.0,0.0,0.0
2024-01-16 00:00:00+01:00,4.2179999351501465,4.274499893188477,4.2170000076293945,4.269000053405762,90123,0.0,0.0,0.0
2024-01-17 00:00:00+01:00,4.23199987411499,4.238999843597412,4.2144999504089355,4.236999988555908,1325029,0.0,0.0,0.0
2024-01-18 00:00:00+01:00,4.244500160217285,4.28849983215332,4.244500160217285,4.28849983215332,12945,0.0,0.0,0.0
2024-01-19 00:00:00+01:00,4.301499843597412,4.315499782562256,4.301499843597412,4.311500072479248,223864,0.0,0.0,0.0
2024-01-22 00:00:00+01:00,4.369999885559082,4.389500141143799,4.369999885559082,4.389500141143799,190928,0.0,0.0,0.0
2024-01-23 00:00:00+01:00,4.372499942779541,4.372499942779541,4.353499889373779,4.364999771118164,77267,0.0,0.0,0.0
2024-01-24 00:00:00+01:00,4.4045000076293945,4.42549991607666,4.385499954223633,4.421999931335449,53507,0.0,0.0,0.0
2024-01-25 00:00:00+01:00,4.411499977111816,4.449999809265137,4.409999847412109,4.447000026702881,34834,0.0,0.0,0.0
2024-01-26 00:00:00+01:00,4.382500171661377,4.395500183105469,4.378499984741211,4.395500183105469,849108,0.0,0.0,0.0
2024-01-29 00:00:00+01:00,4.4085001945495605,4.423999786376953,4.4070000648498535,4.421999931335449,45921,0.0,0.0,0.0
2024-01-30 00:00:00+01:00,4.44350004196167,4.453999996185303,4.440999984741211,4.443999767303467,35260,0.0,0.0,0.0
2024-01-31 00:00:00+01:00,4.4644999504089355,4.465000152587891,4.411499977111816,4.423500061035156,156852,0.0,0.0,0.0
2024-02-01 00:00:00+01:00,4.441500186920166,4.446499824523926,4.424499988555908,4.431000232696533,37541,0.0,0.0,0.0
2024-02-02 00:00:00+01:00,4.459499835968018,4.507999897003174,4.454999923706055,4.507999897003174,29223,0.0,0.0,0.0
2024-02-05 00:00:00+01:00,4.521500110626221,4.550000190734863,4.519999980926514,4.540999889373779,45920,0.0,0.0,0.0
2024-02-06 00:00:00+01:00,4.572500228881836,4.579999923706055,4.544000148773193,4.544000148773193,564277,0.0,0.0,0.0
2024-02-07 00:00:00+01:00,4.543000221252441,4.5914998054504395,4.543000221252441,4.586999893188477,20469,0.0,0.0,0.0
2024-02-08 00:00:00+01:00,4.5960001945495605,4.601500034332275,4.586999893188477,4.5995001792907715,78961,0.0,0.0,0.0
2024-02-09 00:00:00+01:00,4.605000019073486,4.63100004196167,4.604000091552734,4.628499984741211,15226,0.0,0.0,0.0
2024-02-12 00:00:00+01:00,4.6529998779296875,4.671000003814697,4.6529998779296875,4.671000003814697,35025,0.0,0.0,0.0
2024-02-13 00:00:00+01:00,4.6554999351501465,4.656000137329102,4.60699987411499,4.635499954223633,87517,0.0,0.0,0.0
2024-02-14 00:00:00+01:00,4.644999980926514,4.664999961853027,4.640500068664551,4.647500038146973,39774,0.0,0.0,0.0
2024-02-15 00:00:00+01:00,4.697000026702881,4.697000026702881,4.660999774932861,4.672500133514404,218137,0.0,0.0,0.0
2024-02-16 00:00:00+01:00,4.706999778747559,4.715000152587891,4.684500217437744,4.691500186920166,17927,0.0,0.0,0.0
2024-02-19 00:00:00+01:00,4.686500072479248,4.694499969482422,4.685500144958496,4.690999984741211,11729,0.0,0.0,0.0
2024-02-20 00:00:00+01:00,4.666999816894531,4.666999816894531,4.604499816894531,4.604499816894531,38971,0.0,0.0,0.0
2024-02-21 00:00:00+01:00,4.609499931335449,4.609499931335449,4.5894999504089355,4.5894999504089355,26291,0.0,0.0,0.0
2024-02-22 00:00:00+01:00,4.684000015258789,4.736499786376953,4.677499771118164,4.736499786376953,21864,0.0,0.0,0.0
2024-02-23 00:00:00+01:00,4.742000102996826,4.756999969482422,4.732999801635742,4.742000102996826,28409,0.0,0.0,0.0
2024-02-26 00:00:00+01:00,4.736000061035156,4.761000156402588,4.736000061035156,4.761000156402588,85745,0.0,0.0,0.0
2024-02-27 00:00:00+01:00,4.75600004196167,4.75600004196167,4.736499786376953,4.741000175476074,45444,0.0,0.0,0.0
2024-02-28 00:00:00+01:00,4.732500076293945,4.736999988555908,4.7220001220703125,4.734000205993652,55062,0.0,0.0,0.0
2024-02-29 00:00:00+01:00,4.737500190734863,4.760499954223633,4.7270002365112305,4.760499954223633,11423,0.0,0.0,0.0
2024-03-01 00:00:00+01:00,4.822000026702881,4.8495001792907715,4.799499988555908,4.8495001792907715,29272,0.0,0.0,0.0
2024-03-04 00:00:00+01:00,4.873499870300293,4.884500026702881,4.872499942779541,4.883500099182129,46273,0.0,0.0,0.0
2024-03-05 00:00:00+01:00,4.892499923706055,4.892499923706055,4.833000183105469,4.833000183105469,18159,0.0,0.0,0.0
2024-03-06 00:00:00+01:00,4.855999946594238,4.882999897003174,4.8480000495910645,4.875999927520752,37345,0.0,0.0,0.0
2024-03-07 00:00:00+01:00,4.849999904632568,4.920000076293945,4.849999904632568,4.916500091552734,11061,0.0,0.0,0.0
2024-03-08 00:00:00+01:00,4.936500072479248,4.954500198364258,4.889999866485596,4.889999866485596,43277,0.0,0.0,0.0
2024-03-11 00:00:00+01:00,4.810500144958496,4.822000026702881,4.771999835968018,4.791500091552734,77189,0.0,0.0,0.0
2024-03-12 00:00:00+01:00,4.8125,4.86299991607666,4.793499946594238,4.8495001792907715,99182,0.0,0.0,0.0
2024-03-13 00:00:00+01:00,4.867499828338623,4.867499828338623,4.829999923706055,4.829999923706055,33357,0.0,0.0,0.0
2024-03-14 00:00:00+01:00,4.853499889373779,4.863999843597412,4.848999977111816,4.848999977111816,17481,0.0,0.0,0.0
2024-03-15 00:00:00+01:00,4.8480000495910645,4.859499931335449,4.808499813079834,4.814000129699707,1435050,0.0,0.0,0.0
2024-03-18 00:00:00+01:00,4.843999862670898,4.869999885559082,4.8394999504089355,4.855500221252441,186117,0.0,0.0,0.0
2024-03-19 00:00:00+01:00,4.855000019073486,4.873499870300293,4.828999996185303,4.873499870300293,20412,0.0,0.0,0.0
2024-03-20 00:00:00+01:00,4.884500026702881,4.9039998054504395,4.884500026702881,4.889999866485596,20135,0.0,0.0,0.0
2024-03-21 00:00:00+01:00,4.956999778747559,5.014999866485596,4.949999809265137,5.014999866485596,39282,0.0,0.0,0.0
2024-03-22 00:00:00+01:00,5.017000198364258,5.0289998054504395,5.002999782562256,5.011000156402588,116871,0.0,0.0,0.0
2024-03-25 00:00:00+01:00,5.005000114440918,5.013000011444092,4.976500034332275,4.995500087738037,57532,0.0,0.0,0.0
2024-03-26 00:00:00+01:00,5.000999927520752,5.013999938964844,5.0,5.007999897003174,9067,0.0,0.0,0.0
2024-03-27 00:00:00+01:00,4.995999813079834,5.013999938964844,4.96999979019165,4.978499889373779,42192,0.0,0.0,0.0
2024-03-28 00:00:00+01:00,4.994500160217285,5.011000156402588,4.989999771118164,4.999000072479248,117504,0.0,0.0,0.0
2024-04-02 00:00:00+02:00,5.013000011444092,5.014999866485596,4.920000076293945,4.939499855041504,154377,0.0,0.0,0.0
2024-04-03 00:00:00+02:00,4.946000099182129,4.981500148773193,4.934500217437744,4.978499889373779,178067,0.0,0.0,0.0
2024-04-04 00:00:00+02:00,4.974999904632568,4.989999771118164,4.968999862670898,4.978499889373779,45741,0.0,0.0,0.0
2024-04-05 00:00:00+02:00,4.9079999923706055,4.95550012588501,4.902500152587891,4.949999809265137,33965,0.0,0.0,0.0
2024-04-08 00:00:00+02:00,4.950500011444092,4.9720001220703125,4.941500186920166,4.94950008392334,29713,0.0,0.0,0.0
2024-04-09 00:00:00+02:00,4.957499980926514,4.957499980926514,4.893499851226807,4.893499851226807,19009,0.0,0.0,0.0
2024-04-10 00:00:00+02:00,4.921500205993652,4.928999900817871,4.9095001220703125,4.927499771118164,83238,0.0,0.0,0.0
2024-04-11 00:00:00+02:00,4.943999767303467,4.953999996185303,4.920000076293945,4.953999996185303,15311,0.0,0.0,0.0
2024-04-12 00:00:00+02:00,5.01200008392334,5.014999866485596,4.96150016784668,4.9770002365112305,42246,0.0,0.0,0.0
2024-04-15 00:00:00+02:00,4.989500045776367,5.011000156402588,4.9670000076293945,4.978000164031982,270134,0.0,0.0,0.0
2024-04-16 00:00:00+02:00,4.879000186920166,4.885499954223633,4.861999988555908,4.880499839782715,40744,0.0,0.0,0.0
2024-04-17 00:00:00+02:00,4.865499973297119,4.886499881744385,4.8404998779296875,4.8404998779296875,6669,0.0,0.0,0.0
2024-04-18 00:00:00+02:00,4.840000152587891,4.840000152587891,4.813499927520752,4.832499980926514,54448,0.0,0.0,0.0
2024-04-19 00:00:00+02:00,4.76200008392334,4.776500225067139,4.736000061035156,4.736000061035156,45437,0.0,0.0,0.0
2024-04-22 00:00:00+02:00,4.718500137329102,4.73799991607666,4.710999965667725,4.71750020980835,54662,0.0,0.0,0.0
2024-04-23 00:00:00+02:00,4.751500129699707,4.802999973297119,4.748000144958496,4.801000118255615,8950,0.0,0.0,0.0
2024-04-24 00:00:00+02:00,4.839000225067139,4.8480000495910645,4.805500030517578,4.809500217437744,23240,0.0,0.0,0.0
2024-04-25 00:00:00+02:00,4.745500087738037,4.763500213623047,4.7170000076293945,4.745500087738037,36015,0.0,0.0,0.0
2024-04-26 00:00:00+02:00,4.788000106811523,4.848499774932861,4.78249979019165,4.84499979019165,50476,0.0,0.0,0.0
2024-04-29 00:00:00+02:00,4.861499786376953,4.869999885559082,4.841000080108643,4.841000080108643,57040,0.0,0.0,0.0
2024-04-30 00:00:00+02:00,4.863500118255615,4.870999813079834,4.836999893188477,4.836999893188477,27651,0.0,0.0,0.0
2024-05-02 00:00:00+02:00,4.793499946594238,4.813000202178955,4.7855000495910645,4.7870001792907715,49641,0.0,0.0,0.0
2024-05-03 00:00:00+02:00,4.810500144958496,4.848499774932861,4.80049991607666,4.848499774932861,170553,0.0,0.0,0.0
2024-05-06 00:00:00+02:00,4.875500202178955,4.908999919891357,4.864999771118164,4.908999919891357,22250,0.0,0.0,0.0
2024-05-07 00:00:00+02:00,4.941999912261963,4.941999912261963,4.918000221252441,4.921999931335449,20953,0.0,0.0,0.0
2024-05-08 00:00:00+02:00,4.901000022888184,4.9120001792907715,4.884500026702881,4.9045000076293945,45080,0.0,0.0,0.0
2024-05-09 00:00:00+02:00,4.895999908447266,4.9054999351501465,4.894000053405762,4.9045000076293945,24046,0.0,0.0,0.0
2024-05-10 00:00:00+02:00,4.9120001792907715,4.941999912261963,4.9105000495910645,4.922999858856201,936719,0.0,0.0,0.0
2024-05-13 00:00:00+02:00,4.923500061035156,4.92549991607666,4.901500225067139,4.9045000076293945,31215,0.0,0.0,0.0
2024-05-14 00:00:00+02:00,4.895999908447266,4.9045000076293945,4.886499881744385,4.9004998207092285,37514,0.0,0.0,0.0
2024-05-15 00:00:00+02:00,4.927000045776367,4.977499961853027,4.922500133514404,4.973999977111816,984469,0.0,0.0,0.0
2024-05-16 00:00:00+02:00,4.998499870300293,5.007999897003174,4.979000091552734,4.981500148773193,279911,0.0,0.0,0.0
2024-05-17 00:00:00+02:00,4.971499919891357,4.983500003814697,4.958000183105469,4.958000183105469,49400,0.0,0.0,0.0
2024-05-20 00:00:00+02:00,4.9695000648498535,5.008999824523926,4.9695000648498535,5.008999824523926,37411,0.0,0.0,0.0
2024-05-21 00:00:00+02:00,5.000999927520752,5.013000011444092,4.987500190734863,5.011000156402588,20177,0.0,0.0,0.0
2024-05-22 00:00:00+02:00,5.002999782562256,5.008999824523926,4.998000144958496,5.001999855041504,28742,0.0,0.0,0.0
2024-05-23 00:00:00+02:00,5.053999900817871,5.060999870300293,5.045000076293945,5.059999942779541,36406,0.0,0.0,0.0
2024-05-24 00:00:00+02:00,5.0289998054504395,5.059000015258789,5.026000022888184,5.059000015258789,11598,0.0,0.0,0.0
2024-05-27 00:00:00+02:00,5.073999881744385,5.090000152587891,5.073999881744385,5.086999893188477,76083,0.0,0.0,0.0
2024-05-28 00:00:00+02:00,5.090000152587891,5.0980000495910645,5.063000202178955,5.074999809265137,45488,0.0,0.0,0.0
2024-05-29 00:00:00+02:00,5.072000026702881,5.072000026702881,5.045000076293945,5.052999973297119,32609,0.0,0.0,0.0
2024-05-30 00:00:00+02:00,5.0370001792907715,5.046999931335449,5.02400016784668,5.02400016784668,30210,0.0,0.0,0.0
2024-05-31 00:00:00+02:00,5.010000228881836,5.010000228881836,4.956500053405762,4.959000110626221,21667,0.0,0.0,0.0
2024-06-03 00:00:00+02:00,5.041999816894531,5.050000190734863,4.99399995803833,4.997000217437744,33739,0.0,0.0,0.0
2024-06-04 00:00:00+02:00,4.994999885559082,5.002999782562256,4.9679999351501465,4.9679999351501465,39027,0.0,0.0,0.0
2024-06-05 00:00:00+02:00,4.984000205993652,5.046000003814697,4.984000205993652,5.046000003814697,70592,0.0,0.0,0.0
2024-06-06 00:00:00+02:00,5.078999996185303,5.091000080108643,5.051000118255615,5.051000118255615,93710,0.0,0.0,0.0
2024-06-07 00:00:00+02:00,5.059000015258789,5.085999965667725,5.039999961853027,5.072999954223633,42424,0.0,0.0,0.0
2024-06-10 00:00:00+02:00,5.10099983215332,5.144000053405762,5.084000110626221,5.144000053405762,32021,0.0,0.0,0.0
2024-06-11 00:00:00+02:00,5.144999980926514,5.144999980926514,5.099999904632568,5.118000030517578,63310,0.0,0.0,0.0
2024-06-12 00:00:00+02:00,5.132999897003174,5.196000099182129,5.132999897003174,5.177999973297119,61789,0.0,0.0,0.0
2024-06-13 00:00:00+02:00,5.184999942779541,5.190000057220459,5.1579999923706055,5.166999816894531,47176,0.0,0.0,0.0
2024-06-14 00:00:00+02:00,5.205999851226807,5.2129998207092285,5.168000221252441,5.175000190734863,925684,0.0,0.0,0.0
2024-06-17 00:00:00+02:00,5.183000087738037,5.192999839782715,5.160999774932861,5.183000087738037,108855,0.0,0.0,0.0
2024-06-18 00:00:00+02:00,5.2170000076293945,5.234000205993652,5.2129998207092285,5.234000205993652,57387,0.0,0.0,0.0
2024-06-19 00:00:00+02:00,5.2729997634887695,5.2729997634887695,5.257999897003174,5.257999897003174,72220,0.0,0.0,0.0
2024-06-20 00:00:00+02:00,5.276000022888184,5.297999858856201,5.250999927520752,5.269000053405762,86977,0.0,0.0,0.0
2024-06-21 00:00:00+02:00,5.22599983215332,5.23199987411499,5.184999942779541,5.197999954223633,46886,0.0,0.0,0.0
2024-06-24 00:00:00+02:00,5.197999954223633,5.209000110626221,5.176000118255615,5.182000160217285,58506,0.0,0.0,0.0
2024-06-25 00:00:00+02:00,5.171000003814697,5.210999965667725,5.169000148773193,5.210999965667725,55198,0.0,0.0,0.0
2024-06-26 00:00:00+02:00,5.244999885559082,5.254000186920166,5.195000171661377,5.203000068664551,54167,0.0,0.0,0.0
2024-06-27 00:00:00+02:00,5.210999965667725,5.2179999351501465,5.195000171661377,5.195000171661377,295428,0.0,0.0,0.0
2024-06-28 00:00:00+02:00,5.234000205993652,5.25,5.23199987411499,5.242000102996826,63408,0.0,0.0,0.0
2024-07-01 00:00:00+02:00,5.2170000076293945,5.2170000076293945,5.163000106811523,5.193999767303467,113863,0.0,0.0,0.0
2024-07-02 00:00:00+02:00,5.203000068664551,5.214000225067139,5.185999870300293,5.214000225067139,85298,0.0,0.0,0.0
2024-07-03 00:00:00+02:00,5.232999801635742,5.248000144958496,5.230000019073486,5.245999813079834,85196,0.0,0.0,0.0
2024-07-04 00:00:00+02:00,5.28000020980835,5.285999774932861,5.2729997634887695,5.2729997634887695,42639,0.0,0.0,0.0
2024-07-05 00:00:00+02:00,5.285999774932861,5.285999774932861,5.254000186920166,5.261000156402588,145194,0.0,0.0,0.0
2024-07-08 00:00:00+02:00,5.25600004196167,5.296000003814697,5.255000114440918,5.285999774932861,580514,0.0,0.0,0.0
2024-07-09 00:00:00+02:00,5.296999931335449,5.304999828338623,5.28000020980835,5.289999961853027,745878,0.0,0.0,0.0
2024-07-10 00:00:00+02:00,5.307000160217285,5.3379998207092285,5.302999973297119,5.335000038146973,73762,0.0,0.0,0.0
2024-07-11 00:00:00+02:00,5.341000080108643,5.349999904632568,5.296000003814697,5.296000003814697,68116,0.0,0.0,0.0
2024-07-12 00:00:00+02:00,5.285999774932861,5.331999778747559,5.27400016784668,5.328000068664551,31540,0.0,0.0,0.0
2024-07-15 00:00:00+02:00,5.328999996185303,5.330999851226807,5.315000057220459,5.318999767303467,31054,0.0,0.0,0.0
2024-07-16 00:00:00+02:00,5.311999797821045,5.3460001945495605,5.309999942779541,5.334000110626221,462183,0.0,0.0,0.0
2024-07-17 00:00:00+02:00,5.304999828338623,5.304999828338623,5.202000141143799,5.211999893188477,93184,0.0,0.0,0.0
2024-07-18 00:00:00+02:00,5.192999839782715,5.198999881744385,5.116000175476074,5.116000175476074,41266,0.0,0.0,0.0
2024-07-19 00:00:00+02:00,5.13100004196167,5.144000053405762,5.109000205993652,5.109000205993652,35150,0.0,0.0,0.0
2024-07-22 00:00:00+02:00,5.11299991607666,5.171999931335449,5.11299991607666,5.144000053405762,107823,0.0,0.0,0.0
2024-07-23 00:00:00+02:00,5.171999931335449,5.230000019073486,5.171999931335449,5.228000164031982,6830,0.0,0.0,0.0
2024-07-24 00:00:00+02:00,5.170000076293945,5.186999797821045,5.103000164031982,5.105000019073486,21049,0.0,0.0,0.0
2024-07-25 00:00:00+02:00,5.041999816894531,5.041999816894531,4.9720001220703125,5.01800012588501,125874,0.0,0.0,0.0
2024-07-26 00:00:00+02:00,5.011000156402588,5.046000003814697,5.002999782562256,5.043000221252441,48704,0.0,0.0,0.0
2024-07-29 00:00:00+02:00,5.090000152587891,5.103000164031982,5.051000118255615,5.051000118255615,51591,0.0,0.0,0.0
2024-07-30 00:00:00+02:00,5.059000015258789,5.0970001220703125,5.03000020980835,5.03000020980835,25597,0.0,0.0,0.0
2024-07-31 00:00:00+02:00,5.123000144958496,5.172999858856201,5.10699987411499,5.169000148773193,20536,0.0,0.0,0.0
2024-08-01 00:00:00+02:00,5.190999984741211,5.190999984741211,5.057000160217285,5.057000160217285,60869,0.0,0.0,0.0
2024-08-02 00:00:00+02:00,4.88700008392334,4.900000095367432,4.71999979019165,4.744500160217285,203523,0.0,0.0,0.0
2024-08-05 00:00:00+02:00,4.518499851226807,4.619999885559082,4.423999786376953,4.616000175476074,158903,0.0,0.0,0.0
2024-08-06 00:00:00+02:00,4.680500030517578,4.684500217437744,4.624499797821045,4.682000160217285,79291,0.0,0.0,0.0
2024-08-07 00:00:00+02:00,4.743000030517578,4.816500186920166,4.741000175476074,4.7895002365112305,147837,0.0,0.0,0.0
2024-08-08 00:00:00+02:00,4.697000026702881,4.794000148773193,4.666999816894531,4.794000148773193,52476,0.0,0.0,0.0
2024-08-09 00:00:00+02:00,4.809500217437744,4.846499919891357,4.798500061035156,4.827499866485596,106324,0.0,0.0,0.0
2024-08-12 00:00:00+02:00,4.848999977111816,4.879000186920166,4.834000110626221,4.848499774932861,21446,0.0,0.0,0.0
2024-08-13 00:00:00+02:00,4.9045000076293945,4.9375,4.874000072479248,4.9375,45165,0.0,0.0,0.0
2024-08-14 00:00:00+02:00,4.958000183105469,4.960000038146973,4.914000034332275,4.960000038146973,133975,0.0,0.0,0.0
2024-08-15 00:00:00+02:00,4.987500190734863,5.078999996185303,4.9770002365112305,5.074999809265137,247934,0.0,0.0,0.0
2024-08-16 00:00:00+02:00,5.114999771118164,5.114999771118164,5.065000057220459,5.080999851226807,150561,0.0,0.0,0.0
2024-08-19 00:00:00+02:00,5.078999996185303,5.090000152587891,5.067999839782715,5.085999965667725,48419,0.0,0.0,0.0
2024-08-20 00:00:00+02:00,5.105000019073486,5.125,5.065000057220459,5.072000026702881,72368,0.0,0.0,0.0
2024-08-21 00:00:00+02:00,5.081999778747559,5.099999904632568,5.078000068664551,5.085000038146973,256267,0.0,0.0,0.0
2024-08-22 00:00:00+02:00,5.091000080108643,5.118000030517578,5.091000080108643,5.093999862670898,22966,0.0,0.0,0.0
2024-08-23 00:00:00+02:00,5.083000183105469,5.0970001220703125,5.073999881744385,5.083000183105469,45694,0.0,0.0,0.0
2024-08-26 00:00:00+02:00,5.068999767303467,5.09499979019165,5.034999847412109,5.051000118255615,87380,0.0,0.0,0.0
2024-08-27 00:00:00+02:00,5.053999900817871,5.071000099182129,5.035999774932861,5.059999942779541,9577,0.0,0.0,0.0
2024-08-28 00:00:00+02:00,5.085999965667725,5.103000164031982,5.054999828338623,5.064000129699707,33537,0.0,0.0,0.0
2024-08-29 00:00:00+02:00,5.057000160217285,5.133999824523926,5.057000160217285,5.127999782562256,62358,0.0,0.0,0.0
2024-08-30 00:00:00+02:00,5.110000133514404,5.13100004196167,5.107999801635742,5.107999801635742,39711,0.0,0.0,0.0
2024-09-02 00:00:00+02:00,5.133999824523926,5.138000011444092,5.118000030517578,5.133999824523926,25405,0.0,0.0,0.0
2024-09-03 00:00:00+02:00,5.144999980926514,5.1519999504089355,5.035999774932861,5.039999961853027,44198,0.0,0.0,0.0
2024-09-04 00:00:00+02:00,4.920499801635742,4.95550012588501,4.914999961853027,4.933499813079834,45391,0.0,0.0,0.0
2024-09-05 00:00:00+02:00,4.918499946594238,4.922999858856201,4.882500171661377,4.882500171661377,114230,0.0,0.0,0.0
2024-09-06 00:00:00+02:00,4.854499816894531,4.879000186920166,4.7779998779296875,4.7829999923706055,63420,0.0,0.0,0.0
2024-09-09 00:00:00+02:00,4.835000038146973,4.861499786376953,4.829999923706055,4.856500148773193,37649,0.0,0.0,0.0
2024-09-10 00:00:00+02:00,4.853499889373779,4.879000186920166,4.851500034332275,4.859000205993652,40374,0.0,0.0,0.0
2024-09-11 00:00:00+02:00,4.861999988555908,4.886499881744385,4.8429999351501465,4.868500232696533,44723,0.0,0.0,0.0
2024-09-12 00:00:00+02:00,5.004000186920166,5.013999938964844,4.978499889373779,5.00600004196167,48835,0.0,0.0,0.0
2024-09-13 00:00:00+02:00,5.019999980926514,5.052999973297119,5.017000198364258,5.052999973297119,38441,0.0,0.0,0.0
2024-09-16 00:00:00+02:00,5.0370001792907715,5.052999973297119,5.014999866485596,5.015999794006348,92116,0.0,0.0,0.0
2024-09-17 00:00:00+02:00,5.039000034332275,5.052000045776367,5.0269999504089355,5.043000221252441,43808,0.0,0.0,0.0
2024-09-18 00:00:00+02:00,5.0279998779296875,5.0279998779296875,5.008999824523926,5.015999794006348,26026,0.0,0.0,0.0
2024-09-19 00:00:00+02:00,5.089000225067139,5.139999866485596,5.073999881744385,5.133999824523926,127342,0.0,0.0,0.0
2024-09-20 00:00:00+02:00,5.125,5.127999782562256,5.098999977111816,5.114999771118164,18016,0.0,0.0,0.0
2024-09-23 00:00:00+02:00,5.133999824523926,5.15500020980835,5.129000186920166,5.145999908447266,21662,0.0,0.0,0.0
2024-09-24 00:00:00+02:00,5.159999847412109,5.160999774932861,5.142000198364258,5.144999980926514,61252,0.0,0.0,0.0
2024-09-25 00:00:00+02:00,5.111000061035156,5.163000106811523,5.111000061035156,5.163000106811523,30612,0.0,0.0,0.0
2024-09-26 00:00:00+02:00,5.242000102996826,5.25600004196167,5.203000068664551,5.211999893188477,39452,0.0,0.0,0.0
2024-09-27 00:00:00+02:00,5.203000068664551,5.210000038146973,5.165999889373779,5.169000148773193,70835,0.0,0.0,0.0
2024-09-30 00:00:00+02:00,5.158999919891357,5.170000076293945,5.13100004196167,5.14900016784668,40202,0.0,0.0,0.0
2024-10-01 00:00:00+02:00,5.184999942779541,5.203000068664551,5.1479997634887695,5.169000148773193,34869,0.0,0.0,0.0
2024-10-02 00:00:00+02:00,5.1620001792907715,5.173999786376953,5.133999824523926,5.173999786376953,152983,0.0,0.0,0.0
2024-10-03 00:00:00+02:00,5.163000106811523,5.166999816894531,5.144000053405762,5.159999847412109,38407,0.0,0.0,0.0
2024-10-04 00:00:00+02:00,5.145999908447266,5.206999778747559,5.145999908447266,5.182000160217285,128053,0.0,0.0,0.0
2024-10-07 00:00:00+02:00,5.203999996185303,5.204999923706055,5.177999973297119,5.197999954223633,43924,0.0,0.0,0.0
2024-10-08 00:00:00+02:00,5.171999931335449,5.2270002365112305,5.171999931335449,5.2210001945495605,244082,0.0,0.0,0.0
2024-10-09 00:00:00+02:00,5.224999904632568,5.255000114440918,5.2220001220703125,5.255000114440918,36275,0.0,0.0,0.0
2024-10-10 00:00:00+02:00,5.267000198364258,5.270999908447266,5.242000102996826,5.254000186920166,218811,0.0,0.0,0.0
2024-10-11 00:00:00+02:00,5.252999782562256,5.291999816894531,5.241000175476074,5.283999919891357,32528,0.0,0.0,0.0
2024-10-14 00:00:00+02:00,5.293000221252441,5.339000225067139,5.291999816894531,5.335999965667725,40698,0.0,0.0,0.0
2024-10-15 00:00:00+02:00,5.36299991607666,5.36299991607666,5.322000026702881,5.327000141143799,81466,0.0,0.0,0.0
2024-10-16 00:00:00+02:00,5.328999996185303,5.336999893188477,5.309999942779541,5.336999893188477,77939,0.0,0.0,0.0
2024-10-17 00:00:00+02:00,5.375999927520752,5.414000034332275,5.374000072479248,5.39900016784668,95899,0.0,0.0,0.0
2024-10-18 00:00:00+02:00,5.377999782562256,5.392000198364258,5.361999988555908,5.382999897003174,14293,0.0,0.0,0.0
2024-10-21 00:00:00+02:00,5.38700008392334,5.388999938964844,5.361999988555908,5.361999988555908,29313,0.0,0.0,0.0
2024-10-22 00:00:00+02:00,5.372000217437744,5.372000217437744,5.339000225067139,5.348999977111816,10680,0.0,0.0,0.0
2024-10-23 00:00:00+02:00,5.355999946594238,5.355999946594238,5.328000068664551,5.329999923706055,39708,0.0,0.0,0.0
2024-10-24 00:00:00+02:00,5.3470001220703125,5.349999904632568,5.316999912261963,5.316999912261963,12995,0.0,0.0,0.0
2024-10-25 00:00:00+02:00,5.309000015258789,5.330999851226807,5.306000232696533,5.315000057220459,17719,0.0,0.0,0.0
2024-10-28 00:00:00+01:00,5.309999942779541,5.316999912261963,5.290999889373779,5.309999942779541,32474,0.0,0.0,0.0
2024-10-29 00:00:00+01:00,5.322999954223633,5.322999954223633,5.297999858856201,5.302000045776367,129801,0.0,0.0,0.0
2024-10-30 00:00:00+01:00,5.297999858856201,5.297999858856201,5.242000102996826,5.25600004196167,38582,0.0,0.0,0.0
2024-10-31 00:00:00+01:00,5.2129998207092285,5.2170000076293945,5.172999858856201,5.173999786376953,1163701,0.0,0.0,0.0
2024-11-01 00:00:00+01:00,5.158999919891357,5.204999923706055,5.158999919891357,5.197999954223633,23321,0.0,0.0,0.0
2024-11-04 00:00:00+01:00,5.169000148773193,5.185999870300293,5.164999961853027,5.170000076293945,34339,0.0,0.0,0.0
2024-11-05 00:00:00+01:00,5.160999774932861,5.190000057220459,5.15500020980835,5.186999797821045,42115,0.0,0.0,0.0
2024-11-06 00:00:00+01:00,5.35099983215332,5.368000030517578,5.27400016784668,5.285999774932861,152138,0.0,0.0,0.0
2024-11-07 00:00:00+01:00,5.306000232696533,5.317999839782715,5.302999973297119,5.314000129699707,30829,0.0,0.0,0.0
2024-11-08 00:00:00+01:00,5.353000164031982,5.380000114440918,5.328999996185303,5.380000114440918,83634,0.0,0.0,0.0
2024-11-11 00:00:00+01:00,5.427000045776367,5.453999996185303,5.427000045776367,5.431000232696533,49900,0.0,0.0,0.0
2024-11-12 00:00:00+01:00,5.4120001792907715,5.414999961853027,5.39300012588501,5.39300012588501,46087,0.0,0.0,0.0
2024-11-13 00:00:00+01:00,5.382999897003174,5.414000034332275,5.370999813079834,5.414000034332275,67785,0.0,0.0,0.0
2024-11-14 00:00:00+01:00,5.414000034332275,5.436999797821045,5.409999847412109,5.415999889373779,42486,0.0,0.0,0.0
2024-11-15 00:00:00+01:00,5.379000186920166,5.379000186920166,5.353000164031982,5.353000164031982,22655,0.0,0.0,0.0
2024-11-18 00:00:00+01:00,5.343999862670898,5.348999977111816,5.314000129699707,5.348999977111816,474097,0.0,0.0,0.0
2024-11-19 00:00:00+01:00,5.360000133514404,5.361000061035156,5.296000003814697,5.361000061035156,45534,0.0,0.0,0.0
2024-11-20 00:00:00+01:00,5.385000228881836,5.394000053405762,5.36299991607666,5.374000072479248,56106,0.0,0.0,0.0
2024-11-21 00:00:00+01:00,5.379000186920166,5.435999870300293,5.367000102996826,5.435999870300293,122386,0.0,0.0,0.0
2024-11-22 00:00:00+01:00,5.465000152587891,5.515999794006348,5.461999893188477,5.50600004196167,26707,0.0,0.0,0.0
2024-11-25 00:00:00+01:00,5.517000198364258,5.51800012588501,5.468999862670898,5.468999862670898,51324,0.0,0.0,0.0
2024-11-26 00:00:00+01:00,5.443999767303467,5.480000019073486,5.429999828338623,5.473999977111816,40741,0.0,0.0,0.0
2024-11-27 00:00:00+01:00,5.4770002365112305,5.4770002365112305,5.423999786376953,5.423999786376953,41660,0.0,0.0,0.0
2024-11-28 00:00:00+01:00,5.455999851226807,5.464000225067139,5.449999809265137,5.455999851226807,16436,0.0,0.0,0.0
2024-11-29 00:00:00+01:00,5.454999923706055,5.488999843597412,5.451000213623047,5.486000061035156,97620,0.0,0.0,0.0
2024-12-02 00:00:00+01:00,5.504000186920166,5.5289998054504395,5.494999885559082,5.525000095367432,13238,0.0,0.0,0.0
2024-12-03 00:00:00+01:00,5.52400016784668,5.526000022888184,5.513000011444092,5.51800012588501,45622,0.0,0.0,0.0
2024-12-04 00:00:00+01:00,5.538000106811523,5.566999912261963,5.538000106811523,5.552999973297119,21722,0.0,0.0,0.0
2024-12-05 00:00:00+01:00,5.573999881744385,5.581999778747559,5.553999900817871,5.571000099182129,36046,0.0,0.0,0.0
2024-12-06 00:00:00+01:00,5.538000106811523,5.565999984741211,5.535999774932861,5.545000076293945,39130,0.0,0.0,0.0
2024-12-09 00:00:00+01:00,5.553999900817871,5.563000202178955,5.461999893188477,5.486000061035156,55563,0.0,0.0,0.0
2024-12-10 00:00:00+01:00,5.453999996185303,5.474999904632568,5.445000171661377,5.4670000076293945,135017,0.0,0.0,0.0
2024-12-11 00:00:00+01:00,5.451000213623047,5.51200008392334,5.439000129699707,5.506999969482422,68342,0.0,0.0,0.0
2024-12-12 00:00:00+01:00,5.506999969482422,5.506999969482422,5.468999862670898,5.484000205993652,668280,0.0,0.0,0.0
2024-12-13 00:00:00+01:00,5.478000164031982,5.495999813079834,5.433000087738037,5.435999870300293,127582,0.0,0.0,0.0
2024-12-16 00:00:00+01:00,5.445000171661377,5.460000038146973,5.436999797821045,5.449999809265137,41561,0.0,0.0,0.0
2024-12-17 00:00:00+01:00,5.416999816894531,5.438000202178955,5.4029998779296875,5.4120001792907715,36528,0.0,0.0,0.0
2024-12-18 00:00:00+01:00,5.413000106811523,5.436999797821045,5.410999774932861,5.422999858856201,129488,0.0,0.0,0.0
2024-12-19 00:00:00+01:00,5.314000129699707,5.3429999351501465,5.298999786376953,5.3429999351501465,54141,0.0,0.0,0.0
2024-12-20 00:00:00+01:00,5.2870001792907715,5.360000133514404,5.236999988555908,5.359000205993652,22269,0.0,0.0,0.0
2024-12-23 00:00:00+01:00,5.35699987411499,5.374000072479248,5.334000110626221,5.3480000495910645,19554,0.0,0.0,0.0
2024-12-27 00:00:00+01:00,5.413000106811523,5.413000106811523,5.357999801635742,5.367000102996826,67013,0.0,0.0,0.0
2024-12-30 00:00:00+01:00,5.353000164031982,5.360000133514404,5.317999839782715,5.318999767303467,44713,0.0,0.0,0.0
2025-01-02 00:00:00+01:00,5.366000175476074,5.425000190734863,5.354000091552734,5.425000190734863,59317,0.0,0.0,0.0
2025-01-03 00:00:00+01:00,5.419000148773193,5.434999942779541,5.39300012588501,5.429999828338623,61809,0.0,0.0,0.0
2025-01-06 00:00:00+01:00,5.440000057220459,5.464000225067139,5.431000232696533,5.464000225067139,186155,0.0,0.0,0.0
2025-01-07 00:00:00+01:00,5.440000057220459,5.47599983215332,5.422999858856201,5.427000045776367,36442,0.0,0.0,0.0
2025-01-08 00:00:00+01:00,5.434000015258789,5.452000141143799,5.415999889373779,5.433000087738037,54350,0.0,0.0,0.0
2025-01-09 00:00:00+01:00,5.421999931335449,5.442999839782715,5.421999931335449,5.439000129699707,32768,0.0,0.0,0.0
2025-01-10 00:00:00+01:00,5.429999828338623,5.429999828338623,5.36899995803833,5.374000072479248,51657,0.0,0.0,0.0
2025-01-13 00:00:00+01:00,5.357999801635742,5.359000205993652,5.331999778747559,5.3470001220703125,58853,0.0,0.0,0.0
2025-01-14 00:00:00+01:00,5.369999885559082,5.394999980926514,5.359000205993652,5.359000205993652,57638,0.0,0.0,0.0
2025-01-15 00:00:00+01:00,5.366000175476074,5.465000152587891,5.361999988555908,5.459000110626221,21105,0.0,0.0,0.0
2025-01-16 00:00:00+01:00,5.493000030517578,5.493000030517578,5.4670000076293945,5.480000019073486,25988,0.0,0.0,0.0
2025-01-17 00:00:00+01:00,5.488999843597412,5.531000137329102,5.480999946594238,5.5229997634887695,516102,0.0,0.0,0.0
2025-01-20 00:00:00+01:00,5.53000020980835,5.53000020980835,5.506999969482422,5.513999938964844,61837,0.0,0.0,0.0
2025-01-21 00:00:00+01:00,5.510000228881836,5.538000106811523,5.508999824523926,5.5329999923706055,31372,0.0,0.0,0.0
2025-01-22 00:00:00+01:00,5.578999996185303,5.60099983215332,5.576000213623047,5.593999862670898,27664,0.0,0.0,0.0
2025-01-23 00:00:00+01:00,5.623000144958496,5.626999855041504,5.5970001220703125,5.620999813079834,30689,0.0,0.0,0.0
2025-01-24 00:00:00+01:00,5.620999813079834,5.620999813079834,5.578000068664551,5.5879998207092285,14397,0.0,0.0,0.0
2025-01-27 00:00:00+01:00,5.506999969482422,5.506999969482422,5.382999897003174,5.382999897003174,1113003,0.0,0.0,0.0
2025-01-28 00:00:00+01:00,5.432000160217285,5.452000141143799,5.4070000648498535,5.447000026702881,630291,0.0,0.0,0.0
2025-01-29 00:00:00+01:00,5.52400016784668,5.52400016784668,5.484000205993652,5.484000205993652,174356,0.0,0.0,0.0
2025-01-30 00:00:00+01:00,5.51200008392334,5.533999919891357,5.507999897003174,5.519999980926514,58746,0.0,0.0,0.0
2025-01-31 00:00:00+01:00,5.563000202178955,5.583000183105469,5.559999942779541,5.577000141143799,84027,0.0,0.0,0.0
2025-02-03 00:00:00+01:00,5.480999946594238,5.5320000648498535,5.459000110626221,5.5320000648498535,131478,0.0,0.0,0.0
2025-02-04 00:00:00+01:00,5.49399995803833,5.510000228881836,5.4770002365112305,5.506999969482422,34888,0.0,0.0,0.0
2025-02-05 00:00:00+01:00,5.4629998207092285,5.5279998779296875,5.4629998207092285,5.5279998779296875,84709,0.0,0.0,0.0
2025-02-06 00:00:00+01:00,5.578999996185303,5.60099983215332,5.578999996185303,5.5879998207092285,33663,0.0,0.0,0.0
2025-02-07 00:00:00+01:00,5.585000038146973,5.605999946594238,5.574999809265137,5.579999923706055,83551,0.0,0.0,0.0
2025-02-10 00:00:00+01:00,5.598999977111816,5.61299991607666,5.591000080108643,5.604000091552734,42977,0.0,0.0,0.0
2025-02-11 00:00:00+01:00,5.593999862670898,5.5980000495910645,5.583000183105469,5.583000183105469,26881,0.0,0.0,0.0
2025-02-12 00:00:00+01:00,5.579999923706055,5.580999851226807,5.531000137329102,5.547999858856201,24448,0.0,0.0,0.0
2025-02-13 00:00:00+01:00,5.559000015258789,5.5980000495910645,5.547999858856201,5.586999893188477,24452,0.0,0.0,0.0
2025-02-14 00:00:00+01:00,5.589000225067139,5.589000225067139,5.574999809265137,5.574999809265137,16101,0.0,0.0,0.0
2025-02-17 00:00:00+01:00,5.607999801635742,5.625999927520752,5.605999946594238,5.616000175476074,35825,0.0,0.0,0.0
2025-02-18 00:00:00+01:00,5.63100004196167,5.6479997634887695,5.624000072479248,5.638999938964844,523796,0.0,0.0,0.0
2025-02-19 00:00:00+01:00,5.6570000648498535,5.6570000648498535,5.622000217437744,5.646999835968018,29702,0.0,0.0,0.0
2025-02-20 00:00:00+01:00,5.639999866485596,5.644999980926514,5.565999984741211,5.565999984741211,6406,0.0,0.0,0.0
2025-02-21 00:00:00+01:00,5.558000087738037,5.584000110626221,5.546000003814697,5.548999786376953,5072,0.0,0.0,0.0
2025-02-24 00:00:00+01:00,5.480999946594238,5.498000144958496,5.410999774932861,5.452000141143799,286423,0.0,0.0,0.0
2025-02-25 00:00:00+01:00,5.416999816894531,5.427999973297119,5.330999851226807,5.343999862670898,23627,0.0,0.0,0.0
2025-02-26 00:00:00+01:00,5.419000148773193,5.456999778747559,5.4039998054504395,5.454999923706055,56332,0.0,0.0,0.0
2025-02-27 00:00:00+01:00,5.452000141143799,5.473999977111816,5.449999809265137,5.453999996185303,24335,0.0,0.0,0.0
2025-02-28 00:00:00+01:00,5.36299991607666,5.4019999504089355,5.35699987411499,5.389999866485596,26577,0.0,0.0,0.0
2025-03-03 00:00:00+01:00,5.4679999351501465,5.480000019073486,5.4070000648498535,5.419000148773193,57136,0.0,0.0,0.0
2025-03-04 00:00:00+01:00,5.343999862670898,5.343999862670898,5.186999797821045,5.186999797821045,35554,0.0,0.0,0.0
2025-03-05 00:00:00+01:00,5.230999946594238,5.230999946594238,5.139999866485596,5.139999866485596,55130,0.0,0.0,0.0
2025-03-06 00:00:00+01:00,5.181000232696533,5.181000232696533,5.0929999351501465,5.125999927520752,49584,0.0,0.0,0.0
2025-03-07 00:00:00+01:00,5.050000190734863,5.050000190734863,4.983500003814697,4.983500003814697,22244,0.0,0.0,0.0
2025-03-10 00:00:00+01:00,5.0329999923706055,5.0329999923706055,4.923999786376953,4.932499885559082,39487,0.0,0.0,0.0
2025-03-11 00:00:00+01:00,4.901000022888184,4.9120001792907715,4.83650016784668,4.85699987411499,44591,0.0,0.0,0.0
2025-03-12 00:00:00+01:00,4.875999927520752,4.938499927520752,4.873499870300293,4.938499927520752,45525,0.0,0.0,0.0
2025-03-13 00:00:00+01:00,4.927499771118164,4.947000026702881,4.890500068664551,4.899499893188477,20498,0.0,0.0,0.0
2025-03-14 00:00:00+01:00,4.9054999351501465,4.988999843597412,4.9054999351501465,4.981500148773193,31076,0.0,0.0,0.0
2025-03-17 00:00:00+01:00,4.982500076293945,5.0269999504089355,4.9679999351501465,5.020999908447266,22852,0.0,0.0,0.0
2025-03-18 00:00:00+01:00,5.019000053405762,5.03000020980835,4.9679999351501465,4.990499973297119,86765,0.0,0.0,0.0
2025-03-19 00:00:00+01:00,4.993500232696533,5.068999767303467,4.993500232696533,5.068999767303467,22455,0.0,0.0,0.0
2025-03-20 00:00:00+01:00,5.0920000076293945,5.103000164031982,5.039999961853027,5.0970001220703125,18689,0.0,0.0,0.0
2025-03-21 00:00:00+01:00,5.063000202178955,5.064000129699707,5.0289998054504395,5.050000190734863,29484,0.0,0.0,0.0
2025-03-24 00:00:00+01:00,5.0929999351501465,5.164000034332275,5.0929999351501465,5.1620001792907715,114988,0.0,0.0,0.0
2025-03-25 00:00:00+01:00,5.151000022888184,5.176000118255615,5.150000095367432,5.171999931335449,49803,0.0,0.0,0.0
2025-03-26 00:00:00+01:00,5.186999797821045,5.186999797821045,5.129000186920166,5.13100004196167,18153,0.0,0.0,0.0
2025-03-27 00:00:00+01:00,5.107999801635742,5.117000102996826,5.079999923706055,5.081999778747559,21975,0.0,0.0,0.0
2025-03-28 00:00:00+01:00,5.045000076293945,5.059999942779541,4.97599983215332,4.97599983215332,6695,0.0,0.0,0.0
2025-03-31 00:00:00+02:00,4.900000095367432,4.942500114440918,4.886499881744385,4.939499855041504,299398,0.0,0.0,0.0
2025-04-01 00:00:00+02:00,4.992000102996826,5.011000156402588,4.946499824523926,5.011000156402588,9546,0.0,0.0,0.0
2025-04-02 00:00:00+02:00,5.0279998779296875,5.0370001792907715,4.9679999351501465,5.0370001792907715,22128,0.0,0.0,0.0
2025-04-03 00:00:00+02:00,4.855000019073486,4.870999813079834,4.776500225067139,4.776500225067139,103270,0.0,0.0,0.0
2025-04-04 00:00:00+02:00,4.7144999504089355,4.718500137329102,4.502999782562256,4.517000198364258,77850,0.0,0.0,0.0
2025-04-07 00:00:00+02:00,4.235000133514404,4.447999954223633,4.184500217437744,4.447999954223633,73641,0.0,0.0,0.0
2025-04-08 00:00:00+02:00,4.51800012588501,4.652500152587891,4.508999824523926,4.580999851226807,69745,0.0,0.0,0.0
2025-04-09 00:00:00+02:00,4.388000011444092,4.412499904632568,4.286499977111816,4.369999885559082,52427,0.0,0.0,0.0
2025-04-10 00:00:00+02:00,4.803500175476074,4.803500175476074,4.561999797821045,4.561999797821045,104005,0.0,0.0,0.0
2025-04-11 00:00:00+02:00,4.577000141143799,4.577000141143799,4.46750020980835,4.521500110626221,80281,0.0,0.0,0.0
2025-04-14 00:00:00+02:00,4.647500038146973,4.666500091552734,4.633999824523926,4.662499904632568,96007,0.0,0.0,0.0
2025-04-15 00:00:00+02:00,4.696000099182129,4.730500221252441,4.682000160217285,4.725500106811523,1952517,0.0,0.0,0.0
2025-04-16 00:00:00+02:00,4.6519999504089355,4.683499813079834,4.629499912261963,4.683499813079834,4183,0.0,0.0,0.0
2025-04-17 00:00:00+02:00,4.67549991607666,4.683499813079834,4.633500099182129,4.645500183105469,10860,0.0,0.0,0.0
2025-04-22 00:00:00+02:00,4.560500144958496,4.625,4.559000015258789,4.622499942779541,8087,0.0,0.0,0.0
2025-04-23 00:00:00+02:00,4.729499816894531,4.807000160217285,4.7170000076293945,4.775000095367432,21005,0.0,0.0,0.0
2025-04-24 00:00:00+02:00,4.744999885559082,4.802000045776367,4.7220001220703125,4.801499843597412,48336,0.0,0.0,0.0
2025-04-25 00:00:00+02:00,4.847499847412109,4.847499847412109,4.810500144958496,4.8379998207092285,11018,0.0,0.0,0.0
2025-04-28 00:00:00+02:00,4.84250020980835,4.866000175476074,4.835999965667725,4.835999965667725,17636,0.0,0.0,0.0
2025-04-29 00:00:00+02:00,4.864999771118164,4.881999969482422,4.853499889373779,4.860499858856201,11524,0.0,0.0,0.0
2025-04-30 00:00:00+02:00,4.886499881744385,4.8979997634887695,4.803999900817871,4.894000053405762,369728,0.0,0.0,0.0
2025-05-02 00:00:00+02:00,5.001999855041504,5.039999961853027,4.986499786376953,5.039999961853027,104031,0.0,0.0,0.0
2025-05-05 00:00:00+02:00,5.0320000648498535,5.053999900817871,5.010000228881836,5.053999900817871,15563,0.0,0.0,0.0
2025-05-06 00:00:00+02:00,5.02400016784668,5.033999919891357,4.991499900817871,5.033999919891357,50971,0.0,0.0,0.0
2025-05-07 00:00:00+02:00,5.034999847412109,5.038000106811523,5.010000228881836,5.0269999504089355,8733,0.0,0.0,0.0
2025-05-08 00:00:00+02:00,5.113999843597412,5.124000072479248,5.072000026702881,5.111999988555908,8726,0.0,0.0,0.0
2025-05-09 00:00:00+02:00,5.111000061035156,5.119999885559082,5.076000213623047,5.09499979019165,39676,0.0,0.0,0.0
2025-05-12 00:00:00+02:00,5.236000061035156,5.2789998054504395,5.214000225067139,5.242000102996826,16185,0.0,0.0,0.0
2025-05-13 00:00:00+02:00,5.23799991607666,5.289999961853027,5.229000091552734,5.288000106811523,38561,0.0,0.0,0.0
2025-05-14 00:00:00+02:00,5.2829999923706055,5.2829999923706055,5.241000175476074,5.270999908447266,15846,0.0,0.0,0.0
2025-05-15 00:00:00+02:00,5.265999794006348,5.296000003814697,5.251999855041504,5.296000003814697,1922671,0.0,0.0,0.0
2025-05-16 00:00:00+02:00,5.288000106811523,5.330999851226807,5.288000106811523,5.330999851226807,28351,0.0,0.0,0.0
2025-05-19 00:00:00+02:00,5.27400016784668,5.303999900817871,5.235000133514404,5.303999900817871,27664,0.0,0.0,0.0
2025-05-20 00:00:00+02:00,5.308000087738037,5.3420000076293945,5.308000087738037,5.322999954223633,45041,0.0,0.0,0.0
2025-05-21 00:00:00+02:00,5.263999938964844,5.2729997634887695,5.243000030517578,5.2729997634887695,13143,0.0,0.0,0.0
2025-05-22 00:00:00+02:00,5.242000102996826,5.248000144958496,5.196000099182129,5.241000175476074,8795,0.0,0.0,0.0
2025-05-23 00:00:00+02:00,5.247000217437744,5.252999782562256,5.15500020980835,5.199999809265137,11960,0.0,0.0,0.0
2025-05-26 00:00:00+02:00,5.25600004196167,5.264999866485596,5.248000144958496,5.254000186920166,21619,0.0,0.0,0.0
2025-05-27 00:00:00+02:00,5.264999866485596,5.300000190734863,5.264999866485596,5.300000190734863,39137,0.0,0.0,0.0
2025-05-28 00:00:00+02:00,5.294000148773193,5.309999942779541,5.2820000648498535,5.295000076293945,19275,0.0,0.0,0.0
2025-05-29 00:00:00+02:00,5.374000072479248,5.39300012588501,5.281000137329102,5.281000137329102,11425,0.0,0.0,0.0
2025-05-30 00:00:00+02:00,5.285999774932861,5.309999942779541,5.2729997634887695,5.275000095367432,23954,0.0,0.0,0.0
2025-06-02 00:00:00+02:00,5.256999969482422,5.284999847412109,5.250999927520752,5.284999847412109,381342,0.0,0.0,0.0
2025-06-03 00:00:00+02:00,5.290999889373779,5.324999809265137,5.284999847412109,5.322000026702881,55712,0.0,0.0,0.0
2025-06-04 00:00:00+02:00,5.339000225067139,5.34499979019165,5.327000141143799,5.330999851226807,5971,0.0,0.0,0.0
2025-06-05 00:00:00+02:00,5.314000129699707,5.3460001945495605,5.314000129699707,5.3460001945495605,15549,0.0,0.0,0.0
2025-06-06 00:00:00+02:00,5.329999923706055,5.368000030517578,5.329999923706055,5.348999977111816,36889,0.0,0.0,0.0
2025-06-09 00:00:00+02:00,5.34499979019165,5.34499979019165,5.322000026702881,5.324999809265137,4237,0.0,0.0,0.0
2025-06-10 00:00:00+02:00,5.317999839782715,5.322000026702881,5.269000053405762,5.269000053405762,34223,0.0,0.0,0.0
2025-06-11 00:00:00+02:00,5.284999847412109,5.295000076293945,5.271999835968018,5.288000106811523,68535,0.0,0.0,0.0
2025-06-12 00:00:00+02:00,5.258999824523926,5.258999824523926,5.210000038146973,5.256999969482422,23452,0.0,0.0,0.0
2025-06-13 00:00:00+02:00,5.2129998207092285,5.244999885559082,5.211999893188477,5.235000133514404,8614,0.0,0.0,0.0
2025-06-16 00:00:00+02:00,5.239999771118164,5.2789998054504395,5.232999801635742,5.2789998054504395,1320283,0.0,0.0,0.0
2025-06-17 00:00:00+02:00,5.244999885559082,5.27400016784668,5.238999843597412,5.263999938964844,65565,0.0,0.0,0.0
2025-06-18 00:00:00+02:00,5.2829999923706055,5.2829999923706055,5.26800012588501,5.270999908447266,21845,0.0,0.0,0.0
2025-06-19 00:00:00+02:00,5.254000186920166,5.254000186920166,5.228000164031982,5.228000164031982,16992,0.0,0.0,0.0
2025-06-20 00:00:00+02:00,5.238999843597412,5.257999897003174,5.236000061035156,5.248000144958496,4762,0.0,0.0,0.0
2025-06-23 00:00:00+02:00,5.223999977111816,5.25,5.223999977111816,5.230000019073486,10021,0.0,0.0,0.0
2025-06-24 00:00:00+02:00,5.290999889373779,5.290999889373779,5.27400016784668,5.276000022888184,28692,0.0,0.0,0.0
2025-06-25 00:00:00+02:00,5.300000190734863,5.309000015258789,5.2779998779296875,5.2779998779296875,22881,0.0,0.0,0.0
2025-06-26 00:00:00+02:00,5.2769999504089355,5.283999919891357,5.265999794006348,5.283999919891357,27965,0.0,0.0,0.0
2025-06-27 00:00:00+02:00,5.309000015258789,5.321000099182129,5.290999889373779,5.321000099182129,37738,0.0,0.0,0.0
2025-06-30 00:00:00+02:00,5.315000057220459,5.318999767303467,5.302999973297119,5.310999870300293,151651,0.0,0.0,0.0
2025-07-01 00:00:00+02:00,5.339000225067139,5.339000225067139,5.261000156402588,5.261000156402588,30530,0.0,0.0,0.0
2025-07-02 00:00:00+02:00,5.271999835968018,5.271999835968018,5.230999946594238,5.230999946594238,31307,0.0,0.0,0.0
2025-07-03 00:00:00+02:00,5.236000061035156,5.300000190734863,5.23199987411499,5.296000003814697,72987,0.0,0.0,0.0
2025-07-04 00:00:00+02:00,5.2779998779296875,5.2789998054504395,5.263000011444092,5.270999908447266,33696,0.0,0.0,0.0
2025-07-07 00:00:00+02:00,5.288000106811523,5.316999912261963,5.288000106811523,5.316999912261963,25789,0.0,0.0,0.0
2025-07-08 00:00:00+02:00,5.318999767303467,5.335999965667725,5.296999931335449,5.296999931335449,191177,0.0,0.0,0.0
2025-07-09 00:00:00+02:00,5.303999900817871,5.339000225067139,5.303999900817871,5.334000110626221,13680,0.0,0.0,0.0
2025-07-10 00:00:00+02:00,5.331999778747559,5.341000080108643,5.311999797821045,5.322999954223633,49777,0.0,0.0,0.0
2025-07-11 00:00:00+02:00,5.314000129699707,5.314000129699707,5.28000020980835,5.295000076293945,9418,0.0,0.0,0.0
2025-07-14 00:00:00+02:00,5.276000022888184,5.323999881744385,5.27400016784668,5.323999881744385,17097,0.0,0.0,0.0
2025-07-15 00:00:00+02:00,5.3520002365112305,5.3520002365112305,5.330999851226807,5.335000038146973,162595,0.0,0.0,0.0
2025-07-16 00:00:00+02:00,5.317999839782715,5.3520002365112305,5.291999816894531,5.291999816894531,2537047,0.0,0.0,0.0
2025-07-17 00:00:00+02:00,5.373000144958496,5.394000053405762,5.328000068664551,5.394000053405762,112943,0.0,0.0,0.0
2025-07-18 00:00:00+02:00,5.400000095367432,5.400000095367432,5.373000144958496,5.376999855041504,45278,0.0,0.0,0.0
2025-07-21 00:00:00+02:00,5.379000186920166,5.381999969482422,5.366000175476074,5.375,16095,0.0,0.0,0.0
2025-07-22 00:00:00+02:00,5.3460001945495605,5.3460001945495605,5.315999984741211,5.315999984741211,111806,0.0,0.0,0.0
2025-07-23 00:00:00+02:00,5.341000080108643,5.353000164031982,5.329999923706055,5.353000164031982,5974,0.0,0.0,0.0
2025-07-24 00:00:00+02:00,5.366000175476074,5.372000217437744,5.3480000495910645,5.360000133514404,10761,0.0,0.0,0.0
2025-07-25 00:00:00+02:00,5.361000061035156,5.38100004196167,5.355999946594238,5.375,124662,0.0,0.0,0.0
2025-07-28 00:00:00+02:00,5.4039998054504395,5.4120001792907715,5.38700008392334,5.390999794006348,170726,0.0,0.0,0.0
2025-07-29 00:00:00+02:00,5.427999973297119,5.458000183105469,5.427999973297119,5.435999870300293,26815,0.0,0.0,0.0
2025-07-30 00:00:00+02:00,5.425000190734863,5.480000019073486,5.425000190734863,5.480000019073486,44971,0.0,0.0,0.0
2025-07-31 00:00:00+02:00,5.52400016784668,5.53000020980835,5.494999885559082,5.499000072479248,174640,0.0,0.0,0.0
2025-08-01 00:00:00+02:00,5.464000225067139,5.464000225067139,5.3460001945495605,5.368000030517578,29702,0.0,0.0,0.0
2025-08-04 00:00:00+02:00,5.390999794006348,5.453000068664551,5.390999794006348,5.439000129699707,240584,0.0,0.0,0.0
2025-08-05 00:00:00+02:00,5.486999988555908,5.48799991607666,5.435999870300293,5.435999870300293,35905,0.0,0.0,0.0
2025-08-06 00:00:00+02:00,5.4670000076293945,5.468999862670898,5.435999870300293,5.456999778747559,58125,0.0,0.0,0.0
2025-08-07 00:00:00+02:00,5.4770002365112305,5.51800012588501,5.4770002365112305,5.492000102996826,28483,0.0,0.0,0.0
2025-08-08 00:00:00+02:00,5.493000030517578,5.508999824523926,5.493000030517578,5.494999885559082,2558,0.0,0.0,0.0
2025-08-11 00:00:00+02:00,5.517000198364258,5.538000106811523,5.506999969482422,5.5279998779296875,169211,0.0,0.0,0.0
2025-08-12 00:00:00+02:00,5.53000020980835,5.53000020980835,5.486999988555908,5.486999988555908,10640,0.0,0.0,0.0
2025-08-13 00:00:00+02:00,5.504000186920166,5.515999794006348,5.4710001945495605,5.4710001945495605,61977,0.0,0.0,0.0
2025-08-14 00:00:00+02:00,5.486000061035156,5.510000228881836,5.486000061035156,5.5,3394,0.0,0.0,0.0
2025-08-15 00:00:00+02:00,5.5320000648498535,5.5320000648498535,5.479000091552734,5.48799991607666,79961,0.0,0.0,0.0
2025-08-18 00:00:00+02:00,5.4730000495910645,5.508999824523926,5.4730000495910645,5.49399995803833,76134,0.0,0.0,0.0
2025-08-19 00:00:00+02:00,5.499000072479248,5.499000072479248,5.4670000076293945,5.474999904632568,16310,0.0,0.0,0.0
2025-08-20 00:00:00+02:00,5.454999923706055,5.46999979019165,5.433000087738037,5.46999979019165,39754,0.0,0.0,0.0
2025-08-21 00:00:00+02:00,5.482999801635742,5.493000030517578,5.461999893188477,5.493000030517578,18364,0.0,0.0,0.0
2025-08-22 00:00:00+02:00,5.479000091552734,5.513000011444092,5.479000091552734,5.491000175476074,6978,0.0,0.0,0.0
2025-08-25 00:00:00+02:00,5.460999965667725,5.474999904632568,5.452000141143799,5.466000080108643,132051,0.0,0.0,0.0
2025-08-26 00:00:00+02:00,5.451000213623047,5.459000110626221,5.440000057220459,5.459000110626221,53806,0.0,0.0,0.0
2025-08-27 00:00:00+02:00,5.492000102996826,5.49399995803833,5.474999904632568,5.479000091552734,22184,0.0,0.0,0.0
2025-08-28 00:00:00+02:00,5.47599983215332,5.48199987411499,5.456999778747559,5.46999979019165,52230,0.0,0.0,0.0
2025-08-29 00:00:00+02:00,5.461999893188477,5.46999979019165,5.414999961853027,5.414999961853027,22302,0.0,0.0,0.0
2025-09-01 00:00:00+02:00,5.428999900817871,5.440000057220459,5.421000003814697,5.440000057220459,34494,0.0,0.0,0.0
2025-09-02 00:00:00+02:00,5.413000106811523,5.423999786376953,5.375,5.375,72340,0.0,0.0,0.0
2025-09-03 00:00:00+02:00,5.385000228881836,5.406000137329102,5.38100004196167,5.394000053405762,28384,0.0,0.0,0.0
2025-09-04 00:00:00+02:00,5.408999919891357,5.445000171661377,5.408999919891357,5.440000057220459,146000,0.0,0.0,0.0
2025-09-05 00:00:00+02:00,5.440000057220459,5.453000068664551,5.36299991607666,5.380000114440918,45989,0.0,0.0,0.0
2025-09-08 00:00:00+02:00,5.427000045776367,5.454999923706055,5.421999931335449,5.454999923706055,9778,0.0,0.0,0.0
2025-09-09 00:00:00+02:00,5.455999851226807,5.4629998207092285,5.442999839782715,5.454999923706055,18692,0.0,0.0,0.0
2025-09-10 00:00:00+02:00,5.508999824523926,5.513999938964844,5.49399995803833,5.497000217437744,54891,0.0,0.0,0.0
2025-09-11 00:00:00+02:00,5.505000114440918,5.519000053405762,5.5,5.519000053405762,68049,0.0,0.0,0.0
2025-09-12 00:00:00+02:00,5.504000186920166,5.526000022888184,5.504000186920166,5.5229997634887695,13273,0.0,0.0,0.0
2025-09-15 00:00:00+02:00,5.526000022888184,5.526000022888184,5.507999897003174,5.513999938964844,19716,0.0,0.0,0.0
2025-09-16 00:00:00+02:00,5.499000072479248,5.499000072479248,5.436999797821045,5.436999797821045,248787,0.0,0.0,0.0
2025-09-17 00:00:00+02:00,5.421000003814697,5.442999839782715,5.421000003814697,5.429999828338623,41033,0.0,0.0,0.0
2025-09-18 00:00:00+02:00,5.4770002365112305,5.50600004196167,5.466000080108643,5.502999782562256,48640,0.0,0.0,0.0
2025-09-19 00:00:00+02:00,5.488999843597412,5.513999938964844,5.486999988555908,5.510000228881836,38249,0.0,0.0,0.0
2025-09-22 00:00:00+02:00,5.520999908447266,5.520999908447266,5.505000114440918,5.513999938964844,6185,0.0,0.0,0.0
2025-09-23 00:00:00+02:00,5.5320000648498535,5.544000148773193,5.5279998779296875,5.5279998779296875,20488,0.0,0.0,0.0
2025-09-24 00:00:00+02:00,5.531000137329102,5.543000221252441,5.5289998054504395,5.5370001792907715,158281,0.0,0.0,0.0
2025-09-25 00:00:00+02:00,5.505000114440918,5.526000022888184,5.492000102996826,5.526000022888184,25930,0.0,0.0,0.0
2025-09-26 00:00:00+02:00,5.534999847412109,5.563000202178955,5.526000022888184,5.551000118255615,23310,0.0,0.0,0.0
2025-09-29 00:00:00+02:00,5.574999809265137,5.5879998207092285,5.572999954223633,5.581999778747559,5854,0.0,0.0,0.0
2025-09-30 00:00:00+02:00,5.5879998207092285,5.6020002365112305,5.570000171661377,5.59499979019165,104718,0.0,0.0,0.0
2025-10-01 00:00:00+02:00,5.574999809265137,5.632999897003174,5.574999809265137,5.631999969482422,71040,0.0,0.0,0.0
2025-10-02 00:00:00+02:00,5.619999885559082,5.638000011444092,5.619999885559082,5.627999782562256,33309,0.0,0.0,0.0
2025-10-03 00:00:00+02:00,5.6519999504089355,5.6519999504089355,5.63100004196167,5.640999794006348,52792,0.0,0.0,0.0
2025-10-06 00:00:00+02:00,5.650000095367432,5.672999858856201,5.635000228881836,5.645999908447266,219147,0.0,0.0,0.0
2025-10-07 00:00:00+02:00,5.627999782562256,5.656000137329102,5.627999782562256,5.636000156402588,70346,0.0,0.0,0.0
2025-10-08 00:00:00+02:00,5.665999889373779,5.695000171661377,5.665999889373779,5.695000171661377,9887,0.0,0.0,0.0
2025-10-09 00:00:00+02:00,5.699999809265137,5.703000068664551,5.676000118255615,5.688000202178955,13523,0.0,0.0,0.0
2025-10-10 00:00:00+02:00,5.683000087738037,5.690000057220459,5.5920000076293945,5.5920000076293945,41284,0.0,0.0,0.0
2025-10-13 00:00:00+02:00,5.61899995803833,5.631999969482422,5.605000019073486,5.627999782562256,33194,0.0,0.0,0.0
2025-10-14 00:00:00+02:00,5.586999893188477,5.619999885559082,5.578000068664551,5.614999771118164,122653,0.0,0.0,0.0
2025-10-15 00:00:00+02:00,5.630000114440918,5.65500020980835,5.625999927520752,5.633999824523926,93982,0.0,0.0,0.0
2025-10-16 00:00:00+02:00,5.604000091552734,5.618000030517578,5.585000038146973,5.585000038146973,38029,0.0,0.0,0.0
2025-10-17 00:00:00+02:00,5.488999843597412,5.560999870300293,5.47599983215332,5.5269999504089355,33731,0.0,0.0,0.0
2025-10-20 00:00:00+02:00,5.583000183105469,5.618000030517578,5.583000183105469,5.611000061035156,84679,0.0,0.0,0.0
2025-10-21 00:00:00+02:00,5.618000030517578,5.636000156402588,5.614999771118164,5.627999782562256,34952,0.0,0.0,0.0
2025-10-22 00:00:00+02:00,5.640999794006348,5.640999794006348,5.589000225067139,5.589000225067139,31748,0.0,0.0,0.0
2025-10-23 00:00:00+02:00,5.625,5.625,5.593999862670898,5.619999885559082,45382,0.0,0.0,0.0
2025-10-27 00:00:00+01:00,5.696000099182129,5.696000099182129,5.677999973297119,5.686999797821045,48259,0.0,0.0,0.0
2025-10-28 00:00:00+01:00,5.676000118255615,5.697999954223633,5.670000076293945,5.697999954223633,226599,0.0,0.0,0.0
2025-10-29 00:00:00+01:00,5.7220001220703125,5.7220001220703125,5.689000129699707,5.699999809265137,172552,0.0,0.0,0.0
2025-10-30 00:00:00+01:00,5.698999881744385,5.741000175476074,5.684999942779541,5.734000205993652,84198,0.0,0.0,0.0
2025-10-31 00:00:00+01:00,5.71999979019165,5.7270002365112305,5.708000183105469,5.708000183105469,54307,0.0,0.0,0.0
2025-11-03 00:00:00+01:00,5.736999988555908,5.763999938964844,5.7230000495910645,5.734000205993652,167138,0.0,0.0,0.0
2025-11-04 00:00:00+01:00,5.685999870300293,5.715000152587891,5.6620001792907715,5.715000152587891,26678,0.0,0.0,0.0
2025-11-05 00:00:00+01:00,5.6620001792907715,5.730000019073486,5.6620001792907715,5.730000019073486,274179,0.0,0.0,0.0
2025-11-06 00:00:00+01:00,5.73799991607666,5.73799991607666,5.644000053405762,5.644000053405762,18799,0.0,0.0,0.0
2025-11-07 00:00:00+01:00,5.671000003814697,5.671000003814697,5.571000099182129,5.571000099182129,17229,0.0,0.0,0.0
2025-11-10 00:00:00+01:00,5.669000148773193,5.711999893188477,5.669000148773193,5.701000213623047,191593,0.0,0.0,0.0
2025-11-11 00:00:00+01:00,5.711999893188477,5.730000019073486,5.697000026702881,5.704999923706055,89625,0.0,0.0,0.0
2025-11-12 00:00:00+01:00,5.749000072479248,5.757999897003174,5.736999988555908,5.745999813079834,26144,0.0,0.0,0.0
2025-11-13 00:00:00+01:00,5.736999988555908,5.736999988555908,5.663000106811523,5.669000148773193,258661,0.0,0.0,0.0
2025-11-14 00:00:00+01:00,5.642000198364258,5.671999931335449,5.565999984741211,5.671999931335449,111468,0.0,0.0,0.0
2025-11-17 00:00:00+01:00,5.664000034332275,5.664000034332275,5.610000133514404,5.620999813079834,246587,0.0,0.0,0.0
2025-11-18 00:00:00+01:00,5.551000118255615,5.565999984741211,5.5229997634887695,5.548999786376953,102676,0.0,0.0,0.0
2025-11-19 00:00:00+01:00,5.519999980926514,5.576000213623047,5.519999980926514,5.538000106811523,56371,0.0,0.0,0.0
2025-11-20 00:00:00+01:00,5.623000144958496,5.639999866485596,5.581999778747559,5.581999778747559,16490,0.0,0.0,0.0
2025-11-21 00:00:00+01:00,5.492000102996826,5.519000053405762,5.478000164031982,5.51800012588501,67615,0.0,0.0,0.0
2025-11-24 00:00:00+01:00,5.559000015258789,5.622000217437744,5.514999866485596,5.622000217437744,20076,0.0,0.0,0.0
2025-11-25 00:00:00+01:00,5.578000068664551,5.578000068664551,5.495999813079834,5.552999973297119,100026,0.0,0.0,0.0
2025-11-26 00:00:00+01:00,5.622000217437744,5.665999889373779,5.61299991607666,5.665999889373779,82535,0.0,0.0,0.0
2025-11-27 00:00:00+01:00,5.677000045776367,5.682000160217285,5.669000148773193,5.677000045776367,258231,0.0,0.0,0.0
2025-11-28 00:00:00+01:00,5.693999767303467,5.704999923706055,5.676000118255615,5.690000057220459,17551,0.0,0.0,0.0
2025-12-01 00:00:00+01:00,5.656000137329102,5.659999847412109,5.61899995803833,5.644000053405762,71573,0.0,0.0,0.0
2025-12-02 00:00:00+01:00,5.629000186920166,5.691999912261963,5.629000186920166,5.664999961853027,23354,0.0,0.0,0.0
2025-12-03 00:00:00+01:00,5.659999847412109,5.671000003814697,5.618000030517578,5.64300012588501,40150,0.0,0.0,0.0
2025-12-04 00:00:00+01:00,5.678999900817871,5.696000099182129,5.6529998779296875,5.696000099182129,84681,0.0,0.0,0.0
2025-12-05 00:00:00+01:00,5.716000080108643,5.7230000495910645,5.696000099182129,5.696000099182129,45205,0.0,0.0,0.0
2025-12-08 00:00:00+01:00,5.728000164031982,5.74399995803833,5.715000152587891,5.736999988555908,26903,0.0,0.0,0.0
2025-12-09 00:00:00+01:00,5.760000228881836,5.760000228881836,5.7270002365112305,5.75600004196167,18297,0.0,0.0,0.0
2025-12-10 00:00:00+01:00,5.743000030517578,5.757999897003174,5.728000164031982,5.757999897003174,10003,0.0,0.0,0.0
2025-12-11 00:00:00+01:00,5.709000110626221,5.757999897003174,5.709000110626221,5.732999801635742,21250,0.0,0.0,0.0
2025-12-12 00:00:00+01:00,5.7769999504089355,5.7789998054504395,5.632999897003174,5.635000228881836,8633,0.0,0.0,0.0
2025-12-15 00:00:00+01:00,5.677999973297119,5.689000129699707,5.6570000648498535,5.6570000648498535,714933,0.0,0.0,0.0
2025-12-16 00:00:00+01:00,5.598999977111816,5.61899995803833,5.5929999351501465,5.5980000495910645,28167,0.0,0.0,0.0
2025-12-17 00:00:00+01:00,5.618000030517578,5.64900016784668,5.5229997634887695,5.5229997634887695,27018,0.0,0.0,0.0
2025-12-18 00:00:00+01:00,5.546000003814697,5.617000102996826,5.543000221252441,5.617000102996826,25938,0.0,0.0,0.0
2025-12-19 00:00:00+01:00,5.624000072479248,5.684999942779541,5.611999988555908,5.684999942779541,247190,0.0,0.0,0.0
2025-12-23 00:00:00+01:00,5.7210001945495605,5.7270002365112305,5.697000026702881,5.724999904632568,4049,0.0,0.0,0.0
2026-02-09 00:00:00+01:00,6.116000175476074,6.175000190734863,6.068999767303467,6.175000190734863,19463,0.0,0.0,0.0
2026-02-10 00:00:00+01:00,6.184000015258789,6.202000141143799,6.171999931335449,6.171999931335449,15416,0.0,0.0,0.0
2026-02-11 00:00:00+01:00,6.166999816894531,6.250999927520752,6.150000095367432,6.201000213623047,86537,0.0,0.0,0.0
2026-02-12 00:00:00+01:00,6.22599983215332,6.238999843597412,6.138000011444092,6.139999866485596,215559,0.0,0.0,0.0
2026-02-13 00:00:00+01:00,6.085999965667725,6.119999885559082,6.041999816894531,6.119999885559082,29681,0.0,0.0,0.0
2026-02-16 00:00:00+01:00,6.107999801635742,6.130000114440918,6.091000080108643,6.091000080108643,110858,0.0,0.0,0.0
2026-02-17 00:00:00+01:00,6.105000019073486,6.105999946594238,6.065000057220459,6.105999946594238,63421,0.0,0.0,0.0
2026-02-18 00:00:00+01:00,6.133999824523926,6.208000183105469,6.133999824523926,6.208000183105469,74993,0.0,0.0,0.0
2026-02-19 00:00:00+01:00,6.182000160217285,6.182000160217285,6.13100004196167,6.170000076293945,35827,0.0,0.0,0.0
2026-02-20 00:00:00+01:00,6.197999954223633,6.2210001945495605,6.159999847412109,6.2210001945495605,10174,0.0,0.0,0.0
2026-02-23 00:00:00+01:00,6.189000129699707,6.2210001945495605,6.165999889373779,6.191999912261963,45040,0.0,0.0,0.0
2026-02-24 00:00:00+01:00,6.171000003814697,6.2210001945495605,6.144000053405762,6.211999893188477,58119,0.0,0.0,0.0
2026-02-25 00:00:00+01:00,6.242000102996826,6.304999828338623,6.235000133514404,6.304999828338623,56258,0.0,0.0,0.0
2026-02-26 00:00:00+01:00,6.294000148773193,6.295000076293945,6.171999931335449,6.23199987411499,22469,0.0,0.0,0.0
2026-02-27 00:00:00+01:00,6.230000019073486,6.24399995803833,6.177999973297119,6.196000099182129,43814,0.0,0.0,0.0
2026-03-02 00:00:00+01:00,6.090000152587891,6.159999847412109,6.085999965667725,6.13700008392334,74047,0.0,0.0,0.0
2026-03-03 00:00:00+01:00,6.074999809265137,6.074999809265137,5.9720001220703125,6.002999782562256,87218,0.0,0.0,0.0
2026-03-04 00:00:00+01:00,6.002999782562256,6.127999782562256,6.002999782562256,6.109000205993652,267577,0.0,0.0,0.0
2026-03-05 00:00:00+01:00,6.104000091552734,6.140999794006348,6.020999908447266,6.020999908447266,21038,0.0,0.0,0.0
2026-03-09 00:00:00+01:00,5.785999774932861,5.894000053405762,5.785999774932861,5.894000053405762,72164,0.0,0.0,0.0
2026-03-10 00:00:00+01:00,6.035999774932861,6.076000213623047,5.994999885559082,6.076000213623047,52416,0.0,0.0,0.0
2026-03-11 00:00:00+01:00,6.038000106811523,6.051000118255615,6.011000156402588,6.043000221252441,23927,0.0,0.0,0.0
2026-03-12 00:00:00+01:00,6.019000053405762,6.025000095367432,5.951000213623047,5.986999988555908,16989,0.0,0.0,0.0
2026-03-13 00:00:00+01:00,5.946000099182129,6.039999961853027,5.940000057220459,5.953999996185303,69934,0.0,0.0,0.0
2026-03-16 00:00:00+01:00,5.999000072479248,6.026000022888184,5.954999923706055,6.007999897003174,87805,0.0,0.0,0.0
2026-03-17 00:00:00+01:00,5.973999977111816,6.045000076293945,5.9710001945495605,6.026000022888184,40541,0.0,0.0,0.0
2026-03-18 00:00:00+01:00,6.090000152587891,6.10099983215332,6.020999908447266,6.033999919891357,13235,0.0,0.0,0.0
2026-03-19 00:00:00+01:00,5.9679999351501465,5.9679999351501465,5.859000205993652,5.910999774932861,80517,0.0,0.0,0.0
2026-03-20 00:00:00+01:00,5.960999965667725,5.968999862670898,5.826000213623047,5.826000213623047,46652,0.0,0.0,0.0
2026-03-23 00:00:00+01:00,5.714000225067139,5.945000171661377,5.709000110626221,5.869999885559082,38151,0.0,0.0,0.0
2026-03-24 00:00:00+01:00,5.88100004196167,5.9079999923706055,5.818999767303467,5.883999824523926,43631,0.0,0.0,0.0
2026-03-25 00:00:00+01:00,5.9710001945495605,5.989999771118164,5.949999809265137,5.978000164031982,21158,0.0,0.0,0.0
2026-03-26 00:00:00+01:00,5.929999828338623,5.929999828338623,5.814000129699707,5.814000129699707,218624,0.0,0.0,0.0
2026-03-27 00:00:00+01:00,5.796999931335449,5.801000118255615,5.7179999351501465,5.7210001945495605,62593,0.0,0.0,0.0
2026-03-30 00:00:00+02:00,5.7170000076293945,5.764999866485596,5.681000232696533,5.7179999351501465,34013,0.0,0.0,0.0
2026-03-31 00:00:00+02:00,5.677000045776367,5.751999855041504,5.677000045776367,5.7129998207092285,4661875,0.0,0.0,0.0
2026-04-01 00:00:00+02:00,5.90500020980835,5.9720001220703125,5.876999855041504,5.9720001220703125,93752,0.0,0.0,0.0
2026-04-02 00:00:00+02:00,5.85699987411499,5.956999778747559,5.817999839782715,5.956999778747559,54015,0.0,0.0,0.0
2026-04-07 00:00:00+02:00,5.960999965667725,6.01800012588501,5.890999794006348,5.915999889373779,149301,0.0,0.0,0.0
2026-04-08 00:00:00+02:00,6.201000213623047,6.229000091552734,6.176000118255615,6.195000171661377,106047,0.0,0.0,0.0
2026-04-09 00:00:00+02:00,6.190999984741211,6.210999965667725,6.163000106811523,6.210999965667725,139633,0.0,0.0,0.0
2026-04-10 00:00:00+02:00,6.245999813079834,6.285999774932861,6.243000030517578,6.285999774932861,42307,0.0,0.0,0.0
2026-04-13 00:00:00+02:00,6.236000061035156,6.276000022888184,6.2170000076293945,6.267000198364258,29326,0.0,0.0,0.0
2026-04-14 00:00:00+02:00,6.334000110626221,6.390999794006348,6.328999996185303,6.390999794006348,36443,0.0,0.0,0.0
2026-04-15 00:00:00+02:00,6.408999919891357,6.408999919891357,6.38700008392334,6.388000011444092,136283,0.0,0.0,0.0
2026-04-16 00:00:00+02:00,6.447000026702881,6.447000026702881,6.39300012588501,6.420000076293945,53733,0.0,0.0,0.0
2026-04-17 00:00:00+02:00,6.431000232696533,6.539999961853027,6.423999786376953,6.531000137329102,44441,0.0,0.0,0.0
2026-04-20 00:00:00+02:00,6.480999946594238,6.511000156402588,6.474999904632568,6.505000114440918,34970,0.0,0.0,0.0
2026-04-21 00:00:00+02:00,6.5279998779296875,6.552999973297119,6.486999988555908,6.486999988555908,59946,0.0,0.0,0.0
2026-04-22 00:00:00+02:00,6.557000160217285,6.568999767303467,6.53000020980835,6.550000190734863,1953058,0.0,0.0,0.0
2026-04-23 00:00:00+02:00,6.538000106811523,6.598999977111816,6.514999866485596,6.598999977111816,33479,0.0,0.0,0.0
2026-04-24 00:00:00+02:00,6.584000110626221,6.619999885559082,6.557000160217285,6.5929999351501465,66404,0.0,0.0,0.0
2026-04-27 00:00:00+02:00,6.591000080108643,6.61299991607666,6.5279998779296875,6.559000015258789,163413,0.0,0.0,0.0
2026-04-28 00:00:00+02:00,6.580999851226807,6.585999965667725,6.454999923706055,6.461999893188477,151228,0.0,0.0,0.0
2026-04-29 00:00:00+02:00,6.545000076293945,6.552000045776367,6.497000217437744,6.498000144958496,91675,0.0,0.0,0.0
2026-04-30 00:00:00+02:00,6.488999843597412,6.577000141143799,6.488999843597412,6.577000141143799,66124,0.0,0.0,0.0
2026-05-04 00:00:00+02:00,6.656000137329102,6.656000137329102,6.581999778747559,6.598999977111816,81007,0.0,0.0,0.0
2026-05-05 00:00:00+02:00,6.63100004196167,6.716000080108643,6.63100004196167,6.711999893188477,37687,0.0,0.0,0.0
2026-05-06 00:00:00+02:00,6.724999904632568,6.815999984741211,6.724999904632568,6.808000087738037,87128,0.0,0.0,0.0
2026-05-07 00:00:00+02:00,6.8379998207092285,6.841000080108643,6.743000030517578,6.743000030517578,196115,0.0,0.0,0.0
2026-05-08 00:00:00+02:00,6.73799991607666,6.776000022888184,6.736999988555908,6.757999897003174,28988,0.0,0.0,0.0
2026-05-11 00:00:00+02:00,6.763000011444092,6.8480000495910645,6.754000186920166,6.8480000495910645,94086,0.0,0.0,0.0
2026-05-12 00:00:00+02:00,6.828000068664551,6.85099983215332,6.763999938964844,6.7769999504089355,62871,0.0,0.0,0.0
2026-05-13 00:00:00+02:00,6.892000198364258,6.921000003814697,6.868000030517578,6.90500020980835,38218,0.0,0.0,0.0
2026-05-14 00:00:00+02:00,6.933000087738037,6.97599983215332,6.927999973297119,6.97599983215332,54307,0.0,0.0,0.0
2026-05-15 00:00:00+02:00,6.953000068664551,6.953000068664551,6.855000019073486,6.894999980926514,66970,0.0,0.0,0.0
2026-05-18 00:00:00+02:00,6.828999996185303,6.892000198364258,6.770999908447266,6.770999908447266,26065,0.0,0.0,0.0
2026-05-19 00:00:00+02:00,6.78000020980835,6.802000045776367,6.714000225067139,6.739999771118164,34740,0.0,0.0,0.0
2026-05-20 00:00:00+02:00,6.7769999504089355,6.86899995803833,6.7769999504089355,6.859000205993652,21934,0.0,0.0,0.0
2026-05-21 00:00:00+02:00,6.831999778747559,6.9039998054504395,6.821000099182129,6.88100004196167,76106,0.0,0.0,0.0
2026-05-22 00:00:00+02:00,6.940000057220459,6.9770002365112305,6.928999900817871,6.974999904632568,143202,0.0,0.0,0.0
2026-05-25 00:00:00+02:00,7.0289998054504395,7.045000076293945,7.006999969482422,7.0289998054504395,18003,0.0,0.0,0.0
2026-05-26 00:00:00+02:00,7.008999824523926,7.056000232696533,6.994999885559082,7.046000003814697,59432,0.0,0.0,0.0
2026-05-27 00:00:00+02:00,7.046000003814697,7.077000141143799,6.989999771118164,6.989999771118164,25011,0.0,0.0,0.0
2026-05-28 00:00:00+02:00,7.001999855041504,7.005000114440918,6.9670000076293945,7.005000114440918,229703,0.0,0.0,0.0
2026-05-29 00:00:00+02:00,6.988999843597412,7.005000114440918,6.939000129699707,6.940000057220459,68661,0.0,0.0,0.0
2026-06-01 00:00:00+02:00,6.980999946594238,7.0,6.921000003814697,6.939000129699707,50433,0.0,0.0,0.0
2026-06-02 00:00:00+02:00,6.948999881744385,7.019999980926514,6.941999912261963,7.014999866485596,37185,0.0,0.0,0.0
2026-06-03 00:00:00+02:00,7.041999816894531,7.091000080108643,7.041999816894531,7.065999984741211,45192,0.0,0.0,0.0
2026-06-04 00:00:00+02:00,7.038000106811523,7.053999900817871,6.978000164031982,7.03000020980835,35194,0.0,0.0,0.0
2026-06-05 00:00:00+02:00,7.004000186920166,7.013000011444092,6.953999996185303,6.992000102996826,40376,0.0,0.0,0.0
2026-06-08 00:00:00+02:00,6.9019999504089355,6.974999904632568,6.889999866485596,6.9629998207092285,70140,0.0,0.0,0.0
2026-06-09 00:00:00+02:00,6.979000091552734,6.979000091552734,6.817999839782715,6.827000141143799,22957,0.0,0.0,0.0
2026-06-10 00:00:00+02:00,6.848999977111816,6.882999897003174,6.785999774932861,6.7870001792907715,66527,0.0,0.0,0.0
2026-06-11 00:00:00+02:00,6.806000232696533,6.890999794006348,6.806000232696533,6.867000102996826,93442,0.0,0.0,0.0
2026-06-12 00:00:00+02:00,6.925000190734863,7.048999786376953,6.925000190734863,7.048999786376953,19147,0.0,0.0,0.0
2026-06-15 00:00:00+02:00,7.114999771118164,7.125,7.1020002365112305,7.116000175476074,37669,0.0,0.0,0.0
2026-06-16 00:00:00+02:00,7.164999961853027,7.184000015258789,7.136000156402588,7.136000156402588,53358,0.0,0.0,0.0
2026-06-17 00:00:00+02:00,7.136000156402588,7.159999847412109,7.119999885559082,7.159999847412109,23330,0.0,0.0,0.0
2026-06-18 00:00:00+02:00,7.230000019073486,7.291999816894531,7.215000152587891,7.265999794006348,3797441,0.0,0.0,0.0
2026-06-19 00:00:00+02:00,7.2769999504089355,7.283999919891357,7.249000072479248,7.276000022888184,78244,0.0,0.0,0.0
2026-06-22 00:00:00+02:00,7.320000171661377,7.370999813079834,7.297999858856201,7.333000183105469,113775,0.0,0.0,0.0
2026-06-23 00:00:00+02:00,7.230999946594238,7.248000144958496,7.159999847412109,7.206999778747559,271687,0.0,0.0,0.0
2026-06-24 00:00:00+02:00,7.2230000495910645,7.257999897003174,7.190000057220459,7.248000144958496,84933,0.0,0.0,0.0
2026-06-25 00:00:00+02:00,7.301000118255615,7.327000141143799,7.249000072479248,7.275000095367432,31036,0.0,0.0,0.0
2026-06-26 00:00:00+02:00,7.257999897003174,7.257999897003174,7.124000072479248,7.164999961853027,48774,0.0,0.0,0.0
2026-06-29 00:00:00+02:00,7.144000053405762,7.176000118255615,7.124000072479248,7.176000118255615,36400,0.0,0.0,0.0
2026-06-30 00:00:00+02:00,7.264999866485596,7.302999973297119,7.251999855041504,7.28000020980835,10559,0.0,0.0,0.0
2026-07-01 00:00:00+02:00,7.27400016784668,7.283999919891357,7.166999816894531,7.215000152587891,33541,0.0,0.0,0.0
2026-07-02 00:00:00+02:00,7.124000072479248,7.197000026702881,7.0879998207092285,7.110000133514404,95877,0.0,0.0,0.0
2026-07-03 00:00:00+02:00,7.110000133514404,7.132999897003174,7.085999965667725,7.110000133514404,43818,0.0,0.0,0.0
2026-07-06 00:00:00+02:00,7.139999866485596,7.166999816894531,7.119999885559082,7.1519999504089355,44641,0.0,0.0,0.0
2026-07-07 00:00:00+02:00,7.10699987411499,7.10699987411499,6.98199987411499,7.000999927520752,57937,0.0,0.0,0.0
2026-07-08 00:00:00+02:00,7.004000186920166,7.051000118255615,6.940000057220459,7.01200008392334,55990,0.0,0.0,0.0
2026-07-09 00:00:00+02:00,7.081999778747559,7.1570000648498535,7.081999778747559,7.132999897003174,85542,0.0,0.0,0.0
2026-07-10 00:00:00+02:00,7.124000072479248,7.135000228881836,7.0970001220703125,7.123000144958496,147580,0.0,0.0,0.0
2026-07-13 00:00:00+02:00,7.089000225067139,7.11299991607666,7.072000026702881,7.105999946594238,80384,0.0,0.0,0.0
2026-07-14 00:00:00+02:00,7.10099983215332,7.172999858856201,7.091000080108643,7.144999980926514,247026,0.0,0.0,0.0
2026-07-15 00:00:00+02:00,7.184999942779541,7.184999942779541,7.073999881744385,7.086999893188477,63634,0.0,0.0,0.0
2026-07-16 00:00:00+02:00,7.085999965667725,7.085999965667725,6.997000217437744,7.01800012588501,55295,0.0,0.0,0.0
2026-07-17 00:00:00+02:00,6.880000114440918,6.948999881744385,6.857999801635742,6.948999881744385,88322,0.0,0.0,0.0
2026-07-20 00:00:00+02:00,6.966000080108643,7.034999847412109,6.948999881744385,6.994999885559082,45385,0.0,0.0,0.0
2026-07-21 00:00:00+02:00,7.0370001792907715,7.074999809265137,7.020999908447266,7.074999809265137,76160,0.0,0.0,0.0
2026-07-22 00:00:00+02:00,7.056000232696533,7.11899995803833,7.040999889373779,7.11899995803833,35126,0.0,0.0,0.0
2026-07-23 00:00:00+02:00,7.074999809265137,7.093999862670898,7.0289998054504395,7.061999797821045,59871,0.0,0.0,0.0
2026-07-24 00:00:00+02:00,7.046999931335449,7.068999767303467,7.017000198364258,7.046000003814697,56338,0.0,0.0,0.0
2026-07-27 00:00:00+02:00,7.058000087738037,7.070000171661377,6.913000106811523,6.913000106811523,291620,0.0,0.0,0.0
2026-07-28 00:00:00+02:00,6.9120001792907715,6.923999786376953,6.815000057220459,6.833000183105469,54304,0.0,0.0,0.0
2026-07-29 00:00:00+02:00,6.861000061035156,6.892000198364258,6.78000020980835,6.789999961853027,44034,0.0,0.0,0.0
2026-07-30 00:00:00+02:00,6.735000133514404,6.888000011444092,6.711999893188477,6.866000175476074,79029,0.0,0.0,0.0
2026-07-31 00:00:00+02:00,6.940999984741211,7.013000011444092,6.90500020980835,6.938000202178955,49551,0.0,0.0,0.0
2026-08-03 00:00:00+02:00,6.9720001220703125,6.9720001220703125,6.889999866485596,6.9629998207092285,65163,0.0,0.0,0.0
2026-08-04 00:00:00+02:00,7.017000198364258,7.1020002365112305,7.007999897003174,7.074999809265137,194013,0.0,0.0,0.0
2026-08-05 00:00:00+02:00,7.144999980926514,7.146999835968018,7.09499979019165,7.10699987411499,85707,0.0,0.0,0.0
2026-08-06 00:00:00+02:00,7.047999858856201,7.0929999351501465,7.0289998054504395,7.067999839782715,48682,0.0,0.0,0.0
2026-08-07 00:00:00+02:00,7.078999996185303,7.091000080108643,7.0,7.043000221252441,130078,0.0,0.0,0.0
2026-08-10 00:00:00+02:00,7.072000026702881,7.072000026702881,7.0320000648498535,7.035999774932861,61457,0.0,0.0,0.0
2026-08-11 00:00:00+02:00,7.043000221252441,7.066999912261963,7.035999774932861,7.038000106811523,61260,0.0,0.0,0.0
2026-08-12 00:00:00+02:00,7.063000202178955,7.129000186920166,7.053999900817871,7.124000072479248,37975,0.0,0.0,0.0
2026-08-13 00:00:00+02:00,7.144000053405762,7.177000045776367,7.122000217437744,7.163000106811523,173531,0.0,0.0,0.0
2026-08-14 00:00:00+02:00,7.142000198364258,7.163000106811523,7.130000114440918,7.144000053405762,50773,0.0,0.0,0.0
2026-08-17 00:00:00+02:00,7.199999809265137,7.232999801635742,7.176000118255615,7.232999801635742,52530,0.0,0.0,0.0
2026-08-18 00:00:00+02:00,7.178999900817871,7.178999900817871,7.068999767303467,7.079999923706055,50901,0.0,0.0,0.0
2026-08-19 00:00:00+02:00,7.047999858856201,7.0960001945495605,6.986999988555908,6.989999771118164,154216,0.0,0.0,0.0
2026-08-20 00:00:00+02:00,6.980999946594238,6.980999946594238,6.901000022888184,6.913000106811523,297398,0.0,0.0,0.0
2026-08-21 00:00:00+02:00,6.923999786376953,6.947999954223633,6.9079999923706055,6.918000221252441,34583,0.0,0.0,0.0
2026-08-24 00:00:00+02:00,6.88700008392334,6.896999835968018,6.829999923706055,6.855999946594238,14190,0.0,0.0,0.0
2026-08-25 00:00:00+02:00,6.908999919891357,6.935999870300293,6.89900016784668,6.9070000648498535,62860,0.0,0.0,0.0
2026-08-26 00:00:00+02:00,6.915999889373779,6.931000232696533,6.901000022888184,6.929999828338623,71238,0.0,0.0,0.0
2026-08-27 00:00:00+02:00,6.965000152587891,6.99399995803833,6.910999774932861,6.921999931335449,26252,0.0,0.0,0.0
2026-08-28 00:00:00+02:00,6.947999954223633,6.960000038146973,6.939000129699707,6.960000038146973,59029,0.0,0.0,0.0
2026-08-31 00:00:00+02:00,6.935999870300293,6.935999870300293,6.867000102996826,6.867000102996826,39288,0.0,0.0,0.0
2026-09-01 00:00:00+02:00,6.928999900817871,6.928999900817871,6.854000091552734,6.872000217437744,48262,0.0,0.0,0.0
2026-09-02 00:00:00+02:00,6.869999885559082,6.873000144958496,6.841000080108643,6.867000102996826,107904,0.0,0.0,0.0
2026-09-03 00:00:00+02:00,6.88700008392334,6.952000141143799,6.880000114440918,6.941999912261963,41756,0.0,0.0,0.0
2026-09-04 00:00:00+02:00,6.953000068664551,6.980000019073486,6.949999809265137,6.961999893188477,80933,0.0,0.0,0.0
2026-09-07 00:00:00+02:00,6.968999862670898,6.989999771118164,6.9679999351501465,6.9770002365112305,36582,0.0,0.0,0.0
2026-09-08 00:00:00+02:00,6.954999923706055,6.968999862670898,6.928999900817871,6.968999862670898,39702,0.0,0.0,0.0
2026-09-09 00:00:00+02:00,6.960000038146973,6.9710001945495605,6.9079999923706055,6.923999786376953,44720,0.0,0.0,0.0
2026-09-10 00:00:00+02:00,6.935999870300293,6.938000202178955,6.877999782562256,6.888999938964844,29407,0.0,0.0,0.0
2026-09-11 00:00:00+02:00,6.919000148773193,6.956999778747559,6.9079999923706055,6.947999954223633,44697,0.0,0.0,0.0
2026-09-14 00:00:00+02:00,6.914999961853027,6.935999870300293,6.890999794006348,6.914000034332275,68713,0.0,0.0,0.0
2026-09-15 00:00:00+02:00,6.9029998779296875,6.914000034332275,6.873000144958496,6.88700008392334,66867,0.0,0.0,0.0
2026-09-16 00:00:00+02:00,6.921999931335449,6.960000038146973,6.918000221252441,6.954999923706055,111731,0.0,0.0,0.0
2026-09-17 00:00:00+02:00,6.989999771118164,7.0269999504089355,6.984000205993652,7.0269999504089355,72807,0.0,0.0,0.0
2026-09-18 00:00:00+02:00,7.046000003814697,7.047999858856201,7.008999824523926,7.047999858856201,89468,0.0,0.0,0.0
2026-09-21 00:00:00+02:00,7.086999893188477,7.116000175476074,7.078999996185303,7.116000175476074,33203,0.0,0.0,0.0
2026-09-22 00:00:00+02:00,7.142000198364258,7.142000198364258,7.113999843597412,7.114999771118164,46170,0.0,0.0,0.0
2026-09-23 00:00:00+02:00,7.150000095367432,7.150000095367432,7.126999855041504,7.127999782562256,27908,0.0,0.0,0.0
2026-09-24 00:00:00+02:00,7.086999893188477,7.116000175476074,7.072999954223633,7.09499979019165,7535,0.0,0.0,0.0
2026-09-25 00:00:00+02:00,7.160999774932861,7.160999774932861,7.111000061035156,7.144999980926514,17722,0.0,0.0,0.0
2026-09-28 00:00:00+02:00,7.139999866485596,7.14900016784668,7.118000030517578,7.118000030517578,67335,0.0,0.0,0.0
2026-09-29 00:00:00+02:00,7.1539998054504395,7.168000221252441,7.119999885559082,7.119999885559082,64077,0.0,0.0,0.0
2026-09-30 00:00:00+02:00,7.1479997634887695,7.163000106811523,7.125,7.158999919891357,20959,0.0,0.0,0.0
2026-10-01 00:00:00+02:00,7.169000148773193,7.176000118255615,7.098999977111816,7.146999835968018,122547,0.0,0.0,0.0
2026-10-02 00:00:00+02:00,7.210000038146973,7.245999813079834,7.208000183105469,7.210999965667725,27689,0.0,0.0,0.0
