Date,Open,High,Low,Close,Volume,Dividends,Stock Splits,Capital Gains
2021-09-29 00:00:00-04:00,96.013798526475,96.013798526475,95.666015625,95.666015625,400,0.0,0.0,0.0
2021-09-30 00:00:00-04:00,94.9530383096576,95.35298621787574,94.57047655683793,94.84870147705078,1400,0.0,0.0,0.0
2021-10-01 00:00:00-04:00,95.56167602539062,95.56167602539062,95.56167602539062,95.56167602539062,500,0.0,0.0,0.0
2021-10-04 00:00:00-04:00,95.51818732795655,95.51818732795655,94.95304107666016,94.95304107666016,1100,0.0,0.0,0.0
2021-10-05 00:00:00-04:00,95.52689721899934,96.27462806326643,95.42256036861097,95.96162414550781,2000,0.0,0.0,0.0
2021-10-06 00:00:00-04:00,94.84872376889352,95.70948791503906,94.8139514499242,95.70948791503906,2700,0.0,0.0,0.0
2021-10-07 00:00:00-04:00,96.85716764678878,96.95280810829807,96.43113708496094,96.43113708496094,600,0.0,0.0,0.0
2021-10-08 00:00:00-04:00,96.8136609336524,96.82235732735602,96.66585540771484,96.66585540771484,1400,0.0,0.0,0.0
2021-10-11 00:00:00-04:00,97.33533446573867,97.33533446573867,96.37893676757812,96.37893676757812,800,0.0,0.0,0.0
2021-10-12 00:00:00-04:00,96.46590462096414,96.47460101705386,96.15290069580078,96.15290069580078,1100,0.0,0.0,0.0
2021-10-13 00:00:00-04:00,96.32677332487995,96.47457885742188,96.32677332487995,96.47457885742188,700,0.0,0.0,0.0
2021-10-14 00:00:00-04:00,97.50054931640625,97.50054931640625,97.50054931640625,97.50054931640625,600,0.0,0.0,0.0
2021-10-15 00:00:00-04:00,98.21349194706279,98.35260772705078,97.96134957088867,98.35260772705078,1400,0.0,0.0,0.0
2021-10-18 00:00:00-04:00,97.99613189697266,97.99613189697266,97.99613189697266,97.99613189697266,200,0.0,0.0,0.0
2021-10-19 00:00:00-04:00,98.34392528810133,98.50042724609375,98.34392528810133,98.50042724609375,600,0.0,0.0,0.0
2021-10-20 00:00:00-04:00,98.68300937879648,99.26554185095337,98.68300937879648,99.03079223632812,5300,0.0,0.0,0.0
2021-10-21 00:00:00-04:00,98.58737424615775,98.58737424615775,98.3004528757086,98.4482650756836,900,0.0,0.0,0.0
2021-10-22 00:00:00-04:00,98.65691445685003,98.65691445685003,98.58735656738281,98.58735656738281,700,0.0,0.0,0.0
2021-10-25 00:00:00-04:00,98.75257273885468,98.88299214681815,98.62215333089121,98.84821319580078,1200,0.0,0.0,0.0
2021-10-26 00:00:00-04:00,99.36116753167701,99.36116753167701,99.11772155761719,99.11772155761719,2900,0.0,0.0,0.0
2021-10-27 00:00:00-04:00,98.59604633490886,98.69168676814655,98.20478820800781,98.20478820800781,1400,0.0,0.0,0.0
2021-10-28 00:00:00-04:00,98.83950805664062,98.83950805664062,98.83950805664062,98.83950805664062,300,0.0,0.0,0.0
2021-10-29 00:00:00-04:00,98.50910742856044,98.50910742856044,98.33521270751953,98.33521270751953,600,0.0,0.0,0.0
2021-11-01 00:00:00-04:00,98.91773595623626,99.37855194935376,98.91773595623626,99.35246276855469,1100,0.0,0.0,0.0
2021-11-02 00:00:00-04:00,99.10033540235804,99.41333263085976,98.74385620219523,99.11772155761719,4200,0.0,0.0,0.0
2021-11-03 00:00:00-04:00,99.2568285585665,99.74372046364273,99.2568285585665,99.65677642822266,7700,0.0,0.0,0.0
2021-11-04 00:00:00-04:00,99.11773592479899,99.34379577636719,99.11773592479899,99.34379577636719,900,0.0,0.0,0.0
2021-11-05 00:00:00-04:00,99.90894400360904,99.91763376596212,98.99601481765096,99.84807586669922,11900,0.0,0.0,0.0
2021-11-08 00:00:00-05:00,100.1610529288471,100.482753151642,99.92630337352432,100.11758422851562,13100,0.0,0.0,0.0
2021-11-09 00:00:00-05:00,99.67417960695586,99.76112365722656,99.64809705521523,99.76112365722656,1200,0.0,0.0,0.0
2021-11-10 00:00:00-05:00,99.72635308479946,99.72635308479946,98.98731864533045,99.13512420654297,1700,0.0,0.0,0.0
2021-11-11 00:00:00-05:00,99.36117776618468,99.48290076575243,99.36117776618468,99.37857055664062,1400,0.0,0.0,0.0
2021-11-12 00:00:00-05:00,99.2046622397704,99.49158354236543,99.2046622397704,99.47419738769531,4800,0.0,0.0,0.0
2021-11-15 00:00:00-05:00,99.75242005816408,99.75242005816408,99.45680236816406,99.45680236816406,5400,0.0,0.0,0.0
2021-11-16 00:00:00-05:00,99.37856491156127,99.39595106762366,99.16120147705078,99.16120147705078,2900,0.0,0.0,0.0
2021-11-17 00:00:00-05:00,98.99600765403632,98.99600765403632,98.62214226431009,98.81342315673828,13700,0.0,0.0,0.0
2021-11-18 00:00:00-05:00,98.70038915459749,98.70038915459749,98.1265531151703,98.4917221069336,5200,0.0,0.0,0.0
2021-11-19 00:00:00-05:00,97.66574825200415,97.74399591101556,97.42230224609375,97.42230224609375,2500,0.0,0.0,0.0
2021-11-22 00:00:00-05:00,97.39620666574626,97.94396677649104,97.39620666574626,97.43968200683594,8300,0.0,0.0,0.0
2021-11-23 00:00:00-05:00,97.99612859822662,97.99612859822662,97.45706490042843,97.80484771728516,32800,0.0,0.0,0.0
2021-11-24 00:00:00-05:00,97.16145836546427,97.84832763671875,96.48328548922476,97.84832763671875,7500,0.0,0.0,0.0
2021-11-26 00:00:00-05:00,94.99651443780421,95.18779531580384,94.90957039327859,95.17040252685547,1700,0.0,0.0,0.0
2021-11-29 00:00:00-05:00,95.57033831118835,95.63119979797393,95.19647299710418,95.51817321777344,4600,0.0,0.0,0.0
2021-11-30 00:00:00-05:00,95.1356247396893,95.1356247396893,94.04011782520982,94.07489013671875,2000,0.0,0.0,0.0
2021-12-01 00:00:00-05:00,95.561675217464,95.82250739072767,93.72712707519531,93.72712707519531,3400,0.0,0.0,0.0
2021-12-02 00:00:00-05:00,95.08345362883453,95.31820320041159,94.98781319471665,95.27473449707031,2600,0.0,0.0,0.0
2021-12-03 00:00:00-05:00,94.8747988777767,94.8747988777767,93.99664870247356,94.77046203613281,5100,0.0,0.0,0.0
2021-12-06 00:00:00-05:00,95.66599096699179,96.31808125165281,95.66599096699179,96.2833023071289,1400,0.0,0.0,0.0
2021-12-07 00:00:00-05:00,97.27450571363818,97.80487315476852,97.27450571363818,97.67445373535156,1500,0.0,0.0,0.0
2021-12-08 00:00:00-05:00,97.77008026396831,97.93527861390858,97.70921876137025,97.91789245605469,1800,0.0,0.0,0.0
2021-12-09 00:00:00-05:00,97.37013649885724,97.37013649885724,97.32666778564453,97.32666778564453,1100,0.0,0.0,0.0
2021-12-10 00:00:00-05:00,97.34403999345751,97.73529815673828,97.34403999345751,97.73529815673828,3800,0.0,0.0,0.0
2021-12-13 00:00:00-05:00,96.71804281248858,96.8136832650748,96.71804281248858,96.74412536621094,500,0.0,0.0,0.0
2021-12-14 00:00:00-05:00,96.46590940423071,96.73544462912368,96.43113708496094,96.43113708496094,3900,0.0,0.0,0.0
2021-12-15 00:00:00-05:00,96.4224266541771,97.56140899658203,96.23984215425457,97.56140899658203,2100,0.0,0.0,0.0
2021-12-16 00:00:00-05:00,97.92655944824219,97.92655944824219,97.92655944824219,97.92655944824219,200,0.0,0.0,0.0
2021-12-17 00:00:00-05:00,97.27448530401777,97.27448530401777,96.97887420654297,96.97887420654297,400,0.0,0.0,0.0
2021-12-20 00:00:00-05:00,95.97590258820539,96.09008026123047,95.3962565811408,96.09008026123047,2100,1.118,0.0,0.0
2021-12-21 00:00:00-05:00,96.7926692917878,97.61823272705078,96.7926692917878,97.61823272705078,900,0.0,0.0,0.0
2021-12-22 00:00:00-05:00,97.38111594768705,98.31207275390625,97.38111594768705,98.31207275390625,2000,0.0,0.0,0.0
2021-12-23 00:00:00-05:00,98.76874979454443,99.32204911519756,98.76874979454443,99.14640045166016,2000,0.0,0.0,0.0
2021-12-27 00:00:00-05:00,99.24302317410174,99.92806243896484,99.24302317410174,99.92806243896484,4400,0.0,0.0,0.0
2021-12-28 00:00:00-05:00,99.86659930279421,100.15642571117053,99.86659930279421,99.91051483154297,1400,0.0,0.0,0.0
2021-12-29 00:00:00-05:00,99.8226576568659,99.93682861328125,99.8226576568659,99.93682861328125,800,0.0,0.0,0.0
2021-12-30 00:00:00-05:00,99.70848774155655,100.30570259949626,99.70848774155655,99.75240325927734,2600,0.0,0.0,0.0
2021-12-31 00:00:00-05:00,99.76120166796493,99.92807262919068,99.65581512451172,99.65581512451172,1000,0.0,0.0,0.0
2022-01-03 00:00:00-05:00,100.27936005894675,100.4989242553711,100.24422898345077,100.4989242553711,1200,0.0,0.0,0.0
2022-01-04 00:00:00-05:00,101.67577764232581,101.67577764232581,101.42986683253555,101.5440444946289,1400,0.0,0.0,0.0
2022-01-05 00:00:00-05:00,102.26421953855154,102.42230602377612,101.01708984375,101.01708984375,1400,0.0,0.0,0.0
2022-01-06 00:00:00-05:00,101.71092801219059,101.71092801219059,101.18397521972656,101.18397521972656,1100,0.0,0.0,0.0
2022-01-07 00:00:00-05:00,101.32448814482952,102.43987131845232,101.32448814482952,102.1763916015625,8600,0.0,0.0,0.0
2022-01-10 00:00:00-05:00,101.79874191349933,101.79874191349933,101.12248047162201,101.76361083984375,1900,0.0,0.0,0.0
2022-01-11 00:00:00-05:00,102.27301508617948,103.08101654052734,102.27301508617948,103.08101654052734,1100,0.0,0.0,0.0
2022-01-12 00:00:00-05:00,103.60794356503624,103.83629218230003,103.59915912191194,103.7835922241211,2900,0.0,0.0,0.0
2022-01-13 00:00:00-05:00,104.2051692550785,104.2051692550785,103.33569691096085,103.5289077758789,4200,0.0,0.0,0.0
2022-01-14 00:00:00-05:00,103.0634394716323,103.75726318359375,103.0634394716323,103.75726318359375,3900,0.0,0.0,0.0
2022-01-18 00:00:00-05:00,103.05463920047589,103.05463920047589,102.32569122314453,102.32569122314453,5600,0.0,0.0,0.0
2022-01-19 00:00:00-05:00,102.96683204747829,102.96683204747829,101.80753326416016,101.80753326416016,1800,0.0,0.0,0.0
2022-01-20 00:00:00-05:00,102.26421953855154,102.72969455044407,101.01708984375,101.01708984375,2500,0.0,0.0,0.0
2022-01-21 00:00:00-05:00,100.70970303145447,101.86022396595024,99.61188205997554,99.62066650390625,20200,0.0,0.0,0.0
2022-01-24 00:00:00-05:00,97.75875799959135,98.8478012084961,96.12519988680158,98.8478012084961,6000,0.0,0.0,0.0
2022-01-25 00:00:00-05:00,98.16276268862775,99.48014793024282,97.12641936386785,99.09371948242188,4300,0.0,0.0,0.0
2022-01-26 00:00:00-05:00,100.42867317724075,100.68336847724277,98.8917236328125,98.8917236328125,1800,0.0,0.0,0.0
2022-01-27 00:00:00-05:00,100.04223094044059,100.04223094044059,98.47892827615489,98.8478012084961,7700,0.0,0.0,0.0
2022-01-28 00:00:00-05:00,98.55797216395678,99.42744445800781,97.82023302008987,99.42744445800781,7600,0.0,0.0,0.0
2022-01-31 00:00:00-05:00,99.47138030909576,100.7448501586914,99.30450935066116,100.7448501586914,12400,0.0,0.0,0.0
2022-02-01 00:00:00-05:00,101.12250304762723,101.94806671142578,101.06102533014662,101.94806671142578,1200,0.0,0.0,0.0
2022-02-02 00:00:00-05:00,102.12369130680993,102.71212170670499,101.86021830862876,102.668212890625,20700,0.0,0.0,0.0
2022-02-03 00:00:00-05:00,101.6494519107198,102.3169290320667,101.20154571533203,101.20154571533203,10000,0.0,0.0,0.0
2022-02-04 00:00:00-05:00,101.18394599575467,102.23785797685993,101.03464397611549,101.75481414794922,3200,0.0,0.0,0.0
2022-02-07 00:00:00-05:00,101.75482995147958,102.37839145437643,101.37717927219643,101.95682525634766,23900,0.0,0.0,0.0
2022-02-08 00:00:00-05:00,102.21152527305269,103.0107421875,101.93048336149744,103.0107421875,4200,0.0,0.0,0.0
2022-02-09 00:00:00-05:00,103.62552544331156,104.1437004770475,103.62552544331156,103.9768295288086,4800,0.0,0.0,0.0
2022-02-10 00:00:00-05:00,102.82629237304688,104.02072197844888,102.74724578857422,102.74724578857422,1000,0.0,0.0,0.0
2022-02-11 00:00:00-05:00,102.78239297488523,103.06343488489406,101.64066314697266,101.64066314697266,1700,0.0,0.0,0.0
2022-02-14 00:00:00-05:00,100.93804647436527,100.93804647436527,100.28813836885962,100.70092010498047,3400,0.0,0.0,0.0
2022-02-15 00:00:00-05:00,101.60552410426078,102.4749963982159,101.43865317995642,102.13247680664062,12200,0.0,0.0,0.0
2022-02-16 00:00:00-05:00,101.75482529694192,102.58038876751078,101.75482529694192,102.36082458496094,3400,0.0,0.0,0.0
2022-02-17 00:00:00-05:00,100.99953548064155,101.53527268314951,100.77118682861328,100.77118682861328,2100,0.0,0.0,0.0
2022-02-18 00:00:00-05:00,100.3408433978593,100.3408433978593,100.09493255615234,100.09493255615234,700,0.0,0.0,0.0
2022-02-22 00:00:00-05:00,99.6470240390677,99.80511054428209,98.13642114492326,99.30450439453125,6500,0.0,0.0,0.0
2022-02-23 00:00:00-05:00,99.71729372513855,99.71729372513855,97.43382702231779,97.68852233886719,17100,0.0,0.0,0.0
2022-02-24 00:00:00-05:00,94.3599211316094,96.57312551627373,94.17548799126806,96.47651672363281,6600,0.0,0.0,0.0
2022-02-25 00:00:00-05:00,97.31085483965953,98.83901977539062,97.25815487596705,98.83901977539062,3800,0.0,0.0,0.0
2022-02-28 00:00:00-05:00,97.00345892058225,97.5918960571289,96.64337712415002,97.5918960571289,1600,0.0,0.0,0.0
2022-03-01 00:00:00-05:00,97.52162203316462,97.52162203316462,95.2732870884907,95.49285125732422,4200,0.0,0.0,0.0
2022-03-02 00:00:00-05:00,95.97589895354093,97.073719918329,95.97589895354093,96.95954895019531,17000,0.0,0.0,0.0
2022-03-03 00:00:00-05:00,97.28448329555334,97.28448329555334,95.71240983503799,95.95832061767578,10600,0.0,0.0,0.0
2022-03-04 00:00:00-05:00,94.5706987912402,94.5706987912402,93.77148183373305,94.33357238769531,5900,0.0,0.0,0.0
2022-03-07 00:00:00-05:00,93.57826950042032,93.59583168906768,91.65488486598777,91.85688018798828,49900,0.0,0.0,0.0
2022-03-08 00:00:00-05:00,92.59462286735051,94.01740142117426,92.07644782530484,92.46288299560547,7700,0.0,0.0,0.0
2022-03-09 00:00:00-05:00,94.17548630558001,95.14156751412872,94.14035522701502,94.65852355957031,4300,0.0,0.0,0.0
2022-03-10 00:00:00-05:00,94.2106034140352,94.2281723022461,93.56947970625734,94.2281723022461,2500,0.0,0.0,0.0
2022-03-11 00:00:00-05:00,94.85173358676559,94.85173358676559,93.30599975585938,93.30599975585938,600,0.0,0.0,0.0
2022-03-14 00:00:00-04:00,93.75391025327623,94.36868731241502,93.03373996947047,93.33234405517578,1300,0.0,0.0,0.0
2022-03-15 00:00:00-04:00,93.2708742524003,94.20183106442292,93.2708742524003,94.1315689086914,2100,0.0,0.0,0.0
2022-03-16 00:00:00-04:00,95.72120996940467,96.51164245605469,95.72120996940467,96.51164245605469,1500,0.0,0.0,0.0
2022-03-17 00:00:00-04:00,97.26693877209883,97.40746307373047,97.26693877209883,97.40746307373047,600,0.0,0.0,0.0
2022-03-18 00:00:00-04:00,97.14397303619194,98.04857635498047,97.14397303619194,98.04857635498047,2700,0.0,0.0,0.0
2022-03-21 00:00:00-04:00,97.8255620629672,98.16936587550113,97.8255620629672,97.89608764648438,1700,0.417,0.0,0.0
2022-03-22 00:00:00-04:00,99.03328565210236,99.14789141243206,98.74237937560353,99.13025665283203,1500,0.0,0.0,0.0
2022-03-23 00:00:00-04:00,98.32804174273922,98.67184554361991,98.01950073242188,98.01950073242188,1000,0.0,0.0,0.0
2022-03-24 00:00:00-04:00,98.49553311556178,98.96275329589844,98.42500753815908,98.96275329589844,1800,0.0,0.0,0.0
2022-03-25 00:00:00-04:00,99.11261984260315,99.74733661819738,99.09499181025423,99.5357666015625,2400,0.0,0.0,0.0
2022-03-28 00:00:00-04:00,99.39469717161741,99.421142578125,98.85695148700192,99.421142578125,1900,0.0,0.0,0.0
2022-03-29 00:00:00-04:00,100.79638268386864,100.79638268386864,100.21456341839684,100.7082290649414,2300,0.0,0.0,0.0
2022-03-30 00:00:00-04:00,100.85809442406983,100.85809442406983,100.2762684513179,100.45257568359375,1300,0.0,0.0,0.0
2022-03-31 00:00:00-04:00,99.78260878340076,100.13522326902469,99.2007827758789,99.2007827758789,800,0.0,0.0,0.0
2022-04-01 00:00:00-04:00,99.51814044430935,99.78260803222656,99.4564322372207,99.78260803222656,1200,0.0,0.0,0.0
2022-04-04 00:00:00-04:00,99.60630028135941,99.87958526611328,99.13908000914516,99.87958526611328,3600,0.0,0.0,0.0
2022-04-05 00:00:00-04:00,99.50051526601273,99.50051526601273,98.27516174316406,98.27516174316406,12400,0.0,0.0,0.0
2022-04-06 00:00:00-04:00,97.44648219383384,97.86081153348464,96.98807268906276,97.59634399414062,5500,0.0,0.0,0.0
2022-04-07 00:00:00-04:00,97.5963404218362,97.95777893066406,97.04977733251918,97.95777893066406,1800,0.0,0.0,0.0
2022-04-08 00:00:00-04:00,97.7903064607768,98.4338406877266,97.7903064607768,98.23989868164062,1400,0.0,0.0,0.0
2022-04-11 00:00:00-04:00,97.73740471512622,98.5748741289289,97.56990814208984,97.56990814208984,13100,0.0,0.0,0.0
2022-04-12 00:00:00-04:00,98.01069215966142,98.01069215966142,97.09387969970703,97.09387969970703,1200,0.0,0.0,0.0
2022-04-13 00:00:00-04:00,97.4993902025732,98.09002685546875,97.4993902025732,98.09002685546875,700,0.0,0.0,0.0
2022-04-14 00:00:00-04:00,98.07241025144278,98.07241025144278,97.62281799316406,97.62281799316406,500,0.0,0.0,0.0
2022-04-18 00:00:00-04:00,97.42003816213712,97.85199553852868,97.42003816213712,97.49937438964844,1400,0.0,0.0,0.0
2022-04-19 00:00:00-04:00,98.05477378880039,98.20463562011719,97.9049052317933,98.20463562011719,1600,0.0,0.0,0.0
2022-04-20 00:00:00-04:00,98.77764576241265,98.85698200642835,98.5219955444336,98.5219955444336,1800,0.0,0.0,0.0
2022-04-21 00:00:00-04:00,98.35448853695833,98.43383149826371,97.10268971996405,97.12913513183594,2400,0.0,0.0,0.0
2022-04-22 00:00:00-04:00,96.93518163579162,96.93518163579162,95.1103744506836,95.1103744506836,7000,0.0,0.0,0.0
2022-04-25 00:00:00-04:00,94.31699950775699,94.75777435302734,93.22387977467982,94.75777435302734,3600,0.0,0.0,0.0
2022-04-26 00:00:00-04:00,93.80569498899236,94.09660124182328,92.39521026611328,92.39521026611328,24900,0.0,0.0,0.0
2022-04-27 00:00:00-04:00,92.88007397561019,92.97704497758085,92.19246630759294,92.53627014160156,2800,0.0,0.0,0.0
2022-04-28 00:00:00-04:00,92.37757667116638,94.2993549283961,92.37757667116638,93.95555114746094,1800,0.0,0.0,0.0
2022-04-29 00:00:00-04:00,94.14948415427811,94.14948415427811,92.12191772460938,92.12191772460938,2300,0.0,0.0,0.0
2022-05-02 00:00:00-04:00,92.17482591441421,92.23653411865234,91.04644347937986,92.23653411865234,1600,0.0,0.0,0.0
2022-05-03 00:00:00-04:00,92.77429120154224,93.62939551113995,92.77429120154224,93.35611724853516,2200,0.0,0.0,0.0
2022-05-04 00:00:00-04:00,93.00349202356826,95.51590728759766,93.00349202356826,95.51590728759766,1000,0.0,0.0,0.0
2022-05-05 00:00:00-04:00,92.63323018722409,92.7919093784362,92.04259359103602,92.65967559814453,2100,0.0,0.0,0.0
2022-05-06 00:00:00-04:00,92.57154030300788,92.64205917085233,91.51367657705178,92.50101470947266,3100,0.0,0.0,0.0
2022-05-09 00:00:00-04:00,91.21394927760099,91.21394927760099,89.75939091562265,89.92688751220703,6800,0.0,0.0,0.0
2022-05-10 00:00:00-04:00,91.09052965090488,91.33736248411687,89.43321195529819,90.19134521484375,9800,0.0,0.0,0.0
2022-05-11 00:00:00-04:00,90.53515214533154,91.42551923187408,89.51255798339844,89.51255798339844,17400,0.0,0.0,0.0
2022-05-12 00:00:00-04:00,88.98362576265504,89.45966339111328,88.40179975264266,89.45966339111328,4200,0.0,0.0,0.0
2022-05-13 00:00:00-04:00,90.65855750133042,91.2227554321289,90.19133729013309,91.2227554321289,26500,0.0,0.0,0.0
2022-05-16 00:00:00-04:00,91.24037813624406,92.04259145253612,91.01117337077645,91.4783935546875,2400,0.0,0.0,0.0
2022-05-17 00:00:00-04:00,92.87124814190705,93.41781131001784,92.84480273026597,93.22386932373047,1200,0.0,0.0,0.0
2022-05-18 00:00:00-04:00,91.8398439498897,91.84866132969275,90.6673812866211,90.6673812866211,3400,0.0,0.0,0.0
2022-05-19 00:00:00-04:00,90.4646174410253,91.35497764598537,89.99739052891964,90.75552368164062,16800,0.0,0.0,0.0
2022-05-20 00:00:00-04:00,90.34121842056547,90.76435852050781,89.8563633834538,90.76435852050781,1500,0.0,0.0,0.0
2022-05-23 00:00:00-04:00,91.76930728032687,93.1268944013694,91.76930728032687,92.75664520263672,24500,0.0,0.0,0.0
2022-05-24 00:00:00-04:00,92.46574015586425,92.85362414529853,92.18364454328203,92.51863098144531,5300,0.0,0.0,0.0
2022-05-25 00:00:00-04:00,92.92414220323559,93.20623779296875,92.49217807701186,93.20623779296875,2600,0.0,0.0,0.0
2022-05-26 00:00:00-04:00,93.57648893491181,94.78420755084724,93.57648893491181,94.59908294677734,8700,0.0,0.0,0.0
2022-05-27 00:00:00-04:00,95.01342955675425,95.78038024902344,94.92527592821187,95.78038024902344,5800,0.0,0.0,0.0
2022-05-31 00:00:00-04:00,95.10157357435372,96.00075798141049,95.10157357435372,95.39248657226562,7300,0.0,0.0,0.0
2022-06-01 00:00:00-04:00,95.84206939947869,95.84206939947869,94.36988324598387,94.6607894897461,5200,0.0,0.0,0.0
2022-06-02 00:00:00-04:00,94.63436574545145,96.00077056884766,94.62554836462496,96.00077056884766,3300,0.0,0.0,0.0
2022-06-03 00:00:00-04:00,95.27788602300069,95.4013024336616,94.96052761681837,95.07512664794922,4400,0.0,0.0,0.0
2022-06-06 00:00:00-04:00,95.93024721109539,95.93906459212755,95.32197570800781,95.32197570800781,2100,0.0,0.0,0.0
2022-06-07 00:00:00-04:00,94.47567953539877,96.0712890625,94.47567953539877,96.0712890625,1600,0.0,0.0,0.0
2022-06-08 00:00:00-04:00,95.52470628747712,95.55996907527202,94.86354414912286,94.88117218017578,9800,0.0,0.0,0.0
2022-06-09 00:00:00-04:00,94.36107681575751,94.43160240302382,92.70376586914062,92.70376586914062,18800,0.0,0.0,0.0
2022-06-10 00:00:00-04:00,90.69380034832673,91.00234802057005,90.20013483383855,90.27066040039062,32200,0.0,0.0,0.0
2022-06-13 00:00:00-04:00,88.33126209422718,88.35771423026863,87.09709810653209,87.33511352539062,14000,0.0,0.0,0.0
2022-06-14 00:00:00-04:00,87.84641566127843,88.1020658426881,86.35659474142832,86.89434051513672,2500,0.0,0.0,0.0
2022-06-15 00:00:00-04:00,87.73180956815324,88.03153991699219,86.77092377262034,88.03153991699219,3700,0.0,0.0,0.0
2022-06-16 00:00:00-04:00,85.95108890195125,86.28607534001306,85.63373049718116,85.67781066894531,9700,0.0,0.0,0.0
2022-06-17 00:00:00-04:00,84.92848256997713,85.5191258949625,84.90203715891755,85.27229309082031,5800,0.0,0.0,0.0
2022-06-21 00:00:00-04:00,86.6043147689058,86.94425964355469,86.6043147689058,86.94425964355469,1900,1.409,0.0,0.0
2022-06-22 00:00:00-04:00,85.82603324110642,86.98898349640976,85.82603324110642,86.38066864013672,2500,0.0,0.0,0.0
2022-06-23 00:00:00-04:00,86.21071698755956,86.21071698755956,85.17300043086692,85.70974731445312,1500,0.0,0.0,0.0
2022-06-24 00:00:00-04:00,86.52379850533171,87.96407318115234,86.52379850533171,87.96407318115234,1400,0.0,0.0,0.0
2022-06-27 00:00:00-04:00,87.88356190643984,88.08931836712088,87.87462101801007,87.94618225097656,2300,0.0,0.0,0.0
2022-06-28 00:00:00-04:00,88.73343814253067,88.73343814253067,87.47207641601562,87.47207641601562,800,0.0,0.0,0.0
2022-06-29 00:00:00-04:00,86.73851356420329,87.06056304975347,86.64905689046306,86.86375427246094,2300,0.0,0.0,0.0
2022-06-30 00:00:00-04:00,85.67395802520278,86.33595240530123,85.0745908223708,85.97811889648438,7000,0.0,0.0,0.0
2022-07-01 00:00:00-04:00,86.10336010560593,86.42540958291853,84.67203288705352,86.3896255493164,1700,0.0,0.0,0.0
2022-07-05 00:00:00-04:00,84.66308954958265,85.09249114990234,83.83112949436261,85.09249114990234,7400,0.0,0.0,0.0
2022-07-06 00:00:00-04:00,84.80622520788557,84.89568188345265,83.96531744232003,84.68098449707031,5300,0.0,0.0,0.0
2022-07-07 00:00:00-04:00,85.56660211795376,86.21070098876953,85.56660211795376,86.21070098876953,1200,0.0,0.0,0.0
2022-07-08 00:00:00-04:00,85.84393515420335,86.26438903808594,85.82604654908589,86.26438903808594,2500,0.0,0.0,0.0
2022-07-11 00:00:00-04:00,85.41453562330723,85.41453562330723,84.82410931071053,84.95829772949219,4200,0.0,0.0,0.0
2022-07-12 00:00:00-04:00,85.0119676860281,85.34296486523701,84.84199523925781,84.84199523925781,2200,0.0,0.0,0.0
2022-07-13 00:00:00-04:00,83.84903198916959,84.5646922831897,83.84903198916959,84.43050384521484,2400,0.0,0.0,0.0
2022-07-14 00:00:00-04:00,82.76657356480479,83.17808654475523,81.97934528924796,83.088623046875,12300,0.0,0.0,0.0
2022-07-15 00:00:00-04:00,83.94741579518646,84.3857650756836,83.65220947018813,84.3857650756836,4100,0.0,0.0,0.0
2022-07-18 00:00:00-04:00,85.50398580812109,85.72763088075682,84.45732850621125,84.60940551757812,2500,0.0,0.0,0.0
2022-07-19 00:00:00-04:00,85.99599021676627,86.98003387451172,85.84391322424385,86.98003387451172,3200,0.0,0.0,0.0
2022-07-20 00:00:00-04:00,86.31804696481387,86.6758804321289,86.31804696481387,86.6758804321289,800,0.0,0.0,0.0
2022-07-21 00:00:00-04:00,86.4075083279514,86.96215057373047,86.37173112186792,86.96215057373047,5300,0.0,0.0,0.0
2022-07-22 00:00:00-04:00,87.00688239273407,87.00688239273407,86.30016313262998,86.50591278076172,3000,0.0,0.0,0.0
2022-07-25 00:00:00-04:00,87.15001355589531,87.32893371582031,87.15001355589531,87.32893371582031,500,0.0,0.0,0.0
2022-07-26 00:00:00-04:00,87.00688239273407,87.00688239273407,86.35383576690677,86.50591278076172,5100,0.0,0.0,0.0
2022-07-27 00:00:00-04:00,87.06056066768733,88.0714340209961,86.89058821465682,88.0714340209961,1100,0.0,0.0,0.0
2022-07-28 00:00:00-04:00,88.15194798802057,88.50083377645403,87.66887378285736,88.46504974365234,1000,0.0,0.0,0.0
2022-07-29 00:00:00-04:00,88.61713489630515,89.41331093016234,88.61713489630515,89.386474609375,1400,0.0,0.0,0.0
2022-08-01 00:00:00-04:00,89.39541252248728,89.42224884033203,89.33279217248078,89.42224884033203,1000,0.0,0.0,0.0
2022-08-02 00:00:00-04:00,89.02862882879407,89.23438530170934,88.38453674316406,88.38453674316406,2800,0.0,0.0,0.0
2022-08-03 00:00:00-04:00,88.98390497021597,89.2433340804188,88.98390497021597,89.20755004882812,1800,0.0,0.0,0.0
2022-08-04 00:00:00-04:00,89.30596830981291,89.30596830981291,88.99286651611328,88.99286651611328,3000,0.0,0.0,0.0
2022-08-05 00:00:00-04:00,88.59922786442225,89.07335430001103,88.59922786442225,89.05546569824219,1700,0.0,0.0,0.0
2022-08-08 00:00:00-04:00,89.89637374861333,89.89637374861333,89.40435867149267,89.41329956054688,4700,0.0,0.0,0.0
2022-08-09 00:00:00-04:00,89.28805586640092,89.3954079574041,89.04652219302615,89.18965148925781,5100,0.0,0.0,0.0
2022-08-10 00:00:00-04:00,90.92514098568621,90.92514098568621,90.88040924072266,90.88040924072266,500,0.0,0.0,0.0
2022-08-11 00:00:00-04:00,91.69448254155178,91.69448254155178,91.2471923828125,91.2471923828125,2100,0.0,0.0,0.0
2022-08-12 00:00:00-04:00,91.51556565247101,92.2938461303711,91.51556565247101,92.2938461303711,1700,0.0,0.0,0.0
2022-08-15 00:00:00-04:00,91.9181137084961,92.11492244057004,91.9181137084961,91.9181137084961,2600,0.0,0.0,0.0
2022-08-16 00:00:00-04:00,91.5960780182208,92.66063077839925,91.5960780182208,92.4190902709961,3600,0.0,0.0,0.0
2022-08-17 00:00:00-04:00,91.77499096398681,92.14177216808548,91.62291394891933,91.80183410644531,2600,0.0,0.0,0.0
2022-08-18 00:00:00-04:00,91.72131832928208,91.95391112151279,91.640809377225,91.80183410644531,9200,0.0,0.0,0.0
2022-08-19 00:00:00-04:00,90.8178022804553,90.8178022804553,90.71045699688845,90.76412963867188,4100,0.0,0.0,0.0
2022-08-22 00:00:00-04:00,89.58326794434782,89.67272460657887,89.3327865600586,89.3327865600586,5400,0.0,0.0,0.0
2022-08-23 00:00:00-04:00,89.85165355044295,89.85165355044295,89.6727333833631,89.69956970214844,1600,0.0,0.0,0.0
2022-08-24 00:00:00-04:00,89.35068314974319,89.69062805175781,89.35068314974319,89.69062805175781,1000,0.0,0.0,0.0
2022-08-25 00:00:00-04:00,90.2989319218116,90.79094696044922,90.27209560653571,90.79094696044922,2900,0.0,0.0,0.0
2022-08-26 00:00:00-04:00,91.0772123347581,91.0772123347581,88.65290069580078,88.65290069580078,1600,0.0,0.0,0.0
2022-08-29 00:00:00-04:00,88.68870309136948,88.82289152059914,88.12511987873333,88.42032623291016,5400,0.0,0.0,0.0
2022-08-30 00:00:00-04:00,87.42733981882235,87.42733981882235,87.39155578613281,87.39155578613281,500,0.0,0.0,0.0
2022-08-31 00:00:00-04:00,87.11424162351675,87.11424162351675,86.80113983154297,86.80113983154297,300,0.0,0.0,0.0
2022-09-01 00:00:00-04:00,85.96917864371508,86.18387603759766,85.96023092831373,86.18387603759766,500,0.0,0.0,0.0
2022-09-02 00:00:00-04:00,87.16791523906501,87.302096837254,85.63818359375,85.63818359375,2000,0.0,0.0,0.0
2022-09-06 00:00:00-04:00,86.1838599705966,86.1838599705966,85.12826180367136,85.20877075195312,2700,0.0,0.0,0.0
2022-09-07 00:00:00-04:00,86.14807891845703,86.14807891845703,86.14807891845703,86.14807891845703,500,0.0,0.0,0.0
2022-09-08 00:00:00-04:00,86.35383561083405,86.45223999023438,86.23754262840917,86.45223999023438,1100,0.0,0.0,0.0
2022-09-09 00:00:00-04:00,87.52573342738889,88.08037567138672,87.52573342738889,88.08037567138672,800,0.0,0.0,0.0
2022-09-12 00:00:00-04:00,88.88549947662932,89.32384191419065,88.88549947662932,89.1001968383789,5900,0.0,0.0,0.0
2022-09-13 00:00:00-04:00,87.54364212410383,87.61521019710038,86.18387603759766,86.18387603759766,2200,0.0,0.0,0.0
2022-09-14 00:00:00-04:00,86.48801611024379,86.60430908203125,86.48801611024379,86.60430908203125,700,0.0,0.0,0.0
2022-09-15 00:00:00-04:00,86.3180607302048,86.39857651511599,85.95128631591797,85.95128631591797,1500,0.0,0.0,0.0
2022-09-16 00:00:00-04:00,85.10142986552044,85.1282730102539,84.56468299766534,85.1282730102539,2000,0.0,0.0,0.0
2022-09-19 00:00:00-04:00,84.27729101450211,85.62046813964844,84.27729101450211,85.62046813964844,1700,0.726,0.0,0.0
2022-09-20 00:00:00-04:00,84.78211594503378,84.78211594503378,84.31335399831237,84.36743927001953,1000,0.0,0.0,0.0
2022-09-21 00:00:00-04:00,84.66492192472305,84.66492192472305,83.1324462890625,83.1324462890625,2700,0.0,0.0,0.0
2022-09-22 00:00:00-04:00,83.37583114007003,83.37583114007003,82.84397433201082,82.92510223388672,1500,0.0,0.0,0.0
2022-09-23 00:00:00-04:00,81.39261132708552,81.39261132708552,79.95929009986745,80.41001892089844,4800,0.0,0.0,0.0
2022-09-26 00:00:00-04:00,79.79704241163061,80.34693222660223,78.96770287604556,79.17504119873047,3800,0.0,0.0,0.0
2022-09-27 00:00:00-04:00,79.62576407257872,79.77901023823712,78.29160358709362,78.7423324584961,3000,0.0,0.0,0.0
2022-09-28 00:00:00-04:00,78.80543033307985,80.49115870479226,78.72430244147127,80.44608306884766,12800,0.0,0.0,0.0
2022-09-29 00:00:00-04:00,79.31025597707708,79.31025597707708,78.3907652194058,78.91361236572266,5200,0.0,0.0,0.0
2022-09-30 00:00:00-04:00,78.63415515908407,78.850503073004,77.7957992553711,77.7957992553711,6200,0.0,0.0,0.0
2022-10-03 00:00:00-04:00,78.98572949118306,79.96831512451172,78.98572949118306,79.96831512451172,1600,0.0,0.0,0.0
2022-10-04 00:00:00-04:00,82.23097874129357,82.78086853027344,82.23097874129357,82.78086853027344,1800,0.0,0.0,0.0
2022-10-05 00:00:00-04:00,81.5729079560958,82.45633955648285,81.5729079560958,82.08673858642578,3300,0.0,0.0,0.0
2022-10-06 00:00:00-04:00,81.70813273409722,81.70813273409722,81.04105590176071,81.05908203125,2300,0.0,0.0,0.0
2022-10-07 00:00:00-04:00,80.0224044353813,80.0224044353813,79.54463291041792,79.60773468017578,2400,0.0,0.0,0.0
2022-10-10 00:00:00-04:00,80.00436316836965,80.00436316836965,78.83246552022518,79.3282699584961,2100,0.0,0.0,0.0
2022-10-11 00:00:00-04:00,78.7062776065296,79.49054836137614,78.45387052522095,78.60711669921875,2800,0.0,0.0,0.0
2022-10-12 00:00:00-04:00,78.40879511812798,78.7964222108852,78.40879511812798,78.49893951416016,1100,0.0,0.0,0.0
2022-10-13 00:00:00-04:00,77.07464646747357,80.70752051634675,77.07464646747357,80.59934997558594,2800,0.0,0.0,0.0
2022-10-14 00:00:00-04:00,80.96893639474699,81.13119906798605,79.09390258789062,79.09390258789062,1800,0.0,0.0,0.0
2022-10-17 00:00:00-04:00,81.23938060140075,81.24839022767708,81.07711791992188,81.07711791992188,1200,0.0,0.0,0.0
2022-10-18 00:00:00-04:00,82.48340310046079,82.48340310046079,81.4467250739557,81.73519134521484,1800,0.0,0.0,0.0
2022-10-19 00:00:00-04:00,81.8703973310663,81.8703973310663,81.1131760783595,81.18528747558594,1500,0.0,0.0,0.0
2022-10-20 00:00:00-04:00,81.42869645817753,81.42869645817753,80.74358650573421,80.93289184570312,2500,0.0,0.0,0.0
2022-10-21 00:00:00-04:00,80.54525833127778,82.79890297892169,80.54525833127778,82.78988647460938,2200,0.0,0.0,0.0
2022-10-24 00:00:00-04:00,82.6907383786506,82.88905334472656,82.45635739273408,82.88905334472656,1600,0.0,0.0,0.0
2022-10-25 00:00:00-04:00,84.1060054151548,84.28629420252537,83.97078538583868,84.24121856689453,1900,0.0,0.0,0.0
2022-10-26 00:00:00-04:00,84.92632217966947,84.9443551836446,84.75504302978516,84.75504302978516,500,0.0,0.0,0.0
2022-10-27 00:00:00-04:00,84.90832144457364,85.06156763631016,84.31335593183954,84.32237243652344,5900,0.0,0.0,0.0
2022-10-28 00:00:00-04:00,85.23282840900356,85.58439636230469,85.02549011157078,85.58439636230469,1400,0.0,0.0,0.0
2022-10-31 00:00:00-04:00,84.83618973798406,84.98943590547125,84.83618973798406,84.95337677001953,800,0.0,0.0,0.0
2022-11-01 00:00:00-04:00,86.38671312071169,86.38671312071169,84.99846711472881,85.674560546875,18700,0.0,0.0,0.0
2022-11-02 00:00:00-04:00,85.61145025520885,86.50389157117667,84.26828002929688,84.26828002929688,16600,0.0,0.0,0.0
2022-11-03 00:00:00-04:00,83.60119081254959,84.18713973259673,83.21356370029473,83.9527587890625,2100,0.0,0.0,0.0
2022-11-04 00:00:00-04:00,86.5129177995889,86.5129177995889,85.485256319608,86.29656982421875,18400,0.0,0.0,0.0
2022-11-07 00:00:00-05:00,86.72022706074847,86.97264099121094,86.59402353430542,86.97264099121094,6300,0.0,0.0,0.0
2022-11-08 00:00:00-05:00,87.44141765257456,88.16258673476105,87.36929936884029,87.6938247680664,2600,0.0,0.0,0.0
2022-11-09 00:00:00-05:00,87.43236821254499,87.43236821254499,86.17032623291016,86.17032623291016,2000,0.0,0.0,0.0
2022-11-10 00:00:00-05:00,89.28038495293171,90.1007080078125,89.2262996835661,90.1007080078125,2500,0.0,0.0,0.0
2022-11-11 00:00:00-05:00,90.6415935813744,91.66925502566436,90.25396641361044,91.42585754394531,5600,0.0,0.0,0.0
2022-11-14 00:00:00-05:00,91.00215625255248,91.60613816631023,90.65960478671327,90.81285095214844,2700,0.0,0.0,0.0
2022-11-15 00:00:00-05:00,92.34533135513622,92.34533135513622,91.29062059215158,91.5250015258789,1100,0.0,0.0,0.0
2022-11-16 00:00:00-05:00,91.60614009105966,91.60614009105966,90.57847879437297,90.93905639648438,18100,0.0,0.0,0.0
2022-11-17 00:00:00-05:00,90.03761423500372,90.94808865650093,90.03761423500372,90.8849868774414,2100,0.0,0.0,0.0
2022-11-18 00:00:00-05:00,91.22751810007037,91.28161023977763,90.95708491184033,91.18244934082031,3000,0.0,0.0,0.0
2022-11-21 00:00:00-05:00,90.56046270932578,90.82188633400848,90.39820000702542,90.66864013671875,12600,0.0,0.0,0.0
2022-11-22 00:00:00-05:00,91.6331886996116,91.87657928466797,91.29063032665705,91.87657928466797,5700,0.0,0.0,0.0
2022-11-23 00:00:00-05:00,92.41745090225695,92.52562831450359,92.41745090225695,92.48055267333984,1100,0.0,0.0,0.0
2022-11-25 00:00:00-05:00,92.85916638895793,92.89522552490234,92.85916638895793,92.89522552490234,400,0.0,0.0,0.0
2022-11-28 00:00:00-05:00,92.17405772545138,92.31829427105092,91.5069808959961,91.5069808959961,1200,0.0,0.0,0.0
2022-11-29 00:00:00-05:00,92.24617743611056,92.24617743611056,91.80445816650958,92.02081298828125,1000,0.0,0.0,0.0
2022-11-30 00:00:00-05:00,92.49858542341545,93.93190002441406,91.90361997408056,93.93190002441406,2100,0.0,0.0,0.0
2022-12-01 00:00:00-05:00,94.33755946919054,94.50883177321015,93.92288970947266,93.92288970947266,900,0.0,0.0,0.0
2022-12-02 00:00:00-05:00,93.56230401991637,94.13923645019531,93.20171953159777,94.13923645019531,7700,0.0,0.0,0.0
2022-12-05 00:00:00-05:00,92.80508422851562,92.80508422851562,92.80508422851562,92.80508422851562,300,0.0,0.0,0.0
2022-12-06 00:00:00-05:00,93.10256971867798,93.10256971867798,91.75939938916699,92.09294128417969,1700,0.0,0.0,0.0
2022-12-07 00:00:00-05:00,91.99377605036065,92.07490395536487,91.92165777197187,92.06588745117188,1200,0.0,0.0,0.0
2022-12-08 00:00:00-05:00,92.46251368883675,92.76901287546929,92.46251368883675,92.55265808105469,1100,0.0,0.0,0.0
2022-12-09 00:00:00-05:00,92.61578258280913,92.71494350186818,92.15604400634766,92.15604400634766,1000,0.0,0.0,0.0
2022-12-12 00:00:00-05:00,91.94869021201947,92.94029235839844,91.94869021201947,92.94029235839844,1000,0.0,0.0,0.0
2022-12-13 00:00:00-05:00,93.58032752387591,93.84175109863281,93.57131789816411,93.84175109863281,4700,0.0,0.0,0.0
2022-12-14 00:00:00-05:00,93.76963329158043,94.22937867550264,93.4541244506836,93.4541244506836,10900,0.0,0.0,0.0
2022-12-15 00:00:00-05:00,92.39942384213383,92.39942384213383,91.0111780147086,91.07427978515625,6200,0.0,0.0,0.0
2022-12-16 00:00:00-05:00,90.62355090400658,90.62355090400658,90.18183851079687,90.56946563720703,7300,0.0,0.0,0.0
2022-12-19 00:00:00-05:00,90.61936476280624,90.61936476280624,90.12948048774945,90.17484283447266,4200,0.635,0.0,0.0
2022-12-20 00:00:00-05:00,90.3834816430858,91.29067309279735,90.30183773484607,90.80078887939453,12600,0.0,0.0,0.0
2022-12-21 00:00:00-05:00,91.45397105496998,92.11622388198977,91.45397105496998,91.94385528564453,1900,0.0,0.0,0.0
2022-12-22 00:00:00-05:00,91.5719339644316,91.5719339644316,90.48329975319159,91.04576110839844,1500,0.0,0.0,0.0
2022-12-23 00:00:00-05:00,91.1999616551001,91.6263427734375,90.91873450101455,91.6263427734375,10200,0.0,0.0,0.0
2022-12-27 00:00:00-05:00,91.8622127386996,91.94385665103025,91.45397241308082,91.7079849243164,6700,0.0,0.0,0.0
2022-12-28 00:00:00-05:00,91.77149527874144,92.05272242835615,90.682861328125,90.682861328125,4600,0.0,0.0,0.0
2022-12-29 00:00:00-05:00,92.0799317130812,92.0799317130812,91.74426838658931,92.00735473632812,2900,0.0,0.0,0.0
2022-12-30 00:00:00-05:00,91.44489845735431,91.6807632446289,91.3178922114922,91.6807632446289,1700,0.0,0.0,0.0
2023-01-03 00:00:00-05:00,92.52447182233564,92.7512697284056,91.87129274544246,92.15252685546875,2500,0.0,0.0,0.0
2023-01-04 00:00:00-05:00,93.26835464900512,93.658447265625,93.26835464900512,93.658447265625,900,0.0,0.0,0.0
2023-01-05 00:00:00-05:00,92.97804859819927,93.40442968172542,92.85104235050909,93.0869140625,1400,0.0,0.0,0.0
2023-01-06 00:00:00-05:00,93.83989757315872,95.33675811635271,93.83989757315872,95.24604034423828,3200,0.0,0.0,0.0
2023-01-09 00:00:00-05:00,95.99900284419036,96.36188082312886,95.30046844482422,95.30046844482422,1500,0.0,0.0,0.0
2023-01-10 00:00:00-05:00,95.39118162194345,95.82662963867188,95.28231615710062,95.82662963867188,1500,0.0,0.0,0.0
2023-01-11 00:00:00-05:00,96.28023641495241,96.50703430175781,95.98993539669439,96.50703430175781,7200,0.0,0.0,0.0
2023-01-12 00:00:00-05:00,96.43446264067492,98.01297396872104,96.43446264067492,97.79524993896484,6000,0.0,0.0,0.0
2023-01-13 00:00:00-05:00,97.00598654901898,98.21255289490178,97.00598654901898,98.16719055175781,5800,0.0,0.0,0.0
2023-01-17 00:00:00-05:00,98.23070104750587,98.46657279116765,97.91318538564713,98.04019165039062,9500,0.0,0.0,0.0
2023-01-18 00:00:00-05:00,98.620790061428,98.620790061428,96.9515609741211,96.9515609741211,4800,0.0,0.0,0.0
2023-01-19 00:00:00-05:00,96.4526019345962,96.89712384052757,96.28930718447337,96.54331970214844,2200,0.0,0.0,0.0
2023-01-20 00:00:00-05:00,96.78826476979715,97.74988555908203,96.78826476979715,97.74988555908203,9600,0.0,0.0,0.0
2023-01-23 00:00:00-05:00,97.5775121814152,98.5209921396429,97.3053588935344,98.45748901367188,2000,0.0,0.0,0.0
2023-01-24 00:00:00-05:00,97.9766795026455,98.55728149414062,97.9766795026455,98.55728149414062,4500,0.0,0.0,0.0
2023-01-25 00:00:00-05:00,97.90411238483397,98.86574015368224,97.90411238483397,98.72966003417969,8500,0.0,0.0,0.0
2023-01-26 00:00:00-05:00,98.62076818731737,99.3828125,98.50283580665054,99.3828125,2100,0.0,0.0,0.0
2023-01-27 00:00:00-05:00,98.94737413380946,99.7457001420088,98.920159496907,99.42818450927734,18400,0.0,0.0,0.0
2023-01-30 00:00:00-05:00,98.8203880386603,99.21048073025275,98.43936920166016,98.43936920166016,1400,0.0,0.0,0.0
2023-01-31 00:00:00-05:00,98.43029129013966,99.24676513671875,98.43029129013966,99.24676513671875,4600,0.0,0.0,0.0
2023-02-01 00:00:00-05:00,99.21046257128836,100.71639685578903,98.70243754827442,100.06322479248047,10300,0.0,0.0,0.0
2023-02-02 00:00:00-05:00,99.99973606643111,100.25374861452063,99.80015280112569,99.96344757080078,6500,0.0,0.0,0.0
2023-02-03 00:00:00-05:00,99.13788636073292,99.76385071275413,98.9836654663086,98.9836654663086,3500,0.0,0.0,0.0
2023-02-06 00:00:00-05:00,98.230690867907,98.43027409791331,97.93131602289755,98.33048248291016,4100,0.0,0.0,0.0
2023-02-07 00:00:00-05:00,98.05833244575692,99.41911978641735,98.0492655135046,99.21954345703125,6300,0.0,0.0,0.0
2023-02-08 00:00:00-05:00,99.02901756068479,99.02901756068479,98.52098566498218,98.68428039550781,9600,0.0,0.0,0.0
2023-02-09 00:00:00-05:00,99.62778939979454,99.62778939979454,98.36679352615984,98.48472595214844,2100,0.0,0.0,0.0
2023-02-10 00:00:00-05:00,98.14904578841029,98.3849105834961,98.14904578841029,98.3849105834961,2600,0.0,0.0,0.0
2023-02-13 00:00:00-05:00,98.63892698495127,99.36467597436078,98.212545906496,99.29209899902344,5200,0.0,0.0,0.0
2023-02-14 00:00:00-05:00,99.13789531679858,99.68220888361869,98.80223885994282,99.61870574951172,3900,0.0,0.0,0.0
2023-02-15 00:00:00-05:00,99.1378972910912,99.50077531663868,98.79316697354855,99.35562133789062,5200,0.0,0.0,0.0
2023-02-16 00:00:00-05:00,98.75687743974207,99.69128367380223,98.75687743974207,98.84759521484375,9400,0.0,0.0,0.0
2023-02-17 00:00:00-05:00,98.1944102845462,99.05624639975072,98.1944102845462,99.04717254638672,5900,0.0,0.0,0.0
2023-02-21 00:00:00-05:00,98.4484228219326,98.4484228219326,97.53216435038236,97.58659362792969,6900,0.0,0.0,0.0
2023-02-22 00:00:00-05:00,97.45958337702615,97.71359589027972,96.93341064453125,96.93341064453125,10200,0.0,0.0,0.0
2023-02-23 00:00:00-05:00,97.65009339284148,97.65009339284148,96.77919037549334,97.4958724975586,4200,0.0,0.0,0.0
2023-02-24 00:00:00-05:00,96.08065341912781,96.08972035061866,95.69962773553839,96.04436492919922,4800,0.0,0.0,0.0
2023-02-27 00:00:00-05:00,97.27814784507986,97.27814784507986,96.74290125959108,96.93341064453125,5000,0.0,0.0,0.0
2023-02-28 00:00:00-05:00,96.89711956233613,97.20556826398155,96.634033203125,96.634033203125,8700,0.0,0.0,0.0
2023-03-01 00:00:00-05:00,96.8971289262088,97.15114145721579,96.61590175563994,96.83362579345703,5800,0.0,0.0,0.0
2023-03-02 00:00:00-05:00,96.30744763729635,97.3960746085763,96.30744763729635,97.25999450683594,13300,0.0,0.0,0.0
2023-03-03 00:00:00-05:00,97.58658995067941,98.62986156606458,97.58658995067941,98.52099609375,3900,0.0,0.0,0.0
2023-03-06 00:00:00-05:00,98.73872070597335,98.9110893078357,98.31234650983916,98.49378204345703,9100,0.0,0.0,0.0
2023-03-07 00:00:00-05:00,98.5844942838249,98.5844942838249,96.8971176147461,96.8971176147461,2200,0.0,0.0,0.0
2023-03-08 00:00:00-05:00,97.10578741560018,97.38701459017686,97.01506964199373,97.18743133544922,1500,0.0,0.0,0.0
2023-03-09 00:00:00-05:00,97.48680087396257,97.53216321894055,95.89921569824219,95.89921569824219,3000,0.0,0.0,0.0
2023-03-10 00:00:00-05:00,95.85384625688089,95.85384625688089,94.56562921390952,94.79242706298828,5400,0.0,0.0,0.0
2023-03-13 00:00:00-04:00,93.99411398244467,94.56564214862132,93.25021721256881,93.7491683959961,74500,0.0,0.0,0.0
2023-03-14 00:00:00-04:00,94.6563633822782,95.05552988069329,93.96690278488047,94.7380142211914,12800,0.0,0.0,0.0
2023-03-15 00:00:00-04:00,91.78963697346012,92.37931283739236,91.1273841278361,92.24323272705078,7900,0.0,0.0,0.0
2023-03-16 00:00:00-04:00,93.06876892751853,93.66751861572266,92.96898423413944,93.66751861572266,19100,0.0,0.0,0.0
2023-03-17 00:00:00-04:00,92.17063991619696,92.55165862266063,92.0527075321927,92.27043151855469,4300,0.0,0.0,0.0
2023-03-20 00:00:00-04:00,95.11149719593787,95.11149719593787,93.23567663354076,93.3631591796875,4000,0.38,0.0,0.0
2023-03-21 00:00:00-04:00,95.64876257556581,95.64876257556581,94.49230469220899,95.09329986572266,11600,0.0,0.0,0.0
2023-03-22 00:00:00-04:00,95.2116605619031,95.84908022328341,94.27375030517578,94.27375030517578,27500,0.0,0.0,0.0
2023-03-23 00:00:00-04:00,95.5668001583613,95.5668001583613,93.79114533148237,94.22823333740234,16300,0.0,0.0,0.0
2023-03-24 00:00:00-04:00,93.03535597366044,93.77294158935547,92.90787341238546,93.77294158935547,4300,0.0,0.0,0.0
2023-03-27 00:00:00-04:00,94.31019220501136,94.82012246996194,94.09165165535808,94.62889862060547,4100,0.0,0.0,0.0
2023-03-28 00:00:00-04:00,94.76547543577621,95.15703096068256,94.76547543577621,95.07508087158203,2400,0.0,0.0,0.0
2023-03-29 00:00:00-04:00,95.8764013045745,96.34990692138672,95.83997672677697,96.34990692138672,7100,0.0,0.0,0.0
2023-03-30 00:00:00-04:00,97.46993046085616,97.46993046085616,97.05105827856806,97.36065673828125,4300,0.0,0.0,0.0
2023-03-31 00:00:00-04:00,97.89791778768011,98.01629245212864,97.60652811980263,97.94344329833984,4600,0.0,0.0,0.0
2023-04-03 00:00:00-04:00,98.26216105685016,98.82672465607214,98.07093028267974,98.79940795898438,16900,0.0,0.0,0.0
2023-04-04 00:00:00-04:00,98.76299078557044,98.78120654984676,98.04362093678358,98.4078598022461,10700,0.0,0.0,0.0
2023-04-05 00:00:00-04:00,98.26215708155726,98.56264768464413,97.6520540997413,98.04360961914062,24100,0.0,0.0,0.0
2023-04-06 00:00:00-04:00,98.22573206963364,98.54443843348315,98.22573206963364,98.38053131103516,6700,0.0,0.0,0.0
2023-04-10 00:00:00-04:00,97.87060229459601,98.5808641845712,97.6338460155117,98.53533172607422,9400,0.0,0.0,0.0
2023-04-11 00:00:00-04:00,98.70835460739019,99.22739271819115,98.70835460739019,98.92689514160156,8200,0.0,0.0,0.0
2023-04-12 00:00:00-04:00,99.5460807578101,99.69177905194063,98.9815102889699,99.05435943603516,6000,0.0,0.0,0.0
2023-04-13 00:00:00-04:00,99.34575594338685,100.31098984052194,99.34575594338685,100.21992492675781,6600,0.0,0.0,0.0
2023-04-14 00:00:00-04:00,100.28366824838133,100.71164834162396,99.40039831339705,99.8921127319336,12200,0.0,0.0,0.0
2023-04-17 00:00:00-04:00,99.79194689147442,100.15618571217794,99.53698180116527,100.08334350585938,37100,0.0,0.0,0.0
2023-04-18 00:00:00-04:00,100.26546917213385,100.74808270380485,100.23815247370392,100.43848419189453,6200,0.0,0.0,0.0
2023-04-19 00:00:00-04:00,99.99228069290353,100.5022178315227,99.79194898994007,100.24724578857422,7600,0.0,0.0,0.0
2023-04-20 00:00:00-04:00,99.60070226697941,99.95583313247653,99.3548451090492,99.75550842285156,24900,0.0,0.0,0.0
2023-04-21 00:00:00-04:00,99.57340841831495,99.70999884728734,99.13632738233666,99.56430053710938,5700,0.0,0.0,0.0
2023-04-24 00:00:00-04:00,99.51878541995535,99.85570758697365,99.51878541995535,99.72821807861328,6200,0.0,0.0,0.0
2023-04-25 00:00:00-04:00,99.3002246377614,99.3002246377614,98.25304071609435,98.52621459960938,12400,0.0,0.0,0.0
2023-04-26 00:00:00-04:00,99.30933696659893,99.30933696659893,98.08003698152552,98.20751953125,14600,0.0,0.0,0.0
2023-04-27 00:00:00-04:00,98.71746752896324,99.59163665771484,98.64461836474761,99.59163665771484,3800,0.0,0.0,0.0
2023-04-28 00:00:00-04:00,99.25471562040923,100.01961101159748,99.16365763773616,99.99229431152344,5600,0.0,0.0,0.0
2023-05-01 00:00:00-04:00,100.17441397346397,100.38384663208801,99.98319013187218,100.1653060913086,7300,0.0,0.0,0.0
2023-05-02 00:00:00-04:00,99.41859743210713,99.41859743210713,98.01628262501849,98.56263732910156,15000,0.0,0.0,0.0
2023-05-03 00:00:00-04:00,98.7356747868152,99.0179566095937,98.21663665771484,98.21663665771484,9100,0.0,0.0,0.0
2023-05-04 00:00:00-04:00,98.06182163641432,98.06182163641432,97.35155977887887,97.67936706542969,8900,0.0,0.0,0.0
2023-05-05 00:00:00-04:00,98.48981315259624,99.46414808647614,98.48981315259624,99.16365051269531,8400,0.0,0.0,0.0
2023-05-08 00:00:00-04:00,99.76463686514961,99.76463686514961,99.38218920411852,99.44593048095703,12000,0.0,0.0,0.0
2023-05-09 00:00:00-04:00,99.11811274074024,99.46414275768687,98.93599679823625,99.22738647460938,7600,0.0,0.0,0.0
2023-05-10 00:00:00-04:00,99.66446539299523,99.66446539299523,98.22573280438714,98.87225341796875,8300,0.0,0.0,0.0
2023-05-11 00:00:00-04:00,97.97076003127636,98.41695588794335,97.97076003127636,98.38053131103516,11600,0.0,0.0,0.0
2023-05-12 00:00:00-04:00,98.4806999237748,98.59907459158936,97.67937310386738,98.10735321044922,24000,0.0,0.0,0.0
2023-05-15 00:00:00-04:00,98.63549622869171,99.05436844148284,98.26215647377519,98.91777801513672,5800,0.0,0.0,0.0
2023-05-16 00:00:00-04:00,98.46248089657907,98.64460378019137,97.97986741274232,98.03450775146484,13900,0.0,0.0,0.0
2023-05-17 00:00:00-04:00,98.53534648531802,99.20918389888277,98.04362503846411,99.11812591552734,16100,0.0,0.0,0.0
2023-05-18 00:00:00-04:00,98.64460367893099,99.36397343708646,98.5262220678851,99.25469970703125,17000,0.0,0.0,0.0
2023-05-19 00:00:00-04:00,99.49146617359033,99.71911459073372,99.20917741218322,99.46414947509766,30800,0.0,0.0,0.0
2023-05-22 00:00:00-04:00,99.52787500781062,99.60982509032341,99.22737747737591,99.36396789550781,6400,0.0,0.0,0.0
2023-05-23 00:00:00-04:00,98.61727391296843,98.97240480448345,98.3896255493164,98.3896255493164,5100,0.0,0.0,0.0
2023-05-24 00:00:00-04:00,97.87059382968702,97.87059382968702,97.2513899629835,97.36065673828125,15900,0.0,0.0,0.0
2023-05-25 00:00:00-04:00,97.61562737691014,97.61562737691014,97.02374711755603,97.44261932373047,16200,0.0,0.0,0.0
2023-05-26 00:00:00-04:00,97.57922361356853,98.44428484422161,97.57922361356853,98.26216888427734,7100,0.0,0.0,0.0
2023-05-30 00:00:00-04:00,98.41695003858216,98.41695003858216,97.78863828199532,97.90701293945312,5700,0.0,0.0,0.0
2023-05-31 00:00:00-04:00,97.19677460006957,97.19677460006957,96.31349755400103,96.7870101928711,7800,0.0,0.0,0.0
2023-06-01 00:00:00-04:00,97.26960762328672,98.44427419551575,97.16944177196874,98.19841003417969,15800,0.0,0.0,0.0
2023-06-02 00:00:00-04:00,98.83583853868036,100.0651386132173,98.3441171194099,99.91033935546875,16400,0.0,0.0,0.0
2023-06-05 00:00:00-04:00,100.01961034437046,100.01961034437046,99.37308964024223,99.50057220458984,12800,0.0,0.0,0.0
2023-06-06 00:00:00-04:00,99.66447218773047,100.32010072712487,99.60983879187367,100.28367614746094,35200,0.0,0.0,0.0
2023-06-07 00:00:00-04:00,100.32921369293173,100.60239458061528,99.95586694291612,100.26547241210938,11300,0.0,0.0,0.0
2023-06-08 00:00:00-04:00,100.5022059108897,100.9575026555208,100.33829880493141,100.94839477539062,4100,0.0,0.0,0.0
2023-06-09 00:00:00-04:00,100.96661424016372,101.5220768829961,100.96661424016372,101.06678009033203,8000,0.0,0.0,0.0
2023-06-12 00:00:00-04:00,101.01216766424511,101.61315594271731,101.01216766424511,101.54031372070312,6100,0.0,0.0,0.0
2023-06-13 00:00:00-04:00,102.23234788394828,102.61480250382029,102.13218897212661,102.48731994628906,26400,0.0,0.0,0.0
2023-06-14 00:00:00-04:00,103.21578701480833,103.44343542328707,102.58748213155609,103.0518798828125,9800,0.0,0.0,0.0
2023-06-15 00:00:00-04:00,103.1520407195731,104.02620973192636,103.1520407195731,103.94425964355469,3100,0.0,0.0,0.0
2023-06-16 00:00:00-04:00,104.39955876501335,104.57256682674624,103.86230492258515,104.00800323486328,42700,0.0,0.0,0.0
2023-06-20 00:00:00-04:00,103.42798605720225,103.44640337677338,102.54414436982029,102.98606872558594,10700,1.25,0.0,0.0
2023-06-21 00:00:00-04:00,102.78351276086471,103.3267112616884,102.78351276086471,102.99526977539062,4100,0.0,0.0,0.0
2023-06-22 00:00:00-04:00,102.59937443052452,102.59937443052452,102.24031401658335,102.4888916015625,7300,0.0,0.0,0.0
2023-06-23 00:00:00-04:00,101.3288432473232,101.53139158188026,100.99740179516586,101.27360534667969,4600,0.0,0.0,0.0
2023-06-26 00:00:00-04:00,101.37488001471932,101.54980939981871,101.22756958007812,101.22756958007812,9400,0.0,0.0,0.0
2023-06-27 00:00:00-04:00,101.82600268850997,102.42443901793875,101.66028196688582,102.39682006835938,3500,0.0,0.0,0.0
2023-06-28 00:00:00-04:00,102.17586142633037,102.47047526202896,102.17586142633037,102.38761138916016,4100,0.0,0.0,0.0
2023-06-29 00:00:00-04:00,102.2955411562407,102.75587569226045,102.2955411562407,102.6914291381836,6200,0.0,0.0,0.0
2023-06-30 00:00:00-04:00,103.75021090802359,104.007997151494,103.685764347156,103.8883056640625,3600,0.0,0.0,0.0
2023-07-03 00:00:00-04:00,104.21974182128906,104.21974182128906,104.21974182128906,104.21974182128906,500,0.0,0.0,0.0
2023-07-05 00:00:00-04:00,103.52004666760614,103.59369486494865,103.09653968025543,103.2530517578125,8700,0.0,0.0,0.0
2023-07-06 00:00:00-04:00,102.16667106852348,102.16667106852348,101.20917417495923,101.73395538330078,9300,0.0,0.0,0.0
2023-07-07 00:00:00-04:00,101.954895823842,102.96763044546775,101.89044926676075,102.4060287475586,7200,0.0,0.0,0.0
2023-07-10 00:00:00-04:00,102.36001106926214,102.70066123234756,102.36001106926214,102.66383361816406,3400,0.0,0.0,0.0
2023-07-11 00:00:00-04:00,103.22542431318368,103.76861572265625,103.00445866688993,103.76861572265625,5800,0.0,0.0,0.0
2023-07-12 00:00:00-04:00,105.14962057687664,105.39820517569453,104.98389985238074,105.11279296875,7700,0.0,0.0,0.0
2023-07-13 00:00:00-04:00,105.91377540493185,106.31887206162385,105.84932884810794,106.18997192382812,8400,0.0,0.0,0.0
2023-07-14 00:00:00-04:00,106.10712949881834,106.2084036767578,105.29694309945154,105.31535339355469,7300,0.0,0.0,0.0
2023-07-17 00:00:00-04:00,105.22329940147075,105.67442540997968,105.22329940147075,105.56394958496094,3800,0.0,0.0,0.0
2023-07-18 00:00:00-04:00,105.60076331091791,106.4385757249657,105.60076331091791,106.42936706542969,8200,0.0,0.0,0.0
2023-07-19 00:00:00-04:00,106.60429981127709,106.70557399689434,106.53985324080696,106.6871566772461,4500,0.0,0.0,0.0
2023-07-20 00:00:00-04:00,106.60428990456617,106.77921930422154,106.3188846938853,106.36491394042969,9300,0.0,0.0,0.0
2023-07-21 00:00:00-04:00,106.91730585373766,106.91730585373766,106.3096678673349,106.39252471923828,13200,0.0,0.0,0.0
2023-07-24 00:00:00-04:00,106.38332649156062,106.9909644974202,106.38332649156062,106.66873168945312,7500,0.0,0.0,0.0
2023-07-25 00:00:00-04:00,106.77923153481404,107.18432126188817,106.77002287479091,107.03701782226562,17000,0.0,0.0,0.0
2023-07-26 00:00:00-04:00,106.69635573486255,107.50654212273798,106.67794544102053,107.27637481689453,12000,0.0,0.0,0.0
2023-07-27 00:00:00-04:00,107.94844580060567,107.94844580060567,106.65029907226562,106.65029907226562,7800,0.0,0.0,0.0
2023-07-28 00:00:00-04:00,107.44208974018765,107.91163298544467,107.39606049600064,107.65384674072266,5600,0.0,0.0,0.0
2023-07-31 00:00:00-04:00,107.85639399499773,108.16941813924656,107.6722559476617,107.7090835571289,7100,0.0,0.0,0.0
2023-08-01 00:00:00-04:00,107.23034221044473,107.23034221044473,106.871281786511,107.01858520507812,5900,0.0,0.0,0.0
2023-08-02 00:00:00-04:00,105.8309111070839,105.8309111070839,105.03913511263012,105.27851104736328,10100,0.0,0.0,0.0
2023-08-03 00:00:00-04:00,104.79056281976357,105.26010605503123,104.66166970014471,104.94707489013672,7000,0.0,0.0,0.0
2023-08-04 00:00:00-04:00,105.61916595939319,106.18077470254605,104.99311065673828,104.99311065673828,7600,0.0,0.0,0.0
2023-08-07 00:00:00-04:00,105.66520764342795,106.11634063720703,105.66520764342795,106.11634063720703,3200,0.0,0.0,0.0
2023-08-08 00:00:00-04:00,104.91024854095424,105.49027461035287,104.6340520059462,105.34296417236328,5600,0.0,0.0,0.0
2023-08-09 00:00:00-04:00,105.49027943292928,105.66520180585327,104.97469990054388,105.05756378173828,7200,0.0,0.0,0.0
2023-08-10 00:00:00-04:00,106.31887721054623,106.47538928124864,105.25089761814536,105.41661834716797,4000,0.0,0.0,0.0
2023-08-11 00:00:00-04:00,105.00232587704109,105.25090347232708,104.99311721820868,105.05756378173828,2400,0.0,0.0,0.0
2023-08-14 00:00:00-04:00,104.5511955591747,104.9931198804035,104.24738005148801,104.891845703125,5300,0.0,0.0,0.0
2023-08-15 00:00:00-04:00,104.4591334727008,104.4591334727008,103.59370211994347,103.74101257324219,23600,0.0,0.0,0.0
2023-08-16 00:00:00-04:00,103.36353393980639,103.66735647908074,102.67303200008229,102.83875274658203,7500,0.0,0.0,0.0
2023-08-17 00:00:00-04:00,103.28067142453304,103.28067142453304,102.17587119111634,102.26793670654297,3600,0.0,0.0,0.0
2023-08-18 00:00:00-04:00,101.61427211062863,102.22191018973794,101.61427211062863,102.12984466552734,1700,0.0,0.0,0.0
2023-08-21 00:00:00-04:00,102.44285589705486,102.4704818725586,102.24031457906601,102.4704818725586,1100,0.0,0.0,0.0
2023-08-22 00:00:00-04:00,102.69143710370966,102.69143710370966,102.14823865651503,102.20348358154297,10400,0.0,0.0,0.0
2023-08-23 00:00:00-04:00,103.05971261245573,103.46480228449353,102.97684873180462,103.22543334960938,10800,0.0,0.0,0.0
2023-08-24 00:00:00-04:00,103.2622545013442,103.2622545013442,102.17586463110307,102.20348358154297,4100,0.0,0.0,0.0
2023-08-25 00:00:00-04:00,102.90318512908122,102.91239378710326,101.83521259540879,102.78350067138672,10300,0.0,0.0,0.0
2023-08-28 00:00:00-04:00,103.5384565770626,103.77783253394679,103.31749793755715,103.73179626464844,11300,0.0,0.0,0.0
2023-08-29 00:00:00-04:00,103.79623954207209,104.98390360606616,103.66734642109427,104.90104675292969,3000,0.0,0.0,0.0
2023-08-30 00:00:00-04:00,104.96550040245798,105.29694188568494,104.7813623428048,104.92867279052734,4200,0.0,0.0,0.0
2023-08-31 00:00:00-04:00,105.15881422934267,105.15881422934267,104.56958663169198,104.62482452392578,5300,0.0,0.0,0.0
2023-09-01 00:00:00-04:00,105.65599573304205,105.65599573304205,104.77215417427003,104.87342834472656,3600,0.0,0.0,0.0
2023-09-05 00:00:00-04:00,104.82738024759536,104.82738024759536,104.09084218632445,104.1737060546875,6000,0.0,0.0,0.0
2023-09-06 00:00:00-04:00,103.94354010151494,103.94354010151494,103.21621068846328,103.60289001464844,7200,0.0,0.0,0.0
2023-09-07 00:00:00-04:00,103.33590911737402,103.36352806953059,103.05050391289127,103.20701599121094,5900,0.0,0.0,0.0
2023-09-08 00:00:00-04:00,103.2898885811209,103.40957305860726,103.02289364751364,103.142578125,4800,0.0,0.0,0.0
2023-09-11 00:00:00-04:00,104.19213158638922,104.33023337109725,103.96196428659205,104.16451263427734,5100,0.0,0.0,0.0
2023-09-12 00:00:00-04:00,104.10007474838825,104.4683438635899,104.01721788514618,104.09086608886719,6800,0.0,0.0,0.0
2023-09-13 00:00:00-04:00,104.10927086131288,104.35784844523121,103.85148461898324,103.9527587890625,4300,0.0,0.0,0.0
2023-09-14 00:00:00-04:00,105.011522711035,105.42582804976949,104.85501063878229,105.34296417236328,10400,0.0,0.0,0.0
2023-09-15 00:00:00-04:00,105.25090058377704,105.35217475570823,104.64326257633833,104.7445297241211,6500,0.0,0.0,0.0
2023-09-18 00:00:00-04:00,104.61967624393719,104.69367293405035,104.31444518975499,104.3606948852539,7400,0.525,0.0,0.0
2023-09-19 00:00:00-04:00,104.61966054128867,104.64740753173828,104.32368088197319,104.64740753173828,3700,0.0,0.0,0.0
2023-09-20 00:00:00-04:00,104.98038664959759,105.1931253398319,104.01845098239058,104.02770233154297,8100,0.0,0.0,0.0
2023-09-21 00:00:00-04:00,103.32476938949033,103.32476938949033,102.55706955519231,102.58482360839844,12400,0.0,0.0,0.0
2023-09-22 00:00:00-04:00,103.06577216860359,103.06577216860359,102.2518298175188,102.46456146240234,6300,0.0,0.0,0.0
2023-09-25 00:00:00-04:00,101.90036022543569,102.18709564208984,101.62288321615117,102.18709564208984,3700,0.0,0.0,0.0
2023-09-26 00:00:00-04:00,101.47489401591253,101.68763274950936,100.79969358110932,100.8829345703125,5700,0.0,0.0,0.0
2023-09-27 00:00:00-04:00,101.41014786460495,101.41014786460495,100.27247868094072,100.8089370727539,3800,0.0,0.0,0.0
2023-09-28 00:00:00-04:00,100.99392196329326,101.59512565768264,100.86443128542052,101.41014099121094,4100,0.0,0.0,0.0
2023-09-29 00:00:00-04:00,102.19633956583718,102.19633956583718,100.80893335430152,100.89218139648438,3800,0.0,0.0,0.0
2023-10-02 00:00:00-04:00,100.78117639961535,100.96616811023303,99.62500467092569,99.9024887084961,3900,0.0,0.0,0.0
2023-10-03 00:00:00-04:00,99.0053143349746,99.08855532568506,98.38560788175216,98.51509857177734,4100,0.0,0.0,0.0
2023-10-04 00:00:00-04:00,101.0771598949288,101.0771598949288,97.99711659983602,98.64457702636719,11100,0.0,0.0,0.0
2023-10-05 00:00:00-04:00,98.79258434399901,99.07931980305199,98.46885759027532,98.9498291015625,6600,0.0,0.0,0.0
2023-10-06 00:00:00-04:00,98.8388137825478,100.04123525752004,98.19136040784737,99.89324188232422,4600,0.0,0.0,0.0
2023-10-09 00:00:00-04:00,99.48625692672701,100.2447052548304,99.32901927428514,100.12446594238281,4800,0.0,0.0,0.0
2023-10-10 00:00:00-04:00,101.11415856389097,101.76161193579352,100.96617224604717,101.2343978881836,5800,0.0,0.0,0.0
2023-10-11 00:00:00-04:00,101.63211828806004,101.71536632299058,101.12340695550877,101.51187896728516,3200,0.0,0.0,0.0
2023-10-12 00:00:00-04:00,101.78936635850168,101.78936635850168,100.09672917856133,100.54069519042969,10800,0.0,0.0,0.0
2023-10-13 00:00:00-04:00,100.72568235279873,100.72568235279873,99.90248864701526,100.0227279663086,3600,0.0,0.0,0.0
2023-10-16 00:00:00-04:00,100.59620573470627,101.16966247558594,100.59620573470627,101.16966247558594,2400,0.0,0.0,0.0
2023-10-17 00:00:00-04:00,100.68868567773701,101.55812908971932,100.51294531402681,101.22515106201172,2300,0.0,0.0,0.0
2023-10-18 00:00:00-04:00,100.83667068959556,100.83667068959556,99.73599999911646,99.85623931884766,8300,0.0,0.0,0.0
2023-10-19 00:00:00-04:00,102.60331677571072,102.60331677571072,99.15329680858679,99.24579620361328,13800,0.0,0.0,0.0
2023-10-20 00:00:00-04:00,99.23653947487061,99.23653947487061,98.24685668945312,98.24685668945312,5000,0.0,0.0,0.0
2023-10-23 00:00:00-04:00,97.78437037418757,98.41332800687864,97.67337536016748,97.90460968017578,2900,0.0,0.0,0.0
2023-10-24 00:00:00-04:00,98.33933691195747,98.91280059854022,98.33933691195747,98.78330993652344,9200,0.0,0.0,0.0
2023-10-25 00:00:00-04:00,98.3855863843087,98.45957600764667,97.94161336072179,97.9693603515625,5700,0.0,0.0,0.0
2023-10-26 00:00:00-04:00,97.6363885177355,97.76587918764929,97.25716785776288,97.46065521240234,7700,0.0,0.0,0.0
2023-10-27 00:00:00-04:00,97.84911932935537,97.84911932935537,96.46171335786634,96.64669799804688,15200,0.0,0.0,0.0
2023-10-30 00:00:00-04:00,97.4051601683312,97.89537588557788,97.26642519681813,97.83988189697266,4800,0.0,0.0,0.0
2023-10-31 00:00:00-04:00,97.84913670327118,98.2098617553711,97.70114331947998,98.2098617553711,1900,0.0,0.0,0.0
2023-11-01 00:00:00-04:00,98.73707040457721,98.79256439208984,98.126608315088,98.79256439208984,5000,0.0,0.0,0.0
2023-11-02 00:00:00-04:00,100.07822999755973,100.86443248116662,100.00424036412151,100.79043579101562,1900,0.0,0.0,0.0
2023-11-03 00:00:00-04:00,101.8263550443172,102.05758939446604,101.39164039367577,101.70611572265625,4200,0.0,0.0,0.0
2023-11-06 00:00:00-05:00,101.72461966792142,101.72461966792142,101.27139525524764,101.4933853149414,4800,0.0,0.0,0.0
2023-11-07 00:00:00-05:00,101.28064000654346,101.28064000654346,101.04940566862899,101.11415100097656,1600,0.0,0.0,0.0
2023-11-08 00:00:00-05:00,101.23440455384038,101.23440455384038,100.62394948538223,100.96617889404297,4400,0.0,0.0,0.0
2023-11-09 00:00:00-05:00,101.02166697634705,101.2713969768574,100.37420654296875,100.37420654296875,5400,0.0,0.0,0.0
2023-11-10 00:00:00-05:00,100.78118781704289,101.28990625798357,100.18922838942811,101.28065490722656,6700,0.0,0.0,0.0
2023-11-13 00:00:00-05:00,101.0956728668631,101.5766372680664,101.0771701648669,101.5766372680664,1900,0.0,0.0,0.0
2023-11-14 00:00:00-05:00,103.10277107515684,103.89821778801742,103.10277107515684,103.63923645019531,10100,0.0,0.0,0.0
2023-11-15 00:00:00-05:00,104.3606718090097,104.3976701458852,104.07393646240234,104.07393646240234,3400,0.0,0.0,0.0
2023-11-16 00:00:00-05:00,104.01847345649455,104.01847345649455,103.50976205058998,103.78723907470703,8400,0.0,0.0,0.0
2023-11-17 00:00:00-05:00,104.41617320237583,104.71215286169131,104.36992351381865,104.64740753173828,4300,0.0,0.0,0.0
2023-11-20 00:00:00-05:00,105.35037268349235,105.35037268349235,104.77690894738902,105.18388366699219,4700,0.0,0.0,0.0
2023-11-21 00:00:00-05:00,104.96189518408792,104.96189518408792,104.80465046908814,104.8323974609375,3300,0.0,0.0,0.0
2023-11-22 00:00:00-05:00,105.09138711914703,105.23012208006854,104.79540744132755,105.14688110351562,3300,0.0,0.0,0.0
2023-11-24 00:00:00-05:00,105.35037868634846,105.77584907348938,105.35037868634846,105.5631103515625,2600,0.0,0.0,0.0
2023-11-27 00:00:00-05:00,105.23937448431357,105.32262251841287,105.12838651446415,105.29486846923828,10400,0.0,0.0,0.0
2023-11-28 00:00:00-05:00,105.25787621792647,105.87758256627347,105.25787621792647,105.5538558959961,44600,0.0,0.0,0.0
2023-11-29 00:00:00-05:00,105.94232901984321,106.03482134708382,105.58160400390625,105.58160400390625,6700,0.0,0.0,0.0
2023-11-30 00:00:00-05:00,105.74809532454725,106.04407501220703,105.74809532454725,106.04407501220703,5600,0.0,0.0,0.0
2023-12-01 00:00:00-05:00,105.84983183776097,107.04300185756274,105.84983183776097,106.9320068359375,9100,0.0,0.0,0.0
2023-12-04 00:00:00-05:00,106.28456752906767,106.95051657647134,106.08108015761954,106.49729919433594,25300,0.0,0.0,0.0
2023-12-05 00:00:00-05:00,106.11806172062558,106.35854034274855,106.11806172062558,106.22904968261719,4900,0.0,0.0,0.0
2023-12-06 00:00:00-05:00,107.0244949147861,107.04299761267919,106.24755096435547,106.24755096435547,4800,0.0,0.0,0.0
2023-12-07 00:00:00-05:00,106.61755498808049,106.88578774125364,106.25682988543373,106.81179809570312,57800,0.0,0.0,0.0
2023-12-08 00:00:00-05:00,106.48805430661854,107.01526841158888,106.48805430661854,106.99677276611328,3500,0.0,0.0,0.0
2023-12-11 00:00:00-05:00,107.1077509939757,107.44997330689733,107.01525161097963,107.2557373046875,7300,0.0,0.0,0.0
2023-12-12 00:00:00-05:00,107.08923504444206,107.32972070839442,107.02448971838312,107.23722839355469,31100,0.0,0.0,0.0
2023-12-13 00:00:00-05:00,107.1632602386818,108.63390748914195,106.73778983181823,108.59691619873047,17100,0.0,0.0,0.0
2023-12-14 00:00:00-05:00,109.28136517140936,109.8085792551437,109.28136517140936,109.47560119628906,5300,0.0,0.0,0.0
2023-12-15 00:00:00-05:00,109.17962294008682,109.58659769671894,108.79115088514511,108.92988586425781,5200,0.0,0.0,0.0
2023-12-18 00:00:00-05:00,109.26995006637449,109.26995006637449,108.8879561502041,108.98112487792969,22100,0.855,0.0,0.0
2023-12-19 00:00:00-05:00,109.51219254385884,110.09916191582604,109.51219254385884,110.01531219482422,4700,0.0,0.0,0.0
2023-12-20 00:00:00-05:00,109.84759340676052,110.12709955394592,108.58979797363281,108.58979797363281,3400,0.0,0.0,0.0
2023-12-21 00:00:00-05:00,109.6705843479911,110.06189727783203,109.40039005596233,110.06189727783203,3200,0.0,0.0,0.0
2023-12-22 00:00:00-05:00,110.14575411040848,110.51843613763155,110.06189727783203,110.06189727783203,4500,0.0,0.0,0.0
2023-12-26 00:00:00-05:00,110.30412589388136,110.93768311709853,110.30412589388136,110.723388671875,8900,0.0,0.0,0.0
2023-12-27 00:00:00-05:00,111.06812844874662,111.13334726558932,110.89110289946588,110.9563217163086,8000,0.0,0.0,0.0
2023-12-28 00:00:00-05:00,111.40355813758704,111.40355813758704,110.94702635166193,111.01224517822266,3200,0.0,0.0,0.0
2023-12-29 00:00:00-05:00,111.34766386462178,111.34766386462178,110.6395686350282,110.8818130493164,2400,0.0,0.0,0.0
2024-01-02 00:00:00-05:00,110.40663290305734,111.01224032798679,110.26687624987076,110.49980163574219,6400,0.0,0.0,0.0
2024-01-03 00:00:00-05:00,110.00599878378935,110.16438633705928,109.59604783808504,109.90351104736328,3500,0.0,0.0,0.0
2024-01-04 00:00:00-05:00,109.99668316675425,110.49980285880353,109.99668316675425,110.08985900878906,3200,0.0,0.0,0.0
2024-01-05 00:00:00-05:00,110.29480940264413,110.60227257128051,110.08984106520414,110.38798522949219,8900,0.0,0.0,0.0
2024-01-08 00:00:00-05:00,110.48115701467309,111.27310180664062,110.43456909995591,111.27310180664062,4600,0.0,0.0,0.0
2024-01-09 00:00:00-05:00,110.31343918397215,110.57431441972797,110.31343918397215,110.36933898925781,4200,0.0,0.0,0.0
2024-01-10 00:00:00-05:00,110.63955696322468,110.75136370609799,110.49980031171268,110.65818786621094,2400,0.0,0.0,0.0
2024-01-11 00:00:00-05:00,111.02156558047588,111.02156558047588,109.97805723406326,110.63956451416016,2700,0.0,0.0,0.0
2024-01-12 00:00:00-05:00,111.24515033257278,111.26378123320629,110.537055267099,110.71408081054688,5200,0.0,0.0,0.0
2024-01-16 00:00:00-05:00,109.94078258722207,109.94078258722207,109.2513254325128,109.35381317138672,2600,0.0,0.0,0.0
2024-01-17 00:00:00-05:00,108.59911902205415,108.70160675048828,108.3941435651859,108.70160675048828,2100,0.0,0.0,0.0
2024-01-18 00:00:00-05:00,109.13019083668577,109.53082275390625,108.89726546872777,109.53082275390625,4900,0.0,0.0,0.0
2024-01-19 00:00:00-05:00,109.46560610037223,110.3414077758789,109.23268072780712,110.3414077758789,3300,0.0,0.0,0.0
2024-01-22 00:00:00-05:00,110.58364595457755,110.65817666729848,110.34140159036046,110.4345703125,3100,0.0,0.0,0.0
2024-01-23 00:00:00-05:00,110.43457790235341,110.80725992484281,110.39730898927264,110.64887237548828,2100,0.0,0.0,0.0
2024-01-24 00:00:00-05:00,111.73895937542028,111.73895937542028,110.98428344726562,110.98428344726562,2700,0.0,0.0,0.0
2024-01-25 00:00:00-05:00,111.31039084871904,111.33834075927734,110.89112086538722,111.33834075927734,1500,0.0,0.0,0.0
2024-01-26 00:00:00-05:00,111.7203446201705,111.86941318298307,111.48741921526644,111.73897552490234,2600,0.0,0.0,0.0
2024-01-29 00:00:00-05:00,111.72963792449674,112.24207657333406,111.57125038151723,112.23275756835938,4200,0.0,0.0,0.0
2024-01-30 00:00:00-05:00,111.87871623829714,112.22344123908132,111.84144732582783,112.14891052246094,3000,0.0,0.0,0.0
2024-01-31 00:00:00-05:00,112.26072132450271,112.40979698921697,111.34765775724418,111.45945739746094,9500,0.0,0.0,0.0
2024-02-01 00:00:00-05:00,111.57125371775359,112.1861801147461,111.29174042669914,112.1861801147461,7600,0.0,0.0,0.0
2024-02-02 00:00:00-05:00,112.03710657672146,112.46568841832027,111.94393784738578,112.31661987304688,4500,0.0,0.0,0.0
2024-02-05 00:00:00-05:00,111.90668202392463,111.95326994820114,111.22653671441137,111.72034454345703,11500,0.0,0.0,0.0
2024-02-06 00:00:00-05:00,112.11162864123337,112.56816032661517,112.11162864123337,112.53089141845703,4500,0.0,0.0,0.0
2024-02-07 00:00:00-05:00,112.85700222256817,112.85700222256817,112.54022711870425,112.62407684326172,6900,0.0,0.0,0.0
2024-02-08 00:00:00-05:00,112.64270714355797,112.64270714355797,112.23275622937898,112.60543823242188,2500,0.0,0.0,0.0
2024-02-09 00:00:00-05:00,112.37251286905982,112.60543823242188,112.37251286905982,112.60543823242188,1700,0.0,0.0,0.0
2024-02-12 00:00:00-05:00,113.03401397131609,113.60235239603115,113.00606406654609,113.1644515991211,4000,0.0,0.0,0.0
2024-02-13 00:00:00-05:00,112.21413210439114,112.22344400149902,111.48740606414663,111.636474609375,3800,0.0,0.0,0.0
2024-02-14 00:00:00-05:00,112.40046756102427,112.65203094482422,112.09300436229913,112.65203094482422,9700,0.0,0.0,0.0
2024-02-15 00:00:00-05:00,112.82904963946542,113.60236358642578,112.82904963946542,113.60236358642578,5000,0.0,0.0,0.0
2024-02-16 00:00:00-05:00,113.65826688391027,114.0029990066681,113.22968503601375,113.36012268066406,5700,0.0,0.0,0.0
2024-02-20 00:00:00-05:00,113.69553927217139,113.82597692080763,113.36012614473002,113.56510162353516,2800,0.0,0.0,0.0
2024-02-21 00:00:00-05:00,113.42533396844362,113.82596588134766,113.42533396844362,113.82596588134766,2500,0.0,0.0,0.0
2024-02-22 00:00:00-05:00,115.05582279614245,115.1955794507641,114.55270310449578,115.17694854736328,4700,0.0,0.0,0.0
2024-02-23 00:00:00-05:00,115.4191837788388,115.59620934542994,115.23284631487235,115.51235961914062,7100,0.0,0.0,0.0
2024-02-26 00:00:00-05:00,115.44713047601583,115.44713047601583,114.93469183343747,115.14897918701172,9300,0.0,0.0,0.0
2024-02-27 00:00:00-05:00,115.35396435689204,115.49372100830078,115.326014448274,115.49372100830078,6900,0.0,0.0,0.0
2024-02-28 00:00:00-05:00,114.98128593244974,115.30738003693598,114.98128593244974,115.05581665039062,5400,0.0,0.0,0.0
2024-02-29 00:00:00-05:00,115.54030337205343,115.54030337205343,115.02786471096992,115.39122772216797,3400,0.0,0.0,0.0
2024-03-01 00:00:00-05:00,115.68936579896346,116.29497315505745,115.40054062797375,116.16453552246094,3200,0.0,0.0,0.0
2024-03-04 00:00:00-05:00,115.95955862633151,116.23907189745711,115.95955862633151,116.07136535644531,4400,0.0,0.0,0.0
2024-03-05 00:00:00-05:00,115.95957172767469,115.95957172767469,115.70801544189453,115.70801544189453,1400,0.0,0.0,0.0
2024-03-06 00:00:00-05:00,116.65833358807029,116.83535913199003,116.6024337777031,116.7142333984375,3500,0.0,0.0,0.0
2024-03-07 00:00:00-05:00,117.75773697158878,117.8602246921604,117.50618072638771,117.81363677978516,7100,0.0,0.0,0.0
2024-03-08 00:00:00-05:00,117.99068029177849,118.15838685023378,117.28258514404297,117.28258514404297,3400,0.0,0.0,0.0
2024-03-11 00:00:00-04:00,116.64902353099954,117.0030746459961,116.53722390168969,117.0030746459961,3400,0.0,0.0,0.0
2024-03-12 00:00:00-04:00,117.5993769927953,117.84162139892578,116.9751386273043,117.84162139892578,2300,0.0,0.0,0.0
2024-03-13 00:00:00-04:00,118.00931840585918,118.31677450636339,117.90683066958495,117.98136138916016,4900,0.0,0.0,0.0
2024-03-14 00:00:00-04:00,118.03726676547713,118.03726676547713,116.94717059471049,117.18941497802734,3600,0.0,0.0,0.0
2024-03-15 00:00:00-04:00,117.31053576392696,117.35711657254102,117.10556030273438,117.10556030273438,2500,0.0,0.0,0.0
2024-03-18 00:00:00-04:00,117.38415478071961,117.43090188235371,117.32806396484375,117.32806396484375,9200,0.428,0.0,0.0
2024-03-19 00:00:00-04:00,117.15042709516695,117.73005831356434,117.12238168877134,117.65526580810547,3400,0.0,0.0,0.0
2024-03-20 00:00:00-04:00,117.81420570010252,119.04825362672297,117.62723155133837,119.03890991210938,3900,0.0,0.0,0.0
2024-03-21 00:00:00-04:00,119.45024755331043,119.50634550077854,119.12303924560547,119.12303924560547,28600,0.0,0.0,0.0
2024-03-22 00:00:00-04:00,119.00151217714627,119.02955758585175,118.73039467198251,118.92671966552734,3500,0.0,0.0,0.0
2024-03-25 00:00:00-04:00,118.71169616566948,118.8425794903502,118.59015655517578,118.59015655517578,3200,0.0,0.0,0.0
2024-03-26 00:00:00-04:00,119.2352319421095,119.37546611649756,118.81452941894531,118.81452941894531,25000,0.0,0.0,0.0
2024-03-27 00:00:00-04:00,119.1510972470139,119.98314437424017,119.1510972470139,119.97380065917969,10200,0.0,0.0,0.0
2024-03-28 00:00:00-04:00,119.88964608189872,120.12336730957031,119.81485357721841,120.12336730957031,3800,0.0,0.0,0.0
2024-04-01 00:00:00-04:00,119.95508259622301,120.07662220149473,119.16978268187938,119.4595947265625,4500,0.0,0.0,0.0
2024-04-02 00:00:00-04:00,119.06695179135657,119.06695179135657,118.69299637230783,118.94541931152344,6000,0.0,0.0,0.0
2024-04-03 00:00:00-04:00,118.96411902978517,119.63723738673069,118.9080282109086,119.42221069335938,6200,0.0,0.0,0.0
2024-04-04 00:00:00-04:00,120.24490788418596,120.43189630218639,118.27230703468125,118.3751449584961,3100,0.0,0.0,0.0
2024-04-05 00:00:00-04:00,118.34709419548727,119.19784300845379,118.29100337532924,118.97347259521484,4500,0.0,0.0,0.0
2024-04-08 00:00:00-04:00,119.28197651356129,119.70267192034889,119.28197651356129,119.42221069335938,4000,0.0,0.0,0.0
2024-04-09 00:00:00-04:00,119.47830560726007,119.47830560726007,118.87997977909943,119.38481140136719,4400,0.0,0.0,0.0
2024-04-10 00:00:00-04:00,118.01987556287034,118.07597351074219,117.40285519712975,118.07597351074219,3600,0.0,0.0,0.0
2024-04-11 00:00:00-04:00,117.72072582020157,118.16012294251823,117.09435453769389,118.15077209472656,7100,0.0,0.0,0.0
2024-04-12 00:00:00-04:00,117.29066452208116,117.29066452208116,116.11270749246084,116.1875,3900,0.0,0.0,0.0
2024-04-15 00:00:00-04:00,117.49633765823394,117.49633765823394,115.67331490754292,115.74810028076172,4500,0.0,0.0,0.0
2024-04-16 00:00:00-04:00,115.42090320128582,115.42090320128582,114.85062277100702,114.95346069335938,2600,0.0,0.0,0.0
2024-04-17 00:00:00-04:00,115.22456751039793,115.22456751039793,114.91605377197266,114.91605377197266,1500,0.0,0.0,0.0
2024-04-18 00:00:00-04:00,115.04694620966607,115.79485706525769,115.00020623907068,115.02825164794922,3100,0.0,0.0,0.0
2024-04-19 00:00:00-04:00,115.21522087449745,115.4395984011553,115.1591300591361,115.2806625366211,1500,0.0,0.0,0.0
2024-04-22 00:00:00-04:00,116.86997468112831,117.02890341771713,115.5237380121255,116.44927215576172,4900,0.0,0.0,0.0
2024-04-23 00:00:00-04:00,116.73907962067105,117.83289323800345,116.72972877457428,117.37480163574219,11600,0.0,0.0,0.0
2024-04-24 00:00:00-04:00,117.55243379122587,117.69266796284218,117.06629674657638,117.5150375366211,8700,0.0,0.0,0.0
2024-04-25 00:00:00-04:00,116.04726832512516,117.28131619561387,116.04726832512516,117.05694580078125,3800,0.0,0.0,0.0
2024-04-26 00:00:00-04:00,117.40285026524964,117.88898728654453,117.37480485879496,117.68331146240234,4800,0.0,0.0,0.0
2024-04-29 00:00:00-04:00,117.95443005699022,118.4966650289085,117.88898839711084,118.19750213623047,4900,0.0,0.0,0.0
2024-04-30 00:00:00-04:00,117.6739718831854,118.01053103767855,116.70169067382812,116.70169067382812,4300,0.0,0.0,0.0
2024-05-01 00:00:00-04:00,116.40253423956439,117.63658216372131,116.27165090916945,116.3744888305664,6700,0.0,0.0,0.0
2024-05-02 00:00:00-04:00,117.08498698037553,117.80485237285174,117.08498698037553,117.58047485351562,1800,0.0,0.0,0.0
2024-05-03 00:00:00-04:00,118.46863399827485,118.71170610701174,118.04793144862177,118.54342651367188,4100,0.0,0.0,0.0
2024-05-06 00:00:00-04:00,119.21653157112601,119.35676574707031,119.04825198651416,119.35676574707031,3300,0.0,0.0,0.0
2024-05-07 00:00:00-04:00,119.6652704879015,119.88964800554258,119.53438716891382,119.64657592773438,2900,0.0,0.0,0.0
2024-05-08 00:00:00-04:00,119.15108851867427,119.7400706242578,119.15108851867427,119.70266723632812,4500,0.0,0.0,0.0
2024-05-09 00:00:00-04:00,119.60919203859295,120.52537536621094,119.60919203859295,120.52537536621094,5000,0.0,0.0,0.0
2024-05-10 00:00:00-04:00,120.65625328754973,120.66561126708984,120.57211706296509,120.66561126708984,3100,0.0,0.0,0.0
2024-05-13 00:00:00-04:00,121.0582374956302,121.18912079659815,120.79647089369429,120.82451629638672,3100,0.0,0.0,0.0
2024-05-14 00:00:00-04:00,121.18913029452293,121.6659164428711,121.17977231608542,121.6659164428711,4700,0.0,0.0,0.0
2024-05-15 00:00:00-04:00,122.12402126577955,122.62885284423828,121.93703287022056,122.62885284423828,3900,0.0,0.0,0.0
2024-05-16 00:00:00-04:00,122.5634318551696,122.70365890211527,122.37644343895762,122.43254852294922,6700,0.0,0.0,0.0
2024-05-17 00:00:00-04:00,122.44188657748174,122.65690612792969,122.40448318988308,122.65690612792969,2900,0.0,0.0,0.0
2024-05-20 00:00:00-04:00,122.83454189951243,123.01217233530163,122.64756774902342,122.64756774902344,2100,0.0,0.0,0.0
2024-05-21 00:00:00-04:00,122.53539168659582,122.84389120307074,122.526033706257,122.66627502441406,4300,0.0,0.0,0.0
2024-05-22 00:00:00-04:00,122.32970368893069,122.32970368893069,121.73137788041026,121.8716049194336,3700,0.0,0.0,0.0
2024-05-23 00:00:00-04:00,122.73168584572784,122.73168584572784,120.87125979995307,120.91800689697266,9400,0.0,0.0,0.0
2024-05-24 00:00:00-04:00,121.83422473976442,121.83422473976442,121.59114550066587,121.7687759399414,3000,0.0,0.0,0.0
2024-05-28 00:00:00-04:00,122.10532854016458,122.10532854016458,121.32002857590946,121.63788604736328,2700,0.0,0.0,0.0
2024-05-29 00:00:00-04:00,120.53472386691014,120.53472386691014,120.05793762207031,120.05793762207031,7100,0.0,0.0,0.0
2024-05-30 00:00:00-04:00,121.97444345972617,121.97444345972617,120.4038292885766,120.79649353027344,4200,0.0,0.0,0.0
2024-05-31 00:00:00-04:00,121.17976716444609,122.07726287841797,120.60948684723313,122.07726287841797,9700,0.0,0.0,0.0
2024-06-03 00:00:00-04:00,122.4792868818564,122.4792868818564,121.4976689785692,122.04924774169922,7700,0.0,0.0,0.0
2024-06-04 00:00:00-04:00,121.52570130848046,121.79681167068362,121.24523296692425,121.78746795654297,2900,0.0,0.0,0.0
2024-06-05 00:00:00-04:00,122.18947240327984,122.32971371901438,121.74073157639938,122.28296661376953,9700,0.0,0.0,0.0
2024-06-06 00:00:00-04:00,122.39512708990019,122.74102993151472,122.38578337655238,122.47926330566406,3800,0.0,0.0,0.0
2024-06-07 00:00:00-04:00,121.98377686622507,122.37642680953002,121.71266652389953,121.89029693603516,11900,0.0,0.0,0.0
2024-06-10 00:00:00-04:00,121.45091534308064,122.03988320034664,121.41351195407802,121.9183578491211,6400,0.0,0.0,0.0
2024-06-11 00:00:00-04:00,120.9834705439894,120.9834705439894,120.16076718408303,120.61886596679688,27200,0.0,0.0,0.0
2024-06-12 00:00:00-04:00,122.23620838950126,122.23620838950126,120.79649182933176,121.35741424560547,7400,0.0,0.0,0.0
2024-06-13 00:00:00-04:00,121.02085694023116,121.02085694023116,119.98313404926317,120.42253112792969,4000,0.0,0.0,0.0
2024-06-14 00:00:00-04:00,119.61852921126241,119.81486133190673,119.41286050898896,119.7494125366211,3500,0.0,0.0,0.0
2024-06-17 00:00:00-04:00,119.66528440635564,120.62821485059595,119.51569937719644,120.4505844116211,5600,0.0,0.0,0.0
2024-06-18 00:00:00-04:00,120.47861493074252,121.06759699450247,120.47861493074252,120.88062286376953,5000,0.0,0.0,0.0
2024-06-20 00:00:00-04:00,121.30130842885943,121.60047842604287,121.0114964098446,121.38544464111328,6900,0.0,0.0,0.0
2024-06-21 00:00:00-04:00,120.70299424349405,120.95541716960747,120.38513678999536,120.83387756347656,3900,0.0,0.0,0.0
2024-06-24 00:00:00-04:00,121.49616983474327,122.02523325042601,121.42058728737474,121.59063720703125,3600,1.351,0.0,0.0
2024-06-25 00:00:00-04:00,121.59063037202725,121.59063037202725,121.16549118088756,121.38278198242188,2800,0.0,0.0,0.0
2024-06-26 00:00:00-04:00,120.92929851955805,121.07100677490234,120.82537432700697,121.07100677490234,3800,0.0,0.0,0.0
2024-06-27 00:00:00-04:00,121.12770469503305,121.17493116962943,120.86316579940392,120.9765396118164,3500,0.0,0.0,0.0
2024-06-28 00:00:00-04:00,121.60954075037877,121.60954075037877,120.95765387017138,121.04267883300781,3500,0.0,0.0,0.0
2024-07-01 00:00:00-04:00,121.92129940514447,122.1480326134173,121.20327246989181,121.37333679199219,6000,0.0,0.0,0.0
2024-07-02 00:00:00-04:00,121.19383905089894,121.75124411712409,121.02378913207642,121.70401763916016,5400,0.0,0.0,0.0
2024-07-03 00:00:00-04:00,122.32753984521077,122.59207153320312,122.28029895466304,122.59207153320312,2400,0.0,0.0,0.0
2024-07-05 00:00:00-04:00,123.26287015743473,123.26287015743473,122.56374238732481,123.16838836669922,2500,0.0,0.0,0.0
2024-07-08 00:00:00-04:00,123.52738891547018,123.52738891547018,122.96052706231049,122.9888687133789,5800,0.0,0.0,0.0
2024-07-09 00:00:00-04:00,122.86606988064699,123.07391828297251,122.5542972771587,122.71490478515625,3400,0.0,0.0,0.0
2024-07-10 00:00:00-04:00,123.08334909375904,123.75413513183594,123.02666579226717,123.75413513183594,4000,0.0,0.0,0.0
2024-07-11 00:00:00-04:00,124.22651965835426,124.31154461364434,123.81082287796346,123.93363189697266,8100,0.0,0.0,0.0
2024-07-12 00:00:00-04:00,124.406014394464,125.68144641214415,124.406014394464,124.99177551269531,2900,0.0,0.0,0.0
2024-07-15 00:00:00-04:00,124.85951549358545,124.85951549358545,124.32099524269542,124.47216033935547,5900,0.0,0.0,0.0
2024-07-16 00:00:00-04:00,124.57606826458559,125.66253662109375,124.53828420330585,125.66253662109375,7600,0.0,0.0,0.0
2024-07-17 00:00:00-04:00,125.0106800281034,125.51140179462827,125.0106800281034,125.1712875366211,3400,0.0,0.0,0.0
2024-07-18 00:00:00-04:00,125.26575596960716,125.48306120287893,124.00922312844578,124.21707153320312,4700,0.0,0.0,0.0
2024-07-19 00:00:00-04:00,123.73524780659972,123.73524780659972,123.02667763793517,123.20618438720703,2900,0.0,0.0,0.0
2024-07-22 00:00:00-04:00,124.13203660731966,124.39656829833984,123.72579665893008,124.39656829833984,3700,0.0,0.0,0.0
2024-07-23 00:00:00-04:00,123.93363178163415,124.3209869099011,123.79192352294922,123.79192352294922,4200,0.0,0.0,0.0
2024-07-24 00:00:00-04:00,123.34789924298519,123.34789924298519,122.30867158964026,122.3370132446289,7900,0.0,0.0,0.0
2024-07-25 00:00:00-04:00,121.73235737047993,122.75268569910057,121.73235737047993,122.07247161865234,6500,0.0,0.0,0.0
2024-07-26 00:00:00-04:00,122.90386673879408,123.77304450448716,122.79994252681455,123.33846282958984,6000,0.0,0.0,0.0
2024-07-29 00:00:00-04:00,123.48961223488854,123.48961223488854,122.89440869507915,123.14949798583984,4300,0.0,0.0,0.0
2024-07-30 00:00:00-04:00,123.49904134997887,123.49904134997887,123.06444536125,123.36677551269531,3500,0.0,0.0,0.0
2024-07-31 00:00:00-04:00,124.60441124221065,124.97286711116851,124.07534788328606,124.5193862915039,9000,0.0,0.0,0.0
2024-08-01 00:00:00-04:00,123.68799241166202,124.00920739065049,121.61896545517959,122.11024475097656,8400,0.0,0.0,0.0
2024-08-02 00:00:00-04:00,122.97943870686856,122.97943870686856,119.2381890215448,119.98455047607422,7900,0.0,0.0,0.0
2024-08-05 00:00:00-04:00,117.75491356845886,117.75491356845886,114.75057577226703,116.8196029663086,12800,0.0,0.0,0.0
2024-08-06 00:00:00-04:00,116.2810919169598,118.60520123936497,116.2810919169598,117.43370056152344,13800,0.0,0.0,0.0
2024-08-07 00:00:00-04:00,119.54996054742843,119.68222640318979,117.68878173828125,117.68878173828125,8600,0.0,0.0,0.0
2024-08-08 00:00:00-04:00,118.6240909521075,119.7766995741237,118.24619263035332,119.62554168701172,3600,0.0,0.0,0.0
2024-08-09 00:00:00-04:00,119.60664105132872,120.13571166992188,119.29486845236374,120.13571166992188,2100,0.0,0.0,0.0
2024-08-12 00:00:00-04:00,120.30576341676101,120.38134596455876,119.81449127197266,119.81449127197266,2400,0.0,0.0,0.0
2024-08-13 00:00:00-04:00,120.73090915654679,121.59063720703125,120.60809292303428,121.59063720703125,2600,0.0,0.0,0.0
2024-08-14 00:00:00-04:00,121.7606881218359,122.11024475097656,121.59062380502739,122.11024475097656,1900,0.0,0.0,0.0
2024-08-15 00:00:00-04:00,123.39511901988332,124.047005804842,123.2534107691946,123.88639831542969,5800,0.0,0.0,0.0
2024-08-16 00:00:00-04:00,123.7919226919107,124.48159357270765,123.7919226919107,124.44380950927734,2800,0.0,0.0,0.0
2024-08-19 00:00:00-04:00,125.19016512235375,125.81371029529215,125.19016512235375,125.80426788330078,8700,0.0,0.0,0.0
2024-08-20 00:00:00-04:00,125.45470872058779,125.52084885849145,125.25631713867188,125.25631713867188,6200,0.0,0.0,0.0
2024-08-21 00:00:00-04:00,125.9176367898838,126.06880187988281,125.73813004749704,126.06880187988281,1900,0.0,0.0,0.0
2024-08-22 00:00:00-04:00,126.42784325573625,126.42784325573625,125.26577758789062,125.26577758789062,3100,0.0,0.0,0.0
2024-08-23 00:00:00-04:00,126.18219489786563,127.2497787475586,126.13495399536693,127.2497787475586,5800,0.0,0.0,0.0
2024-08-26 00:00:00-04:00,127.230863202956,127.53319340749452,126.94743224017553,126.9663314819336,3700,0.0,0.0,0.0
2024-08-27 00:00:00-04:00,127.4103455611594,127.6181939330028,127.24973807671583,127.52371215820312,5700,0.0,0.0,0.0
2024-08-28 00:00:00-04:00,127.49539079246301,127.87330353588983,126.53173131659607,127.21195983886719,28900,0.0,0.0,0.0
2024-08-29 00:00:00-04:00,127.58042434650399,128.18507036081357,127.25920930487973,127.35369110107422,10300,0.0,0.0,0.0
2024-08-30 00:00:00-04:00,127.94886671958278,128.37402034148002,127.15527161292864,128.3173370361328,5900,0.0,0.0,0.0
2024-09-03 00:00:00-04:00,126.9851982682336,126.9851982682336,125.75700735402332,126.00263977050781,8100,0.0,0.0,0.0
2024-09-04 00:00:00-04:00,125.70978589559309,126.42781285086345,125.68144424376885,125.89873504638672,3700,0.0,0.0,0.0
2024-09-05 00:00:00-04:00,126.25776176015431,126.25776176015431,125.42636811042851,125.53974914550781,3700,0.0,0.0,0.0
2024-09-06 00:00:00-04:00,125.72869299695782,125.72869299695782,123.47071662643222,123.5368423461914,3600,0.0,0.0,0.0
2024-09-09 00:00:00-04:00,124.32099363259998,125.25631143818646,124.31155122014242,124.88785552978516,5200,0.0,0.0,0.0
2024-09-10 00:00:00-04:00,125.04845918676709,125.04845918676709,123.84860971034279,124.59497833251953,9400,0.0,0.0,0.0
2024-09-11 00:00:00-04:00,124.72725369903274,125.25631713867188,123.09280806798625,125.25631713867188,6100,0.0,0.0,0.0
2024-09-12 00:00:00-04:00,125.47361885061488,126.3900375366211,125.04847957943336,126.3900375366211,4500,0.0,0.0,0.0
2024-09-13 00:00:00-04:00,126.3049927333033,126.89073944091797,126.3049927333033,126.89073944091797,2800,0.0,0.0,0.0
2024-09-16 00:00:00-04:00,127.38202256110898,127.62765502929688,127.10803402361388,127.62765502929688,3300,0.0,0.0,0.0
2024-09-17 00:00:00-04:00,128.03392618847792,128.03392618847792,127.42928014338057,127.5143051147461,4300,0.0,0.0,0.0
2024-09-18 00:00:00-04:00,127.79772741421505,128.2039674159446,127.23086547851562,127.23086547851562,3700,0.0,0.0,0.0
2024-09-19 00:00:00-04:00,129.30932531956506,129.30932531956506,128.4496044846134,128.93142700195312,4700,0.0,0.0,0.0
2024-09-20 00:00:00-04:00,128.50627401728846,128.619640617242,128.00555231296676,128.37400817871094,3600,0.0,0.0,0.0
2024-09-23 00:00:00-04:00,129.67961977247626,129.67961977247626,128.69352700028534,129.082275390625,12100,0.487,0.0,0.0
2024-09-24 00:00:00-04:00,129.7934146152443,130.25801748193697,129.7934146152443,130.09683227539062,6200,0.0,0.0,0.0
2024-09-25 00:00:00-04:00,130.3243531022204,130.3243531022204,129.5373799912163,129.6511688232422,6800,0.0,0.0,0.0
2024-09-26 00:00:00-04:00,131.06392072848828,131.51904713958155,130.9880663266394,131.4147491455078,17400,0.0,0.0,0.0
2024-09-27 00:00:00-04:00,131.21565313434272,131.69920875689164,131.10187874497836,131.2061767578125,10000,0.0,0.0,0.0
2024-09-30 00:00:00-04:00,130.89325664048096,131.5379973420897,129.76494594491805,130.71310424804688,39400,0.0,0.0,0.0
2024-10-01 00:00:00-04:00,130.02095535808408,130.41918011729402,129.594272538879,130.26747131347656,7300,0.0,0.0,0.0
2024-10-02 00:00:00-04:00,130.3717822755398,130.49504749937097,129.80288143851044,130.3338623046875,3600,0.0,0.0,0.0
2024-10-03 00:00:00-04:00,129.17710809686452,129.6322200866057,129.0443664970338,129.18658447265625,2400,0.0,0.0,0.0
2024-10-04 00:00:00-04:00,130.07783992108028,130.71310424804688,129.92613112032026,130.71310424804688,3200,0.0,0.0,0.0
2024-10-07 00:00:00-04:00,130.68467953249214,130.68467953249214,129.55636867395583,129.8692626953125,3600,0.0,0.0,0.0
2024-10-08 00:00:00-04:00,129.81237808071793,130.17266845703125,129.27192081462306,130.17266845703125,4900,0.0,0.0,0.0
2024-10-09 00:00:00-04:00,129.36675916716257,130.5235137939453,129.36675916716257,130.5235137939453,6500,0.0,0.0,0.0
2024-10-10 00:00:00-04:00,130.13473686206555,130.32436564336035,129.76495567482863,130.0873260498047,6000,0.0,0.0,0.0
2024-10-11 00:00:00-04:00,129.88822150256058,131.26304825808413,129.88822150256058,130.82688903808594,3100,0.0,0.0,0.0
2024-10-14 00:00:00-04:00,130.7699979939104,131.30096435546875,130.69414358972375,131.30096435546875,1200,0.0,0.0,0.0
2024-10-15 00:00:00-04:00,130.85535458264403,130.97861982222827,129.90719604492188,129.90719604492188,2700,0.0,0.0,0.0
2024-10-16 00:00:00-04:00,130.13474175374697,130.77948252793445,130.13474175374697,130.73208618164062,7200,0.0,0.0,0.0
2024-10-17 00:00:00-04:00,130.72259818498495,130.88378338204203,130.64674377441406,130.64674377441406,2300,0.0,0.0,0.0
2024-10-18 00:00:00-04:00,130.8079566529516,131.1682470548716,130.7889894314555,131.08291625976562,2400,0.0,0.0,0.0
2024-10-21 00:00:00-04:00,130.76054453598584,130.76054453598584,129.85030599396507,129.99253845214844,3000,0.0,0.0,0.0
2024-10-22 00:00:00-04:00,129.50896284509898,130.20112894978945,129.49948646872315,130.11578369140625,7000,0.0,0.0,0.0
2024-10-23 00:00:00-04:00,129.09176918146932,129.14867084226117,128.5987371966066,128.65562438964844,4200,0.0,0.0,0.0
2024-10-24 00:00:00-04:00,129.3667471638629,129.3667471638629,128.5987410989924,128.94007873535156,7800,0.0,0.0,0.0
2024-10-25 00:00:00-04:00,129.43308571141478,129.48998736293234,128.41856384277344,128.41856384277344,8500,0.0,0.0,0.0
2024-10-28 00:00:00-04:00,131.02600497484207,131.02600497484207,129.40464782714844,129.40464782714844,2100,0.0,0.0,0.0
2024-10-29 00:00:00-04:00,129.2244933540429,129.35723494248228,128.9495338021856,129.082275390625,6400,0.0,0.0,0.0
2024-10-30 00:00:00-04:00,128.5702779110193,128.7504158444201,128.27633666992188,128.27633666992188,3100,0.0,0.0,0.0
2024-10-31 00:00:00-04:00,127.73591365322982,127.73591365322982,126.93946398938185,127.23339080810547,2300,0.0,0.0,0.0
2024-11-01 00:00:00-04:00,128.2005097912984,128.32376055115267,127.55575452508111,127.59368896484375,5700,0.0,0.0,0.0
2024-11-04 00:00:00-05:00,128.2005138757561,128.2005138757561,127.385097007877,127.47990417480469,2000,0.0,0.0,0.0
2024-11-05 00:00:00-05:00,129.9640703906402,129.9640703906402,128.4659784798196,128.6935272216797,8700,0.0,0.0,0.0
2024-11-06 00:00:00-05:00,129.74598814940356,129.84080977370095,128.4185722157318,129.71754455566406,57300,0.0,0.0,0.0
2024-11-07 00:00:00-05:00,130.60882325846515,130.87430646048162,130.4191944667033,130.66571044921875,3700,0.0,0.0,0.0
2024-11-08 00:00:00-05:00,130.00198835630587,130.00198835630587,129.42361120007183,129.87872314453125,5900,0.0,0.0,0.0
2024-11-11 00:00:00-05:00,130.22958130827678,130.4476537215938,130.0589052477778,130.28646850585938,16200,0.0,0.0,0.0
2024-11-12 00:00:00-05:00,129.42360866482946,129.42360866482946,128.0961928245969,128.42803955078125,4200,0.0,0.0,0.0
2024-11-13 00:00:00-05:00,129.29088800150834,129.29088800150834,127.897093909859,128.3048095703125,5100,0.0,0.0,0.0
2024-11-14 00:00:00-05:00,128.50390716606822,128.759913985778,128.09620599740913,128.10568237304688,3900,0.0,0.0,0.0
2024-11-15 00:00:00-05:00,128.17204266510805,128.17204266510805,127.5083346936871,127.81175231933594,6900,0.0,0.0,0.0
2024-11-18 00:00:00-05:00,128.0961967662155,128.78834829936713,128.0961967662155,128.71249389648438,3800,0.0,0.0,0.0
2024-11-19 00:00:00-05:00,127.67901241194721,128.59872720869205,127.67901241194721,128.5133819580078,2500,0.0,0.0,0.0
2024-11-20 00:00:00-05:00,128.39961904262893,128.39961904262893,127.62213661578826,128.23843383789062,6200,0.0,0.0,0.0
2024-11-21 00:00:00-05:00,128.5323594301384,129.20555830730083,127.8117642038413,129.02540588378906,5500,0.0,0.0,0.0
2024-11-22 00:00:00-05:00,129.45207175358672,129.90718375767636,129.25296658143802,129.83132934570312,6700,0.0,0.0,0.0
2024-11-25 00:00:00-05:00,130.48555083084838,130.87429923653937,129.9071736438626,130.0873260498047,12300,0.0,0.0,0.0
2024-11-26 00:00:00-05:00,130.020956909089,130.020956909089,129.5468777423151,129.85977172851562,4400,0.0,0.0,0.0
2024-11-27 00:00:00-05:00,130.03992670019963,130.1063047367656,129.78393433337348,129.8123779296875,2500,0.0,0.0,0.0
2024-11-29 00:00:00-05:00,130.13473747262557,131.0354850388135,130.13473747262557,130.82688903808594,2700,0.0,0.0,0.0
2024-12-02 00:00:00-05:00,131.87935780162675,131.87935780162675,130.32437849329114,130.9027557373047,6200,0.0,0.0,0.0
2024-12-03 00:00:00-05:00,130.99760138309585,131.282051869099,130.93122333366895,131.07345581054688,4300,0.0,0.0,0.0
2024-12-04 00:00:00-05:00,131.07344109862515,131.1587718945226,130.66572540530777,131.05447387695312,8200,0.0,0.0,0.0
2024-12-05 00:00:00-05:00,131.66127620065328,131.96467936587993,131.50956738416542,131.51905822753906,5400,0.0,0.0,0.0
2024-12-06 00:00:00-05:00,132.14485187351124,132.2112299162253,131.31048219143565,131.39581298828125,2800,0.0,0.0,0.0
2024-12-09 00:00:00-05:00,131.95521315884622,132.20172915382395,131.2630615234375,131.2630615234375,5800,0.0,0.0,0.0
2024-12-10 00:00:00-05:00,131.09238249957642,131.09238249957642,130.58038330078125,130.58038330078125,4800,0.0,0.0,0.0
2024-12-11 00:00:00-05:00,131.10188469725762,131.22513546874802,130.59936183108235,131.05447387695312,5600,0.0,0.0,0.0
2024-12-12 00:00:00-05:00,130.92169117410273,130.92169117410273,130.18212890625,130.18212890625,12000,0.0,0.0,0.0
2024-12-13 00:00:00-05:00,130.54246443038608,130.54246443038608,130.01149794823365,130.191650390625,3300,0.0,0.0,0.0
2024-12-16 00:00:00-05:00,130.42867623629851,130.42867623629851,129.76496820381044,129.77444458007812,4100,0.0,0.0,0.0
2024-12-17 00:00:00-05:00,130.0020063287844,130.0020063287844,129.12970228641487,129.43310546875,9300,0.0,0.0,0.0
2024-12-18 00:00:00-05:00,129.0917649474818,129.37621537111158,125.93441009521484,125.93441009521484,3500,0.0,0.0,0.0
2024-12-19 00:00:00-05:00,126.78774507202134,127.06270464799472,125.77320861816406,125.77320861816406,5200,0.0,0.0,0.0
2024-12-20 00:00:00-05:00,125.3086244296935,127.32819209343457,125.3086244296935,126.42744445800781,10700,0.0,0.0,0.0
2024-12-23 00:00:00-05:00,126.63356750831136,127.09375,125.78992886382743,127.09375,35100,1.465,0.0,0.0
2024-12-24 00:00:00-05:00,127.40053023715885,128.08120773158336,127.25673234392222,127.88945770263672,7300,0.0,0.0,0.0
2024-12-26 00:00:00-05:00,129.27957288338808,129.27957288338808,128.3496408267844,128.49343872070312,5800,0.0,0.0,0.0
2024-12-27 00:00:00-05:00,127.91819342603212,127.91819342603212,127.29504983358463,127.74563598632812,5800,0.0,0.0,0.0
2024-12-30 00:00:00-05:00,129.14535637943905,129.14535637943905,126.43225730134064,126.82530975341797,5500,0.0,0.0,0.0
2024-12-31 00:00:00-05:00,127.27587522818004,127.48678852341082,126.4034771016938,126.57603454589844,10300,0.0,0.0,0.0
2025-01-02 00:00:00-05:00,127.23752546014927,127.43884246486724,126.14461783484163,126.56644439697266,9700,0.0,0.0,0.0
2025-01-03 00:00:00-05:00,127.01703224178846,127.31422424316406,126.68148439144619,127.31422424316406,2900,0.0,0.0,0.0
2025-01-06 00:00:00-05:00,128.02366941108252,128.46467398217627,127.60185739637168,127.6497802734375,9200,0.0,0.0,0.0
2025-01-07 00:00:00-05:00,128.25376196030965,128.25376196030965,126.7965466223093,127.25672912597656,9800,0.0,0.0,0.0
2025-01-08 00:00:00-05:00,126.85405809928046,127.19917297363281,126.51851024458846,127.19917297363281,7400,0.0,0.0,0.0
2025-01-10 00:00:00-05:00,127.59225089143652,127.59225089143652,125.13800294068677,125.29139709472656,13800,0.0,0.0,0.0
2025-01-13 00:00:00-05:00,124.62990113634277,125.85702514648438,124.62990113634277,125.85702514648438,3100,0.0,0.0,0.0
2025-01-14 00:00:00-05:00,126.48015744631184,126.52809494506292,125.73237927690163,126.48975372314453,6900,0.0,0.0,0.0
2025-01-15 00:00:00-05:00,128.23456854960563,128.60845764589757,128.0524294542603,128.455078125,39000,0.0,0.0,0.0
2025-01-16 00:00:00-05:00,128.39752779845864,128.7330756283952,128.1482733092142,128.71389770507812,7700,0.0,0.0,0.0
2025-01-17 00:00:00-05:00,129.3850140399795,129.88352309812743,129.3850140399795,129.69178771972656,5300,0.0,0.0,0.0
2025-01-21 00:00:00-05:00,130.74636000572647,131.47496032714844,130.74636000572647,131.47496032714844,39400,0.0,0.0,0.0
2025-01-22 00:00:00-05:00,131.79130679126592,131.79130679126592,131.13938903808594,131.13938903808594,8200,0.0,0.0,0.0
2025-01-23 00:00:00-05:00,131.57084699898303,132.51036071777344,131.57084699898303,132.51036071777344,7500,0.0,0.0,0.0
2025-01-24 00:00:00-05:00,132.52951374168057,132.91298447731603,132.3473600222889,132.5582733154297,5600,0.0,0.0,0.0
2025-01-27 00:00:00-05:00,131.92552557727998,132.71164492704528,131.92552557727998,132.6253662109375,8800,0.0,0.0,0.0
2025-01-28 00:00:00-05:00,132.92258481414748,132.96094067018626,132.4815948690123,132.85548400878906,7900,0.0,0.0,0.0
2025-01-29 00:00:00-05:00,132.94175158870422,133.29646277070228,132.74043456104596,132.89381408691406,6700,0.0,0.0,0.0
2025-01-30 00:00:00-05:00,133.88126835344397,134.7632774475409,133.25812470083608,134.25515747070312,9000,0.0,0.0,0.0
2025-01-31 00:00:00-05:00,134.18805269604667,134.48524472552043,133.01844787597656,133.01844787597656,3900,0.0,0.0,0.0
2025-02-03 00:00:00-05:00,130.9285021236866,132.41446221126,130.54501675554584,132.0405731201172,10700,0.0,0.0,0.0
2025-02-04 00:00:00-05:00,132.2323193141486,133.0663909153353,132.2323193141486,132.9321746826172,6500,0.0,0.0,0.0
2025-02-05 00:00:00-05:00,133.5265321978058,134.03463745117188,133.1526431504521,134.03463745117188,3900,0.0,0.0,0.0
2025-02-06 00:00:00-05:00,134.72490234409523,134.72490234409523,134.0729992085718,134.4852294921875,6700,0.0,0.0,0.0
2025-02-07 00:00:00-05:00,135.0412757420468,135.0412757420468,133.5840606689453,133.5840606689453,4900,0.0,0.0,0.0
2025-02-10 00:00:00-05:00,134.30307893115253,134.49481429147744,134.101761922776,134.37977600097656,2900,0.0,0.0,0.0
2025-02-11 00:00:00-05:00,134.2263846844587,135.24260990964817,134.2263846844587,135.07003784179688,12900,0.0,0.0,0.0
2025-02-12 00:00:00-05:00,134.52358759823449,135.78905267074205,134.4564721769083,135.5685577392578,5600,0.0,0.0,0.0
2025-02-13 00:00:00-05:00,136.82445648654982,136.98743229141743,135.98080325808513,136.90115356445312,7900,0.0,0.0,0.0
2025-02-14 00:00:00-05:00,137.65849046397398,137.76394709993266,137.08328441840166,137.37088012695312,6900,0.0,0.0,0.0
2025-02-18 00:00:00-05:00,138.07075927390713,138.45423003737167,137.926946766254,138.37753295898438,10600,0.0,0.0,0.0
2025-02-19 00:00:00-05:00,137.48594683190325,137.75437927246094,137.322971037884,137.75437927246094,11800,0.0,0.0,0.0
2025-02-20 00:00:00-05:00,138.01321411132812,138.05155532905974,137.29419559398926,138.01321411132812,12900,0.0,0.0,0.0
2025-02-21 00:00:00-05:00,138.08990142015583,138.08990142015583,136.46972525848835,136.7285614013672,10700,0.0,0.0,0.0
2025-02-24 00:00:00-05:00,138.62681073248456,138.62681073248456,136.3163604736328,136.3163604736328,10300,0.0,0.0,0.0
2025-02-25 00:00:00-05:00,137.5818117607633,137.5818117607633,136.60395696424342,137.1312255859375,11100,0.0,0.0,0.0
2025-02-26 00:00:00-05:00,137.4859416285697,137.93652777141085,136.80526427604252,137.04493713378906,7600,0.0,0.0,0.0
2025-02-27 00:00:00-05:00,137.01618652628966,137.17916232480462,135.8561780108388,135.92327880859375,8000,0.0,0.0,0.0
2025-02-28 00:00:00-05:00,135.63567772009532,136.80528259277344,135.27138487490552,136.80528259277344,12500,0.0,0.0,0.0
2025-03-03 00:00:00-05:00,138.19537554584088,138.4542263499451,135.75072389403655,136.2108917236328,16800,0.0,0.0,0.0
2025-03-04 00:00:00-05:00,135.19467635582848,136.09584868591912,133.80457663809062,134.83995056152344,16500,0.0,0.0,0.0
2025-03-05 00:00:00-05:00,135.97121089851734,137.76395923931744,135.9616292502111,137.47634887695312,29700,0.0,0.0,0.0
2025-03-06 00:00:00-05:00,136.73816539378942,137.51470312318625,136.14376675091057,136.39303588867188,11200,0.0,0.0,0.0
2025-03-07 00:00:00-05:00,136.21088542501874,137.7639609208841,136.06707292784586,137.75437927246094,39500,0.0,0.0,0.0
2025-03-10 00:00:00-04:00,135.69318433866732,136.05749177867708,133.74704182324734,134.5619354248047,10200,0.0,0.0,0.0
2025-03-11 00:00:00-04:00,134.30309140605866,134.57152386114126,132.74043417721455,133.6895294189453,13300,0.0,0.0,0.0
2025-03-12 00:00:00-04:00,134.74408728205626,134.74408728205626,133.71828040082926,134.01547241210938,10200,0.0,0.0,0.0
2025-03-13 00:00:00-04:00,133.77583284854578,134.14972202491734,132.89383824347632,133.10475158691406,6400,0.0,0.0,0.0
2025-03-14 00:00:00-04:00,134.40854346252175,135.645263671875,134.40854346252175,135.645263671875,5900,0.0,0.0,0.0
2025-03-17 00:00:00-04:00,135.6548312553975,137.48593531533137,135.6548312553975,137.25584411621094,16400,0.0,0.0,0.0
2025-03-18 00:00:00-04:00,137.3037925813049,137.3037925813049,136.37386069137426,136.94908142089844,13600,0.0,0.0,0.0
2025-03-19 00:00:00-04:00,136.95866028257635,137.7831355096009,136.6327087024312,137.59140014648438,12700,0.0,0.0,0.0
2025-03-20 00:00:00-04:00,136.02873824114437,136.95867017935146,136.02873824114437,136.61354064941406,36700,0.0,0.0,0.0
2025-03-21 00:00:00-04:00,135.58770955110393,136.2683868408203,135.58770955110393,136.2683868408203,7600,0.0,0.0,0.0
2025-03-24 00:00:00-04:00,136.8136826505528,137.28492866930304,136.640580852615,137.18875122070312,16200,0.447,0.0,0.0
2025-03-25 00:00:00-04:00,137.6600182257767,137.84274660120255,137.15992183113028,137.33303833007812,5700,0.0,0.0,0.0
2025-03-26 00:00:00-04:00,137.1406870618601,137.3811160260817,136.15012090323657,136.40016174316406,31600,0.0,0.0,0.0
2025-03-27 00:00:00-04:00,136.08277284995165,136.68865844261688,136.08277284995165,136.25587463378906,10000,0.0,0.0,0.0
2025-03-28 00:00:00-04:00,135.44806365216772,135.44806365216772,134.19783004892292,134.30361938476562,3800,0.0,0.0,0.0
2025-03-31 00:00:00-04:00,132.72641148639258,134.75563270509343,132.72641148639258,134.44789123535156,14700,0.0,0.0,0.0
2025-04-01 00:00:00-04:00,134.14012712346317,134.78447500350163,133.091860333906,134.28439331054688,29200,0.0,0.0,0.0
2025-04-02 00:00:00-04:00,133.38037024968912,134.94797174187445,133.38037024968912,134.87103271484375,15200,0.0,0.0,0.0
2025-04-03 00:00:00-04:00,132.28404235069596,132.28404235069596,130.03363037109375,130.03363037109375,19600,0.0,0.0,0.0
2025-04-04 00:00:00-04:00,125.52315255483482,125.52315255483482,120.89729448528531,121.38777160644531,28400,0.0,0.0,0.0
2025-04-07 00:00:00-04:00,116.77154568351743,122.64763056374655,116.45417766777237,119.60861206054688,46500,0.0,0.0,0.0
2025-04-08 00:00:00-04:00,123.69588314425137,123.69588314425137,116.67536211332222,118.0698471069336,43400,0.0,0.0,0.0
2025-04-09 00:00:00-04:00,117.77173173141288,127.70625169711838,117.48322135522997,127.42736053466797,42800,0.0,0.0,0.0
2025-04-10 00:00:00-04:00,125.35004680214662,125.35004680214662,121.66668048391016,123.97480010986328,30900,0.0,0.0,0.0
2025-04-11 00:00:00-04:00,124.38832740096142,126.80224363218298,123.5708777142809,126.46563720703125,22800,0.0,0.0,0.0
2025-04-14 00:00:00-04:00,128.26404858115865,128.44677695536046,126.92726402864372,127.90821838378906,8100,0.0,0.0,0.0
2025-04-15 00:00:00-04:00,129.4277167575052,129.4277167575052,127.94666617759435,128.12939453125,9200,0.0,0.0,0.0
2025-04-16 00:00:00-04:00,127.9178214850715,128.55255747571815,126.28290745506428,127.04267120361328,16900,0.0,0.0,0.0
2025-04-17 00:00:00-04:00,127.92745069854598,129.11996900015248,127.69663360406417,128.08131408691406,10800,0.0,0.0,0.0
2025-04-21 00:00:00-04:00,127.50429247061496,127.8889729507736,125.51353356551378,126.6291275024414,16200,0.0,0.0,0.0
2025-04-22 00:00:00-04:00,128.23519698052044,129.68739740841568,128.23519698052044,129.61045837402344,9900,0.0,0.0,0.0
2025-04-23 00:00:00-04:00,132.00511228379506,132.44750803161298,130.37019827377267,130.7260284423828,9800,0.0,0.0,0.0
2025-04-24 00:00:00-04:00,131.50501602473466,132.5436707884767,131.16840964472485,132.43788146972656,9400,0.0,0.0,0.0
2025-04-25 00:00:00-04:00,132.4859643982075,132.85142110104545,131.9474058937844,132.82257080078125,8800,0.0,0.0,0.0
2025-04-28 00:00:00-04:00,133.88046903833785,134.37093883568878,133.03415440012995,133.9285430908203,18700,0.0,0.0,0.0
2025-04-29 00:00:00-04:00,134.12091670975053,134.70756404314497,133.8323989815101,134.3805694580078,9400,0.0,0.0,0.0
2025-04-30 00:00:00-04:00,133.08223838044657,134.49596179401942,131.74545399256826,134.4286346435547,11800,0.0,0.0,0.0
2025-05-01 00:00:00-04:00,134.39977763685525,134.83254679450113,134.14011027242054,134.16896057128906,7100,0.0,0.0,0.0
2025-05-02 00:00:00-04:00,135.85197710019105,136.2655225507915,135.57308595762473,136.08279418945312,34400,0.0,0.0,0.0
2025-05-05 00:00:00-04:00,136.1597212754742,136.2943608970785,135.61153623954505,135.78465270996094,14400,0.0,0.0,0.0
2025-05-06 00:00:00-04:00,135.97701173093432,136.0828010678659,135.20763606912485,135.38075256347656,13200,0.0,0.0,0.0
2025-05-07 00:00:00-04:00,135.05372884733586,135.7461653260238,134.82292647085123,135.2845458984375,9700,0.0,0.0,0.0
2025-05-08 00:00:00-04:00,135.54424452303476,136.61174978445095,135.32305396965893,135.61155700683594,18300,0.0,0.0,0.0
2025-05-09 00:00:00-04:00,136.6502030249422,136.6502030249422,135.94815455603845,136.08279418945312,16300,0.0,0.0,0.0
2025-05-12 00:00:00-04:00,138.54479267904208,138.6505820169152,137.52537615478502,138.6024932861328,21800,0.0,0.0,0.0
2025-05-13 00:00:00-04:00,138.61212548980953,139.08335691668134,138.16972969303873,138.74676513671875,31500,0.0,0.0,0.0
2025-05-14 00:00:00-04:00,139.5161257873829,139.5161257873829,138.2274153921246,138.53517150878906,47700,0.0,0.0,0.0
2025-05-15 00:00:00-04:00,138.93910644784324,139.63154311566763,138.58327623715775,139.6123046875,12000,0.0,0.0,0.0
2025-05-16 00:00:00-04:00,139.93927784602695,140.23742210707647,139.27570618975884,140.20855712890625,7000,0.0,0.0,0.0
2025-05-19 00:00:00-04:00,140.39128038062483,140.92022705078125,139.89119868758584,140.92022705078125,7900,0.0,0.0,0.0
2025-05-20 00:00:00-04:00,141.19915887422394,141.26647136757316,140.79522521563877,141.20877075195312,11300,0.0,0.0,0.0
2025-05-21 00:00:00-04:00,141.02600147370265,141.3433694422402,139.74691772460938,139.74691772460938,16100,0.0,0.0,0.0
2025-05-22 00:00:00-04:00,139.8912033950307,140.0835436430273,139.06412712148702,139.6699981689453,10800,0.0,0.0,0.0
2025-05-23 00:00:00-04:00,139.20838068604783,139.63153804263555,138.6794339903132,139.46804809570312,7600,0.0,0.0,0.0
2025-05-27 00:00:00-04:00,140.6221039702821,141.51649273825862,140.26627377329623,141.2856903076172,10800,0.0,0.0,0.0
2025-05-28 00:00:00-04:00,141.05485224652048,141.05485224652048,140.2854766845703,140.2854766845703,10400,0.0,0.0,0.0
2025-05-29 00:00:00-04:00,141.39146611614294,141.39146611614294,139.83347648530196,140.87213134765625,13600,0.0,0.0,0.0
2025-05-30 00:00:00-04:00,141.11258547987455,141.11258547987455,139.96814108456485,140.93948364257812,12500,0.0,0.0,0.0
2025-06-02 00:00:00-04:00,140.3720527114359,141.64151000976562,140.20854810235238,141.64151000976562,9100,0.0,0.0,0.0
2025-06-03 00:00:00-04:00,141.34339261467605,141.80501215612955,140.8240577902478,141.7280731201172,9200,0.0,0.0,0.0
2025-06-04 00:00:00-04:00,142.11275169146117,142.28585349629307,141.82423400878906,141.82423400878906,70500,0.0,0.0,0.0
2025-06-05 00:00:00-04:00,142.53592990886483,142.53592990886483,141.52612520871133,141.65113830566406,25100,0.0,0.0,0.0
2025-06-06 00:00:00-04:00,142.62247110806132,142.71863389342624,142.14161315737644,142.6513214111328,20600,0.0,0.0,0.0
2025-06-09 00:00:00-04:00,142.91099564001698,143.14179807561393,142.16085837508535,142.80520629882812,19000,0.0,0.0,0.0
2025-06-10 00:00:00-04:00,143.31491336555825,143.31491336555825,142.68017732379022,143.2283477783203,14500,0.0,0.0,0.0
2025-06-11 00:00:00-04:00,143.86307841655955,143.86307841655955,143.14179148926593,143.29566955566406,13500,0.0,0.0,0.0
2025-06-12 00:00:00-04:00,143.7380642678461,144.15159505929373,143.60342462939573,144.03619384765625,11000,0.0,0.0,0.0
2025-06-13 00:00:00-04:00,142.70903453757452,143.23798126465803,142.08392501668945,142.52630615234375,12000,0.0,0.0,0.0
2025-06-16 00:00:00-04:00,144.0073432884628,144.0265670406215,143.38221915242568,143.391845703125,6800,0.0,0.0,0.0
2025-06-17 00:00:00-04:00,142.9590619022902,142.9590619022902,141.63190394611385,141.67999267578125,8700,0.0,0.0,0.0
2025-06-18 00:00:00-04:00,142.28585466170924,142.48782144361965,141.74729614277356,141.83384704589844,8500,0.0,0.0,0.0
2025-06-20 00:00:00-04:00,141.96851998198764,142.0069968421493,141.09336952071305,141.20877075195312,6200,0.0,0.0,0.0
2025-06-23 00:00:00-04:00,141.32621227356796,142.0834197998047,140.31659236329673,142.0834197998047,9300,1.371,0.0,0.0
2025-06-24 00:00:00-04:00,143.37455755672565,144.2773762053612,143.2095266686826,144.0249786376953,13700,0.0,0.0,0.0
2025-06-25 00:00:00-04:00,143.73373071851947,143.73373071851947,143.02506523791763,143.19979858398438,14100,0.0,0.0,0.0
2025-06-26 00:00:00-04:00,144.3064774016304,144.7336230792257,144.00553789594213,144.71421813964844,6000,0.0,0.0,0.0
2025-06-27 00:00:00-04:00,145.56851168595318,146.14126854193728,145.15108324231713,145.76266479492188,8100,0.0,0.0,0.0
2025-06-30 00:00:00-04:00,146.1606933350941,146.2383575439453,145.5005697792585,146.2383575439453,9000,0.0,0.0,0.0
2025-07-01 00:00:00-04:00,146.1509827799757,146.93731248331792,146.10244080051197,146.72373962402344,35800,0.0,0.0,0.0
2025-07-02 00:00:00-04:00,146.81111481785328,147.4032914506334,146.27718263863628,147.3450469970703,7400,0.0,0.0,0.0
2025-07-03 00:00:00-04:00,147.91781102050294,148.01489498975388,147.6654134385581,147.8304443359375,10000,0.0,0.0,0.0
2025-07-07 00:00:00-04:00,147.42271385666913,147.42271385666913,146.00536793844063,146.31602478027344,8400,0.0,0.0,0.0
2025-07-08 00:00:00-04:00,146.2286364469238,146.99554634062855,146.2286364469238,146.74314880371094,8800,0.0,0.0,0.0
2025-07-09 00:00:00-04:00,147.24796365553834,147.62658223116688,146.8596574215193,147.60716247558594,12300,0.0,0.0,0.0
2025-07-10 00:00:00-04:00,147.393584648175,147.98576126355394,147.16059202783592,147.78189086914062,15500,0.0,0.0,0.0
2025-07-11 00:00:00-04:00,147.54890551549673,147.54890551549673,146.61694989473716,146.84022521972656,9800,0.0,0.0,0.0
2025-07-14 00:00:00-04:00,146.34514659206278,146.91790347801557,146.34514659206278,146.89849853515625,7300,0.0,0.0,0.0
2025-07-15 00:00:00-04:00,147.30621161489213,147.30621161489213,145.67529296875,145.67529296875,9200,0.0,0.0,0.0
2025-07-16 00:00:00-04:00,146.15099463697618,146.19953662037804,145.05400802641523,146.1898193359375,21600,0.0,0.0,0.0
2025-07-17 00:00:00-04:00,146.2966175554404,146.86937449207883,146.1315866489311,146.69464111328125,12200,0.0,0.0,0.0
2025-07-18 00:00:00-04:00,147.4032792006222,147.4032792006222,146.28688776561927,146.3839569091797,16800,0.0,0.0,0.0
2025-07-21 00:00:00-04:00,147.08292848935915,147.81101376667755,146.83053092587792,147.00526428222656,15700,0.0,0.0,0.0
2025-07-22 00:00:00-04:00,147.46154302830473,147.93723077693994,147.053817020732,147.8304443359375,10500,0.0,0.0,0.0
2025-07-23 00:00:00-04:00,149.5098612862335,150.5291835134768,149.02447116020633,150.305908203125,8700,0.0,0.0,0.0
2025-07-24 00:00:00-04:00,150.305926418685,150.305926418685,149.65550534853585,149.73316955566406,11600,0.0,0.0,0.0
2025-07-25 00:00:00-04:00,149.45162651422416,149.87877222284345,148.8982894374634,149.7622833251953,13100,0.0,0.0,0.0
2025-07-28 00:00:00-04:00,149.3351518324591,149.3351518324591,148.10225656756717,148.39349365234375,10600,0.0,0.0,0.0
2025-07-29 00:00:00-04:00,148.81092619715872,148.81092619715872,147.88868774752612,148.1508026123047,6400,0.0,0.0,0.0
2025-07-30 00:00:00-04:00,147.72364302301145,148.01488008851027,146.58783179920528,147.24795532226562,8200,0.0,0.0,0.0
2025-07-31 00:00:00-04:00,147.15089376756015,147.16059623883544,145.9277158048776,146.04420471191406,21400,0.0,0.0,0.0
2025-08-01 00:00:00-04:00,144.714240947333,144.85014961044857,144.06380504570848,144.61715698242188,30800,0.0,0.0,0.0
2025-08-04 00:00:00-04:00,145.95683609646755,146.36456207862255,145.6170570382052,146.29660034179688,10900,0.0,0.0,0.0
2025-08-05 00:00:00-04:00,146.76256063880896,146.78198039269384,145.97623095518907,146.3839569091797,14300,0.0,0.0,0.0
2025-08-06 00:00:00-04:00,147.26736515788073,147.6653886268234,146.8013947722265,147.52947998046875,5600,0.0,0.0,0.0
2025-08-07 00:00:00-04:00,148.57791802096122,148.57791802096122,147.45180939256338,147.9566192626953,8600,0.0,0.0,0.0
2025-08-08 00:00:00-04:00,148.76238655436845,149.3060211817161,148.58763838818808,149.07302856445312,4600,0.0,0.0,0.0
2025-08-11 00:00:00-04:00,148.80121604363123,148.9856666866223,148.52939872120223,148.70413208007812,9300,0.0,0.0,0.0
2025-08-12 00:00:00-04:00,149.5972364652153,150.35444384488713,149.37394635133813,150.3447265625,4800,0.0,0.0,0.0
2025-08-13 00:00:00-04:00,151.11169916128736,151.40293627961032,150.83988180096864,151.39321899414062,116800,0.0,0.0,0.0
2025-08-14 00:00:00-04:00,150.60684615772578,151.40289306640625,150.60684615772578,151.40289306640625,6800,0.0,0.0,0.0
2025-08-15 00:00:00-04:00,152.05333776322294,152.05333776322294,151.68443647358055,151.83004760742188,6900,0.0,0.0,0.0
2025-08-18 00:00:00-04:00,151.47085920729742,151.66501231776388,151.23786658697796,151.61647033691406,5500,0.0,0.0,0.0
2025-08-19 00:00:00-04:00,151.88829379545717,152.20863826232465,151.3058196843796,151.38348388671875,6500,0.0,0.0,0.0
2025-08-20 00:00:00-04:00,151.73297119140625,151.73297119140625,151.30582546867754,151.73297119140625,4000,0.0,0.0,0.0
2025-08-21 00:00:00-04:00,151.1310955021302,151.2961412163671,150.88840038616743,151.1602325439453,6800,0.0,0.0,0.0
2025-08-22 00:00:00-04:00,151.74267956105214,153.68424033043505,151.74267956105214,153.38330078125,4100,0.0,0.0,0.0
2025-08-25 00:00:00-04:00,153.42213192054012,153.42213192054012,152.3057403564453,152.3057403564453,4600,0.0,0.0,0.0
2025-08-26 00:00:00-04:00,151.95625037358963,152.33485412597656,151.91742567641813,152.33485412597656,5200,0.0,0.0,0.0
2025-08-27 00:00:00-04:00,151.4126241425827,152.31544282804367,151.4126241425827,152.3057403564453,2900,0.0,0.0,0.0
2025-08-28 00:00:00-04:00,152.80083170888255,152.82995393635753,152.3057390288743,152.82025146484375,11600,0.0,0.0,0.0
2025-08-29 00:00:00-04:00,152.6843267085134,152.6843267085134,152.06302789963271,152.2960205078125,6600,0.0,0.0,0.0
2025-09-02 00:00:00-04:00,150.8301378693515,151.39319224852213,149.87877727630644,151.3446502685547,7700,0.0,0.0,0.0
2025-09-03 00:00:00-04:00,151.47085322179288,151.47085322179288,150.61656179397906,151.0048828125,6100,0.0,0.0,0.0
2025-09-04 00:00:00-04:00,151.39320063441951,152.35427856445312,151.35437593605454,152.35427856445312,5200,0.0,0.0,0.0
2025-09-05 00:00:00-04:00,153.61628538664078,153.61628538664078,151.72325188497243,152.37368774414062,35700,0.0,0.0,0.0
2025-09-08 00:00:00-04:00,152.8493663298123,153.2765120627819,152.63579346332753,153.17942810058594,13500,0.0,0.0,0.0
2025-09-09 00:00:00-04:00,152.87848451772624,153.54832532555955,152.87848451772624,153.422119140625,5500,0.0,0.0,0.0
2025-09-10 00:00:00-04:00,154.41231812004193,154.41231812004193,153.7715995421576,154.13079833984375,5400,0.0,0.0,0.0
2025-09-11 00:00:00-04:00,154.78123823681318,155.72289646393736,154.78123823681318,155.5772705078125,6100,0.0,0.0,0.0
2025-09-12 00:00:00-04:00,155.09184686413363,155.38308390069977,154.99477772723225,155.04331970214844,8300,0.0,0.0,0.0
2025-09-15 00:00:00-04:00,155.36368375779918,155.9170356784108,155.36368375779918,155.71316528320312,5000,0.0,0.0,0.0
2025-09-16 00:00:00-04:00,155.92672847673936,155.92672847673936,155.33455189578794,155.800537109375,8900,0.0,0.0,0.0
2025-09-17 00:00:00-04:00,155.65491237936044,156.67423467418578,155.29572840242406,155.74227905273438,8300,0.0,0.0,0.0
2025-09-18 00:00:00-04:00,156.0529692904905,156.4801150912775,155.7714494561183,156.2082977294922,4800,0.0,0.0,0.0
2025-09-19 00:00:00-04:00,156.45097213945476,156.45097213945476,155.88791773234874,156.3150634765625,7500,0.0,0.0,0.0
2025-09-22 00:00:00-04:00,156.13603032175166,156.6906280517578,155.95115946285628,156.6906280517578,4700,0.366,0.0,0.0
2025-09-23 00:00:00-04:00,157.59549999650034,157.59549999650034,156.63223266601562,156.63223266601562,11100,0.0,0.0,0.0
2025-09-24 00:00:00-04:00,157.02144764843393,157.02144764843393,156.35008081888625,156.51548767089844,5000,0.0,0.0,0.0
2025-09-25 00:00:00-04:00,155.62035808896428,156.07766556146393,155.17277519261185,155.65927124023438,8100,0.0,0.0,0.0
2025-09-26 00:00:00-04:00,156.00952314797215,156.6225128173828,156.00952314797215,156.6225128173828,2700,0.0,0.0,0.0
2025-09-29 00:00:00-04:00,157.21604613979636,157.21604613979636,156.5835924438643,156.8657684326172,9200,0.0,0.0,0.0
2025-09-30 00:00:00-04:00,156.50576761497078,157.39117904287406,156.50576761497078,157.38145446777344,8000,0.0,0.0,0.0
2025-10-01 00:00:00-04:00,157.71226648809622,158.38363332982067,157.69281733810377,158.2279510498047,4200,0.0,0.0,0.0
2025-10-02 00:00:00-04:00,158.94796604151438,158.94796604151438,157.8484803836486,158.43228149414062,7400,0.0,0.0,0.0
2025-10-03 00:00:00-04:00,158.96743143952628,159.4733765699569,158.96743143952628,159.14256286621094,6900,0.0,0.0,0.0
2025-10-06 00:00:00-04:00,159.59987359090982,159.59987359090982,159.18149416513148,159.3955535888672,5700,0.0,0.0,0.0
2025-10-07 00:00:00-04:00,159.2982649572606,159.81394957332438,158.5879848940054,158.74365234375,10200,0.0,0.0,0.0
2025-10-08 00:00:00-04:00,159.2106873000043,159.3469055874967,158.86040958264104,159.2885284423828,3800,0.0,0.0,0.0
2025-10-09 00:00:00-04:00,159.4539351136508,159.4539351136508,158.18904253318763,158.41282653808594,10000,0.0,0.0,0.0
2025-10-10 00:00:00-04:00,158.4809498005046,158.7533863866766,154.8322296142578,154.8322296142578,15000,0.0,0.0,0.0
2025-10-13 00:00:00-04:00,155.84411778626963,156.74900801386684,155.84411778626963,156.65170288085938,4200,0.0,0.0,0.0
2025-10-14 00:00:00-04:00,155.766303866434,158.13068242220098,155.5036066854343,157.56634521484375,8100,0.0,0.0,0.0
2025-10-15 00:00:00-04:00,158.41283100847733,159.28853274890088,157.69282640370002,158.50039672851562,10800,0.0,0.0,0.0
2025-10-16 00:00:00-04:00,159.50257293297167,159.50257293297167,157.69282204877192,158.21823120117188,9000,0.0,0.0,0.0
2025-10-17 00:00:00-04:00,158.3252562393021,159.18149393299626,158.0333556758446,159.00634765625,8000,0.0,0.0,0.0
2025-10-20 00:00:00-04:00,159.7263729466599,160.6604369680949,159.7263729466599,160.5825958251953,7100,0.0,0.0,0.0
2025-10-21 00:00:00-04:00,160.37827143862657,160.6117948609516,159.96961658456743,160.30043029785156,8600,0.0,0.0,0.0
2025-10-22 00:00:00-04:00,160.51449583386704,160.51449583386704,159.23987865434748,159.73609924316406,8800,0.0,0.0,0.0
2025-10-23 00:00:00-04:00,159.88205830007485,160.56314975516412,159.70691201352034,160.44638061523438,6200,0.0,0.0,0.0
2025-10-24 00:00:00-04:00,160.94261004375713,161.1761186215347,160.79665233596646,160.8161163330078,5900,0.0,0.0,0.0
2025-10-27 00:00:00-04:00,161.94479366441325,162.43128967285156,161.62370451724237,162.43128967285156,7600,0.0,0.0,0.0
2025-10-28 00:00:00-04:00,162.36316374275498,162.89831229051433,162.25613403320312,162.25613403320312,10800,0.0,0.0,0.0
2025-10-29 00:00:00-04:00,162.22694880474043,162.49938537163516,161.1761156838553,161.5361328125,12500,0.0,0.0,0.0
2025-10-30 00:00:00-04:00,160.39773219937373,161.38044874430722,160.33934020996094,160.33934020996094,17200,0.0,0.0,0.0
2025-10-31 00:00:00-04:00,159.96961054223584,160.5728608021069,159.4831145657775,160.37826538085938,33000,0.0,0.0,0.0
2025-11-03 00:00:00-05:00,160.4269118804973,160.4755495989605,159.68742852237332,159.9696044921875,15600,0.0,0.0,0.0
2025-11-04 00:00:00-05:00,158.72418196957346,158.92850196546766,157.90685744595982,158.140380859375,8700,0.0,0.0,0.0
2025-11-05 00:00:00-05:00,158.13066104315968,159.69717872776403,158.13066104315968,159.3955535888672,7300,0.0,0.0,0.0
2025-11-06 00:00:00-05:00,159.40527802158616,159.40527802158616,158.5976928957913,158.81175231933594,8500,0.0,0.0,0.0
2025-11-07 00:00:00-05:00,158.1112136190311,159.1328582763672,157.54687642881993,159.1328582763672,9100,0.0,0.0,0.0
2025-11-10 00:00:00-05:00,160.3393511075307,160.884239118996,159.58041850705433,160.83558654785156,28200,0.0,0.0,0.0
2025-11-11 00:00:00-05:00,161.43881708511114,162.40208442773388,161.12746739194765,162.20748901367188,20000,0.0,0.0,0.0
2025-11-12 00:00:00-05:00,162.91778846911478,163.13184790422497,162.6745404607332,162.8788604736328,10100,0.0,0.0,0.0
2025-11-13 00:00:00-05:00,162.66480454278104,162.95670512846334,161.10802616360968,161.1858673095703,14700,0.0,0.0,0.0
2025-11-14 00:00:00-05:00,159.98905960765845,161.39017039459125,159.98905960765845,160.57286071777344,24000,0.0,0.0,0.0
2025-11-17 00:00:00-05:00,160.0571776948055,160.36854224894603,158.34471718706982,158.65606689453125,12300,0.0,0.0,0.0
2025-11-18 00:00:00-05:00,157.8192857706159,158.4517394238817,157.07007783839327,158.02362060546875,14100,0.0,0.0,0.0
2025-11-19 00:00:00-05:00,157.82902194066503,158.5490264416393,156.87547919323075,157.57603454589844,10400,0.0,0.0,0.0
2025-11-20 00:00:00-05:00,158.66580798188693,159.15230396783002,155.55222179450772,155.57168579101562,12000,0.0,0.0,0.0
2025-11-21 00:00:00-05:00,156.3695493978712,158.30579395798378,156.00953226547816,157.67335510253906,8300,0.0,0.0,0.0
2025-11-24 00:00:00-05:00,158.1306471732229,158.54902656230442,157.85821062994236,158.35443115234375,15900,0.0,0.0,0.0
2025-11-25 00:00:00-05:00,158.72416968536703,159.93067011127286,158.44199372682738,159.8528289794922,18600,0.0,0.0,0.0
2025-11-26 00:00:00-05:00,160.08636795176457,161.24423077381445,160.08636795176457,161.02044677734375,9300,0.0,0.0,0.0
2025-11-28 00:00:00-05:00,160.50477588955286,161.67236338595643,160.50477588955286,161.47776794433594,5700,0.0,0.0,0.0
2025-12-01 00:00:00-05:00,161.049623149689,161.6334093806114,160.81609974931317,160.88421630859375,14800,0.0,0.0,0.0
2025-12-02 00:00:00-05:00,161.64317301074058,161.64317301074058,160.75774668755162,161.25396728515625,9800,0.0,0.0,0.0
2025-12-03 00:00:00-05:00,161.57503346089953,162.2464002512006,161.47774317835106,162.17828369140625,12800,0.0,0.0,0.0
2025-12-04 00:00:00-05:00,162.87885319961862,162.87885319961862,161.86694806248127,162.34371948242188,13200,0.0,0.0,0.0
2025-12-05 00:00:00-05:00,162.46048117139736,163.20968919495533,162.19776916503906,162.19776916503906,10600,0.0,0.0,0.0
2025-12-08 00:00:00-05:00,162.40209341851357,162.40209341851357,161.146925461971,161.40963745117188,7400,0.0,0.0,0.0
2025-12-09 00:00:00-05:00,161.43882776571434,162.11991918333072,161.3220734788885,161.34153747558594,8500,0.0,0.0,0.0
2025-12-10 00:00:00-05:00,161.3804563805609,163.37509298285676,161.33180381042104,163.1123809814453,7400,0.0,0.0,0.0
2025-12-11 00:00:00-05:00,162.91778563176516,164.39673765403842,162.91778563176516,164.18267822265625,13800,0.0,0.0,0.0
2025-12-12 00:00:00-05:00,164.24103385464107,164.32859956146012,163.1999254068655,163.67669677734375,5500,0.0,0.0,0.0
2025-12-15 00:00:00-05:00,164.44537531686356,164.44537531686356,163.6767181565874,163.89077758789062,10000,0.0,0.0,0.0
2025-12-16 00:00:00-05:00,163.696176141221,163.81293042794152,162.43128359725756,162.99562072753906,10800,0.0,0.0,0.0
2025-12-17 00:00:00-05:00,163.28751514390223,163.39453000491443,162.1101883593008,162.29505920410156,6100,0.0,0.0,0.0
2025-12-18 00:00:00-05:00,163.07346618415525,163.76428219444352,162.73291304330004,162.9858856201172,11200,0.0,0.0,0.0
2025-12-19 00:00:00-05:00,163.5599621245486,164.61078042580442,163.5599621245486,163.95887756347656,12900,0.0,0.0,0.0
2025-12-22 00:00:00-05:00,164.2619992671557,164.7162047385365,164.19287482018933,164.6865692138672,10900,2.457,0.0,0.0
2025-12-23 00:00:00-05:00,164.71621473788431,165.22964609070073,164.66684228224784,165.12103271484375,39900,0.0,0.0,0.0
2025-12-24 00:00:00-05:00,165.93071096691818,165.93071096691818,164.93343851556293,165.15066528320312,14000,0.0,0.0,0.0
2025-12-26 00:00:00-05:00,166.0294260361944,166.0294260361944,165.30863640757985,165.67396545410156,9100,0.0,0.0,0.0
2025-12-29 00:00:00-05:00,165.14077492424016,165.38762212143632,164.89392772704397,165.0222930908203,20300,0.0,0.0,0.0
2025-12-30 00:00:00-05:00,166.02944632868437,166.02944632868437,165.34816060723293,165.3876495361328,8300,0.0,0.0,0.0
2025-12-31 00:00:00-05:00,165.73322349559612,165.73322349559612,164.51872436967153,164.59771728515625,9800,0.0,0.0,0.0
2026-01-02 00:00:00-05:00,166.16765983854452,166.16765983854452,165.19015453774264,165.3382568359375,130500,0.0,0.0,0.0
2026-01-05 00:00:00-05:00,166.6120084742036,167.35255014948947,166.25654786741205,167.0069580078125,17100,0.0,0.0,0.0
2026-01-06 00:00:00-05:00,167.21430159289667,167.66849200994673,167.11555668500353,167.53025817871094,14800,0.0,0.0,0.0
2026-01-07 00:00:00-05:00,167.6290109697374,167.6290109697374,166.54287719726562,166.54287719726562,9100,0.0,0.0,0.0
2026-01-08 00:00:00-05:00,166.4342504591705,167.11555112845016,166.23677571630787,166.9575653076172,19200,0.0,0.0,0.0
2026-01-09 00:00:00-05:00,167.6092584331085,167.9054781034048,166.9773301674436,167.8462371826172,12900,0.0,0.0,0.0
2026-01-12 00:00:00-05:00,167.85609941798884,168.61639302805048,167.6783766622215,168.57688903808594,14800,0.0,0.0,0.0
2026-01-13 00:00:00-05:00,168.72500136261124,169.01133748269424,167.96470777525275,168.19180297851562,11500,0.0,0.0,0.0
2026-01-14 00:00:00-05:00,168.55716706143468,169.06072998046875,168.1918229204642,169.06072998046875,14000,0.0,0.0,0.0
2026-01-15 00:00:00-05:00,169.8506309353612,169.8506309353612,168.99159240722656,168.99159240722656,28800,0.0,0.0,0.0
2026-01-16 00:00:00-05:00,169.0014795835788,169.1298298892603,168.44854423688201,168.81387329101562,63200,0.0,0.0,0.0
2026-01-20 00:00:00-05:00,166.84895684596628,167.56976152483097,166.13803569766756,166.3355255126953,15700,0.0,0.0,0.0
2026-01-21 00:00:00-05:00,167.34265978236775,169.07059028745186,167.24392993617795,168.70526123046875,24200,0.0,0.0,0.0
2026-01-22 00:00:00-05:00,169.65315276187613,169.9197368931064,169.2088157437772,169.50503540039062,15400,0.0,0.0,0.0
2026-01-23 00:00:00-05:00,169.08046910707438,169.66302490234375,168.85335882781376,169.66302490234375,32300,0.0,0.0,0.0
2026-01-26 00:00:00-05:00,170.53194243823705,170.53194243823705,170.22583922548793,170.28509521484375,15100,0.0,0.0,0.0
2026-01-27 00:00:00-05:00,171.44032190279717,171.7365264892578,171.05524087404095,171.7365264892578,15700,0.0,0.0,0.0
2026-01-28 00:00:00-05:00,171.6575701973322,171.6575701973322,170.41345051255456,171.00588989257812,14200,0.0,0.0,0.0
2026-01-29 00:00:00-05:00,172.5856806753551,172.5856806753551,170.53192524221416,172.03274536132812,24400,0.0,0.0,0.0
2026-01-30 00:00:00-05:00,171.63780524879954,171.8056595449897,170.41343765344058,171.27247619628906,22200,0.0,0.0,0.0
2026-02-02 00:00:00-05:00,171.53905750075407,172.9510313644932,171.28234182841874,172.6449432373047,22700,0.0,0.0,0.0
2026-02-03 00:00:00-05:00,173.02014527039947,173.4842192387043,171.8056611943302,173.17813110351562,12600,0.0,0.0,0.0
2026-02-04 00:00:00-05:00,174.17538682505372,174.21489081614888,173.14850905195163,173.77056884765625,11600,0.0,0.0,0.0
2026-02-05 00:00:00-05:00,172.5560691751435,172.82266838194613,171.45019848967797,171.75628662109375,38900,0.0,0.0,0.0
2026-02-06 00:00:00-05:00,173.29661399135023,175.71572875976562,173.29661399135023,175.71572875976562,10500,0.0,0.0,0.0
2026-02-09 00:00:00-05:00,175.81446129149992,176.752477712784,175.34051884841,176.50563049316406,16700,0.0,0.0,0.0
2026-02-10 00:00:00-05:00,176.7722244135378,177.21654638227184,176.5056252057541,176.6043701171875,17500,0.0,0.0,0.0
2026-02-11 00:00:00-05:00,177.53251201811085,177.79911121684287,176.50561921295818,177.67074584960938,16600,0.0,0.0,0.0
2026-02-12 00:00:00-05:00,177.64112580406052,178.25330204978533,175.4688734184443,175.6959686279297,24800,0.0,0.0,0.0
2026-02-13 00:00:00-05:00,175.55774163358157,176.93021154095103,174.61972523352762,176.16004943847656,68200,0.0,0.0,0.0
2026-02-17 00:00:00-05:00,176.22915649414062,176.40689432040102,174.65921184957114,176.22915649414062,57500,0.0,0.0,0.0
2026-02-18 00:00:00-05:00,176.19953127658195,177.117810710357,176.1402903582141,176.5155029296875,23800,0.0,0.0,0.0
2026-02-19 00:00:00-05:00,175.85396261849843,176.0514373779297,175.5281224855756,176.0514373779297,30800,0.0,0.0,0.0
2026-02-20 00:00:00-05:00,175.6860924997574,177.10793486773727,175.60711464941036,177.01907348632812,28200,0.0,0.0,0.0
2026-02-23 00:00:00-05:00,177.2165440158209,177.31528892593573,175.60711045872637,176.3377685546875,14900,0.0,0.0,0.0
2026-02-24 00:00:00-05:00,176.37728222987226,177.33505065841547,175.94282870768458,177.2560577392578,11800,0.0,0.0,0.0
2026-02-25 00:00:00-05:00,178.42115251146097,178.46065650048047,177.48313616807226,178.18418884277344,27700,0.0,0.0,0.0
2026-02-26 00:00:00-05:00,178.36191691797396,178.61863258883363,177.354776096919,178.42115783691406,16200,0.0,0.0,0.0
2026-02-27 00:00:00-05:00,177.7102250934923,178.3619052920714,177.51275035444445,178.24342346191406,9000,0.0,0.0,0.0
2026-03-02 00:00:00-05:00,175.4787573343819,177.21655638262393,175.44913687255203,176.703125,23700,0.0,0.0,0.0
2026-03-03 00:00:00-05:00,172.40797922814264,173.54347045501694,169.65317078165708,172.79306030273438,25200,0.0,0.0,0.0
2026-03-04 00:00:00-05:00,173.74093768069918,174.34324544373885,173.3064842035745,174.30374145507812,21200,0.0,0.0,0.0
2026-03-05 00:00:00-05:00,172.25986589442687,172.812801241396,170.32457711367675,171.64767456054688,39800,0.0,0.0,0.0
2026-03-06 00:00:00-05:00,169.16933152618353,170.46280849413898,168.45841035707917,170.03823852539062,18300,0.0,0.0,0.0
2026-03-09 00:00:00-04:00,167.96472401211165,171.33172372953823,166.92796266846585,171.06512451171875,14900,0.0,0.0,0.0
2026-03-10 00:00:00-04:00,171.50943172883703,172.80290864759326,170.83801457597568,171.25271606445312,14500,0.0,0.0,0.0
2026-03-11 00:00:00-04:00,171.17372048961317,171.39094722777324,170.06784987087636,171.1342315673828,19600,0.0,0.0,0.0
2026-03-12 00:00:00-04:00,170.12708449493823,170.12708449493823,168.4386431046638,168.54725646972656,14200,0.0,0.0,0.0
2026-03-13 00:00:00-04:00,169.49517052849558,170.0678578590572,167.50064086914062,167.50064086914062,9900,0.0,0.0,0.0
2026-03-16 00:00:00-04:00,169.4852857328752,169.92962275707558,169.23843852670072,169.43592834472656,14300,0.0,0.0,0.0
2026-03-17 00:00:00-04:00,170.6997912265415,170.79852107289335,169.95924958028988,170.04811096191406,17800,0.0,0.0,0.0
2026-03-18 00:00:00-04:00,169.4161762519192,169.4161762519192,167.27354431152344,167.27354431152344,16100,0.0,0.0,0.0
2026-03-19 00:00:00-04:00,165.11116164176994,167.57963372101378,164.903803357916,166.8292236328125,26900,0.0,0.0,0.0
2026-03-20 00:00:00-04:00,166.43426964561382,166.43426964561382,162.8697951338292,163.4622344970703,13500,0.0,0.0,0.0
2026-03-23 00:00:00-04:00,166.60431772899196,167.13921999255388,165.7326094765931,166.24771118164062,11200,0.532,0.0,0.0
2026-03-24 00:00:00-04:00,165.36610475647728,166.76281501097267,164.77175546501064,166.08921813964844,13800,0.0,0.0,0.0
2026-03-25 00:00:00-04:00,168.26847888899573,168.62508545192154,167.67414469407322,167.8821563720703,14600,0.0,0.0,0.0
2026-03-26 00:00:00-04:00,166.5646955408776,167.16894513725586,165.22743225097656,165.22743225097656,8400,0.0,0.0,0.0
2026-03-27 00:00:00-04:00,164.59345497182346,165.13827262070816,163.63259887695312,163.63259887695312,13800,0.0,0.0,0.0
2026-03-30 00:00:00-04:00,165.17789159270023,165.55431381361717,163.27599504452493,163.91986083984375,31800,0.0,0.0,0.0
2026-03-31 00:00:00-04:00,165.93071688475766,167.9514923095703,165.52459383593504,167.9514923095703,16400,0.0,0.0,0.0
2026-04-01 00:00:00-04:00,169.5760306478627,170.28924372880908,169.11046057794132,169.50668334960938,35300,0.0,0.0,0.0
2026-04-02 00:00:00-04:00,167.76328794536042,169.5463207109857,166.73309963351605,169.41754150390625,19800,0.0,0.0,0.0
2026-04-06 00:00:00-04:00,170.0217845732472,170.3486751606853,169.27885554223238,169.89300537109375,17700,0.0,0.0,0.0
2026-04-07 00:00:00-04:00,169.39772749422522,169.97226111962235,168.31800754482592,169.9227294921875,19800,0.0,0.0,0.0
2026-04-08 00:00:00-04:00,174.81615394106097,174.90531691433037,173.63737076436436,174.78643798828125,21700,0.0,0.0,0.0
2026-04-09 00:00:00-04:00,174.07322544759057,175.30154025448596,173.6869029452902,174.954833984375,8600,0.0,0.0,0.0
2026-04-10 00:00:00-04:00,175.3312605699533,175.3312605699533,174.19210870826765,174.36050415039062,12000,0.0,0.0,0.0
2026-04-13 00:00:00-04:00,173.24115351958733,175.71758376322884,173.24115351958733,175.63833618164062,10600,0.0,0.0,0.0
2026-04-14 00:00:00-04:00,176.24258422851562,176.36144804239586,175.28172809316877,176.24258422851562,18700,0.0,0.0,0.0
2026-04-15 00:00:00-04:00,176.024656605151,176.1039041857983,175.64824949073935,176.07418823242188,15200,0.0,0.0,0.0
2026-04-16 00:00:00-04:00,176.77749793498796,176.77749793498796,176.07418511602273,176.72796630859375,15500,0.0,0.0,0.0
2026-04-17 00:00:00-04:00,178.25343979906017,178.96665289395548,177.94636487777225,178.3326873779297,13500,0.0,0.0,0.0
2026-04-20 00:00:00-04:00,177.93645901895698,178.12467012350402,177.34210975353787,177.75814819335938,12900,0.0,0.0,0.0
2026-04-21 00:00:00-04:00,178.07514029165083,178.07514029165083,175.5788945126614,175.65814208984375,11300,0.0,0.0,0.0
2026-04-22 00:00:00-04:00,177.21334669427284,177.21334669427284,175.91569963200376,176.1534423828125,11300,0.0,0.0,0.0
2026-04-23 00:00:00-04:00,176.1732596367309,176.58929811817737,174.50909059601375,175.82655334472656,18800,0.0,0.0,0.0
2026-04-24 00:00:00-04:00,176.86665449190025,176.86665449190025,176.06429349561645,176.6487274169922,7500,0.0,0.0,0.0
2026-04-27 00:00:00-04:00,177.03504331769037,177.03504331769037,176.02465556407594,176.2921142578125,12500,0.0,0.0,0.0
2026-04-28 00:00:00-04:00,176.51992894874596,176.51992894874596,175.56898828463915,176.02464294433594,10600,0.0,0.0,0.0
2026-04-29 00:00:00-04:00,176.30201714887315,176.30201714887315,175.14304961208705,175.74729919433594,11800,0.0,0.0,0.0
2026-04-30 00:00:00-04:00,177.06476031456683,179.23411560058594,176.58928994562294,179.23411560058594,11900,0.0,0.0,0.0
2026-05-01 00:00:00-04:00,179.34307965656802,180.0166614216214,179.0954366344283,179.12515258789062,40700,0.0,0.0,0.0
2026-05-04 00:00:00-04:00,178.51100337023342,178.51100337023342,176.45061160484693,176.68833923339844,101600,0.0,0.0,0.0
2026-05-05 00:00:00-04:00,178.28316891890142,179.38270459516053,178.05534155965674,179.04591369628906,18200,0.0,0.0,0.0
2026-05-06 00:00:00-04:00,182.1364872832182,182.9784796146204,181.9383758861032,182.9586639404297,11200,0.0,0.0,0.0
2026-05-07 00:00:00-04:00,183.24592964409197,183.24592964409197,180.50204082333096,180.71005249023438,20100,0.0,0.0,0.0
2026-05-08 00:00:00-04:00,181.48272326414187,182.67140677538575,181.48272326414187,182.52281188964844,15700,0.0,0.0,0.0
2026-05-11 00:00:00-04:00,182.80016117465044,183.3449788302574,182.39403811767986,183.0973358154297,13600,0.0,0.0,0.0
2026-05-12 00:00:00-04:00,182.5030113301615,182.52281188964844,180.8883739510545,182.52281188964844,14200,0.0,0.0,0.0
2026-05-13 00:00:00-04:00,182.81998395925248,183.46386489180793,182.22564976950596,183.34498596191406,9400,0.0,0.0,0.0
2026-05-14 00:00:00-04:00,184.00866089890792,184.087908477704,183.33507915153677,183.5430908203125,12000,0.0,0.0,0.0
2026-05-15 00:00:00-04:00,181.8987658550498,181.8987658550498,180.5416717529297,180.5416717529297,16100,0.0,0.0,0.0
2026-05-18 00:00:00-04:00,181.59166669184185,181.8393096923828,180.5317473943605,181.8393096923828,9100,0.0,0.0,0.0
2026-05-19 00:00:00-04:00,180.95769625041677,181.89875179720156,180.77940053519234,181.15582275390625,7900,0.0,0.0,0.0
2026-05-20 00:00:00-04:00,181.57185628674353,183.80064335626594,181.48270843154577,183.6322479248047,15200,0.0,0.0,0.0
2026-05-21 00:00:00-04:00,183.15676363885044,184.62282113670824,181.93836426523126,184.24639892578125,11400,0.0,0.0,0.0
2026-05-22 00:00:00-04:00,184.56340563990364,185.3855672027581,184.4346264268375,184.86056518554688,11600,0.0,0.0,0.0
2026-05-26 00:00:00-04:00,186.6633941990548,186.6633941990548,185.6331908320627,186.00961303710938,16300,0.0,0.0,0.0
2026-05-27 00:00:00-04:00,186.33651332567544,186.33651332567544,184.98933470129901,185.43508911132812,10600,0.0,0.0,0.0
2026-05-28 00:00:00-04:00,185.23698375780518,185.71245413633977,184.2761276061237,185.62330627441406,27500,0.0,0.0,0.0
2026-05-29 00:00:00-04:00,185.86103816340525,186.19782903207027,185.30632023503227,185.58367919921875,12800,0.0,0.0,0.0
2026-06-01 00:00:00-04:00,185.69265465248222,186.2473726164739,184.65255091253238,185.6827392578125,44200,0.0,0.0,0.0
2026-06-02 00:00:00-04:00,185.74215287502187,186.76244084008962,185.74215287502187,186.61386108398438,7100,0.0,0.0,0.0
2026-06-03 00:00:00-04:00,186.90112832947779,186.90112832947779,185.53414916992188,185.53414916992188,6100,0.0,0.0,0.0
2026-06-04 00:00:00-04:00,186.1780177591366,186.37612915039062,185.8907585090578,186.37612915039062,4000,0.0,0.0,0.0
2026-06-05 00:00:00-04:00,185.336043768581,185.50443920980186,182.00772094726562,182.00772094726562,11900,0.0,0.0,0.0
2026-06-08 00:00:00-04:00,183.95914430635895,183.95914430635895,182.80016169254327,182.98837280273438,9000,0.0,0.0,0.0
2026-06-09 00:00:00-04:00,184.0780025408655,184.45442474984495,180.22467794055325,182.69119262695312,10500,0.0,0.0,0.0
2026-06-10 00:00:00-04:00,181.78979745728853,182.25536755715322,180.41290283203125,180.41290283203125,5100,0.0,0.0,0.0
2026-06-11 00:00:00-04:00,181.83932422635385,185.05868349070184,181.72044529844064,184.55348205566406,7200,0.0,0.0,0.0
2026-06-12 00:00:00-04:00,185.01904647988317,186.37612535299976,184.39498125096443,186.02943420410156,54100,0.0,0.0,0.0
2026-06-15 00:00:00-04:00,187.94123722298252,187.94123722298252,187.0497283935547,187.0497283935547,5300,0.0,0.0,0.0
2026-06-16 00:00:00-04:00,187.5846305638878,187.5846305638878,186.2176513671875,186.2176513671875,7100,0.0,0.0,0.0
2026-06-17 00:00:00-04:00,186.9407600302945,186.9407600302945,184.14733957104,184.3157501220703,12100,0.0,0.0,0.0
2026-06-18 00:00:00-04:00,185.22707580530886,185.27659231659587,184.7119740995242,185.20726013183594,4100,0.0,0.0,0.0
2026-06-22 00:00:00-04:00,184.91301957267817,185.41173314995163,184.63374118696746,184.73348999023438,5900,1.285,0.0,0.0
2026-06-23 00:00:00-04:00,182.00053096136398,183.2572836753357,181.91076617169392,182.57904052734375,8200,0.0,0.0,0.0
2026-06-24 00:00:00-04:00,182.32968228551843,183.18747022552387,181.88084312122575,182.35960388183594,11800,0.0,0.0,0.0
2026-06-25 00:00:00-04:00,184.09514265510347,184.09514265510347,182.89821785868617,183.03785705566406,5700,0.0,0.0,0.0
2026-06-26 00:00:00-04:00,182.51920354662855,183.85575230342025,182.39950193679724,182.7884979248047,32900,0.0,0.0,0.0
2026-06-29 00:00:00-04:00,184.25472290377488,184.25472290377488,182.1102605056605,183.66624450683594,10500,0.0,0.0,0.0
2026-06-30 00:00:00-04:00,183.85575196153746,184.45419913145798,183.5265991692923,184.31455993652344,4800,0.0,0.0,0.0
2026-07-01 00:00:00-04:00,183.52659201038512,183.6263408112463,182.58900807259855,182.7086944580078,19800,0.0,0.0,0.0
2026-07-02 00:00:00-04:00,184.5439782544657,185.6012486138094,183.22736709182823,184.28463745117188,94100,0.0,0.0,0.0
2026-07-06 00:00:00-04:00,185.25214204203436,186.2396004088082,185.25214204203436,186.1298828125,6400,0.0,0.0,0.0
2026-07-07 00:00:00-04:00,186.1398527023252,186.25955431143197,184.57389996709233,185.14242553710938,16400,0.0,0.0,0.0
2026-07-08 00:00:00-04:00,184.37441847786963,184.37441847786963,182.5291721254016,183.80587768554688,7400,0.0,0.0,0.0
2026-07-09 00:00:00-04:00,183.7360617081475,184.77337924591714,183.7360617081475,184.35446166992188,3600,0.0,0.0,0.0
2026-07-10 00:00:00-04:00,185.15241043712314,185.26212803460425,183.79590887714357,185.17234802246094,7500,0.0,0.0,0.0
2026-07-13 00:00:00-04:00,184.76340899320584,184.78334657795483,183.82582504597062,184.13502502441406,6700,0.0,0.0,0.0
2026-07-14 00:00:00-04:00,185.27209853949827,185.27209853949827,184.36443615372366,184.37442016601562,6500,0.0,0.0,0.0
2026-07-15 00:00:00-04:00,184.83323137224485,184.83323137224485,183.68619618393367,184.65370178222656,2800,0.0,0.0,0.0
2026-07-16 00:00:00-04:00,183.5265965158905,184.59385087709128,183.5265965158905,184.22479248046875,6600,0.0,0.0,0.0
2026-07-17 00:00:00-04:00,182.4294150235352,184.105100507221,182.4294150235352,183.69615173339844,5600,0.0,0.0,0.0
2026-07-20 00:00:00-04:00,183.82582502120826,184.01533861301073,182.7685546875,182.7685546875,5500,0.0,0.0,0.0
2026-07-21 00:00:00-04:00,183.73605950859127,185.23220021331957,183.73605950859127,184.962890625,8600,0.0,0.0,0.0
2026-07-22 00:00:00-04:00,185.93039908910444,185.9702894785979,185.40176391601562,185.40176391601562,5400,0.0,0.0,0.0
2026-07-23 00:00:00-04:00,183.52659329286774,184.88309480859624,183.52659329286774,183.9455108642578,5900,0.0,0.0,0.0
2026-07-24 00:00:00-04:00,184.9728680982165,185.3219737001823,184.64371530138533,184.91302490234375,3200,0.0,0.0,0.0
2026-07-27 00:00:00-04:00,186.1498303503102,186.1498303503102,184.8531720359542,185.441650390625,6300,0.0,0.0,0.0
2026-07-28 00:00:00-04:00,185.14242741876896,186.4590385956097,185.14242741876896,186.06005859375,12000,0.0,0.0,0.0
2026-07-29 00:00:00-04:00,186.02016138788994,186.7881845462414,184.29461669921875,184.29461669921875,26300,0.0,0.0,0.0
2026-07-30 00:00:00-04:00,185.96032037418775,187.1372771064021,185.51148120036922,186.92782592773438,5800,0.0,0.0,0.0
2026-07-31 00:00:00-04:00,187.64597222764482,187.64597222764482,185.91044352955333,187.18714904785156,10600,0.0,0.0,0.0
2026-08-03 00:00:00-04:00,187.80554768420504,187.82550048828125,187.2968653267379,187.82550048828125,10200,0.0,0.0,0.0
2026-08-04 00:00:00-04:00,189.17204249152863,190.9075560431283,188.78304650035653,190.69810485839844,7900,0.0,0.0,0.0
2026-08-05 00:00:00-04:00,191.00730695503427,191.1569149457767,190.18940935355945,190.59835815429688,5900,0.0,0.0,0.0
2026-08-06 00:00:00-04:00,191.34642206184412,191.34642206184412,189.94004611840674,190.039794921875,13900,0.0,0.0,0.0
2026-08-07 00:00:00-04:00,190.95742519596428,191.39629557794495,190.76791160196984,191.3763427734375,30900,0.0,0.0,0.0
2026-08-10 00:00:00-04:00,190.31907576171042,191.2965501262724,190.31907576171042,191.14694213867188,5400,0.0,0.0,0.0
2026-08-11 00:00:00-04:00,191.28658291422244,191.28658291422244,190.6881205198136,190.85769653320312,5900,0.0,0.0,0.0
2026-08-12 00:00:00-04:00,191.41625229896007,191.5957818846088,190.9574291030841,191.33645629882812,13400,0.0,0.0,0.0
2026-08-13 00:00:00-04:00,191.506008871142,192.0845184326172,191.3863224858472,192.0845184326172,5400,0.0,0.0,0.0
2026-08-14 00:00:00-04:00,192.45356884259786,192.45356884259786,191.67557686984432,191.81521606445312,8100,0.0,0.0,0.0
2026-08-17 00:00:00-04:00,192.0346559753815,192.0346559753815,190.9474639892578,190.9474639892578,6000,0.0,0.0,0.0
2026-08-18 00:00:00-04:00,190.5883834682412,190.68811705247526,190.08966988847908,190.22930908203125,6900,0.0,0.0,0.0
2026-08-19 00:00:00-04:00,191.56586093978848,191.84513933143654,190.79783775299086,191.01727294921875,7400,0.0,0.0,0.0
2026-08-20 00:00:00-04:00,191.0372183939938,191.42621436876874,190.36894403833074,190.4287872314453,7900,0.0,0.0,0.0
2026-08-21 00:00:00-04:00,191.8950132780036,191.8950132780036,191.18683328830946,191.685546875,6200,0.0,0.0,0.0
2026-08-24 00:00:00-04:00,191.44617814457945,191.44617814457945,190.62828053972677,191.13697814941406,10100,0.0,0.0,0.0
2026-08-25 00:00:00-04:00,192.02467587804855,192.02467587804855,191.07712314574565,191.7653350830078,9000,0.0,0.0,0.0
2026-08-26 00:00:00-04:00,191.51598018736473,191.77532098496152,190.77789384227938,191.31649780273438,5600,0.0,0.0,0.0
2026-08-27 00:00:00-04:00,190.45871205909512,190.88761364957617,190.19938647802252,190.70806884765625,6000,0.0,0.0,0.0
2026-08-28 00:00:00-04:00,191.08709268465233,191.98477101991404,190.39886552517092,190.93746948242188,10800,0.0,0.0,0.0
2026-08-31 00:00:00-04:00,190.56842908897025,190.8277698888033,190.12955870728092,190.5185546875,5000,0.0,0.0,0.0
2026-09-01 00:00:00-04:00,190.13955096497108,190.83774695724122,189.66077495353053,189.77049255371094,13000,0.0,0.0,0.0
2026-09-02 00:00:00-04:00,190.01984999755885,191.03723000091057,190.01984999755885,190.8177947998047,13900,0.0,0.0,0.0
2026-09-03 00:00:00-04:00,192.12441326380764,192.53336204906148,191.58580929799638,192.234130859375,6400,0.0,0.0,0.0
2026-09-04 00:00:00-04:00,192.35384241121074,192.35384241121074,191.8351760035757,192.0546112060547,12200,0.0,0.0,0.0
2026-09-08 00:00:00-04:00,192.05460115091597,192.05460115091597,191.3763427734375,191.3763427734375,7400,0.0,0.0,0.0
2026-09-09 00:00:00-04:00,191.5658653401124,191.5658653401124,190.11959894595714,190.30911254882812,11200,0.0,0.0,0.0
2026-09-10 00:00:00-04:00,190.099633274115,190.099633274115,188.65336697784653,188.68328857421875,9300,0.0,0.0,0.0
2026-09-11 00:00:00-04:00,190.86766420110462,190.86766420110462,190.19938982235396,190.47866821289062,3600,0.0,0.0,0.0
2026-09-14 00:00:00-04:00,189.39147626654008,189.59095865700962,188.623453082725,189.11219787597656,13100,0.0,0.0,0.0
2026-09-15 00:00:00-04:00,188.9426210626402,188.9426210626402,188.2244875039002,188.57357788085938,7200,0.0,0.0,0.0
2026-09-16 00:00:00-04:00,189.34160556052302,189.34160556052302,186.79816317867147,187.35671997070312,8300,0.0,0.0,0.0
2026-09-17 00:00:00-04:00,189.4812400445013,189.65080083646885,188.99249525386736,189.59095764160156,6200,0.0,0.0,0.0
2026-09-18 00:00:00-04:00,188.45389550185837,188.45389550185837,187.42654671487583,188.02499389648438,5300,0.0,0.0,0.0
2026-09-21 00:00:00-04:00,189.3300018310547,190.14999389648438,188.8699951171875,189.75999450683594,8800,0.485,0.0,0.0
2026-09-22 00:00:00-04:00,190.24000549316406,190.24000549316406,189.19000244140625,189.74000549316406,11400,0.0,0.0,0.0
2026-09-23 00:00:00-04:00,189.4600067138672,189.4600067138672,187.7100067138672,187.9600067138672,7800,0.0,0.0,0.0
2026-09-24 00:00:00-04:00,187.85000610351562,187.8800048828125,186.94000244140625,187.35000610351562,10900,0.0,0.0,0.0
2026-09-25 00:00:00-04:00,188.4499969482422,188.57000732421875,187.33999633789062,188.47999572753906,8900,0.0,0.0,0.0
2026-09-28 00:00:00-04:00,186.88999938964844,187.47999572753906,186.6199951171875,186.97000122070312,4600,0.0,0.0,0.0
2026-09-29 00:00:00-04:00,187.24000549316406,186.6300048828125,185.94000244140625,186.4499969482422,7805,0.0,0.0,0.0
