Date,Open,High,Low,Close,Volume,Dividends,Stock Splits,Capital Gains
2021-09-21 00:00:00-04:00,15.394225120544432,15.394225120544432,15.394225120544432,15.394225120544434,100,0.0,0.0,0.0
2021-09-22 00:00:00-04:00,15.481394406193282,15.577281951904297,15.481394406193282,15.577281951904297,2400,0.0,0.0,0.0
2021-09-23 00:00:00-04:00,15.681887626647947,15.690604828846999,15.681887626647947,15.68188762664795,800,0.0,0.0,0.0
2021-09-24 00:00:00-04:00,15.49011516571045,15.49011516571045,15.49011516571045,15.49011516571045,0,0.0,0.0,0.0
2021-09-27 00:00:00-04:00,15.463962745228681,15.524981498718262,15.463962745228681,15.524981498718262,400,0.0,0.0,0.0
2021-09-28 00:00:00-04:00,15.21117115020752,15.21117115020752,15.21117115020752,15.21117115020752,100,0.0,0.0,0.0
2021-09-29 00:00:00-04:00,15.167583465576172,15.167583465576172,15.167583465576172,15.167583465576172,100,0.0,0.0,0.0
2021-09-30 00:00:00-04:00,15.272192001342773,15.272192001342773,15.272192001342773,15.272192001342773,100,0.0,0.0,0.0
2021-10-01 00:00:00-04:00,15.272192001342773,15.272192001342773,15.272192001342773,15.272192001342773,200,0.0,0.0,0.0
2021-10-04 00:00:00-04:00,15.089132170731201,15.09784937350365,15.054265022277834,15.054265022277832,1100,0.0,0.0,0.0
2021-10-05 00:00:00-04:00,15.219889640808105,15.219889640808105,15.219889640808105,15.219889640808105,100,0.0,0.0,0.0
2021-10-06 00:00:00-04:00,14.984529298902055,15.010679244995117,14.984529298902055,15.010679244995117,400,0.0,0.0,0.0
2021-10-07 00:00:00-04:00,15.176305281696491,15.219889640808105,15.176305281696491,15.219889640808105,100,0.0,0.0,0.0
2021-10-08 00:00:00-04:00,15.089130928522055,15.158866882324219,15.089130928522055,15.158866882324219,600,0.0,0.0,0.0
2021-10-11 00:00:00-04:00,15.193740048887216,15.193740048887216,15.141438484191895,15.141438484191895,500,0.0,0.0,0.0
2021-10-12 00:00:00-04:00,15.124002456665039,15.124002456665039,15.124002456665039,15.124002456665039,100,0.0,0.0,0.0
2021-10-13 00:00:00-04:00,15.28962230682373,15.28962230682373,15.28962230682373,15.28962230682373,100,0.0,0.0,0.0
2021-10-14 00:00:00-04:00,15.368080222394394,15.42038345336914,15.368080222394394,15.42038345336914,1000,0.0,0.0,0.0
2021-10-15 00:00:00-04:00,15.594717979431152,15.594717979431152,15.594717979431152,15.594717979431152,100,0.0,0.0,0.0
2021-10-18 00:00:00-04:00,15.6208707265968,15.65573787689209,15.6208707265968,15.65573787689209,1000,0.0,0.0,0.0
2021-10-19 00:00:00-04:00,15.734192318092148,15.795212745666504,15.734192318092148,15.795212745666504,600,0.0,0.0,0.0
2021-10-20 00:00:00-04:00,15.673171231284408,15.734189987182617,15.673171231284408,15.734189987182617,100,0.0,0.0,0.0
2021-10-21 00:00:00-04:00,15.638304710388184,15.638304710388184,15.638304710388184,15.638304710388184,200,0.0,0.0,0.0
2021-10-22 00:00:00-04:00,15.612153824341872,15.612153824341872,15.463964691797885,15.551135063171387,5500,0.0,0.0,0.0
2021-10-25 00:00:00-04:00,15.75162410736084,15.75162410736084,15.75162410736084,15.75162410736084,100,0.0,0.0,0.0
2021-10-26 00:00:00-04:00,15.812643051147461,15.812643051147461,15.812643051147461,15.812643051147461,100,0.0,0.0,0.0
2021-10-27 00:00:00-04:00,15.734191759731917,15.734191759731917,15.699324607849121,15.699324607849121,1200,0.0,0.0,0.0
2021-10-28 00:00:00-04:00,15.516264818693426,15.594717979431152,15.48139767094132,15.594717979431152,1600,0.0,0.0,0.0
2021-10-29 00:00:00-04:00,15.516264726862033,15.516264726862033,15.455245971679688,15.455245971679688,2100,0.0,0.0,0.0
2021-11-01 00:00:00-04:00,15.385511523825391,15.551135063171387,15.385511523825391,15.551135063171387,600,0.0,0.0,0.0
2021-11-02 00:00:00-04:00,15.481396866523559,15.542415618896484,15.481396866523559,15.542415618896484,100,0.0,0.0,0.0
2021-11-03 00:00:00-04:00,15.586003303527832,15.586003303527832,15.586003303527832,15.586003303527832,200,0.0,0.0,0.0
2021-11-04 00:00:00-04:00,15.603438377380373,15.603438377380373,15.603438377380373,15.603438377380371,100,0.0,0.0,0.0
2021-11-05 00:00:00-04:00,15.795209879191647,15.795209879191647,15.647020764391636,15.664453506469727,3100,0.0,0.0,0.0
2021-11-08 00:00:00-05:00,15.74290680958951,15.899813128187352,15.74290680958951,15.830077171325684,4500,0.0,0.0,0.0
2021-11-09 00:00:00-05:00,15.769057273864746,15.769057273864746,15.769057273864746,15.769057273864746,100,0.0,0.0,0.0
2021-11-10 00:00:00-05:00,15.716760081355455,15.716760081355455,15.620872497558594,15.620872497558594,200,0.0,0.0,0.0
2021-11-11 00:00:00-05:00,15.708038383539979,15.864944689362625,15.708038383539979,15.821358680725098,3200,0.0,0.0,0.0
2021-11-12 00:00:00-05:00,15.882378578186035,15.882378578186035,15.882378578186035,15.882378578186035,100,0.0,0.0,0.0
2021-11-15 00:00:00-05:00,15.847510285907614,15.864944689362625,15.821358680725098,15.821358680725098,10300,0.0,0.0,0.0
2021-11-16 00:00:00-05:00,15.75162410736084,15.75162410736084,15.75162410736084,15.75162410736084,200,0.0,0.0,0.0
2021-11-17 00:00:00-05:00,15.803925659664547,15.830077267134584,15.75162410736084,15.75162410736084,1600,0.0,0.0,0.0
2021-11-18 00:00:00-05:00,15.681889684557671,15.681889684557671,15.52498334965682,15.62958812713623,400,0.0,0.0,0.0
2021-11-19 00:00:00-05:00,15.577281951904297,15.577281951904297,15.577281951904297,15.577281951904297,100,0.0,0.0,0.0
2021-11-22 00:00:00-05:00,15.551135656267759,15.551135656267759,15.429098129272461,15.429098129272461,400,0.0,0.0,0.0
2021-11-23 00:00:00-05:00,15.498832702636719,15.498832702636719,15.498832702636719,15.498832702636719,300,0.0,0.0,0.0
2021-11-24 00:00:00-05:00,15.507553100585938,15.507553100585938,15.507553100585938,15.507553100585938,100,0.0,0.0,0.0
2021-11-26 00:00:00-05:00,15.06298035318281,15.06298035318281,14.897356846361081,14.949658393859863,900,0.0,0.0,0.0
2021-11-29 00:00:00-05:00,15.045548439025879,15.045548439025879,15.045548439025879,15.045548439025879,100,0.0,0.0,0.0
2021-11-30 00:00:00-05:00,15.071698188781738,15.158866884067251,15.071698188781738,15.071698188781738,300,0.0,0.0,0.0
2021-12-01 00:00:00-05:00,15.115283966064453,15.115283966064453,15.115283966064453,15.115283966064453,0,0.0,0.0,0.0
2021-12-02 00:00:00-05:00,15.30705451965332,15.30705451965332,15.30705451965332,15.30705451965332,100,0.0,0.0,0.0
2021-12-03 00:00:00-05:00,15.15014934539795,15.15014934539795,15.15014934539795,15.15014934539795,100,0.0,0.0,0.0
2021-12-06 00:00:00-05:00,15.20245485313533,15.211172056314323,15.185020446777344,15.185020446777344,2800,0.0,0.0,0.0
2021-12-07 00:00:00-05:00,15.446531162041449,15.446531162041449,15.385512397406352,15.411664009094238,300,0.0,0.0,0.0
2021-12-08 00:00:00-05:00,15.542415618896484,15.542415618896484,15.542415618896484,15.542415618896484,100,0.0,0.0,0.0
2021-12-09 00:00:00-05:00,15.481399689036644,15.49011689277011,15.429098129272461,15.429098129272461,1600,0.0,0.0,0.0
2021-12-10 00:00:00-05:00,15.411661621588408,15.481397579316285,15.411661621588408,15.455245971679688,600,0.0,0.0,0.0
2021-12-13 00:00:00-05:00,15.350643067490273,15.350643067490273,15.167585136908906,15.21117115020752,2800,0.0,0.0,0.0
2021-12-14 00:00:00-05:00,15.1152844839819,15.185020446777344,15.1152844839819,15.185020446777344,400,0.0,0.0,0.0
2021-12-15 00:00:00-05:00,14.993249947601615,15.132721900939941,14.993249947601615,15.132721900939941,100,0.0,0.0,0.0
2021-12-16 00:00:00-05:00,15.280908584594727,15.280908584594727,15.280908584594727,15.280908584594727,100,0.0,0.0,0.0
2021-12-17 00:00:00-05:00,15.106566380011273,15.19373674396681,15.080414772033691,15.080414772033691,3400,0.0,0.0,0.0
2021-12-20 00:00:00-05:00,14.892936051729901,14.910457553993412,14.779049628901927,14.884175300598145,4900,0.086,0.0,0.0
2021-12-21 00:00:00-05:00,15.06815133919252,15.12071418762207,15.06815133919252,15.12071418762207,700,0.0,0.0,0.0
2021-12-22 00:00:00-05:00,15.199560677739091,15.260884284973145,15.199560677739091,15.260884284973145,600,0.0,0.0,0.0
2021-12-23 00:00:00-05:00,15.357249560934886,15.357249560934886,15.348488807678223,15.348488807678223,700,0.0,0.0,0.0
2021-12-27 00:00:00-05:00,15.374767956975223,15.383528709411621,15.374767956975223,15.383528709411621,1700,0.0,0.0,0.0
2021-12-28 00:00:00-05:00,15.401052563880281,15.401052563880281,15.313446697093754,15.3222074508667,6700,0.0,0.0,0.0
2021-12-29 00:00:00-05:00,15.330965995788574,15.330965995788574,15.330965995788574,15.330965995788574,100,0.0,0.0,0.0
2021-12-30 00:00:00-05:00,15.409814343520802,15.444855690002441,15.409814343520802,15.444855690002441,3700,0.0,0.0,0.0
2021-12-31 00:00:00-05:00,15.479897334685417,15.479897334685417,15.436095237731934,15.436095237731934,3600,0.0,0.0,0.0
2022-01-03 00:00:00-05:00,15.541219711303711,15.576262722853004,15.48865686492253,15.541219711303711,3400,0.0,0.0,0.0
2022-01-04 00:00:00-05:00,15.453615629019767,15.479897890701613,15.339729170284338,15.392292022705078,74100,0.0,0.0,0.0
2022-01-05 00:00:00-05:00,15.409812747907957,15.479897104557372,15.234601020812988,15.234601020812988,1400,0.0,0.0,0.0
2022-01-06 00:00:00-05:00,15.278404235839844,15.278404235839844,15.278404235839844,15.278404235839844,100,0.0,0.0,0.0
2022-01-07 00:00:00-05:00,15.409810719871908,15.43609297676009,15.392289215279789,15.418571472167969,25900,0.0,0.0,0.0
2022-01-10 00:00:00-05:00,15.383530716256287,15.436095237731934,15.348489372882078,15.436095237731934,1500,0.0,0.0,0.0
2022-01-11 00:00:00-05:00,15.672626249727763,15.707669258117676,15.672626249727763,15.707669258117676,4100,0.0,0.0,0.0
2022-01-12 00:00:00-05:00,15.944210052490234,15.944210052490234,15.900406276891045,15.944210052490234,1900,0.0,0.0,0.0
2022-01-13 00:00:00-05:00,15.891646839279073,15.891646839279073,15.830323219299316,15.830323219299316,900,0.0,0.0,0.0
2022-01-14 00:00:00-05:00,15.7952748523951,15.81279468536377,15.7952748523951,15.81279468536377,300,0.0,0.0,0.0
2022-01-18 00:00:00-05:00,15.585026202472667,15.602546040369798,15.585026202472667,15.593785285949707,1700,0.0,0.0,0.0
2022-01-19 00:00:00-05:00,15.663871002911696,15.663871002911696,15.620068897972065,15.637590408325195,900,0.0,0.0,0.0
2022-01-20 00:00:00-05:00,15.725193361968763,15.725193361968763,15.611305236816406,15.611305236816406,100,0.0,0.0,0.0
2022-01-21 00:00:00-05:00,15.339726448059082,15.339726448059082,15.339726448059082,15.339726448059082,0,0.0,0.0,0.0
2022-01-24 00:00:00-05:00,14.901700019836426,14.901700019836426,14.901700019836426,14.901700019836426,200,0.0,0.0,0.0
2022-01-25 00:00:00-05:00,14.989305879123885,14.989305879123885,14.901700019836426,14.901700019836426,2100,0.0,0.0,0.0
2022-01-26 00:00:00-05:00,14.919216565729979,14.919216565729979,14.752765655517578,14.752765655517578,1900,0.0,0.0,0.0
2022-01-27 00:00:00-05:00,14.74400813749608,14.74400813749608,14.665163040161133,14.665163040161133,100,0.0,0.0,0.0
2022-01-28 00:00:00-05:00,14.700207710266113,14.700207710266113,14.700207710266113,14.700207710266113,100,0.0,0.0,0.0
2022-01-31 00:00:00-05:00,15.085672776446646,15.129476547241211,15.085672776446646,15.129476547241211,1100,0.0,0.0,0.0
2022-02-01 00:00:00-05:00,15.111955406736076,15.243363380432129,15.111955406736076,15.243363380432129,300,0.0,0.0,0.0
2022-02-02 00:00:00-05:00,15.190799437329284,15.304685894125644,15.190799437329284,15.29592514038086,1200,0.0,0.0,0.0
2022-02-03 00:00:00-05:00,15.059391021728516,15.059391021728516,15.059391021728516,15.059391021728516,100,0.0,0.0,0.0
2022-02-04 00:00:00-05:00,15.155755043029785,15.155755043029785,15.155755043029785,15.155755043029785,100,0.0,0.0,0.0
2022-02-07 00:00:00-05:00,15.190798106492899,15.243360953413756,15.182037353515625,15.182037353515625,1100,0.0,0.0,0.0
2022-02-08 00:00:00-05:00,15.234601020812988,15.234601020812988,15.234601020812988,15.234601020812988,200,0.0,0.0,0.0
2022-02-09 00:00:00-05:00,15.462372779846191,15.462372779846191,15.462372779846191,15.462372779846191,100,0.0,0.0,0.0
2022-02-10 00:00:00-05:00,15.348487146807864,15.348487146807864,15.295922632955932,15.313444137573242,800,0.0,0.0,0.0
2022-02-11 00:00:00-05:00,15.103193283081055,15.111954036658933,15.103193283081055,15.103193283081055,300,0.0,0.0,0.0
2022-02-14 00:00:00-05:00,14.919222831726074,14.919222831726074,14.919222831726074,14.919222831726074,100,0.0,0.0,0.0
2022-02-15 00:00:00-05:00,15.339726448059082,15.339726448059082,15.339726448059082,15.339726448059082,100,0.0,0.0,0.0
2022-02-16 00:00:00-05:00,15.444855690002441,15.444855690002441,15.444855690002441,15.444855690002441,0,0.0,0.0,0.0
2022-02-17 00:00:00-05:00,15.234601020812988,15.234601020812988,15.234601020812988,15.234601020812988,0,0.0,0.0,0.0
2022-02-18 00:00:00-05:00,15.138235208077612,15.155755043029785,15.138235208077612,15.155755043029785,300,0.0,0.0,0.0
2022-02-22 00:00:00-05:00,15.14699508477188,15.14699508477188,15.076909065246582,15.076909065246582,100,0.0,0.0,0.0
2022-02-23 00:00:00-05:00,14.98054910931079,14.98054910931079,14.849141120910645,14.849141120910645,1500,0.0,0.0,0.0
2022-02-24 00:00:00-05:00,14.069448525802486,14.52499771118164,14.069448525802486,14.52499771118164,6900,0.0,0.0,0.0
2022-02-25 00:00:00-05:00,14.857894929856595,14.989304542541504,14.857894929856595,14.989304542541504,600,0.0,0.0,0.0
2022-02-28 00:00:00-05:00,14.892942428588867,14.892942428588867,14.892942428588867,14.892942428588867,100,0.0,0.0,0.0
2022-03-01 00:00:00-05:00,14.533757425107657,14.603841781616211,14.507475164813377,14.603841781616211,3400,0.0,0.0,0.0
2022-03-02 00:00:00-05:00,14.700209824341107,14.700209824341107,14.638884544372559,14.638884544372559,600,0.0,0.0,0.0
2022-03-03 00:00:00-05:00,14.227138253240577,14.46367359161377,14.227138253240577,14.46367359161377,600,0.0,0.0,0.0
2022-03-04 00:00:00-05:00,14.349785339412644,14.349785339412644,14.314743995666504,14.314743995666504,600,0.0,0.0,0.0
2022-03-07 00:00:00-05:00,14.174574876099827,14.314743588988046,13.92051887512207,13.92051887512207,1200,0.0,0.0,0.0
2022-03-08 00:00:00-05:00,13.902995271498593,13.999361038208008,13.902995271498593,13.999361038208008,400,0.0,0.0,0.0
2022-03-09 00:00:00-05:00,14.209617616493635,14.34102725982666,14.209617616493635,14.34102725982666,200,0.0,0.0,0.0
2022-03-10 00:00:00-05:00,14.244658552146358,14.244658552146358,14.095729092948398,14.165813446044922,1400,0.0,0.0,0.0
2022-03-11 00:00:00-05:00,13.981842994689941,13.981842994689941,13.981842994689941,13.981842994689941,100,0.0,0.0,0.0
2022-03-14 00:00:00-04:00,13.780348762153205,13.83291244506836,13.780348762153205,13.83291244506836,1300,0.0,0.0,0.0
2022-03-15 00:00:00-04:00,13.815392571569877,13.946800533233015,13.815392571569877,13.938039779663086,800,0.0,0.0,0.0
2022-03-16 00:00:00-04:00,14.41987102687997,14.638884876043589,14.393590434383897,14.560041427612305,17800,0.0,0.0,0.0
2022-03-17 00:00:00-04:00,14.44615259559898,14.52499771118164,14.44615259559898,14.52499771118164,21500,0.0,0.0,0.0
2022-03-18 00:00:00-04:00,14.700207710266113,14.700207710266113,14.700207710266113,14.700207710266113,100,0.0,0.0,0.0
2022-03-21 00:00:00-04:00,14.515463829040527,14.515463829040527,14.515463829040527,14.515463829040527,200,0.07,0.0,0.0
2022-03-22 00:00:00-04:00,14.647425651550293,14.647425651550293,14.647425651550293,14.647425651550293,0,0.0,0.0,0.0
2022-03-23 00:00:00-04:00,14.673817668194749,14.673817668194749,14.621034622192383,14.621034622192383,100,0.0,0.0,0.0
2022-03-24 00:00:00-04:00,14.796975135803223,14.796975135803223,14.796975135803223,14.796975135803223,100,0.0,0.0,0.0
2022-03-25 00:00:00-04:00,14.735396385192871,14.735396385192871,14.735396385192871,14.735396385192871,0,0.0,0.0,0.0
2022-03-28 00:00:00-04:00,14.788180166388308,14.823369979858398,14.788180166388308,14.823369979858398,800,0.0,0.0,0.0
2022-03-29 00:00:00-04:00,15.02570629119873,15.02570629119873,15.02570629119873,15.02570629119873,100,0.0,0.0,0.0
2022-03-30 00:00:00-04:00,14.920140113193087,14.93773502169961,14.902546882629395,14.902546882629395,1800,0.0,0.0,0.0
2022-03-31 00:00:00-04:00,14.84975814819336,14.84975814819336,14.84975814819336,14.84975814819336,100,0.0,0.0,0.0
2022-04-01 00:00:00-04:00,14.955330810400707,15.008113861083984,14.955330810400707,15.008113861083984,100,0.0,0.0,0.0
2022-04-04 00:00:00-04:00,15.26323127746582,15.26323127746582,15.26323127746582,15.26323127746582,300,0.0,0.0,0.0
2022-04-05 00:00:00-04:00,15.06969165802002,15.06969165802002,15.06969165802002,15.06969165802002,0,0.0,0.0,0.0
2022-04-06 00:00:00-04:00,15.06089836146725,15.113681411350617,15.06089836146725,15.096086502075195,1400,0.0,0.0,0.0
2022-04-07 00:00:00-04:00,15.06969165802002,15.06969165802002,15.06969165802002,15.06969165802002,100,0.0,0.0,0.0
2022-04-08 00:00:00-04:00,15.140071106728907,15.148868560791016,15.140071106728907,15.148868560791016,2500,0.0,0.0,0.0
2022-04-11 00:00:00-04:00,15.140066146850586,15.140066146850586,15.140066146850586,15.140066146850586,100,0.0,0.0,0.0
2022-04-12 00:00:00-04:00,15.078489303588867,15.078489303588867,15.078489303588867,15.078489303588867,100,0.0,0.0,0.0
2022-04-13 00:00:00-04:00,15.140066146850586,15.140066146850586,15.140066146850586,15.140066146850586,100,0.0,0.0,0.0
2022-04-14 00:00:00-04:00,15.008110651429353,15.008110651429353,14.981719970703125,14.981719970703125,400,0.0,0.0,0.0
2022-04-18 00:00:00-04:00,14.981719970703125,14.981719970703125,14.981719970703125,14.981719970703125,100,0.0,0.0,0.0
2022-04-19 00:00:00-04:00,14.84975814819336,14.84975814819336,14.84975814819336,14.84975814819336,100,0.0,0.0,0.0
2022-04-20 00:00:00-04:00,14.849761775383243,14.8849515914917,14.849761775383243,14.8849515914917,1900,0.0,0.0,0.0
2022-04-21 00:00:00-04:00,14.779380640876507,14.779380640876507,14.761787414550781,14.761787414550781,500,0.0,0.0,0.0
2022-04-22 00:00:00-04:00,14.814573925431723,14.814573925431723,14.647425651550293,14.647425651550293,1900,0.0,0.0,0.0
2022-04-25 00:00:00-04:00,14.647425651550293,14.647425651550293,14.647425651550293,14.647425651550293,0,0.0,0.0,0.0
2022-04-26 00:00:00-04:00,14.453886032104492,14.47148093969649,14.453886032104492,14.453886032104492,600,0.0,0.0,0.0
2022-04-27 00:00:00-04:00,14.533061027526855,14.533061027526855,14.533061027526855,14.533061027526855,0,0.0,0.0,0.0
2022-04-28 00:00:00-04:00,14.682613372802734,14.682613372802734,14.682613372802734,14.682613372802734,100,0.0,0.0,0.0
2022-04-29 00:00:00-04:00,14.524260915001165,14.524260915001165,14.445085525512695,14.445085525512695,400,0.0,0.0,0.0
2022-05-02 00:00:00-04:00,14.40110260466043,14.436290740966797,14.31312974698047,14.436290740966797,800,0.0,0.0,0.0
2022-05-03 00:00:00-04:00,14.533061219432211,14.541858673095703,14.533061219432211,14.541858673095703,400,0.0,0.0,0.0
2022-05-04 00:00:00-04:00,14.41869481835033,14.682613372802734,14.41869481835033,14.682613372802734,500,0.0,0.0,0.0
2022-05-05 00:00:00-04:00,14.233951568603516,14.233951568603516,14.233951568603516,14.233951568603516,200,0.0,0.0,0.0
2022-05-06 00:00:00-04:00,14.225154876708984,14.225154876708984,14.225154876708984,14.225154876708984,100,0.0,0.0,0.0
2022-05-09 00:00:00-04:00,13.978830629233157,13.978830629233157,13.943641662597656,13.943641662597656,2800,0.0,0.0,0.0
2022-05-10 00:00:00-04:00,13.855670270657141,13.855670270657141,13.758900812066322,13.820481300354004,1400,0.0,0.0,0.0
2022-05-11 00:00:00-04:00,13.635740193661364,13.635740193661364,13.582956314086914,13.582956314086914,200,0.0,0.0,0.0
2022-05-12 00:00:00-04:00,13.283851781671883,13.34543228149414,13.222270442878237,13.34543228149414,900,0.0,0.0,0.0
2022-05-13 00:00:00-04:00,13.450997440788553,13.50378131866455,13.407011015720434,13.50378131866455,3200,0.0,0.0,0.0
2022-05-16 00:00:00-04:00,13.310241594504935,13.354228019714355,13.310241594504935,13.354228019714355,100,0.0,0.0,0.0
2022-05-17 00:00:00-04:00,13.486186875121566,13.530173301696777,13.486186875121566,13.530173301696777,700,0.0,0.0,0.0
2022-05-18 00:00:00-04:00,13.459795812795054,13.459795812795054,13.292647553915543,13.301445007324219,4700,0.0,0.0,0.0
2022-05-19 00:00:00-04:00,13.41580982322028,13.424607276916504,13.41580982322028,13.424607276916504,500,0.0,0.0,0.0
2022-05-20 00:00:00-04:00,13.415809439223223,13.415809439223223,13.407011985778809,13.407011985778809,1600,0.0,0.0,0.0
2022-05-23 00:00:00-04:00,13.363025641290792,13.459795951843262,13.363025641290792,13.459795951843262,200,0.0,0.0,0.0
2022-05-24 00:00:00-04:00,13.257458930423907,13.37182331085205,13.257458930423907,13.37182331085205,14000,0.0,0.0,0.0
2022-05-25 00:00:00-04:00,13.345429007050155,13.49498233189946,13.345429007050155,13.477387428283691,3700,0.0,0.0,0.0
2022-05-26 00:00:00-04:00,13.47739063954479,13.582957569479312,13.47739063954479,13.547768592834473,6800,0.0,0.0,0.0
2022-05-27 00:00:00-04:00,13.670926850659788,13.758899688720703,13.670926850659788,13.758899688720703,9300,0.0,0.0,0.0
2022-05-31 00:00:00-04:00,13.987629259242967,13.987629259242967,13.899657249450684,13.899657249450684,2400,0.0,0.0,0.0
2022-06-01 00:00:00-04:00,13.882063813514701,13.882063813514701,13.776496887207031,13.776496887207031,2100,0.0,0.0,0.0
2022-06-02 00:00:00-04:00,13.79409144177929,13.961238861083984,13.79409144177929,13.961238861083984,2400,0.0,0.0,0.0
2022-06-03 00:00:00-04:00,13.732508489847259,13.732508489847259,13.63573903101166,13.670928001403809,700,0.0,0.0,0.0
2022-06-06 00:00:00-04:00,13.829277918334368,13.829277918334368,13.723711013793945,13.723711013793945,1400,0.0,0.0,0.0
2022-06-07 00:00:00-04:00,13.600549205677861,13.723711013793945,13.600549205677861,13.723711013793945,800,0.0,0.0,0.0
2022-06-08 00:00:00-04:00,13.538968652265496,13.538968652265496,13.521373748779297,13.521373748779297,500,0.0,0.0,0.0
2022-06-09 00:00:00-04:00,13.50378259856361,13.50378259856361,13.37182331085205,13.37182331085205,500,0.0,0.0,0.0
2022-06-10 00:00:00-04:00,13.283851458492341,13.283851458492341,13.17828369140625,13.17828369140625,2400,0.0,0.0,0.0
2022-06-13 00:00:00-04:00,12.87037955447627,12.879177007677505,12.791204153607778,12.826393127441406,3400,0.0,0.0,0.0
2022-06-14 00:00:00-04:00,12.914366990764185,12.931961059570312,12.914366990764185,12.931961059570312,200,0.0,0.0,0.0
2022-06-15 00:00:00-04:00,13.081512451171875,13.081512451171875,13.081512451171875,13.081512451171875,0,0.0,0.0,0.0
2022-06-16 00:00:00-04:00,12.641648292541504,12.641648292541504,12.641648292541504,12.641648292541504,100,0.0,0.0,0.0
2022-06-17 00:00:00-04:00,12.624054228607172,12.641648292541504,12.624054228607172,12.641648292541504,300,0.0,0.0,0.0
2022-06-21 00:00:00-04:00,12.78977058177775,12.816378744065274,12.78977058177775,12.798640251159668,12800,0.117,0.0,0.0
2022-06-22 00:00:00-04:00,12.488207775429876,12.568033102946082,12.488207775429876,12.50594711303711,500,0.0,0.0,0.0
2022-06-23 00:00:00-04:00,12.39951516534382,12.497079849243164,12.39951516534382,12.497079849243164,9000,0.0,0.0,0.0
2022-06-24 00:00:00-04:00,12.60351142530389,12.674467086791992,12.594641756153324,12.674467086791992,1800,0.0,0.0,0.0
2022-06-27 00:00:00-04:00,12.630119323730469,12.630119323730469,12.630119323730469,12.630119323730469,100,0.0,0.0,0.0
2022-06-28 00:00:00-04:00,12.585772514343262,12.585772514343262,12.585772514343262,12.585772514343262,100,0.0,0.0,0.0
2022-06-29 00:00:00-04:00,12.612380027770996,12.612380027770996,12.612380027770996,12.612380027770996,0,0.0,0.0,0.0
2022-06-30 00:00:00-04:00,12.497079849243164,12.497079849243164,12.497079849243164,12.497079849243164,100,0.0,0.0,0.0
2022-07-01 00:00:00-04:00,12.284210887425354,12.417252540588379,12.284210887425354,12.417252540588379,500,0.0,0.0,0.0
2022-07-05 00:00:00-04:00,12.222123370640324,12.293079027833679,12.222123370640324,12.284210205078125,3800,0.0,0.0,0.0
2022-07-06 00:00:00-04:00,12.275342096486646,12.337428092956543,12.275342096486646,12.337428092956543,1100,0.0,0.0,0.0
2022-07-07 00:00:00-04:00,12.514815745276367,12.550293574092034,12.514815745276367,12.541424751281738,5400,0.0,0.0,0.0
2022-07-08 00:00:00-04:00,12.559163549498704,12.568033218383789,12.559163549498704,12.568033218383789,200,0.0,0.0,0.0
2022-07-11 00:00:00-04:00,12.399511753845978,12.42612075805664,12.399511753845978,12.42612075805664,200,0.0,0.0,0.0
2022-07-12 00:00:00-04:00,12.372905731201172,12.372905731201172,12.372905731201172,12.372905731201172,100,0.0,0.0,0.0
2022-07-13 00:00:00-04:00,12.328556060791016,12.328556060791016,12.328556060791016,12.328556060791016,0,0.0,0.0,0.0
2022-07-14 00:00:00-04:00,12.266471862792969,12.266471862792969,12.266471862792969,12.266471862792969,100,0.0,0.0,0.0
2022-07-15 00:00:00-04:00,12.337425728832308,12.337425728832308,12.293078234483945,12.328556060791016,1200,0.0,0.0,0.0
2022-07-18 00:00:00-04:00,12.53255696968814,12.53255696968814,12.443861961364746,12.443861961364746,3400,0.0,0.0,0.0
2022-07-19 00:00:00-04:00,12.718814394052849,12.718814394052849,12.68333656384613,12.709944725036621,800,0.0,0.0,0.0
2022-07-20 00:00:00-04:00,12.709944725036621,12.709944725036621,12.709944725036621,12.709944725036621,200,0.0,0.0,0.0
2022-07-21 00:00:00-04:00,12.82524768807037,12.922811508178711,12.82524768807037,12.922811508178711,200,0.0,0.0,0.0
2022-07-22 00:00:00-04:00,12.860725402832031,12.860725402832031,12.860725402832031,12.860725402832031,100,0.0,0.0,0.0
2022-07-25 00:00:00-04:00,12.851855278015137,12.851855278015137,12.851855278015137,12.851855278015137,100,0.0,0.0,0.0
2022-07-26 00:00:00-04:00,12.78977108001709,12.78977108001709,12.78977108001709,12.78977108001709,1500,0.0,0.0,0.0
2022-07-27 00:00:00-04:00,13.100202560424805,13.100202560424805,13.100202560424805,13.100202560424805,0,0.0,0.0,0.0
2022-07-28 00:00:00-04:00,13.19776725769043,13.19776725769043,13.19776725769043,13.19776725769043,100,0.0,0.0,0.0
2022-07-29 00:00:00-04:00,13.295328140258789,13.295328140258789,13.295328140258789,13.295328140258789,0,0.0,0.0,0.0
2022-08-01 00:00:00-04:00,13.259852409362793,13.259852409362793,13.259852409362793,13.259852409362793,100,0.0,0.0,0.0
2022-08-02 00:00:00-04:00,13.242111206054688,13.242111206054688,13.242111206054688,13.242111206054688,0,0.0,0.0,0.0
2022-08-03 00:00:00-04:00,13.30419921875,13.30419921875,13.30419921875,13.30419921875,100,0.0,0.0,0.0
2022-08-04 00:00:00-04:00,13.268720626831055,13.268720626831055,13.268720626831055,13.268720626831055,0,0.0,0.0,0.0
2022-08-05 00:00:00-04:00,13.313070297241211,13.313070297241211,13.313070297241211,13.313070297241211,0,0.0,0.0,0.0
2022-08-08 00:00:00-04:00,13.39289379119873,13.39289379119873,13.39289379119873,13.39289379119873,100,0.0,0.0,0.0
2022-08-09 00:00:00-04:00,13.481587142767257,13.499326479452762,13.437239646911621,13.437239646911621,1400,0.0,0.0,0.0
2022-08-10 00:00:00-04:00,13.667846943664983,13.712194442749023,13.667846943664983,13.712194442749023,500,0.0,0.0,0.0
2022-08-11 00:00:00-04:00,13.694457054138184,13.694457054138184,13.694457054138184,13.694457054138184,100,0.0,0.0,0.0
2022-08-12 00:00:00-04:00,13.86297607421875,13.86297607421875,13.86297607421875,13.86297607421875,0,0.0,0.0,0.0
2022-08-15 00:00:00-04:00,13.756543159484863,13.756543159484863,13.756543159484863,13.756543159484863,100,0.0,0.0,0.0
2022-08-16 00:00:00-04:00,13.845235667055631,13.845235667055631,13.765411186196554,13.800889015197754,23400,0.0,0.0,0.0
2022-08-17 00:00:00-04:00,13.783150175020344,13.792019844055176,13.783150175020344,13.792019844055176,400,0.0,0.0,0.0
2022-08-18 00:00:00-04:00,13.729932287606449,13.738801956176758,13.729932287606449,13.738801956176758,400,0.0,0.0,0.0
2022-08-19 00:00:00-04:00,13.596889992853567,13.596889992853567,13.588020324707031,13.588020324707031,1500,0.0,0.0,0.0
2022-08-22 00:00:00-04:00,13.508196869893647,13.508196869893647,13.428372383117676,13.428372383117676,2300,0.0,0.0,0.0
2022-08-23 00:00:00-04:00,13.4815869533744,13.51706478038888,13.47271728515625,13.47271728515625,1200,0.0,0.0,0.0
2022-08-24 00:00:00-04:00,13.499327276878967,13.570282936096191,13.499327276878967,13.570282936096191,800,0.0,0.0,0.0
2022-08-25 00:00:00-04:00,13.552543861742414,13.614630699157715,13.552543861742414,13.614630699157715,500,0.0,0.0,0.0
2022-08-26 00:00:00-04:00,13.658977909367179,13.658977909367179,13.410633087158203,13.410633087158203,3700,0.0,0.0,0.0
2022-08-29 00:00:00-04:00,13.437239646911621,13.49045681111001,13.410631487741492,13.437239646911621,3400,0.0,0.0,0.0
2022-08-30 00:00:00-04:00,13.410632781793824,13.410632781793824,13.384024620056152,13.384024620056152,700,0.0,0.0,0.0
2022-08-31 00:00:00-04:00,13.428373470846177,13.454981635260156,13.313070297241211,13.313070297241211,8500,0.0,0.0,0.0
2022-09-01 00:00:00-04:00,13.242113915993652,13.259852409362793,13.242113915993652,13.259852409362793,1000,0.0,0.0,0.0
2022-09-02 00:00:00-04:00,13.259853195180483,13.259853195180483,13.117941856384277,13.117941856384277,6200,0.0,0.0,0.0
2022-09-06 00:00:00-04:00,13.0824613571167,13.109069516257,13.0824613571167,13.0824613571167,900,0.0,0.0,0.0
2022-09-07 00:00:00-04:00,13.162286758422852,13.162286758422852,13.162286758422852,13.162286758422852,0,0.0,0.0,0.0
2022-09-08 00:00:00-04:00,13.126809120178223,13.126809120178223,13.126809120178223,13.126809120178223,200,0.0,0.0,0.0
2022-09-09 00:00:00-04:00,13.250981330871582,13.250981330871582,13.250981330871582,13.250981330871582,100,0.0,0.0,0.0
2022-09-12 00:00:00-04:00,13.454981803894043,13.463851474095966,13.454981803894043,13.454981803894043,4700,0.0,0.0,0.0
2022-09-13 00:00:00-04:00,13.215503652284808,13.215503652284808,13.055853843688965,13.055853843688965,700,0.0,0.0,0.0
2022-09-14 00:00:00-04:00,13.233242722628706,13.242112391221097,13.180025556932511,13.188895225524902,14900,0.0,0.0,0.0
2022-09-15 00:00:00-04:00,13.073591232299805,13.073591232299805,13.073591232299805,13.073591232299805,100,0.0,0.0,0.0
2022-09-16 00:00:00-04:00,13.002636263302726,13.038114091401935,12.993766594813389,13.029244422912598,900,0.0,0.0,0.0
2022-09-19 00:00:00-04:00,13.025658096457978,13.025658096457978,12.99874496459961,12.99874496459961,200,0.166,0.0,0.0
2022-09-20 00:00:00-04:00,12.95389175415039,12.95389175415039,12.95389175415039,12.95389175415039,100,0.0,0.0,0.0
2022-09-21 00:00:00-04:00,12.828299522399902,12.828299522399902,12.828299522399902,12.828299522399902,100,0.0,0.0,0.0
2022-09-22 00:00:00-04:00,12.774472385135097,12.837268829345703,12.774472385135097,12.837268829345703,300,0.0,0.0,0.0
2022-09-23 00:00:00-04:00,12.46946637901205,12.478437423706055,12.46946637901205,12.478437423706055,17000,0.0,0.0,0.0
2022-09-26 00:00:00-04:00,12.200339317321777,12.200339317321777,12.200339317321777,12.200339317321777,200,0.0,0.0,0.0
2022-09-27 00:00:00-04:00,12.137542873192384,12.200339317321777,12.137542873192384,12.200339317321777,14200,0.0,0.0,0.0
2022-09-28 00:00:00-04:00,12.334904465676674,12.379758834838867,12.334904465676674,12.379758834838867,900,0.0,0.0,0.0
2022-09-29 00:00:00-04:00,12.155487060546875,12.155487060546875,12.155487060546875,12.155487060546875,0,0.0,0.0,0.0
2022-09-30 00:00:00-04:00,12.182398796081543,12.182398796081543,12.182398796081543,12.182398796081543,0,0.0,0.0,0.0
2022-10-03 00:00:00-04:00,12.406669616699219,12.406669616699219,12.406669616699219,12.406669616699219,100,0.0,0.0,0.0
2022-10-04 00:00:00-04:00,12.56814518099804,12.648882865905762,12.56814518099804,12.648882865905762,2000,0.0,0.0,0.0
2022-10-05 00:00:00-04:00,12.541230763931674,12.630939483642578,12.541230763931674,12.630939483642578,23200,0.0,0.0,0.0
2022-10-06 00:00:00-04:00,12.621969223022461,12.621969223022461,12.621969223022461,12.621969223022461,3200,0.0,0.0,0.0
2022-10-07 00:00:00-04:00,12.532263382886644,12.532263382886644,12.424613408441617,12.451525688171387,1100,0.0,0.0,0.0
2022-10-10 00:00:00-04:00,12.406669616699219,12.406669616699219,12.406669616699219,12.406669616699219,400,0.0,0.0,0.0
2022-10-11 00:00:00-04:00,12.299018859863281,12.299018859863281,12.299018859863281,12.299018859863281,0,0.0,0.0,0.0
2022-10-12 00:00:00-04:00,12.263136323234889,12.290048599243164,12.263136323234889,12.290048599243164,8000,0.0,0.0,0.0
2022-10-13 00:00:00-04:00,12.2721077480922,12.370786666870117,12.2721077480922,12.370786666870117,100,0.0,0.0,0.0
2022-10-14 00:00:00-04:00,12.245192670408874,12.245192670408874,12.137542724609375,12.137542724609375,14200,0.0,0.0,0.0
2022-10-17 00:00:00-04:00,12.47843622725906,12.47843622725906,12.460494995117188,12.460494995117188,400,0.0,0.0,0.0
2022-10-18 00:00:00-04:00,12.47843759318464,12.487408638000488,12.451525314263023,12.487408638000488,1100,0.0,0.0,0.0
2022-10-19 00:00:00-04:00,12.478437423706055,12.478437423706055,12.478437423706055,12.478437423706055,100,0.0,0.0,0.0
2022-10-20 00:00:00-04:00,12.630940849911852,12.657853126525879,12.630940849911852,12.657853126525879,400,0.0,0.0,0.0
2022-10-21 00:00:00-04:00,12.85521125793457,12.85521125793457,12.85521125793457,12.85521125793457,100,0.0,0.0,0.0
2022-10-24 00:00:00-04:00,12.675795555114746,12.675795555114746,12.675795555114746,12.675795555114746,200,0.0,0.0,0.0
2022-10-25 00:00:00-04:00,12.7655029296875,12.7655029296875,12.7655029296875,12.7655029296875,100,0.0,0.0,0.0
2022-10-26 00:00:00-04:00,12.756533452882715,12.756533452882715,12.747562408447266,12.747562408447266,1100,0.0,0.0,0.0
2022-10-27 00:00:00-04:00,12.675795555114746,12.675795555114746,12.675795555114746,12.675795555114746,100,0.0,0.0,0.0
2022-10-28 00:00:00-04:00,12.684765447198831,12.720648765563965,12.684765447198831,12.720648765563965,300,0.0,0.0,0.0
2022-10-31 00:00:00-04:00,12.595059188344209,12.639913558959961,12.595059188344209,12.639913558959961,1300,0.0,0.0,0.0
2022-11-01 00:00:00-04:00,12.693736788164085,12.693736788164085,12.675795555114746,12.675795555114746,5000,0.0,0.0,0.0
2022-11-02 00:00:00-04:00,12.514318466186523,12.514318466186523,12.514318466186523,12.514318466186523,0,0.0,0.0,0.0
2022-11-03 00:00:00-04:00,12.54123037321887,12.550201416015625,12.54123037321887,12.550201416015625,200,0.0,0.0,0.0
2022-11-04 00:00:00-04:00,12.873153686523438,12.873153686523438,12.873153686523438,12.873153686523438,0,0.0,0.0,0.0
2022-11-07 00:00:00-05:00,12.846240043640137,12.846240043640137,12.846240043640137,12.846240043640137,0,0.0,0.0,0.0
2022-11-08 00:00:00-05:00,12.953888475837193,12.953888475837193,12.891092889518243,12.926976203918457,1300,0.0,0.0,0.0
2022-11-09 00:00:00-05:00,12.738590240478516,12.738590240478516,12.738590240478516,12.738590240478516,100,0.0,0.0,0.0
2022-11-10 00:00:00-05:00,13.034626936549307,13.088452339172363,13.016685706025454,13.088452339172363,900,0.0,0.0,0.0
2022-11-11 00:00:00-05:00,13.115365199249787,13.124336242675781,13.115365199249787,13.124336242675781,600,0.0,0.0,0.0
2022-11-14 00:00:00-05:00,12.926977742425317,13.007715423316235,12.926977742425317,12.962861061096191,4700,0.0,0.0,0.0
2022-11-15 00:00:00-05:00,12.926976203918457,12.926976203918457,12.926976203918457,12.926976203918457,100,0.0,0.0,0.0
2022-11-16 00:00:00-05:00,12.7655029296875,12.7655029296875,12.7655029296875,12.7655029296875,100,0.0,0.0,0.0
2022-11-17 00:00:00-05:00,12.729618072509766,12.729618072509766,12.729618072509766,12.729618072509766,100,0.0,0.0,0.0
2022-11-18 00:00:00-05:00,12.675795555114746,12.675795555114746,12.675795555114746,12.675795555114746,100,0.0,0.0,0.0
2022-11-21 00:00:00-05:00,12.595057529251198,12.657853126525879,12.595057529251198,12.657853126525879,600,0.0,0.0,0.0
2022-11-22 00:00:00-05:00,12.747561284122726,12.747561284122726,12.738590240478516,12.738590240478516,1500,0.0,0.0,0.0
2022-11-23 00:00:00-05:00,12.846240043640137,12.846240043640137,12.846240043640137,12.846240043640137,200,0.0,0.0,0.0
2022-11-25 00:00:00-05:00,12.819328308105469,12.819328308105469,12.819328308105469,12.819328308105469,0,0.0,0.0,0.0
2022-11-28 00:00:00-05:00,12.7655029296875,12.7655029296875,12.7655029296875,12.7655029296875,300,0.0,0.0,0.0
2022-11-29 00:00:00-05:00,12.882123704252848,12.900065791802517,12.864182472229004,12.864182472229004,6000,0.0,0.0,0.0
2022-11-30 00:00:00-05:00,13.133307456970215,13.133307456970215,13.133307456970215,13.133307456970215,100,0.0,0.0,0.0
2022-12-01 00:00:00-05:00,13.025655056719257,13.025655056719257,12.971829661089352,12.989770889282227,900,0.0,0.0,0.0
2022-12-02 00:00:00-05:00,12.935947246399936,12.935947246399936,12.926976203918457,12.926976203918457,500,0.0,0.0,0.0
2022-12-05 00:00:00-05:00,12.810359003848623,12.810359003848623,12.693737983703613,12.693737983703613,500,0.0,0.0,0.0
2022-12-06 00:00:00-05:00,12.711680073968669,12.711680073968669,12.693737983703613,12.693737983703613,200,0.0,0.0,0.0
2022-12-07 00:00:00-05:00,12.586085123787125,12.639910526718818,12.586085123787125,12.630939483642578,9400,0.0,0.0,0.0
2022-12-08 00:00:00-05:00,12.630939483642578,12.630939483642578,12.630939483642578,12.630939483642578,100,0.0,0.0,0.0
2022-12-09 00:00:00-05:00,12.621969349561022,12.621969349561022,12.568144798278809,12.568144798278809,500,0.0,0.0,0.0
2022-12-12 00:00:00-05:00,12.595057487487793,12.595057487487793,12.595057487487793,12.595057487487793,100,0.0,0.0,0.0
2022-12-13 00:00:00-05:00,12.68476676940918,12.68476676940918,12.68476676940918,12.68476676940918,300,0.0,0.0,0.0
2022-12-14 00:00:00-05:00,12.541230201721191,12.541230201721191,12.541230201721191,12.541230201721191,0,0.0,0.0,0.0
2022-12-15 00:00:00-05:00,12.370786666870117,12.370786666870117,12.370786666870117,12.370786666870117,100,0.0,0.0,0.0
2022-12-16 00:00:00-05:00,12.406669616699219,12.406669616699219,12.406669616699219,12.406669616699219,600,0.0,0.0,0.0
2022-12-19 00:00:00-05:00,12.482985496520996,12.482985496520996,12.482985496520996,12.482985496520996,100,0.174,0.0,0.0
2022-12-20 00:00:00-05:00,12.546581268310547,12.546581268310547,12.546581268310547,12.546581268310547,0,0.0,0.0,0.0
2022-12-21 00:00:00-05:00,12.573837280273438,12.573837280273438,12.573837280273438,12.573837280273438,300,0.0,0.0,0.0
2022-12-22 00:00:00-05:00,12.410303726541152,12.428474426269531,12.410303726541152,12.428474426269531,100,0.0,0.0,0.0
2022-12-23 00:00:00-05:00,12.446645736694336,12.446645736694336,12.446645736694336,12.446645736694336,100,0.0,0.0,0.0
2022-12-27 00:00:00-05:00,12.510240002754697,12.555665016174316,12.501154653500137,12.555665016174316,1500,0.0,0.0,0.0
2022-12-28 00:00:00-05:00,12.51024154765054,12.528411381976872,12.482985496520996,12.482985496520996,12000,0.0,0.0,0.0
2022-12-29 00:00:00-05:00,12.619262445539434,12.673772811889648,12.619262445539434,12.673772811889648,1100,0.0,0.0,0.0
2022-12-30 00:00:00-05:00,12.537497520446777,12.537497520446777,12.537497520446777,12.537497520446777,200,0.0,0.0,0.0
2023-01-03 00:00:00-05:00,12.482984505843126,12.51024055480957,12.473899156187644,12.51024055480957,3600,0.0,0.0,0.0
2023-01-04 00:00:00-05:00,12.501155138490216,12.601091384887695,12.501155138490216,12.601091384887695,400,0.0,0.0,0.0
2023-01-05 00:00:00-05:00,12.464814186096191,12.464814186096191,12.464814186096191,12.464814186096191,100,0.0,0.0,0.0
2023-01-06 00:00:00-05:00,12.673772811889648,12.673772811889648,12.673772811889648,12.673772811889648,400,0.0,0.0,0.0
2023-01-09 00:00:00-05:00,12.70102746974332,12.70102746974332,12.65560245513916,12.65560245513916,1300,0.0,0.0,0.0
2023-01-10 00:00:00-05:00,12.64651603130132,12.682856559753418,12.64651603130132,12.682856559753418,300,0.0,0.0,0.0
2023-01-11 00:00:00-05:00,12.610175842071689,12.66468620300293,12.610175842071689,12.66468620300293,700,0.0,0.0,0.0
2023-01-12 00:00:00-05:00,12.746451750914511,12.819132804870605,12.746451750914511,12.819132804870605,400,0.0,0.0,0.0
2023-01-13 00:00:00-05:00,12.764623241085296,12.873644828796387,12.764623241085296,12.873644828796387,700,0.0,0.0,0.0
2023-01-17 00:00:00-05:00,12.864559237015968,12.928154945373535,12.864559237015968,12.928154945373535,300,0.0,0.0,0.0
2023-01-18 00:00:00-05:00,12.928155126633502,12.928155126633502,12.810049057006836,12.810049057006836,3800,0.0,0.0,0.0
2023-01-19 00:00:00-05:00,12.891815185546875,12.891815185546875,12.891815185546875,12.891815185546875,0,0.0,0.0,0.0
2023-01-20 00:00:00-05:00,12.973582286670815,13.064434051513672,12.955412453558228,13.064434051513672,1900,0.0,0.0,0.0
2023-01-23 00:00:00-05:00,13.082604065224583,13.100774765014648,13.073519581756205,13.100774765014648,500,0.0,0.0,0.0
2023-01-24 00:00:00-05:00,13.073520877569667,13.082605361938477,13.028094990018662,13.082605361938477,1100,0.0,0.0,0.0
2023-01-25 00:00:00-05:00,13.082605361938477,13.082605361938477,13.082605361938477,13.082605361938477,200,0.0,0.0,0.0
2023-01-26 00:00:00-05:00,13.091689109802246,13.091689109802246,13.091689109802246,13.091689109802246,300,0.0,0.0,0.0
2023-01-27 00:00:00-05:00,12.928155189438652,12.928155189438652,12.819133601727561,12.873644828796387,1000,0.0,0.0,0.0
2023-01-30 00:00:00-05:00,12.710111618041992,12.710111618041992,12.710111618041992,12.710111618041992,100,0.0,0.0,0.0
2023-01-31 00:00:00-05:00,12.737370491027832,12.737370491027832,12.737370491027832,12.737370491027832,100,0.0,0.0,0.0
2023-02-01 00:00:00-05:00,12.646517105647684,12.728283518217753,12.646517105647684,12.65560245513916,500,0.0,0.0,0.0
2023-02-02 00:00:00-05:00,12.61926159452965,12.61926159452965,12.555665016174316,12.555665016174316,200,0.0,0.0,0.0
2023-02-03 00:00:00-05:00,12.519325381346292,12.546581431060158,12.492070198059082,12.492070198059082,1400,0.0,0.0,0.0
2023-02-06 00:00:00-05:00,12.410303115844727,12.410303115844727,12.410303115844727,12.410303115844727,100,0.0,0.0,0.0
2023-02-07 00:00:00-05:00,12.310367154479458,12.337622336930616,12.264941272776442,12.328536987304688,12500,0.0,0.0,0.0
2023-02-08 00:00:00-05:00,12.283112400825893,12.310367584228516,12.246771001053515,12.310367584228516,900,0.0,0.0,0.0
2023-02-09 00:00:00-05:00,12.246770151537236,12.246770151537236,12.192259788513184,12.192259788513184,1000,0.0,0.0,0.0
2023-02-10 00:00:00-05:00,12.264941215515137,12.27402656509865,12.237686033191226,12.264941215515137,1100,0.0,0.0,0.0
2023-02-13 00:00:00-05:00,12.373960921885034,12.373960921885034,12.355791091918945,12.355791091918945,100,0.0,0.0,0.0
2023-02-14 00:00:00-05:00,12.36487800603456,12.373963356018066,12.36487800603456,12.373963356018066,100,0.0,0.0,0.0
2023-02-15 00:00:00-05:00,12.428474426269531,12.428474426269531,12.428474426269531,12.428474426269531,100,0.0,0.0,0.0
2023-02-16 00:00:00-05:00,12.328536826936284,12.383048057556152,12.328536826936284,12.383048057556152,200,0.0,0.0,0.0
2023-02-17 00:00:00-05:00,12.337621688842773,12.337621688842773,12.337621688842773,12.337621688842773,100,0.0,0.0,0.0
2023-02-21 00:00:00-05:00,12.210430145263672,12.210430145263672,12.183174962580784,12.210430145263672,3600,0.0,0.0,0.0
2023-02-22 00:00:00-05:00,12.155920028686523,12.155920028686523,12.155920028686523,12.155920028686523,100,0.0,0.0,0.0
2023-02-23 00:00:00-05:00,12.201346397399902,12.201346397399902,12.201346397399902,12.201346397399902,100,0.0,0.0,0.0
2023-02-24 00:00:00-05:00,12.028729438781738,12.028729438781738,12.028729438781738,12.028729438781738,100,0.0,0.0,0.0
2023-02-27 00:00:00-05:00,12.08323860168457,12.08323860168457,12.08323860168457,12.08323860168457,0,0.0,0.0,0.0
2023-02-28 00:00:00-05:00,12.119580435745227,12.119580435745227,12.065069198608398,12.065069198608398,200,0.0,0.0,0.0
2023-03-01 00:00:00-05:00,12.192259788513184,12.192259788513184,12.192259788513184,12.192259788513184,100,0.0,0.0,0.0
2023-03-02 00:00:00-05:00,12.201346397399902,12.201346397399902,12.201346397399902,12.201346397399902,100,0.0,0.0,0.0
2023-03-03 00:00:00-05:00,12.346705436706543,12.346705436706543,12.346705436706543,12.346705436706543,0,0.0,0.0,0.0
2023-03-06 00:00:00-05:00,12.437560081481934,12.437560081481934,12.437560081481934,12.437560081481934,100,0.0,0.0,0.0
2023-03-07 00:00:00-05:00,12.255855865931625,12.264941215515137,12.255855865931625,12.264941215515137,100,0.0,0.0,0.0
2023-03-08 00:00:00-05:00,12.373963356018066,12.373963356018066,12.373963356018066,12.373963356018066,0,0.0,0.0,0.0
2023-03-09 00:00:00-05:00,12.373962936653983,12.373962936653983,12.237686157226562,12.237686157226562,1600,0.0,0.0,0.0
2023-03-10 00:00:00-05:00,12.165005683898926,12.165005683898926,12.165005683898926,12.165005683898926,100,0.0,0.0,0.0
2023-03-13 00:00:00-04:00,12.037812843973137,12.101408559099868,12.037812843973137,12.055983543395996,1500,0.0,0.0,0.0
2023-03-14 00:00:00-04:00,11.928791046142578,11.928791046142578,11.928791046142578,11.928791046142578,100,0.0,0.0,0.0
2023-03-15 00:00:00-04:00,11.738003730773926,11.738003730773926,11.738003730773926,11.738003730773926,0,0.0,0.0,0.0
2023-03-16 00:00:00-04:00,11.883366584777832,11.883366584777832,11.883366584777832,11.883366584777832,0,0.0,0.0,0.0
2023-03-17 00:00:00-04:00,11.77434253692627,11.77434253692627,11.77434253692627,11.77434253692627,100,0.0,0.0,0.0
2023-03-20 00:00:00-04:00,11.778013229370117,11.778013229370117,11.778013229370117,11.778013229370117,100,0.124,0.0,0.0
2023-03-21 00:00:00-04:00,11.796359062194824,11.796359062194824,11.796359062194824,11.796359062194824,0,0.0,0.0,0.0
2023-03-22 00:00:00-04:00,11.833049774169922,11.833049774169922,11.833049774169922,11.833049774169922,100,0.0,0.0,0.0
2023-03-23 00:00:00-04:00,11.860569953918457,11.860569953918457,11.860569953918457,11.860569953918457,100,0.0,0.0,0.0
2023-03-24 00:00:00-04:00,11.851396560668945,11.851396560668945,11.851396560668945,11.851396560668945,200,0.0,0.0,0.0
2023-03-27 00:00:00-04:00,11.833049774169922,11.833049774169922,11.833049774169922,11.833049774169922,100,0.0,0.0,0.0
2023-03-28 00:00:00-04:00,11.869741439819336,11.869741439819336,11.869741439819336,11.869741439819336,100,0.0,0.0,0.0
2023-03-29 00:00:00-04:00,12.034852027893066,12.034852027893066,12.034852027893066,12.034852027893066,0,0.0,0.0,0.0
2023-03-30 00:00:00-04:00,12.108237266540527,12.108237266540527,12.108237266540527,12.108237266540527,100,0.0,0.0,0.0
2023-03-31 00:00:00-04:00,12.080718040466309,12.080718040466309,12.080718040466309,12.080718040466309,100,0.0,0.0,0.0
2023-04-03 00:00:00-04:00,12.117412567138672,12.117412567138672,12.117412567138672,12.117412567138672,100,0.0,0.0,0.0
2023-04-04 00:00:00-04:00,12.154105186462402,12.154105186462402,12.154105186462402,12.154105186462402,0,0.0,0.0,0.0
2023-04-05 00:00:00-04:00,12.053201675415039,12.053201675415039,12.053201675415039,12.053201675415039,0,0.0,0.0,0.0
2023-04-06 00:00:00-04:00,12.080718040466309,12.080718040466309,12.080718040466309,12.080718040466309,0,0.0,0.0,0.0
2023-04-10 00:00:00-04:00,12.172449376846158,12.218313217163086,12.172449376846158,12.218313217163086,500,0.0,0.0,0.0
2023-04-11 00:00:00-04:00,12.383424758911133,12.383424758911133,12.383424758911133,12.383424758911133,100,0.0,0.0,0.0
2023-04-12 00:00:00-04:00,12.392596244812012,12.392596244812012,12.392596244812012,12.392596244812012,100,0.0,0.0,0.0
2023-04-13 00:00:00-04:00,12.447635788433944,12.521018981933594,12.447635788433944,12.521018981933594,400,0.0,0.0,0.0
2023-04-14 00:00:00-04:00,12.475154395979997,12.493499755859375,12.475154395979997,12.493499755859375,200,0.0,0.0,0.0
2023-04-17 00:00:00-04:00,12.511844635009766,12.511844635009766,12.511844635009766,12.511844635009766,100,0.0,0.0,0.0
2023-04-18 00:00:00-04:00,12.493498327141811,12.493498327141811,12.429288262711925,12.475152969360352,1100,0.0,0.0,0.0
2023-04-19 00:00:00-04:00,12.383424758911133,12.383424758911133,12.383424758911133,12.383424758911133,100,0.0,0.0,0.0
2023-04-20 00:00:00-04:00,12.346734046936035,12.346734046936035,12.346734046936035,12.346734046936035,0,0.0,0.0,0.0
2023-04-21 00:00:00-04:00,12.218313217163086,12.218313217163086,12.218313217163086,12.218313217163086,0,0.0,0.0,0.0
2023-04-24 00:00:00-04:00,12.282523155212402,12.282523155212402,12.282523155212402,12.282523155212402,0,0.0,0.0,0.0
2023-04-25 00:00:00-04:00,12.199968886356206,12.199968886356206,12.117412567138672,12.117412567138672,3600,0.0,0.0,0.0
2023-04-26 00:00:00-04:00,12.154105186462402,12.154105186462402,12.154105186462402,12.154105186462402,100,0.0,0.0,0.0
2023-04-27 00:00:00-04:00,12.282523155212402,12.282523155212402,12.282523155212402,12.282523155212402,100,0.0,0.0,0.0
2023-04-28 00:00:00-04:00,12.273350715637207,12.273350715637207,12.273350715637207,12.273350715637207,100,0.0,0.0,0.0
2023-05-01 00:00:00-04:00,12.245833396911621,12.245833396911621,12.245833396911621,12.245833396911621,0,0.0,0.0,0.0
2023-05-02 00:00:00-04:00,12.12658405303955,12.12658405303955,12.12658405303955,12.12658405303955,100,0.0,0.0,0.0
2023-05-03 00:00:00-04:00,12.135757929855483,12.135757929855483,12.117412567138672,12.117412567138672,500,0.0,0.0,0.0
2023-05-04 00:00:00-04:00,12.135754585266113,12.135754585266113,12.135754585266113,12.135754585266113,0,0.0,0.0,0.0
2023-05-05 00:00:00-04:00,12.264177322387695,12.264177322387695,12.264177322387695,12.264177322387695,0,0.0,0.0,0.0
2023-05-08 00:00:00-04:00,12.291694641113281,12.291694641113281,12.291694641113281,12.291694641113281,100,0.0,0.0,0.0
2023-05-09 00:00:00-04:00,12.291694641113281,12.291694641113281,12.291694641113281,12.291694641113281,100,0.0,0.0,0.0
2023-05-10 00:00:00-04:00,12.21831267942532,12.30086898803711,12.21831267942532,12.30086898803711,200,0.0,0.0,0.0
2023-05-11 00:00:00-04:00,12.319214820861816,12.319214820861816,12.319214820861816,12.319214820861816,0,0.0,0.0,0.0
2023-05-12 00:00:00-04:00,12.255003929138184,12.255003929138184,12.255003929138184,12.255003929138184,100,0.0,0.0,0.0
2023-05-15 00:00:00-04:00,12.17244965087461,12.227486610412598,12.17244965087461,12.227486610412598,200,0.0,0.0,0.0
2023-05-16 00:00:00-04:00,12.154105186462402,12.154105186462402,12.154105186462402,12.154105186462402,0,0.0,0.0,0.0
2023-05-17 00:00:00-04:00,12.190794944763184,12.209141181038442,12.190794944763184,12.190794944763184,300,0.0,0.0,0.0
2023-05-18 00:00:00-04:00,12.016508249351862,12.08989143371582,12.016508249351862,12.08989143371582,1400,0.0,0.0,0.0
2023-05-19 00:00:00-04:00,12.062372207641602,12.062372207641602,12.062372207641602,12.062372207641602,0,0.0,0.0,0.0
2023-05-22 00:00:00-04:00,12.117410455511823,12.15410204934818,12.117410455511823,12.144928932189941,300,0.0,0.0,0.0
2023-05-23 00:00:00-04:00,12.080718040466309,12.080718040466309,12.080718040466309,12.080718040466309,100,0.0,0.0,0.0
2023-05-24 00:00:00-04:00,12.062372207641602,12.062372207641602,12.062372207641602,12.062372207641602,0,0.0,0.0,0.0
2023-05-25 00:00:00-04:00,12.007335662841797,12.007335662841797,12.007335662841797,12.007335662841797,100,0.0,0.0,0.0
2023-05-26 00:00:00-04:00,12.24583237412924,12.24583237412924,12.20914077758789,12.20914077758789,18500,0.0,0.0,0.0
2023-05-30 00:00:00-04:00,12.181620196843351,12.199966430664062,12.181620196843351,12.199966430664062,200,0.0,0.0,0.0
2023-05-31 00:00:00-04:00,12.053200313510711,12.108237266540527,12.053200313510711,12.108237266540527,200,0.0,0.0,0.0
2023-06-01 00:00:00-04:00,12.264177322387695,12.264177322387695,12.264177322387695,12.264177322387695,100,0.0,0.0,0.0
2023-06-02 00:00:00-04:00,12.40176916035984,12.420114517211914,12.40176916035984,12.420114517211914,400,0.0,0.0,0.0
2023-06-05 00:00:00-04:00,12.502673149108887,12.502673149108887,12.502673149108887,12.502673149108887,100,0.0,0.0,0.0
2023-06-06 00:00:00-04:00,12.612747192382812,12.612747192382812,12.612747192382812,12.612747192382812,0,0.0,0.0,0.0
2023-06-07 00:00:00-04:00,12.621922897919115,12.658614498648081,12.60357666015625,12.60357666015625,10900,0.0,0.0,0.0
2023-06-08 00:00:00-04:00,12.640265413596945,12.704476356506348,12.640265413596945,12.704476356506348,300,0.0,0.0,0.0
2023-06-09 00:00:00-04:00,12.777859687805176,12.777859687805176,12.777859687805176,12.777859687805176,100,0.0,0.0,0.0
2023-06-12 00:00:00-04:00,12.777858658409828,12.777858658409828,12.741167068481445,12.741167068481445,200,0.0,0.0,0.0
2023-06-13 00:00:00-04:00,12.814553260803223,12.814553260803223,12.814553260803223,12.814553260803223,100,0.0,0.0,0.0
2023-06-14 00:00:00-04:00,12.897108480294527,12.897108480294527,12.878762245178223,12.878762245178223,2500,0.0,0.0,0.0
2023-06-15 00:00:00-04:00,13.007183074951172,13.007183074951172,13.007183074951172,13.007183074951172,100,0.0,0.0,0.0
2023-06-16 00:00:00-04:00,12.952147483825684,12.952147483825684,12.952147483825684,12.952147483825684,100,0.0,0.0,0.0
2023-06-20 00:00:00-04:00,12.837393760681152,12.837393760681152,12.837393760681152,12.837393760681152,100,0.237,0.0,0.0
2023-06-21 00:00:00-04:00,12.884040832519531,12.884040832519531,12.884040832519531,12.884040832519531,100,0.0,0.0,0.0
2023-06-22 00:00:00-04:00,12.809404373168945,12.809404373168945,12.809404373168945,12.809404373168945,100,0.0,0.0,0.0
2023-06-23 00:00:00-04:00,12.613485598103631,12.650803565979004,12.613485598103631,12.650803565979004,700,0.0,0.0,0.0
2023-06-26 00:00:00-04:00,12.76275687404668,12.76275687404668,12.669461513846493,12.706779479980469,7800,0.0,0.0,0.0
2023-06-27 00:00:00-04:00,12.716108423073416,12.734766960144043,12.716108423073416,12.734766960144043,200,0.0,0.0,0.0
2023-06-28 00:00:00-04:00,12.641471964506314,12.678789926811003,12.622812538488768,12.660130500793457,1700,0.0,0.0,0.0
2023-06-29 00:00:00-04:00,12.688118851222855,12.688118851222855,12.678789138793945,12.678789138793945,100,0.0,0.0,0.0
2023-06-30 00:00:00-04:00,12.725439333947223,12.80007526871391,12.716109619668757,12.762757301330566,700,0.0,0.0,0.0
2023-07-03 00:00:00-04:00,12.930689019260344,12.949348449707031,12.930689019260344,12.949348449707031,400,0.0,0.0,0.0
2023-07-05 00:00:00-04:00,13.023981597611586,13.023981597611586,12.930686244856792,12.958675384521484,5000,0.0,0.0,0.0
2023-07-06 00:00:00-04:00,12.809405148415735,12.809405148415735,12.734769207501035,12.781416893005371,500,0.0,0.0,0.0
2023-07-07 00:00:00-04:00,12.949348449707031,12.949348449707031,12.949348449707031,12.949348449707031,500,0.0,0.0,0.0
2023-07-10 00:00:00-04:00,12.874711379893833,12.921359062194824,12.86538166548753,12.921359062194824,1700,0.0,0.0,0.0
2023-07-11 00:00:00-04:00,12.94001777428507,13.079960823059082,12.94001777428507,13.079960823059082,31800,0.0,0.0,0.0
2023-07-12 00:00:00-04:00,13.163923511876005,13.238559436911203,13.163923511876005,13.191912651062012,400,0.0,0.0,0.0
2023-07-13 00:00:00-04:00,13.238561020926332,13.313197844622353,13.238561020926332,13.285208702087402,400,0.0,0.0,0.0
2023-07-14 00:00:00-04:00,13.303868030790133,13.313197744898565,13.238560921761618,13.266550064086914,1300,0.0,0.0,0.0
2023-07-17 00:00:00-04:00,13.285207226964927,13.341184616088867,13.257218977268165,13.341184616088867,1700,0.0,0.0,0.0
2023-07-18 00:00:00-04:00,13.378502310594909,13.378502310594909,13.303866386413574,13.303866386413574,300,0.0,0.0,0.0
2023-07-19 00:00:00-04:00,13.397161483764648,13.397161483764648,13.397161483764648,13.397161483764648,100,0.0,0.0,0.0
2023-07-20 00:00:00-04:00,13.359844207763672,13.359844207763672,13.359844207763672,13.359844207763672,100,0.0,0.0,0.0
2023-07-21 00:00:00-04:00,13.387833595275879,13.387833595275879,13.387833595275879,13.387833595275879,100,0.0,0.0,0.0
2023-07-24 00:00:00-04:00,13.499788284301758,13.499788284301758,13.499788284301758,13.499788284301758,100,0.0,0.0,0.0
2023-07-25 00:00:00-04:00,13.565092883255309,13.7050350265259,13.565092883255309,13.677046775817871,11800,0.0,0.0,0.0
2023-07-26 00:00:00-04:00,13.630400489018852,13.770343536299904,13.630400489018852,13.742354393005371,900,0.0,0.0,0.0
2023-07-27 00:00:00-04:00,13.518445604018003,13.518445604018003,13.462469100952148,13.462469100952148,200,0.0,0.0,0.0
2023-07-28 00:00:00-04:00,13.695706367492676,13.695706367492676,13.695706367492676,13.695706367492676,100,0.0,0.0,0.0
2023-07-31 00:00:00-04:00,13.798332214355469,13.798332214355469,13.798332214355469,13.798332214355469,100,0.0,0.0,0.0
2023-08-01 00:00:00-04:00,13.639728196192106,13.639728196192106,13.593080520629883,13.593080520629883,400,0.0,0.0,0.0
2023-08-02 00:00:00-04:00,13.481127373240339,13.481127373240339,13.425150871276855,13.425150871276855,500,0.0,0.0,0.0
2023-08-03 00:00:00-04:00,13.397161483764648,13.397161483764648,13.397161483764648,13.397161483764648,100,0.0,0.0,0.0
2023-08-04 00:00:00-04:00,13.453139305114746,13.453139305114746,13.453139305114746,13.453139305114746,0,0.0,0.0,0.0
2023-08-07 00:00:00-04:00,13.453139305114746,13.453139305114746,13.453139305114746,13.453139305114746,100,0.0,0.0,0.0
2023-08-08 00:00:00-04:00,13.229232115106365,13.27587890625,13.229232115106365,13.27587890625,4800,0.0,0.0,0.0
2023-08-09 00:00:00-04:00,13.415820121765137,13.415820121765137,13.415820121765137,13.415820121765137,0,0.0,0.0,0.0
2023-08-10 00:00:00-04:00,13.331855937867312,13.350515365600586,13.331855937867312,13.350515365600586,400,0.0,0.0,0.0
2023-08-11 00:00:00-04:00,13.322525978088379,13.322525978088379,13.322525978088379,13.322525978088379,0,0.0,0.0,0.0
2023-08-14 00:00:00-04:00,13.23855972290039,13.23855972290039,13.23855972290039,13.23855972290039,100,0.0,0.0,0.0
2023-08-15 00:00:00-04:00,13.18258423560451,13.18258423560451,13.107948303222656,13.107948303222656,600,0.0,0.0,0.0
2023-08-16 00:00:00-04:00,13.070630073547363,13.070630073547363,13.070630073547363,13.070630073547363,100,0.0,0.0,0.0
2023-08-17 00:00:00-04:00,13.107948303222656,13.107948303222656,13.107948303222656,13.107948303222656,100,0.0,0.0,0.0
2023-08-18 00:00:00-04:00,13.098619362390622,13.135937330784248,13.042641964934907,13.079960823059082,25400,0.0,0.0,0.0
2023-08-21 00:00:00-04:00,13.219902038574219,13.219902038574219,13.219902038574219,13.219902038574219,0,0.0,0.0,0.0
2023-08-22 00:00:00-04:00,13.257220367738649,13.27587890625,13.257220367738649,13.27587890625,11400,0.0,0.0,0.0
2023-08-23 00:00:00-04:00,13.359842734393652,13.415820121765137,13.359842734393652,13.415820121765137,200,0.0,0.0,0.0
2023-08-24 00:00:00-04:00,13.471796619406234,13.471796619406234,13.415820121765137,13.415820121765137,500,0.0,0.0,0.0
2023-08-25 00:00:00-04:00,13.453138083435999,13.453138083435999,13.397160696064512,13.415820121765137,700,0.0,0.0,0.0
2023-08-28 00:00:00-04:00,13.54643423760065,13.54643423760065,13.49045684690219,13.527774810791016,14800,0.0,0.0,0.0
2023-08-29 00:00:00-04:00,13.537103320749834,13.621068954467773,13.537103320749834,13.621068954467773,1700,0.0,0.0,0.0
2023-08-30 00:00:00-04:00,13.593080520629883,13.593080520629883,13.593080520629883,13.593080520629883,100,0.0,0.0,0.0
2023-08-31 00:00:00-04:00,13.546434478505011,13.546434478505011,13.397161730564658,13.425150871276855,3200,0.0,0.0,0.0
2023-09-01 00:00:00-04:00,13.546435356140137,13.546435356140137,13.546435356140137,13.546435356140137,0,0.0,0.0,0.0
2023-09-05 00:00:00-04:00,13.565092774679842,13.565092774679842,13.527774810791016,13.527774810791016,100,0.0,0.0,0.0
2023-09-06 00:00:00-04:00,13.481128348612467,13.481128348612467,13.434480667114258,13.434480667114258,100,0.0,0.0,0.0
2023-09-07 00:00:00-04:00,13.406493882288963,13.406493882288963,13.341187654877919,13.369175910949707,1800,0.0,0.0,0.0
2023-09-08 00:00:00-04:00,13.387833006895033,13.443809509277344,13.387833006895033,13.443809509277344,100,0.0,0.0,0.0
2023-09-11 00:00:00-04:00,13.537105560302734,13.537105560302734,13.537105560302734,13.537105560302734,300,0.0,0.0,0.0
2023-09-12 00:00:00-04:00,13.415820121765137,13.415820121765137,13.415820121765137,13.415820121765137,0,0.0,0.0,0.0
2023-09-13 00:00:00-04:00,13.387835341484644,13.387835341484644,13.369175910949707,13.369175910949707,100,0.0,0.0,0.0
2023-09-14 00:00:00-04:00,13.499786906611453,13.574422836303711,13.490457192967305,13.574422836303711,6600,0.0,0.0,0.0
2023-09-15 00:00:00-04:00,13.43447987771966,13.453139305114746,13.43447987771966,13.453139305114746,100,0.0,0.0,0.0
2023-09-18 00:00:00-04:00,13.326934252570476,13.402280807495117,13.326934252570476,13.402280807495117,800,0.136,0.0,0.0
2023-09-19 00:00:00-04:00,13.298680305480957,13.298680305480957,13.298680305480957,13.298680305480957,100,0.0,0.0,0.0
2023-09-20 00:00:00-04:00,13.317514419555664,13.317514419555664,13.317514419555664,13.317514419555664,100,0.0,0.0,0.0
2023-09-21 00:00:00-04:00,13.213914254258704,13.213914254258704,13.16682243347168,13.16682243347168,400,0.0,0.0,0.0
2023-09-22 00:00:00-04:00,13.251588821411133,13.251588821411133,13.251588821411133,13.251588821411133,100,0.0,0.0,0.0
2023-09-25 00:00:00-04:00,13.20449649600414,13.20449649600414,13.185659408569336,13.185659408569336,300,0.0,0.0,0.0
2023-09-26 00:00:00-04:00,13.053803105377368,13.138568206419071,13.01612982693681,13.100894927978516,33400,0.0,0.0,0.0
2023-09-27 00:00:00-04:00,13.213912506158703,13.213912506158703,13.147984504699707,13.147984504699707,200,0.0,0.0,0.0
2023-09-28 00:00:00-04:00,13.176240864851934,13.185659408569336,13.110312855233651,13.185659408569336,4400,0.0,0.0,0.0
2023-09-29 00:00:00-04:00,13.176240921020508,13.176240921020508,13.176240921020508,13.176240921020508,100,0.0,0.0,0.0
2023-10-02 00:00:00-04:00,13.25158618173011,13.25158618173011,13.204495263940515,13.223331451416016,3800,0.0,0.0,0.0
2023-10-03 00:00:00-04:00,13.091475486755371,13.091475486755371,13.091475486755371,13.091475486755371,100,0.0,0.0,0.0
2023-10-04 00:00:00-04:00,13.016129493713379,13.016129493713379,13.016129493713379,13.016129493713379,0,0.0,0.0,0.0
2023-10-05 00:00:00-04:00,13.025547981262207,13.025547981262207,13.025547981262207,13.025547981262207,0,0.0,0.0,0.0
2023-10-06 00:00:00-04:00,13.195077896118164,13.195077896118164,13.195077896118164,13.195077896118164,100,0.0,0.0,0.0
2023-10-09 00:00:00-04:00,13.091475486755371,13.091475486755371,13.091475486755371,13.091475486755371,0,0.0,0.0,0.0
2023-10-10 00:00:00-04:00,13.232752072092026,13.232752072092026,13.185660248706283,13.204497337341309,27800,0.0,0.0,0.0
2023-10-11 00:00:00-04:00,13.195077896118164,13.195077896118164,13.195077896118164,13.195077896118164,0,0.0,0.0,0.0
2023-10-12 00:00:00-04:00,13.138568206419071,13.138568206419071,13.07264019369855,13.100894927978516,8200,0.0,0.0,0.0
2023-10-13 00:00:00-04:00,13.025547981262207,13.025547981262207,13.025547981262207,13.025547981262207,100,0.0,0.0,0.0
2023-10-16 00:00:00-04:00,13.147984504699707,13.147984504699707,13.147984504699707,13.147984504699707,100,0.0,0.0,0.0
2023-10-17 00:00:00-04:00,13.034966468811035,13.034966468811035,13.034966468811035,13.034966468811035,100,0.0,0.0,0.0
2023-10-18 00:00:00-04:00,12.771254539489746,12.771254539489746,12.771254539489746,12.771254539489746,0,0.0,0.0,0.0
2023-10-19 00:00:00-04:00,12.724162101745605,12.724162101745605,12.724162101745605,12.724162101745605,0,0.0,0.0,0.0
2023-10-20 00:00:00-04:00,12.526376724243164,12.526376724243164,12.526376724243164,12.526376724243164,300,0.0,0.0,0.0
2023-10-23 00:00:00-04:00,12.507540702819824,12.507540702819824,12.507540702819824,12.507540702819824,100,0.0,0.0,0.0
2023-10-24 00:00:00-04:00,12.67706960791947,12.686488151550293,12.67706960791947,12.686488151550293,200,0.0,0.0,0.0
2023-10-25 00:00:00-04:00,12.403938293457031,12.403938293457031,12.403938293457031,12.403938293457031,100,0.0,0.0,0.0
2023-10-26 00:00:00-04:00,12.338010002263553,12.338010002263553,12.309754371643066,12.309754371643066,700,0.0,0.0,0.0
2023-10-27 00:00:00-04:00,12.262663841247559,12.262663841247559,12.262663841247559,12.262663841247559,100,0.0,0.0,0.0
2023-10-30 00:00:00-04:00,12.460446192661996,12.52637509245393,12.460446192661996,12.488701820373535,300,0.0,0.0,0.0
2023-10-31 00:00:00-04:00,12.262663841247559,12.262663841247559,12.262663841247559,12.262663841247559,1200,0.0,0.0,0.0
2023-11-01 00:00:00-04:00,12.366264343261719,12.366264343261719,12.366264343261719,12.366264343261719,100,0.0,0.0,0.0
2023-11-02 00:00:00-04:00,12.714742660522461,12.714742660522461,12.714742660522461,12.714742660522461,0,0.0,0.0,0.0
2023-11-03 00:00:00-04:00,12.912528991699219,12.912528991699219,12.912528991699219,12.912528991699219,100,0.0,0.0,0.0
2023-11-06 00:00:00-05:00,13.176240921020508,13.176240921020508,13.176240921020508,13.176240921020508,100,0.0,0.0,0.0
2023-11-07 00:00:00-05:00,13.119729995727539,13.119729995727539,13.119729995727539,13.119729995727539,100,0.0,0.0,0.0
2023-11-08 00:00:00-05:00,13.016129493713379,13.016129493713379,13.016129493713379,13.016129493713379,100,0.0,0.0,0.0
2023-11-09 00:00:00-05:00,12.969040870666504,12.969040870666504,12.969040870666504,12.969040870666504,0,0.0,0.0,0.0
2023-11-10 00:00:00-05:00,13.044384002685547,13.044384002685547,13.044384002685547,13.044384002685547,300,0.0,0.0,0.0
2023-11-13 00:00:00-05:00,12.987874984741211,12.987874984741211,12.987874984741211,12.987874984741211,0,0.0,0.0,0.0
2023-11-14 00:00:00-05:00,13.402280807495117,13.402280807495117,13.402280807495117,13.402280807495117,0,0.0,0.0,0.0
2023-11-15 00:00:00-05:00,13.30809699690662,13.30809699690662,13.261005179300524,13.289259910583496,2000,0.0,0.0,0.0
2023-11-16 00:00:00-05:00,13.242171174898253,13.251588821411133,13.242171174898253,13.251588821411133,300,0.0,0.0,0.0
2023-11-17 00:00:00-05:00,13.308098849953977,13.308098849953977,13.298680305480957,13.298680305480957,100,0.0,0.0,0.0
2023-11-20 00:00:00-05:00,13.392862714255676,13.468209266662598,13.392862714255676,13.468209266662598,300,0.0,0.0,0.0
2023-11-21 00:00:00-05:00,13.421118064007587,13.421118064007587,13.383444786071777,13.383444786071777,400,0.0,0.0,0.0
2023-11-22 00:00:00-05:00,13.326933860778809,13.326933860778809,13.326933860778809,13.326933860778809,100,0.0,0.0,0.0
2023-11-24 00:00:00-05:00,13.345770835876465,13.345770835876465,13.345770835876465,13.345770835876465,100,0.0,0.0,0.0
2023-11-27 00:00:00-05:00,13.270426237454176,13.33635425567627,13.270426237454176,13.33635425567627,1400,0.0,0.0,0.0
2023-11-28 00:00:00-05:00,13.430534873905248,13.487044334411621,13.430534873905248,13.487044334411621,400,0.0,0.0,0.0
2023-11-29 00:00:00-05:00,13.53413789426881,13.543556438300744,13.515301704406738,13.515301704406738,1600,0.0,0.0,0.0
2023-11-30 00:00:00-05:00,13.543556157091361,13.552974700927734,13.515301423784019,13.552974700927734,400,0.0,0.0,0.0
2023-12-01 00:00:00-05:00,13.665995090190352,13.73192310333252,13.665995090190352,13.73192310333252,600,0.0,0.0,0.0
2023-12-04 00:00:00-05:00,13.694249659993504,13.694249659993504,13.6000660153213,13.628321647644043,600,0.0,0.0,0.0
2023-12-05 00:00:00-05:00,13.562393857331582,13.600067138671875,13.562393857331582,13.600067138671875,600,0.0,0.0,0.0
2023-12-06 00:00:00-05:00,13.64715631673673,13.64715631673673,13.571809768676758,13.571809768676758,700,0.0,0.0,0.0
2023-12-07 00:00:00-05:00,13.65657498069187,13.684829711914062,13.65657498069187,13.684829711914062,400,0.0,0.0,0.0
2023-12-08 00:00:00-05:00,13.694248255055365,13.741340072560162,13.647156437550567,13.684829711914062,500,0.0,0.0,0.0
2023-12-11 00:00:00-05:00,13.665994420062042,13.694249153137207,13.665994420062042,13.694249153137207,5100,0.0,0.0,0.0
2023-12-12 00:00:00-05:00,13.665994644165039,13.665994644165039,13.665994644165039,13.665994644165039,100,0.0,0.0,0.0
2023-12-13 00:00:00-05:00,13.618902050545648,13.90145206451416,13.618902050545648,13.90145206451416,200,0.0,0.0,0.0
2023-12-14 00:00:00-05:00,14.033308590334372,14.089818954467773,14.033308590334372,14.089818954467773,700,0.0,0.0,0.0
2023-12-15 00:00:00-05:00,14.014473243858632,14.014473243858632,13.976799964904785,13.976799964904785,200,0.0,0.0,0.0
2023-12-18 00:00:00-05:00,14.03824520111084,14.03824520111084,13.99097820315748,14.03824520111084,600,0.055,0.0,0.0
2023-12-19 00:00:00-05:00,14.132779121398926,14.132779121398926,14.123325540947183,14.132779121398926,4100,0.0,0.0,0.0
2023-12-20 00:00:00-05:00,14.085512574506398,14.085512574506398,13.905899047851562,13.905899047851562,600,0.0,0.0,0.0
2023-12-21 00:00:00-05:00,14.132780599117064,14.161140441894531,14.132780599117064,14.161140441894531,20100,0.0,0.0,0.0
2023-12-22 00:00:00-05:00,14.19895443433836,14.19895443433836,14.142233848571777,14.142233848571777,20900,0.0,0.0,0.0
2023-12-26 00:00:00-05:00,14.265126461735266,14.27458004213309,14.189499621638758,14.227313041687012,900,0.0,0.0,0.0
2023-12-27 00:00:00-05:00,14.22731418770055,14.236767768859863,14.22731418770055,14.236767768859863,1500,0.0,0.0,0.0
2023-12-28 00:00:00-05:00,14.255672648089371,14.274579808575668,14.217859228659812,14.26512622833252,1300,0.0,0.0,0.0
2023-12-29 00:00:00-05:00,14.28403377532959,14.28403377532959,14.28403377532959,14.28403377532959,100,0.0,0.0,0.0
2024-01-02 00:00:00-05:00,14.123326730628806,14.161140154077945,14.094966888427734,14.094966888427734,1200,0.0,0.0,0.0
2024-01-03 00:00:00-05:00,14.03824520111084,14.03824520111084,14.03824520111084,14.03824520111084,100,0.0,0.0,0.0
2024-01-04 00:00:00-05:00,14.085513262805195,14.142233848571777,14.085513262805195,14.142233848571777,200,0.0,0.0,0.0
2024-01-05 00:00:00-05:00,14.198952969716549,14.29348606751893,14.198952969716549,14.26512622833252,400,0.0,0.0,0.0
2024-01-08 00:00:00-05:00,14.236767672937724,14.28403377532959,14.198954250098364,14.28403377532959,21400,0.0,0.0,0.0
2024-01-09 00:00:00-05:00,14.10442066192627,14.10442066192627,14.10442066192627,14.10442066192627,100,0.0,0.0,0.0
2024-01-10 00:00:00-05:00,14.0855131149292,14.0855131149292,14.0855131149292,14.0855131149292,100,0.0,0.0,0.0
2024-01-11 00:00:00-05:00,14.170592308044434,14.170592308044434,14.170592308044434,14.170592308044434,0,0.0,0.0,0.0
2024-01-12 00:00:00-05:00,14.293487548828125,14.293487548828125,14.293487548828125,14.293487548828125,400,0.0,0.0,0.0
2024-01-16 00:00:00-05:00,14.085510871942123,14.085510871942123,14.066604614257812,14.066604614257812,600,0.0,0.0,0.0
2024-01-17 00:00:00-05:00,13.905899047851562,13.905899047851562,13.905899047851562,13.905899047851562,100,0.0,0.0,0.0
2024-01-18 00:00:00-05:00,13.962618402735341,13.990978240966797,13.962618402735341,13.990978240966797,400,0.0,0.0,0.0
2024-01-19 00:00:00-05:00,14.123324743484517,14.189498901367188,14.104418485191612,14.189498901367188,2000,0.0,0.0,0.0
2024-01-22 00:00:00-05:00,14.217862129211426,14.217862129211426,14.217862129211426,14.217862129211426,100,0.0,0.0,0.0
2024-01-23 00:00:00-05:00,14.10442066192627,14.10442066192627,14.10442066192627,14.10442066192627,100,0.0,0.0,0.0
2024-01-24 00:00:00-05:00,14.274579808575668,14.274579808575668,14.26512622833252,14.26512622833252,600,0.0,0.0,0.0
2024-01-25 00:00:00-05:00,14.16113888044528,14.227313041687012,14.16113888044528,14.227313041687012,900,0.0,0.0,0.0
2024-01-26 00:00:00-05:00,14.265127139459185,14.312394142150879,14.265127139459185,14.312394142150879,300,0.0,0.0,0.0
2024-01-29 00:00:00-05:00,14.425833276460477,14.454193115234375,14.425833276460477,14.454193115234375,200,0.0,0.0,0.0
2024-01-30 00:00:00-05:00,14.454193115234375,14.454193115234375,14.454193115234375,14.454193115234375,100,0.0,0.0,0.0
2024-01-31 00:00:00-05:00,14.51091565456234,14.51091565456234,14.406928062438965,14.406928062438965,20100,0.0,0.0,0.0
2024-02-01 00:00:00-05:00,14.605447769165039,14.605447769165039,14.605447769165039,14.605447769165039,100,0.0,0.0,0.0
2024-02-02 00:00:00-05:00,14.66216774228606,14.671621322631836,14.66216774228606,14.671621322631836,400,0.0,0.0,0.0
2024-02-05 00:00:00-05:00,14.624353550334028,14.633806228637695,14.624353550334028,14.633806228637695,600,0.0,0.0,0.0
2024-02-06 00:00:00-05:00,14.756701854428588,14.775609016418457,14.756701854428588,14.775609016418457,400,0.0,0.0,0.0
2024-02-07 00:00:00-05:00,14.898502391640138,14.898502391640138,14.851235389709473,14.851235389709473,300,0.0,0.0,0.0
2024-02-08 00:00:00-05:00,14.851235389709473,14.851235389709473,14.851235389709473,14.851235389709473,100,0.0,0.0,0.0
2024-02-09 00:00:00-05:00,14.822875881584654,14.870141983032227,14.822875881584654,14.870141983032227,400,0.0,0.0,0.0
2024-02-12 00:00:00-05:00,15.021396486892932,15.03084916620246,14.964675903320312,14.964675903320312,13300,0.0,0.0,0.0
2024-02-13 00:00:00-05:00,14.690529106748727,14.728342530514055,14.652715682983398,14.652715682983398,20200,0.0,0.0,0.0
2024-02-14 00:00:00-05:00,14.822875466282255,14.945769309997559,14.822875466282255,14.945769309997559,1100,0.0,0.0,0.0
2024-02-15 00:00:00-05:00,15.04030147779366,15.125381895201048,15.011941639172202,15.09702205657959,1600,0.0,0.0,0.0
2024-02-16 00:00:00-05:00,15.078115890601143,15.078115890601143,15.011942628940465,15.049756050109863,1800,0.0,0.0,0.0
2024-02-20 00:00:00-05:00,15.087569236755371,15.087569236755371,15.087569236755371,15.087569236755371,100,0.0,0.0,0.0
2024-02-21 00:00:00-05:00,14.945769835439227,14.974129676818848,14.945769835439227,14.974129676818848,600,0.0,0.0,0.0
2024-02-22 00:00:00-05:00,15.002490329793652,15.068663597106934,14.974130486879838,15.068663597106934,1100,0.0,0.0,0.0
2024-02-23 00:00:00-05:00,14.993036034188696,15.03084945678711,14.993036034188696,15.03084945678711,1200,0.0,0.0,0.0
2024-02-26 00:00:00-05:00,14.945769309997559,14.945769309997559,14.945769309997559,14.945769309997559,100,0.0,0.0,0.0
2024-02-27 00:00:00-05:00,14.936315150052414,14.945768730327643,14.90795531076976,14.917407989501953,30500,0.0,0.0,0.0
2024-02-28 00:00:00-05:00,14.747248649597168,14.747248649597168,14.728341488280877,14.747248649597168,9000,0.0,0.0,0.0
2024-02-29 00:00:00-05:00,14.851235348055425,14.917408609646909,14.851235348055425,14.898502349853516,11600,0.0,0.0,0.0
2024-03-01 00:00:00-05:00,15.097022390917013,15.153742970959073,15.097022390917013,15.115928649902344,9000,0.0,0.0,0.0
2024-03-04 00:00:00-05:00,15.144288240915294,15.201007915108068,15.040300668990268,15.106473922729492,51100,0.0,0.0,0.0
2024-03-05 00:00:00-05:00,15.125381895201048,15.125381895201048,15.078114896469943,15.09702205657959,1900,0.0,0.0,0.0
2024-03-06 00:00:00-05:00,15.163196563720703,15.163196563720703,15.163196563720703,15.163196563720703,100,0.0,0.0,0.0
2024-03-07 00:00:00-05:00,15.24827642986933,15.257730010916196,15.229371070861816,15.229371070861816,20100,0.0,0.0,0.0
2024-03-08 00:00:00-05:00,15.21991767402585,15.238824836348423,15.191556930541992,15.191556930541992,20100,0.0,0.0,0.0
2024-03-11 00:00:00-04:00,15.201009750366211,15.219916911741825,15.201009750366211,15.201009750366211,11000,0.0,0.0,0.0
2024-03-12 00:00:00-04:00,15.257729530334473,15.257729530334473,15.257729530334473,15.257729530334473,100,0.0,0.0,0.0
2024-03-13 00:00:00-04:00,15.02139663696289,15.02139663696289,15.02139663696289,15.02139663696289,100,0.0,0.0,0.0
2024-03-14 00:00:00-04:00,15.002488897050121,15.002488897050121,14.993035316467285,14.993035316467285,7400,0.0,0.0,0.0
2024-03-15 00:00:00-04:00,14.93631649017334,14.993036173827669,14.93631649017334,14.93631649017334,700,0.0,0.0,0.0
2024-03-18 00:00:00-04:00,14.992369651794434,14.992369651794434,14.992369651794434,14.992369651794434,100,0.079,0.0,0.0
2024-03-19 00:00:00-04:00,14.811854263414805,14.859358787536621,14.811854263414805,14.859358787536621,2900,0.0,0.0,0.0
2024-03-20 00:00:00-04:00,14.773850215469352,14.944865226745605,14.764349129822506,14.944865226745605,2400,0.0,0.0,0.0
2024-03-21 00:00:00-04:00,15.039875030517578,15.039875030517578,15.039875030517578,15.039875030517578,100,0.0,0.0,0.0
2024-03-22 00:00:00-04:00,15.030374526977539,15.030374526977539,15.030374526977539,15.030374526977539,100,0.0,0.0,0.0
2024-03-25 00:00:00-04:00,15.058878898620605,15.058878898620605,15.058878898620605,15.058878898620605,100,0.0,0.0,0.0
2024-03-26 00:00:00-04:00,15.115883718636711,15.115883718636711,15.087381362915039,15.087381362915039,1400,0.0,0.0,0.0
2024-03-27 00:00:00-04:00,15.096879005432129,15.096879005432129,15.096879005432129,15.096879005432129,17700,0.0,0.0,0.0
2024-03-28 00:00:00-04:00,15.267895698547363,15.267895698547363,15.267895698547363,15.267895698547363,100,0.0,0.0,0.0
2024-04-01 00:00:00-04:00,15.258395195007324,15.258395195007324,15.258395195007324,15.258395195007324,100,0.0,0.0,0.0
2024-04-02 00:00:00-04:00,15.32490062713623,15.32490062713623,15.31540135299447,15.32490062713623,200,0.0,0.0,0.0
2024-04-03 00:00:00-04:00,15.39140781996091,15.44841252402313,15.39140781996091,15.438911437988281,700,0.0,0.0,0.0
2024-04-04 00:00:00-04:00,15.571921448692638,15.600424703924347,15.372404098510742,15.372404098510742,1600,0.0,0.0,0.0
2024-04-05 00:00:00-04:00,15.438911291785272,15.486414909362793,15.438911291785272,15.486414909362793,500,0.0,0.0,0.0
2024-04-08 00:00:00-04:00,15.562424659729004,15.562424659729004,15.562424659729004,15.562424659729004,100,0.0,0.0,0.0
2024-04-09 00:00:00-04:00,15.438909761356882,15.495914459228516,15.438909761356882,15.495914459228516,1000,0.0,0.0,0.0
2024-04-10 00:00:00-04:00,15.343903329086393,15.362905502319336,15.343903329086393,15.362905502319336,600,0.0,0.0,0.0
2024-04-11 00:00:00-04:00,15.410407809161358,15.429409980773926,15.410407809161358,15.429409980773926,200,0.0,0.0,0.0
2024-04-12 00:00:00-04:00,15.182386168596494,15.191887253765932,15.125381469726562,15.125381469726562,1800,0.0,0.0,0.0
2024-04-15 00:00:00-04:00,15.09688207449678,15.09688207449678,15.001873016357422,15.001873016357422,700,0.0,0.0,0.0
2024-04-16 00:00:00-04:00,14.878360377322473,14.878360377322473,14.86885929107666,14.86885929107666,200,0.0,0.0,0.0
2024-04-17 00:00:00-04:00,14.935366733028365,14.954368000393464,14.849858764701676,14.887862205505371,14800,0.0,0.0,0.0
2024-04-18 00:00:00-04:00,14.935364723205566,14.935364723205566,14.935364723205566,14.935364723205566,100,0.0,0.0,0.0
2024-04-19 00:00:00-04:00,14.868859191288697,14.916363716125488,14.868859191288697,14.916363716125488,2100,0.0,0.0,0.0
2024-04-22 00:00:00-04:00,14.944865129941304,14.992369651794434,14.897361514161567,14.992369651794434,8200,0.0,0.0,0.0
2024-04-23 00:00:00-04:00,15.153885358325212,15.153885358325212,15.11588191986084,15.11588191986084,300,0.0,0.0,0.0
2024-04-24 00:00:00-04:00,15.201390266418457,15.201390266418457,15.201390266418457,15.201390266418457,400,0.0,0.0,0.0
2024-04-25 00:00:00-04:00,15.191889401565497,15.258395195007324,15.191889401565497,15.258395195007324,300,0.0,0.0,0.0
2024-04-26 00:00:00-04:00,15.27739639084204,15.467414484647641,15.27739639084204,15.457913398742676,9400,0.0,0.0,0.0
2024-04-29 00:00:00-04:00,15.467414288924505,15.552922248840332,15.391407414793417,15.552922248840332,8700,0.0,0.0,0.0
2024-04-30 00:00:00-04:00,15.48641579011732,15.514919049573002,15.38190746307373,15.38190746307373,4800,0.0,0.0,0.0
2024-05-01 00:00:00-04:00,15.305899489585887,15.628929158412234,15.305899489585887,15.429409980773926,40000,0.0,0.0,0.0
2024-05-02 00:00:00-04:00,15.486413437649283,15.780941637510074,15.486413437649283,15.7239351272583,5600,0.0,0.0,0.0
2024-05-03 00:00:00-04:00,15.71443850125574,15.761942122320239,15.71443850125574,15.742939949035645,7300,0.0,0.0,0.0
2024-05-06 00:00:00-04:00,15.57192260826299,15.619428037186681,15.4959157341319,15.552922248840332,1600,0.0,0.0,0.0
2024-05-07 00:00:00-04:00,15.438911597557892,15.50541738834233,15.400907253025704,15.467414855957031,24400,0.0,0.0,0.0
2024-05-08 00:00:00-04:00,15.495917696067108,15.581425666809082,15.486416609079438,15.581425666809082,3100,0.0,0.0,0.0
2024-05-09 00:00:00-04:00,15.44841194152832,15.44841194152832,15.362903982585705,15.44841194152832,4800,0.0,0.0,0.0
2024-05-10 00:00:00-04:00,15.362905502319336,15.362905502319336,15.362905502319336,15.362905502319336,200,0.0,0.0,0.0
2024-05-13 00:00:00-04:00,15.448414275817111,15.448414275817111,15.410409927368164,15.410409927368164,500,0.0,0.0,0.0
2024-05-14 00:00:00-04:00,15.600428950788455,15.609930038452148,15.590927863124763,15.609930038452148,400,0.0,0.0,0.0
2024-05-15 00:00:00-04:00,15.761942122320239,15.761942122320239,15.742939949035645,15.742939949035645,2600,0.0,0.0,0.0
2024-05-16 00:00:00-04:00,15.7239351272583,15.7239351272583,15.7239351272583,15.7239351272583,100,0.0,0.0,0.0
2024-05-17 00:00:00-04:00,15.714437720582998,15.84744930267334,15.714437720582998,15.84744930267334,500,0.0,0.0,0.0
2024-05-20 00:00:00-04:00,15.875950749037331,15.875950749037331,15.84744930267334,15.84744930267334,100,0.0,0.0,0.0
2024-05-21 00:00:00-04:00,15.856950388843636,15.875950749037331,15.818946044162455,15.84744930267334,1200,0.0,0.0,0.0
2024-05-22 00:00:00-04:00,15.828447341918945,15.828447341918945,15.828447341918945,15.828447341918945,100,0.0,0.0,0.0
2024-05-23 00:00:00-04:00,15.894955420318862,15.904456507982879,15.837950706481934,15.837950706481934,1100,0.0,0.0,0.0
2024-05-24 00:00:00-04:00,16.018464444095578,16.018464444095578,15.9234553991976,15.951958656311035,400,0.0,0.0,0.0
2024-05-28 00:00:00-04:00,15.961457929868708,16.018464444095578,15.904453227788645,15.951958656311035,2500,0.0,0.0,0.0
2024-05-29 00:00:00-04:00,15.828447341918945,15.828447341918945,15.828447341918945,15.828447341918945,700,0.0,0.0,0.0
2024-05-30 00:00:00-04:00,15.75244046368746,15.828447341918945,15.75244046368746,15.828447341918945,1700,0.0,0.0,0.0
2024-05-31 00:00:00-04:00,15.7239351272583,15.7239351272583,15.7239351272583,15.7239351272583,0,0.0,0.0,0.0
2024-06-03 00:00:00-04:00,16.15147723084379,16.160978317260742,16.15147723084379,16.160978317260742,1300,0.0,0.0,0.0
2024-06-04 00:00:00-04:00,15.305900573730469,15.305900573730469,15.305900573730469,15.305900573730469,100,0.0,0.0,0.0
2024-06-05 00:00:00-04:00,15.590923309326172,15.590923309326172,15.590923309326172,15.590923309326172,100,0.0,0.0,0.0
2024-06-06 00:00:00-04:00,15.809446334838867,15.809446334838867,15.809446334838867,15.809446334838867,100,0.0,0.0,0.0
2024-06-07 00:00:00-04:00,15.771442413330078,15.771442413330078,15.771442413330078,15.771442413330078,200,0.0,0.0,0.0
2024-06-10 00:00:00-04:00,15.761942711997191,15.837949595832105,15.752441624999445,15.809446334838867,3800,0.0,0.0,0.0
2024-06-11 00:00:00-04:00,15.837950706481934,15.837950706481934,15.837950706481934,15.837950706481934,100,0.0,0.0,0.0
2024-06-12 00:00:00-04:00,16.094470586535106,16.094470586535106,15.951957931734812,16.008962631225586,2800,0.0,0.0,0.0
2024-06-13 00:00:00-04:00,16.046964645385742,16.046964645385742,16.046964645385742,16.046964645385742,100,0.0,0.0,0.0
2024-06-14 00:00:00-04:00,16.08497127982153,16.132474899291992,16.065969107174574,16.132474899291992,400,0.0,0.0,0.0
2024-06-17 00:00:00-04:00,16.084969028442043,16.198978424072266,16.084969028442043,16.198978424072266,400,0.0,0.0,0.0
2024-06-18 00:00:00-04:00,16.265487670898438,16.265487670898438,16.265487670898438,16.265487670898438,2000,0.0,0.0,0.0
2024-06-20 00:00:00-04:00,16.198978424072266,16.198978424072266,16.198978424072266,16.198978424072266,300,0.0,0.0,0.0
2024-06-21 00:00:00-04:00,16.103973610905967,16.160978317260742,16.103973610905967,16.160978317260742,300,0.0,0.0,0.0
2024-06-24 00:00:00-04:00,16.211729049682617,16.211729049682617,16.211729049682617,16.211729049682617,100,0.133,0.0,0.0
2024-06-25 00:00:00-04:00,16.144697189331055,16.144697189331055,16.144697189331055,16.144697189331055,100,0.0,0.0,0.0
2024-06-26 00:00:00-04:00,16.11597191412097,16.15427575453096,16.087244033813477,16.087244033813477,4600,0.0,0.0,0.0
2024-06-27 00:00:00-04:00,16.211728276019414,16.269182205200195,16.211728276019414,16.269182205200195,400,0.0,0.0,0.0
2024-06-28 00:00:00-04:00,16.34579164934141,16.39367145621621,16.28833770751953,16.28833770751953,3100,0.0,0.0,0.0
2024-07-01 00:00:00-04:00,16.35536300701937,16.403240973989632,16.345787048339844,16.345787048339844,5200,0.0,0.0,0.0
2024-07-02 00:00:00-04:00,16.317060998728635,16.35536300701937,16.26918120533101,16.345787048339844,5900,0.0,0.0,0.0
2024-07-03 00:00:00-04:00,16.46069663389152,16.518150559219578,16.412816840762005,16.498998641967773,900,0.0,0.0,0.0
2024-07-05 00:00:00-04:00,16.613909064231436,16.671362992136466,16.575605228009792,16.661787033081055,10900,0.0,0.0,0.0
2024-07-08 00:00:00-04:00,16.776697854180032,16.776697854180032,16.690516043258445,16.719242095947266,1800,0.0,0.0,0.0
2024-07-09 00:00:00-04:00,16.757545471191406,16.776697390072513,16.757545471191406,16.757545471191406,1300,0.0,0.0,0.0
2024-07-10 00:00:00-04:00,16.815000534057617,16.8245764941432,16.767122560057324,16.815000534057617,3700,0.0,0.0,0.0
2024-07-11 00:00:00-04:00,16.97779073485128,16.97779073485128,16.843730926513672,16.843730926513672,400,0.0,0.0,0.0
2024-07-12 00:00:00-04:00,16.862880393250276,16.920334327536374,16.76712261848835,16.882030487060547,8900,0.0,0.0,0.0
2024-07-15 00:00:00-04:00,16.824573746266815,16.891603629490614,16.767119821564606,16.805421829223633,3800,0.0,0.0,0.0
2024-07-16 00:00:00-04:00,16.872453689575195,16.901179738969205,16.73839209550286,16.872453689575195,7100,0.0,0.0,0.0
2024-07-17 00:00:00-04:00,16.75754395347429,16.75754395347429,16.61390822772998,16.652210235595703,1400,0.0,0.0,0.0
2024-07-18 00:00:00-04:00,16.556455949541245,16.556455949541245,16.384092330932617,16.384092330932617,2100,0.0,0.0,0.0
2024-07-19 00:00:00-04:00,16.297910860780334,16.297910860780334,16.211729049682617,16.211729049682617,400,0.0,0.0,0.0
2024-07-22 00:00:00-04:00,16.355364076814894,16.355364076814894,16.288334188101192,16.336212158203125,2700,0.0,0.0,0.0
2024-07-23 00:00:00-04:00,16.288333447105444,16.288333447105444,16.144697716906496,16.173423767089844,2100,0.0,0.0,0.0
2024-07-24 00:00:00-04:00,16.230883060526573,16.230883060526573,16.12554931640625,16.12554931640625,900,0.0,0.0,0.0
2024-07-25 00:00:00-04:00,16.163848876953125,16.23088059347693,16.115970905863644,16.163848876953125,2600,0.0,0.0,0.0
2024-07-26 00:00:00-04:00,16.393668522294092,16.393668522294092,16.317062671432193,16.364940643310547,2200,0.0,0.0,0.0
2024-07-29 00:00:00-04:00,16.364942731554468,16.364942731554468,16.27876091003418,16.27876091003418,2000,0.0,0.0,0.0
2024-07-30 00:00:00-04:00,16.32663888802199,16.32663888802199,16.250033027384823,16.27876091003418,4300,0.0,0.0,0.0
2024-07-31 00:00:00-04:00,16.4702751003476,16.527729034423828,16.4702751003476,16.527729034423828,1600,0.0,0.0,0.0
2024-08-01 00:00:00-04:00,16.403241982097846,16.403241982097846,16.25960624593215,16.269182205200195,5200,0.0,0.0,0.0
2024-08-02 00:00:00-04:00,15.972337488608824,15.99148941040039,15.886155666974563,15.99148941040039,2100,0.0,0.0,0.0
2024-08-05 00:00:00-04:00,15.187125358842195,15.359489907523312,14.966883747490783,15.321186065673828,8700,0.0,0.0,0.0
2024-08-06 00:00:00-04:00,15.33076173401837,15.445669604521912,15.33076173401837,15.416943550109863,1000,0.0,0.0,0.0
2024-08-07 00:00:00-04:00,15.86700476765693,15.914884575221235,15.69464111328125,15.69464111328125,4400,0.0,0.0,0.0
2024-08-08 00:00:00-04:00,15.828699124796922,15.981910821076266,15.828699124796922,15.972334861755371,4400,0.0,0.0,0.0
2024-08-09 00:00:00-04:00,15.962760748490673,16.0872445812036,15.943608827634009,16.04894256591797,1200,0.0,0.0,0.0
2024-08-12 00:00:00-04:00,16.04894345516269,16.173427294773052,16.04894345516269,16.12554931640625,2500,0.0,0.0,0.0
2024-08-13 00:00:00-04:00,16.16384925105746,16.211729049682617,16.16384925105746,16.211729049682617,1300,0.0,0.0,0.0
2024-08-14 00:00:00-04:00,16.154273675776746,16.173423767089844,16.115969840295744,16.173423767089844,1000,0.0,0.0,0.0
2024-08-15 00:00:00-04:00,16.21172788269499,16.403241584126974,16.21172788269499,16.374515533447266,1400,0.0,0.0,0.0
2024-08-16 00:00:00-04:00,16.403241258440907,16.546878814697266,16.403241258440907,16.546878814697266,1100,0.0,0.0,0.0
2024-08-19 00:00:00-04:00,16.537306486965456,16.63306427001953,16.537306486965456,16.63306427001953,2000,0.0,0.0,0.0
2024-08-20 00:00:00-04:00,16.575606633943128,16.575606633943128,16.460698768386653,16.479848861694336,1900,0.0,0.0,0.0
2024-08-21 00:00:00-04:00,16.47027342943061,16.575605326813115,16.47027342943061,16.508575439453125,3700,0.0,0.0,0.0
2024-08-22 00:00:00-04:00,16.451121379305544,16.451121379305544,16.374515533447266,16.374515533447266,900,0.0,0.0,0.0
2024-08-23 00:00:00-04:00,16.585182189941406,16.59475814957586,16.53730421819669,16.585182189941406,1400,0.0,0.0,0.0
2024-08-26 00:00:00-04:00,16.575605704416404,16.59475762307768,16.43196996731181,16.556455612182617,14400,0.0,0.0,0.0
2024-08-27 00:00:00-04:00,16.50857717279301,16.594758987426758,16.50857717279301,16.594758987426758,900,0.0,0.0,0.0
2024-08-28 00:00:00-04:00,16.566031887188082,16.585183808325834,16.479850068495924,16.53730583190918,5900,0.0,0.0,0.0
2024-08-29 00:00:00-04:00,16.585180823652202,16.623484659034535,16.451121052668825,16.546878814697266,4100,0.0,0.0,0.0
2024-08-30 00:00:00-04:00,16.59475959113528,16.62348747253418,16.556457575697785,16.62348747253418,28400,0.0,0.0,0.0
2024-09-03 00:00:00-04:00,16.546878527755148,16.546878527755148,16.345787048339844,16.345787048339844,1600,0.0,0.0,0.0
2024-09-04 00:00:00-04:00,16.345789792886446,16.40324372818306,16.336213832599068,16.355365753173828,1300,0.0,0.0,0.0
2024-09-05 00:00:00-04:00,16.30748879268354,16.30748879268354,16.26918494915106,16.27876091003418,1900,0.0,0.0,0.0
2024-09-06 00:00:00-04:00,16.048940709895042,16.048940709895042,15.972334861755371,15.972334861755371,300,0.0,0.0,0.0
2024-09-09 00:00:00-04:00,16.1159725189209,16.14470040030649,16.029790701191825,16.1159725189209,4500,0.0,0.0,0.0
2024-09-10 00:00:00-04:00,16.039365768432617,16.07766960814696,15.943607995574364,16.039365768432617,8900,0.0,0.0,0.0
2024-09-11 00:00:00-04:00,15.943607534977088,16.077669143676758,15.943607534977088,16.077669143676758,900,0.0,0.0,0.0
2024-09-12 00:00:00-04:00,16.26918120533101,16.364938965698894,16.26918120533101,16.345787048339844,400,0.0,0.0,0.0
2024-09-13 00:00:00-04:00,16.355364140916475,16.403242111206055,16.355364140916475,16.403242111206055,800,0.0,0.0,0.0
2024-09-16 00:00:00-04:00,16.41282081604004,16.41282081604004,16.41282081604004,16.41282081604004,200,0.0,0.0,0.0
2024-09-17 00:00:00-04:00,16.441545948579716,16.489423918869296,16.403242111206055,16.403242111206055,800,0.0,0.0,0.0
2024-09-18 00:00:00-04:00,16.393669594323352,16.393669594323352,16.355365753173828,16.355365753173828,700,0.0,0.0,0.0
2024-09-19 00:00:00-04:00,16.451121052668825,16.585180823652202,16.451121052668825,16.546878814697266,9200,0.0,0.0,0.0
2024-09-20 00:00:00-04:00,16.575607067190894,16.642636961588774,16.575607067190894,16.594758987426758,500,0.0,0.0,0.0
2024-09-23 00:00:00-04:00,16.727298736572266,16.74664643520601,16.727298736572266,16.727298736572266,1100,0.177,0.0,0.0
2024-09-24 00:00:00-04:00,16.80469544322467,17.133628470652702,16.80469544322467,16.930463790893555,10300,0.0,0.0,0.0
2024-09-25 00:00:00-04:00,16.930468025542652,16.930468025542652,16.795024871826172,16.795024871826172,1900,0.0,0.0,0.0
2024-09-26 00:00:00-04:00,17.075583906602134,17.104608226893518,17.03688665815464,17.05623435974121,1900,0.0,0.0,0.0
2024-09-27 00:00:00-04:00,17.027210566750554,17.03688533943215,16.891765594482422,16.891765594482422,1300,0.0,0.0,0.0
2024-09-30 00:00:00-04:00,16.611206558884895,16.795023571319685,16.5628345349531,16.630556106567383,98900,0.0,0.0,0.0
2024-10-01 00:00:00-04:00,16.707953578058845,16.707953578058845,16.446740202563994,16.48543930053711,16100,0.0,0.0,0.0
2024-10-02 00:00:00-04:00,16.54348630261123,16.54348630261123,16.379018824782438,16.4564151763916,5200,0.0,0.0,0.0
2024-10-03 00:00:00-04:00,16.34998989057085,16.34998989057085,16.30161787643306,16.31129264831543,1200,0.0,0.0,0.0
2024-10-04 00:00:00-04:00,16.41771100208038,16.41771100208038,16.320966976435244,16.369338989257812,600,0.0,0.0,0.0
2024-10-07 00:00:00-04:00,16.369342708844943,16.369342708844943,16.214550018310547,16.214550018310547,1800,0.0,0.0,0.0
2024-10-08 00:00:00-04:00,16.398365381156513,16.63055439360745,16.398365381156513,16.601530075073242,24700,0.0,0.0,0.0
2024-10-09 00:00:00-04:00,16.678926973435235,16.69827651977539,16.678926973435235,16.69827651977539,600,0.0,0.0,0.0
2024-10-10 00:00:00-04:00,16.649903303603477,16.649903303603477,16.601531281139913,16.6112060546875,600,0.0,0.0,0.0
2024-10-11 00:00:00-04:00,16.65957837171174,16.736974716186523,16.65957837171174,16.736974716186523,2400,0.0,0.0,0.0
2024-10-14 00:00:00-04:00,16.795024871826172,16.804699646416573,16.71762852037753,16.795024871826172,9900,0.0,0.0,0.0
2024-10-15 00:00:00-04:00,16.765998283190235,16.814370304333252,16.659577622346415,16.669252395629883,1500,0.0,0.0,0.0
2024-10-16 00:00:00-04:00,16.882093063255827,16.882093063255827,16.756322860717773,16.756322860717773,9500,0.0,0.0,0.0
2024-10-17 00:00:00-04:00,16.707950592041016,16.746647837823666,16.707950592041016,16.707950592041016,800,0.0,0.0,0.0
2024-10-18 00:00:00-04:00,16.756321207159917,16.756321207159917,16.717623964618358,16.727298736572266,5200,0.0,0.0,0.0
2024-10-21 00:00:00-04:00,16.669253356657933,16.669253356657933,16.611206558884895,16.630556106567383,4700,0.0,0.0,0.0
2024-10-22 00:00:00-04:00,16.553158195663222,16.553158195663222,16.49510955810547,16.49510955810547,400,0.0,0.0,0.0
2024-10-23 00:00:00-04:00,16.417714321830058,16.417714321830058,16.349992752075195,16.349992752075195,4500,0.0,0.0,0.0
2024-10-24 00:00:00-04:00,16.3596685333204,16.38869285583496,16.330644210805833,16.38869285583496,3600,0.0,0.0,0.0
2024-10-25 00:00:00-04:00,16.398366619953226,16.408039548254454,16.34031797849959,16.349992752075195,1200,0.0,0.0,0.0
2024-10-28 00:00:00-04:00,16.301620987820456,16.340318237461776,16.262921892904725,16.32097053527832,4800,0.0,0.0,0.0
2024-10-29 00:00:00-04:00,16.340316772460938,16.359666318184008,16.340316772460938,16.340316772460938,400,0.0,0.0,0.0
2024-10-30 00:00:00-04:00,16.22422479212825,16.22422479212825,16.214550018310547,16.214550018310547,300,0.0,0.0,0.0
2024-10-31 00:00:00-04:00,16.05008245890561,16.059757232666016,16.02105813762439,16.059757232666016,1300,0.0,0.0,0.0
2024-11-01 00:00:00-04:00,16.214550215971965,16.214550215971965,16.18552589416504,16.18552589416504,1200,0.0,0.0,0.0
2024-11-04 00:00:00-05:00,16.156503370881005,16.16617629951421,16.079107024894277,16.108129501342773,13200,0.0,0.0,0.0
2024-11-05 00:00:00-05:00,16.20487544203632,16.214550215971965,16.175851120229396,16.18552589416504,3500,0.0,0.0,0.0
2024-11-06 00:00:00-05:00,16.224223188671008,16.340316772460938,16.224223188671008,16.340316772460938,800,0.0,0.0,0.0
2024-11-07 00:00:00-05:00,16.41771607794973,16.485439500223002,16.41771607794973,16.4564151763916,1000,0.0,0.0,0.0
2024-11-08 00:00:00-05:00,16.1951976126364,16.253244400024414,16.1951976126364,16.253244400024414,400,0.0,0.0,0.0
2024-11-11 00:00:00-05:00,16.253244848070196,16.253244848070196,16.166173741950875,16.19519805908203,3900,0.0,0.0,0.0
2024-11-12 00:00:00-05:00,15.92431004276576,16.011381149291992,15.92431004276576,16.011381149291992,6200,0.0,0.0,0.0
2024-11-13 00:00:00-05:00,15.837243521752404,15.85659122467041,15.788869651271186,15.85659122467041,2600,0.0,0.0,0.0
2024-11-14 00:00:00-05:00,15.8952896179409,15.933986867339653,15.866265296936035,15.866265296936035,4100,0.0,0.0,0.0
2024-11-15 00:00:00-05:00,15.837241565500378,15.837241565500378,15.740495681762695,15.740495681762695,1200,0.0,0.0,0.0
2024-11-18 00:00:00-05:00,15.711471417576812,15.85658932104976,15.711471417576812,15.817892074584961,2200,0.0,0.0,0.0
2024-11-19 00:00:00-05:00,15.7695201030787,15.895290321055384,15.7695201030787,15.85659122467041,2300,0.0,0.0,0.0
2024-11-20 00:00:00-05:00,15.875942029783491,15.904966354370117,15.875942029783491,15.904966354370117,600,0.0,0.0,0.0
2024-11-21 00:00:00-05:00,15.817894026998918,15.933987625997087,15.779194930483202,15.89529037475586,139700,0.0,0.0,0.0
2024-11-22 00:00:00-05:00,16.05008245890561,16.059757232666016,16.05008245890561,16.059757232666016,700,0.0,0.0,0.0
2024-11-25 00:00:00-05:00,16.25324731574904,16.291946411132812,16.156503267838474,16.291946411132812,118500,0.0,0.0,0.0
2024-11-26 00:00:00-05:00,16.059758133467163,16.069432907770235,16.021059036254883,16.021059036254883,5400,0.0,0.0,0.0
2024-11-27 00:00:00-05:00,16.079106780186827,16.098454482433226,15.972686114096772,16.059757232666016,13700,0.0,0.0,0.0
2024-11-29 00:00:00-05:00,16.001708222143886,16.011381149291992,16.001708222143886,16.011381149291992,900,0.0,0.0,0.0
2024-12-02 00:00:00-05:00,16.079106324936827,16.146827894067847,16.079106324936827,16.1178035736084,900,0.0,0.0,0.0
2024-12-03 00:00:00-05:00,16.214550215971965,16.233899763843247,16.18552589416504,16.18552589416504,2500,0.0,0.0,0.0
2024-12-04 00:00:00-05:00,16.23389911034258,16.30162067989147,16.23389911034258,16.27259635925293,3400,0.0,0.0,0.0
2024-12-05 00:00:00-05:00,16.408036230461065,16.408036230461065,16.33063990278055,16.369338989257812,2400,0.0,0.0,0.0
2024-12-06 00:00:00-05:00,16.36934109104554,16.36934109104554,16.291944753427508,16.340316772460938,83900,0.0,0.0,0.0
2024-12-09 00:00:00-05:00,16.37901420621796,16.37901420621796,16.30161787643306,16.31129264831543,3900,0.0,0.0,0.0
2024-12-10 00:00:00-05:00,16.330643812650774,16.330643812650774,16.108129547954352,16.18552589416504,65300,0.0,0.0,0.0
2024-12-11 00:00:00-05:00,16.301618576049805,16.340315819965994,16.262919486859477,16.301618576049805,52400,0.0,0.0,0.0
2024-12-12 00:00:00-05:00,16.243571920967295,16.243571920967295,16.156500814847973,16.19519805908203,1300,0.0,0.0,0.0
2024-12-13 00:00:00-05:00,16.330640346806113,16.340315118688483,16.31129264831543,16.31129264831543,1100,0.0,0.0,0.0
2024-12-16 00:00:00-05:00,16.359667982779982,16.359667982779982,16.262922089594984,16.291946411132812,1600,0.0,0.0,0.0
2024-12-17 00:00:00-05:00,16.204875702549565,16.204875702549565,16.156503677368164,16.156503677368164,200,0.0,0.0,0.0
2024-12-18 00:00:00-05:00,16.17584913047362,16.17584913047362,15.730820655822754,15.730820655822754,3200,0.0,0.0,0.0
2024-12-19 00:00:00-05:00,15.914641129232326,15.92431405881991,15.837244775609282,15.904966354370117,2500,0.0,0.0,0.0
2024-12-20 00:00:00-05:00,15.943660941598887,15.943660941598887,15.837242126464844,15.837242126464844,800,0.0,0.0,0.0
2024-12-23 00:00:00-05:00,15.786847676428764,15.835302574835806,15.689936031178789,15.815919876098633,155600,0.028,0.0,0.0
2024-12-24 00:00:00-05:00,15.864378421968574,15.903141975402832,15.844995721033394,15.903141975402832,1300,0.0,0.0,0.0
2024-12-26 00:00:00-05:00,15.457349584822692,15.87406747679058,15.457349584822692,15.786849021911621,65800,0.0,0.0,0.0
2024-12-27 00:00:00-05:00,15.748085240009603,15.806231498718262,15.748085240009603,15.806231498718262,1200,0.0,0.0,0.0
2024-12-30 00:00:00-05:00,15.651172635065047,15.748084292707395,15.651172635065047,15.7287015914917,800,0.0,0.0,0.0
2024-12-31 00:00:00-05:00,15.757774125893404,15.757774125893404,15.689936526607136,15.699627876281738,4200,0.0,0.0,0.0
2025-01-02 00:00:00-05:00,15.874066123874261,15.874066123874261,15.815919876098633,15.815919876098633,600,0.0,0.0,0.0
2025-01-03 00:00:00-05:00,15.864377248466846,15.980669748603464,15.864377248466846,15.922523498535156,1000,0.0,0.0,0.0
2025-01-06 00:00:00-05:00,16.019435147606313,16.019435147606313,15.922523498535156,15.922523498535156,400,0.0,0.0,0.0
2025-01-07 00:00:00-05:00,15.922525411214373,15.922525411214373,15.844996452331543,15.844996452331543,1400,0.0,0.0,0.0
2025-01-08 00:00:00-05:00,15.757775418768086,15.777158119707579,15.709318666419355,15.74808406829834,5400,0.0,0.0,0.0
2025-01-10 00:00:00-05:00,15.408892772158271,15.418584121732751,15.399202346801758,15.399202346801758,500,0.0,0.0,0.0
2025-01-13 00:00:00-05:00,15.10846996307373,15.10846996307373,15.10846996307373,15.10846996307373,100,0.0,0.0,0.0
2025-01-14 00:00:00-05:00,15.30228985213405,15.360437022143078,15.30228985213405,15.311981201171875,1300,0.0,0.0,0.0
2025-01-15 00:00:00-05:00,15.447658062628719,15.525187939103944,15.447658062628719,15.486422538757324,1800,0.0,0.0,0.0
2025-01-16 00:00:00-05:00,15.496113888843979,15.496113888843979,15.486422538757324,15.486422538757324,200,0.0,0.0,0.0
2025-01-17 00:00:00-05:00,15.45734896793407,15.525187492370605,15.45734896793407,15.525187492370605,600,0.0,0.0,0.0
2025-01-21 00:00:00-05:00,15.534878338590284,15.612407286103393,15.457348466859216,15.563950538635254,4400,0.0,0.0,0.0
2025-01-22 00:00:00-05:00,15.544570191986182,15.544570191986182,15.525187492370605,15.525187492370605,2100,0.0,0.0,0.0
2025-01-23 00:00:00-05:00,15.651171127908727,15.719008727194995,15.641479778234125,15.699627876281738,1700,0.0,0.0,0.0
2025-01-24 00:00:00-05:00,15.68993708434155,15.68993708434155,15.62209948264384,15.651171684265137,3900,0.0,0.0,0.0
2025-01-27 00:00:00-05:00,15.1569242477417,15.282909020345619,15.137541548471264,15.1569242477417,6900,0.0,0.0,0.0
2025-01-28 00:00:00-05:00,15.13754250095416,15.253835931240264,15.13754250095416,15.234454154968262,2600,0.0,0.0,0.0
2025-01-29 00:00:00-05:00,15.360438681907885,15.360438681907885,15.31198285570081,15.331364631652832,1100,0.0,0.0,0.0
2025-01-30 00:00:00-05:00,15.43796719253648,15.525187492370605,15.39920271752331,15.525187492370605,11700,0.0,0.0,0.0
2025-01-31 00:00:00-05:00,15.583333742781363,15.680245392423277,15.525187492370605,15.525187492370605,1600,0.0,0.0,0.0
2025-02-03 00:00:00-05:00,15.215071454533943,15.457349665352057,15.215071454533943,15.389512062072754,26100,0.0,0.0,0.0
2025-02-04 00:00:00-05:00,15.534879795216899,15.641480952770427,15.534879795216899,15.602717399597168,2400,0.0,0.0,0.0
2025-02-05 00:00:00-05:00,15.554260424560171,15.641480728494502,15.554260424560171,15.622099876403809,3400,0.0,0.0,0.0
2025-02-06 00:00:00-05:00,15.51549687206121,15.544570922851562,15.51549687206121,15.544570922851562,1100,0.0,0.0,0.0
2025-02-07 00:00:00-05:00,15.602716442396941,15.622099142012518,15.476731667549648,15.525187492370605,9600,0.0,0.0,0.0
2025-02-10 00:00:00-05:00,15.476731889940822,15.505805015563965,15.476731889940822,15.505805015563965,600,0.0,0.0,0.0
2025-02-11 00:00:00-05:00,15.39920282513099,15.476731775699088,15.39920282513099,15.437967300415039,1600,0.0,0.0,0.0
2025-02-12 00:00:00-05:00,15.341054554585066,15.37012767791748,15.282908307920234,15.37012767791748,800,0.0,0.0,0.0
2025-02-13 00:00:00-05:00,15.32167398526486,15.457349187630316,15.282909509700731,15.428276062011719,10300,0.0,0.0,0.0
2025-02-14 00:00:00-05:00,15.321673615866628,15.321673615866628,15.302290916442871,15.302290916442871,1600,0.0,0.0,0.0
2025-02-18 00:00:00-05:00,15.331363205401617,15.399201725467822,15.311981431252649,15.37012767791748,18100,0.0,0.0,0.0
2025-02-19 00:00:00-05:00,15.360438346862793,15.360438346862793,15.360438346862793,15.360438346862793,200,0.0,0.0,0.0
2025-02-20 00:00:00-05:00,15.437967300415039,15.437967300415039,15.418584600664017,15.437967300415039,1300,0.0,0.0,0.0
2025-02-21 00:00:00-05:00,15.195689790377436,15.195689790377436,15.147233963012695,15.147233963012695,900,0.0,0.0,0.0
2025-02-24 00:00:00-05:00,15.195689902720558,15.195689902720558,15.137542724609375,15.137542724609375,500,0.0,0.0,0.0
2025-02-25 00:00:00-05:00,15.108468166792148,15.137541290985304,15.050320994187881,15.098776817321777,5300,0.0,0.0,0.0
2025-02-26 00:00:00-05:00,15.137542612696139,15.205380216475955,15.108469485964509,15.147233963012695,3200,0.0,0.0,0.0
2025-02-27 00:00:00-05:00,14.759587176706361,14.769278526306152,14.759587176706361,14.769278526306152,1000,0.0,0.0,0.0
2025-02-28 00:00:00-05:00,14.497928142826066,14.633604273326641,14.497928142826066,14.614221572875977,1500,0.0,0.0,0.0
2025-03-03 00:00:00-05:00,14.643294812279661,14.672368863179912,14.40101660008578,14.449472427368164,29000,0.0,0.0,0.0
2025-03-04 00:00:00-05:00,14.449472315917427,14.652986049559281,14.449472315917427,14.614221572875977,1800,0.0,0.0,0.0
2025-03-05 00:00:00-05:00,14.934029463281941,15.021249771118164,14.934029463281941,15.021249771118164,4300,0.0,0.0,0.0
2025-03-06 00:00:00-05:00,14.88557243347168,14.88557243347168,14.88557243347168,14.88557243347168,100,0.0,0.0,0.0
2025-03-07 00:00:00-05:00,14.88557386159697,14.963102819921584,14.808044903272357,14.924338340759277,500,0.0,0.0,0.0
2025-03-10 00:00:00-04:00,14.594839796456958,14.594839796456958,14.459163665958112,14.53669261932373,5000,0.0,0.0,0.0
2025-03-11 00:00:00-04:00,14.546384221994705,14.711133481810297,14.546384221994705,14.594840049743652,5100,0.0,0.0,0.0
2025-03-12 00:00:00-04:00,14.623914350867128,14.672370182506617,14.575458519227638,14.652987480163574,2100,0.0,0.0,0.0
2025-03-13 00:00:00-04:00,14.633603794494004,14.633603794494004,14.575456619262695,14.575456619262695,1100,0.0,0.0,0.0
2025-03-14 00:00:00-04:00,14.730514414932022,14.740205764770508,14.730514414932022,14.740205764770508,900,0.0,0.0,0.0
2025-03-17 00:00:00-04:00,14.98248361196116,15.00186538696289,14.98248361196116,15.00186538696289,400,0.0,0.0,0.0
2025-03-18 00:00:00-04:00,14.963102004956427,14.992176055908203,14.963102004956427,14.992176055908203,300,0.0,0.0,0.0
2025-03-19 00:00:00-04:00,15.001865053988618,15.030939102172852,15.001865053988618,15.030939102172852,500,0.0,0.0,0.0
2025-03-20 00:00:00-04:00,15.011557579040527,15.011557579040527,15.011557579040527,15.011557579040527,100,0.0,0.0,0.0
2025-03-21 00:00:00-04:00,15.050322898990881,15.050322898990881,15.021249771118164,15.021249771118164,400,0.0,0.0,0.0
2025-03-24 00:00:00-04:00,15.113641506471106,15.18172067608067,15.113641506471106,15.152544021606445,2800,0.055,0.0,0.0
2025-03-25 00:00:00-04:00,15.016386158491882,15.04556374320252,14.734342665520176,14.919130325317383,243900,0.0,0.0,0.0
2025-03-26 00:00:00-04:00,14.889952893640283,14.919129549324138,14.85105037689209,14.85105037689209,2400,0.0,0.0,0.0
2025-03-27 00:00:00-04:00,14.899678602176957,14.987209501290453,14.899678602176957,14.919130325317383,30700,0.0,0.0,0.0
2025-03-28 00:00:00-04:00,14.812147068302233,14.812147068302233,14.627360343933105,14.627360343933105,900,0.0,0.0,0.0
2025-03-31 00:00:00-04:00,14.442573715039774,14.53010368347168,14.43284785382206,14.53010368347168,32100,0.0,0.0,0.0
2025-04-01 00:00:00-04:00,14.491201881297544,14.56900691986084,14.491201881297544,14.56900691986084,1400,0.0,0.0,0.0
2025-04-02 00:00:00-04:00,14.549554881772329,14.578731536865234,14.510652365812074,14.578731536865234,6900,0.0,0.0,0.0
2025-04-03 00:00:00-04:00,14.364768470250002,14.374493403816327,14.24805999236249,14.286962509155273,8400,0.0,0.0,0.0
2025-04-04 00:00:00-04:00,13.489461553677865,13.586718317363456,13.343577335658717,13.470010757446289,15600,0.0,0.0,0.0
2025-04-07 00:00:00-04:00,12.730860477387866,13.294947415472247,12.682232101171806,12.769762992858887,16000,0.0,0.0,0.0
2025-04-08 00:00:00-04:00,13.217141361535448,13.217141361535448,12.49744441727087,12.614151954650879,14200,0.0,0.0,0.0
2025-04-09 00:00:00-04:00,13.042080344428086,13.781229051336794,13.042080344428086,13.65479564666748,8700,0.0,0.0,0.0
2025-04-10 00:00:00-04:00,13.557539045939901,13.557539045939901,13.314398094468524,13.431106567382812,10700,0.0,0.0,0.0
2025-04-11 00:00:00-04:00,13.645070998151253,13.927114486694336,13.645070998151253,13.927114486694336,1600,0.0,0.0,0.0
2025-04-14 00:00:00-04:00,13.615894474545021,14.072999763035895,13.615894474545021,13.985468864440918,7500,0.0,0.0,0.0
2025-04-15 00:00:00-04:00,13.975742823110588,14.053547859191895,13.975742823110588,14.053547859191895,900,0.0,0.0,0.0
2025-04-16 00:00:00-04:00,13.89793618533828,13.89793618533828,13.7617769241333,13.7617769241333,800,0.0,0.0,0.0
2025-04-17 00:00:00-04:00,13.849309049892016,13.956291667372486,13.849309049892016,13.878486633300781,4700,0.0,0.0,0.0
2025-04-21 00:00:00-04:00,14.014643812298017,14.014643812298017,13.77150286919081,13.79095458984375,2200,0.0,0.0,0.0
2025-04-22 00:00:00-04:00,13.975742301792204,14.12162743463479,13.975742301792204,14.10217571258545,1800,0.0,0.0,0.0
2025-04-23 00:00:00-04:00,14.325864501829168,14.393944599357665,14.325864501829168,14.335590362548828,200,0.0,0.0,0.0
2025-04-24 00:00:00-04:00,14.296688756012657,14.48147641139656,14.296688756012657,14.462024688720703,600,0.0,0.0,0.0
2025-04-25 00:00:00-04:00,14.539829292764946,14.539829292764946,14.335590848277555,14.413395881652832,6800,0.0,0.0,0.0
2025-04-28 00:00:00-04:00,14.462024108183103,14.500926624463998,14.44257331379723,14.481475830078125,7300,0.0,0.0,0.0
2025-04-29 00:00:00-04:00,14.510653604692978,14.56900691986084,14.510653604692978,14.56900691986084,800,0.0,0.0,0.0
2025-04-30 00:00:00-04:00,14.481477027081837,14.656537901061402,14.481477027081837,14.598184585571289,3200,0.0,0.0,0.0
2025-05-01 00:00:00-04:00,14.646812301567175,14.646812301567175,14.520378887068848,14.588458061218262,3000,0.0,0.0,0.0
2025-05-02 00:00:00-04:00,15.123367309570312,15.123367309570312,15.123367309570312,15.123367309570312,200,0.0,0.0,0.0
2025-05-05 00:00:00-04:00,15.2692517088435,15.2692517088435,15.210898399353027,15.210898399353027,2200,0.0,0.0,0.0
2025-05-06 00:00:00-04:00,15.1719970703125,15.1719970703125,15.1719970703125,15.1719970703125,1400,0.0,0.0,0.0
2025-05-07 00:00:00-04:00,14.967758815257437,14.977483749389648,14.967758815257437,14.977483749389648,200,0.0,0.0,0.0
2025-05-08 00:00:00-04:00,15.065013885498047,15.065013885498047,15.065013885498047,15.065013885498047,100,0.0,0.0,0.0
2025-05-09 00:00:00-04:00,15.142818450927734,15.142818450927734,15.142818450927734,15.142818450927734,100,0.0,0.0,0.0
2025-05-12 00:00:00-04:00,15.366507530212402,15.366507530212402,15.366507530212402,15.366507530212402,300,0.0,0.0,0.0
2025-05-13 00:00:00-04:00,15.434588198102261,15.492942437243736,15.434588198102261,15.473490715026855,1000,0.0,0.0,0.0
2025-05-14 00:00:00-04:00,15.59992487576016,15.59992487576016,15.541569709777832,15.541569709777832,300,0.0,0.0,0.0
2025-05-15 00:00:00-04:00,15.502667427062988,15.502667427062988,15.502667427062988,15.502667427062988,700,0.0,0.0,0.0
2025-05-16 00:00:00-04:00,15.492942437243736,15.50266737084301,15.4443140592107,15.473490715026855,21300,0.0,0.0,0.0
2025-05-19 00:00:00-04:00,15.580472946166992,15.580472946166992,15.580472946166992,15.580472946166992,100,0.0,0.0,0.0
2025-05-20 00:00:00-04:00,15.590200424194336,15.590200424194336,15.590200424194336,15.590200424194336,200,0.0,0.0,0.0
2025-05-21 00:00:00-04:00,15.59992504119873,15.59992504119873,15.59992504119873,15.59992504119873,200,0.0,0.0,0.0
2025-05-22 00:00:00-04:00,15.590198807034456,15.590198807034456,15.580472946166992,15.580472946166992,200,0.0,0.0,0.0
2025-05-23 00:00:00-04:00,15.541569533340612,15.619374565415448,15.541569533340612,15.609648704528809,2100,0.0,0.0,0.0
2025-05-27 00:00:00-04:00,15.609648673751101,15.609648673751101,15.580472946166992,15.580472946166992,900,0.0,0.0,0.0
2025-05-28 00:00:00-04:00,15.405411429917091,15.41513729095459,15.366508913276256,15.41513729095459,6500,0.0,0.0,0.0
2025-05-29 00:00:00-04:00,15.454039864063759,15.454039864063759,15.444314002990723,15.444314002990723,1300,0.0,0.0,0.0
2025-05-30 00:00:00-04:00,15.249802589416504,15.259527523726716,15.249802589416504,15.249802589416504,700,0.0,0.0,0.0
2025-06-02 00:00:00-04:00,15.37623350811984,15.424860954284668,15.37623350811984,15.424860954284668,1900,0.0,0.0,0.0
2025-06-03 00:00:00-04:00,15.522119522094727,15.522119522094727,15.522119522094727,15.522119522094727,200,0.0,0.0,0.0
2025-06-04 00:00:00-04:00,15.774985313415527,15.774985313415527,15.774985313415527,15.774985313415527,300,0.0,0.0,0.0
2025-06-05 00:00:00-04:00,15.901418602194877,15.911144462858957,15.83333943256456,15.872241020202637,1100,0.0,0.0,0.0
2025-06-06 00:00:00-04:00,15.852791494861217,15.881969080895242,15.852791494861217,15.862517356872559,800,0.0,0.0,0.0
2025-06-09 00:00:00-04:00,15.998676300048828,15.998676300048828,15.998676300048828,15.998676300048828,100,0.0,0.0,0.0
2025-06-10 00:00:00-04:00,16.047303572537782,16.066755294799805,16.047303572537782,16.066755294799805,200,0.0,0.0,0.0
2025-06-11 00:00:00-04:00,16.154286124275515,16.193187713623047,16.154286124275515,16.193187713623047,600,0.0,0.0,0.0
2025-06-12 00:00:00-04:00,16.144560150574407,16.144560150574407,16.13483428955078,16.13483428955078,500,0.0,0.0,0.0
2025-06-13 00:00:00-04:00,15.891694068908691,15.891694068908691,15.891694068908691,15.891694068908691,200,0.0,0.0,0.0
2025-06-16 00:00:00-04:00,16.183460235595703,16.183460235595703,16.183460235595703,16.183460235595703,100,0.0,0.0,0.0
2025-06-17 00:00:00-04:00,15.920870780944824,15.920870780944824,15.920870780944824,15.920870780944824,300,0.0,0.0,0.0
2025-06-18 00:00:00-04:00,15.950048446655273,15.950048446655273,15.950048446655273,15.950048446655273,100,0.0,0.0,0.0
2025-06-20 00:00:00-04:00,15.862517356872559,15.862517356872559,15.862517356872559,15.862517356872559,100,0.0,0.0,0.0
2025-06-23 00:00:00-04:00,16.00166130065918,16.00166130065918,16.00166130065918,16.00166130065918,300,0.122,0.0,0.0
2025-06-24 00:00:00-04:00,16.472007751464844,16.472007751464844,16.472007751464844,16.472007751464844,400,0.0,0.0,0.0
2025-06-25 00:00:00-04:00,16.41321452880694,16.42301368713379,16.41321452880694,16.42301368713379,200,0.0,0.0,0.0
2025-06-26 00:00:00-04:00,16.628790068100113,16.658187542485063,16.560197830200195,16.560197830200195,1600,0.0,0.0,0.0
2025-06-27 00:00:00-04:00,16.560199600097356,16.58959707762421,16.48180819569092,16.511205673217773,2100,0.0,0.0,0.0
2025-06-30 00:00:00-04:00,16.501405715942383,16.501405715942383,16.501405715942383,16.501405715942383,800,0.0,0.0,0.0
2025-07-01 00:00:00-04:00,16.54060173034668,16.54060173034668,16.54060173034668,16.54060173034668,100,0.0,0.0,0.0
2025-07-02 00:00:00-04:00,16.56019876870311,16.61899185180664,16.540600451335795,16.61899185180664,1200,0.0,0.0,0.0
2025-07-03 00:00:00-04:00,16.60919602111525,16.658189949838874,16.589597702026367,16.589597702026367,2900,0.0,0.0,0.0
2025-07-07 00:00:00-04:00,16.432814266702323,16.48180819357562,16.374019311656163,16.393617630004883,1600,0.0,0.0,0.0
2025-07-08 00:00:00-04:00,16.491606557240708,16.501405715942383,16.46220908113568,16.501405715942383,400,0.0,0.0,0.0
2025-07-09 00:00:00-04:00,16.46221084971577,16.472010009470196,16.45241355895996,16.45241355895996,1000,0.0,0.0,0.0
2025-07-10 00:00:00-04:00,16.53080523679319,16.55040168762207,16.491608597138132,16.55040168762207,600,0.0,0.0,0.0
2025-07-11 00:00:00-04:00,16.442615157472776,16.481809929299367,16.423016837060125,16.46221160888672,2200,0.0,0.0,0.0
2025-07-14 00:00:00-04:00,16.55040124044156,16.569999559739554,16.472009832248176,16.521005630493164,5200,0.0,0.0,0.0
2025-07-15 00:00:00-04:00,16.687587387848026,16.707183837890625,16.687587387848026,16.707183837890625,200,0.0,0.0,0.0
2025-07-16 00:00:00-04:00,16.677789195047087,16.765979766845703,16.62879339460414,16.765979766845703,600,0.0,0.0,0.0
2025-07-17 00:00:00-04:00,16.805174046571466,16.893364615790098,16.805174046571466,16.854169845581055,1100,0.0,0.0,0.0
2025-07-18 00:00:00-04:00,16.95215770560298,16.95215770560298,16.854169845581055,16.854169845581055,1000,0.0,0.0,0.0
2025-07-21 00:00:00-04:00,16.981556605151887,17.020753247637515,16.94236183166504,16.94236183166504,1400,0.0,0.0,0.0
2025-07-22 00:00:00-04:00,16.922763510422225,16.94236183166504,16.922763510422225,16.94236183166504,600,0.0,0.0,0.0
2025-07-23 00:00:00-04:00,17.089344024658203,17.089344024658203,17.089344024658203,17.089344024658203,100,0.0,0.0,0.0
2025-07-24 00:00:00-04:00,17.079544379170763,17.09914269816086,17.059946060180664,17.059946060180664,400,0.0,0.0,0.0
2025-07-25 00:00:00-04:00,17.04034600478304,17.04034600478304,16.991352081298828,16.991352081298828,300,0.0,0.0,0.0
2025-07-28 00:00:00-04:00,16.883566568445882,16.883566568445882,16.814974314311545,16.844371795654297,3200,0.0,0.0,0.0
2025-07-29 00:00:00-04:00,16.76597910409504,16.805173873901367,16.75617994439381,16.805173873901367,500,0.0,0.0,0.0
2025-07-30 00:00:00-04:00,16.756179498968457,16.775777817849946,16.65818977355957,16.65818977355957,700,0.0,0.0,0.0
2025-07-31 00:00:00-04:00,16.609193620841783,16.609193620841783,16.560197830200195,16.560197830200195,300,0.0,0.0,0.0
2025-08-01 00:00:00-04:00,16.393619356441153,16.46221160888672,16.393619356441153,16.46221160888672,800,0.0,0.0,0.0
2025-08-04 00:00:00-04:00,16.687585830688477,16.687585830688477,16.687585830688477,16.687585830688477,100,0.0,0.0,0.0
2025-08-05 00:00:00-04:00,16.746382556181125,16.756181716918945,16.746382556181125,16.756181716918945,300,0.0,0.0,0.0
2025-08-06 00:00:00-04:00,16.78557586669922,16.78557586669922,16.78557586669922,16.78557586669922,200,0.0,0.0,0.0
2025-08-07 00:00:00-04:00,16.922763341556227,16.922763341556227,16.89336585998535,16.89336585998535,200,0.0,0.0,0.0
2025-08-08 00:00:00-04:00,16.814972721584116,16.824771881103516,16.814972721584116,16.824771881103516,1400,0.0,0.0,0.0
2025-08-11 00:00:00-04:00,16.746381446668526,16.765979766845703,16.746381446668526,16.765979766845703,300,0.0,0.0,0.0
2025-08-12 00:00:00-04:00,16.85416856358706,16.932559967041016,16.85416856358706,16.932559967041016,500,0.0,0.0,0.0
2025-08-13 00:00:00-04:00,17.148138346495664,17.24612808227539,17.148138346495664,17.24612808227539,500,0.0,0.0,0.0
2025-08-14 00:00:00-04:00,17.010953903198242,17.010953903198242,17.010953903198242,17.010953903198242,200,0.0,0.0,0.0
2025-08-15 00:00:00-04:00,17.050146102905273,17.050146102905273,17.050146102905273,17.050146102905273,100,0.0,0.0,0.0
2025-08-18 00:00:00-04:00,17.11874008178711,17.11874008178711,17.11874008178711,17.11874008178711,1000,0.0,0.0,0.0
2025-08-19 00:00:00-04:00,17.13833813364131,17.157936453393575,17.020751953125,17.020751953125,9600,0.0,0.0,0.0
2025-08-20 00:00:00-04:00,17.00115394592285,17.00115394592285,17.00115394592285,17.00115394592285,200,0.0,0.0,0.0
2025-08-21 00:00:00-04:00,17.02074955678838,17.02074955678838,16.961954605809275,16.991352081298828,900,0.0,0.0,0.0
2025-08-22 00:00:00-04:00,17.353913501508767,17.353913501508767,17.3441162109375,17.3441162109375,400,0.0,0.0,0.0
2025-08-25 00:00:00-04:00,17.24612808227539,17.24612808227539,17.24612808227539,17.24612808227539,100,0.0,0.0,0.0
2025-08-26 00:00:00-04:00,17.206930644925436,17.236328125,17.19713148490058,17.236328125,800,0.0,0.0,0.0
2025-08-27 00:00:00-04:00,16.991353812713886,17.059946060180664,16.991353812713886,17.059946060180664,300,0.0,0.0,0.0
2025-08-28 00:00:00-04:00,17.089344158734885,17.138338088989258,17.089344158734885,17.138338088989258,300,0.0,0.0,0.0
2025-08-29 00:00:00-04:00,16.971755981445312,16.971755981445312,16.971755981445312,16.971755981445312,100,0.0,0.0,0.0
2025-09-02 00:00:00-04:00,16.90316390361005,17.020751953125,16.90316390361005,17.020751953125,4100,0.0,0.0,0.0
2025-09-03 00:00:00-04:00,17.040348052978516,17.040348052978516,17.040348052978516,17.040348052978516,100,0.0,0.0,0.0
2025-09-04 00:00:00-04:00,16.991352081298828,16.991352081298828,16.991352081298828,16.991352081298828,100,0.0,0.0,0.0
2025-09-05 00:00:00-04:00,17.118740696543366,17.21673043135847,17.118740696543366,17.197132110595703,1100,0.0,0.0,0.0
2025-09-08 00:00:00-04:00,17.30492178943372,17.324520111083984,17.30492178943372,17.324520111083984,900,0.0,0.0,0.0
2025-09-09 00:00:00-04:00,17.42250757761291,17.50089898498918,17.412708418066057,17.461702346801758,2400,0.0,0.0,0.0
2025-09-10 00:00:00-04:00,17.54009326626284,17.589089062634194,17.491099338890006,17.54989242553711,7400,0.0,0.0,0.0
2025-09-11 00:00:00-04:00,17.569491671687622,17.726274490356445,17.559692511895992,17.726274490356445,2700,0.0,0.0,0.0
2025-09-12 00:00:00-04:00,17.716474844924942,17.716474844924942,17.62828427821636,17.696876525878906,2700,0.0,0.0,0.0
2025-09-15 00:00:00-04:00,17.73607188108042,17.824262441409978,17.716473563451974,17.775266647338867,2200,0.0,0.0,0.0
2025-09-16 00:00:00-04:00,17.834063196570305,17.91245460510254,17.80466571749624,17.91245460510254,1100,0.0,0.0,0.0
2025-09-17 00:00:00-04:00,18.039840078554473,18.039840078554473,17.892856420077653,17.961448669433594,1900,0.0,0.0,0.0
2025-09-18 00:00:00-04:00,17.85365964695441,17.941850215178,17.85365964695441,17.91245460510254,1500,0.0,0.0,0.0
2025-09-19 00:00:00-04:00,17.82426341694341,17.912453982099695,17.77526762019073,17.834062576293945,5800,0.0,0.0,0.0
2025-09-22 00:00:00-04:00,17.70086306341596,17.779796600341797,17.70086306341596,17.779796600341797,800,0.125,0.0,0.0
2025-09-23 00:00:00-04:00,17.621928109694096,17.720593611475753,17.542994579114485,17.582460403442383,11200,0.0,0.0,0.0
2025-09-24 00:00:00-04:00,17.6219285352947,17.6219285352947,17.552861929609932,17.562726974487305,1000,0.0,0.0,0.0
2025-09-25 00:00:00-04:00,17.51339297885344,17.58245957963408,17.51339297885344,17.533126831054688,1300,0.0,0.0,0.0
2025-09-26 00:00:00-04:00,17.385128203368954,17.473926782088594,17.385128203368954,17.464061737060547,1700,0.0,0.0,0.0
2025-09-29 00:00:00-04:00,17.60219637957242,17.60219637957242,17.572595596313477,17.572595596313477,8100,0.0,0.0,0.0
2025-09-30 00:00:00-04:00,17.68112625540916,17.740325927734375,17.68112625540916,17.740325927734375,200,0.0,0.0,0.0
2025-10-01 00:00:00-04:00,17.8389949798584,17.908061584384406,17.7600614486967,17.8389949798584,59900,0.0,0.0,0.0
2025-10-02 00:00:00-04:00,17.848861694335938,17.848861694335938,17.848861694335938,17.848861694335938,100,0.0,0.0,0.0
2025-10-03 00:00:00-04:00,17.89819423249472,17.89819423249472,17.838994556010963,17.858728408813477,3400,0.0,0.0,0.0
2025-10-06 00:00:00-04:00,17.848861059266532,17.878461837768555,17.848861059266532,17.878461837768555,300,0.0,0.0,0.0
2025-10-07 00:00:00-04:00,17.868596215101338,17.868596215101338,17.700862221867972,17.73046112060547,2300,0.0,0.0,0.0
2025-10-08 00:00:00-04:00,17.83899579872693,17.91792933351194,17.83899579872693,17.888328552246094,1700,0.0,0.0,0.0
2025-10-09 00:00:00-04:00,17.720592758384313,17.720592758384313,17.62192726135254,17.62192726135254,400,0.0,0.0,0.0
2025-10-10 00:00:00-04:00,17.631797462719835,17.631797462719835,16.941127563656348,16.95099449157715,9400,0.0,0.0,0.0
2025-10-13 00:00:00-04:00,17.365396927512247,17.365396927512247,17.316062285428405,17.34566307067871,500,0.0,0.0,0.0
2025-10-14 00:00:00-04:00,17.256858825683594,17.256858825683594,17.256858825683594,17.256858825683594,100,0.0,0.0,0.0
2025-10-15 00:00:00-04:00,17.51339340209961,17.533127254777767,17.483792623082376,17.51339340209961,8100,0.0,0.0,0.0
2025-10-16 00:00:00-04:00,17.60219552694859,17.67126213594993,17.58246167239851,17.612062454223633,4300,0.0,0.0,0.0
2025-10-17 00:00:00-04:00,17.434459241658352,17.562725515571717,17.434459241658352,17.542993545532227,1300,0.0,0.0,0.0
2025-10-20 00:00:00-04:00,17.552861900782595,17.671261258355212,17.552861900782595,17.651527404785156,600,0.0,0.0,0.0
2025-10-21 00:00:00-04:00,17.483792623082376,17.55286110745592,17.483792623082376,17.51339340209961,9700,0.0,0.0,0.0
2025-10-22 00:00:00-04:00,17.602194864616415,17.641660690307617,17.503527477502587,17.641660690307617,109200,0.0,0.0,0.0
2025-10-23 00:00:00-04:00,17.671262069885437,17.789663314819336,17.671262069885437,17.789663314819336,1800,0.0,0.0,0.0
2025-10-24 00:00:00-04:00,17.848862782974017,17.848862782974017,17.799530029296875,17.799530029296875,200,0.0,0.0,0.0
2025-10-27 00:00:00-04:00,17.957397851470034,18.026464462280273,17.957397851470034,18.026464462280273,2800,0.0,0.0,0.0
2025-10-28 00:00:00-04:00,17.977130250024334,18.006731033325195,17.977130250024334,18.006731033325195,700,0.0,0.0,0.0
2025-10-29 00:00:00-04:00,18.075796127319336,18.075796127319336,18.075796127319336,18.075796127319336,200,0.0,0.0,0.0
2025-10-30 00:00:00-04:00,17.8587292583859,17.878463112127186,17.81926155090332,17.81926155090332,800,0.0,0.0,0.0
2025-10-31 00:00:00-04:00,17.700861798229493,17.760061476211526,17.690994871578514,17.750194549560547,10700,0.0,0.0,0.0
2025-11-03 00:00:00-05:00,17.83899649626127,17.888329251709422,17.730462175966544,17.769929885864258,89100,0.0,0.0,0.0
2025-11-04 00:00:00-05:00,17.5528608952365,17.562725939532534,17.464060441182195,17.52326011657715,22400,0.0,0.0,0.0
2025-11-05 00:00:00-05:00,17.46406104853487,17.621928109694096,17.46406104853487,17.582460403442383,23000,0.0,0.0,0.0
2025-11-06 00:00:00-05:00,17.542994181116843,17.612060783566616,17.503526475760534,17.51339340209961,5900,0.0,0.0,0.0
2025-11-07 00:00:00-05:00,17.266726992025745,17.375261306762695,17.266726992025745,17.375261306762695,2500,0.0,0.0,0.0
2025-11-10 00:00:00-05:00,17.612060734128036,17.690994262695312,17.592326881505276,17.690994262695312,700,0.0,0.0,0.0
2025-11-11 00:00:00-05:00,17.740325927734375,17.740325927734375,17.740325927734375,17.740325927734375,100,0.0,0.0,0.0
2025-11-12 00:00:00-05:00,17.8093939882623,17.868595547372756,17.78966201714929,17.848861694335938,4500,0.0,0.0,0.0
2025-11-13 00:00:00-05:00,17.898195083944604,17.898195083944604,17.81926155090332,17.81926155090332,3700,0.0,0.0,0.0
2025-11-14 00:00:00-05:00,17.730461539455387,17.799530029296875,17.730461539455387,17.799530029296875,400,0.0,0.0,0.0
2025-11-17 00:00:00-05:00,17.572595596313477,17.572595596313477,17.572595596313477,17.572595596313477,200,0.0,0.0,0.0
2025-11-18 00:00:00-05:00,17.276593471652625,17.444327461937558,17.276593471652625,17.39499282836914,87500,0.0,0.0,0.0
2025-11-19 00:00:00-05:00,17.207526076304685,17.256858825683594,17.148324518741486,17.256858825683594,1600,0.0,0.0,0.0
2025-11-20 00:00:00-05:00,17.098992267750138,17.177925798211337,17.059526443481445,17.059526443481445,1100,0.0,0.0,0.0
2025-11-21 00:00:00-05:00,17.069393157958984,17.069393157958984,17.069393157958984,17.069393157958984,100,0.0,0.0,0.0
2025-11-24 00:00:00-05:00,17.089128238751073,17.187795639038086,17.03979547956963,17.187795639038086,2200,0.0,0.0,0.0
2025-11-25 00:00:00-05:00,17.21739405794347,17.296327590942383,17.21739405794347,17.296327590942383,200,0.0,0.0,0.0
2025-11-26 00:00:00-05:00,17.31605974494769,17.42459405968464,17.31605974494769,17.375261306762695,7400,0.0,0.0,0.0
2025-11-28 00:00:00-05:00,17.42459360851019,17.434460535223874,17.39499282836914,17.39499282836914,400,0.0,0.0,0.0
2025-12-01 00:00:00-05:00,17.306196011334535,17.335794912561095,17.21739554380678,17.22726058959961,1100,0.0,0.0,0.0
2025-12-02 00:00:00-05:00,17.25685967169863,17.32592627698459,17.22725889146586,17.306194305419922,8800,0.0,0.0,0.0
2025-12-03 00:00:00-05:00,17.286460876464844,17.286460876464844,17.286460876464844,17.286460876464844,100,0.0,0.0,0.0
2025-12-04 00:00:00-05:00,17.355527877807617,17.355527877807617,17.355527877807617,17.355527877807617,200,0.0,0.0,0.0
2025-12-05 00:00:00-05:00,17.51339340209961,17.51339340209961,17.51339340209961,17.51339340209961,100,0.0,0.0,0.0
2025-12-08 00:00:00-05:00,17.483793739575752,17.483793739575752,17.36539437979353,17.375261306762695,1200,0.0,0.0,0.0
2025-12-09 00:00:00-05:00,17.29633031051904,17.34566307067871,17.266729525268733,17.34566307067871,2800,0.0,0.0,0.0
2025-12-10 00:00:00-05:00,17.345660918106443,17.473927207758422,17.345660918106443,17.44432830810547,2200,0.0,0.0,0.0
2025-12-11 00:00:00-05:00,17.48379304656646,17.55286153261295,17.46406107533414,17.49365997314453,1500,0.0,0.0,0.0
2025-12-12 00:00:00-05:00,17.43446159362793,17.43446159362793,17.43446159362793,17.43446159362793,100,0.0,0.0,0.0
2025-12-15 00:00:00-05:00,17.385128233731862,17.483793739575752,17.36539437979353,17.375261306762695,400,0.0,0.0,0.0
2025-12-16 00:00:00-05:00,17.256859700240526,17.256859700240526,17.11872648944015,17.21739387512207,3600,0.0,0.0,0.0
2025-12-17 00:00:00-05:00,17.246991948143265,17.246991948143265,17.07925796508789,17.07925796508789,1900,0.0,0.0,0.0
2025-12-18 00:00:00-05:00,17.256860946027565,17.30619558339196,17.246994018554688,17.246994018554688,700,0.0,0.0,0.0
2025-12-19 00:00:00-05:00,17.454195022583008,17.454195022583008,17.444328095510958,17.454195022583008,900,0.0,0.0,0.0
2025-12-22 00:00:00-05:00,17.417472761291474,17.477021042224127,17.417472761291474,17.46709632873535,1700,0.103,0.0,0.0
2025-12-23 00:00:00-05:00,17.48694610595703,17.48694610595703,17.48694610595703,17.48694610595703,100,0.0,0.0,0.0
2025-12-24 00:00:00-05:00,17.536566909730592,17.546491622924805,17.536566909730592,17.546491622924805,400,0.0,0.0,0.0
2025-12-26 00:00:00-05:00,17.506793028376602,17.615962982177734,17.506793028376602,17.615962982177734,1400,0.0,0.0,0.0
2025-12-29 00:00:00-05:00,17.477021392269474,17.526643067761675,17.467096678581918,17.48694610595703,500,0.0,0.0,0.0
2025-12-30 00:00:00-05:00,17.53656768798828,17.53656768798828,17.53656768798828,17.53656768798828,100,0.0,0.0,0.0
2025-12-31 00:00:00-05:00,17.417470932006836,17.417470932006836,17.417470932006836,17.417470932006836,100,0.0,0.0,0.0
2026-01-02 00:00:00-05:00,17.665583623138,17.77475357055664,17.665583623138,17.77475357055664,2300,0.0,0.0,0.0
2026-01-05 00:00:00-05:00,17.824376887523922,17.923622131347656,17.804529353115637,17.923622131347656,9300,0.0,0.0,0.0
2026-01-06 00:00:00-05:00,18.09233787535694,18.09233787535694,18.052640914916992,18.052640914916992,400,0.0,0.0,0.0
2026-01-07 00:00:00-05:00,18.00301716606043,18.00301716606043,17.873999679753894,17.93354606628418,6600,0.0,0.0,0.0
2026-01-08 00:00:00-05:00,17.94347077953014,17.953395492776107,17.93354606628418,17.93354606628418,200,0.0,0.0,0.0
2026-01-09 00:00:00-05:00,18.003016998234976,18.032791137695312,17.99309228508153,18.032791137695312,1500,0.0,0.0,0.0
2026-01-12 00:00:00-05:00,18.181659003835318,18.360300064086914,18.181659003835318,18.360300064086914,1800,0.0,0.0,0.0
2026-01-13 00:00:00-05:00,18.350374572515687,18.529015625194454,18.27097875943018,18.370223999023438,10500,0.0,0.0,0.0
2026-01-14 00:00:00-05:00,18.251128984105282,18.350374221801758,18.251128984105282,18.350374221801758,1500,0.0,0.0,0.0
2026-01-15 00:00:00-05:00,18.39007299815841,18.409920531259417,18.39007299815841,18.39999771118164,900,0.0,0.0,0.0
2026-01-16 00:00:00-05:00,18.310676648985467,18.310676648985467,18.191581989150905,18.26105308532715,5500,0.0,0.0,0.0
2026-01-20 00:00:00-05:00,18.07248793073481,18.221356733718434,18.042715684494453,18.132036209106445,12000,0.0,0.0,0.0
2026-01-21 00:00:00-05:00,18.23128161702687,18.251129150390625,18.23128161702687,18.251129150390625,1100,0.0,0.0,0.0
2026-01-22 00:00:00-05:00,18.33052566603016,18.33052566603016,18.290828704833984,18.290828704833984,800,0.0,0.0,0.0
2026-01-23 00:00:00-05:00,18.39999771118164,18.39999771118164,18.39999771118164,18.39999771118164,100,0.0,0.0,0.0
2026-01-26 00:00:00-05:00,18.330526271991,18.469470373134637,18.330526271991,18.380149841308594,15400,0.0,0.0,0.0
2026-01-27 00:00:00-05:00,18.608411696958,18.65803337097168,18.56871284339064,18.65803337097168,4700,0.0,0.0,0.0
2026-01-28 00:00:00-05:00,18.6679586906784,18.74735450744629,18.6679586906784,18.74735450744629,3100,0.0,0.0,0.0
2026-01-29 00:00:00-05:00,18.677883069891028,18.727506637573242,18.608411968081477,18.727506637573242,4200,0.0,0.0,0.0
2026-01-30 00:00:00-05:00,18.27097857669986,18.310677429318332,18.251129150390625,18.251129150390625,4200,0.0,0.0,0.0
2026-02-02 00:00:00-05:00,18.251130199704345,18.310678482055664,18.241205485979123,18.310678482055664,2100,0.0,0.0,0.0
2026-02-03 00:00:00-05:00,18.350374221801758,18.350374221801758,18.350374221801758,18.350374221801758,200,0.0,0.0,0.0
2026-02-04 00:00:00-05:00,18.429769505619504,18.429769505619504,18.2114315032959,18.2114315032959,200,0.0,0.0,0.0
2026-02-05 00:00:00-05:00,18.12211270318083,18.1419621306269,18.09233856201172,18.09233856201172,500,0.0,0.0,0.0
2026-02-06 00:00:00-05:00,18.449618867134472,18.479393005371094,18.449618867134472,18.479393005371094,400,0.0,0.0,0.0
2026-02-09 00:00:00-05:00,18.449620068579602,18.65803337097168,18.449620068579602,18.65803337097168,800,0.0,0.0,0.0
2026-02-10 00:00:00-05:00,18.60841065949379,18.69773118209499,18.58856123381676,18.598485946655273,4100,0.0,0.0,0.0
2026-02-11 00:00:00-05:00,18.658034418941014,18.71758270263672,18.658034418941014,18.71758270263672,1500,0.0,0.0,0.0
2026-02-12 00:00:00-05:00,18.717582622496856,18.727507336403647,18.4992427024387,18.548866271972656,2500,0.0,0.0,0.0
2026-02-13 00:00:00-05:00,18.449620251462306,18.598487167924514,18.449620251462306,18.55879020690918,400,0.0,0.0,0.0
2026-02-17 00:00:00-05:00,18.44961938832742,18.72750567421649,18.44961938832742,18.618335723876953,15700,0.0,0.0,0.0
2026-02-18 00:00:00-05:00,18.707657545535138,18.846599751642547,18.707657545535138,18.74735450744629,1700,0.0,0.0,0.0
2026-02-19 00:00:00-05:00,18.628260697088187,18.74735346917158,18.60841127075913,18.687807083129883,1000,0.0,0.0,0.0
2026-02-20 00:00:00-05:00,18.886298610704667,18.965694427490234,18.886298610704667,18.965694427490234,900,0.0,0.0,0.0
2026-02-23 00:00:00-05:00,18.87637251296344,18.91606947197283,18.87637251296344,18.88629722595215,700,0.0,0.0,0.0
2026-02-24 00:00:00-05:00,18.787052154541016,18.787052154541016,18.787052154541016,18.787052154541016,400,0.0,0.0,0.0
2026-02-25 00:00:00-05:00,18.91606947197283,18.91606947197283,18.81682423503118,18.88629722595215,6200,0.0,0.0,0.0
2026-02-26 00:00:00-05:00,18.50916784567745,18.519092559814453,18.479395596212115,18.519092559814453,1000,0.0,0.0,0.0
2026-02-27 00:00:00-05:00,18.390072483606634,18.489315825171232,18.390072483606634,18.479393005371094,1100,0.0,0.0,0.0
2026-03-02 00:00:00-05:00,18.092337706804695,18.151885986328125,18.08241299355079,18.151885986328125,1200,0.0,0.0,0.0
2026-03-03 00:00:00-05:00,17.606038009144594,17.606038009144594,17.546491622924805,17.546491622924805,1100,0.0,0.0,0.0
2026-03-04 00:00:00-05:00,17.67551040649414,17.67551040649414,17.67551040649414,17.67551040649414,200,0.0,0.0,0.0
2026-03-05 00:00:00-05:00,17.338077545166016,17.338077545166016,17.338077545166016,17.338077545166016,200,0.0,0.0,0.0
2026-03-06 00:00:00-05:00,17.417470932006836,17.417470932006836,17.417470932006836,17.417470932006836,500,0.0,0.0,0.0
2026-03-09 00:00:00-04:00,17.705284118652344,17.705284118652344,17.705284118652344,17.705284118652344,200,0.0,0.0,0.0
2026-03-10 00:00:00-04:00,17.8342998652988,17.8342998652988,17.814452332822377,17.82437515258789,1000,0.0,0.0,0.0
2026-03-11 00:00:00-04:00,17.70528446811788,17.725133895874023,17.70528446811788,17.725133895874023,300,0.0,0.0,0.0
2026-03-12 00:00:00-04:00,17.397624969482422,17.397624969482422,17.397624969482422,17.397624969482422,100,0.0,0.0,0.0
2026-03-13 00:00:00-04:00,17.36785125732422,17.36785125732422,17.36785125732422,17.36785125732422,100,0.0,0.0,0.0
2026-03-16 00:00:00-04:00,17.744979858398438,17.744979858398438,17.744979858398438,17.744979858398438,100,0.0,0.0,0.0
2026-03-17 00:00:00-04:00,17.864074092454548,17.864074092454548,17.735056612460575,17.77475357055664,900,0.0,0.0,0.0
2026-03-18 00:00:00-04:00,17.586188844138615,17.586188844138615,17.397624969482422,17.397624969482422,2700,0.0,0.0,0.0
2026-03-19 00:00:00-04:00,17.417472925015502,17.58618927001953,17.417472925015502,17.58618927001953,3000,0.0,0.0,0.0
2026-03-20 00:00:00-04:00,17.000643997140127,17.000643997140127,16.921248183400685,16.960947036743164,1800,0.0,0.0,0.0
2026-03-23 00:00:00-04:00,17.38103675842285,17.38103675842285,17.38103675842285,17.38103675842285,300,0.052,0.0,0.0
2026-03-24 00:00:00-04:00,16.79370654321823,17.02266591638012,16.79370654321823,16.903207778930664,1400,0.0,0.0,0.0
2026-03-25 00:00:00-04:00,17.281490670360178,17.281490670360178,17.171987533569336,17.171987533569336,1100,0.0,0.0,0.0
2026-03-26 00:00:00-04:00,16.76384273995172,16.76384273995172,16.365652084350586,16.365652084350586,2300,0.0,0.0,0.0
2026-03-27 00:00:00-04:00,16.4154254496529,16.584656718153358,16.39551544189453,16.39551544189453,1300,0.0,0.0,0.0
2026-03-30 00:00:00-04:00,16.33578666642029,16.415424795557634,16.166555404663086,16.166555404663086,1300,0.0,0.0,0.0
2026-03-31 00:00:00-04:00,16.266103353907376,16.823570251464844,16.266103353907376,16.823570251464844,700,0.0,0.0,0.0
2026-04-01 00:00:00-04:00,17.16203253034083,17.341218791008494,17.142122523883817,17.171987533569336,2200,0.0,0.0,0.0
2026-04-02 00:00:00-04:00,16.355695664561317,16.87334442138672,16.355695664561317,16.87334442138672,1400,0.0,0.0,0.0
2026-04-06 00:00:00-04:00,17.142123073958782,17.162033081054688,17.112259962037704,17.162033081054688,500,0.0,0.0,0.0
2026-04-07 00:00:00-04:00,16.893253341102756,17.271535873413086,16.893253341102756,17.271535873413086,1300,0.0,0.0,0.0
2026-04-08 00:00:00-04:00,18.933983292198217,18.933983292198217,18.54574575993969,18.68511390686035,2400,0.0,0.0,0.0
2026-04-09 00:00:00-04:00,18.416334215756727,18.754796726214398,18.35660609588852,18.724931716918945,3900,0.0,0.0,0.0
2026-04-10 00:00:00-04:00,18.854345924758455,18.854345924758455,18.744842783205026,18.774707794189453,3300,0.0,0.0,0.0
2026-04-13 00:00:00-04:00,18.655249694023606,19.162943489648033,18.655249694023606,19.08330535888672,8600,0.0,0.0,0.0
2026-04-14 00:00:00-04:00,19.093260114964227,19.45163264810404,19.093260114964227,19.43172264099121,9800,0.0,0.0,0.0
2026-04-15 00:00:00-04:00,19.272446229674262,19.272446229674262,19.192808100573245,19.26249122619629,2300,0.0,0.0,0.0
2026-04-16 00:00:00-04:00,19.282400789895185,19.60095329897649,19.282400789895185,19.51136016845703,6000,0.0,0.0,0.0
2026-04-17 00:00:00-04:00,19.949371635111312,19.949371635111312,19.849823497264335,19.9095516204834,1100,0.0,0.0,0.0
2026-04-20 00:00:00-04:00,19.770185768611185,19.770185768611185,19.650727621021957,19.730365753173828,1200,0.0,0.0,0.0
2026-04-21 00:00:00-04:00,19.720410201405116,19.720410201405116,19.36203956604004,19.36203956604004,2500,0.0,0.0,0.0
2026-04-22 00:00:00-04:00,20.07878303527832,20.07878303527832,20.07878303527832,20.07878303527832,100,0.0,0.0,0.0
2026-04-23 00:00:00-04:00,19.800047408473738,19.869730531582306,19.481494903564453,19.481494903564453,2600,0.0,0.0,0.0
2026-04-24 00:00:00-04:00,19.949371784215973,20.10864804647247,19.899596765559057,20.07878303527832,3900,0.0,0.0,0.0
2026-04-27 00:00:00-04:00,20.108647239559954,20.108647239559954,20.038962216236566,20.05887222290039,5000,0.0,0.0,0.0
2026-04-28 00:00:00-04:00,19.73036485589028,19.849822998046875,19.73036485589028,19.849822998046875,300,0.0,0.0,0.0
2026-04-29 00:00:00-04:00,20.038962109117453,20.038962109117453,19.8000477265969,19.819957733154297,3100,0.0,0.0,0.0
2026-04-30 00:00:00-04:00,20.03896164467414,20.51679229736328,20.029008540348855,20.51679229736328,1400,0.0,0.0,0.0
2026-05-01 00:00:00-04:00,20.50683789455019,20.526747901228898,20.4072897598794,20.43715476989746,3800,0.0,0.0,0.0
2026-05-04 00:00:00-04:00,20.566566171034538,20.98466682082815,20.566566171034538,20.606386184692383,6900,0.0,0.0,0.0
2026-05-05 00:00:00-04:00,21.323128711914883,21.55208808751332,21.27335559503616,21.512269973754883,11700,0.0,0.0,0.0
2026-05-06 00:00:00-04:00,22.378335299542872,22.52765655517578,22.15933091786279,22.52765655517578,8400,0.0,0.0,0.0
2026-05-07 00:00:00-04:00,22.457973784796238,22.51770380697357,22.039873123168945,22.039873123168945,5600,0.0,0.0,0.0
2026-05-08 00:00:00-04:00,22.577430785749204,22.905938296177926,22.577430785749204,22.886028289794922,8800,0.0,0.0,0.0
2026-05-11 00:00:00-04:00,23.194627210555918,23.34395036882632,23.144854090281008,23.20458221435547,5600,0.0,0.0,0.0
2026-05-12 00:00:00-04:00,22.19914853209723,22.358424787672675,21.621771630955553,22.08964729309082,19300,0.0,0.0,0.0
2026-05-13 00:00:00-04:00,22.667024217350516,22.886028594309433,22.497792958288663,22.846210479736328,10300,0.0,0.0,0.0
2026-05-14 00:00:00-04:00,22.816346570902635,22.915894710223785,22.746663442994677,22.82630157470703,6900,0.0,0.0,0.0
2026-05-15 00:00:00-04:00,21.69145678792354,21.69145678792354,21.29326424780653,21.502315521240234,15000,0.0,0.0,0.0
2026-05-18 00:00:00-04:00,21.502315767039956,21.571998892740176,21.29326449121652,21.53217887878418,9600,0.0,0.0,0.0
2026-05-19 00:00:00-04:00,20.914984145326972,21.432632941672022,20.49688348654409,21.114078521728516,21000,0.0,0.0,0.0
2026-05-20 00:00:00-04:00,21.362946982529838,21.711364499407225,21.20367072888121,21.681501388549805,12200,0.0,0.0,0.0
2026-05-21 00:00:00-04:00,21.830823346960173,22.308652123401636,21.810913339927755,22.219058990478516,20700,0.0,0.0,0.0
2026-05-22 00:00:00-04:00,22.338516928531934,22.378335043507846,22.119510650634766,22.119510650634766,14200,0.0,0.0,0.0
2026-05-26 00:00:00-04:00,23.164763503939838,23.722230411361405,23.164763503939838,23.66250228881836,18300,0.0,0.0,0.0
2026-05-27 00:00:00-04:00,24.01091904981174,24.01091904981174,23.39372214086994,23.572908401489258,42400,0.0,0.0,0.0
2026-05-28 00:00:00-04:00,23.36385817456318,24.11046636133683,23.343950065945215,24.000965118408203,22100,0.0,0.0,0.0
2026-05-29 00:00:00-04:00,23.911370680466103,24.070646933063028,23.821777551039997,23.92132568359375,30500,0.0,0.0,0.0
2026-06-01 00:00:00-04:00,24.518611265972897,24.78739066065868,24.110465621623113,24.66793441772461,46100,0.0,0.0,0.0
2026-06-02 00:00:00-04:00,24.48874890216296,24.75752830505371,24.48874890216296,24.75752830505371,46800,0.0,0.0,0.0
2026-06-03 00:00:00-04:00,24.827210567249317,24.827210567249317,24.31951679015802,24.429019927978516,51900,0.0,0.0,0.0
2026-06-04 00:00:00-04:00,23.672456896152774,23.941234392459286,23.40367750112351,23.84168815612793,14100,0.0,0.0,0.0
2026-06-05 00:00:00-04:00,22.706842231504325,22.706842231504325,21.372902171556678,21.402767181396484,25700,0.0,0.0,0.0
2026-06-08 00:00:00-04:00,22.159330112679932,22.348471375594453,22.06973698281109,22.129465103149414,7000,0.0,0.0,0.0
2026-06-09 00:00:00-04:00,22.895983523112807,22.95571164413943,21.601863474773786,22.159330368041992,11000,0.0,0.0,0.0
2026-06-10 00:00:00-04:00,22.000054246720055,22.298696752393518,21.571998596191406,21.571998596191406,9800,0.0,0.0,0.0
2026-06-11 00:00:00-04:00,22.418155757660333,23.44349645904193,22.149376352964588,23.413633346557617,21100,0.0,0.0,0.0
2026-06-12 00:00:00-04:00,23.184673411205964,23.523134036641146,22.975622135121217,23.423587799072266,15100,0.0,0.0,0.0
2026-06-15 00:00:00-04:00,24.42901928195807,24.58829553345436,24.29960614091565,24.578340530395508,40400,0.0,0.0,0.0
2026-06-16 00:00:00-04:00,24.68784266477485,24.68784266477485,24.060692639031963,24.080602645874023,27600,0.0,0.0,0.0
2026-06-17 00:00:00-04:00,24.6679347651342,24.827211023771287,24.180150985717773,24.180150985717773,12200,0.0,0.0,0.0
2026-06-18 00:00:00-04:00,25.195535974304587,25.60368161329726,25.195535974304587,25.533998489379883,20100,0.0,0.0,0.0
2026-06-22 00:00:00-04:00,25.84000015258789,26.170000076293945,25.65999984741211,25.75,109300,0.116,0.0,0.0
2026-06-23 00:00:00-04:00,23.559999465942383,24.100000381469727,23.34000015258789,23.610000610351562,33600,0.0,0.0,0.0
2026-06-24 00:00:00-04:00,23.8799991607666,23.93000030517578,23.149999618530273,23.690000534057617,37100,0.0,0.0,0.0
2026-06-25 00:00:00-04:00,25.190000534057617,25.190000534057617,24.059999465942383,24.59000015258789,19800,0.0,0.0,0.0
2026-06-26 00:00:00-04:00,23.780000686645508,24.190000534057617,23.56999969482422,24.020000457763672,19300,0.0,0.0,0.0
2026-06-29 00:00:00-04:00,23.65999984741211,23.719999313354492,23.139999389648438,23.649999618530273,12800,0.0,0.0,0.0
2026-06-30 00:00:00-04:00,23.959999084472656,24.34000015258789,23.959999084472656,24.34000015258789,17000,0.0,0.0,0.0
2026-07-01 00:00:00-04:00,23.299999237060547,23.459999084472656,23.059999465942383,23.1299991607666,20200,0.0,0.0,0.0
2026-07-02 00:00:00-04:00,22.90999984741211,23.190000534057617,21.989999771118164,22.34000015258789,145900,0.0,0.0,0.0
2026-07-06 00:00:00-04:00,23.299999237060547,23.520000457763672,23.299999237060547,23.40999984741211,18900,0.0,0.0,0.0
2026-07-07 00:00:00-04:00,22.239999771118164,22.399999618530273,21.75,22.190000534057617,32200,0.0,0.0,0.0
2026-07-08 00:00:00-04:00,21.68000030517578,22.149999618530273,21.540000915527344,22.149999618530273,27200,0.0,0.0,0.0
2026-07-09 00:00:00-04:00,22.459999084472656,22.700000762939453,22.459999084472656,22.6299991607666,6100,0.0,0.0,0.0
2026-07-10 00:00:00-04:00,22.34000015258789,22.700000762939453,22.34000015258789,22.649999618530273,7400,0.0,0.0,0.0
2026-07-13 00:00:00-04:00,21.389999389648438,21.440000534057617,21.079999923706055,21.110000610351562,12100,0.0,0.0,0.0
2026-07-14 00:00:00-04:00,21.799999237060547,21.90999984741211,21.610000610351562,21.90999984741211,6900,0.0,0.0,0.0
2026-07-15 00:00:00-04:00,21.799999237060547,21.920000076293945,21.15999984741211,21.6200008392334,66300,0.0,0.0,0.0
2026-07-16 00:00:00-04:00,21.040000915527344,21.040000915527344,20.600000381469727,20.719999313354492,9500,0.0,0.0,0.0
2026-07-17 00:00:00-04:00,19.920000076293945,20.75,19.920000076293945,20.5,7800,0.0,0.0,0.0
2026-07-20 00:00:00-04:00,20.65999984741211,20.65999984741211,20.350000381469727,20.350000381469727,4500,0.0,0.0,0.0
2026-07-21 00:00:00-04:00,21.059999465942383,21.530000686645508,21.059999465942383,21.34000015258789,6700,0.0,0.0,0.0
2026-07-22 00:00:00-04:00,21.469999313354492,21.6299991607666,21.469999313354492,21.549999237060547,7300,0.0,0.0,0.0
2026-07-23 00:00:00-04:00,21.299999237060547,21.450000762939453,21.299999237060547,21.40999984741211,4900,0.0,0.0,0.0
2026-07-24 00:00:00-04:00,20.6299991607666,20.799999237060547,20.510000228881836,20.510000228881836,3200,0.0,0.0,0.0
2026-07-27 00:00:00-04:00,20.75,20.75,20.149999618530273,20.43000030517578,4100,0.0,0.0,0.0
2026-07-28 00:00:00-04:00,19.209999084472656,19.600000381469727,19.110000610351562,19.440000534057617,16900,0.0,0.0,0.0
2026-07-29 00:00:00-04:00,18.989999771118164,19.389999389648438,18.600000381469727,18.690000534057617,12400,0.0,0.0,0.0
2026-07-30 00:00:00-04:00,19.31999969482422,19.920000076293945,19.170000076293945,19.920000076293945,61000,0.0,0.0,0.0
2026-07-31 00:00:00-04:00,20.530000686645508,20.530000686645508,19.829999923706055,19.84000015258789,21900,0.0,0.0,0.0
2026-08-03 00:00:00-04:00,19.649999618530273,20.18000030517578,19.649999618530273,20.110000610351562,5300,0.0,0.0,0.0
2026-08-04 00:00:00-04:00,21.0,21.290000915527344,20.899999618530273,21.139999389648438,31500,0.0,0.0,0.0
2026-08-05 00:00:00-04:00,21.229999542236328,21.34000015258789,21.1200008392334,21.200000762939453,57400,0.0,0.0,0.0
2026-08-06 00:00:00-04:00,20.6200008392334,21.030000686645508,20.579999923706055,20.649999618530273,3800,0.0,0.0,0.0
2026-08-07 00:00:00-04:00,20.979999542236328,20.989999771118164,20.68000030517578,20.889999389648438,7400,0.0,0.0,0.0
2026-08-10 00:00:00-04:00,20.81999969482422,20.81999969482422,20.65999984741211,20.770000457763672,22000,0.0,0.0,0.0
2026-08-11 00:00:00-04:00,20.889999389648438,21.18000030517578,20.84000015258789,20.93000030517578,13500,0.0,0.0,0.0
2026-08-12 00:00:00-04:00,21.6200008392334,21.729999542236328,21.6200008392334,21.65999984741211,7400,0.0,0.0,0.0
2026-08-13 00:00:00-04:00,21.84000015258789,22.18000030517578,21.84000015258789,22.040000915527344,24100,0.0,0.0,0.0
2026-08-14 00:00:00-04:00,22.170000076293945,22.309999465942383,22.020000457763672,22.100000381469727,9400,0.0,0.0,0.0
2026-08-17 00:00:00-04:00,22.59000015258789,23.040000915527344,22.59000015258789,22.65999984741211,13400,0.0,0.0,0.0
2026-08-18 00:00:00-04:00,21.829999923706055,21.829999923706055,21.399999618530273,21.420000076293945,59500,0.0,0.0,0.0
2026-08-19 00:00:00-04:00,21.950000762939453,21.950000762939453,21.549999237060547,21.59000015258789,240100,0.0,0.0,0.0
2026-08-20 00:00:00-04:00,22.0,22.0,21.8700008392334,21.940000534057617,3700,0.0,0.0,0.0
2026-08-21 00:00:00-04:00,22.209999084472656,22.31999969482422,22.110000610351562,22.190000534057617,12800,0.0,0.0,0.0
2026-08-24 00:00:00-04:00,21.860000610351562,21.860000610351562,21.56999969482422,21.690000534057617,16000,0.0,0.0,0.0
2026-08-25 00:00:00-04:00,22.06999969482422,22.229999542236328,21.959999084472656,22.110000610351562,109200,0.0,0.0,0.0
2026-08-26 00:00:00-04:00,22.34000015258789,22.3799991607666,22.15999984741211,22.219999313354492,45700,0.0,0.0,0.0
2026-08-27 00:00:00-04:00,22.489999771118164,22.510000228881836,22.350000381469727,22.43000030517578,143800,0.0,0.0,0.0
2026-08-28 00:00:00-04:00,22.549999237060547,22.549999237060547,22.15999984741211,22.239999771118164,3100,0.0,0.0,0.0
2026-08-31 00:00:00-04:00,22.270000457763672,22.270000457763672,22.1200008392334,22.18000030517578,54300,0.0,0.0,0.0
2026-09-01 00:00:00-04:00,22.190000534057617,22.200000762939453,21.81999969482422,21.920000076293945,25300,0.0,0.0,0.0
2026-09-02 00:00:00-04:00,21.969999313354492,22.1200008392334,21.950000762939453,22.09000015258789,35500,0.0,0.0,0.0
2026-09-03 00:00:00-04:00,22.100000381469727,22.25,22.100000381469727,22.25,2500,0.0,0.0,0.0
2026-09-04 00:00:00-04:00,22.600000381469727,22.850000381469727,22.579999923706055,22.850000381469727,3400,0.0,0.0,0.0
2026-09-08 00:00:00-04:00,23.229999542236328,23.280000686645508,23.1200008392334,23.149999618530273,6700,0.0,0.0,0.0
2026-09-09 00:00:00-04:00,23.280000686645508,23.309999465942383,23.139999389648438,23.260000228881836,203500,0.0,0.0,0.0
2026-09-10 00:00:00-04:00,22.700000762939453,22.700000762939453,22.459999084472656,22.489999771118164,3700,0.0,0.0,0.0
2026-09-11 00:00:00-04:00,23.020000457763672,23.020000457763672,22.809999465942383,22.850000381469727,2100,0.0,0.0,0.0
2026-09-14 00:00:00-04:00,21.729999542236328,21.860000610351562,21.559999465942383,21.739999771118164,16300,0.0,0.0,0.0
2026-09-15 00:00:00-04:00,21.799999237060547,21.799999237060547,21.649999618530273,21.690000534057617,5900,0.0,0.0,0.0
2026-09-16 00:00:00-04:00,21.989999771118164,22.1299991607666,21.520000457763672,21.690000534057617,27000,0.0,0.0,0.0
2026-09-17 00:00:00-04:00,22.200000762939453,22.329999923706055,22.200000762939453,22.280000686645508,2000,0.0,0.0,0.0
2026-09-18 00:00:00-04:00,22.200000762939453,22.299999237060547,22.170000076293945,22.299999237060547,1500,0.0,0.0,0.0
2026-09-21 00:00:00-04:00,22.829999923706055,23.0,22.975000381469727,23.0,1395,0.0,0.0,0.0
