Date,Open,High,Low,Close,Volume,Dividends,Stock Splits,Capital Gains
2021-09-28 00:00:00-04:00,99.17843663776934,99.17843663776934,98.04869218317215,98.37934875488281,421600,0.0,0.0,0.0
2021-09-29 00:00:00-04:00,98.7467568948672,98.78349729671507,97.90174166739641,97.95685577392578,507300,0.0,0.0,0.0
2021-09-30 00:00:00-04:00,98.28751937277374,98.52632149049467,97.63539296050699,97.79153442382812,538500,0.0,0.0,0.0
2021-10-01 00:00:00-04:00,97.97520723570129,98.27831024817661,97.26797388077293,98.01194763183594,467500,0.0,0.0,0.0
2021-10-04 00:00:00-04:00,97.47924643149736,97.57110094823663,96.20254713299806,96.64342498779297,532600,0.0,0.0,0.0
2021-10-05 00:00:00-04:00,96.72607834195036,97.45168552281649,96.58831059227313,97.1485824584961,344400,0.0,0.0,0.0
2021-10-06 00:00:00-04:00,95.52285623158734,96.5423795846603,95.23812688330183,96.49645233154297,558600,0.0,0.0,0.0
2021-10-07 00:00:00-04:00,96.92815805635836,97.681318872671,96.92815805635836,97.2955551147461,504000,0.0,0.0,0.0
2021-10-08 00:00:00-04:00,97.50678808531498,97.50678808531498,96.88221533317225,97.01080322265625,280000,0.0,0.0,0.0
2021-10-11 00:00:00-04:00,97.00163730011994,97.39658790518142,96.5699462890625,96.5699462890625,421900,0.0,0.0,0.0
2021-10-12 00:00:00-04:00,96.86386252951412,96.93734334150601,96.49646547707061,96.5699462890625,536800,0.0,0.0,0.0
2021-10-13 00:00:00-04:00,97.59864839848196,98.21403438007346,97.53435444529352,98.10381317138672,611900,0.0,0.0,0.0
2021-10-14 00:00:00-04:00,99.23354724364532,99.38968868372692,99.00392500557899,99.31620788574219,719300,0.0,0.0,0.0
2021-10-15 00:00:00-04:00,99.84893932486763,100.20714947776702,99.72953827640616,100.1244888305664,445500,0.0,0.0,0.0
2021-10-18 00:00:00-04:00,99.27947436192669,99.80301982818783,99.13251976329511,99.72035217285156,553200,0.0,0.0,0.0
2021-10-19 00:00:00-04:00,100.24389229049709,100.61128930442857,100.12449123916332,100.44596099853516,359300,0.0,0.0,0.0
2021-10-20 00:00:00-04:00,100.7858117427916,100.85928554487296,100.53781576228042,100.73069763183594,322700,0.0,0.0,0.0
2021-10-21 00:00:00-04:00,100.28064478634657,100.72152265773663,100.09694976098505,100.69396209716797,802200,0.0,0.0,0.0
2021-10-22 00:00:00-04:00,101.29096986552433,101.63081333187407,101.01542735897056,101.34607696533203,458400,0.0,0.0,0.0
2021-10-25 00:00:00-04:00,101.10728073804538,101.35526970910972,100.7582503989351,101.13483428955078,331600,0.0,0.0,0.0
2021-10-26 00:00:00-04:00,101.77777241113395,101.77777241113395,101.22668036626828,101.42874908447266,423500,0.0,0.0,0.0
2021-10-27 00:00:00-04:00,101.44712145641498,101.62163663326362,100.98787689208984,100.98787689208984,651800,0.0,0.0,0.0
2021-10-28 00:00:00-04:00,101.61244636018047,102.38398084618954,101.61244636018047,102.31968688964844,659800,0.0,0.0,0.0
2021-10-29 00:00:00-04:00,101.43791725500424,101.98900919837244,101.37362331173652,101.90634155273438,646400,0.0,0.0,0.0
2021-11-01 00:00:00-04:00,102.45745603087926,102.83403289637002,102.14516611088455,102.81566619873047,565600,0.0,0.0,0.0
2021-11-02 00:00:00-04:00,102.797293570729,103.08202994349033,102.73299961704393,102.86158752441406,728500,0.0,0.0,0.0
2021-11-03 00:00:00-04:00,103.05446852147158,103.93622417535332,102.7605523060161,103.83518981933594,466900,0.0,0.0,0.0
2021-11-04 00:00:00-04:00,103.82598741741838,104.19338438359397,103.57799148705628,104.17501068115234,517900,0.0,0.0,0.0
2021-11-05 00:00:00-04:00,104.05562762895707,104.17502868540629,103.72497100300409,104.15666198730469,438800,0.0,0.0,0.0
2021-11-08 00:00:00-05:00,104.35874111022407,104.43221491747254,104.09237841233939,104.19341278076172,471800,0.0,0.0,0.0
2021-11-09 00:00:00-05:00,104.42301146561017,104.47811856046818,103.81680539211386,104.08316802978516,517400,0.0,0.0,0.0
2021-11-10 00:00:00-05:00,103.34838742118502,103.50453588932271,102.2462033364789,102.33805084228516,1007300,0.0,0.0,0.0
2021-11-11 00:00:00-05:00,103.10039282665262,103.20142717977883,102.86158371858019,102.8891372680664,425200,0.0,0.0,0.0
2021-11-12 00:00:00-05:00,103.55044623848163,103.77088864035977,103.22897649513622,103.71577453613281,339900,0.0,0.0,0.0
2021-11-15 00:00:00-05:00,104.06482438145309,104.08319108130193,103.48617172723038,103.51372528076172,376800,0.0,0.0,0.0
2021-11-16 00:00:00-05:00,103.44941709704474,103.71577975708648,103.3943099975586,103.3943099975586,389400,0.0,0.0,0.0
2021-11-17 00:00:00-05:00,103.41267841121949,103.60556727765278,103.31165106298985,103.49534606933594,356500,0.0,0.0,0.0
2021-11-18 00:00:00-05:00,103.8260002400187,103.9913285448402,103.4310496789182,103.90866088867188,558100,0.0,0.0,0.0
2021-11-19 00:00:00-05:00,103.67903172584607,103.87191356736986,103.33919529400093,103.44940948486328,643700,0.0,0.0,0.0
2021-11-22 00:00:00-05:00,103.12795624969158,103.31165827637935,102.12680648242745,102.135986328125,583000,0.0,0.0,0.0
2021-11-23 00:00:00-05:00,101.62163306459877,101.83288864007665,100.76743792465031,101.35527038574219,783600,0.0,0.0,0.0
2021-11-24 00:00:00-05:00,99.8213899147942,100.71232541164495,99.65606160602276,100.65721130371094,805900,0.0,0.0,0.0
2021-11-26 00:00:00-05:00,99.408078827466,99.63770110350812,98.35181495616905,98.62735748291016,561900,0.0,0.0,0.0
2021-11-29 00:00:00-05:00,99.29785221607688,99.74790989055738,98.89371478979989,99.40807342529297,730400,0.0,0.0,0.0
2021-11-30 00:00:00-05:00,99.30703954758279,99.65606286717704,97.56190893458076,98.6089859008789,922600,0.0,0.0,0.0
2021-12-01 00:00:00-05:00,99.62849987257042,100.08774435837925,97.79152192933509,97.82826232910156,1347700,0.0,0.0,0.0
2021-12-02 00:00:00-05:00,98.17728836333703,98.86615511132986,97.94766611400608,98.54468536376953,1161700,0.0,0.0,0.0
2021-12-03 00:00:00-05:00,98.97639136981917,99.0223116221617,97.34148182708583,98.09464263916016,1009400,0.0,0.0,0.0
2021-12-06 00:00:00-05:00,98.55388432667093,98.85698040732247,98.08545291836828,98.73757934570312,1004400,0.0,0.0,0.0
2021-12-07 00:00:00-05:00,100.34492621056368,101.40118999323055,100.15204435577472,101.30015563964844,891000,0.0,0.0,0.0
2021-12-08 00:00:00-05:00,101.68591206808377,101.96146155948901,101.31851508204832,101.80531311035156,923400,0.0,0.0,0.0
2021-12-09 00:00:00-05:00,101.17157506691848,101.30934983246894,100.73988407170104,100.85010528564453,748300,0.0,0.0,0.0
2021-12-10 00:00:00-05:00,100.83173265438799,101.05216807710907,100.52862956844918,100.89602661132812,943700,0.0,0.0,0.0
2021-12-13 00:00:00-05:00,100.73982510169473,100.7767946909987,99.99121030916689,100.07438659667969,602600,0.681,0.0,0.0
2021-12-14 00:00:00-05:00,99.31651997739377,99.4828795908056,98.40154562924258,98.8913803100586,949600,0.0,0.0,0.0
2021-12-15 00:00:00-05:00,99.3535045566989,100.70286293522848,99.03002944048097,100.69361877441406,1423900,0.0,0.0,0.0
2021-12-16 00:00:00-05:00,101.02632445503544,101.11875194828313,99.97271590330685,100.38861846923828,1369300,0.0,0.0,0.0
2021-12-17 00:00:00-05:00,99.65849131412648,99.65849131412648,98.69730314342466,98.78047943115234,910200,0.0,0.0,0.0
2021-12-20 00:00:00-05:00,98.31836769457865,98.80820945351451,98.18897766051349,98.7435073852539,1245400,0.0,0.0,0.0
2021-12-21 00:00:00-05:00,99.33501949853826,99.8987863646046,98.95608648311163,99.8895492553711,693600,0.0,0.0,0.0
2021-12-22 00:00:00-05:00,99.88953986423647,101.02632470118446,99.83408195790719,100.952392578125,956100,0.0,0.0,0.0
2021-12-23 00:00:00-05:00,101.00785620691714,101.71950145855159,100.89694743146053,101.5069351196289,655000,0.0,0.0,0.0
2021-12-27 00:00:00-05:00,101.66404431345231,102.39417784148722,101.66404431345231,102.35720825195312,629500,0.0,0.0,0.0
2021-12-28 00:00:00-05:00,102.56978141897171,102.71765272557714,102.34796388222128,102.38493347167969,604500,0.0,0.0,0.0
2021-12-29 00:00:00-05:00,102.31098400387417,102.505076091819,102.00599726116262,102.37567901611328,750700,0.0,0.0,0.0
2021-12-30 00:00:00-05:00,102.38957468103199,102.50060168813515,102.03797033402066,102.07498168945312,533400,0.125,0.0,0.0
2021-12-31 00:00:00-05:00,102.21376588180692,102.57461774988948,101.94543886671075,102.0472183227539,515600,0.0,0.0,0.0
2022-01-03 00:00:00-05:00,102.52835954099028,102.52835954099028,101.82516495780432,102.269287109375,1285000,0.0,0.0,0.0
2022-01-04 00:00:00-05:00,102.67640904397437,102.67640904397437,101.80665979539857,102.15826416015625,1617200,0.0,0.0,0.0
2022-01-05 00:00:00-05:00,102.26928286370382,102.29703961462539,100.74259803027144,100.7981185913086,1221000,0.0,0.0,0.0
2022-01-06 00:00:00-05:00,99.59526915961507,99.84509402344332,99.0123562426719,99.34545135498047,1038000,0.0,0.0,0.0
2022-01-07 00:00:00-05:00,98.95683935424613,99.28993447890734,98.35542426840212,98.99385070800781,903300,0.0,0.0,0.0
2022-01-10 00:00:00-05:00,97.28213384215802,97.37465871375716,96.38462776333652,97.31914520263672,1362500,0.0,0.0,0.0
2022-01-11 00:00:00-05:00,97.36540337440027,98.35543424557368,96.9952968584338,98.23514556884766,813400,0.0,0.0,0.0
2022-01-12 00:00:00-05:00,99.0123695012645,99.27144194348678,98.79955596132784,99.16966247558594,1043700,0.0,0.0,0.0
2022-01-13 00:00:00-05:00,99.07714155501887,99.07714155501887,97.38390894985498,97.44867706298828,1018400,0.0,0.0,0.0
2022-01-14 00:00:00-05:00,96.88424798516277,97.41164739560749,96.33834642838386,96.84723663330078,779900,0.0,0.0,0.0
2022-01-18 00:00:00-05:00,95.6721639368838,95.77394339792258,93.77537259119123,95.01522827148438,1014600,0.0,0.0,0.0
2022-01-19 00:00:00-05:00,95.7276916365433,96.0607868203985,95.01524236280561,95.05225372314453,707600,0.0,0.0,0.0
2022-01-20 00:00:00-05:00,95.903481808154,96.4863947772124,94.93195313386238,94.9504623413086,975900,0.0,0.0,0.0
2022-01-21 00:00:00-05:00,94.79315845833194,94.91344712425575,93.61807796429774,93.68284606933594,928600,0.0,0.0,0.0
2022-01-24 00:00:00-05:00,91.81382209724966,92.68356424703012,89.88001935671537,92.65580749511719,1326500,0.0,0.0,0.0
2022-01-25 00:00:00-05:00,90.92555994166399,91.89708857382938,90.2778788930164,91.15687561035156,849400,0.0,0.0,0.0
2022-01-26 00:00:00-05:00,92.35972645818947,92.58178753929617,90.32415125312328,90.74051666259766,1057200,0.0,0.0,0.0
2022-01-27 00:00:00-05:00,90.27789114478806,90.66649982671538,89.49141917635562,89.64871215820312,11681700,0.0,0.0,0.0
2022-01-28 00:00:00-05:00,89.10280400535447,90.3241505304614,88.5476407182377,90.29638671875,3855100,0.0,0.0,0.0
2022-01-31 00:00:00-05:00,90.75901717107054,92.48926100554225,90.74976962645432,92.39673614501953,1024900,0.0,0.0,0.0
2022-02-01 00:00:00-05:00,93.10918528005269,93.16470584368835,92.16542040857868,93.08142852783203,1423400,0.0,0.0,0.0
2022-02-02 00:00:00-05:00,94.25651805183247,94.4045564197446,93.58107314424883,93.94192504882812,1384200,0.0,0.0,0.0
2022-02-03 00:00:00-05:00,92.42449882681017,92.65581452255435,91.40671117737473,91.52699279785156,1299200,0.0,0.0,0.0
2022-02-04 00:00:00-05:00,91.63803426028208,92.25795868064334,91.18465743665023,91.76757049560547,794900,0.0,0.0,0.0
2022-02-07 00:00:00-05:00,91.73054823939306,92.1839250091775,91.54549851353663,91.63802337646484,865300,0.0,0.0,0.0
2022-02-08 00:00:00-05:00,91.22164100006816,91.86932908863177,90.90705508842962,91.7120361328125,657100,0.0,0.0,0.0
2022-02-09 00:00:00-05:00,93.39600597819637,93.83088051511774,93.32198327846652,93.78461456298828,793900,0.0,0.0,0.0
2022-02-10 00:00:00-05:00,92.03588119041723,93.54405683850457,91.81382012069997,92.02662658691406,781700,0.0,0.0,0.0
2022-02-11 00:00:00-05:00,92.15615860124962,92.27644726372904,89.82449982744566,90.09282684326172,946900,0.0,0.0,0.0
2022-02-14 00:00:00-05:00,89.77825072330297,90.0280756390437,88.97327658394872,89.57469177246094,1068200,0.0,0.0,0.0
2022-02-15 00:00:00-05:00,91.23089815198608,91.91559055347699,91.01809169033065,91.85082244873047,730400,0.0,0.0,0.0
2022-02-16 00:00:00-05:00,91.3789455255745,92.27645146714084,91.1568773966631,92.02662658691406,842400,0.0,0.0,0.0
2022-02-17 00:00:00-05:00,91.47147198727434,91.50848334274203,90.3148936008878,90.37040710449219,649300,0.0,0.0,0.0
2022-02-18 00:00:00-05:00,90.40742063125664,90.56471360137627,89.54692600875096,89.85226440429688,736800,0.0,0.0,0.0
2022-02-22 00:00:00-05:00,89.1583188038011,89.75974100077276,88.28856956328224,88.8899917602539,916600,0.0,0.0,0.0
2022-02-23 00:00:00-05:00,89.94478426350408,89.94478426350408,87.76116377426456,87.93696594238281,567400,0.0,0.0,0.0
2022-02-24 00:00:00-05:00,84.53200109044636,88.09426108429915,84.53200109044636,87.87220001220703,1962100,0.0,0.0,0.0
2022-02-25 00:00:00-05:00,88.66792623509679,89.99105217846291,88.39959920499382,89.93553161621094,925900,0.0,0.0,0.0
2022-02-28 00:00:00-05:00,88.51988082965462,89.963295442149,88.27931761023406,88.7974624633789,1342300,0.0,0.0,0.0
2022-03-01 00:00:00-05:00,88.57539221613489,88.74193976727747,86.55831945638289,86.9931869506836,787500,0.0,0.0,0.0
2022-03-02 00:00:00-05:00,87.34480055399189,88.18678594273801,87.150496233512,87.87220001220703,849100,0.0,0.0,0.0
2022-03-03 00:00:00-05:00,87.65014485289407,87.68714915141052,85.855132829475,86.095703125,1525600,0.0,0.0,0.0
2022-03-04 00:00:00-05:00,83.80104413833891,84.05086196630677,82.922047379377,83.69001007080078,1377200,0.0,0.0,0.0
2022-03-07 00:00:00-05:00,82.96830447889099,83.24588611211398,80.40532991013458,80.77543640136719,1265100,0.0,0.0,0.0
2022-03-08 00:00:00-05:00,81.33985604415581,82.98682269681659,79.97046399566324,81.19181060791016,1402900,0.0,0.0,0.0
2022-03-09 00:00:00-05:00,83.97684268086195,85.49427290893198,83.347663777087,84.9483642578125,1625500,0.0,0.0,0.0
2022-03-10 00:00:00-05:00,83.47720235477297,84.18965153140854,83.05158235767722,83.50495910644531,1212500,0.0,0.0,0.0
2022-03-11 00:00:00-05:00,84.14340090351811,84.3006938845871,82.2466093485736,82.3391342163086,18167600,0.0,0.0,0.0
2022-03-14 00:00:00-04:00,83.62522894350835,84.34693968135366,82.89427066253697,83.16259765625,2778600,0.0,0.0,0.0
2022-03-15 00:00:00-04:00,83.45869100646841,84.18040182740553,83.1348504799419,84.02310180664062,2047800,0.0,0.0,0.0
2022-03-16 00:00:00-04:00,86.03093447481531,87.74266916786156,85.4017555160573,87.71491241455078,1130300,0.0,0.0,0.0
2022-03-17 00:00:00-04:00,87.49284857075826,88.8159746641082,87.46509181608297,88.49213409423828,1350300,0.0,0.0,0.0
2022-03-18 00:00:00-04:00,87.94622878008065,90.09283811600696,87.8444493110294,89.97254943847656,814000,0.0,0.0,0.0
2022-03-21 00:00:00-04:00,89.2600991415711,89.52842618773643,88.40885910082257,88.87149047851562,852900,0.0,0.0,0.0
2022-03-22 00:00:00-04:00,89.07504537452898,89.83376057729748,88.99177511213487,89.69497680664062,1278600,0.0,0.0,0.0
2022-03-23 00:00:00-04:00,88.58465905163968,88.94551098116983,88.24231633137491,88.26081848144531,770900,0.0,0.0,0.0
2022-03-24 00:00:00-04:00,88.74194999246238,89.2415856442666,88.37184349625673,89.22308349609375,953600,0.0,0.0,0.0
2022-03-25 00:00:00-04:00,89.08429289091448,89.30635396549185,88.3255777485137,88.98251342773438,422900,0.0,0.0,0.0
2022-03-28 00:00:00-04:00,88.38109427847287,88.94550511754423,88.09426508652315,88.89924621582031,668400,0.0,0.0,0.0
2022-03-29 00:00:00-04:00,91.32342950292686,91.66577925761928,90.44443272467684,91.2031478881836,834800,0.0,0.0,0.0
2022-03-30 00:00:00-04:00,90.74976900702872,91.05510739794448,90.27788304463111,90.58322143554688,1378700,0.0,0.0,0.0
2022-03-31 00:00:00-04:00,89.9633011855573,90.34265524605861,88.97327031555362,89.07504272460938,677000,0.0,0.0,0.0
2022-04-01 00:00:00-04:00,89.5006639913369,89.75048181405224,89.06578939328229,89.71347045898438,496700,0.0,0.0,0.0
2022-04-04 00:00:00-04:00,89.86152111074784,90.6479930389421,89.6209508183985,90.4721908569336,472600,0.0,0.0,0.0
2022-04-05 00:00:00-04:00,90.28713013260383,90.38890958776999,89.05652912682665,89.4358901977539,931400,0.0,0.0,0.0
2022-04-06 00:00:00-04:00,88.01098894690381,88.3625862251285,87.2985327278562,87.91845703125,1887700,0.0,0.0,0.0
2022-04-07 00:00:00-04:00,88.00172522002818,88.473611116003,87.42805987474128,88.20528411865234,556800,0.0,0.0,0.0
2022-04-08 00:00:00-04:00,87.64088796697916,88.18678959581803,87.36330632096974,87.75191497802734,654700,0.0,0.0,0.0
2022-04-11 00:00:00-04:00,86.86367125432281,87.15050752961433,86.33627172774824,86.39179229736328,717900,0.0,0.0,0.0
2022-04-12 00:00:00-04:00,86.428792940631,86.79889237646677,85.38324156273163,85.56829833984375,645600,0.0,0.0,0.0
2022-04-13 00:00:00-04:00,85.68857467950204,86.72487139000022,85.52202711994329,86.63233947753906,654100,0.0,0.0,0.0
2022-04-14 00:00:00-04:00,86.86365601737627,86.95618793077173,85.92914581298828,85.92914581298828,711500,0.0,0.0,0.0
2022-04-18 00:00:00-04:00,85.27220298928195,85.87361802053589,85.05938948926773,85.21668243408203,725700,0.0,0.0,0.0
2022-04-19 00:00:00-04:00,84.42096140744947,85.62380566470028,84.42096140744947,85.51277160644531,850300,0.0,0.0,0.0
2022-04-20 00:00:00-04:00,86.04018169206172,86.5213222782647,85.85513196456496,86.11420440673828,621800,0.0,0.0,0.0
2022-04-21 00:00:00-04:00,87.2707900894668,87.36331496088883,85.04091033365668,85.20745086669922,807300,0.0,0.0,0.0
2022-04-22 00:00:00-04:00,85.19820587018688,85.29998534955499,83.8935818487569,83.995361328125,756600,0.0,0.0,0.0
2022-04-25 00:00:00-04:00,83.26438746124336,83.84730747358057,82.70923125931742,83.78253936767578,986500,0.0,0.0,0.0
2022-04-26 00:00:00-04:00,82.9960601283213,83.01456933519395,81.03450775146484,81.03450775146484,1096800,0.0,0.0,0.0
2022-04-27 00:00:00-04:00,81.52490249237445,82.19109281022263,80.96974624723252,81.5156478881836,1510200,0.0,0.0,0.0
2022-04-28 00:00:00-04:00,81.98752787322167,83.00531542469776,81.26582410143307,82.8480224609375,831600,0.0,0.0,0.0
2022-04-29 00:00:00-04:00,82.98682267151591,83.66226056139472,81.63593983256335,81.64518737792969,1043000,0.0,0.0,0.0
2022-05-02 00:00:00-04:00,81.31207589541931,81.7932164073649,80.47009058830481,81.45086669921875,1022000,0.0,0.0,0.0
2022-05-03 00:00:00-04:00,81.65443304197498,81.95051682276225,81.32133790619002,81.69144439697266,977000,0.0,0.0,0.0
2022-05-04 00:00:00-04:00,81.60816587013194,83.2551393766688,80.52561022452267,83.09783935546875,860600,0.0,0.0,0.0
2022-05-05 00:00:00-04:00,81.81172629527744,82.01528521888656,79.55409010599837,80.08148956298828,975500,0.0,0.0,0.0
2022-05-06 00:00:00-04:00,79.17473516725144,79.48007357640938,78.3049859020845,78.73986053466797,1277700,0.0,0.0,0.0
2022-05-09 00:00:00-04:00,77.27793917744805,77.27793917744805,75.8807975545115,76.1213607788086,1002400,0.0,0.0,0.0
2022-05-10 00:00:00-04:00,77.65729890253671,77.7313216129427,76.33417295560511,76.8523178100586,1430000,0.0,0.0,0.0
2022-05-11 00:00:00-04:00,77.08363367646187,78.00889638124406,76.11211207195711,76.15837097167969,902200,0.0,0.0,0.0
2022-05-12 00:00:00-04:00,75.66797744551133,76.99110330090701,75.36263908060607,76.09359741210938,998300,0.0,0.0,0.0
2022-05-13 00:00:00-04:00,77.47224545989503,78.63807132634808,77.36121139962596,78.57330322265625,993700,0.0,0.0,0.0
2022-05-16 00:00:00-04:00,78.16620874599298,78.7953877669399,77.76834543775895,78.31424713134766,993300,0.0,0.0,0.0
2022-05-17 00:00:00-04:00,79.88718268165464,79.97046000018086,79.21174482531612,79.94270324707031,932600,0.0,0.0,0.0
2022-05-18 00:00:00-04:00,79.07296269204801,79.10997405332846,77.53703002448428,77.62030029296875,1393900,0.0,0.0,0.0
2022-05-19 00:00:00-04:00,77.4537424040163,78.91565921394114,77.41673104765428,78.39751434326172,1035200,0.0,0.0,0.0
2022-05-20 00:00:00-04:00,79.36903379283191,79.4245472962509,77.84234891606185,78.91565704345703,959200,0.0,0.0,0.0
2022-05-23 00:00:00-04:00,79.66512152266654,80.28504587220105,79.4338058347034,80.17401885986328,1413500,0.0,0.0,0.0
2022-05-24 00:00:00-04:00,79.88718611345456,79.89644071795384,79.23025037790418,79.60961151123047,830400,0.0,0.0,0.0
2022-05-25 00:00:00-04:00,78.87864109603342,79.9334399547522,78.85088434593985,79.51707458496094,809000,0.0,0.0,0.0
2022-05-26 00:00:00-04:00,79.52633414622838,80.71992399497434,79.47082063765248,80.51636505126953,860300,0.0,0.0,0.0
2022-05-27 00:00:00-04:00,81.23808070188663,81.98754134819868,81.23808070188663,81.97828674316406,594600,0.0,0.0,0.0
2022-05-31 00:00:00-04:00,81.95975639175276,82.46864654643404,81.61740671521989,81.90423583984375,844600,0.0,0.0,0.0
2022-06-01 00:00:00-04:00,82.20033711245705,82.3021165769573,80.4701003343416,80.701416015625,887700,0.0,0.0,0.0
2022-06-02 00:00:00-04:00,81.33984672525223,82.63520884802062,81.10853105201585,82.62596130371094,701600,0.0,0.0,0.0
2022-06-03 00:00:00-04:00,81.46012782934936,81.6636867500073,80.96048513115096,81.2565689086914,785900,0.0,0.0,0.0
2022-06-06 00:00:00-04:00,82.3298823106187,82.41315256941157,81.34909899882621,81.5619125366211,644700,0.0,0.0,0.0
2022-06-07 00:00:00-04:00,80.38682719186207,81.5619148669394,80.38682719186207,81.4878921508789,786900,0.0,0.0,0.0
2022-06-08 00:00:00-04:00,80.87722358596619,81.19180954507776,80.45159649192902,80.54412841796875,582700,0.0,0.0,0.0
2022-06-09 00:00:00-04:00,79.97579698854825,80.31230162331653,78.68586730957031,78.68586730957031,782500,0.882,0.0,0.0
2022-06-10 00:00:00-04:00,77.49876302814944,77.49876302814944,76.63880273143258,76.86314392089844,965200,0.0,0.0,0.0
2022-06-13 00:00:00-04:00,74.86279705799915,75.1338706087353,73.98415248233555,74.15240478515625,1234900,0.0,0.0,0.0
2022-06-14 00:00:00-04:00,73.96546494611128,74.12437507317057,72.6287956535967,73.23637390136719,1700000,0.0,0.0,0.0
2022-06-15 00:00:00-04:00,74.15241519626689,75.09649095938542,73.04942930768138,74.63847351074219,1243900,0.0,0.0,0.0
2022-06-16 00:00:00-04:00,72.86248016357422,73.39527802224443,72.45120223519193,72.86248016357422,936000,0.0,0.0,0.0
2022-06-17 00:00:00-04:00,73.06812514256022,73.39528048227909,72.46054686510999,72.91857147216797,947800,0.0,0.0,0.0
2022-06-21 00:00:00-04:00,73.94677774497332,74.44218542586574,73.8252649408804,73.8626480102539,1858400,0.0,0.0,0.0
2022-06-22 00:00:00-04:00,73.22701926779747,74.46087433906007,73.1055064796204,73.7037353515625,1183200,0.0,0.0,0.0
2022-06-23 00:00:00-04:00,73.77852895539705,74.18046471928378,73.3392029888869,74.1617660522461,1094100,0.0,0.0,0.0
2022-06-24 00:00:00-04:00,75.36756673200743,76.79771511394304,75.36756673200743,76.7322769165039,778600,0.0,0.0,0.0
2022-06-27 00:00:00-04:00,76.62946969530084,76.93792638766817,76.28361566876538,76.4051284790039,808700,0.0,0.0,0.0
2022-06-28 00:00:00-04:00,76.96594851672974,77.04072890395409,75.37690451118858,75.40494537353516,1253200,0.0,0.0,0.0
2022-06-29 00:00:00-04:00,75.6666767678173,75.84427842144274,75.13387893839186,75.38626098632812,637200,0.0,0.0,0.0
2022-06-30 00:00:00-04:00,74.11501703447003,75.33016625581806,73.90002520043942,75.2366943359375,800400,0.0,0.0,0.0
2022-07-01 00:00:00-04:00,74.15241954652427,75.36756896972656,74.15241954652427,75.36756896972656,702000,0.0,0.0,0.0
2022-07-05 00:00:00-04:00,73.18029261779226,74.37675045562561,73.18029261779226,74.36740112304688,707600,0.0,0.0,0.0
2022-07-06 00:00:00-04:00,74.70390669229717,75.16193128537411,74.40479222919147,74.90019989013672,971300,0.0,0.0,0.0
2022-07-07 00:00:00-04:00,75.26473113467254,75.93774033179257,75.21799874298087,75.92839813232422,866600,0.0,0.0,0.0
2022-07-08 00:00:00-04:00,75.32082794470526,76.10600066998136,75.20865735618693,75.84427642822266,798300,0.0,0.0,0.0
2022-07-11 00:00:00-04:00,75.00302335521475,75.1993165588115,74.59174541353886,74.6478271484375,916200,0.0,0.0,0.0
2022-07-12 00:00:00-04:00,74.67586857911682,75.37691879644345,74.53565710936118,74.76934051513672,936600,0.0,0.0,0.0
2022-07-13 00:00:00-04:00,73.7224392621112,75.16192981624941,73.57287846775601,74.86280822753906,1053600,0.0,0.0,0.0
2022-07-14 00:00:00-04:00,73.554183618476,74.39543808872223,73.07746752227251,74.25523376464844,587200,0.0,0.0,0.0
2022-07-15 00:00:00-04:00,75.24604679040849,75.56385275748283,74.544996665032,75.51712036132812,801400,0.0,0.0,0.0
2022-07-18 00:00:00-04:00,76.47988997486311,76.62010141751857,75.47037614548408,75.5918960571289,780300,0.0,0.0,0.0
2022-07-19 00:00:00-04:00,77.06877049102982,77.70438952551349,76.919216846625,77.64830780029297,1628400,0.0,0.0,0.0
2022-07-20 00:00:00-04:00,77.52679433312493,77.91938066909852,77.05942760988488,77.4239730834961,1259100,0.0,0.0,0.0
2022-07-21 00:00:00-04:00,77.82590819750517,78.8260726928711,77.63895723066797,78.8260726928711,16296900,0.0,0.0,0.0
2022-07-22 00:00:00-04:00,79.07846313121159,79.6486512121305,78.2465507767138,78.53631591796875,2807200,0.0,0.0,0.0
2022-07-25 00:00:00-04:00,79.01302937374054,79.01302937374054,78.42414977822963,78.7699966430664,1861600,0.0,0.0,0.0
2022-07-26 00:00:00-04:00,78.03156294766401,78.19046594583864,77.60157922214835,77.63896942138672,1382300,0.0,0.0,0.0
2022-07-27 00:00:00-04:00,78.40544329520759,79.64864055989314,78.16241772021618,79.57386016845703,1323600,0.0,0.0,0.0
2022-07-28 00:00:00-04:00,79.40560763164011,80.47120324655091,79.11584252994788,80.37773132324219,1306200,0.0,0.0,0.0
2022-07-29 00:00:00-04:00,80.44316235084206,81.42463537382146,80.20947897693749,81.38724517822266,1118300,0.0,0.0,0.0
2022-08-01 00:00:00-04:00,81.40593827003089,81.93874321893439,81.11617316290153,81.52745819091797,938200,0.0,0.0,0.0
2022-08-02 00:00:00-04:00,80.63012084262132,81.04139876963323,80.15340471862548,80.1720962524414,1011300,0.0,0.0,0.0
2022-08-03 00:00:00-04:00,80.36838794512084,80.8170560230077,79.95710293084915,80.6488037109375,740900,0.0,0.0,0.0
2022-08-04 00:00:00-04:00,80.9666241778934,81.53681222454027,80.90119311343152,81.45268249511719,703400,0.0,0.0,0.0
2022-08-05 00:00:00-04:00,80.03188683951323,80.48990426916546,79.73277239728819,80.33100128173828,506400,0.0,0.0,0.0
2022-08-08 00:00:00-04:00,80.84510240169935,81.26573677629578,80.21883263738913,80.3870849609375,673500,0.0,0.0,0.0
2022-08-09 00:00:00-04:00,80.31230206145942,80.31230206145942,79.57386172732551,79.71407318115234,888100,0.0,0.0,0.0
2022-08-10 00:00:00-04:00,81.53681296691272,82.02287128856196,81.21899984273915,81.77983856201172,665200,0.0,0.0,0.0
2022-08-11 00:00:00-04:00,82.12568912359559,82.49023463247515,81.53680956266342,81.68636322021484,718500,0.0,0.0,0.0
2022-08-12 00:00:00-04:00,81.70507192572495,82.35938262939453,81.57420265353922,82.35938262939453,563400,0.0,0.0,0.0
2022-08-15 00:00:00-04:00,81.90134547623455,82.21915141845498,81.82656509049441,82.14437103271484,786600,0.0,0.0,0.0
2022-08-16 00:00:00-04:00,81.34050126384619,81.901347036129,81.21898848329171,81.7704849243164,1077800,0.0,0.0,0.0
2022-08-17 00:00:00-04:00,81.12552416293907,81.68636285629745,80.74227999141611,81.27507781982422,489800,0.0,0.0,0.0
2022-08-18 00:00:00-04:00,80.99465638943364,81.13486783585611,80.60207004461105,80.81705474853516,573700,0.0,0.0,0.0
2022-08-19 00:00:00-04:00,80.24687198891112,80.24687198891112,79.53647251050263,79.73277282714844,486700,0.0,0.0,0.0
2022-08-22 00:00:00-04:00,78.80738487001744,78.86347373350843,77.94743169863469,78.09699249267578,749200,0.0,0.0,0.0
2022-08-23 00:00:00-04:00,77.66700851476963,78.50827014979834,77.5454957186076,77.78852844238281,681900,0.0,0.0,0.0
2022-08-24 00:00:00-04:00,77.78852012509958,78.43348849823563,77.63895934755192,78.07828521728516,449900,0.0,0.0,0.0
2022-08-25 00:00:00-04:00,78.28394193445062,79.18128536831311,78.22786019841287,79.17193603515625,457900,0.0,0.0,0.0
2022-08-26 00:00:00-04:00,79.05041836066535,79.09715789211891,76.62011248555555,76.69489288330078,464900,0.0,0.0,0.0
2022-08-29 00:00:00-04:00,76.23685837423034,76.56402078892593,76.01252434164076,76.2275161743164,759400,0.0,0.0,0.0
2022-08-30 00:00:00-04:00,76.89118043180392,76.98465235639512,75.58255209317488,75.741455078125,1139700,0.0,0.0,0.0
2022-08-31 00:00:00-04:00,75.94710245534587,76.29295644308033,75.24605227883498,75.25540161132812,1015300,0.0,0.0,0.0
2022-09-01 00:00:00-04:00,74.04024708610096,74.24588961770523,73.32050535693736,74.19915008544922,933400,0.0,0.0,0.0
2022-09-02 00:00:00-04:00,74.63847781371476,75.18997435552733,73.1989871892542,73.43267059326172,932100,0.0,0.0,0.0
2022-09-06 00:00:00-04:00,73.87198344934295,74.00284556189224,73.02137971777249,73.2831039428711,803300,0.0,0.0,0.0
2022-09-07 00:00:00-04:00,72.81574366062884,74.20849462825346,72.81574366062884,74.17110443115234,1072700,0.0,0.0,0.0
2022-09-08 00:00:00-04:00,73.42332806979549,74.34871234880119,73.17094600096115,74.23654174804688,696800,0.0,0.0,0.0
2022-09-09 00:00:00-04:00,75.64798917095227,76.15274616163654,75.60124963921342,76.09666442871094,624400,0.0,0.0,0.0
2022-09-12 00:00:00-04:00,76.8818451014427,77.33986260736815,76.62947014593948,77.02205657958984,898800,0.0,0.0,0.0
2022-09-13 00:00:00-04:00,75.60124989718857,75.86298129178748,74.0122056529631,74.07763671875,935600,0.0,0.0,0.0
2022-09-14 00:00:00-04:00,74.23654466979616,74.58239868714521,73.84395824888217,74.31132507324219,644600,0.0,0.0,0.0
2022-09-15 00:00:00-04:00,73.79722045854538,74.23654642486242,73.23638168234463,73.44202423095703,749400,0.0,0.0,0.0
2022-09-16 00:00:00-04:00,72.54466550870323,72.98399138264277,72.29228347703776,72.7222671508789,922800,0.0,0.0,0.0
2022-09-19 00:00:00-04:00,72.058605033068,73.00268790340814,71.93709224043054,72.9559555053711,885600,0.0,0.0,0.0
2022-09-20 00:00:00-04:00,71.76884443666921,71.96513763626517,71.09583510579661,71.56320190429688,890500,0.0,0.0,0.0
2022-09-21 00:00:00-04:00,71.47908683754072,72.24556818261004,70.7126054924714,70.74064636230469,1120700,0.0,0.0,0.0
2022-09-22 00:00:00-04:00,70.7967238162285,70.7967238162285,69.74047737155311,70.11437225341797,961800,0.0,0.0,0.0
2022-09-23 00:00:00-04:00,68.72159869029223,68.8805087934204,67.70274267387983,68.28227996826172,1558800,0.0,0.0,0.0
2022-09-26 00:00:00-04:00,67.79622593377053,68.51597478947616,67.27277740704011,67.67471313476562,2062400,0.0,0.0,0.0
2022-09-27 00:00:00-04:00,67.95513433485945,68.28229682152859,66.81476525830962,67.20735168457031,1325300,0.0,0.0,0.0
2022-09-28 00:00:00-04:00,67.43167735161437,69.29179510896721,67.24473349523404,69.12354278564453,1270300,0.0,0.0,0.0
2022-09-29 00:00:00-04:00,68.03926612954217,68.12338873851878,67.26343545553691,68.08599853515625,1226300,0.0,0.0,0.0
2022-09-30 00:00:00-04:00,67.94578445274914,68.8057376125316,67.75883346271964,67.82426452636719,1448200,0.0,0.0,0.0
2022-10-03 00:00:00-04:00,68.45054014483924,69.413314548218,68.17946656296886,69.10485076904297,1227900,0.0,0.0,0.0
2022-10-04 00:00:00-04:00,71.08649051628261,72.19881860995703,71.06779185135801,72.1053466796875,1265400,0.0,0.0,0.0
2022-10-05 00:00:00-04:00,70.85280011464236,71.97447742979931,70.64715760952515,71.60993194580078,950100,0.0,0.0,0.0
2022-10-06 00:00:00-04:00,70.82475055406327,71.30146661161726,70.37608249050092,70.460205078125,1262500,0.0,0.0,0.0
2022-10-07 00:00:00-04:00,69.96480184321976,69.9741511751321,68.69356369826771,68.9459457397461,1271700,0.0,0.0,0.0
2022-10-10 00:00:00-04:00,69.06747345791361,69.06747345791361,67.96448739171699,68.43185424804688,1126900,0.0,0.0,0.0
2022-10-11 00:00:00-04:00,67.95511832049841,68.73094878821779,67.40362901330406,67.59992218017578,1768000,0.0,0.0,0.0
2022-10-12 00:00:00-04:00,67.50647637963071,67.88971353042534,67.33822400986763,67.48777770996094,1026700,0.0,0.0,0.0
2022-10-13 00:00:00-04:00,65.77720348268326,68.87116929824352,65.6276426893088,68.54401397705078,1737700,0.0,0.0,0.0
2022-10-14 00:00:00-04:00,69.11419922388876,69.15158942071876,67.47841555269329,67.56253814697266,1166600,0.0,0.0,0.0
2022-10-17 00:00:00-04:00,69.01137619458675,69.63764592965427,68.96463666688591,69.33853149414062,1335200,0.0,0.0,0.0
2022-10-18 00:00:00-04:00,70.5163035874254,70.6938981183145,69.54417980803545,70.002197265625,849000,0.0,0.0,0.0
2022-10-19 00:00:00-04:00,69.16093516993186,69.45070742736962,68.44119345551483,68.87117004394531,667300,0.0,0.0,0.0
2022-10-20 00:00:00-04:00,68.77768735365704,69.61894886526778,68.38510102538874,68.59073638916016,10176700,0.0,0.0,0.0
2022-10-21 00:00:00-04:00,67.87100844073137,69.76851654052734,67.68406457007768,69.76851654052734,2453200,0.0,0.0,0.0
2022-10-24 00:00:00-04:00,69.5348373509109,69.97416331817081,69.01138877619373,69.675048828125,1601100,0.0,0.0,0.0
2022-10-25 00:00:00-04:00,70.19848287988648,71.71275368390648,70.19848287988648,71.62862396240234,1530100,0.0,0.0,0.0
2022-10-26 00:00:00-04:00,71.5538527319879,72.88117259886897,71.47907233996484,72.28294372558594,1208700,0.0,0.0,0.0
2022-10-27 00:00:00-04:00,71.86230606178695,72.38576165040709,71.22668702174494,71.28277587890625,1259300,0.0,0.0,0.0
2022-10-28 00:00:00-04:00,71.22669484596133,72.1053466796875,70.97431992108847,72.1053466796875,1014400,0.0,0.0,0.0
2022-10-31 00:00:00-04:00,71.15192275538668,71.40429768442644,71.02106062455847,71.21735382080078,1450400,0.0,0.0,0.0
2022-11-01 00:00:00-04:00,72.63814080530554,72.75031139475277,71.40429284718917,71.70340728759766,1215000,0.0,0.0,0.0
2022-11-02 00:00:00-04:00,71.82492003999022,72.83443395013462,70.59107208251953,70.59107208251953,1187200,0.0,0.0,0.0
2022-11-03 00:00:00-04:00,69.57222002203628,70.21718846852868,69.37592682776712,69.77786254882812,1666000,0.0,0.0,0.0
2022-11-04 00:00:00-04:00,71.80623023646854,72.67553271367146,71.46972559165121,72.56336212158203,1094600,0.0,0.0,0.0
2022-11-07 00:00:00-05:00,72.92791269327773,73.20833562723918,72.53532629089287,72.89987182617188,1771600,0.0,0.0,0.0
2022-11-08 00:00:00-05:00,73.5074561572043,74.4795800419311,73.33920380924289,73.97482299804688,742900,0.0,0.0,0.0
2022-11-09 00:00:00-05:00,73.56354205522791,74.05895692495086,73.01205257495015,73.05879211425781,802400,0.0,0.0,0.0
2022-11-10 00:00:00-05:00,76.45186242622651,77.82592196692332,76.09666622356772,77.77918243408203,1507000,0.0,0.0,0.0
2022-11-11 00:00:00-05:00,78.64847271719387,79.74210915333559,78.32131743263656,79.58320617675781,930800,0.0,0.0,0.0
2022-11-14 00:00:00-05:00,78.97563958937512,79.34953445435013,78.62044338994713,78.66718292236328,1548400,0.0,0.0,0.0
2022-11-15 00:00:00-05:00,79.88232544049039,80.27491180575511,78.39610257279503,79.09715270996094,1329000,0.0,0.0,0.0
2022-11-16 00:00:00-05:00,79.1812870946095,79.34953943784265,78.66718786300119,78.90087127685547,1723100,0.0,0.0,0.0
2022-11-17 00:00:00-05:00,77.81657248571899,78.84477802320397,77.76983295296681,78.7886962890625,1902700,0.0,0.0,0.0
2022-11-18 00:00:00-05:00,79.06910011307575,79.36822166705359,78.55500098793964,78.77933502197266,952800,0.0,0.0,0.0
2022-11-21 00:00:00-05:00,78.10633810129139,78.44284277111349,77.91939423203533,78.19046783447266,1000900,0.0,0.0,0.0
2022-11-22 00:00:00-05:00,78.41479885211946,79.17193076402735,78.27458738990842,79.12519836425781,1336100,0.0,0.0,0.0
2022-11-23 00:00:00-05:00,79.3121440378662,80.35904823064368,79.3121440378662,80.1907958984375,760800,0.0,0.0,0.0
2022-11-25 00:00:00-05:00,80.17209796501365,80.67685496624125,80.15340643079846,80.51795196533203,637200,0.0,0.0,0.0
2022-11-28 00:00:00-05:00,80.21882955469673,80.59272438504165,79.41495816546286,79.59255981445312,1041500,0.0,0.0,0.0
2022-11-29 00:00:00-05:00,79.37757394743852,79.80755053871022,79.09715815214894,79.34953308105469,1083300,0.0,0.0,0.0
2022-11-30 00:00:00-05:00,80.06926646559965,81.37788752041529,79.39625727658026,81.16290283203125,1520200,0.0,0.0,0.0
2022-12-01 00:00:00-05:00,82.15373083484273,82.434153751385,81.64897386393727,82.11634063720703,1336400,0.0,0.0,0.0
2022-12-02 00:00:00-05:00,81.44333424593334,82.41545802476254,81.3872525132061,82.19112396240234,702300,0.0,0.0,0.0
2022-12-05 00:00:00-05:00,81.56483678388395,81.87329337956473,80.69553445471142,80.91986846923828,1321100,0.0,0.0,0.0
2022-12-06 00:00:00-05:00,80.87314513836209,81.06009613077,80.05993149860393,80.34034729003906,1121900,0.0,0.0,0.0
2022-12-07 00:00:00-05:00,80.34034680684029,80.62076972804,79.95710975474854,80.3216552734375,1219700,0.0,0.0,0.0
2022-12-08 00:00:00-05:00,80.12534652205795,80.91986846923828,79.94774489768892,80.91986846923828,1177100,0.0,0.0,0.0
2022-12-09 00:00:00-05:00,81.1348674478009,81.55549465360612,80.84509522486029,80.90118408203125,707500,0.0,0.0,0.0
2022-12-12 00:00:00-05:00,80.98530744938219,81.28442187518567,80.73293254976225,81.22834014892578,907500,0.0,0.0,0.0
2022-12-13 00:00:00-05:00,83.48572306347445,83.8229261621466,82.09008127223608,82.5490493774414,998900,0.18,0.0,0.0
2022-12-14 00:00:00-05:00,82.53968794452048,83.21408699690784,81.88401207528531,82.55841827392578,709700,0.0,0.0,0.0
2022-12-15 00:00:00-05:00,81.35010958844944,81.35010958844944,79.73902967762872,79.9544677734375,1221800,0.0,0.0,0.0
2022-12-16 00:00:00-05:00,79.23322312016413,79.74839650239984,78.94285656631476,79.24259185791016,872400,0.0,0.0,0.0
2022-12-19 00:00:00-05:00,79.31751876907423,79.3456178329778,78.58691452257243,78.7555160522461,1128000,0.0,0.0,0.0
2022-12-20 00:00:00-05:00,78.58692199010052,79.08335788957551,78.46514983994429,78.68995666503906,858000,0.0,0.0,0.0
2022-12-21 00:00:00-05:00,78.95222558530374,79.61726304257962,78.85855964626896,79.40182495117188,1012200,0.0,0.0,0.0
2022-12-22 00:00:00-05:00,78.92412477557062,78.92412477557062,77.8656789637143,78.61502075195312,832700,0.0,0.0,0.0
2022-12-23 00:00:00-05:00,78.30591703185853,78.81172166894235,78.127953894808,78.68995666503906,645600,0.0,0.0,0.0
2022-12-27 00:00:00-05:00,78.71805556620244,79.10208805232307,78.54008528327294,78.70868682861328,614200,0.0,0.0,0.0
2022-12-28 00:00:00-05:00,78.86792557664215,79.20512869272072,77.94998931884766,77.94998931884766,889100,0.0,0.0,0.0
2022-12-29 00:00:00-05:00,78.91476583337727,79.65473897589352,78.91476583337727,79.42993927001953,855200,0.0,0.0,0.0
2022-12-30 00:00:00-05:00,78.85856528637004,79.02716684719253,78.29655531945933,78.45579528808594,731100,0.0,0.0,0.0
2023-01-03 00:00:00-05:00,79.3362573671574,79.83270041746682,78.6524895867128,79.01779174804688,1255600,0.0,0.0,0.0
2023-01-04 00:00:00-05:00,80.35723067750301,80.55393128005515,79.8045895259257,80.24482727050781,712200,0.0,0.0,0.0
2023-01-05 00:00:00-05:00,79.48612932685617,79.71092900986993,79.23322343049425,79.2894287109375,771400,0.0,0.0,0.0
2023-01-06 00:00:00-05:00,79.87015950573337,81.52807587881652,79.2800576750825,81.39694213867188,578900,0.0,0.0,0.0
2023-01-09 00:00:00-05:00,82.01515965459677,82.77387032917686,81.90276336669922,81.90276336669922,1096700,0.0,0.0,0.0
2023-01-10 00:00:00-05:00,81.88401119187851,82.24931335449219,81.77161492415311,82.24931335449219,459300,0.0,0.0,0.0
2023-01-11 00:00:00-05:00,82.7551129123863,83.16725159206003,82.68017730767242,83.13915252685547,9899000,0.0,0.0,0.0
2023-01-12 00:00:00-05:00,83.52318706257543,84.17886290067332,82.60525089399226,84.08518981933594,1680500,0.0,0.0,0.0
2023-01-13 00:00:00-05:00,83.6636984049072,84.64720869315889,83.626230597652,84.61910247802734,759100,0.0,0.0,0.0
2023-01-17 00:00:00-05:00,85.02186614887617,85.49957172302902,84.93756894851255,85.0968017578125,1343300,0.0,0.0,0.0
2023-01-18 00:00:00-05:00,86.29574262727937,86.3144801025773,84.93756866455078,84.93756866455078,866300,0.0,0.0,0.0
2023-01-19 00:00:00-05:00,84.75023588816374,84.90009995768928,84.23506251674154,84.65656280517578,589600,0.0,0.0,0.0
2023-01-20 00:00:00-05:00,84.41303471726376,85.37780746544061,84.35682943694309,85.34033966064453,729700,0.0,0.0,0.0
2023-01-23 00:00:00-05:00,85.02186033696,85.84613768640774,84.98439968130558,85.79930114746094,1020000,0.0,0.0,0.0
2023-01-24 00:00:00-05:00,85.19983759765499,85.77120911765861,85.01250571900758,85.5932388305664,801100,0.0,0.0,0.0
2023-01-25 00:00:00-05:00,85.227938107222,86.26764648769326,85.20920777754151,86.19271087646484,711900,0.0,0.0,0.0
2023-01-26 00:00:00-05:00,86.3332136861431,86.37068149189842,85.50894339828548,86.183349609375,702300,0.0,0.0,0.0
2023-01-27 00:00:00-05:00,85.39653893925671,86.12714327693988,85.22793738854112,85.89297485351562,947700,0.0,0.0,0.0
2023-01-30 00:00:00-05:00,85.55577793742401,85.98665415637804,85.3122479047588,85.32160949707031,565000,0.0,0.0,0.0
2023-01-31 00:00:00-05:00,85.2092069161621,85.84614531265835,84.96566975525829,85.82740783691406,492500,0.0,0.0,0.0
2023-02-01 00:00:00-05:00,85.78993526704791,87.04508166084051,85.12489784012344,86.79218292236328,1029300,0.0,0.0,0.0
2023-02-02 00:00:00-05:00,87.32608704421068,87.32608704421068,86.44561153134663,87.04508209228516,738500,0.0,0.0,0.0
2023-02-03 00:00:00-05:00,86.08032291975394,87.12939299326095,86.06158544201051,86.4924545288086,2030500,0.0,0.0,0.0
2023-02-06 00:00:00-05:00,85.40590698034688,85.6681744690418,85.08743421103657,85.48084259033203,522700,0.0,0.0,0.0
2023-02-07 00:00:00-05:00,84.95629391913131,86.07093780643248,84.62845958352877,85.96790313720703,538300,0.0,0.0,0.0
2023-02-08 00:00:00-05:00,85.72437202226388,85.82740669873169,85.06870330497149,85.21857452392578,514000,0.0,0.0,0.0
2023-02-09 00:00:00-05:00,86.45499103708542,86.5954863842947,85.13427760328882,85.32160949707031,571800,0.0,0.0,0.0
2023-02-10 00:00:00-05:00,84.72212967551562,84.88136962884342,84.35682751987183,84.65656280517578,480600,0.0,0.0,0.0
2023-02-13 00:00:00-05:00,84.93758582503892,85.79932406026929,84.60038266407845,85.74312591552734,435800,0.0,0.0,0.0
2023-02-14 00:00:00-05:00,85.31224946168925,86.30512138010744,85.04061320837121,85.93045043945312,396000,0.0,0.0,0.0
2023-02-15 00:00:00-05:00,84.82517442103158,85.58388503504844,84.37557501282149,85.57451629638672,474100,0.0,0.0,0.0
2023-02-16 00:00:00-05:00,84.72213026572462,85.4808407949458,84.59099652413141,84.89073181152344,376300,0.0,0.0,0.0
2023-02-17 00:00:00-05:00,84.45987124159448,85.22794343910343,84.34747496397354,85.17174530029297,390700,0.0,0.0,0.0
2023-02-21 00:00:00-05:00,84.32873450221004,84.5254351273385,83.87913511513169,83.93533325195312,444600,0.0,0.0,0.0
2023-02-22 00:00:00-05:00,83.88849582186762,84.13203298927962,83.50446331388459,83.65432739257812,532000,0.0,0.0,0.0
2023-02-23 00:00:00-05:00,83.98216231064043,84.14139511494278,83.24218927468783,84.00089263916016,439400,0.0,0.0,0.0
2023-02-24 00:00:00-05:00,82.62399266270896,82.8675298446516,82.14628703750519,82.43666076660156,610500,0.0,0.0,0.0
2023-02-27 00:00:00-05:00,83.46698776909375,83.8416586504704,83.2047202960059,83.47635650634766,683900,0.0,0.0,0.0
2023-02-28 00:00:00-05:00,82.97992622366414,83.16726526625074,82.57716336117396,82.6146240234375,411600,0.0,0.0,0.0
2023-03-01 00:00:00-05:00,83.25155598910895,83.79482845089987,82.70829067357124,82.9705581665039,389200,0.0,0.0,0.0
2023-03-02 00:00:00-05:00,82.42728626494402,83.33586090467404,82.21184816785465,83.26092529296875,330000,0.0,0.0,0.0
2023-03-03 00:00:00-05:00,83.81356164118864,84.5535275385892,83.52318794921526,84.42239379882812,259300,0.0,0.0,0.0
2023-03-06 00:00:00-05:00,84.25379183307787,84.60973239314771,84.13202683141087,84.14139556884766,268600,0.0,0.0,0.0
2023-03-07 00:00:00-05:00,84.066464360492,84.2725337173667,82.83942410342401,82.95182037353516,412000,0.0,0.0,0.0
2023-03-08 00:00:00-05:00,82.98928890226836,83.438895425391,82.81132575762362,83.25155639648438,374000,0.0,0.0,0.0
2023-03-09 00:00:00-05:00,83.49509254367273,83.92596158552858,82.6989213327162,82.82068634033203,514100,0.0,0.0,0.0
2023-03-10 00:00:00-05:00,83.06422958180487,83.2890292839552,82.11818708030225,82.21185302734375,497100,0.0,0.0,0.0
2023-03-13 00:00:00-04:00,81.83718179574394,82.84878393653784,81.82781305801582,82.24931335449219,610700,0.0,0.0,0.0
2023-03-14 00:00:00-04:00,83.05484876803014,83.4576187133789,82.79258129594307,83.4576187133789,580200,0.0,0.0,0.0
2023-03-15 00:00:00-04:00,80.70381306802521,81.41567996688174,80.31977340347454,81.30328369140625,810500,0.0,0.0,0.0
2023-03-16 00:00:00-04:00,81.09720329723599,83.03611739432675,81.09720329723599,83.02674865722656,438200,0.0,0.0,0.0
2023-03-17 00:00:00-04:00,82.60526964976376,82.79260156246727,82.09009617044751,82.44602966308594,14478200,0.0,0.0,0.0
2023-03-20 00:00:00-04:00,83.31712428270099,83.75736207316577,83.0642255234198,83.65432739257812,3178800,0.0,0.0,0.0
2023-03-21 00:00:00-04:00,84.40366409300685,84.834533119152,83.9727950668617,84.51606750488281,1415600,0.0,0.0,0.0
2023-03-22 00:00:00-04:00,84.60974078930788,85.90234797999554,84.33810454670797,84.41304016113281,1209900,0.0,0.0,0.0
2023-03-23 00:00:00-04:00,85.27477911795245,85.94918536183071,84.4505087900199,84.86264038085938,796300,0.0,0.0,0.0
2023-03-24 00:00:00-04:00,84.38492704844927,84.80643448544505,84.02899362840539,84.7408676147461,869600,0.0,0.0,0.0
2023-03-27 00:00:00-04:00,85.07807188422723,85.33097063292514,84.87200253167549,85.2092056274414,714600,0.0,0.0,0.0
2023-03-28 00:00:00-04:00,84.92820766744224,85.14364577548618,84.79707391341675,85.08744049072266,847000,0.0,0.0,0.0
2023-03-29 00:00:00-04:00,85.78055684933511,86.22079451722857,85.73372031801615,86.15522766113281,860000,0.0,0.0,0.0
2023-03-30 00:00:00-04:00,86.86710434836561,87.22304487638516,86.67977249401481,87.13874053955078,723500,0.0,0.0,0.0
2023-03-31 00:00:00-04:00,87.42911634958207,87.81315598194452,87.38228695414347,87.74758911132812,641900,0.0,0.0,0.0
2023-04-03 00:00:00-04:00,87.50405270959047,87.96302795410156,87.32608957139006,87.96302795410156,643100,0.0,0.0,0.0
2023-04-04 00:00:00-04:00,87.89745392997939,88.28149356561214,87.8131567297203,87.99112701416016,894600,0.0,0.0,0.0
2023-04-05 00:00:00-04:00,87.78507162935381,87.84126977180085,87.23243035902603,87.51343536376953,984400,0.0,0.0,0.0
2023-04-06 00:00:00-04:00,87.28861343551192,87.92555175742943,87.13874223211847,87.6913833618164,529900,0.0,0.0,0.0
2023-04-10 00:00:00-04:00,87.12937318179343,87.64454650878906,86.86710572305101,87.64454650878906,600100,0.0,0.0,0.0
2023-04-11 00:00:00-04:00,87.60707885585681,87.8974453790611,87.55088072781786,87.73821258544922,606700,0.0,0.0,0.0
2023-04-12 00:00:00-04:00,88.56249940695447,88.75920002243609,88.01922695681299,88.35643005371094,609000,0.0,0.0,0.0
2023-04-13 00:00:00-04:00,89.26500784180804,89.84574097114034,89.16197316152264,89.77080535888672,337900,0.0,0.0,0.0
2023-04-14 00:00:00-04:00,89.57411139827319,89.83638606066692,88.89034353780187,89.28374481201172,365700,0.0,0.0,0.0
2023-04-17 00:00:00-04:00,89.03083801269531,89.19007082653944,88.69363490911174,89.03083801269531,781400,0.0,0.0,0.0
2023-04-18 00:00:00-04:00,89.58347334017664,89.73334456445916,89.34930491192519,89.67713928222656,520900,0.0,0.0,0.0
2023-04-19 00:00:00-04:00,89.01210797723485,89.6677839095672,88.96527857608855,89.10577392578125,449600,0.0,0.0,0.0
2023-04-20 00:00:00-04:00,89.05893793761476,89.68650760733816,89.05893793761476,89.42424011230469,1410700,0.0,0.0,0.0
2023-04-21 00:00:00-04:00,89.76143749159078,90.25787338212062,89.42423440627753,90.22040557861328,535300,0.0,0.0,0.0
2023-04-24 00:00:00-04:00,90.34217866113923,90.39838394455403,90.10801022796235,90.36091613769531,561200,0.0,0.0,0.0
2023-04-25 00:00:00-04:00,89.95814295161631,90.08927669783743,89.1151351928711,89.1151351928711,456600,0.0,0.0,0.0
2023-04-26 00:00:00-04:00,89.33058009325836,89.3399416856636,88.62807476516299,88.74983978271484,468900,0.0,0.0,0.0
2023-04-27 00:00:00-04:00,89.32120597787161,89.84574097114034,89.0121019370154,89.77080535888672,382700,0.0,0.0,0.0
2023-04-28 00:00:00-04:00,89.20880257534765,89.8832087932435,88.95590381676335,89.71460723876953,497500,0.0,0.0,0.0
2023-05-01 00:00:00-04:00,89.8176422038468,90.20168185824252,89.45234002570388,89.84574127197266,367700,0.0,0.0,0.0
2023-05-02 00:00:00-04:00,88.96527110950359,89.26500640744845,88.60933053014497,89.14323425292969,358000,0.0,0.0,0.0
2023-05-03 00:00:00-04:00,89.74270601353696,90.55761471520698,89.58347319768005,89.611572265625,370100,0.0,0.0,0.0
2023-05-04 00:00:00-04:00,89.2369007665187,90.41711163623938,89.06829921370147,89.40550231933594,284600,0.0,0.0,0.0
2023-05-05 00:00:00-04:00,89.46171006359032,90.46395067007631,89.36804411972548,90.32344818115234,402200,0.0,0.0,0.0
2023-05-08 00:00:00-04:00,90.39837631815007,90.72621066768946,90.20167570842642,90.33280944824219,590400,0.0,0.0,0.0
2023-05-09 00:00:00-04:00,89.48043894408765,89.94877580207722,89.4523398760088,89.80827331542969,377600,0.0,0.0,0.0
2023-05-10 00:00:00-04:00,89.93004563876337,89.93004563876337,89.21817161234908,89.78954315185547,390200,0.0,0.0,0.0
2023-05-11 00:00:00-04:00,89.47107005612554,89.83637937929863,89.21817129758621,89.77080535888672,366000,0.0,0.0,0.0
2023-05-12 00:00:00-04:00,89.97687505308558,90.09864721001257,89.3867731834702,89.73334503173828,422800,0.0,0.0,0.0
2023-05-15 00:00:00-04:00,89.88320280405226,93.01169651832959,89.84573500041537,90.26724243164062,753800,0.0,0.0,0.0
2023-05-16 00:00:00-04:00,89.98625085110035,90.22041929894294,89.58348083496094,89.58348083496094,359700,0.0,0.0,0.0
2023-05-17 00:00:00-04:00,89.68650875488918,89.96751372959383,89.29310750730535,89.9206771850586,352100,0.0,0.0,0.0
2023-05-18 00:00:00-04:00,89.8457418474338,90.07991027832031,89.57410561005506,90.07991027832031,316300,0.0,0.0,0.0
2023-05-19 00:00:00-04:00,90.51078824557626,90.86672886917295,90.37965448306825,90.61382293701172,321500,0.0,0.0,0.0
2023-05-22 00:00:00-04:00,90.62319180033865,90.92292713594696,90.58572399010585,90.70748901367188,702500,0.0,0.0,0.0
2023-05-23 00:00:00-04:00,89.72398162183342,89.8925831869149,88.89034253511204,88.93717193603516,494300,0.0,0.0,0.0
2023-05-24 00:00:00-04:00,87.97238083221707,88.11288329832972,87.53214310664848,87.64454650878906,452100,0.0,0.0,0.0
2023-05-25 00:00:00-04:00,87.89746079719575,88.4313716922285,87.51342827781247,87.83189392089844,537000,0.0,0.0,0.0
2023-05-26 00:00:00-04:00,88.27213441439528,89.01210755301666,88.23466660590454,88.93717193603516,419800,0.0,0.0,0.0
2023-05-30 00:00:00-04:00,88.66553258704998,88.75919852432892,87.61645550926825,87.84125518798828,539600,0.0,0.0,0.0
2023-05-31 00:00:00-04:00,87.12002591703435,87.29798906687192,86.47371875439089,87.25115966796875,524500,0.0,0.0,0.0
2023-06-01 00:00:00-04:00,87.66329393529287,88.50630175015046,87.26053107812868,88.41263580322266,1797900,0.0,0.0,0.0
2023-06-02 00:00:00-04:00,89.51791370152202,89.66778493791807,89.18071056588475,89.39614868164062,644300,0.0,0.0,0.0
2023-06-05 00:00:00-04:00,89.15260273323698,89.8363776761447,88.74046401990884,88.89970397949219,724300,0.0,0.0,0.0
2023-06-06 00:00:00-04:00,89.09639874860653,89.63030243479484,88.796663471207,89.60220336914062,685900,0.0,0.0,0.0
2023-06-07 00:00:00-04:00,89.18512359035506,89.56342161727842,88.28664773748122,88.33393859863281,409100,0.919,0.0,0.0
2023-06-08 00:00:00-04:00,88.54202054261593,89.40265806727439,88.52310130899903,89.22296142578125,440300,0.0,0.0,0.0
2023-06-09 00:00:00-04:00,89.38375007260898,89.43103372763262,88.92032263059019,89.07164764404297,466400,0.0,0.0,0.0
2023-06-12 00:00:00-04:00,89.8282447437941,90.00793415072434,89.50668274645055,89.99848175048828,640200,0.0,0.0,0.0
2023-06-13 00:00:00-04:00,90.96315318411753,91.2468839334018,90.55647629178219,90.80237579345703,566000,0.0,0.0,0.0
2023-06-14 00:00:00-04:00,91.05773008182017,91.36983247109798,90.32003877303468,90.93478393554688,415300,0.0,0.0,0.0
2023-06-15 00:00:00-04:00,90.8023667565814,91.80486946395494,90.53755526524289,91.69137573242188,511900,0.0,0.0,0.0
2023-06-16 00:00:00-04:00,92.43854627673733,92.46691791177813,91.53061787756405,91.64411163330078,391300,0.0,0.0,0.0
2023-06-20 00:00:00-04:00,90.55647982223581,90.87803461609302,90.04576878295707,90.3484115600586,503600,0.0,0.0,0.0
2023-06-21 00:00:00-04:00,90.17817771260518,90.5091921342467,89.8660753083832,90.18763732910156,554800,0.0,0.0,0.0
2023-06-22 00:00:00-04:00,89.4593941999447,89.92282158413144,89.1662110424341,89.8282470703125,295600,0.0,0.0,0.0
2023-06-23 00:00:00-04:00,88.25828760656398,88.59876164761468,87.96510443282659,88.28665924072266,511400,0.0,0.0,0.0
2023-06-26 00:00:00-04:00,88.4568988968398,88.67442679115976,88.13534407936295,88.220458984375,406600,0.0,0.0,0.0
2023-06-27 00:00:00-04:00,88.42851934451821,89.27024478028437,88.1637078207589,89.11892700195312,343600,0.0,0.0,0.0
2023-06-28 00:00:00-04:00,89.15676020250172,89.42157896906416,88.99598279162613,89.24188232421875,556000,0.0,0.0,0.0
2023-06-29 00:00:00-04:00,88.86357270731519,89.03380972692122,88.74062655476709,88.98651885986328,374700,0.0,0.0,0.0
2023-06-30 00:00:00-04:00,89.77150452067127,91.54953728607332,89.73367326868681,90.23493194580078,407300,0.0,0.0,0.0
2023-07-03 00:00:00-04:00,89.92282254460372,90.15926243946296,89.56342928645098,89.74312591552734,336200,0.0,0.0,0.0
2023-07-05 00:00:00-04:00,88.9013915573562,89.22294631866345,88.61766082573149,88.72169494628906,450800,0.0,0.0,0.0
2023-07-06 00:00:00-04:00,87.22740906980978,87.53950424677164,86.57483265188661,87.12337493896484,367900,0.0,0.0,0.0
2023-07-07 00:00:00-04:00,87.32197910955311,88.11641365103186,87.02878874875469,87.67190551757812,2355200,0.0,0.0,0.0
2023-07-10 00:00:00-04:00,87.53950355512491,88.1164174704985,87.51113192249554,88.02184295654297,894800,0.0,0.0,0.0
2023-07-11 00:00:00-04:00,88.48526613502702,88.85411180289836,88.1258800835448,88.66496276855469,465300,0.0,0.0,0.0
2023-07-12 00:00:00-04:00,89.64856112738879,90.52811792031824,89.48778371317799,90.37679290771484,393200,0.0,0.0,0.0
2023-07-13 00:00:00-04:00,91.64410849372811,92.34396859119478,91.64410849372811,92.10752868652344,335000,0.0,0.0,0.0
2023-07-14 00:00:00-04:00,92.19265202781061,92.36288905005615,91.80488711552832,91.82379913330078,512700,0.0,0.0,0.0
2023-07-17 00:00:00-04:00,91.30363122815164,91.78597063700147,91.11447498175319,91.66301727294922,390700,0.0,0.0,0.0
2023-07-18 00:00:00-04:00,91.66302520296435,92.18319590609522,91.55899106233818,92.0697021484375,413400,0.0,0.0,0.0
2023-07-19 00:00:00-04:00,92.04131865798723,92.25884652825353,91.48332398974716,91.7103042602539,327000,0.0,0.0,0.0
2023-07-20 00:00:00-04:00,90.90641514063394,91.05773292418807,90.18763582592577,90.3673324584961,19102400,0.0,0.0,0.0
2023-07-21 00:00:00-04:00,90.8496565186801,90.91585939597368,90.51864213221224,90.76454162597656,1636900,0.0,0.0,0.0
2023-07-24 00:00:00-04:00,90.30113636751761,90.51865705065805,90.11198010438066,90.35787963867188,938900,0.0,0.0,0.0
2023-07-25 00:00:00-04:00,90.03631759912588,90.6132315744397,90.03631759912588,90.35787963867188,899600,0.0,0.0,0.0
2023-07-26 00:00:00-04:00,89.89445075640165,90.84966273477013,89.86607190798628,90.5470199584961,754500,0.0,0.0,0.0
2023-07-27 00:00:00-04:00,91.81433918419096,91.99402859276387,90.59430849432485,90.71725463867188,446400,0.0,0.0,0.0
2023-07-28 00:00:00-04:00,91.42658441943544,91.8048897258011,91.19960412184547,91.4549560546875,481600,0.0,0.0,0.0
2023-07-31 00:00:00-04:00,91.51169819319772,91.72921885400389,91.23742705149057,91.34146118164062,459000,0.0,0.0,0.0
2023-08-01 00:00:00-04:00,90.46190668370274,91.59681531120802,90.01739851966502,90.26329803466797,590600,0.0,0.0,0.0
2023-08-02 00:00:00-04:00,89.23242322191354,89.53506602701407,88.40015731178052,88.54202270507812,640600,0.0,0.0,0.0
2023-08-03 00:00:00-04:00,87.77594527803146,88.48526497084755,87.76649287733984,88.24882507324219,489900,0.0,0.0,0.0
2023-08-04 00:00:00-04:00,88.58929784585297,89.1472997483809,88.11641805735296,88.22991180419922,453300,0.0,0.0,0.0
2023-08-07 00:00:00-04:00,88.88248806720826,89.04326546328198,88.40960827952813,89.03380584716797,596300,0.0,0.0,0.0
2023-08-08 00:00:00-04:00,88.39069107754737,88.82573962633698,88.14479156194523,88.75953674316406,1067600,0.0,0.0,0.0
2023-08-09 00:00:00-04:00,88.88249245240469,89.00543860566106,88.3812337916519,88.58930206298828,326400,0.0,0.0,0.0
2023-08-10 00:00:00-04:00,89.48777680520317,90.02685949373443,88.78790949929906,88.87303161621094,326300,0.0,0.0,0.0
2023-08-11 00:00:00-04:00,88.18262327468346,88.4852660587162,87.9083521242205,88.05967712402344,370200,0.0,0.0,0.0
2023-08-14 00:00:00-04:00,87.30305454896734,87.95563089361272,86.44241718156822,87.89888763427734,707300,0.0,0.0,0.0
2023-08-15 00:00:00-04:00,87.35035013291863,87.5111275201122,86.58428722817193,86.75452423095703,414200,0.0,0.0,0.0
2023-08-16 00:00:00-04:00,86.5748297053164,86.8301816078803,86.01682782108756,86.0830307006836,930800,0.0,0.0,0.0
2023-08-17 00:00:00-04:00,86.2438255259294,86.2438255259294,84.96704421511242,85.1089096069336,932700,0.0,0.0,0.0
2023-08-18 00:00:00-04:00,84.55091445640407,85.26023419644845,84.35230579506047,85.09945678710938,585500,0.0,0.0,0.0
2023-08-21 00:00:00-04:00,85.33588981058604,85.58178210540224,84.90083405544644,85.51557922363281,871500,0.0,0.0,0.0
2023-08-22 00:00:00-04:00,85.72364911435714,85.7331087306677,85.12782316710786,85.23185729980469,626100,0.0,0.0,0.0
2023-08-23 00:00:00-04:00,85.61961567944505,86.51809163136973,85.42100702874333,86.34785461425781,689200,0.0,0.0,0.0
2023-08-24 00:00:00-04:00,86.0735762592025,86.1870627840628,84.93866050159163,84.9481201171875,545800,0.0,0.0,0.0
2023-08-25 00:00:00-04:00,85.4115412219953,85.80876571018229,84.7305932029006,85.5628662109375,486300,0.0,0.0,0.0
2023-08-28 00:00:00-04:00,86.22489392809626,86.53699630223518,86.04520452542411,86.4518814086914,892000,0.0,0.0,0.0
2023-08-29 00:00:00-04:00,86.30056418338071,87.68137234444602,86.19653004931105,87.66246032714844,527600,0.0,0.0,0.0
2023-08-30 00:00:00-04:00,87.65300167353108,87.9367324451237,87.42602138560093,87.57733917236328,323800,0.0,0.0,0.0
2023-08-31 00:00:00-04:00,87.47330149183918,87.59625485514684,86.78290103949153,87.02879333496094,480600,0.0,0.0,0.0
2023-09-01 00:00:00-04:00,87.75702172068137,87.82322459468202,86.5937344025877,86.88692474365234,313800,0.0,0.0,0.0
2023-09-05 00:00:00-04:00,86.48026550171288,86.48971790308704,85.98846643846085,86.01683807373047,874400,0.0,0.0,0.0
2023-09-06 00:00:00-04:00,86.07358087827463,86.15869577648748,85.42100446301768,85.71418762207031,429000,0.0,0.0,0.0
2023-09-07 00:00:00-04:00,85.35478889936597,85.52502588607068,85.04268655447869,85.34532928466797,3000300,0.0,0.0,0.0
2023-09-08 00:00:00-04:00,85.3264301481559,85.5250387933564,85.0899902540258,85.21293640136719,596800,0.0,0.0,0.0
2023-09-11 00:00:00-04:00,85.57232767081027,85.85605120783252,85.2696849019762,85.78984832763672,473100,0.0,0.0,0.0
2023-09-12 00:00:00-04:00,85.02379136892104,85.41154906142339,85.00487213578047,85.0616226196289,387800,0.0,0.0,0.0
2023-09-13 00:00:00-04:00,84.63601946873163,84.89137858602017,84.39012718280458,84.56981658935547,887400,0.0,0.0,0.0
2023-09-14 00:00:00-04:00,85.08998406880369,85.52503257651045,84.87245620716409,85.43045806884766,544700,0.0,0.0,0.0
2023-09-15 00:00:00-04:00,85.68582176618628,85.89389004105381,85.12782704319919,85.1845703125,542700,0.0,0.0,0.0
2023-09-18 00:00:00-04:00,84.56981218411818,84.86300253371692,84.33337231072338,84.71167755126953,688500,0.0,0.0,0.0
2023-09-19 00:00:00-04:00,84.51307302873239,84.60764753956984,84.12530815405442,84.46578216552734,952800,0.0,0.0,0.0
2023-09-20 00:00:00-04:00,84.82517996977425,85.29805976496208,84.21043479291548,84.21989440917969,901100,0.0,0.0,0.0
2023-09-21 00:00:00-04:00,83.25521604934264,83.35925018210844,82.51752471923828,82.51752471923828,605100,0.0,0.0,0.0
2023-09-22 00:00:00-04:00,83.02823132647902,83.34033370808548,82.58372318581029,82.65938568115234,944900,0.0,0.0,0.0
2023-09-25 00:00:00-04:00,82.101396877226,82.43241854319012,81.30696219628933,82.32838439941406,573000,0.0,0.0,0.0
2023-09-26 00:00:00-04:00,81.6190531423283,81.77983053624014,81.0043079834957,81.07051086425781,2437900,0.0,0.0,0.0
2023-09-27 00:00:00-04:00,81.50557026902999,81.60960441204341,80.36120191145613,80.90974426269531,659300,0.0,0.0,0.0
2023-09-28 00:00:00-04:00,80.88134686619219,81.83656595322047,80.80569159227113,81.5717544555664,917000,0.0,0.0,0.0
2023-09-29 00:00:00-04:00,82.61209995639742,82.61209995639742,81.39206920151466,81.61905670166016,1079400,0.0,0.0,0.0
2023-10-02 00:00:00-04:00,80.98538781045028,81.08942193837794,80.18149363465967,80.45576477050781,1114200,0.0,0.0,0.0
2023-10-03 00:00:00-04:00,79.92614449882474,80.20041564417231,79.29248009343476,79.5856704711914,1343000,0.0,0.0,0.0
2023-10-04 00:00:00-04:00,80.20985997006416,80.40846859692748,79.61403408947422,80.2855224609375,838200,0.0,0.0,0.0
2023-10-05 00:00:00-04:00,80.73949795413886,80.9948498659245,80.26661816406897,80.89081573486328,873300,0.0,0.0,0.0
2023-10-06 00:00:00-04:00,80.55979240970939,81.85548548871816,80.04908142708344,81.67578887939453,621400,0.0,0.0,0.0
2023-10-09 00:00:00-04:00,80.75840770027934,81.49609899755569,80.55979905990283,81.36369323730469,600500,0.0,0.0,0.0
2023-10-10 00:00:00-04:00,82.23379478426116,82.91474285448321,82.18651113334602,82.52698516845703,573400,0.0,0.0,0.0
2023-10-11 00:00:00-04:00,82.93366158168665,83.12281061534041,82.4418625492699,82.92420196533203,594800,0.0,0.0,0.0
2023-10-12 00:00:00-04:00,83.11334713116395,83.16063799516319,81.97843855091008,82.27162170410156,449800,0.0,0.0,0.0
2023-10-13 00:00:00-04:00,81.97842974786519,82.74449259649622,81.23127891345939,81.44880676269531,532100,0.0,0.0,0.0
2023-10-16 00:00:00-04:00,81.42990173296427,81.97844404358834,81.29749596358236,81.94061279296875,585200,0.0,0.0,0.0
2023-10-17 00:00:00-04:00,81.07997995717724,82.26217954866104,81.04214870438092,81.90278625488281,878500,0.0,0.0,0.0
2023-10-18 00:00:00-04:00,80.97594153945772,81.08942807627967,80.20041893702344,80.33282470703125,531300,0.0,0.0,0.0
2023-10-19 00:00:00-04:00,80.0017862325867,80.39901067460005,79.35867675105561,79.50999450683594,20840900,0.0,0.0,0.0
2023-10-20 00:00:00-04:00,79.31139420900574,79.61403696786869,78.88580530970778,78.91417694091797,2317900,0.0,0.0,0.0
2023-10-23 00:00:00-04:00,78.58316185229737,79.6140435703864,78.29943830109326,79.10333251953125,1762500,0.0,0.0,0.0
2023-10-24 00:00:00-04:00,79.27356492872119,79.78427594989135,79.14115916940737,79.74644470214844,1207400,0.0,0.0,0.0
2023-10-25 00:00:00-04:00,79.32085478497235,79.57620668452829,78.74394089147171,78.82905578613281,997100,0.0,0.0,0.0
2023-10-26 00:00:00-04:00,78.56424846156307,78.81014797409937,77.9116720387284,78.1764907836914,1536400,0.0,0.0,0.0
2023-10-27 00:00:00-04:00,78.6115450387835,78.7628628313266,77.82656279421889,78.05354309082031,1074000,0.0,0.0,0.0
2023-10-30 00:00:00-04:00,78.9898556658513,79.19792397725124,78.62100991948766,79.12226867675781,1129700,0.0,0.0,0.0
2023-10-31 00:00:00-04:00,79.29247302246894,79.57620375871915,79.05603314745122,79.4910888671875,1152400,0.0,0.0,0.0
2023-11-01 00:00:00-04:00,79.68023862006353,80.34226739002501,79.51946123529753,80.304443359375,826600,0.0,0.0,0.0
2023-11-02 00:00:00-04:00,81.92170508757532,82.31892241662946,81.70417718895597,82.19597625732422,1490300,0.0,0.0,0.0
2023-11-03 00:00:00-04:00,82.94312037861015,83.4254598318678,82.87691749016881,83.20793914794922,892500,0.0,0.0,0.0
2023-11-06 00:00:00-05:00,83.06605468483806,83.17008880215943,82.64045860064007,82.85798645019531,1248800,0.0,0.0,0.0
2023-11-07 00:00:00-05:00,82.42294413245958,82.82016140163466,82.28107876044774,82.64046478271484,663900,0.0,0.0,0.0
2023-11-08 00:00:00-05:00,82.943110228973,83.29304386252704,82.67829870761224,82.87690734863281,616500,0.0,0.0,0.0
2023-11-09 00:00:00-05:00,83.71862380235976,84.16313190081071,82.81069559120486,82.85798645019531,982600,0.0,0.0,0.0
2023-11-10 00:00:00-05:00,82.60264728108719,83.16064924636727,81.99736166098343,83.12281799316406,427700,0.0,0.0,0.0
2023-11-13 00:00:00-05:00,82.50806435606857,83.26467491195784,82.42294945670687,83.11334991455078,614300,0.0,0.0,0.0
2023-11-14 00:00:00-05:00,84.63602277326915,85.45883620527543,84.63602277326915,85.31697082519531,916300,0.0,0.0,0.0
2023-11-15 00:00:00-05:00,85.61014746873524,85.87496619199243,85.31696433030886,85.43045806884766,525800,0.0,0.0,0.0
2023-11-16 00:00:00-05:00,85.26968193536659,85.74256169619119,85.16564781073937,85.44937133789062,901200,0.0,0.0,0.0
2023-11-17 00:00:00-05:00,86.14923321783128,86.40459233489355,85.91279333232984,86.376220703125,705800,0.0,0.0,0.0
2023-11-20 00:00:00-05:00,86.36676683506532,87.00988365505167,86.35730721865538,86.85855865478516,712200,0.0,0.0,0.0
2023-11-21 00:00:00-05:00,86.8869267570272,86.96258203222955,86.48970228824663,86.61265563964844,695100,0.0,0.0,0.0
2023-11-22 00:00:00-05:00,87.04771394220944,87.15174807484856,86.59374616200479,86.94367980957031,852600,0.0,0.0,0.0
2023-11-24 00:00:00-05:00,87.02878690762827,87.46384263179344,87.02878690762827,87.4449234008789,406100,0.0,0.0,0.0
2023-11-27 00:00:00-05:00,87.09499609053834,87.26523310323253,86.93421869398634,87.12337493896484,450600,0.0,0.0,0.0
2023-11-28 00:00:00-05:00,86.69778029464392,87.1895793244967,86.54646251162441,86.94367980957031,653900,0.0,0.0,0.0
2023-11-29 00:00:00-05:00,87.31252676753287,87.58679791986488,87.08554648185483,87.2652359008789,519200,0.0,0.0,0.0
2023-11-30 00:00:00-05:00,87.24632234034785,87.37872810594914,86.73561129492582,87.14228820800781,868500,0.0,0.0,0.0
2023-12-01 00:00:00-05:00,86.99096737275764,88.03130144407768,86.79235151575242,87.9083480834961,535600,0.0,0.0,0.0
2023-12-04 00:00:00-05:00,87.13283013293561,87.42602051815848,86.86801859704903,87.2652359008789,877900,0.0,0.0,0.0
2023-12-05 00:00:00-05:00,86.87746638279577,87.16119711293565,86.65993852761223,86.90583801269531,614300,0.0,0.0,0.0
2023-12-06 00:00:00-05:00,87.8232371079288,87.95564287479556,87.15174865722656,87.15174865722656,650200,0.0,0.0,0.0
2023-12-07 00:00:00-05:00,87.2084961178282,87.99347835598022,86.84911004984737,87.51113891601562,792100,0.0,0.0,0.0
2023-12-08 00:00:00-05:00,87.29360984945714,88.08804441251645,87.29360984945714,87.80431365966797,860900,0.0,0.0,0.0
2023-12-11 00:00:00-05:00,87.61516634462099,88.44743217200657,87.61516634462099,88.1258773803711,760600,0.0,0.0,0.0
2023-12-12 00:00:00-05:00,88.04075240659161,88.4285172827502,87.76648848878757,88.39068603515625,765400,0.0,0.0,0.0
2023-12-13 00:00:00-05:00,88.57037800301806,89.95118599756006,88.16370113221943,89.83769226074219,789700,0.0,0.0,0.0
2023-12-14 00:00:00-05:00,90.34840589721888,90.83074527334567,90.10250640136978,90.47135925292969,778400,0.0,0.0,0.0
2023-12-15 00:00:00-05:00,90.20654219322276,90.47136092510932,89.79041290283203,89.79041290283203,568300,0.0,0.0,0.0
2023-12-18 00:00:00-05:00,90.17818978296117,90.17818978296117,89.67693827515812,90.04578399658203,858000,0.0,0.0,0.0
2023-12-19 00:00:00-05:00,90.52809444591293,90.94423090709218,90.52809444591293,90.86856842041016,823900,0.0,0.0,0.0
2023-12-20 00:00:00-05:00,90.78858469303212,91.15044862015792,89.8458480834961,89.8458480834961,429200,0.656,0.0,0.0
2023-12-21 00:00:00-05:00,90.95047772258313,91.41708371982013,90.66479642988786,91.35042572021484,736400,0.0,0.0,0.0
2023-12-22 00:00:00-05:00,91.42660164770298,91.58848431125035,91.05522035359945,91.30280303955078,604100,0.0,0.0,0.0
2023-12-26 00:00:00-05:00,91.34090344614123,91.98844142992026,91.34090344614123,91.8551254272461,714800,0.0,0.0,0.0
2023-12-27 00:00:00-05:00,91.93130635495473,92.40743700278534,91.88369038410083,92.35030364990234,557300,0.0,0.0,0.0
2023-12-28 00:00:00-05:00,92.47409682775057,92.66454618457028,92.15984885033852,92.18841552734375,554300,0.0,0.0,0.0
2023-12-29 00:00:00-05:00,92.33125078452942,92.56931609923743,91.97891150329792,92.22650146484375,442100,0.0,0.0,0.0
2024-01-02 00:00:00-05:00,91.06473976056634,91.18853837147239,90.5981337872423,90.74097442626953,817300,0.0,0.0,0.0
2024-01-03 00:00:00-05:00,89.70301188204047,89.99821782644072,89.31258852550452,89.7887191772461,461900,0.0,0.0,0.0
2024-01-04 00:00:00-05:00,89.47447212069628,90.21723478259916,89.47447212069628,89.74110412597656,740900,0.0,0.0,0.0
2024-01-05 00:00:00-05:00,89.41734410711103,90.35055618132712,89.33163680590802,89.5697021484375,534200,0.0,0.0,0.0
2024-01-08 00:00:00-05:00,89.81729406279354,90.87430478747972,89.81729406279354,90.85526275634766,826000,0.0,0.0,0.0
2024-01-09 00:00:00-05:00,90.02678148387106,90.44577876820836,90.02678148387106,90.26484680175781,439500,0.0,0.0,0.0
2024-01-10 00:00:00-05:00,90.82667774478404,91.27424170621966,90.73145307037107,91.13140106201172,421200,0.0,0.0,0.0
2024-01-11 00:00:00-05:00,91.3028119347218,91.4742192614056,90.34103324099686,91.18854522705078,667600,0.0,0.0,0.0
2024-01-12 00:00:00-05:00,91.85511995203287,92.06461859094102,91.46469661466688,91.62657928466797,563400,0.0,0.0,0.0
2024-01-16 00:00:00-05:00,90.36006826226125,90.67431621433813,89.92202896474956,90.14105224609375,1885400,0.0,0.0,0.0
2024-01-17 00:00:00-05:00,88.95072596257715,89.30305797184981,88.51267939859073,89.29353332519531,529900,0.0,0.0,0.0
2024-01-18 00:00:00-05:00,89.741105587571,90.38864358173113,89.67444758516528,90.36007690429688,458900,0.0,0.0,0.0
2024-01-19 00:00:00-05:00,90.11249236732738,90.69337239416669,89.82681831055287,90.65528106689453,547300,0.0,0.0,0.0
2024-01-22 00:00:00-05:00,90.96953136221988,91.24568804302427,90.79812401776124,90.96000671386719,633300,0.0,0.0,0.0
2024-01-23 00:00:00-05:00,90.43625965954568,90.81716564452648,90.29341900703072,90.76002502441406,662600,0.0,0.0,0.0
2024-01-24 00:00:00-05:00,91.95034552393594,92.14080213625,91.45517286227313,91.5123062133789,702900,0.0,0.0,0.0
2024-01-25 00:00:00-05:00,91.855117822053,91.95034249248219,91.5123031963666,91.9217758178711,6107600,0.0,0.0,0.0
2024-01-26 00:00:00-05:00,92.53122841553622,92.82643435770235,92.436003738944,92.55027770996094,1150800,0.0,0.0,0.0
2024-01-29 00:00:00-05:00,92.43600171089072,93.26447163593826,92.36934371222094,93.17876434326172,712400,0.0,0.0,0.0
2024-01-30 00:00:00-05:00,93.10259244094591,93.17877509541,92.69311975467369,92.96927642822266,664000,0.0,0.0,0.0
2024-01-31 00:00:00-05:00,93.24542081195266,93.64536879740898,92.38838422513425,92.49313354492188,836900,0.0,0.0,0.0
2024-02-01 00:00:00-05:00,92.86451472914614,93.85486730977435,92.84547270065458,93.80725860595703,739400,0.0,0.0,0.0
2024-02-02 00:00:00-05:00,92.93117973316713,93.15020303580587,92.59788972061024,93.07402038574219,565600,0.0,0.0,0.0
2024-02-05 00:00:00-05:00,92.69312418574133,93.07403021109266,92.20747608696708,92.84548950195312,465300,0.0,0.0,0.0
2024-02-06 00:00:00-05:00,92.7788177103627,93.45492235396819,92.75977568125394,93.39778900146484,414900,0.0,0.0,0.0
2024-02-07 00:00:00-05:00,93.45491701534806,93.74059829189935,93.39778366610847,93.5691909790039,622300,0.0,0.0,0.0
2024-02-08 00:00:00-05:00,93.6929886975397,93.75964669791253,93.44539872536474,93.68346405029297,513400,0.0,0.0,0.0
2024-02-09 00:00:00-05:00,94.02628019407251,94.43575285006524,93.78821486535993,94.36909484863281,490900,0.0,0.0,0.0
2024-02-12 00:00:00-05:00,94.10246058571973,94.57859123172422,94.09293593855006,94.26434326171875,625000,0.0,0.0,0.0
2024-02-13 00:00:00-05:00,92.81691737628775,93.15020740447567,92.25507938719007,92.616943359375,655800,0.0,0.0,0.0
2024-02-14 00:00:00-05:00,93.34063878512916,94.03579265153455,93.28350543850111,94.0262680053711,1134900,0.0,0.0,0.0
2024-02-15 00:00:00-05:00,94.5309682775035,95.07375688324261,94.5309682775035,95.06423950195312,455100,0.0,0.0,0.0
2024-02-16 00:00:00-05:00,94.9785452520778,95.6546499404459,94.83570459618537,95.15947723388672,363000,0.0,0.0,0.0
2024-02-20 00:00:00-05:00,95.5879811667978,95.81652909654696,95.04519254770284,95.36896514892578,454900,0.0,0.0,0.0
2024-02-21 00:00:00-05:00,95.05472126278008,95.41657793593873,94.88331394072029,95.31182861328125,592200,0.0,0.0,0.0
2024-02-22 00:00:00-05:00,96.27361219163014,96.77830949835786,96.22600348760834,96.72117614746094,436500,0.0,0.0,0.0
2024-02-23 00:00:00-05:00,96.99733954802355,97.12113090532314,96.72118289080687,96.90211486816406,374200,0.0,0.0,0.0
2024-02-26 00:00:00-05:00,97.23539949773081,97.23539949773081,96.77831088845939,97.0068588256836,348900,0.0,0.0,0.0
2024-02-27 00:00:00-05:00,96.85449986768803,97.13065652767625,96.73070850914606,97.05447387695312,338500,0.0,0.0,0.0
2024-02-28 00:00:00-05:00,96.31170434207404,96.54976965976063,96.1879129923407,96.40692901611328,397100,0.0,0.0,0.0
2024-02-29 00:00:00-05:00,96.94021025192515,97.04495958370954,96.12126489352592,96.71166229248047,639000,0.0,0.0,0.0
2024-03-01 00:00:00-05:00,97.12112357622645,97.86388619432734,96.73070023871203,97.83531951904297,439100,0.0,0.0,0.0
2024-03-04 00:00:00-05:00,97.5782156738543,98.00673034883296,97.549648997546,97.75914764404297,470000,0.0,0.0,0.0
2024-03-05 00:00:00-05:00,97.66391195178525,97.89245988382794,96.8449666915743,97.10208129882812,463500,0.0,0.0,0.0
2024-03-06 00:00:00-05:00,98.19718586711859,98.69235853633346,97.94959589992264,98.40667724609375,438400,0.0,0.0,0.0
2024-03-07 00:00:00-05:00,99.0256591221045,99.968403121614,99.0256591221045,99.8446044921875,654800,0.0,0.0,0.0
2024-03-08 00:00:00-05:00,99.99695744250205,100.05409079352864,98.90185553503862,99.1018295288086,374700,0.0,0.0,0.0
2024-03-11 00:00:00-04:00,98.47333082716459,98.62568883608647,98.10194228784471,98.53046417236328,551400,0.0,0.0,0.0
2024-03-12 00:00:00-04:00,98.69235171213742,99.6446129268552,98.25431242518842,99.60652160644531,577700,0.0,0.0,0.0
2024-03-13 00:00:00-04:00,99.50177670863778,99.69223331914188,99.3018027164911,99.48273468017578,332500,0.0,0.0,0.0
2024-03-14 00:00:00-04:00,99.57797316225168,99.65415581701829,98.28289709193075,98.66380310058594,3817400,0.0,0.0,0.0
2024-03-15 00:00:00-04:00,98.65426530585707,98.65426530585707,97.9495940061145,98.30193328857422,1462200,0.0,0.0,0.0
2024-03-18 00:00:00-04:00,98.54000046724713,98.59713381919985,98.22575250115308,98.27336120605469,629300,0.0,0.0,0.0
2024-03-19 00:00:00-04:00,98.05434422058204,98.48285888638821,97.77818758021789,98.18766021728516,740300,0.0,0.0,0.0
2024-03-20 00:00:00-04:00,98.1876609205513,99.32085416582119,98.09243624582086,99.25419616699219,655600,0.0,0.0,0.0
2024-03-21 00:00:00-04:00,99.29228430999598,99.51130760954666,99.12087698235808,99.19705963134766,441300,0.0,0.0,0.0
2024-03-22 00:00:00-04:00,99.02565221131884,99.0923102128282,98.72092888082216,98.86376953125,322800,0.0,0.0,0.0
2024-03-25 00:00:00-04:00,98.45429454070161,98.87329183464274,98.45429454070161,98.49238586425781,493800,0.0,0.0,0.0
2024-03-26 00:00:00-04:00,99.02564224370097,99.02564224370097,98.58760295427726,98.62569427490234,827000,0.0,0.0,0.0
2024-03-27 00:00:00-04:00,98.93994909740582,99.13992309570312,98.61617648217894,99.13992309570312,1172600,0.0,0.0,0.0
2024-03-28 00:00:00-04:00,98.74949015709034,98.99708011994566,98.73044812849079,98.83519744873047,726000,0.0,0.0,0.0
2024-04-01 00:00:00-04:00,98.6542631238856,99.05421110150098,98.31144849587908,98.46381378173828,568300,0.0,0.0,0.0
2024-04-02 00:00:00-04:00,97.3401476435257,97.41633028834686,97.0163750356242,97.38775634765625,614500,0.0,0.0,0.0
2024-04-03 00:00:00-04:00,97.00686442258188,97.94960110619859,97.00686442258188,97.76866912841797,314100,0.0,0.0,0.0
2024-04-04 00:00:00-04:00,98.27337034107192,98.27337034107192,96.55930423656557,96.64500427246094,484100,0.0,0.0,0.0
2024-04-05 00:00:00-04:00,96.59738620748041,97.29253287078646,96.4545455629782,97.07351684570312,556000,0.0,0.0,0.0
2024-04-08 00:00:00-04:00,97.44490365835571,97.6067863408394,97.23540500329334,97.36872100830078,497300,0.0,0.0,0.0
2024-04-09 00:00:00-04:00,97.70201773560375,97.7782003908945,96.74975634000297,97.34968566894531,364600,0.0,0.0,0.0
2024-04-10 00:00:00-04:00,95.72129513030072,96.34026637952122,95.57846175870694,95.93079376220703,371600,0.0,0.0,0.0
2024-04-11 00:00:00-04:00,96.32122807196177,96.56881803424808,95.23565081486079,96.45454406738281,316900,0.0,0.0,0.0
2024-04-12 00:00:00-04:00,95.28325494483774,95.58797824334023,94.38813434214845,94.53096771240234,504100,0.0,0.0,0.0
2024-04-15 00:00:00-04:00,95.79747802057354,95.79747802057354,93.96913820766196,94.08341217041016,259100,0.0,0.0,0.0
2024-04-16 00:00:00-04:00,93.65489643439177,94.08341837407089,93.28351511244279,93.66442108154297,315800,0.0,0.0,0.0
2024-04-17 00:00:00-04:00,94.08341155472439,94.15006954959715,92.98830969737783,93.41682434082031,653300,0.0,0.0,0.0
2024-04-18 00:00:00-04:00,93.32161258084354,93.65490260131104,92.87404858256822,92.97879791259766,353800,0.0,0.0,0.0
2024-04-19 00:00:00-04:00,92.95974138348234,93.24541538567955,92.32172085503807,92.53121948242188,315200,0.0,0.0,0.0
2024-04-22 00:00:00-04:00,93.15972378037691,94.064369100156,93.0644991043755,93.7310791015625,273800,0.0,0.0,0.0
2024-04-23 00:00:00-04:00,94.11198803504291,95.12138270977015,94.11198803504291,95.03568267822266,366500,0.0,0.0,0.0
2024-04-24 00:00:00-04:00,95.36896816200252,95.40705948483082,94.52145620830922,94.89283752441406,531100,0.0,0.0,0.0
2024-04-25 00:00:00-04:00,93.24542086374684,94.48336340819183,93.04544687090761,94.34052276611328,376900,0.0,0.0,0.0
2024-04-26 00:00:00-04:00,94.80713571936397,95.39754035961106,94.57859503434273,95.25469970703125,257100,0.0,0.0,0.0
2024-04-29 00:00:00-04:00,95.46418670656772,95.59750269531787,95.15946340868497,95.51180267333984,301600,0.0,0.0,0.0
2024-04-30 00:00:00-04:00,95.07376932480183,95.3975419604276,94.08342391803214,94.15959930419922,341000,0.0,0.0,0.0
2024-05-01 00:00:00-04:00,94.21673984301853,95.2166098966275,93.70251784465783,93.82630920410156,343000,0.0,0.0,0.0
2024-05-02 00:00:00-04:00,94.949973179837,95.31182985772024,94.25482650059064,95.13090515136719,283800,0.0,0.0,0.0
2024-05-03 00:00:00-04:00,96.43549789553093,96.50215589539935,95.74035122049982,96.31170654296875,207800,0.0,0.0,0.0
2024-05-06 00:00:00-04:00,96.74974736716477,97.06399534221148,96.60690671803651,96.9973373413086,255100,0.0,0.0,0.0
2024-05-07 00:00:00-04:00,97.28301239013672,97.54011972990932,97.13064710347389,97.28301239013672,312500,0.0,0.0,0.0
2024-05-08 00:00:00-04:00,97.0449470786086,97.40680373666771,96.98780646352166,97.28301239013672,257800,0.0,0.0,0.0
2024-05-09 00:00:00-04:00,97.30206666611527,98.02578733850736,97.2830246354739,97.9591293334961,303000,0.0,0.0,0.0
2024-05-10 00:00:00-04:00,98.22575913925955,98.4066838543958,97.72106178909756,98.05435180664062,276400,0.0,0.0,0.0
2024-05-13 00:00:00-04:00,98.18767002708078,98.22576135354117,97.88294668057532,97.9591293334961,221300,0.0,0.0,0.0
2024-05-14 00:00:00-04:00,98.30193880526534,98.78758684528975,97.98769082747735,98.73045349121094,184300,0.0,0.0,0.0
2024-05-15 00:00:00-04:00,99.21610823270676,100.10171154178299,99.11135890737258,100.04457092285156,243300,0.0,0.0,0.0
2024-05-16 00:00:00-04:00,99.98743966965466,100.18741367717269,99.4732176795323,99.54940032958984,250900,0.0,0.0,0.0
2024-05-17 00:00:00-04:00,99.50177455891946,99.79698048252874,99.27323389642895,99.71127319335938,247000,0.0,0.0,0.0
2024-05-20 00:00:00-04:00,99.81603020486581,100.22550285869607,99.73984755643757,99.9112548828125,266000,0.0,0.0,0.0
2024-05-21 00:00:00-04:00,99.50178532890762,99.73985066377975,99.35894467494884,99.7017593383789,204800,0.0,0.0,0.0
2024-05-22 00:00:00-04:00,99.1113662159789,99.24468222802109,98.47335283475161,98.84473419189453,376100,0.0,0.0,0.0
2024-05-23 00:00:00-04:00,99.91124451552305,100.03504312266729,98.35906135704035,98.60665130615234,247800,0.0,0.0,0.0
2024-05-24 00:00:00-04:00,99.00660272975067,99.5113000267884,98.81614612178953,99.39702606201172,196500,0.0,0.0,0.0
2024-05-28 00:00:00-04:00,99.50177749414826,99.50177749414826,98.63522352133833,99.03517150878906,290700,0.0,0.0,0.0
2024-05-29 00:00:00-04:00,97.58774431091437,97.8162849959018,97.31158765334827,97.36872100830078,269100,0.0,0.0,0.0
2024-05-30 00:00:00-04:00,97.96863782403209,98.38763511188813,95.44515124538185,98.0733871459961,363800,0.0,0.0,0.0
2024-05-31 00:00:00-04:00,98.70189353179855,98.93995887689927,98.0257888235338,98.84473419189453,327800,0.0,0.0,0.0
2024-06-03 00:00:00-04:00,99.14945092461214,99.39703363606232,98.59713761720369,99.19705963134766,529300,0.0,0.0,0.0
2024-06-04 00:00:00-04:00,99.37798852010977,99.57796251861402,98.92089990554504,99.47321319580078,315900,0.0,0.0,0.0
2024-06-05 00:00:00-04:00,100.21597750275276,100.75876615490596,99.70175552726388,100.69210815429688,339900,0.0,0.0,0.0
2024-06-06 00:00:00-04:00,101.10157461995477,101.36820660607889,100.85399192722623,101.1777572631836,21337600,0.0,0.0,0.0
2024-06-07 00:00:00-04:00,100.44452211908447,100.74924543537131,100.0826581861847,100.16836547851562,2563600,0.0,0.0,0.0
2024-06-10 00:00:00-04:00,99.53987180127328,100.3397750653369,99.37798912509535,100.27311706542969,1220800,0.0,0.0,0.0
2024-06-11 00:00:00-04:00,99.32233672911592,99.62965753752113,98.79413298219454,99.41837310791016,2406200,0.89,0.0,0.0
2024-06-12 00:00:00-04:00,101.11824915953186,101.49279617360372,100.54202354766021,100.81092834472656,903200,0.0,0.0,0.0
2024-06-13 00:00:00-04:00,100.1386633281454,100.19629102078329,99.00541640102023,99.44719696044922,589000,0.0,0.0,0.0
2024-06-14 00:00:00-04:00,98.02582750701832,98.32354248004823,97.61286448292552,98.27552795410156,1002500,0.0,0.0,0.0
2024-06-17 00:00:00-04:00,97.99701774295013,98.69808990702376,97.65128091539658,98.55403900146484,710400,0.0,0.0,0.0
2024-06-18 00:00:00-04:00,98.54443802113306,99.01502143239418,97.96821238918588,98.89017486572266,487500,0.0,0.0,0.0
2024-06-20 00:00:00-04:00,98.78452746510708,99.07264392952602,98.41958629366832,98.84214782714844,638400,0.0,0.0,0.0
2024-06-21 00:00:00-04:00,98.15067004277049,98.3235384487241,97.69929834726928,98.20829772949219,422000,0.0,0.0,0.0
2024-06-24 00:00:00-04:00,98.86136269491203,99.26471989645218,98.46760400261834,98.49641418457031,518500,0.0,0.0,0.0
2024-06-25 00:00:00-04:00,98.58285330032659,99.16868476442295,98.40037904285536,99.04383087158203,551200,0.0,0.0,0.0
2024-06-26 00:00:00-04:00,98.29473473651377,98.60205555319621,98.16988817342931,98.37156677246094,601900,0.0,0.0,0.0
2024-06-27 00:00:00-04:00,98.59245184503266,98.76531292613909,98.18908734113347,98.46759796142578,579200,0.0,0.0,0.0
2024-06-28 00:00:00-04:00,98.20830334270995,98.70769691783842,97.82415049340013,98.24671936035156,592700,0.0,0.0,0.0
2024-07-01 00:00:00-04:00,98.45800615788953,98.65969210213632,97.7473280793337,98.06425476074219,481500,0.0,0.0,0.0
2024-07-02 00:00:00-04:00,97.69930592738896,98.44839996893872,97.54564185368321,98.35236358642578,854300,0.0,0.0,0.0
2024-07-03 00:00:00-04:00,99.13026397152743,99.50481097779921,99.11105229950495,99.41837310791016,375500,0.0,0.0,0.0
2024-07-05 00:00:00-04:00,100.31152905953013,100.32113489589638,99.45679280059159,100.20588684082031,283900,0.0,0.0,0.0
2024-07-08 00:00:00-04:00,100.37876039083011,100.46519826833209,99.6200678025602,99.68729400634766,416900,0.0,0.0,0.0
2024-07-09 00:00:00-04:00,99.81213178620442,99.81213178620442,99.20709600540523,99.41837310791016,577700,0.0,0.0,0.0
2024-07-10 00:00:00-04:00,100.28272410456196,101.05102985756949,100.15787753371858,100.96459197998047,989000,0.0,0.0,0.0
2024-07-11 00:00:00-04:00,101.6848766124881,101.81932902117255,100.90697234408425,100.95499420166016,517600,0.0,0.0,0.0
2024-07-12 00:00:00-04:00,101.71368820349251,102.69327102791067,101.71368820349251,102.20347595214844,509700,0.0,0.0,0.0
2024-07-15 00:00:00-04:00,102.16506147848658,102.16506147848658,101.05102623636492,101.17587280273438,351000,0.0,0.0,0.0
2024-07-16 00:00:00-04:00,101.09904357584143,101.73289691604866,100.9645911692108,101.6944808959961,418900,0.0,0.0,0.0
2024-07-17 00:00:00-04:00,100.56122706830908,100.76290566445495,99.96578978889785,100.10984802246094,411700,0.0,0.0,0.0
2024-07-18 00:00:00-04:00,100.27312107883333,100.3499457889888,98.44840049294982,98.76531982421875,400100,0.0,0.0,0.0
2024-07-19 00:00:00-04:00,98.56363911335524,98.7269090208207,98.12186589920925,98.23711395263672,221800,0.0,0.0,0.0
2024-07-22 00:00:00-04:00,99.05342706988868,99.44718572883254,98.87095283017268,99.37035369873047,499000,0.0,0.0,0.0
2024-07-23 00:00:00-04:00,98.9093744486013,99.23590693148086,98.75571770679792,98.97660064697266,455100,0.0,0.0,0.0
2024-07-24 00:00:00-04:00,98.57325099733762,98.63087136403344,97.21912109023957,97.26713562011719,349600,0.0,0.0,0.0
2024-07-25 00:00:00-04:00,96.19150671654873,97.22870984858224,95.54804760218455,96.16268920898438,391200,0.0,0.0,0.0
2024-07-26 00:00:00-04:00,97.15188852965385,97.85296070226748,96.98861862285477,97.67048645019531,365500,0.0,0.0,0.0
2024-07-29 00:00:00-04:00,97.44960829202101,97.64168106260678,96.97902487511134,97.29594421386719,351800,0.0,0.0,0.0
2024-07-30 00:00:00-04:00,97.91057733165603,99.57203522801147,96.96941057993342,97.4592056274414,284100,0.0,0.0,0.0
2024-07-31 00:00:00-04:00,99.18788506760423,99.73530049060022,98.80373222247759,99.26471710205078,316600,0.0,0.0,0.0
2024-08-01 00:00:00-04:00,98.12186250760895,98.58284737827859,96.05704741615129,96.58525848388672,484800,0.0,0.0,0.0
2024-08-02 00:00:00-04:00,95.09667642395151,95.27915068473443,93.8769989454667,94.73173522949219,404700,0.0,0.0,0.0
2024-08-05 00:00:00-04:00,91.22634548908862,93.7713498072606,91.063082913644,93.00304412841797,652700,0.0,0.0,0.0
2024-08-06 00:00:00-04:00,92.78216759335021,94.27075720115307,92.53246713143157,93.5984878540039,467800,0.0,0.0,0.0
2024-08-07 00:00:00-04:00,95.16389763826157,95.47122577804275,93.6368994110311,93.68492126464844,490100,0.0,0.0,0.0
2024-08-08 00:00:00-04:00,94.75093980532681,95.86497497855268,94.34757529448937,95.72091674804688,326400,0.0,0.0,0.0
2024-08-09 00:00:00-04:00,95.27915068753926,96.0570549326152,95.14469828288678,96.01864624023438,558600,0.0,0.0,0.0
2024-08-12 00:00:00-04:00,95.80735980530999,96.17230099219498,95.53845500159406,95.7689437866211,766400,0.0,0.0,0.0
2024-08-13 00:00:00-04:00,96.59486997158598,97.87217511767747,96.58526413512712,97.76653289794922,821800,0.0,0.0,0.0
2024-08-14 00:00:00-04:00,97.97780565847158,98.27552795862123,97.76652855550563,98.1314697265625,284000,0.0,0.0,0.0
2024-08-15 00:00:00-04:00,98.88056509756373,99.6872868118987,98.88056509756373,99.53362274169922,356100,0.0,0.0,0.0
2024-08-16 00:00:00-04:00,99.63927224193237,100.10025715912319,99.53363001772419,99.9657974243164,405300,0.0,0.0,0.0
2024-08-19 00:00:00-04:00,100.39795700187614,101.29110919082835,100.18667258535541,101.25269317626953,306000,0.0,0.0,0.0
2024-08-20 00:00:00-04:00,101.03181818383563,101.4447812438335,100.75331485865475,100.96459197998047,349000,0.0,0.0,0.0
2024-08-21 00:00:00-04:00,101.5600188533587,102.15545611701833,101.26230388508185,102.02100372314453,249800,0.0,0.0,0.0
2024-08-22 00:00:00-04:00,102.44357093624342,102.5204029733238,100.41717175266308,101.3391342163086,282900,0.0,0.0,0.0
2024-08-23 00:00:00-04:00,102.12664156051595,103.17345788833265,101.93456880003336,103.10623168945312,286500,0.0,0.0,0.0
2024-08-26 00:00:00-04:00,102.68365997853988,102.73168183088293,102.16505474707986,102.29950714111328,272800,0.0,0.0,0.0
2024-08-27 00:00:00-04:00,102.28030321565144,102.97177686043224,102.22268285428837,102.72207641601562,272900,0.0,0.0,0.0
2024-08-28 00:00:00-04:00,102.80852193468553,103.01020054156825,101.9729899972229,102.5780258178711,262700,0.0,0.0,0.0
2024-08-29 00:00:00-04:00,103.04861292250199,103.69206473989968,102.7604964502103,102.93336486816406,282800,0.0,0.0,0.0
2024-08-30 00:00:00-04:00,103.28870838104604,103.5864233649593,102.56842452156066,103.2022705078125,229300,0.0,0.0,0.0
2024-09-03 00:00:00-04:00,102.57802366516572,102.70287755759665,100.83974095153239,101.051025390625,315000,0.0,0.0,0.0
2024-09-04 00:00:00-04:00,100.03302573936631,100.87815616185834,99.90817184793583,100.34994506835938,414700,0.0,0.0,0.0
2024-09-05 00:00:00-04:00,99.52402367607098,99.86976053043385,99.07265192514242,99.55284118652344,8566100,0.0,0.0,0.0
2024-09-06 00:00:00-04:00,99.45679832168842,99.91778324047685,97.40158885159957,97.53604125976562,1224600,0.0,0.0,0.0
2024-09-09 00:00:00-04:00,98.46760599516826,99.09185348281599,98.33315359193415,98.7461166381836,706800,0.0,0.0,0.0
2024-09-10 00:00:00-04:00,98.44840326276461,98.65968770762589,97.51683493429803,98.42919158935547,652700,0.0,0.0,0.0
2024-09-11 00:00:00-04:00,98.65968573002787,99.53362634785576,97.49762130658402,99.46640014648438,591600,0.0,0.0,0.0
2024-09-12 00:00:00-04:00,99.49521038466601,100.47480055046229,99.09185317621174,100.32113647460938,394700,0.0,0.0,0.0
2024-09-13 00:00:00-04:00,100.32112927187423,100.8205301554344,100.27311474694729,100.45558166503906,313200,0.0,0.0,0.0
2024-09-16 00:00:00-04:00,100.9357777629156,101.13745636642165,100.49400453707764,101.04141998291016,357500,0.0,0.0,0.0
2024-09-17 00:00:00-04:00,100.86855235358281,100.98380041096516,99.99461173152939,100.31153106689453,458700,0.0,0.0,0.0
2024-09-18 00:00:00-04:00,100.35954400338608,101.30071807059798,99.66807037475787,99.76410675048828,302300,0.0,0.0,0.0
2024-09-19 00:00:00-04:00,102.23228411057983,102.67406464992273,101.713686190163,102.38594818115234,349500,0.0,0.0,0.0
2024-09-20 00:00:00-04:00,101.55041621854593,101.56002205472713,100.60924943176195,101.09903717041016,300100,0.0,0.0,0.0
2024-09-23 00:00:00-04:00,101.37755023484878,101.55041865472646,101.09903959576216,101.3391342163086,269000,0.0,0.0,0.0
2024-09-24 00:00:00-04:00,101.62724790585983,102.15545898742445,101.31992709306937,102.10743713378906,278100,0.0,0.0,0.0
2024-09-25 00:00:00-04:00,102.30911445621454,102.5396032311606,101.65605682127904,101.7040786743164,335800,0.0,0.0,0.0
2024-09-26 00:00:00-04:00,104.21067216313945,104.59482502515661,103.65365087956987,104.46036529541016,342900,0.0,0.0,0.0
2024-09-27 00:00:00-04:00,103.78810236632184,104.5083862285829,103.47117570842144,103.62483978271484,317500,0.0,0.0,0.0
2024-09-30 00:00:00-04:00,103.65364753341571,103.89374214853738,102.7508894358842,103.3847427368164,310200,0.0,0.0,0.0
2024-10-01 00:00:00-04:00,103.54800652111878,103.66325457547603,101.9153660501421,102.64524841308594,412600,0.0,0.0,0.0
2024-10-02 00:00:00-04:00,102.13624614204312,102.76049359660257,101.80972098781248,102.5588150024414,395500,0.0,0.0,0.0
2024-10-03 00:00:00-04:00,101.59844251958347,102.21308417417318,100.83974262439477,101.44477844238281,333400,0.0,0.0,0.0
2024-10-04 00:00:00-04:00,101.35834384323505,102.07862769033554,101.29111764392324,101.95378112792969,276900,0.0,0.0,0.0
2024-10-07 00:00:00-04:00,101.5792194710063,101.76169371047105,100.89735169077707,101.23348999023438,343700,0.0,0.0,0.0
2024-10-08 00:00:00-04:00,101.14705657306367,101.54081524878248,101.0894362115852,101.43517303466797,327300,0.0,0.0,0.0
2024-10-09 00:00:00-04:00,100.9069623824581,101.78091027973684,100.9069623824581,101.71368408203125,285900,0.0,0.0,0.0
2024-10-10 00:00:00-04:00,100.85894614144296,101.26231067722586,100.58044282624236,101.17587280273438,247800,0.0,0.0,0.0
2024-10-11 00:00:00-04:00,101.22389786718246,102.07863416713886,101.22389786718246,101.97299194335938,244300,0.0,0.0,0.0
2024-10-14 00:00:00-04:00,101.73288738441616,102.53960174861666,101.73288738441616,102.29950714111328,243700,0.0,0.0,0.0
2024-10-15 00:00:00-04:00,102.09782907453102,102.32832517443458,99.9369775959005,100.14826202392578,307000,0.0,0.0,0.0
2024-10-16 00:00:00-04:00,100.0618371002031,100.31153023179311,99.86015849679283,100.0426254272461,275800,0.0,0.0,0.0
2024-10-17 00:00:00-04:00,100.49400404806883,100.61885061331562,100.04262498794424,100.1962890625,262800,0.0,0.0,0.0
2024-10-18 00:00:00-04:00,100.66687138498186,101.03181256746463,100.46519278462773,100.9261703491211,251400,0.0,0.0,0.0
2024-10-21 00:00:00-04:00,100.25390338645768,100.59964020627062,99.52401373050749,99.73529815673828,251500,0.0,0.0,0.0
2024-10-22 00:00:00-04:00,99.06303247198139,99.45678380209672,98.95739026282969,99.09184265136719,255900,0.0,0.0,0.0
2024-10-23 00:00:00-04:00,98.14107037402871,98.56363188472649,97.46880110233182,98.08344268798828,334300,0.0,0.0,0.0
2024-10-24 00:00:00-04:00,98.8421461188642,99.07264221725815,98.18908849429327,98.59245300292969,881100,0.0,0.0,0.0
2024-10-25 00:00:00-04:00,98.75572078924391,99.21669835614853,98.12186747586715,98.35236358642578,410600,0.0,0.0,0.0
2024-10-28 00:00:00-04:00,98.8133416477557,99.38956727282287,98.7269111011935,99.19749450683594,294900,0.0,0.0,0.0
2024-10-29 00:00:00-04:00,98.71730401110169,99.04382917455405,98.49641373862619,98.79413604736328,525900,0.0,0.0,0.0
2024-10-30 00:00:00-04:00,97.62248111830866,98.49642178911941,97.54564907576729,97.7857437133789,555600,0.0,0.0,0.0
2024-10-31 00:00:00-04:00,97.29593775655704,97.29593775655704,96.13388071929126,96.84455871582031,1110200,0.0,0.0,0.0
2024-11-01 00:00:00-04:00,97.44959661063956,97.74731156749205,96.9982175940531,97.08464813232422,863100,0.0,0.0,0.0
2024-11-04 00:00:00-05:00,97.53604003544622,97.7857405019517,96.92139836951473,96.9886245727539,513800,0.0,0.0,0.0
2024-11-05 00:00:00-05:00,97.19029405788652,98.17948999426015,96.97901695833218,98.01622009277344,298900,0.0,0.0,0.0
2024-11-06 00:00:00-05:00,96.9598054832017,96.9598054832017,96.04744890488865,96.72931671142578,270100,0.0,0.0,0.0
2024-11-07 00:00:00-05:00,97.69930435010399,98.63086530525705,97.69930435010399,98.38117218017578,360600,0.0,0.0,0.0
2024-11-08 00:00:00-05:00,97.55524849132172,97.55524849132172,96.88297915399694,97.33435821533203,9394900,0.0,0.0,0.0
2024-11-11 00:00:00-05:00,97.81455105234642,97.91058743917621,97.35357346472075,97.55525207519531,1008800,0.0,0.0,0.0
2024-11-12 00:00:00-05:00,96.57565980012171,96.65249183877428,95.20231824940959,95.7401351928711,950100,0.0,0.0,0.0
2024-11-13 00:00:00-05:00,95.22152551846875,95.31756189878938,94.51084751156877,95.10627746582031,646500,0.0,0.0,0.0
2024-11-14 00:00:00-05:00,95.70171272275809,95.84577095374478,94.93340704223311,95.0006332397461,635100,0.0,0.0,0.0
2024-11-15 00:00:00-05:00,94.53005742702433,94.53005742702433,93.80977354151733,94.00184631347656,874200,0.0,0.0,0.0
2024-11-18 00:00:00-05:00,93.90580229607744,94.71252399238107,93.73293388451995,94.43401336669922,662600,0.0,0.0,0.0
2024-11-19 00:00:00-05:00,93.65610227199562,94.81816663258545,93.59848191025286,94.56846618652344,630100,0.0,0.0,0.0
2024-11-20 00:00:00-05:00,94.26114653971196,94.40520477294922,93.65610342553671,94.40520477294922,571800,0.0,0.0,0.0
2024-11-21 00:00:00-05:00,94.18431091267884,94.61647826880085,93.8481799326833,94.47242736816406,588300,0.0,0.0,0.0
2024-11-22 00:00:00-05:00,94.62609298028045,95.24073463766898,94.37639251724558,95.01985168457031,537900,0.0,0.0,0.0
2024-11-25 00:00:00-05:00,95.91300203572803,96.17230100302433,95.25994437215594,95.62488555908203,590600,0.0,0.0,0.0
2024-11-26 00:00:00-05:00,95.59606731786616,95.67289934877547,94.91419952953379,95.20230865478516,554000,0.0,0.0,0.0
2024-11-27 00:00:00-05:00,95.7305301997071,96.05705537619768,95.49043557213231,95.86498260498047,544800,0.0,0.0,0.0
2024-11-29 00:00:00-05:00,96.08586775526679,97.22871313906214,94.1170889834441,97.10386657714844,421400,0.0,0.0,0.0
2024-12-02 00:00:00-05:00,97.29593384448059,97.98740746826546,96.58525587652647,97.776123046875,652600,0.0,0.0,0.0
2024-12-03 00:00:00-05:00,98.28513291889301,98.72691348009947,98.01622810918929,98.43879699707031,483600,0.0,0.0,0.0
2024-12-04 00:00:00-05:00,98.75571685617511,99.14946820692842,98.51562224590168,98.85175323486328,770200,0.0,0.0,0.0
2024-12-05 00:00:00-05:00,99.1782848784711,99.26472275392153,98.79413933857832,98.87096405029297,983400,0.0,0.0,0.0
2024-12-06 00:00:00-05:00,99.3511508248653,99.44719453455008,98.96700529455148,99.20709991455078,635000,0.0,0.0,0.0
2024-12-09 00:00:00-05:00,99.68728554361729,99.80252626769459,98.96700170970996,98.9862060546875,655900,0.0,0.0,0.0
2024-12-10 00:00:00-05:00,98.63086287103475,98.67888472388391,97.8145426623411,97.85295867919922,517500,0.0,0.0,0.0
2024-12-11 00:00:00-05:00,98.43878863378252,98.8517516499158,98.33314642078756,98.73650360107422,518900,0.0,0.0,0.0
2024-12-12 00:00:00-05:00,98.23711470924769,98.62126756319175,97.70890361918633,97.79534149169922,550200,0.0,0.0,0.0
2024-12-13 00:00:00-05:00,97.85296422482396,97.9201904263591,97.1038701714021,97.18070220947266,787800,0.0,0.0,0.0
2024-12-16 00:00:00-05:00,97.26713201431019,97.73771542146307,97.11347526644872,97.33435821533203,574300,0.0,0.0,0.0
2024-12-17 00:00:00-05:00,97.31017279585465,97.71632243241666,97.24248241937728,97.3488540649414,736400,0.695,0.0,0.0
2024-12-18 00:00:00-05:00,97.37786796672759,97.56160215951137,94.60255501681478,94.7669448852539,640000,0.0,0.0,0.0
2024-12-19 00:00:00-05:00,95.11506921571092,95.17308743351293,94.32212160239158,94.44783020019531,1185500,0.0,0.0,0.0
2024-12-20 00:00:00-05:00,92.94896667321606,94.61221701059054,92.7362233778885,93.7902603149414,1021500,0.0,0.0,0.0
2024-12-23 00:00:00-05:00,94.02235618382824,94.56387925385106,93.55818828259547,94.5155258178711,768800,0.0,0.0,0.0
2024-12-24 00:00:00-05:00,94.50585053920545,97.40687931111844,94.13838217303663,94.66056823730469,484600,0.0,0.0,0.0
2024-12-26 00:00:00-05:00,94.96033836066276,95.2891254561897,94.68957685710978,95.01836395263672,522700,0.0,0.0,0.0
2024-12-27 00:00:00-05:00,94.87332177605734,95.02803949086945,94.27377310912654,94.83464050292969,750100,0.0,0.0,0.0
2024-12-30 00:00:00-05:00,93.90630960901451,94.27377062750656,93.43247693664614,93.81927490234375,931300,0.0,0.0,0.0
2024-12-31 00:00:00-05:00,94.10937647405984,96.36251067249363,93.44213747149155,93.63554382324219,704500,0.0,0.0,0.0
2025-01-02 00:00:00-05:00,93.62587717651529,94.12871896529231,93.09401889999292,93.38412475585938,583600,0.0,0.0,0.0
2025-01-03 00:00:00-05:00,93.63554428042426,93.95465922909744,93.21972984425257,93.83861541748047,763700,0.0,0.0,0.0
2025-01-06 00:00:00-05:00,94.6605736877786,95.53088384500373,94.6605736877786,94.97001647949219,820800,0.0,0.0,0.0
2025-01-07 00:00:00-05:00,95.76296314966035,95.89834390859339,94.66057275394967,94.84430694580078,681800,0.0,0.0,0.0
2025-01-08 00:00:00-05:00,94.44783183631695,94.97001793867526,94.14806120221613,94.77661895751953,622900,0.0,0.0,0.0
2025-01-10 00:00:00-05:00,94.14805846948082,94.33179266063443,93.28742048623171,93.51950073242188,719900,0.0,0.0,0.0
2025-01-13 00:00:00-05:00,92.2333738270618,93.03599357297576,92.2043647192308,93.02632141113281,1091200,0.0,0.0,0.0
2025-01-14 00:00:00-05:00,93.03599047909071,93.22939682102869,92.55248569079212,92.92961883544922,501300,0.0,0.0,0.0
2025-01-15 00:00:00-05:00,94.29311731771115,94.38014464886666,93.68389648882864,94.03202056884766,514700,0.0,0.0,0.0
2025-01-16 00:00:00-05:00,94.81529759677929,95.40517406393421,94.41882010541043,94.88298797607422,747200,0.0,0.0,0.0
2025-01-17 00:00:00-05:00,95.4631946149579,95.87900906299174,95.26012347210856,95.33747863769531,537800,0.0,0.0,0.0
2025-01-21 00:00:00-05:00,96.71063512597418,97.48423840306677,96.58491915239438,97.4068832397461,1864300,0.0,0.0,0.0
2025-01-22 00:00:00-05:00,98.02577570494998,98.14181214693882,97.72599768184901,97.76467895507812,557900,0.0,0.0,0.0
2025-01-23 00:00:00-05:00,97.84202978463162,98.42223405818989,97.54225917512767,98.3448715209961,605300,0.0,0.0,0.0
2025-01-24 00:00:00-05:00,99.10881472561604,99.4279296735604,98.89607142698648,99.05079650878906,526600,0.0,0.0,0.0
2025-01-27 00:00:00-05:00,97.72599332051225,98.4415857767674,97.72599332051225,98.38356018066406,740300,0.0,0.0,0.0
2025-01-28 00:00:00-05:00,98.13213799407505,98.39322734132446,97.55192632872473,98.27718353271484,514500,0.0,0.0,0.0
2025-01-29 00:00:00-05:00,98.38355591110503,98.50927188245808,97.81302378101857,98.1998291015625,623400,0.0,0.0,0.0
2025-01-30 00:00:00-05:00,98.98310444227616,99.79538897479647,98.88640495664725,99.28287506103516,869800,0.0,0.0,0.0
2025-01-31 00:00:00-05:00,99.2248609928332,99.72770276574124,98.37389515495107,98.4222412109375,568900,0.0,0.0,0.0
2025-02-03 00:00:00-05:00,96.63327164163236,97.82269672066468,96.44953745293114,97.24248504638672,912700,0.0,0.0,0.0
2025-02-04 00:00:00-05:00,97.86137646328751,98.42224384717952,97.78402129609766,98.31587219238281,529900,0.0,0.0,0.0
2025-02-05 00:00:00-05:00,98.75103086307932,99.3118908686424,98.57696882612572,99.15717315673828,454300,0.0,0.0,0.0
2025-02-06 00:00:00-05:00,99.23453209261433,99.68902042697162,99.17650649727449,99.37957763671875,496200,0.0,0.0,0.0
2025-02-07 00:00:00-05:00,99.3215547249196,99.42792637070086,98.00642108407646,98.15147399902344,634100,0.0,0.0,0.0
2025-02-10 00:00:00-05:00,98.70266913360271,99.04112101654312,98.68333218787657,98.9927749633789,741200,0.0,0.0,0.0
2025-02-11 00:00:00-05:00,98.78971209887446,99.56331541350511,98.78971209887446,99.43760681152344,937700,0.0,0.0,0.0
2025-02-12 00:00:00-05:00,98.57696237717326,100.0081324738765,98.53828110730319,99.80506134033203,462800,0.0,0.0,0.0
2025-02-13 00:00:00-05:00,100.34658214035636,101.30392694861439,100.33691735637633,101.23623657226562,590100,0.0,0.0,0.0
2025-02-14 00:00:00-05:00,101.71007495282923,101.77776533300216,101.14920758699743,101.22657012939453,423100,0.0,0.0,0.0
2025-02-18 00:00:00-05:00,101.96150447036896,102.06787612689787,101.59403606501512,101.89381408691406,625400,0.0,0.0,0.0
2025-02-19 00:00:00-05:00,100.91712306738425,101.07184076793374,100.63668939633439,101.004150390625,422300,0.0,0.0,0.0
2025-02-20 00:00:00-05:00,101.10086724406916,101.33294750667625,100.6947175623836,101.21690368652344,372800,0.0,0.0,0.0
2025-02-21 00:00:00-05:00,101.35228000981856,101.43931471554097,100.32725213203183,100.510986328125,396600,0.0,0.0,0.0
2025-02-24 00:00:00-05:00,100.70438725945489,100.88812145910688,99.988802163613,100.24022674560547,469800,0.0,0.0,0.0
2025-02-25 00:00:00-05:00,101.01382354224619,101.01382354224619,100.23054811461313,100.60768127441406,414000,0.0,0.0,0.0
2025-02-26 00:00:00-05:00,100.98481753249932,101.61337527735144,100.48197576323648,100.70438385009766,665800,0.0,0.0,0.0
2025-02-27 00:00:00-05:00,100.35625102315177,100.36592318451349,98.88639973716052,98.93474578857422,45021400,0.0,0.0,0.0
2025-02-28 00:00:00-05:00,98.96375512504103,99.53429460354982,98.3255326499352,99.4569320678711,5764700,0.0,0.0,0.0
2025-03-03 00:00:00-05:00,101.50700341072059,101.68106544157637,99.82440869758015,100.46263122558594,3194300,0.0,0.0,0.0
2025-03-04 00:00:00-05:00,99.69869035041835,101.6713908606204,98.85739670271161,100.53031921386719,2519200,0.0,0.0,0.0
2025-03-05 00:00:00-05:00,101.72940842950617,103.02520514851346,101.23623883836784,102.81246185302734,1760600,0.0,0.0,0.0
2025-03-06 00:00:00-05:00,101.57468822625626,102.2999454188086,100.8687679793183,100.9944839477539,1613100,0.0,0.0,0.0
2025-03-07 00:00:00-05:00,101.03316826689465,101.81644369763521,100.43361964697971,101.65205383300781,1402900,0.0,0.0,0.0
2025-03-10 00:00:00-04:00,99.67935573442999,99.8534177652139,97.83236377568416,98.57696533203125,926000,0.0,0.0,0.0
2025-03-11 00:00:00-04:00,98.80904104589732,99.02178433794741,97.62928815558152,98.39322662353516,1390800,0.0,0.0,0.0
2025-03-12 00:00:00-04:00,99.21518183084201,99.4666063884069,98.36421605299626,99.14749145507812,1041700,0.0,0.0,0.0
2025-03-13 00:00:00-04:00,98.44158340816502,98.68333581596728,97.88071605141621,98.17081451416016,752100,0.0,0.0,0.0
2025-03-14 00:00:00-04:00,99.3215609934865,100.32725192217474,99.27321493725135,100.26923370361328,705900,0.0,0.0,0.0
2025-03-17 00:00:00-04:00,101.22657487824229,101.58437112034059,100.36593684236922,101.37162780761719,1137300,0.0,0.0,0.0
2025-03-18 00:00:00-04:00,101.0428333311892,101.14920497981889,100.32724827670594,101.05250549316406,1296800,0.0,0.0,0.0
2025-03-19 00:00:00-04:00,100.67537420777032,101.77776460712332,100.53032128623481,101.34261322021484,2252300,0.0,0.0,0.0
2025-03-20 00:00:00-04:00,100.01780481878738,100.72372508423662,99.96945138693685,100.60768127441406,390300,0.0,0.0,0.0
2025-03-21 00:00:00-04:00,99.45693776709152,99.94044257624384,99.3699104427391,99.72769927978516,457300,0.0,0.0,0.0
2025-03-24 00:00:00-04:00,99.51496717278924,99.92110945738632,99.42793246740518,99.7470474243164,444800,0.0,0.0,0.0
2025-03-25 00:00:00-04:00,100.30791570033959,100.46263341018796,99.95979163105794,100.15319061279297,534400,0.0,0.0,0.0
2025-03-26 00:00:00-04:00,99.32156023926187,99.7760559550704,98.19983288196886,98.46092224121094,406800,0.0,0.0,0.0
2025-03-27 00:00:00-04:00,98.2191617435711,98.80903817156967,98.07410883251126,98.53827667236328,379700,0.0,0.0,0.0
2025-03-28 00:00:00-04:00,97.91940192957038,98.0934639664864,97.3391975990831,97.51325225830078,481800,0.0,0.0,0.0
2025-03-31 00:00:00-04:00,96.08208028992289,96.83634664336569,95.59857546051614,96.70096588134766,2008900,0.0,0.0,0.0
2025-04-01 00:00:00-04:00,96.68162606370609,97.20380477158652,96.16910476248614,96.84601593017578,559300,0.0,0.0,0.0
2025-04-02 00:00:00-04:00,96.03372655527656,97.40688587354376,96.01438960834803,97.3005142211914,913100,0.0,0.0,0.0
2025-04-03 00:00:00-04:00,96.13043392606032,96.43987672242332,94.8926553629101,95.05705261230469,1145200,0.0,0.0,0.0
2025-04-04 00:00:00-04:00,91.70152522891904,91.8755872578927,88.8875236567944,88.90686798095703,1360800,0.0,0.0,0.0
2025-04-07 00:00:00-04:00,86.13154053704339,90.53143695153639,85.73507045696257,86.94383239746094,1988400,0.0,0.0,0.0
2025-04-08 00:00:00-04:00,89.53541361920092,90.67648522059876,85.8897907427497,86.83746337890625,1660500,0.0,0.0,0.0
2025-04-09 00:00:00-04:00,87.15657266755782,94.42848899737034,86.77943951344683,93.9836654663086,1009200,0.0,0.0,0.0
2025-04-10 00:00:00-04:00,92.37842752794268,92.63952425603321,89.79651362130178,92.107666015625,1074700,0.0,0.0,0.0
2025-04-11 00:00:00-04:00,92.35908902730998,94.52518846709206,92.21403611166747,94.26409912109375,1063500,0.0,0.0,0.0
2025-04-14 00:00:00-04:00,95.03770112572727,95.85965779996629,94.38980647243163,95.26011657714844,760200,0.0,0.0,0.0
2025-04-15 00:00:00-04:00,95.73395251338722,96.3431659188648,95.55989048643679,95.8790054321289,554300,0.0,0.0,0.0
2025-04-16 00:00:00-04:00,95.48252442224249,96.15943555882258,94.63155864283347,95.01836395263672,382400,0.0,0.0,0.0
2025-04-17 00:00:00-04:00,95.89833998946814,96.62359718741195,95.61790632093948,95.94669342041016,603900,0.0,0.0,0.0
2025-04-21 00:00:00-04:00,96.22712759917826,96.5462351609153,94.6218881179227,95.30846405029297,472000,0.0,0.0,0.0
2025-04-22 00:00:00-04:00,96.34316841290803,97.65830212220122,96.34316841290803,97.13611602783203,469300,0.0,0.0,0.0
2025-04-23 00:00:00-04:00,98.37389978631346,99.12816617003485,97.48424525744096,97.76467895507812,516900,0.0,0.0,0.0
2025-04-24 00:00:00-04:00,98.22884117986794,99.4279310698856,98.22884117986794,99.37957763671875,410200,0.0,0.0,0.0
2025-04-25 00:00:00-04:00,99.23453203969707,99.99847054159795,99.0798069558041,99.94044494628906,448700,0.0,0.0,0.0
2025-04-28 00:00:00-04:00,99.96945569308333,100.42395141234321,99.66001289792528,100.26923370361328,357400,0.0,0.0,0.0
2025-04-29 00:00:00-04:00,100.12417504132331,100.77206970378884,100.05648466431494,100.52064514160156,555700,0.0,0.0,0.0
2025-04-30 00:00:00-04:00,99.99846572337484,101.0525026402413,99.6116604099779,100.91712188720703,601900,0.0,0.0,0.0
2025-05-01 00:00:00-04:00,101.23623851802267,101.26524762591575,100.54966257966142,100.68504333496094,419500,0.0,0.0,0.0
2025-05-02 00:00:00-04:00,102.72543689319166,103.26695992856591,102.70609256895798,103.02520751953125,370200,0.0,0.0,0.0
2025-05-05 00:00:00-04:00,103.22827219860152,103.44101548567194,103.10256360974063,103.11222839355469,511300,0.0,0.0,0.0
2025-05-06 00:00:00-04:00,102.86081791794989,103.1122351120533,102.59972118400658,102.70609283447266,1435200,0.0,0.0,0.0
2025-05-07 00:00:00-04:00,102.43533373497168,102.71576742212272,102.000182338388,102.35797119140625,493700,0.0,0.0,0.0
2025-05-08 00:00:00-04:00,102.76410943509862,102.86081629959938,102.13555908203125,102.13555908203125,761700,0.0,0.0,0.0
2025-05-09 00:00:00-04:00,102.87048008762326,102.95751478929147,102.28060363283146,102.53202819824219,664200,0.0,0.0,0.0
2025-05-12 00:00:00-04:00,102.71575664817604,103.39266038912702,102.22257970679894,103.38299560546875,718200,0.0,0.0,0.0
2025-05-13 00:00:00-04:00,103.24761482474605,103.88584472107354,103.18959660787918,103.6634292602539,535500,0.0,0.0,0.0
2025-05-14 00:00:00-04:00,103.95353083689719,104.03089337467907,102.88014960269109,102.91883087158203,410200,0.0,0.0,0.0
2025-05-15 00:00:00-04:00,103.76013109826634,104.23396372768455,103.50870654119443,104.117919921875,490200,0.0,0.0,0.0
2025-05-16 00:00:00-04:00,104.15660664735232,104.43704032614443,103.83749169793047,104.4273681640625,628500,0.0,0.0,0.0
2025-05-19 00:00:00-04:00,104.11791941380781,105.35569049227935,104.11791941380781,105.3170166015625,484900,0.0,0.0,0.0
2025-05-20 00:00:00-04:00,105.59744881447308,105.82953643798828,105.39437767717078,105.82953643798828,2210800,0.0,0.0,0.0
2025-05-21 00:00:00-04:00,105.71348741966834,106.14863878135593,104.77548694282862,104.92053985595703,957100,0.0,0.0,0.0
2025-05-22 00:00:00-04:00,104.4660465497584,105.16229464647013,104.32099363332716,104.85285186767578,617600,0.0,0.0,0.0
2025-05-23 00:00:00-04:00,103.78914630902096,105.08493568379242,103.76980198473294,104.8721923828125,554000,0.0,0.0,0.0
2025-05-27 00:00:00-04:00,106.85456252273117,107.10598708854006,106.680500496817,106.90291595458984,903500,0.0,0.0,0.0
2025-05-28 00:00:00-04:00,105.90689065034597,105.98425319082294,105.43305800089594,105.6651382446289,630400,0.0,0.0,0.0
2025-05-29 00:00:00-04:00,106.17765952079858,106.17765952079858,105.51042052028947,105.94557189941406,1039600,0.0,0.0,0.0
2025-05-30 00:00:00-04:00,105.93591138514242,106.24535418176339,105.28800930478441,106.1679916381836,419800,0.0,0.0,0.0
2025-06-02 00:00:00-04:00,106.3130418156647,107.36707877833302,105.8972273767914,107.35740661621094,1314800,0.0,0.0,0.0
2025-06-03 00:00:00-04:00,106.34205242527084,106.69984127415957,106.02293747002024,106.60314178466797,486600,0.0,0.0,0.0
2025-06-04 00:00:00-04:00,106.9996199164444,107.66685156227773,106.9512664825631,107.32839965820312,592000,0.0,0.0,0.0
2025-06-05 00:00:00-04:00,107.70552879134402,107.74421006145761,106.8642351438916,107.10598754882812,760300,0.0,0.0,0.0
2025-06-06 00:00:00-04:00,107.47344707865268,107.68619037251919,107.27037594660676,107.57981872558594,574200,0.0,0.0,0.0
2025-06-09 00:00:00-04:00,107.40575670130404,107.8892615045651,107.30905721619139,107.57981872558594,536500,0.0,0.0,0.0
2025-06-10 00:00:00-04:00,108.01497438897638,108.12134604013588,107.50246045758865,107.80223846435547,626300,0.0,0.0,0.0
2025-06-11 00:00:00-04:00,108.04398131665275,108.160017742053,107.43476057251169,107.51212310791016,564700,0.0,0.0,0.0
2025-06-12 00:00:00-04:00,108.1020076123006,108.47914077844507,108.05365417963674,108.27606964111328,500600,0.0,0.0,0.0
2025-06-13 00:00:00-04:00,106.80620647866431,107.45410851231418,106.49676370435151,106.72885131835938,643400,0.0,0.0,0.0
2025-06-16 00:00:00-04:00,107.51397745583384,108.17800596168176,107.17219972124943,107.19172668457031,820000,1.074,0.0,0.0
2025-06-17 00:00:00-04:00,106.78158926755904,106.90854059991362,105.68790055924607,105.75625610351562,659200,0.0,0.0,0.0
2025-06-18 00:00:00-04:00,106.11755905540889,106.63510923217333,105.69765859026491,105.90272521972656,848000,0.0,0.0,0.0
2025-06-20 00:00:00-04:00,105.86367534823637,106.35193137522717,104.76997916570656,104.82856750488281,894100,0.0,0.0,0.0
2025-06-23 00:00:00-04:00,103.9301715302861,105.77577859779586,103.87158319487158,105.7367172241211,1201600,0.0,0.0,0.0
2025-06-24 00:00:00-04:00,106.5667514814902,107.2893757229426,106.35192510045344,107.10383605957031,743000,0.0,0.0,0.0
2025-06-25 00:00:00-04:00,106.81088524416622,106.81088524416622,106.39098476506237,106.7034683227539,996000,0.0,0.0,0.0
2025-06-26 00:00:00-04:00,107.38702408118144,107.95340281999401,107.2698399610217,107.93386840820312,379900,0.0,0.0,0.0
2025-06-27 00:00:00-04:00,108.93967887770216,109.47676347031147,108.61743557233207,109.0959243774414,605500,0.0,0.0,0.0
2025-06-30 00:00:00-04:00,108.96897311297238,109.4181751998996,108.73461231341571,109.36934661865234,509900,0.0,0.0,0.0
2025-07-01 00:00:00-04:00,108.7639106051863,109.06663441004316,108.48072121364706,108.705322265625,863200,0.0,0.0,0.0
2025-07-02 00:00:00-04:00,108.27564390978391,109.02756229433656,108.10963866391464,108.9982681274414,452200,0.0,0.0,0.0
2025-07-03 00:00:00-04:00,108.63695976547403,108.97873747469713,108.59789839153491,108.79320526123047,337500,0.0,0.0,0.0
2025-07-07 00:00:00-04:00,108.25612186585164,108.54907844850017,107.62138757024344,107.96316528320312,633600,0.0,0.0,0.0
2025-07-08 00:00:00-04:00,108.15847362978488,108.77367352150061,107.98270116783817,108.685791015625,788800,0.0,0.0,0.0
2025-07-09 00:00:00-04:00,108.83225775838979,109.35957512436272,108.67601971487662,109.34981536865234,494600,0.0,0.0,0.0
2025-07-10 00:00:00-04:00,109.09592662596164,109.2716990916933,108.61743781099041,109.1740493774414,658500,0.0,0.0,0.0
2025-07-11 00:00:00-04:00,108.25612634427655,108.34400885258947,107.80693169577613,107.98270416259766,500000,0.0,0.0,0.0
2025-07-14 00:00:00-04:00,107.42608545456801,108.08034669585399,107.39679128707688,107.93386840820312,660100,0.0,0.0,0.0
2025-07-15 00:00:00-04:00,108.29518188716963,108.29518188716963,107.01594610579572,107.10383605957031,924500,0.0,0.0,0.0
2025-07-16 00:00:00-04:00,106.92806525071946,107.47490959305331,106.55699336844941,107.36749267578125,711700,0.0,0.0,0.0
2025-07-17 00:00:00-04:00,107.35773257074845,107.9045769113043,107.27960982204179,107.82645416259766,604100,0.0,0.0,0.0
2025-07-18 00:00:00-04:00,108.41236587391647,108.41236587391647,107.32844433898903,107.42609405517578,1588900,0.0,0.0,0.0
2025-07-21 00:00:00-04:00,107.80692223839611,108.27564380867105,107.5432598361958,107.71903228759766,763800,0.0,0.0,0.0
2025-07-22 00:00:00-04:00,107.7385701156335,108.05105365579143,107.2796082862963,107.97293090820312,872600,0.0,0.0,0.0
2025-07-23 00:00:00-04:00,109.37911095806818,110.50210124556118,109.23263266836122,110.4825668334961,876500,0.0,0.0,0.0
2025-07-24 00:00:00-04:00,109.87712807502916,110.13102328365594,109.633000072556,109.65253448486328,936900,0.0,0.0,0.0
2025-07-25 00:00:00-04:00,108.71508583730957,109.46699682059004,108.6564900495117,109.45722961425781,705300,0.0,0.0,0.0
2025-07-28 00:00:00-04:00,108.43188993580925,108.51001268137897,107.53350071234271,107.67021179199219,662000,0.0,0.0,0.0
2025-07-29 00:00:00-04:00,107.43584814830542,107.65068198270905,106.97689376140136,107.09407043457031,852400,0.0,0.0,0.0
2025-07-30 00:00:00-04:00,106.97688913445742,107.20148271511411,106.09802687272565,106.5276870727539,630100,0.0,0.0,0.0
2025-07-31 00:00:00-04:00,106.1175572139392,106.1175572139392,104.7992675044505,104.95551300048828,798800,0.0,0.0,0.0
2025-08-01 00:00:00-04:00,104.37937055046794,104.68208689645878,103.84228595255301,104.47702026367188,1220100,0.0,0.0,0.0
2025-08-04 00:00:00-04:00,105.64883479642424,106.04920083903467,105.55117763706998,106.01013946533203,993800,0.0,0.0,0.0
2025-08-05 00:00:00-04:00,106.06873630470365,106.06873630470365,105.49259034961005,105.7757797241211,870200,0.0,0.0,0.0
2025-08-06 00:00:00-04:00,106.00037820821518,106.45933257978157,105.79530413663204,106.29332733154297,693600,0.0,0.0,0.0
2025-08-07 00:00:00-04:00,107.57256897581402,107.65068427619244,106.78158916409487,107.30890655517578,812900,0.0,0.0,0.0
2025-08-08 00:00:00-04:00,107.5530315022082,107.97293196184881,107.34796487543423,107.73857116699219,452100,0.0,0.0,0.0
2025-08-11 00:00:00-04:00,107.37725755303029,107.43584588838236,106.90853596982328,107.01594543457031,464000,0.0,0.0,0.0
2025-08-12 00:00:00-04:00,107.43584330875159,108.41235527554704,107.25031110119308,108.40259552001953,349200,0.0,0.0,0.0
2025-08-13 00:00:00-04:00,108.76390687062586,109.08615762753963,108.71508573939971,109.0470962524414,325400,0.0,0.0,0.0
2025-08-14 00:00:00-04:00,108.36353696671152,108.91038129828227,108.36353696671152,108.84202575683594,444500,0.0,0.0,0.0
2025-08-15 00:00:00-04:00,109.32051582284628,109.50605548759262,109.23263331861611,109.42793273925781,419900,0.0,0.0,0.0
2025-08-18 00:00:00-04:00,109.50605889573708,109.71112552885172,109.3107594690171,109.68183135986328,465100,0.0,0.0,0.0
2025-08-19 00:00:00-04:00,109.69159515233896,109.87712736688998,109.29122165476956,109.42793273925781,394900,0.0,0.0,0.0
2025-08-20 00:00:00-04:00,109.40840845022508,109.4962909566023,108.93967939896004,109.32051849365234,797200,0.0,0.0,0.0
2025-08-21 00:00:00-04:00,108.63696014719758,108.78343843743511,108.34400356672252,108.47095489501953,393100,0.0,0.0,0.0
2025-08-22 00:00:00-04:00,108.88109035395551,110.40444672282723,108.83226177282174,110.23844146728516,316700,0.0,0.0,0.0
2025-08-25 00:00:00-04:00,109.81853611391902,109.93572023330879,108.71508026123047,108.71508026123047,467600,0.0,0.0,0.0
2025-08-26 00:00:00-04:00,108.64672142649823,108.91037637438694,108.33423790112887,108.8713150024414,742700,0.0,0.0,0.0
2025-08-27 00:00:00-04:00,108.15847901337102,108.82250751931109,108.06082929636133,108.744384765625,482300,0.0,0.0,0.0
2025-08-28 00:00:00-04:00,109.22286878094582,109.43770261901749,109.08615769311758,109.32051849365234,544200,0.0,0.0,0.0
2025-08-29 00:00:00-04:00,108.68578981997108,108.68578981997108,108.23658773867469,108.37330627441406,392800,0.0,0.0,0.0
2025-09-02 00:00:00-04:00,106.51792989958717,107.33819639695966,106.40074577845029,107.15266418457031,427100,0.0,0.0,0.0
2025-09-03 00:00:00-04:00,107.29913247563356,107.67021179199219,107.1624213959841,107.67021179199219,565200,0.0,0.0,0.0
2025-09-04 00:00:00-04:00,107.82645448204273,108.39283323655089,107.75809893927075,108.37330627441406,440700,0.0,0.0,0.0
2025-09-05 00:00:00-04:00,109.40840344629844,109.71111977690221,108.62719087998491,109.07638549804688,471100,0.0,0.0,0.0
2025-09-08 00:00:00-04:00,109.9552536960693,110.39468858211694,109.83807701994641,110.36538696289062,412400,0.0,0.0,0.0
2025-09-09 00:00:00-04:00,109.79901330205732,109.91618997568037,109.49628951140843,109.87712860107422,577200,0.0,0.0,0.0
2025-09-10 00:00:00-04:00,110.31656521277982,110.38492075686682,109.57441398398124,109.73065948486328,459400,0.0,0.0,0.0
2025-09-11 00:00:00-04:00,110.39468514328603,111.11730194091797,110.33608935685427,111.11730194091797,490600,0.0,0.0,0.0
2025-09-12 00:00:00-04:00,110.67786963355653,110.83411513406845,110.39468770172084,110.5997543334961,633200,0.0,0.0,0.0
2025-09-15 00:00:00-04:00,111.24424371809143,111.60555583517989,111.13682680355689,111.58602142333984,467800,0.0,0.0,0.0
2025-09-16 00:00:00-04:00,111.40049018734288,111.4590785229855,110.77552310650411,111.07823944091797,40831900,0.0,0.0,0.0
2025-09-17 00:00:00-04:00,111.10753131404178,111.66414284173675,110.27749762540122,110.8634033203125,7237900,0.0,0.0,0.0
2025-09-18 00:00:00-04:00,111.42002336448344,111.96687517836878,111.12707421973359,111.77156829833984,2731200,0.0,0.0,0.0
2025-09-19 00:00:00-04:00,111.29307866310745,111.3321400388265,110.78528822895561,111.0001220703125,1202200,0.0,0.0,0.0
2025-09-22 00:00:00-04:00,111.0782413063266,111.55673010589913,110.83411330345555,111.4786148071289,1339300,0.0,0.0,0.0
2025-09-23 00:00:00-04:00,111.71297535346662,111.95710335579054,111.06847385123767,111.20518493652344,1735800,0.0,0.0,0.0
2025-09-24 00:00:00-04:00,110.7462287515428,110.91223400237988,110.24820554883634,110.39468383789062,941800,0.0,0.0,0.0
2025-09-25 00:00:00-04:00,109.30098773593214,109.49628715456382,108.9201486544637,109.38887023925781,895100,0.0,0.0,0.0
2025-09-26 00:00:00-04:00,109.61347475752136,109.95525247608032,109.36934675137988,109.91619110107422,658700,0.0,0.0,0.0
2025-09-29 00:00:00-04:00,110.46304261105392,110.82434729106994,110.42398123615034,110.64857482910156,655000,0.0,0.0,0.0
2025-09-30 00:00:00-04:00,110.55092367834222,111.33213626585692,110.51186230394694,111.20518493652344,596200,0.0,0.0,0.0
2025-10-01 00:00:00-04:00,111.75203673404278,112.46488632875864,111.75203673404278,112.34770965576172,1231600,0.0,0.0,0.0
2025-10-02 00:00:00-04:00,113.25586023860325,113.30468136641716,112.50394185835819,113.02149200439453,1037500,0.0,0.0,0.0
2025-10-03 00:00:00-04:00,113.76364856743393,114.19331623363955,113.60740307056086,113.94918823242188,718800,0.0,0.0,0.0
2025-10-06 00:00:00-04:00,114.64250991536777,114.86710350252437,114.51555858765767,114.59368133544922,1370700,0.0,0.0,0.0
2025-10-07 00:00:00-04:00,114.07612792814938,114.10542209519011,113.31444978431,113.33397674560547,453300,0.0,0.0,0.0
2025-10-08 00:00:00-04:00,113.75388132540984,114.00777653265074,113.5781088665808,113.8124771118164,500500,0.0,0.0,0.0
2025-10-09 00:00:00-04:00,113.76365529778124,113.76365529778124,112.484426879783,112.76761627197266,336200,0.0,0.0,0.0
2025-10-10 00:00:00-04:00,112.29888697739223,112.39653669342037,110.15056342399,110.25798034667969,1350800,0.0,0.0,0.0
2025-10-13 00:00:00-04:00,110.9122326894895,111.47861142702425,110.71692582299725,111.3614273071289,571200,0.0,0.0,0.0
2025-10-14 00:00:00-04:00,110.41421023473077,112.09381204687618,110.26773194642595,111.72274017333984,699200,0.0,0.0,0.0
2025-10-15 00:00:00-04:00,112.50394932003742,112.92384978810033,111.82039388374687,112.47465515136719,483500,0.0,0.0,0.0
2025-10-16 00:00:00-04:00,113.34374567271628,113.69529058293419,112.84572247487503,113.18750762939453,1002200,0.0,0.0,0.0
2025-10-17 00:00:00-04:00,112.8652580842992,113.54881350020116,112.72854700111881,113.49999237060547,3004200,0.0,0.0,0.0
2025-10-20 00:00:00-04:00,114.09565547505674,114.83780666140986,114.09565547505674,114.70109558105469,2343400,0.0,0.0,0.0
2025-10-21 00:00:00-04:00,114.15425260225834,114.3886133927386,113.77341352390471,113.87106323242188,762300,0.0,0.0,0.0
2025-10-22 00:00:00-04:00,113.79294191789377,113.93942020761092,112.78713575213541,113.314453125,958900,0.0,0.0,0.0
2025-10-23 00:00:00-04:00,113.38280615732195,114.12495734531952,113.38280615732195,113.96871185302734,642500,0.0,0.0,0.0
2025-10-24 00:00:00-04:00,114.29096263324594,114.36908537941939,114.04683463910031,114.10542297363281,619400,0.0,0.0,0.0
2025-10-27 00:00:00-04:00,114.7206284538032,114.91592786592082,114.58390992508683,114.84757232666016,966600,0.0,0.0,0.0
2025-10-28 00:00:00-04:00,114.72062769367149,114.92569431009474,114.48625946044922,114.48625946044922,765900,0.0,0.0,0.0
2025-10-29 00:00:00-04:00,114.46674424002231,114.47651144662379,113.07033170384159,113.68553161621094,1134600,0.0,0.0,0.0
2025-10-30 00:00:00-04:00,112.84572401422867,113.56834825630918,112.81642984634344,113.04103088378906,1172000,0.0,0.0,0.0
2025-10-31 00:00:00-04:00,113.13868168443192,113.14844889055294,112.53324155824957,112.9433822631836,1018000,0.0,0.0,0.0
2025-11-03 00:00:00-05:00,113.04103088378906,113.14844779949846,112.66019180089042,113.04103088378906,594300,0.0,0.0,0.0
2025-11-04 00:00:00-05:00,111.57626926715021,112.23053055464442,111.41025655598357,111.4493179321289,676500,0.0,0.0,0.0
2025-11-05 00:00:00-05:00,111.51767047771291,112.34771166062872,111.44931493384642,112.15240478515625,767900,0.0,0.0,0.0
2025-11-06 00:00:00-05:00,111.97663099206774,112.00592516049173,111.0196533893057,111.29307556152344,1101900,0.0,0.0,0.0
2025-11-07 00:00:00-05:00,110.736461880726,111.6641452972189,110.43373809571214,111.62508392333984,878700,0.0,0.0,0.0
2025-11-10 00:00:00-05:00,112.25005035758201,112.70901218526963,111.83014990354816,112.67971801757812,924800,0.0,0.0,0.0
2025-11-11 00:00:00-05:00,112.98243741560697,113.57811034214437,112.98243741560697,113.392578125,905600,0.0,0.0,0.0
2025-11-12 00:00:00-05:00,113.63670514313878,114.03707119263466,113.62693793699633,113.90036010742188,733200,0.0,0.0,0.0
2025-11-13 00:00:00-05:00,113.47069456448283,113.62694006490653,112.0938164804276,112.28911590576172,1118200,0.0,0.0,0.0
2025-11-14 00:00:00-05:00,111.23449120013726,112.3867682670379,111.20518958047062,112.04499053955078,1172600,0.0,0.0,0.0
2025-11-17 00:00:00-05:00,111.08800377536271,111.54696559322,110.06266322694982,110.5020980834961,1046500,0.0,0.0,0.0
2025-11-18 00:00:00-05:00,108.98850739195481,109.33028510968006,108.2170620004061,108.82250213623047,6770400,0.0,0.0,0.0
2025-11-19 00:00:00-05:00,108.68578921949687,109.27169493290481,108.03152051349925,108.558837890625,1266100,0.0,0.0,0.0
2025-11-20 00:00:00-05:00,109.48652879238982,109.69159541962188,106.83041494409679,106.86947631835938,1620100,0.0,0.0,0.0
2025-11-21 00:00:00-05:00,107.73857085779167,108.6662542786585,107.11360377317068,108.33424377441406,1302100,0.0,0.0,0.0
2025-11-24 00:00:00-05:00,107.9924548318172,108.59789493330061,107.9143395366218,108.40259552001953,1111100,0.0,0.0,0.0
2025-11-25 00:00:00-05:00,108.56860552293548,109.58417890692049,108.23658756557722,109.51582336425781,1106500,0.0,0.0,0.0
2025-11-26 00:00:00-05:00,110.18960767355722,111.06846994102168,110.18960767355722,110.8634033203125,615500,0.0,0.0,0.0
2025-11-28 00:00:00-05:00,110.95130008850447,111.42002169315157,110.82434875584104,111.37120056152344,568400,0.0,0.0,0.0
2025-12-01 00:00:00-05:00,110.72669550498858,111.02941184207707,110.5118616721405,110.5704574584961,1643100,0.0,0.0,0.0
2025-12-02 00:00:00-05:00,110.81458553160782,110.97082357820207,110.46304061402655,110.84387969970703,827400,0.0,0.0,0.0
2025-12-03 00:00:00-05:00,111.08800480974378,111.85945016712614,111.04894343656294,111.82038879394531,787200,0.0,0.0,0.0
2025-12-04 00:00:00-05:00,112.56253420086645,112.60159557462579,111.85945182378413,112.08404541015625,625700,0.0,0.0,0.0
2025-12-05 00:00:00-05:00,112.56253695328212,112.67972107742555,112.01569260767027,112.25005340576172,1097200,0.0,0.0,0.0
2025-12-08 00:00:00-05:00,112.1231105504958,112.22076026307688,111.54697203113051,111.87898254394531,1375800,0.0,0.0,0.0
2025-12-09 00:00:00-05:00,111.65438076448663,111.97663151905788,111.47861575311555,111.51766967773438,596000,0.0,0.0,0.0
2025-12-10 00:00:00-05:00,111.46884474747412,112.75784027162851,111.34189342110595,112.59183502197266,1034000,0.0,0.0,0.0
2025-12-11 00:00:00-05:00,112.63089442291201,113.04103513933134,112.38676641441755,112.9238510131836,1091200,0.0,0.0,0.0
2025-12-12 00:00:00-05:00,112.79690785830716,113.00197449274161,111.64462335277395,112.00592803955078,910000,0.0,0.0,0.0
2025-12-15 00:00:00-05:00,112.84572481529224,112.96290893786033,112.328174645125,112.53324127197266,923600,0.0,0.0,0.0
2025-12-16 00:00:00-05:00,112.1820588132868,112.4300736191693,111.74555033291401,112.20189666748047,1350300,1.806,0.0,0.0
2025-12-17 00:00:00-05:00,111.6661842914301,111.92412180999982,110.57492065429688,110.57492065429688,777800,0.0,0.0,0.0
2025-12-18 00:00:00-05:00,111.84475790335678,112.36063295271045,111.47770082431315,111.72571563720703,856300,0.0,0.0,0.0
2025-12-19 00:00:00-05:00,112.28126680241948,112.8566629869304,112.21182295731033,112.52928161621094,1052300,0.0,0.0,0.0
2025-12-22 00:00:00-05:00,112.58879700883662,112.86657237511004,112.39038819544449,112.82689666748047,623600,0.0,0.0,0.0
2025-12-23 00:00:00-05:00,113.50150046759695,113.7395925642226,113.3526900689017,113.59078216552734,429100,0.0,0.0,0.0
2025-12-24 00:00:00-05:00,113.50149998173832,113.76935264319418,113.50149998173832,113.75942993164062,258600,0.0,0.0,0.0
2025-12-26 00:00:00-05:00,114.01736696373229,114.01736696373229,113.67014774895243,113.9280776977539,329700,0.0,0.0,0.0
2025-12-29 00:00:00-05:00,113.44197115953422,113.74951466687438,113.21380177572607,113.4915771484375,410200,0.0,0.0,0.0
2025-12-30 00:00:00-05:00,113.73959222956546,114.0074448913798,113.53126069952958,113.54117584228516,329900,0.0,0.0,0.0
2025-12-31 00:00:00-05:00,113.53126353979296,113.53126353979296,112.96579006731707,113.01538848876953,399700,0.0,0.0,0.0
2026-01-02 00:00:00-05:00,114.39435033675804,114.46379418189487,113.7098345972125,114.25546264648438,763000,0.0,0.0,0.0
2026-01-05 00:00:00-05:00,115.14831216968079,116.37846347046897,115.13838945831647,116.32886505126953,865100,0.0,0.0,0.0
2026-01-06 00:00:00-05:00,116.41814657927073,117.09274714366154,116.41814657927073,117.0332260131836,655700,0.0,0.0,0.0
2026-01-07 00:00:00-05:00,117.09274762738579,117.3209245765124,116.78521169356445,116.86457824707031,880000,0.0,0.0,0.0
2026-01-08 00:00:00-05:00,116.33878065469116,116.68600743451826,116.21973839309206,116.64632415771484,2537200,0.0,0.0,0.0
2026-01-09 00:00:00-05:00,117.51933828070638,118.25346000915007,117.43005658090617,118.14433288574219,917000,0.0,0.0,0.0
2026-01-12 00:00:00-05:00,118.60068414619523,118.99750178372227,118.58083872303212,118.93798065185547,670700,0.0,0.0,0.0
2026-01-13 00:00:00-05:00,118.60068133812054,118.60068133812054,117.69790382585539,118.00543975830078,586000,0.0,0.0,0.0
2026-01-14 00:00:00-05:00,118.09473325184643,118.22369822872645,117.50941436241267,117.9459228515625,741700,0.0,0.0,0.0
2026-01-15 00:00:00-05:00,118.49155565396593,118.5113935080882,117.93599734399709,117.98560333251953,610600,0.0,0.0,0.0
2026-01-16 00:00:00-05:00,118.15425346849202,118.37250771137501,117.68798441666223,118.2832260131836,577200,0.0,0.0,0.0
2026-01-20 00:00:00-05:00,116.16020862380492,117.11259212069447,116.04116636330203,116.22966003417969,870900,0.0,0.0,0.0
2026-01-21 00:00:00-05:00,116.66616474048236,117.9260842098236,116.07093071213113,117.578857421875,820400,0.0,0.0,0.0
2026-01-22 00:00:00-05:00,118.10465459370936,118.3030634125791,117.71775209874545,117.96576690673828,678300,0.0,0.0,0.0
2026-01-23 00:00:00-05:00,117.83679046362347,118.699884691653,117.51933182264901,118.56099700927734,1907100,0.0,0.0,0.0
2026-01-26 00:00:00-05:00,119.18599387844209,119.50345252553868,119.16615602435344,119.17607116699219,559700,0.0,0.0,0.0
2026-01-27 00:00:00-05:00,120.12844633877725,121.05106170861846,120.12844633877725,120.75344848632812,784700,0.0,0.0,0.0
2026-01-28 00:00:00-05:00,119.85067610404263,119.93004266091071,118.91814555168287,119.38440704345703,684500,0.0,0.0,0.0
2026-01-29 00:00:00-05:00,120.11853651732369,120.11853651732369,117.97568489161375,119.65226745605469,997900,0.0,0.0,0.0
2026-01-30 00:00:00-05:00,118.95782923438324,119.20584404883023,117.71775516214831,117.9756851196289,778800,0.0,0.0,0.0
2026-02-02 00:00:00-05:00,118.12448866857484,119.02726617381299,118.08480539230834,118.82884979248047,952400,0.0,0.0,0.0
2026-02-03 00:00:00-05:00,118.05504781243815,118.17409764424795,116.70584666050539,117.59870147705078,1221200,0.0,0.0,0.0
2026-02-04 00:00:00-05:00,118.06497021546681,118.20385790114307,116.37846499555192,117.06298828125,1330300,0.0,0.0,0.0
2026-02-05 00:00:00-05:00,115.88243930865889,116.60664589604916,115.4161702471789,115.49553680419922,1096800,0.0,0.0,0.0
2026-02-06 00:00:00-05:00,117.09274741489786,118.54115295410156,117.09274741489786,118.54115295410156,661900,0.0,0.0,0.0
2026-02-09 00:00:00-05:00,119.55306268783347,120.71377019722715,119.36456900776031,120.57488250732422,613400,0.0,0.0,0.0
2026-02-10 00:00:00-05:00,121.28916633825052,121.5173357278068,120.98162282316261,121.06098937988281,585800,0.0,0.0,0.0
2026-02-11 00:00:00-05:00,121.62646265216941,122.03321057808658,120.76337594788603,121.76535034179688,546400,0.0,0.0,0.0
2026-02-12 00:00:00-05:00,121.68598686748503,121.6959020100847,119.77131228100113,120.31694030761719,1560500,0.0,0.0,0.0
2026-02-13 00:00:00-05:00,120.39631056249723,121.13043228443122,120.05900648346072,120.91217803955078,872800,0.0,0.0,0.0
2026-02-17 00:00:00-05:00,119.75146716712298,121.06098503071551,119.36456467802594,120.85265350341797,737100,0.0,0.0,0.0
2026-02-18 00:00:00-05:00,121.08083464650643,121.94392135108255,120.93202424505182,121.27924346923828,483800,0.0,0.0,0.0
2026-02-19 00:00:00-05:00,120.09868516657681,120.66415861176341,119.85067036484917,120.65424346923828,559500,0.0,0.0,0.0
2026-02-20 00:00:00-05:00,120.60463837906718,121.98360008143207,120.57487781364811,121.7752685546875,992300,0.0,0.0,0.0
2026-02-23 00:00:00-05:00,121.24947809228982,121.53717617200495,120.43598984126507,120.75344848632812,470000,0.0,0.0,0.0
2026-02-24 00:00:00-05:00,120.55503072111505,121.49749150292851,120.45582631482179,121.2593994140625,740100,0.0,0.0,0.0
2026-02-25 00:00:00-05:00,122.02328876133518,122.50939567859687,121.7455133800428,122.4002685546875,565800,0.0,0.0,0.0
2026-02-26 00:00:00-05:00,122.6482782511791,122.6482782511791,121.27923925673399,122.31098175048828,633800,0.0,0.0,0.0
2026-02-27 00:00:00-05:00,122.02328804260354,122.59868422549805,121.68599152982421,122.03321075439453,608500,0.0,0.0,0.0
2026-03-02 00:00:00-05:00,118.77925710315705,120.02924630619638,118.6800451232997,119.50345611572266,830200,0.0,0.0,0.0
2026-03-03 00:00:00-05:00,113.9776847716854,116.3983117243025,112.92610440582251,115.8030776977539,1150500,0.0,0.0,0.0
2026-03-04 00:00:00-05:00,116.98362526135074,118.0252905042057,116.47768049202021,117.87648010253906,1185300,0.0,0.0,0.0
2026-03-05 00:00:00-05:00,115.8328362500876,116.55703523967513,113.98760550169708,115.23760223388672,1115400,0.0,0.0,0.0
2026-03-06 00:00:00-05:00,112.85666318816831,114.56300632110597,112.63840894063281,114.0372085571289,799100,0.0,0.0,0.0
2026-03-09 00:00:00-04:00,112.0233288597369,115.50545895167187,111.19991786450016,114.91022491455078,1436800,0.0,0.0,0.0
2026-03-10 00:00:00-04:00,115.71378547011707,117.22171970552154,114.98958648647019,115.08879089355469,1265700,0.0,0.0,0.0
2026-03-11 00:00:00-04:00,114.54315790382545,115.42609001391688,113.9677617333266,114.78125,679200,0.0,0.0,0.0
2026-03-12 00:00:00-04:00,114.41419474163696,114.47371587442099,112.80705603716575,113.35269165039062,72455500,0.0,0.0,0.0
2026-03-13 00:00:00-04:00,113.35268668050807,113.97768125377199,111.41816669291985,111.58682250976562,6089200,0.0,0.0,0.0
2026-03-16 00:00:00-04:00,113.17411801438458,113.977683563265,112.91618049705076,113.66022491455078,4046200,0.0,0.0,0.0
2026-03-17 00:00:00-04:00,114.04713192046323,114.3645905817434,113.46182058855761,113.65030670166016,2949600,0.0,0.0,0.0
2026-03-18 00:00:00-04:00,113.01538304300557,113.21379942568885,111.34872327252144,111.41816711425781,2228200,0.0,0.0,0.0
2026-03-19 00:00:00-04:00,109.08683545150691,111.87451955341355,108.82889792433193,111.17015838623047,1794900,0.0,0.0,0.0
2026-03-20 00:00:00-04:00,110.56499513189114,110.75348880245521,106.8745412550309,107.69794464111328,1740400,0.0,0.0,0.0
2026-03-23 00:00:00-04:00,110.19794475357614,111.92412575197623,109.4935835850842,110.4657974243164,2543100,0.0,0.0,0.0
2026-03-24 00:00:00-04:00,108.69993073500753,110.18801959652654,108.39239479231323,109.5828628540039,1673800,0.0,0.0,0.0
2026-03-25 00:00:00-04:00,111.59673999121304,111.83483965452292,110.60468076718887,111.22968292236328,1343100,0.0,0.0,0.0
2026-03-26 00:00:00-04:00,109.59278229097715,110.47571438359095,108.32294771143422,108.3328628540039,1416400,0.0,0.0,0.0
2026-03-27 00:00:00-04:00,107.62850255202657,108.10469430743227,106.48763293639331,106.7554931640625,1784100,0.0,0.0,0.0
2026-03-30 00:00:00-04:00,107.69794673217072,107.93604639502544,106.31898501891801,106.80509948730469,1116400,0.0,0.0,0.0
2026-03-31 00:00:00-04:00,108.43207913321645,110.78325471342681,108.08485234040891,110.48564147949219,1749000,0.0,0.0,0.0
2026-04-01 00:00:00-04:00,112.54911958537066,113.69991195556155,112.33087290681411,112.79713439941406,1313500,0.0,0.0,0.0
2026-04-02 00:00:00-04:00,109.98961173316444,112.6384081132079,109.76143477546854,111.94396209716797,1747600,0.0,0.0,0.0
2026-04-06 00:00:00-04:00,112.0233261601432,112.71777216072556,111.90428389687457,112.51935577392578,868700,0.0,0.0,0.0
2026-04-07 00:00:00-04:00,111.23959991021029,112.26142728570585,110.14833625944495,112.01341247558594,1271200,0.0,0.0,0.0
2026-04-08 00:00:00-04:00,118.20385897422399,118.20385897422399,116.7554534041576,117.47965240478516,995300,0.0,0.0,0.0
2026-04-09 00:00:00-04:00,116.0907706175661,117.83679702454654,115.80308009434924,117.172119140625,806000,0.0,0.0,0.0
2026-04-10 00:00:00-04:00,118.12448960820082,118.24353943794732,117.09274712349777,117.51933288574219,705800,0.0,0.0,0.0
2026-04-13 00:00:00-04:00,116.20981439541698,118.41218703635715,116.20981439541698,118.39234161376953,932800,0.0,0.0,0.0
2026-04-14 00:00:00-04:00,119.31496118972132,119.99948448576438,119.26536276912236,119.79115295410156,386600,0.0,0.0,0.0
2026-04-15 00:00:00-04:00,119.31496386345381,119.58282410217372,118.82885694534738,119.4836196899414,600200,0.0,0.0,0.0
2026-04-16 00:00:00-04:00,119.78122899534382,119.82091227269662,118.75940920214582,119.10662841796875,591000,0.0,0.0,0.0
2026-04-17 00:00:00-04:00,121.65621935819733,122.55899688093967,121.20979573696263,121.38836669921875,681200,0.0,0.0,0.0
2026-04-20 00:00:00-04:00,120.52527153730884,120.85265289375823,119.80107255113897,120.75344848632812,612200,0.0,0.0,0.0
2026-04-21 00:00:00-04:00,119.68202618905278,119.87051986679991,117.79711211801548,117.89631652832031,1859900,0.0,0.0,0.0
2026-04-22 00:00:00-04:00,118.6403587909864,118.79909189962278,117.97568092839673,118.52131652832031,1107900,0.0,0.0,0.0
2026-04-23 00:00:00-04:00,118.00544478788072,118.41219271350639,115.95188244264756,117.34076690673828,1024300,0.0,0.0,0.0
2026-04-24 00:00:00-04:00,117.81695865622072,118.46179868252106,117.48957728718666,118.31298828125,606000,0.0,0.0,0.0
2026-04-27 00:00:00-04:00,118.35267297509861,118.6304483574276,117.66814966235114,117.80703735351562,589800,0.0,0.0,0.0
2026-04-28 00:00:00-04:00,116.51735736457215,116.65624505583091,115.86260218703967,116.34870910644531,795500,0.0,0.0,0.0
2026-04-29 00:00:00-04:00,115.93204579252188,115.93204579252188,114.82093669594195,115.32688903808594,635600,0.0,0.0,0.0
2026-04-30 00:00:00-04:00,117.20187515963659,118.49155516781691,116.74552882858492,118.15425109863281,644400,0.0,0.0,0.0
2026-05-01 00:00:00-04:00,117.87647730607233,118.73957156021383,117.86655459451359,117.9161605834961,609500,0.0,0.0,0.0
2026-05-04 00:00:00-04:00,117.27132436302442,117.79711456047222,115.86260202857716,116.56696319580078,943100,0.0,0.0,0.0
2026-05-05 00:00:00-04:00,117.86655130203887,118.67012440200341,117.38044441259635,118.610595703125,1044600,0.0,0.0,0.0
2026-05-06 00:00:00-04:00,121.54709638581146,122.41019066096716,121.39829355286345,122.30106353759766,514400,0.0,0.0,0.0
2026-05-07 00:00:00-04:00,122.35067029922926,122.35067029922926,119.92012057199693,119.9697265625,1145500,0.0,0.0,0.0
2026-05-08 00:00:00-04:00,121.14035310769238,121.58677673339844,120.73360519060846,121.58677673339844,807600,0.0,0.0,0.0
2026-05-11 00:00:00-04:00,120.59471865991652,120.82289561514288,120.26734486337274,120.54512023925781,556400,0.0,0.0,0.0
2026-05-12 00:00:00-04:00,119.40425246707977,119.54314015719318,118.40227050085186,119.38440704345703,705100,0.0,0.0,0.0
2026-05-13 00:00:00-04:00,119.25544095492639,120.46575444505679,119.1363911207326,120.42607116699219,456700,0.0,0.0,0.0
2026-05-14 00:00:00-04:00,119.87051780613791,120.33678685224761,119.62250300023369,119.76139068603516,785900,0.0,0.0,0.0
2026-05-15 00:00:00-04:00,117.67806586432039,117.9558412312829,117.09274699638271,117.25148010253906,688300,0.0,0.0,0.0
2026-05-18 00:00:00-04:00,118.18400996064227,118.54115187871955,116.95385866993779,118.1244888305664,494100,0.0,0.0,0.0
2026-05-19 00:00:00-04:00,117.20187910116586,117.7574298587275,116.82489931122207,117.07291412353516,555600,0.0,0.0,0.0
2026-05-20 00:00:00-04:00,117.44989042849286,119.72170695012849,117.27131946617357,119.44393157958984,449300,0.0,0.0,0.0
2026-05-21 00:00:00-04:00,118.60068611715788,120.88241784610237,118.2832274605738,120.47567749023438,1270200,0.0,0.0,0.0
2026-05-22 00:00:00-04:00,120.63440023414029,121.18003583536006,120.33678700795687,120.5153579711914,407800,0.0,0.0,0.0
2026-05-26 00:00:00-04:00,122.12249355139598,122.23162067564311,121.49749894155357,121.9637680053711,1515000,0.0,0.0,0.0
2026-05-27 00:00:00-04:00,122.29113567928465,122.32090381343293,121.37844302115994,121.72566223144531,998600,0.0,0.0,0.0
2026-05-28 00:00:00-04:00,121.18995629098922,122.48955142939802,121.06098375011372,122.11256408691406,3743700,0.0,0.0,0.0
2026-05-29 00:00:00-04:00,122.79709349852199,123.25343984803149,122.28122601567125,122.35066986083984,2085800,0.0,0.0,0.0
2026-06-01 00:00:00-04:00,121.45781178819956,122.62844198193321,120.95185946181343,122.07289123535156,923100,0.0,0.0,0.0
2026-06-02 00:00:00-04:00,122.24153712941676,123.0054193912286,122.24153712941676,122.9161376953125,450600,0.0,0.0,0.0
2026-06-03 00:00:00-04:00,122.16217369435245,122.49947777031585,121.81495447557492,121.95384216308594,968000,0.0,0.0,0.0
2026-06-04 00:00:00-04:00,122.29114122895433,123.29312319737238,122.25146551924503,123.10462951660156,1323500,0.0,0.0,0.0
2026-06-05 00:00:00-04:00,121.6859921642489,121.99352811207008,118.73957495831228,118.94790649414062,1166200,0.0,0.0,0.0
2026-06-08 00:00:00-04:00,120.37646286763115,120.97170445836825,119.99948308646738,120.29710388183594,853600,0.0,0.0,0.0
2026-06-09 00:00:00-04:00,121.2990797856808,122.07289234966902,117.83679516188187,120.05900573730469,1211700,0.0,0.0,0.0
2026-06-10 00:00:00-04:00,118.75941162130076,119.93996454795806,117.77727508544922,117.77727508544922,1085200,0.0,0.0,0.0
2026-06-11 00:00:00-04:00,119.11655104590322,122.50939178466797,119.05702991432143,122.50939178466797,1220300,0.0,0.0,0.0
2026-06-12 00:00:00-04:00,122.16217290238927,122.88637947012573,121.42805119190297,122.55899810791016,792000,0.0,0.0,0.0
2026-06-15 00:00:00-04:00,124.62000274658203,124.6500015258789,123.79000091552734,123.81999969482422,823700,0.981,0.0,0.0
2026-06-16 00:00:00-04:00,124.48999786376953,124.73999786376953,123.7300033569336,123.76000213623047,705700,0.0,0.0,0.0
2026-06-17 00:00:00-04:00,125.20999908447266,125.70999908447266,123.37000274658203,123.44999694824219,1133400,0.0,0.0,0.0
2026-06-18 00:00:00-04:00,125.08999633789062,125.27999877929688,124.63999938964844,125.0999984741211,927500,0.0,0.0,0.0
2026-06-22 00:00:00-04:00,125.2699966430664,125.62000274658203,125.08999633789062,125.41000366210938,826300,0.0,0.0,0.0
2026-06-23 00:00:00-04:00,121.55000305175781,122.7300033569336,121.55000305175781,121.80999755859375,663300,0.0,0.0,0.0
2026-06-24 00:00:00-04:00,121.52999877929688,122.25,121.19000244140625,121.73999786376953,538500,0.0,0.0,0.0
2026-06-25 00:00:00-04:00,123.68000030517578,123.83000183105469,122.48999786376953,123.11000061035156,602200,0.0,0.0,0.0
2026-06-26 00:00:00-04:00,121.37000274658203,122.47000122070312,121.33000183105469,121.75,562900,0.0,0.0,0.0
2026-06-29 00:00:00-04:00,122.23999786376953,123.41000366210938,121.41999816894531,123.19999694824219,515700,0.0,0.0,0.0
2026-06-30 00:00:00-04:00,123.22000122070312,124.45999908447266,123.18000030517578,124.41999816894531,1044900,0.0,0.0,0.0
2026-07-01 00:00:00-04:00,123.12999725341797,123.62000274658203,122.68000030517578,122.7699966430664,678800,0.0,0.0,0.0
2026-07-02 00:00:00-04:00,124.1500015258789,125.06999969482422,122.80999755859375,123.62999725341797,683800,0.0,0.0,0.0
2026-07-06 00:00:00-04:00,124.62000274658203,125.26000213623047,124.33999633789062,125.0999984741211,1189100,0.0,0.0,0.0
2026-07-07 00:00:00-04:00,123.86000061035156,123.9800033569336,122.12999725341797,122.45999908447266,971400,0.0,0.0,0.0
2026-07-08 00:00:00-04:00,120.52999877929688,121.58000183105469,119.97000122070312,121.48999786376953,667300,0.0,0.0,0.0
2026-07-09 00:00:00-04:00,121.80999755859375,122.87000274658203,121.80999755859375,122.47000122070312,936400,0.0,0.0,0.0
2026-07-10 00:00:00-04:00,122.37000274658203,122.93000030517578,121.6500015258789,122.6500015258789,1060800,0.0,0.0,0.0
2026-07-13 00:00:00-04:00,121.41999816894531,121.63999938964844,120.33999633789062,120.4800033569336,584600,0.0,0.0,0.0
2026-07-14 00:00:00-04:00,121.81999969482422,122.5199966430664,121.44999694824219,121.44999694824219,536000,0.0,0.0,0.0
2026-07-15 00:00:00-04:00,122.08999633789062,122.37999725341797,121.05000305175781,122.22000122070312,680600,0.0,0.0,0.0
2026-07-16 00:00:00-04:00,120.62999725341797,121.47000122070312,120.5199966430664,120.83999633789062,1010600,0.0,0.0,0.0
2026-07-17 00:00:00-04:00,119.12999725341797,120.33999633789062,118.8499984741211,120.04000091552734,722300,0.0,0.0,0.0
2026-07-20 00:00:00-04:00,120.04000091552734,120.44999694824219,118.94999694824219,118.94999694824219,729000,0.0,0.0,0.0
2026-07-21 00:00:00-04:00,120.26000213623047,121.16999816894531,119.81999969482422,121.01000213623047,533600,0.0,0.0,0.0
2026-07-22 00:00:00-04:00,120.70999908447266,121.16999816894531,120.70999908447266,120.80000305175781,375100,0.0,0.0,0.0
2026-07-23 00:00:00-04:00,118.9000015258789,119.66999816894531,118.62999725341797,119.11000061035156,696800,0.0,0.0,0.0
2026-07-24 00:00:00-04:00,119.44999694824219,120.18000030517578,119.01000213623047,119.18000030517578,731900,0.0,0.0,0.0
2026-07-27 00:00:00-04:00,120.51000213623047,120.69000244140625,119.0,119.68000030517578,528900,0.0,0.0,0.0
2026-07-28 00:00:00-04:00,118.48999786376953,119.69999694824219,118.33999633789062,119.31999969482422,2500800,0.0,0.0,0.0
2026-07-29 00:00:00-04:00,119.05999755859375,120.5199966430664,117.98999786376953,118.55000305175781,625800,0.0,0.0,0.0
2026-07-30 00:00:00-04:00,120.69000244140625,122.37000274658203,120.45999908447266,122.36000061035156,506200,0.0,0.0,0.0
2026-07-31 00:00:00-04:00,121.86000061035156,121.86000061035156,120.20999908447266,121.43000030517578,484200,0.0,0.0,0.0
2026-08-03 00:00:00-04:00,121.51000213623047,122.19000244140625,121.23999786376953,122.06999969482422,419900,0.0,0.0,0.0
2026-08-04 00:00:00-04:00,123.80000305175781,124.70999908447266,123.54000091552734,124.62000274658203,536800,0.0,0.0,0.0
2026-08-05 00:00:00-04:00,125.4800033569336,125.54000091552734,124.58000183105469,124.73999786376953,458000,0.0,0.0,0.0
2026-08-06 00:00:00-04:00,124.66999816894531,125.13999938964844,124.2300033569336,124.37000274658203,501500,0.0,0.0,0.0
2026-08-07 00:00:00-04:00,126.44000244140625,126.5,125.68000030517578,126.19999694824219,662600,0.0,0.0,0.0
2026-08-10 00:00:00-04:00,126.30999755859375,126.4000015258789,125.9000015258789,125.97000122070312,563400,0.0,0.0,0.0
2026-08-11 00:00:00-04:00,126.76000213623047,126.9000015258789,125.91999816894531,126.19999694824219,429600,0.0,0.0,0.0
2026-08-12 00:00:00-04:00,127.33999633789062,127.37999725341797,126.66000366210938,126.83999633789062,453100,0.0,0.0,0.0
2026-08-13 00:00:00-04:00,126.87000274658203,127.3499984741211,126.7699966430664,127.1500015258789,449300,0.0,0.0,0.0
2026-08-14 00:00:00-04:00,127.0999984741211,127.20999908447266,126.56999969482422,126.75,450500,0.0,0.0,0.0
2026-08-17 00:00:00-04:00,127.2699966430664,127.44000244140625,126.86000061035156,127.0,458000,0.0,0.0,0.0
2026-08-18 00:00:00-04:00,125.22000122070312,125.66999816894531,124.62999725341797,124.77999877929688,350600,0.0,0.0,0.0
2026-08-19 00:00:00-04:00,125.5999984741211,125.69000244140625,125.08999633789062,125.44000244140625,396700,0.0,0.0,0.0
2026-08-20 00:00:00-04:00,124.83000183105469,125.30999755859375,124.44999694824219,124.75,357800,0.0,0.0,0.0
2026-08-21 00:00:00-04:00,125.52999877929688,125.77999877929688,125.3499984741211,125.69999694824219,438500,0.0,0.0,0.0
2026-08-24 00:00:00-04:00,125.3499984741211,125.3499984741211,124.7300033569336,125.05999755859375,425200,0.0,0.0,0.0
2026-08-25 00:00:00-04:00,125.8499984741211,126.23999786376953,125.61000061035156,126.20999908447266,573200,0.0,0.0,0.0
2026-08-26 00:00:00-04:00,126.2300033569336,126.33000183105469,125.29000091552734,125.61000061035156,636200,0.0,0.0,0.0
2026-08-27 00:00:00-04:00,125.5999984741211,125.75,125.11000061035156,125.68000030517578,381300,0.0,0.0,0.0
2026-08-28 00:00:00-04:00,126.18000030517578,126.18000030517578,124.77999877929688,125.0199966430664,530400,0.0,0.0,0.0
2026-08-31 00:00:00-04:00,125.0199966430664,125.05000305175781,124.02999877929688,124.37999725341797,533000,0.0,0.0,0.0
2026-09-01 00:00:00-04:00,123.31999969482422,123.4000015258789,122.08999633789062,122.33999633789062,622100,0.0,0.0,0.0
2026-09-02 00:00:00-04:00,122.69000244140625,123.04000091552734,122.45999908447266,122.86000061035156,704600,0.0,0.0,0.0
2026-09-03 00:00:00-04:00,123.93000030517578,124.26000213623047,123.30000305175781,124.06999969482422,1078300,0.0,0.0,0.0
2026-09-04 00:00:00-04:00,124.04000091552734,124.75,124.04000091552734,124.55000305175781,345200,0.0,0.0,0.0
2026-09-08 00:00:00-04:00,124.61000061035156,124.8499984741211,123.94999694824219,124.0199966430664,547900,0.0,0.0,0.0
2026-09-09 00:00:00-04:00,123.16999816894531,123.30999755859375,122.19999694824219,122.20999908447266,562000,0.0,0.0,0.0
2026-09-10 00:00:00-04:00,120.88999938964844,121.6500015258789,120.58999633789062,120.7699966430664,952900,0.0,0.0,0.0
2026-09-11 00:00:00-04:00,122.19000244140625,122.20999908447266,121.63999938964844,121.7699966430664,588900,0.0,0.0,0.0
2026-09-14 00:00:00-04:00,120.19000244140625,120.9000015258789,119.72000122070312,120.12000274658203,944300,0.0,0.0,0.0
2026-09-15 00:00:00-04:00,119.76000213623047,119.81999969482422,119.19999694824219,119.55000305175781,748600,0.0,0.0,0.0
2026-09-16 00:00:00-04:00,120.54000091552734,120.7300033569336,118.69999694824219,119.45999908447266,2584500,0.0,0.0,0.0
2026-09-17 00:00:00-04:00,121.20999908447266,121.25,120.51000213623047,120.62999725341797,624900,0.0,0.0,0.0
2026-09-18 00:00:00-04:00,120.18000030517578,120.18000030517578,119.51000213623047,120.1500015258789,700500,0.0,0.0,0.0
2026-09-21 00:00:00-04:00,121.23999786376953,121.8499984741211,120.83999633789062,121.58999633789062,845100,0.0,0.0,0.0
2026-09-22 00:00:00-04:00,121.87999725341797,122.70999908447266,121.58999633789062,122.36000061035156,13867500,0.0,0.0,0.0
2026-09-23 00:00:00-04:00,121.27999877929688,121.44000244140625,120.06999969482422,120.44999694824219,2372100,0.0,0.0,0.0
2026-09-24 00:00:00-04:00,119.80000305175781,120.31999969482422,119.08000183105469,119.83999633789062,1867900,0.0,0.0,0.0
2026-09-25 00:00:00-04:00,120.5199966430664,121.13999938964844,120.08000183105469,120.9800033569336,1561700,0.0,0.0,0.0
2026-09-28 00:00:00-04:00,120.41000366210938,120.98999786376953,119.67500305175781,120.61000061035156,1171970,0.0,0.0,0.0
