Date,Open,High,Low,Close,Volume,Dividends,Stock Splits,Capital Gains
2022-09-07 00:00:00+02:00,9.541000366210938,9.541000366210938,9.50100040435791,9.50100040435791,0,0.0,0.0,0.0
2022-09-08 00:00:00+02:00,9.623000144958496,9.62600040435791,9.482000350952148,9.62600040435791,0,0.0,0.0,0.0
2022-09-09 00:00:00+02:00,9.633000373840332,9.90999984741211,9.633000373840332,9.90999984741211,0,0.0,0.0,0.0
2022-09-12 00:00:00+02:00,9.909000396728516,10.062000274658203,9.909000396728516,10.062000274658203,0,0.0,0.0,0.0
2022-09-13 00:00:00+02:00,10.142000198364258,10.180000305175781,9.857000350952148,9.857000350952148,500,0.0,0.0,0.0
2022-09-14 00:00:00+02:00,9.904999732971191,9.904999732971191,9.852999687194824,9.852999687194824,0,0.0,0.0,0.0
2022-09-15 00:00:00+02:00,9.885000228881836,9.885000228881836,9.722999572753906,9.722999572753906,506,0.0,0.0,0.0
2022-09-16 00:00:00+02:00,9.609000205993652,9.609000205993652,9.461999893188477,9.461999893188477,0,0.0,0.0,0.0
2022-09-19 00:00:00+02:00,9.451000213623047,9.461000442504883,9.395000457763672,9.461000442504883,0,0.0,0.0,0.0
2022-09-20 00:00:00+02:00,9.597000122070312,9.597000122070312,9.548999786376953,9.548999786376953,0,0.0,0.0,0.0
2022-09-21 00:00:00+02:00,9.53600025177002,9.692999839782715,9.53600025177002,9.692999839782715,0,0.0,0.0,0.0
2022-09-22 00:00:00+02:00,9.446999549865723,9.470999717712402,9.293000221252441,9.293000221252441,0,0.0,0.0,0.0
2022-09-23 00:00:00+02:00,9.244000434875488,9.244000434875488,9.137999534606934,9.166999816894531,0,0.0,0.0,0.0
2022-09-26 00:00:00+02:00,9.149999618530273,9.236000061035156,9.149999618530273,9.236000061035156,0,0.0,0.0,0.0
2022-09-27 00:00:00+02:00,9.25100040435791,9.277000427246094,9.25100040435791,9.262999534606934,0,0.0,0.0,0.0
2022-09-28 00:00:00+02:00,9.220000267028809,9.314000129699707,9.208999633789062,9.314000129699707,0,0.0,0.0,0.0
2022-09-29 00:00:00+02:00,9.253999710083008,9.253999710083008,9.03499984741211,9.03499984741211,0,0.0,0.0,0.0
2022-09-30 00:00:00+02:00,9.097000122070312,9.213000297546387,9.095000267028809,9.213000297546387,0,0.0,0.0,0.0
2022-10-03 00:00:00+02:00,8.973999977111816,9.093000411987305,8.973999977111816,9.093000411987305,0,0.0,0.0,0.0
2022-10-04 00:00:00+02:00,9.272000312805176,9.4399995803833,9.272000312805176,9.4399995803833,0,0.0,0.0,0.0
2022-10-05 00:00:00+02:00,9.317999839782715,9.348999977111816,9.317999839782715,9.343999862670898,0,0.0,0.0,0.0
2022-10-06 00:00:00+02:00,9.50100040435791,9.604999542236328,9.454999923706055,9.600000381469727,305,0.0,0.0,0.0
2022-10-07 00:00:00+02:00,9.515999794006348,9.519000053405762,9.248000144958496,9.248000144958496,0,0.0,0.0,0.0
2022-10-10 00:00:00+02:00,9.13599967956543,9.194000244140625,8.972999572753906,8.972999572753906,329,0.0,0.0,0.0
2022-10-11 00:00:00+02:00,8.782999992370605,8.833000183105469,8.782999992370605,8.833000183105469,0,0.0,0.0,0.0
2022-10-12 00:00:00+02:00,8.809000015258789,8.821999549865723,8.661999702453613,8.661999702453613,0,0.0,0.0,0.0
2022-10-13 00:00:00+02:00,8.684000015258789,8.706000328063965,8.645999908447266,8.645999908447266,24000,0.0,0.0,0.0
2022-10-14 00:00:00+02:00,8.777999877929688,8.805000305175781,8.619000434875488,8.619000434875488,0,0.0,0.0,0.0
2022-10-17 00:00:00+02:00,8.631999969482422,8.835000038146973,8.631999969482422,8.835000038146973,0,0.0,0.0,0.0
2022-10-18 00:00:00+02:00,8.942000389099121,8.972999572753906,8.887999534606934,8.887999534606934,0,0.0,0.0,0.0
2022-10-19 00:00:00+02:00,8.96399974822998,8.96399974822998,8.89900016784668,8.89900016784668,0,0.0,0.0,0.0
2022-10-20 00:00:00+02:00,8.800000190734863,9.083999633789062,8.800000190734863,9.083999633789062,0,0.0,0.0,0.0
2022-10-21 00:00:00+02:00,8.946999549865723,8.954000473022461,8.916000366210938,8.954000473022461,0,0.0,0.0,0.0
2022-10-24 00:00:00+02:00,9.126999855041504,9.157999992370605,9.010000228881836,9.010000228881836,0,0.0,0.0,0.0
2022-10-25 00:00:00+02:00,9.11400032043457,9.269000053405762,9.09000015258789,9.269000053405762,0,0.0,0.0,0.0
2022-10-26 00:00:00+02:00,9.236000061035156,9.37399959564209,9.232000350952148,9.37399959564209,0,0.0,0.0,0.0
2022-10-27 00:00:00+02:00,9.232000350952148,9.364999771118164,9.173999786376953,9.364999771118164,10,0.0,0.0,0.0
2022-10-28 00:00:00+02:00,9.25100040435791,9.371999740600586,9.25100040435791,9.371999740600586,0,0.0,0.0,0.0
2022-10-31 00:00:00+01:00,9.446999549865723,9.508999824523926,9.425999641418457,9.508999824523926,464,0.0,0.0,0.0
2022-11-01 00:00:00+01:00,9.503999710083008,9.560999870300293,9.406999588012695,9.406999588012695,0,0.0,0.0,0.0
2022-11-02 00:00:00+01:00,9.428999900817871,9.428999900817871,9.177000045776367,9.177000045776367,0,0.0,0.0,0.0
2022-11-03 00:00:00+01:00,8.996000289916992,8.996000289916992,8.831999778747559,8.87399959564209,48000,0.0,0.0,0.0
2022-11-04 00:00:00+01:00,8.829999923706055,8.847000122070312,8.637999534606934,8.637999534606934,43,0.0,0.0,0.0
2022-11-07 00:00:00+01:00,8.637999534606934,8.741000175476074,8.637999534606934,8.682999610900879,0,0.0,0.0,0.0
2022-11-08 00:00:00+01:00,8.680000305175781,8.965999603271484,8.680000305175781,8.965999603271484,0,0.0,0.0,0.0
2022-11-09 00:00:00+01:00,8.925000190734863,8.925000190734863,8.487000465393066,8.487000465393066,0,0.0,0.0,0.0
2022-11-10 00:00:00+01:00,8.449999809265137,8.892999649047852,8.449999809265137,8.892999649047852,43,0.0,0.0,0.0
2022-11-11 00:00:00+01:00,9.012999534606934,9.045000076293945,8.954000473022461,9.045000076293945,0,0.0,0.0,0.0
2022-11-14 00:00:00+01:00,9.09000015258789,9.09000015258789,8.972000122070312,8.99899959564209,5040,0.0,0.0,0.0
2022-11-15 00:00:00+01:00,9.001999855041504,9.180000305175781,9.001999855041504,9.180000305175781,0,0.0,0.0,0.0
2022-11-16 00:00:00+01:00,9.154000282287598,9.154000282287598,8.883000373840332,8.883000373840332,0,0.0,0.0,0.0
2022-11-17 00:00:00+01:00,8.875,8.875,8.697999954223633,8.697999954223633,0,0.0,0.0,0.0
2022-11-18 00:00:00+01:00,8.741000175476074,8.895000457763672,8.741000175476074,8.76099967956543,5040,0.0,0.0,0.0
2022-11-21 00:00:00+01:00,8.789999961853027,8.789999961853027,8.782999992370605,8.782999992370605,0,0.0,0.0,0.0
2022-11-22 00:00:00+01:00,8.765999794006348,8.769000053405762,8.72700023651123,8.72700023651123,0,0.0,0.0,0.0
2022-11-23 00:00:00+01:00,8.737000465393066,8.85200023651123,8.737000465393066,8.85200023651123,0,0.0,0.0,0.0
2022-11-24 00:00:00+01:00,8.859999656677246,8.883999824523926,8.859999656677246,8.883999824523926,0,0.0,0.0,0.0
2022-11-25 00:00:00+01:00,8.862000465393066,8.862000465393066,8.809000015258789,8.809000015258789,0,0.0,0.0,0.0
2022-11-28 00:00:00+01:00,8.755999565124512,8.755999565124512,8.682999610900879,8.720000267028809,5040,0.0,0.0,0.0
2022-11-29 00:00:00+01:00,8.710000038146973,8.710000038146973,8.637999534606934,8.637999534606934,0,0.0,0.0,0.0
2022-11-30 00:00:00+01:00,8.515000343322754,8.515000343322754,8.479999542236328,8.479999542236328,0,0.0,0.0,0.0
2022-12-01 00:00:00+01:00,8.793999671936035,8.871000289916992,8.756999969482422,8.871000289916992,22,0.0,0.0,0.0
2022-12-02 00:00:00+01:00,8.850000381469727,8.855999946594238,8.74899959564209,8.74899959564209,0,0.0,0.0,0.0
2022-12-05 00:00:00+01:00,8.666999816894531,8.666999816894531,8.512999534606934,8.512999534606934,0,0.0,0.0,0.0
2022-12-06 00:00:00+01:00,8.456000328063965,8.456000328063965,8.270000457763672,8.270000457763672,0,0.0,0.0,0.0
2022-12-07 00:00:00+01:00,8.319999694824219,8.319999694824219,8.234999656677246,8.244000434875488,0,0.0,0.0,0.0
2022-12-08 00:00:00+01:00,8.234999656677246,8.314000129699707,8.232000350952148,8.314000129699707,0,0.0,0.0,0.0
2022-12-09 00:00:00+01:00,8.366000175476074,8.369999885559082,8.357999801635742,8.357999801635742,0,0.0,0.0,0.0
2022-12-12 00:00:00+01:00,8.289999961853027,8.430999755859375,8.289999961853027,8.430999755859375,0,0.0,0.0,0.0
2022-12-13 00:00:00+01:00,8.477999687194824,8.60200023651123,8.477999687194824,8.60200023651123,0,0.0,0.0,0.0
2022-12-14 00:00:00+01:00,8.52299976348877,8.552000045776367,8.51099967956543,8.552000045776367,0,0.0,0.0,0.0
2022-12-15 00:00:00+01:00,8.390000343322754,8.390000343322754,8.166999816894531,8.166999816894531,0,0.0,0.0,0.0
2022-12-16 00:00:00+01:00,8.10200023651123,8.10200023651123,8.017000198364258,8.017000198364258,0,0.0,0.0,0.0
2022-12-19 00:00:00+01:00,8.053000450134277,8.067999839782715,7.908999919891357,7.908999919891357,0,0.0,0.0,0.0
2022-12-20 00:00:00+01:00,7.826000213623047,7.8979997634887695,7.826000213623047,7.8979997634887695,0,0.0,0.0,0.0
2022-12-21 00:00:00+01:00,7.96999979019165,8.041999816894531,7.968999862670898,8.041999816894531,0,0.0,0.0,0.0
2022-12-22 00:00:00+01:00,8.003000259399414,8.003000259399414,7.798999786376953,7.798999786376953,0,0.0,0.0,0.0
2022-12-23 00:00:00+01:00,7.835999965667725,7.8520002365112305,7.770999908447266,7.770999908447266,0,0.0,0.0,0.0
2022-12-27 00:00:00+01:00,7.835000038146973,7.835000038146973,7.72599983215332,7.72599983215332,0,0.0,0.0,0.0
2022-12-28 00:00:00+01:00,7.697000026702881,7.701000213623047,7.631999969482422,7.631999969482422,30,0.0,0.0,0.0
2022-12-29 00:00:00+01:00,7.63700008392334,7.822999954223633,7.63700008392334,7.822999954223633,0,0.0,0.0,0.0
2022-12-30 00:00:00+01:00,7.813000202178955,7.823999881744385,7.763999938964844,7.763999938964844,496,0.0,0.0,0.0
2023-01-02 00:00:00+01:00,7.909999847412109,8.060999870300293,7.909999847412109,8.041000366210938,45,0.0,0.0,0.0
2023-01-03 00:00:00+01:00,7.9730000495910645,8.020000457763672,7.901000022888184,7.901000022888184,0,0.0,0.0,0.0
2023-01-04 00:00:00+01:00,7.953000068664551,7.986999988555908,7.953000068664551,7.986999988555908,0,0.0,0.0,0.0
2023-01-05 00:00:00+01:00,7.890999794006348,7.9670000076293945,7.794000148773193,7.794000148773193,0,0.0,0.0,0.0
2023-01-06 00:00:00+01:00,7.706999778747559,7.736999988555908,7.706999778747559,7.736999988555908,0,0.0,0.0,0.0
2023-01-09 00:00:00+01:00,7.800000190734863,7.927999973297119,7.7779998779296875,7.927999973297119,1600,0.0,0.0,0.0
2023-01-10 00:00:00+01:00,7.815000057220459,7.815999984741211,7.75,7.755000114440918,2315,0.0,0.0,0.0
2023-01-11 00:00:00+01:00,7.810999870300293,7.853000164031982,7.800000190734863,7.853000164031982,150,0.0,0.0,0.0
2023-01-12 00:00:00+01:00,7.894000053405762,7.921999931335449,7.788000106811523,7.796000003814697,990,0.0,0.0,0.0
2023-01-13 00:00:00+01:00,7.833000183105469,7.859000205993652,7.784999847412109,7.85699987411499,2103,0.0,0.0,0.0
2023-01-16 00:00:00+01:00,7.927999973297119,7.927999973297119,7.863999843597412,7.882999897003174,310,0.0,0.0,0.0
2023-01-17 00:00:00+01:00,7.860000133514404,7.980000019073486,7.860000133514404,7.980000019073486,0,0.0,0.0,0.0
2023-01-18 00:00:00+01:00,8.043999671936035,8.057999610900879,8.043999671936035,8.057999610900879,0,0.0,0.0,0.0
2023-01-19 00:00:00+01:00,7.933000087738037,7.933000087738037,7.817999839782715,7.817999839782715,3,0.0,0.0,0.0
2023-01-20 00:00:00+01:00,7.8379998207092285,7.959000110626221,7.830999851226807,7.953999996185303,250,0.0,0.0,0.0
2023-01-23 00:00:00+01:00,7.9770002365112305,8.137999534606934,7.9770002365112305,8.137999534606934,0,0.0,0.0,0.0
2023-01-24 00:00:00+01:00,8.152000427246094,8.152000427246094,8.128999710083008,8.128999710083008,0,0.0,0.0,0.0
2023-01-25 00:00:00+01:00,8.074000358581543,8.074000358581543,7.926000118255615,7.933000087738037,403,0.0,0.0,0.0
2023-01-26 00:00:00+01:00,8.09000015258789,8.145999908447266,8.09000015258789,8.145999908447266,0,0.0,0.0,0.0
2023-01-27 00:00:00+01:00,8.27299976348877,8.303999900817871,8.27299976348877,8.303999900817871,0,0.0,0.0,0.0
2023-01-30 00:00:00+01:00,8.305000305175781,8.305000305175781,8.180000305175781,8.234999656677246,1570,0.0,0.0,0.0
2023-01-31 00:00:00+01:00,8.208000183105469,8.269000053405762,8.144000053405762,8.269000053405762,150,0.0,0.0,0.0
2023-02-01 00:00:00+01:00,8.29800033569336,8.456999778747559,8.29800033569336,8.456999778747559,0,0.0,0.0,0.0
2023-02-02 00:00:00+01:00,8.628000259399414,8.954999923706055,8.628000259399414,8.954999923706055,0,0.0,0.0,0.0
2023-02-03 00:00:00+01:00,8.888999938964844,8.949999809265137,8.869999885559082,8.949999809265137,0,0.0,0.0,0.0
2023-02-06 00:00:00+01:00,8.793000221252441,8.824999809265137,8.758999824523926,8.824999809265137,0,0.0,0.0,0.0
2023-02-07 00:00:00+01:00,8.711000442504883,8.795999526977539,8.680999755859375,8.732000350952148,316,0.0,0.0,0.0
2023-02-08 00:00:00+01:00,8.875,8.954000473022461,8.87399959564209,8.87399959564209,500,0.0,0.0,0.0
2023-02-09 00:00:00+01:00,8.913999557495117,8.949999809265137,8.873000144958496,8.873000144958496,110,0.0,0.0,0.0
2023-02-10 00:00:00+01:00,8.852999687194824,8.852999687194824,8.74899959564209,8.74899959564209,0,0.0,0.0,0.0
2023-02-13 00:00:00+01:00,8.77299976348877,8.949999809265137,8.77299976348877,8.949999809265137,0,0.0,0.0,0.0
2023-02-14 00:00:00+01:00,8.958000183105469,8.973999977111816,8.958000183105469,8.973999977111816,412,0.0,0.0,0.0
2023-02-15 00:00:00+01:00,8.993000030517578,9.156000137329102,8.993000030517578,9.156000137329102,1389,0.0,0.0,0.0
2023-02-16 00:00:00+01:00,9.201000213623047,9.22700023651123,9.100000381469727,9.145999908447266,153,0.0,0.0,0.0
2023-02-17 00:00:00+01:00,8.984999656677246,8.99899959564209,8.927000045776367,8.927000045776367,176,0.0,0.0,0.0
2023-02-20 00:00:00+01:00,8.95199966430664,8.961999893188477,8.946999549865723,8.946999549865723,0,0.0,0.0,0.0
2023-02-21 00:00:00+01:00,8.920000076293945,8.92199993133545,8.78499984741211,8.78499984741211,110,0.0,0.0,0.0
2023-02-22 00:00:00+01:00,8.824000358581543,8.880999565124512,8.789999961853027,8.880999565124512,224,0.0,0.0,0.0
2023-02-23 00:00:00+01:00,8.958999633789062,9.00100040435791,8.85099983215332,8.85099983215332,100,0.0,0.0,0.0
2023-02-24 00:00:00+01:00,8.937000274658203,8.937000274658203,8.781999588012695,8.805999755859375,3,0.0,0.0,0.0
2023-02-27 00:00:00+01:00,8.859000205993652,8.878999710083008,8.857999801635742,8.857999801635742,1082,0.0,0.0,0.0
2023-02-28 00:00:00+01:00,8.776000022888184,8.854999542236328,8.776000022888184,8.854999542236328,0,0.0,0.0,0.0
2023-03-01 00:00:00+01:00,8.855999946594238,8.855999946594238,8.718999862670898,8.73799991607666,61,0.0,0.0,0.0
2023-03-02 00:00:00+01:00,8.70199966430664,8.82800006866455,8.70199966430664,8.82800006866455,0,0.0,0.0,0.0
2023-03-03 00:00:00+01:00,8.956000328063965,9.105999946594238,8.956000328063965,9.105999946594238,0,0.0,0.0,0.0
2023-03-06 00:00:00+01:00,9.145000457763672,9.151000022888184,9.12399959564209,9.151000022888184,0,0.0,0.0,0.0
2023-03-07 00:00:00+01:00,9.057000160217285,9.12600040435791,9.057000160217285,9.072999954223633,18,0.0,0.0,0.0
2023-03-08 00:00:00+01:00,9.08899974822998,9.142000198364258,9.08899974822998,9.142000198364258,0,0.0,0.0,0.0
2023-03-09 00:00:00+01:00,9.147000312805176,9.170999526977539,9.130999565124512,9.133999824523926,52,0.0,0.0,0.0
2023-03-10 00:00:00+01:00,8.899999618530273,8.918999671936035,8.75,8.803999900817871,1296,0.0,0.0,0.0
2023-03-13 00:00:00+01:00,8.717000007629395,8.717000007629395,8.54800033569336,8.54800033569336,2720,0.0,0.0,0.0
2023-03-14 00:00:00+01:00,8.612000465393066,8.746999740600586,8.612000465393066,8.746999740600586,0,0.0,0.0,0.0
2023-03-15 00:00:00+01:00,8.746999740600586,8.819000244140625,8.696000099182129,8.779999732971191,12,0.0,0.0,0.0
2023-03-16 00:00:00+01:00,8.852999687194824,8.873000144958496,8.782999992370605,8.873000144958496,0,0.0,0.0,0.0
2023-03-17 00:00:00+01:00,8.916000366210938,8.930999755859375,8.821000099182129,8.821000099182129,150,0.0,0.0,0.0
2023-03-20 00:00:00+01:00,8.762999534606934,8.774999618530273,8.71399974822998,8.71399974822998,0,0.0,0.0,0.0
2023-03-21 00:00:00+01:00,8.791000366210938,8.85200023651123,8.791000366210938,8.85200023651123,25,0.0,0.0,0.0
2023-03-22 00:00:00+01:00,8.85099983215332,8.85099983215332,8.791999816894531,8.795999526977539,4,0.0,0.0,0.0
2023-03-23 00:00:00+01:00,8.690999984741211,8.857000350952148,8.690999984741211,8.854999542236328,37,0.0,0.0,0.0
2023-03-24 00:00:00+01:00,8.848999977111816,8.848999977111816,8.734000205993652,8.734000205993652,0,0.0,0.0,0.0
2023-03-27 00:00:00+02:00,8.836999893188477,8.842000007629395,8.784000396728516,8.784000396728516,0,0.0,0.0,0.0
2023-03-28 00:00:00+02:00,8.831000328063965,8.831000328063965,8.704999923706055,8.704999923706055,4,0.0,0.0,0.0
2023-03-29 00:00:00+02:00,8.762999534606934,8.788999557495117,8.74899959564209,8.74899959564209,35,0.0,0.0,0.0
2023-03-30 00:00:00+02:00,8.800999641418457,8.842000007629395,8.800999641418457,8.842000007629395,0,0.0,0.0,0.0
2023-03-31 00:00:00+02:00,8.8100004196167,9.07699966430664,8.8100004196167,9.07699966430664,0,0.0,0.0,0.0
2023-04-03 00:00:00+02:00,9.090999603271484,9.090999603271484,8.9350004196167,8.937000274658203,103,0.0,0.0,0.0
2023-04-04 00:00:00+02:00,8.887999534606934,8.973999977111816,8.887999534606934,8.932000160217285,818,0.0,0.0,0.0
2023-04-05 00:00:00+02:00,8.947999954223633,8.947999954223633,8.694999694824219,8.694999694824219,0,0.0,0.0,0.0
2023-04-06 00:00:00+02:00,8.741999626159668,8.744999885559082,8.704999923706055,8.704999923706055,0,0.0,0.0,0.0
2023-04-11 00:00:00+02:00,8.899999618530273,8.949999809265137,8.819999694824219,8.819999694824219,2,0.0,0.0,0.0
2023-04-12 00:00:00+02:00,8.847999572753906,8.892000198364258,8.847999572753906,8.87399959564209,10,0.0,0.0,0.0
2023-04-13 00:00:00+02:00,8.866999626159668,8.907999992370605,8.843999862670898,8.907999992370605,0,0.0,0.0,0.0
2023-04-14 00:00:00+02:00,8.890999794006348,8.890999794006348,8.857000350952148,8.857000350952148,0,0.0,0.0,0.0
2023-04-17 00:00:00+02:00,8.928000450134277,8.968000411987305,8.928000450134277,8.947999954223633,8,0.0,0.0,0.0
2023-04-18 00:00:00+02:00,8.967000007629395,9.010000228881836,8.956999778747559,8.956999778747559,30,0.0,0.0,0.0
2023-04-19 00:00:00+02:00,8.892999649047852,8.892999649047852,8.78600025177002,8.78600025177002,2,0.0,0.0,0.0
2023-04-20 00:00:00+02:00,8.739999771118164,8.739999771118164,8.694999694824219,8.704999923706055,0,0.0,0.0,0.0
2023-04-21 00:00:00+02:00,8.696999549865723,8.713000297546387,8.666000366210938,8.713000297546387,0,0.0,0.0,0.0
2023-04-24 00:00:00+02:00,8.694000244140625,8.718999862670898,8.567999839782715,8.567999839782715,60,0.0,0.0,0.0
2023-04-25 00:00:00+02:00,8.46399974822998,8.470999717712402,8.331999778747559,8.331999778747559,0,0.0,0.0,0.0
2023-04-26 00:00:00+02:00,8.22700023651123,8.267000198364258,8.152999877929688,8.267000198364258,7259,0.0,0.0,0.0
2023-04-27 00:00:00+02:00,8.248000144958496,8.248000144958496,8.225000381469727,8.241999626159668,0,0.0,0.0,0.0
2023-04-28 00:00:00+02:00,8.152000427246094,8.152000427246094,8.145000457763672,8.145000457763672,0,0.0,0.0,0.0
2023-05-02 00:00:00+02:00,8.184000015258789,8.197999954223633,8.031000137329102,8.031000137329102,0,0.0,0.0,0.0
2023-05-03 00:00:00+02:00,8.003000259399414,8.010000228881836,7.959000110626221,7.959000110626221,0,0.0,0.0,0.0
2023-05-04 00:00:00+02:00,7.9070000648498535,7.9710001945495605,7.888999938964844,7.9710001945495605,1420,0.0,0.0,0.0
2023-05-05 00:00:00+02:00,7.941999912261963,8.173999786376953,7.941999912261963,8.173999786376953,10,0.0,0.0,0.0
2023-05-08 00:00:00+02:00,8.15999984741211,8.28600025177002,8.15999984741211,8.28600025177002,0,0.0,0.0,0.0
2023-05-09 00:00:00+02:00,8.35200023651123,8.394000053405762,8.348999977111816,8.394000053405762,0,0.0,0.0,0.0
2023-05-10 00:00:00+02:00,8.383999824523926,8.531999588012695,8.375,8.531999588012695,0,0.0,0.0,0.0
2023-05-11 00:00:00+02:00,8.565999984741211,8.565999984741211,8.47599983215332,8.513999938964844,164,0.0,0.0,0.0
2023-05-12 00:00:00+02:00,8.517999649047852,8.569999694824219,8.517999649047852,8.53499984741211,172,0.0,0.0,0.0
2023-05-15 00:00:00+02:00,8.57699966430664,8.619999885559082,8.57699966430664,8.60099983215332,2835,0.0,0.0,0.0
2023-05-16 00:00:00+02:00,8.666999816894531,8.70199966430664,8.666999816894531,8.70199966430664,0,0.0,0.0,0.0
2023-05-17 00:00:00+02:00,8.708000183105469,8.802000045776367,8.708000183105469,8.802000045776367,174,0.0,0.0,0.0
2023-05-18 00:00:00+02:00,8.878000259399414,9.020000457763672,8.878000259399414,9.020000457763672,0,0.0,0.0,0.0
2023-05-19 00:00:00+02:00,9.088000297546387,9.097999572753906,9.055999755859375,9.055999755859375,0,0.0,0.0,0.0
2023-05-22 00:00:00+02:00,9.064000129699707,9.270999908447266,9.045000076293945,9.270999908447266,1500,0.0,0.0,0.0
2023-05-23 00:00:00+02:00,9.255000114440918,9.380000114440918,9.255000114440918,9.380000114440918,0,0.0,0.0,0.0
2023-05-24 00:00:00+02:00,9.215999603271484,9.215999603271484,9.152000427246094,9.152000427246094,247,0.0,0.0,0.0
2023-05-25 00:00:00+02:00,9.352999687194824,9.359999656677246,9.288000106811523,9.288000106811523,856,0.0,0.0,0.0
2023-05-26 00:00:00+02:00,9.34000015258789,9.656999588012695,9.34000015258789,9.656999588012695,0,0.0,0.0,0.0
2023-05-29 00:00:00+02:00,9.684000015258789,9.690999984741211,9.666000366210938,9.690999984741211,0,0.0,0.0,0.0
2023-05-30 00:00:00+02:00,9.699000358581543,9.836000442504883,9.699000358581543,9.762999534606934,226,0.0,0.0,0.0
2023-05-31 00:00:00+02:00,9.723999977111816,9.753999710083008,9.723999977111816,9.729000091552734,0,0.0,0.0,0.0
2023-06-01 00:00:00+02:00,9.706000328063965,9.706000328063965,9.65999984741211,9.670000076293945,591,0.0,0.0,0.0
2023-06-02 00:00:00+02:00,9.607000350952148,9.66100025177002,9.569999694824219,9.66100025177002,568,0.0,0.0,0.0
2023-06-05 00:00:00+02:00,9.66100025177002,9.711999893188477,9.598999977111816,9.598999977111816,14,0.0,0.0,0.0
2023-06-06 00:00:00+02:00,9.62600040435791,9.75,9.62600040435791,9.75,0,0.0,0.0,0.0
2023-06-07 00:00:00+02:00,9.736000061035156,9.736000061035156,9.717000007629395,9.722999572753906,0,0.0,0.0,0.0
2023-06-08 00:00:00+02:00,9.60200023651123,9.690999984741211,9.60200023651123,9.690999984741211,0,0.0,0.0,0.0
2023-06-09 00:00:00+02:00,9.67199993133545,9.73900032043457,9.67199993133545,9.696999549865723,10,0.0,0.0,0.0
2023-06-12 00:00:00+02:00,9.741000175476074,9.824999809265137,9.741000175476074,9.784000396728516,530,0.0,0.0,0.0
2023-06-13 00:00:00+02:00,9.958999633789062,10.022000312805176,9.920000076293945,10.022000312805176,0,0.0,0.0,0.0
2023-06-14 00:00:00+02:00,10.017999649047852,10.045999526977539,10.01200008392334,10.043999671936035,247,0.0,0.0,0.0
2023-06-15 00:00:00+02:00,10.020000457763672,10.020000457763672,9.901000022888184,9.901000022888184,15,0.0,0.0,0.0
2023-06-16 00:00:00+02:00,9.975000381469727,10.03600025177002,9.954999923706055,9.954999923706055,34,0.0,0.0,0.0
2023-06-19 00:00:00+02:00,9.987000465393066,9.987000465393066,9.871999740600586,9.871999740600586,90,0.0,0.0,0.0
2023-06-20 00:00:00+02:00,9.866999626159668,9.91100025177002,9.715999603271484,9.715999603271484,347,0.0,0.0,0.0
2023-06-21 00:00:00+02:00,9.701000213623047,9.723999977111816,9.458999633789062,9.458999633789062,198,0.0,0.0,0.0
2023-06-22 00:00:00+02:00,9.428000450134277,9.482999801635742,9.404999732971191,9.482999801635742,55,0.0,0.0,0.0
2023-06-23 00:00:00+02:00,9.541999816894531,9.579000473022461,9.437999725341797,9.437999725341797,0,0.0,0.0,0.0
2023-06-26 00:00:00+02:00,9.567000389099121,9.567000389099121,9.425000190734863,9.529000282287598,2530,0.0,0.0,0.0
2023-06-27 00:00:00+02:00,9.46399974822998,9.479999542236328,9.432999610900879,9.479999542236328,0,0.0,0.0,0.0
2023-06-28 00:00:00+02:00,9.57800006866455,9.732999801635742,9.57800006866455,9.732999801635742,0,0.0,0.0,0.0
2023-06-29 00:00:00+02:00,9.795000076293945,9.82699966430664,9.765999794006348,9.82699966430664,1655,0.0,0.0,0.0
2023-06-30 00:00:00+02:00,9.895000457763672,10.008000373840332,9.895000457763672,10.008000373840332,0,0.0,0.0,0.0
2023-07-03 00:00:00+02:00,9.994000434875488,10.017999649047852,9.95300006866455,9.95300006866455,1520,0.0,0.0,0.0
2023-07-04 00:00:00+02:00,9.991000175476074,10.020000457763672,9.991000175476074,10.01200008392334,0,0.0,0.0,0.0
2023-07-05 00:00:00+02:00,9.97700023651123,9.97700023651123,9.956999778747559,9.967000007629395,0,0.0,0.0,0.0
2023-07-06 00:00:00+02:00,9.880999565124512,9.906999588012695,9.6850004196167,9.6850004196167,2555,0.0,0.0,0.0
2023-07-07 00:00:00+02:00,9.6850004196167,9.779999732971191,9.6850004196167,9.779999732971191,0,0.0,0.0,0.0
2023-07-10 00:00:00+02:00,9.631999969482422,9.812000274658203,9.631999969482422,9.812000274658203,0,0.0,0.0,0.0
2023-07-11 00:00:00+02:00,9.883000373840332,9.901000022888184,9.883000373840332,9.901000022888184,0,0.0,0.0,0.0
2023-07-12 00:00:00+02:00,9.942000389099121,9.951000213623047,9.864999771118164,9.864999771118164,45,0.0,0.0,0.0
2023-07-13 00:00:00+02:00,9.866999626159668,9.980999946594238,9.866999626159668,9.937000274658203,65,0.0,0.0,0.0
2023-07-14 00:00:00+02:00,9.946000099182129,9.949999809265137,9.894000053405762,9.894000053405762,2500,0.0,0.0,0.0
2023-07-17 00:00:00+02:00,9.756999969482422,9.902999877929688,9.756999969482422,9.902999877929688,611,0.0,0.0,0.0
2023-07-18 00:00:00+02:00,9.940999984741211,10.053999900817871,9.940999984741211,10.053999900817871,0,0.0,0.0,0.0
2023-07-19 00:00:00+02:00,10.170000076293945,10.336000442504883,10.170000076293945,10.336000442504883,300,0.0,0.0,0.0
2023-07-20 00:00:00+02:00,10.11400032043457,10.149999618530273,10.038000106811523,10.038000106811523,500,0.0,0.0,0.0
2023-07-21 00:00:00+02:00,9.9350004196167,10.229999542236328,9.9350004196167,9.980999946594238,2900,0.0,0.0,0.0
2023-07-24 00:00:00+02:00,9.907999992370605,9.979999542236328,9.899999618530273,9.939000129699707,1546,0.0,0.0,0.0
2023-07-25 00:00:00+02:00,10.0,10.180000305175781,10.0,10.144000053405762,530,0.0,0.0,0.0
2023-07-26 00:00:00+02:00,10.118000030517578,10.118000030517578,10.039999961853027,10.088000297546387,0,0.0,0.0,0.0
2023-07-27 00:00:00+02:00,10.156000137329102,10.319999694824219,10.156000137329102,10.319999694824219,0,0.0,0.0,0.0
2023-07-28 00:00:00+02:00,10.142000198364258,10.222000122070312,10.142000198364258,10.222000122070312,0,0.0,0.0,0.0
2023-07-31 00:00:00+02:00,10.21399974822998,10.37600040435791,10.21399974822998,10.37600040435791,1500,0.0,0.0,0.0
2023-08-01 00:00:00+02:00,10.437999725341797,10.510000228881836,10.406000137329102,10.510000228881836,1205,0.0,0.0,0.0
2023-08-02 00:00:00+02:00,10.37600040435791,10.413999557495117,10.11400032043457,10.11400032043457,15,0.0,0.0,0.0
2023-08-03 00:00:00+02:00,10.119999885559082,10.1899995803833,10.086000442504883,10.1899995803833,209,0.0,0.0,0.0
2023-08-04 00:00:00+02:00,10.168000221252441,10.168000221252441,10.10200023651123,10.10200023651123,8,0.0,0.0,0.0
2023-08-07 00:00:00+02:00,10.095999717712402,10.144000053405762,9.854000091552734,9.854000091552734,14274,0.0,0.0,0.0
2023-08-08 00:00:00+02:00,9.954000473022461,9.954000473022461,9.831000328063965,9.857000350952148,5322,0.0,0.0,0.0
2023-08-09 00:00:00+02:00,9.987000465393066,10.001999855041504,9.854999542236328,9.854999542236328,350,0.0,0.0,0.0
2023-08-10 00:00:00+02:00,9.901000022888184,9.928000450134277,9.899999618530273,9.901000022888184,1418,0.0,0.0,0.0
2023-08-11 00:00:00+02:00,9.864999771118164,9.911999702453613,9.86400032043457,9.911999702453613,0,0.0,0.0,0.0
2023-08-14 00:00:00+02:00,9.923999786376953,9.942000389099121,9.87399959564209,9.928999900817871,298,0.0,0.0,0.0
2023-08-15 00:00:00+02:00,9.920999526977539,9.961000442504883,9.842000007629395,9.961000442504883,0,0.0,0.0,0.0
2023-08-16 00:00:00+02:00,9.873000144958496,9.914999961853027,9.770000457763672,9.770000457763672,517,0.0,0.0,0.0
2023-08-17 00:00:00+02:00,9.743000030517578,9.743000030517578,9.574999809265137,9.574999809265137,800,0.0,0.0,0.0
2023-08-18 00:00:00+02:00,9.527000427246094,9.595000267028809,9.420999526977539,9.54800033569336,1231,0.0,0.0,0.0
2023-08-21 00:00:00+02:00,9.616000175476074,9.687999725341797,9.616000175476074,9.66100025177002,2020,0.0,0.0,0.0
2023-08-22 00:00:00+02:00,9.708999633789062,9.807000160217285,9.708999633789062,9.807000160217285,0,0.0,0.0,0.0
2023-08-23 00:00:00+02:00,9.803999900817871,9.897000312805176,9.802000045776367,9.897000312805176,100,0.0,0.0,0.0
2023-08-24 00:00:00+02:00,10.026000022888184,10.029999732971191,9.744000434875488,9.744000434875488,0,0.0,0.0,0.0
2023-08-25 00:00:00+02:00,9.692000389099121,9.762999534606934,9.692000389099121,9.762999534606934,0,0.0,0.0,0.0
2023-08-28 00:00:00+02:00,9.847000122070312,9.942000389099121,9.847000122070312,9.920999526977539,755,0.0,0.0,0.0
2023-08-29 00:00:00+02:00,9.91100025177002,10.02400016784668,9.897000312805176,10.02400016784668,0,0.0,0.0,0.0
2023-08-30 00:00:00+02:00,9.998000144958496,9.998000144958496,9.95300006866455,9.996000289916992,0,0.0,0.0,0.0
2023-08-31 00:00:00+02:00,10.069999694824219,10.263999938964844,10.069999694824219,10.236000061035156,284,0.0,0.0,0.0
2023-09-01 00:00:00+02:00,10.263999938964844,10.449999809265137,10.263999938964844,10.449999809265137,5,0.0,0.0,0.0
2023-09-04 00:00:00+02:00,10.45199966430664,10.460000038146973,10.416000366210938,10.416000366210938,100,0.0,0.0,0.0
2023-09-05 00:00:00+02:00,10.39799976348877,10.520000457763672,10.39799976348877,10.520000457763672,55,0.0,0.0,0.0
2023-09-06 00:00:00+02:00,10.51200008392334,10.59000015258789,10.489999771118164,10.552000045776367,289,0.0,0.0,0.0
2023-09-07 00:00:00+02:00,10.517999649047852,10.517999649047852,10.45199966430664,10.45199966430664,2,0.0,0.0,0.0
2023-09-08 00:00:00+02:00,10.47599983215332,10.48799991607666,10.460000038146973,10.48799991607666,0,0.0,0.0,0.0
2023-09-11 00:00:00+02:00,10.491999626159668,10.539999961853027,10.491999626159668,10.539999961853027,0,0.0,0.0,0.0
2023-09-12 00:00:00+02:00,10.57800006866455,10.57800006866455,10.520000457763672,10.520000457763672,1,0.0,0.0,0.0
2023-09-13 00:00:00+02:00,10.479999542236328,10.520000457763672,10.465999603271484,10.503999710083008,1004,0.0,0.0,0.0
2023-09-14 00:00:00+02:00,10.526000022888184,10.597999572753906,10.526000022888184,10.597999572753906,0,0.0,0.0,0.0
2023-09-15 00:00:00+02:00,10.631999969482422,10.652000427246094,10.343999862670898,10.343999862670898,236,0.0,0.0,0.0
2023-09-18 00:00:00+02:00,10.387999534606934,10.387999534606934,10.34000015258789,10.34000015258789,1,0.0,0.0,0.0
2023-09-19 00:00:00+02:00,10.279999732971191,10.302000045776367,10.236000061035156,10.236000061035156,0,0.0,0.0,0.0
2023-09-20 00:00:00+02:00,10.248000144958496,10.267999649047852,10.248000144958496,10.267999649047852,12,0.0,0.0,0.0
2023-09-21 00:00:00+02:00,10.166000366210938,10.166000366210938,10.031999588012695,10.031999588012695,0,0.0,0.0,0.0
2023-09-22 00:00:00+02:00,10.043999671936035,10.128000259399414,10.043999671936035,10.128000259399414,85,0.0,0.0,0.0
2023-09-25 00:00:00+02:00,10.112000465393066,10.17199993133545,10.069999694824219,10.11400032043457,502,0.0,0.0,0.0
2023-09-26 00:00:00+02:00,10.010000228881836,10.015999794006348,9.987000465393066,9.987000465393066,0,0.0,0.0,0.0
2023-09-27 00:00:00+02:00,9.986000061035156,10.095999717712402,9.986000061035156,10.095999717712402,26,0.0,0.0,0.0
2023-09-28 00:00:00+02:00,10.130000114440918,10.17199993133545,10.071999549865723,10.17199993133545,0,0.0,0.0,0.0
2023-09-29 00:00:00+02:00,10.227999687194824,10.338000297546387,10.227999687194824,10.246000289916992,30,0.0,0.0,0.0
2023-10-02 00:00:00+02:00,10.279999732971191,10.350000381469727,10.26200008392334,10.350000381469727,11,0.0,0.0,0.0
2023-10-03 00:00:00+02:00,10.324000358581543,10.324000358581543,10.152000427246094,10.152000427246094,5,0.0,0.0,0.0
2023-10-04 00:00:00+02:00,10.003999710083008,10.062000274658203,9.970000267028809,10.04800033569336,10410,0.0,0.0,0.0
2023-10-05 00:00:00+02:00,10.088000297546387,10.118000030517578,9.928000450134277,9.928000450134277,130,0.0,0.0,0.0
2023-10-06 00:00:00+02:00,10.029999732971191,10.178000450134277,10.029999732971191,10.178000450134277,1,0.0,0.0,0.0
2023-10-09 00:00:00+02:00,10.215999603271484,10.246000289916992,10.175999641418457,10.222000122070312,7308,0.0,0.0,0.0
2023-10-10 00:00:00+02:00,10.319999694824219,10.432000160217285,10.315999984741211,10.423999786376953,2,0.0,0.0,0.0
2023-10-11 00:00:00+02:00,10.402000427246094,10.42199993133545,10.350000381469727,10.350000381469727,3815,0.0,0.0,0.0
2023-10-12 00:00:00+02:00,10.432000160217285,10.460000038146973,10.411999702453613,10.413999557495117,31,0.0,0.0,0.0
2023-10-13 00:00:00+02:00,10.338000297546387,10.338000297546387,10.197999954223633,10.197999954223633,0,0.0,0.0,0.0
2023-10-16 00:00:00+02:00,10.173999786376953,10.300000190734863,10.149999618530273,10.300000190734863,6,0.0,0.0,0.0
2023-10-17 00:00:00+02:00,10.236000061035156,10.305999755859375,10.14799976348877,10.305999755859375,0,0.0,0.0,0.0
2023-10-18 00:00:00+02:00,10.218000411987305,10.229999542236328,10.215999603271484,10.229999542236328,0,0.0,0.0,0.0
2023-10-19 00:00:00+02:00,10.161999702453613,10.211999893188477,10.144000053405762,10.144000053405762,0,0.0,0.0,0.0
2023-10-20 00:00:00+02:00,9.977999687194824,9.99899959564209,9.781999588012695,9.781999588012695,35,0.0,0.0,0.0
2023-10-23 00:00:00+02:00,9.788999557495117,9.788999557495117,9.682000160217285,9.708999633789062,0,0.0,0.0,0.0
2023-10-24 00:00:00+02:00,9.6850004196167,9.803999900817871,9.6850004196167,9.803999900817871,50,0.0,0.0,0.0
2023-10-25 00:00:00+02:00,9.73900032043457,9.831999778747559,9.732999801635742,9.732999801635742,1540,0.0,0.0,0.0
2023-10-26 00:00:00+02:00,9.437000274658203,9.539999961853027,9.437000274658203,9.539999961853027,0,0.0,0.0,0.0
2023-10-27 00:00:00+02:00,9.512999534606934,9.538999557495117,9.503000259399414,9.503000259399414,101,0.0,0.0,0.0
2023-10-30 00:00:00+01:00,9.616000175476074,9.616000175476074,9.407999992370605,9.407999992370605,302,0.0,0.0,0.0
2023-10-31 00:00:00+01:00,9.357000350952148,9.555999755859375,9.357000350952148,9.555999755859375,40,0.0,0.0,0.0
2023-11-01 00:00:00+01:00,9.569999694824219,9.628000259399414,9.52400016784668,9.597999572753906,108,0.0,0.0,0.0
2023-11-02 00:00:00+01:00,9.699000358581543,9.77400016784668,9.699000358581543,9.73900032043457,22860,0.0,0.0,0.0
2023-11-03 00:00:00+01:00,9.630000114440918,9.857999801635742,9.62600040435791,9.857999801635742,0,0.0,0.0,0.0
2023-11-06 00:00:00+01:00,9.89799976348877,9.925999641418457,9.788000106811523,9.788000106811523,30,0.0,0.0,0.0
2023-11-07 00:00:00+01:00,9.82699966430664,10.069999694824219,9.82699966430664,10.069999694824219,0,0.0,0.0,0.0
2023-11-08 00:00:00+01:00,10.01200008392334,10.045999526977539,10.005999565124512,10.005999565124512,0,0.0,0.0,0.0
2023-11-09 00:00:00+01:00,10.053999900817871,10.145999908447266,10.053999900817871,10.145999908447266,2000,0.0,0.0,0.0
2023-11-10 00:00:00+01:00,10.005999565124512,10.093999862670898,9.991999626159668,10.093999862670898,72,0.0,0.0,0.0
2023-11-13 00:00:00+01:00,10.119999885559082,10.192000389099121,10.119999885559082,10.192000389099121,0,0.0,0.0,0.0
2023-11-14 00:00:00+01:00,10.215999603271484,10.368000030517578,10.210000038146973,10.368000030517578,17,0.0,0.0,0.0
2023-11-15 00:00:00+01:00,10.45199966430664,10.545999526977539,10.45199966430664,10.508000373840332,101,0.0,0.0,0.0
2023-11-16 00:00:00+01:00,10.40999984741211,10.40999984741211,10.27400016784668,10.27400016784668,204,0.0,0.0,0.0
2023-11-17 00:00:00+01:00,10.378000259399414,10.430000305175781,10.378000259399414,10.430000305175781,0,0.0,0.0,0.0
2023-11-20 00:00:00+01:00,10.394000053405762,10.539999961853027,10.394000053405762,10.503999710083008,1100,0.0,0.0,0.0
2023-11-21 00:00:00+01:00,10.501999855041504,10.501999855041504,10.413999557495117,10.420000076293945,40,0.0,0.0,0.0
2023-11-22 00:00:00+01:00,10.470000267028809,10.633999824523926,10.470000267028809,10.609999656677246,3,0.0,0.0,0.0
2023-11-23 00:00:00+01:00,10.522000312805176,10.538000106811523,10.522000312805176,10.538000106811523,0,0.0,0.0,0.0
2023-11-24 00:00:00+01:00,10.52400016784668,10.557999610900879,10.52400016784668,10.557999610900879,100,0.0,0.0,0.0
2023-11-27 00:00:00+01:00,10.522000312805176,10.592000007629395,10.522000312805176,10.592000007629395,0,0.0,0.0,0.0
2023-11-28 00:00:00+01:00,10.553999900817871,10.633999824523926,10.543999671936035,10.633999824523926,454,0.0,0.0,0.0
2023-11-29 00:00:00+01:00,10.637999534606934,10.902000427246094,10.631999969482422,10.843999862670898,1255,0.0,0.0,0.0
2023-11-30 00:00:00+01:00,10.871999740600586,10.90999984741211,10.739999771118164,10.772000312805176,1466,0.0,0.0,0.0
2023-12-01 00:00:00+01:00,10.77400016784668,10.869999885559082,10.77400016784668,10.869999885559082,23,0.0,0.0,0.0
2023-12-04 00:00:00+01:00,10.869999885559082,10.869999885559082,10.869999885559082,10.869999885559082,0,0.0,0.0,0.0
2023-12-05 00:00:00+01:00,10.869999885559082,10.869999885559082,10.869999885559082,10.869999885559082,0,0.0,0.0,0.0
2023-12-06 00:00:00+01:00,10.869999885559082,10.869999885559082,10.869999885559082,10.869999885559082,0,0.0,0.0,0.0
2023-12-07 00:00:00+01:00,11.065999984741211,11.065999984741211,11.013999938964844,11.029999732971191,163,0.0,0.0,0.0
2023-12-08 00:00:00+01:00,11.13599967956543,11.22599983215332,11.088000297546387,11.211999893188477,1432,0.0,0.0,0.0
2023-12-11 00:00:00+01:00,11.263999938964844,11.380000114440918,11.263999938964844,11.380000114440918,144,0.0,0.0,0.0
2023-12-12 00:00:00+01:00,11.461999893188477,11.517999649047852,11.399999618530273,11.496000289916992,124,0.0,0.0,0.0
2023-12-13 00:00:00+01:00,11.503999710083008,11.520000457763672,11.470000267028809,11.470000267028809,371,0.0,0.0,0.0
2023-12-14 00:00:00+01:00,11.621999740600586,11.621999740600586,11.550000190734863,11.552000045776367,60,0.0,0.0,0.0
2023-12-15 00:00:00+01:00,11.607999801635742,11.821999549865723,11.607999801635742,11.812000274658203,1282,0.0,0.0,0.0
2023-12-18 00:00:00+01:00,11.843999862670898,11.843999862670898,11.748000144958496,11.748000144958496,57,0.0,0.0,0.0
2023-12-19 00:00:00+01:00,11.78600025177002,11.812000274658203,11.77400016784668,11.77400016784668,985,0.0,0.0,0.0
2023-12-20 00:00:00+01:00,11.935999870300293,11.935999870300293,11.826000213623047,11.836000442504883,892,0.0,0.0,0.0
2023-12-21 00:00:00+01:00,11.821999549865723,11.821999549865723,11.687999725341797,11.722000122070312,1500,0.0,0.0,0.0
2023-12-22 00:00:00+01:00,11.748000144958496,11.862000465393066,11.748000144958496,11.821999549865723,251,0.0,0.0,0.0
2023-12-27 00:00:00+01:00,11.881999969482422,11.883999824523926,11.802000045776367,11.802000045776367,201,0.0,0.0,0.0
2023-12-28 00:00:00+01:00,11.8100004196167,11.8100004196167,11.776000022888184,11.776000022888184,859,0.0,0.0,0.0
2023-12-29 00:00:00+01:00,11.812000274658203,11.838000297546387,11.720000267028809,11.772000312805176,41,0.0,0.0,0.0
2024-01-02 00:00:00+01:00,11.831999778747559,11.831999778747559,11.564000129699707,11.564000129699707,737,0.0,0.0,0.0
2024-01-03 00:00:00+01:00,11.489999771118164,11.489999771118164,11.413999557495117,11.413999557495117,42,0.0,0.0,0.0
2024-01-04 00:00:00+01:00,11.329999923706055,11.329999923706055,11.227999687194824,11.241999626159668,0,0.0,0.0,0.0
2024-01-05 00:00:00+01:00,11.1899995803833,11.229999542236328,11.168000221252441,11.218000411987305,300,0.0,0.0,0.0
2024-01-08 00:00:00+01:00,11.184000015258789,11.435999870300293,11.184000015258789,11.411999702453613,59,0.0,0.0,0.0
2024-01-09 00:00:00+01:00,11.454000473022461,11.552000045776367,11.413999557495117,11.552000045776367,0,0.0,0.0,0.0
2024-01-10 00:00:00+01:00,11.63599967956543,11.715999603271484,11.62399959564209,11.654000282287598,4928,0.0,0.0,0.0
2024-01-11 00:00:00+01:00,11.767999649047852,11.79800033569336,11.642000198364258,11.642000198364258,4537,0.0,0.0,0.0
2024-01-12 00:00:00+01:00,11.741999626159668,11.843999862670898,11.741999626159668,11.807999610900879,384,0.0,0.0,0.0
2024-01-15 00:00:00+01:00,11.890000343322754,11.890000343322754,11.72599983215332,11.855999946594238,101,0.0,0.0,0.0
2024-01-16 00:00:00+01:00,11.821999549865723,11.96399974822998,11.821999549865723,11.96399974822998,189,0.0,0.0,0.0
2024-01-17 00:00:00+01:00,11.800000190734863,11.881999969482422,11.729999542236328,11.789999961853027,4743,0.0,0.0,0.0
2024-01-18 00:00:00+01:00,11.824000358581543,12.0,11.824000358581543,12.0,2558,0.0,0.0,0.0
2024-01-19 00:00:00+01:00,12.022000312805176,12.157999992370605,11.98799991607666,11.98799991607666,2889,0.0,0.0,0.0
2024-01-22 00:00:00+01:00,12.208000183105469,12.418000221252441,12.208000183105469,12.368000030517578,1296,0.0,0.0,0.0
2024-01-23 00:00:00+01:00,12.395999908447266,12.557999610900879,12.395999908447266,12.406000137329102,506,0.0,0.0,0.0
2024-01-24 00:00:00+01:00,12.501999855041504,12.565999984741211,12.501999855041504,12.565999984741211,28,0.0,0.0,0.0
2024-01-25 00:00:00+01:00,12.472000122070312,12.597999572753906,12.472000122070312,12.597999572753906,1009,0.0,0.0,0.0
2024-01-26 00:00:00+01:00,12.458000183105469,12.545999526977539,12.449999809265137,12.479999542236328,1281,0.0,0.0,0.0
2024-01-29 00:00:00+01:00,12.526000022888184,12.680000305175781,12.526000022888184,12.612000465393066,2935,0.0,0.0,0.0
2024-01-30 00:00:00+01:00,12.826000213623047,12.86400032043457,12.814000129699707,12.814000129699707,2628,0.0,0.0,0.0
2024-01-31 00:00:00+01:00,12.838000297546387,12.845999717712402,12.539999961853027,12.604000091552734,8119,0.0,0.0,0.0
2024-02-01 00:00:00+01:00,12.706000328063965,12.718000411987305,12.545999526977539,12.545999526977539,2595,0.0,0.0,0.0
2024-02-02 00:00:00+01:00,12.758000373840332,12.970000267028809,12.758000373840332,12.970000267028809,3023,0.0,0.0,0.0
2024-02-05 00:00:00+01:00,12.76200008392334,12.881999969482422,12.526000022888184,12.637999534606934,3949,0.0,0.0,0.0
2024-02-06 00:00:00+01:00,12.642000198364258,12.704000473022461,12.642000198364258,12.668000221252441,817,0.0,0.0,0.0
2024-02-07 00:00:00+01:00,12.824000358581543,13.0,12.715999603271484,12.805999755859375,3582,0.0,0.0,0.0
2024-02-08 00:00:00+01:00,12.826000213623047,13.03600025177002,12.824000358581543,13.03600025177002,10307,0.0,0.0,0.0
2024-02-09 00:00:00+01:00,13.204000473022461,13.350000381469727,13.204000473022461,13.307999610900879,1252,0.0,0.0,0.0
2024-02-12 00:00:00+01:00,13.345999717712402,13.47599983215332,13.34000015258789,13.47599983215332,4978,0.0,0.0,0.0
2024-02-13 00:00:00+01:00,13.368000030517578,13.368000030517578,13.071999549865723,13.071999549865723,4054,0.0,0.0,0.0
2024-02-14 00:00:00+01:00,13.069999694824219,13.241999626159668,13.069999694824219,13.13599967956543,5289,0.0,0.0,0.0
2024-02-15 00:00:00+01:00,13.263999938964844,13.357999801635742,13.064000129699707,13.107999801635742,2491,0.0,0.0,0.0
2024-02-16 00:00:00+01:00,13.11400032043457,13.22599983215332,13.029999732971191,13.055999755859375,5447,0.0,0.0,0.0
2024-02-19 00:00:00+01:00,13.04800033569336,13.097999572753906,12.977999687194824,12.984000205993652,749,0.0,0.0,0.0
2024-02-20 00:00:00+01:00,12.838000297546387,12.899999618530273,12.732000350952148,12.732000350952148,1799,0.0,0.0,0.0
2024-02-21 00:00:00+01:00,12.605999946594238,12.605999946594238,12.20199966430664,12.23799991607666,1675,0.0,0.0,0.0
2024-02-22 00:00:00+01:00,12.508000373840332,12.616000175476074,12.508000373840332,12.595999717712402,1521,0.0,0.0,0.0
2024-02-23 00:00:00+01:00,12.581999778747559,12.637999534606934,12.571999549865723,12.571999549865723,334,0.0,0.0,0.0
2024-02-26 00:00:00+01:00,12.744000434875488,12.78600025177002,12.637999534606934,12.78600025177002,441,0.0,0.0,0.0
2024-02-27 00:00:00+01:00,12.77400016784668,12.883999824523926,12.77400016784668,12.878000259399414,1269,0.0,0.0,0.0
2024-02-28 00:00:00+01:00,12.812000274658203,12.812000274658203,12.708000183105469,12.776000022888184,778,0.0,0.0,0.0
2024-02-29 00:00:00+01:00,12.824000358581543,12.906000137329102,12.715999603271484,12.906000137329102,54,0.0,0.0,0.0
2024-03-01 00:00:00+01:00,13.121999740600586,13.236000061035156,13.057999610900879,13.142000198364258,1711,0.0,0.0,0.0
2024-03-04 00:00:00+01:00,13.303999900817871,13.303999900817871,13.142000198364258,13.142000198364258,1336,0.0,0.0,0.0
2024-03-05 00:00:00+01:00,13.156000137329102,13.156000137329102,12.687999725341797,12.736000061035156,619,0.0,0.0,0.0
2024-03-06 00:00:00+01:00,12.977999687194824,13.067999839782715,12.890000343322754,12.907999992370605,2244,0.0,0.0,0.0
2024-03-07 00:00:00+01:00,12.833999633789062,13.045999526977539,12.833999633789062,13.045999526977539,2313,0.0,0.0,0.0
2024-03-08 00:00:00+01:00,13.095999717712402,13.185999870300293,12.965999603271484,12.965999603271484,1842,0.0,0.0,0.0
2024-03-11 00:00:00+01:00,12.854000091552734,12.920000076293945,12.84000015258789,12.920000076293945,432,0.0,0.0,0.0
2024-03-12 00:00:00+01:00,13.008000373840332,13.04800033569336,12.911999702453613,13.04800033569336,370,0.0,0.0,0.0
2024-03-13 00:00:00+01:00,13.088000297546387,13.088000297546387,12.697999954223633,12.890000343322754,1639,0.0,0.0,0.0
2024-03-14 00:00:00+01:00,12.918000221252441,12.925999641418457,12.715999603271484,12.753999710083008,468,0.0,0.0,0.0
2024-03-15 00:00:00+01:00,12.821999549865723,12.821999549865723,12.597999572753906,12.637999534606934,990,0.0,0.0,0.0
2024-03-18 00:00:00+01:00,12.616000175476074,12.789999961853027,12.616000175476074,12.758000373840332,2013,0.0,0.0,0.0
2024-03-19 00:00:00+01:00,12.649999618530273,12.649999618530273,12.5,12.63599967956543,844,0.0,0.0,0.0
2024-03-20 00:00:00+01:00,12.6899995803833,12.708000183105469,12.63599967956543,12.708000183105469,188,0.0,0.0,0.0
2024-03-21 00:00:00+01:00,12.930000305175781,13.052000045776367,12.925999641418457,13.013999938964844,3813,0.0,0.0,0.0
2024-03-22 00:00:00+01:00,12.949999809265137,12.994000434875488,12.819999694824219,12.826000213623047,2162,0.0,0.0,0.0
2024-03-25 00:00:00+01:00,12.87399959564209,12.87399959564209,12.76200008392334,12.807999610900879,1171,0.0,0.0,0.0
2024-03-26 00:00:00+01:00,12.862000465393066,12.913999557495117,12.862000465393066,12.86400032043457,2167,0.0,0.0,0.0
2024-03-27 00:00:00+01:00,12.881999969482422,12.881999969482422,12.699999809265137,12.869999885559082,1849,0.0,0.0,0.0
2024-03-28 00:00:00+01:00,12.859999656677246,12.973999977111816,12.817999839782715,12.973999977111816,1663,0.0,0.0,0.0
2024-04-02 00:00:00+02:00,12.984000205993652,13.25,12.748000144958496,12.850000381469727,2275,0.0,0.0,0.0
2024-04-03 00:00:00+02:00,12.973999977111816,12.973999977111816,12.850000381469727,12.934000015258789,213,0.0,0.0,0.0
2024-04-04 00:00:00+02:00,12.918000221252441,12.972000122070312,12.918000221252441,12.972000122070312,0,0.0,0.0,0.0
2024-04-05 00:00:00+02:00,12.666000366210938,12.862000465393066,12.666000366210938,12.800000190734863,2645,0.0,0.0,0.0
2024-04-08 00:00:00+02:00,12.920000076293945,12.925999641418457,12.8100004196167,12.87399959564209,1462,0.0,0.0,0.0
2024-04-09 00:00:00+02:00,12.784000396728516,12.866000175476074,12.77400016784668,12.77400016784668,233,0.0,0.0,0.0
2024-04-10 00:00:00+02:00,12.866000175476074,12.916000366210938,12.753999710083008,12.753999710083008,141,0.0,0.0,0.0
2024-04-11 00:00:00+02:00,12.75,12.807999610900879,12.673999786376953,12.779999732971191,2333,0.0,0.0,0.0
2024-04-12 00:00:00+02:00,12.934000015258789,12.934000015258789,12.748000144958496,12.748000144958496,451,0.0,0.0,0.0
2024-04-15 00:00:00+02:00,12.734000205993652,12.734000205993652,12.557999610900879,12.557999610900879,488,0.0,0.0,0.0
2024-04-16 00:00:00+02:00,12.315999984741211,12.321999549865723,12.270000457763672,12.321999549865723,3,0.0,0.0,0.0
2024-04-17 00:00:00+02:00,12.342000007629395,12.380000114440918,12.20199966430664,12.20199966430664,1276,0.0,0.0,0.0
2024-04-18 00:00:00+02:00,12.137999534606934,12.23799991607666,12.071999549865723,12.23799991607666,1339,0.0,0.0,0.0
2024-04-19 00:00:00+02:00,11.991999626159668,12.04800033569336,11.89799976348877,11.946000099182129,892,0.0,0.0,0.0
2024-04-22 00:00:00+02:00,11.87600040435791,11.949999809265137,11.831999778747559,11.857999801635742,1617,0.0,0.0,0.0
2024-04-23 00:00:00+02:00,12.038000106811523,12.281999588012695,12.038000106811523,12.260000228881836,318,0.0,0.0,0.0
2024-04-24 00:00:00+02:00,12.496000289916992,12.54800033569336,12.437999725341797,12.458000183105469,1035,0.0,0.0,0.0
2024-04-25 00:00:00+02:00,12.39799976348877,12.484000205993652,12.29800033569336,12.307999610900879,57,0.0,0.0,0.0
2024-04-26 00:00:00+02:00,12.425999641418457,12.732000350952148,12.425999641418457,12.640000343322754,62,0.0,0.0,0.0
2024-04-29 00:00:00+02:00,12.734000205993652,12.734000205993652,12.62600040435791,12.62600040435791,1054,0.0,0.0,0.0
2024-04-30 00:00:00+02:00,12.637999534606934,12.637999534606934,12.489999771118164,12.520000457763672,128,0.0,0.0,0.0
2024-05-02 00:00:00+02:00,12.522000312805176,12.534000396728516,12.413999557495117,12.432000160217285,729,0.0,0.0,0.0
2024-05-03 00:00:00+02:00,12.465999603271484,12.53600025177002,12.394000053405762,12.46399974822998,4369,0.0,0.0,0.0
2024-05-06 00:00:00+02:00,12.52400016784668,12.612000465393066,12.522000312805176,12.593999862670898,9,0.0,0.0,0.0
2024-05-07 00:00:00+02:00,12.729999542236328,12.744000434875488,12.65999984741211,12.65999984741211,1067,0.0,0.0,0.0
2024-05-08 00:00:00+02:00,12.694000244140625,12.699999809265137,12.545999526977539,12.545999526977539,452,0.0,0.0,0.0
2024-05-09 00:00:00+02:00,12.62399959564209,12.62399959564209,12.531999588012695,12.543999671936035,135,0.0,0.0,0.0
2024-05-10 00:00:00+02:00,12.574000358581543,12.597999572753906,12.574000358581543,12.583999633789062,0,0.0,0.0,0.0
2024-05-13 00:00:00+02:00,12.652000427246094,12.652000427246094,12.501999855041504,12.550000190734863,1278,0.0,0.0,0.0
2024-05-14 00:00:00+02:00,12.576000213623047,12.708000183105469,12.576000213623047,12.649999618530273,230,0.0,0.0,0.0
2024-05-15 00:00:00+02:00,12.819999694824219,12.95199966430664,12.708000183105469,12.904000282287598,3237,0.0,0.0,0.0
2024-05-16 00:00:00+02:00,13.104000091552734,13.104000091552734,12.977999687194824,13.017999649047852,138,0.0,0.0,0.0
2024-05-17 00:00:00+02:00,12.95199966430664,13.008000373840332,12.95199966430664,12.977999687194824,59,0.0,0.0,0.0
2024-05-20 00:00:00+02:00,13.020000457763672,13.038000106811523,12.984000205993652,13.003999710083008,305,0.0,0.0,0.0
2024-05-21 00:00:00+02:00,12.960000038146973,12.960000038146973,12.85200023651123,12.887999534606934,228,0.0,0.0,0.0
2024-05-22 00:00:00+02:00,12.925999641418457,13.027999877929688,12.925999641418457,12.998000144958496,591,0.0,0.0,0.0
2024-05-23 00:00:00+02:00,13.184000015258789,13.184000015258789,12.96399974822998,12.98799991607666,1503,0.0,0.0,0.0
2024-05-24 00:00:00+02:00,12.892000198364258,13.11400032043457,12.892000198364258,13.02400016784668,84,0.0,0.0,0.0
2024-05-27 00:00:00+02:00,12.956000328063965,13.093999862670898,12.956000328063965,13.041999816894531,1430,0.0,0.0,0.0
2024-05-28 00:00:00+02:00,13.12399959564209,13.12399959564209,12.982000350952148,12.998000144958496,4379,0.0,0.0,0.0
2024-05-29 00:00:00+02:00,13.008000373840332,13.008000373840332,12.899999618530273,12.965999603271484,4641,0.0,0.0,0.0
2024-05-30 00:00:00+02:00,12.911999702453613,12.979999542236328,12.770000457763672,12.770000457763672,317,0.0,0.0,0.0
2024-05-31 00:00:00+02:00,12.588000297546387,12.600000381469727,12.368000030517578,12.368000030517578,5234,0.0,0.0,0.0
2024-06-03 00:00:00+02:00,12.656000137329102,12.930000305175781,12.430000305175781,12.430000305175781,1441,0.0,0.0,0.0
2024-06-04 00:00:00+02:00,12.380000114440918,12.380000114440918,12.276000022888184,12.307999610900879,25,0.0,0.0,0.0
2024-06-05 00:00:00+02:00,12.347999572753906,12.531999588012695,12.347999572753906,12.508000373840332,324,0.0,0.0,0.0
2024-06-06 00:00:00+02:00,12.545999526977539,12.609999656677246,12.491999626159668,12.517999649047852,483,0.0,0.0,0.0
2024-06-07 00:00:00+02:00,12.553999900817871,12.597999572753906,12.479999542236328,12.539999961853027,1051,0.0,0.0,0.0
2024-06-10 00:00:00+02:00,12.515999794006348,12.79800033569336,12.515999794006348,12.744000434875488,458,0.0,0.0,0.0
2024-06-11 00:00:00+02:00,12.706000328063965,12.78600025177002,12.64799976348877,12.668000221252441,4072,0.0,0.0,0.0
2024-06-12 00:00:00+02:00,12.781999588012695,12.920000076293945,12.781999588012695,12.920000076293945,2644,0.0,0.0,0.0
2024-06-13 00:00:00+02:00,12.944000244140625,13.02400016784668,12.892000198364258,12.892000198364258,5538,0.0,0.0,0.0
2024-06-14 00:00:00+02:00,12.958000183105469,12.958000183105469,12.803999900817871,12.803999900817871,1959,0.0,0.0,0.0
2024-06-17 00:00:00+02:00,12.880000114440918,12.923999786376953,12.805999755859375,12.805999755859375,1225,0.0,0.0,0.0
2024-06-18 00:00:00+02:00,12.989999771118164,12.991999626159668,12.868000030517578,12.868000030517578,468,0.0,0.0,0.0
2024-06-19 00:00:00+02:00,12.862000465393066,12.916000366210938,12.763999938964844,12.802000045776367,1147,0.0,0.0,0.0
2024-06-20 00:00:00+02:00,12.86400032043457,12.965999603271484,12.802000045776367,12.802000045776367,1088,0.0,0.0,0.0
2024-06-21 00:00:00+02:00,12.758000373840332,12.758000373840332,12.6899995803833,12.741999626159668,159,0.0,0.0,0.0
2024-06-24 00:00:00+02:00,12.789999961853027,12.789999961853027,12.680000305175781,12.706000328063965,5139,0.0,0.0,0.0
2024-06-25 00:00:00+02:00,12.696000099182129,12.696000099182129,12.600000381469727,12.663999557495117,249,0.0,0.0,0.0
2024-06-26 00:00:00+02:00,12.666000366210938,12.710000038146973,12.640000343322754,12.666000366210938,279,0.0,0.0,0.0
2024-06-27 00:00:00+02:00,12.633999824523926,12.82800006866455,12.588000297546387,12.82800006866455,261,0.0,0.0,0.0
2024-06-28 00:00:00+02:00,13.062000274658203,13.07800006866455,12.989999771118164,12.996000289916992,2198,0.0,0.0,0.0
2024-07-01 00:00:00+02:00,13.03600025177002,13.03600025177002,12.868000030517578,12.916000366210938,2429,0.0,0.0,0.0
2024-07-02 00:00:00+02:00,12.916000366210938,12.984000205993652,12.902000427246094,12.984000205993652,142,0.0,0.0,0.0
2024-07-03 00:00:00+02:00,13.034000396728516,13.097999572753906,13.034000396728516,13.069999694824219,9596,0.0,0.0,0.0
2024-07-04 00:00:00+02:00,13.086000442504883,13.154000282287598,13.071999549865723,13.071999549865723,41,0.0,0.0,0.0
2024-07-05 00:00:00+02:00,13.057999610900879,13.14799976348877,13.057999610900879,13.067999839782715,36,0.0,0.0,0.0
2024-07-08 00:00:00+02:00,13.152000427246094,13.152000427246094,13.062000274658203,13.062000274658203,203,0.0,0.0,0.0
2024-07-09 00:00:00+02:00,13.194000244140625,13.251999855041504,12.979999542236328,12.979999542236328,2202,0.0,0.0,0.0
2024-07-10 00:00:00+02:00,13.029999732971191,13.0600004196167,12.956000328063965,12.961999893188477,1107,0.0,0.0,0.0
2024-07-11 00:00:00+02:00,13.071999549865723,13.232000350952148,13.039999961853027,13.039999961853027,14,0.0,0.0,0.0
2024-07-12 00:00:00+02:00,13.038000106811523,13.131999969482422,13.020000457763672,13.107999801635742,160,0.0,0.0,0.0
2024-07-15 00:00:00+02:00,13.267999649047852,13.267999649047852,13.112000465393066,13.218000411987305,2917,0.0,0.0,0.0
2024-07-16 00:00:00+02:00,13.246000289916992,13.26200008392334,13.21399974822998,13.21399974822998,202,0.0,0.0,0.0
2024-07-17 00:00:00+02:00,13.244000434875488,13.244000434875488,12.946000099182129,12.946000099182129,1536,0.0,0.0,0.0
2024-07-18 00:00:00+02:00,12.923999786376953,12.923999786376953,12.744000434875488,12.744000434875488,905,0.0,0.0,0.0
2024-07-19 00:00:00+02:00,12.72599983215332,12.76200008392334,12.565999984741211,12.565999984741211,365,0.0,0.0,0.0
2024-07-22 00:00:00+02:00,12.633999824523926,12.744000434875488,12.633999824523926,12.673999786376953,107,0.0,0.0,0.0
2024-07-23 00:00:00+02:00,12.781999588012695,12.866000175476074,12.718000411987305,12.866000175476074,1865,0.0,0.0,0.0
2024-07-24 00:00:00+02:00,12.751999855041504,12.758000373840332,12.616000175476074,12.65999984741211,147,0.0,0.0,0.0
2024-07-25 00:00:00+02:00,12.437999725341797,12.470000267028809,12.288000106811523,12.470000267028809,1183,0.0,0.0,0.0
2024-07-26 00:00:00+02:00,12.550000190734863,12.576000213623047,12.428000450134277,12.437999725341797,4964,0.0,0.0,0.0
2024-07-29 00:00:00+02:00,12.484000205993652,12.592000007629395,12.454000473022461,12.454000473022461,10,0.0,0.0,0.0
2024-07-30 00:00:00+02:00,12.491999626159668,12.508000373840332,12.411999702453613,12.411999702453613,1,0.0,0.0,0.0
2024-07-31 00:00:00+02:00,12.656000137329102,12.729999542236328,12.571999549865723,12.699999809265137,784,0.0,0.0,0.0
2024-08-01 00:00:00+02:00,12.784000396728516,12.784000396728516,12.399999618530273,12.399999618530273,4334,0.0,0.0,0.0
2024-08-02 00:00:00+02:00,12.314000129699707,12.314000129699707,11.654000282287598,11.758000373840332,5813,0.0,0.0,0.0
2024-08-05 00:00:00+02:00,11.343999862670898,11.484000205993652,11.0,11.484000205993652,1663,0.0,0.0,0.0
2024-08-06 00:00:00+02:00,11.442000389099121,11.630000114440918,11.394000053405762,11.517999649047852,1941,0.0,0.0,0.0
2024-08-07 00:00:00+02:00,11.779999732971191,12.003999710083008,11.644000053405762,11.883999824523926,688,0.0,0.0,0.0
2024-08-08 00:00:00+02:00,11.67199993133545,11.90999984741211,11.656000137329102,11.90999984741211,1520,0.0,0.0,0.0
2024-08-09 00:00:00+02:00,11.795999526977539,12.031999588012695,11.791999816894531,11.791999816894531,1308,0.0,0.0,0.0
2024-08-12 00:00:00+02:00,11.829999923706055,11.833999633789062,11.814000129699707,11.814000129699707,0,0.0,0.0,0.0
2024-08-13 00:00:00+02:00,11.845999717712402,12.041999816894531,11.845999717712402,12.041999816894531,64,0.0,0.0,0.0
2024-08-14 00:00:00+02:00,12.062000274658203,12.064000129699707,12.010000228881836,12.0600004196167,428,0.0,0.0,0.0
2024-08-15 00:00:00+02:00,12.161999702453613,12.442000389099121,12.076000213623047,12.442000389099121,635,0.0,0.0,0.0
2024-08-16 00:00:00+02:00,12.522000312805176,12.5600004196167,12.390000343322754,12.390000343322754,126,0.0,0.0,0.0
2024-08-19 00:00:00+02:00,12.416000366210938,12.465999603271484,12.381999969482422,12.465999603271484,1,0.0,0.0,0.0
2024-08-20 00:00:00+02:00,12.616000175476074,12.616000175476074,12.527999877929688,12.527999877929688,0,0.0,0.0,0.0
2024-08-21 00:00:00+02:00,12.442000389099121,12.5,12.40999984741211,12.460000038146973,12280,0.0,0.0,0.0
2024-08-22 00:00:00+02:00,12.54800033569336,12.61400032043457,12.477999687194824,12.477999687194824,500,0.0,0.0,0.0
2024-08-23 00:00:00+02:00,12.543999671936035,12.543999671936035,12.428000450134277,12.479999542236328,433,0.0,0.0,0.0
2024-08-26 00:00:00+02:00,12.368000030517578,12.527999877929688,12.368000030517578,12.4399995803833,11,0.0,0.0,0.0
2024-08-27 00:00:00+02:00,12.456000328063965,12.456000328063965,12.39799976348877,12.39799976348877,70,0.0,0.0,0.0
2024-08-28 00:00:00+02:00,12.420000076293945,12.522000312805176,12.307999610900879,12.307999610900879,80,0.0,0.0,0.0
2024-08-29 00:00:00+02:00,12.371999740600586,12.616000175476074,12.371999740600586,12.616000175476074,0,0.0,0.0,0.0
2024-08-30 00:00:00+02:00,12.557999610900879,12.663999557495117,12.534000396728516,12.534000396728516,4,0.0,0.0,0.0
2024-09-02 00:00:00+02:00,12.619999885559082,12.62600040435791,12.529999732971191,12.59000015258789,1086,0.0,0.0,0.0
2024-09-03 00:00:00+02:00,12.640000343322754,12.640000343322754,12.319999694824219,12.319999694824219,465,0.0,0.0,0.0
2024-09-04 00:00:00+02:00,12.029999732971191,12.029999732971191,11.934000015258789,12.001999855041504,90,0.0,0.0,0.0
2024-09-05 00:00:00+02:00,11.907999992370605,11.907999992370605,11.842000007629395,11.842000007629395,535,0.0,0.0,0.0
2024-09-06 00:00:00+02:00,11.795999526977539,11.795999526977539,11.586000442504883,11.586000442504883,10,0.0,0.0,0.0
2024-09-09 00:00:00+02:00,11.767999649047852,11.767999649047852,11.682000160217285,11.70199966430664,4309,0.0,0.0,0.0
2024-09-10 00:00:00+02:00,11.588000297546387,11.609999656677246,11.588000297546387,11.609999656677246,0,0.0,0.0,0.0
2024-09-11 00:00:00+02:00,11.644000053405762,11.644000053405762,11.588000297546387,11.62600040435791,675,0.0,0.0,0.0
2024-09-12 00:00:00+02:00,11.942000389099121,11.960000038146973,11.899999618530273,11.960000038146973,0,0.0,0.0,0.0
2024-09-13 00:00:00+02:00,11.970000267028809,12.154000282287598,11.970000267028809,12.116000175476074,490,0.0,0.0,0.0
2024-09-16 00:00:00+02:00,12.142000198364258,12.142000198364258,12.038000106811523,12.067999839782715,371,0.0,0.0,0.0
2024-09-17 00:00:00+02:00,12.13599967956543,12.25,12.13599967956543,12.25,5,0.0,0.0,0.0
2024-09-18 00:00:00+02:00,12.194000244140625,12.194000244140625,12.069999694824219,12.069999694824219,325,0.0,0.0,0.0
2024-09-19 00:00:00+02:00,12.255999565124512,12.336000442504883,12.255999565124512,12.336000442504883,0,0.0,0.0,0.0
2024-09-20 00:00:00+02:00,12.194000244140625,12.25,12.168000221252441,12.196000099182129,5,0.0,0.0,0.0
2024-09-23 00:00:00+02:00,12.432000160217285,12.432000160217285,12.234000205993652,12.345999717712402,66,0.0,0.0,0.0
2024-09-24 00:00:00+02:00,12.390000343322754,12.390000343322754,12.331999778747559,12.331999778747559,0,0.0,0.0,0.0
2024-09-25 00:00:00+02:00,12.27400016784668,12.342000007629395,12.270000457763672,12.342000007629395,516,0.0,0.0,0.0
2024-09-26 00:00:00+02:00,12.5,12.574000358581543,12.395999908447266,12.395999908447266,159,0.0,0.0,0.0
2024-09-27 00:00:00+02:00,12.505999565124512,12.609999656677246,12.505999565124512,12.609999656677246,0,0.0,0.0,0.0
2024-09-30 00:00:00+02:00,12.54800033569336,12.54800033569336,12.46399974822998,12.498000144958496,66,0.0,0.0,0.0
2024-10-01 00:00:00+02:00,12.619999885559082,12.649999618530273,12.383999824523926,12.383999824523926,557,0.0,0.0,0.0
2024-10-02 00:00:00+02:00,12.39799976348877,12.513999938964844,12.253999710083008,12.513999938964844,594,0.0,0.0,0.0
2024-10-03 00:00:00+02:00,12.45199966430664,12.472000122070312,12.411999702453613,12.472000122070312,394,0.0,0.0,0.0
2024-10-04 00:00:00+02:00,12.470000267028809,12.65999984741211,12.470000267028809,12.652000427246094,201,0.0,0.0,0.0
2024-10-07 00:00:00+02:00,12.744000434875488,12.744000434875488,12.604000091552734,12.633999824523926,382,0.0,0.0,0.0
2024-10-08 00:00:00+02:00,12.52400016784668,12.715999603271484,12.505999565124512,12.715999603271484,2000,0.0,0.0,0.0
2024-10-09 00:00:00+02:00,12.697999954223633,12.934000015258789,12.697999954223633,12.934000015258789,11,0.0,0.0,0.0
2024-10-10 00:00:00+02:00,13.038000106811523,13.079999923706055,12.894000053405762,13.079999923706055,958,0.0,0.0,0.0
2024-10-11 00:00:00+02:00,13.154000282287598,13.293999671936035,13.0600004196167,13.281999588012695,1613,0.0,0.0,0.0
2024-10-14 00:00:00+02:00,13.222000122070312,13.39799976348877,13.222000122070312,13.288000106811523,726,0.0,0.0,0.0
2024-10-15 00:00:00+02:00,13.444000244140625,13.444000244140625,13.223999977111816,13.223999977111816,670,0.0,0.0,0.0
2024-10-16 00:00:00+02:00,13.15999984741211,13.194000244140625,13.15999984741211,13.182000160217285,5,0.0,0.0,0.0
2024-10-17 00:00:00+02:00,13.342000007629395,13.425999641418457,13.34000015258789,13.425999641418457,1207,0.0,0.0,0.0
2024-10-18 00:00:00+02:00,13.411999702453613,13.411999702453613,13.329999923706055,13.368000030517578,150,0.0,0.0,0.0
2024-10-21 00:00:00+02:00,13.248000144958496,13.380000114440918,13.248000144958496,13.336000442504883,852,0.0,0.0,0.0
2024-10-22 00:00:00+02:00,13.392000198364258,13.40999984741211,13.369999885559082,13.371999740600586,1199,0.0,0.0,0.0
2024-10-23 00:00:00+02:00,13.494000434875488,13.494000434875488,13.288000106811523,13.288000106811523,121,0.0,0.0,0.0
2024-10-24 00:00:00+02:00,13.28600025177002,13.288000106811523,13.23799991607666,13.241999626159668,303,0.0,0.0,0.0
2024-10-25 00:00:00+02:00,13.277999877929688,13.454000473022461,13.277999877929688,13.418000221252441,5195,0.0,0.0,0.0
2024-10-28 00:00:00+01:00,13.418000221252441,13.432000160217285,13.350000381469727,13.432000160217285,101,0.0,0.0,0.0
2024-10-29 00:00:00+01:00,13.52400016784668,13.531999588012695,13.454000473022461,13.494000434875488,165,0.0,0.0,0.0
2024-10-30 00:00:00+01:00,13.491999626159668,13.53600025177002,13.368000030517578,13.442000389099121,1907,0.0,0.0,0.0
2024-10-31 00:00:00+01:00,13.248000144958496,13.270000457763672,13.057999610900879,13.057999610900879,0,0.0,0.0,0.0
2024-11-01 00:00:00+01:00,13.11400032043457,13.25,13.034000396728516,13.211999893188477,592,0.0,0.0,0.0
2024-11-04 00:00:00+01:00,13.133999824523926,13.133999824523926,13.017999649047852,13.069999694824219,2402,0.0,0.0,0.0
2024-11-05 00:00:00+01:00,13.02400016784668,13.107999801635742,13.02400016784668,13.093999862670898,2361,0.0,0.0,0.0
2024-11-06 00:00:00+01:00,13.763999938964844,13.883999824523926,13.718000411987305,13.807999610900879,9575,0.0,0.0,0.0
2024-11-07 00:00:00+01:00,14.022000312805176,14.12399959564209,13.892000198364258,14.12399959564209,2981,0.0,0.0,0.0
2024-11-08 00:00:00+01:00,14.239999771118164,14.239999771118164,14.086000442504883,14.185999870300293,2912,0.0,0.0,0.0
2024-11-11 00:00:00+01:00,14.28600025177002,14.46399974822998,14.276000022888184,14.366000175476074,4124,0.0,0.0,0.0
2024-11-12 00:00:00+01:00,14.425999641418457,14.446000099182129,14.37600040435791,14.37600040435791,2474,0.0,0.0,0.0
2024-11-13 00:00:00+01:00,14.434000015258789,14.878000259399414,14.430000305175781,14.84000015258789,626,0.0,0.0,0.0
2024-11-14 00:00:00+01:00,14.767999649047852,14.86400032043457,14.522000312805176,14.583999633789062,3752,0.0,0.0,0.0
2024-11-15 00:00:00+01:00,14.498000144958496,14.498000144958496,14.29800033569336,14.404000282287598,3847,0.0,0.0,0.0
2024-11-18 00:00:00+01:00,14.4399995803833,14.4399995803833,14.062000274658203,14.14799976348877,2858,0.0,0.0,0.0
2024-11-19 00:00:00+01:00,14.239999771118164,14.239999771118164,14.02400016784668,14.218000411987305,1286,0.0,0.0,0.0
2024-11-20 00:00:00+01:00,14.486000061035156,14.486000061035156,14.300000190734863,14.300000190734863,3452,0.0,0.0,0.0
2024-11-21 00:00:00+01:00,14.47599983215332,14.859999656677246,14.434000015258789,14.859999656677246,333,0.0,0.0,0.0
2024-11-22 00:00:00+01:00,15.0600004196167,15.170000076293945,15.0600004196167,15.149999618530273,8785,0.0,0.0,0.0
2024-11-25 00:00:00+01:00,15.342000007629395,15.38599967956543,15.21399974822998,15.255999565124512,7676,0.0,0.0,0.0
2024-11-26 00:00:00+01:00,15.175999641418457,15.192000389099121,15.09000015258789,15.170000076293945,8342,0.0,0.0,0.0
2024-11-27 00:00:00+01:00,15.055999755859375,15.076000213623047,14.718000411987305,14.718000411987305,564,0.0,0.0,0.0
2024-11-28 00:00:00+01:00,14.954000473022461,15.03600025177002,14.925999641418457,15.03600025177002,145,0.0,0.0,0.0
2024-11-29 00:00:00+01:00,14.965999603271484,15.26200008392334,14.965999603271484,15.220000267028809,3821,0.0,0.0,0.0
2024-12-02 00:00:00+01:00,15.378000259399414,15.477999687194824,15.227999687194824,15.460000038146973,2136,0.0,0.0,0.0
2024-12-03 00:00:00+01:00,15.418000221252441,15.418000221252441,15.170000076293945,15.37600040435791,502,0.0,0.0,0.0
2024-12-04 00:00:00+01:00,15.392000198364258,15.673999786376953,15.392000198364258,15.612000465393066,3477,0.0,0.0,0.0
2024-12-05 00:00:00+01:00,15.607999801635742,15.607999801635742,15.5,15.57800006866455,10469,0.0,0.0,0.0
2024-12-06 00:00:00+01:00,15.65999984741211,15.767999649047852,15.576000213623047,15.767999649047852,3740,0.0,0.0,0.0
2024-12-09 00:00:00+01:00,15.887999534606934,15.918000221252441,15.477999687194824,15.595999717712402,14829,0.0,0.0,0.0
2024-12-10 00:00:00+01:00,15.486000061035156,15.675999641418457,15.486000061035156,15.515999794006348,3562,0.0,0.0,0.0
2024-12-11 00:00:00+01:00,15.491999626159668,15.491999626159668,15.300000190734863,15.416000366210938,2578,0.0,0.0,0.0
2024-12-12 00:00:00+01:00,15.390000343322754,15.472000122070312,15.343999862670898,15.454000473022461,342,0.0,0.0,0.0
2024-12-13 00:00:00+01:00,15.541999816894531,15.59000015258789,15.423999786376953,15.458000183105469,1556,0.0,0.0,0.0
2024-12-16 00:00:00+01:00,15.550000190734863,15.831999778747559,15.522000312805176,15.79800033569336,5955,0.0,0.0,0.0
2024-12-17 00:00:00+01:00,16.191999435424805,16.239999771118164,16.07200050354004,16.107999801635742,1350,0.0,0.0,0.0
2024-12-18 00:00:00+01:00,16.309999465942383,16.309999465942383,16.100000381469727,16.121999740600586,3562,0.0,0.0,0.0
2024-12-19 00:00:00+01:00,15.906000137329102,16.121999740600586,15.434000015258789,15.62399959564209,3063,0.0,0.0,0.0
2024-12-20 00:00:00+01:00,15.411999702453613,16.0939998626709,15.166000366210938,16.0939998626709,997,0.0,0.0,0.0
2024-12-23 00:00:00+01:00,16.158000946044922,16.16200065612793,15.819999694824219,15.836000442504883,1132,0.0,0.0,0.0
2024-12-27 00:00:00+01:00,16.399999618530273,16.399999618530273,15.829999923706055,16.025999069213867,5028,0.0,0.0,0.0
2024-12-30 00:00:00+01:00,16.025999069213867,16.100000381469727,15.779999732971191,15.779999732971191,263,0.0,0.0,0.0
2025-01-02 00:00:00+01:00,15.880000114440918,15.991999626159668,15.779999732971191,15.92199993133545,6767,0.0,0.0,0.0
2025-01-03 00:00:00+01:00,15.82800006866455,16.176000595092773,15.82800006866455,16.118000030517578,4343,0.0,0.0,0.0
2025-01-06 00:00:00+01:00,16.27199935913086,16.479999542236328,16.260000228881836,16.422000885009766,26672,0.0,0.0,0.0
2025-01-07 00:00:00+01:00,16.40399932861328,16.6299991607666,16.24799919128418,16.354000091552734,17003,0.0,0.0,0.0
2025-01-08 00:00:00+01:00,16.124000549316406,16.124000549316406,15.0600004196167,15.10200023651123,3928,0.0,0.0,0.0
2025-01-09 00:00:00+01:00,15.416000366210938,15.454000473022461,15.314000129699707,15.399999618530273,4771,0.0,0.0,0.0
2025-01-10 00:00:00+01:00,15.371999740600586,15.517999649047852,15.128000259399414,15.22599983215332,2466,0.0,0.0,0.0
2025-01-13 00:00:00+01:00,15.133999824523926,15.133999824523926,14.807999610900879,14.850000381469727,6520,0.0,0.0,0.0
2025-01-14 00:00:00+01:00,14.965999603271484,15.039999961853027,14.890000343322754,14.920000076293945,2610,0.0,0.0,0.0
2025-01-15 00:00:00+01:00,15.131999969482422,15.631999969482422,15.01200008392334,15.484000205993652,3163,0.0,0.0,0.0
2025-01-16 00:00:00+01:00,15.862000465393066,15.899999618530273,15.76200008392334,15.819999694824219,1788,0.0,0.0,0.0
2025-01-17 00:00:00+01:00,15.890000343322754,16.054000854492188,15.890000343322754,15.996000289916992,3479,0.0,0.0,0.0
2025-01-20 00:00:00+01:00,15.857999801635742,15.90999984741211,15.800000190734863,15.855999946594238,3091,0.0,0.0,0.0
2025-01-21 00:00:00+01:00,15.88599967956543,16.110000610351562,15.854000091552734,16.110000610351562,1864,0.0,0.0,0.0
2025-01-22 00:00:00+01:00,16.20199966430664,16.392000198364258,16.20199966430664,16.215999603271484,3811,0.0,0.0,0.0
2025-01-23 00:00:00+01:00,16.308000564575195,16.308000564575195,16.082000732421875,16.200000762939453,4141,0.0,0.0,0.0
2025-01-24 00:00:00+01:00,16.309999465942383,16.426000595092773,16.194000244140625,16.426000595092773,1203,0.0,0.0,0.0
2025-01-27 00:00:00+01:00,15.680000305175781,16.04800033569336,15.29800033569336,15.734000205993652,4793,0.0,0.0,0.0
2025-01-28 00:00:00+01:00,15.670000076293945,15.960000038146973,15.670000076293945,15.9399995803833,1195,0.0,0.0,0.0
2025-01-29 00:00:00+01:00,16.365999221801758,16.42799949645996,16.16200065612793,16.16200065612793,3823,0.0,0.0,0.0
2025-01-30 00:00:00+01:00,16.243999481201172,16.3700008392334,16.233999252319336,16.32200050354004,3957,0.0,0.0,0.0
2025-01-31 00:00:00+01:00,16.36199951171875,16.690000534057617,16.354000091552734,16.615999221801758,10877,0.0,0.0,0.0
2025-02-03 00:00:00+01:00,16.173999786376953,16.329999923706055,15.986000061035156,16.329999923706055,7952,0.0,0.0,0.0
2025-02-04 00:00:00+01:00,16.483999252319336,16.597999572753906,16.270000457763672,16.583999633789062,2216,0.0,0.0,0.0
2025-02-05 00:00:00+01:00,16.506000518798828,16.6299991607666,16.392000198364258,16.56599998474121,1730,0.0,0.0,0.0
2025-02-06 00:00:00+01:00,16.827999114990234,16.922000885009766,16.724000930786133,16.763999938964844,1206,0.0,0.0,0.0
2025-02-07 00:00:00+01:00,16.945999145507812,17.211999893188477,16.84000015258789,17.052000045776367,9485,0.0,0.0,0.0
2025-02-10 00:00:00+01:00,17.128000259399414,17.360000610351562,17.091999053955078,17.360000610351562,4224,0.0,0.0,0.0
2025-02-11 00:00:00+01:00,17.326000213623047,17.326000213623047,17.128000259399414,17.1299991607666,4437,0.0,0.0,0.0
2025-02-12 00:00:00+01:00,17.101999282836914,17.101999282836914,16.893999099731445,16.893999099731445,2857,0.0,0.0,0.0
2025-02-13 00:00:00+01:00,16.884000778198242,16.950000762939453,16.84000015258789,16.854000091552734,2748,0.0,0.0,0.0
2025-02-14 00:00:00+01:00,16.992000579833984,17.007999420166016,16.847999572753906,16.856000900268555,2577,0.0,0.0,0.0
2025-02-17 00:00:00+01:00,17.08799934387207,17.08799934387207,16.913999557495117,17.073999404907227,2149,0.0,0.0,0.0
2025-02-18 00:00:00+01:00,17.128000259399414,17.128000259399414,16.856000900268555,16.856000900268555,982,0.0,0.0,0.0
2025-02-19 00:00:00+01:00,16.86199951171875,16.97800064086914,16.68600082397461,16.881999969482422,3251,0.0,0.0,0.0
2025-02-20 00:00:00+01:00,16.79599952697754,16.97800064086914,16.43000030517578,16.469999313354492,10525,0.0,0.0,0.0
2025-02-21 00:00:00+01:00,16.554000854492188,16.68000030517578,16.426000595092773,16.426000595092773,9725,0.0,0.0,0.0
2025-02-24 00:00:00+01:00,16.195999145507812,16.195999145507812,15.829999923706055,15.904000282287598,12869,0.0,0.0,0.0
2025-02-25 00:00:00+01:00,15.887999534606934,15.887999534606934,15.395999908447266,15.42199993133545,8111,0.0,0.0,0.0
2025-02-26 00:00:00+01:00,15.70199966430664,15.793999671936035,15.649999618530273,15.711999893188477,2015,0.0,0.0,0.0
2025-02-27 00:00:00+01:00,15.67199993133545,15.800000190734863,15.605999946594238,15.65999984741211,4111,0.0,0.0,0.0
2025-02-28 00:00:00+01:00,15.265999794006348,15.359999656677246,15.109999656677246,15.263999938964844,3019,0.0,0.0,0.0
2025-03-03 00:00:00+01:00,15.446000099182129,15.446000099182129,15.187999725341797,15.187999725341797,4661,0.0,0.0,0.0
2025-03-04 00:00:00+01:00,14.911999702453613,15.04800033569336,14.612000465393066,14.631999969482422,5444,0.0,0.0,0.0
2025-03-05 00:00:00+01:00,14.836000442504883,14.928000450134277,14.564000129699707,14.564000129699707,7434,0.0,0.0,0.0
2025-03-06 00:00:00+01:00,14.784000396728516,14.784000396728516,14.46399974822998,14.630000114440918,1656,0.0,0.0,0.0
2025-03-07 00:00:00+01:00,14.416000366210938,14.416000366210938,14.079999923706055,14.079999923706055,4089,0.0,0.0,0.0
2025-03-10 00:00:00+01:00,14.22599983215332,14.307999610900879,13.817999839782715,13.880000114440918,10372,0.0,0.0,0.0
2025-03-11 00:00:00+01:00,13.656000137329102,13.855999946594238,13.592000007629395,13.720000267028809,3950,0.0,0.0,0.0
2025-03-12 00:00:00+01:00,13.803999900817871,13.982000350952148,13.73799991607666,13.937999725341797,3306,0.0,0.0,0.0
2025-03-13 00:00:00+01:00,13.739999771118164,13.819999694824219,13.53600025177002,13.612000465393066,3381,0.0,0.0,0.0
2025-03-14 00:00:00+01:00,13.609999656677246,13.894000053405762,13.609999656677246,13.894000053405762,2854,0.0,0.0,0.0
2025-03-17 00:00:00+01:00,13.87600040435791,14.043999671936035,13.814000129699707,13.986000061035156,3192,0.0,0.0,0.0
2025-03-18 00:00:00+01:00,13.986000061035156,14.161999702453613,13.956000328063965,13.998000144958496,3339,0.0,0.0,0.0
2025-03-19 00:00:00+01:00,14.064000129699707,14.260000228881836,14.038000106811523,14.21399974822998,1435,0.0,0.0,0.0
2025-03-20 00:00:00+01:00,14.321999549865723,14.324000358581543,14.119999885559082,14.121999740600586,1241,0.0,0.0,0.0
2025-03-21 00:00:00+01:00,14.031999588012695,14.092000007629395,13.895999908447266,14.062000274658203,3130,0.0,0.0,0.0
2025-03-24 00:00:00+01:00,14.293999671936035,14.447999954223633,14.175999641418457,14.407999992370605,3402,0.0,0.0,0.0
2025-03-25 00:00:00+01:00,14.425999641418457,14.539999961853027,14.406000137329102,14.539999961853027,3370,0.0,0.0,0.0
2025-03-26 00:00:00+01:00,14.470000267028809,14.472000122070312,14.227999687194824,14.227999687194824,2507,0.0,0.0,0.0
2025-03-27 00:00:00+01:00,14.180000305175781,14.236000061035156,14.020000457763672,14.020000457763672,1852,0.0,0.0,0.0
2025-03-28 00:00:00+01:00,13.812000274658203,13.857999801635742,13.4399995803833,13.4399995803833,450,0.0,0.0,0.0
2025-03-31 00:00:00+02:00,13.218000411987305,13.368000030517578,13.050000190734863,13.175999641418457,2305,0.0,0.0,0.0
2025-04-01 00:00:00+02:00,13.371999740600586,13.434000015258789,13.248000144958496,13.434000015258789,3282,0.0,0.0,0.0
2025-04-02 00:00:00+02:00,13.52400016784668,13.52400016784668,13.357999801635742,13.503999710083008,7404,0.0,0.0,0.0
2025-04-03 00:00:00+02:00,12.871999740600586,12.96399974822998,12.47599983215332,12.47599983215332,1835,0.0,0.0,0.0
2025-04-04 00:00:00+02:00,12.293999671936035,12.343999862670898,11.522000312805176,11.746000289916992,6266,0.0,0.0,0.0
2025-04-07 00:00:00+02:00,10.958000183105469,11.571999549865723,10.753999710083008,11.571999549865723,9252,0.0,0.0,0.0
2025-04-08 00:00:00+02:00,11.656000137329102,12.10200023651123,11.656000137329102,12.027999877929688,496,0.0,0.0,0.0
2025-04-09 00:00:00+02:00,11.420000076293945,11.5,11.015999794006348,11.331999778747559,3136,0.0,0.0,0.0
2025-04-10 00:00:00+02:00,12.699999809265137,12.699999809265137,11.923999786376953,11.923999786376953,4778,0.0,0.0,0.0
2025-04-11 00:00:00+02:00,12.027999877929688,12.027999877929688,11.77400016784668,11.857999801635742,710,0.0,0.0,0.0
2025-04-14 00:00:00+02:00,12.157999992370605,12.227999687194824,12.09000015258789,12.09000015258789,2941,0.0,0.0,0.0
2025-04-15 00:00:00+02:00,12.236000061035156,12.333999633789062,12.149999618530273,12.272000312805176,1051,0.0,0.0,0.0
2025-04-16 00:00:00+02:00,11.960000038146973,12.09000015258789,11.895999908447266,12.09000015258789,2734,0.0,0.0,0.0
2025-04-17 00:00:00+02:00,12.09000015258789,12.154000282287598,11.878000259399414,11.916000366210938,2002,0.0,0.0,0.0
2025-04-22 00:00:00+02:00,11.657999992370605,11.65999984741211,11.5600004196167,11.63599967956543,1285,0.0,0.0,0.0
2025-04-23 00:00:00+02:00,12.09000015258789,12.390000343322754,12.01200008392334,12.229999542236328,734,0.0,0.0,0.0
2025-04-24 00:00:00+02:00,12.1899995803833,12.600000381469727,12.039999961853027,12.600000381469727,548,0.0,0.0,0.0
2025-04-25 00:00:00+02:00,12.793999671936035,12.793999671936035,12.64799976348877,12.755999565124512,9,0.0,0.0,0.0
2025-04-28 00:00:00+02:00,12.911999702453613,12.949999809265137,12.722000122070312,12.722000122070312,3290,0.0,0.0,0.0
2025-04-29 00:00:00+02:00,12.887999534606934,12.934000015258789,12.862000465393066,12.881999969482422,714,0.0,0.0,0.0
2025-04-30 00:00:00+02:00,12.88599967956543,12.89799976348877,12.692000389099121,12.826000213623047,542,0.0,0.0,0.0
2025-05-02 00:00:00+02:00,13.163999557495117,13.307999610900879,13.100000381469727,13.23799991607666,2948,0.0,0.0,0.0
2025-05-05 00:00:00+02:00,13.302000045776367,13.430000305175781,13.166000366210938,13.411999702453613,614,0.0,0.0,0.0
2025-05-06 00:00:00+02:00,13.276000022888184,13.276000022888184,13.100000381469727,13.246000289916992,433,0.0,0.0,0.0
2025-05-07 00:00:00+02:00,13.218000411987305,13.272000312805176,13.052000045776367,13.052000045776367,438,0.0,0.0,0.0
2025-05-08 00:00:00+02:00,13.35200023651123,13.520000457763672,13.35200023651123,13.423999786376953,352,0.0,0.0,0.0
2025-05-09 00:00:00+02:00,13.666000366210938,13.748000144958496,13.541999816894531,13.59000015258789,968,0.0,0.0,0.0
2025-05-12 00:00:00+02:00,14.38599967956543,14.491999626159668,14.303999900817871,14.345999717712402,11572,0.0,0.0,0.0
2025-05-13 00:00:00+02:00,14.37600040435791,14.593999862670898,14.37600040435791,14.571999549865723,3351,0.0,0.0,0.0
2025-05-14 00:00:00+02:00,14.661999702453613,14.661999702453613,14.390000343322754,14.505999565124512,4408,0.0,0.0,0.0
2025-05-15 00:00:00+02:00,14.515999794006348,14.515999794006348,14.37399959564209,14.494000434875488,804,0.0,0.0,0.0
2025-05-16 00:00:00+02:00,14.498000144958496,14.652000427246094,14.498000144958496,14.64799976348877,3222,0.0,0.0,0.0
2025-05-19 00:00:00+02:00,14.420000076293945,14.460000038146973,14.20199966430664,14.407999992370605,849,0.0,0.0,0.0
2025-05-20 00:00:00+02:00,14.430000305175781,14.47599983215332,14.380000114440918,14.47599983215332,10469,0.0,0.0,0.0
2025-05-21 00:00:00+02:00,14.270000457763672,14.369999885559082,14.270000457763672,14.36400032043457,2049,0.0,0.0,0.0
2025-05-22 00:00:00+02:00,14.218000411987305,14.407999992370605,14.218000411987305,14.407999992370605,140,0.0,0.0,0.0
2025-05-23 00:00:00+02:00,14.45199966430664,14.45199966430664,14.206000328063965,14.206000328063965,334,0.0,0.0,0.0
2025-05-26 00:00:00+02:00,14.255999565124512,14.423999786376953,14.255999565124512,14.395999908447266,176,0.0,0.0,0.0
2025-05-27 00:00:00+02:00,14.413999557495117,14.552000045776367,14.392000198364258,14.526000022888184,2550,0.0,0.0,0.0
2025-05-28 00:00:00+02:00,14.454000473022461,14.494000434875488,14.338000297546387,14.394000053405762,235,0.0,0.0,0.0
2025-05-29 00:00:00+02:00,14.605999946594238,14.630000114440918,14.137999534606934,14.229999542236328,3153,0.0,0.0,0.0
2025-05-30 00:00:00+02:00,14.178000450134277,14.236000061035156,14.131999969482422,14.236000061035156,739,0.0,0.0,0.0
2025-06-02 00:00:00+02:00,14.076000213623047,14.149999618530273,13.935999870300293,14.130000114440918,2024,0.0,0.0,0.0
2025-06-03 00:00:00+02:00,14.26200008392334,14.446000099182129,14.131999969482422,14.446000099182129,229,0.0,0.0,0.0
2025-06-04 00:00:00+02:00,14.517999649047852,14.62600040435791,14.517999649047852,14.593999862670898,257,0.0,0.0,0.0
2025-06-05 00:00:00+02:00,14.604000091552734,14.715999603271484,14.550000190734863,14.715999603271484,253,0.0,0.0,0.0
2025-06-06 00:00:00+02:00,14.640000343322754,14.845999717712402,14.640000343322754,14.800000190734863,423,0.0,0.0,0.0
2025-06-09 00:00:00+02:00,14.843999862670898,14.932000160217285,14.772000312805176,14.850000381469727,530,0.0,0.0,0.0
2025-06-10 00:00:00+02:00,14.869999885559082,14.920000076293945,14.78600025177002,14.78600025177002,961,0.0,0.0,0.0
2025-06-11 00:00:00+02:00,14.928000450134277,14.9399995803833,14.850000381469727,14.862000465393066,806,0.0,0.0,0.0
2025-06-12 00:00:00+02:00,14.692000389099121,14.800000190734863,14.562000274658203,14.696000099182129,1258,0.0,0.0,0.0
2025-06-13 00:00:00+02:00,14.378000259399414,14.517999649047852,14.378000259399414,14.390000343322754,2303,0.0,0.0,0.0
2025-06-16 00:00:00+02:00,14.526000022888184,14.680000305175781,14.395999908447266,14.680000305175781,1594,0.0,0.0,0.0
2025-06-17 00:00:00+02:00,14.57800006866455,14.70199966430664,14.545999526977539,14.61400032043457,554,0.0,0.0,0.0
2025-06-18 00:00:00+02:00,14.640000343322754,14.772000312805176,14.640000343322754,14.708000183105469,848,0.0,0.0,0.0
2025-06-19 00:00:00+02:00,14.649999618530273,14.649999618530273,14.5,14.5,6,0.0,0.0,0.0
2025-06-20 00:00:00+02:00,14.565999984741211,14.633999824523926,14.52400016784668,14.565999984741211,172,0.0,0.0,0.0
2025-06-23 00:00:00+02:00,14.569999694824219,14.652000427246094,14.529999732971191,14.612000465393066,2023,0.0,0.0,0.0
2025-06-24 00:00:00+02:00,14.890000343322754,14.960000038146973,14.779999732971191,14.960000038146973,172,0.0,0.0,0.0
2025-06-25 00:00:00+02:00,14.824000358581543,14.984000205993652,14.824000358581543,14.918000221252441,802,0.0,0.0,0.0
2025-06-26 00:00:00+02:00,14.807999610900879,14.907999992370605,14.78600025177002,14.902000427246094,31,0.0,0.0,0.0
2025-06-27 00:00:00+02:00,14.920000076293945,14.968000411987305,14.803999900817871,14.968000411987305,834,0.0,0.0,0.0
2025-06-30 00:00:00+02:00,14.984000205993652,14.984000205993652,14.855999946594238,14.973999977111816,75,0.0,0.0,0.0
2025-07-01 00:00:00+02:00,14.918000221252441,14.918000221252441,14.581999778747559,14.73799991607666,1850,0.0,0.0,0.0
2025-07-02 00:00:00+02:00,14.765999794006348,14.932000160217285,14.76200008392334,14.76200008392334,1106,0.0,0.0,0.0
2025-07-03 00:00:00+02:00,14.9399995803833,15.218000411987305,14.890000343322754,15.20199966430664,485,0.0,0.0,0.0
2025-07-04 00:00:00+02:00,14.986000061035156,15.093999862670898,14.986000061035156,15.020000457763672,146,0.0,0.0,0.0
2025-07-07 00:00:00+02:00,15.076000213623047,15.295999526977539,15.064000129699707,15.295999526977539,717,0.0,0.0,0.0
2025-07-08 00:00:00+02:00,15.100000381469727,15.25,15.071999549865723,15.25,537,0.0,0.0,0.0
2025-07-09 00:00:00+02:00,15.119999885559082,15.329999923706055,15.119999885559082,15.272000312805176,1693,0.0,0.0,0.0
2025-07-10 00:00:00+02:00,15.260000228881836,15.265999794006348,15.034000396728516,15.119999885559082,1158,0.0,0.0,0.0
2025-07-11 00:00:00+02:00,15.01200008392334,15.01200008392334,14.815999984741211,14.815999984741211,1033,0.0,0.0,0.0
2025-07-14 00:00:00+02:00,14.520000457763672,14.746000289916992,14.477999687194824,14.746000289916992,2496,0.0,0.0,0.0
2025-07-15 00:00:00+02:00,14.77400016784668,14.913999557495117,14.710000038146973,14.913999557495117,516,0.0,0.0,0.0
2025-07-16 00:00:00+02:00,14.70199966430664,14.805999755859375,14.458000183105469,14.458000183105469,683,0.0,0.0,0.0
2025-07-17 00:00:00+02:00,14.947999954223633,14.989999771118164,14.82800006866455,14.989999771118164,1125,0.0,0.0,0.0
2025-07-18 00:00:00+02:00,14.977999687194824,15.109999656677246,14.920000076293945,15.109999656677246,319,0.0,0.0,0.0
2025-07-21 00:00:00+02:00,15.109999656677246,15.178000450134277,14.935999870300293,14.935999870300293,433,0.0,0.0,0.0
2025-07-22 00:00:00+02:00,15.062000274658203,15.062000274658203,14.843999862670898,14.843999862670898,488,0.0,0.0,0.0
2025-07-23 00:00:00+02:00,14.918000221252441,14.918000221252441,14.753999710083008,14.800000190734863,1700,0.0,0.0,0.0
2025-07-24 00:00:00+02:00,14.685999870300293,14.76200008392334,14.600000381469727,14.621999740600586,1014,0.0,0.0,0.0
2025-07-25 00:00:00+02:00,14.684000015258789,14.805999755859375,14.684000015258789,14.805999755859375,5347,0.0,0.0,0.0
2025-07-28 00:00:00+02:00,14.829999923706055,14.979999542236328,14.829999923706055,14.954000473022461,1698,0.0,0.0,0.0
2025-07-29 00:00:00+02:00,15.083999633789062,15.236000061035156,14.907999992370605,14.907999992370605,2433,0.0,0.0,0.0
2025-07-30 00:00:00+02:00,15.050000190734863,15.288000106811523,15.005999565124512,15.005999565124512,17,0.0,0.0,0.0
2025-07-31 00:00:00+02:00,15.140000343322754,15.206000328063965,14.965999603271484,14.965999603271484,1283,0.0,0.0,0.0
2025-08-01 00:00:00+02:00,14.871999740600586,14.871999740600586,14.194000244140625,14.378000259399414,2079,0.0,0.0,0.0
2025-08-04 00:00:00+02:00,14.37600040435791,14.61400032043457,14.37600040435791,14.564000129699707,1169,0.0,0.0,0.0
2025-08-05 00:00:00+02:00,14.64799976348877,14.789999961853027,14.496000289916992,14.496000289916992,192,0.0,0.0,0.0
2025-08-06 00:00:00+02:00,14.595999717712402,14.595999717712402,14.380000114440918,14.432000160217285,408,0.0,0.0,0.0
2025-08-07 00:00:00+02:00,14.444000244140625,14.555999755859375,14.140000343322754,14.140000343322754,1085,0.0,0.0,0.0
2025-08-08 00:00:00+02:00,14.215999603271484,14.350000381469727,14.215999603271484,14.22599983215332,424,0.0,0.0,0.0
2025-08-11 00:00:00+02:00,14.22599983215332,14.314000129699707,14.178000450134277,14.314000129699707,802,0.0,0.0,0.0
2025-08-12 00:00:00+02:00,14.210000038146973,14.399999618530273,14.184000015258789,14.399999618530273,2062,0.0,0.0,0.0
2025-08-13 00:00:00+02:00,14.468000411987305,14.557999610900879,14.447999954223633,14.557999610900879,508,0.0,0.0,0.0
2025-08-14 00:00:00+02:00,14.567999839782715,14.60200023651123,14.48799991607666,14.48799991607666,71,0.0,0.0,0.0
2025-08-15 00:00:00+02:00,14.51200008392334,14.51200008392334,14.317999839782715,14.473999977111816,2525,0.0,0.0,0.0
2025-08-18 00:00:00+02:00,14.670000076293945,14.670000076293945,14.29800033569336,14.482000350952148,9618,0.0,0.0,0.0
2025-08-19 00:00:00+02:00,14.722000122070312,14.722000122070312,14.383999824523926,14.477999687194824,10214,0.0,0.0,0.0
2025-08-20 00:00:00+02:00,14.276000022888184,14.381999969482422,13.965999603271484,14.152000427246094,1231,0.0,0.0,0.0
2025-08-21 00:00:00+02:00,14.315999984741211,14.32800006866455,14.121999740600586,14.32800006866455,661,0.0,0.0,0.0
2025-08-22 00:00:00+02:00,14.258000373840332,14.477999687194824,14.246000289916992,14.46399974822998,1082,0.0,0.0,0.0
2025-08-25 00:00:00+02:00,14.472000122070312,14.472000122070312,14.368000030517578,14.387999534606934,266,0.0,0.0,0.0
2025-08-26 00:00:00+02:00,14.331999778747559,14.46399974822998,14.295999526977539,14.37600040435791,946,0.0,0.0,0.0
2025-08-27 00:00:00+02:00,14.371999740600586,14.631999969482422,14.371999740600586,14.586000442504883,18,0.0,0.0,0.0
2025-08-28 00:00:00+02:00,14.600000381469727,14.706000328063965,14.5600004196167,14.668000221252441,337,0.0,0.0,0.0
2025-08-29 00:00:00+02:00,14.666000366210938,14.67199993133545,14.416000366210938,14.539999961853027,537,0.0,0.0,0.0
2025-09-01 00:00:00+02:00,14.522000312805176,14.539999961853027,14.456000328063965,14.52400016784668,1432,0.0,0.0,0.0
2025-09-02 00:00:00+02:00,14.501999855041504,14.501999855041504,14.289999961853027,14.3100004196167,649,0.0,0.0,0.0
2025-09-03 00:00:00+02:00,14.350000381469727,14.501999855041504,14.34000015258789,14.34000015258789,58,0.0,0.0,0.0
2025-09-04 00:00:00+02:00,14.39799976348877,14.428000450134277,14.25,14.381999969482422,548,0.0,0.0,0.0
2025-09-05 00:00:00+02:00,14.460000038146973,14.460000038146973,14.277999877929688,14.305999755859375,1486,0.0,0.0,0.0
2025-09-08 00:00:00+02:00,14.491999626159668,14.562000274658203,14.489999771118164,14.513999938964844,800,0.0,0.0,0.0
2025-09-09 00:00:00+02:00,14.5600004196167,14.656000137329102,14.496000289916992,14.61400032043457,364,0.0,0.0,0.0
2025-09-10 00:00:00+02:00,14.694000244140625,14.694000244140625,14.612000465393066,14.612000465393066,40,0.0,0.0,0.0
2025-09-11 00:00:00+02:00,14.5600004196167,14.751999855041504,14.5600004196167,14.751999855041504,409,0.0,0.0,0.0
2025-09-12 00:00:00+02:00,14.770000457763672,14.770000457763672,14.618000030517578,14.642000198364258,898,0.0,0.0,0.0
2025-09-15 00:00:00+02:00,14.661999702453613,14.776000022888184,14.565999984741211,14.753999710083008,1452,0.0,0.0,0.0
2025-09-16 00:00:00+02:00,14.755999565124512,14.800000190734863,14.543999671936035,14.71399974822998,11080,0.0,0.0,0.0
2025-09-17 00:00:00+02:00,14.723999977111816,14.777999877929688,14.645999908447266,14.72599983215332,82,0.0,0.0,0.0
2025-09-18 00:00:00+02:00,14.87399959564209,15.140000343322754,14.87399959564209,15.01200008392334,3988,0.0,0.0,0.0
2025-09-19 00:00:00+02:00,15.107999801635742,15.199999809265137,15.07800006866455,15.07800006866455,1459,0.0,0.0,0.0
2025-09-22 00:00:00+02:00,15.25,15.25,15.09000015258789,15.09000015258789,22736,0.0,0.0,0.0
2025-09-23 00:00:00+02:00,15.279999732971191,15.333999633789062,15.163999557495117,15.163999557495117,1170,0.0,0.0,0.0
2025-09-24 00:00:00+02:00,15.107999801635742,15.258000373840332,15.09000015258789,15.09000015258789,3450,0.0,0.0,0.0
2025-09-25 00:00:00+02:00,15.178000450134277,15.178000450134277,14.95199966430664,14.961999893188477,1850,0.0,0.0,0.0
2025-09-26 00:00:00+02:00,15.086000442504883,15.10200023651123,14.961999893188477,15.10200023651123,357,0.0,0.0,0.0
2025-09-29 00:00:00+02:00,15.166000366210938,15.17199993133545,15.052000045776367,15.052000045776367,1132,0.0,0.0,0.0
2025-09-30 00:00:00+02:00,14.923999786376953,15.065999984741211,14.923999786376953,15.065999984741211,1219,0.0,0.0,0.0
2025-10-01 00:00:00+02:00,14.791999816894531,15.050000190734863,14.791999816894531,15.050000190734863,4390,0.0,0.0,0.0
2025-10-02 00:00:00+02:00,15.095999717712402,15.23799991607666,15.095999717712402,15.23799991607666,5,0.0,0.0,0.0
2025-10-03 00:00:00+02:00,15.347999572753906,15.430000305175781,15.345999717712402,15.355999946594238,2014,0.0,0.0,0.0
2025-10-06 00:00:00+02:00,15.395999908447266,15.644000053405762,15.387999534606934,15.644000053405762,3072,0.0,0.0,0.0
2025-10-07 00:00:00+02:00,15.592000007629395,15.692000389099121,15.302000045776367,15.302000045776367,2185,0.0,0.0,0.0
2025-10-08 00:00:00+02:00,15.399999618530273,15.814000129699707,15.342000007629395,15.814000129699707,1330,0.0,0.0,0.0
2025-10-09 00:00:00+02:00,15.802000045776367,15.802000045776367,15.640000343322754,15.723999977111816,1333,0.0,0.0,0.0
2025-10-10 00:00:00+02:00,15.829999923706055,15.85200023651123,15.251999855041504,15.251999855041504,2393,0.0,0.0,0.0
2025-10-13 00:00:00+02:00,15.411999702453613,15.567999839782715,15.411999702453613,15.486000061035156,1247,0.0,0.0,0.0
2025-10-14 00:00:00+02:00,15.345999717712402,15.345999717712402,15.258000373840332,15.258000373840332,22,0.0,0.0,0.0
2025-10-15 00:00:00+02:00,15.390000343322754,15.479999542236328,15.326000213623047,15.390000343322754,1491,0.0,0.0,0.0
2025-10-16 00:00:00+02:00,15.47599983215332,15.47599983215332,15.156000137329102,15.276000022888184,210,0.0,0.0,0.0
2025-10-17 00:00:00+02:00,14.866000175476074,15.069999694824219,14.770000457763672,15.031999588012695,4888,0.0,0.0,0.0
2025-10-20 00:00:00+02:00,15.12600040435791,15.345999717712402,15.12600040435791,15.345999717712402,12174,0.0,0.0,0.0
2025-10-21 00:00:00+02:00,15.494000434875488,15.776000022888184,15.434000015258789,15.776000022888184,908,0.0,0.0,0.0
2025-10-22 00:00:00+02:00,15.595999717712402,15.595999717712402,15.324000358581543,15.324000358581543,7098,0.0,0.0,0.0
2025-10-23 00:00:00+02:00,15.503999710083008,15.746000289916992,15.326000213623047,15.434000015258789,9068,0.0,0.0,0.0
2025-10-27 00:00:00+01:00,15.878000259399414,15.878000259399414,15.685999870300293,15.685999870300293,4158,0.0,0.0,0.0
2025-10-28 00:00:00+01:00,15.604000091552734,15.781999588012695,15.604000091552734,15.781999588012695,623,0.0,0.0,0.0
2025-10-29 00:00:00+01:00,15.73799991607666,15.73799991607666,15.347999572753906,15.347999572753906,520,0.0,0.0,0.0
2025-10-30 00:00:00+01:00,15.434000015258789,15.61400032043457,15.37600040435791,15.555999755859375,919,0.0,0.0,0.0
2025-10-31 00:00:00+01:00,15.461999893188477,15.654000282287598,15.461999893188477,15.654000282287598,2838,0.0,0.0,0.0
2025-11-03 00:00:00+01:00,15.60200023651123,15.723999977111816,15.45199966430664,15.631999969482422,1409,0.0,0.0,0.0
2025-11-04 00:00:00+01:00,15.37600040435791,15.456000328063965,15.270000457763672,15.270000457763672,760,0.0,0.0,0.0
2025-11-05 00:00:00+01:00,15.0,15.10200023651123,15.0,15.088000297546387,614,0.0,0.0,0.0
2025-11-06 00:00:00+01:00,15.140000343322754,15.3100004196167,14.855999946594238,14.855999946594238,1025,0.0,0.0,0.0
2025-11-07 00:00:00+01:00,15.223999977111816,15.223999977111816,14.770000457763672,14.793999671936035,4367,0.0,0.0,0.0
2025-11-10 00:00:00+01:00,15.343999862670898,15.444000244140625,15.267999649047852,15.267999649047852,1252,0.0,0.0,0.0
2025-11-11 00:00:00+01:00,15.277999877929688,15.303999900817871,15.163999557495117,15.185999870300293,2549,0.0,0.0,0.0
2025-11-12 00:00:00+01:00,15.300000190734863,15.423999786376953,15.253999710083008,15.253999710083008,1230,0.0,0.0,0.0
2025-11-13 00:00:00+01:00,15.258000373840332,15.258000373840332,14.859999656677246,14.880000114440918,497,0.0,0.0,0.0
2025-11-14 00:00:00+01:00,14.70199966430664,14.862000465393066,14.42199993133545,14.862000465393066,3147,0.0,0.0,0.0
2025-11-17 00:00:00+01:00,14.890000343322754,14.890000343322754,14.605999946594238,14.605999946594238,3207,0.0,0.0,0.0
2025-11-18 00:00:00+01:00,14.342000007629395,14.342000007629395,14.156000137329102,14.277999877929688,3061,0.0,0.0,0.0
2025-11-19 00:00:00+01:00,14.241999626159668,14.326000213623047,14.234000205993652,14.267999649047852,5635,0.0,0.0,0.0
2025-11-20 00:00:00+01:00,14.461999893188477,14.539999961853027,14.208000183105469,14.208000183105469,10745,0.0,0.0,0.0
2025-11-21 00:00:00+01:00,13.793999671936035,13.937999725341797,13.697999954223633,13.819999694824219,3399,0.0,0.0,0.0
2025-11-24 00:00:00+01:00,14.045999526977539,14.222000122070312,13.958000183105469,14.206000328063965,2751,0.0,0.0,0.0
2025-11-25 00:00:00+01:00,14.253999710083008,14.276000022888184,14.118000030517578,14.276000022888184,11290,0.0,0.0,0.0
2025-11-26 00:00:00+01:00,14.369999885559082,14.470000267028809,14.36400032043457,14.435999870300293,3270,0.0,0.0,0.0
2025-11-27 00:00:00+01:00,14.35200023651123,14.428000450134277,14.35200023651123,14.36400032043457,1171,0.0,0.0,0.0
2025-11-28 00:00:00+01:00,14.529999732971191,14.612000465393066,14.529999732971191,14.553999900817871,285,0.0,0.0,0.0
2025-12-01 00:00:00+01:00,14.434000015258789,14.446000099182129,14.35200023651123,14.446000099182129,2525,0.0,0.0,0.0
2025-12-02 00:00:00+01:00,14.423999786376953,14.64799976348877,14.423999786376953,14.571999549865723,276,0.0,0.0,0.0
2025-12-03 00:00:00+01:00,14.557999610900879,14.699999809265137,14.557999610900879,14.668000221252441,1010,0.0,0.0,0.0
2025-12-04 00:00:00+01:00,14.9399995803833,14.9399995803833,14.814000129699707,14.918000221252441,46,0.0,0.0,0.0
2025-12-05 00:00:00+01:00,14.954000473022461,15.029999732971191,14.881999969482422,14.942000389099121,1619,0.0,0.0,0.0
2025-12-08 00:00:00+01:00,14.97599983215332,14.984000205993652,14.930000305175781,14.977999687194824,2322,0.0,0.0,0.0
2025-12-09 00:00:00+01:00,14.994000434875488,15.086000442504883,14.98799991607666,15.074000358581543,297,0.0,0.0,0.0
2025-12-10 00:00:00+01:00,15.062000274658203,15.062000274658203,14.946000099182129,15.001999855041504,4925,0.0,0.0,0.0
2025-12-11 00:00:00+01:00,14.904000282287598,14.984000205993652,14.802000045776367,14.802000045776367,1994,0.0,0.0,0.0
2025-12-12 00:00:00+01:00,14.977999687194824,14.977999687194824,14.557999610900879,14.557999610900879,3532,0.0,0.0,0.0
2025-12-15 00:00:00+01:00,14.715999603271484,14.720000267028809,14.399999618530273,14.447999954223633,3632,0.0,0.0,0.0
2025-12-16 00:00:00+01:00,14.227999687194824,14.277999877929688,14.227999687194824,14.241999626159668,1116,0.0,0.0,0.0
2025-12-17 00:00:00+01:00,14.36400032043457,14.449999809265137,14.14799976348877,14.14799976348877,1725,0.0,0.0,0.0
2025-12-18 00:00:00+01:00,14.128000259399414,14.263999938964844,13.862000465393066,14.263999938964844,75,0.0,0.0,0.0
2025-12-19 00:00:00+01:00,14.300000190734863,14.368000030517578,14.244000434875488,14.350000381469727,1421,0.0,0.0,0.0
2025-12-22 00:00:00+01:00,14.350000381469727,14.557999610900879,14.350000381469727,14.557999610900879,61,0.0,0.0,0.0
2025-12-23 00:00:00+01:00,14.520000457763672,14.520000457763672,14.383999824523926,14.432000160217285,3144,0.0,0.0,0.0
2025-12-29 00:00:00+01:00,14.390000343322754,14.390000343322754,14.23799991607666,14.331999778747559,2105,0.0,0.0,0.0
2025-12-30 00:00:00+01:00,14.289999961853027,14.345999717712402,14.241999626159668,14.326000213623047,504,0.0,0.0,0.0
2026-01-02 00:00:00+01:00,14.28600025177002,14.411999702453613,14.041999816894531,14.142000198364258,1213,0.0,0.0,0.0
2026-01-05 00:00:00+01:00,14.031999588012695,14.465999603271484,14.031999588012695,14.465999603271484,5781,0.0,0.0,0.0
2026-01-06 00:00:00+01:00,14.319999694824219,14.47599983215332,14.289999961853027,14.39799976348877,852,0.0,0.0,0.0
2026-01-07 00:00:00+01:00,14.526000022888184,14.630000114440918,14.42199993133545,14.592000007629395,47585,0.0,0.0,0.0
2026-01-08 00:00:00+01:00,14.583999633789062,14.60200023651123,14.326000213623047,14.326000213623047,685,0.0,0.0,0.0
2026-01-09 00:00:00+01:00,14.529999732971191,14.529999732971191,14.420000076293945,14.484000205993652,581,0.0,0.0,0.0
2026-01-12 00:00:00+01:00,14.338000297546387,14.444000244140625,14.246000289916992,14.444000244140625,2657,0.0,0.0,0.0
2026-01-13 00:00:00+01:00,14.378000259399414,14.505999565124512,14.354000091552734,14.501999855041504,520,0.0,0.0,0.0
2026-01-14 00:00:00+01:00,14.39799976348877,14.510000228881836,14.248000144958496,14.314000129699707,1282,0.0,0.0,0.0
2026-01-15 00:00:00+01:00,14.394000053405762,14.569999694824219,14.394000053405762,14.51200008392334,636,0.0,0.0,0.0
2026-01-16 00:00:00+01:00,14.402000427246094,14.402000427246094,14.326000213623047,14.336000442504883,1057,0.0,0.0,0.0
2026-01-19 00:00:00+01:00,14.116000175476074,14.116000175476074,14.0,14.093999862670898,1368,0.0,0.0,0.0
2026-01-20 00:00:00+01:00,13.947999954223633,14.003999710083008,13.755999565124512,14.003999710083008,1570,0.0,0.0,0.0
2026-01-21 00:00:00+01:00,13.949999809265137,14.017999649047852,13.784000396728516,14.017999649047852,869,0.0,0.0,0.0
2026-01-22 00:00:00+01:00,14.083999633789062,14.20199966430664,14.083999633789062,14.20199966430664,767,0.0,0.0,0.0
2026-01-23 00:00:00+01:00,14.239999771118164,14.255999565124512,14.178000450134277,14.178000450134277,1930,0.0,0.0,0.0
2026-01-26 00:00:00+01:00,14.071999549865723,14.175999641418457,13.89799976348877,14.175999641418457,503,0.0,0.0,0.0
2026-01-27 00:00:00+01:00,14.295999526977539,14.336000442504883,14.279999732971191,14.307999610900879,806,0.0,0.0,0.0
2026-01-28 00:00:00+01:00,14.428000450134277,14.501999855041504,14.362000465393066,14.383999824523926,2323,0.0,0.0,0.0
2026-01-29 00:00:00+01:00,14.314000129699707,14.314000129699707,13.777999877929688,13.826000213623047,2254,0.0,0.0,0.0
2026-01-30 00:00:00+01:00,13.890000343322754,13.95199966430664,13.78600025177002,13.78600025177002,1176,0.0,0.0,0.0
2026-02-02 00:00:00+01:00,13.678000450134277,14.107999801635742,13.678000450134277,14.107999801635742,2714,0.0,0.0,0.0
2026-02-03 00:00:00+01:00,13.986000061035156,13.986000061035156,13.51200008392334,13.51200008392334,479,0.0,0.0,0.0
2026-02-04 00:00:00+01:00,13.522000312805176,13.586000442504883,13.246000289916992,13.434000015258789,13520,0.0,0.0,0.0
2026-02-05 00:00:00+01:00,13.567999839782715,13.569999694824219,13.329999923706055,13.434000015258789,8795,0.0,0.0,0.0
2026-02-06 00:00:00+01:00,13.187999725341797,13.555999755859375,13.187999725341797,13.555999755859375,1420,0.0,0.0,0.0
2026-02-09 00:00:00+01:00,13.710000038146973,13.892000198364258,13.60200023651123,13.892000198364258,550,0.0,0.0,0.0
2026-02-10 00:00:00+01:00,13.842000007629395,14.064000129699707,13.699999809265137,14.064000129699707,23,0.0,0.0,0.0
2026-02-11 00:00:00+01:00,13.930000305175781,14.039999961853027,13.862000465393066,13.913999557495117,3088,0.0,0.0,0.0
2026-02-12 00:00:00+01:00,14.166000366210938,14.253999710083008,13.934000015258789,13.934000015258789,519,0.0,0.0,0.0
2026-02-13 00:00:00+01:00,13.998000144958496,14.449999809265137,13.998000144958496,14.449999809265137,1229,0.0,0.0,0.0
2026-02-16 00:00:00+01:00,14.520000457763672,14.630000114440918,14.413999557495117,14.413999557495117,2168,0.0,0.0,0.0
2026-02-17 00:00:00+01:00,14.468000411987305,14.468000411987305,14.166000366210938,14.319999694824219,1114,0.0,0.0,0.0
2026-02-18 00:00:00+01:00,14.312000274658203,14.418000221252441,14.300000190734863,14.413999557495117,610,0.0,0.0,0.0
2026-02-19 00:00:00+01:00,14.406000137329102,14.505999565124512,14.321999549865723,14.321999549865723,837,0.0,0.0,0.0
2026-02-20 00:00:00+01:00,14.390000343322754,14.51200008392334,14.236000061035156,14.432000160217285,4738,0.0,0.0,0.0
2026-02-23 00:00:00+01:00,13.984000205993652,14.067999839782715,13.649999618530273,13.70199966430664,3712,0.0,0.0,0.0
2026-02-24 00:00:00+01:00,13.673999786376953,13.826000213623047,13.600000381469727,13.748000144958496,1225,0.0,0.0,0.0
2026-02-25 00:00:00+01:00,13.77400016784668,14.015999794006348,13.748000144958496,14.015999794006348,584,0.0,0.0,0.0
2026-02-26 00:00:00+01:00,14.156000137329102,14.293999671936035,14.156000137329102,14.232000350952148,5791,0.0,0.0,0.0
2026-02-27 00:00:00+01:00,14.211999893188477,14.251999855041504,13.984000205993652,14.093999862670898,1273,0.0,0.0,0.0
2026-03-02 00:00:00+01:00,14.027999877929688,14.42199993133545,14.015999794006348,14.229999542236328,2577,0.0,0.0,0.0
2026-03-03 00:00:00+01:00,14.293999671936035,14.312000274658203,14.119999885559082,14.295999526977539,337,0.0,0.0,0.0
2026-03-04 00:00:00+01:00,14.336000442504883,14.63599967956543,14.336000442504883,14.508000373840332,892,0.0,0.0,0.0
2026-03-05 00:00:00+01:00,14.609999656677246,15.041999816894531,14.609999656677246,14.866000175476074,1995,0.0,0.0,0.0
2026-03-09 00:00:00+01:00,14.579999923706055,14.739999771118164,14.543999671936035,14.640000343322754,1653,0.0,0.0,0.0
2026-03-10 00:00:00+01:00,14.932000160217285,15.086000442504883,14.902000427246094,15.062000274658203,378,0.0,0.0,0.0
2026-03-11 00:00:00+01:00,14.991999626159668,15.196000099182129,14.991999626159668,15.112000465393066,334,0.0,0.0,0.0
2026-03-12 00:00:00+01:00,15.107999801635742,15.152000427246094,15.07800006866455,15.144000053405762,820,0.0,0.0,0.0
2026-03-13 00:00:00+01:00,14.994000434875488,15.321999549865723,14.994000434875488,15.052000045776367,4891,0.0,0.0,0.0
2026-03-16 00:00:00+01:00,15.26200008392334,15.289999961853027,15.04800033569336,15.04800033569336,2033,0.0,0.0,0.0
2026-03-17 00:00:00+01:00,14.977999687194824,15.210000038146973,14.894000053405762,15.11400032043457,620,0.0,0.0,0.0
2026-03-18 00:00:00+01:00,15.26200008392334,15.263999938964844,15.104000091552734,15.23799991607666,474,0.0,0.0,0.0
2026-03-19 00:00:00+01:00,15.239999771118164,15.239999771118164,15.022000312805176,15.022000312805176,1031,0.0,0.0,0.0
2026-03-20 00:00:00+01:00,15.168000221252441,15.168000221252441,14.880000114440918,14.880000114440918,3006,0.0,0.0,0.0
2026-03-23 00:00:00+01:00,14.605999946594238,15.270000457763672,14.579999923706055,15.039999961853027,1920,0.0,0.0,0.0
2026-03-24 00:00:00+01:00,15.236000061035156,15.236000061035156,14.869999885559082,14.869999885559082,677,0.0,0.0,0.0
2026-03-25 00:00:00+01:00,15.069999694824219,15.359999656677246,15.069999694824219,15.263999938964844,959,0.0,0.0,0.0
2026-03-26 00:00:00+01:00,15.215999603271484,15.25,15.11400032043457,15.22599983215332,372,0.0,0.0,0.0
2026-03-27 00:00:00+01:00,15.149999618530273,15.149999618530273,14.444000244140625,14.552000045776367,868,0.0,0.0,0.0
2026-03-30 00:00:00+02:00,14.67199993133545,14.67199993133545,14.54800033569336,14.54800033569336,9160,0.0,0.0,0.0
2026-03-31 00:00:00+02:00,14.40999984741211,14.642000198364258,14.40999984741211,14.508000373840332,4169,0.0,0.0,0.0
2026-04-01 00:00:00+02:00,15.09000015258789,15.227999687194824,15.031999588012695,15.22599983215332,5493,0.0,0.0,0.0
2026-04-02 00:00:00+02:00,14.918000221252441,15.380000114440918,14.869999885559082,15.362000465393066,3163,0.0,0.0,0.0
2026-04-07 00:00:00+02:00,15.355999946594238,15.430000305175781,15.220000267028809,15.267999649047852,2080,0.0,0.0,0.0
2026-04-08 00:00:00+02:00,16.04800033569336,16.18000030517578,15.838000297546387,15.857999801635742,2725,0.0,0.0,0.0
2026-04-09 00:00:00+02:00,15.751999855041504,15.845999717712402,15.204000473022461,15.279999732971191,2376,0.0,0.0,0.0
2026-04-10 00:00:00+02:00,15.196000099182129,15.5,14.600000381469727,14.84000015258789,3705,0.0,0.0,0.0
2026-04-13 00:00:00+02:00,14.729999542236328,15.088000297546387,14.684000015258789,15.071999549865723,1979,0.0,0.0,0.0
2026-04-14 00:00:00+02:00,15.197999954223633,15.37399959564209,15.197999954223633,15.37399959564209,322,0.0,0.0,0.0
2026-04-15 00:00:00+02:00,15.277999877929688,15.675999641418457,15.210000038146973,15.675999641418457,3594,0.0,0.0,0.0
2026-04-16 00:00:00+02:00,15.763999938964844,16.091999053955078,15.763999938964844,16.091999053955078,2419,0.0,0.0,0.0
2026-04-17 00:00:00+02:00,16.22800064086914,16.47599983215332,16.22800064086914,16.34600067138672,22218,0.0,0.0,0.0
2026-04-20 00:00:00+02:00,16.558000564575195,16.784000396728516,16.4060001373291,16.784000396728516,590,0.0,0.0,0.0
2026-04-21 00:00:00+02:00,16.889999389648438,17.20599937438965,16.81800079345703,17.13800048828125,4911,0.0,0.0,0.0
2026-04-22 00:00:00+02:00,17.29599952697754,17.399999618530273,17.16200065612793,17.399999618530273,4537,0.0,0.0,0.0
2026-04-23 00:00:00+02:00,17.20800018310547,17.26799964904785,17.02400016784668,17.115999221801758,3050,0.0,0.0,0.0
2026-04-24 00:00:00+02:00,17.22599983215332,17.22599983215332,16.922000885009766,16.959999084472656,2716,0.0,0.0,0.0
2026-04-27 00:00:00+02:00,17.13800048828125,17.15999984741211,16.98200035095215,17.15999984741211,2172,0.0,0.0,0.0
2026-04-28 00:00:00+02:00,17.191999435424805,17.20400047302246,16.986000061035156,17.01799964904785,751,0.0,0.0,0.0
2026-04-29 00:00:00+02:00,16.97599983215332,17.163999557495117,16.97599983215332,17.059999465942383,358,0.0,0.0,0.0
2026-04-30 00:00:00+02:00,17.261999130249023,17.417999267578125,17.079999923706055,17.253999710083008,19428,0.0,0.0,0.0
2026-05-04 00:00:00+02:00,17.70199966430664,18.02199935913086,17.70199966430664,17.950000762939453,4401,0.0,0.0,0.0
2026-05-05 00:00:00+02:00,18.131999969482422,18.538000106811523,18.082000732421875,18.48200035095215,3655,0.0,0.0,0.0
2026-05-06 00:00:00+02:00,18.694000244140625,18.91200065612793,18.20800018310547,18.354000091552734,7327,0.0,0.0,0.0
2026-05-07 00:00:00+02:00,18.447999954223633,18.549999237060547,18.368000030517578,18.42799949645996,1748,0.0,0.0,0.0
2026-05-08 00:00:00+02:00,18.441999435424805,18.441999435424805,18.214000701904297,18.29199981689453,5685,0.0,0.0,0.0
2026-05-11 00:00:00+02:00,18.66200065612793,18.66200065612793,18.399999618530273,18.513999938964844,4957,0.0,0.0,0.0
2026-05-12 00:00:00+02:00,18.51799964904785,18.576000213623047,17.959999084472656,17.959999084472656,5363,0.0,0.0,0.0
2026-05-13 00:00:00+02:00,18.26799964904785,18.51799964904785,18.214000701904297,18.368000030517578,1897,0.0,0.0,0.0
2026-05-14 00:00:00+02:00,18.75,19.09000015258789,18.65399932861328,19.04199981689453,1721,0.0,0.0,0.0
2026-05-15 00:00:00+02:00,18.950000762939453,18.950000762939453,18.672000885009766,18.676000595092773,3489,0.0,0.0,0.0
2026-05-18 00:00:00+02:00,18.979999542236328,18.986000061035156,18.79199981689453,18.93000030517578,7347,0.0,0.0,0.0
2026-05-19 00:00:00+02:00,18.805999755859375,19.038000106811523,18.790000915527344,19.038000106811523,1432,0.0,0.0,0.0
2026-05-20 00:00:00+02:00,19.006000518798828,19.52400016784668,19.006000518798828,19.416000366210938,7421,0.0,0.0,0.0
2026-05-21 00:00:00+02:00,19.6200008392334,19.81599998474121,19.558000564575195,19.81599998474121,8522,0.0,0.0,0.0
2026-05-22 00:00:00+02:00,20.045000076293945,20.579999923706055,19.950000762939453,20.579999923706055,3530,0.0,0.0,0.0
2026-05-25 00:00:00+02:00,21.084999084472656,21.225000381469727,20.815000534057617,20.924999237060547,17513,0.0,0.0,0.0
2026-05-26 00:00:00+02:00,20.844999313354492,21.030000686645508,20.690000534057617,21.030000686645508,6149,0.0,0.0,0.0
2026-05-27 00:00:00+02:00,20.799999237060547,20.895000457763672,20.225000381469727,20.3700008392334,26470,0.0,0.0,0.0
2026-05-28 00:00:00+02:00,20.450000762939453,20.78499984741211,20.3700008392334,20.709999084472656,4176,0.0,0.0,0.0
2026-05-29 00:00:00+02:00,21.260000228881836,21.479999542236328,21.049999237060547,21.43000030517578,15016,0.0,0.0,0.0
2026-06-01 00:00:00+02:00,21.96500015258789,22.59000015258789,21.799999237060547,22.309999465942383,35699,0.0,0.0,0.0
2026-06-02 00:00:00+02:00,23.09000015258789,23.235000610351562,22.780000686645508,23.235000610351562,21835,0.0,0.0,0.0
2026-06-03 00:00:00+02:00,23.610000610351562,23.704999923706055,22.764999389648438,23.110000610351562,20696,0.0,0.0,0.0
2026-06-04 00:00:00+02:00,22.649999618530273,22.920000076293945,22.135000228881836,22.920000076293945,36461,0.0,0.0,0.0
2026-06-05 00:00:00+02:00,22.3799991607666,22.454999923706055,21.799999237060547,21.860000610351562,11493,0.0,0.0,0.0
2026-06-08 00:00:00+02:00,21.489999771118164,22.155000686645508,21.274999618530273,21.780000686645508,6803,0.0,0.0,0.0
2026-06-09 00:00:00+02:00,21.885000228881836,21.885000228881836,20.524999618530273,20.524999618530273,5127,0.0,0.0,0.0
2026-06-10 00:00:00+02:00,20.899999618530273,21.30500030517578,20.434999465942383,20.584999084472656,5993,0.0,0.0,0.0
2026-06-11 00:00:00+02:00,20.7549991607666,21.15999984741211,20.704999923706055,20.704999923706055,2630,0.0,0.0,0.0
2026-06-12 00:00:00+02:00,21.295000076293945,21.75,21.235000610351562,21.6200008392334,6319,0.0,0.0,0.0
2026-06-15 00:00:00+02:00,22.030000686645508,22.139999389648438,21.799999237060547,22.0049991607666,11765,0.0,0.0,0.0
2026-06-16 00:00:00+02:00,22.030000686645508,22.094999313354492,21.594999313354492,21.635000228881836,14115,0.0,0.0,0.0
2026-06-17 00:00:00+02:00,21.625,21.625,21.485000610351562,21.594999313354492,3675,0.0,0.0,0.0
2026-06-18 00:00:00+02:00,21.959999084472656,22.145000457763672,21.860000610351562,22.059999465942383,22761,0.0,0.0,0.0
2026-06-19 00:00:00+02:00,22.3799991607666,22.405000686645508,22.110000610351562,22.405000686645508,7123,0.0,0.0,0.0
2026-06-22 00:00:00+02:00,22.25,22.719999313354492,22.18000030517578,22.219999313354492,8420,0.0,0.0,0.0
2026-06-23 00:00:00+02:00,21.860000610351562,22.045000076293945,21.65999984741211,21.975000381469727,4160,0.0,0.0,0.0
2026-06-24 00:00:00+02:00,22.21500015258789,22.229999542236328,21.889999389648438,22.084999084472656,2837,0.0,0.0,0.0
2026-06-25 00:00:00+02:00,22.344999313354492,22.420000076293945,21.59000015258789,21.954999923706055,12657,0.0,0.0,0.0
2026-06-26 00:00:00+02:00,21.78499984741211,22.014999389648438,21.545000076293945,22.014999389648438,3919,0.0,0.0,0.0
2026-06-29 00:00:00+02:00,22.2450008392334,22.545000076293945,22.239999771118164,22.545000076293945,1965,0.0,0.0,0.0
2026-06-30 00:00:00+02:00,22.96500015258789,23.31999969482422,22.829999923706055,23.280000686645508,3257,0.0,0.0,0.0
2026-07-01 00:00:00+02:00,23.584999084472656,23.770000457763672,23.31999969482422,23.674999237060547,7820,0.0,0.0,0.0
2026-07-02 00:00:00+02:00,23.450000762939453,23.565000534057617,22.770000457763672,23.084999084472656,8527,0.0,0.0,0.0
2026-07-03 00:00:00+02:00,22.90999984741211,23.05500030517578,22.834999084472656,23.05500030517578,1857,0.0,0.0,0.0
2026-07-06 00:00:00+02:00,22.950000762939453,23.790000915527344,22.8799991607666,23.635000228881836,9763,0.0,0.0,0.0
2026-07-07 00:00:00+02:00,23.395000457763672,23.395000457763672,22.709999084472656,22.899999618530273,5223,0.0,0.0,0.0
2026-07-08 00:00:00+02:00,23.0,23.014999389648438,22.405000686645508,22.795000076293945,14590,0.0,0.0,0.0
2026-07-09 00:00:00+02:00,22.979999542236328,23.795000076293945,22.969999313354492,23.795000076293945,16726,0.0,0.0,0.0
2026-07-10 00:00:00+02:00,23.610000610351562,23.719999313354492,23.174999237060547,23.18000030517578,29617,0.0,0.0,0.0
2026-07-13 00:00:00+02:00,23.040000915527344,23.139999389648438,22.690000534057617,23.139999389648438,4542,0.0,0.0,0.0
2026-07-14 00:00:00+02:00,22.959999084472656,23.69499969482422,22.770000457763672,23.69499969482422,5046,0.0,0.0,0.0
2026-07-15 00:00:00+02:00,23.8700008392334,23.94499969482422,22.860000610351562,22.969999313354492,43737,0.0,0.0,0.0
2026-07-16 00:00:00+02:00,22.684999465942383,22.735000610351562,22.295000076293945,22.46500015258789,3507,0.0,0.0,0.0
2026-07-17 00:00:00+02:00,21.864999771118164,22.350000381469727,21.649999618530273,22.065000534057617,18707,0.0,0.0,0.0
2026-07-20 00:00:00+02:00,22.165000915527344,22.540000915527344,22.155000686645508,22.424999237060547,2248,0.0,0.0,0.0
2026-07-21 00:00:00+02:00,22.479999542236328,22.479999542236328,22.1299991607666,22.1299991607666,5221,0.0,0.0,0.0
2026-07-22 00:00:00+02:00,22.15999984741211,22.40999984741211,22.079999923706055,22.28499984741211,3782,0.0,0.0,0.0
2026-07-23 00:00:00+02:00,21.96500015258789,22.040000915527344,21.434999465942383,21.489999771118164,1858,0.0,0.0,0.0
2026-07-24 00:00:00+02:00,21.489999771118164,21.635000228881836,21.405000686645508,21.520000457763672,4525,0.0,0.0,0.0
2026-07-27 00:00:00+02:00,21.520000457763672,21.850000381469727,21.19499969482422,21.19499969482422,3722,0.0,0.0,0.0
2026-07-28 00:00:00+02:00,20.979999542236328,21.100000381469727,20.2450008392334,20.829999923706055,7253,0.0,0.0,0.0
2026-07-29 00:00:00+02:00,20.760000228881836,20.770000457763672,20.229999542236328,20.229999542236328,4512,0.0,0.0,0.0
2026-07-30 00:00:00+02:00,20.165000915527344,20.780000686645508,20.165000915527344,20.780000686645508,11220,0.0,0.0,0.0
2026-07-31 00:00:00+02:00,21.139999389648438,21.350000381469727,20.885000228881836,20.975000381469727,3817,0.0,0.0,0.0
2026-08-03 00:00:00+02:00,21.469999313354492,21.56999969482422,21.155000686645508,21.5049991607666,4890,0.0,0.0,0.0
2026-08-04 00:00:00+02:00,21.9950008392334,22.700000762939453,21.850000381469727,22.665000915527344,2280,0.0,0.0,0.0
2026-08-05 00:00:00+02:00,23.155000686645508,23.31999969482422,22.780000686645508,23.0049991607666,8576,0.0,0.0,0.0
2026-08-06 00:00:00+02:00,22.670000076293945,22.670000076293945,22.0,22.415000915527344,6358,0.0,0.0,0.0
2026-08-07 00:00:00+02:00,22.645000457763672,22.850000381469727,22.399999618530273,22.399999618530273,14986,0.0,0.0,0.0
2026-08-10 00:00:00+02:00,22.809999465942383,23.575000762939453,22.7549991607666,23.575000762939453,4824,0.0,0.0,0.0
2026-08-11 00:00:00+02:00,23.309999465942383,23.59000015258789,23.125,23.59000015258789,5809,0.0,0.0,0.0
2026-08-12 00:00:00+02:00,23.309999465942383,23.625,23.309999465942383,23.479999542236328,4899,0.0,0.0,0.0
2026-08-13 00:00:00+02:00,23.540000915527344,23.850000381469727,23.420000076293945,23.68000030517578,3899,0.0,0.0,0.0
2026-08-14 00:00:00+02:00,23.790000915527344,23.899999618530273,23.399999618530273,23.645000457763672,17783,0.0,0.0,0.0
2026-08-17 00:00:00+02:00,23.540000915527344,23.540000915527344,22.9950008392334,23.125,6695,0.0,0.0,0.0
2026-08-18 00:00:00+02:00,22.790000915527344,22.9950008392334,22.375,22.479999542236328,4026,0.0,0.0,0.0
2026-08-19 00:00:00+02:00,22.40999984741211,22.530000686645508,21.6200008392334,21.90999984741211,3626,0.0,0.0,0.0
2026-08-20 00:00:00+02:00,22.014999389648438,22.014999389648438,21.6299991607666,21.704999923706055,1664,0.0,0.0,0.0
2026-08-21 00:00:00+02:00,21.520000457763672,21.709999084472656,21.375,21.6299991607666,1851,0.0,0.0,0.0
2026-08-24 00:00:00+02:00,21.739999771118164,21.7549991607666,21.354999542236328,21.395000457763672,5164,0.0,0.0,0.0
2026-08-25 00:00:00+02:00,21.579999923706055,21.719999313354492,21.389999389648438,21.719999313354492,1072,0.0,0.0,0.0
2026-08-26 00:00:00+02:00,21.420000076293945,21.625,21.389999389648438,21.545000076293945,6341,0.0,0.0,0.0
2026-08-27 00:00:00+02:00,22.204999923706055,22.905000686645508,22.204999923706055,22.864999771118164,3582,0.0,0.0,0.0
2026-08-28 00:00:00+02:00,22.989999771118164,22.989999771118164,22.485000610351562,22.80500030517578,6466,0.0,0.0,0.0
2026-08-31 00:00:00+02:00,22.604999542236328,22.604999542236328,22.34000015258789,22.489999771118164,3762,0.0,0.0,0.0
2026-09-01 00:00:00+02:00,22.860000610351562,22.860000610351562,21.934999465942383,22.0049991607666,7165,0.0,0.0,0.0
2026-09-02 00:00:00+02:00,21.825000762939453,21.8799991607666,21.395000457763672,21.479999542236328,16876,0.0,0.0,0.0
2026-09-03 00:00:00+02:00,21.549999237060547,21.799999237060547,21.485000610351562,21.799999237060547,1581,0.0,0.0,0.0
2026-09-04 00:00:00+02:00,22.065000534057617,22.1200008392334,21.979999542236328,21.979999542236328,5035,0.0,0.0,0.0
2026-09-07 00:00:00+02:00,22.229999542236328,22.270000457763672,22.0049991607666,22.270000457763672,3098,0.0,0.0,0.0
2026-09-08 00:00:00+02:00,22.170000076293945,22.170000076293945,21.764999389648438,21.93000030517578,9536,0.0,0.0,0.0
2026-09-09 00:00:00+02:00,21.959999084472656,22.19499969482422,21.75,22.19499969482422,2019,0.0,0.0,0.0
2026-09-10 00:00:00+02:00,21.989999771118164,21.989999771118164,21.719999313354492,21.719999313354492,39454,0.0,0.0,0.0
2026-09-11 00:00:00+02:00,21.854999542236328,21.915000915527344,21.825000762939453,21.90999984741211,4294,0.0,0.0,0.0
2026-09-14 00:00:00+02:00,22.014999389648438,22.815000534057617,21.915000915527344,22.815000534057617,6030,0.0,0.0,0.0
2026-09-15 00:00:00+02:00,22.864999771118164,23.045000076293945,22.729999542236328,23.045000076293945,2891,0.0,0.0,0.0
2026-09-16 00:00:00+02:00,23.274999618530273,23.469999313354492,23.229999542236328,23.344999313354492,3861,0.0,0.0,0.0
2026-09-17 00:00:00+02:00,23.5,23.924999237060547,23.344999313354492,23.780000686645508,5476,0.0,0.0,0.0
2026-09-18 00:00:00+02:00,23.809999465942383,23.875,23.2549991607666,23.274999618530273,38180,0.0,0.0,0.0
