Date,Open,High,Low,Close,Volume,Dividends,Stock Splits,Capital Gains
2021-11-11 00:00:00+01:00,13.255999565124512,13.3100004196167,13.255999565124512,13.3100004196167,0,0.0,0.0,0.0
2021-11-12 00:00:00+01:00,13.35200023651123,13.38599967956543,13.270000457763672,13.270000457763672,0,0.0,0.0,0.0
2021-11-15 00:00:00+01:00,13.37399959564209,13.42199993133545,13.161999702453613,13.161999702453613,615,0.0,0.0,0.0
2021-11-16 00:00:00+01:00,13.227999687194824,13.227999687194824,13.107999801635742,13.107999801635742,5,0.0,0.0,0.0
2021-11-17 00:00:00+01:00,13.32800006866455,13.32800006866455,13.119999885559082,13.119999885559082,453,0.0,0.0,0.0
2021-11-18 00:00:00+01:00,13.07800006866455,13.35200023651123,13.07800006866455,13.194000244140625,9506,0.0,0.0,0.0
2021-11-19 00:00:00+01:00,13.229999542236328,13.329999923706055,13.229999542236328,13.329999923706055,508,0.0,0.0,0.0
2021-11-22 00:00:00+01:00,13.477999687194824,13.583999633789062,13.347999572753906,13.350000381469727,1480,0.0,0.0,0.0
2021-11-23 00:00:00+01:00,13.130000114440918,13.130000114440918,12.819999694824219,12.819999694824219,39,0.0,0.0,0.0
2021-11-24 00:00:00+01:00,12.98799991607666,13.010000228881836,12.972000122070312,13.010000228881836,0,0.0,0.0,0.0
2021-11-25 00:00:00+01:00,13.144000053405762,13.178000450134277,13.137999534606934,13.149999618530273,50,0.0,0.0,0.0
2021-11-26 00:00:00+01:00,12.904000282287598,12.996000289916992,12.904000282287598,12.942000389099121,1638,0.0,0.0,0.0
2021-11-29 00:00:00+01:00,13.088000297546387,13.088000297546387,12.866000175476074,12.911999702453613,154,0.0,0.0,0.0
2021-11-30 00:00:00+01:00,12.685999870300293,12.890000343322754,12.663999557495117,12.663999557495117,2481,0.0,0.0,0.0
2021-12-01 00:00:00+01:00,12.86400032043457,12.954000473022461,12.751999855041504,12.880000114440918,3254,0.0,0.0,0.0
2021-12-02 00:00:00+01:00,12.449999809265137,12.465999603271484,12.394000053405762,12.394000053405762,32,0.0,0.0,0.0
2021-12-03 00:00:00+01:00,12.666000366210938,12.666000366210938,12.210000038146973,12.284000396728516,6676,0.0,0.0,0.0
2021-12-06 00:00:00+01:00,12.307999610900879,12.307999610900879,11.932000160217285,11.932000160217285,99,0.0,0.0,0.0
2021-12-07 00:00:00+01:00,12.229999542236328,12.890000343322754,12.229999542236328,12.890000343322754,0,0.0,0.0,0.0
2021-12-08 00:00:00+01:00,12.979999542236328,13.015999794006348,12.934000015258789,13.015999794006348,721,0.0,0.0,0.0
2021-12-09 00:00:00+01:00,13.050000190734863,13.050000190734863,12.899999618530273,12.944000244140625,507,0.0,0.0,0.0
2021-12-10 00:00:00+01:00,12.618000030517578,12.64799976348877,12.484000205993652,12.484000205993652,6,0.0,0.0,0.0
2021-12-13 00:00:00+01:00,12.552000045776367,12.62399959564209,12.411999702453613,12.411999702453613,84,0.0,0.0,0.0
2021-12-14 00:00:00+01:00,12.57800006866455,12.57800006866455,12.378000259399414,12.378000259399414,23,0.0,0.0,0.0
2021-12-15 00:00:00+01:00,12.371999740600586,12.371999740600586,12.28600025177002,12.289999961853027,56,0.0,0.0,0.0
2021-12-16 00:00:00+01:00,12.789999961853027,12.829999923706055,12.420000076293945,12.420000076293945,18038,0.0,0.0,0.0
2021-12-17 00:00:00+01:00,12.15999984741211,12.666000366210938,12.133999824523926,12.666000366210938,0,0.0,0.0,0.0
2021-12-20 00:00:00+01:00,12.678000450134277,12.710000038146973,12.597999572753906,12.597999572753906,1820,0.0,0.0,0.0
2021-12-21 00:00:00+01:00,12.755999565124512,12.807999610900879,12.755999565124512,12.765999794006348,0,0.0,0.0,0.0
2021-12-22 00:00:00+01:00,12.907999992370605,12.907999992370605,12.819999694824219,12.826000213623047,168,0.0,0.0,0.0
2021-12-23 00:00:00+01:00,12.805999755859375,12.869999885559082,12.805999755859375,12.8100004196167,400,0.0,0.0,0.0
2021-12-27 00:00:00+01:00,12.802000045776367,12.869999885559082,12.534000396728516,12.534000396728516,330,0.0,0.0,0.0
2021-12-28 00:00:00+01:00,12.458000183105469,12.5,12.458000183105469,12.479999542236328,0,0.0,0.0,0.0
2021-12-29 00:00:00+01:00,12.336000442504883,12.336000442504883,12.22599983215332,12.22599983215332,0,0.0,0.0,0.0
2021-12-30 00:00:00+01:00,12.253999710083008,12.291999816894531,12.241999626159668,12.258000373840332,494,0.0,0.0,0.0
2022-01-03 00:00:00+01:00,12.288000106811523,12.411999702453613,12.288000106811523,12.362000465393066,79,0.0,0.0,0.0
2022-01-04 00:00:00+01:00,12.484000205993652,12.522000312805176,11.907999992370605,11.930000305175781,1510,0.0,0.0,0.0
2022-01-05 00:00:00+01:00,11.9399995803833,11.949999809265137,11.734000205993652,11.744000434875488,351,0.0,0.0,0.0
2022-01-06 00:00:00+01:00,11.333999633789062,11.350000381469727,11.25,11.319999694824219,246,0.0,0.0,0.0
2022-01-07 00:00:00+01:00,11.3100004196167,11.342000007629395,11.170000076293945,11.229999542236328,692,0.0,0.0,0.0
2022-01-10 00:00:00+01:00,11.140000343322754,11.140000343322754,10.859999656677246,10.958000183105469,1835,0.0,0.0,0.0
2022-01-11 00:00:00+01:00,11.104000091552734,11.149999618530273,10.98799991607666,11.131999969482422,1012,0.0,0.0,0.0
2022-01-12 00:00:00+01:00,11.232000350952148,11.232000350952148,10.911999702453613,10.954000473022461,834,0.0,0.0,0.0
2022-01-13 00:00:00+01:00,10.862000465393066,10.862000465393066,10.60200023651123,10.640000343322754,3172,0.0,0.0,0.0
2022-01-14 00:00:00+01:00,10.456000328063965,10.508000373840332,10.34000015258789,10.371999740600586,214,0.0,0.0,0.0
2022-01-17 00:00:00+01:00,10.592000007629395,10.670000076293945,10.592000007629395,10.642000198364258,33,0.0,0.0,0.0
2022-01-18 00:00:00+01:00,10.586000442504883,10.586000442504883,10.23799991607666,10.23799991607666,0,0.0,0.0,0.0
2022-01-19 00:00:00+01:00,10.076000213623047,10.248000144958496,10.076000213623047,10.079999923706055,1664,0.0,0.0,0.0
2022-01-20 00:00:00+01:00,10.02400016784668,10.399999618530273,9.967000007629395,10.28600025177002,385,0.0,0.0,0.0
2022-01-21 00:00:00+01:00,9.944999694824219,9.965999603271484,9.855999946594238,9.946999549865723,913,0.0,0.0,0.0
2022-01-24 00:00:00+01:00,9.777999877929688,9.777999877929688,9.277999877929688,9.277999877929688,415,0.0,0.0,0.0
2022-01-25 00:00:00+01:00,9.812999725341797,9.82800006866455,9.59000015258789,9.59000015258789,1163,0.0,0.0,0.0
2022-01-26 00:00:00+01:00,9.777000427246094,9.963000297546387,9.777000427246094,9.937999725341797,122,0.0,0.0,0.0
2022-01-27 00:00:00+01:00,9.555999755859375,9.855999946594238,9.555999755859375,9.729999542236328,1200,0.0,0.0,0.0
2022-01-28 00:00:00+01:00,9.47599983215332,9.47599983215332,9.28499984741211,9.432999610900879,1549,0.0,0.0,0.0
2022-01-31 00:00:00+01:00,9.678000450134277,10.027999877929688,9.654000282287598,9.984000205993652,1032,0.0,0.0,0.0
2022-02-01 00:00:00+01:00,10.12600040435791,10.329999923706055,10.12600040435791,10.329999923706055,300,0.0,0.0,0.0
2022-02-02 00:00:00+01:00,10.380000114440918,10.387999534606934,10.04800033569336,10.04800033569336,535,0.0,0.0,0.0
2022-02-03 00:00:00+01:00,9.96500015258789,9.96500015258789,9.798999786376953,9.798999786376953,4403,0.0,0.0,0.0
2022-02-04 00:00:00+01:00,9.741999626159668,9.746000289916992,9.60200023651123,9.746000289916992,95,0.0,0.0,0.0
2022-02-07 00:00:00+01:00,9.86400032043457,10.14799976348877,9.786999702453613,10.015999794006348,410,0.0,0.0,0.0
2022-02-08 00:00:00+01:00,10.034000396728516,10.034000396728516,9.954999923706055,9.954999923706055,0,0.0,0.0,0.0
2022-02-09 00:00:00+01:00,9.996999740600586,10.312000274658203,9.996999740600586,10.3100004196167,403,0.0,0.0,0.0
2022-02-10 00:00:00+01:00,10.371999740600586,10.430000305175781,10.300000190734863,10.32800006866455,936,0.0,0.0,0.0
2022-02-11 00:00:00+01:00,10.003999710083008,10.168000221252441,10.003999710083008,10.118000030517578,878,0.0,0.0,0.0
2022-02-14 00:00:00+01:00,9.913000106811523,9.991999626159668,9.859000205993652,9.961999893188477,262,0.0,0.0,0.0
2022-02-15 00:00:00+01:00,9.842000007629395,10.034000396728516,9.842000007629395,10.010000228881836,172,0.0,0.0,0.0
2022-02-16 00:00:00+01:00,10.057999610900879,10.064000129699707,9.96399974822998,9.96399974822998,23,0.0,0.0,0.0
2022-02-17 00:00:00+01:00,10.02400016784668,10.02400016784668,9.795999526977539,9.795999526977539,120,0.0,0.0,0.0
2022-02-18 00:00:00+01:00,9.65999984741211,9.666999816894531,9.444999694824219,9.444999694824219,224,0.0,0.0,0.0
2022-02-21 00:00:00+01:00,9.472999572753906,9.472999572753906,9.305000305175781,9.305000305175781,310,0.0,0.0,0.0
2022-02-22 00:00:00+01:00,9.204000473022461,9.434000015258789,9.204000473022461,9.35099983215332,549,0.0,0.0,0.0
2022-02-23 00:00:00+01:00,9.406999588012695,9.406999588012695,9.229999542236328,9.229999542236328,1,0.0,0.0,0.0
2022-02-24 00:00:00+01:00,8.986000061035156,9.303000450134277,8.946000099182129,9.232000350952148,4339,0.0,0.0,0.0
2022-02-25 00:00:00+01:00,9.484999656677246,9.640999794006348,9.484999656677246,9.640999794006348,153,0.0,0.0,0.0
2022-02-28 00:00:00+01:00,9.590999603271484,9.878000259399414,9.590999603271484,9.878000259399414,800,0.0,0.0,0.0
2022-03-01 00:00:00+01:00,9.805999755859375,9.821000099182129,9.680000305175781,9.680000305175781,547,0.0,0.0,0.0
2022-03-02 00:00:00+01:00,9.71500015258789,9.77400016784668,9.704000473022461,9.720000267028809,325,0.0,0.0,0.0
2022-03-03 00:00:00+01:00,9.74899959564209,9.753999710083008,9.534000396728516,9.534000396728516,303,0.0,0.0,0.0
2022-03-04 00:00:00+01:00,9.482999801635742,9.482999801635742,9.39799976348877,9.39799976348877,846,0.0,0.0,0.0
2022-03-07 00:00:00+01:00,9.184000015258789,9.303999900817871,9.184000015258789,9.218000411987305,310,0.0,0.0,0.0
2022-03-08 00:00:00+01:00,9.085000038146973,9.26200008392334,9.085000038146973,9.243000030517578,362,0.0,0.0,0.0
2022-03-09 00:00:00+01:00,9.354000091552734,9.45199966430664,9.354000091552734,9.395999908447266,1139,0.0,0.0,0.0
2022-03-10 00:00:00+01:00,9.37399959564209,9.37399959564209,9.241999626159668,9.246000289916992,246,0.0,0.0,0.0
2022-03-11 00:00:00+01:00,9.375,9.493000030517578,9.25100040435791,9.25100040435791,93,0.0,0.0,0.0
2022-03-14 00:00:00+01:00,9.006999969482422,9.006999969482422,8.678000450134277,8.678000450134277,0,0.0,0.0,0.0
2022-03-15 00:00:00+01:00,8.508999824523926,8.70199966430664,8.508999824523926,8.666999816894531,162,0.0,0.0,0.0
2022-03-16 00:00:00+01:00,8.890999794006348,9.152000427246094,8.890999794006348,9.112000465393066,397,0.0,0.0,0.0
2022-03-17 00:00:00+01:00,9.295000076293945,9.468999862670898,9.258999824523926,9.406000137329102,4817,0.0,0.0,0.0
2022-03-18 00:00:00+01:00,9.491999626159668,9.756999969482422,9.491999626159668,9.756999969482422,260,0.0,0.0,0.0
2022-03-21 00:00:00+01:00,9.696000099182129,9.840999603271484,9.666000366210938,9.666000366210938,652,0.0,0.0,0.0
2022-03-22 00:00:00+01:00,9.663999557495117,9.842000007629395,9.654999732971191,9.83899974822998,405,0.0,0.0,0.0
2022-03-23 00:00:00+01:00,9.890999794006348,9.89799976348877,9.803999900817871,9.845000267028809,583,0.0,0.0,0.0
2022-03-24 00:00:00+01:00,9.763999938964844,9.763999938964844,9.654999732971191,9.654999732971191,170,0.0,0.0,0.0
2022-03-25 00:00:00+01:00,9.71399974822998,9.746000289916992,9.512999534606934,9.562000274658203,291,0.0,0.0,0.0
2022-03-28 00:00:00+02:00,9.529000282287598,9.746999740600586,9.51200008392334,9.51200008392334,701,0.0,0.0,0.0
2022-03-29 00:00:00+02:00,9.574000358581543,9.781999588012695,9.569000244140625,9.781999588012695,453,0.0,0.0,0.0
2022-03-30 00:00:00+02:00,9.831000328063965,9.845000267028809,9.831000328063965,9.845000267028809,345,0.0,0.0,0.0
2022-03-31 00:00:00+02:00,9.61299991607666,9.666999816894531,9.61299991607666,9.640000343322754,543,0.0,0.0,0.0
2022-04-01 00:00:00+02:00,9.595999717712402,9.92300033569336,9.595999717712402,9.824000358581543,197,0.0,0.0,0.0
2022-04-04 00:00:00+02:00,9.967000007629395,10.1899995803833,9.967000007629395,10.1899995803833,1162,0.0,0.0,0.0
2022-04-05 00:00:00+02:00,10.210000038146973,10.210000038146973,10.145999908447266,10.145999908447266,0,0.0,0.0,0.0
2022-04-06 00:00:00+02:00,9.996999740600586,9.996999740600586,9.73799991607666,9.73799991607666,185,0.0,0.0,0.0
2022-04-07 00:00:00+02:00,9.836000442504883,9.946000099182129,9.805999755859375,9.805999755859375,20512,0.0,0.0,0.0
2022-04-08 00:00:00+02:00,9.9350004196167,9.9350004196167,9.803999900817871,9.803999900817871,873,0.0,0.0,0.0
2022-04-11 00:00:00+02:00,9.690999984741211,9.696000099182129,9.569999694824219,9.569999694824219,316,0.0,0.0,0.0
2022-04-12 00:00:00+02:00,9.522000312805176,9.774999618530273,9.522000312805176,9.774999618530273,2043,0.0,0.0,0.0
2022-04-13 00:00:00+02:00,9.529000282287598,9.61299991607666,9.529000282287598,9.61299991607666,2093,0.0,0.0,0.0
2022-04-14 00:00:00+02:00,9.649999618530273,9.668000221252441,9.541000366210938,9.541000366210938,109,0.0,0.0,0.0
2022-04-19 00:00:00+02:00,9.069000244140625,9.248000144958496,9.069000244140625,9.248000144958496,21,0.0,0.0,0.0
2022-04-20 00:00:00+02:00,9.107999801635742,9.1899995803833,9.107999801635742,9.157999992370605,12905,0.0,0.0,0.0
2022-04-21 00:00:00+02:00,9.116999626159668,9.168999671936035,8.930999755859375,8.930999755859375,140,0.0,0.0,0.0
2022-04-22 00:00:00+02:00,8.878000259399414,8.878000259399414,8.77400016784668,8.791999816894531,1354,0.0,0.0,0.0
2022-04-25 00:00:00+02:00,8.66100025177002,8.857999801635742,8.66100025177002,8.857999801635742,177,0.0,0.0,0.0
2022-04-26 00:00:00+02:00,8.949999809265137,8.949999809265137,8.715999603271484,8.715999603271484,7,0.0,0.0,0.0
2022-04-27 00:00:00+02:00,8.675999641418457,8.789999961853027,8.675999641418457,8.6899995803833,50,0.0,0.0,0.0
2022-04-28 00:00:00+02:00,8.793000221252441,8.868000030517578,8.380999565124512,8.380999565124512,600,0.0,0.0,0.0
2022-04-29 00:00:00+02:00,8.711000442504883,8.746000289916992,8.673999786376953,8.746000289916992,0,0.0,0.0,0.0
2022-05-02 00:00:00+02:00,8.586999893188477,8.694999694824219,8.569000244140625,8.694999694824219,130,0.0,0.0,0.0
2022-05-03 00:00:00+02:00,8.826000213623047,8.855999946594238,8.770000457763672,8.83899974822998,2980,0.0,0.0,0.0
2022-05-04 00:00:00+02:00,8.82699966430664,8.82699966430664,8.60200023651123,8.60200023651123,800,0.0,0.0,0.0
2022-05-05 00:00:00+02:00,8.920999526977539,8.920999526977539,8.619999885559082,8.619999885559082,0,0.0,0.0,0.0
2022-05-06 00:00:00+02:00,8.506999969482422,8.506999969482422,8.121999740600586,8.121999740600586,1145,0.0,0.0,0.0
2022-05-09 00:00:00+02:00,8.065999984741211,8.065999984741211,7.619999885559082,7.619999885559082,0,0.0,0.0,0.0
2022-05-10 00:00:00+02:00,7.553999900817871,7.59499979019165,7.434999942779541,7.434999942779541,1723,0.0,0.0,0.0
2022-05-11 00:00:00+02:00,7.534999847412109,7.795000076293945,7.534999847412109,7.605000019073486,0,0.0,0.0,0.0
2022-05-12 00:00:00+02:00,7.210000038146973,7.611999988555908,7.210000038146973,7.570000171661377,2819,0.0,0.0,0.0
2022-05-13 00:00:00+02:00,7.646999835968018,7.998000144958496,7.646999835968018,7.998000144958496,0,0.0,0.0,0.0
2022-05-16 00:00:00+02:00,7.925000190734863,8.062999725341797,7.925000190734863,7.984000205993652,57,0.0,0.0,0.0
2022-05-17 00:00:00+02:00,8.0,8.0,7.934999942779541,7.992000102996826,1372,0.0,0.0,0.0
2022-05-18 00:00:00+02:00,8.04800033569336,8.04800033569336,7.894999980926514,7.894999980926514,2546,0.0,0.0,0.0
2022-05-19 00:00:00+02:00,7.7829999923706055,7.959000110626221,7.696000099182129,7.959000110626221,0,0.0,0.0,0.0
2022-05-20 00:00:00+02:00,8.074999809265137,8.095000267028809,7.921000003814697,7.921000003814697,432,0.0,0.0,0.0
2022-05-23 00:00:00+02:00,8.182000160217285,8.182000160217285,7.988999843597412,7.988999843597412,805,0.0,0.0,0.0
2022-05-24 00:00:00+02:00,7.834000110626221,7.848999977111816,7.620999813079834,7.620999813079834,240,0.0,0.0,0.0
2022-05-25 00:00:00+02:00,7.664000034332275,7.664000034332275,7.491000175476074,7.491000175476074,12627,0.0,0.0,0.0
2022-05-26 00:00:00+02:00,7.574999809265137,7.73799991607666,7.556000232696533,7.73799991607666,19480,0.0,0.0,0.0
2022-05-27 00:00:00+02:00,7.689000129699707,8.059000015258789,7.689000129699707,8.059000015258789,1900,0.0,0.0,0.0
2022-05-30 00:00:00+02:00,8.262999534606934,8.262999534606934,8.211999893188477,8.211999893188477,16,0.0,0.0,0.0
2022-05-31 00:00:00+02:00,8.225000381469727,8.225000381469727,7.914999961853027,7.914999961853027,1009,0.0,0.0,0.0
2022-06-01 00:00:00+02:00,7.894999980926514,7.925000190734863,7.73199987411499,7.73199987411499,208,0.0,0.0,0.0
2022-06-02 00:00:00+02:00,7.7870001792907715,7.867000102996826,7.734000205993652,7.867000102996826,750,0.0,0.0,0.0
2022-06-03 00:00:00+02:00,7.946000099182129,7.946000099182129,7.834000110626221,7.834000110626221,0,0.0,0.0,0.0
2022-06-06 00:00:00+02:00,8.043000221252441,8.102999687194824,7.889999866485596,7.892000198364258,1210,0.0,0.0,0.0
2022-06-07 00:00:00+02:00,7.776000022888184,7.97599983215332,7.769000053405762,7.97599983215332,0,0.0,0.0,0.0
2022-06-08 00:00:00+02:00,8.140999794006348,8.392999649047852,8.119999885559082,8.387999534606934,770,0.0,0.0,0.0
2022-06-09 00:00:00+02:00,8.302000045776367,8.33899974822998,8.109999656677246,8.109999656677246,884,0.0,0.0,0.0
2022-06-10 00:00:00+02:00,8.017999649047852,8.034000396728516,7.644999980926514,7.644999980926514,390,0.0,0.0,0.0
2022-06-13 00:00:00+02:00,7.489999771118164,7.51200008392334,7.209000110626221,7.209000110626221,1071,0.0,0.0,0.0
2022-06-14 00:00:00+02:00,7.283999919891357,7.297999858856201,7.13700008392334,7.242000102996826,2931,0.0,0.0,0.0
2022-06-15 00:00:00+02:00,7.270999908447266,7.486000061035156,7.252999782562256,7.460000038146973,329,0.0,0.0,0.0
2022-06-16 00:00:00+02:00,7.421000003814697,7.421000003814697,7.159999847412109,7.159999847412109,144,0.0,0.0,0.0
2022-06-17 00:00:00+02:00,7.326000213623047,7.627999782562256,7.326000213623047,7.627999782562256,700,0.0,0.0,0.0
2022-06-20 00:00:00+02:00,7.603000164031982,7.630000114440918,7.603000164031982,7.626999855041504,311,0.0,0.0,0.0
2022-06-21 00:00:00+02:00,7.698999881744385,7.9070000648498535,7.681000232696533,7.855000019073486,1140,0.0,0.0,0.0
2022-06-22 00:00:00+02:00,7.610000133514404,7.890999794006348,7.563000202178955,7.890999794006348,2850,0.0,0.0,0.0
2022-06-23 00:00:00+02:00,7.8420000076293945,8.161999702453613,7.8420000076293945,8.161999702453613,29698,0.0,0.0,0.0
2022-06-24 00:00:00+02:00,8.508000373840332,8.553999900817871,8.321999549865723,8.321999549865723,12334,0.0,0.0,0.0
2022-06-27 00:00:00+02:00,8.579999923706055,8.661999702453613,8.460000038146973,8.460000038146973,4095,0.0,0.0,0.0
2022-06-28 00:00:00+02:00,8.526000022888184,8.545000076293945,8.359000205993652,8.359000205993652,26914,0.0,0.0,0.0
2022-06-29 00:00:00+02:00,8.192000389099121,8.279999732971191,8.130000114440918,8.279999732971191,32475,0.0,0.0,0.0
2022-06-30 00:00:00+02:00,8.204000473022461,8.241999626159668,8.187999725341797,8.208999633789062,3515,0.0,0.0,0.0
2022-07-01 00:00:00+02:00,8.098999977111816,8.522000312805176,8.098999977111816,8.522000312805176,3702,0.0,0.0,0.0
2022-07-04 00:00:00+02:00,8.513999938964844,8.53600025177002,8.51099967956543,8.52400016784668,3032,0.0,0.0,0.0
2022-07-05 00:00:00+02:00,8.604000091552734,8.920000076293945,8.579999923706055,8.899999618530273,2308,0.0,0.0,0.0
2022-07-06 00:00:00+02:00,9.234000205993652,9.496000289916992,9.232999801635742,9.288000106811523,8508,0.0,0.0,0.0
2022-07-07 00:00:00+02:00,9.343999862670898,9.684000015258789,9.343999862670898,9.684000015258789,845,0.0,0.0,0.0
2022-07-08 00:00:00+02:00,9.675999641418457,9.78499984741211,9.661999702453613,9.78499984741211,1919,0.0,0.0,0.0
2022-07-11 00:00:00+02:00,9.692999839782715,9.753999710083008,9.5649995803833,9.5649995803833,16054,0.0,0.0,0.0
2022-07-12 00:00:00+02:00,9.501999855041504,9.501999855041504,9.411999702453613,9.470999717712402,540,0.0,0.0,0.0
2022-07-13 00:00:00+02:00,9.730999946594238,9.770999908447266,9.496999740600586,9.770999908447266,15663,0.0,0.0,0.0
2022-07-14 00:00:00+02:00,9.862000465393066,9.862000465393066,9.708000183105469,9.708000183105469,3905,0.0,0.0,0.0
2022-07-15 00:00:00+02:00,9.736000061035156,9.755000114440918,9.63700008392334,9.6850004196167,2367,0.0,0.0,0.0
2022-07-18 00:00:00+02:00,9.911999702453613,9.998000144958496,9.881999969482422,9.935999870300293,1492,0.0,0.0,0.0
2022-07-19 00:00:00+02:00,9.53499984741211,9.732000350952148,9.467000007629395,9.732000350952148,2491,0.0,0.0,0.0
2022-07-20 00:00:00+02:00,9.843999862670898,10.194000244140625,9.843999862670898,10.194000244140625,901,0.0,0.0,0.0
2022-07-21 00:00:00+02:00,10.03600025177002,10.14799976348877,10.017999649047852,10.128000259399414,1141,0.0,0.0,0.0
2022-07-22 00:00:00+02:00,10.052000045776367,10.12600040435791,9.765000343322754,9.765000343322754,0,0.0,0.0,0.0
2022-07-25 00:00:00+02:00,9.793999671936035,9.793999671936035,9.569000244140625,9.640000343322754,6662,0.0,0.0,0.0
2022-07-26 00:00:00+02:00,9.645000457763672,9.694000244140625,9.645000457763672,9.647000312805176,1590,0.0,0.0,0.0
2022-07-27 00:00:00+02:00,9.791000366210938,9.791000366210938,9.72599983215332,9.741000175476074,1886,0.0,0.0,0.0
2022-07-28 00:00:00+02:00,9.892999649047852,9.967000007629395,9.892999649047852,9.906000137329102,1686,0.0,0.0,0.0
2022-07-29 00:00:00+02:00,9.989999771118164,9.989999771118164,9.784000396728516,9.784000396728516,82,0.0,0.0,0.0
2022-08-01 00:00:00+02:00,9.734000205993652,9.744999885559082,9.602999687194824,9.744999885559082,1171,0.0,0.0,0.0
2022-08-02 00:00:00+02:00,9.557999610900879,9.842000007629395,9.526000022888184,9.842000007629395,350,0.0,0.0,0.0
2022-08-03 00:00:00+02:00,9.862000465393066,10.555999755859375,9.821999549865723,10.42199993133545,3734,0.0,0.0,0.0
2022-08-04 00:00:00+02:00,10.342000007629395,10.484000205993652,10.3100004196167,10.3100004196167,4332,0.0,0.0,0.0
2022-08-05 00:00:00+02:00,10.574000358581543,10.642000198364258,10.486000061035156,10.513999938964844,2368,0.0,0.0,0.0
2022-08-08 00:00:00+02:00,10.79800033569336,10.842000007629395,10.67199993133545,10.739999771118164,3217,0.0,0.0,0.0
2022-08-09 00:00:00+02:00,10.79800033569336,10.79800033569336,10.347999572753906,10.383999824523926,1644,0.0,0.0,0.0
2022-08-10 00:00:00+02:00,10.272000312805176,10.607999801635742,10.272000312805176,10.607999801635742,267,0.0,0.0,0.0
2022-08-11 00:00:00+02:00,11.01200008392334,11.317999839782715,10.97599983215332,11.039999961853027,3450,0.0,0.0,0.0
2022-08-12 00:00:00+02:00,10.72599983215332,11.173999786376953,10.72599983215332,11.12600040435791,1950,0.0,0.0,0.0
2022-08-15 00:00:00+02:00,11.04800033569336,11.131999969482422,11.017999649047852,11.09000015258789,2568,0.0,0.0,0.0
2022-08-16 00:00:00+02:00,11.142000198364258,11.342000007629395,10.821999549865723,10.932000160217285,5694,0.0,0.0,0.0
2022-08-17 00:00:00+02:00,10.878000259399414,10.878000259399414,10.465999603271484,10.513999938964844,1861,0.0,0.0,0.0
2022-08-18 00:00:00+02:00,10.432000160217285,10.5,10.281999588012695,10.317999839782715,2865,0.0,0.0,0.0
2022-08-19 00:00:00+02:00,10.355999946594238,10.355999946594238,9.989999771118164,10.053999900817871,4330,0.0,0.0,0.0
2022-08-22 00:00:00+02:00,10.041999816894531,10.041999816894531,9.975000381469727,10.013999938964844,8,0.0,0.0,0.0
2022-08-23 00:00:00+02:00,9.932999610900879,10.026000022888184,9.904000282287598,9.97700023651123,220,0.0,0.0,0.0
2022-08-24 00:00:00+02:00,10.076000213623047,10.454000473022461,10.065999984741211,10.454000473022461,701,0.0,0.0,0.0
2022-08-25 00:00:00+02:00,10.527999877929688,10.527999877929688,10.461999893188477,10.482000350952148,2044,0.0,0.0,0.0
2022-08-26 00:00:00+02:00,10.522000312805176,10.5600004196167,10.196000099182129,10.196000099182129,150,0.0,0.0,0.0
2022-08-29 00:00:00+02:00,9.932999610900879,9.932999610900879,9.821999549865723,9.880000114440918,6239,0.0,0.0,0.0
2022-08-30 00:00:00+02:00,9.857000350952148,9.868000030517578,9.680000305175781,9.680000305175781,23,0.0,0.0,0.0
2022-08-31 00:00:00+02:00,9.843999862670898,9.843999862670898,9.689000129699707,9.689000129699707,2095,0.0,0.0,0.0
2022-09-01 00:00:00+02:00,9.645000457763672,9.696000099182129,9.62600040435791,9.657999992370605,3231,0.0,0.0,0.0
2022-09-02 00:00:00+02:00,9.892000198364258,9.914999961853027,9.782999992370605,9.848999977111816,3308,0.0,0.0,0.0
2022-09-05 00:00:00+02:00,9.6850004196167,9.723999977111816,9.61299991607666,9.70199966430664,65,0.0,0.0,0.0
2022-09-06 00:00:00+02:00,9.687999725341797,9.744000434875488,9.5649995803833,9.62600040435791,1010,0.0,0.0,0.0
2022-09-07 00:00:00+02:00,9.52400016784668,9.706999778747559,9.52400016784668,9.657999992370605,148,0.0,0.0,0.0
2022-09-08 00:00:00+02:00,9.82800006866455,10.133999824523926,9.784000396728516,10.112000465393066,901,0.0,0.0,0.0
2022-09-09 00:00:00+02:00,10.133999824523926,10.182000160217285,10.128000259399414,10.175999641418457,301,0.0,0.0,0.0
2022-09-12 00:00:00+02:00,10.11400032043457,10.11400032043457,9.984999656677246,9.98900032043457,340,0.0,0.0,0.0
2022-09-13 00:00:00+02:00,10.116000175476074,10.116000175476074,9.663999557495117,9.708000183105469,53,0.0,0.0,0.0
2022-09-14 00:00:00+02:00,9.70199966430664,9.730999946594238,9.678999900817871,9.730999946594238,0,0.0,0.0,0.0
2022-09-15 00:00:00+02:00,9.807000160217285,10.005999565124512,9.805000305175781,9.883000373840332,2478,0.0,0.0,0.0
2022-09-16 00:00:00+02:00,9.868000030517578,9.904999732971191,9.47700023651123,9.560999870300293,2809,0.0,0.0,0.0
2022-09-19 00:00:00+02:00,9.553000450134277,9.553000450134277,9.277000427246094,9.345000267028809,3183,0.0,0.0,0.0
2022-09-20 00:00:00+02:00,9.42199993133545,9.529000282287598,9.380000114440918,9.51099967956543,605,0.0,0.0,0.0
2022-09-21 00:00:00+02:00,9.479999542236328,9.493000030517578,9.357999801635742,9.493000030517578,300,0.0,0.0,0.0
2022-09-22 00:00:00+02:00,9.210000038146973,9.210000038146973,8.979000091552734,8.979000091552734,1176,0.0,0.0,0.0
2022-09-23 00:00:00+02:00,8.902000427246094,8.942999839782715,8.857000350952148,8.857000350952148,3114,0.0,0.0,0.0
2022-09-26 00:00:00+02:00,8.86299991607666,9.0,8.833999633789062,8.935999870300293,1120,0.0,0.0,0.0
2022-09-27 00:00:00+02:00,8.906000137329102,9.086000442504883,8.899999618530273,9.031000137329102,3521,0.0,0.0,0.0
2022-09-28 00:00:00+02:00,9.029999732971191,9.244999885559082,8.989999771118164,9.244999885559082,9296,0.0,0.0,0.0
2022-09-29 00:00:00+02:00,9.211999893188477,9.211999893188477,8.930000305175781,8.930000305175781,545,0.0,0.0,0.0
2022-09-30 00:00:00+02:00,9.005000114440918,9.267000198364258,8.989999771118164,9.260000228881836,2034,0.0,0.0,0.0
2022-10-03 00:00:00+02:00,8.96500015258789,9.142999649047852,8.947999954223633,9.024999618530273,4357,0.0,0.0,0.0
2022-10-04 00:00:00+02:00,9.100000381469727,9.284000396728516,9.092000007629395,9.213000297546387,3939,0.0,0.0,0.0
2022-10-05 00:00:00+02:00,9.265999794006348,9.295000076293945,9.192000389099121,9.192000389099121,4901,0.0,0.0,0.0
2022-10-06 00:00:00+02:00,9.319999694824219,9.409000396728516,9.295000076293945,9.409000396728516,2192,0.0,0.0,0.0
2022-10-07 00:00:00+02:00,9.45300006866455,9.505999565124512,9.187999725341797,9.187999725341797,4876,0.0,0.0,0.0
2022-10-10 00:00:00+02:00,9.1899995803833,9.1899995803833,8.835000038146973,8.835000038146973,8373,0.0,0.0,0.0
2022-10-11 00:00:00+02:00,8.753999710083008,8.843000411987305,8.753999710083008,8.843000411987305,463,0.0,0.0,0.0
2022-10-12 00:00:00+02:00,8.871000289916992,8.873000144958496,8.817000389099121,8.817000389099121,735,0.0,0.0,0.0
2022-10-13 00:00:00+02:00,9.0,9.0,8.800000190734863,8.942000389099121,6636,0.0,0.0,0.0
2022-10-14 00:00:00+02:00,9.088000297546387,9.230999946594238,8.883999824523926,8.883999824523926,1042,0.0,0.0,0.0
2022-10-17 00:00:00+02:00,8.85099983215332,9.041000366210938,8.85099983215332,8.975000381469727,2314,0.0,0.0,0.0
2022-10-18 00:00:00+02:00,9.069000244140625,9.241000175476074,9.069000244140625,9.241000175476074,3794,0.0,0.0,0.0
2022-10-19 00:00:00+02:00,9.109000205993652,9.14900016784668,8.843999862670898,8.843999862670898,561,0.0,0.0,0.0
2022-10-20 00:00:00+02:00,8.729000091552734,8.892999649047852,8.729000091552734,8.892999649047852,123,0.0,0.0,0.0
2022-10-21 00:00:00+02:00,8.715999603271484,8.842000007629395,8.684000015258789,8.810999870300293,9179,0.0,0.0,0.0
2022-10-24 00:00:00+02:00,8.855999946594238,8.951000213623047,8.682999610900879,8.682999610900879,1159,0.0,0.0,0.0
2022-10-25 00:00:00+02:00,8.82699966430664,8.99899959564209,8.777999877929688,8.99899959564209,1461,0.0,0.0,0.0
2022-10-26 00:00:00+02:00,8.88599967956543,9.418999671936035,8.88599967956543,9.407999992370605,11097,0.0,0.0,0.0
2022-10-27 00:00:00+02:00,9.26200008392334,9.26200008392334,9.081000328063965,9.085000038146973,708,0.0,0.0,0.0
2022-10-28 00:00:00+02:00,9.029999732971191,9.187999725341797,9.029999732971191,9.187999725341797,100,0.0,0.0,0.0
2022-10-31 00:00:00+01:00,9.366999626159668,9.451000213623047,9.366999626159668,9.430999755859375,3306,0.0,0.0,0.0
2022-11-01 00:00:00+01:00,9.479999542236328,9.496000289916992,9.4350004196167,9.479000091552734,228,0.0,0.0,0.0
2022-11-02 00:00:00+01:00,9.520000457763672,9.529000282287598,9.4350004196167,9.444000244140625,845,0.0,0.0,0.0
2022-11-03 00:00:00+01:00,9.324000358581543,9.345999717712402,9.243000030517578,9.312000274658203,1386,0.0,0.0,0.0
2022-11-04 00:00:00+01:00,9.461000442504883,9.461000442504883,8.960000038146973,8.960000038146973,663,0.0,0.0,0.0
2022-11-07 00:00:00+01:00,9.048999786376953,9.050000190734863,8.833000183105469,8.862000465393066,3223,0.0,0.0,0.0
2022-11-08 00:00:00+01:00,8.786999702453613,8.965999603271484,8.786999702453613,8.965999603271484,2777,0.0,0.0,0.0
2022-11-09 00:00:00+01:00,8.829000473022461,8.843999862670898,8.755000114440918,8.755000114440918,4802,0.0,0.0,0.0
2022-11-10 00:00:00+01:00,8.602999687194824,9.013999938964844,8.602999687194824,9.013999938964844,5047,0.0,0.0,0.0
2022-11-11 00:00:00+01:00,9.164999961853027,9.232000350952148,9.041000366210938,9.232000350952148,710,0.0,0.0,0.0
2022-11-14 00:00:00+01:00,9.362000465393066,9.428999900817871,9.267000198364258,9.335000038146973,4432,0.0,0.0,0.0
2022-11-15 00:00:00+01:00,9.227999687194824,9.461000442504883,9.227999687194824,9.461000442504883,3315,0.0,0.0,0.0
2022-11-16 00:00:00+01:00,9.303000450134277,9.303000450134277,9.069000244140625,9.069000244140625,5439,0.0,0.0,0.0
2022-11-17 00:00:00+01:00,9.055000305175781,9.055000305175781,8.862000465393066,8.862000465393066,1509,0.0,0.0,0.0
2022-11-18 00:00:00+01:00,8.857999801635742,8.968999862670898,8.857999801635742,8.902000427246094,6980,0.0,0.0,0.0
2022-11-21 00:00:00+01:00,8.918000221252441,8.918000221252441,8.892000198364258,8.892000198364258,259,0.0,0.0,0.0
2022-11-22 00:00:00+01:00,8.74899959564209,8.791000366210938,8.6899995803833,8.73799991607666,1233,0.0,0.0,0.0
2022-11-23 00:00:00+01:00,8.815999984741211,8.928999900817871,8.815999984741211,8.888999938964844,214,0.0,0.0,0.0
2022-11-24 00:00:00+01:00,8.822999954223633,8.848999977111816,8.821000099182129,8.843000411987305,2941,0.0,0.0,0.0
2022-11-25 00:00:00+01:00,8.848999977111816,8.866999626159668,8.805999755859375,8.824000358581543,57,0.0,0.0,0.0
2022-11-28 00:00:00+01:00,8.758000373840332,8.866000175476074,8.737000465393066,8.807999610900879,6340,0.0,0.0,0.0
2022-11-29 00:00:00+01:00,8.756999969482422,8.770000457763672,8.746999740600586,8.746999740600586,4000,0.0,0.0,0.0
2022-11-30 00:00:00+01:00,8.718999862670898,8.800000190734863,8.718999862670898,8.776000022888184,1967,0.0,0.0,0.0
2022-12-01 00:00:00+01:00,9.125,9.125,9.003000259399414,9.003000259399414,5087,0.0,0.0,0.0
2022-12-02 00:00:00+01:00,8.994000434875488,9.045999526977539,8.940999984741211,9.045999526977539,4360,0.0,0.0,0.0
2022-12-05 00:00:00+01:00,8.880000114440918,8.904999732971191,8.869000434875488,8.869000434875488,1725,0.0,0.0,0.0
2022-12-06 00:00:00+01:00,8.871000289916992,8.876999855041504,8.722000122070312,8.722000122070312,0,0.0,0.0,0.0
2022-12-07 00:00:00+01:00,8.696000099182129,8.770999908447266,8.62399959564209,8.675999641418457,886,0.0,0.0,0.0
2022-12-08 00:00:00+01:00,8.746000289916992,8.770999908447266,8.746000289916992,8.769000053405762,546,0.0,0.0,0.0
2022-12-09 00:00:00+01:00,8.855999946594238,8.862000465393066,8.755000114440918,8.755000114440918,3934,0.0,0.0,0.0
2022-12-12 00:00:00+01:00,8.64900016784668,8.730999946594238,8.569000244140625,8.729999542236328,5760,0.0,0.0,0.0
2022-12-13 00:00:00+01:00,8.77400016784668,8.989999771118164,8.77400016784668,8.892000198364258,1616,0.0,0.0,0.0
2022-12-14 00:00:00+01:00,8.892999649047852,8.98900032043457,8.843000411987305,8.972999572753906,4206,0.0,0.0,0.0
2022-12-15 00:00:00+01:00,8.567000389099121,8.803000450134277,8.567000389099121,8.710000038146973,234,0.0,0.0,0.0
2022-12-16 00:00:00+01:00,8.57699966430664,8.616000175476074,8.494000434875488,8.555999755859375,7930,0.0,0.0,0.0
2022-12-19 00:00:00+01:00,8.555999755859375,8.687000274658203,8.439000129699707,8.439000129699707,3611,0.0,0.0,0.0
2022-12-20 00:00:00+01:00,8.432999610900879,8.432999610900879,8.251999855041504,8.371999740600586,14917,0.0,0.0,0.0
2022-12-21 00:00:00+01:00,8.376999855041504,8.699999809265137,8.376999855041504,8.699999809265137,573,0.0,0.0,0.0
2022-12-22 00:00:00+01:00,8.67300033569336,8.67300033569336,8.442999839782715,8.461999893188477,1470,0.0,0.0,0.0
2022-12-23 00:00:00+01:00,8.607000350952148,8.62600040435791,8.42300033569336,8.42300033569336,2831,0.0,0.0,0.0
2022-12-27 00:00:00+01:00,8.411999702453613,8.420000076293945,8.220000267028809,8.220000267028809,1388,0.0,0.0,0.0
2022-12-28 00:00:00+01:00,8.196999549865723,8.196999549865723,8.076000213623047,8.079000473022461,11609,0.0,0.0,0.0
2022-12-29 00:00:00+01:00,8.085000038146973,8.388999938964844,8.085000038146973,8.388999938964844,1841,0.0,0.0,0.0
2022-12-30 00:00:00+01:00,8.388999938964844,8.388999938964844,8.27400016784668,8.27400016784668,561,0.0,0.0,0.0
2023-01-02 00:00:00+01:00,8.246000289916992,8.406999588012695,8.246000289916992,8.406999588012695,0,0.0,0.0,0.0
2023-01-03 00:00:00+01:00,8.406999588012695,8.61400032043457,8.406999588012695,8.416999816894531,2084,0.0,0.0,0.0
2023-01-04 00:00:00+01:00,8.331000328063965,8.458999633789062,8.331000328063965,8.458999633789062,2550,0.0,0.0,0.0
2023-01-05 00:00:00+01:00,8.53600025177002,8.553000450134277,8.456999778747559,8.47599983215332,1514,0.0,0.0,0.0
2023-01-06 00:00:00+01:00,8.47599983215332,8.541000366210938,8.402999877929688,8.484999656677246,5964,0.0,0.0,0.0
2023-01-09 00:00:00+01:00,8.550000190734863,8.550000190734863,8.366999626159668,8.366999626159668,4621,0.0,0.0,0.0
2023-01-10 00:00:00+01:00,8.383000373840332,8.440999984741211,8.187000274658203,8.440999984741211,237,0.0,0.0,0.0
2023-01-11 00:00:00+01:00,8.095000267028809,8.57699966430664,8.095000267028809,8.57699966430664,738,0.0,0.0,0.0
2023-01-12 00:00:00+01:00,8.095000267028809,8.619999885559082,8.095000267028809,8.503000259399414,1000,0.0,0.0,0.0
2023-01-13 00:00:00+01:00,8.095000267028809,8.866000175476074,8.095000267028809,8.819999694824219,2783,0.0,0.0,0.0
2023-01-16 00:00:00+01:00,8.265999794006348,8.850000381469727,8.265999794006348,8.803999900817871,479,0.0,0.0,0.0
2023-01-17 00:00:00+01:00,8.184000015258789,8.836000442504883,8.184000015258789,8.819999694824219,970,0.0,0.0,0.0
2023-01-18 00:00:00+01:00,8.184000015258789,8.927000045776367,8.184000015258789,8.838000297546387,2564,0.0,0.0,0.0
2023-01-19 00:00:00+01:00,8.184000015258789,8.739999771118164,8.184000015258789,8.5600004196167,2466,0.0,0.0,0.0
2023-01-20 00:00:00+01:00,8.5600004196167,8.59000015258789,8.531000137329102,8.59000015258789,1238,0.0,0.0,0.0
2023-01-23 00:00:00+01:00,8.59000015258789,8.781999588012695,8.59000015258789,8.777000427246094,554,0.0,0.0,0.0
2023-01-24 00:00:00+01:00,8.777000427246094,8.854999542236328,8.777000427246094,8.854999542236328,1308,0.0,0.0,0.0
2023-01-25 00:00:00+01:00,8.854999542236328,8.854999542236328,8.670999526977539,8.670999526977539,1796,0.0,0.0,0.0
2023-01-26 00:00:00+01:00,8.670999526977539,8.822999954223633,8.670999526977539,8.782999992370605,0,0.0,0.0,0.0
2023-01-27 00:00:00+01:00,8.782999992370605,8.9399995803833,8.782999992370605,8.848999977111816,1103,0.0,0.0,0.0
2023-01-30 00:00:00+01:00,8.848999977111816,8.848999977111816,8.677000045776367,8.70300006866455,955,0.0,0.0,0.0
2023-01-31 00:00:00+01:00,8.649999618530273,8.767999649047852,8.58899974822998,8.767999649047852,0,0.0,0.0,0.0
2023-02-01 00:00:00+01:00,8.788000106811523,8.843000411987305,8.732999801635742,8.732999801635742,811,0.0,0.0,0.0
2023-02-02 00:00:00+01:00,8.732999801635742,9.187999725341797,8.732999801635742,9.187999725341797,2665,0.0,0.0,0.0
2023-02-03 00:00:00+01:00,9.02400016784668,9.154000282287598,9.02400016784668,9.154000282287598,4627,0.0,0.0,0.0
2023-02-06 00:00:00+01:00,8.97599983215332,9.008000373840332,8.954000473022461,9.008000373840332,344,0.0,0.0,0.0
2023-02-07 00:00:00+01:00,8.937999725341797,8.984999656677246,8.880999565124512,8.880999565124512,4099,0.0,0.0,0.0
2023-02-08 00:00:00+01:00,8.996000289916992,9.01099967956543,8.824999809265137,8.824999809265137,219,0.0,0.0,0.0
2023-02-09 00:00:00+01:00,8.781000137329102,8.8100004196167,8.744999885559082,8.744999885559082,1965,0.0,0.0,0.0
2023-02-10 00:00:00+01:00,8.666000366210938,8.666000366210938,8.529999732971191,8.529999732971191,847,0.0,0.0,0.0
2023-02-13 00:00:00+01:00,8.619000434875488,8.659000396728516,8.567000389099121,8.642999649047852,853,0.0,0.0,0.0
2023-02-14 00:00:00+01:00,8.645999908447266,8.661999702453613,8.50100040435791,8.50100040435791,1272,0.0,0.0,0.0
2023-02-15 00:00:00+01:00,8.557999610900879,8.673999786376953,8.557999610900879,8.673999786376953,500,0.0,0.0,0.0
2023-02-16 00:00:00+01:00,8.673999786376953,8.817999839782715,8.668000221252441,8.770999908447266,8428,0.0,0.0,0.0
2023-02-17 00:00:00+01:00,8.755000114440918,8.755000114440918,8.58899974822998,8.619999885559082,7676,0.0,0.0,0.0
2023-02-20 00:00:00+01:00,8.765999794006348,8.819000244140625,8.765999794006348,8.793000221252441,46,0.0,0.0,0.0
2023-02-21 00:00:00+01:00,8.739999771118164,8.739999771118164,8.484000205993652,8.484000205993652,23433,0.0,0.0,0.0
2023-02-22 00:00:00+01:00,8.350000381469727,8.416000366210938,8.350000381469727,8.407999992370605,2852,0.0,0.0,0.0
2023-02-23 00:00:00+01:00,8.526000022888184,8.567999839782715,8.331000328063965,8.331000328063965,2940,0.0,0.0,0.0
2023-02-24 00:00:00+01:00,8.404999732971191,8.430000305175781,8.291999816894531,8.298999786376953,2918,0.0,0.0,0.0
2023-02-27 00:00:00+01:00,8.298999786376953,8.348999977111816,8.28499984741211,8.28499984741211,4541,0.0,0.0,0.0
2023-02-28 00:00:00+01:00,8.26200008392334,8.418000221252441,8.26200008392334,8.409000396728516,2180,0.0,0.0,0.0
2023-03-01 00:00:00+01:00,8.378000259399414,8.494000434875488,8.378000259399414,8.378000259399414,11949,0.0,0.0,0.0
2023-03-02 00:00:00+01:00,8.326000213623047,8.550999641418457,8.326000213623047,8.550999641418457,1649,0.0,0.0,0.0
2023-03-03 00:00:00+01:00,8.574000358581543,8.66100025177002,8.574000358581543,8.66100025177002,3406,0.0,0.0,0.0
2023-03-06 00:00:00+01:00,8.720999717712402,8.720999717712402,8.574000358581543,8.574000358581543,688,0.0,0.0,0.0
2023-03-07 00:00:00+01:00,8.435999870300293,8.475000381469727,8.435999870300293,8.470999717712402,1131,0.0,0.0,0.0
2023-03-08 00:00:00+01:00,8.418999671936035,8.45300006866455,8.350000381469727,8.430999755859375,815,0.0,0.0,0.0
2023-03-09 00:00:00+01:00,8.378999710083008,8.392999649047852,8.350000381469727,8.350000381469727,159,0.0,0.0,0.0
2023-03-10 00:00:00+01:00,8.060999870300293,8.116999626159668,7.7870001792907715,7.914999961853027,23868,0.0,0.0,0.0
2023-03-13 00:00:00+01:00,7.89300012588501,8.041999816894531,7.76800012588501,8.041999816894531,7151,0.0,0.0,0.0
2023-03-14 00:00:00+01:00,8.079999923706055,8.180000305175781,8.072999954223633,8.092000007629395,9792,0.0,0.0,0.0
2023-03-15 00:00:00+01:00,8.359000205993652,8.359000205993652,8.034000396728516,8.128000259399414,1150,0.0,0.0,0.0
2023-03-16 00:00:00+01:00,8.166999816894531,8.168000221252441,8.11299991607666,8.168000221252441,22,0.0,0.0,0.0
2023-03-17 00:00:00+01:00,8.071999549865723,8.083000183105469,7.9039998054504395,7.910999774932861,2592,0.0,0.0,0.0
2023-03-20 00:00:00+01:00,7.804999828338623,7.879000186920166,7.783999919891357,7.803999900817871,338,0.0,0.0,0.0
2023-03-21 00:00:00+01:00,7.894999980926514,7.945000171661377,7.894999980926514,7.945000171661377,112,0.0,0.0,0.0
2023-03-22 00:00:00+01:00,7.951000213623047,7.951000213623047,7.841000080108643,7.841000080108643,300,0.0,0.0,0.0
2023-03-23 00:00:00+01:00,7.729000091552734,7.7779998779296875,7.7220001220703125,7.736999988555908,925,0.0,0.0,0.0
2023-03-24 00:00:00+01:00,7.7179999351501465,7.7179999351501465,7.636000156402588,7.684999942779541,10906,0.0,0.0,0.0
2023-03-27 00:00:00+02:00,7.867000102996826,7.88100004196167,7.793000221252441,7.793000221252441,2833,0.0,0.0,0.0
2023-03-28 00:00:00+02:00,7.7769999504089355,7.7769999504089355,7.65500020980835,7.65500020980835,1250,0.0,0.0,0.0
2023-03-29 00:00:00+02:00,7.263999938964844,7.742000102996826,7.263999938964844,7.710999965667725,319,0.0,0.0,0.0
2023-03-30 00:00:00+02:00,7.263999938964844,7.803999900817871,7.263999938964844,7.692999839782715,697,0.0,0.0,0.0
2023-03-31 00:00:00+02:00,7.263999938964844,7.910999774932861,7.263999938964844,7.910999774932861,2400,0.0,0.0,0.0
2023-04-03 00:00:00+02:00,8.053999900817871,8.053999900817871,7.86299991607666,7.881999969482422,101,0.0,0.0,0.0
2023-04-04 00:00:00+02:00,7.294000148773193,7.949999809265137,7.294000148773193,7.7829999923706055,764,0.0,0.0,0.0
2023-04-05 00:00:00+02:00,7.817999839782715,7.817999839782715,7.788000106811523,7.788000106811523,189,0.0,0.0,0.0
2023-04-06 00:00:00+02:00,7.7789998054504395,7.824999809265137,7.7789998054504395,7.824999809265137,29,0.0,0.0,0.0
2023-04-11 00:00:00+02:00,7.824999809265137,7.906000137329102,7.824999809265137,7.8470001220703125,488,0.0,0.0,0.0
2023-04-12 00:00:00+02:00,7.843999862670898,7.882999897003174,7.813000202178955,7.813000202178955,479,0.0,0.0,0.0
2023-04-13 00:00:00+02:00,7.949999809265137,8.050999641418457,7.764999866485596,8.050999641418457,9572,0.0,0.0,0.0
2023-04-14 00:00:00+02:00,8.050999641418457,8.074999809265137,7.98799991607666,7.98799991607666,670,0.0,0.0,0.0
2023-04-17 00:00:00+02:00,8.026000022888184,8.187000274658203,8.026000022888184,8.187000274658203,4485,0.0,0.0,0.0
2023-04-18 00:00:00+02:00,8.20199966430664,8.20199966430664,8.0,8.0,4914,0.0,0.0,0.0
2023-04-19 00:00:00+02:00,8.012999534606934,8.041000366210938,7.973999977111816,8.020999908447266,3471,0.0,0.0,0.0
2023-04-20 00:00:00+02:00,8.069999694824219,8.069999694824219,7.940000057220459,7.940000057220459,2308,0.0,0.0,0.0
2023-04-21 00:00:00+02:00,7.961999893188477,8.03499984741211,7.928999900817871,8.03499984741211,3439,0.0,0.0,0.0
2023-04-24 00:00:00+02:00,8.008999824523926,8.027999877929688,7.900000095367432,7.914999961853027,2323,0.0,0.0,0.0
2023-04-25 00:00:00+02:00,7.859000205993652,8.008999824523926,7.824999809265137,7.855000019073486,14978,0.0,0.0,0.0
2023-04-26 00:00:00+02:00,7.7829999923706055,7.7829999923706055,7.683000087738037,7.683000087738037,3460,0.0,0.0,0.0
2023-04-27 00:00:00+02:00,7.709000110626221,7.715000152587891,7.625,7.671999931335449,1998,0.0,0.0,0.0
2023-04-28 00:00:00+02:00,7.681000232696533,7.800000190734863,7.681000232696533,7.800000190734863,3379,0.0,0.0,0.0
2023-05-02 00:00:00+02:00,7.895999908447266,7.916999816894531,7.750999927520752,7.750999927520752,3988,0.0,0.0,0.0
2023-05-03 00:00:00+02:00,7.748000144958496,7.86299991607666,7.73799991607666,7.85699987411499,597,0.0,0.0,0.0
2023-05-04 00:00:00+02:00,7.909999847412109,7.997000217437744,7.872000217437744,7.98199987411499,2364,0.0,0.0,0.0
2023-05-05 00:00:00+02:00,8.123000144958496,8.211000442504883,8.07699966430664,8.211000442504883,161,0.0,0.0,0.0
2023-05-08 00:00:00+02:00,8.223999977111816,8.251999855041504,8.095000267028809,8.095000267028809,118,0.0,0.0,0.0
2023-05-09 00:00:00+02:00,8.121000289916992,8.164999961853027,8.072999954223633,8.138999938964844,3308,0.0,0.0,0.0
2023-05-10 00:00:00+02:00,8.187999725341797,8.270000457763672,8.187999725341797,8.265000343322754,345,0.0,0.0,0.0
2023-05-11 00:00:00+02:00,8.305000305175781,8.336000442504883,8.133999824523926,8.133999824523926,4700,0.0,0.0,0.0
2023-05-12 00:00:00+02:00,8.213000297546387,8.213000297546387,8.140000343322754,8.140000343322754,4030,0.0,0.0,0.0
2023-05-15 00:00:00+02:00,8.185999870300293,8.437000274658203,8.185999870300293,8.437000274658203,89728,0.0,0.0,0.0
2023-05-16 00:00:00+02:00,8.456000328063965,8.47599983215332,8.196000099182129,8.213000297546387,1690,0.0,0.0,0.0
2023-05-17 00:00:00+02:00,8.244999885559082,8.253000259399414,8.194000244140625,8.244000434875488,599,0.0,0.0,0.0
2023-05-18 00:00:00+02:00,8.256999969482422,8.324999809265137,8.256999969482422,8.321999549865723,2110,0.0,0.0,0.0
2023-05-19 00:00:00+02:00,8.284000396728516,8.321999549865723,8.26099967956543,8.26099967956543,1928,0.0,0.0,0.0
2023-05-22 00:00:00+02:00,8.286999702453613,8.484000205993652,8.286999702453613,8.479000091552734,162,0.0,0.0,0.0
2023-05-23 00:00:00+02:00,8.486000061035156,8.675000190734863,8.486000061035156,8.675000190734863,233,0.0,0.0,0.0
2023-05-24 00:00:00+02:00,8.484999656677246,8.484999656677246,8.272000312805176,8.272000312805176,4007,0.0,0.0,0.0
2023-05-25 00:00:00+02:00,8.289999961853027,8.317999839782715,8.076000213623047,8.076000213623047,504,0.0,0.0,0.0
2023-05-26 00:00:00+02:00,8.09000015258789,8.12399959564209,8.07699966430664,8.123000144958496,448,0.0,0.0,0.0
2023-05-29 00:00:00+02:00,8.14900016784668,8.180000305175781,8.128000259399414,8.152999877929688,2342,0.0,0.0,0.0
2023-05-30 00:00:00+02:00,8.14900016784668,8.201000213623047,8.01200008392334,8.01200008392334,7397,0.0,0.0,0.0
2023-05-31 00:00:00+02:00,8.01200008392334,8.071999549865723,7.959000110626221,7.959000110626221,2714,0.0,0.0,0.0
2023-06-01 00:00:00+02:00,8.064000129699707,8.137999534606934,8.050999641418457,8.104000091552734,1887,0.0,0.0,0.0
2023-06-02 00:00:00+02:00,8.107999801635742,8.315999984741211,8.107999801635742,8.315999984741211,5403,0.0,0.0,0.0
2023-06-05 00:00:00+02:00,8.38700008392334,8.395000457763672,8.338000297546387,8.338000297546387,2381,0.0,0.0,0.0
2023-06-06 00:00:00+02:00,8.32699966430664,8.506999969482422,8.32699966430664,8.47599983215332,822,0.0,0.0,0.0
2023-06-07 00:00:00+02:00,8.472000122070312,8.47599983215332,8.430000305175781,8.447999954223633,752,0.0,0.0,0.0
2023-06-08 00:00:00+02:00,8.444000244140625,8.46399974822998,8.300999641418457,8.310999870300293,4164,0.0,0.0,0.0
2023-06-09 00:00:00+02:00,8.310999870300293,8.354999542236328,8.284000396728516,8.284000396728516,121,0.0,0.0,0.0
2023-06-12 00:00:00+02:00,8.300000190734863,8.37600040435791,8.300000190734863,8.37600040435791,191,0.0,0.0,0.0
2023-06-13 00:00:00+02:00,8.378999710083008,8.491000175476074,8.354999542236328,8.454000473022461,1265,0.0,0.0,0.0
2023-06-14 00:00:00+02:00,8.494999885559082,8.512999534606934,8.37399959564209,8.37399959564209,1162,0.0,0.0,0.0
2023-06-15 00:00:00+02:00,8.28499984741211,8.28499984741211,8.211999893188477,8.229000091552734,1580,0.0,0.0,0.0
2023-06-16 00:00:00+02:00,8.270999908447266,8.36400032043457,8.236000061035156,8.236000061035156,1535,0.0,0.0,0.0
2023-06-19 00:00:00+02:00,8.236000061035156,8.236000061035156,8.196000099182129,8.196000099182129,0,0.0,0.0,0.0
2023-06-20 00:00:00+02:00,8.149999618530273,8.17300033569336,8.085000038146973,8.09000015258789,208,0.0,0.0,0.0
2023-06-21 00:00:00+02:00,8.09000015258789,8.177000045776367,7.943999767303467,7.943999767303467,2710,0.0,0.0,0.0
2023-06-22 00:00:00+02:00,7.928999900817871,7.936999797821045,7.910999774932861,7.936999797821045,20,0.0,0.0,0.0
2023-06-23 00:00:00+02:00,7.934999942779541,7.968999862670898,7.794000148773193,7.794000148773193,1360,0.0,0.0,0.0
2023-06-26 00:00:00+02:00,7.809000015258789,7.875,7.809000015258789,7.809000015258789,2362,0.0,0.0,0.0
2023-06-27 00:00:00+02:00,7.791999816894531,7.791999816894531,7.673999786376953,7.673999786376953,685,0.0,0.0,0.0
2023-06-28 00:00:00+02:00,7.7220001220703125,7.822000026702881,7.710999965667725,7.822000026702881,269,0.0,0.0,0.0
2023-06-29 00:00:00+02:00,7.8379998207092285,7.929999828338623,7.8379998207092285,7.896999835968018,1353,0.0,0.0,0.0
2023-06-30 00:00:00+02:00,7.861000061035156,7.888000011444092,7.860000133514404,7.860000133514404,800,0.0,0.0,0.0
2023-07-03 00:00:00+02:00,7.823999881744385,7.8520002365112305,7.7789998054504395,7.7789998054504395,1435,0.0,0.0,0.0
2023-07-04 00:00:00+02:00,7.849999904632568,7.849999904632568,7.820000171661377,7.822000026702881,142,0.0,0.0,0.0
2023-07-05 00:00:00+02:00,7.783999919891357,7.807000160217285,7.730999946594238,7.775000095367432,3091,0.0,0.0,0.0
2023-07-06 00:00:00+02:00,7.755000114440918,7.755000114440918,7.580999851226807,7.580999851226807,1794,0.0,0.0,0.0
2023-07-07 00:00:00+02:00,7.599999904632568,7.633999824523926,7.599999904632568,7.614999771118164,156,0.0,0.0,0.0
2023-07-10 00:00:00+02:00,7.564000129699707,7.783999919891357,7.564000129699707,7.783999919891357,108,0.0,0.0,0.0
2023-07-11 00:00:00+02:00,7.829999923706055,7.882999897003174,7.813000202178955,7.8420000076293945,1374,0.0,0.0,0.0
2023-07-12 00:00:00+02:00,7.828000068664551,7.929999828338623,7.828000068664551,7.9120001792907715,2265,0.0,0.0,0.0
2023-07-13 00:00:00+02:00,7.9079999923706055,7.913000106811523,7.849999904632568,7.857999801635742,2504,0.0,0.0,0.0
2023-07-14 00:00:00+02:00,7.790999889373779,7.815000057220459,7.6579999923706055,7.6579999923706055,1984,0.0,0.0,0.0
2023-07-17 00:00:00+02:00,7.666999816894531,7.78000020980835,7.666999816894531,7.75,106,0.0,0.0,0.0
2023-07-18 00:00:00+02:00,7.697000026702881,7.7829999923706055,7.697000026702881,7.7829999923706055,273,0.0,0.0,0.0
2023-07-19 00:00:00+02:00,7.73199987411499,7.875999927520752,7.73199987411499,7.861999988555908,398,0.0,0.0,0.0
2023-07-20 00:00:00+02:00,7.880000114440918,7.880000114440918,7.794000148773193,7.794000148773193,780,0.0,0.0,0.0
2023-07-21 00:00:00+02:00,7.794000148773193,7.896999835968018,7.794000148773193,7.896999835968018,1279,0.0,0.0,0.0
2023-07-24 00:00:00+02:00,7.909999847412109,7.955999851226807,7.839000225067139,7.839000225067139,1735,0.0,0.0,0.0
2023-07-25 00:00:00+02:00,7.839000225067139,7.839000225067139,7.781000137329102,7.802000045776367,826,0.0,0.0,0.0
2023-07-26 00:00:00+02:00,7.795000076293945,7.795000076293945,7.763999938964844,7.767000198364258,429,0.0,0.0,0.0
2023-07-27 00:00:00+02:00,7.802999973297119,7.8979997634887695,7.802999973297119,7.834000110626221,2467,0.0,0.0,0.0
2023-07-28 00:00:00+02:00,7.853000164031982,7.853000164031982,7.76200008392334,7.833000183105469,390,0.0,0.0,0.0
2023-07-31 00:00:00+02:00,7.855000019073486,7.900000095367432,7.839000225067139,7.839000225067139,284,0.0,0.0,0.0
2023-08-01 00:00:00+02:00,7.85699987411499,7.875999927520752,7.730999946594238,7.730999946594238,464,0.0,0.0,0.0
2023-08-02 00:00:00+02:00,7.6620001792907715,7.691999912261963,7.591000080108643,7.63700008392334,1600,0.0,0.0,0.0
2023-08-03 00:00:00+02:00,7.6020002365112305,7.668000221252441,7.574999809265137,7.574999809265137,740,0.0,0.0,0.0
2023-08-04 00:00:00+02:00,7.572000026702881,7.585000038146973,7.508999824523926,7.519999980926514,2341,0.0,0.0,0.0
2023-08-07 00:00:00+02:00,7.484000205993652,7.484000205993652,7.250999927520752,7.250999927520752,4700,0.0,0.0,0.0
2023-08-08 00:00:00+02:00,7.263000011444092,7.263000011444092,7.21999979019165,7.23799991607666,4069,0.0,0.0,0.0
2023-08-09 00:00:00+02:00,7.328000068664551,7.386000156402588,7.290999889373779,7.290999889373779,3886,0.0,0.0,0.0
2023-08-10 00:00:00+02:00,7.216000080108643,7.314000129699707,7.216000080108643,7.2789998054504395,1262,0.0,0.0,0.0
2023-08-11 00:00:00+02:00,7.196000099182129,7.296000003814697,7.196000099182129,7.236000061035156,3168,0.0,0.0,0.0
2023-08-14 00:00:00+02:00,7.171999931335449,7.296999931335449,7.171999931335449,7.249000072479248,744,0.0,0.0,0.0
2023-08-15 00:00:00+02:00,7.300000190734863,7.300000190734863,7.218999862670898,7.265999794006348,774,0.0,0.0,0.0
2023-08-16 00:00:00+02:00,7.24399995803833,7.24399995803833,7.127999782562256,7.127999782562256,1718,0.0,0.0,0.0
2023-08-17 00:00:00+02:00,7.107999801635742,7.120999813079834,7.031000137329102,7.063000202178955,646,0.0,0.0,0.0
2023-08-18 00:00:00+02:00,7.038000106811523,7.051000118255615,6.968999862670898,7.0370001792907715,946,0.0,0.0,0.0
2023-08-21 00:00:00+02:00,7.000999927520752,7.0370001792907715,7.0,7.002999782562256,1140,0.0,0.0,0.0
2023-08-22 00:00:00+02:00,7.11299991607666,7.168000221252441,7.11299991607666,7.150000095367432,748,0.0,0.0,0.0
2023-08-23 00:00:00+02:00,7.173999786376953,7.251999855041504,7.173999786376953,7.251999855041504,700,0.0,0.0,0.0
2023-08-24 00:00:00+02:00,7.244999885559082,7.244999885559082,7.1570000648498535,7.1570000648498535,1139,0.0,0.0,0.0
2023-08-25 00:00:00+02:00,7.181000232696533,7.203000068664551,7.14900016784668,7.176000118255615,3820,0.0,0.0,0.0
2023-08-28 00:00:00+02:00,7.1570000648498535,7.251999855041504,7.1570000648498535,7.197999954223633,405,0.0,0.0,0.0
2023-08-29 00:00:00+02:00,7.230000019073486,7.289999961853027,7.2170000076293945,7.269999980926514,300,0.0,0.0,0.0
2023-08-30 00:00:00+02:00,7.2870001792907715,7.2870001792907715,7.260000228881836,7.28000020980835,199,0.0,0.0,0.0
2023-08-31 00:00:00+02:00,7.330999851226807,7.38700008392334,7.330999851226807,7.359000205993652,27,0.0,0.0,0.0
2023-09-01 00:00:00+02:00,7.359000205993652,7.468999862670898,7.317999839782715,7.453999996185303,1086,0.0,0.0,0.0
2023-09-04 00:00:00+02:00,7.446000099182129,7.449999809265137,7.420000076293945,7.420000076293945,478,0.0,0.0,0.0
2023-09-05 00:00:00+02:00,7.413000106811523,7.440999984741211,7.381999969482422,7.381999969482422,850,0.0,0.0,0.0
2023-09-06 00:00:00+02:00,7.318999767303467,7.336999893188477,7.285999774932861,7.285999774932861,153,0.0,0.0,0.0
2023-09-07 00:00:00+02:00,7.310999870300293,7.390999794006348,7.2789998054504395,7.28000020980835,1175,0.0,0.0,0.0
2023-09-08 00:00:00+02:00,7.269999980926514,7.27400016784668,7.195000171661377,7.224999904632568,1951,0.0,0.0,0.0
2023-09-11 00:00:00+02:00,7.202000141143799,7.2230000495910645,7.181000232696533,7.2179999351501465,2618,0.0,0.0,0.0
2023-09-12 00:00:00+02:00,7.2170000076293945,7.224999904632568,7.198999881744385,7.223999977111816,487,0.0,0.0,0.0
2023-09-13 00:00:00+02:00,7.244999885559082,7.388999938964844,7.244999885559082,7.369999885559082,1490,0.0,0.0,0.0
2023-09-14 00:00:00+02:00,7.2779998779296875,7.3379998207092285,7.263000011444092,7.321000099182129,291,0.0,0.0,0.0
2023-09-15 00:00:00+02:00,7.3379998207092285,7.3379998207092285,7.255000114440918,7.255000114440918,8,0.0,0.0,0.0
2023-09-18 00:00:00+02:00,7.267000198364258,7.267000198364258,7.058000087738037,7.058000087738037,1177,0.0,0.0,0.0
2023-09-19 00:00:00+02:00,7.064000129699707,7.064000129699707,6.952000141143799,6.965000152587891,2230,0.0,0.0,0.0
2023-09-20 00:00:00+02:00,7.006999969482422,7.006999969482422,6.980000019073486,6.986999988555908,1283,0.0,0.0,0.0
2023-09-21 00:00:00+02:00,6.954999923706055,6.954999923706055,6.7789998054504395,6.7789998054504395,1452,0.0,0.0,0.0
2023-09-22 00:00:00+02:00,6.803999900817871,6.817999839782715,6.754000186920166,6.763000011444092,1377,0.0,0.0,0.0
2023-09-25 00:00:00+02:00,6.741000175476074,6.765999794006348,6.676000118255615,6.690999984741211,3144,0.0,0.0,0.0
2023-09-26 00:00:00+02:00,6.663000106811523,6.770999908447266,6.642000198364258,6.742000102996826,2452,0.0,0.0,0.0
2023-09-27 00:00:00+02:00,6.752999782562256,6.864999771118164,6.752999782562256,6.810999870300293,1084,0.0,0.0,0.0
2023-09-28 00:00:00+02:00,6.8480000495910645,6.8480000495910645,6.730000019073486,6.752999782562256,3423,0.0,0.0,0.0
2023-09-29 00:00:00+02:00,6.771999835968018,6.824999809265137,6.771999835968018,6.7779998779296875,2822,0.0,0.0,0.0
2023-10-02 00:00:00+02:00,6.791999816894531,6.793000221252441,6.678999900817871,6.702000141143799,70,0.0,0.0,0.0
2023-10-03 00:00:00+02:00,6.645999908447266,6.693999767303467,6.570000171661377,6.599999904632568,1028,0.0,0.0,0.0
2023-10-04 00:00:00+02:00,6.5929999351501465,6.622000217437744,6.508999824523926,6.508999824523926,2278,0.0,0.0,0.0
2023-10-05 00:00:00+02:00,6.51800012588501,6.533999919891357,6.460999965667725,6.460999965667725,45,0.0,0.0,0.0
2023-10-06 00:00:00+02:00,6.625,6.644000053405762,6.580999851226807,6.580999851226807,1127,0.0,0.0,0.0
2023-10-09 00:00:00+02:00,6.583000183105469,6.593999862670898,6.501999855041504,6.501999855041504,1378,0.0,0.0,0.0
2023-10-10 00:00:00+02:00,6.585000038146973,6.739999771118164,6.578999996185303,6.692999839782715,2762,0.0,0.0,0.0
2023-10-11 00:00:00+02:00,6.7129998207092285,6.736999988555908,6.65500020980835,6.65500020980835,1343,0.0,0.0,0.0
2023-10-12 00:00:00+02:00,6.710999965667725,6.718999862670898,6.5929999351501465,6.5929999351501465,969,0.0,0.0,0.0
2023-10-13 00:00:00+02:00,6.488999843597412,6.488999843597412,6.374000072479248,6.46999979019165,537,0.0,0.0,0.0
2023-10-16 00:00:00+02:00,6.492000102996826,6.504000186920166,6.414000034332275,6.504000186920166,3439,0.0,0.0,0.0
2023-10-17 00:00:00+02:00,6.508999824523926,6.5329999923706055,6.48199987411499,6.5329999923706055,0,0.0,0.0,0.0
2023-10-18 00:00:00+02:00,6.46999979019165,6.46999979019165,6.355000019073486,6.355000019073486,4648,0.0,0.0,0.0
2023-10-19 00:00:00+02:00,6.263000011444092,6.297999858856201,6.164000034332275,6.164000034332275,391,0.0,0.0,0.0
2023-10-20 00:00:00+02:00,6.164000034332275,6.164000034332275,6.093999862670898,6.093999862670898,1604,0.0,0.0,0.0
2023-10-23 00:00:00+02:00,6.0970001220703125,6.0970001220703125,6.0269999504089355,6.074999809265137,930,0.0,0.0,0.0
2023-10-24 00:00:00+02:00,6.061999797821045,6.196000099182129,6.061999797821045,6.196000099182129,3776,0.0,0.0,0.0
2023-10-25 00:00:00+02:00,6.144999980926514,6.165999889373779,5.986000061035156,6.044000148773193,4387,0.0,0.0,0.0
2023-10-26 00:00:00+02:00,5.978000164031982,6.063000202178955,5.978000164031982,6.063000202178955,329,0.0,0.0,0.0
2023-10-27 00:00:00+02:00,6.063000202178955,6.10099983215332,5.948999881744385,5.948999881744385,80675,0.0,0.0,0.0
2023-10-30 00:00:00+01:00,5.938000202178955,5.938000202178955,5.820000171661377,5.861999988555908,2455,0.0,0.0,0.0
2023-10-31 00:00:00+01:00,5.8379998207092285,5.879000186920166,5.77400016784668,5.879000186920166,9556,0.0,0.0,0.0
2023-11-01 00:00:00+01:00,5.958000183105469,5.9710001945495605,5.909999847412109,5.955999851226807,4548,0.0,0.0,0.0
2023-11-02 00:00:00+01:00,6.010000228881836,6.119999885559082,5.988999843597412,6.098999977111816,3976,0.0,0.0,0.0
2023-11-03 00:00:00+01:00,6.2230000495910645,6.46999979019165,6.119999885559082,6.46999979019165,6308,0.0,0.0,0.0
2023-11-06 00:00:00+01:00,6.451000213623047,6.486000061035156,6.4019999504089355,6.4019999504089355,730,0.0,0.0,0.0
2023-11-07 00:00:00+01:00,6.35099983215332,6.589000225067139,6.35099983215332,6.573999881744385,1000,0.0,0.0,0.0
2023-11-08 00:00:00+01:00,6.603000164031982,6.603000164031982,6.414000034332275,6.414000034332275,8830,0.0,0.0,0.0
2023-11-09 00:00:00+01:00,6.4120001792907715,6.443999767303467,6.294000148773193,6.294000148773193,2041,0.0,0.0,0.0
2023-11-10 00:00:00+01:00,6.210999965667725,6.210999965667725,6.078999996185303,6.078999996185303,1400,0.0,0.0,0.0
2023-11-13 00:00:00+01:00,6.204999923706055,6.204999923706055,6.084000110626221,6.084000110626221,1600,0.0,0.0,0.0
2023-11-14 00:00:00+01:00,6.09499979019165,6.395999908447266,6.09499979019165,6.395999908447266,5651,0.0,0.0,0.0
2023-11-15 00:00:00+01:00,6.395999908447266,6.642000198364258,6.395999908447266,6.642000198364258,2537,0.0,0.0,0.0
2023-11-16 00:00:00+01:00,6.534999847412109,6.544000148773193,6.372000217437744,6.461999893188477,1018,0.0,0.0,0.0
2023-11-17 00:00:00+01:00,6.508999824523926,6.593999862670898,6.508999824523926,6.571000099182129,3499,0.0,0.0,0.0
2023-11-20 00:00:00+01:00,6.581999778747559,6.875,6.581999778747559,6.776000022888184,3904,0.0,0.0,0.0
2023-11-21 00:00:00+01:00,6.798999786376953,6.809000015258789,6.668000221252441,6.7170000076293945,2961,0.0,0.0,0.0
2023-11-22 00:00:00+01:00,6.664000034332275,6.770999908447266,6.664000034332275,6.770999908447266,1000,0.0,0.0,0.0
2023-11-23 00:00:00+01:00,6.756999969482422,6.801000118255615,6.756999969482422,6.77400016784668,1000,0.0,0.0,0.0
2023-11-24 00:00:00+01:00,6.767000198364258,6.885000228881836,6.767000198364258,6.806000232696533,785,0.0,0.0,0.0
2023-11-27 00:00:00+01:00,6.7729997634887695,6.781000137329102,6.718999862670898,6.718999862670898,2399,0.0,0.0,0.0
2023-11-28 00:00:00+01:00,6.765999794006348,6.765999794006348,6.638999938964844,6.7170000076293945,661,0.0,0.0,0.0
2023-11-29 00:00:00+01:00,6.75,6.914000034332275,6.75,6.7870001792907715,1823,0.0,0.0,0.0
2023-11-30 00:00:00+01:00,6.809000015258789,6.85699987411499,6.809000015258789,6.833000183105469,3535,0.0,0.0,0.0
2023-12-01 00:00:00+01:00,6.806000232696533,6.815999984741211,6.627999782562256,6.815999984741211,2594,0.0,0.0,0.0
2023-12-04 00:00:00+01:00,6.815999984741211,6.815999984741211,6.815999984741211,6.815999984741211,0,0.0,0.0,0.0
2023-12-05 00:00:00+01:00,6.815999984741211,6.815999984741211,6.815999984741211,6.815999984741211,0,0.0,0.0,0.0
2023-12-06 00:00:00+01:00,6.815999984741211,6.815999984741211,6.815999984741211,6.815999984741211,0,0.0,0.0,0.0
2023-12-07 00:00:00+01:00,7.0370001792907715,7.0370001792907715,7.0,7.0320000648498535,5651,0.0,0.0,0.0
2023-12-08 00:00:00+01:00,7.040999889373779,7.140999794006348,7.040999889373779,7.041999816894531,754,0.0,0.0,0.0
2023-12-11 00:00:00+01:00,7.0229997634887695,7.0229997634887695,6.835000038146973,6.835000038146973,1053,0.0,0.0,0.0
2023-12-12 00:00:00+01:00,6.821000099182129,6.888999938964844,6.802000045776367,6.86299991607666,75,0.0,0.0,0.0
2023-12-13 00:00:00+01:00,6.8420000076293945,6.973999977111816,6.8420000076293945,6.922999858856201,4332,0.0,0.0,0.0
2023-12-14 00:00:00+01:00,7.23799991607666,7.442999839782715,7.2270002365112305,7.442999839782715,6667,0.0,0.0,0.0
2023-12-15 00:00:00+01:00,7.480999946594238,7.480999946594238,7.3420000076293945,7.3420000076293945,1828,0.0,0.0,0.0
2023-12-18 00:00:00+01:00,7.336999893188477,7.381999969482422,7.229000091552734,7.229000091552734,418,0.0,0.0,0.0
2023-12-19 00:00:00+01:00,7.256999969482422,7.410999774932861,7.239999771118164,7.410999774932861,50,0.0,0.0,0.0
2023-12-20 00:00:00+01:00,7.510000228881836,7.510000228881836,7.414999961853027,7.414999961853027,94,0.0,0.0,0.0
2023-12-21 00:00:00+01:00,7.251999855041504,7.300000190734863,7.230999946594238,7.300000190734863,390,0.0,0.0,0.0
2023-12-22 00:00:00+01:00,7.26200008392334,7.452000141143799,7.245999813079834,7.452000141143799,1778,0.0,0.0,0.0
2023-12-27 00:00:00+01:00,7.452000141143799,7.519999980926514,7.4029998779296875,7.428999900817871,1468,0.0,0.0,0.0
2023-12-28 00:00:00+01:00,7.50600004196167,7.538000106811523,7.489999771118164,7.501999855041504,1280,0.0,0.0,0.0
2023-12-29 00:00:00+01:00,7.53000020980835,7.546000003814697,7.510000228881836,7.526000022888184,223,0.0,0.0,0.0
2024-01-02 00:00:00+01:00,7.539999961853027,7.6620001792907715,7.373000144958496,7.585000038146973,1197,0.0,0.0,0.0
2024-01-03 00:00:00+01:00,7.5,7.526000022888184,7.335999965667725,7.40500020980835,14854,0.0,0.0,0.0
2024-01-04 00:00:00+01:00,7.315000057220459,7.327000141143799,7.270999908447266,7.304999828338623,7222,0.0,0.0,0.0
2024-01-05 00:00:00+01:00,7.2870001792907715,7.309000015258789,7.13700008392334,7.249000072479248,8612,0.0,0.0,0.0
2024-01-08 00:00:00+01:00,7.306000232696533,7.307000160217285,7.177999973297119,7.307000160217285,3327,0.0,0.0,0.0
2024-01-09 00:00:00+01:00,7.488999843597412,7.559999942779541,7.4670000076293945,7.559999942779541,14940,0.0,0.0,0.0
2024-01-10 00:00:00+01:00,7.553999900817871,7.553999900817871,7.39300012588501,7.413000106811523,8260,0.0,0.0,0.0
2024-01-11 00:00:00+01:00,7.448999881744385,7.5329999923706055,7.318999767303467,7.318999767303467,1076,0.0,0.0,0.0
2024-01-12 00:00:00+01:00,7.3470001220703125,7.460999965667725,7.329999923706055,7.329999923706055,4135,0.0,0.0,0.0
2024-01-15 00:00:00+01:00,7.300000190734863,7.306000232696533,7.295000076293945,7.300000190734863,778,0.0,0.0,0.0
2024-01-16 00:00:00+01:00,7.269000053405762,7.315999984741211,7.224999904632568,7.224999904632568,2483,0.0,0.0,0.0
2024-01-17 00:00:00+01:00,7.204999923706055,7.204999923706055,7.0920000076293945,7.0970001220703125,2048,0.0,0.0,0.0
2024-01-18 00:00:00+01:00,7.064000129699707,7.151000022888184,6.913000106811523,6.913000106811523,1001,0.0,0.0,0.0
2024-01-19 00:00:00+01:00,7.033999919891357,7.050000190734863,6.968999862670898,7.002999782562256,4401,0.0,0.0,0.0
2024-01-22 00:00:00+01:00,7.0320000648498535,7.198999881744385,7.0320000648498535,7.107999801635742,2352,0.0,0.0,0.0
2024-01-23 00:00:00+01:00,7.156000137329102,7.238999843597412,7.119999885559082,7.119999885559082,7045,0.0,0.0,0.0
2024-01-24 00:00:00+01:00,7.241000175476074,7.296000003814697,7.185999870300293,7.185999870300293,1070,0.0,0.0,0.0
2024-01-25 00:00:00+01:00,7.105999946594238,7.190999984741211,7.105000019073486,7.190999984741211,1638,0.0,0.0,0.0
2024-01-26 00:00:00+01:00,7.150000095367432,7.1539998054504395,7.140999794006348,7.140999794006348,973,0.0,0.0,0.0
2024-01-29 00:00:00+01:00,7.09499979019165,7.204999923706055,7.063000202178955,7.204999923706055,4088,0.0,0.0,0.0
2024-01-30 00:00:00+01:00,7.309000015258789,7.309000015258789,7.170000076293945,7.205999851226807,1418,0.0,0.0,0.0
2024-01-31 00:00:00+01:00,7.186999797821045,7.186999797821045,7.090000152587891,7.090000152587891,212,0.0,0.0,0.0
2024-02-01 00:00:00+01:00,7.067999839782715,7.067999839782715,6.992000102996826,6.992000102996826,22,0.0,0.0,0.0
2024-02-02 00:00:00+01:00,7.125999927520752,7.125999927520752,6.946000099182129,6.989999771118164,7858,0.0,0.0,0.0
2024-02-05 00:00:00+01:00,7.0329999923706055,7.060999870300293,7.031000137329102,7.031000137329102,62,0.0,0.0,0.0
2024-02-06 00:00:00+01:00,7.125,7.26800012588501,7.119999885559082,7.26800012588501,4983,0.0,0.0,0.0
2024-02-07 00:00:00+01:00,7.302999973297119,7.302999973297119,7.184999942779541,7.209000110626221,2594,0.0,0.0,0.0
2024-02-08 00:00:00+01:00,7.175000190734863,7.25,7.1570000648498535,7.236999988555908,373,0.0,0.0,0.0
2024-02-09 00:00:00+01:00,7.260000228881836,7.3420000076293945,7.260000228881836,7.300000190734863,1476,0.0,0.0,0.0
2024-02-12 00:00:00+01:00,7.323999881744385,7.465000152587891,7.307000160217285,7.465000152587891,2519,0.0,0.0,0.0
2024-02-13 00:00:00+01:00,7.480999946594238,7.514999866485596,7.269000053405762,7.269000053405762,4353,0.0,0.0,0.0
2024-02-14 00:00:00+01:00,7.203000068664551,7.335000038146973,7.203000068664551,7.335000038146973,1872,0.0,0.0,0.0
2024-02-15 00:00:00+01:00,7.416999816894531,7.510000228881836,7.388000011444092,7.433000087738037,6136,0.0,0.0,0.0
2024-02-16 00:00:00+01:00,7.488999843597412,7.535999774932861,7.484000205993652,7.5,1706,0.0,0.0,0.0
2024-02-19 00:00:00+01:00,7.449999809265137,7.464000225067139,7.449999809265137,7.464000225067139,260,0.0,0.0,0.0
2024-02-20 00:00:00+01:00,7.428999900817871,7.432000160217285,7.331999778747559,7.331999778747559,5120,0.0,0.0,0.0
2024-02-21 00:00:00+01:00,7.395999908447266,7.395999908447266,7.25,7.288000106811523,3078,0.0,0.0,0.0
2024-02-22 00:00:00+01:00,7.355000019073486,7.448999881744385,7.355000019073486,7.448999881744385,12,0.0,0.0,0.0
2024-02-23 00:00:00+01:00,7.501999855041504,7.501999855041504,7.459000110626221,7.4720001220703125,1049,0.0,0.0,0.0
2024-02-26 00:00:00+01:00,7.550000190734863,7.593999862670898,7.419000148773193,7.5329999923706055,2070,0.0,0.0,0.0
2024-02-27 00:00:00+01:00,7.546999931335449,7.840000152587891,7.546999931335449,7.840000152587891,12156,0.0,0.0,0.0
2024-02-28 00:00:00+01:00,7.855000019073486,8.017000198364258,7.855000019073486,7.958000183105469,6420,0.0,0.0,0.0
2024-02-29 00:00:00+01:00,7.992000102996826,8.039999961853027,7.940000057220459,7.940000057220459,2100,0.0,0.0,0.0
2024-03-01 00:00:00+01:00,7.8470001220703125,8.131999969482422,7.823999881744385,8.064000129699707,6410,0.0,0.0,0.0
2024-03-04 00:00:00+01:00,8.079999923706055,8.079999923706055,7.788000106811523,7.788000106811523,2839,0.0,0.0,0.0
2024-03-05 00:00:00+01:00,7.830999851226807,7.864999771118164,7.72599983215332,7.748000144958496,11784,0.0,0.0,0.0
2024-03-06 00:00:00+01:00,7.776000022888184,7.776000022888184,7.71999979019165,7.730000019073486,4501,0.0,0.0,0.0
2024-03-07 00:00:00+01:00,7.659999847412109,7.710000038146973,7.659999847412109,7.684000015258789,905,0.0,0.0,0.0
2024-03-08 00:00:00+01:00,7.681000232696533,7.854000091552734,7.678999900817871,7.7220001220703125,2287,0.0,0.0,0.0
2024-03-11 00:00:00+01:00,7.730999946594238,7.758999824523926,7.670000076293945,7.710000038146973,549,0.0,0.0,0.0
2024-03-12 00:00:00+01:00,7.6529998779296875,7.664000034332275,7.499000072479248,7.499000072479248,2612,0.0,0.0,0.0
2024-03-13 00:00:00+01:00,7.495999813079834,7.590000152587891,7.495999813079834,7.539999961853027,1974,0.0,0.0,0.0
2024-03-14 00:00:00+01:00,7.571000099182129,7.60699987411499,7.388000011444092,7.388000011444092,821,0.0,0.0,0.0
2024-03-15 00:00:00+01:00,7.376999855041504,7.409999847412109,7.36899995803833,7.409999847412109,3577,0.0,0.0,0.0
2024-03-18 00:00:00+01:00,7.414999961853027,7.440999984741211,7.3420000076293945,7.418000221252441,1424,0.0,0.0,0.0
2024-03-19 00:00:00+01:00,7.35699987411499,7.39900016784668,7.3379998207092285,7.388999938964844,635,0.0,0.0,0.0
2024-03-20 00:00:00+01:00,7.372000217437744,7.419000148773193,7.302999973297119,7.306000232696533,705,0.0,0.0,0.0
2024-03-21 00:00:00+01:00,7.433000087738037,7.458000183105469,7.433000087738037,7.458000183105469,800,0.0,0.0,0.0
2024-03-22 00:00:00+01:00,7.453999996185303,7.453999996185303,7.363999843597412,7.376999855041504,4206,0.0,0.0,0.0
2024-03-25 00:00:00+01:00,7.448999881744385,7.448999881744385,7.300000190734863,7.316999912261963,1069,0.0,0.0,0.0
2024-03-26 00:00:00+01:00,7.35099983215332,7.36299991607666,7.317999839782715,7.317999839782715,140,0.0,0.0,0.0
2024-03-27 00:00:00+01:00,7.321000099182129,7.413000106811523,7.300000190734863,7.413000106811523,255,0.0,0.0,0.0
2024-03-28 00:00:00+01:00,7.459000110626221,7.484000205993652,7.449999809265137,7.4720001220703125,3186,0.0,0.0,0.0
2024-04-02 00:00:00+02:00,7.501999855041504,7.501999855041504,7.190000057220459,7.214000225067139,11812,0.0,0.0,0.0
2024-04-03 00:00:00+02:00,7.224999904632568,7.224999904632568,7.11899995803833,7.11899995803833,46,0.0,0.0,0.0
2024-04-04 00:00:00+02:00,7.11899995803833,7.195000171661377,7.116000175476074,7.169000148773193,142,0.0,0.0,0.0
2024-04-05 00:00:00+02:00,7.081999778747559,7.093999862670898,7.0,7.052999973297119,1374,0.0,0.0,0.0
2024-04-08 00:00:00+02:00,7.031000137329102,7.078000068664551,7.031000137329102,7.067999839782715,922,0.0,0.0,0.0
2024-04-09 00:00:00+02:00,6.949999809265137,7.179999828338623,6.949999809265137,7.179999828338623,0,0.0,0.0,0.0
2024-04-10 00:00:00+02:00,7.264999866485596,7.2729997634887695,7.103000164031982,7.114999771118164,3170,0.0,0.0,0.0
2024-04-11 00:00:00+02:00,7.013000011444092,7.131999969482422,7.013000011444092,7.0929999351501465,1227,0.0,0.0,0.0
2024-04-12 00:00:00+02:00,7.400000095367432,7.400000095367432,7.111000061035156,7.111000061035156,1064,0.0,0.0,0.0
2024-04-15 00:00:00+02:00,7.111000061035156,7.111000061035156,6.816999912261963,6.876999855041504,5034,0.0,0.0,0.0
2024-04-16 00:00:00+02:00,6.7769999504089355,6.7769999504089355,6.6479997634887695,6.693999767303467,156,0.0,0.0,0.0
2024-04-17 00:00:00+02:00,6.693999767303467,6.693999767303467,6.578999996185303,6.578999996185303,2537,0.0,0.0,0.0
2024-04-18 00:00:00+02:00,6.548999786376953,6.548999786376953,6.49399995803833,6.521999835968018,2442,0.0,0.0,0.0
2024-04-19 00:00:00+02:00,6.429999828338623,6.492000102996826,6.420000076293945,6.420000076293945,7481,0.0,0.0,0.0
2024-04-22 00:00:00+02:00,6.199999809265137,6.464000225067139,6.199999809265137,6.464000225067139,40,0.0,0.0,0.0
2024-04-23 00:00:00+02:00,6.561999797821045,6.7230000495910645,6.561999797821045,6.688000202178955,4981,0.0,0.0,0.0
2024-04-24 00:00:00+02:00,6.580999851226807,6.599999904632568,6.550000190734863,6.572999954223633,317,0.0,0.0,0.0
2024-04-25 00:00:00+02:00,6.565000057220459,6.5929999351501465,6.323999881744385,6.323999881744385,1418,0.0,0.0,0.0
2024-04-26 00:00:00+02:00,6.26200008392334,6.48199987411499,6.26200008392334,6.449999809265137,1151,0.0,0.0,0.0
2024-04-29 00:00:00+02:00,6.4679999351501465,6.61299991607666,6.4679999351501465,6.61299991607666,250,0.0,0.0,0.0
2024-04-30 00:00:00+02:00,6.583000183105469,6.590000152587891,6.572999954223633,6.572999954223633,1341,0.0,0.0,0.0
2024-05-02 00:00:00+02:00,6.677000045776367,6.754000186920166,6.677000045776367,6.754000186920166,136,0.0,0.0,0.0
2024-05-03 00:00:00+02:00,6.788000106811523,6.9670000076293945,6.749000072479248,6.835000038146973,2887,0.0,0.0,0.0
2024-05-06 00:00:00+02:00,6.882999897003174,6.882999897003174,6.820000171661377,6.820000171661377,167,0.0,0.0,0.0
2024-05-07 00:00:00+02:00,6.8520002365112305,6.883999824523926,6.836999893188477,6.836999893188477,960,0.0,0.0,0.0
2024-05-08 00:00:00+02:00,6.821000099182129,6.834000110626221,6.789000034332275,6.789000034332275,661,0.0,0.0,0.0
2024-05-09 00:00:00+02:00,6.76800012588501,6.795000076293945,6.76800012588501,6.795000076293945,0,0.0,0.0,0.0
2024-05-10 00:00:00+02:00,6.7829999923706055,6.965000152587891,6.7829999923706055,6.85099983215332,2450,0.0,0.0,0.0
2024-05-13 00:00:00+02:00,6.8480000495910645,7.031000137329102,6.829999923706055,6.941999912261963,3224,0.0,0.0,0.0
2024-05-14 00:00:00+02:00,6.9730000495910645,7.063000202178955,6.949999809265137,7.063000202178955,77,0.0,0.0,0.0
2024-05-15 00:00:00+02:00,7.013000011444092,7.119999885559082,7.013000011444092,7.109000205993652,5388,0.0,0.0,0.0
2024-05-16 00:00:00+02:00,7.013000011444092,7.133999824523926,7.013000011444092,7.067999839782715,741,0.0,0.0,0.0
2024-05-17 00:00:00+02:00,7.013000011444092,7.103000164031982,7.013000011444092,7.051000118255615,1066,0.0,0.0,0.0
2024-05-20 00:00:00+02:00,7.021999835968018,7.044000148773193,7.020999908447266,7.044000148773193,1626,0.0,0.0,0.0
2024-05-21 00:00:00+02:00,7.01800012588501,7.01800012588501,6.961999893188477,6.961999893188477,1826,0.0,0.0,0.0
2024-05-22 00:00:00+02:00,6.927999973297119,7.089000225067139,6.927999973297119,7.089000225067139,0,0.0,0.0,0.0
2024-05-23 00:00:00+02:00,7.054999828338623,7.079999923706055,6.929999828338623,6.9679999351501465,2705,0.0,0.0,0.0
2024-05-24 00:00:00+02:00,6.888999938964844,6.947000026702881,6.879000186920166,6.909999847412109,927,0.0,0.0,0.0
2024-05-27 00:00:00+02:00,6.947000026702881,6.947000026702881,6.835000038146973,6.882999897003174,489,0.0,0.0,0.0
2024-05-28 00:00:00+02:00,6.882999897003174,6.882999897003174,6.736999988555908,6.736999988555908,6635,0.0,0.0,0.0
2024-05-29 00:00:00+02:00,6.755000114440918,6.755000114440918,6.5920000076293945,6.609000205993652,669,0.0,0.0,0.0
2024-05-30 00:00:00+02:00,6.755000114440918,6.755000114440918,6.598999977111816,6.603000164031982,4121,0.0,0.0,0.0
2024-05-31 00:00:00+02:00,6.755000114440918,6.755000114440918,6.638000011444092,6.685999870300293,3229,0.0,0.0,0.0
2024-06-03 00:00:00+02:00,6.669000148773193,6.750999927520752,6.636000156402588,6.728000164031982,4663,0.0,0.0,0.0
2024-06-04 00:00:00+02:00,6.755000114440918,6.755000114440918,6.688000202178955,6.690999984741211,1963,0.0,0.0,0.0
2024-06-05 00:00:00+02:00,6.755000114440918,6.836999893188477,6.701000213623047,6.836999893188477,835,0.0,0.0,0.0
2024-06-06 00:00:00+02:00,6.755000114440918,6.86899995803833,6.755000114440918,6.855999946594238,0,0.0,0.0,0.0
2024-06-07 00:00:00+02:00,6.755000114440918,6.843999862670898,6.755000114440918,6.843999862670898,4022,0.0,0.0,0.0
2024-06-10 00:00:00+02:00,6.755000114440918,6.841000080108643,6.735000133514404,6.788000106811523,1863,0.0,0.0,0.0
2024-06-11 00:00:00+02:00,6.828999996185303,6.867000102996826,6.789999961853027,6.798999786376953,1111,0.0,0.0,0.0
2024-06-12 00:00:00+02:00,6.936999797821045,7.080999851226807,6.895999908447266,7.080999851226807,0,0.0,0.0,0.0
2024-06-13 00:00:00+02:00,6.953999996185303,7.123000144958496,6.953999996185303,7.067999839782715,14900,0.0,0.0,0.0
2024-06-14 00:00:00+02:00,7.051000118255615,7.051000118255615,6.941999912261963,6.941999912261963,0,0.0,0.0,0.0
2024-06-17 00:00:00+02:00,6.914000034332275,6.925000190734863,6.811999797821045,6.811999797821045,8238,0.0,0.0,0.0
2024-06-18 00:00:00+02:00,6.815999984741211,6.833000183105469,6.749000072479248,6.749000072479248,145,0.0,0.0,0.0
2024-06-19 00:00:00+02:00,6.710000038146973,6.710000038146973,6.639999866485596,6.688000202178955,6703,0.0,0.0,0.0
2024-06-20 00:00:00+02:00,6.664000034332275,6.708000183105469,6.622000217437744,6.651000022888184,309,0.0,0.0,0.0
2024-06-21 00:00:00+02:00,6.808000087738037,6.901000022888184,6.808000087738037,6.861999988555908,10253,0.0,0.0,0.0
2024-06-24 00:00:00+02:00,6.85699987411499,7.1479997634887695,6.85699987411499,7.1479997634887695,2048,0.0,0.0,0.0
2024-06-25 00:00:00+02:00,7.1479997634887695,7.1479997634887695,7.050000190734863,7.1020002365112305,3593,0.0,0.0,0.0
2024-06-26 00:00:00+02:00,7.067999839782715,7.071000099182129,6.982999801635742,6.982999801635742,6018,0.0,0.0,0.0
2024-06-27 00:00:00+02:00,6.960000038146973,6.960000038146973,6.932000160217285,6.932000160217285,642,0.0,0.0,0.0
2024-06-28 00:00:00+02:00,6.9720001220703125,6.97599983215332,6.874000072479248,6.874000072479248,642,0.0,0.0,0.0
2024-07-01 00:00:00+02:00,6.876999855041504,6.960000038146973,6.859000205993652,6.859000205993652,952,0.0,0.0,0.0
2024-07-02 00:00:00+02:00,6.813000202178955,6.8379998207092285,6.802999973297119,6.831999778747559,6569,0.0,0.0,0.0
2024-07-03 00:00:00+02:00,6.7779998779296875,6.781000137329102,6.724999904632568,6.745999813079834,6342,0.0,0.0,0.0
2024-07-04 00:00:00+02:00,6.743000030517578,6.77400016784668,6.742000102996826,6.742000102996826,500,0.0,0.0,0.0
2024-07-05 00:00:00+02:00,6.738999843597412,6.754000186920166,6.644999980926514,6.709000110626221,2779,0.0,0.0,0.0
2024-07-08 00:00:00+02:00,6.75600004196167,6.793000221252441,6.75600004196167,6.793000221252441,1981,0.0,0.0,0.0
2024-07-09 00:00:00+02:00,6.822000026702881,6.833000183105469,6.761000156402588,6.761000156402588,1503,0.0,0.0,0.0
2024-07-10 00:00:00+02:00,6.797999858856201,6.870999813079834,6.797999858856201,6.863999843597412,4950,0.0,0.0,0.0
2024-07-11 00:00:00+02:00,6.935999870300293,7.177000045776367,6.90500020980835,7.177000045776367,9449,0.0,0.0,0.0
2024-07-12 00:00:00+02:00,7.263000011444092,7.315000057220459,7.202000141143799,7.232999801635742,4013,0.0,0.0,0.0
2024-07-15 00:00:00+02:00,7.314000129699707,7.413000106811523,7.314000129699707,7.348999977111816,18765,0.0,0.0,0.0
2024-07-16 00:00:00+02:00,7.364999771118164,7.580999851226807,7.349999904632568,7.547999858856201,2382,0.0,0.0,0.0
2024-07-17 00:00:00+02:00,7.566999912261963,7.570000171661377,7.449999809265137,7.449999809265137,6157,0.0,0.0,0.0
2024-07-18 00:00:00+02:00,7.499000072479248,7.543000221252441,7.355999946594238,7.355999946594238,1685,0.0,0.0,0.0
2024-07-19 00:00:00+02:00,7.257999897003174,7.300000190734863,7.2230000495910645,7.2230000495910645,4826,0.0,0.0,0.0
2024-07-22 00:00:00+02:00,7.254000186920166,7.300000190734863,7.254000186920166,7.297999858856201,2000,0.0,0.0,0.0
2024-07-23 00:00:00+02:00,7.258999824523926,7.544000148773193,7.258999824523926,7.5269999504089355,3522,0.0,0.0,0.0
2024-07-24 00:00:00+02:00,7.468999862670898,7.531000137329102,7.468999862670898,7.49399995803833,3984,0.0,0.0,0.0
2024-07-25 00:00:00+02:00,7.49399995803833,7.620999813079834,7.460000038146973,7.607999801635742,5253,0.0,0.0,0.0
2024-07-26 00:00:00+02:00,7.624000072479248,7.684999942779541,7.5960001945495605,7.5960001945495605,1771,0.0,0.0,0.0
2024-07-29 00:00:00+02:00,7.65500020980835,7.672999858856201,7.538000106811523,7.538000106811523,3559,0.0,0.0,0.0
2024-07-30 00:00:00+02:00,7.584000110626221,7.664000034332275,7.561999797821045,7.571000099182129,2286,0.0,0.0,0.0
2024-07-31 00:00:00+02:00,7.5920000076293945,7.622000217437744,7.546999931335449,7.61299991607666,1556,0.0,0.0,0.0
2024-08-01 00:00:00+02:00,7.64900016784668,7.64900016784668,7.47599983215332,7.47599983215332,851,0.0,0.0,0.0
2024-08-02 00:00:00+02:00,7.363999843597412,7.363999843597412,7.046999931335449,7.063000202178955,6291,0.0,0.0,0.0
2024-08-05 00:00:00+02:00,7.063000202178955,7.063000202178955,6.815000057220459,6.913000106811523,6843,0.0,0.0,0.0
2024-08-06 00:00:00+02:00,7.0970001220703125,7.0970001220703125,7.014999866485596,7.061999797821045,12224,0.0,0.0,0.0
2024-08-07 00:00:00+02:00,7.061999797821045,7.218999862670898,7.061999797821045,7.183000087738037,9328,0.0,0.0,0.0
2024-08-08 00:00:00+02:00,6.958000183105469,7.105000019073486,6.9120001792907715,7.105000019073486,1510,0.0,0.0,0.0
2024-08-09 00:00:00+02:00,7.170000076293945,7.215000152587891,7.170000076293945,7.176000118255615,1724,0.0,0.0,0.0
2024-08-12 00:00:00+02:00,7.230000019073486,7.230000019073486,7.074999809265137,7.074999809265137,800,0.0,0.0,0.0
2024-08-13 00:00:00+02:00,7.131999969482422,7.163000106811523,7.099999904632568,7.163000106811523,200,0.0,0.0,0.0
2024-08-14 00:00:00+02:00,7.173999786376953,7.173999786376953,7.052999973297119,7.052999973297119,1156,0.0,0.0,0.0
2024-08-15 00:00:00+02:00,7.0329999923706055,7.235000133514404,7.019999980926514,7.235000133514404,0,0.0,0.0,0.0
2024-08-16 00:00:00+02:00,7.230000019073486,7.261000156402588,7.191999912261963,7.210000038146973,2479,0.0,0.0,0.0
2024-08-19 00:00:00+02:00,7.25600004196167,7.343999862670898,7.25600004196167,7.343999862670898,3144,0.0,0.0,0.0
2024-08-20 00:00:00+02:00,7.375999927520752,7.375999927520752,7.290999889373779,7.290999889373779,1659,0.0,0.0,0.0
2024-08-21 00:00:00+02:00,7.275000095367432,7.320000171661377,7.275000095367432,7.320000171661377,27,0.0,0.0,0.0
2024-08-22 00:00:00+02:00,7.35099983215332,7.389999866485596,7.281000137329102,7.281000137329102,512,0.0,0.0,0.0
2024-08-23 00:00:00+02:00,7.248000144958496,7.298999786376953,7.239999771118164,7.298999786376953,1302,0.0,0.0,0.0
2024-08-26 00:00:00+02:00,7.271999835968018,7.317999839782715,7.251999855041504,7.251999855041504,6572,0.0,0.0,0.0
2024-08-27 00:00:00+02:00,7.251999855041504,7.270999908447266,7.15500020980835,7.15500020980835,709,0.0,0.0,0.0
2024-08-28 00:00:00+02:00,7.25,7.276000022888184,7.191999912261963,7.191999912261963,5050,0.0,0.0,0.0
2024-08-29 00:00:00+02:00,7.309999942779541,7.3520002365112305,7.23799991607666,7.3520002365112305,160,0.0,0.0,0.0
2024-08-30 00:00:00+02:00,7.309999942779541,7.309999942779541,7.218999862670898,7.218999862670898,1513,0.0,0.0,0.0
2024-09-02 00:00:00+02:00,7.25,7.25,7.229000091552734,7.23799991607666,1406,0.0,0.0,0.0
2024-09-03 00:00:00+02:00,7.239999771118164,7.275000095367432,7.1570000648498535,7.163000106811523,232,0.0,0.0,0.0
2024-09-04 00:00:00+02:00,7.025000095367432,7.025000095367432,6.982999801635742,7.013000011444092,580,0.0,0.0,0.0
2024-09-05 00:00:00+02:00,6.9629998207092285,6.9629998207092285,6.854000091552734,6.914999961853027,3000,0.0,0.0,0.0
2024-09-06 00:00:00+02:00,6.927000045776367,6.992000102996826,6.783999919891357,6.783999919891357,1082,0.0,0.0,0.0
2024-09-09 00:00:00+02:00,6.675000190734863,6.9019999504089355,6.675000190734863,6.9019999504089355,69,0.0,0.0,0.0
2024-09-10 00:00:00+02:00,6.916999816894531,6.958000183105469,6.916999816894531,6.958000183105469,779,0.0,0.0,0.0
2024-09-11 00:00:00+02:00,6.945000171661377,6.965000152587891,6.921999931335449,6.965000152587891,6909,0.0,0.0,0.0
2024-09-12 00:00:00+02:00,7.050000190734863,7.050000190734863,6.985000133514404,6.985000133514404,550,0.0,0.0,0.0
2024-09-13 00:00:00+02:00,7.0269999504089355,7.1519999504089355,7.0229997634887695,7.1519999504089355,800,0.0,0.0,0.0
2024-09-16 00:00:00+02:00,7.185999870300293,7.230000019073486,7.10099983215332,7.1570000648498535,3114,0.0,0.0,0.0
2024-09-17 00:00:00+02:00,7.170000076293945,7.311999797821045,7.170000076293945,7.311999797821045,549,0.0,0.0,0.0
2024-09-18 00:00:00+02:00,7.232999801635742,7.232999801635742,7.230000019073486,7.230000019073486,0,0.0,0.0,0.0
2024-09-19 00:00:00+02:00,7.301000118255615,7.3979997634887695,7.301000118255615,7.3979997634887695,5349,0.0,0.0,0.0
2024-09-20 00:00:00+02:00,7.264999866485596,7.302000045776367,7.140999794006348,7.140999794006348,500,0.0,0.0,0.0
2024-09-23 00:00:00+02:00,7.059999942779541,7.183000087738037,7.059999942779541,7.076000213623047,234,0.0,0.0,0.0
2024-09-24 00:00:00+02:00,7.059999942779541,7.059999942779541,7.007999897003174,7.011000156402588,968,0.0,0.0,0.0
2024-09-25 00:00:00+02:00,7.059999942779541,7.059999942779541,6.947000026702881,6.947000026702881,105,0.0,0.0,0.0
2024-09-26 00:00:00+02:00,7.0,7.0,6.920000076293945,6.936999797821045,779,0.0,0.0,0.0
2024-09-27 00:00:00+02:00,7.006999969482422,7.090000152587891,6.993000030517578,7.090000152587891,3722,0.0,0.0,0.0
2024-09-30 00:00:00+02:00,7.064000129699707,7.11299991607666,7.008999824523926,7.11299991607666,1025,0.0,0.0,0.0
2024-10-01 00:00:00+02:00,7.139999866485596,7.1570000648498535,7.011000156402588,7.011000156402588,62,0.0,0.0,0.0
2024-10-02 00:00:00+02:00,7.061999797821045,7.0970001220703125,6.991000175476074,7.0970001220703125,1144,0.0,0.0,0.0
2024-10-03 00:00:00+02:00,7.063000202178955,7.063000202178955,7.0,7.0,0,0.0,0.0,0.0
2024-10-04 00:00:00+02:00,6.9770002365112305,7.105000019073486,6.9770002365112305,7.065000057220459,131,0.0,0.0,0.0
2024-10-07 00:00:00+02:00,7.065000057220459,7.065000057220459,7.007999897003174,7.007999897003174,569,0.0,0.0,0.0
2024-10-08 00:00:00+02:00,6.994999885559082,7.03000020980835,6.994999885559082,7.03000020980835,10,0.0,0.0,0.0
2024-10-09 00:00:00+02:00,7.007999897003174,7.007999897003174,6.98199987411499,6.98199987411499,193,0.0,0.0,0.0
2024-10-10 00:00:00+02:00,6.985000133514404,6.985000133514404,6.875,6.920000076293945,2675,0.0,0.0,0.0
2024-10-11 00:00:00+02:00,6.879000186920166,7.03000020980835,6.876999855041504,7.03000020980835,8285,0.0,0.0,0.0
2024-10-14 00:00:00+02:00,7.090000152587891,7.131999969482422,7.059000015258789,7.131999969482422,7316,0.0,0.0,0.0
2024-10-15 00:00:00+02:00,7.189000129699707,7.317999839782715,7.132999897003174,7.132999897003174,700,0.0,0.0,0.0
2024-10-16 00:00:00+02:00,7.159999847412109,7.196000099182129,7.126999855041504,7.178999900817871,3285,0.0,0.0,0.0
2024-10-17 00:00:00+02:00,7.059999942779541,7.243000030517578,7.059999942779541,7.150000095367432,589,0.0,0.0,0.0
2024-10-18 00:00:00+02:00,7.059999942779541,7.122000217437744,7.059999942779541,7.10099983215332,427,0.0,0.0,0.0
2024-10-21 00:00:00+02:00,7.059999942779541,7.150000095367432,6.986000061035156,6.986000061035156,901,0.0,0.0,0.0
2024-10-22 00:00:00+02:00,6.995999813079834,7.017000198364258,6.9679999351501465,6.999000072479248,863,0.0,0.0,0.0
2024-10-23 00:00:00+02:00,7.0320000648498535,7.074999809265137,6.973999977111816,6.973999977111816,13148,0.0,0.0,0.0
2024-10-24 00:00:00+02:00,6.974999904632568,7.014999866485596,6.921999931335449,6.921999931335449,10721,0.0,0.0,0.0
2024-10-25 00:00:00+02:00,6.90500020980835,6.961999893188477,6.90500020980835,6.933000087738037,48611,0.0,0.0,0.0
2024-10-28 00:00:00+01:00,7.099999904632568,7.099999904632568,6.901000022888184,6.980000019073486,94475,0.0,0.0,0.0
2024-10-29 00:00:00+01:00,7.0980000495910645,7.0980000495910645,6.934000015258789,6.934000015258789,37151,0.0,0.0,0.0
2024-10-30 00:00:00+01:00,6.964000225067139,6.982999801635742,6.927999973297119,6.934999942779541,39179,0.0,0.0,0.0
2024-10-31 00:00:00+01:00,6.8979997634887695,6.914000034332275,6.7779998779296875,6.818999767303467,38066,0.0,0.0,0.0
2024-11-01 00:00:00+01:00,6.7829999923706055,6.826000213623047,6.754000186920166,6.826000213623047,11367,0.0,0.0,0.0
2024-11-04 00:00:00+01:00,7.0,7.0,6.76200008392334,6.901000022888184,25507,0.0,0.0,0.0
2024-11-05 00:00:00+01:00,6.999000072479248,6.999000072479248,6.800000190734863,6.918000221252441,8398,0.0,0.0,0.0
2024-11-06 00:00:00+01:00,7.271999835968018,7.271999835968018,7.057000160217285,7.057000160217285,10596,0.0,0.0,0.0
2024-11-07 00:00:00+01:00,7.140999794006348,7.197999954223633,7.111999988555908,7.126999855041504,5226,0.0,0.0,0.0
2024-11-08 00:00:00+01:00,7.249000072479248,7.249000072479248,7.078000068664551,7.081999778747559,19893,0.0,0.0,0.0
2024-11-11 00:00:00+01:00,7.191999912261963,7.373000144958496,7.179999828338623,7.373000144958496,11516,0.0,0.0,0.0
2024-11-12 00:00:00+01:00,7.258999824523926,7.27400016784668,7.122000217437744,7.159999847412109,16969,0.0,0.0,0.0
2024-11-13 00:00:00+01:00,7.159999847412109,7.2270002365112305,7.107999801635742,7.224999904632568,4078,0.0,0.0,0.0
2024-11-14 00:00:00+01:00,7.120999813079834,7.150000095367432,7.025000095367432,7.0289998054504395,3985,0.0,0.0,0.0
2024-11-15 00:00:00+01:00,7.010000228881836,7.010000228881836,6.519999980926514,6.559000015258789,12355,0.0,0.0,0.0
2024-11-18 00:00:00+01:00,6.521999835968018,6.567999839782715,6.451000213623047,6.458000183105469,18147,0.0,0.0,0.0
2024-11-19 00:00:00+01:00,6.438000202178955,6.480999946594238,6.395999908447266,6.480999946594238,7354,0.0,0.0,0.0
2024-11-20 00:00:00+01:00,6.560999870300293,6.610000133514404,6.492000102996826,6.578000068664551,4793,0.0,0.0,0.0
2024-11-21 00:00:00+01:00,6.570000171661377,6.651000022888184,6.561999797821045,6.625,8675,0.0,0.0,0.0
2024-11-22 00:00:00+01:00,6.633999824523926,6.813000202178955,6.633999824523926,6.813000202178955,6165,0.0,0.0,0.0
2024-11-25 00:00:00+01:00,6.872000217437744,7.034999847412109,6.849999904632568,7.015999794006348,3226,0.0,0.0,0.0
2024-11-26 00:00:00+01:00,7.011000156402588,7.083000183105469,6.989999771118164,7.072999954223633,8908,0.0,0.0,0.0
2024-11-27 00:00:00+01:00,7.116000175476074,7.22599983215332,7.116000175476074,7.209000110626221,6384,0.0,0.0,0.0
2024-11-28 00:00:00+01:00,7.334000110626221,7.334000110626221,7.309999942779541,7.316999912261963,7455,0.0,0.0,0.0
2024-11-29 00:00:00+01:00,7.307000160217285,7.340000152587891,7.243000030517578,7.243000030517578,11634,0.0,0.0,0.0
2024-12-02 00:00:00+01:00,7.322000026702881,7.339000225067139,7.302999973297119,7.314000129699707,7156,0.0,0.0,0.0
2024-12-03 00:00:00+01:00,7.443999767303467,7.443999767303467,7.258999824523926,7.258999824523926,15753,0.0,0.0,0.0
2024-12-04 00:00:00+01:00,7.1529998779296875,7.24399995803833,7.1529998779296875,7.235000133514404,5367,0.0,0.0,0.0
2024-12-05 00:00:00+01:00,7.113999843597412,7.183000087738037,7.050000190734863,7.060999870300293,11242,0.0,0.0,0.0
2024-12-06 00:00:00+01:00,6.994999885559082,7.185999870300293,6.994999885559082,7.185999870300293,2712,0.0,0.0,0.0
2024-12-09 00:00:00+01:00,7.166999816894531,7.260000228881836,7.166999816894531,7.185999870300293,8580,0.0,0.0,0.0
2024-12-10 00:00:00+01:00,7.257999897003174,7.288000106811523,7.257999897003174,7.27400016784668,200,0.0,0.0,0.0
2024-12-11 00:00:00+01:00,7.23199987411499,7.247000217437744,7.168000221252441,7.168000221252441,4476,0.0,0.0,0.0
2024-12-12 00:00:00+01:00,7.138000011444092,7.140999794006348,7.065999984741211,7.076000213623047,1801,0.0,0.0,0.0
2024-12-13 00:00:00+01:00,7.013000011444092,7.050000190734863,6.885000228881836,6.894000053405762,2260,0.0,0.0,0.0
2024-12-16 00:00:00+01:00,6.916999816894531,7.011000156402588,6.894000053405762,6.980999946594238,14189,0.0,0.0,0.0
2024-12-17 00:00:00+01:00,6.925000190734863,6.945000171661377,6.88100004196167,6.88100004196167,6876,0.0,0.0,0.0
2024-12-18 00:00:00+01:00,6.892000198364258,6.960000038146973,6.870999813079834,6.890999794006348,3764,0.0,0.0,0.0
2024-12-19 00:00:00+01:00,6.63700008392334,6.650000095367432,6.510000228881836,6.568999767303467,1316,0.0,0.0,0.0
2024-12-20 00:00:00+01:00,6.550000190734863,6.684000015258789,6.514999866485596,6.684000015258789,4238,0.0,0.0,0.0
2024-12-23 00:00:00+01:00,6.685999870300293,6.807000160217285,6.640999794006348,6.640999794006348,10946,0.0,0.0,0.0
2024-12-27 00:00:00+01:00,6.747000217437744,6.747000217437744,6.664999961853027,6.664999961853027,3315,0.0,0.0,0.0
2024-12-30 00:00:00+01:00,6.611999988555908,6.668000221252441,6.5929999351501465,6.5929999351501465,2696,0.0,0.0,0.0
2025-01-02 00:00:00+01:00,6.676000118255615,6.795000076293945,6.6479997634887695,6.795000076293945,18053,0.0,0.0,0.0
2025-01-03 00:00:00+01:00,6.7870001792907715,6.826000213623047,6.755000114440918,6.816999912261963,7364,0.0,0.0,0.0
2025-01-06 00:00:00+01:00,6.840000152587891,6.922999858856201,6.840000152587891,6.922999858856201,3389,0.0,0.0,0.0
2025-01-07 00:00:00+01:00,6.906000137329102,7.098999977111816,6.869999885559082,6.98799991607666,3770,0.0,0.0,0.0
2025-01-08 00:00:00+01:00,7.073999881744385,7.111999988555908,7.051000118255615,7.059000015258789,2302,0.0,0.0,0.0
2025-01-09 00:00:00+01:00,7.051000118255615,7.057000160217285,7.034999847412109,7.034999847412109,2,0.0,0.0,0.0
2025-01-10 00:00:00+01:00,7.0229997634887695,7.0320000648498535,6.861999988555908,6.872000217437744,1656,0.0,0.0,0.0
2025-01-13 00:00:00+01:00,6.9070000648498535,6.9070000648498535,6.76200008392334,6.76800012588501,8870,0.0,0.0,0.0
2025-01-14 00:00:00+01:00,6.84499979019165,6.863999843597412,6.6529998779296875,6.6529998779296875,13139,0.0,0.0,0.0
2025-01-15 00:00:00+01:00,6.586999893188477,6.7270002365112305,6.574999809265137,6.638000011444092,9259,0.0,0.0,0.0
2025-01-16 00:00:00+01:00,6.64900016784668,6.690000057220459,6.5289998054504395,6.561999797821045,5456,0.0,0.0,0.0
2025-01-17 00:00:00+01:00,6.605999946594238,6.664000034332275,6.605999946594238,6.622000217437744,5712,0.0,0.0,0.0
2025-01-20 00:00:00+01:00,6.645999908447266,6.645999908447266,6.576000213623047,6.576000213623047,440,0.0,0.0,0.0
2025-01-21 00:00:00+01:00,6.5980000495910645,6.699999809265137,6.5980000495910645,6.699999809265137,928,0.0,0.0,0.0
2025-01-22 00:00:00+01:00,6.7779998779296875,6.86899995803833,6.7779998779296875,6.843999862670898,3748,0.0,0.0,0.0
2025-01-23 00:00:00+01:00,6.906000137329102,6.916999816894531,6.808000087738037,6.894999980926514,20679,0.0,0.0,0.0
2025-01-24 00:00:00+01:00,6.956999778747559,6.965000152587891,6.914000034332275,6.947000026702881,4213,0.0,0.0,0.0
2025-01-27 00:00:00+01:00,6.77400016784668,6.8979997634887695,6.77400016784668,6.839000225067139,5989,0.0,0.0,0.0
2025-01-28 00:00:00+01:00,6.874000072479248,6.900000095367432,6.795000076293945,6.817999839782715,11655,0.0,0.0,0.0
2025-01-29 00:00:00+01:00,6.864999771118164,6.920000076293945,6.835000038146973,6.861000061035156,8174,0.0,0.0,0.0
2025-01-30 00:00:00+01:00,6.855000019073486,6.958000183105469,6.8460001945495605,6.921999931335449,2913,0.0,0.0,0.0
2025-01-31 00:00:00+01:00,6.951000213623047,6.997000217437744,6.949999809265137,6.997000217437744,643,0.0,0.0,0.0
2025-02-03 00:00:00+01:00,6.802000045776367,6.888999938964844,6.800000190734863,6.880000114440918,2527,0.0,0.0,0.0
2025-02-04 00:00:00+01:00,6.808000087738037,6.841000080108643,6.789000034332275,6.813000202178955,1763,0.0,0.0,0.0
2025-02-05 00:00:00+01:00,6.758999824523926,6.940999984741211,6.730000019073486,6.940999984741211,11602,0.0,0.0,0.0
2025-02-06 00:00:00+01:00,6.986999988555908,7.013000011444092,6.931000232696533,6.931000232696533,10705,0.0,0.0,0.0
2025-02-07 00:00:00+01:00,6.855000019073486,6.888999938964844,6.730999946594238,6.730999946594238,17200,0.0,0.0,0.0
2025-02-10 00:00:00+01:00,6.769000053405762,6.783999919891357,6.590000152587891,6.603000164031982,8297,0.0,0.0,0.0
2025-02-11 00:00:00+01:00,6.6020002365112305,6.603000164031982,6.486000061035156,6.493000030517578,3616,0.0,0.0,0.0
2025-02-12 00:00:00+01:00,6.4679999351501465,6.5,6.428999900817871,6.428999900817871,2366,0.0,0.0,0.0
2025-02-13 00:00:00+01:00,6.486999988555908,6.5279998779296875,6.458000183105469,6.489999771118164,3913,0.0,0.0,0.0
2025-02-14 00:00:00+01:00,6.425000190734863,6.728000164031982,6.425000190734863,6.685999870300293,8037,0.0,0.0,0.0
2025-02-17 00:00:00+01:00,6.6579999923706055,6.704999923706055,6.6579999923706055,6.704999923706055,1691,0.0,0.0,0.0
2025-02-18 00:00:00+01:00,6.697999954223633,6.882999897003174,6.697999954223633,6.77400016784668,2379,0.0,0.0,0.0
2025-02-19 00:00:00+01:00,6.7779998779296875,6.909999847412109,6.7779998779296875,6.909999847412109,2939,0.0,0.0,0.0
2025-02-20 00:00:00+01:00,6.877999782562256,6.877999782562256,6.802999973297119,6.802999973297119,2574,0.0,0.0,0.0
2025-02-21 00:00:00+01:00,6.755000114440918,6.77400016784668,6.7179999351501465,6.72599983215332,23548,0.0,0.0,0.0
2025-02-24 00:00:00+01:00,6.642000198364258,6.673999786376953,6.5,6.563000202178955,1911,0.0,0.0,0.0
2025-02-25 00:00:00+01:00,6.505000114440918,6.515999794006348,6.263000011444092,6.263000011444092,2502,0.0,0.0,0.0
2025-02-26 00:00:00+01:00,6.310999870300293,6.427000045776367,6.310999870300293,6.421000003814697,5080,0.0,0.0,0.0
2025-02-27 00:00:00+01:00,6.364999771118164,6.427999973297119,6.360000133514404,6.415999889373779,9112,0.0,0.0,0.0
2025-02-28 00:00:00+01:00,6.2230000495910645,6.235000133514404,6.181000232696533,6.223999977111816,3736,0.0,0.0,0.0
2025-03-03 00:00:00+01:00,6.26200008392334,6.293000221252441,6.10699987411499,6.10699987411499,3022,0.0,0.0,0.0
2025-03-04 00:00:00+01:00,5.945000171661377,5.949999809265137,5.796999931335449,5.831999778747559,22611,0.0,0.0,0.0
2025-03-05 00:00:00+01:00,5.941999912261963,5.941999912261963,5.866000175476074,5.866000175476074,1412,0.0,0.0,0.0
2025-03-06 00:00:00+01:00,5.921999931335449,5.942999839782715,5.841000080108643,5.942999839782715,5682,0.0,0.0,0.0
2025-03-07 00:00:00+01:00,5.939000129699707,5.939000129699707,5.848999977111816,5.848999977111816,3131,0.0,0.0,0.0
2025-03-10 00:00:00+01:00,5.927999973297119,5.927999973297119,5.738999843597412,5.798999786376953,5338,0.0,0.0,0.0
2025-03-11 00:00:00+01:00,5.708000183105469,5.723999977111816,5.598999977111816,5.598999977111816,8649,0.0,0.0,0.0
2025-03-12 00:00:00+01:00,5.739999771118164,5.803999900817871,5.710000038146973,5.7769999504089355,12996,0.0,0.0,0.0
2025-03-13 00:00:00+01:00,5.77400016784668,5.793000221252441,5.7220001220703125,5.7220001220703125,2602,0.0,0.0,0.0
2025-03-14 00:00:00+01:00,5.7220001220703125,5.76800012588501,5.705999851226807,5.715000152587891,871,0.0,0.0,0.0
2025-03-17 00:00:00+01:00,5.677000045776367,5.736000061035156,5.677000045776367,5.71999979019165,12002,0.0,0.0,0.0
2025-03-18 00:00:00+01:00,5.76200008392334,5.76200008392334,5.63700008392334,5.651000022888184,4142,0.0,0.0,0.0
2025-03-19 00:00:00+01:00,5.618000030517578,5.685999870300293,5.610000133514404,5.671999931335449,2368,0.0,0.0,0.0
2025-03-20 00:00:00+01:00,5.723999977111816,5.744999885559082,5.6539998054504395,5.6539998054504395,1902,0.0,0.0,0.0
2025-03-21 00:00:00+01:00,5.618000030517578,5.697000026702881,5.617000102996826,5.65500020980835,1689,0.0,0.0,0.0
2025-03-24 00:00:00+01:00,5.730999946594238,5.822999954223633,5.730999946594238,5.801000118255615,2911,0.0,0.0,0.0
2025-03-25 00:00:00+01:00,5.795000076293945,5.818999767303467,5.705999851226807,5.705999851226807,1430,0.0,0.0,0.0
2025-03-26 00:00:00+01:00,5.690999984741211,5.703000068664551,5.563000202178955,5.568999767303467,10095,0.0,0.0,0.0
2025-03-27 00:00:00+01:00,5.560999870300293,5.5879998207092285,5.517000198364258,5.557000160217285,2540,0.0,0.0,0.0
2025-03-28 00:00:00+01:00,5.545000076293945,5.578000068664551,5.433000087738037,5.440000057220459,6390,0.0,0.0,0.0
2025-03-31 00:00:00+02:00,5.372000217437744,5.372000217437744,5.132999897003174,5.190000057220459,14581,0.0,0.0,0.0
2025-04-01 00:00:00+02:00,5.24399995803833,5.24399995803833,5.125,5.228000164031982,3727,0.0,0.0,0.0
2025-04-02 00:00:00+02:00,5.046000003814697,5.184000015258789,5.0269999504089355,5.184000015258789,4926,0.0,0.0,0.0
2025-04-03 00:00:00+02:00,5.190000057220459,5.190000057220459,4.859000205993652,4.916999816894531,6019,0.0,0.0,0.0
2025-04-04 00:00:00+02:00,4.895500183105469,4.895500183105469,4.750999927520752,4.881499767303467,4082,0.0,0.0,0.0
2025-04-07 00:00:00+02:00,4.445499897003174,4.583499908447266,4.393499851226807,4.583499908447266,9411,0.0,0.0,0.0
2025-04-08 00:00:00+02:00,4.75,4.838500022888184,4.685999870300293,4.685999870300293,254,0.0,0.0,0.0
2025-04-09 00:00:00+02:00,4.321499824523926,4.417500019073486,4.321499824523926,4.380000114440918,1642,0.0,0.0,0.0
2025-04-10 00:00:00+02:00,4.764999866485596,4.764999866485596,4.48199987411499,4.48199987411499,2381,0.0,0.0,0.0
2025-04-11 00:00:00+02:00,4.5,4.5854997634887695,4.4710001945495605,4.517499923706055,4764,0.0,0.0,0.0
2025-04-14 00:00:00+02:00,4.723499774932861,4.817999839782715,4.722499847412109,4.784999847412109,6802,0.0,0.0,0.0
2025-04-15 00:00:00+02:00,4.823500156402588,4.925000190734863,4.823500156402588,4.850500106811523,26874,0.0,0.0,0.0
2025-04-16 00:00:00+02:00,4.771999835968018,4.800000190734863,4.71999979019165,4.741000175476074,12060,0.0,0.0,0.0
2025-04-17 00:00:00+02:00,4.750999927520752,4.75600004196167,4.683000087738037,4.683000087738037,98,0.0,0.0,0.0
2025-04-22 00:00:00+02:00,4.747499942779541,4.811500072479248,4.729499816894531,4.811500072479248,1693,0.0,0.0,0.0
2025-04-23 00:00:00+02:00,5.02400016784668,5.177999973297119,5.02400016784668,5.054999828338623,1973,0.0,0.0,0.0
2025-04-24 00:00:00+02:00,4.994999885559082,5.052000045776367,4.988500118255615,5.052000045776367,5923,0.0,0.0,0.0
2025-04-25 00:00:00+02:00,5.0960001945495605,5.11899995803833,4.994999885559082,5.034999847412109,3105,0.0,0.0,0.0
2025-04-28 00:00:00+02:00,4.979000091552734,5.076000213623047,4.979000091552734,5.019999980926514,1738,0.0,0.0,0.0
2025-04-29 00:00:00+02:00,5.03000020980835,5.044000148773193,5.0289998054504395,5.044000148773193,300,0.0,0.0,0.0
2025-04-30 00:00:00+02:00,5.033999919891357,5.056000232696533,4.97599983215332,5.054999828338623,2910,0.0,0.0,0.0
2025-05-02 00:00:00+02:00,5.111000061035156,5.156000137329102,5.047999858856201,5.119999885559082,43216,0.0,0.0,0.0
2025-05-05 00:00:00+02:00,5.0980000495910645,5.114999771118164,5.060999870300293,5.114999771118164,2878,0.0,0.0,0.0
2025-05-06 00:00:00+02:00,5.086999893188477,5.086999893188477,4.941500186920166,4.945499897003174,6387,0.0,0.0,0.0
2025-05-07 00:00:00+02:00,4.7144999504089355,4.7144999504089355,4.614500045776367,4.630000114440918,3270,0.0,0.0,0.0
2025-05-08 00:00:00+02:00,4.7164998054504395,4.761499881744385,4.695499897003174,4.752500057220459,2317,0.0,0.0,0.0
2025-05-09 00:00:00+02:00,4.815999984741211,4.837500095367432,4.748000144958496,4.748000144958496,4262,0.0,0.0,0.0
2025-05-12 00:00:00+02:00,4.699999809265137,4.953999996185303,4.699999809265137,4.953999996185303,2567,0.0,0.0,0.0
2025-05-13 00:00:00+02:00,5.0,5.0,4.871500015258789,4.875999927520752,1400,0.0,0.0,0.0
2025-05-14 00:00:00+02:00,4.8460001945495605,4.8460001945495605,4.738500118255615,4.738500118255615,7,0.0,0.0,0.0
2025-05-15 00:00:00+02:00,4.673999786376953,4.697000026702881,4.645999908447266,4.697000026702881,1834,0.0,0.0,0.0
2025-05-16 00:00:00+02:00,4.775000095367432,4.858500003814697,4.767000198364258,4.841000080108643,5043,0.0,0.0,0.0
2025-05-19 00:00:00+02:00,4.819499969482422,4.848999977111816,4.814499855041504,4.8379998207092285,329,0.0,0.0,0.0
2025-05-20 00:00:00+02:00,4.915999889373779,4.978000164031982,4.900000095367432,4.978000164031982,18051,0.0,0.0,0.0
2025-05-21 00:00:00+02:00,4.947999954223633,4.9730000495910645,4.886000156402588,4.886000156402588,1863,0.0,0.0,0.0
2025-05-22 00:00:00+02:00,4.831999778747559,4.831999778747559,4.781499862670898,4.805500030517578,1962,0.0,0.0,0.0
2025-05-23 00:00:00+02:00,4.828499794006348,4.828499794006348,4.738999843597412,4.769499778747559,3446,0.0,0.0,0.0
2025-05-26 00:00:00+02:00,4.813000202178955,4.8445000648498535,4.813000202178955,4.8394999504089355,9425,0.0,0.0,0.0
2025-05-27 00:00:00+02:00,4.8404998779296875,4.867499828338623,4.831999778747559,4.833499908447266,5599,0.0,0.0,0.0
2025-05-28 00:00:00+02:00,4.829999923706055,4.856500148773193,4.804999828338623,4.84499979019165,2563,0.0,0.0,0.0
2025-05-29 00:00:00+02:00,4.927000045776367,4.96150016784668,4.7895002365112305,4.855999946594238,4124,0.0,0.0,0.0
2025-05-30 00:00:00+02:00,4.8454999923706055,4.880000114440918,4.794000148773193,4.825500011444092,3334,0.0,0.0,0.0
2025-06-02 00:00:00+02:00,4.795499801635742,4.918499946594238,4.795499801635742,4.897500038146973,6460,0.0,0.0,0.0
2025-06-03 00:00:00+02:00,4.896500110626221,5.001999855041504,4.896500110626221,5.001999855041504,0,0.0,0.0,0.0
2025-06-04 00:00:00+02:00,5.005000114440918,5.071000099182129,5.0,5.056000232696533,13669,0.0,0.0,0.0
2025-06-05 00:00:00+02:00,5.033999919891357,5.054999828338623,4.996500015258789,5.054999828338623,10367,0.0,0.0,0.0
2025-06-06 00:00:00+02:00,5.083000183105469,5.179999828338623,5.044000148773193,5.178999900817871,10638,0.0,0.0,0.0
2025-06-09 00:00:00+02:00,5.205999851226807,5.263999938964844,5.1570000648498535,5.177999973297119,12754,0.0,0.0,0.0
2025-06-10 00:00:00+02:00,5.191999912261963,5.28000020980835,5.190000057220459,5.275000095367432,1805,0.0,0.0,0.0
2025-06-11 00:00:00+02:00,5.28000020980835,5.28000020980835,5.234000205993652,5.25,10368,0.0,0.0,0.0
2025-06-12 00:00:00+02:00,5.150000095367432,5.176000118255615,5.10099983215332,5.130000114440918,1782,0.0,0.0,0.0
2025-06-13 00:00:00+02:00,5.0920000076293945,5.111000061035156,5.039000034332275,5.093999862670898,4753,0.0,0.0,0.0
2025-06-16 00:00:00+02:00,5.105000019073486,5.105000019073486,4.980000019073486,4.998499870300293,13123,0.0,0.0,0.0
2025-06-17 00:00:00+02:00,5.03000020980835,5.051000118255615,5.0,5.044000148773193,3077,0.0,0.0,0.0
2025-06-18 00:00:00+02:00,4.98799991607666,5.093999862670898,4.98799991607666,5.079999923706055,2826,0.0,0.0,0.0
2025-06-19 00:00:00+02:00,5.038000106811523,5.038000106811523,5.00600004196167,5.0229997634887695,1096,0.0,0.0,0.0
2025-06-20 00:00:00+02:00,5.039999961853027,5.067999839782715,5.0,5.015999794006348,6030,0.0,0.0,0.0
2025-06-23 00:00:00+02:00,5.0370001792907715,5.059000015258789,4.976500034332275,4.976500034332275,2619,0.0,0.0,0.0
2025-06-24 00:00:00+02:00,5.065000057220459,5.071000099182129,5.031000137329102,5.071000099182129,5561,0.0,0.0,0.0
2025-06-25 00:00:00+02:00,5.064000129699707,5.078000068664551,5.013999938964844,5.013999938964844,1654,0.0,0.0,0.0
2025-06-26 00:00:00+02:00,5.051000118255615,5.051000118255615,5.039999961853027,5.039999961853027,0,0.0,0.0,0.0
2025-06-27 00:00:00+02:00,5.076000213623047,5.098999977111816,5.038000106811523,5.071000099182129,1751,0.0,0.0,0.0
2025-06-30 00:00:00+02:00,5.091000080108643,5.107999801635742,5.071000099182129,5.10699987411499,2266,0.0,0.0,0.0
2025-07-01 00:00:00+02:00,5.078999996185303,5.104000091552734,5.01800012588501,5.104000091552734,3186,0.0,0.0,0.0
2025-07-02 00:00:00+02:00,5.13700008392334,5.236000061035156,5.110000133514404,5.2230000495910645,2612,0.0,0.0,0.0
2025-07-03 00:00:00+02:00,5.244999885559082,5.269999980926514,5.234000205993652,5.24399995803833,6758,0.0,0.0,0.0
2025-07-04 00:00:00+02:00,5.223999977111816,5.230000019073486,5.211999893188477,5.214000225067139,5465,0.0,0.0,0.0
2025-07-07 00:00:00+02:00,5.2230000495910645,5.270999908447266,5.171000003814697,5.171000003814697,3545,0.0,0.0,0.0
2025-07-08 00:00:00+02:00,5.178999900817871,5.294000148773193,5.1529998779296875,5.294000148773193,6124,0.0,0.0,0.0
2025-07-09 00:00:00+02:00,5.289999961853027,5.4070000648498535,5.289999961853027,5.381999969482422,6340,0.0,0.0,0.0
2025-07-10 00:00:00+02:00,5.386000156402588,5.486999988555908,5.386000156402588,5.473999977111816,8085,0.0,0.0,0.0
2025-07-11 00:00:00+02:00,5.465000152587891,5.465000152587891,5.359000205993652,5.359000205993652,1995,0.0,0.0,0.0
2025-07-14 00:00:00+02:00,5.310999870300293,5.370999813079834,5.303999900817871,5.370999813079834,2500,0.0,0.0,0.0
2025-07-15 00:00:00+02:00,5.36299991607666,5.36899995803833,5.258999824523926,5.258999824523926,583,0.0,0.0,0.0
2025-07-16 00:00:00+02:00,5.2170000076293945,5.314000129699707,5.176000118255615,5.176000118255615,10585,0.0,0.0,0.0
2025-07-17 00:00:00+02:00,5.323999881744385,5.3460001945495605,5.323999881744385,5.343999862670898,518,0.0,0.0,0.0
2025-07-18 00:00:00+02:00,5.297999858856201,5.324999809265137,5.28000020980835,5.324999809265137,1245,0.0,0.0,0.0
2025-07-21 00:00:00+02:00,5.284999847412109,5.290999889373779,5.230999946594238,5.230999946594238,8976,0.0,0.0,0.0
2025-07-22 00:00:00+02:00,5.186999797821045,5.256999969482422,5.171999931335449,5.256999969482422,94,0.0,0.0,0.0
2025-07-23 00:00:00+02:00,5.359000205993652,5.479000091552734,5.355999946594238,5.461999893188477,3545,0.0,0.0,0.0
2025-07-24 00:00:00+02:00,5.4679999351501465,5.478000164031982,5.421000003814697,5.421000003814697,9586,0.0,0.0,0.0
2025-07-25 00:00:00+02:00,5.432000160217285,5.495999813079834,5.394999980926514,5.394999980926514,13600,0.0,0.0,0.0
2025-07-28 00:00:00+02:00,5.499000072479248,5.511000156402588,5.454999923706055,5.458000183105469,8243,0.0,0.0,0.0
2025-07-29 00:00:00+02:00,5.519999980926514,5.565999984741211,5.433000087738037,5.433000087738037,1770,0.0,0.0,0.0
2025-07-30 00:00:00+02:00,5.442999839782715,5.545000076293945,5.438000202178955,5.534999847412109,1831,0.0,0.0,0.0
2025-07-31 00:00:00+02:00,5.446000099182129,5.495999813079834,5.446000099182129,5.447999954223633,6688,0.0,0.0,0.0
2025-08-01 00:00:00+02:00,5.386000156402588,5.386000156402588,5.198999881744385,5.211999893188477,5554,0.0,0.0,0.0
2025-08-04 00:00:00+02:00,5.297999858856201,5.335999965667725,5.2870001792907715,5.335999965667725,6845,0.0,0.0,0.0
2025-08-05 00:00:00+02:00,5.375,5.382999897003174,5.309999942779541,5.3429999351501465,4632,0.0,0.0,0.0
2025-08-06 00:00:00+02:00,5.385000228881836,5.385000228881836,5.22599983215332,5.248000144958496,1153,0.0,0.0,0.0
2025-08-07 00:00:00+02:00,5.307000160217285,5.35099983215332,5.252999782562256,5.252999782562256,5230,0.0,0.0,0.0
2025-08-08 00:00:00+02:00,5.294000148773193,5.34499979019165,5.276000022888184,5.289999961853027,8847,0.0,0.0,0.0
2025-08-11 00:00:00+02:00,5.323999881744385,5.341000080108643,5.300000190734863,5.313000202178955,3161,0.0,0.0,0.0
2025-08-12 00:00:00+02:00,5.314000129699707,5.379000186920166,5.303999900817871,5.357999801635742,6720,0.0,0.0,0.0
2025-08-13 00:00:00+02:00,5.363999843597412,5.513000011444092,5.363999843597412,5.513000011444092,3768,0.0,0.0,0.0
2025-08-14 00:00:00+02:00,5.565000057220459,5.565000057220459,5.486000061035156,5.519000053405762,1172,0.0,0.0,0.0
2025-08-15 00:00:00+02:00,5.553999900817871,5.5970001220703125,5.553999900817871,5.589000225067139,2210,0.0,0.0,0.0
2025-08-18 00:00:00+02:00,5.646999835968018,5.6539998054504395,5.611000061035156,5.623000144958496,4989,0.0,0.0,0.0
2025-08-19 00:00:00+02:00,5.570000171661377,5.5879998207092285,5.521999835968018,5.539000034332275,9375,0.0,0.0,0.0
2025-08-20 00:00:00+02:00,5.489999771118164,5.557000160217285,5.464000225067139,5.48199987411499,3023,0.0,0.0,0.0
2025-08-21 00:00:00+02:00,5.533999919891357,5.550000190734863,5.5,5.550000190734863,7125,0.0,0.0,0.0
2025-08-22 00:00:00+02:00,5.580999851226807,5.690999984741211,5.578999996185303,5.659999847412109,2417,0.0,0.0,0.0
2025-08-25 00:00:00+02:00,5.632999897003174,5.668000221252441,5.578999996185303,5.584000110626221,552,0.0,0.0,0.0
2025-08-26 00:00:00+02:00,5.546000003814697,5.551000118255615,5.541999816894531,5.551000118255615,5,0.0,0.0,0.0
2025-08-27 00:00:00+02:00,5.558000087738037,5.622000217437744,5.558000087738037,5.589000225067139,2893,0.0,0.0,0.0
2025-08-28 00:00:00+02:00,5.579999923706055,5.590000152587891,5.564000129699707,5.564000129699707,1893,0.0,0.0,0.0
2025-08-29 00:00:00+02:00,5.564000129699707,5.581999778747559,5.53000020980835,5.53000020980835,3865,0.0,0.0,0.0
2025-09-01 00:00:00+02:00,5.534999847412109,5.570000171661377,5.52400016784668,5.563000202178955,1889,0.0,0.0,0.0
2025-09-02 00:00:00+02:00,5.563000202178955,5.609000205993652,5.5320000648498535,5.5320000648498535,3297,0.0,0.0,0.0
2025-09-03 00:00:00+02:00,5.579999923706055,5.659999847412109,5.576000213623047,5.598999977111816,1664,0.0,0.0,0.0
2025-09-04 00:00:00+02:00,5.620999813079834,5.638999938964844,5.550000190734863,5.550000190734863,4932,0.0,0.0,0.0
2025-09-05 00:00:00+02:00,5.61899995803833,5.671999931335449,5.609000205993652,5.671999931335449,819,0.0,0.0,0.0
2025-09-08 00:00:00+02:00,5.693999767303467,5.73199987411499,5.625,5.63700008392334,3109,0.0,0.0,0.0
2025-09-09 00:00:00+02:00,5.6020002365112305,5.624000072479248,5.552999973297119,5.552999973297119,11720,0.0,0.0,0.0
2025-09-10 00:00:00+02:00,5.61299991607666,5.619999885559082,5.547999858856201,5.547999858856201,2769,0.0,0.0,0.0
2025-09-11 00:00:00+02:00,5.4679999351501465,5.541999816894531,5.435999870300293,5.506999969482422,1001,0.0,0.0,0.0
2025-09-12 00:00:00+02:00,5.566999912261963,5.571000099182129,5.538000106811523,5.538000106811523,3242,0.0,0.0,0.0
2025-09-15 00:00:00+02:00,5.49399995803833,5.498000144958496,5.425000190734863,5.425000190734863,4611,0.0,0.0,0.0
2025-09-16 00:00:00+02:00,5.453000068664551,5.4720001220703125,5.434999942779541,5.461999893188477,1823,0.0,0.0,0.0
2025-09-17 00:00:00+02:00,5.485000133514404,5.568999767303467,5.485000133514404,5.552999973297119,505,0.0,0.0,0.0
2025-09-18 00:00:00+02:00,5.534999847412109,5.64900016784668,5.515999794006348,5.645999908447266,10205,0.0,0.0,0.0
2025-09-19 00:00:00+02:00,5.665999889373779,5.732999801635742,5.665999889373779,5.690999984741211,2569,0.0,0.0,0.0
2025-09-22 00:00:00+02:00,5.638999938964844,5.729000091552734,5.617000102996826,5.729000091552734,12730,0.0,0.0,0.0
2025-09-23 00:00:00+02:00,5.709000110626221,5.709000110626221,5.666999816894531,5.703999996185303,3888,0.0,0.0,0.0
2025-09-24 00:00:00+02:00,5.61899995803833,5.703999996185303,5.61899995803833,5.698999881744385,2859,0.0,0.0,0.0
2025-09-25 00:00:00+02:00,5.703000068664551,5.715000152587891,5.6620001792907715,5.6620001792907715,2966,0.0,0.0,0.0
2025-09-26 00:00:00+02:00,5.690999984741211,5.690999984741211,5.5980000495910645,5.6479997634887695,1765,0.0,0.0,0.0
2025-09-29 00:00:00+02:00,5.698999881744385,5.776000022888184,5.698999881744385,5.7729997634887695,8327,0.0,0.0,0.0
2025-09-30 00:00:00+02:00,5.796000003814697,5.817999839782715,5.763999938964844,5.763999938964844,1092,0.0,0.0,0.0
2025-10-01 00:00:00+02:00,5.769999980926514,6.010000228881836,5.769999980926514,6.000999927520752,6197,0.0,0.0,0.0
2025-10-02 00:00:00+02:00,6.0229997634887695,6.050000190734863,6.015999794006348,6.041999816894531,3481,0.0,0.0,0.0
2025-10-03 00:00:00+02:00,6.136000156402588,6.177000045776367,6.132999897003174,6.1519999504089355,7839,0.0,0.0,0.0
2025-10-06 00:00:00+02:00,6.254000186920166,6.2779998779296875,6.239999771118164,6.260000228881836,5830,0.0,0.0,0.0
2025-10-07 00:00:00+02:00,6.2129998207092285,6.238999843597412,6.144000053405762,6.144000053405762,27133,0.0,0.0,0.0
2025-10-08 00:00:00+02:00,6.218999862670898,6.431000232696533,6.211999893188477,6.428999900817871,10581,0.0,0.0,0.0
2025-10-09 00:00:00+02:00,6.419000148773193,6.458000183105469,6.375,6.453999996185303,6831,0.0,0.0,0.0
2025-10-10 00:00:00+02:00,6.4670000076293945,6.488999843597412,6.218999862670898,6.218999862670898,12830,0.0,0.0,0.0
2025-10-13 00:00:00+02:00,6.315000057220459,6.377999782562256,6.261000156402588,6.321000099182129,26237,0.0,0.0,0.0
2025-10-14 00:00:00+02:00,6.210999965667725,6.210999965667725,6.139999866485596,6.186999797821045,14359,0.0,0.0,0.0
2025-10-15 00:00:00+02:00,6.254000186920166,6.408999919891357,6.236000061035156,6.388999938964844,23249,0.0,0.0,0.0
2025-10-16 00:00:00+02:00,6.422999858856201,6.752999782562256,6.422999858856201,6.638000011444092,27760,0.0,0.0,0.0
2025-10-17 00:00:00+02:00,6.747000217437744,6.747000217437744,6.388999938964844,6.410999774932861,47085,0.0,0.0,0.0
2025-10-20 00:00:00+02:00,6.48199987411499,6.711999893188477,6.48199987411499,6.709000110626221,10639,0.0,0.0,0.0
2025-10-21 00:00:00+02:00,6.741000175476074,6.803999900817871,6.72599983215332,6.7729997634887695,53515,0.0,0.0,0.0
2025-10-22 00:00:00+02:00,6.756999969482422,6.756999969482422,6.517000198364258,6.517000198364258,13398,0.0,0.0,0.0
2025-10-23 00:00:00+02:00,6.579999923706055,6.579999923706055,6.50600004196167,6.539999961853027,73715,0.0,0.0,0.0
2025-10-27 00:00:00+01:00,6.802000045776367,6.861999988555908,6.675000190734863,6.7270002365112305,49151,0.0,0.0,0.0
2025-10-28 00:00:00+01:00,6.74399995803833,6.744999885559082,6.670000076293945,6.710000038146973,41524,0.0,0.0,0.0
2025-10-29 00:00:00+01:00,6.771999835968018,6.771999835968018,6.679999828338623,6.743000030517578,31326,0.0,0.0,0.0
2025-10-30 00:00:00+01:00,6.757999897003174,6.85099983215332,6.729000091552734,6.848999977111816,7375,0.0,0.0,0.0
2025-10-31 00:00:00+01:00,6.821000099182129,6.946000099182129,6.763000011444092,6.919000148773193,6828,0.0,0.0,0.0
2025-11-03 00:00:00+01:00,6.920000076293945,6.998000144958496,6.630000114440918,6.660999774932861,27540,0.0,0.0,0.0
2025-11-04 00:00:00+01:00,6.656000137329102,6.656000137329102,6.565999984741211,6.64300012588501,5463,0.0,0.0,0.0
2025-11-05 00:00:00+01:00,6.636000156402588,6.636000156402588,6.434999942779541,6.578000068664551,70691,0.0,0.0,0.0
2025-11-06 00:00:00+01:00,6.5970001220703125,6.623000144958496,6.4710001945495605,6.4710001945495605,835,0.0,0.0,0.0
2025-11-07 00:00:00+01:00,6.547999858856201,6.547999858856201,6.341000080108643,6.349999904632568,36340,0.0,0.0,0.0
2025-11-10 00:00:00+01:00,6.400000095367432,6.626999855041504,6.400000095367432,6.572999954223633,17299,0.0,0.0,0.0
2025-11-11 00:00:00+01:00,6.521999835968018,6.616000175476074,6.51800012588501,6.616000175476074,5330,0.0,0.0,0.0
2025-11-12 00:00:00+01:00,6.728000164031982,6.769000053405762,6.689000129699707,6.704999923706055,25913,0.0,0.0,0.0
2025-11-13 00:00:00+01:00,6.686999797821045,6.696000099182129,6.60699987411499,6.60699987411499,768,0.0,0.0,0.0
2025-11-14 00:00:00+01:00,6.526000022888184,6.552999973297119,6.441999912261963,6.539000034332275,9895,0.0,0.0,0.0
2025-11-17 00:00:00+01:00,6.589000225067139,6.693999767303467,6.51800012588501,6.580999851226807,6867,0.0,0.0,0.0
2025-11-18 00:00:00+01:00,6.599999904632568,6.599999904632568,6.453000068664551,6.473999977111816,9596,0.0,0.0,0.0
2025-11-19 00:00:00+01:00,6.572999954223633,6.590000152587891,6.5269999504089355,6.5279998779296875,8755,0.0,0.0,0.0
2025-11-20 00:00:00+01:00,6.545000076293945,6.697000026702881,6.52400016784668,6.630000114440918,12359,0.0,0.0,0.0
2025-11-21 00:00:00+01:00,6.440000057220459,6.611999988555908,6.439000129699707,6.611999988555908,5352,0.0,0.0,0.0
2025-11-24 00:00:00+01:00,6.696000099182129,6.8379998207092285,6.689000129699707,6.8379998207092285,5056,0.0,0.0,0.0
2025-11-25 00:00:00+01:00,6.88700008392334,6.956999778747559,6.855000019073486,6.949999809265137,8598,0.0,0.0,0.0
2025-11-26 00:00:00+01:00,7.001999855041504,7.020999908447266,6.97599983215332,7.014999866485596,2911,0.0,0.0,0.0
2025-11-27 00:00:00+01:00,7.084000110626221,7.084000110626221,7.0329999923706055,7.051000118255615,9432,0.0,0.0,0.0
2025-11-28 00:00:00+01:00,7.085000038146973,7.124000072479248,7.02400016784668,7.045000076293945,14457,0.0,0.0,0.0
2025-12-01 00:00:00+01:00,7.0289998054504395,7.038000106811523,6.931000232696533,6.9710001945495605,11293,0.0,0.0,0.0
2025-12-02 00:00:00+01:00,6.900000095367432,6.953000068664551,6.866000175476074,6.892000198364258,1954,0.0,0.0,0.0
2025-12-03 00:00:00+01:00,6.8429999351501465,6.978000164031982,6.808000087738037,6.978000164031982,8150,0.0,0.0,0.0
2025-12-04 00:00:00+01:00,7.047999858856201,7.127999782562256,6.998000144958496,7.127999782562256,8374,0.0,0.0,0.0
2025-12-05 00:00:00+01:00,7.182000160217285,7.230000019073486,7.14300012588501,7.168000221252441,69382,0.0,0.0,0.0
2025-12-08 00:00:00+01:00,7.181000232696533,7.24399995803833,7.138999938964844,7.232999801635742,26912,0.0,0.0,0.0
2025-12-09 00:00:00+01:00,7.232999801635742,7.232999801635742,7.13700008392334,7.172999858856201,8126,0.0,0.0,0.0
2025-12-10 00:00:00+01:00,7.14300012588501,7.166999816894531,7.11299991607666,7.166999816894531,4502,0.0,0.0,0.0
2025-12-11 00:00:00+01:00,7.138000011444092,7.1539998054504395,7.078000068664551,7.085000038146973,4030,0.0,0.0,0.0
2025-12-12 00:00:00+01:00,7.068999767303467,7.138000011444092,7.043000221252441,7.043000221252441,13710,0.0,0.0,0.0
2025-12-15 00:00:00+01:00,7.054999828338623,7.109000205993652,7.019999980926514,7.034999847412109,5564,0.0,0.0,0.0
2025-12-16 00:00:00+01:00,7.083000183105469,7.083000183105469,6.869999885559082,6.9019999504089355,15652,0.0,0.0,0.0
2025-12-17 00:00:00+01:00,6.949999809265137,7.019999980926514,6.929999828338623,6.929999828338623,3266,0.0,0.0,0.0
2025-12-18 00:00:00+01:00,6.828000068664551,6.945000171661377,6.828000068664551,6.914000034332275,33185,0.0,0.0,0.0
2025-12-19 00:00:00+01:00,6.89900016784668,7.11299991607666,6.882999897003174,7.11299991607666,9035,0.0,0.0,0.0
2025-12-22 00:00:00+01:00,7.142000198364258,7.209000110626221,7.059999942779541,7.172999858856201,16216,0.0,0.0,0.0
2025-12-23 00:00:00+01:00,7.210000038146973,7.210000038146973,7.107999801635742,7.107999801635742,13034,0.0,0.0,0.0
2025-12-29 00:00:00+01:00,7.175000190734863,7.175000190734863,6.960000038146973,7.014999866485596,12654,0.0,0.0,0.0
2025-12-30 00:00:00+01:00,7.03000020980835,7.03000020980835,6.9670000076293945,6.9670000076293945,2105,0.0,0.0,0.0
2026-01-02 00:00:00+01:00,7.001999855041504,7.001999855041504,6.908999919891357,6.953000068664551,19203,0.0,0.0,0.0
2026-01-05 00:00:00+01:00,7.031000137329102,7.031000137329102,6.875,6.915999889373779,29582,0.0,0.0,0.0
2026-01-06 00:00:00+01:00,6.97599983215332,7.320000171661377,6.97599983215332,7.27400016784668,20547,0.0,0.0,0.0
2026-01-07 00:00:00+01:00,7.2779998779296875,7.410999774932861,7.260000228881836,7.382999897003174,13392,0.0,0.0,0.0
2026-01-08 00:00:00+01:00,7.400000095367432,7.460000038146973,7.349999904632568,7.349999904632568,15808,0.0,0.0,0.0
2026-01-09 00:00:00+01:00,7.295000076293945,7.388000011444092,7.295000076293945,7.336999893188477,15033,0.0,0.0,0.0
2026-01-12 00:00:00+01:00,7.263000011444092,7.276000022888184,7.181000232696533,7.181000232696533,3574,0.0,0.0,0.0
2026-01-13 00:00:00+01:00,7.26200008392334,7.3470001220703125,7.256999969482422,7.331999778747559,10927,0.0,0.0,0.0
2026-01-14 00:00:00+01:00,7.36899995803833,7.394000053405762,7.304999828338623,7.394000053405762,30830,0.0,0.0,0.0
2026-01-15 00:00:00+01:00,7.486000061035156,7.486000061035156,7.349999904632568,7.410999774932861,25460,0.0,0.0,0.0
2026-01-16 00:00:00+01:00,7.436999797821045,7.436999797821045,7.360000133514404,7.427000045776367,16162,0.0,0.0,0.0
2026-01-19 00:00:00+01:00,7.34499979019165,7.34499979019165,7.210000038146973,7.25600004196167,14097,0.0,0.0,0.0
2026-01-20 00:00:00+01:00,7.209000110626221,7.308000087738037,7.081999778747559,7.308000087738037,26805,0.0,0.0,0.0
2026-01-21 00:00:00+01:00,7.440999984741211,7.497000217437744,7.373000144958496,7.497000217437744,12414,0.0,0.0,0.0
2026-01-22 00:00:00+01:00,7.583000183105469,7.836999893188477,7.583000183105469,7.789999961853027,26956,0.0,0.0,0.0
2026-01-23 00:00:00+01:00,7.735000133514404,7.735000133514404,7.609000205993652,7.609000205993652,6774,0.0,0.0,0.0
2026-01-26 00:00:00+01:00,7.480000019073486,7.480000019073486,7.425000190734863,7.449999809265137,17035,0.0,0.0,0.0
2026-01-27 00:00:00+01:00,7.416999816894531,7.4629998207092285,7.379000186920166,7.454999923706055,2201,0.0,0.0,0.0
2026-01-28 00:00:00+01:00,7.416999816894531,7.416999816894531,7.2129998207092285,7.229000091552734,2720,0.0,0.0,0.0
2026-01-29 00:00:00+01:00,7.236000061035156,7.247000217437744,7.186999797821045,7.197000026702881,2566,0.0,0.0,0.0
2026-01-30 00:00:00+01:00,7.2179999351501465,7.265999794006348,7.11899995803833,7.171999931335449,10508,0.0,0.0,0.0
2026-02-02 00:00:00+01:00,7.129000186920166,7.288000106811523,7.109000205993652,7.255000114440918,5556,0.0,0.0,0.0
2026-02-03 00:00:00+01:00,7.263999938964844,7.3429999351501465,7.263999938964844,7.293000221252441,21522,0.0,0.0,0.0
2026-02-04 00:00:00+01:00,7.210000038146973,7.260000228881836,7.074999809265137,7.110000133514404,6484,0.0,0.0,0.0
2026-02-05 00:00:00+01:00,7.142000198364258,7.158999919891357,7.015999794006348,7.048999786376953,15576,0.0,0.0,0.0
2026-02-06 00:00:00+01:00,6.879000186920166,6.960000038146973,6.78000020980835,6.960000038146973,21263,0.0,0.0,0.0
2026-02-09 00:00:00+01:00,6.974999904632568,6.980000019073486,6.881999969482422,6.980000019073486,7023,0.0,0.0,0.0
2026-02-10 00:00:00+01:00,6.980999946594238,7.053999900817871,6.9039998054504395,7.053999900817871,5330,0.0,0.0,0.0
2026-02-11 00:00:00+01:00,6.920000076293945,6.952000141143799,6.835000038146973,6.870999813079834,8326,0.0,0.0,0.0
2026-02-12 00:00:00+01:00,6.9710001945495605,6.980000019073486,6.797999858856201,6.797999858856201,5513,0.0,0.0,0.0
2026-02-13 00:00:00+01:00,6.761000156402588,7.048999786376953,6.761000156402588,7.002999782562256,15321,0.0,0.0,0.0
2026-02-16 00:00:00+01:00,7.005000114440918,7.005000114440918,6.8520002365112305,6.896999835968018,4449,0.0,0.0,0.0
2026-02-17 00:00:00+01:00,6.960000038146973,6.978000164031982,6.896999835968018,6.978000164031982,7209,0.0,0.0,0.0
2026-02-18 00:00:00+01:00,7.050000190734863,7.132999897003174,7.000999927520752,7.111000061035156,5467,0.0,0.0,0.0
2026-02-19 00:00:00+01:00,7.132999897003174,7.132999897003174,7.070000171661377,7.098999977111816,5948,0.0,0.0,0.0
2026-02-20 00:00:00+01:00,7.2179999351501465,7.230000019073486,7.110000133514404,7.123000144958496,13153,0.0,0.0,0.0
2026-02-23 00:00:00+01:00,7.080999851226807,7.2230000495910645,6.97599983215332,7.078000068664551,2252,0.0,0.0,0.0
2026-02-24 00:00:00+01:00,7.089000225067139,7.244999885559082,7.089000225067139,7.209000110626221,6511,0.0,0.0,0.0
2026-02-25 00:00:00+01:00,7.223999977111816,7.281000137329102,7.209000110626221,7.230999946594238,7037,0.0,0.0,0.0
2026-02-26 00:00:00+01:00,7.328000068664551,7.328000068664551,7.131999969482422,7.163000106811523,720,0.0,0.0,0.0
2026-02-27 00:00:00+01:00,7.056000232696533,7.215000152587891,7.056000232696533,7.190999984741211,2507,0.0,0.0,0.0
2026-03-02 00:00:00+01:00,7.315999984741211,7.315999984741211,7.109000205993652,7.175000190734863,5663,0.0,0.0,0.0
2026-03-03 00:00:00+01:00,7.119999885559082,7.124000072479248,6.940999984741211,6.995999813079834,3715,0.0,0.0,0.0
2026-03-04 00:00:00+01:00,6.860000133514404,7.229000091552734,6.699999809265137,7.189000129699707,10960,0.0,0.0,0.0
2026-03-05 00:00:00+01:00,7.223999977111816,7.223999977111816,7.140999794006348,7.140999794006348,7685,0.0,0.0,0.0
2026-03-09 00:00:00+01:00,6.860000133514404,7.0289998054504395,6.826000213623047,6.997000217437744,6303,0.0,0.0,0.0
2026-03-10 00:00:00+01:00,7.047999858856201,7.158999919891357,6.98199987411499,7.020999908447266,3993,0.0,0.0,0.0
2026-03-11 00:00:00+01:00,6.974999904632568,7.01800012588501,6.948999881744385,6.9679999351501465,918,0.0,0.0,0.0
2026-03-12 00:00:00+01:00,6.888999938964844,6.926000118255615,6.765999794006348,6.765999794006348,8259,0.0,0.0,0.0
2026-03-13 00:00:00+01:00,6.806000232696533,6.888999938964844,6.743000030517578,6.751999855041504,1840,0.0,0.0,0.0
2026-03-16 00:00:00+01:00,6.801000118255615,6.835999965667725,6.764999866485596,6.785999774932861,1157,0.0,0.0,0.0
2026-03-17 00:00:00+01:00,6.769999980926514,6.818999767303467,6.760000228881836,6.818999767303467,273,0.0,0.0,0.0
2026-03-18 00:00:00+01:00,6.869999885559082,6.879000186920166,6.659999847412109,6.711999893188477,8540,0.0,0.0,0.0
2026-03-19 00:00:00+01:00,6.665999889373779,6.711999893188477,6.6020002365112305,6.650000095367432,8439,0.0,0.0,0.0
2026-03-20 00:00:00+01:00,6.703999996185303,6.703999996185303,6.636000156402588,6.636000156402588,3017,0.0,0.0,0.0
2026-03-23 00:00:00+01:00,6.4710001945495605,6.72599983215332,6.4710001945495605,6.60099983215332,11893,0.0,0.0,0.0
2026-03-24 00:00:00+01:00,6.579999923706055,6.599999904632568,6.50600004196167,6.573999881744385,11475,0.0,0.0,0.0
2026-03-25 00:00:00+01:00,6.5920000076293945,6.822000026702881,6.5920000076293945,6.811999797821045,4638,0.0,0.0,0.0
2026-03-26 00:00:00+01:00,6.756999969482422,6.800000190734863,6.681000232696533,6.73799991607666,885,0.0,0.0,0.0
2026-03-27 00:00:00+01:00,6.767000198364258,6.767000198364258,6.491000175476074,6.491000175476074,3080,0.0,0.0,0.0
2026-03-30 00:00:00+02:00,6.442999839782715,6.508999824523926,6.440000057220459,6.501999855041504,4181,0.0,0.0,0.0
2026-03-31 00:00:00+02:00,6.53000020980835,6.690000057220459,6.53000020980835,6.656000137329102,3393,0.0,0.0,0.0
2026-04-01 00:00:00+02:00,6.815999984741211,6.892000198364258,6.742000102996826,6.888999938964844,10966,0.0,0.0,0.0
2026-04-02 00:00:00+02:00,6.783999919891357,6.835000038146973,6.747000217437744,6.834000110626221,1564,0.0,0.0,0.0
2026-04-07 00:00:00+02:00,6.835999965667725,6.835999965667725,6.686999797821045,6.686999797821045,3498,0.0,0.0,0.0
2026-04-08 00:00:00+02:00,7.007999897003174,7.139999866485596,6.894000053405762,6.894000053405762,11277,0.0,0.0,0.0
2026-04-09 00:00:00+02:00,6.895999908447266,6.936999797821045,6.754000186920166,6.802000045776367,14656,0.0,0.0,0.0
2026-04-10 00:00:00+02:00,6.803999900817871,6.836999893188477,6.714000225067139,6.735000133514404,11938,0.0,0.0,0.0
2026-04-13 00:00:00+02:00,6.686999797821045,6.831999778747559,6.599999904632568,6.732999801635742,2806,0.0,0.0,0.0
2026-04-14 00:00:00+02:00,6.809000015258789,7.052999973297119,6.804999828338623,7.052999973297119,2350,0.0,0.0,0.0
2026-04-15 00:00:00+02:00,7.059000015258789,7.142000198364258,7.000999927520752,7.060999870300293,8813,0.0,0.0,0.0
2026-04-16 00:00:00+02:00,7.109000205993652,7.133999824523926,7.000999927520752,7.026000022888184,8797,0.0,0.0,0.0
2026-04-17 00:00:00+02:00,7.000999927520752,7.179999828338623,7.000999927520752,7.179999828338623,7561,0.0,0.0,0.0
2026-04-20 00:00:00+02:00,7.125,7.2220001220703125,7.120999813079834,7.191999912261963,4085,0.0,0.0,0.0
2026-04-21 00:00:00+02:00,7.243000030517578,7.2820000648498535,7.22599983215332,7.22599983215332,4729,0.0,0.0,0.0
2026-04-22 00:00:00+02:00,7.209000110626221,7.2729997634887695,7.208000183105469,7.224999904632568,3787,0.0,0.0,0.0
2026-04-23 00:00:00+02:00,7.234000205993652,7.23799991607666,7.107999801635742,7.127999782562256,5590,0.0,0.0,0.0
2026-04-24 00:00:00+02:00,7.105000019073486,7.105000019073486,6.978000164031982,7.0229997634887695,10111,0.0,0.0,0.0
2026-04-27 00:00:00+02:00,6.9670000076293945,7.061999797821045,6.9670000076293945,7.008999824523926,3003,0.0,0.0,0.0
2026-04-28 00:00:00+02:00,7.005000114440918,7.00600004196167,6.834000110626221,6.839000225067139,10942,0.0,0.0,0.0
2026-04-29 00:00:00+02:00,6.860000133514404,6.860000133514404,6.6620001792907715,6.698999881744385,1012,0.0,0.0,0.0
2026-04-30 00:00:00+02:00,6.668000221252441,6.894000053405762,6.668000221252441,6.88100004196167,6937,0.0,0.0,0.0
2026-05-04 00:00:00+02:00,6.800000190734863,7.044000148773193,6.800000190734863,6.986999988555908,17792,0.0,0.0,0.0
2026-05-05 00:00:00+02:00,7.114999771118164,7.114999771118164,6.933000087738037,6.933000087738037,3338,0.0,0.0,0.0
2026-05-06 00:00:00+02:00,6.991000175476074,7.059999942779541,6.927000045776367,7.059999942779541,7576,0.0,0.0,0.0
2026-05-07 00:00:00+02:00,7.136000156402588,7.163000106811523,7.0289998054504395,7.0320000648498535,12701,0.0,0.0,0.0
2026-05-08 00:00:00+02:00,7.150000095367432,7.150000095367432,6.964000225067139,7.038000106811523,11300,0.0,0.0,0.0
2026-05-11 00:00:00+02:00,7.085000038146973,7.203999996185303,7.085000038146973,7.13700008392334,14451,0.0,0.0,0.0
2026-05-12 00:00:00+02:00,7.066999912261963,7.110000133514404,6.998000144958496,7.047999858856201,5789,0.0,0.0,0.0
2026-05-13 00:00:00+02:00,7.298999786376953,7.298999786376953,7.007999897003174,7.020999908447266,19957,0.0,0.0,0.0
2026-05-14 00:00:00+02:00,7.039999961853027,7.085000038146973,6.9710001945495605,7.026000022888184,2719,0.0,0.0,0.0
2026-05-15 00:00:00+02:00,6.973999977111816,6.974999904632568,6.821000099182129,6.821000099182129,3491,0.0,0.0,0.0
2026-05-18 00:00:00+02:00,6.798999786376953,6.9079999923706055,6.758999824523926,6.758999824523926,23348,0.0,0.0,0.0
2026-05-19 00:00:00+02:00,6.77400016784668,6.785999774932861,6.716000080108643,6.769000053405762,111176,0.0,0.0,0.0
2026-05-20 00:00:00+02:00,6.763000011444092,6.89300012588501,6.763000011444092,6.89300012588501,8978,0.0,0.0,0.0
2026-05-21 00:00:00+02:00,6.952000141143799,7.081999778747559,6.952000141143799,7.066999912261963,9785,0.0,0.0,0.0
2026-05-22 00:00:00+02:00,7.11899995803833,7.258999824523926,7.11899995803833,7.183000087738037,21265,0.0,0.0,0.0
2026-05-25 00:00:00+02:00,7.210999965667725,7.248000144958496,7.192999839782715,7.242000102996826,9939,0.0,0.0,0.0
2026-05-26 00:00:00+02:00,7.2210001945495605,7.239999771118164,7.14300012588501,7.209000110626221,13221,0.0,0.0,0.0
2026-05-27 00:00:00+02:00,7.209000110626221,7.368000030517578,7.209000110626221,7.314000129699707,37902,0.0,0.0,0.0
2026-05-28 00:00:00+02:00,7.359000205993652,7.5,7.309000015258789,7.480999946594238,4134,0.0,0.0,0.0
2026-05-29 00:00:00+02:00,7.51800012588501,7.585000038146973,7.51800012588501,7.546999931335449,22948,0.0,0.0,0.0
2026-06-01 00:00:00+02:00,7.581999778747559,7.61899995803833,7.375,7.460999965667725,6598,0.0,0.0,0.0
2026-06-02 00:00:00+02:00,7.433000087738037,7.433000087738037,7.296000003814697,7.361999988555908,28924,0.0,0.0,0.0
2026-06-03 00:00:00+02:00,7.4019999504089355,7.453999996185303,7.3429999351501465,7.453999996185303,19791,0.0,0.0,0.0
2026-06-04 00:00:00+02:00,7.539000034332275,7.879000186920166,7.5320000648498535,7.872000217437744,8807,0.0,0.0,0.0
2026-06-05 00:00:00+02:00,7.718999862670898,7.8379998207092285,7.5929999351501465,7.605999946594238,13876,0.0,0.0,0.0
2026-06-08 00:00:00+02:00,7.514999866485596,7.5279998779296875,7.442999839782715,7.442999839782715,7894,0.0,0.0,0.0
2026-06-09 00:00:00+02:00,7.394999980926514,7.515999794006348,7.324999809265137,7.3480000495910645,24121,0.0,0.0,0.0
2026-06-10 00:00:00+02:00,7.51800012588501,7.599999904632568,7.447000026702881,7.447000026702881,32078,0.0,0.0,0.0
2026-06-11 00:00:00+02:00,7.453999996185303,7.473999977111816,7.431000232696533,7.4710001945495605,12319,0.0,0.0,0.0
2026-06-12 00:00:00+02:00,7.5320000648498535,7.629000186920166,7.5320000648498535,7.5879998207092285,14672,0.0,0.0,0.0
2026-06-15 00:00:00+02:00,7.614999771118164,7.691999912261963,7.585000038146973,7.691999912261963,7637,0.0,0.0,0.0
2026-06-16 00:00:00+02:00,7.78000020980835,7.78000020980835,7.676000118255615,7.692999839782715,44963,0.0,0.0,0.0
2026-06-17 00:00:00+02:00,7.676000118255615,8.020000457763672,7.656000137329102,8.020000457763672,28586,0.0,0.0,0.0
2026-06-18 00:00:00+02:00,8.0,8.048999786376953,7.973999977111816,7.992000102996826,15318,0.0,0.0,0.0
2026-06-19 00:00:00+02:00,8.055000305175781,8.10099983215332,8.053000450134277,8.081000328063965,10953,0.0,0.0,0.0
2026-06-22 00:00:00+02:00,8.026000022888184,8.17300033569336,8.006999969482422,8.060999870300293,30849,0.0,0.0,0.0
2026-06-23 00:00:00+02:00,7.999000072479248,8.279999732971191,7.973999977111816,8.182999610900879,26645,0.0,0.0,0.0
2026-06-24 00:00:00+02:00,8.232000350952148,8.52400016784668,8.201000213623047,8.494000434875488,30069,0.0,0.0,0.0
2026-06-25 00:00:00+02:00,8.458000183105469,8.718000411987305,8.40999984741211,8.640999794006348,43738,0.0,0.0,0.0
2026-06-26 00:00:00+02:00,8.651000022888184,8.843000411987305,8.49899959564209,8.819999694824219,38291,0.0,0.0,0.0
2026-06-29 00:00:00+02:00,8.805000305175781,8.899999618530273,8.744000434875488,8.76099967956543,70286,0.0,0.0,0.0
2026-06-30 00:00:00+02:00,8.934000015258789,8.958000183105469,8.803999900817871,8.840999603271484,38000,0.0,0.0,0.0
2026-07-01 00:00:00+02:00,8.861000061035156,9.065999984741211,8.848999977111816,9.013999938964844,46082,0.0,0.0,0.0
2026-07-02 00:00:00+02:00,9.041000366210938,9.180000305175781,9.027000427246094,9.140000343322754,35117,0.0,0.0,0.0
2026-07-03 00:00:00+02:00,9.170000076293945,9.192999839782715,9.093000411987305,9.17199993133545,33851,0.0,0.0,0.0
2026-07-06 00:00:00+02:00,9.178999900817871,9.218000411987305,9.008999824523926,9.210000038146973,39424,0.0,0.0,0.0
2026-07-07 00:00:00+02:00,9.329000473022461,9.329000473022461,8.989999771118164,9.048999786376953,35302,0.0,0.0,0.0
2026-07-08 00:00:00+02:00,9.071999549865723,9.071999549865723,8.85200023651123,8.876999855041504,19838,0.0,0.0,0.0
2026-07-09 00:00:00+02:00,8.96500015258789,9.220999717712402,8.925000190734863,9.104999542236328,37325,0.0,0.0,0.0
2026-07-10 00:00:00+02:00,9.152000427246094,9.152000427246094,8.75100040435791,8.760000228881836,26147,0.0,0.0,0.0
2026-07-13 00:00:00+02:00,8.850000381469727,8.850000381469727,8.571000099182129,8.76200008392334,11875,0.0,0.0,0.0
2026-07-14 00:00:00+02:00,8.755999565124512,8.755999565124512,8.649999618530273,8.661999702453613,17117,0.0,0.0,0.0
2026-07-15 00:00:00+02:00,8.765999794006348,8.765999794006348,8.687999725341797,8.704999923706055,12288,0.0,0.0,0.0
2026-07-16 00:00:00+02:00,8.739999771118164,8.739999771118164,8.640000343322754,8.640000343322754,2333,0.0,0.0,0.0
2026-07-17 00:00:00+02:00,8.569000244140625,8.609999656677246,8.494000434875488,8.515999794006348,19942,0.0,0.0,0.0
2026-07-20 00:00:00+02:00,8.600000381469727,8.640999794006348,8.454000473022461,8.475000381469727,31291,0.0,0.0,0.0
2026-07-21 00:00:00+02:00,8.482999801635742,8.567999839782715,8.371000289916992,8.532999992370605,24450,0.0,0.0,0.0
2026-07-22 00:00:00+02:00,8.590999603271484,8.694999694824219,8.560999870300293,8.607000350952148,28786,0.0,0.0,0.0
2026-07-23 00:00:00+02:00,8.550000190734863,8.656000137329102,8.513999938964844,8.630999565124512,22866,0.0,0.0,0.0
2026-07-24 00:00:00+02:00,8.651000022888184,8.6850004196167,8.446999549865723,8.531999588012695,6507,0.0,0.0,0.0
2026-07-27 00:00:00+02:00,8.626999855041504,8.626999855041504,8.442000389099121,8.442000389099121,4920,0.0,0.0,0.0
2026-07-28 00:00:00+02:00,8.447999954223633,8.447999954223633,8.329000473022461,8.425999641418457,15557,0.0,0.0,0.0
2026-07-29 00:00:00+02:00,8.446999549865723,8.529999732971191,8.406000137329102,8.42300033569336,9603,0.0,0.0,0.0
2026-07-30 00:00:00+02:00,8.444999694824219,8.465999603271484,8.343999862670898,8.428000450134277,10338,0.0,0.0,0.0
2026-07-31 00:00:00+02:00,8.548999786376953,8.654999732971191,8.366999626159668,8.366999626159668,9686,0.0,0.0,0.0
2026-08-03 00:00:00+02:00,8.440999984741211,8.527999877929688,8.352999687194824,8.503999710083008,26711,0.0,0.0,0.0
2026-08-04 00:00:00+02:00,8.512999534606934,8.57800006866455,8.493000030517578,8.543999671936035,9056,0.0,0.0,0.0
2026-08-05 00:00:00+02:00,8.666000366210938,8.802000045776367,8.642999649047852,8.704000473022461,9117,0.0,0.0,0.0
2026-08-06 00:00:00+02:00,8.713000297546387,8.72700023651123,8.600000381469727,8.618000030517578,13045,0.0,0.0,0.0
2026-08-07 00:00:00+02:00,8.739999771118164,8.895999908447266,8.689000129699707,8.871999740600586,21667,0.0,0.0,0.0
2026-08-10 00:00:00+02:00,9.038999557495117,9.175000190734863,9.0,9.156000137329102,24988,0.0,0.0,0.0
2026-08-11 00:00:00+02:00,9.246000289916992,9.25,9.190999984741211,9.206999778747559,12709,0.0,0.0,0.0
2026-08-12 00:00:00+02:00,9.229999542236328,9.276000022888184,9.164999961853027,9.241000175476074,22294,0.0,0.0,0.0
2026-08-13 00:00:00+02:00,9.289999961853027,9.289999961853027,9.199999809265137,9.20199966430664,11165,0.0,0.0,0.0
2026-08-14 00:00:00+02:00,9.130999565124512,9.131999969482422,8.930000305175781,8.95300006866455,18948,0.0,0.0,0.0
2026-08-17 00:00:00+02:00,9.013999938964844,9.123000144958496,8.963000297546387,9.119000434875488,12800,0.0,0.0,0.0
2026-08-18 00:00:00+02:00,9.116999626159668,9.151000022888184,9.01200008392334,9.027999877929688,12931,0.0,0.0,0.0
2026-08-19 00:00:00+02:00,9.031999588012695,10.02400016784668,9.029000282287598,9.842000007629395,66367,0.0,0.0,0.0
2026-08-20 00:00:00+02:00,10.156000137329102,10.156000137329102,9.899999618530273,10.050000190734863,41882,0.0,0.0,0.0
2026-08-21 00:00:00+02:00,9.927000045776367,10.192000389099121,9.904999732971191,10.187999725341797,20385,0.0,0.0,0.0
2026-08-24 00:00:00+02:00,10.197999954223633,10.197999954223633,9.869000434875488,9.894000053405762,38099,0.0,0.0,0.0
2026-08-25 00:00:00+02:00,9.980999946594238,10.378000259399414,9.980999946594238,10.359999656677246,19418,0.0,0.0,0.0
2026-08-26 00:00:00+02:00,10.387999534606934,10.387999534606934,10.215999603271484,10.215999603271484,35408,0.0,0.0,0.0
2026-08-27 00:00:00+02:00,10.37600040435791,10.37600040435791,10.241999626159668,10.253999710083008,14925,0.0,0.0,0.0
2026-08-28 00:00:00+02:00,10.303999900817871,10.329999923706055,10.045999526977539,10.088000297546387,28563,0.0,0.0,0.0
2026-08-31 00:00:00+02:00,9.975000381469727,9.975000381469727,9.75,9.831999778747559,16268,0.0,0.0,0.0
2026-09-01 00:00:00+02:00,9.98799991607666,9.98799991607666,9.883999824523926,9.95300006866455,21358,0.0,0.0,0.0
2026-09-02 00:00:00+02:00,9.975000381469727,10.184000015258789,9.913999557495117,9.914999961853027,21816,0.0,0.0,0.0
2026-09-03 00:00:00+02:00,9.980999946594238,10.07800006866455,9.843000411987305,9.88599967956543,22841,0.0,0.0,0.0
2026-09-04 00:00:00+02:00,9.883000373840332,9.968999862670898,9.77400016784668,9.795999526977539,15052,0.0,0.0,0.0
2026-09-07 00:00:00+02:00,9.854000091552734,9.859999656677246,9.756999969482422,9.79699993133545,9251,0.0,0.0,0.0
2026-09-08 00:00:00+02:00,9.833000183105469,9.833000183105469,9.645000457763672,9.74899959564209,10605,0.0,0.0,0.0
2026-09-09 00:00:00+02:00,9.753000259399414,9.753000259399414,9.609000205993652,9.6899995803833,14188,0.0,0.0,0.0
2026-09-10 00:00:00+02:00,9.670999526977539,9.699999809265137,9.487000465393066,9.520000457763672,363194,0.0,0.0,0.0
2026-09-11 00:00:00+02:00,9.470000267028809,9.659000396728516,9.470000267028809,9.607000350952148,44925,0.0,0.0,0.0
2026-09-14 00:00:00+02:00,9.649999618530273,9.687000274658203,9.630999565124512,9.687000274658203,27957,0.0,0.0,0.0
2026-09-15 00:00:00+02:00,9.812000274658203,9.859000205993652,9.741000175476074,9.781999588012695,12520,0.0,0.0,0.0
2026-09-16 00:00:00+02:00,9.878000259399414,10.03600025177002,9.8149995803833,9.873000144958496,15998,0.0,0.0,0.0
2026-09-17 00:00:00+02:00,9.99899959564209,10.434000015258789,9.97700023651123,10.39799976348877,18292,0.0,0.0,0.0
2026-09-18 00:00:00+02:00,10.470000267028809,10.486000061035156,10.314000129699707,10.314000129699707,27652,0.0,0.0,0.0
