Date,Open,High,Low,Close,Volume,Dividends,Stock Splits,Capital Gains
2023-03-27 00:00:00+02:00,8.58899974822998,8.58899974822998,8.58899974822998,8.58899974822998,0,0.0,0.0,0.0
2023-03-28 00:00:00+02:00,8.407999992370605,8.407999992370605,8.407999992370605,8.407999992370605,0,0.0,0.0,0.0
2023-03-29 00:00:00+02:00,8.628999710083008,8.628999710083008,8.628999710083008,8.628999710083008,0,0.0,0.0,0.0
2023-03-30 00:00:00+02:00,8.809000015258789,8.809000015258789,8.809000015258789,8.809000015258789,0,0.0,0.0,0.0
2023-03-31 00:00:00+02:00,8.83899974822998,8.83899974822998,8.83899974822998,8.83899974822998,0,0.0,0.0,0.0
2023-04-03 00:00:00+02:00,8.746000289916992,8.746000289916992,8.746000289916992,8.746000289916992,0,0.0,0.0,0.0
2023-04-04 00:00:00+02:00,8.670000076293945,8.670000076293945,8.670000076293945,8.670000076293945,0,0.0,0.0,0.0
2023-04-05 00:00:00+02:00,8.465999603271484,8.465999603271484,8.465999603271484,8.465999603271484,0,0.0,0.0,0.0
2023-04-06 00:00:00+02:00,8.456000328063965,8.456000328063965,8.456000328063965,8.456000328063965,0,0.0,0.0,0.0
2023-04-11 00:00:00+02:00,8.583999633789062,8.583999633789062,8.583999633789062,8.583999633789062,0,0.0,0.0,0.0
2023-04-12 00:00:00+02:00,8.435999870300293,8.435999870300293,8.435999870300293,8.435999870300293,0,0.0,0.0,0.0
2023-04-13 00:00:00+02:00,8.373000144958496,8.373000144958496,8.373000144958496,8.373000144958496,0,0.0,0.0,0.0
2023-04-14 00:00:00+02:00,8.41100025177002,8.41100025177002,8.41100025177002,8.41100025177002,0,0.0,0.0,0.0
2023-04-17 00:00:00+02:00,8.388999938964844,8.388999938964844,8.388999938964844,8.388999938964844,0,0.0,0.0,0.0
2023-04-18 00:00:00+02:00,8.434000015258789,8.434000015258789,8.434000015258789,8.434000015258789,0,0.0,0.0,0.0
2023-04-19 00:00:00+02:00,8.300999641418457,8.300999641418457,8.300999641418457,8.300999641418457,0,0.0,0.0,0.0
2023-04-20 00:00:00+02:00,8.347000122070312,8.347000122070312,8.347000122070312,8.347000122070312,0,0.0,0.0,0.0
2023-04-21 00:00:00+02:00,8.26200008392334,8.26200008392334,8.26200008392334,8.26200008392334,0,0.0,0.0,0.0
2023-04-24 00:00:00+02:00,8.175999641418457,8.175999641418457,8.175999641418457,8.175999641418457,0,0.0,0.0,0.0
2023-04-25 00:00:00+02:00,8.175999641418457,8.175999641418457,8.175999641418457,8.175999641418457,0,0.0,0.0,0.0
2023-04-26 00:00:00+02:00,8.00100040435791,8.00100040435791,8.00100040435791,8.00100040435791,0,0.0,0.0,0.0
2023-04-27 00:00:00+02:00,7.945000171661377,7.945000171661377,7.945000171661377,7.945000171661377,0,0.0,0.0,0.0
2023-04-28 00:00:00+02:00,8.034000396728516,8.034000396728516,8.034000396728516,8.034000396728516,0,0.0,0.0,0.0
2023-05-02 00:00:00+02:00,8.104999542236328,8.104999542236328,8.104999542236328,8.104999542236328,0,0.0,0.0,0.0
2023-05-03 00:00:00+02:00,8.039999961853027,8.039999961853027,8.039999961853027,8.039999961853027,0,0.0,0.0,0.0
2023-05-04 00:00:00+02:00,8.017999649047852,8.017999649047852,8.017999649047852,8.017999649047852,0,0.0,0.0,0.0
2023-05-05 00:00:00+02:00,8.145999908447266,8.145999908447266,8.145999908447266,8.145999908447266,0,0.0,0.0,0.0
2023-05-08 00:00:00+02:00,8.192999839782715,8.192999839782715,8.192999839782715,8.192999839782715,0,0.0,0.0,0.0
2023-05-09 00:00:00+02:00,8.159000396728516,8.159000396728516,8.159000396728516,8.159000396728516,0,0.0,0.0,0.0
2023-05-10 00:00:00+02:00,8.234999656677246,8.234999656677246,8.234999656677246,8.234999656677246,0,0.0,0.0,0.0
2023-05-11 00:00:00+02:00,8.170000076293945,8.170000076293945,8.170000076293945,8.170000076293945,0,0.0,0.0,0.0
2023-05-12 00:00:00+02:00,8.24899959564209,8.24899959564209,8.24899959564209,8.24899959564209,0,0.0,0.0,0.0
2023-05-15 00:00:00+02:00,8.314000129699707,8.314000129699707,8.314000129699707,8.314000129699707,0,0.0,0.0,0.0
2023-05-16 00:00:00+02:00,8.508000373840332,8.508000373840332,8.508000373840332,8.508000373840332,0,0.0,0.0,0.0
2023-05-17 00:00:00+02:00,8.616999626159668,8.616999626159668,8.616999626159668,8.616999626159668,0,0.0,0.0,0.0
2023-05-18 00:00:00+02:00,8.979999542236328,8.979999542236328,8.979999542236328,8.979999542236328,0,0.0,0.0,0.0
2023-05-19 00:00:00+02:00,8.979999542236328,8.979999542236328,8.979999542236328,8.979999542236328,0,0.0,0.0,0.0
2023-05-22 00:00:00+02:00,8.979999542236328,8.979999542236328,8.979999542236328,8.979999542236328,0,0.0,0.0,0.0
2023-05-23 00:00:00+02:00,8.979999542236328,8.979999542236328,8.979999542236328,8.979999542236328,0,0.0,0.0,0.0
2023-05-24 00:00:00+02:00,8.979999542236328,8.979999542236328,8.979999542236328,8.979999542236328,0,0.0,0.0,0.0
2023-05-25 00:00:00+02:00,8.979999542236328,8.979999542236328,8.979999542236328,8.979999542236328,0,0.0,0.0,0.0
2023-05-26 00:00:00+02:00,8.979999542236328,8.979999542236328,8.979999542236328,8.979999542236328,0,0.0,0.0,0.0
2023-05-29 00:00:00+02:00,8.979999542236328,8.979999542236328,8.979999542236328,8.979999542236328,0,0.0,0.0,0.0
2023-05-30 00:00:00+02:00,8.979999542236328,8.979999542236328,8.979999542236328,8.979999542236328,0,0.0,0.0,0.0
2023-05-31 00:00:00+02:00,8.979999542236328,8.979999542236328,8.979999542236328,8.979999542236328,0,0.0,0.0,0.0
2023-06-01 00:00:00+02:00,8.979999542236328,8.979999542236328,8.979999542236328,8.979999542236328,0,0.0,0.0,0.0
2023-06-02 00:00:00+02:00,8.979999542236328,8.979999542236328,8.979999542236328,8.979999542236328,0,0.0,0.0,0.0
2023-06-05 00:00:00+02:00,8.979999542236328,8.979999542236328,8.979999542236328,8.979999542236328,0,0.0,0.0,0.0
2023-06-06 00:00:00+02:00,8.979999542236328,8.979999542236328,8.979999542236328,8.979999542236328,0,0.0,0.0,0.0
2023-06-07 00:00:00+02:00,8.979999542236328,8.979999542236328,8.979999542236328,8.979999542236328,0,0.0,0.0,0.0
2023-06-08 00:00:00+02:00,8.979999542236328,8.979999542236328,8.979999542236328,8.979999542236328,0,0.0,0.0,0.0
2023-06-09 00:00:00+02:00,8.979999542236328,8.979999542236328,8.979999542236328,8.979999542236328,0,0.0,0.0,0.0
2023-06-12 00:00:00+02:00,8.979999542236328,8.979999542236328,8.979999542236328,8.979999542236328,0,0.0,0.0,0.0
2023-06-13 00:00:00+02:00,8.979999542236328,8.979999542236328,8.979999542236328,8.979999542236328,0,0.0,0.0,0.0
2023-06-14 00:00:00+02:00,8.979999542236328,8.979999542236328,8.979999542236328,8.979999542236328,0,0.0,0.0,0.0
2023-06-15 00:00:00+02:00,8.979999542236328,8.979999542236328,8.979999542236328,8.979999542236328,0,0.0,0.0,0.0
2023-06-16 00:00:00+02:00,8.979999542236328,8.979999542236328,8.979999542236328,8.979999542236328,0,0.0,0.0,0.0
2023-06-19 00:00:00+02:00,8.979999542236328,8.979999542236328,8.979999542236328,8.979999542236328,0,0.0,0.0,0.0
2023-06-20 00:00:00+02:00,8.979999542236328,8.979999542236328,8.979999542236328,8.979999542236328,0,0.0,0.0,0.0
2023-06-21 00:00:00+02:00,8.979999542236328,8.979999542236328,8.979999542236328,8.979999542236328,0,0.0,0.0,0.0
2023-06-22 00:00:00+02:00,8.979999542236328,8.979999542236328,8.979999542236328,8.979999542236328,0,0.0,0.0,0.0
2023-06-23 00:00:00+02:00,8.979999542236328,8.979999542236328,8.979999542236328,8.979999542236328,0,0.0,0.0,0.0
2023-06-26 00:00:00+02:00,8.979999542236328,8.979999542236328,8.979999542236328,8.979999542236328,0,0.0,0.0,0.0
2023-06-27 00:00:00+02:00,8.979999542236328,8.979999542236328,8.979999542236328,8.979999542236328,0,0.0,0.0,0.0
2023-06-28 00:00:00+02:00,8.979999542236328,8.979999542236328,8.979999542236328,8.979999542236328,0,0.0,0.0,0.0
2023-06-29 00:00:00+02:00,8.979999542236328,8.979999542236328,8.979999542236328,8.979999542236328,0,0.0,0.0,0.0
2023-06-30 00:00:00+02:00,8.979999542236328,8.979999542236328,8.979999542236328,8.979999542236328,0,0.0,0.0,0.0
2023-07-03 00:00:00+02:00,8.979999542236328,8.979999542236328,8.979999542236328,8.979999542236328,0,0.0,0.0,0.0
2023-07-04 00:00:00+02:00,8.979999542236328,8.979999542236328,8.979999542236328,8.979999542236328,0,0.0,0.0,0.0
2023-07-05 00:00:00+02:00,8.979999542236328,8.979999542236328,8.979999542236328,8.979999542236328,0,0.0,0.0,0.0
2023-07-06 00:00:00+02:00,8.979999542236328,8.979999542236328,8.979999542236328,8.979999542236328,0,0.0,0.0,0.0
2023-07-07 00:00:00+02:00,8.979999542236328,8.979999542236328,8.979999542236328,8.979999542236328,0,0.0,0.0,0.0
2023-07-10 00:00:00+02:00,8.979999542236328,8.979999542236328,8.979999542236328,8.979999542236328,0,0.0,0.0,0.0
2023-07-11 00:00:00+02:00,8.979999542236328,8.979999542236328,8.979999542236328,8.979999542236328,0,0.0,0.0,0.0
2023-07-12 00:00:00+02:00,8.979999542236328,8.979999542236328,8.979999542236328,8.979999542236328,0,0.0,0.0,0.0
2023-07-13 00:00:00+02:00,8.979999542236328,8.979999542236328,8.979999542236328,8.979999542236328,0,0.0,0.0,0.0
2023-07-14 00:00:00+02:00,8.979999542236328,8.979999542236328,8.979999542236328,8.979999542236328,0,0.0,0.0,0.0
2023-07-17 00:00:00+02:00,8.979999542236328,8.979999542236328,8.979999542236328,8.979999542236328,0,0.0,0.0,0.0
2023-07-18 00:00:00+02:00,8.979999542236328,8.979999542236328,8.979999542236328,8.979999542236328,0,0.0,0.0,0.0
2023-07-19 00:00:00+02:00,8.979999542236328,8.979999542236328,8.979999542236328,8.979999542236328,0,0.0,0.0,0.0
2023-07-20 00:00:00+02:00,8.979999542236328,8.979999542236328,8.979999542236328,8.979999542236328,0,0.0,0.0,0.0
2023-07-21 00:00:00+02:00,8.979999542236328,8.979999542236328,8.979999542236328,8.979999542236328,0,0.0,0.0,0.0
2023-07-24 00:00:00+02:00,8.979999542236328,8.979999542236328,8.979999542236328,8.979999542236328,0,0.0,0.0,0.0
2023-07-25 00:00:00+02:00,8.979999542236328,8.979999542236328,8.979999542236328,8.979999542236328,0,0.0,0.0,0.0
2023-07-26 00:00:00+02:00,8.979999542236328,8.979999542236328,8.979999542236328,8.979999542236328,0,0.0,0.0,0.0
2023-07-27 00:00:00+02:00,8.979999542236328,8.979999542236328,8.979999542236328,8.979999542236328,0,0.0,0.0,0.0
2023-07-28 00:00:00+02:00,8.979999542236328,8.979999542236328,8.979999542236328,8.979999542236328,0,0.0,0.0,0.0
2023-07-31 00:00:00+02:00,8.979999542236328,8.979999542236328,8.979999542236328,8.979999542236328,0,0.0,0.0,0.0
2023-08-01 00:00:00+02:00,8.979999542236328,8.979999542236328,8.979999542236328,8.979999542236328,0,0.0,0.0,0.0
2023-08-02 00:00:00+02:00,8.979999542236328,8.979999542236328,8.979999542236328,8.979999542236328,0,0.0,0.0,0.0
2023-08-03 00:00:00+02:00,8.979999542236328,8.979999542236328,8.979999542236328,8.979999542236328,0,0.0,0.0,0.0
2023-08-04 00:00:00+02:00,8.979999542236328,8.979999542236328,8.979999542236328,8.979999542236328,0,0.0,0.0,0.0
2023-08-07 00:00:00+02:00,8.979999542236328,8.979999542236328,8.979999542236328,8.979999542236328,0,0.0,0.0,0.0
2023-08-08 00:00:00+02:00,8.979999542236328,8.979999542236328,8.979999542236328,8.979999542236328,0,0.0,0.0,0.0
2023-08-09 00:00:00+02:00,8.979999542236328,8.979999542236328,8.979999542236328,8.979999542236328,0,0.0,0.0,0.0
2023-08-10 00:00:00+02:00,8.979999542236328,8.979999542236328,8.979999542236328,8.979999542236328,0,0.0,0.0,0.0
2023-08-11 00:00:00+02:00,8.979999542236328,8.979999542236328,8.979999542236328,8.979999542236328,0,0.0,0.0,0.0
2023-08-14 00:00:00+02:00,8.979999542236328,8.979999542236328,8.979999542236328,8.979999542236328,0,0.0,0.0,0.0
2023-08-16 00:00:00+02:00,8.979999542236328,8.979999542236328,8.979999542236328,8.979999542236328,0,0.0,0.0,0.0
2023-08-17 00:00:00+02:00,8.979999542236328,8.979999542236328,8.979999542236328,8.979999542236328,0,0.0,0.0,0.0
2023-08-18 00:00:00+02:00,8.979999542236328,8.979999542236328,8.979999542236328,8.979999542236328,0,0.0,0.0,0.0
2023-08-21 00:00:00+02:00,8.979999542236328,8.979999542236328,8.979999542236328,8.979999542236328,0,0.0,0.0,0.0
2023-08-22 00:00:00+02:00,8.979999542236328,8.979999542236328,8.979999542236328,8.979999542236328,0,0.0,0.0,0.0
2023-08-23 00:00:00+02:00,8.979999542236328,8.979999542236328,8.979999542236328,8.979999542236328,0,0.0,0.0,0.0
2023-08-24 00:00:00+02:00,8.979999542236328,8.979999542236328,8.979999542236328,8.979999542236328,0,0.0,0.0,0.0
2023-08-25 00:00:00+02:00,8.979999542236328,8.979999542236328,8.979999542236328,8.979999542236328,0,0.0,0.0,0.0
2023-08-28 00:00:00+02:00,8.979999542236328,8.979999542236328,8.979999542236328,8.979999542236328,0,0.0,0.0,0.0
2023-08-29 00:00:00+02:00,8.979999542236328,8.979999542236328,8.979999542236328,8.979999542236328,0,0.0,0.0,0.0
2023-08-30 00:00:00+02:00,8.979999542236328,8.979999542236328,8.979999542236328,8.979999542236328,0,0.0,0.0,0.0
2023-08-31 00:00:00+02:00,8.979999542236328,8.979999542236328,8.979999542236328,8.979999542236328,0,0.0,0.0,0.0
2023-09-01 00:00:00+02:00,8.979999542236328,8.979999542236328,8.979999542236328,8.979999542236328,0,0.0,0.0,0.0
2023-09-04 00:00:00+02:00,8.979999542236328,8.979999542236328,8.979999542236328,8.979999542236328,0,0.0,0.0,0.0
2023-09-05 00:00:00+02:00,8.979999542236328,8.979999542236328,8.979999542236328,8.979999542236328,0,0.0,0.0,0.0
2023-09-06 00:00:00+02:00,8.979999542236328,8.979999542236328,8.979999542236328,8.979999542236328,0,0.0,0.0,0.0
2023-09-07 00:00:00+02:00,8.979999542236328,8.979999542236328,8.979999542236328,8.979999542236328,0,0.0,0.0,0.0
2023-09-08 00:00:00+02:00,8.979999542236328,8.979999542236328,8.979999542236328,8.979999542236328,0,0.0,0.0,0.0
2023-09-11 00:00:00+02:00,8.979999542236328,8.979999542236328,8.979999542236328,8.979999542236328,0,0.0,0.0,0.0
2023-09-12 00:00:00+02:00,8.979999542236328,8.979999542236328,8.979999542236328,8.979999542236328,0,0.0,0.0,0.0
2023-09-13 00:00:00+02:00,8.979999542236328,8.979999542236328,8.979999542236328,8.979999542236328,0,0.0,0.0,0.0
2023-09-14 00:00:00+02:00,8.979999542236328,8.979999542236328,8.979999542236328,8.979999542236328,0,0.0,0.0,0.0
2023-09-15 00:00:00+02:00,8.979999542236328,8.979999542236328,8.979999542236328,8.979999542236328,0,0.0,0.0,0.0
2023-09-18 00:00:00+02:00,8.979999542236328,8.979999542236328,8.979999542236328,8.979999542236328,0,0.0,0.0,0.0
2023-09-19 00:00:00+02:00,8.979999542236328,8.979999542236328,8.979999542236328,8.979999542236328,0,0.0,0.0,0.0
2023-09-20 00:00:00+02:00,8.979999542236328,8.979999542236328,8.979999542236328,8.979999542236328,0,0.0,0.0,0.0
2023-09-21 00:00:00+02:00,8.979999542236328,8.979999542236328,8.979999542236328,8.979999542236328,0,0.0,0.0,0.0
2023-09-22 00:00:00+02:00,8.979999542236328,8.979999542236328,8.979999542236328,8.979999542236328,0,0.0,0.0,0.0
2023-09-25 00:00:00+02:00,8.979999542236328,8.979999542236328,8.979999542236328,8.979999542236328,0,0.0,0.0,0.0
2023-09-26 00:00:00+02:00,8.979999542236328,8.979999542236328,8.979999542236328,8.979999542236328,0,0.0,0.0,0.0
2023-09-27 00:00:00+02:00,8.979999542236328,8.979999542236328,8.979999542236328,8.979999542236328,0,0.0,0.0,0.0
2023-09-28 00:00:00+02:00,8.979999542236328,8.979999542236328,8.979999542236328,8.979999542236328,0,0.0,0.0,0.0
2023-09-29 00:00:00+02:00,8.979999542236328,8.979999542236328,8.979999542236328,8.979999542236328,0,0.0,0.0,0.0
2023-10-02 00:00:00+02:00,8.979999542236328,8.979999542236328,8.979999542236328,8.979999542236328,0,0.0,0.0,0.0
2023-10-03 00:00:00+02:00,8.979999542236328,8.979999542236328,8.979999542236328,8.979999542236328,0,0.0,0.0,0.0
2023-10-04 00:00:00+02:00,8.979999542236328,8.979999542236328,8.979999542236328,8.979999542236328,0,0.0,0.0,0.0
2023-10-05 00:00:00+02:00,8.979999542236328,8.979999542236328,8.979999542236328,8.979999542236328,0,0.0,0.0,0.0
2023-10-06 00:00:00+02:00,8.979999542236328,8.979999542236328,8.979999542236328,8.979999542236328,0,0.0,0.0,0.0
2023-10-09 00:00:00+02:00,8.979999542236328,8.979999542236328,8.979999542236328,8.979999542236328,0,0.0,0.0,0.0
2023-10-10 00:00:00+02:00,8.979999542236328,8.979999542236328,8.979999542236328,8.979999542236328,0,0.0,0.0,0.0
2023-10-11 00:00:00+02:00,8.979999542236328,8.979999542236328,8.979999542236328,8.979999542236328,0,0.0,0.0,0.0
2023-10-12 00:00:00+02:00,8.979999542236328,8.979999542236328,8.979999542236328,8.979999542236328,0,0.0,0.0,0.0
2023-10-13 00:00:00+02:00,8.979999542236328,8.979999542236328,8.979999542236328,8.979999542236328,0,0.0,0.0,0.0
2023-10-16 00:00:00+02:00,8.979999542236328,8.979999542236328,8.979999542236328,8.979999542236328,0,0.0,0.0,0.0
2023-10-17 00:00:00+02:00,8.979999542236328,8.979999542236328,8.979999542236328,8.979999542236328,0,0.0,0.0,0.0
2023-10-18 00:00:00+02:00,8.979999542236328,8.979999542236328,8.979999542236328,8.979999542236328,0,0.0,0.0,0.0
2023-10-19 00:00:00+02:00,8.979999542236328,8.979999542236328,8.979999542236328,8.979999542236328,0,0.0,0.0,0.0
2023-10-20 00:00:00+02:00,8.979999542236328,8.979999542236328,8.979999542236328,8.979999542236328,0,0.0,0.0,0.0
2023-10-23 00:00:00+02:00,8.979999542236328,8.979999542236328,8.979999542236328,8.979999542236328,0,0.0,0.0,0.0
2023-10-24 00:00:00+02:00,8.979999542236328,8.979999542236328,8.979999542236328,8.979999542236328,0,0.0,0.0,0.0
2023-10-25 00:00:00+02:00,8.979999542236328,8.979999542236328,8.979999542236328,8.979999542236328,0,0.0,0.0,0.0
2023-10-26 00:00:00+02:00,8.979999542236328,8.979999542236328,8.979999542236328,8.979999542236328,0,0.0,0.0,0.0
2023-10-27 00:00:00+02:00,8.979999542236328,8.979999542236328,8.979999542236328,8.979999542236328,0,0.0,0.0,0.0
2023-10-30 00:00:00+01:00,8.979999542236328,8.979999542236328,8.979999542236328,8.979999542236328,0,0.0,0.0,0.0
2023-10-31 00:00:00+01:00,8.979999542236328,8.979999542236328,8.979999542236328,8.979999542236328,0,0.0,0.0,0.0
2023-11-01 00:00:00+01:00,8.979999542236328,8.979999542236328,8.979999542236328,8.979999542236328,0,0.0,0.0,0.0
2023-11-02 00:00:00+01:00,8.979999542236328,8.979999542236328,8.979999542236328,8.979999542236328,0,0.0,0.0,0.0
2023-11-03 00:00:00+01:00,8.979999542236328,8.979999542236328,8.979999542236328,8.979999542236328,0,0.0,0.0,0.0
2023-11-06 00:00:00+01:00,8.979999542236328,8.979999542236328,8.979999542236328,8.979999542236328,0,0.0,0.0,0.0
2023-11-07 00:00:00+01:00,8.979999542236328,8.979999542236328,8.979999542236328,8.979999542236328,0,0.0,0.0,0.0
2023-11-08 00:00:00+01:00,8.979999542236328,8.979999542236328,8.979999542236328,8.979999542236328,0,0.0,0.0,0.0
2023-11-09 00:00:00+01:00,8.979999542236328,8.979999542236328,8.979999542236328,8.979999542236328,0,0.0,0.0,0.0
2023-11-10 00:00:00+01:00,8.979999542236328,8.979999542236328,8.979999542236328,8.979999542236328,0,0.0,0.0,0.0
2023-11-13 00:00:00+01:00,8.979999542236328,8.979999542236328,8.979999542236328,8.979999542236328,0,0.0,0.0,0.0
2023-11-14 00:00:00+01:00,8.979999542236328,8.979999542236328,8.979999542236328,8.979999542236328,0,0.0,0.0,0.0
2023-11-15 00:00:00+01:00,8.979999542236328,8.979999542236328,8.979999542236328,8.979999542236328,0,0.0,0.0,0.0
2023-11-16 00:00:00+01:00,8.979999542236328,8.979999542236328,8.979999542236328,8.979999542236328,0,0.0,0.0,0.0
2023-11-17 00:00:00+01:00,8.979999542236328,8.979999542236328,8.979999542236328,8.979999542236328,0,0.0,0.0,0.0
2023-11-20 00:00:00+01:00,8.979999542236328,8.979999542236328,8.979999542236328,8.979999542236328,0,0.0,0.0,0.0
2023-11-21 00:00:00+01:00,8.979999542236328,8.979999542236328,8.979999542236328,8.979999542236328,0,0.0,0.0,0.0
2023-11-22 00:00:00+01:00,8.979999542236328,8.979999542236328,8.979999542236328,8.979999542236328,0,0.0,0.0,0.0
2023-11-23 00:00:00+01:00,8.979999542236328,8.979999542236328,8.979999542236328,8.979999542236328,0,0.0,0.0,0.0
2023-11-24 00:00:00+01:00,8.979999542236328,8.979999542236328,8.979999542236328,8.979999542236328,0,0.0,0.0,0.0
2023-11-27 00:00:00+01:00,8.979999542236328,8.979999542236328,8.979999542236328,8.979999542236328,0,0.0,0.0,0.0
2023-11-28 00:00:00+01:00,8.979999542236328,8.979999542236328,8.979999542236328,8.979999542236328,0,0.0,0.0,0.0
2023-11-29 00:00:00+01:00,8.979999542236328,8.979999542236328,8.979999542236328,8.979999542236328,0,0.0,0.0,0.0
2023-11-30 00:00:00+01:00,8.979999542236328,8.979999542236328,8.979999542236328,8.979999542236328,0,0.0,0.0,0.0
2023-12-01 00:00:00+01:00,8.979999542236328,8.979999542236328,8.979999542236328,8.979999542236328,0,0.0,0.0,0.0
2023-12-04 00:00:00+01:00,8.979999542236328,8.979999542236328,8.979999542236328,8.979999542236328,0,0.0,0.0,0.0
2023-12-05 00:00:00+01:00,8.979999542236328,8.979999542236328,8.979999542236328,8.979999542236328,0,0.0,0.0,0.0
2023-12-06 00:00:00+01:00,8.979999542236328,8.979999542236328,8.979999542236328,8.979999542236328,0,0.0,0.0,0.0
2023-12-07 00:00:00+01:00,8.979999542236328,8.979999542236328,8.979999542236328,8.979999542236328,0,0.0,0.0,0.0
2023-12-08 00:00:00+01:00,8.979999542236328,8.979999542236328,8.979999542236328,8.979999542236328,0,0.0,0.0,0.0
2023-12-11 00:00:00+01:00,8.979999542236328,8.979999542236328,8.979999542236328,8.979999542236328,0,0.0,0.0,0.0
2023-12-12 00:00:00+01:00,8.979999542236328,8.979999542236328,8.979999542236328,8.979999542236328,0,0.0,0.0,0.0
2023-12-13 00:00:00+01:00,8.979999542236328,8.979999542236328,8.979999542236328,8.979999542236328,0,0.0,0.0,0.0
2023-12-14 00:00:00+01:00,8.979999542236328,8.979999542236328,8.979999542236328,8.979999542236328,0,0.0,0.0,0.0
2023-12-15 00:00:00+01:00,8.979999542236328,8.979999542236328,8.979999542236328,8.979999542236328,0,0.0,0.0,0.0
2023-12-18 00:00:00+01:00,8.979999542236328,8.979999542236328,8.979999542236328,8.979999542236328,0,0.0,0.0,0.0
2023-12-19 00:00:00+01:00,8.979999542236328,8.979999542236328,8.979999542236328,8.979999542236328,0,0.0,0.0,0.0
2023-12-20 00:00:00+01:00,8.979999542236328,8.979999542236328,8.979999542236328,8.979999542236328,0,0.0,0.0,0.0
2023-12-21 00:00:00+01:00,8.979999542236328,8.979999542236328,8.979999542236328,8.979999542236328,0,0.0,0.0,0.0
2023-12-22 00:00:00+01:00,8.979999542236328,8.979999542236328,8.979999542236328,8.979999542236328,0,0.0,0.0,0.0
2023-12-27 00:00:00+01:00,8.979999542236328,8.979999542236328,8.979999542236328,8.979999542236328,0,0.0,0.0,0.0
2023-12-28 00:00:00+01:00,8.979999542236328,8.979999542236328,8.979999542236328,8.979999542236328,0,0.0,0.0,0.0
2023-12-29 00:00:00+01:00,8.979999542236328,8.979999542236328,8.979999542236328,8.979999542236328,0,0.0,0.0,0.0
2024-01-02 00:00:00+01:00,8.979999542236328,8.979999542236328,8.979999542236328,8.979999542236328,0,0.0,0.0,0.0
2024-01-03 00:00:00+01:00,8.979999542236328,8.979999542236328,8.979999542236328,8.979999542236328,0,0.0,0.0,0.0
2024-01-04 00:00:00+01:00,8.979999542236328,8.979999542236328,8.979999542236328,8.979999542236328,0,0.0,0.0,0.0
2024-01-05 00:00:00+01:00,8.979999542236328,8.979999542236328,8.979999542236328,8.979999542236328,0,0.0,0.0,0.0
2024-01-08 00:00:00+01:00,8.979999542236328,8.979999542236328,8.979999542236328,8.979999542236328,0,0.0,0.0,0.0
2024-01-09 00:00:00+01:00,8.979999542236328,8.979999542236328,8.979999542236328,8.979999542236328,0,0.0,0.0,0.0
2024-01-10 00:00:00+01:00,8.979999542236328,8.979999542236328,8.979999542236328,8.979999542236328,0,0.0,0.0,0.0
2024-01-11 00:00:00+01:00,8.979999542236328,8.979999542236328,8.979999542236328,8.979999542236328,0,0.0,0.0,0.0
2024-01-12 00:00:00+01:00,8.979999542236328,8.979999542236328,8.979999542236328,8.979999542236328,0,0.0,0.0,0.0
2024-01-15 00:00:00+01:00,8.979999542236328,8.979999542236328,8.979999542236328,8.979999542236328,0,0.0,0.0,0.0
2024-01-16 00:00:00+01:00,8.979999542236328,8.979999542236328,8.979999542236328,8.979999542236328,0,0.0,0.0,0.0
2024-01-17 00:00:00+01:00,8.979999542236328,8.979999542236328,8.979999542236328,8.979999542236328,0,0.0,0.0,0.0
2024-01-18 00:00:00+01:00,8.979999542236328,8.979999542236328,8.979999542236328,8.979999542236328,0,0.0,0.0,0.0
2024-01-19 00:00:00+01:00,8.979999542236328,8.979999542236328,8.979999542236328,8.979999542236328,0,0.0,0.0,0.0
2024-01-22 00:00:00+01:00,8.979999542236328,8.979999542236328,8.979999542236328,8.979999542236328,0,0.0,0.0,0.0
2024-01-23 00:00:00+01:00,8.979999542236328,8.979999542236328,8.979999542236328,8.979999542236328,0,0.0,0.0,0.0
2024-01-24 00:00:00+01:00,8.979999542236328,8.979999542236328,8.979999542236328,8.979999542236328,0,0.0,0.0,0.0
2024-01-25 00:00:00+01:00,8.979999542236328,8.979999542236328,8.979999542236328,8.979999542236328,0,0.0,0.0,0.0
2024-01-26 00:00:00+01:00,8.979999542236328,8.979999542236328,8.979999542236328,8.979999542236328,0,0.0,0.0,0.0
2024-01-29 00:00:00+01:00,8.979999542236328,8.979999542236328,8.979999542236328,8.979999542236328,0,0.0,0.0,0.0
2024-01-30 00:00:00+01:00,8.979999542236328,8.979999542236328,8.979999542236328,8.979999542236328,0,0.0,0.0,0.0
2024-01-31 00:00:00+01:00,8.979999542236328,8.979999542236328,8.979999542236328,8.979999542236328,0,0.0,0.0,0.0
2024-02-01 00:00:00+01:00,8.979999542236328,8.979999542236328,8.979999542236328,8.979999542236328,0,0.0,0.0,0.0
2024-02-02 00:00:00+01:00,8.979999542236328,8.979999542236328,8.979999542236328,8.979999542236328,0,0.0,0.0,0.0
2024-02-05 00:00:00+01:00,8.979999542236328,8.979999542236328,8.979999542236328,8.979999542236328,0,0.0,0.0,0.0
2024-02-06 00:00:00+01:00,8.979999542236328,8.979999542236328,8.979999542236328,8.979999542236328,0,0.0,0.0,0.0
2024-02-07 00:00:00+01:00,8.979999542236328,8.979999542236328,8.979999542236328,8.979999542236328,0,0.0,0.0,0.0
2024-02-08 00:00:00+01:00,8.979999542236328,8.979999542236328,8.979999542236328,8.979999542236328,0,0.0,0.0,0.0
2024-02-09 00:00:00+01:00,8.979999542236328,8.979999542236328,8.979999542236328,8.979999542236328,0,0.0,0.0,0.0
2024-02-12 00:00:00+01:00,8.979999542236328,8.979999542236328,8.979999542236328,8.979999542236328,0,0.0,0.0,0.0
2024-02-13 00:00:00+01:00,8.979999542236328,8.979999542236328,8.979999542236328,8.979999542236328,0,0.0,0.0,0.0
2024-02-14 00:00:00+01:00,8.979999542236328,8.979999542236328,8.979999542236328,8.979999542236328,0,0.0,0.0,0.0
2024-02-15 00:00:00+01:00,8.979999542236328,8.979999542236328,8.979999542236328,8.979999542236328,0,0.0,0.0,0.0
2024-02-16 00:00:00+01:00,8.979999542236328,8.979999542236328,8.979999542236328,8.979999542236328,0,0.0,0.0,0.0
2024-02-19 00:00:00+01:00,8.979999542236328,8.979999542236328,8.979999542236328,8.979999542236328,0,0.0,0.0,0.0
2024-02-20 00:00:00+01:00,8.979999542236328,8.979999542236328,8.979999542236328,8.979999542236328,0,0.0,0.0,0.0
2024-02-21 00:00:00+01:00,8.979999542236328,8.979999542236328,8.979999542236328,8.979999542236328,0,0.0,0.0,0.0
2024-02-22 00:00:00+01:00,8.979999542236328,8.979999542236328,8.979999542236328,8.979999542236328,0,0.0,0.0,0.0
2024-02-23 00:00:00+01:00,8.979999542236328,8.979999542236328,8.979999542236328,8.979999542236328,0,0.0,0.0,0.0
2024-02-26 00:00:00+01:00,8.979999542236328,8.979999542236328,8.979999542236328,8.979999542236328,0,0.0,0.0,0.0
2024-02-27 00:00:00+01:00,8.979999542236328,8.979999542236328,8.979999542236328,8.979999542236328,0,0.0,0.0,0.0
2024-02-28 00:00:00+01:00,8.979999542236328,8.979999542236328,8.979999542236328,8.979999542236328,0,0.0,0.0,0.0
2024-02-29 00:00:00+01:00,8.979999542236328,8.979999542236328,8.979999542236328,8.979999542236328,0,0.0,0.0,0.0
2024-03-01 00:00:00+01:00,8.979999542236328,8.979999542236328,8.979999542236328,8.979999542236328,0,0.0,0.0,0.0
2024-03-04 00:00:00+01:00,8.979999542236328,8.979999542236328,8.979999542236328,8.979999542236328,0,0.0,0.0,0.0
2024-03-05 00:00:00+01:00,8.979999542236328,8.979999542236328,8.979999542236328,8.979999542236328,0,0.0,0.0,0.0
2024-03-06 00:00:00+01:00,8.979999542236328,8.979999542236328,8.979999542236328,8.979999542236328,0,0.0,0.0,0.0
2024-03-07 00:00:00+01:00,8.979999542236328,8.979999542236328,8.979999542236328,8.979999542236328,0,0.0,0.0,0.0
2024-03-08 00:00:00+01:00,8.979999542236328,8.979999542236328,8.979999542236328,8.979999542236328,0,0.0,0.0,0.0
2024-03-11 00:00:00+01:00,8.979999542236328,8.979999542236328,8.979999542236328,8.979999542236328,0,0.0,0.0,0.0
2024-03-12 00:00:00+01:00,8.979999542236328,8.979999542236328,8.979999542236328,8.979999542236328,0,0.0,0.0,0.0
2024-03-13 00:00:00+01:00,8.979999542236328,8.979999542236328,8.979999542236328,8.979999542236328,0,0.0,0.0,0.0
2024-03-14 00:00:00+01:00,8.979999542236328,8.979999542236328,8.979999542236328,8.979999542236328,0,0.0,0.0,0.0
2024-03-15 00:00:00+01:00,8.979999542236328,8.979999542236328,8.979999542236328,8.979999542236328,0,0.0,0.0,0.0
2024-03-18 00:00:00+01:00,8.979999542236328,8.979999542236328,8.979999542236328,8.979999542236328,0,0.0,0.0,0.0
2024-03-19 00:00:00+01:00,8.979999542236328,8.979999542236328,8.979999542236328,8.979999542236328,0,0.0,0.0,0.0
2024-03-20 00:00:00+01:00,8.979999542236328,8.979999542236328,8.979999542236328,8.979999542236328,0,0.0,0.0,0.0
2024-03-21 00:00:00+01:00,8.979999542236328,8.979999542236328,8.979999542236328,8.979999542236328,0,0.0,0.0,0.0
2024-03-22 00:00:00+01:00,8.979999542236328,8.979999542236328,8.979999542236328,8.979999542236328,0,0.0,0.0,0.0
2024-03-25 00:00:00+01:00,14.083999633789062,14.083999633789062,13.89799976348877,14.055999755859375,1527,0.0,0.0,0.0
2024-03-26 00:00:00+01:00,14.12399959564209,14.12399959564209,14.079999923706055,14.0600004196167,2693,0.0,0.0,0.0
2024-03-27 00:00:00+01:00,14.031999588012695,14.071999549865723,13.869999885559082,13.958000183105469,6792,0.0,0.0,0.0
2024-03-28 00:00:00+01:00,14.079999923706055,14.079999923706055,14.039999961853027,14.079999923706055,4240,0.0,0.0,0.0
2024-04-02 00:00:00+02:00,14.491999626159668,14.491999626159668,14.04800033569336,14.034000396728516,10860,0.0,0.0,0.0
2024-04-03 00:00:00+02:00,14.079999923706055,14.12399959564209,14.003999710083008,14.157999992370605,2062,0.0,0.0,0.0
2024-04-04 00:00:00+02:00,14.149999618530273,14.239999771118164,14.149999618530273,14.12600040435791,2206,0.0,0.0,0.0
2024-04-05 00:00:00+02:00,13.781999588012695,13.894000053405762,13.746000289916992,13.831999778747559,5846,0.0,0.0,0.0
2024-04-08 00:00:00+02:00,13.831999778747559,13.892000198364258,13.831999778747559,13.906000137329102,663,0.0,0.0,0.0
2024-04-09 00:00:00+02:00,13.998000144958496,13.998000144958496,13.850000381469727,13.87600040435791,4197,0.0,0.0,0.0
2024-04-10 00:00:00+02:00,14.027999877929688,14.067999839782715,13.857999801635742,13.984000205993652,3401,0.0,0.0,0.0
2024-04-11 00:00:00+02:00,14.029999732971191,14.052000045776367,13.920000076293945,14.074000358581543,7057,0.0,0.0,0.0
2024-04-12 00:00:00+02:00,14.357999801635742,14.357999801635742,14.01200008392334,14.034000396728516,9652,0.0,0.0,0.0
2024-04-15 00:00:00+02:00,14.062000274658203,14.074000358581543,14.01200008392334,14.053999900817871,10532,0.0,0.0,0.0
2024-04-16 00:00:00+02:00,13.706000328063965,13.814000129699707,13.6899995803833,13.812000274658203,1514,0.0,0.0,0.0
2024-04-17 00:00:00+02:00,13.758000373840332,13.793999671936035,13.595999717712402,13.57800006866455,16481,0.0,0.0,0.0
2024-04-18 00:00:00+02:00,13.454000473022461,13.489999771118164,13.21399974822998,13.343999862670898,11871,0.0,0.0,0.0
2024-04-19 00:00:00+02:00,13.343999862670898,13.343999862670898,13.343999862670898,13.343999862670898,0,0.0,0.0,0.0
2024-04-22 00:00:00+02:00,12.715999603271484,12.755999565124512,12.657999992370605,12.637999534606934,16445,0.0,0.0,0.0
2024-04-23 00:00:00+02:00,12.805999755859375,12.847999572753906,12.803999900817871,12.961999893188477,1288,0.0,0.0,0.0
2024-04-24 00:00:00+02:00,13.255999565124512,13.35200023651123,13.168000221252441,13.157999992370605,52142,0.0,0.0,0.0
2024-04-25 00:00:00+02:00,13.081999778747559,13.109999656677246,13.0,13.131999969482422,1453,0.0,0.0,0.0
2024-04-26 00:00:00+02:00,13.32800006866455,13.32800006866455,13.32800006866455,13.545999526977539,610,0.0,0.0,0.0
2024-04-29 00:00:00+02:00,13.61400032043457,13.61400032043457,13.534000396728516,13.534000396728516,1603,0.0,0.0,0.0
2024-04-30 00:00:00+02:00,13.5600004196167,13.612000465393066,13.48799991607666,13.503999710083008,4207,0.0,0.0,0.0
2024-05-02 00:00:00+02:00,13.12600040435791,13.185999870300293,13.12600040435791,13.149999618530273,658,0.0,0.0,0.0
2024-05-03 00:00:00+02:00,13.289999961853027,13.486000061035156,13.248000144958496,13.432000160217285,3599,0.0,0.0,0.0
2024-05-06 00:00:00+02:00,13.51200008392334,13.607999801635742,13.51200008392334,13.640000343322754,1391,0.0,0.0,0.0
2024-05-07 00:00:00+02:00,13.744000434875488,13.772000312805176,13.722000122070312,13.781999588012695,3540,0.0,0.0,0.0
2024-05-08 00:00:00+02:00,13.696000099182129,13.732000350952148,13.696000099182129,13.652000427246094,142,0.0,0.0,0.0
2024-05-09 00:00:00+02:00,13.64799976348877,13.666000366210938,13.600000381469727,13.630000114440918,2108,0.0,0.0,0.0
2024-05-10 00:00:00+02:00,13.64799976348877,13.824000358581543,13.64799976348877,13.781999588012695,13606,0.0,0.0,0.0
2024-05-13 00:00:00+02:00,13.777999877929688,13.802000045776367,13.746000289916992,13.791999816894531,11019,0.0,0.0,0.0
2024-05-14 00:00:00+02:00,13.819999694824219,13.850000381469727,13.760000228881836,13.869999885559082,22530,0.0,0.0,0.0
2024-05-15 00:00:00+02:00,13.986000061035156,13.986000061035156,13.949999809265137,14.13599967956543,822,0.0,0.0,0.0
2024-05-16 00:00:00+02:00,14.307999610900879,14.362000465393066,14.27400016784668,14.355999946594238,6668,0.0,0.0,0.0
2024-05-17 00:00:00+02:00,14.248000144958496,14.288000106811523,14.163999557495117,14.215999603271484,5023,0.0,0.0,0.0
2024-05-20 00:00:00+02:00,14.166000366210938,14.347999572753906,14.15999984741211,14.359999656677246,7330,0.0,0.0,0.0
2024-05-21 00:00:00+02:00,14.380000114440918,14.38599967956543,14.343999862670898,14.34000015258789,4601,0.0,0.0,0.0
2024-05-22 00:00:00+02:00,14.369999885559082,14.479999542236328,14.369999885559082,14.486000061035156,554,0.0,0.0,0.0
2024-05-23 00:00:00+02:00,14.807999610900879,14.857999801635742,14.748000144958496,14.6899995803833,2395,0.0,0.0,0.0
2024-05-24 00:00:00+02:00,14.595999717712402,14.715999603271484,14.569999694824219,14.741999626159668,1262,0.0,0.0,0.0
2024-05-27 00:00:00+02:00,14.807999610900879,14.807999610900879,14.807999610900879,14.854000091552734,225,0.0,0.0,0.0
2024-05-28 00:00:00+02:00,14.89799976348877,14.899999618530273,14.833999633789062,14.935999870300293,1462,0.0,0.0,0.0
2024-05-29 00:00:00+02:00,14.970000267028809,14.970000267028809,14.777999877929688,14.79800033569336,9543,0.0,0.0,0.0
2024-05-30 00:00:00+02:00,14.656000137329102,14.708000183105469,14.654000282287598,14.631999969482422,702,0.0,0.0,0.0
2024-05-31 00:00:00+02:00,14.527999877929688,14.605999946594238,14.21399974822998,14.239999771118164,856,0.0,0.0,0.0
2024-06-03 00:00:00+02:00,14.62399959564209,14.637999534606934,14.62399959564209,14.423999786376953,1879,0.0,0.0,0.0
2024-06-04 00:00:00+02:00,14.343999862670898,14.437999725341797,14.343999862670898,14.32800006866455,57060,0.0,0.0,0.0
2024-06-05 00:00:00+02:00,14.394000053405762,14.826000213623047,14.394000053405762,14.880000114440918,11972,0.0,0.0,0.0
2024-06-06 00:00:00+02:00,15.128000259399414,15.142000198364258,14.907999992370605,14.947999954223633,1840,0.0,0.0,0.0
2024-06-07 00:00:00+02:00,15.0,15.022000312805176,14.937999725341797,15.008000373840332,18293,0.0,0.0,0.0
2024-06-10 00:00:00+02:00,15.052000045776367,15.276000022888184,15.041999816894531,15.288000106811523,7308,0.0,0.0,0.0
2024-06-11 00:00:00+02:00,15.291999816894531,15.291999816894531,15.178000450134277,15.178000450134277,18664,0.0,0.0,0.0
2024-06-12 00:00:00+02:00,15.36400032043457,15.633999824523926,15.32800006866455,15.564000129699707,3793,0.0,0.0,0.0
2024-06-13 00:00:00+02:00,15.814000129699707,15.838000297546387,15.744000434875488,15.770000457763672,6178,0.0,0.0,0.0
2024-06-14 00:00:00+02:00,15.949999809265137,15.960000038146973,15.779999732971191,15.815999984741211,4248,0.0,0.0,0.0
2024-06-17 00:00:00+02:00,15.998000144958496,15.998000144958496,15.942000389099121,15.9399995803833,3263,0.0,0.0,0.0
2024-06-18 00:00:00+02:00,16.211999893188477,16.29199981689453,16.211999893188477,16.263999938964844,5707,0.0,0.0,0.0
2024-06-19 00:00:00+02:00,16.43600082397461,16.43600082397461,16.360000610351562,16.347999572753906,3846,0.0,0.0,0.0
2024-06-20 00:00:00+02:00,16.527999877929688,16.559999465942383,16.312000274658203,16.302000045776367,12193,0.0,0.0,0.0
2024-06-21 00:00:00+02:00,16.07200050354004,16.07200050354004,15.82800006866455,15.907999992370605,6051,0.0,0.0,0.0
2024-06-24 00:00:00+02:00,15.815999984741211,15.815999984741211,15.454000473022461,15.545999526977539,14875,0.0,0.0,0.0
2024-06-25 00:00:00+02:00,15.407999992370605,15.472000122070312,15.380000114440918,15.520000457763672,7702,0.0,0.0,0.0
2024-06-26 00:00:00+02:00,15.802000045776367,15.802000045776367,15.652000427246094,15.557999610900879,4089,0.0,0.0,0.0
2024-06-27 00:00:00+02:00,15.569999694824219,15.592000007629395,15.520000457763672,15.515999794006348,1063,0.0,0.0,0.0
2024-06-28 00:00:00+02:00,15.645999908447266,15.87600040435791,15.628000259399414,15.72599983215332,5829,0.0,0.0,0.0
2024-07-01 00:00:00+02:00,15.673999786376953,15.673999786376953,15.359999656677246,15.482000350952148,6373,0.0,0.0,0.0
2024-07-02 00:00:00+02:00,15.515999794006348,15.616000175476074,15.494000434875488,15.607999801635742,11891,0.0,0.0,0.0
2024-07-03 00:00:00+02:00,15.824000358581543,15.925999641418457,15.753999710083008,15.92199993133545,3095,0.0,0.0,0.0
2024-07-04 00:00:00+02:00,16.02199935913086,16.030000686645508,15.982000350952148,15.996000289916992,2821,0.0,0.0,0.0
2024-07-05 00:00:00+02:00,16.079999923706055,16.079999923706055,16.01799964904785,16.00200080871582,1640,0.0,0.0,0.0
2024-07-08 00:00:00+02:00,16.086000442504883,16.257999420166016,16.077999114990234,16.239999771118164,2561,0.0,0.0,0.0
2024-07-09 00:00:00+02:00,16.389999389648438,16.445999145507812,16.389999389648438,16.275999069213867,3478,0.0,0.0,0.0
2024-07-10 00:00:00+02:00,16.371999740600586,16.54400062561035,16.371999740600586,16.54800033569336,11214,0.0,0.0,0.0
2024-07-11 00:00:00+02:00,16.63599967956543,16.63800048828125,16.459999084472656,16.242000579833984,4649,0.0,0.0,0.0
2024-07-12 00:00:00+02:00,16.062000274658203,16.341999053955078,15.989999771118164,16.308000564575195,7346,0.0,0.0,0.0
2024-07-15 00:00:00+02:00,16.200000762939453,16.299999237060547,16.200000762939453,16.25200080871582,5018,0.0,0.0,0.0
2024-07-16 00:00:00+02:00,16.167999267578125,16.219999313354492,16.131999969482422,16.13800048828125,6974,0.0,0.0,0.0
2024-07-17 00:00:00+02:00,15.878000259399414,15.878000259399414,15.380000114440918,15.347999572753906,7288,0.0,0.0,0.0
2024-07-18 00:00:00+02:00,15.29800033569336,15.29800033569336,14.826000213623047,14.791999816894531,5846,0.0,0.0,0.0
2024-07-19 00:00:00+02:00,14.930000305175781,14.991999626159668,14.75,14.732000350952148,4703,0.0,0.0,0.0
2024-07-22 00:00:00+02:00,14.680000305175781,14.87600040435791,14.680000305175781,14.833999633789062,13028,0.0,0.0,0.0
2024-07-23 00:00:00+02:00,14.942000389099121,15.083999633789062,14.942000389099121,15.053999900817871,13241,0.0,0.0,0.0
2024-07-24 00:00:00+02:00,14.916000366210938,14.916000366210938,14.569999694824219,14.526000022888184,4031,0.0,0.0,0.0
2024-07-25 00:00:00+02:00,14.15999984741211,14.15999984741211,13.824000358581543,14.043999671936035,8666,0.0,0.0,0.0
2024-07-26 00:00:00+02:00,14.074000358581543,14.168000221252441,14.03600025177002,14.050000190734863,6212,0.0,0.0,0.0
2024-07-29 00:00:00+02:00,14.222000122070312,14.34000015258789,14.097999572753906,14.095999717712402,17229,0.0,0.0,0.0
2024-07-30 00:00:00+02:00,14.131999969482422,14.163999557495117,14.10200023651123,13.857999801635742,768,0.0,0.0,0.0
2024-07-31 00:00:00+02:00,14.241999626159668,14.42199993133545,14.241999626159668,14.46399974822998,6910,0.0,0.0,0.0
2024-08-01 00:00:00+02:00,14.680000305175781,14.692000389099121,14.564000129699707,14.069999694824219,10403,0.0,0.0,0.0
2024-08-02 00:00:00+02:00,13.152000427246094,13.152000427246094,12.684000015258789,12.833999633789062,9035,0.0,0.0,0.0
2024-08-05 00:00:00+02:00,12.336000442504883,12.583999633789062,11.399999618530273,12.489999771118164,43035,0.0,0.0,0.0
2024-08-06 00:00:00+02:00,12.562000274658203,12.729999542236328,12.562000274658203,12.678000450134277,12434,0.0,0.0,0.0
2024-08-07 00:00:00+02:00,12.788000106811523,13.074000358581543,12.788000106811523,12.984000205993652,9248,0.0,0.0,0.0
2024-08-08 00:00:00+02:00,12.477999687194824,12.87399959564209,12.477999687194824,13.022000312805176,22365,0.0,0.0,0.0
2024-08-09 00:00:00+02:00,13.333999633789062,13.333999633789062,13.005999565124512,13.050000190734863,1499,0.0,0.0,0.0
2024-08-12 00:00:00+02:00,13.1899995803833,13.307999610900879,13.182000160217285,13.208000183105469,4274,0.0,0.0,0.0
2024-08-13 00:00:00+02:00,13.37399959564209,13.503999710083008,13.338000297546387,13.503999710083008,1035,0.0,0.0,0.0
2024-08-14 00:00:00+02:00,13.64799976348877,13.64799976348877,13.479999542236328,13.5600004196167,3020,0.0,0.0,0.0
2024-08-16 00:00:00+02:00,13.5600004196167,13.5600004196167,13.5600004196167,13.5600004196167,0,0.0,0.0,0.0
2024-08-19 00:00:00+02:00,14.180000305175781,14.180000305175781,14.081999778747559,14.145999908447266,2683,0.0,0.0,0.0
2024-08-20 00:00:00+02:00,14.407999992370605,14.407999992370605,14.270000457763672,14.178000450134277,674,0.0,0.0,0.0
2024-08-21 00:00:00+02:00,14.119999885559082,14.272000312805176,14.119999885559082,14.21399974822998,4322,0.0,0.0,0.0
2024-08-22 00:00:00+02:00,14.28600025177002,14.295999526977539,14.192000389099121,14.14799976348877,1034,0.0,0.0,0.0
2024-08-23 00:00:00+02:00,14.001999855041504,14.001999855041504,14.001999855041504,14.0600004196167,348,0.0,0.0,0.0
2024-08-26 00:00:00+02:00,14.020000457763672,14.034000396728516,13.710000038146973,13.793999671936035,417,0.0,0.0,0.0
2024-08-27 00:00:00+02:00,13.732000350952148,13.772000312805176,13.710000038146973,13.779999732971191,640,0.0,0.0,0.0
2024-08-28 00:00:00+02:00,13.907999992370605,13.911999702453613,13.612000465393066,13.649999618530273,11169,0.0,0.0,0.0
2024-08-29 00:00:00+02:00,13.527999877929688,13.866000175476074,13.527999877929688,13.930000305175781,3743,0.0,0.0,0.0
2024-08-30 00:00:00+02:00,13.868000030517578,13.868000030517578,13.868000030517578,13.862000465393066,89,0.0,0.0,0.0
2024-09-02 00:00:00+02:00,13.87600040435791,13.916000366210938,13.87600040435791,13.982000350952148,507,0.0,0.0,0.0
2024-09-03 00:00:00+02:00,13.92199993133545,13.92199993133545,13.255999565124512,13.255999565124512,708,0.0,0.0,0.0
2024-09-04 00:00:00+02:00,12.79800033569336,12.944000244140625,12.746000289916992,12.96399974822998,4186,0.0,0.0,0.0
2024-09-05 00:00:00+02:00,12.8100004196167,12.970000267028809,12.736000061035156,12.779999732971191,2301,0.0,0.0,0.0
2024-09-06 00:00:00+02:00,12.670000076293945,12.670000076293945,12.277999877929688,12.265999794006348,12951,0.0,0.0,0.0
2024-09-09 00:00:00+02:00,12.460000038146973,12.550000190734863,12.45199966430664,12.45199966430664,1932,0.0,0.0,0.0
2024-09-10 00:00:00+02:00,12.46399974822998,12.553999900817871,12.46399974822998,12.571999549865723,2250,0.0,0.0,0.0
2024-09-11 00:00:00+02:00,12.697999954223633,12.697999954223633,12.555999755859375,12.70199966430664,15723,0.0,0.0,0.0
2024-09-12 00:00:00+02:00,13.307999610900879,13.307999610900879,13.307999610900879,13.236000061035156,1,0.0,0.0,0.0
2024-09-13 00:00:00+02:00,13.359999656677246,13.368000030517578,13.359999656677246,13.371999740600586,745,0.0,0.0,0.0
2024-09-16 00:00:00+02:00,13.395999908447266,13.395999908447266,13.131999969482422,13.13599967956543,5147,0.0,0.0,0.0
2024-09-17 00:00:00+02:00,13.23799991607666,13.289999961853027,13.234000205993652,13.300000190734863,1649,0.0,0.0,0.0
2024-09-18 00:00:00+02:00,13.154000282287598,13.184000015258789,13.128000259399414,13.152000427246094,7801,0.0,0.0,0.0
2024-09-19 00:00:00+02:00,13.380000114440918,13.47599983215332,13.380000114440918,13.571999549865723,301,0.0,0.0,0.0
2024-09-20 00:00:00+02:00,13.416000366210938,13.416000366210938,13.258000373840332,13.279999732971191,1434,0.0,0.0,0.0
2024-09-23 00:00:00+02:00,13.47599983215332,13.5,13.458000183105469,13.432000160217285,4277,0.0,0.0,0.0
2024-09-24 00:00:00+02:00,13.569999694824219,13.62600040435791,13.562000274658203,13.562000274658203,1229,0.0,0.0,0.0
2024-09-25 00:00:00+02:00,13.574000358581543,13.604000091552734,13.574000358581543,13.767999649047852,180,0.0,0.0,0.0
2024-09-26 00:00:00+02:00,14.236000061035156,14.413999557495117,14.232000350952148,14.093999862670898,2765,0.0,0.0,0.0
2024-09-27 00:00:00+02:00,14.232000350952148,14.27400016784668,14.093999862670898,14.074000358581543,3316,0.0,0.0,0.0
2024-09-30 00:00:00+02:00,13.871999740600586,13.902000427246094,13.871999740600586,13.86400032043457,204,0.0,0.0,0.0
2024-10-01 00:00:00+02:00,13.913999557495117,13.960000038146973,13.592000007629395,13.63599967956543,3911,0.0,0.0,0.0
2024-10-02 00:00:00+02:00,13.642000198364258,13.883999824523926,13.571999549865723,13.895999908447266,3074,0.0,0.0,0.0
2024-10-03 00:00:00+02:00,13.772000312805176,13.788000106811523,13.729999542236328,13.911999702453613,1202,0.0,0.0,0.0
2024-10-04 00:00:00+02:00,13.923999786376953,14.222000122070312,13.923999786376953,14.105999946594238,3001,0.0,0.0,0.0
2024-10-07 00:00:00+02:00,14.064000129699707,14.196000099182129,14.064000129699707,14.185999870300293,1560,0.0,0.0,0.0
2024-10-08 00:00:00+02:00,14.112000465393066,14.244000434875488,14.112000465393066,14.28600025177002,3113,0.0,0.0,0.0
2024-10-09 00:00:00+02:00,14.324000358581543,14.444000244140625,14.279999732971191,14.425999641418457,2358,0.0,0.0,0.0
2024-10-10 00:00:00+02:00,14.413999557495117,14.503999710083008,14.390000343322754,14.468000411987305,2356,0.0,0.0,0.0
2024-10-11 00:00:00+02:00,14.425999641418457,14.526000022888184,14.425999641418457,14.522000312805176,738,0.0,0.0,0.0
2024-10-14 00:00:00+02:00,14.53600025177002,14.838000297546387,14.53600025177002,14.838000297546387,501,0.0,0.0,0.0
2024-10-15 00:00:00+02:00,14.925999641418457,14.925999641418457,14.199999809265137,14.1899995803833,1447,0.0,0.0,0.0
2024-10-16 00:00:00+02:00,14.100000381469727,14.100000381469727,14.041999816894531,14.118000030517578,8148,0.0,0.0,0.0
2024-10-17 00:00:00+02:00,14.371999740600586,14.501999855041504,14.345999717712402,14.387999534606934,2207,0.0,0.0,0.0
2024-10-18 00:00:00+02:00,14.281999588012695,14.38599967956543,14.27400016784668,14.270000457763672,2339,0.0,0.0,0.0
2024-10-21 00:00:00+02:00,14.182000160217285,14.277999877929688,14.17199993133545,14.130000114440918,891,0.0,0.0,0.0
2024-10-22 00:00:00+02:00,14.144000053405762,14.197999954223633,14.144000053405762,14.170000076293945,2766,0.0,0.0,0.0
2024-10-23 00:00:00+02:00,14.272000312805176,14.272000312805176,14.161999702453613,14.131999969482422,1092,0.0,0.0,0.0
2024-10-24 00:00:00+02:00,14.295999526977539,14.295999526977539,14.131999969482422,14.15999984741211,1945,0.0,0.0,0.0
2024-10-25 00:00:00+02:00,14.220000267028809,14.307999610900879,14.211999893188477,14.418000221252441,1035,0.0,0.0,0.0
2024-10-28 00:00:00+01:00,14.40999984741211,14.40999984741211,14.253999710083008,14.260000228881836,4268,0.0,0.0,0.0
2024-10-29 00:00:00+01:00,14.26200008392334,14.46399974822998,14.26200008392334,14.46399974822998,2980,0.0,0.0,0.0
2024-10-30 00:00:00+01:00,14.272000312805176,14.288000106811523,14.109999656677246,14.121999740600586,2476,0.0,0.0,0.0
2024-10-31 00:00:00+01:00,13.89799976348877,13.946000099182129,13.54800033569336,13.574000358581543,7086,0.0,0.0,0.0
2024-11-01 00:00:00+01:00,13.696000099182129,13.802000045776367,13.663999557495117,13.833999633789062,3304,0.0,0.0,0.0
2024-11-04 00:00:00+01:00,13.77400016784668,13.77400016784668,13.77400016784668,13.800000190734863,151,0.0,0.0,0.0
2024-11-05 00:00:00+01:00,13.727999687194824,13.727999687194824,13.668000221252441,13.821999549865723,3357,0.0,0.0,0.0
2024-11-06 00:00:00+01:00,14.239999771118164,14.265999794006348,14.192000389099121,14.223999977111816,12195,0.0,0.0,0.0
2024-11-07 00:00:00+01:00,14.35200023651123,14.53600025177002,14.35200023651123,14.538000106811523,6500,0.0,0.0,0.0
2024-11-08 00:00:00+01:00,14.696000099182129,14.696000099182129,14.444000244140625,14.534000396728516,3042,0.0,0.0,0.0
2024-11-11 00:00:00+01:00,14.616000175476074,14.618000030517578,14.333999633789062,14.329999923706055,3864,0.0,0.0,0.0
2024-11-12 00:00:00+01:00,14.248000144958496,14.368000030517578,14.248000144958496,14.227999687194824,1039,0.0,0.0,0.0
2024-11-13 00:00:00+01:00,14.206000328063965,14.206000328063965,14.206000328063965,14.057999610900879,258,0.0,0.0,0.0
2024-11-14 00:00:00+01:00,14.057999610900879,14.144000053405762,14.057999610900879,14.12600040435791,11892,0.0,0.0,0.0
2024-11-15 00:00:00+01:00,13.918000221252441,13.935999870300293,13.753999710083008,13.75,1687,0.0,0.0,0.0
2024-11-18 00:00:00+01:00,13.75,13.75,13.571999549865723,13.729999542236328,2055,0.0,0.0,0.0
2024-11-19 00:00:00+01:00,13.687999725341797,13.789999961853027,13.619999885559082,13.789999961853027,12932,0.0,0.0,0.0
2024-11-20 00:00:00+01:00,13.763999938964844,13.763999938964844,13.739999771118164,13.63599967956543,3139,0.0,0.0,0.0
2024-11-21 00:00:00+01:00,13.565999984741211,13.751999855041504,13.550000190734863,13.902000427246094,6575,0.0,0.0,0.0
2024-11-22 00:00:00+01:00,14.043999671936035,14.076000213623047,14.043999671936035,14.0600004196167,1158,0.0,0.0,0.0
2024-11-25 00:00:00+01:00,14.092000007629395,14.144000053405762,14.076000213623047,14.140000343322754,22647,0.0,0.0,0.0
2024-11-26 00:00:00+01:00,14.053999900817871,14.130000114440918,13.923999786376953,13.942000389099121,15291,0.0,0.0,0.0
2024-11-27 00:00:00+01:00,13.84000015258789,13.84000015258789,13.84000015258789,13.456000328063965,50,0.0,0.0,0.0
2024-11-28 00:00:00+01:00,13.748000144958496,13.76200008392334,13.715999603271484,13.75,21036,0.0,0.0,0.0
2024-11-29 00:00:00+01:00,13.694000244140625,13.722000122070312,13.692000389099121,13.916000366210938,1194,0.0,0.0,0.0
2024-12-02 00:00:00+01:00,13.855999946594238,14.223999977111816,13.838000297546387,14.211999893188477,1422,0.0,0.0,0.0
2024-12-03 00:00:00+01:00,14.329999923706055,14.329999923706055,14.199999809265137,14.223999977111816,2916,0.0,0.0,0.0
2024-12-04 00:00:00+01:00,14.336000442504883,14.47599983215332,14.336000442504883,14.40999984741211,57517,0.0,0.0,0.0
2024-12-05 00:00:00+01:00,14.425999641418457,14.428000450134277,14.260000228881836,14.293999671936035,1413,0.0,0.0,0.0
2024-12-06 00:00:00+01:00,14.128000259399414,14.149999618530273,14.118000030517578,14.194000244140625,3438,0.0,0.0,0.0
2024-12-09 00:00:00+01:00,14.270000457763672,14.276000022888184,14.12399959564209,14.142000198364258,6035,0.0,0.0,0.0
2024-12-10 00:00:00+01:00,14.145999908447266,14.20199966430664,14.145999908447266,14.005999565124512,1208,0.0,0.0,0.0
2024-12-11 00:00:00+01:00,13.968000411987305,14.196000099182129,13.968000411987305,14.199999809265137,4927,0.0,0.0,0.0
2024-12-12 00:00:00+01:00,14.199999809265137,14.199999809265137,14.12600040435791,14.133999824523926,2078,0.0,0.0,0.0
2024-12-13 00:00:00+01:00,14.39799976348877,14.461999893188477,14.378000259399414,14.406000137329102,7210,0.0,0.0,0.0
2024-12-16 00:00:00+01:00,14.600000381469727,14.777999877929688,14.553999900817871,14.687999725341797,4326,0.0,0.0,0.0
2024-12-17 00:00:00+01:00,14.819999694824219,14.819999694824219,14.592000007629395,14.609999656677246,1650,0.0,0.0,0.0
2024-12-18 00:00:00+01:00,14.748000144958496,14.843999862670898,14.748000144958496,14.847999572753906,29541,0.0,0.0,0.0
2024-12-19 00:00:00+01:00,14.263999938964844,14.357999801635742,14.184000015258789,14.26200008392334,4794,0.0,0.0,0.0
2024-12-20 00:00:00+01:00,13.878000259399414,14.253999710083008,13.85200023651123,14.276000022888184,2668,0.0,0.0,0.0
2024-12-23 00:00:00+01:00,14.342000007629395,14.472000122070312,14.291999816894531,14.468000411987305,22330,0.0,0.0,0.0
2024-12-27 00:00:00+01:00,14.645999908447266,14.680000305175781,14.565999984741211,14.543999671936035,5212,0.0,0.0,0.0
2024-12-30 00:00:00+01:00,14.531999588012695,14.555999755859375,14.291999816894531,14.368000030517578,6718,0.0,0.0,0.0
2025-01-02 00:00:00+01:00,14.45199966430664,14.706000328063965,14.399999618530273,14.706000328063965,2352,0.0,0.0,0.0
2025-01-03 00:00:00+01:00,14.579999923706055,14.696000099182129,14.550000190734863,14.718000411987305,7922,0.0,0.0,0.0
2025-01-06 00:00:00+01:00,15.020000457763672,15.378000259399414,15.020000457763672,15.350000381469727,11373,0.0,0.0,0.0
2025-01-07 00:00:00+01:00,15.281999588012695,15.350000381469727,15.267999649047852,15.312000274658203,2631,0.0,0.0,0.0
2025-01-08 00:00:00+01:00,15.196000099182129,15.270000457763672,15.093999862670898,15.093999862670898,5401,0.0,0.0,0.0
2025-01-09 00:00:00+01:00,14.968000411987305,15.093999862670898,14.968000411987305,15.093999862670898,1040,0.0,0.0,0.0
2025-01-10 00:00:00+01:00,14.970000267028809,15.031999588012695,14.970000267028809,14.829999923706055,1001,0.0,0.0,0.0
2025-01-13 00:00:00+01:00,14.633999824523926,14.633999824523926,14.53600025177002,14.64799976348877,11924,0.0,0.0,0.0
2025-01-14 00:00:00+01:00,14.847999572753906,14.847999572753906,14.680000305175781,14.628000259399414,2095,0.0,0.0,0.0
2025-01-15 00:00:00+01:00,14.657999992370605,14.687999725341797,14.656000137329102,14.972000122070312,1862,0.0,0.0,0.0
2025-01-16 00:00:00+01:00,15.277999877929688,15.329999923706055,15.210000038146973,15.281999588012695,7305,0.0,0.0,0.0
2025-01-17 00:00:00+01:00,15.196000099182129,15.307999610900879,15.17199993133545,15.411999702453613,24702,0.0,0.0,0.0
2025-01-20 00:00:00+01:00,15.368000030517578,15.460000038146973,15.368000030517578,15.425999641418457,1466,0.0,0.0,0.0
2025-01-21 00:00:00+01:00,15.564000129699707,15.564000129699707,15.48799991607666,15.458000183105469,2740,0.0,0.0,0.0
2025-01-22 00:00:00+01:00,15.642000198364258,15.788000106811523,15.576000213623047,15.826000213623047,7365,0.0,0.0,0.0
2025-01-23 00:00:00+01:00,15.586000442504883,15.586000442504883,15.5600004196167,15.538000106811523,467,0.0,0.0,0.0
2025-01-24 00:00:00+01:00,15.5,15.541999816894531,15.484000205993652,15.395999908447266,3659,0.0,0.0,0.0
2025-01-27 00:00:00+01:00,14.663999557495117,14.663999557495117,14.053999900817871,14.053999900817871,3445,0.0,0.0,0.0
2025-01-28 00:00:00+01:00,14.083999633789062,14.29800033569336,13.899999618530273,14.013999938964844,9559,0.0,0.0,0.0
2025-01-29 00:00:00+01:00,14.52400016784668,14.52400016784668,14.260000228881836,14.25,4394,0.0,0.0,0.0
2025-01-30 00:00:00+01:00,14.539999961853027,14.569999694824219,14.498000144958496,14.527999877929688,6370,0.0,0.0,0.0
2025-01-31 00:00:00+01:00,14.699999809265137,14.904000282287598,14.699999809265137,14.894000053405762,5552,0.0,0.0,0.0
2025-02-03 00:00:00+01:00,14.392000198364258,14.472000122070312,14.319999694824219,14.52400016784668,11982,0.0,0.0,0.0
2025-02-04 00:00:00+01:00,14.539999961853027,14.567999839782715,14.434000015258789,14.5600004196167,2468,0.0,0.0,0.0
2025-02-05 00:00:00+01:00,14.515999794006348,14.515999794006348,14.435999870300293,14.604000091552734,1318,0.0,0.0,0.0
2025-02-06 00:00:00+01:00,14.814000129699707,14.862000465393066,14.814000129699707,14.807999610900879,1844,0.0,0.0,0.0
2025-02-07 00:00:00+01:00,14.892000198364258,14.920000076293945,14.748000144958496,14.6899995803833,5362,0.0,0.0,0.0
2025-02-10 00:00:00+01:00,14.79800033569336,14.944000244140625,14.741999626159668,14.906000137329102,9095,0.0,0.0,0.0
2025-02-11 00:00:00+01:00,14.87600040435791,14.97599983215332,14.819999694824219,14.935999870300293,45462,0.0,0.0,0.0
2025-02-12 00:00:00+01:00,14.821999549865723,14.821999549865723,14.751999855041504,14.697999954223633,770,0.0,0.0,0.0
2025-02-13 00:00:00+01:00,14.732000350952148,14.934000015258789,14.699999809265137,14.913999557495117,3924,0.0,0.0,0.0
2025-02-14 00:00:00+01:00,14.845999717712402,14.847999572753906,14.819999694824219,14.850000381469727,662,0.0,0.0,0.0
2025-02-17 00:00:00+01:00,15.0,15.0,14.944000244140625,15.0,1529,0.0,0.0,0.0
2025-02-18 00:00:00+01:00,15.065999984741211,15.100000381469727,15.01200008392334,15.116000175476074,1019,0.0,0.0,0.0
2025-02-19 00:00:00+01:00,15.258000373840332,15.258000373840332,15.210000038146973,15.368000030517578,733,0.0,0.0,0.0
2025-02-20 00:00:00+01:00,15.321999549865723,15.369999885559082,15.27400016784668,15.218000411987305,4058,0.0,0.0,0.0
2025-02-21 00:00:00+01:00,15.329999923706055,15.329999923706055,15.289999961853027,15.163999557495117,7237,0.0,0.0,0.0
2025-02-24 00:00:00+01:00,15.031999588012695,15.031999588012695,14.85200023651123,14.847999572753906,8088,0.0,0.0,0.0
2025-02-25 00:00:00+01:00,14.583999633789062,14.583999633789062,14.29800033569336,14.279999732971191,4756,0.0,0.0,0.0
2025-02-26 00:00:00+01:00,14.413999557495117,14.640000343322754,14.413999557495117,14.592000007629395,3718,0.0,0.0,0.0
2025-02-27 00:00:00+01:00,14.470000267028809,14.678000450134277,14.324000358581543,14.305999755859375,2676,0.0,0.0,0.0
2025-02-28 00:00:00+01:00,13.86400032043457,13.923999786376953,13.770000457763672,13.881999969482422,11695,0.0,0.0,0.0
2025-03-03 00:00:00+01:00,14.02400016784668,14.02400016784668,13.699999809265137,13.854000091552734,2441,0.0,0.0,0.0
2025-03-04 00:00:00+01:00,13.510000228881836,13.510000228881836,13.232000350952148,13.15999984741211,8965,0.0,0.0,0.0
2025-03-05 00:00:00+01:00,13.425999641418457,13.465999603271484,13.305999755859375,13.173999786376953,3736,0.0,0.0,0.0
2025-03-06 00:00:00+01:00,13.100000381469727,13.100000381469727,13.017999649047852,13.052000045776367,7439,0.0,0.0,0.0
2025-03-07 00:00:00+01:00,13.050000190734863,13.050000190734863,12.996000289916992,12.800000190734863,10502,0.0,0.0,0.0
2025-03-10 00:00:00+01:00,13.081999778747559,13.081999778747559,12.633999824523926,12.642000198364258,4069,0.0,0.0,0.0
2025-03-11 00:00:00+01:00,12.642000198364258,12.673999786376953,12.369999885559082,12.413999557495117,26707,0.0,0.0,0.0
2025-03-12 00:00:00+01:00,12.642000198364258,12.881999969482422,12.600000381469727,12.838000297546387,52789,0.0,0.0,0.0
2025-03-13 00:00:00+01:00,12.805999755859375,12.85200023651123,12.78600025177002,12.758000373840332,1550,0.0,0.0,0.0
2025-03-14 00:00:00+01:00,12.88599967956543,12.968000411987305,12.88599967956543,13.045999526977539,966,0.0,0.0,0.0
2025-03-17 00:00:00+01:00,13.027999877929688,13.069999694824219,13.015999794006348,13.09000015258789,10979,0.0,0.0,0.0
2025-03-18 00:00:00+01:00,13.170000076293945,13.170000076293945,13.086000442504883,13.031999588012695,5420,0.0,0.0,0.0
2025-03-19 00:00:00+01:00,13.041999816894531,13.041999816894531,13.041999816894531,13.140000343322754,973,0.0,0.0,0.0
2025-03-20 00:00:00+01:00,13.279999732971191,13.279999732971191,13.130000114440918,13.154000282287598,1783,0.0,0.0,0.0
2025-03-21 00:00:00+01:00,13.041999816894531,13.041999816894531,13.041999816894531,13.053999900817871,163,0.0,0.0,0.0
2025-03-24 00:00:00+01:00,13.145999908447266,13.145999908447266,13.144000053405762,13.39799976348877,2556,0.0,0.0,0.0
2025-03-25 00:00:00+01:00,13.326000213623047,13.326000213623047,13.284000396728516,13.32800006866455,199,0.0,0.0,0.0
2025-03-26 00:00:00+01:00,13.236000061035156,13.276000022888184,13.236000061035156,12.96399974822998,457,0.0,0.0,0.0
2025-03-27 00:00:00+01:00,12.913999557495117,12.960000038146973,12.736000061035156,12.710000038146973,8284,0.0,0.0,0.0
2025-03-28 00:00:00+01:00,12.645999908447266,12.645999908447266,12.300000190734863,12.263999938964844,1044,0.0,0.0,0.0
2025-03-31 00:00:00+02:00,12.013999938964844,12.052000045776367,12.013999938964844,12.017999649047852,2735,0.0,0.0,0.0
2025-04-01 00:00:00+02:00,12.284000396728516,12.284000396728516,12.211999893188477,12.260000228881836,2220,0.0,0.0,0.0
2025-04-02 00:00:00+02:00,12.227999687194824,12.227999687194824,12.227999687194824,12.27400016784668,398,0.0,0.0,0.0
2025-04-03 00:00:00+02:00,11.772000312805176,11.78600025177002,11.562000274658203,11.23799991607666,7243,0.0,0.0,0.0
2025-04-04 00:00:00+02:00,11.041999816894531,11.13599967956543,10.343999862670898,10.484000205993652,38310,0.0,0.0,0.0
2025-04-07 00:00:00+02:00,9.444000244140625,10.711999893188477,9.444000244140625,10.333999633789062,2931,0.0,0.0,0.0
2025-04-08 00:00:00+02:00,10.654000282287598,11.100000381469727,10.654000282287598,10.833999633789062,6663,0.0,0.0,0.0
2025-04-09 00:00:00+02:00,10.260000228881836,10.3100004196167,10.01200008392334,10.206000328063965,2533,0.0,0.0,0.0
2025-04-10 00:00:00+02:00,11.86400032043457,11.86400032043457,10.829999923706055,10.829999923706055,16954,0.0,0.0,0.0
2025-04-11 00:00:00+02:00,10.65999984741211,10.751999855041504,10.642000198364258,10.734000205993652,6116,0.0,0.0,0.0
2025-04-14 00:00:00+02:00,11.196000099182129,11.199999809265137,11.074000358581543,11.022000312805176,6781,0.0,0.0,0.0
2025-04-15 00:00:00+02:00,11.121999740600586,11.144000053405762,11.121999740600586,11.17199993133545,473,0.0,0.0,0.0
2025-04-16 00:00:00+02:00,11.17199993133545,11.17199993133545,11.17199993133545,11.17199993133545,0,0.0,0.0,0.0
2025-04-17 00:00:00+02:00,10.812000274658203,10.812000274658203,10.812000274658203,10.569999694824219,178,0.0,0.0,0.0
2025-04-22 00:00:00+02:00,10.416000366210938,10.416000366210938,10.399999618530273,10.470000267028809,246,0.0,0.0,0.0
2025-04-23 00:00:00+02:00,10.470000267028809,10.470000267028809,10.470000267028809,10.470000267028809,0,0.0,0.0,0.0
2025-04-24 00:00:00+02:00,10.934000015258789,11.043999671936035,10.906000137329102,11.342000007629395,674,0.0,0.0,0.0
2025-04-25 00:00:00+02:00,11.5,11.5,11.5,11.446000099182129,14,0.0,0.0,0.0
2025-04-28 00:00:00+02:00,11.576000213623047,11.586000442504883,11.350000381469727,11.338000297546387,8542,0.0,0.0,0.0
2025-04-29 00:00:00+02:00,11.472000122070312,11.472000122070312,11.45199966430664,11.444000244140625,2227,0.0,0.0,0.0
2025-04-30 00:00:00+02:00,11.479999542236328,11.479999542236328,11.248000144958496,11.37600040435791,114,0.0,0.0,0.0
2025-05-02 00:00:00+02:00,11.744000434875488,11.954000473022461,11.744000434875488,11.98799991607666,371,0.0,0.0,0.0
2025-05-05 00:00:00+02:00,11.965999603271484,12.053999900817871,11.960000038146973,12.045999526977539,6160,0.0,0.0,0.0
2025-05-06 00:00:00+02:00,11.928000450134277,11.928000450134277,11.729999542236328,11.817999839782715,9638,0.0,0.0,0.0
2025-05-07 00:00:00+02:00,11.934000015258789,11.934000015258789,11.918000221252441,11.843999862670898,2836,0.0,0.0,0.0
2025-05-08 00:00:00+02:00,12.22599983215332,12.347999572753906,12.17199993133545,12.253999710083008,3671,0.0,0.0,0.0
2025-05-09 00:00:00+02:00,12.355999946594238,12.369999885559082,12.326000213623047,12.319999694824219,662,0.0,0.0,0.0
2025-05-12 00:00:00+02:00,13.053999900817871,13.166000366210938,13.053999900817871,13.199999809265137,473,0.0,0.0,0.0
2025-05-13 00:00:00+02:00,13.166000366210938,13.208000183105469,13.166000366210938,13.534000396728516,203,0.0,0.0,0.0
2025-05-14 00:00:00+02:00,13.67199993133545,13.67199993133545,13.539999961853027,13.586000442504883,506,0.0,0.0,0.0
2025-05-15 00:00:00+02:00,13.51200008392334,13.541999816894531,13.46399974822998,13.581999778747559,2910,0.0,0.0,0.0
2025-05-16 00:00:00+02:00,13.54800033569336,13.586000442504883,13.534000396728516,13.527999877929688,1424,0.0,0.0,0.0
2025-05-19 00:00:00+02:00,13.29800033569336,13.35200023651123,13.105999946594238,13.303999900817871,1922,0.0,0.0,0.0
2025-05-20 00:00:00+02:00,13.303999900817871,13.303999900817871,13.28600025177002,13.315999984741211,1094,0.0,0.0,0.0
2025-05-21 00:00:00+02:00,13.241999626159668,13.241999626159668,13.199999809265137,13.380000114440918,1910,0.0,0.0,0.0
2025-05-22 00:00:00+02:00,13.185999870300293,13.185999870300293,13.137999534606934,13.121999740600586,659,0.0,0.0,0.0
2025-05-23 00:00:00+02:00,13.045999526977539,13.045999526977539,12.795999526977539,12.795999526977539,2936,0.0,0.0,0.0
2025-05-26 00:00:00+02:00,13.09000015258789,13.09000015258789,13.053999900817871,13.031999588012695,399,0.0,0.0,0.0
2025-05-27 00:00:00+02:00,13.100000381469727,13.220000267028809,13.100000381469727,13.23799991607666,912,0.0,0.0,0.0
2025-05-28 00:00:00+02:00,13.196000099182129,13.28600025177002,13.182000160217285,13.267999649047852,1397,0.0,0.0,0.0
2025-05-29 00:00:00+02:00,13.593999862670898,13.593999862670898,13.178000450134277,13.29800033569336,18833,0.0,0.0,0.0
2025-05-30 00:00:00+02:00,13.17199993133545,13.210000038146973,13.17199993133545,13.029999732971191,210,0.0,0.0,0.0
2025-06-02 00:00:00+02:00,12.793999671936035,12.958000183105469,12.793999671936035,12.937999725341797,746,0.0,0.0,0.0
2025-06-03 00:00:00+02:00,13.029999732971191,13.12399959564209,13.029999732971191,13.34000015258789,18641,0.0,0.0,0.0
2025-06-04 00:00:00+02:00,13.498000144958496,13.5,13.435999870300293,13.498000144958496,1672,0.0,0.0,0.0
2025-06-05 00:00:00+02:00,13.649999618530273,13.663999557495117,13.484000205993652,13.661999702453613,2444,0.0,0.0,0.0
2025-06-06 00:00:00+02:00,13.515999794006348,13.553999900817871,13.510000228881836,13.699999809265137,1661,0.0,0.0,0.0
2025-06-09 00:00:00+02:00,13.67199993133545,13.949999809265137,13.67199993133545,13.859999656677246,679,0.0,0.0,0.0
2025-06-10 00:00:00+02:00,13.868000030517578,14.017999649047852,13.868000030517578,14.017999649047852,406,0.0,0.0,0.0
2025-06-11 00:00:00+02:00,14.163999557495117,14.199999809265137,14.118000030517578,14.180000305175781,711,0.0,0.0,0.0
2025-06-12 00:00:00+02:00,13.954000473022461,14.026000022888184,13.838000297546387,13.994000434875488,274,0.0,0.0,0.0
2025-06-13 00:00:00+02:00,13.751999855041504,13.8100004196167,13.694000244140625,13.817999839782715,3336,0.0,0.0,0.0
2025-06-16 00:00:00+02:00,13.781999588012695,14.088000297546387,13.781999588012695,14.055999755859375,1602,0.0,0.0,0.0
2025-06-17 00:00:00+02:00,14.064000129699707,14.149999618530273,13.977999687194824,14.128000259399414,72,0.0,0.0,0.0
2025-06-18 00:00:00+02:00,14.131999969482422,14.178000450134277,14.131999969482422,14.121999740600586,402,0.0,0.0,0.0
2025-06-19 00:00:00+02:00,13.998000144958496,13.998000144958496,13.97599983215332,13.92199993133545,1541,0.0,0.0,0.0
2025-06-20 00:00:00+02:00,14.03600025177002,14.03600025177002,14.03600025177002,13.928000450134277,139,0.0,0.0,0.0
2025-06-23 00:00:00+02:00,14.020000457763672,14.067999839782715,14.020000457763672,14.02400016784668,440,0.0,0.0,0.0
2025-06-24 00:00:00+02:00,14.336000442504883,14.336000442504883,14.336000442504883,14.473999977111816,267,0.0,0.0,0.0
2025-06-25 00:00:00+02:00,14.618000030517578,14.668000221252441,14.618000030517578,14.612000465393066,377,0.0,0.0,0.0
2025-06-26 00:00:00+02:00,14.692000389099121,14.692000389099121,14.654000282287598,14.680000305175781,635,0.0,0.0,0.0
2025-06-27 00:00:00+02:00,14.805999755859375,14.815999984741211,14.770000457763672,14.788000106811523,777,0.0,0.0,0.0
2025-06-30 00:00:00+02:00,14.788000106811523,14.788000106811523,14.770000457763672,14.684000015258789,1460,0.0,0.0,0.0
2025-07-01 00:00:00+02:00,14.555999755859375,14.555999755859375,14.472000122070312,14.449999809265137,7803,0.0,0.0,0.0
2025-07-02 00:00:00+02:00,14.496000289916992,14.723999977111816,14.404000282287598,14.687999725341797,2411,0.0,0.0,0.0
2025-07-03 00:00:00+02:00,14.729999542236328,14.75,14.696000099182129,14.855999946594238,739,0.0,0.0,0.0
2025-07-04 00:00:00+02:00,14.607999801635742,14.649999618530273,14.607999801635742,14.63599967956543,1069,0.0,0.0,0.0
2025-07-07 00:00:00+02:00,14.678000450134277,14.720000267028809,14.668000221252441,14.65999984741211,4112,0.0,0.0,0.0
2025-07-08 00:00:00+02:00,14.668000221252441,14.673999786376953,14.668000221252441,14.868000030517578,411,0.0,0.0,0.0
2025-07-09 00:00:00+02:00,14.894000053405762,14.894000053405762,14.847999572753906,14.887999534606934,1567,0.0,0.0,0.0
2025-07-10 00:00:00+02:00,14.984000205993652,15.015999794006348,14.984000205993652,15.14799976348877,2010,0.0,0.0,0.0
2025-07-11 00:00:00+02:00,15.013999938964844,15.062000274658203,14.982000350952148,15.079999923706055,1642,0.0,0.0,0.0
2025-07-14 00:00:00+02:00,14.996000289916992,15.053999900817871,14.855999946594238,14.984000205993652,2954,0.0,0.0,0.0
2025-07-15 00:00:00+02:00,15.255999565124512,15.255999565124512,15.210000038146973,15.345999717712402,213,0.0,0.0,0.0
2025-07-16 00:00:00+02:00,15.12600040435791,15.12600040435791,15.12600040435791,14.916000366210938,330,0.0,0.0,0.0
2025-07-17 00:00:00+02:00,15.220000267028809,15.265999794006348,15.187999725341797,15.267999649047852,2688,0.0,0.0,0.0
2025-07-18 00:00:00+02:00,15.267999649047852,15.267999649047852,15.267999649047852,15.267999649047852,0,0.0,0.0,0.0
2025-07-21 00:00:00+02:00,15.152000427246094,15.227999687194824,15.149999618530273,15.194000244140625,1374,0.0,0.0,0.0
2025-07-22 00:00:00+02:00,14.972000122070312,14.972000122070312,14.718000411987305,14.781999588012695,12099,0.0,0.0,0.0
2025-07-23 00:00:00+02:00,14.720000267028809,14.75,14.684000015258789,14.744000434875488,26512,0.0,0.0,0.0
2025-07-24 00:00:00+02:00,14.791999816894531,14.84000015258789,14.791999816894531,14.760000228881836,544,0.0,0.0,0.0
2025-07-25 00:00:00+02:00,14.729999542236328,14.755999565124512,14.6899995803833,14.71399974822998,13848,0.0,0.0,0.0
2025-07-28 00:00:00+02:00,14.935999870300293,14.986000061035156,14.907999992370605,15.005999565124512,3259,0.0,0.0,0.0
2025-07-29 00:00:00+02:00,15.168000221252441,15.168000221252441,15.168000221252441,15.12600040435791,335,0.0,0.0,0.0
2025-07-30 00:00:00+02:00,15.215999603271484,15.369999885559082,15.215999603271484,15.302000045776367,2427,0.0,0.0,0.0
2025-07-31 00:00:00+02:00,15.449999809265137,15.449999809265137,15.204000473022461,15.095999717712402,42838,0.0,0.0,0.0
2025-08-01 00:00:00+02:00,14.845999717712402,14.845999717712402,14.284000396728516,14.538000106811523,20017,0.0,0.0,0.0
2025-08-04 00:00:00+02:00,14.746000289916992,14.746000289916992,14.715999603271484,14.784000396728516,1543,0.0,0.0,0.0
2025-08-05 00:00:00+02:00,14.949999809265137,14.949999809265137,14.722000122070312,14.670000076293945,1817,0.0,0.0,0.0
2025-08-06 00:00:00+02:00,14.633999824523926,14.633999824523926,14.60200023651123,14.48799991607666,169,0.0,0.0,0.0
2025-08-07 00:00:00+02:00,14.777999877929688,14.779999732971191,14.777999877929688,14.821999549865723,914,0.0,0.0,0.0
2025-08-08 00:00:00+02:00,14.895999908447266,14.895999908447266,14.895999908447266,14.913999557495117,64,0.0,0.0,0.0
2025-08-11 00:00:00+02:00,14.913999557495117,14.913999557495117,14.913999557495117,14.913999557495117,0,0.0,0.0,0.0
2025-08-12 00:00:00+02:00,15.065999984741211,15.314000129699707,15.027999877929688,15.265999794006348,10658,0.0,0.0,0.0
2025-08-13 00:00:00+02:00,15.380000114440918,15.489999771118164,15.380000114440918,15.37600040435791,23836,0.0,0.0,0.0
2025-08-14 00:00:00+02:00,15.434000015258789,15.434000015258789,15.319999694824219,15.378000259399414,4808,0.0,0.0,0.0
2025-08-18 00:00:00+02:00,15.092000007629395,15.20199966430664,15.092000007629395,15.20199966430664,783,0.0,0.0,0.0
2025-08-19 00:00:00+02:00,15.222000122070312,15.222000122070312,15.118000030517578,15.118000030517578,32,0.0,0.0,0.0
2025-08-20 00:00:00+02:00,14.838000297546387,14.838000297546387,14.54800033569336,14.64799976348877,723,0.0,0.0,0.0
2025-08-21 00:00:00+02:00,14.720000267028809,14.763999938964844,14.657999992370605,14.744000434875488,3164,0.0,0.0,0.0
2025-08-22 00:00:00+02:00,14.887999534606934,15.074000358581543,14.887999534606934,15.020000457763672,16979,0.0,0.0,0.0
2025-08-25 00:00:00+02:00,14.954000473022461,14.954000473022461,14.954000473022461,15.04800033569336,200,0.0,0.0,0.0
2025-08-26 00:00:00+02:00,15.121999740600586,15.17199993133545,15.121999740600586,15.14799976348877,6105,0.0,0.0,0.0
2025-08-27 00:00:00+02:00,15.270000457763672,15.270000457763672,15.270000457763672,15.215999603271484,325,0.0,0.0,0.0
2025-08-28 00:00:00+02:00,15.272000312805176,15.3100004196167,15.232000350952148,15.305999755859375,95,0.0,0.0,0.0
2025-08-29 00:00:00+02:00,15.12399959564209,15.12399959564209,14.918000221252441,14.904000282287598,3503,0.0,0.0,0.0
2025-09-01 00:00:00+02:00,14.904000282287598,14.904000282287598,14.904000282287598,14.904000282287598,0,0.0,0.0,0.0
2025-09-02 00:00:00+02:00,14.70199966430664,14.715999603271484,14.640000343322754,14.534000396728516,1216,0.0,0.0,0.0
2025-09-03 00:00:00+02:00,14.534000396728516,14.534000396728516,14.534000396728516,14.534000396728516,0,0.0,0.0,0.0
2025-09-04 00:00:00+02:00,14.668000221252441,14.668000221252441,14.668000221252441,14.803999900817871,900,0.0,0.0,0.0
2025-09-05 00:00:00+02:00,15.029999732971191,15.029999732971191,15.026000022888184,14.918000221252441,260,0.0,0.0,0.0
2025-09-08 00:00:00+02:00,15.053999900817871,15.239999771118164,15.053999900817871,15.180000305175781,3539,0.0,0.0,0.0
2025-09-09 00:00:00+02:00,15.27400016784668,15.303999900817871,15.236000061035156,15.281999588012695,21297,0.0,0.0,0.0
2025-09-10 00:00:00+02:00,15.526000022888184,15.711999893188477,15.526000022888184,15.720000267028809,11872,0.0,0.0,0.0
2025-09-11 00:00:00+02:00,15.736000061035156,15.895999908447266,15.736000061035156,15.906000137329102,1328,0.0,0.0,0.0
2025-09-12 00:00:00+02:00,15.906000137329102,15.906000137329102,15.906000137329102,15.906000137329102,0,0.0,0.0,0.0
2025-09-15 00:00:00+02:00,15.986000061035156,16.010000228881836,15.84000015258789,16.02199935913086,574,0.0,0.0,0.0
2025-09-16 00:00:00+02:00,16.209999084472656,16.281999588012695,16.100000381469727,16.054000854492188,1502,0.0,0.0,0.0
2025-09-17 00:00:00+02:00,16.04199981689453,16.04199981689453,16.040000915527344,16.04800033569336,2425,0.0,0.0,0.0
2025-09-18 00:00:00+02:00,16.351999282836914,16.691999435424805,16.351999282836914,16.777999877929688,13414,0.0,0.0,0.0
2025-09-19 00:00:00+02:00,16.697999954223633,16.739999771118164,16.600000381469727,16.591999053955078,56702,0.0,0.0,0.0
2025-09-22 00:00:00+02:00,16.672000885009766,16.784000396728516,16.604000091552734,16.851999282836914,3521,0.0,0.0,0.0
2025-09-23 00:00:00+02:00,16.93000030517578,17.035999298095703,16.93000030517578,17.054000854492188,5260,0.0,0.0,0.0
2025-09-24 00:00:00+02:00,16.988000869750977,16.988000869750977,16.893999099731445,16.950000762939453,3145,0.0,0.0,0.0
2025-09-25 00:00:00+02:00,16.865999221801758,16.941999435424805,16.63800048828125,16.829999923706055,24206,0.0,0.0,0.0
2025-09-26 00:00:00+02:00,16.742000579833984,16.898000717163086,16.709999084472656,16.766000747680664,16813,0.0,0.0,0.0
2025-09-29 00:00:00+02:00,17.02400016784668,17.04199981689453,17.01799964904785,17.038000106811523,718,0.0,0.0,0.0
2025-09-30 00:00:00+02:00,16.889999389648438,16.965999603271484,16.829999923706055,16.940000534057617,1707,0.0,0.0,0.0
2025-10-01 00:00:00+02:00,16.81599998474121,17.16200065612793,16.81599998474121,17.190000534057617,5355,0.0,0.0,0.0
2025-10-02 00:00:00+02:00,17.634000778198242,17.66200065612793,17.634000778198242,17.812000274658203,1617,0.0,0.0,0.0
2025-10-03 00:00:00+02:00,17.93400001525879,17.93400001525879,17.856000900268555,17.937999725341797,2067,0.0,0.0,0.0
2025-10-06 00:00:00+02:00,18.049999237060547,18.621999740600586,18.025999069213867,18.43000030517578,18433,0.0,0.0,0.0
2025-10-07 00:00:00+02:00,18.417999267578125,18.530000686645508,18.187999725341797,18.187999725341797,20255,0.0,0.0,0.0
2025-10-08 00:00:00+02:00,18.118000030517578,18.280000686645508,18.02199935913086,18.417999267578125,22619,0.0,0.0,0.0
2025-10-09 00:00:00+02:00,18.600000381469727,18.6560001373291,18.540000915527344,18.540000915527344,18974,0.0,0.0,0.0
2025-10-10 00:00:00+02:00,18.591999053955078,18.628000259399414,18.48200035095215,17.860000610351562,26662,0.0,0.0,0.0
2025-10-13 00:00:00+02:00,18.02199935913086,18.257999420166016,18.02199935913086,18.25200080871582,42398,0.0,0.0,0.0
2025-10-14 00:00:00+02:00,18.062000274658203,18.06999969482422,17.868000030517578,18.010000228881836,4604,0.0,0.0,0.0
2025-10-15 00:00:00+02:00,18.280000686645508,18.583999633789062,18.280000686645508,18.511999130249023,16758,0.0,0.0,0.0
2025-10-16 00:00:00+02:00,18.719999313354492,18.856000900268555,18.67799949645996,18.714000701904297,9513,0.0,0.0,0.0
2025-10-17 00:00:00+02:00,18.172000885009766,18.577999114990234,18.152000427246094,18.4060001373291,23847,0.0,0.0,0.0
2025-10-20 00:00:00+02:00,18.895999908447266,19.100000381469727,18.829999923706055,19.0939998626709,2763,0.0,0.0,0.0
2025-10-21 00:00:00+02:00,18.97599983215332,18.97599983215332,18.871999740600586,18.908000946044922,4656,0.0,0.0,0.0
2025-10-22 00:00:00+02:00,18.788000106811523,18.871999740600586,18.766000747680664,18.440000534057617,1460,0.0,0.0,0.0
2025-10-23 00:00:00+02:00,18.554000854492188,18.73200035095215,18.488000869750977,18.738000869750977,814,0.0,0.0,0.0
2025-10-27 00:00:00+01:00,19.618000030517578,19.68600082397461,19.562000274658203,19.645999908447266,33975,0.0,0.0,0.0
2025-10-28 00:00:00+01:00,19.621999740600586,19.673999786376953,19.56999969482422,19.715999603271484,5471,0.0,0.0,0.0
2025-10-29 00:00:00+01:00,20.174999237060547,20.299999237060547,20.145000457763672,20.219999313354492,10744,0.0,0.0,0.0
2025-10-30 00:00:00+01:00,20.334999084472656,20.344999313354492,20.1200008392334,20.235000610351562,5399,0.0,0.0,0.0
2025-10-31 00:00:00+01:00,20.354999542236328,20.354999542236328,20.21500015258789,20.145000457763672,27608,0.0,0.0,0.0
2025-11-03 00:00:00+01:00,20.424999237060547,20.575000762939453,20.424999237060547,20.43000030517578,14133,0.0,0.0,0.0
2025-11-04 00:00:00+01:00,20.079999923706055,20.114999771118164,19.93400001525879,20.059999465942383,13068,0.0,0.0,0.0
2025-11-05 00:00:00+01:00,19.540000915527344,20.094999313354492,19.540000915527344,20.155000686645508,17532,0.0,0.0,0.0
2025-11-06 00:00:00+01:00,20.045000076293945,20.229999542236328,19.639999389648438,19.66200065612793,3289,0.0,0.0,0.0
2025-11-07 00:00:00+01:00,19.70599937438965,19.70599937438965,18.95599937438965,18.892000198364258,3106,0.0,0.0,0.0
2025-11-10 00:00:00+01:00,19.860000610351562,19.950000762939453,19.847999572753906,19.82200050354004,2957,0.0,0.0,0.0
2025-11-11 00:00:00+01:00,19.90399932861328,19.90399932861328,19.507999420166016,19.558000564575195,16186,0.0,0.0,0.0
2025-11-12 00:00:00+01:00,19.79400062561035,19.856000900268555,19.79400062561035,19.812000274658203,7137,0.0,0.0,0.0
2025-11-13 00:00:00+01:00,19.75,19.79599952697754,19.47599983215332,19.20599937438965,1691,0.0,0.0,0.0
2025-11-14 00:00:00+01:00,18.857999801635742,19.263999938964844,18.51799964904785,19.32200050354004,35381,0.0,0.0,0.0
2025-11-17 00:00:00+01:00,19.3700008392334,19.384000778198242,19.052000045776367,19.13599967956543,3046,0.0,0.0,0.0
2025-11-18 00:00:00+01:00,18.68000030517578,18.780000686645508,18.336000442504883,18.591999053955078,16016,0.0,0.0,0.0
2025-11-19 00:00:00+01:00,18.54599952697754,18.988000869750977,18.503999710083008,18.73200035095215,7345,0.0,0.0,0.0
2025-11-20 00:00:00+01:00,19.368000030517578,19.392000198364258,18.969999313354492,18.889999389648438,16562,0.0,0.0,0.0
2025-11-21 00:00:00+01:00,17.875999450683594,17.908000946044922,17.573999404907227,17.77199935913086,6561,0.0,0.0,0.0
2025-11-24 00:00:00+01:00,18.083999633789062,18.554000854492188,18.02199935913086,18.663999557495117,1767,0.0,0.0,0.0
2025-11-25 00:00:00+01:00,18.658000946044922,18.658000946044922,18.11199951171875,18.486000061035156,18104,0.0,0.0,0.0
2025-11-26 00:00:00+01:00,18.761999130249023,19.01799964904785,18.74799919128418,19.128000259399414,3197,0.0,0.0,0.0
2025-11-27 00:00:00+01:00,19.18199920654297,19.243999481201172,19.149999618530273,19.149999618530273,2032,0.0,0.0,0.0
2025-11-28 00:00:00+01:00,19.356000900268555,19.356000900268555,19.356000900268555,19.375999450683594,8864,0.0,0.0,0.0
2025-12-01 00:00:00+01:00,19.25,19.360000610351562,19.139999389648438,19.3799991607666,6089,0.0,0.0,0.0
2025-12-02 00:00:00+01:00,19.51799964904785,19.736000061035156,19.511999130249023,19.639999389648438,2451,0.0,0.0,0.0
2025-12-03 00:00:00+01:00,19.865999221801758,19.865999221801758,19.558000564575195,19.711999893188477,8706,0.0,0.0,0.0
2025-12-04 00:00:00+01:00,19.940000534057617,19.940000534057617,19.784000396728516,19.805999755859375,2542,0.0,0.0,0.0
2025-12-05 00:00:00+01:00,19.97800064086914,20.15999984741211,19.93400001525879,20.045000076293945,5726,0.0,0.0,0.0
2025-12-08 00:00:00+01:00,20.135000228881836,20.299999237060547,20.135000228881836,20.2450008392334,974,0.0,0.0,0.0
2025-12-09 00:00:00+01:00,20.375,20.375,20.309999465942383,20.329999923706055,694,0.0,0.0,0.0
2025-12-10 00:00:00+01:00,20.40999984741211,20.40999984741211,20.25,20.309999465942383,3252,0.0,0.0,0.0
2025-12-11 00:00:00+01:00,20.1200008392334,20.21500015258789,19.884000778198242,19.941999435424805,4990,0.0,0.0,0.0
2025-12-12 00:00:00+01:00,19.989999771118164,20.065000534057617,19.351999282836914,19.43600082397461,6641,0.0,0.0,0.0
2025-12-15 00:00:00+01:00,19.389999389648438,19.5,19.389999389648438,19.426000595092773,128421,0.0,0.0,0.0
2025-12-16 00:00:00+01:00,18.986000061035156,19.15999984741211,18.93000030517578,19.00200080871582,4044,0.0,0.0,0.0
2025-12-17 00:00:00+01:00,19.326000213623047,19.326000213623047,19.288000106811523,18.634000778198242,373,0.0,0.0,0.0
2025-12-18 00:00:00+01:00,18.878000259399414,19.104000091552734,18.84600067138672,19.06599998474121,3101,0.0,0.0,0.0
2025-12-19 00:00:00+01:00,19.124000549316406,19.43199920654297,19.07200050354004,19.41200065612793,2667,0.0,0.0,0.0
2025-12-22 00:00:00+01:00,19.582000732421875,19.743999481201172,19.54400062561035,19.59600067138672,7736,0.0,0.0,0.0
2025-12-23 00:00:00+01:00,19.652000427246094,19.652000427246094,19.652000427246094,19.65399932861328,132,0.0,0.0,0.0
2025-12-29 00:00:00+01:00,20.0,20.0,19.79800033569336,19.874000549316406,6601,0.0,0.0,0.0
2025-12-30 00:00:00+01:00,20.010000228881836,20.079999923706055,19.95199966430664,20.079999923706055,2071,0.0,0.0,0.0
2026-01-02 00:00:00+01:00,20.104999542236328,20.760000228881836,20.104999542236328,20.610000610351562,12694,0.0,0.0,0.0
2026-01-05 00:00:00+01:00,21.030000686645508,21.434999465942383,21.030000686645508,21.315000534057617,16537,0.0,0.0,0.0
2026-01-06 00:00:00+01:00,21.389999389648438,21.600000381469727,21.280000686645508,21.665000915527344,615,0.0,0.0,0.0
2026-01-07 00:00:00+01:00,21.7549991607666,21.764999389648438,21.65999984741211,21.645000457763672,4371,0.0,0.0,0.0
2026-01-08 00:00:00+01:00,21.614999771118164,21.649999618530273,21.225000381469727,21.219999313354492,4377,0.0,0.0,0.0
2026-01-09 00:00:00+01:00,21.424999237060547,22.030000686645508,21.424999237060547,22.030000686645508,7071,0.0,0.0,0.0
2026-01-12 00:00:00+01:00,21.770000457763672,22.0,21.65999984741211,21.9950008392334,11709,0.0,0.0,0.0
2026-01-13 00:00:00+01:00,22.075000762939453,22.204999923706055,22.0,22.295000076293945,6248,0.0,0.0,0.0
2026-01-14 00:00:00+01:00,22.315000534057617,22.315000534057617,21.9950008392334,22.014999389648438,1062,0.0,0.0,0.0
2026-01-15 00:00:00+01:00,22.5,23.155000686645508,22.5,22.969999313354492,28489,0.0,0.0,0.0
2026-01-16 00:00:00+01:00,22.90999984741211,23.030000686645508,22.829999923706055,22.915000915527344,3819,0.0,0.0,0.0
2026-01-19 00:00:00+01:00,22.614999771118164,22.68000030517578,22.46500015258789,22.530000686645508,8459,0.0,0.0,0.0
2026-01-20 00:00:00+01:00,22.219999313354492,22.479999542236328,22.094999313354492,22.56999969482422,4023,0.0,0.0,0.0
2026-01-21 00:00:00+01:00,22.44499969482422,23.065000534057617,22.34000015258789,23.014999389648438,11163,0.0,0.0,0.0
2026-01-22 00:00:00+01:00,23.364999771118164,23.53499984741211,23.104999542236328,23.19499969482422,17652,0.0,0.0,0.0
2026-01-23 00:00:00+01:00,23.065000534057617,23.135000228881836,22.864999771118164,22.96500015258789,5186,0.0,0.0,0.0
2026-01-26 00:00:00+01:00,22.844999313354492,22.844999313354492,22.579999923706055,22.674999237060547,23601,0.0,0.0,0.0
2026-01-27 00:00:00+01:00,23.145000457763672,23.25,22.985000610351562,23.219999313354492,6532,0.0,0.0,0.0
2026-01-28 00:00:00+01:00,24.010000228881836,24.125,23.655000686645508,23.764999389648438,14239,0.0,0.0,0.0
2026-01-29 00:00:00+01:00,23.860000610351562,23.979999542236328,23.104999542236328,23.344999313354492,9615,0.0,0.0,0.0
2026-01-30 00:00:00+01:00,23.364999771118164,23.799999237060547,23.364999771118164,23.53499984741211,5073,0.0,0.0,0.0
2026-02-02 00:00:00+01:00,22.790000915527344,23.59000015258789,22.600000381469727,23.575000762939453,57562,0.0,0.0,0.0
2026-02-03 00:00:00+01:00,23.8799991607666,23.899999618530273,23.190000534057617,23.209999084472656,8276,0.0,0.0,0.0
2026-02-04 00:00:00+01:00,23.19499969482422,23.19499969482422,22.280000686645508,22.34000015258789,4209,0.0,0.0,0.0
2026-02-05 00:00:00+01:00,22.415000915527344,22.454999923706055,21.799999237060547,22.21500015258789,15471,0.0,0.0,0.0
2026-02-06 00:00:00+01:00,22.21500015258789,23.03499984741211,22.184999465942383,23.05500030517578,13584,0.0,0.0,0.0
2026-02-09 00:00:00+01:00,23.200000762939453,23.53499984741211,22.875,23.53499984741211,15542,0.0,0.0,0.0
2026-02-10 00:00:00+01:00,23.395000457763672,23.459999084472656,23.395000457763672,23.364999771118164,15558,0.0,0.0,0.0
2026-02-11 00:00:00+01:00,23.399999618530273,23.8799991607666,23.239999771118164,23.795000076293945,22995,0.0,0.0,0.0
2026-02-12 00:00:00+01:00,24.010000228881836,24.15999984741211,23.46500015258789,23.46500015258789,13183,0.0,0.0,0.0
2026-02-13 00:00:00+01:00,23.469999313354492,23.799999237060547,23.43000030517578,23.6200008392334,8393,0.0,0.0,0.0
2026-02-16 00:00:00+01:00,23.729999542236328,23.75,23.43000030517578,23.514999389648438,7580,0.0,0.0,0.0
2026-02-17 00:00:00+01:00,23.565000534057617,23.610000610351562,23.200000762939453,23.625,2902,0.0,0.0,0.0
2026-02-18 00:00:00+01:00,23.780000686645508,24.135000228881836,23.670000076293945,24.174999237060547,13243,0.0,0.0,0.0
2026-02-19 00:00:00+01:00,24.084999084472656,24.084999084472656,23.75,23.8799991607666,13025,0.0,0.0,0.0
2026-02-20 00:00:00+01:00,24.065000534057617,24.290000915527344,23.860000610351562,24.165000915527344,9158,0.0,0.0,0.0
2026-02-23 00:00:00+01:00,23.950000762939453,24.260000228881836,23.829999923706055,23.954999923706055,6227,0.0,0.0,0.0
2026-02-24 00:00:00+01:00,24.364999771118164,24.670000076293945,24.364999771118164,24.604999542236328,8327,0.0,0.0,0.0
2026-02-25 00:00:00+01:00,24.75,25.149999618530273,24.725000381469727,24.954999923706055,25073,0.0,0.0,0.0
2026-02-26 00:00:00+01:00,25.135000228881836,25.239999771118164,23.954999923706055,24.315000534057617,36291,0.0,0.0,0.0
2026-02-27 00:00:00+01:00,24.270000457763672,24.270000457763672,23.84000015258789,24.1200008392334,17813,0.0,0.0,0.0
2026-03-02 00:00:00+01:00,23.514999389648438,24.049999237060547,23.46500015258789,23.94499969482422,11586,0.0,0.0,0.0
2026-03-03 00:00:00+01:00,23.5049991607666,23.5049991607666,22.799999237060547,23.030000686645508,7852,0.0,0.0,0.0
2026-03-04 00:00:00+01:00,22.790000915527344,23.635000228881836,22.790000915527344,23.399999618530273,37810,0.0,0.0,0.0
2026-03-05 00:00:00+01:00,23.549999237060547,23.719999313354492,23.315000534057617,23.350000381469727,67043,0.0,0.0,0.0
2026-03-09 00:00:00+01:00,21.854999542236328,22.704999923706055,21.799999237060547,22.565000534057617,61170,0.0,0.0,0.0
2026-03-10 00:00:00+01:00,23.299999237060547,23.649999618530273,22.934999465942383,23.565000534057617,75501,0.0,0.0,0.0
2026-03-11 00:00:00+01:00,23.520000457763672,23.860000610351562,23.420000076293945,23.645000457763672,5102,0.0,0.0,0.0
2026-03-12 00:00:00+01:00,23.604999542236328,23.6200008392334,22.90999984741211,23.024999618530273,6083,0.0,0.0,0.0
2026-03-13 00:00:00+01:00,22.875,23.44499969482422,22.875,23.059999465942383,4036,0.0,0.0,0.0
2026-03-16 00:00:00+01:00,23.30500030517578,23.68000030517578,23.28499984741211,23.579999923706055,7971,0.0,0.0,0.0
2026-03-17 00:00:00+01:00,23.360000610351562,23.575000762939453,23.270000457763672,23.5049991607666,5577,0.0,0.0,0.0
2026-03-18 00:00:00+01:00,24.03499984741211,24.045000076293945,23.674999237060547,23.725000381469727,6082,0.0,0.0,0.0
2026-03-19 00:00:00+01:00,23.3700008392334,23.375,22.774999618530273,23.2549991607666,109101,0.0,0.0,0.0
2026-03-20 00:00:00+01:00,23.204999923706055,23.405000686645508,22.8700008392334,22.8700008392334,942,0.0,0.0,0.0
2026-03-23 00:00:00+01:00,22.389999389648438,23.514999389648438,22.389999389648438,23.079999923706055,16067,0.0,0.0,0.0
2026-03-24 00:00:00+01:00,23.079999923706055,23.28499984741211,22.920000076293945,23.309999465942383,1368,0.0,0.0,0.0
2026-03-25 00:00:00+01:00,23.739999771118164,23.80500030517578,23.524999618530273,23.645000457763672,14874,0.0,0.0,0.0
2026-03-26 00:00:00+01:00,23.145000457763672,23.200000762939453,22.940000534057617,22.790000915527344,969,0.0,0.0,0.0
2026-03-27 00:00:00+01:00,22.69499969482422,22.69499969482422,22.200000762939453,22.2450008392334,11269,0.0,0.0,0.0
2026-03-30 00:00:00+02:00,22.2450008392334,22.344999313354492,21.75,21.709999084472656,5539,0.0,0.0,0.0
2026-03-31 00:00:00+02:00,21.485000610351562,21.700000762939453,21.485000610351562,21.68000030517578,3017,0.0,0.0,0.0
2026-04-01 00:00:00+02:00,22.739999771118164,23.040000915527344,22.489999771118164,23.114999771118164,9006,0.0,0.0,0.0
2026-04-02 00:00:00+02:00,22.3700008392334,22.770000457763672,22.100000381469727,22.770000457763672,7602,0.0,0.0,0.0
2026-04-07 00:00:00+02:00,23.079999923706055,23.329999923706055,22.799999237060547,22.950000762939453,8281,0.0,0.0,0.0
2026-04-08 00:00:00+02:00,24.6200008392334,24.915000915527344,24.55500030517578,24.725000381469727,9897,0.0,0.0,0.0
2026-04-09 00:00:00+02:00,24.604999542236328,25.045000076293945,24.600000381469727,25.045000076293945,3003,0.0,0.0,0.0
2026-04-10 00:00:00+02:00,25.28499984741211,25.809999465942383,25.28499984741211,25.809999465942383,4115,0.0,0.0,0.0
2026-04-13 00:00:00+02:00,25.5,25.795000076293945,25.469999313354492,25.774999618530273,2167,0.0,0.0,0.0
2026-04-14 00:00:00+02:00,26.315000534057617,26.440000534057617,26.274999618530273,26.344999313354492,6945,0.0,0.0,0.0
2026-04-15 00:00:00+02:00,26.575000762939453,26.670000076293945,26.350000381469727,26.360000610351562,20468,0.0,0.0,0.0
2026-04-16 00:00:00+02:00,26.809999465942383,26.905000686645508,26.559999465942383,26.889999389648438,7492,0.0,0.0,0.0
2026-04-17 00:00:00+02:00,26.860000610351562,27.3799991607666,26.850000381469727,27.375,11678,0.0,0.0,0.0
2026-04-20 00:00:00+02:00,27.200000762939453,27.399999618530273,27.155000686645508,27.325000762939453,10500,0.0,0.0,0.0
2026-04-21 00:00:00+02:00,27.739999771118164,27.81999969482422,27.600000381469727,27.600000381469727,21391,0.0,0.0,0.0
2026-04-22 00:00:00+02:00,28.030000686645508,28.295000076293945,27.889999389648438,28.295000076293945,25137,0.0,0.0,0.0
2026-04-23 00:00:00+02:00,28.479999542236328,28.895000457763672,28.295000076293945,28.899999618530273,35078,0.0,0.0,0.0
2026-04-24 00:00:00+02:00,29.389999389648438,29.934999465942383,29.30500030517578,29.834999084472656,37534,0.0,0.0,0.0
2026-04-27 00:00:00+02:00,30.149999618530273,30.350000381469727,29.59000015258789,29.600000381469727,21907,0.0,0.0,0.0
2026-04-28 00:00:00+02:00,29.68000030517578,29.68000030517578,28.610000610351562,28.649999618530273,28820,0.0,0.0,0.0
2026-04-29 00:00:00+02:00,29.200000762939453,29.530000686645508,29.170000076293945,29.415000915527344,28473,0.0,0.0,0.0
2026-04-30 00:00:00+02:00,29.639999389648438,30.110000610351562,29.639999389648438,29.969999313354492,27797,0.0,0.0,0.0
2026-05-04 00:00:00+02:00,30.969999313354492,31.06999969482422,30.489999771118164,30.489999771118164,58687,0.0,0.0,0.0
2026-05-05 00:00:00+02:00,30.81999969482422,31.950000762939453,30.81999969482422,31.795000076293945,52913,0.0,0.0,0.0
2026-05-06 00:00:00+02:00,32.5099983215332,33.32500076293945,32.435001373291016,33.05500030517578,44168,0.0,0.0,0.0
2026-05-07 00:00:00+02:00,33.45500183105469,33.525001525878906,32.71500015258789,33.08000183105469,87060,0.0,0.0,0.0
2026-05-08 00:00:00+02:00,33.17499923706055,34.1150016784668,33.04999923706055,34.09000015258789,32143,0.0,0.0,0.0
2026-05-11 00:00:00+02:00,34.76499938964844,35.2400016784668,34.47999954223633,35.150001525878906,213700,0.0,0.0,0.0
2026-05-12 00:00:00+02:00,34.56999969482422,34.66999816894531,33.255001068115234,33.29499816894531,88119,0.0,0.0,0.0
2026-05-13 00:00:00+02:00,34.67499923706055,35.14500045776367,34.31999969482422,34.93000030517578,71299,0.0,0.0,0.0
2026-05-14 00:00:00+02:00,35.185001373291016,35.47999954223633,34.849998474121094,35.40999984741211,66035,0.0,0.0,0.0
2026-05-15 00:00:00+02:00,34.595001220703125,34.6150016784668,33.6349983215332,34.154998779296875,60332,0.0,0.0,0.0
2026-05-18 00:00:00+02:00,33.810001373291016,34.52000045776367,33.06999969482422,33.220001220703125,80243,0.0,0.0,0.0
2026-05-19 00:00:00+02:00,32.81999969482422,33.029998779296875,31.895000457763672,32.474998474121094,144467,0.0,0.0,0.0
2026-05-20 00:00:00+02:00,33.2400016784668,34.154998779296875,33.2400016784668,34.14500045776367,96993,0.0,0.0,0.0
2026-05-21 00:00:00+02:00,34.369998931884766,34.78499984741211,34.275001525878906,34.415000915527344,84416,0.0,0.0,0.0
2026-05-22 00:00:00+02:00,35.125,35.71500015258789,35.0,35.68000030517578,30568,0.0,0.0,0.0
2026-05-25 00:00:00+02:00,36.32500076293945,36.709999084472656,36.279998779296875,36.58000183105469,11283,0.0,0.0,0.0
2026-05-26 00:00:00+02:00,36.67499923706055,37.66999816894531,36.29999923706055,37.185001373291016,59538,0.0,0.0,0.0
2026-05-27 00:00:00+02:00,37.86000061035156,38.85499954223633,36.80500030517578,37.0,87476,0.0,0.0,0.0
2026-05-28 00:00:00+02:00,37.040000915527344,37.875,36.94499969482422,37.875,70367,0.0,0.0,0.0
2026-05-29 00:00:00+02:00,37.875,38.3650016784668,37.540000915527344,37.584999084472656,58453,0.0,0.0,0.0
2026-06-01 00:00:00+02:00,38.154998779296875,38.154998779296875,37.220001220703125,38.029998779296875,28171,0.0,0.0,0.0
2026-06-02 00:00:00+02:00,38.084999084472656,39.185001373291016,38.0,39.064998626708984,47358,0.0,0.0,0.0
2026-06-03 00:00:00+02:00,39.83000183105469,40.38999938964844,39.13999938964844,39.959999084472656,54153,0.0,0.0,0.0
2026-06-04 00:00:00+02:00,39.39500045776367,39.39500045776367,37.70500183105469,38.52000045776367,147112,0.0,0.0,0.0
2026-06-05 00:00:00+02:00,37.625,37.70000076293945,36.47999954223633,36.47999954223633,89415,0.0,0.0,0.0
2026-06-08 00:00:00+02:00,35.400001525878906,37.650001525878906,35.400001525878906,37.26499938964844,82679,0.0,0.0,0.0
2026-06-09 00:00:00+02:00,38.16999816894531,38.369998931884766,36.1150016784668,36.1150016784668,90779,0.0,0.0,0.0
2026-06-10 00:00:00+02:00,36.36000061035156,37.30500030517578,35.54499816894531,36.10499954223633,112089,0.0,0.0,0.0
2026-06-11 00:00:00+02:00,36.5099983215332,37.6349983215332,36.375,37.1150016784668,70806,0.0,0.0,0.0
2026-06-12 00:00:00+02:00,38.099998474121094,39.27000045776367,37.63999938964844,39.084999084472656,53579,0.0,0.0,0.0
2026-06-15 00:00:00+02:00,40.58000183105469,40.7599983215332,40.30500030517578,40.630001068115234,50144,0.0,0.0,0.0
2026-06-16 00:00:00+02:00,40.79999923706055,41.08000183105469,39.650001525878906,39.65999984741211,55045,0.0,0.0,0.0
2026-06-17 00:00:00+02:00,40.040000915527344,40.59000015258789,39.900001525878906,40.54999923706055,43388,0.0,0.0,0.0
2026-06-18 00:00:00+02:00,41.56999969482422,42.834999084472656,41.42499923706055,42.68000030517578,56523,0.0,0.0,0.0
2026-06-19 00:00:00+02:00,42.415000915527344,42.79999923706055,42.40999984741211,42.69499969482422,8252,0.0,0.0,0.0
2026-06-22 00:00:00+02:00,43.564998626708984,44.435001373291016,43.35499954223633,43.970001220703125,19743,0.0,0.0,0.0
2026-06-23 00:00:00+02:00,41.96500015258789,42.06999969482422,40.65999984741211,40.83000183105469,70572,0.0,0.0,0.0
2026-06-24 00:00:00+02:00,41.275001525878906,41.29999923706055,40.25,40.65999984741211,48944,0.0,0.0,0.0
2026-06-25 00:00:00+02:00,42.96500015258789,43.349998474121094,41.21500015258789,41.76499938964844,78224,0.0,0.0,0.0
2026-06-26 00:00:00+02:00,41.51499938964844,41.51499938964844,40.2599983215332,40.77000045776367,34115,0.0,0.0,0.0
2026-06-29 00:00:00+02:00,40.875,41.13999938964844,39.119998931884766,40.70000076293945,19759,0.0,0.0,0.0
2026-06-30 00:00:00+02:00,42.14500045776367,43.099998474121094,41.77000045776367,42.8849983215332,24495,0.0,0.0,0.0
2026-07-01 00:00:00+02:00,42.7599983215332,42.880001068115234,40.900001525878906,41.349998474121094,29413,0.0,0.0,0.0
2026-07-02 00:00:00+02:00,39.78499984741211,41.025001525878906,38.46500015258789,38.86000061035156,96179,0.0,0.0,0.0
2026-07-03 00:00:00+02:00,39.369998931884766,40.060001373291016,39.369998931884766,39.80500030517578,4769,0.0,0.0,0.0
2026-07-06 00:00:00+02:00,39.52000045776367,40.224998474121094,39.20000076293945,39.790000915527344,5971,0.0,0.0,0.0
2026-07-07 00:00:00+02:00,38.375,38.375,36.47999954223633,36.6150016784668,44285,0.0,0.0,0.0
2026-07-08 00:00:00+02:00,36.79999923706055,37.8849983215332,35.9900016784668,37.209999084472656,17624,0.0,0.0,0.0
2026-07-09 00:00:00+02:00,38.5099983215332,39.915000915527344,38.459999084472656,39.70500183105469,12246,0.0,0.0,0.0
2026-07-10 00:00:00+02:00,38.94499969482422,39.28499984741211,38.349998474121094,39.28499984741211,9912,0.0,0.0,0.0
2026-07-13 00:00:00+02:00,37.70000076293945,37.95500183105469,37.2599983215332,37.755001068115234,8724,0.0,0.0,0.0
2026-07-14 00:00:00+02:00,37.744998931884766,38.744998931884766,37.70000076293945,38.525001525878906,14242,0.0,0.0,0.0
2026-07-15 00:00:00+02:00,39.345001220703125,39.345001220703125,37.084999084472656,37.244998931884766,10373,0.0,0.0,0.0
2026-07-16 00:00:00+02:00,37.255001068115234,37.255001068115234,35.96500015258789,36.18000030517578,35410,0.0,0.0,0.0
2026-07-17 00:00:00+02:00,34.369998931884766,35.20500183105469,33.689998626708984,34.72999954223633,22583,0.0,0.0,0.0
2026-07-20 00:00:00+02:00,35.0,36.150001525878906,35.0,35.69499969482422,12341,0.0,0.0,0.0
2026-07-21 00:00:00+02:00,36.369998931884766,37.279998779296875,36.369998931884766,37.279998779296875,12678,0.0,0.0,0.0
2026-07-22 00:00:00+02:00,36.54999923706055,37.5,36.14500045776367,37.45500183105469,25297,0.0,0.0,0.0
2026-07-23 00:00:00+02:00,37.30500030517578,37.470001220703125,36.73500061035156,36.67499923706055,13614,0.0,0.0,0.0
2026-07-24 00:00:00+02:00,36.650001525878906,36.900001525878906,35.55500030517578,35.79499816894531,11043,0.0,0.0,0.0
2026-07-27 00:00:00+02:00,36.459999084472656,36.459999084472656,33.83000183105469,33.994998931884766,12015,0.0,0.0,0.0
2026-07-28 00:00:00+02:00,33.310001373291016,33.564998626708984,32.15999984741211,33.01499938964844,14943,0.0,0.0,0.0
2026-07-29 00:00:00+02:00,32.0,32.709999084472656,31.40999984741211,31.424999237060547,26401,0.0,0.0,0.0
2026-07-30 00:00:00+02:00,31.100000381469727,33.439998626708984,30.774999618530273,33.1150016784668,9274,0.0,0.0,0.0
2026-07-31 00:00:00+02:00,34.51499938964844,35.16999816894531,33.46500015258789,33.540000915527344,51780,0.0,0.0,0.0
2026-08-03 00:00:00+02:00,34.099998474121094,34.099998474121094,32.619998931884766,33.45500183105469,11582,0.0,0.0,0.0
2026-08-04 00:00:00+02:00,34.53499984741211,35.810001373291016,34.34000015258789,35.56999969482422,10136,0.0,0.0,0.0
2026-08-05 00:00:00+02:00,36.0,36.36000061035156,35.494998931884766,35.6349983215332,7938,0.0,0.0,0.0
2026-08-06 00:00:00+02:00,35.099998474121094,35.880001068115234,34.54499816894531,35.79499816894531,5941,0.0,0.0,0.0
2026-08-07 00:00:00+02:00,35.38999938964844,35.81999969482422,35.16999816894531,35.6150016784668,7481,0.0,0.0,0.0
2026-08-10 00:00:00+02:00,35.959999084472656,36.18000030517578,35.290000915527344,35.415000915527344,5108,0.0,0.0,0.0
2026-08-11 00:00:00+02:00,35.19499969482422,35.61000061035156,35.19499969482422,35.47999954223633,3571,0.0,0.0,0.0
2026-08-12 00:00:00+02:00,35.98500061035156,36.775001525878906,35.98500061035156,36.584999084472656,11399,0.0,0.0,0.0
2026-08-13 00:00:00+02:00,36.720001220703125,37.560001373291016,36.375,37.474998474121094,18320,0.0,0.0,0.0
2026-08-14 00:00:00+02:00,36.869998931884766,36.970001220703125,36.435001373291016,36.345001220703125,10166,0.0,0.0,0.0
2026-08-17 00:00:00+02:00,37.1349983215332,37.560001373291016,36.904998779296875,37.5,59283,0.0,0.0,0.0
2026-08-18 00:00:00+02:00,36.53499984741211,36.53499984741211,34.900001525878906,35.0,39118,0.0,0.0,0.0
2026-08-19 00:00:00+02:00,35.224998474121094,35.56999969482422,34.32500076293945,34.64500045776367,24610,0.0,0.0,0.0
2026-08-20 00:00:00+02:00,34.80500030517578,34.95000076293945,34.31999969482422,34.55500030517578,6505,0.0,0.0,0.0
2026-08-21 00:00:00+02:00,34.96500015258789,35.244998931884766,34.6150016784668,34.64500045776367,6038,0.0,0.0,0.0
2026-08-24 00:00:00+02:00,34.23500061035156,34.45500183105469,33.45000076293945,33.68000030517578,10362,0.0,0.0,0.0
2026-08-25 00:00:00+02:00,34.505001068115234,34.709999084472656,34.255001068115234,34.38999938964844,45682,0.0,0.0,0.0
2026-08-26 00:00:00+02:00,34.560001373291016,34.560001373291016,34.38999938964844,34.38999938964844,1710,0.0,0.0,0.0
2026-08-27 00:00:00+02:00,35.14500045776367,35.59000015258789,34.814998626708984,34.959999084472656,59498,0.0,0.0,0.0
2026-08-28 00:00:00+02:00,35.005001068115234,35.185001373291016,34.849998474121094,35.0099983215332,6766,0.0,0.0,0.0
2026-08-31 00:00:00+02:00,34.72999954223633,34.72999954223633,34.36000061035156,34.36000061035156,12713,0.0,0.0,0.0
2026-09-01 00:00:00+02:00,34.8849983215332,34.8849983215332,33.95000076293945,34.15999984741211,9023,0.0,0.0,0.0
2026-09-02 00:00:00+02:00,33.939998626708984,34.21500015258789,33.63999938964844,34.16999816894531,2082,0.0,0.0,0.0
2026-09-03 00:00:00+02:00,34.099998474121094,34.125,33.5,34.02000045776367,11790,0.0,0.0,0.0
2026-09-04 00:00:00+02:00,34.474998474121094,35.2599983215332,34.474998474121094,35.150001525878906,11557,0.0,0.0,0.0
2026-09-07 00:00:00+02:00,36.040000915527344,36.040000915527344,35.76499938964844,35.939998626708984,8857,0.0,0.0,0.0
2026-09-08 00:00:00+02:00,35.84000015258789,36.35499954223633,35.70500183105469,36.33000183105469,21151,0.0,0.0,0.0
2026-09-09 00:00:00+02:00,36.15999984741211,36.189998626708984,35.54999923706055,35.95500183105469,13291,0.0,0.0,0.0
2026-09-10 00:00:00+02:00,36.029998779296875,36.029998779296875,35.16999816894531,35.34000015258789,5982,0.0,0.0,0.0
2026-09-11 00:00:00+02:00,35.34000015258789,35.875,35.27000045776367,35.869998931884766,5208,0.0,0.0,0.0
2026-09-14 00:00:00+02:00,34.47999954223633,34.61000061035156,33.75,33.994998931884766,11912,0.0,0.0,0.0
2026-09-15 00:00:00+02:00,33.994998931884766,34.26499938964844,33.845001220703125,33.95000076293945,15053,0.0,0.0,0.0
2026-09-16 00:00:00+02:00,34.415000915527344,34.755001068115234,34.415000915527344,34.64500045776367,2251,0.0,0.0,0.0
2026-09-17 00:00:00+02:00,34.76499938964844,35.529998779296875,34.76499938964844,35.39500045776367,39862,0.0,0.0,0.0
2026-09-18 00:00:00+02:00,,,,,7401,0.0,0.0,0.0
