Date,Open,High,Low,Close,Volume,Dividends,Stock Splits,Capital Gains
2021-09-24 00:00:00-04:00,68.93766784711644,69.55258243714036,68.93766784711644,69.49354553222656,104400,0.030167,0.0,0.0
2021-09-27 00:00:00-04:00,68.88847313086566,69.06228859164469,68.42770002411488,68.9507827758789,205200,0.0,0.0,0.0
2021-09-28 00:00:00-04:00,67.96036273934234,67.96036273934234,66.69445827200839,66.72889709472656,315600,0.0,0.0,0.0
2021-09-29 00:00:00-04:00,67.06997600296332,67.22083728157551,66.31404074646026,66.37635040283203,288600,0.0,0.0,0.0
2021-09-30 00:00:00-04:00,66.71577032947413,67.03060629635272,66.16644563338399,66.18940734863281,133200,0.0,0.0,0.0
2021-10-01 00:00:00-04:00,66.49438748160118,67.20277012279675,65.84176148706776,66.97320556640625,484200,0.0,0.0,0.0
2021-10-04 00:00:00-04:00,66.59444381528282,66.59444381528282,64.76281319188375,65.21703338623047,316200,0.0,0.0,0.0
2021-10-05 00:00:00-04:00,65.46627513301574,66.58623499426847,65.46627513301574,66.19269561767578,204600,0.0,0.0,0.0
2021-10-06 00:00:00-04:00,65.49575346561815,66.72394573158172,65.39244455754675,66.69278717041016,311400,0.0,0.0,0.0
2021-10-07 00:00:00-04:00,67.39137149876916,67.92102233554559,67.3438191957834,67.38153076171875,308400,0.0,0.0,0.0
2021-10-08 00:00:00-04:00,67.73898746215966,67.73898746215966,67.09455819444953,67.1224365234375,207000,0.0,0.0,0.0
2021-10-11 00:00:00-04:00,66.78462974027372,67.4864519395711,66.58786010742188,66.58786010742188,154200,0.0,0.0,0.0
2021-10-12 00:00:00-04:00,66.90925896873453,66.91909970262245,66.30090494990972,66.44520568847656,136200,0.0,0.0,0.0
2021-10-13 00:00:00-04:00,66.76660332871326,67.07980292837554,66.66493825075457,67.0420913696289,171600,0.0,0.0,0.0
2021-10-14 00:00:00-04:00,67.84063955294457,68.41947882330714,67.79308726960112,68.38176727294922,619800,0.0,0.0,0.0
2021-10-15 00:00:00-04:00,68.69661493964814,68.87371063232422,68.50476189810583,68.87371063232422,121800,0.0,0.0,0.0
2021-10-18 00:00:00-04:00,68.61463544192037,69.59358228464609,68.61463544192037,69.56242370605469,169200,0.0,0.0,0.0
2021-10-19 00:00:00-04:00,69.82314515043056,70.20849516453916,69.68868511570459,70.1675033569336,109800,0.0,0.0,0.0
2021-10-20 00:00:00-04:00,70.18388171785833,70.25111547364848,69.69851059840948,69.87396240234375,74400,0.0,0.0,0.0
2021-10-21 00:00:00-04:00,69.73949458108846,70.30522037150233,69.63947340262489,70.29537963867188,586800,0.0,0.0,0.0
2021-10-22 00:00:00-04:00,69.85922461083688,69.91005715763477,69.30334684162277,69.41976928710938,114600,0.0,0.0,0.0
2021-10-25 00:00:00-04:00,69.49846536754005,69.86413385394006,69.2705371403095,69.68539428710938,77400,0.0,0.0,0.0
2021-10-26 00:00:00-04:00,70.27409295223781,70.39543952542614,69.68377632751613,69.71165466308594,91800,0.0,0.0,0.0
2021-10-27 00:00:00-04:00,69.71002002310198,70.12652121069269,69.4968490600586,69.4968490600586,212400,0.0,0.0,0.0
2021-10-28 00:00:00-04:00,69.74278654026836,70.25603601474499,69.65752269358853,70.20028686523438,1025400,0.0,0.0,0.0
2021-10-29 00:00:00-04:00,69.54438334913901,70.53152701315916,69.47223296476561,70.4856185913086,383400,0.0,0.0,0.0
2021-11-01 00:00:00-04:00,70.62171249312588,70.62171249312588,70.17405285195774,70.4970932006836,107400,0.0,0.0,0.0
2021-11-02 00:00:00-04:00,70.4839826198497,70.84473458217279,70.4839826198497,70.78242492675781,75000,0.0,0.0,0.0
2021-11-03 00:00:00-04:00,70.73157217787333,71.3448428323957,70.50036371407732,71.29564666748047,88800,0.0,0.0,0.0
2021-11-04 00:00:00-04:00,71.55311018146703,72.57960178648547,71.55311018146703,72.38774871826172,100800,0.0,0.0,0.0
2021-11-05 00:00:00-04:00,72.75834247480725,73.11417028430591,72.43858235209962,72.69110870361328,109800,0.0,0.0,0.0
2021-11-08 00:00:00-05:00,72.9928270699115,73.2699439866785,72.9928270699115,73.0797348022461,59400,0.0,0.0,0.0
2021-11-09 00:00:00-05:00,73.30601547081726,73.36833262035579,72.59927654278769,73.01577758789062,69000,0.0,0.0,0.0
2021-11-10 00:00:00-05:00,72.39101978296604,72.87803482036249,71.25137862372502,71.52522277832031,447000,0.0,0.0,0.0
2021-11-11 00:00:00-05:00,72.1089598633905,72.18767070852557,71.86135773315723,71.88595581054688,43800,0.0,0.0,0.0
2021-11-12 00:00:00-05:00,72.10569970399571,73.06660881478793,72.10242696529288,73.03709411621094,40200,0.0,0.0,0.0
2021-11-15 00:00:00-05:00,73.25025616219837,73.45358628899531,72.7074920301682,73.0272445678711,259800,0.0,0.0,0.0
2021-11-16 00:00:00-05:00,72.84359185571849,73.6290490868435,72.84359185571849,73.57821655273438,44400,0.0,0.0,0.0
2021-11-17 00:00:00-05:00,73.54378512774748,73.61921575187674,73.09940574879676,73.11908721923828,81600,0.0,0.0,0.0
2021-11-18 00:00:00-05:00,73.57657230510982,73.75694823370765,73.06496672186213,73.6405258178711,53400,0.0,0.0,0.0
2021-11-19 00:00:00-05:00,74.08982566994554,74.38990427492764,73.80778465877418,73.8700942993164,52200,0.0,0.0,0.0
2021-11-22 00:00:00-05:00,74.16199381616518,74.3686042567021,72.38448347464058,72.41891479492188,92400,0.0,0.0,0.0
2021-11-23 00:00:00-05:00,72.11717774804929,72.41233221322574,71.26941089442161,72.06634521484375,95400,0.0,0.0,0.0
2021-11-24 00:00:00-05:00,71.69739788262589,72.6779808866163,71.33008553358265,72.66649627685547,79200,0.0,0.0,0.0
2021-11-26 00:00:00-05:00,71.92532627969493,72.28443426461406,70.92506180473893,71.19890594482422,73200,0.0,0.0,0.0
2021-11-29 00:00:00-05:00,72.11060590914269,72.68616490724395,71.82200447247985,72.5238265991211,175200,0.0,0.0,0.0
2021-11-30 00:00:00-05:00,72.39757216934221,72.71733221089376,71.03819978959385,71.2284164428711,73800,0.0,0.0,0.0
2021-12-01 00:00:00-05:00,72.13521928797624,72.24836146383775,69.72474973925497,69.75098419189453,129000,0.0,0.0,0.0
2021-12-02 00:00:00-05:00,69.53945219197277,70.7053276973157,69.53945219197277,70.45772552490234,105600,0.0,0.0,0.0
2021-12-03 00:00:00-05:00,70.77584730058881,70.87095188352811,68.4719669274388,69.23281860351562,103800,0.0,0.0,0.0
2021-12-06 00:00:00-05:00,69.4000686553252,70.06417933221056,68.53263535365976,69.90840148925781,115800,0.0,0.0,0.0
2021-12-07 00:00:00-05:00,71.30877613729332,72.45334148908626,71.30877613729332,72.28279876708984,98400,0.0,0.0,0.0
2021-12-08 00:00:00-05:00,72.39922892806179,72.77145043002305,72.23033008125145,72.74193572998047,73800,0.0,0.0,0.0
2021-12-09 00:00:00-05:00,72.61895141306886,72.88459872090947,71.78266906738281,71.78266906738281,109800,0.0,0.0,0.0
2021-12-10 00:00:00-05:00,72.35986026994972,72.40085206737584,71.83677010565128,72.39921569824219,59400,0.0,0.0,0.0
2021-12-13 00:00:00-05:00,72.39316113953358,72.57852635081471,71.32197023861175,71.3416519165039,503400,0.028833,0.0,0.0
2021-12-14 00:00:00-05:00,70.3639434789454,70.83966772955434,69.61263827946198,70.35574340820312,379200,0.0,0.0,0.0
2021-12-15 00:00:00-05:00,70.2917866558661,72.20123229291383,69.59953376557776,72.13397216796875,248400,0.0,0.0,0.0
2021-12-16 00:00:00-05:00,72.40462505863286,72.40462505863286,69.85870565345247,70.29505157470703,343200,0.0,0.0,0.0
2021-12-17 00:00:00-05:00,69.46829647261406,70.67071846924253,69.12544783404151,70.07688903808594,528600,0.0,0.0,0.0
2021-12-20 00:00:00-05:00,68.92694448127618,69.32556405663212,68.72189764749069,69.17793273925781,177000,0.0,0.0,0.0
2021-12-21 00:00:00-05:00,69.89150344333946,71.07751743940952,69.37312684589668,71.06768035888672,113400,0.0,0.0,0.0
2021-12-22 00:00:00-05:00,70.8971089794114,71.75996398925781,70.81016717216025,71.75996398925781,90600,0.0,0.0,0.0
2021-12-23 00:00:00-05:00,71.73863929831961,72.48010770134753,71.73863929831961,72.22584533691406,229200,0.0,0.0,0.0
2021-12-27 00:00:00-05:00,72.38660613282697,73.35773672293183,72.38660613282697,73.33641052246094,155400,0.0,0.0,0.0
2021-12-28 00:00:00-05:00,73.45615800416714,73.45615800416714,72.71140805742375,72.85904693603516,133200,0.0,0.0,0.0
2021-12-29 00:00:00-05:00,72.95910966810698,73.10839307177518,72.55392687660151,72.82295989990234,193200,0.0,0.0,0.0
2021-12-30 00:00:00-05:00,72.84919515677734,73.24125177099143,72.50634649109698,72.58016967773438,54000,0.0,0.0,0.0
2021-12-31 00:00:00-05:00,72.50142628743039,72.658909741268,72.0125832890814,72.01750183105469,75600,0.0,0.0,0.0
2022-01-03 00:00:00-05:00,72.22910550583083,72.54734637463437,71.75174420262552,72.53913879394531,85200,0.0,0.0,0.0
2022-01-04 00:00:00-05:00,72.62117158215622,72.66546098496246,70.95286982677234,71.61724090576172,100200,0.0,0.0,0.0
2022-01-05 00:00:00-05:00,71.0529331451508,71.15135653697865,69.13692474365234,69.13692474365234,255000,0.0,0.0,0.0
2022-01-06 00:00:00-05:00,68.71370978927223,69.67663270499543,68.70879124702226,69.10577392578125,152400,0.0,0.0,0.0
2022-01-07 00:00:00-05:00,68.95975841244137,69.40595646224342,67.96239088001694,68.29539489746094,187800,0.0,0.0,0.0
2022-01-10 00:00:00-05:00,67.35381442098067,68.40204228968575,66.12678437319845,68.33314514160156,246000,0.0,0.0,0.0
2022-01-11 00:00:00-05:00,68.07067053438736,69.45845784374966,67.95912100280873,69.3616714477539,228000,0.0,0.0,0.0
2022-01-12 00:00:00-05:00,69.86855666321559,70.19336065303271,69.24356392098416,69.50930786132812,85800,0.0,0.0,0.0
2022-01-13 00:00:00-05:00,69.8997219214055,69.93909278153023,67.60150146484375,67.60150146484375,130800,0.0,0.0,0.0
2022-01-14 00:00:00-05:00,66.99783228708739,68.12152011934876,66.99783228708739,68.06902313232422,142200,0.0,0.0,0.0
2022-01-18 00:00:00-05:00,67.0125863726493,67.3964428481656,66.23339181922488,66.32689666748047,402600,0.0,0.0,0.0
2022-01-19 00:00:00-05:00,66.45320368809637,67.09295942033017,65.54112599673937,65.58377838134766,147600,0.0,0.0,0.0
2022-01-20 00:00:00-05:00,66.13987170772515,66.9354737304088,64.51422286313134,64.61920928955078,359400,0.0,0.0,0.0
2022-01-21 00:00:00-05:00,64.0171925293848,64.64875580530996,62.54245980270619,62.5621452331543,652800,0.0,0.0,0.0
2022-01-24 00:00:00-05:00,61.144829195418524,63.13137564230954,59.43879732178963,63.09856033325195,354600,0.0,0.0,0.0
2022-01-25 00:00:00-05:00,61.85511943779243,62.35380316292106,60.85938524347318,61.294097900390625,344400,0.0,0.0,0.0
2022-01-26 00:00:00-05:00,63.067398522909194,63.60381244552629,60.69699550628006,61.262939453125,366000,0.0,0.0,0.0
2022-01-27 00:00:00-05:00,62.2816434371755,62.67370382825577,60.75441725972256,60.865966796875,276000,0.0,0.0,0.0
2022-01-28 00:00:00-05:00,61.30887305759019,63.10840606689453,60.567404753188555,63.10840606689453,173400,0.0,0.0,0.0
2022-01-31 00:00:00-05:00,63.306896768840076,65.37218120149748,63.17566556842005,65.32952880859375,216000,0.0,0.0,0.0
2022-02-01 00:00:00-05:00,65.7084555305532,65.95615475438356,64.7996668576125,65.85609436035156,211200,0.0,0.0,0.0
2022-02-02 00:00:00-05:00,66.9207316974561,66.9207316974561,65.63628645650172,66.29244995117188,103800,0.0,0.0,0.0
2022-02-03 00:00:00-05:00,63.98766911364381,64.48635669492917,62.857425737501885,62.95420837402344,327600,0.0,0.0,0.0
2022-02-04 00:00:00-05:00,63.436492764276935,64.81444293558616,63.01162085244716,64.25505828857422,271200,0.0,0.0,0.0
2022-02-07 00:00:00-05:00,64.35676911649945,64.72094400152972,63.50375119291864,63.67927932739258,196800,0.0,0.0,0.0
2022-02-08 00:00:00-05:00,63.36102240686073,64.49454714486443,63.20682051025252,64.41744995117188,120600,0.0,0.0,0.0
2022-02-09 00:00:00-05:00,65.19829712640501,66.00045496680794,65.16056327556741,65.96929168701172,123000,0.0,0.0,0.0
2022-02-10 00:00:00-05:00,64.74390378761863,66.03163067859316,64.15007430568853,64.50932312011719,240000,0.0,0.0,0.0
2022-02-11 00:00:00-05:00,64.45846951377638,64.88334143455013,62.08151086241823,62.37842559814453,562200,0.0,0.0,0.0
2022-02-14 00:00:00-05:00,62.179932793104804,63.11497013867426,61.92238892740617,62.46700668334961,201600,0.0,0.0,0.0
2022-02-15 00:00:00-05:00,63.39054780371385,64.07624499358388,63.28884288727607,64.0598373413086,205200,0.0,0.0,0.0
2022-02-16 00:00:00-05:00,63.38236010303296,63.99095270982755,62.90828023425766,63.84823989868164,123600,0.0,0.0,0.0
2022-02-17 00:00:00-05:00,63.14449103304282,63.31509308531249,61.60414275728477,61.64023208618164,593400,0.0,0.0,0.0
2022-02-18 00:00:00-05:00,61.897780289805056,61.91910648649386,60.48374456558663,60.82002639770508,190200,0.0,0.0,0.0
2022-02-22 00:00:00-05:00,60.203233917645115,61.25309855418931,59.74883949697246,60.154022216796875,230400,0.0,0.0,0.0
2022-02-23 00:00:00-05:00,60.700271597021484,60.95617842612932,58.644831910497395,58.66123580932617,252600,0.0,0.0,0.0
2022-02-24 00:00:00-05:00,56.70094136709612,61.10053533799839,56.70094136709612,61.00703048706055,1047600,0.0,0.0,0.0
2022-02-25 00:00:00-05:00,61.19403912727997,61.912540435791016,60.3918775561491,61.912540435791016,285000,0.0,0.0,0.0
2022-02-28 00:00:00-05:00,61.26457179576244,62.21601290074424,60.94961244778922,62.00111770629883,280200,0.0,0.0,0.0
2022-03-01 00:00:00-05:00,61.75014345143646,62.01916890956691,60.31150004001083,60.77081298828125,111600,0.0,0.0,0.0
2022-03-02 00:00:00-05:00,60.98078688067111,62.02408837525614,60.56575959973442,61.779666900634766,153000,0.0,0.0,0.0
2022-03-03 00:00:00-05:00,62.23898879444229,62.23898879444229,60.32134317641678,60.61005783081055,187800,0.0,0.0,0.0
2022-03-04 00:00:00-05:00,60.2442395992711,60.49358338003187,59.07134387597194,59.46832275390625,130200,0.0,0.0,0.0
2022-03-07 00:00:00-05:00,59.369890843816165,59.425665596596644,56.915831758366544,56.960121154785156,328800,0.0,0.0,0.0
2022-03-08 00:00:00-05:00,56.787886360232875,58.56117456975004,56.05626267401382,56.83381652832031,6315600,0.0,0.0,0.0
2022-03-09 00:00:00-05:00,58.410258937616774,59.46012355132582,58.151074315097105,59.18781280517578,6796800,0.0,0.0,0.0
2022-03-10 00:00:00-05:00,58.51196134773084,58.85808775133258,57.849234808199846,58.65631866455078,4678200,0.0,0.0,0.0
2022-03-11 00:00:00-05:00,59.17960574073036,59.300996087685526,57.38335075146736,57.43748474121094,415800,0.0,0.0,0.0
2022-03-14 00:00:00-04:00,57.37023187961126,57.78689617034806,56.00212642915732,56.107112884521484,532200,0.0,0.0,0.0
2022-03-15 00:00:00-04:00,56.52214342286689,58.09038114108006,56.46965018867172,57.967350006103516,312000,0.0,0.0,0.0
2022-03-16 00:00:00-04:00,58.71208519707893,60.281959533691406,58.200275353002645,60.281959533691406,330600,0.0,0.0,0.0
2022-03-17 00:00:00-04:00,59.985052633551085,61.09725501087947,59.81773211237865,61.08576965332031,233400,0.0,0.0,0.0
2022-03-18 00:00:00-04:00,60.882357053528786,62.66056741372509,60.762607469531716,62.60807418823242,144600,0.0,0.0,0.0
2022-03-21 00:00:00-04:00,62.37842330974291,62.714708897052724,61.592665598769734,62.38662338256836,235800,0.0,0.0,0.0
2022-03-22 00:00:00-04:00,62.31444297774447,63.76457166260349,62.29639455897381,63.46109390258789,307800,0.0,0.0,0.0
2022-03-23 00:00:00-04:00,62.790161371394376,63.40859850970987,62.33576697996222,62.345611572265625,239400,0.0,0.0,0.0
2022-03-24 00:00:00-04:00,62.717330335681034,63.82843631508886,62.32179979175663,63.815303802490234,153000,0.030833,0.0,0.0
2022-03-25 00:00:00-04:00,63.940036903309654,64.00732976556624,62.87324932603014,63.65447235107422,230400,0.0,0.0,0.0
2022-03-28 00:00:00-04:00,63.51660201602035,64.50954172045309,63.260578112205735,64.50297546386719,208200,0.0,0.0,0.0
2022-03-29 00:00:00-04:00,65.26615452433694,66.03095828862175,64.85092510903564,65.89309692382812,205200,0.0,0.0,0.0
2022-03-30 00:00:00-04:00,65.4713014659228,65.67645570574842,64.45211155049805,64.740966796875,284400,0.0,0.0,0.0
2022-03-31 00:00:00-04:00,64.68680014155852,64.78198833380132,63.739816617026555,63.78248977661133,165600,0.0,0.0,0.0
2022-04-01 00:00:00-04:00,63.92855813725696,63.95646097563645,63.199861313632184,63.718482971191406,133200,0.0,0.0,0.0
2022-04-04 00:00:00-04:00,63.9416892838163,65.15782928466797,63.900661443986245,65.15782928466797,139800,0.0,0.0,0.0
2022-04-05 00:00:00-04:00,64.92971155875826,64.988792860081,63.35086445352201,63.55601119995117,147600,0.0,0.0,0.0
2022-04-06 00:00:00-04:00,62.476085799472905,62.505626445989506,61.248458570898876,61.70964050292969,316200,0.0,0.0,0.0
2022-04-07 00:00:00-04:00,61.47331342469286,62.165907210435954,60.759386811238656,61.747398376464844,332400,0.0,0.0,0.0
2022-04-08 00:00:00-04:00,61.366623416826876,61.49628070704827,60.637926606626145,60.724910736083984,550800,0.0,0.0,0.0
2022-04-11 00:00:00-04:00,59.97159103268718,60.13078520381246,59.385676545902776,59.421783447265625,204000,0.0,0.0,0.0
2022-04-12 00:00:00-04:00,60.38353841617177,60.72655025052954,58.88839252966327,59.10995864868164,273000,0.0,0.0,0.0
2022-04-13 00:00:00-04:00,59.155907606945995,60.37040600776463,59.083693802722394,60.19151306152344,158400,0.0,0.0,0.0
2022-04-14 00:00:00-04:00,60.37533750665466,60.37533750665466,58.72755609474479,58.76530456542969,119400,0.0,0.0,0.0
2022-04-18 00:00:00-04:00,58.494503887636355,59.23632948253641,58.23847242690242,58.85392761230469,217800,0.0,0.0,0.0
2022-04-19 00:00:00-04:00,58.66026157615484,60.29655188592252,58.66026157615484,60.18987274169922,159000,0.0,0.0,0.0
2022-04-20 00:00:00-04:00,60.3113251719071,60.3113251719071,59.027896005905795,59.15427017211914,262800,0.0,0.0,0.0
2022-04-21 00:00:00-04:00,59.63514388941207,60.22269620534652,57.44247972534879,57.65583801269531,195000,0.0,0.0,0.0
2022-04-22 00:00:00-04:00,57.60168445561585,57.89218127561491,56.00478399721133,56.034324645996094,196200,0.0,0.0,0.0
2022-04-25 00:00:00-04:00,55.76680491634864,57.01741027832031,55.61909417229236,57.01741027832031,387000,0.0,0.0,0.0
2022-04-26 00:00:00-04:00,56.49057324457908,56.51683075851145,54.7951980692531,54.818172454833984,270000,0.0,0.0,0.0
2022-04-27 00:00:00-04:00,54.73940234754489,55.9046651190881,54.53425187965186,54.805049896240234,459600,0.0,0.0,0.0
2022-04-28 00:00:00-04:00,55.99493143719477,57.73625930784529,55.49435949569171,57.34072494506836,330600,0.0,0.0,0.0
2022-04-29 00:00:00-04:00,56.21320788298406,56.8565658382303,54.43741476192569,54.52932357788086,213600,0.0,0.0,0.0
2022-05-02 00:00:00-04:00,54.396396821005624,55.601046007335796,54.013991165780745,55.58299255371094,307800,0.0,0.0,0.0
2022-05-03 00:00:00-04:00,55.49435984565123,55.98344083990154,55.21863713886639,55.62730026245117,228000,0.0,0.0,0.0
2022-05-04 00:00:00-04:00,55.69623002769171,57.560648909547325,54.535891980373975,57.49171447753906,223200,0.0,0.0,0.0
2022-05-05 00:00:00-04:00,56.52996721861328,56.52996721861328,53.803910999396386,54.417724609375,263400,0.0,0.0,0.0
2022-05-06 00:00:00-04:00,53.92044126389933,54.58841525117963,52.827392238087846,53.57906723022461,215400,0.0,0.0,0.0
2022-05-09 00:00:00-04:00,52.517204154813825,52.83887941495432,51.01056728570485,51.25018310546875,410400,0.0,0.0,0.0
2022-05-10 00:00:00-04:00,52.354725824922035,52.63537325779747,50.93835614424428,51.84266662597656,325800,0.0,0.0,0.0
2022-05-11 00:00:00-04:00,51.37490921567913,52.26116608549822,50.19980089837673,50.276939392089844,334800,0.0,0.0,0.0
2022-05-12 00:00:00-04:00,49.482597462534414,50.89404237197257,49.16584314013447,50.26873779296875,1533600,0.0,0.0,0.0
2022-05-13 00:00:00-04:00,51.025338432358645,52.56972003944319,51.025338432358645,52.3809814453125,390600,0.0,0.0,0.0
2022-05-16 00:00:00-04:00,52.02156172392986,52.338316076706455,51.43728868719588,51.614540100097656,429600,0.0,0.0,0.0
2022-05-17 00:00:00-04:00,52.72399775241778,53.14414810983411,52.026479341116634,53.11624526977539,618600,0.0,0.0,0.0
2022-05-18 00:00:00-04:00,52.31369423641328,52.51228222465879,50.50836015804863,50.67576217651367,449400,0.0,0.0,0.0
2022-05-19 00:00:00-04:00,50.28022797434839,51.3125503659067,50.04717466012616,50.50014877319336,631800,0.0,0.0,0.0
2022-05-20 00:00:00-04:00,51.17141647659676,51.20259869419609,49.014862421339636,50.5214958190918,361800,0.0,0.0,0.0
2022-05-23 00:00:00-04:00,50.685608612240294,51.35358259554653,50.22278510694455,51.32075881958008,283200,0.0,0.0,0.0
2022-05-24 00:00:00-04:00,50.20144663493097,50.20144663493097,49.03946697856776,49.82068634033203,484800,0.0,0.0,0.0
2022-05-25 00:00:00-04:00,49.56138625569252,51.03191271836271,49.48424773885096,50.65771484375,276000,0.0,0.0,0.0
2022-05-26 00:00:00-04:00,50.51655399644748,52.33994491555615,50.51655399644748,52.10689163208008,763800,0.0,0.0,0.0
2022-05-27 00:00:00-04:00,52.72235251882512,53.8974609375,52.72235251882512,53.8974609375,349200,0.0,0.0,0.0
2022-05-31 00:00:00-04:00,53.795704065709,54.26509003503422,53.07356978251017,53.71528244018555,404400,0.0,0.0,0.0
2022-06-01 00:00:00-04:00,54.314329047803206,54.74924970630531,53.11788402848889,53.480594635009766,291600,0.0,0.0,0.0
2022-06-02 00:00:00-04:00,53.24426206349011,55.25967507525731,53.24426206349011,55.24325942993164,284400,0.0,0.0,0.0
2022-06-03 00:00:00-04:00,54.30940557288513,54.59825703663163,53.690667293419104,53.86956024169922,212400,0.0,0.0,0.0
2022-06-06 00:00:00-04:00,54.64421499235903,55.00856340094145,53.87120344963622,54.09276580810547,241800,0.0,0.0,0.0
2022-06-07 00:00:00-04:00,53.42479436709787,54.69181166961853,53.42315280263384,54.58020782470703,226200,0.0,0.0,0.0
2022-06-08 00:00:00-04:00,54.3274489107856,54.79355546037612,53.91386490093795,54.068138122558594,262800,0.0,0.0,0.0
2022-06-09 00:00:00-04:00,53.679254466158355,54.1555131799893,52.46069251510297,52.46397399902344,169800,0.035333,0.0,0.0
2022-06-10 00:00:00-04:00,51.435919360292104,51.435919360292104,50.29946582440828,50.38322448730469,235800,0.0,0.0,0.0
2022-06-13 00:00:00-04:00,48.612857851586995,49.05462910502852,47.744098939590145,47.85248565673828,1956600,0.0,0.0,0.0
2022-06-14 00:00:00-04:00,48.21871002136003,48.39771817416706,47.57329509836627,47.96744155883789,453600,0.0,0.0,0.0
2022-06-15 00:00:00-04:00,48.62599186882005,49.82320737343178,48.30739470722012,49.2451286315918,325800,0.0,0.0,0.0
2022-06-16 00:00:00-04:00,47.86069622186004,47.951021613733595,46.6913977510634,47.04777145385742,488400,0.0,0.0,0.0
2022-06-17 00:00:00-04:00,47.046125821524896,47.98879132095712,46.819492924990946,47.67183303833008,394200,0.0,0.0,0.0
2022-06-21 00:00:00-04:00,48.4157818908516,49.25498484268684,48.4157818908516,48.717960357666016,508200,0.0,0.0,0.0
2022-06-22 00:00:00-04:00,48.12510041290076,49.34695145921403,48.12510041290076,48.637489318847656,253200,0.0,0.0,0.0
2022-06-23 00:00:00-04:00,49.01028194933688,49.57850491059511,48.63912844949498,49.44384002685547,373200,0.0,0.0,0.0
2022-06-24 00:00:00-04:00,49.99400283517555,51.49996343007984,49.99400283517555,51.49339294433594,314400,0.0,0.0,0.0
2022-06-27 00:00:00-04:00,51.66255086460901,51.72988331031798,50.749448776090944,50.9218864440918,367800,0.0,0.0,0.0
2022-06-28 00:00:00-04:00,51.00728284485606,51.41785175489944,49.200786406611684,49.21720886230469,145800,0.0,0.0,0.0
2022-06-29 00:00:00-04:00,49.069403920801136,49.39129007258443,48.64734041152926,49.13509750366211,462600,0.0,0.0,0.0
2022-06-30 00:00:00-04:00,48.557012189433784,48.915028475289596,47.50103592601618,48.3468017578125,547800,0.0,0.0,0.0
2022-07-01 00:00:00-04:00,48.05119234703153,48.53402153183768,47.69646131474275,48.48639678955078,238200,0.0,0.0,0.0
2022-07-05 00:00:00-04:00,47.703031768672425,49.53744888305664,47.56179640438602,49.53744888305664,465600,0.0,0.0,0.0
2022-07-06 00:00:00-04:00,49.56044575726773,50.205860724777445,49.314105142197015,49.80350112915039,771600,0.0,0.0,0.0
2022-07-07 00:00:00-04:00,50.07119022837152,51.10418115924926,50.07119022837152,51.01057052612305,387600,0.0,0.0,0.0
2022-07-08 00:00:00-04:00,50.337230469488574,51.20599293754361,50.23541050386547,50.98921203613281,231600,0.0,0.0,0.0
2022-07-11 00:00:00-04:00,50.37501619891315,50.44234865289157,49.711539871568235,49.87740707397461,205200,0.0,0.0,0.0
2022-07-12 00:00:00-04:00,50.00384400998187,50.15821656190507,48.90844879792888,49.192562103271484,177000,0.0,0.0,0.0
2022-07-13 00:00:00-04:00,48.15301440858207,49.355157679364964,48.123454740893656,49.05790710449219,306000,0.0,0.0,0.0
2022-07-14 00:00:00-04:00,48.60628514479263,49.213923521948885,47.9362384290392,49.08418273925781,868200,0.0,0.0,0.0
2022-07-15 00:00:00-04:00,49.645837264518256,50.16479661836211,49.632700052218915,50.15001678466797,283800,0.0,0.0,0.0
2022-07-18 00:00:00-04:00,50.64269590330435,51.02041611390587,49.665542950235626,49.84455108642578,409800,0.0,0.0,0.0
2022-07-19 00:00:00-04:00,50.50803239895988,51.62806345053115,50.20750032481079,51.60342788696289,425400,0.0,0.0,0.0
2022-07-20 00:00:00-04:00,51.61984361993977,52.88603398993542,51.61984361993977,52.71359634399414,441000,0.0,0.0,0.0
2022-07-21 00:00:00-04:00,52.780933109545856,53.43291473388672,52.283327827430384,53.43291473388672,249600,0.0,0.0,0.0
2022-07-22 00:00:00-04:00,53.202992636967956,53.222700333631806,51.894105380415326,52.18642807006836,200400,0.0,0.0,0.0
2022-07-25 00:00:00-04:00,52.11581845479867,52.1519486111304,51.43756235109395,51.80050277709961,221400,0.0,0.0,0.0
2022-07-26 00:00:00-04:00,51.394856497127556,51.394856497127556,50.45876152937761,50.6065673828125,160800,0.0,0.0,0.0
2022-07-27 00:00:00-04:00,51.5426649799728,53.17343852079779,51.5426649799728,52.94023513793945,226200,0.0,0.0,0.0
2022-07-28 00:00:00-04:00,52.867976167270484,53.59057551692951,52.30303841136765,53.51503372192383,178200,0.0,0.0,0.0
2022-07-29 00:00:00-04:00,53.910815561447905,54.74673318779314,53.864833438818415,54.59564208984375,191400,0.0,0.0,0.0
2022-08-01 00:00:00-04:00,54.22120957425365,55.196716234303715,54.22120957425365,54.577579498291016,230400,0.0,0.0,0.0
2022-08-02 00:00:00-04:00,54.122668752564145,55.03741341413751,53.971581413091926,54.446197509765625,289200,0.0,0.0,0.0
2022-08-03 00:00:00-04:00,54.799282004167154,56.14101416317222,54.799282004167154,55.99978256225586,126000,0.0,0.0,0.0
2022-08-04 00:00:00-04:00,55.95379733282694,56.30852835766506,55.75508150229359,56.28717803955078,122400,0.0,0.0,0.0
2022-08-05 00:00:00-04:00,55.39378973188671,56.293754602736215,55.39378973188671,56.15251922607422,163200,0.0,0.0,0.0
2022-08-08 00:00:00-04:00,56.14922704241166,56.77985829498839,55.56457790909661,55.80434799194336,166800,0.0,0.0,0.0
2022-08-09 00:00:00-04:00,55.25254726487848,55.25254726487848,54.6761112406807,54.919166564941406,98400,0.0,0.0,0.0
2022-08-10 00:00:00-04:00,56.37586990274314,56.77658311229363,56.22806403223102,56.774940490722656,266400,0.0,0.0,0.0
2022-08-11 00:00:00-04:00,57.18057582109994,57.513956548189604,56.29539458509445,56.39064407348633,187800,0.0,0.0,0.0
2022-08-12 00:00:00-04:00,56.7962810767968,57.53366016367291,56.6222008087072,57.52873229980469,176400,0.0,0.0,0.0
2022-08-15 00:00:00-04:00,57.23970023048707,57.88018727460718,57.23970023048707,57.80464172363281,142800,0.0,0.0,0.0
2022-08-16 00:00:00-04:00,57.53201686632973,58.004994061793475,57.00977606819771,57.665042877197266,574200,0.0,0.0,0.0
2022-08-17 00:00:00-04:00,56.986787723048415,57.29225140331364,56.425131486875514,56.82256317138672,699000,0.0,0.0,0.0
2022-08-18 00:00:00-04:00,56.82256294397295,57.397356390206554,56.69282216570631,57.192073822021484,460800,0.0,0.0,0.0
2022-08-19 00:00:00-04:00,56.64848761041393,56.64848761041393,55.7830102432797,55.90946578979492,111600,0.0,0.0,0.0
2022-08-22 00:00:00-04:00,54.98321692066797,54.98321692066797,54.16536814645519,54.278682708740234,285600,0.0,0.0,0.0
2022-08-23 00:00:00-04:00,54.153872839032815,54.797645131995424,54.137450383302884,54.1407356262207,140400,0.0,0.0,0.0
2022-08-24 00:00:00-04:00,54.09639556159374,54.58250626032588,54.02413525358883,54.2606201171875,150000,0.0,0.0,0.0
2022-08-25 00:00:00-04:00,54.469194007176206,55.45291762327538,54.469194007176206,55.43484878540039,144000,0.0,0.0,0.0
2022-08-26 00:00:00-04:00,55.3067475158502,55.316599485519774,52.986219616749686,53.000999450683594,156600,0.0,0.0,0.0
2022-08-29 00:00:00-04:00,52.486964401421446,52.90902786555762,52.27839660131882,52.34901428222656,210000,0.0,0.0,0.0
2022-08-30 00:00:00-04:00,52.72837702533095,52.838410099791616,51.38007436386676,51.86289978027344,213600,0.0,0.0,0.0
2022-08-31 00:00:00-04:00,52.38842622726695,52.473823735486945,51.45561660393847,51.468753814697266,172800,0.0,0.0,0.0
2022-09-01 00:00:00-04:00,50.902179307928584,51.21420973527189,50.08104521955066,51.14687728881836,159600,0.0,0.0,0.0
2022-09-02 00:00:00-04:00,51.76765088578698,51.956510990867386,50.296174162681275,50.55072784423828,192000,0.0,0.0,0.0
2022-09-06 00:00:00-04:00,50.575370090734715,50.67554745172989,49.79364762585741,50.15494918823242,374400,0.0,0.0,0.0
2022-09-07 00:00:00-04:00,50.21241833231502,51.31274155117313,50.08596656341827,51.12716293334961,2727000,0.0,0.0,0.0
2022-09-08 00:00:00-04:00,50.654189943696025,51.59685535635304,50.50802671794023,51.4391975402832,2755800,0.0,0.0,0.0
2022-09-09 00:00:00-04:00,51.8432007907177,52.76615483420392,51.8432007907177,52.665977478027344,4539600,0.0,0.0,0.0
2022-09-12 00:00:00-04:00,52.90739220564501,53.35244866782581,52.828565166672746,53.31631851196289,756000,0.0,0.0,0.0
2022-09-13 00:00:00-04:00,51.61492038866892,51.6576172661273,50.29945887568642,50.38814163208008,375600,0.0,0.0,0.0
2022-09-14 00:00:00-04:00,50.56222872261755,50.71331983255876,50.11224815357377,50.60328674316406,319800,0.0,0.0,0.0
2022-09-15 00:00:00-04:00,50.1795738885684,50.59342800515718,49.35022679293879,49.61134719848633,265200,0.0,0.0,0.0
2022-09-16 00:00:00-04:00,48.96758815963142,49.22870861550315,48.5405967491229,49.1646614074707,210600,0.0,0.0,0.0
2022-09-19 00:00:00-04:00,48.63748642313176,49.471761436998506,48.63748642313176,49.45697784423828,226200,0.0,0.0,0.0
2022-09-20 00:00:00-04:00,48.93966925092937,49.291115088665165,48.58658079162851,48.85098648071289,174000,0.0,0.0,0.0
2022-09-21 00:00:00-04:00,49.02998890486629,49.78871840634746,48.059410095214844,48.059410095214844,325800,0.0,0.0,0.0
2022-09-22 00:00:00-04:00,47.7572388364654,47.89190374878235,47.27605215401854,47.41072082519531,233400,0.0,0.0,0.0
2022-09-23 00:00:00-04:00,46.90488568262228,46.9968536808359,46.0821090803016,46.711097717285156,407400,0.0,0.0,0.0
2022-09-26 00:00:00-04:00,46.50866666456848,47.35066383301365,46.2142987000655,46.306392669677734,402000,0.064833,0.0,0.0
2022-09-27 00:00:00-04:00,46.923085836294,47.358882598893175,45.923218707082704,46.344215393066406,391800,0.0,0.0,0.0
2022-09-28 00:00:00-04:00,46.261986437652034,47.47071079086119,46.17153734365615,47.30132293701172,186600,0.0,0.0,0.0
2022-09-29 00:00:00-04:00,46.47412491593266,46.48070439991936,45.6420008639445,46.127132415771484,526200,0.0,0.0,0.0
2022-09-30 00:00:00-04:00,45.95281093228538,46.765204010863364,45.43478575607252,45.4561653137207,201600,0.0,0.0,0.0
2022-10-03 00:00:00-04:00,45.796580701682785,47.03326009836947,45.7028418834213,46.72902297973633,421800,0.0,0.0,0.0
2022-10-04 00:00:00-04:00,47.720675466333745,48.508399323399054,47.720675466333745,48.45906448364258,237000,0.0,0.0,0.0
2022-10-05 00:00:00-04:00,47.7305390808069,48.79618964552392,47.43946090270783,48.54786682128906,193800,0.0,0.0,0.0
2022-10-06 00:00:00-04:00,48.31106322572091,48.96229299162584,48.20581404666572,48.24034881591797,403200,0.0,0.0,0.0
2022-10-07 00:00:00-04:00,47.27994690061696,47.33585746388852,46.07451229583671,46.29487609863281,156000,0.0,0.0,0.0
2022-10-10 00:00:00-04:00,46.28171245076269,46.28171245076269,45.03681245735512,45.48412322998047,184200,0.0,0.0,0.0
2022-10-11 00:00:00-04:00,45.163451859012696,45.40684010721513,44.38394850506082,44.67338562011719,670200,0.0,0.0,0.0
2022-10-12 00:00:00-04:00,44.67665776413629,44.92991516138755,44.42340413089129,44.610877990722656,289200,0.0,0.0,0.0
2022-10-13 00:00:00-04:00,43.31007268597225,45.83276666108803,43.05517036553953,45.597599029541016,366600,0.0,0.0,0.0
2022-10-14 00:00:00-04:00,46.000501628574256,46.12548547065338,44.166862006448454,44.24415588378906,263400,0.0,0.0,0.0
2022-10-17 00:00:00-04:00,45.2966536729555,45.98077327477063,45.2966536729555,45.81303405761719,351600,0.0,0.0,0.0
2022-10-18 00:00:00-04:00,47.10726632542676,47.10726632542676,45.7998724801913,46.30967330932617,198600,0.0,0.0,0.0
2022-10-19 00:00:00-04:00,45.93801923307741,46.60733877773293,45.75547617035052,46.08931350708008,838800,0.0,0.0,0.0
2022-10-20 00:00:00-04:00,46.0745100778255,47.21087509538281,45.988995601871686,46.18140411376953,322200,0.0,0.0,0.0
2022-10-21 00:00:00-04:00,45.85578571969709,47.314477662944036,45.7686263758465,47.268428802490234,282600,0.0,0.0,0.0
2022-10-24 00:00:00-04:00,47.423022634583596,47.83086036274929,46.63693980431207,47.669700622558594,250200,0.0,0.0,0.0
2022-10-25 00:00:00-04:00,47.8456638597396,48.807706500321174,47.8456638597396,48.75343704223633,187800,0.0,0.0,0.0
2022-10-26 00:00:00-04:00,47.4953727124708,48.746852328599665,47.37696834571681,47.60555648803711,218400,0.0,0.0,0.0
2022-10-27 00:00:00-04:00,47.4164298676425,47.71902210055929,46.742175885643896,46.784934997558594,282000,0.0,0.0,0.0
2022-10-28 00:00:00-04:00,46.52510641208521,48.03312934737406,46.52510641208521,47.99365997314453,279000,0.0,0.0,0.0
2022-10-31 00:00:00-04:00,47.62035982775032,47.64173938871497,47.118783282696576,47.3868408203125,282000,0.0,0.0,0.0
2022-11-01 00:00:00-04:00,47.94267940800327,48.13673276981602,46.75368993767338,46.83591842651367,2768400,0.0,0.0,0.0
2022-11-02 00:00:00-04:00,46.75698751783308,47.19607778487205,45.04504549936497,45.04997634887695,6405000,0.0,0.0,0.0
2022-11-03 00:00:00-04:00,44.477682227428616,44.66515612373781,43.813293589055846,43.82151794433594,1276200,0.0,0.0,0.0
2022-11-04 00:00:00-04:00,44.70463558194133,44.76054991843365,43.54195990761494,44.46782302856445,388200,0.0,0.0,0.0
2022-11-07 00:00:00-05:00,44.71284500628603,45.21278040297667,44.31816253458907,45.12726593017578,365400,0.0,0.0,0.0
2022-11-08 00:00:00-05:00,45.42821189388845,46.156731642556764,44.869072450414556,45.53675079345703,389400,0.0,0.0,0.0
2022-11-09 00:00:00-05:00,45.17002188571423,45.18318085401788,44.33131832869033,44.36420822143555,446400,0.0,0.0,0.0
2022-11-10 00:00:00-05:00,46.714234087973495,48.281461383979334,46.564580917102504,48.22719192504883,211200,0.0,0.0,0.0
2022-11-11 00:00:00-05:00,48.2633562431017,49.55430498492693,48.08081323337409,49.36189651489258,181200,0.0,0.0,0.0
2022-11-14 00:00:00-05:00,48.90802101869352,49.602009874696954,48.677787980835014,48.92282485961914,232200,0.0,0.0,0.0
2022-11-15 00:00:00-05:00,50.212115365540235,50.373278836379804,49.24184856273595,49.79934310913086,253800,0.0,0.0,0.0
2022-11-16 00:00:00-05:00,49.28461639433143,49.28461639433143,48.81757084407095,48.89979934692383,192600,0.0,0.0,0.0
2022-11-17 00:00:00-05:00,48.06437961819714,48.89650748975054,48.054514155565265,48.625160217285156,181800,0.0,0.0,0.0
2022-11-18 00:00:00-05:00,49.238567157268335,49.27145705004378,48.163051101880754,48.587337493896484,137400,0.0,0.0,0.0
2022-11-21 00:00:00-05:00,48.263366278321534,48.46399914366686,47.827569547374274,47.942684173583984,249600,0.0,0.0,0.0
2022-11-22 00:00:00-05:00,48.10549259575028,48.815922570679035,47.75685521053439,48.81428146362305,184200,0.0,0.0,0.0
2022-11-23 00:00:00-05:00,48.78795652117758,49.46056560520675,48.774801319584455,49.32078170776367,129000,0.0,0.0,0.0
2022-11-25 00:00:00-05:00,49.12837088667032,49.261575294933195,49.04121156378085,49.08890151977539,96600,0.0,0.0,0.0
2022-11-28 00:00:00-05:00,48.66297833315935,49.005039962248134,48.08904260460913,48.258426666259766,133200,0.0,0.0,0.0
2022-11-29 00:00:00-05:00,48.17949848509471,48.28474765290221,47.68943228274149,47.84566116333008,150000,0.0,0.0,0.0
2022-11-30 00:00:00-05:00,47.77657891955471,50.2121131630509,47.77657891955471,50.21046829223633,603600,0.0,0.0,0.0
2022-12-01 00:00:00-05:00,50.399602567071106,50.73508101146914,49.95887118598985,50.46373748779297,198000,0.0,0.0,0.0
2022-12-02 00:00:00-05:00,49.444125868871154,50.17100447052201,49.444125868871154,50.11344528198242,289800,0.0,0.0,0.0
2022-12-05 00:00:00-05:00,49.77632185193568,49.891436473294036,48.914593888715544,49.11522674560547,257400,0.0,0.0,0.0
2022-12-06 00:00:00-05:00,49.00833927182904,49.00833927182904,47.672989810026,47.9163818359375,231000,0.0,0.0,0.0
2022-12-07 00:00:00-05:00,47.687789896385546,47.91801916945427,47.45262224568438,47.74699020385742,904200,0.0,0.0,0.0
2022-12-08 00:00:00-05:00,48.00681800664094,48.64982707268059,47.723964178672475,48.495243072509766,202200,0.0,0.0,0.0
2022-12-09 00:00:00-05:00,48.27487296264796,48.809343096810004,48.17620329049807,48.187713623046875,229200,0.0,0.0,0.0
2022-12-12 00:00:00-05:00,48.20415200471543,49.065879821777344,48.176196730614826,49.065879821777344,150600,0.0,0.0,0.0
2022-12-13 00:00:00-05:00,51.123009961460525,51.385097887732215,49.45325155214297,49.860389709472656,318600,0.115,0.0,0.0
2022-12-14 00:00:00-05:00,49.77632402734495,50.31532669900774,48.92248687245107,49.4895133972168,239400,0.0,0.0,0.0
2022-12-15 00:00:00-05:00,48.55821401280019,48.55821401280019,47.41756974630897,47.575809478759766,275400,0.0,0.0,0.0
2022-12-16 00:00:00-05:00,47.39447911945581,47.65821193553398,46.840642092057564,47.11920928955078,424200,0.0,0.0,0.0
2022-12-19 00:00:00-05:00,47.0466811167667,47.0466811167667,46.084057305342306,46.321414947509766,229200,0.0,0.0,0.0
2022-12-20 00:00:00-05:00,46.01647683143413,46.647790721362504,45.94560228718666,46.456581115722656,198000,0.0,0.0,0.0
2022-12-21 00:00:00-05:00,46.626357876373895,47.32360020310298,46.53240176496894,47.180198669433594,167400,0.0,0.0,0.0
2022-12-22 00:00:00-05:00,46.51592115102573,46.51592115102573,45.2928580454686,46.008235931396484,178800,0.0,0.0,0.0
2022-12-23 00:00:00-05:00,45.739556681130466,46.17471489831108,45.47747254051419,46.13680648803711,301800,0.0,0.0,0.0
2022-12-27 00:00:00-05:00,45.98515285296952,45.98515285296952,45.39340368805142,45.60274124145508,295200,0.0,0.0,0.0
2022-12-28 00:00:00-05:00,45.413193027128,45.77253071305135,44.91210246052517,44.961551666259766,310800,0.0,0.0,0.0
2022-12-29 00:00:00-05:00,45.35220029910932,46.33790199506336,45.35220029910932,46.22746658325195,188400,0.0,0.0,0.0
2022-12-30 00:00:00-05:00,45.60109765814537,46.179661191139985,45.44120927878577,46.153289794921875,222600,0.0,0.0,0.0
2023-01-03 00:00:00-05:00,46.73680583506814,47.15218367836756,45.741211922043895,46.12197494506836,456600,0.0,0.0,0.0
2023-01-04 00:00:00-05:00,46.53075781903049,46.7400954067416,45.92087680651513,46.47142028808594,218400,0.0,0.0,0.0
2023-01-05 00:00:00-05:00,46.097241317700615,46.097241317700615,45.44779953388647,45.49065399169922,193800,0.0,0.0,0.0
2023-01-06 00:00:00-05:00,45.92746600742751,46.9197624287894,45.25824371691182,46.76482009887695,237600,0.0,0.0,0.0
2023-01-09 00:00:00-05:00,47.21316818421472,48.17579207644017,47.21316818421472,47.359867095947266,285000,0.0,0.0,0.0
2023-01-10 00:00:00-05:00,47.07799580177403,47.77524185180664,47.07799580177403,47.77524185180664,114600,0.0,0.0,0.0
2023-01-11 00:00:00-05:00,47.8972333614106,48.72304681905116,47.8972333614106,48.719749450683594,466800,0.0,0.0,0.0
2023-01-12 00:00:00-05:00,48.95050466725693,49.21918353497301,48.12963745541132,49.07742691040039,258600,0.0,0.0,0.0
2023-01-13 00:00:00-05:00,48.52359187016216,49.41698995688021,48.52359187016216,49.37083435058594,132600,0.0,0.0,0.0
2023-01-17 00:00:00-05:00,49.37577671709391,49.65105033212467,49.130175638961035,49.430171966552734,283200,0.0,0.0,0.0
2023-01-18 00:00:00-05:00,49.76972851473503,50.044998353456535,48.818641662597656,48.818641662597656,330600,0.0,0.0,0.0
2023-01-19 00:00:00-05:00,48.42138918114495,48.7131458422209,48.13292988758069,48.33073043823242,160200,0.0,0.0,0.0
2023-01-20 00:00:00-05:00,48.76918749446345,49.87356787720844,48.76918749446345,49.868621826171875,231600,0.0,0.0,0.0
2023-01-23 00:00:00-05:00,50.1175244516685,51.18069914990863,49.965879495064605,51.07685470581055,680400,0.0,0.0,0.0
2023-01-24 00:00:00-05:00,51.00267609322386,51.07520308608816,50.60048403775681,50.77685546875,189000,0.0,0.0,0.0
2023-01-25 00:00:00-05:00,49.89170202905411,50.709275627510785,49.41863165417903,50.646636962890625,168600,0.0,0.0,0.0
2023-01-26 00:00:00-05:00,51.25487098676042,51.53673553466797,50.66476672457865,51.53673553466797,382200,0.0,0.0,0.0
2023-01-27 00:00:00-05:00,51.197177741437734,52.229034902443296,51.197177741437734,51.95541000366211,140400,0.0,0.0,0.0
2023-01-30 00:00:00-05:00,51.317512332546414,51.55157640098112,50.86751971858873,50.892242431640625,139200,0.0,0.0,0.0
2023-01-31 00:00:00-05:00,50.902140087097784,51.741139193114094,50.902140087097784,51.7394905090332,247200,0.0,0.0,0.0
2023-02-01 00:00:00-05:00,51.66860899367356,53.42078656294268,51.49718358717174,53.02354049682617,358800,0.0,0.0,0.0
2023-02-02 00:00:00-05:00,54.50703285277718,55.57844717836742,54.36033017749547,55.18284606933594,255600,0.0,0.0,0.0
2023-02-03 00:00:00-05:00,53.714187707376254,55.107027513902054,53.65319772316153,53.97792053222656,220200,0.0,0.0,0.0
2023-02-06 00:00:00-05:00,53.30704777938624,53.753742996416115,53.12243292182473,53.29220962524414,226800,0.0,0.0,0.0
2023-02-07 00:00:00-05:00,53.30044788104581,54.65867269502645,53.181769068527885,54.47900390625,220800,0.0,0.0,0.0
2023-02-08 00:00:00-05:00,54.16417538679097,54.30098595196899,53.34825050135721,53.392757415771484,71400,0.0,0.0,0.0
2023-02-09 00:00:00-05:00,54.073525469615824,54.073525469615824,52.70046599724701,52.8966178894043,81600,0.0,0.0,0.0
2023-02-10 00:00:00-05:00,52.42189961317072,52.776291217379764,52.098825459395904,52.38398742675781,340200,0.0,0.0,0.0
2023-02-13 00:00:00-05:00,52.65925310922261,53.22463094707372,52.575189095830034,53.18507385253906,60000,0.0,0.0,0.0
2023-02-14 00:00:00-05:00,52.9872723822227,53.73890998376652,52.58672521028335,53.53616714477539,191400,0.0,0.0,0.0
2023-02-15 00:00:00-05:00,53.186718145450826,53.97297433912477,53.186718145450826,53.96967697143555,83400,0.0,0.0,0.0
2023-02-16 00:00:00-05:00,53.12738001969265,53.70099749100354,52.92628209296611,52.94935989379883,170400,0.0,0.0,0.0
2023-02-17 00:00:00-05:00,52.644418854914015,52.644418854914015,51.78069337206778,52.26530456542969,91800,0.0,0.0,0.0
2023-02-21 00:00:00-05:00,51.51201677669355,51.88783748783856,50.9927945172815,51.025760650634766,169800,0.0,0.0,0.0
2023-02-22 00:00:00-05:00,51.123002823346845,51.36695519235051,50.82135784312168,51.033992767333984,212400,0.0,0.0,0.0
2023-02-23 00:00:00-05:00,51.88783784252335,51.91750660819766,50.94993662855666,51.671905517578125,162600,0.0,0.0,0.0
2023-02-24 00:00:00-05:00,50.77850918351645,50.85762714637806,50.44884031551906,50.80817794799805,226200,0.0,0.0,0.0
2023-02-27 00:00:00-05:00,51.282895031170995,51.310918883399154,50.902132068579775,50.9828987121582,186000,0.0,0.0,0.0
2023-02-28 00:00:00-05:00,50.84773119874834,51.460909466816055,50.84773119874834,51.063663482666016,866400,0.0,0.0,0.0
2023-03-01 00:00:00-05:00,51.009265728016665,51.205417571336454,50.57245513078231,50.69443130493164,79200,0.0,0.0,0.0
2023-03-02 00:00:00-05:00,50.47686327904409,51.292788242493145,50.36807278088662,51.261470794677734,63600,0.0,0.0,0.0
2023-03-03 00:00:00-05:00,51.53838539974493,52.38562774658203,51.53838539974493,52.38562774658203,1228800,0.0,0.0,0.0
2023-03-06 00:00:00-05:00,52.66584532795429,53.19495964098174,52.41035215952621,52.449913024902344,394200,0.0,0.0,0.0
2023-03-07 00:00:00-05:00,52.43178659064262,52.68068504915985,51.757618218054816,51.82520294189453,76200,0.0,0.0,0.0
2023-03-08 00:00:00-05:00,51.89772779714682,52.31146070923964,51.70652195276966,52.24717712402344,99000,0.0,0.0,0.0
2023-03-09 00:00:00-05:00,52.24882478023247,52.84387142097483,51.29608917236328,51.29608917236328,104400,0.0,0.0,0.0
2023-03-10 00:00:00-05:00,51.205424219533114,51.319156990660424,50.12246911814148,50.262577056884766,137400,0.0,0.0,0.0
2023-03-13 00:00:00-04:00,49.830711595166804,51.02575453604311,49.449948650559435,50.46037673950195,240600,0.0,0.0,0.0
2023-03-14 00:00:00-04:00,51.2763065596845,51.821903976312576,51.06861388817656,51.76915740966797,138000,0.0,0.0,0.0
2023-03-15 00:00:00-04:00,51.04553935982765,51.84662618233828,50.92850544037404,51.83838653564453,330000,0.0,0.0,0.0
2023-03-16 00:00:00-04:00,51.62740120982668,53.41089616005414,51.62740120982668,53.402652740478516,197400,0.0,0.0,0.0
2023-03-17 00:00:00-04:00,53.325183101166935,53.628476824521215,52.97408885941011,53.114200592041016,163200,0.0,0.0,0.0
2023-03-20 00:00:00-04:00,53.07464139200386,53.318593816491465,52.67244547840816,53.229583740234375,266400,0.0,0.0,0.0
2023-03-21 00:00:00-04:00,53.62517455839718,54.216923753238,53.440559705256,54.12956237792969,246000,0.0,0.0,0.0
2023-03-22 00:00:00-04:00,54.159238681208635,55.00153887844162,53.34661102294922,53.34661102294922,336600,0.0,0.0,0.0
2023-03-23 00:00:00-04:00,53.97890939783593,54.833645861405564,53.71159676928838,54.17361831665039,213600,0.057,0.0,0.0
2023-03-24 00:00:00-04:00,53.954164030724094,54.13237247377136,53.60269842824832,54.13072204589844,62400,0.0,0.0,0.0
2023-03-27 00:00:00-04:00,54.29573658732985,54.39473960984299,53.66375860715755,53.802364349365234,120000,0.0,0.0,0.0
2023-03-28 00:00:00-04:00,53.6340450808047,53.6340450808047,53.132424569094404,53.4739875793457,129000,0.0,0.0,0.0
2023-03-29 00:00:00-04:00,54.13733544868047,54.59110501693475,54.084533075512454,54.51850128173828,137400,0.0,0.0,0.0
2023-03-30 00:00:00-04:00,54.91946159121138,55.195022624434394,54.80725515374231,55.058067321777344,82800,0.0,0.0,0.0
2023-03-31 00:00:00-04:00,55.100972186127336,55.996965786950014,55.100972186127336,55.99036407470703,300600,0.0,0.0,0.0
2023-04-03 00:00:00-04:00,55.54648781269825,55.92270606189341,55.40623165528862,55.90785598754883,131400,0.0,0.0,0.0
2023-04-04 00:00:00-04:00,56.058012810633905,56.130616533611736,55.52009037682953,55.68344497680664,124200,0.0,0.0,0.0
2023-04-05 00:00:00-04:00,55.439231520401194,55.439231520401194,54.65544823825628,54.947509765625,273000,0.0,0.0,0.0
2023-04-06 00:00:00-04:00,54.55314283120296,55.36828049943445,54.365035591119906,55.31877899169922,127800,0.0,0.0,0.0
2023-04-10 00:00:00-04:00,54.797354209907795,55.34353256225586,54.617499106458546,55.34353256225586,125400,0.0,0.0,0.0
2023-04-11 00:00:00-04:00,55.350122250984406,55.350122250984406,54.92275211493337,54.98380661010742,60600,0.0,0.0,0.0
2023-04-12 00:00:00-04:00,55.36828379212824,55.36828379212824,54.49044491723922,54.51024627685547,76200,0.0,0.0,0.0
2023-04-13 00:00:00-04:00,54.87490326283015,55.709842212910445,54.87490326283015,55.62898635864258,74400,0.0,0.0,0.0
2023-04-14 00:00:00-04:00,55.338584914602876,55.91776053399512,55.04817000251199,55.54649353027344,75600,0.0,0.0,0.0
2023-04-17 00:00:00-04:00,55.318776341821334,55.591040286407555,55.17191847685761,55.55638885498047,83400,0.0,0.0,0.0
2023-04-18 00:00:00-04:00,55.9557027262569,56.01510679575051,55.44087878748003,55.61908721923828,83400,0.0,0.0,0.0
2023-04-19 00:00:00-04:00,55.13232046154486,55.515136641502416,55.048163746622166,55.444183349609375,78000,0.0,0.0,0.0
2023-04-20 00:00:00-04:00,55.0333141562132,55.579488710458406,54.94420993359394,55.14717102050781,83400,0.0,0.0,0.0
2023-04-21 00:00:00-04:00,55.14882212491006,55.257723930138056,54.80725530455909,55.199974060058594,109200,0.0,0.0,0.0
2023-04-24 00:00:00-04:00,55.15211504631234,55.411175540612355,54.64718992567573,55.02010726928711,242400,0.0,0.0,0.0
2023-04-25 00:00:00-04:00,54.75940471487624,54.75940471487624,53.729756737599125,53.731407165527344,160800,0.0,0.0,0.0
2023-04-26 00:00:00-04:00,54.3534862388358,54.69010177802075,53.99706934126081,54.10927200317383,127200,0.0,0.0,0.0
2023-04-27 00:00:00-04:00,54.75445543667779,55.58609363698301,54.66535120890497,55.510189056396484,180000,0.0,0.0,0.0
2023-04-28 00:00:00-04:00,55.315481900964805,55.80060577392578,55.244528602031224,55.80060577392578,72000,0.0,0.0,0.0
2023-05-01 00:00:00-04:00,55.64715122023987,55.9062117779436,55.64054950792005,55.73130416870117,73200,0.0,0.0,0.0
2023-05-02 00:00:00-04:00,55.589392570276196,55.61909271959886,54.7132003980281,55.044864654541016,122400,0.0,0.0,0.0
2023-05-03 00:00:00-04:00,55.02011842709028,55.496990150664054,54.73465480880568,54.736305236816406,98400,0.0,0.0,0.0
2023-05-04 00:00:00-04:00,54.635651319320225,54.89141100793865,54.44754029494475,54.55149459838867,88800,0.0,0.0,0.0
2023-05-05 00:00:00-04:00,54.957405904029805,55.81214621284562,54.92275447403579,55.66693878173828,55200,0.0,0.0,0.0
2023-05-08 00:00:00-04:00,55.638891254684786,55.988706423970996,55.52173731454769,55.967254638671875,180600,0.0,0.0,0.0
2023-05-09 00:00:00-04:00,55.61248396128687,55.82699424453745,55.61248396128687,55.64548873901367,87000,0.0,0.0,0.0
2023-05-10 00:00:00-04:00,56.23787028437989,56.5975880343742,55.944158320630144,56.437530517578125,245400,0.0,0.0,0.0
2023-05-11 00:00:00-04:00,56.599228836456,56.746086691515664,56.297268541082836,56.62398147583008,90600,0.0,0.0,0.0
2023-05-12 00:00:00-04:00,56.74279010409295,56.74279010409295,56.08936040872653,56.46392822265625,68400,0.0,0.0,0.0
2023-05-15 00:00:00-04:00,56.513438904256674,56.99360771029123,56.40948082251223,56.99030685424805,231600,0.0,0.0,0.0
2023-05-16 00:00:00-04:00,56.76259096559632,57.404471437027695,56.76259096559632,57.13880920410156,515400,0.0,0.0,0.0
2023-05-17 00:00:00-04:00,57.44737919679779,58.13380994005237,57.354974114101985,58.0793571472168,67200,0.0,0.0,0.0
2023-05-18 00:00:00-04:00,58.13380580912424,59.386212401901695,58.13380580912424,59.3449592590332,303000,0.0,0.0,0.0
2023-05-19 00:00:00-04:00,59.30535790613341,59.495115557501556,58.995141686769344,59.072696685791016,105000,0.0,0.0,0.0
2023-05-22 00:00:00-04:00,58.94564229363779,59.452214116924175,58.94564229363779,59.302059173583984,147600,0.0,0.0,0.0
2023-05-23 00:00:00-04:00,59.039693146845444,59.2096532218042,58.50342118373948,58.52157211303711,238800,0.0,0.0,0.0
2023-05-24 00:00:00-04:00,57.98529310127806,58.37141010147823,57.78563666699286,58.19155502319336,179400,0.0,0.0,0.0
2023-05-25 00:00:00-04:00,59.836681907421486,60.143597288309486,59.40106336588743,59.98849105834961,247800,0.0,0.0,0.0
2023-05-26 00:00:00-04:00,60.26570740600112,61.81842781295882,60.26570740600112,61.74252700805664,114600,0.0,0.0,0.0
2023-05-30 00:00:00-04:00,62.71936027538327,62.71936027538327,61.83987110239829,62.02962875366211,195600,0.0,0.0,0.0
2023-05-31 00:00:00-04:00,61.610517844972044,61.93723460297666,61.27225186786655,61.53296661376953,111000,0.0,0.0,0.0
2023-06-01 00:00:00-04:00,61.488407461989304,62.57910610518296,61.41580374406914,62.25404357910156,153000,0.0,0.0,0.0
2023-06-02 00:00:00-04:00,62.67976789737483,63.097235529182505,62.37780378550685,62.7226676940918,233400,0.0,0.0,0.0
2023-06-05 00:00:00-04:00,62.50155602948863,63.032880500964694,62.470201676739244,62.59560775756836,97200,0.0,0.0,0.0
2023-06-06 00:00:00-04:00,62.39925704491483,63.026283721403416,62.39925704491483,62.86622619628906,458400,0.0,0.0,0.0
2023-06-07 00:00:00-04:00,62.981291468728315,63.27185280112593,61.508661869621335,61.62257385253906,151800,0.032833,0.0,0.0
2023-06-08 00:00:00-04:00,61.62918010932302,62.30936079203828,61.61927619793503,62.152523040771484,107400,0.0,0.0,0.0
2023-06-09 00:00:00-04:00,62.476108908149726,62.95322730908664,62.21030922685227,62.372100830078125,310800,0.0,0.0,0.0
2023-06-12 00:00:00-04:00,62.73859994058434,63.63340184876396,62.735297377408415,63.62679672241211,216600,0.0,0.0,0.0
2023-06-13 00:00:00-04:00,64.21950134382793,64.22280390799266,63.6301183367819,64.07421875,186600,0.0,0.0,0.0
2023-06-14 00:00:00-04:00,63.961948573525696,64.59424966927327,63.75557992135006,64.55462646484375,189000,0.0,0.0,0.0
2023-06-15 00:00:00-04:00,64.28057130669158,65.5732490091871,64.198022338008,65.30744934082031,356400,0.0,0.0,0.0
2023-06-16 00:00:00-04:00,65.85391210691155,65.85391210691155,64.80062103271484,64.80062103271484,115200,0.0,0.0,0.0
2023-06-20 00:00:00-04:00,64.45721635667651,64.86334090780498,64.04943674541114,64.56947326660156,318600,0.0,0.0,0.0
2023-06-21 00:00:00-04:00,64.2607634725024,64.27066360515424,63.243789349886335,63.4006233215332,1397400,0.0,0.0,0.0
2023-06-22 00:00:00-04:00,62.973044348388434,63.81171417236328,62.973044348388434,63.81171417236328,107400,0.0,0.0,0.0
2023-06-23 00:00:00-04:00,63.05558275495241,63.5327049243476,63.044027561639744,63.248741149902344,89400,0.0,0.0,0.0
2023-06-26 00:00:00-04:00,63.12161940576728,63.821615489100466,62.46125030517578,62.46125030517578,213600,0.0,0.0,0.0
2023-06-27 00:00:00-04:00,62.685773259156164,63.9124148089155,62.685773259156164,63.76877975463867,260400,0.0,0.0,0.0
2023-06-28 00:00:00-04:00,63.3114825129634,64.23930640288133,63.26030411266916,63.81501388549805,160200,0.0,0.0,0.0
2023-06-29 00:00:00-04:00,63.970191752531285,64.00485732793965,63.593775144739794,63.82490921020508,100800,0.0,0.0,0.0
2023-06-30 00:00:00-04:00,64.45060405943644,65.0300790913852,64.45060405943644,64.86003112792969,168000,0.0,0.0,0.0
2023-07-03 00:00:00-04:00,64.82206575735509,64.85178126425721,64.48527237864374,64.79069519042969,84600,0.0,0.0,0.0
2023-07-05 00:00:00-04:00,64.40769180586283,64.9574514474263,64.40769180586283,64.6701889038086,110400,0.0,0.0,0.0
2023-07-06 00:00:00-04:00,63.91406136775632,64.14684295654297,63.54260235041844,64.14684295654297,84000,0.0,0.0,0.0
2023-07-07 00:00:00-04:00,64.10062062550281,64.76098967669485,64.00981903076172,64.00981903076172,103200,0.0,0.0,0.0
2023-07-10 00:00:00-04:00,63.91241852337917,64.47868347167969,63.88600557252823,64.47868347167969,133200,0.0,0.0,0.0
2023-07-11 00:00:00-04:00,64.64376906365845,64.93928420521158,64.1484904324326,64.88314819335938,111000,0.0,0.0,0.0
2023-07-12 00:00:00-04:00,65.7053199053293,65.86546021558516,65.22159641129689,65.72348022460938,111600,0.0,0.0,0.0
2023-07-13 00:00:00-04:00,66.28148993090112,67.16143785174023,66.2616821094325,67.05577850341797,78000,0.0,0.0,0.0
2023-07-14 00:00:00-04:00,67.14658864250875,67.66167519713115,66.51593503544439,66.61168670654297,215400,0.0,0.0,0.0
2023-07-17 00:00:00-04:00,66.76852599105497,67.71451020191537,66.763575924283,67.53785705566406,140400,0.0,0.0,0.0
2023-07-18 00:00:00-04:00,67.49493622797301,68.30223540704633,67.0755937937742,68.10742950439453,94800,0.0,0.0,0.0
2023-07-19 00:00:00-04:00,68.36992263324645,68.51190262624627,67.75412682925405,68.01496887207031,132600,0.0,0.0,0.0
2023-07-20 00:00:00-04:00,67.28032033065713,67.42394784651611,65.96617957268803,66.17914581298828,133200,0.0,0.0,0.0
2023-07-21 00:00:00-04:00,66.61333385783155,66.87252838614656,65.96451244956178,66.00579071044922,144600,0.0,0.0,0.0
2023-07-24 00:00:00-04:00,66.21050096586661,66.36733870026514,65.88691780807055,66.04705810546875,174000,0.0,0.0,0.0
2023-07-25 00:00:00-04:00,66.17749525222683,67.07559606469985,66.17749525222683,66.79989624023438,274800,0.0,0.0,0.0
2023-07-26 00:00:00-04:00,66.76357287464245,66.79989351558804,66.12631415503046,66.5274887084961,112200,0.0,0.0,0.0
2023-07-27 00:00:00-04:00,67.84162763230195,68.08926698567976,66.56380766199008,66.7057876586914,379800,0.0,0.0,0.0
2023-07-28 00:00:00-04:00,67.41734079653672,68.00672371615795,67.41734079653672,67.830078125,493800,0.0,0.0,0.0
2023-07-31 00:00:00-04:00,67.92087719346691,68.18337431564977,67.84493334649231,68.11073303222656,111000,0.0,0.0,0.0
2023-08-01 00:00:00-04:00,67.81522213768481,68.30389577136634,67.6006008373396,68.17842102050781,127200,0.0,0.0,0.0
2023-08-02 00:00:00-04:00,67.35789766483329,67.35789766483329,65.92159257580361,66.18408966064453,287400,0.0,0.0,0.0
2023-08-03 00:00:00-04:00,65.64589203932076,66.3442368350448,65.61947908928445,65.97112274169922,136200,0.0,0.0,0.0
2023-08-04 00:00:00-04:00,66.14777479649322,66.50767863026623,65.38834392586314,65.46759033203125,183000,0.0,0.0,0.0
2023-08-07 00:00:00-04:00,65.80602679146091,66.07843157072696,65.53692457533923,66.05696868896484,126600,0.0,0.0,0.0
2023-08-08 00:00:00-04:00,65.43622435912661,65.44118198320643,64.71807170145306,65.32561492919922,171600,0.0,0.0,0.0
2023-08-09 00:00:00-04:00,65.27442600478317,65.27442600478317,64.09896294468805,64.21122741699219,145200,0.0,0.0,0.0
2023-08-10 00:00:00-04:00,64.76429450062724,65.35367735687866,64.0032161385137,64.3069839477539,138600,0.0,0.0,0.0
2023-08-11 00:00:00-04:00,63.76383009134853,64.09236335026621,63.47161747197719,63.69118881225586,115200,0.0,0.0,0.0
2023-08-14 00:00:00-04:00,63.51784398392348,64.88150787353516,63.313126627245175,64.88150787353516,120000,0.0,0.0,0.0
2023-08-15 00:00:00-04:00,64.74448766635646,64.93930114117045,64.12043914890882,64.23104858398438,97800,0.0,0.0,0.0
2023-08-16 00:00:00-04:00,64.13529170756125,64.28552433817109,63.423744201660156,63.423744201660156,106800,0.0,0.0,0.0
2023-08-17 00:00:00-04:00,63.68623866548225,63.68623866548225,62.73530069044586,62.83600997924805,124200,0.0,0.0,0.0
2023-08-18 00:00:00-04:00,62.05182021799766,62.99780061160153,62.05182021799766,62.81949996948242,220800,0.0,0.0,0.0
2023-08-21 00:00:00-04:00,63.15960558673923,64.2805880749698,63.15960558673923,64.20794677734375,129600,0.0,0.0,0.0
2023-08-22 00:00:00-04:00,64.81711379393418,64.8319715486825,63.87278482924649,64.02136993408203,144600,0.0,0.0,0.0
2023-08-23 00:00:00-04:00,64.09897654443846,65.48575859109472,64.09897654443846,65.31076049804688,132600,0.0,0.0,0.0
2023-08-24 00:00:00-04:00,66.24517733150218,66.35909688016527,63.869492987569636,63.87444305419922,222600,0.0,0.0,0.0
2023-08-25 00:00:00-04:00,63.91406064135046,64.6338682822045,63.16949511217105,64.30203247070312,135600,0.0,0.0,0.0
2023-08-28 00:00:00-04:00,64.71806596234703,64.97065537534425,64.39778533754307,64.88481140136719,117600,0.0,0.0,0.0
2023-08-29 00:00:00-04:00,64.74117812406124,66.43008032871714,64.73953062103804,66.33763122558594,500400,0.0,0.0,0.0
2023-08-30 00:00:00-04:00,66.29306648353062,66.8989546916299,66.1444813408444,66.76192474365234,113400,0.0,0.0,0.0
2023-08-31 00:00:00-04:00,66.88409888409475,67.56593096533834,66.88409888409475,67.24234771728516,90600,0.0,0.0,0.0
2023-09-01 00:00:00-04:00,67.70293994245255,67.74586570277044,67.09374178413825,67.32817840576172,109200,0.0,0.0,0.0
2023-09-05 00:00:00-04:00,67.20601316945775,67.75577280956338,66.97488664428968,67.53620147705078,699000,0.0,0.0,0.0
2023-09-06 00:00:00-04:00,67.356247359972,67.50317740290328,66.49445980799271,66.96332550048828,102600,0.0,0.0,0.0
2023-09-07 00:00:00-04:00,65.94802223358535,66.34589427617682,65.72184572797862,66.26830291748047,141600,0.0,0.0,0.0
2023-09-08 00:00:00-04:00,66.32111871314983,66.63314671834969,66.10979999871951,66.20720672607422,80400,0.0,0.0,0.0
2023-09-11 00:00:00-04:00,66.80319190448466,66.82299972678376,66.08338425751762,66.64469909667969,114000,0.0,0.0,0.0
2023-09-12 00:00:00-04:00,66.02559743109529,66.36239085214503,65.5270162044171,65.52867126464844,82200,0.0,0.0,0.0
2023-09-13 00:00:00-04:00,65.52371334930997,65.95130836059853,65.49895546212403,65.65909576416016,91200,0.0,0.0,0.0
2023-09-14 00:00:00-04:00,66.14447355421021,66.29140361901018,65.73008875258938,66.1560287475586,82800,0.0,0.0,0.0
2023-09-15 00:00:00-04:00,65.83739349721799,65.95296054169374,64.63717245560031,64.80722045898438,378000,0.0,0.0,0.0
2023-09-18 00:00:00-04:00,64.5926093835199,65.17042958240931,64.44236917904266,65.02680206298828,227400,0.0,0.0,0.0
2023-09-19 00:00:00-04:00,64.79070680973783,64.969007440478,64.38787721959065,64.90957641601562,106800,0.0,0.0,0.0
2023-09-20 00:00:00-04:00,65.11264237941853,65.18198110166949,63.905816088679046,63.90911865234375,137400,0.0,0.0,0.0
2023-09-21 00:00:00-04:00,63.13978510512968,63.38742446879749,62.5982780456543,62.5982780456543,177600,0.0,0.0,0.0
2023-09-22 00:00:00-04:00,62.920205975717515,63.44520396283104,62.82114796933922,62.847564697265625,215400,0.0,0.0,0.0
2023-09-25 00:00:00-04:00,62.60983245660538,63.13482666015625,62.49096285005774,63.13482666015625,170400,0.0,0.0,0.0
2023-09-26 00:00:00-04:00,62.72035057086029,62.72035057086029,61.989890226013515,62.15184783935547,178800,0.065333,0.0,0.0
2023-09-27 00:00:00-04:00,62.39973482233638,62.695553207438316,61.72711736258633,62.40964889526367,132600,0.0,0.0,0.0
2023-09-28 00:00:00-04:00,62.17002429439852,63.35330169255589,62.049383522923,63.08392333984375,118800,0.0,0.0,0.0
2023-09-29 00:00:00-04:00,63.8424856706048,64.0474093229648,63.102107438644445,63.159950256347656,190800,0.0,0.0,0.0
2023-10-02 00:00:00-04:00,63.23763325971649,64.13500651783306,63.23763325971649,63.92677688598633,504600,0.0,0.0,0.0
2023-10-03 00:00:00-04:00,63.4095003402297,63.93503331052822,62.439411323022924,62.6311149597168,180600,0.0,0.0,0.0
2023-10-04 00:00:00-04:00,62.89553071340249,63.58962939455703,62.74679312026702,63.492130279541016,210000,0.0,0.0,0.0
2023-10-05 00:00:00-04:00,63.478903690168956,63.606156370325415,62.77819313510018,63.48551559448242,120600,0.0,0.0,0.0
2023-10-06 00:00:00-04:00,62.938497421760765,64.96957392169386,62.926930371135306,64.85554504394531,153000,0.0,0.0,0.0
2023-10-09 00:00:00-04:00,64.29862035829713,65.22573967241875,64.27218030017605,65.11005401611328,99000,0.0,0.0,0.0
2023-10-10 00:00:00-04:00,65.23398525548605,65.93965851296554,65.18275434532684,65.4009017944336,90600,0.0,0.0,0.0
2023-10-11 00:00:00-04:00,65.7049900598306,66.0322036743164,65.50005885036985,66.0322036743164,119400,0.0,0.0,0.0
2023-10-12 00:00:00-04:00,66.04211411536393,66.54285611995348,65.46369359098883,65.81405639648438,147600,0.0,0.0,0.0
2023-10-13 00:00:00-04:00,65.84545162340024,65.8801603348291,64.45229175812257,64.58946228027344,183600,0.0,0.0,0.0
2023-10-16 00:00:00-04:00,64.9232984186828,65.6190538688518,64.9232984186828,65.4984130859375,190200,0.0,0.0,0.0
2023-10-17 00:00:00-04:00,64.69854252081241,65.55128904557712,64.3085233843228,65.26538848876953,144000,0.0,0.0,0.0
2023-10-18 00:00:00-04:00,64.68697384403603,64.93983003285837,64.05732985780811,64.20936584472656,178200,0.0,0.0,0.0
2023-10-19 00:00:00-04:00,64.68365693225972,64.91337141504792,63.82099261803928,63.928409576416016,186600,0.0,0.0,0.0
2023-10-20 00:00:00-04:00,63.764811242749644,63.764811242749644,62.68234631102854,62.71870422363281,85200,0.0,0.0,0.0
2023-10-23 00:00:00-04:00,62.371649299944174,63.44089410882228,62.065913022582656,62.96493911743164,133800,0.0,0.0,0.0
2023-10-24 00:00:00-04:00,63.22935025790114,63.63754452277087,62.95336380423214,63.57805252075195,201000,0.0,0.0,0.0
2023-10-25 00:00:00-04:00,63.004598903044,63.004598903044,61.446175394696226,61.543678283691406,177600,0.0,0.0,0.0
2023-10-26 00:00:00-04:00,61.52551220684734,61.65276490801841,60.13731089353411,60.46287536621094,174600,0.0,0.0,0.0
2023-10-27 00:00:00-04:00,61.03302500465945,61.23629946725414,60.57524894796802,60.694236755371094,125400,0.0,0.0,0.0
2023-10-30 00:00:00-04:00,61.077637016503104,61.58003199384158,60.970216278796634,61.34701156616211,84000,0.0,0.0,0.0
2023-10-31 00:00:00-04:00,61.47591964607851,61.79652889602067,60.93386079092325,61.7899169921875,52200,0.0,0.0,0.0
2023-11-01 00:00:00-04:00,61.91551774232981,62.938490489832205,61.91551774232981,62.89883041381836,94200,0.0,0.0,0.0
2023-11-02 00:00:00-04:00,63.82926148186564,64.0292299871309,63.64912869032208,64.00609588623047,648000,0.0,0.0,0.0
2023-11-03 00:00:00-04:00,64.22422921208354,65.2885187863714,64.07714839334577,65.04228210449219,85200,0.0,0.0,0.0
2023-11-06 00:00:00-05:00,65.17945323629576,65.21581114718175,64.8026578830917,65.20755004882812,118800,0.0,0.0,0.0
2023-11-07 00:00:00-05:00,65.47858432701011,66.20408577646728,65.47858432701011,65.96610260009766,141600,0.0,0.0,0.0
2023-11-08 00:00:00-05:00,66.15946692932634,66.33630135609582,65.82564135713142,66.26689147949219,217800,0.0,0.0,0.0
2023-11-09 00:00:00-05:00,66.55442537979111,66.95931744474962,65.88841609889668,65.9561767578125,102600,0.0,0.0,0.0
2023-11-10 00:00:00-05:00,66.34785833681805,67.66830255075932,66.28009766429838,67.6501235961914,180000,0.0,0.0,0.0
2023-11-13 00:00:00-05:00,67.42206484698477,67.62533173130417,67.2898494561161,67.43363189697266,168000,0.0,0.0,0.0
2023-11-14 00:00:00-05:00,68.66318945765597,69.24161011157481,68.65162240629718,69.05155944824219,231600,0.0,0.0,0.0
2023-11-15 00:00:00-05:00,69.42834447422969,69.50767219330753,68.93090838418168,69.08625030517578,150600,0.0,0.0,0.0
2023-11-16 00:00:00-05:00,68.85488456948153,69.2977837851306,68.6830128933293,69.28621673583984,599400,0.0,0.0,0.0
2023-11-17 00:00:00-05:00,69.1969797334184,69.45644022739306,68.97717553327163,69.31596374511719,178200,0.0,0.0,0.0
2023-11-20 00:00:00-05:00,69.32753108723826,70.39347744222097,69.32753108723826,70.291015625,156000,0.0,0.0,0.0
2023-11-21 00:00:00-05:00,70.03321040559403,70.03321040559403,69.52916237320393,69.8365478515625,478800,0.0,0.0,0.0
2023-11-22 00:00:00-05:00,70.2678727047036,70.67442157940968,69.94230830531812,70.10591888427734,175200,0.0,0.0,0.0
2023-11-24 00:00:00-05:00,69.97042611709831,69.97042611709831,69.71922664860774,69.90101623535156,63600,0.0,0.0,0.0
2023-11-27 00:00:00-05:00,69.79190803278573,70.1951433124191,69.73902037678938,69.82330322265625,103800,0.0,0.0,0.0
2023-11-28 00:00:00-05:00,69.62171246158765,70.0216495094112,69.59361564708273,69.94232177734375,294600,0.0,0.0,0.0
2023-11-29 00:00:00-05:00,70.54882750190801,70.84795189059584,70.0827865600586,70.0827865600586,127200,0.0,0.0,0.0
2023-11-30 00:00:00-05:00,70.43974722706383,70.43974722706383,69.35562945922386,69.85307312011719,138600,0.0,0.0,0.0
2023-12-01 00:00:00-05:00,69.67955607676348,70.19021606445312,69.3440737530681,70.19021606445312,137400,0.0,0.0,0.0
2023-12-04 00:00:00-05:00,69.46304266807456,69.46304266807456,68.5755874896065,69.29778289794922,167400,0.0,0.0,0.0
2023-12-05 00:00:00-05:00,68.80200142831124,69.50601793900012,68.80200142831124,69.4564437866211,141600,0.0,0.0,0.0
2023-12-06 00:00:00-05:00,70.02164531273615,70.02164531273615,68.82184180628337,68.84828186035156,96600,0.0,0.0,0.0
2023-12-07 00:00:00-05:00,69.37215336059069,70.12574394155172,69.37215336059069,70.01667022705078,76200,0.0,0.0,0.0
2023-12-08 00:00:00-05:00,69.69772178182227,70.64301979713203,69.69772178182227,70.58187103271484,72600,0.0,0.0,0.0
2023-12-11 00:00:00-05:00,70.56039636995185,71.19004029616406,70.51742655737362,71.18013000488281,126000,0.0,0.0,0.0
2023-12-12 00:00:00-05:00,70.88761022407628,71.70896911621094,70.88761022407628,71.70896911621094,130800,0.0,0.0,0.0
2023-12-13 00:00:00-05:00,71.82630042835073,72.58485375783312,71.58005617907726,72.38819122314453,214800,0.0,0.0,0.0
2023-12-14 00:00:00-05:00,72.5303415644311,72.88565208943419,72.13536716729243,72.55182647705078,143400,0.0,0.0,0.0
2023-12-15 00:00:00-05:00,72.5567652781926,73.3021024504304,72.5567652781926,72.96826934814453,111600,0.0,0.0,0.0
2023-12-18 00:00:00-05:00,73.12855604099602,73.81769941904928,73.12855604099602,73.59459686279297,165600,0.0,0.0,0.0
2023-12-19 00:00:00-05:00,73.706969870157,74.02261634594262,73.60285131857427,73.95651245117188,271800,0.0,0.0,0.0
2023-12-20 00:00:00-05:00,74.08582403887304,74.4057631007482,72.97680162010342,72.98011779785156,193200,0.23,0.0,0.0
2023-12-21 00:00:00-05:00,73.86537366210591,74.07093122412962,73.47580231827797,74.0427474975586,123600,0.0,0.0,0.0
2023-12-22 00:00:00-05:00,74.20188249713699,74.41407238487541,73.88028148711074,74.19358825683594,63600,0.0,0.0,0.0
2023-12-26 00:00:00-05:00,74.28641082103812,74.79698836502676,74.28641082103812,74.66934967041016,91200,0.0,0.0,0.0
2023-12-27 00:00:00-05:00,74.81029016106159,74.88488522586883,74.41574828827846,74.67767333984375,106800,0.0,0.0,0.0
2023-12-28 00:00:00-05:00,74.76881949190508,74.91801715054697,74.6560922034088,74.7174301147461,70800,0.0,0.0,0.0
2023-12-29 00:00:00-05:00,74.63289912829639,74.77877304496444,74.01124843623758,74.29637908935547,99600,0.0,0.0,0.0
2024-01-02 00:00:00-05:00,73.46417803873841,73.46417803873841,71.97718715008801,72.33525848388672,1510800,0.0,0.0,0.0
2024-01-03 00:00:00-05:00,71.56609942061029,71.98881741431637,71.44673973435226,71.47657775878906,103200,0.0,0.0,0.0
2024-01-04 00:00:00-05:00,71.10524394244013,71.70037285768505,71.10524394244013,71.1881332397461,109800,0.0,0.0,0.0
2024-01-05 00:00:00-05:00,71.29090615995685,71.86282177536037,71.1085542739851,71.35555267333984,97200,0.0,0.0,0.0
2024-01-08 00:00:00-05:00,71.62906027224864,73.38957882794921,71.62906027224864,73.33984375,204000,0.0,0.0,0.0
2024-01-09 00:00:00-05:00,72.81103318591359,73.89187962650296,72.79114370517341,73.59514617919922,114000,0.0,0.0,0.0
2024-01-10 00:00:00-05:00,73.69793216412221,74.51685372612458,73.59017533306441,74.33283996582031,195000,0.0,0.0,0.0
2024-01-11 00:00:00-05:00,74.81358095697303,75.01250612130654,73.71781549273899,74.75224304199219,124800,0.0,0.0,0.0
2024-01-12 00:00:00-05:00,74.94289437717237,75.17663565893557,74.71578545305675,74.89482116699219,120000,0.0,0.0,0.0
2024-01-16 00:00:00-05:00,74.68924356443071,75.39543769415899,74.5400459114441,75.04399871826172,228600,0.0,0.0,0.0
2024-01-17 00:00:00-05:00,74.63454678535811,74.63454678535811,73.87364701303328,74.62791442871094,119400,0.0,0.0,0.0
2024-01-18 00:00:00-05:00,75.45510902111391,76.03531870726016,75.2545295939148,75.95077514648438,152400,0.0,0.0,0.0
2024-01-19 00:00:00-05:00,76.71167491313747,77.86380004882812,76.44809569717778,77.86380004882812,208200,0.0,0.0,0.0
2024-01-22 00:00:00-05:00,78.39927097461359,78.96952467282945,78.15391929629355,78.22686004638672,151200,0.0,0.0,0.0
2024-01-23 00:00:00-05:00,78.45396070511792,78.61973925891546,77.88039088866489,78.60482025146484,302400,0.0,0.0,0.0
2024-01-24 00:00:00-05:00,79.49833475590788,80.28575630683926,79.30769625349859,79.38892364501953,288600,0.0,0.0,0.0
2024-01-25 00:00:00-05:00,80.26090211680047,80.44490827627519,79.46518626929966,79.83320617675781,294600,0.0,0.0,0.0
2024-01-26 00:00:00-05:00,79.34748023496192,79.60111093553908,79.05240110406577,79.11373901367188,110400,0.0,0.0,0.0
2024-01-29 00:00:00-05:00,79.26626600145487,80.16973114013672,79.19166336760402,80.16973114013672,163800,0.0,0.0,0.0
2024-01-30 00:00:00-05:00,80.15480626413105,80.20121758294248,79.43036928729443,79.5795669555664,157800,0.0,0.0,0.0
2024-01-31 00:00:00-05:00,78.3362480424835,78.75399534867076,77.56209133157877,77.60518646240234,173400,0.0,0.0,0.0
2024-02-01 00:00:00-05:00,77.95498537626892,78.65454719221592,77.87209609995459,78.50701141357422,210600,0.0,0.0,0.0
2024-02-02 00:00:00-05:00,79.279518027119,80.93725810716028,79.20657728147297,80.7167739868164,198000,0.0,0.0,0.0
2024-02-05 00:00:00-05:00,81.02015342179885,81.05330762189347,80.10673965274658,80.8311767578125,213000,0.0,0.0,0.0
2024-02-06 00:00:00-05:00,81.1726567405899,81.20746523133367,79.79507676082747,80.40015411376953,151800,0.0,0.0,0.0
2024-02-07 00:00:00-05:00,80.94554807421449,81.68821268579731,80.69357163243525,81.65339660644531,180600,0.0,0.0,0.0
2024-02-08 00:00:00-05:00,81.79100099041469,82.3165053008551,81.69817074883176,82.10265350341797,129600,0.0,0.0,0.0
2024-02-09 00:00:00-05:00,82.65634259120341,83.46365381548895,82.4773068749008,83.3376693725586,192000,0.0,0.0,0.0
2024-02-12 00:00:00-05:00,83.44872577134521,83.93444347798965,82.73092868865898,82.91825103759766,142200,0.0,0.0,0.0
2024-02-13 00:00:00-05:00,80.83281142184455,82.04295840267557,80.58580548204327,81.4179916381836,180000,0.0,0.0,0.0
2024-02-14 00:00:00-05:00,82.34798236254315,82.88011893205989,81.96173486879164,82.86022186279297,167400,0.0,0.0,0.0
2024-02-15 00:00:00-05:00,83.00279762500908,83.07573837782341,82.3165004190399,82.80552673339844,136800,0.0,0.0,0.0
2024-02-16 00:00:00-05:00,83.0541748612536,83.0541748612536,81.77109469446187,81.80921936035156,121800,0.0,0.0,0.0
2024-02-20 00:00:00-05:00,81.14612679504104,81.14612679504104,79.87629618130623,80.6521224975586,622200,0.0,0.0,0.0
2024-02-21 00:00:00-05:00,79.67903747688352,79.82658086497324,79.04578395671183,79.8033676147461,313800,0.0,0.0,0.0
2024-02-22 00:00:00-05:00,82.46569117623817,83.4271704195572,82.29991261276207,83.25311279296875,298200,0.0,0.0,0.0
2024-02-23 00:00:00-05:00,83.76534504925154,84.16320294317332,82.85359338324974,83.06909942626953,113400,0.0,0.0,0.0
2024-02-26 00:00:00-05:00,83.49512615203778,83.60287536987445,83.1039006484411,83.15695190429688,212400,0.0,0.0,0.0
2024-02-27 00:00:00-05:00,83.4420815403533,83.4420815403533,82.901658397131,83.31111907958984,136200,0.0,0.0,0.0
2024-02-28 00:00:00-05:00,82.82374797626372,83.0276511908,82.49883841044365,82.73920440673828,147000,0.0,0.0,0.0
2024-02-29 00:00:00-05:00,83.3890454543342,83.94935817738619,82.90830583438665,83.78690338134766,271200,0.0,0.0,0.0
2024-03-01 00:00:00-05:00,84.23945312259299,85.65349561858895,84.23945312259299,85.5755844116211,672000,0.0,0.0,0.0
2024-03-04 00:00:00-05:00,85.86901001218504,86.35141148385074,85.48110064568185,85.68334197998047,338400,0.0,0.0,0.0
2024-03-05 00:00:00-05:00,85.05507406236617,85.05507406236617,83.36584161619642,83.95433807373047,234600,0.0,0.0,0.0
2024-03-06 00:00:00-05:00,85.31533223683697,85.52752211185067,84.50304310869102,84.9970474243164,199800,0.0,0.0,0.0
2024-03-07 00:00:00-05:00,85.96681982622144,86.90178477162524,85.40982330819794,86.79237365722656,152200,0.0,6.0,0.0
2024-03-08 00:00:00-05:00,87.16037709782027,87.97598231134421,84.92243513026592,85.0915298461914,217700,0.0,0.0,0.0
2024-03-11 00:00:00-04:00,84.62405081828791,84.94233560735519,83.80844557202126,84.45496368408203,217500,0.0,0.0,0.0
2024-03-12 00:00:00-04:00,85.19099305866965,86.39450761523578,84.50468842178597,86.35472106933594,318000,0.0,0.0,0.0
2024-03-13 00:00:00-04:00,86.16573728528871,86.16573728528871,85.17109639856182,85.55900573730469,125000,0.0,0.0,0.0
2024-03-14 00:00:00-04:00,85.85740692829752,85.96681804042339,84.50469462247614,85.05175018310547,136200,0.0,0.0,0.0
2024-03-15 00:00:00-04:00,84.18641744048047,84.56437830571168,83.72888347040828,83.81839752197266,174200,0.0,0.0,0.0
2024-03-18 00:00:00-04:00,85.14126595584126,85.4993373139789,84.53453435391408,84.73346710205078,206700,0.0,0.0,0.0
2024-03-19 00:00:00-04:00,84.17645833654736,84.92243902662544,83.48021272787769,84.8926010131836,159500,0.0,0.0,0.0
2024-03-20 00:00:00-04:00,85.15120854168651,86.10606290051099,84.75335066171603,86.05632781982422,111900,0.0,0.0,0.0
2024-03-21 00:00:00-04:00,87.22854288250348,87.22854288250348,86.24341017651771,86.29316711425781,197500,0.038,0.0,0.0
2024-03-22 00:00:00-04:00,86.37278687595737,86.8504201388431,86.17376668988514,86.5916976928711,158400,0.0,0.0,0.0
2024-03-25 00:00:00-04:00,85.88518590873684,86.57179220735743,85.57671413600849,86.17375946044922,248500,0.0,0.0,0.0
2024-03-26 00:00:00-04:00,86.62154997060406,86.76086029456897,85.79563334149552,85.84538269042969,132600,0.0,0.0,0.0
2024-03-27 00:00:00-04:00,86.36282876027411,86.41257810990899,85.26824437434301,85.9150390625,134200,0.0,0.0,0.0
2024-03-28 00:00:00-04:00,85.96479434227312,86.06430063146279,85.5767145001432,85.75582885742188,255100,0.0,0.0,0.0
2024-04-01 00:00:00-04:00,85.97475229090432,86.77081024295123,85.76578679379787,86.23347473144531,535000,0.0,0.0,0.0
2024-04-02 00:00:00-04:00,85.10901048152198,85.60654942514537,84.68112668633219,85.57669830322266,319900,0.0,0.0,0.0
2024-04-03 00:00:00-04:00,85.08913001360203,86.2334713410114,85.08913001360203,85.9150390625,188600,0.0,0.0,0.0
2024-04-04 00:00:00-04:00,86.83051410598664,87.00962846141888,84.41247410357285,84.45227813720703,204800,0.0,0.0,0.0
2024-04-05 00:00:00-04:00,84.66122846899765,86.03443322033516,84.60151863331042,85.57669830322266,206000,0.0,0.0,0.0
2024-04-08 00:00:00-04:00,85.745876496924,86.01455183047439,85.25829036249978,85.53691101074219,156700,0.0,0.0,0.0
2024-04-09 00:00:00-04:00,86.14389730627785,86.20359955352686,84.75078666634383,85.8553237915039,184800,0.0,0.0,0.0
2024-04-10 00:00:00-04:00,84.85029970041329,85.29808936597249,84.64133422655613,85.05927276611328,141600,0.0,0.0,0.0
2024-04-11 00:00:00-04:00,85.4971147458563,86.6912131077769,84.96972452920838,86.5519027709961,136500,0.0,0.0,0.0
2024-04-12 00:00:00-04:00,85.61651701328687,85.85533362146833,84.6910941157602,84.97966766357422,140200,0.0,0.0,0.0
2024-04-15 00:00:00-04:00,85.64635263329659,85.64635263329659,83.06910457403737,83.23826599121094,182700,0.0,0.0,0.0
2024-04-16 00:00:00-04:00,83.24823850386746,83.92488433193785,83.04921832633777,83.4273452758789,267600,0.0,0.0,0.0
2024-04-17 00:00:00-04:00,83.8950403521175,83.95475020638615,82.15365350752448,82.32282257080078,532300,0.0,0.0,0.0
2024-04-18 00:00:00-04:00,82.38252521552378,82.93976657898932,81.69591882707932,81.9048843383789,283400,0.0,0.0,0.0
2024-04-19 00:00:00-04:00,81.40733507865836,81.58644943625518,79.28782150696526,79.62614440917969,1457300,0.0,0.0,0.0
2024-04-22 00:00:00-04:00,80.36251381530178,81.0491125788734,79.42713792147131,80.48191833496094,2356700,0.0,0.0,0.0
2024-04-23 00:00:00-04:00,81.07896178329284,82.24320126436997,80.87994162081624,82.0640869140625,525000,0.0,0.0,0.0
2024-04-24 00:00:00-04:00,82.89000201128586,82.97955538890251,81.53669529823152,82.10388946533203,516700,0.0,0.0,0.0
2024-04-25 00:00:00-04:00,79.86496649760178,81.53669792692675,79.5664400455697,81.31777954101562,440700,0.0,0.0,0.0
2024-04-26 00:00:00-04:00,82.77058500691514,83.50694057151424,82.41235633400912,83.25817108154297,644500,0.0,0.0,0.0
2024-04-29 00:00:00-04:00,83.17857419454265,83.37759436835576,82.48202256580518,82.95966339111328,488900,0.0,0.0,0.0
2024-04-30 00:00:00-04:00,82.61138342948655,83.09897718177697,81.33768463134766,81.33768463134766,320000,0.0,0.0,0.0
2024-05-01 00:00:00-04:00,81.09885438640303,82.46211393553222,80.46200509427439,80.68092346191406,238600,0.0,0.0,0.0
2024-05-02 00:00:00-04:00,81.62625113462873,82.01433096634305,80.54161970543821,81.93472290039062,339300,0.0,0.0,0.0
2024-05-03 00:00:00-04:00,83.48706563350659,83.77563923336452,83.02933055533886,83.6562271118164,363800,0.0,0.0,0.0
2024-05-06 00:00:00-04:00,84.09405071205934,85.0294189453125,83.92488166856684,85.0294189453125,308700,0.0,0.0,0.0
2024-05-07 00:00:00-04:00,85.00951681726829,85.33789439079703,84.78064552885171,84.9299087524414,386800,0.0,0.0,0.0
2024-05-08 00:00:00-04:00,84.27315241570166,85.03935908225134,84.23334838743592,84.86024475097656,327400,0.0,0.0,0.0
2024-05-09 00:00:00-04:00,84.77071111553956,84.88017032079148,84.25326621946796,84.74085998535156,191000,0.0,0.0,0.0
2024-05-10 00:00:00-04:00,85.10903344436406,85.46726218777215,84.60154145922863,84.95977020263672,360800,0.0,0.0,0.0
2024-05-13 00:00:00-04:00,85.0393806851334,85.20854215435395,84.65130080075964,85.09908294677734,290500,0.0,0.0,0.0
2024-05-14 00:00:00-04:00,84.97965793386875,85.98468878299974,84.95975212355759,85.8553237915039,179000,0.0,0.0,0.0
2024-05-15 00:00:00-04:00,86.59169508358153,87.88529968261719,86.32302733028463,87.88529968261719,449200,0.0,0.0,0.0
2024-05-16 00:00:00-04:00,87.89524847070372,88.17386911790878,87.51711394220264,87.5867691040039,369000,0.0,0.0,0.0
2024-05-17 00:00:00-04:00,87.84548341844828,87.84548341844828,86.93996639864682,87.49720764160156,268500,0.0,0.0,0.0
2024-05-20 00:00:00-04:00,87.64647336823705,88.54204509995228,87.55691239914414,88.45248413085938,184200,0.0,0.0,0.0
2024-05-21 00:00:00-04:00,88.00470500927807,88.42263596746588,87.81563775073657,88.37287902832031,211500,0.0,0.0,0.0
2024-05-22 00:00:00-04:00,88.61170641466396,88.73111092596119,87.92510010733172,88.49229431152344,178100,0.0,0.0,0.0
2024-05-23 00:00:00-04:00,89.62669755078278,89.85556888838018,87.75595317641506,88.2037353515625,291200,0.0,0.0,0.0
2024-05-24 00:00:00-04:00,88.36293700972053,89.16894782940857,88.13406570969477,88.99978637695312,1049300,0.0,0.0,0.0
2024-05-28 00:00:00-04:00,89.55702304038223,89.84559658120017,89.0495311174374,89.73613739013672,407000,0.0,0.0,0.0
2024-05-29 00:00:00-04:00,88.8704159070842,89.58687329916413,88.85051768701211,89.24855041503906,232600,0.0,0.0,0.0
2024-05-30 00:00:00-04:00,88.33307134130382,88.44253052942165,86.77079917398179,87.03947448730469,314500,0.0,0.0,0.0
2024-05-31 00:00:00-04:00,87.31809042600464,87.31809042600464,85.04931390655365,86.9598617553711,233400,0.0,0.0,0.0
2024-06-03 00:00:00-04:00,87.80568041397211,87.87533557015537,86.34291454228114,87.36785125732422,217400,0.0,0.0,0.0
2024-06-04 00:00:00-04:00,87.44745536963333,87.67632665910682,86.92006522344485,87.57682037353516,215600,0.0,0.0,0.0
2024-06-05 00:00:00-04:00,88.54203754827364,89.88539123535156,88.39277434041118,89.88539123535156,412700,0.0,0.0,0.0
2024-06-06 00:00:00-04:00,90.00479277449695,90.11425195054785,89.4276533638599,89.6565170288086,316600,0.0,0.0,0.0
2024-06-07 00:00:00-04:00,89.55702703096905,90.03466784887858,89.26845347729251,89.52717590332031,206600,0.0,0.0,0.0
2024-06-10 00:00:00-04:00,89.34806091026583,90.1043223699771,89.15899364737722,90.0545654296875,189500,0.0,0.0,0.0
2024-06-11 00:00:00-04:00,89.9749161792055,91.01025583448892,89.69617234801376,90.99034881591797,116500,0.04,0.0,0.0
2024-06-12 00:00:00-04:00,92.06551622178837,93.19044892819845,91.95600862437144,92.67277526855469,165200,0.0,0.0,0.0
2024-06-13 00:00:00-04:00,93.40946491601802,93.54883684205907,92.64291172759191,93.14067077636719,202200,0.0,0.0,0.0
2024-06-14 00:00:00-04:00,93.1406667944589,93.73798370361328,93.00129487437621,93.73798370361328,181200,0.0,0.0,0.0
2024-06-17 00:00:00-04:00,93.8673980038323,95.08193124210744,93.32981734450397,94.69367980957031,240600,0.0,0.0,0.0
2024-06-18 00:00:00-04:00,94.83304971630554,95.05206489825724,94.50452694337795,94.95250701904297,420400,0.0,0.0,0.0
2024-06-20 00:00:00-04:00,95.53986497835558,95.53986497835558,93.56873596958239,94.0167236328125,424600,0.0,0.0,0.0
2024-06-21 00:00:00-04:00,93.85744102705739,94.21582813453787,93.160581426512,93.65834045410156,267000,0.0,0.0,0.0
2024-06-24 00:00:00-04:00,93.19044139548242,93.63842146128613,92.27456665039062,92.27456665039062,255400,0.0,0.0,0.0
2024-06-25 00:00:00-04:00,92.7922370118237,93.66829016610934,92.48362884518217,93.65834045410156,397900,0.0,0.0,0.0
2024-06-26 00:00:00-04:00,93.4990501041294,93.89725882899121,93.25017060049072,93.69815826416016,192200,0.0,0.0,0.0
2024-06-27 00:00:00-04:00,93.66829091650385,94.44480138573236,93.66829091650385,94.20587158203125,336500,0.0,0.0,0.0
2024-06-28 00:00:00-04:00,94.47465814369406,95.50004045136407,93.83752724193405,93.88729858398438,418100,0.0,0.0,0.0
2024-07-01 00:00:00-04:00,94.11627281780413,94.57421018728705,92.95151857834544,94.50452423095703,246300,0.0,0.0,0.0
2024-07-02 00:00:00-04:00,94.10631816532057,95.2113437862912,93.8375316390952,95.19143676757812,170700,0.0,0.0,0.0
2024-07-03 00:00:00-04:00,95.19145067411056,96.11728288111928,95.08194306719118,96.07746124267578,174000,0.0,0.0,0.0
2024-07-05 00:00:00-04:00,96.19691240710182,97.21234513443044,96.19691240710182,97.17252349853516,315200,0.0,0.0,0.0
2024-07-08 00:00:00-04:00,97.41144372226263,97.48112968485106,96.92364198414366,97.43135833740234,363100,0.0,0.0,0.0
2024-07-09 00:00:00-04:00,97.79969334500858,97.9490225749683,96.73448931092285,97.13269805908203,217200,0.0,0.0,0.0
2024-07-10 00:00:00-04:00,97.56077742460519,98.2178230407121,97.12274701386725,98.1780014038086,248200,0.0,0.0,0.0
2024-07-11 00:00:00-04:00,98.1182533774453,98.25762529228373,95.76883024845488,95.997802734375,528900,0.0,0.0,0.0
2024-07-12 00:00:00-04:00,95.91816027446716,97.55080922929385,95.88829594892273,96.54534149169922,208900,0.0,0.0,0.0
2024-07-15 00:00:00-04:00,97.09286881138918,97.95897220108151,96.56524548941093,97.05304718017578,183700,0.0,0.0,0.0
2024-07-16 00:00:00-04:00,97.4114294918894,97.59062302596784,96.36614020576438,97.02317810058594,262300,0.0,0.0,0.0
2024-07-17 00:00:00-04:00,95.03215561698259,95.21134917634386,93.34972762049078,93.3895492553711,422600,0.0,0.0,0.0
2024-07-18 00:00:00-04:00,94.28551912400077,94.2954764317397,92.26461857941959,93.05107879638672,265800,0.0,0.0,0.0
2024-07-19 00:00:00-04:00,93.06103167170654,93.46919012715786,91.94604870926382,92.06551361083984,232800,0.0,0.0,0.0
2024-07-22 00:00:00-04:00,93.40946277256603,94.08641536717451,92.86192479339736,93.87735748291016,228600,0.0,0.0,0.0
2024-07-23 00:00:00-04:00,93.77779200367276,94.51448078783105,93.6384200921184,93.71806335449219,251100,0.0,0.0,0.0
2024-07-24 00:00:00-04:00,92.35420588173126,92.49358539590038,89.80568211178061,90.01473999023438,343800,0.0,0.0,0.0
2024-07-25 00:00:00-04:00,90.0147460391154,91.26910098932908,88.03366711904172,89.15859985351562,270700,0.0,0.0,0.0
2024-07-26 00:00:00-04:00,90.36316973629741,90.80120010720869,89.70613177513043,90.25366973876953,449800,0.0,0.0,0.0
2024-07-29 00:00:00-04:00,90.83106354567019,91.16954362766634,89.74595253131751,89.94505310058594,139200,0.0,0.0,0.0
2024-07-30 00:00:00-04:00,90.42291139663578,90.59214765181856,87.84451555242597,88.53142547607422,152500,0.0,0.0,0.0
2024-07-31 00:00:00-04:00,90.85098247726393,91.67725671467512,90.40299478232028,91.32882690429688,204200,0.0,0.0,0.0
2024-08-01 00:00:00-04:00,91.82658485825952,92.55331639289463,88.10334939467722,88.9594955444336,565200,0.0,0.0,0.0
2024-08-02 00:00:00-04:00,86.55033594134427,87.28701712269454,85.25615952433483,86.34127807617188,592900,0.0,0.0,0.0
2024-08-05 00:00:00-04:00,80.69669149489268,85.15661574457242,80.63696284177018,83.65338134765625,1129900,0.0,0.0,0.0
2024-08-06 00:00:00-04:00,84.32037820916486,86.10235648106786,83.50405368861938,84.66881561279297,730200,0.0,0.0,0.0
2024-08-07 00:00:00-04:00,86.43087856602027,87.01823817704471,83.75293252625148,83.88235473632812,322300,0.0,0.0,0.0
2024-08-08 00:00:00-04:00,85.35571621708202,86.97841551351614,84.40997709949897,86.90872955322266,358500,0.0,0.0,0.0
2024-08-09 00:00:00-04:00,86.61007182459316,87.6951828718719,86.36119230785583,87.53590393066406,351200,0.0,0.0,0.0
2024-08-12 00:00:00-04:00,87.53589436433768,88.2427112032035,87.11777864476059,87.63544464111328,232100,0.0,0.0,0.0
2024-08-13 00:00:00-04:00,88.54137661828386,89.96496771463269,88.54137661828386,89.94505310058594,485900,0.0,0.0,0.0
2024-08-14 00:00:00-04:00,90.1939316446313,90.54236143472254,89.08890602805644,90.03465270996094,738800,0.0,0.0,0.0
2024-08-15 00:00:00-04:00,91.16954853712176,92.43385316997843,91.11976959452414,92.35420989990234,212700,0.0,0.0,0.0
2024-08-16 00:00:00-04:00,91.88631708969352,92.67276964861297,91.81663113149054,92.4139404296875,203400,0.0,0.0,0.0
2024-08-19 00:00:00-04:00,92.57323314954137,93.64839460351438,91.94605943232425,93.6185302734375,139100,0.0,0.0,0.0
2024-08-20 00:00:00-04:00,93.57870105084592,94.01673144367568,93.12076363797858,93.45923614501953,142700,0.0,0.0,0.0
2024-08-21 00:00:00-04:00,93.44927675287168,94.3153725459994,93.30990484144425,94.03662872314453,257900,0.0,0.0,0.0
2024-08-22 00:00:00-04:00,94.54433963874861,94.5742039616099,92.18495939511888,92.34424591064453,243800,0.0,0.0,0.0
2024-08-23 00:00:00-04:00,93.25016494447206,93.9768963929055,92.61303406141772,93.51895904541016,208600,0.0,0.0,0.0
2024-08-26 00:00:00-04:00,93.34972693825473,93.65834270752156,92.19492991596651,92.60308837890625,144400,0.0,0.0,0.0
2024-08-27 00:00:00-04:00,92.11527518528864,93.15061477018646,91.72702379035185,92.96146392822266,225600,0.0,0.0,0.0
2024-08-28 00:00:00-04:00,92.80219396468307,92.8818372316413,91.06003737477168,91.75689697265625,123200,0.0,0.0,0.0
2024-08-29 00:00:00-04:00,92.15509998567848,93.28998988611065,91.51796908000426,91.73698425292969,246800,0.0,0.0,0.0
2024-08-30 00:00:00-04:00,92.62299247796486,92.84200764574015,91.63743181817532,92.71258544921875,331000,0.0,0.0,0.0
2024-09-03 00:00:00-04:00,92.02569295504033,92.11528593577451,88.59115105142752,89.1187744140625,229400,0.0,0.0,0.0
2024-09-04 00:00:00-04:00,88.33231619797324,89.64639966481816,88.03365775747227,88.9395751953125,143600,0.0,0.0,0.0
2024-09-05 00:00:00-04:00,88.49159418776213,89.76585600929569,88.43186553837761,88.94953155517578,245500,0.0,0.0,0.0
2024-09-06 00:00:00-04:00,88.9196669085967,88.979395557765,86.23177136322944,86.57024383544922,189000,0.0,0.0,0.0
2024-09-09 00:00:00-04:00,87.47616384496708,87.84450062067283,86.64988213453677,87.4960708618164,473800,0.0,0.0,0.0
2024-09-10 00:00:00-04:00,88.06352416960826,88.42191126862342,87.14764940332498,88.3621826171875,184700,0.0,0.0,0.0
2024-09-11 00:00:00-04:00,88.71060893755613,90.68173030980023,87.18746762394944,90.5423583984375,297600,0.0,0.0,0.0
2024-09-12 00:00:00-04:00,90.73152320948714,91.70713433435505,90.24372144465353,91.42838287353516,238000,0.0,0.0,0.0
2024-09-13 00:00:00-04:00,91.61752973316999,92.2347536908259,91.42837886328181,92.02569580078125,227600,0.0,0.0,0.0
2024-09-16 00:00:00-04:00,91.45824988564932,91.92613700912233,91.04012651447727,91.8763656616211,131600,0.0,0.0,0.0
2024-09-17 00:00:00-04:00,92.64290255532661,92.74246043138504,91.4383266879755,91.96595001220703,321700,0.0,0.0,0.0
2024-09-18 00:00:00-04:00,92.25466282070963,92.83206515605654,91.33878796855966,91.52793884277344,272300,0.0,0.0,0.0
2024-09-19 00:00:00-04:00,94.05654994871814,94.69368090152096,93.42936870800281,94.20587158203125,629600,0.0,0.0,0.0
2024-09-20 00:00:00-04:00,93.95698831848522,94.4049759861554,93.2302644146821,94.08641052246094,435600,0.0,0.0,0.0
2024-09-23 00:00:00-04:00,94.43483359421973,94.44479090040181,93.88729568219283,94.15608978271484,343500,0.0,0.0,0.0
2024-09-24 00:00:00-04:00,94.55431070877131,94.87287619099617,93.50901368527084,94.74345397949219,239100,0.0,0.0,0.0
2024-09-25 00:00:00-04:00,94.5790316578832,95.37623732070486,94.54912988812174,94.83811950683594,137300,0.095,0.0,0.0
2024-09-26 00:00:00-04:00,96.64181225096254,96.64181225096254,94.97763013882985,95.95421600341797,352500,0.0,0.0,0.0
2024-09-27 00:00:00-04:00,96.19337508336136,96.19337508336136,95.03742424029471,95.28655242919922,445900,0.0,0.0,0.0
2024-09-30 00:00:00-04:00,94.83810400045378,95.67517855275928,94.52918752186343,95.60542297363281,298600,0.0,0.0,0.0
2024-10-01 00:00:00-04:00,95.71505613826584,95.7250157921178,93.30348941797942,93.86154174804688,383200,0.0,0.0,0.0
2024-10-02 00:00:00-04:00,93.81171281212194,94.7484372613213,93.38321201118916,94.3498306274414,332900,0.0,0.0,0.0
2024-10-03 00:00:00-04:00,93.99109166789724,95.20683856082631,93.95123024157942,94.81819915771484,335900,0.0,0.0,0.0
2024-10-04 00:00:00-04:00,96.06383294503928,96.16348270189275,94.96767041407294,96.0937271118164,231400,0.0,0.0,0.0
2024-10-07 00:00:00-04:00,95.73497909548402,96.12361845775995,94.93776585847301,95.12710571289062,243600,0.0,0.0,0.0
2024-10-08 00:00:00-04:00,95.77484083176932,96.84110916816546,95.54563955447045,96.75141906738281,174300,0.0,0.0,0.0
2024-10-09 00:00:00-04:00,96.67171536707824,97.60843229226413,96.4126198928486,97.52871704101562,274100,0.0,0.0,0.0
2024-10-10 00:00:00-04:00,96.86103791616866,97.72800676050643,96.6916325704395,97.48884582519531,280500,0.0,0.0,0.0
2024-10-11 00:00:00-04:00,97.30947086085557,97.98709983011206,97.19985385091785,97.86751556396484,96600,0.0,0.0,0.0
2024-10-14 00:00:00-04:00,98.51525318018217,99.17294765579813,98.38570925691562,98.83413696289062,154300,0.0,0.0,0.0
2024-10-15 00:00:00-04:00,99.02346102449577,99.02346102449577,96.72151172011168,97.14005279541016,386900,0.0,0.0,0.0
2024-10-16 00:00:00-04:00,97.27957049492859,97.27957049492859,96.31295197951516,97.12012481689453,331600,0.0,0.0,0.0
2024-10-17 00:00:00-04:00,98.35581713016836,98.35581713016836,97.179931640625,97.179931640625,135800,0.0,0.0,0.0
2024-10-18 00:00:00-04:00,97.96716649110834,98.06682384881913,97.55860021509223,97.67817687988281,109100,0.0,0.0,0.0
2024-10-21 00:00:00-04:00,97.4788717960745,98.06681824123491,97.10019970790897,97.99705505371094,158900,0.0,0.0,0.0
2024-10-22 00:00:00-04:00,97.53867206002947,98.25616250669508,97.31944562602783,98.00703430175781,334600,0.0,0.0,0.0
2024-10-23 00:00:00-04:00,97.64827339317542,97.78778455730743,95.7250036558832,96.45246124267578,189000,0.0,0.0,0.0
2024-10-24 00:00:00-04:00,96.85107642442775,96.96069343494604,96.22326852731588,96.75141906738281,255100,0.0,0.0,0.0
2024-10-25 00:00:00-04:00,97.4290542987937,98.4056401999292,97.19986060956099,97.35929870605469,139500,0.0,0.0,0.0
2024-10-28 00:00:00-04:00,98.23622154874606,98.23622154874606,97.5286984602276,97.60841369628906,109200,0.0,0.0,0.0
2024-10-29 00:00:00-04:00,97.72800381654379,99.29252850957131,97.43901421047006,99.12312316894531,110000,0.0,0.0,0.0
2024-10-30 00:00:00-04:00,99.04340302296237,99.23274288104778,98.0369230023664,98.04689025878906,199900,0.0,0.0,0.0
2024-10-31 00:00:00-04:00,97.1998595561611,97.1998595561611,95.14704561826957,95.22676086425781,213500,0.0,0.0,0.0
2024-11-01 00:00:00-04:00,95.38620735040337,96.51226408823591,95.26662307624838,95.80474090576172,144800,0.0,0.0,0.0
2024-11-04 00:00:00-05:00,95.754904730277,96.23323418667292,95.16696586797056,95.52571105957031,147000,0.0,0.0,0.0
2024-11-05 00:00:00-05:00,95.87448299559134,96.91085708393926,95.87448299559134,96.89093017578125,193500,0.0,0.0,0.0
2024-11-06 00:00:00-05:00,98.38570665734592,99.8705085185889,98.38570665734592,99.77085876464844,221000,0.0,0.0,0.0
2024-11-07 00:00:00-05:00,100.42855651330851,101.99308127007922,100.35880092298584,101.9432601928711,408700,0.0,0.0,0.0
2024-11-08 00:00:00-05:00,101.82367493506285,101.92332469130183,101.33538580753957,101.71405792236328,218600,0.0,0.0,0.0
2024-11-11 00:00:00-05:00,101.83365760643277,101.83365760643277,100.93679445894267,101.50480651855469,181800,0.0,0.0,0.0
2024-11-12 00:00:00-05:00,101.64429464824953,102.12262408593881,101.15600555764165,101.85356140136719,263000,0.0,0.0,0.0
2024-11-13 00:00:00-05:00,101.68417482235381,102.2521868578023,101.29553540877274,101.42507934570312,234400,0.0,0.0,0.0
2024-11-14 00:00:00-05:00,101.6144108586242,101.7140606175036,100.58800389686667,100.70758056640625,195200,0.0,0.0,0.0
2024-11-15 00:00:00-05:00,99.53168653881663,99.61140938012652,97.86751214111284,98.22625732421875,215500,0.0,0.0,0.0
2024-11-18 00:00:00-05:00,98.47539285754024,99.13309494329567,97.93727504268286,98.78430938720703,307000,0.0,0.0,0.0
2024-11-19 00:00:00-05:00,98.22626306397943,99.9203317254686,98.146540218011,99.88047790527344,317300,0.0,0.0,0.0
2024-11-20 00:00:00-05:00,100.07977848774185,100.07977848774185,98.54514789898785,99.90040588378906,167600,0.0,0.0,0.0
2024-11-21 00:00:00-05:00,100.83712565203544,100.98659647940883,99.04339969566686,100.51824188232422,187900,0.0,0.0,0.0
2024-11-22 00:00:00-05:00,100.4385233355,100.69761878534477,100.00005528234563,100.59796142578125,138600,0.0,0.0,0.0
2024-11-25 00:00:00-05:00,101.54464750985578,101.73397975642628,100.40862361927809,100.84708404541016,209000,0.0,0.0,0.0
2024-11-26 00:00:00-05:00,101.06632445312083,101.53468667677042,100.86702493797975,101.17594146728516,309600,0.0,0.0,0.0
2024-11-27 00:00:00-05:00,100.91683777099767,100.91683777099767,99.1928750577775,100.10966491699219,342300,0.0,0.0,0.0
2024-11-29 00:00:00-05:00,100.42854615228244,101.2257593332567,100.32889640535774,100.97663116455078,71100,0.0,0.0,0.0
2024-12-02 00:00:00-05:00,101.20583515604918,102.46144338331443,101.05636432179425,102.15252685546875,319400,0.0,0.0,0.0
2024-12-03 00:00:00-05:00,101.83363627654805,102.81021447487039,101.64429642873941,102.80025482177734,217900,0.0,0.0,0.0
2024-12-04 00:00:00-05:00,103.98611189323803,104.81321936365214,103.83663344875039,104.7833251953125,210600,0.0,0.0,0.0
2024-12-05 00:00:00-05:00,104.82317823209947,104.82317823209947,103.97613631538479,104.06582641601562,203100,0.0,0.0,0.0
2024-12-06 00:00:00-05:00,104.34485700105483,105.28158148951606,104.34485700105483,104.99259185791016,195700,0.0,0.0,0.0
2024-12-09 00:00:00-05:00,104.81321536917034,104.94275929463493,103.70708556602217,104.07579803466797,266400,0.0,0.0,0.0
2024-12-10 00:00:00-05:00,104.15551809932822,104.53419784216034,102.91984431353553,103.24869537353516,135900,0.0,0.0,0.0
2024-12-11 00:00:00-05:00,104.28505550781276,105.65027304014123,104.19536541142098,105.38121795654297,189300,0.0,0.0,0.0
2024-12-12 00:00:00-05:00,104.88297933856218,105.13210755551839,104.53420135538146,104.7235336303711,212200,0.0,0.0,0.0
2024-12-13 00:00:00-05:00,105.63035503245496,105.92931190856814,104.40464096373792,105.05237579345703,171300,0.0,0.0,0.0
2024-12-16 00:00:00-05:00,105.49085386774746,106.81621782008723,105.48088661018681,106.5770492553711,289700,0.0,0.0,0.0
2024-12-17 00:00:00-05:00,106.03866915248514,106.2879138604204,105.39063139058449,105.67975616455078,240200,0.05,0.0,0.0
2024-12-18 00:00:00-05:00,105.98881776037443,106.16827425534399,101.62205319124168,101.93111419677734,323000,0.0,0.0,0.0
2024-12-19 00:00:00-05:00,103.25710004786175,103.3268882636876,101.79153990917416,101.861328125,285200,0.0,0.0,0.0
2024-12-20 00:00:00-05:00,101.14349274400614,104.16434479359393,100.81449553212641,103.16736602783203,248900,0.0,0.0,0.0
2024-12-23 00:00:00-05:00,103.53624875219978,104.29395478383319,102.99787927759273,104.23413848876953,220000,0.0,0.0,0.0
2024-12-24 00:00:00-05:00,104.543200922716,105.43051147460938,104.45346887254466,105.43051147460938,451500,0.0,0.0,0.0
2024-12-26 00:00:00-05:00,105.11147032784451,105.74953612183245,104.6528610138122,105.450439453125,194900,0.0,0.0,0.0
2024-12-27 00:00:00-05:00,104.89213901289537,104.89213901289537,102.92808955280881,104.03473663330078,213100,0.0,0.0,0.0
2024-12-30 00:00:00-05:00,102.3598165607924,103.40664739436605,101.74169454271785,102.63896942138672,173300,0.0,0.0,0.0
2024-12-31 00:00:00-05:00,102.91812564354665,102.91812564354665,101.49244564458822,101.78156280517578,186100,0.0,0.0,0.0
2025-01-02 00:00:00-05:00,102.68881963958012,103.19728097339731,100.9740148324671,101.95105743408203,277000,0.0,0.0,0.0
2025-01-03 00:00:00-05:00,102.648935517763,103.73564635640783,102.30996637950788,103.57612609863281,151200,0.0,0.0,0.0
2025-01-06 00:00:00-05:00,104.87220243108284,105.85920931354212,104.6827740250073,105.29093170166016,228100,0.0,0.0,0.0
2025-01-07 00:00:00-05:00,105.76947829186182,105.76947829186182,102.81842192730198,103.2670669555664,204400,0.0,0.0,0.0
2025-01-08 00:00:00-05:00,103.16736418716087,103.37672881147414,102.03080141663362,102.97793579101562,172100,0.0,0.0,0.0
2025-01-10 00:00:00-05:00,102.09062867885947,102.09062867885947,100.29606383081718,101.1235580444336,296700,0.0,0.0,0.0
2025-01-13 00:00:00-05:00,99.62809807934478,100.4755285915875,99.14954487833455,100.35589599609375,289900,0.0,0.0,0.0
2025-01-14 00:00:00-05:00,101.00393136336244,101.30302808016,99.67795518830174,100.43565368652344,270500,0.0,0.0,0.0
2025-01-15 00:00:00-05:00,102.10060664286756,103.06766972821869,101.69184166747236,102.66888427734375,326800,0.0,0.0,0.0
2025-01-16 00:00:00-05:00,103.40665516330763,103.40665516330763,102.09064328853034,102.14048767089844,401300,0.0,0.0,0.0
2025-01-17 00:00:00-05:00,104.19427010800626,104.19427010800626,102.99789082815379,103.60604858398438,224300,0.0,0.0,0.0
2025-01-21 00:00:00-05:00,104.3637459990434,105.01178377080545,103.55619556707475,104.63292694091797,298000,0.0,0.0,0.0
2025-01-22 00:00:00-05:00,106.37763671720424,107.21510287867204,106.2380602913504,106.7265853881836,965700,0.0,0.0,0.0
2025-01-23 00:00:00-05:00,106.10845152725761,107.11540222167969,105.8891149793296,107.11540222167969,284500,0.0,0.0,0.0
2025-01-24 00:00:00-05:00,107.46435097097708,107.54411110436385,106.22809932886214,106.6169204711914,183800,0.0,0.0,0.0
2025-01-27 00:00:00-05:00,102.05075257443767,103.6259809347999,100.99395745977822,101.99093627929688,326000,0.0,0.0,0.0
2025-01-28 00:00:00-05:00,102.75860256405828,104.83232025225766,101.78156001273634,104.61298370361328,318400,0.0,0.0,0.0
2025-01-29 00:00:00-05:00,104.49335486169248,104.57311499828927,103.20725118286404,103.99486541748047,151400,0.0,0.0,0.0
2025-01-30 00:00:00-05:00,104.45347196099782,105.50030280799494,103.77552603099907,104.83232879638672,196700,0.0,0.0,0.0
2025-01-31 00:00:00-05:00,105.78941680723801,106.66675537754782,104.42355316807516,104.68276977539062,241100,0.0,0.0,0.0
2025-02-03 00:00:00-05:00,102.36979471851565,104.34381630586313,102.16043006030908,103.67583465576172,341500,0.0,0.0,0.0
2025-02-04 00:00:00-05:00,104.2042277885492,105.3806631553719,104.15438340902708,105.31087493896484,249600,0.0,0.0,0.0
2025-02-05 00:00:00-05:00,104.78247641342465,105.88912355387811,104.50332355030936,105.83927917480469,196400,0.0,0.0,0.0
2025-02-06 00:00:00-05:00,105.81933013725586,106.38760775390922,105.23111629122197,106.00875854492188,258500,0.0,0.0,0.0
2025-02-07 00:00:00-05:00,106.39759424443233,107.00575200948725,104.8423095240142,105.04170227050781,399200,0.0,0.0,0.0
2025-02-10 00:00:00-05:00,106.03866696577023,106.6468246490985,106.01872312999357,106.49727630615234,238300,0.0,0.0,0.0
2025-02-11 00:00:00-05:00,105.69969144161489,106.54712952603182,105.61993891661658,106.2081527709961,264400,0.0,0.0,0.0
2025-02-12 00:00:00-05:00,104.74259088005427,106.1682708762854,104.69274650358213,106.01872253417969,308900,0.0,0.0,0.0
2025-02-13 00:00:00-05:00,106.4673762815096,107.55407961755944,106.17825149144751,107.47432708740234,185500,0.0,0.0,0.0
2025-02-14 00:00:00-05:00,107.40452939562341,107.9528631714329,107.14531277802834,107.78337860107422,383400,0.0,0.0,0.0
2025-02-18 00:00:00-05:00,108.33172455082453,108.40151276546439,107.30482995491674,108.13232421875,409000,0.0,0.0,0.0
2025-02-19 00:00:00-05:00,107.97281280252065,108.17220553054587,106.9658620313998,107.84320068359375,277000,0.0,0.0,0.0
2025-02-20 00:00:00-05:00,107.64380865138412,107.67371680014674,106.08852406496798,107.07553100585938,214200,0.0,0.0,0.0
2025-02-21 00:00:00-05:00,107.19516359964122,107.26495181553483,104.04471435971438,104.09456634521484,847000,0.0,0.0,0.0
2025-02-24 00:00:00-05:00,104.65287533192829,104.65287533192829,102.15045618749569,102.49939727783203,426500,0.0,0.0,0.0
2025-02-25 00:00:00-05:00,102.21027178236214,102.30997575578125,100.01692128135616,100.78459167480469,358800,0.0,0.0,0.0
2025-02-26 00:00:00-05:00,101.55226681419497,102.89818674764497,101.22326196640752,101.87129974365234,331100,0.0,0.0,0.0
2025-02-27 00:00:00-05:00,102.77854434526893,102.8682763956276,98.46163177490234,98.46163177490234,404500,0.0,0.0,0.0
2025-02-28 00:00:00-05:00,98.16253256617254,99.8773373337033,97.16555375773324,99.78760528564453,411600,0.0,0.0,0.0
2025-03-03 00:00:00-05:00,100.57522277176291,100.93413576313745,96.28821831799252,96.94622039794922,661900,0.0,0.0,0.0
2025-03-04 00:00:00-05:00,96.07885641686568,98.6111836588125,94.66314064098697,96.85649871826172,747900,0.0,0.0,0.0
2025-03-05 00:00:00-05:00,97.07582998831663,98.81057099723843,96.10875932041792,98.52144622802734,535200,0.0,0.0,0.0
2025-03-06 00:00:00-05:00,96.34803725618958,97.79365357316945,94.80271696727031,95.12175750732422,582800,0.0,0.0,0.0
2025-03-07 00:00:00-05:00,95.04198790233255,96.3779358021414,93.38699949425899,96.17854309082031,330500,0.0,0.0,0.0
2025-03-10 00:00:00-04:00,93.99516718644603,93.99516718644603,90.904534192964,91.8716049194336,608500,0.0,0.0,0.0
2025-03-11 00:00:00-04:00,91.59245143046014,93.37704451867596,90.90453357684115,91.89154052734375,506600,0.0,0.0,0.0
2025-03-12 00:00:00-04:00,93.90543885664887,94.423864503803,92.39002676863859,93.48670196533203,498300,0.0,0.0,0.0
2025-03-13 00:00:00-04:00,93.30724065709597,93.30724065709597,90.9244619740504,91.40301513671875,531700,0.0,0.0,0.0
2025-03-14 00:00:00-04:00,92.67915541312131,94.20453187659878,92.58943096531449,94.1048355102539,413200,0.0,0.0,0.0
2025-03-17 00:00:00-04:00,93.94531853319687,95.40090671278561,93.88549463105977,94.7428970336914,373600,0.0,0.0,0.0
2025-03-18 00:00:00-04:00,93.96484290779307,93.98479724303905,92.4386635064844,93.00724029541016,551600,0.05,0.0,0.0
2025-03-19 00:00:00-04:00,93.56585157881145,95.54090467414424,93.03716821678559,94.38380432128906,562900,0.0,0.0,0.0
2025-03-20 00:00:00-04:00,93.36633900359205,95.12194753753634,93.36633900359205,93.83516693115234,281500,0.0,0.0,0.0
2025-03-21 00:00:00-04:00,92.67807460480144,94.34390399658861,92.46859212575565,94.31398010253906,221100,0.0,0.0,0.0
2025-03-24 00:00:00-04:00,96.06958402878827,96.6182141371505,95.76036030062939,96.41871643066406,275000,0.0,0.0,0.0
2025-03-25 00:00:00-04:00,96.64813006235082,97.15685906539532,96.4985029896496,96.96733093261719,167300,0.0,0.0,0.0
2025-03-26 00:00:00-04:00,96.5683307779233,96.75785891626691,94.1942747112499,94.52345275878906,218200,0.0,0.0,0.0
2025-03-27 00:00:00-04:00,93.8251990724065,94.38380634019694,93.13692666887387,93.36634826660156,405300,0.0,0.0,0.0
2025-03-28 00:00:00-04:00,92.76783300657131,93.09701101469115,90.28405122148646,90.58329772949219,584600,0.0,0.0,0.0
2025-03-31 00:00:00-04:00,88.88755361448295,90.59328399559264,87.76037719478332,90.44365692138672,1217800,0.0,0.0,0.0
2025-04-01 00:00:00-04:00,90.25413246403777,91.37133166734627,89.4361797857517,91.3414077758789,679400,0.0,0.0,0.0
2025-04-02 00:00:00-04:00,89.96485109223273,92.75785657413743,89.8650946450928,91.97980499267578,357100,0.0,0.0,0.0
2025-04-03 00:00:00-04:00,87.40127316872675,87.8700934948379,85.50601469829925,85.5558853149414,1093800,0.0,0.0,0.0
2025-04-04 00:00:00-04:00,82.89254889542586,83.36137681219383,79.98981733277209,80.36886596679688,1782200,0.0,0.0,0.0
2025-04-07 00:00:00-04:00,77.12697960234125,84.54840897125679,76.06962820033827,80.9573974609375,1737200,0.0,0.0,0.0
2025-04-08 00:00:00-04:00,84.2790787345625,85.037183616765,78.24418639893676,79.60079193115234,744800,0.0,0.0,0.0
2025-04-09 00:00:00-04:00,79.56088856681463,90.47357267975326,79.44118539614247,90.07457733154297,1768700,0.0,0.0,0.0
2025-04-10 00:00:00-04:00,87.41124191858847,87.61074721436145,83.02223195646724,85.73543548583984,575300,0.0,0.0,0.0
2025-04-11 00:00:00-04:00,85.3065065540158,87.3713387507515,84.54840927942158,87.08206939697266,327600,0.0,0.0,0.0
2025-04-14 00:00:00-04:00,89.56585455152397,89.67558056296032,86.81274231881471,87.61074829101562,415600,0.0,0.0,0.0
2025-04-15 00:00:00-04:00,87.70051082932005,88.66809049643128,87.50101316223137,87.86011505126953,346300,0.0,0.0,0.0
2025-04-16 00:00:00-04:00,85.73543647469423,86.71299340938457,83.78033021566253,85.22671508789062,701500,0.0,0.0,0.0
2025-04-17 00:00:00-04:00,85.75538191305309,85.75538191305309,84.23917224638427,84.8177261352539,405400,0.0,0.0,0.0
2025-04-21 00:00:00-04:00,83.44117773761556,83.69055363784135,81.58582043110789,82.673095703125,1240600,0.0,0.0,0.0
2025-04-22 00:00:00-04:00,83.70053726938121,85.37633614239465,83.44118418221761,84.86761474609375,1290600,0.0,0.0,0.0
2025-04-23 00:00:00-04:00,88.17932519249041,89.16685168640849,87.02221729226399,87.39129638671875,465300,0.0,0.0,0.0
2025-04-24 00:00:00-04:00,88.16934220726064,90.78280436748787,87.97981408878297,90.66310119628906,522900,0.0,0.0,0.0
2025-04-25 00:00:00-04:00,90.83268115381748,92.29901275667011,90.62320629774553,92.04963684082031,1210900,0.0,0.0,0.0
2025-04-28 00:00:00-04:00,92.17931718768556,92.49851805555934,90.67308452505509,92.04963684082031,435400,0.0,0.0,0.0
2025-04-29 00:00:00-04:00,91.5608537170484,92.79775601448425,91.5608537170484,92.4486312866211,443500,0.0,0.0,0.0
2025-04-30 00:00:00-04:00,90.50351259151293,92.73791871261814,89.87508040001364,92.3887939453125,323100,0.0,0.0,0.0
2025-05-01 00:00:00-04:00,94.75287818699813,95.3613560775812,93.90500152957325,93.95487976074219,612100,0.0,0.0,0.0
2025-05-02 00:00:00-04:00,95.17182604894342,96.35885020679807,95.05212287228757,95.89002227783203,523500,0.0,0.0,0.0
2025-05-05 00:00:00-04:00,94.97231613488529,96.2092184587685,94.9423922447641,95.50099182128906,226300,0.0,0.0,0.0
2025-05-06 00:00:00-04:00,94.12444482607307,95.38130155334348,93.91496997325282,94.68304443359375,414900,0.0,0.0,0.0
2025-05-07 00:00:00-04:00,94.71297162888315,95.42120594071233,93.55587131432468,94.99227905273438,291300,0.0,0.0,0.0
2025-05-08 00:00:00-04:00,96.16933935900981,96.95736061758906,95.36135615345768,96.00973510742188,513500,0.0,0.0,0.0
2025-05-09 00:00:00-04:00,96.59824900744829,96.688028292581,95.38130095729014,95.7802963256836,214700,0.0,0.0,0.0
2025-05-12 00:00:00-04:00,99.86010164343314,100.21920360449823,98.85262071875887,100.19924926757812,708500,0.0,0.0,0.0
2025-05-13 00:00:00-04:00,100.70797349027644,102.78278303030345,100.49849862474719,102.41370391845703,439700,0.0,0.0,0.0
2025-05-14 00:00:00-04:00,102.82267943522382,103.45110400335138,102.51344812457621,103.27155303955078,373700,0.0,0.0,0.0
2025-05-15 00:00:00-04:00,102.81269685122932,103.75035268060611,102.3638232705503,103.06207275390625,423900,0.0,0.0,0.0
2025-05-16 00:00:00-04:00,103.26157795213507,103.36133440874968,102.39375461824153,103.28153228759766,152500,0.0,0.0,0.0
2025-05-19 00:00:00-04:00,101.59573979204596,103.32142436272419,101.59573979204596,103.20172119140625,536000,0.0,0.0,0.0
2025-05-20 00:00:00-04:00,102.61319519562724,102.92241886764863,101.96481635173065,102.71294403076172,1756900,0.0,0.0,0.0
2025-05-21 00:00:00-04:00,101.95485588802744,103.60073857360477,100.95735215256839,101.32643127441406,608400,0.0,0.0,0.0
2025-05-22 00:00:00-04:00,101.54587273743724,102.66307193416662,101.28651966233274,101.60572052001953,319800,0.0,0.0,0.0
2025-05-23 00:00:00-04:00,99.91994444127883,101.12692301275281,99.75037063767861,100.46857452392578,1858100,0.0,0.0,0.0
2025-05-27 00:00:00-04:00,101.91494835237755,102.99225414473361,101.59574748171825,102.87255096435547,288900,0.0,0.0,0.0
2025-05-28 00:00:00-04:00,103.09200458783042,103.49100758492648,102.35385398992968,102.5134506225586,313100,0.0,0.0,0.0
2025-05-29 00:00:00-04:00,103.9797724307445,103.9797724307445,102.094491248307,102.50347137451172,480700,0.0,0.0,0.0
2025-05-30 00:00:00-04:00,102.44362575023172,102.66307777932636,100.62816934183404,102.40373229980469,355000,0.0,0.0,0.0
2025-06-02 00:00:00-04:00,102.0246706822793,103.4012305707155,101.81519583194093,103.3313980102539,321200,0.0,0.0,0.0
2025-06-03 00:00:00-04:00,103.35134972454185,104.53838145671374,103.22167699486243,104.4186782836914,144900,0.0,0.0,0.0
2025-06-04 00:00:00-04:00,104.71793274327625,105.23663127398801,104.33887649934398,105.11692810058594,172500,0.0,0.0,0.0
2025-06-05 00:00:00-04:00,105.6057167434032,106.30396627131019,104.51843378097769,104.92741394042969,276600,0.0,0.0,0.0
2025-06-06 00:00:00-04:00,106.00471771677724,106.37379683548274,105.70547116489527,106.05459594726562,181600,0.0,0.0,0.0
2025-06-09 00:00:00-04:00,106.31394330203409,106.98226893650563,106.21419445679713,106.39374542236328,248000,0.0,0.0,0.0
2025-06-10 00:00:00-04:00,106.59325106381732,107.11194966394956,105.96482644263506,106.9822769165039,276200,0.0,0.0,0.0
2025-06-11 00:00:00-04:00,107.27154222700774,107.65059087001633,106.25408425366284,106.74286651611328,158000,0.0,0.0,0.0
2025-06-12 00:00:00-04:00,106.53339900312376,107.51094837465965,106.4934979415826,107.18177032470703,213800,0.0,0.0,0.0
2025-06-13 00:00:00-04:00,105.93488464065634,106.9124415667155,105.50595776652051,105.68550872802734,903200,0.0,0.0,0.0
2025-06-16 00:00:00-04:00,106.46400327186848,107.76149583333432,106.4540280658429,107.53193664550781,657100,0.06,0.0,0.0
2025-06-17 00:00:00-04:00,107.13271072279068,107.72157532600426,106.64365910005016,106.86323547363281,239800,0.0,0.0,0.0
2025-06-18 00:00:00-04:00,107.17263608135615,107.64172968419292,106.45403286738775,106.7734146118164,384700,0.0,0.0,0.0
2025-06-20 00:00:00-04:00,107.30238829839017,107.52196467213159,105.55576774410686,105.90509033203125,312800,0.0,0.0,0.0
2025-06-23 00:00:00-04:00,105.98494182977748,107.10277415500272,105.15654279257546,107.04289245605469,339100,0.0,0.0,0.0
2025-06-24 00:00:00-04:00,108.10082558939138,109.19870732352288,108.08086756452552,109.0290298461914,297600,0.0,0.0,0.0
2025-06-25 00:00:00-04:00,109.5081157539036,110.12691356929236,109.42826841815632,109.74765014648438,635500,0.0,0.0,0.0
2025-06-26 00:00:00-04:00,110.27662797970572,110.99523878878827,109.75763551462457,110.97528076171875,798200,0.0,0.0,0.0
2025-06-27 00:00:00-04:00,111.21481132410446,111.5840995367745,110.2766241763087,111.13496398925781,797900,0.0,0.0,0.0
2025-06-30 00:00:00-04:00,112.30270720766976,112.35261369761449,111.5841040092301,112.12305450439453,543800,0.0,0.0,0.0
2025-07-01 00:00:00-04:00,111.65396622827161,111.9134586495917,110.03709193207335,110.74571990966797,495700,0.0,0.0,0.0
2025-07-02 00:00:00-04:00,110.46625967144138,111.8435919313042,110.44630164506407,111.77372741699219,313100,0.0,0.0,0.0
2025-07-03 00:00:00-04:00,112.40251987261486,113.45048762656633,112.39253705172163,113.23091125488281,174700,0.0,0.0,0.0
2025-07-07 00:00:00-04:00,112.80174284335908,112.95145470011785,111.85358044165577,112.33265686035156,347800,0.0,0.0,0.0
2025-07-08 00:00:00-04:00,112.86162879230089,112.86162879230089,112.14301799299788,112.5123062133789,209800,0.0,0.0,0.0
2025-07-09 00:00:00-04:00,112.85165161478278,113.65010979052705,112.68198172720211,113.39060974121094,289000,0.0,0.0,0.0
2025-07-10 00:00:00-04:00,113.73992254257236,113.73992254257236,112.23283648260615,112.82170104980469,285000,0.0,0.0,0.0
2025-07-11 00:00:00-04:00,112.37256599186202,112.7218961743307,111.93342088432972,112.20289611816406,196700,0.0,0.0,0.0
2025-07-14 00:00:00-04:00,112.18293452338251,112.86162161124568,111.55414630666978,112.53225708007812,207000,0.0,0.0,0.0
2025-07-15 00:00:00-04:00,113.66008048149779,113.73992781883227,113.02131701214438,113.0412826538086,397800,0.0,0.0,0.0
2025-07-16 00:00:00-04:00,113.33071899414062,113.44050717490585,111.92343828505611,113.33071899414062,197000,0.0,0.0,0.0
2025-07-17 00:00:00-04:00,113.50040232078676,114.49847127174034,113.33073242664348,114.37870025634766,379300,0.0,0.0,0.0
2025-07-18 00:00:00-04:00,114.65814640038514,114.7679345827264,113.7798485563161,114.19903564453125,298400,0.0,0.0,0.0
2025-07-21 00:00:00-04:00,114.67810940261003,115.36677171321315,114.38866852988549,114.88770294189453,333600,0.0,0.0,0.0
2025-07-22 00:00:00-04:00,114.94759669596152,114.98752036687068,112.96144165986563,113.78984069824219,427500,0.0,0.0,0.0
2025-07-23 00:00:00-04:00,113.92956681930559,114.32879590350419,113.3906086978367,114.30883026123047,258600,0.0,0.0,0.0
2025-07-24 00:00:00-04:00,114.87771844627134,115.0473883163615,114.1191840189744,114.65814208984375,319400,0.0,0.0,0.0
2025-07-25 00:00:00-04:00,114.65816088422791,115.30690723965141,114.508456629998,114.96756744384766,127100,0.0,0.0,0.0
2025-07-28 00:00:00-04:00,115.44662117226459,115.80592656469952,115.09729860035867,115.77598571777344,236200,0.0,0.0,0.0
2025-07-29 00:00:00-04:00,116.4746351900583,116.89382990658463,115.41668461449558,115.63626098632812,181500,0.0,0.0,0.0
2025-07-30 00:00:00-04:00,115.87578988465201,116.32492542789655,115.02743290029352,115.88577270507812,204000,0.0,0.0,0.0
2025-07-31 00:00:00-04:00,117.93181248622084,117.93181248622084,115.52646303494852,115.70611572265625,550900,0.0,0.0,0.0
2025-08-01 00:00:00-04:00,114.37868333121666,114.3886661513543,112.60212207975098,113.19098663330078,592100,0.0,0.0,0.0
2025-08-04 00:00:00-04:00,114.13915742463041,115.83587147028635,114.13915742463041,115.78597259521484,353500,0.0,0.0,0.0
2025-08-05 00:00:00-04:00,116.1852048632439,116.44469729593663,114.62821219378023,114.79788208007812,217500,0.0,0.0,0.0
2025-08-06 00:00:00-04:00,115.25699465712495,116.55447959905464,115.02743547016097,116.4746322631836,336100,0.0,0.0,0.0
2025-08-07 00:00:00-04:00,117.50265392168686,117.59247646686526,115.36677948884393,116.33490753173828,325000,0.0,0.0,0.0
2025-08-08 00:00:00-04:00,116.77405236849684,117.57251047329106,116.52453516258124,117.44275665283203,206400,0.0,0.0,0.0
2025-08-11 00:00:00-04:00,117.54256970020381,117.94179877871274,116.60439012256839,116.80400085449219,345200,0.0,0.0,0.0
2025-08-12 00:00:00-04:00,117.33297386763397,118.79015350341797,117.11339749798714,118.79015350341797,350700,0.0,0.0,0.0
2025-08-13 00:00:00-04:00,119.3590527152566,119.49878936278722,118.2611784792849,118.64044952392578,4961300,0.0,0.0,0.0
2025-08-14 00:00:00-04:00,118.06157275303337,118.800141617302,117.91186089299826,118.3709716796875,9242900,0.0,0.0,0.0
2025-08-15 00:00:00-04:00,118.26118235159181,118.26118235159181,117.46273179685963,117.84199523925781,550900,0.0,0.0,0.0
2025-08-18 00:00:00-04:00,117.6324016830908,117.92184257912946,117.31301993826564,117.84199523925781,426000,0.0,0.0,0.0
2025-08-19 00:00:00-04:00,117.78211107772847,117.78211107772847,115.44662593063948,115.65621948242188,576700,0.0,0.0,0.0
2025-08-20 00:00:00-04:00,115.33682990791027,115.33682990791027,113.02131056002634,114.8477783203125,929500,0.0,0.0,0.0
2025-08-21 00:00:00-04:00,114.70805144933823,115.09729768560565,113.93954179725306,114.45853424072266,345400,0.0,0.0,0.0
2025-08-22 00:00:00-04:00,114.5184222106252,117.03356007552999,114.3886759963119,116.484619140625,308200,0.0,0.0,0.0
2025-08-25 00:00:00-04:00,116.3748295332356,117.08345752213387,116.01552412834897,116.42473602294922,815600,0.0,0.0,0.0
2025-08-26 00:00:00-04:00,116.49460241774788,116.93375516739134,116.20516152499755,116.82396697998047,877700,0.0,0.0,0.0
2025-08-27 00:00:00-04:00,116.85390303007203,117.43278479180216,116.50458045477316,117.26310729980469,319800,0.0,0.0,0.0
2025-08-28 00:00:00-04:00,117.5625271671069,118.92988419115146,117.39285729530408,118.70032501220703,386600,0.0,0.0,0.0
2025-08-29 00:00:00-04:00,118.01166857060329,118.09151591280593,116.58442969104327,117.0235824584961,336100,0.0,0.0,0.0
2025-09-02 00:00:00-04:00,114.84778232231977,116.18519854161201,114.27888338212186,116.13529205322266,438200,0.0,0.0,0.0
2025-09-03 00:00:00-04:00,117.30302881051949,117.75216435449674,116.81397721409444,117.65235137939453,333200,0.0,0.0,0.0
2025-09-04 00:00:00-04:00,117.63239853999677,118.5805609279884,116.89382970257188,118.51069641113281,238400,0.0,0.0,0.0
2025-09-05 00:00:00-04:00,119.95790272460452,119.95790272460452,117.95178211692979,119.22930908203125,497600,0.0,0.0,0.0
2025-09-08 00:00:00-04:00,119.9479119759295,120.49685287683826,119.82814097536918,120.01777648925781,284600,0.0,0.0,0.0
2025-09-09 00:00:00-04:00,120.35712241529093,120.69646979363864,119.66846006702683,120.59666442871094,413200,0.0,0.0,0.0
2025-09-10 00:00:00-04:00,122.36323931534406,122.69260386290048,121.44501780215133,121.88417053222656,491600,0.0,0.0,0.0
2025-09-11 00:00:00-04:00,122.61274885940996,122.65267252461648,121.9839682653937,122.20354461669922,379500,0.0,0.0,0.0
2025-09-12 00:00:00-04:00,122.41314434915348,122.42312716962594,121.85422062260938,122.14366149902344,237400,0.0,0.0,0.0
2025-09-15 00:00:00-04:00,122.60277811064196,123.86034703715251,122.512955566079,123.83040618896484,378500,0.0,0.0,0.0
2025-09-16 00:00:00-04:00,124.22477940382821,124.22477940382821,123.35614933546674,123.74553680419922,303000,0.045,0.0,0.0
2025-09-17 00:00:00-04:00,123.83539339068278,123.85536627606596,122.10811205880745,123.42604064941406,248300,0.0,0.0,0.0
2025-09-18 00:00:00-04:00,124.88374571908784,125.56267907339956,124.48437181347677,125.29309844970703,469800,0.0,0.0,0.0
2025-09-19 00:00:00-04:00,125.85223211860425,126.44130275936297,125.2731403034209,126.34146118164062,248000,0.0,0.0,0.0
2025-09-22 00:00:00-04:00,126.0419241867819,127.52959182449796,125.99200720847207,127.46968078613281,431000,0.0,0.0,0.0
2025-09-23 00:00:00-04:00,127.55954183752698,127.57950710510046,125.99200553188972,126.37140655517578,416600,0.0,0.0,0.0
2025-09-24 00:00:00-04:00,126.71088229931144,126.71088229931144,124.6541092524355,125.4328842163086,400000,0.0,0.0,0.0
2025-09-25 00:00:00-04:00,124.11496150185171,125.21324175179936,123.17644149383881,124.86378479003906,362500,0.0,0.0,0.0
2025-09-26 00:00:00-04:00,125.08343390042883,125.32305520647583,124.23476907771843,125.23320007324219,280800,0.0,0.0,0.0
2025-09-29 00:00:00-04:00,126.08186386723851,126.55112765009375,125.39294404837241,125.56268310546875,296700,0.0,0.0,0.0
2025-09-30 00:00:00-04:00,125.56268366249876,125.87219483238319,124.75394937928698,125.75238037109375,406700,0.0,0.0,0.0
2025-10-01 00:00:00-04:00,125.05348821748558,126.70090096299721,124.80388045657244,126.61103820800781,706200,0.0,0.0,0.0
2025-10-02 00:00:00-04:00,127.8890191069644,127.908991992093,126.64098039625974,127.44971466064453,454700,0.0,0.0,0.0
2025-10-03 00:00:00-04:00,127.68934191907672,127.94892849847226,126.4512895931604,126.880615234375,272300,0.0,0.0,0.0
2025-10-06 00:00:00-04:00,128.3582890435314,128.86749861224877,127.83910064919442,128.2983856201172,414000,0.0,0.0,0.0
2025-10-07 00:00:00-04:00,128.80758135121482,128.83753306324684,126.51119455881184,127.27000427246094,364800,0.0,0.0,0.0
2025-10-08 00:00:00-04:00,127.52960781714316,129.27685462557434,127.52960781714316,129.25689697265625,204400,0.0,0.0,0.0
2025-10-09 00:00:00-04:00,129.2968231970395,129.2968231970395,128.39824133053637,129.15704345703125,255400,0.0,0.0,0.0
2025-10-10 00:00:00-04:00,129.33674708109206,129.71615574224074,124.01511555621532,124.0550537109375,681900,0.0,0.0,0.0
2025-10-13 00:00:00-04:00,127.07030816064203,127.70931099933027,126.2615815000408,127.4996337890625,655700,0.0,0.0,0.0
2025-10-14 00:00:00-04:00,125.83225738036182,127.3798284732624,124.48437705739062,126.1218032836914,619100,0.0,0.0,0.0
2025-10-15 00:00:00-04:00,127.92895779323928,128.63783521015128,126.0818545097395,127.639404296875,702900,0.0,0.0,0.0
2025-10-16 00:00:00-04:00,128.6178906409248,129.1670155111933,126.57109639616459,127.40978240966797,612500,0.0,0.0,0.0
2025-10-17 00:00:00-04:00,126.58107625039973,127.92896414417626,125.8023013181703,127.60945892333984,476900,0.0,0.0,0.0
2025-10-20 00:00:00-04:00,128.52801741211542,129.6862010198992,128.47809281551565,129.28683471679688,305900,0.0,0.0,0.0
2025-10-21 00:00:00-04:00,129.25689887951498,129.366726911583,128.5180543697074,128.94737243652344,565500,0.0,0.0,0.0
2025-10-22 00:00:00-04:00,128.8874542995843,128.98730349365206,125.90214773861932,127.36984252929688,425800,0.0,0.0,0.0
2025-10-23 00:00:00-04:00,127.21011204634718,129.14707084744694,127.21011204634718,128.94737243652344,416400,0.0,0.0,0.0
2025-10-24 00:00:00-04:00,130.5348683317206,131.38352550119998,130.3251911281743,130.93423461914062,379000,0.0,0.0,0.0
2025-10-27 00:00:00-04:00,132.92111709463097,133.52016652302848,132.63156358795203,133.390380859375,1407900,0.0,0.0,0.0
2025-10-28 00:00:00-04:00,133.9195420002758,134.72826859476888,133.4702359056938,134.30892944335938,579800,0.0,0.0,0.0
2025-10-29 00:00:00-04:00,135.1276561409997,135.59691995846327,134.21908021911506,135.50706481933594,1109600,0.0,0.0,0.0
2025-10-30 00:00:00-04:00,134.78818070625155,135.17756817445348,133.40036226985515,133.45028686523438,794800,0.0,0.0,0.0
2025-10-31 00:00:00-04:00,134.9579054447527,134.9579054447527,132.9111190145658,133.64996337890625,283900,0.0,0.0,0.0
2025-11-03 00:00:00-05:00,134.8880306027217,134.89800942791075,133.21065864525858,133.8197021484375,921000,0.0,0.0,0.0
2025-11-04 00:00:00-05:00,131.23376943825022,132.43188355805495,130.065607028827,130.28526306152344,1281000,0.0,0.0,0.0
2025-11-05 00:00:00-05:00,130.10553794115225,132.1822761977566,129.995709924486,131.35357666015625,1078900,0.0,0.0,0.0
2025-11-06 00:00:00-05:00,131.45344058251598,131.45344058251598,128.6778033791962,129.21694946289062,935300,0.0,0.0,0.0
2025-11-07 00:00:00-05:00,127.96889795948445,128.5879202971626,125.61260021738482,128.56796264648438,1254800,0.0,0.0,0.0
2025-11-10 00:00:00-05:00,130.91425400622808,132.06245867576303,130.38508685095286,131.81285095214844,714900,0.0,0.0,0.0
2025-11-11 00:00:00-05:00,130.81442691048997,131.2936694991784,130.03565199080353,130.9142608642578,563000,0.0,0.0,0.0
2025-11-12 00:00:00-05:00,131.79289990893142,131.79289990893142,130.14549475400935,130.904296875,744600,0.0,0.0,0.0
2025-11-13 00:00:00-05:00,130.01568399965913,130.01568399965913,126.64098239743561,127.31991577148438,852000,0.0,0.0,0.0
2025-11-14 00:00:00-05:00,124.80387035532766,128.73769078650318,124.43444815680336,127.60945892333984,858500,0.0,0.0,0.0
2025-11-17 00:00:00-05:00,127.02038806331873,128.5979108097079,125.21323046168192,126.19168853759766,4106100,0.0,0.0,0.0
2025-11-18 00:00:00-05:00,125.33303314018639,125.9320901733446,123.30621957566562,124.68405151367188,3346100,0.0,0.0,0.0
2025-11-19 00:00:00-05:00,124.83382526719332,127.44971719920656,124.58421752008067,125.74240112304688,1076900,0.0,0.0,0.0
2025-11-20 00:00:00-05:00,128.89745054301358,129.12708541144107,121.80858421988427,122.11809539794922,1547600,0.0,0.0,0.0
2025-11-21 00:00:00-05:00,122.36770495474103,124.40450517594948,120.35087761994816,122.8669204711914,1443600,0.0,0.0,0.0
2025-11-24 00:00:00-05:00,124.1249406780175,127.32990324972548,124.1249406780175,126.99044036865234,1450500,0.0,0.0,0.0
2025-11-25 00:00:00-05:00,126.7907573987116,128.18856239762155,125.05348949784789,127.8790512084961,992700,0.0,0.0,0.0
2025-11-26 00:00:00-05:00,128.827538545514,129.5264371325446,128.10866707461204,129.0272216796875,500300,0.0,0.0,0.0
2025-11-28 00:00:00-05:00,129.44655257239327,130.24530029296875,129.3267457465029,130.24530029296875,368500,0.0,0.0,0.0
2025-12-01 00:00:00-05:00,128.92739748764504,130.2153667501613,128.2983810942883,129.6063232421875,1039900,0.0,0.0,0.0
2025-12-02 00:00:00-05:00,130.4050596946705,131.57322201264753,129.92581713123423,130.7545166015625,480800,0.0,0.0,0.0
2025-12-03 00:00:00-05:00,130.23534501160498,131.31365234407957,129.4965005704145,131.1439208984375,294500,0.0,0.0,0.0
2025-12-04 00:00:00-05:00,131.5333112269197,131.7529672753973,130.61475649458094,131.56326293945312,554500,0.0,0.0,0.0
2025-12-05 00:00:00-05:00,132.13234281249203,133.21065002216343,131.93265967770398,132.56167602539062,522300,0.0,0.0,0.0
2025-12-08 00:00:00-05:00,133.16072443188,133.82967130757268,132.26214271464423,132.8911590576172,358400,0.0,0.0,0.0
2025-12-09 00:00:00-05:00,132.62156914652488,133.45026856466512,132.29208514402248,133.38037109375,368600,0.0,0.0,0.0
2025-12-10 00:00:00-05:00,132.99102589470752,134.37884458132652,132.42192806234954,134.00942993164062,887200,0.0,0.0,0.0
2025-12-11 00:00:00-05:00,132.71146296075656,133.34047944301832,131.06405770274236,133.2206573486328,1035000,0.0,0.0,0.0
2025-12-12 00:00:00-05:00,132.04251126753473,132.08244180768457,128.69776103184645,129.21694946289062,1317900,0.0,0.0,0.0
2025-12-15 00:00:00-05:00,129.97574495781572,129.98573901847914,127.50962669745503,127.64940643310547,451500,0.0,0.0,0.0
2025-12-16 00:00:00-05:00,127.0740074083085,128.29269678631164,126.80429940054053,127.90311431884766,417600,0.064,0.0,0.0
2025-12-17 00:00:00-05:00,128.2227877887319,128.31268792335516,125.01622009277344,125.01622009277344,466400,0.0,0.0,0.0
2025-12-18 00:00:00-05:00,127.26381507029991,127.7632805865717,126.37476706103524,126.98411560058594,1195800,0.0,0.0,0.0
2025-12-19 00:00:00-05:00,127.69335922457881,129.43150475621223,127.69335922457881,129.361572265625,548300,0.0,0.0,0.0
2025-12-22 00:00:00-05:00,130.70013689363466,130.73010360618804,129.72118871777445,130.1607208251953,854300,0.0,0.0,0.0
2025-12-23 00:00:00-05:00,129.69122248332064,130.82001946858742,129.4814402521952,130.76007080078125,386100,0.0,0.0,0.0
2025-12-24 00:00:00-05:00,130.65017280971128,131.15963735160304,130.64018898745962,131.0597381591797,174200,0.0,0.0,0.0
2025-12-26 00:00:00-05:00,131.3794126294964,131.4093793408376,130.78004791771696,131.13966369628906,292300,0.0,0.0,0.0
2025-12-29 00:00:00-05:00,130.07080735252424,131.00978965372875,129.95092527212273,130.59024047851562,635300,0.0,0.0,0.0
2025-12-30 00:00:00-05:00,130.52033824252356,131.03977142823172,130.2306396942646,130.2905731201172,355100,0.0,0.0,0.0
2025-12-31 00:00:00-05:00,130.39045742203095,130.39045742203095,128.9819611055632,129.0219268798828,473000,0.0,0.0,0.0
2026-01-02 00:00:00-05:00,130.4504018090212,131.26953258419866,128.43257206805467,129.23170471191406,771000,0.0,0.0,0.0
2026-01-05 00:00:00-05:00,130.66017830422857,130.86994527917287,129.4314974378367,129.71119689941406,1250200,0.0,0.0,0.0
2026-01-06 00:00:00-05:00,130.0308511861491,131.2695311586444,129.48143606760368,131.1696319580078,474300,0.0,0.0,0.0
2026-01-07 00:00:00-05:00,130.90990169732447,131.90883262940253,130.6801518508399,131.1995849609375,396200,0.0,0.0,0.0
2026-01-08 00:00:00-05:00,130.9099062565127,130.94985678849758,128.86209472593845,129.52139282226562,554700,0.0,0.0,0.0
2026-01-09 00:00:00-05:00,129.93096406286855,131.349444270982,129.27166593667457,131.00979614257812,620700,0.0,0.0,0.0
2026-01-12 00:00:00-05:00,130.13074637804593,132.1485760349391,130.13074637804593,131.7789764404297,830300,0.0,0.0,0.0
2026-01-13 00:00:00-05:00,131.87888477942323,132.5481667705252,131.21958661177823,131.75900268554688,600800,0.0,0.0,0.0
2026-01-14 00:00:00-05:00,130.81001975876015,131.10970212640188,128.8221566969441,129.9609375,357500,0.0,0.0,0.0
2026-01-15 00:00:00-05:00,131.81893784061808,131.98875427684948,130.220642187593,130.32054138183594,397200,0.0,0.0,0.0
2026-01-16 00:00:00-05:00,131.2495537490214,131.39938731375312,129.88102304954288,130.39047241210938,366700,0.0,0.0,0.0
2026-01-20 00:00:00-05:00,127.91312176570102,129.0419034675903,126.83427442145661,126.98411560058594,1255100,0.0,0.0,0.0
2026-01-21 00:00:00-05:00,127.43363573414779,129.41152259738732,126.8043119064639,128.39260864257812,1213900,0.0,0.0,0.0
2026-01-22 00:00:00-05:00,130.23062673550123,130.23062673550123,128.83212946317144,129.4514617919922,830400,0.0,0.0,0.0
2026-01-23 00:00:00-05:00,128.93202566460232,130.18068935822026,128.50247742790984,129.49142456054688,556800,0.0,0.0,0.0
2026-01-26 00:00:00-05:00,129.67122582198064,131.1596384436114,129.50140938742845,130.59024047851562,365900,0.0,0.0,0.0
2026-01-27 00:00:00-05:00,131.54922838725275,132.38832678537753,131.24954603292886,132.10862731933594,347900,0.0,0.0,0.0
2026-01-28 00:00:00-05:00,133.10754364937677,133.42720885670562,132.2284795716985,132.807861328125,420700,0.0,0.0,0.0
2026-01-29 00:00:00-05:00,132.53816129728625,132.53816129728625,128.2427700767463,131.43934631347656,568300,0.0,0.0,0.0
2026-01-30 00:00:00-05:00,130.72010786009002,131.36940689616318,128.19281371540833,128.85211181640625,625600,0.0,0.0,0.0
2026-02-02 00:00:00-05:00,128.49249550245918,130.7700568938415,128.43256208307704,129.92095947265625,341500,0.0,0.0,0.0
2026-02-03 00:00:00-05:00,130.60024703954224,130.60024703954224,125.18603511910642,126.9041976928711,490300,0.0,0.0,0.0
2026-02-04 00:00:00-05:00,126.11503971615095,126.11503971615095,121.63982544852188,123.38795471191406,933200,0.0,0.0,0.0
2026-02-05 00:00:00-05:00,121.90953942275927,123.53779419933937,120.81071685360294,121.489990234375,2314600,0.0,0.0,0.0
2026-02-06 00:00:00-05:00,123.23812457721979,125.93523532422269,122.9084755064504,125.6155776977539,540700,0.0,0.0,0.0
2026-02-09 00:00:00-05:00,125.11610945215506,128.31268564714773,124.61664394536002,127.72332000732422,409200,0.0,0.0,0.0
2026-02-10 00:00:00-05:00,128.13288937605395,128.4025897835482,126.92417610523424,127.01408386230469,576400,0.0,0.0,0.0
2026-02-11 00:00:00-05:00,128.72224847140075,128.72224847140075,125.33587301210116,126.59452819824219,617700,0.0,0.0,0.0
2026-02-12 00:00:00-05:00,127.10397932829758,127.14393748316759,123.11824674018884,123.43790435791016,692100,0.0,0.0,0.0
2026-02-13 00:00:00-05:00,123.56776742682533,124.81643123518549,122.17925388162797,123.67765045166016,365300,0.0,0.0,0.0
2026-02-17 00:00:00-05:00,122.61878277638237,124.21707088506504,121.21028637916777,123.4678726196289,472800,0.0,0.0,0.0
2026-02-18 00:00:00-05:00,123.52781315116245,125.56562571800984,123.08828106513243,124.6366195678711,382300,0.0,0.0,0.0
2026-02-19 00:00:00-05:00,123.8075152832161,124.64661369690546,123.38795845513243,124.19709777832031,482000,0.0,0.0,0.0
2026-02-20 00:00:00-05:00,123.51782818080045,126.09507216739003,123.51782818080045,125.15607452392578,583200,0.0,0.0,0.0
2026-02-23 00:00:00-05:00,124.7265318225195,124.7265318225195,122.1892460346682,122.70868682861328,528400,0.0,0.0,0.0
2026-02-24 00:00:00-05:00,122.93843638545631,124.6166407501069,122.1093218363383,124.07721710205078,1005700,0.0,0.0,0.0
2026-02-25 00:00:00-05:00,125.00622697127893,126.75435625261753,125.00622697127893,126.6045150756836,333800,0.0,0.0,0.0
2026-02-26 00:00:00-05:00,126.51460758198803,126.6244905972643,123.47785654966974,125.23597717285156,1084400,0.0,0.0,0.0
2026-02-27 00:00:00-05:00,123.21814192531562,124.37690558676525,122.81856798615233,124.09720611572266,820400,0.0,0.0,0.0
2026-03-02 00:00:00-05:00,122.01942371026276,124.95627568072163,121.9395074008144,124.65660095214844,1204100,0.0,0.0,0.0
2026-03-03 00:00:00-05:00,121.63982804590185,123.60772339239638,120.42113859238341,122.89848327636719,942100,0.0,0.0,0.0
2026-03-04 00:00:00-05:00,123.59773512238478,125.41578922487098,123.35798619676295,124.77647399902344,1052700,0.0,0.0,0.0
2026-03-05 00:00:00-05:00,124.37690333801005,126.13501644455914,123.38795614168248,125.03619384765625,888300,0.0,0.0,0.0
2026-03-06 00:00:00-05:00,123.03833444215178,124.89634678737517,122.33908576222427,122.77861785888672,1169700,0.0,0.0,0.0
2026-03-09 00:00:00-04:00,121.50996563901941,125.40579804430958,121.21028329198222,125.0761489868164,803400,0.0,0.0,0.0
2026-03-10 00:00:00-04:00,125.17604504872679,126.34480014707222,124.47679637556196,124.96627044677734,1257400,0.0,0.0,0.0
2026-03-11 00:00:00-04:00,125.48571311060319,126.37476107777556,124.63661567615081,125.39580535888672,496700,0.0,0.0,0.0
2026-03-12 00:00:00-04:00,124.31696045805285,124.74650109482539,122.84853828331946,122.93843841552734,1419900,0.0,0.0,0.0
2026-03-13 00:00:00-04:00,123.43791070471968,124.43684176411573,121.61985648146845,121.88956451416016,767200,0.0,0.0,0.0
2026-03-16 00:00:00-04:00,123.60772407978482,124.6266380029074,123.38795803278822,123.6976318359375,710600,0.0,0.0,0.0
2026-03-17 00:00:00-04:00,124.09833006223757,124.97767773484954,123.76857182609702,124.30817413330078,517900,0.041,0.0,0.0
2026-03-18 00:00:00-04:00,124.02838249597451,124.76783412393814,123.01912590153253,123.05909729003906,733100,0.0,0.0,0.0
2026-03-19 00:00:00-04:00,121.39033276602548,123.91846402409033,120.980631748546,123.32889556884766,966000,0.0,0.0,0.0
2026-03-20 00:00:00-04:00,122.87924059061662,122.87924059061662,119.61164981449795,120.48101043701172,1008600,0.0,0.0,0.0
2026-03-23 00:00:00-04:00,122.4895206843518,124.01839011104681,121.62016012120075,122.34962463378906,1124700,0.0,0.0,0.0
2026-03-24 00:00:00-04:00,121.44029465433488,121.91994370960184,120.41105614114626,121.04058837890625,1407800,0.0,0.0,0.0
2026-03-25 00:00:00-04:00,122.149763627009,122.56945938850893,121.05057714179894,121.59017944335938,984900,0.0,0.0,0.0
2026-03-26 00:00:00-04:00,120.02134406682859,120.55095163923507,117.60313216606994,117.68306732177734,866200,0.0,0.0,0.0
2026-03-27 00:00:00-04:00,116.7137912222954,116.93362243304337,114.85516350621806,115.16493225097656,1653300,0.0,0.0,0.0
2026-03-30 00:00:00-04:00,116.2940978823874,116.50394196780782,112.51688909729315,113.22636413574219,1269300,0.0,0.0,0.0
2026-03-31 00:00:00-04:00,114.84517165924305,118.58240906922565,114.79520551422118,118.42253112792969,1364300,0.0,0.0,0.0
2026-04-01 00:00:00-04:00,119.65162029822628,121.22046120940753,119.48174760134198,120.21121215820312,881900,0.0,0.0,0.0
2026-04-02 00:00:00-04:00,117.4932120891548,121.13052467320173,117.0935058178145,121.0905532836914,662900,0.0,0.0,0.0
2026-04-06 00:00:00-04:00,121.49025968243858,122.18973994019538,120.87071458002326,121.70010375976562,972300,0.0,0.0,0.0
2026-04-07 00:00:00-04:00,121.470268276215,122.76931173317791,119.92141698004234,122.6993637084961,1221600,0.0,0.0,0.0
2026-04-08 00:00:00-04:00,127.97547740636884,128.36518893306612,125.78708380671856,126.81632995605469,925900,0.0,0.0,0.0
2026-04-09 00:00:00-04:00,126.9262352981922,127.14607412233673,125.56724621248225,127.07612609863281,1144700,0.0,0.0,0.0
2026-04-10 00:00:00-04:00,127.77561608814496,128.3052160275009,127.22601901862747,127.6057357788086,436700,0.0,0.0,0.0
2026-04-13 00:00:00-04:00,127.30597595453006,130.4336631626062,127.30597595453006,130.4036865234375,500500,0.0,0.0,0.0
2026-04-14 00:00:00-04:00,131.5228436447968,132.7019805908203,131.17311113563588,132.7019805908203,661900,0.0,0.0,0.0
2026-04-15 00:00:00-04:00,133.22160878203218,135.2301197866298,133.02174419657692,135.15017700195312,915800,0.0,0.0,0.0
2026-04-16 00:00:00-04:00,135.83965953910732,136.7489914901168,134.71048875933673,136.49917602539062,554300,0.0,0.0,0.0
2026-04-17 00:00:00-04:00,137.86815855301083,138.55765166855838,137.39850426408788,138.39776611328125,745800,0.0,0.0,0.0
2026-04-20 00:00:00-04:00,138.3378232013706,138.46773213070222,136.98881350492857,138.28785705566406,1155700,0.0,0.0,0.0
2026-04-21 00:00:00-04:00,138.6975536859853,139.646849434064,137.75824506771903,138.15794372558594,733200,0.0,0.0,0.0
2026-04-22 00:00:00-04:00,139.71681023173892,141.3256072998047,139.1971897593508,141.3256072998047,865300,0.0,0.0,0.0
2026-04-23 00:00:00-04:00,140.21643082897322,140.9758643497536,137.62833103609788,139.287109375,643500,0.0,0.0,0.0
2026-04-24 00:00:00-04:00,141.20569116447913,142.7445629693189,140.2663825753609,142.6346435546875,452600,0.0,0.0,0.0
2026-04-27 00:00:00-04:00,142.52473789261333,142.72458723462913,141.33561372345727,142.69461059570312,530000,0.0,0.0,0.0
2026-04-28 00:00:00-04:00,139.8666765378657,140.99584726053598,138.96734700933945,140.1664581298828,420000,0.0,0.0,0.0
2026-04-29 00:00:00-04:00,140.85594762908912,141.30561238189742,139.9266262422621,141.23565673828125,586300,0.0,0.0,0.0
2026-04-30 00:00:00-04:00,142.14500900554592,143.02436437983278,139.87668016370696,142.8744659423828,607900,0.0,0.0,0.0
2026-05-01 00:00:00-04:00,143.3740783881474,145.11279940432618,143.24418472283276,144.85299682617188,665200,0.0,0.0,0.0
2026-05-04 00:00:00-04:00,145.31266301993986,145.8222810975565,143.92368959503827,144.89297485351562,387400,0.0,0.0,0.0
2026-05-05 00:00:00-04:00,146.2120058407143,147.76084955923886,146.1720268268339,147.43109130859375,281700,0.0,0.0,0.0
2026-05-06 00:00:00-04:00,149.28970467973843,150.82857636828052,148.43033893416327,150.7786102294922,507300,0.0,0.0,0.0
2026-05-07 00:00:00-04:00,151.17831335313048,152.07765813556617,149.36965190673877,150.28897094726562,485200,0.0,0.0,0.0
2026-05-08 00:00:00-04:00,151.36818367690208,154.30601601195022,151.36818367690208,154.26605224609375,404000,0.0,0.0,0.0
2026-05-11 00:00:00-04:00,154.14612146075467,155.69498031715904,153.94627214807917,155.2453155517578,370700,0.0,0.0,0.0
2026-05-12 00:00:00-04:00,153.87634197260354,154.2460639879915,149.7993516835676,152.98699951171875,456700,0.0,0.0,0.0
2026-05-13 00:00:00-04:00,154.16612825120745,155.18537968191262,146.90148980213428,154.5458526611328,1577500,0.0,0.0,0.0
2026-05-14 00:00:00-04:00,154.655757952922,157.0639673790658,154.55582567074734,156.65428161621094,549800,0.0,0.0,0.0
2026-05-15 00:00:00-04:00,154.00624624298658,155.8948507110828,152.79714782690513,154.09619140625,553600,0.0,0.0,0.0
2026-05-18 00:00:00-04:00,154.87559441338044,154.87559441338044,150.99845368652947,152.74716186523438,1045600,0.0,0.0,0.0
2026-05-19 00:00:00-04:00,151.3482168394116,153.05694618091775,149.84932396211232,151.50808715820312,719300,0.0,0.0,0.0
2026-05-20 00:00:00-04:00,152.487368747217,154.53584339997468,152.01771444455346,154.515869140625,765700,0.0,0.0,0.0
2026-05-21 00:00:00-04:00,153.67647878578813,156.14465686476126,153.63651501924755,155.6949920654297,530700,0.0,0.0,0.0
2026-05-22 00:00:00-04:00,156.7542034945556,158.0732364718966,156.52437753548293,157.073974609375,444500,0.0,0.0,0.0
2026-05-26 00:00:00-04:00,159.3023274558414,161.47072391085555,158.92260306133687,160.9411163330078,809200,0.0,0.0,0.0
2026-05-27 00:00:00-04:00,161.36081105903878,161.40079007457442,159.0325289487123,160.37155151367188,510100,0.0,0.0,0.0
2026-05-28 00:00:00-04:00,160.74126521055123,162.94964065480673,159.96184217082015,162.5499267578125,569500,0.0,0.0,0.0
2026-05-29 00:00:00-04:00,164.2586686914342,165.80751236948691,163.87894430712404,165.7275848388672,409700,0.0,0.0,0.0
2026-06-01 00:00:00-04:00,166.15726967328314,169.70465251392665,165.90745419503398,169.025146484375,620800,0.0,0.0,0.0
2026-06-02 00:00:00-04:00,169.4148429470901,170.86378479003906,168.81529500115212,170.86378479003906,394200,0.0,0.0,0.0
2026-06-03 00:00:00-04:00,171.27349117128134,171.35343395653666,168.275705338079,169.42486572265625,555900,0.0,0.0,0.0
2026-06-04 00:00:00-04:00,164.92818083358816,168.1158287571744,164.05881260600222,166.9167022705078,404000,0.0,0.0,0.0
2026-06-05 00:00:00-04:00,163.53919865041635,163.62912855785112,155.96479196899716,156.51438903808594,1371600,0.0,0.0,0.0
2026-06-08 00:00:00-04:00,160.05176727997411,161.19092516907435,158.5228978826955,159.36227416992188,655600,0.0,0.0,0.0
2026-06-09 00:00:00-04:00,160.80120957052995,162.02031020562083,150.4188799141594,156.7541961669922,1094300,0.0,0.0,0.0
2026-06-10 00:00:00-04:00,154.53584522861473,157.71350596833298,152.64724086593762,152.9070587158203,945300,0.0,0.0,0.0
2026-06-11 00:00:00-04:00,153.8063876798242,158.4529645987357,152.47736754159928,158.15318298339844,1057000,0.0,0.0,0.0
2026-06-12 00:00:00-04:00,158.20316013928098,160.3615543753909,156.7342438446551,159.2423858642578,634900,0.0,0.0,0.0
2026-06-15 00:00:00-04:00,163.76896563897978,165.36845797176989,163.5790223969654,165.03855895996094,652300,0.068,0.0,0.0
2026-06-16 00:00:00-04:00,164.57871235770938,165.44843641710023,160.89985097536993,160.97982788085938,433400,0.0,0.0,0.0
2026-06-17 00:00:00-04:00,162.59931429364545,163.4790449784891,159.64024513304614,159.89016723632812,555200,0.0,0.0,0.0
2026-06-18 00:00:00-04:00,163.7789569529596,165.05855692018957,162.58932528326108,164.54872131347656,367900,0.0,0.0,0.0
2026-06-22 00:00:00-04:00,165.5084198640162,166.00826409663475,162.90923900682085,164.07887268066406,587000,0.0,0.0,0.0
2026-06-23 00:00:00-04:00,158.12071914805256,160.5699527818091,157.5908854937555,158.2406768798828,779300,0.0,0.0,0.0
2026-06-24 00:00:00-04:00,158.47061226885137,159.52028815840174,155.41156815087322,157.15101623535156,1024200,0.0,0.0,0.0
2026-06-25 00:00:00-04:00,160.97983536725846,161.1197911448649,155.2216351905472,158.3106689453125,478000,0.0,0.0,0.0
2026-06-26 00:00:00-04:00,155.74145571821586,157.67086234400355,154.89172969465966,155.8414306640625,518000,0.0,0.0,0.0
2026-06-29 00:00:00-04:00,157.7208479657761,160.10009605784356,154.65179716191906,159.8501739501953,279100,0.0,0.0,0.0
2026-06-30 00:00:00-04:00,160.22007116708565,163.89891731851947,159.90016354311658,163.52903747558594,323200,0.0,0.0,0.0
2026-07-01 00:00:00-04:00,161.5396600239746,162.64931486206032,160.79990030127468,160.9598388671875,460100,0.0,0.0,0.0
2026-07-02 00:00:00-04:00,160.59994836718548,161.9595253114743,155.4815482258796,156.7911376953125,437400,0.0,0.0,0.0
2026-07-06 00:00:00-04:00,158.65054929539562,160.82987798436025,158.33065693290777,159.60025024414062,273300,0.0,0.0,0.0
2026-07-07 00:00:00-04:00,157.06105970750735,157.7508472081567,154.74177508236957,156.6011962890625,211600,0.0,0.0,0.0
2026-07-08 00:00:00-04:00,155.43154953028287,158.08073296604388,154.87172646199613,157.8807830810547,330300,0.0,0.0,0.0
2026-07-09 00:00:00-04:00,159.77021467888227,161.68961466372366,159.170395509979,161.1797637939453,228600,0.0,0.0,0.0
2026-07-10 00:00:00-04:00,160.62992534488234,161.73958008287647,159.60024750964854,161.54965209960938,443300,0.0,0.0,0.0
2026-07-13 00:00:00-04:00,159.59026738420295,159.96014723830316,157.53091156834404,158.0607452392578,387400,0.0,0.0,0.0
2026-07-14 00:00:00-04:00,159.74021168167206,160.56995493068413,158.30067311833872,160.0101318359375,248700,0.0,0.0,0.0
2026-07-15 00:00:00-04:00,161.22975412365423,161.3597185051608,156.95108872150544,159.23037719726562,210000,0.0,0.0,0.0
2026-07-16 00:00:00-04:00,157.31096718316783,157.31096718316783,154.37188084747507,155.28160095214844,263700,0.0,0.0,0.0
2026-07-17 00:00:00-04:00,151.27286417429266,155.05168530991688,149.75333345315235,153.2522430419922,347700,0.0,0.0,0.0
2026-07-20 00:00:00-04:00,154.64181041284243,156.00138732943728,153.76207968621182,153.8920440673828,241100,0.0,0.0,0.0
2026-07-21 00:00:00-04:00,156.67117166007924,157.60087457620386,155.6214957598482,157.40093994140625,251100,0.0,0.0,0.0
2026-07-22 00:00:00-04:00,155.57151836184374,157.580901994872,155.54152892738384,156.6011962890625,231800,0.0,0.0,0.0
2026-07-23 00:00:00-04:00,154.52185676235254,155.7014818551122,153.0223240318057,154.052001953125,307800,0.0,0.0,0.0
2026-07-24 00:00:00-04:00,153.62212647228932,154.21193901291272,151.44281291376797,151.89266967773438,347200,0.0,0.0,0.0
2026-07-27 00:00:00-04:00,153.9120455818282,154.12197162103556,149.36345993256214,151.5527801513672,254100,0.0,0.0,0.0
2026-07-28 00:00:00-04:00,149.06355227244066,150.3431523272014,146.63430129467545,149.45343017578125,298300,0.0,0.0,0.0
2026-07-29 00:00:00-04:00,149.46341581718573,150.82299272980015,146.014493688976,146.15444946289062,374800,0.0,0.0,0.0
2026-07-30 00:00:00-04:00,150.08322691099448,153.01230665058472,149.68334239181235,152.8423614501953,356200,0.0,0.0,0.0
2026-07-31 00:00:00-04:00,154.56183689431268,155.62150424515005,151.02294637792787,153.46217346191406,276900,0.0,0.0,0.0
2026-08-03 00:00:00-04:00,152.82237048160096,157.34096660620293,152.40250315755904,156.8311309814453,391900,0.0,0.0,0.0
2026-08-04 00:00:00-04:00,159.20038771446858,164.24881750284595,159.20038771446858,163.53903198242188,855500,0.0,0.0,0.0
2026-08-05 00:00:00-04:00,164.3887734019569,165.02857340852646,161.98951193679457,162.11947631835938,338800,0.0,0.0,0.0
2026-08-06 00:00:00-04:00,159.7602108681372,162.88924063933837,159.30036271731123,161.62962341308594,452000,0.0,0.0,0.0
2026-08-07 00:00:00-04:00,163.68898912861027,164.2788016417345,162.16945844286906,163.6689910888672,287400,0.0,0.0,0.0
2026-08-10 00:00:00-04:00,163.7489656630276,164.57870887915368,162.69928977496286,162.82925415039062,473300,0.0,0.0,0.0
2026-08-11 00:00:00-04:00,163.78895422215749,163.78895422215749,161.47967631178983,162.11947631835938,405400,0.0,0.0,0.0
2026-08-12 00:00:00-04:00,164.82863518078824,164.82863518078824,163.26912365207906,163.4790496826172,216600,0.0,0.0,0.0
2026-08-13 00:00:00-04:00,163.86892296137802,166.14821132454384,163.69897776151436,165.61837768554688,360200,0.0,0.0,0.0
2026-08-14 00:00:00-04:00,165.86830870454818,165.97827504613954,164.0788730594186,164.6186981201172,332600,0.0,0.0,0.0
2026-08-17 00:00:00-04:00,165.1485354944708,165.36846818259002,164.10886617666367,164.2388153076172,213600,0.0,0.0,0.0
2026-08-18 00:00:00-04:00,161.04980890225303,161.94952236935788,159.61025515165767,160.28004455566406,217300,0.0,0.0,0.0
2026-08-19 00:00:00-04:00,160.49998890183582,160.78989184995922,157.67086866612942,158.7505340576172,358000,0.0,0.0,0.0
2026-08-20 00:00:00-04:00,158.59058081894585,159.2903597083831,157.84081445439824,158.36065673828125,227300,0.0,0.0,0.0
2026-08-21 00:00:00-04:00,159.41032962593638,159.41032962593638,157.87080084482162,158.8404998779297,252300,0.0,0.0,0.0
2026-08-24 00:00:00-04:00,157.4709231199188,157.78082408736827,155.6814723180141,156.5612030029297,229200,0.0,0.0,0.0
2026-08-25 00:00:00-04:00,158.07072976288083,158.69054696258752,157.0310605068473,157.94078063964844,322200,0.0,0.0,0.0
2026-08-26 00:00:00-04:00,157.3109761675319,158.85048967918257,157.3009847744169,158.590576171875,184400,0.0,0.0,0.0
2026-08-27 00:00:00-04:00,160.96983735349707,162.57933635679356,160.5299719979574,162.54934692382812,312100,0.0,0.0,0.0
2026-08-28 00:00:00-04:00,161.97952194796116,163.10917480296212,160.69992192372806,160.8998565673828,159500,0.0,0.0,0.0
2026-08-31 00:00:00-04:00,160.58994657321423,161.20974850998647,160.08011097238884,160.9198455810547,176600,0.0,0.0,0.0
2026-09-01 00:00:00-04:00,158.430613341471,159.69023048789882,157.92077774898584,158.61056518554688,215800,0.0,0.0,0.0
2026-09-02 00:00:00-04:00,158.23067934994998,158.99043704546628,157.90078034617682,158.7105255126953,303800,0.0,0.0,0.0
2026-09-03 00:00:00-04:00,158.9004737839942,161.2097516295291,158.4706150786333,160.92984008789062,335600,0.0,0.0,0.0
2026-09-04 00:00:00-04:00,161.77958927431456,162.14946913228172,161.05981234516418,161.6896209716797,193500,0.0,0.0,0.0
2026-09-08 00:00:00-04:00,162.31940688064455,162.71929140847217,161.26974622343016,161.9595184326172,140100,0.0,0.0,0.0
2026-09-09 00:00:00-04:00,161.92953586645794,162.68930887453135,161.52966657570872,162.07949829101562,214400,0.0,0.0,0.0
2026-09-10 00:00:00-04:00,160.0901100146349,161.14977734582814,159.7202301642466,160.21006774902344,185500,0.0,0.0,0.0
2026-09-11 00:00:00-04:00,161.90954159053115,163.04918576773565,161.7395811372858,162.189453125,324400,0.0,0.0,0.0
2026-09-14 00:00:00-04:00,158.99043891656922,161.42968109145244,158.47061192332515,160.42999267578125,200900,0.0,0.0,0.0
2026-09-15 00:00:00-04:00,160.39999389648438,160.86000061035156,159.47999572753906,159.69000244140625,283900,0.05,0.0,0.0
2026-09-16 00:00:00-04:00,160.58999633789062,161.44000244140625,158.47999572753906,159.66000366210938,188200,0.0,0.0,0.0
2026-09-17 00:00:00-04:00,162.52999877929688,163.3000030517578,161.97999572753906,162.94000244140625,1436900,0.0,0.0,0.0
2026-09-18 00:00:00-04:00,163.99000549316406,164.05999755859375,162.55999755859375,163.99000549316406,431300,0.0,0.0,0.0
2026-09-21 00:00:00-04:00,166.07000732421875,169.72000122070312,165.94000244140625,169.32000732421875,303600,0.0,0.0,0.0
2026-09-23 00:00:00-04:00,170.67999267578125,170.67999267578125,168.1199951171875,169.11000061035156,299000,0.0,0.0,0.0
2026-09-24 00:00:00-04:00,167.11000061035156,169.4499969482422,167.09010314941406,169.41000366210938,281437,0.0,0.0,0.0
