Date,Open,High,Low,Close,Volume,Dividends,Stock Splits,Capital Gains
2021-09-21 00:00:00+01:00,7.776623823424446,7.780924368409006,7.77280172432183,7.709732532501221,178681,0.0,0.0,0.0
2021-09-22 00:00:00+01:00,7.7689800101969215,7.772802109488935,7.7689800101969215,7.841126918792725,302,0.0,0.0,0.0
2021-09-23 00:00:00+01:00,7.904675285877778,7.934298836426347,7.889385064653884,7.996889591217041,36586,0.0,0.0,0.0
2021-09-24 00:00:00+01:00,7.948631381445843,7.948631381445843,7.940031202434508,7.987811088562012,1176,0.0,0.0,0.0
2021-09-27 00:00:00+01:00,8.005968230009538,8.005968230009538,7.984944859286805,8.035113334655762,41590,0.0,0.0,0.0
2021-09-28 00:00:00+01:00,7.983413988031255,7.983413988031255,7.983413988031255,7.845426559448242,14000,0.0,0.0,0.0
2021-09-29 00:00:00+01:00,7.8893834451979785,7.8893834451979785,7.8893834451979785,7.808157920837402,1561,0.0,0.0,0.0
2021-09-30 00:00:00+01:00,7.878872275249736,7.878872275249736,7.8282262753641625,7.801468849182129,42690,0.0,0.0,0.0
2021-10-01 00:00:00+01:00,7.714511452666673,7.720245513270908,7.714511452666673,7.707822322845459,28161,0.0,0.0,0.0
2021-10-04 00:00:00+01:00,7.733623085734066,7.757512572594081,7.725021995591973,7.65144157409668,84030,0.0,0.0,0.0
2021-10-05 00:00:00+01:00,7.702088193683655,7.702088193683655,7.702088193683655,7.801947593688965,1653,0.0,0.0,0.0
2021-10-06 00:00:00+01:00,7.688710511248625,7.716423012909384,7.688710511248625,7.6891889572143555,610,0.0,0.0,0.0
2021-10-07 00:00:00+01:00,7.811026220899998,7.84351680045813,7.811026220899998,7.9113640785217285,106332,0.0,0.0,0.0
2021-10-08 00:00:00+01:00,7.8750505447387695,7.8750505447387695,7.8750505447387695,7.8750505447387695,0,0.0,0.0,0.0
2021-10-11 00:00:00+01:00,7.821538238265789,7.821538238265789,7.821538238265789,7.890818119049072,12668,0.0,0.0,0.0
2021-10-12 00:00:00+01:00,7.79525899887085,7.79525899887085,7.79525899887085,7.79525899887085,0,0.0,0.0,0.0
2021-10-13 00:00:00+01:00,7.812937512528538,7.812937512528538,7.792870122648021,7.793826103210449,25948,0.0,0.0,0.0
2021-10-14 00:00:00+01:00,7.8760059838647605,7.885562143302498,7.8760059838647605,7.937642574310303,14370,0.0,0.0,0.0
2021-10-15 00:00:00+01:00,8.019345721043152,8.019345721043152,8.007878511869164,8.048969268798828,850,0.0,0.0,0.0
2021-10-18 00:00:00+01:00,8.043233972135365,8.043233972135365,8.042278903124242,8.082413673400879,28430,0.0,0.0,0.0
2021-10-19 00:00:00+01:00,8.15886116027832,8.15886116027832,8.15886116027832,8.15886116027832,0,0.0,0.0,0.0
2021-10-20 00:00:00+01:00,8.164116859436035,8.164116859436035,8.164116859436035,8.164116859436035,0,0.0,0.0,0.0
2021-10-21 00:00:00+01:00,8.138317108154297,8.138317108154297,8.138317108154297,8.138317108154297,0,0.0,0.0,0.0
2021-10-22 00:00:00+01:00,8.19899677480717,8.19899677480717,8.18189210666401,8.156950950622559,4573,0.0,0.0,0.0
2021-10-25 00:00:00+01:00,8.226710465337748,8.226710465337748,8.226710465337748,8.274490356445312,340,0.0,0.0,0.0
2021-10-26 00:00:00+01:00,8.375783920288086,8.375783920288086,8.375783920288086,8.375783920288086,0,0.0,0.0,0.0
2021-10-27 00:00:00+01:00,8.307934750494594,8.307934750494594,8.307934750494594,8.258721351623535,19963,0.0,0.0,0.0
2021-10-28 00:00:00+01:00,8.279076271881383,8.279076271881383,8.279076271881383,8.30029010772705,2000,0.0,0.0,0.0
2021-10-29 00:00:00+01:00,8.322267744863895,8.322267744863895,8.322267744863895,8.348069190979004,1864,0.0,0.0,0.0
2021-11-01 00:00:00+00:00,8.332780122213217,8.34806942971011,8.332780122213217,8.401104927062988,13675,0.0,0.0,0.0
2021-11-02 00:00:00+00:00,8.392983148905472,8.512432413908831,8.392983148905472,8.411139488220215,27695,0.0,0.0,0.0
2021-11-03 00:00:00+00:00,8.42633238179369,8.42633238179369,8.424517021416364,8.39967155456543,31161,0.0,0.0,0.0
2021-11-04 00:00:00+00:00,8.513387687374841,8.513387687374841,8.457007624394539,8.426905632019043,1911,0.0,0.0,0.0
2021-11-05 00:00:00+00:00,8.466562941049773,8.472870224841518,8.466562941049773,8.454140663146973,56626,0.0,0.0,0.0
2021-11-08 00:00:00+00:00,8.436940852517813,8.505743198319145,8.428339761882782,8.500965118408203,10100,0.0,0.0,0.0
2021-11-09 00:00:00+00:00,8.466563890712374,8.47707603154439,8.313668971625336,8.340425491333008,275164,0.0,0.0,0.0
2021-11-10 00:00:00+00:00,8.317490279162767,8.34520186242736,8.306023071447088,8.332301139831543,135379,0.0,0.0,0.0
2021-11-11 00:00:00+00:00,8.29455774332733,8.29455774332733,8.282134552434586,8.289779663085938,2065,0.0,0.0,0.0
2021-11-12 00:00:00+00:00,8.292646693495898,8.292646693495898,8.292646693495898,8.289779663085938,3300,0.0,0.0,0.0
2021-11-15 00:00:00+00:00,8.293124198913574,8.293124198913574,8.293124198913574,8.293124198913574,0,0.0,0.0,0.0
2021-11-16 00:00:00+00:00,8.270665552761558,8.270665552761558,8.270665552761558,8.322267532348633,1560,0.0,0.0,0.0
2021-11-17 00:00:00+00:00,8.328003338298915,8.328958407545468,8.328003338298915,8.281179428100586,350,0.0,0.0,0.0
2021-11-18 00:00:00+00:00,8.253944396972656,8.253944396972656,8.253944396972656,8.253944396972656,0,0.0,0.0,0.0
2021-11-19 00:00:00+00:00,8.238177701807576,8.240088751645846,8.238177701807576,8.221932411193848,26059,0.0,0.0,0.0
2021-11-22 00:00:00+00:00,8.280223875795063,8.280223875795063,8.27066771488158,8.27687931060791,34686,0.0,0.0,0.0
2021-11-23 00:00:00+00:00,8.198041915893555,8.198041915893555,8.198041915893555,8.198041915893555,0,0.0,0.0,0.0
2021-11-24 00:00:00+00:00,8.211420367606719,8.211420367606719,8.208553337470647,8.251076698303223,23244,0.0,0.0,0.0
2021-11-25 00:00:00+00:00,8.295512002757604,8.295512002757604,8.295512002757604,8.273056030273438,100,0.0,0.0,0.0
2021-11-26 00:00:00+00:00,8.062348907575993,8.062348907575993,8.020780608952478,8.059959411621094,32077,0.0,0.0,0.0
2021-11-29 00:00:00+00:00,8.17606152943069,8.216674745829952,8.162491894241978,8.12159252166748,51929,0.0,0.0,0.0
2021-11-30 00:00:00+00:00,8.05947979919924,8.05947979919924,8.05947979919924,8.049446105957031,14698,0.0,0.0,0.0
2021-12-01 00:00:00+00:00,8.12636947631836,8.12636947631836,8.12636947631836,8.12636947631836,0,0.0,0.0,0.0
2021-12-02 00:00:00+00:00,7.9616191816081825,7.9616191816081825,7.9616191816081825,7.964878082275391,3784,0.0,0.0,0.0
2021-12-03 00:00:00+00:00,7.793826103210449,7.793826103210449,7.793826103210449,7.793826103210449,0,0.0,0.0,0.0
2021-12-06 00:00:00+00:00,7.736489295959473,7.736489295959473,7.736489295959473,7.736489295959473,0,0.0,0.0,0.0
2021-12-07 00:00:00+00:00,7.883650910175069,8.024314001428353,7.883650910175069,8.014567375183105,45381,0.0,0.0,0.0
2021-12-08 00:00:00+00:00,8.05766475401756,8.05766475401756,8.05766475401756,8.027945518493652,1884,0.0,0.0,0.0
2021-12-09 00:00:00+00:00,8.01313591003418,8.01313591003418,8.01313591003418,8.01313591003418,0,0.0,0.0,0.0
2021-12-10 00:00:00+00:00,7.951973915100098,7.951973915100098,7.951973915100098,7.951973915100098,0,0.0,0.0,0.0
2021-12-13 00:00:00+00:00,8.026034413800176,8.026034413800176,8.024123364262735,7.897984981536865,40000,0.0,0.0,0.0
2021-12-14 00:00:00+00:00,7.738400459289551,7.738400459289551,7.738400459289551,7.738400459289551,0,0.0,0.0,0.0
2021-12-15 00:00:00+00:00,7.7852263653449745,7.7852263653449745,7.7852263653449745,7.763247013092041,7276,0.0,0.0,0.0
2021-12-16 00:00:00+00:00,7.921777248382568,7.921777248382568,7.921777248382568,7.921777248382568,0,0.0244,0.0,0.0
2021-12-17 00:00:00+00:00,7.811552426101824,7.811552426101824,7.721456120620951,7.808677673339844,47011,0.0,0.0,0.0
2021-12-20 00:00:00+00:00,7.621776561123495,7.621776561123495,7.621776561123495,7.5618720054626465,360,0.0,0.0,0.0
2021-12-21 00:00:00+00:00,7.662031650543213,7.662031650543213,7.662031650543213,7.662031650543213,0,0.0,0.0,0.0
2021-12-22 00:00:00+00:00,7.793437274235559,7.793437274235559,7.793437274235559,7.8604350090026855,10000,0.0,0.0,0.0
2021-12-23 00:00:00+00:00,7.943821907043457,7.943821907043457,7.943821907043457,7.943821907043457,0,0.0,0.0,0.0
2021-12-24 00:00:00+00:00,7.962034225463868,7.962034225463868,7.962034225463868,7.962034225463867,0,0.0,0.0,0.0
2021-12-29 00:00:00+00:00,8.008996963500977,8.008996963500977,8.008996963500977,8.008996963500977,0,0.0,0.0,0.0
2021-12-30 00:00:00+00:00,8.048774719238281,8.048774719238281,8.048774719238281,8.048774719238281,0,0.0,0.0,0.0
2021-12-31 00:00:00+00:00,7.986475467681885,7.986475467681885,7.986475467681885,7.986475467681885,0,0.0,0.0,0.0
2022-01-04 00:00:00+00:00,7.99462037352581,7.99462037352581,7.99462037352581,7.925131797790527,6000,0.0,0.0,0.0
2022-01-05 00:00:00+00:00,7.9275282438243755,7.9275282438243755,7.9275282438243755,7.897336483001709,250,0.0,0.0,0.0
2022-01-06 00:00:00+00:00,7.678325359804406,7.703245674756742,7.678325359804406,7.714747428894043,99394,0.0,0.0,0.0
2022-01-07 00:00:00+00:00,7.7137886606039965,7.716663413278812,7.6323179869855915,7.674490928649902,146038,0.0,0.0,0.0
2022-01-10 00:00:00+00:00,7.66969904817805,7.66969904817805,7.586312018677061,7.553244590759277,28691,0.0,0.0,0.0
2022-01-11 00:00:00+00:00,7.700371090985318,7.704012749531763,7.664552764938186,7.7133097648620605,30217,0.0,0.0,0.0
2022-01-12 00:00:00+00:00,7.780880928039551,7.780880928039551,7.780880928039551,7.780880928039551,0,0.0,0.0,0.0
2022-01-13 00:00:00+00:00,7.7157071660847185,7.7157071660847185,7.7157071660847185,7.728646755218506,1000,0.0,0.0,0.0
2022-01-14 00:00:00+00:00,7.609316190519371,7.609316190519371,7.600689645898186,7.50340461730957,12896,0.0,0.0,0.0
2022-01-17 00:00:00+00:00,7.558995246887207,7.558995246887207,7.558995246887207,7.558995246887207,0,0.0,0.0,0.0
2022-01-18 00:00:00+00:00,7.44445863045389,7.453084717699751,7.4214551217509825,7.383116245269775,26837,0.0,0.0,0.0
2022-01-19 00:00:00+00:00,7.35340302852265,7.394617569713321,7.35340302852265,7.335671424865723,587,0.0,0.0,0.0
2022-01-20 00:00:00+00:00,7.3160230006373155,7.389825543708425,7.3160230006373155,7.410432815551758,14986,0.0,0.0,0.0
2022-01-21 00:00:00+00:00,7.202922833001184,7.202922833001184,7.049567334042227,7.197651386260986,43548,0.0,0.0,0.0
2022-01-24 00:00:00+00:00,6.793654559297521,6.976186277089392,6.793654559297521,6.769213676452637,23626,0.0,0.0,0.0
2022-01-25 00:00:00+00:00,6.967138351439274,6.967138351439274,6.882792922731266,6.903879165649414,30048,0.0,0.0,0.0
2022-01-26 00:00:00+00:00,7.014103425628618,7.015061828908508,7.014103425628618,7.089822769165039,27800,0.0,0.0,0.0
2022-01-27 00:00:00+00:00,6.956595490923011,7.04765066295766,6.922857134251838,6.9795989990234375,27276,0.0,0.0,0.0
2022-01-28 00:00:00+00:00,6.823368463735321,6.823368463735321,6.754358390060883,6.935030460357666,18725,0.0,0.0,0.0
2022-01-31 00:00:00+00:00,7.042858711580147,7.042858711580147,7.030398553274247,7.142539978027344,520,0.0,0.0,0.0
2022-02-01 00:00:00+00:00,7.252763597371985,7.27289143843191,7.252763597371985,7.28151798248291,227,0.0,0.0,0.0
2022-02-02 00:00:00+00:00,7.340943309360609,7.396151364702205,7.340943309360609,7.334713459014893,32117,0.0,0.0,0.0
2022-02-03 00:00:00+00:00,7.316980838775635,7.316980838775635,7.316980838775635,7.316980838775635,0,0.0,0.0,0.0
2022-02-04 00:00:00+00:00,7.286310842281913,7.2911028591914615,7.1789614368695505,7.24174165725708,19010,0.0,0.0,0.0
2022-02-07 00:00:00+00:00,7.288227727283744,7.308355569626331,7.288227727283744,7.329921245574951,152,0.0,0.0,0.0
2022-02-08 00:00:00+00:00,7.301645444577461,7.301645444577461,7.260430904230133,7.310750961303711,6777,0.0,0.0,0.0
2022-02-09 00:00:00+00:00,7.405161236375859,7.436790833788806,7.405161236375859,7.499091625213623,33927,0.0,0.0,0.0
2022-02-10 00:00:00+00:00,7.441582509984975,7.441582509984975,7.441582509984975,7.524011135101318,29827,0.0,0.0,0.0
2022-02-11 00:00:00+00:00,7.336150169372559,7.336150169372559,7.336150169372559,7.336150169372559,0,0.0,0.0,0.0
2022-02-14 00:00:00+00:00,7.162187576293945,7.162187576293945,7.162187576293945,7.162187576293945,0,0.0,0.0,0.0
2022-02-15 00:00:00+00:00,7.211549583613574,7.254680476155572,7.211549583613574,7.250846862792969,29827,0.0,0.0,0.0
2022-02-16 00:00:00+00:00,7.303562488691928,7.313147435888335,7.260814593111081,7.23551082611084,8229,0.0,0.0,0.0
2022-02-17 00:00:00+00:00,7.284393498357957,7.284393498357957,7.284393498357957,7.153562068939209,515,0.0,0.0,0.0
2022-02-18 00:00:00+00:00,6.980077743530273,6.980077743530273,6.980077743530273,6.980077743530273,0,0.0,0.0,0.0
2022-02-21 00:00:00+00:00,6.8885437993548235,6.889502659718033,6.8885437993548235,6.87656307220459,340,0.0,0.0,0.0
2022-02-22 00:00:00+00:00,6.912026882171631,6.912026882171631,6.912026882171631,6.912026882171631,0,0.0,0.0,0.0
2022-02-23 00:00:00+00:00,6.835348129272461,6.835348129272461,6.835348129272461,6.835348129272461,0,0.0,0.0,0.0
2022-02-24 00:00:00+00:00,6.7193732261657715,6.7193732261657715,6.7193732261657715,6.7193732261657715,0,0.0,0.0,0.0
2022-02-25 00:00:00+00:00,7.010748863220215,7.010748863220215,7.010748863220215,7.010748863220215,0,0.0,0.0,0.0
2022-02-28 00:00:00+00:00,7.09126091003418,7.09126091003418,7.09126091003418,7.09126091003418,0,0.0,0.0,0.0
2022-03-01 00:00:00+00:00,7.022634389463693,7.022634389463693,6.991484224443851,7.00691556930542,202000,0.0,0.0,0.0
2022-03-02 00:00:00+00:00,6.973847274469834,7.0529212526609175,6.973847274469834,7.062506198883057,289786,0.0,0.0,0.0
2022-03-03 00:00:00+00:00,7.139663089928097,7.146564324504131,7.0000136375519295,7.012665748596191,86259,0.0,0.0,0.0
2022-03-04 00:00:00+00:00,6.9224733505223455,6.928703199986354,6.841003135148916,6.843494892120361,94559,0.0,0.0,0.0
2022-03-07 00:00:00+00:00,6.7610673904418945,6.7610673904418945,6.7610673904418945,6.7610673904418945,0,0.0,0.0,0.0
2022-03-08 00:00:00+00:00,6.568414211273193,6.568414211273193,6.568414211273193,6.568414211273193,0,0.0,0.0,0.0
2022-03-09 00:00:00+00:00,6.731354093870954,6.735188164141224,6.731354093870954,6.792696475982666,18345,0.0,0.0,0.0
2022-03-10 00:00:00+00:00,6.766817497634884,6.766817497634884,6.743813990970953,6.716497898101807,14881,0.0,0.0,0.0
2022-03-11 00:00:00+00:00,6.774006366729736,6.774006366729736,6.774006366729736,6.774006366729736,0,0.0,0.0,0.0
2022-03-14 00:00:00+00:00,6.7602995457842185,6.7602995457842185,6.7602995457842185,6.653717517852783,20400,0.0,0.0,0.0
2022-03-15 00:00:00+00:00,6.5482856207872455,6.5482856207872455,6.5482856207872455,6.723686218261719,1600,0.0,0.0,0.0
2022-03-16 00:00:00+00:00,6.954199314117432,6.954199314117432,6.954199314117432,6.954199314117432,0,0.0,0.0,0.0
2022-03-17 00:00:00+00:00,7.057233810424805,7.057233810424805,7.057233810424805,7.057233810424805,0,0.0,0.0,0.0
2022-03-18 00:00:00+00:00,7.199568271636963,7.199568271636963,7.199568271636963,7.199568271636963,0,0.0,0.0,0.0
2022-03-21 00:00:00+00:00,7.2518053507434255,7.2518053507434255,7.2518053507434255,7.285351753234863,13000,0.0,0.0,0.0
2022-03-22 00:00:00+00:00,7.3500471115112305,7.3500471115112305,7.3500471115112305,7.3500471115112305,0,0.0,0.0,0.0
2022-03-23 00:00:00+00:00,7.355320426647048,7.355320426647048,7.355320426647048,7.349090576171875,1450,0.0,0.0,0.0
2022-03-24 00:00:00+00:00,7.337108612060547,7.337108612060547,7.337108612060547,7.337108612060547,0,0.0,0.0,0.0
2022-03-25 00:00:00+00:00,7.347652253882956,7.347652253882956,7.347652253882956,7.354361534118652,2774,0.0,0.0,0.0
2022-03-28 00:00:00+01:00,7.382156999895592,7.382156999895592,7.382156999895592,7.407077312469482,3500,0.0,0.0,0.0
2022-03-29 00:00:00+01:00,7.54174280166626,7.54174280166626,7.54174280166626,7.54174280166626,0,0.0,0.0,0.0
2022-03-30 00:00:00+01:00,7.537909030914307,7.537909030914307,7.537909030914307,7.537909030914307,0,0.0,0.0,0.0
2022-03-31 00:00:00+01:00,7.526886463165283,7.526886463165283,7.526886463165283,7.526886463165283,0,0.0,0.0,0.0
2022-04-01 00:00:00+01:00,7.407556056976318,7.407556056976318,7.407556056976318,7.407556056976318,0,0.0,0.0,0.0
2022-04-04 00:00:00+01:00,7.4042018439554935,7.4042018439554935,7.4042018439554935,7.4655442237854,16173,0.0,0.0,0.0
2022-04-05 00:00:00+01:00,7.4655442237854,7.4655442237854,7.4655442237854,7.4655442237854,0,0.0,0.0,0.0
2022-04-06 00:00:00+01:00,7.181356906890869,7.181356906890869,7.181356906890869,7.181356906890869,0,0.0,0.0,0.0
2022-04-07 00:00:00+01:00,7.201964541098112,7.201964541098112,7.201964541098112,7.167938709259033,26796,0.0,0.0,0.0
2022-04-08 00:00:00+01:00,7.253722190856934,7.253722190856934,7.253722190856934,7.253722190856934,0,0.0,0.0,0.0
2022-04-11 00:00:00+01:00,7.141580762833355,7.141580762833355,7.141580762833355,7.0811967849731445,13408,0.0,0.0,0.0
2022-04-12 00:00:00+01:00,7.039024030978076,7.039024030978076,7.039024030978076,7.150207042694092,140,0.0,0.0,0.0
2022-04-13 00:00:00+01:00,7.056276377176395,7.056276377176395,7.056276377176395,7.095094680786133,2765,0.0,0.0,0.0
2022-04-14 00:00:00+01:00,7.05963134765625,7.05963134765625,7.05963134765625,7.05963134765625,0,0.0,0.0,0.0
2022-04-19 00:00:00+01:00,7.110909840294308,7.110909840294308,7.110909840294308,7.108992576599121,1402,0.0,0.0,0.0
2022-04-20 00:00:00+01:00,7.145414352416992,7.145414352416992,7.145414352416992,7.145414352416992,0,0.0,0.0,0.0
2022-04-21 00:00:00+01:00,7.1319966316223145,7.1319966316223145,7.1319966316223145,7.1319966316223145,0,0.0,0.0,0.0
2022-04-22 00:00:00+01:00,6.8732075691223145,6.8732075691223145,6.8732075691223145,6.8732075691223145,0,0.0,0.0,0.0
2022-04-25 00:00:00+01:00,6.665220199195622,6.665220199195622,6.665220199195622,6.647488594055176,13400,0.0,0.0,0.0
2022-04-26 00:00:00+01:00,6.612981796264648,6.612981796264648,6.612981796264648,6.612981796264648,0,0.0,0.0,0.0
2022-04-27 00:00:00+01:00,6.572248203208827,6.572248203208827,6.572248203208827,6.566497325897217,7704,0.0,0.0,0.0
2022-04-28 00:00:00+01:00,6.647966640766358,6.647966640766358,6.570330493284779,6.562183380126953,16908,0.0,0.0,0.0
2022-04-29 00:00:00+01:00,6.644133437745435,6.644133437745435,6.644133437745435,6.646529674530029,7000,0.0,0.0,0.0
2022-05-03 00:00:00+01:00,6.56841406501361,6.5885419054787215,6.56841406501361,6.613941192626953,2245,0.0,0.0,0.0
2022-05-04 00:00:00+01:00,6.515219211578369,6.515219211578369,6.515219211578369,6.515219211578369,0,0.0,0.0,0.0
2022-05-05 00:00:00+01:00,6.51857328414917,6.51857328414917,6.51857328414917,6.51857328414917,0,0.0,0.0,0.0
2022-05-06 00:00:00+01:00,6.489819293639699,6.489819293639699,6.467774645750641,6.5008416175842285,53928,0.0,0.0,0.0
2022-05-09 00:00:00+01:00,6.211861612445494,6.211861612445494,6.211861612445494,6.174002170562744,1950,0.0,0.0,0.0
2022-05-10 00:00:00+01:00,6.098283290863037,6.098283290863037,6.098283290863037,6.098283290863037,0,0.0,0.0,0.0
2022-05-11 00:00:00+01:00,6.216175079345703,6.216175079345703,6.216175079345703,6.216175079345703,0,0.0,0.0,0.0
2022-05-12 00:00:00+01:00,6.060422897338867,6.060422897338867,6.060422897338867,6.060422897338867,0,0.0,0.0,0.0
2022-05-13 00:00:00+01:00,6.254513740539551,6.254513740539551,6.254513740539551,6.254513740539551,0,0.0,0.0,0.0
2022-05-16 00:00:00+01:00,6.174002170562744,6.174002170562744,6.174002170562744,6.174002170562744,0,0.0,0.0,0.0
2022-05-17 00:00:00+01:00,6.2837477283413445,6.290457008507971,6.2837477283413445,6.268891334533691,500,0.0,0.0,0.0
2022-05-18 00:00:00+01:00,6.114577293395996,6.114577293395996,6.114577293395996,6.114577293395996,0,0.0,0.0,0.0
2022-05-19 00:00:00+01:00,6.041733264923096,6.041733264923096,6.041733264923096,6.041733264923096,0,0.0,0.0,0.0
2022-05-20 00:00:00+01:00,5.9656311288665185,5.9656311288665185,5.9656311288665185,5.97080659866333,23118,0.0,0.0,0.0
2022-05-23 00:00:00+01:00,6.129912853240967,6.129912853240967,6.129912853240967,6.129912853240967,0,0.0,0.0,0.0
2022-05-24 00:00:00+01:00,5.9818291664123535,5.9818291664123535,5.9818291664123535,5.9818291664123535,0,0.0,0.0,0.0
2022-05-25 00:00:00+01:00,6.093969345092773,6.093969345092773,6.093969345092773,6.093969345092773,0,0.0,0.0,0.0
2022-05-26 00:00:00+01:00,6.287102222442627,6.287102222442627,6.287102222442627,6.287102222442627,0,0.0,0.0,0.0
2022-05-27 00:00:00+01:00,6.473045825958252,6.473045825958252,6.473045825958252,6.473045825958252,0,0.0,0.0,0.0
2022-05-30 00:00:00+01:00,6.597647666931152,6.597647666931152,6.597647666931152,6.597647666931152,0,0.0,0.0,0.0
2022-05-31 00:00:00+01:00,6.474483966827393,6.474483966827393,6.474483966827393,6.474483966827393,0,0.0,0.0,0.0
2022-06-01 00:00:00+01:00,6.41505765914917,6.41505765914917,6.41505765914917,6.41505765914917,0,0.0,0.0,0.0
2022-06-06 00:00:00+01:00,6.469690799713135,6.469690799713135,6.469690799713135,6.469690799713135,0,0.0,0.0,0.0
2022-06-07 00:00:00+01:00,6.4845476150512695,6.4845476150512695,6.4845476150512695,6.4845476150512695,0,0.0,0.0,0.0
2022-06-08 00:00:00+01:00,6.551161766052246,6.551161766052246,6.551161766052246,6.551161766052246,0,0.0,0.0,0.0
2022-06-09 00:00:00+01:00,6.448604583740234,6.448604583740234,6.448604583740234,6.448604583740234,0,0.0,0.0,0.0
2022-06-10 00:00:00+01:00,6.259786128997803,6.259786128997803,6.259786128997803,6.259786128997803,0,0.0,0.0,0.0
2022-06-13 00:00:00+01:00,6.086302280426025,6.086302280426025,6.086302280426025,6.086302280426025,0,0.0,0.0,0.0
2022-06-14 00:00:00+01:00,6.064257433123598,6.069049449691507,6.04964052574402,6.038378715515137,73320,0.0,0.0,0.0
2022-06-15 00:00:00+01:00,6.000039100646973,6.000039100646973,6.000039100646973,6.000039100646973,0,0.0,0.0,0.0
2022-06-16 00:00:00+01:00,6.005433952469078,6.005433952469078,6.005433952469078,5.883090019226074,3,0.0316,0.0,0.0
2022-06-17 00:00:00+01:00,5.791573524475098,5.791573524475098,5.791573524475098,5.791573524475098,0,0.0,0.0,0.0
2022-06-20 00:00:00+01:00,5.820473670959473,5.820473670959473,5.820473670959473,5.820473670959473,0,0.0,0.0,0.0
2022-06-21 00:00:00+01:00,5.951969146728516,5.951969146728516,5.951969146728516,5.951969146728516,0,0.0,0.0,0.0
2022-06-22 00:00:00+01:00,5.873457247030324,5.879237301030108,5.873457247030324,5.9649739265441895,15491,0.0,0.0,0.0
2022-06-23 00:00:00+01:00,5.952450275421143,5.952450275421143,5.952450275421143,5.952450275421143,0,0.0,0.0,0.0
2022-06-24 00:00:00+01:00,6.079611301422119,6.079611301422119,6.079611301422119,6.079611301422119,0,0.0,0.0,0.0
2022-06-27 00:00:00+01:00,6.157159328460693,6.157159328460693,6.157159328460693,6.157159328460693,0,0.0,0.0,0.0
2022-06-28 00:00:00+01:00,6.138374328613281,6.138374328613281,6.138374328613281,6.138374328613281,0,0.0,0.0,0.0
2022-06-29 00:00:00+01:00,6.07190465927124,6.07190465927124,6.07190465927124,6.07190465927124,0,0.0,0.0,0.0
2022-06-30 00:00:00+01:00,6.043003559112549,6.043003559112549,6.043003559112549,6.043003559112549,0,0.0,0.0,0.0
2022-07-01 00:00:00+01:00,6.027109146118164,6.027109146118164,6.027109146118164,6.027109146118164,0,0.0,0.0,0.0
2022-07-04 00:00:00+01:00,6.113809585571289,6.113809585571289,6.113809585571289,6.113809585571289,0,0.0,0.0,0.0
2022-07-05 00:00:00+01:00,5.9283671379089355,5.9283671379089355,5.9283671379089355,5.9283671379089355,0,0.0,0.0,0.0
2022-07-06 00:00:00+01:00,5.990502834320068,5.990502834320068,5.990502834320068,5.990502834320068,0,0.0,0.0,0.0
2022-07-07 00:00:00+01:00,6.09935998916626,6.09935998916626,6.09935998916626,6.09935998916626,0,0.0,0.0,0.0
2022-07-08 00:00:00+01:00,6.132112979888916,6.132112979888916,6.132112979888916,6.132112979888916,0,0.0,0.0,0.0
2022-07-11 00:00:00+01:00,6.093097152937445,6.093097152937445,6.093097152937445,6.085390567779541,2,0.0,0.0,0.0
2022-07-12 00:00:00+01:00,6.0733489990234375,6.0733489990234375,6.0733489990234375,6.0733489990234375,0,0.0,0.0,0.0
2022-07-13 00:00:00+01:00,6.0275909506260605,6.032407738975616,5.99772741408388,6.010732650756836,16113,0.0,0.0,0.0
2022-07-14 00:00:00+01:00,5.921142101287842,5.921142101287842,5.921142101287842,5.921142101287842,0,0.0,0.0,0.0
2022-07-15 00:00:00+01:00,6.000810910922244,6.000810910922244,6.000810910922244,6.057936668395996,25915,0.0,0.0,0.0
2022-07-18 00:00:00+01:00,6.092616558074951,6.092616558074951,6.092616558074951,6.092616558074951,0,0.0,0.0,0.0
2022-07-19 00:00:00+01:00,6.0911712646484375,6.0911712646484375,6.0911712646484375,6.0911712646484375,0,0.0,0.0,0.0
2022-07-20 00:00:00+01:00,6.132594765389298,6.132594765389298,6.132594765389298,6.1070661544799805,1,0.0,0.0,0.0
2022-07-21 00:00:00+01:00,6.080574601122754,6.081538326332578,6.069014951501587,6.052638053894043,43382,0.0,0.0,0.0
2022-07-22 00:00:00+01:00,6.09213524639603,6.130668640136719,6.09213524639603,6.130668640136719,245,0.0,0.0,0.0
2022-07-25 00:00:00+01:00,6.152824789718544,6.152824789718544,6.152824789718544,6.172091484069824,4084,0.0,0.0,0.0
2022-07-26 00:00:00+01:00,6.1807612051998575,6.200991164938258,6.178834673611692,6.156677722930908,93,0.0,0.0,0.0
2022-07-27 00:00:00+01:00,6.171127796173096,6.171127796173096,6.171127796173096,6.171127796173096,0,0.0,0.0,0.0
2022-07-28 00:00:00+01:00,6.259754657745361,6.259754657745361,6.259754657745361,6.259754657745361,0,0.0,0.0,0.0
2022-07-29 00:00:00+01:00,6.316591795239908,6.320444858420683,6.316591795239908,6.319963455200195,241,0.0,0.0,0.0
2022-08-01 00:00:00+01:00,6.329596519470215,6.329596519470215,6.329596519470215,6.329596519470215,0,0.0,0.0,0.0
2022-08-02 00:00:00+01:00,6.279021729907573,6.332005023956299,6.279021729907573,6.332005023956299,189,0.0,0.0,0.0
2022-08-03 00:00:00+01:00,6.282393455505371,6.282393455505371,6.282393455505371,6.282393455505371,0,0.0,0.0,0.0
2022-08-04 00:00:00+01:00,6.269387697780035,6.281236739080466,6.249157739304709,6.243377685546875,25845,0.0,0.0,0.0
2022-08-05 00:00:00+01:00,6.223148547115399,6.2385617195978735,6.219295024317656,6.214960098266602,4192,0.0,0.0,0.0
2022-08-08 00:00:00+01:00,6.257827656897218,6.288654457482512,6.257827656897218,6.2997331619262695,861,0.0,0.0,0.0
2022-08-09 00:00:00+01:00,6.272277551953236,6.305994147249105,6.272277551953236,6.31707239151001,51,0.0,0.0,0.0
2022-08-10 00:00:00+01:00,6.349345684051514,6.349345684051514,6.349345684051514,6.349345684051514,0,0.0,0.0,0.0
2022-08-11 00:00:00+01:00,6.353198678056704,6.390653505150006,6.3522354121878495,6.394622325897217,4907,0.0,0.0,0.0
2022-08-12 00:00:00+01:00,6.402328014373779,6.402328014373779,6.402328014373779,6.402328014373779,0,0.0,0.0,0.0
2022-08-15 00:00:00+01:00,6.4206318855285645,6.4206318855285645,6.4206318855285645,6.4206318855285645,0,0.0,0.0,0.0
2022-08-16 00:00:00+01:00,6.472651481628418,6.472651481628418,6.472651481628418,6.472651481628418,0,0.0,0.0,0.0
2022-08-17 00:00:00+01:00,6.4408620004875035,6.465908749318025,6.439898734663904,6.479395389556885,438,0.0,0.0,0.0
2022-08-18 00:00:00+01:00,6.507332049513006,6.510221846830286,6.495579472122669,6.503478527069092,2219,0.0,0.0,0.0
2022-08-19 00:00:00+01:00,6.515038967132568,6.515038967132568,6.515038967132568,6.515038967132568,0,0.0,0.0,0.0
2022-08-22 00:00:00+01:00,6.469761685534392,6.469761685534392,6.46301836602619,6.476986408233643,365,0.0,0.0,0.0
2022-08-23 00:00:00+01:00,6.461091483276878,6.461091483276878,6.461091483276878,6.470725059509277,5,0.0,0.0,0.0
2022-08-24 00:00:00+01:00,6.476024150848389,6.476024150848389,6.476024150848389,6.476024150848389,0,0.0,0.0,0.0
2022-08-25 00:00:00+01:00,6.497216701507568,6.497216701507568,6.497216701507568,6.497216701507568,0,0.0,0.0,0.0
2022-08-26 00:00:00+01:00,6.47024393081665,6.47024393081665,6.47024393081665,6.47024393081665,0,0.0,0.0,0.0
2022-08-30 00:00:00+01:00,6.434118901327167,6.434118901327167,6.3025272307363265,6.312256813049316,1890,0.0,0.0,0.0
2022-08-31 00:00:00+01:00,6.273241888538052,6.277094951884393,6.273241888538052,6.283838272094727,15824,0.0,0.0,0.0
2022-09-01 00:00:00+01:00,6.218813419342041,6.218813419342041,6.218813419342041,6.218813419342041,0,0.0,0.0,0.0
2022-09-02 00:00:00+01:00,6.299251272063986,6.309848113912601,6.267461205872334,6.3397111892700195,1273,0.0,0.0,0.0
2022-09-05 00:00:00+01:00,6.253974914550781,6.253974914550781,6.253974914550781,6.253974914550781,0,0.0,0.0,0.0
2022-09-06 00:00:00+01:00,6.240488052368164,6.240488052368164,6.240488052368164,6.240488052368164,0,0.0,0.0,0.0
2022-09-07 00:00:00+01:00,6.230854511260986,6.230854511260986,6.230854511260986,6.230854511260986,0,0.0,0.0,0.0
2022-09-08 00:00:00+01:00,6.296361446380615,6.296361446380615,6.296361446380615,6.296361446380615,0,0.0,0.0,0.0
2022-09-09 00:00:00+01:00,6.362832069396973,6.362832069396973,6.362832069396973,6.362832069396973,0,0.0,0.0,0.0
2022-09-12 00:00:00+01:00,6.426412492951336,6.430266015838938,6.426412492951336,6.454349040985107,410,0.0,0.0,0.0
2022-09-13 00:00:00+01:00,6.395584563615567,6.395584563615567,6.395584563615567,6.316591262817383,1,0.0,0.0,0.0
2022-09-14 00:00:00+01:00,6.242414739191132,6.262452229286516,6.242414739191132,6.290581703186035,2702,0.0,0.0,0.0
2022-09-15 00:00:00+01:00,6.26071834564209,6.26071834564209,6.26071834564209,6.26071834564209,0,0.0,0.0,0.0
2022-09-16 00:00:00+01:00,6.214477604155252,6.214477604155252,6.214477604155252,6.182205677032471,6,0.0,0.0,0.0
2022-09-20 00:00:00+01:00,6.200028323590599,6.200028323590599,6.200028323590599,6.153306484222412,1,0.0,0.0,0.0
2022-09-21 00:00:00+01:00,6.202917832855453,6.202917832855453,6.202917832855453,6.2024359703063965,1,0.0,0.0,0.0
2022-09-22 00:00:00+01:00,6.091171011152471,6.091171011152471,6.091171011152471,6.108992576599121,2000,0.0,0.0,0.0
2022-09-23 00:00:00+01:00,6.053601348837527,6.061307935073418,6.053601348837527,5.968346118927002,490,0.0,0.0,0.0
2022-09-26 00:00:00+01:00,5.9307756423950195,5.9307756423950195,5.9307756423950195,5.9307756423950195,0,0.0,0.0,0.0
2022-09-27 00:00:00+01:00,5.952065220870015,5.952065220870015,5.952065220870015,5.924032211303711,200,0.0,0.0,0.0
2022-09-28 00:00:00+01:00,5.917771433989273,5.917771433989273,5.917771433989273,5.968828201293945,1,0.0,0.0,0.0
2022-09-29 00:00:00+01:00,5.988095284314715,5.988095284314715,5.988095284314715,5.926441669464111,1,0.0,0.0,0.0
2022-09-30 00:00:00+01:00,5.9360739483874125,5.9360739483874125,5.9360739483874125,5.950523853302002,394,0.0,0.0,0.0
2022-10-03 00:00:00+01:00,5.913917405479356,5.990984182795865,5.913917405479356,5.991466045379639,12,0.0,0.0,0.0
2022-10-04 00:00:00+01:00,6.146562576293945,6.146562576293945,6.146562576293945,6.146562576293945,0,0.0,0.0,0.0
2022-10-05 00:00:00+01:00,6.127295970916748,6.127295970916748,6.127295970916748,6.127295970916748,0,0.0,0.0,0.0
2022-10-06 00:00:00+01:00,6.168237209320068,6.168237209320068,6.168237209320068,6.168237209320068,0,0.0,0.0,0.0
2022-10-07 00:00:00+01:00,6.1171809123527465,6.1171809123527465,6.108511061074147,6.097914218902588,4,0.0,0.0,0.0
2022-10-10 00:00:00+01:00,5.99628210067749,5.99628210067749,5.99628210067749,5.99628210067749,0,0.0,0.0,0.0
2022-10-11 00:00:00+01:00,6.028554916381836,6.028554916381836,6.028554916381836,6.028554916381836,0,0.0,0.0,0.0
2022-10-12 00:00:00+01:00,6.037705898284912,6.037705898284912,6.037705898284912,6.037705898284912,0,0.0,0.0,0.0
2022-10-13 00:00:00+01:00,6.0627522468566895,6.0627522468566895,6.0627522468566895,6.0627522468566895,0,0.0,0.0,0.0
2022-10-14 00:00:00+01:00,6.143191384426375,6.179798242522393,6.143191384426375,6.07190465927124,62613,0.0,0.0,0.0
2022-10-17 00:00:00+01:00,6.082501435130365,6.082501435130365,6.0796111782840185,6.121516227722168,44,0.0,0.0,0.0
2022-10-18 00:00:00+01:00,6.137892723083496,6.137892723083496,6.137892723083496,6.137892723083496,0,0.0,0.0,0.0
2022-10-19 00:00:00+01:00,6.190394713313172,6.190394713313172,6.173054551149001,6.1889495849609375,11743,0.0,0.0,0.0
2022-10-20 00:00:00+01:00,6.20966100692749,6.20966100692749,6.20966100692749,6.20966100692749,0,0.0,0.0,0.0
2022-10-21 00:00:00+01:00,6.23904275894165,6.23904275894165,6.23904275894165,6.23904275894165,0,0.0,0.0,0.0
2022-10-24 00:00:00+01:00,6.386916160583496,6.386916160583496,6.386916160583496,6.386916160583496,0,0.0,0.0,0.0
2022-10-25 00:00:00+01:00,6.417741775512695,6.417741775512695,6.417741775512695,6.417741775512695,0,0.0,0.0,0.0
2022-10-26 00:00:00+01:00,6.461092256764831,6.461092256764831,6.461092256764831,6.5179290771484375,179,0.0,0.0,0.0
2022-10-27 00:00:00+01:00,6.4948086424801685,6.4948086424801685,6.4948086424801685,6.521781921386719,1,0.0,0.0,0.0
2022-10-28 00:00:00+01:00,6.558870792388916,6.558870792388916,6.558870792388916,6.558870792388916,0,0.0,0.0,0.0
2022-10-31 00:00:00+00:00,6.576693077491203,6.576693077491203,6.576693077491203,6.598368167877197,176,0.0,0.0,0.0
2022-11-01 00:00:00+00:00,6.578908156882533,6.578908156882533,6.578908156882533,6.579101085662842,363,0.0,0.0,0.0
2022-11-02 00:00:00+00:00,6.591143111882099,6.591143111882099,6.567059626615554,6.565133094787598,145,0.0,0.0,0.0
2022-11-03 00:00:00+00:00,6.49866247177124,6.49866247177124,6.49866247177124,6.49866247177124,0,0.0,0.0,0.0
2022-11-04 00:00:00+00:00,6.529488403540986,6.534305191656409,6.529488403540986,6.466390132904053,38,0.0,0.0,0.0
2022-11-07 00:00:00+00:00,6.519855106209444,6.519855106209444,6.519855106209444,6.562241554260254,1,0.0,0.0,0.0
2022-11-08 00:00:00+00:00,6.584398681483891,6.584398681483891,6.584398681483891,6.625340461730957,2,0.0,0.0,0.0
2022-11-09 00:00:00+00:00,6.603665585981507,6.603665585981507,6.571875518388644,6.577173709869385,2,0.0,0.0,0.0
2022-11-10 00:00:00+00:00,6.490954664921287,6.611371605144047,6.490954664921287,6.596439838409424,491,0.0,0.0,0.0
2022-11-11 00:00:00+00:00,6.680732618930408,6.683622875743717,6.625822333019829,6.559352397918701,216,0.0,0.0,0.0
2022-11-14 00:00:00+00:00,6.606555559511615,6.621969190504961,6.606555559511615,6.648942470550537,1784,0.0,0.0,0.0
2022-11-15 00:00:00+00:00,6.64894314859353,6.64894314859353,6.64894314859353,6.636419773101807,1,0.0,0.0,0.0
2022-11-16 00:00:00+00:00,6.647016084325054,6.647016084325054,6.636419241494982,6.637382507324219,355,0.0,0.0,0.0
2022-11-17 00:00:00+00:00,6.5506827122099835,6.5506827122099835,6.5506827122099835,6.569467544555664,2292,0.0,0.0,0.0
2022-11-18 00:00:00+00:00,6.632566363369182,6.632566363369182,6.632566363369182,6.660502910614014,3,0.0,0.0,0.0
2022-11-21 00:00:00+00:00,6.649904219373599,6.649904219373599,6.649904219373599,6.615224361419678,1,0.0,0.0,0.0
2022-11-22 00:00:00+00:00,6.7313079833984375,6.7313079833984375,6.7313079833984375,6.7313079833984375,0,0.0,0.0,0.0
2022-11-23 00:00:00+00:00,6.7847726841547065,6.7847726841547065,6.775139107891563,6.757317543029785,43,0.0,0.0,0.0
2022-11-24 00:00:00+00:00,6.773213221557096,6.773213221557096,6.773213221557096,6.771768093109131,7,0.0,0.0,0.0
2022-11-25 00:00:00+00:00,6.782845550687373,6.782845550687373,6.782845550687373,6.777547359466553,2480,0.0,0.0,0.0
2022-11-28 00:00:00+00:00,6.723119626847265,6.723119626847265,6.709632986469781,6.729381084442139,1301,0.0,0.0,0.0
2022-11-29 00:00:00+00:00,6.705779419085557,6.705779419085557,6.705779419085557,6.668691158294678,30,0.0,0.0,0.0
2022-11-30 00:00:00+00:00,6.695182800292969,6.695182800292969,6.695182800292969,6.695182800292969,0,0.0,0.0,0.0
2022-12-01 00:00:00+00:00,6.854132069645901,6.854132069645901,6.797295718078956,6.798740386962891,1476,0.0,0.0,0.0
2022-12-02 00:00:00+00:00,6.790552414741518,6.790552414741518,6.790552414741518,6.794405937194824,38,0.0,0.0,0.0
2022-12-05 00:00:00+00:00,6.80981875267824,6.80981875267824,6.763578782424349,6.765505313873291,1763,0.0,0.0,0.0
2022-12-06 00:00:00+00:00,6.673988817017424,6.673988817017424,6.673988817017424,6.665318965911865,69,0.0,0.0,0.0
2022-12-07 00:00:00+00:00,6.6556854248046875,6.6556854248046875,6.6556854248046875,6.6556854248046875,0,0.0,0.0,0.0
2022-12-08 00:00:00+00:00,6.683140754699707,6.683140754699707,6.683140754699707,6.683140754699707,0,0.0,0.0,0.0
2022-12-09 00:00:00+00:00,6.676879621101419,6.676879621101419,6.673026098430642,6.633047580718994,18214,0.0,0.0,0.0
2022-12-12 00:00:00+00:00,6.556462223347555,6.556462223347555,6.556462223347555,6.601738929748535,1,0.0,0.0,0.0
2022-12-13 00:00:00+00:00,6.662428576845691,6.662428576845691,6.65953877965269,6.645570278167725,18051,0.0,0.0,0.0
2022-12-14 00:00:00+00:00,6.637382693222978,6.637382693222978,6.637382693222978,6.664837837219238,203,0.0,0.0,0.0
2022-12-15 00:00:00+00:00,6.575101524643561,6.575101524643561,6.575101524643561,6.510448932647705,42,0.0632,0.0,0.0
2022-12-16 00:00:00+00:00,6.44920015335083,6.44920015335083,6.44920015335083,6.44920015335083,0,0.0,0.0,0.0
2022-12-19 00:00:00+00:00,6.508991718292236,6.508991718292236,6.508991718292236,6.508991718292236,0,0.0,0.0,0.0
2022-12-20 00:00:00+00:00,6.4730193394764965,6.4730193394764965,6.4730193394764965,6.485658168792725,1,0.0,0.0,0.0
2022-12-21 00:00:00+00:00,6.5138519326380715,6.5138519326380715,6.5138519326380715,6.574615478515625,620,0.0,0.0,0.0
2022-12-22 00:00:00+00:00,6.518712930095973,6.518712930095973,6.518712930095973,6.525518417358398,203,0.0,0.0,0.0
2022-12-23 00:00:00+00:00,6.532323485232052,6.532323485232052,6.532323485232052,6.533295631408691,1,0.0,0.0,0.0
2022-12-28 00:00:00+00:00,6.550796031951904,6.550796031951904,6.550796031951904,6.550796031951904,0,0.0,0.0,0.0
2022-12-29 00:00:00+00:00,6.5206579044156685,6.5206579044156685,6.513852416441618,6.560032844543457,548,0.0,0.0,0.0
2022-12-30 00:00:00+00:00,6.524546488096242,6.524546488096242,6.519685293150262,6.5381574630737305,1616,0.0,0.0,0.0
2023-01-03 00:00:00+00:00,6.621768504527653,6.621768504527653,6.46524181840404,6.460866928100586,100,0.0,0.0,0.0
2023-01-04 00:00:00+00:00,6.440936088562012,6.440936088562012,6.440936088562012,6.440936088562012,0,0.0,0.0,0.0
2023-01-05 00:00:00+00:00,6.440935870111417,6.4419080163809905,6.42246370022233,6.4210052490234375,97,0.0,0.0,0.0
2023-01-06 00:00:00+00:00,6.558574199676514,6.558574199676514,6.558574199676514,6.558574199676514,0,0.0,0.0,0.0
2023-01-09 00:00:00+00:00,6.544963236266975,6.574129943626986,6.544963236266975,6.55128288269043,1851,0.0,0.0,0.0
2023-01-10 00:00:00+00:00,6.458436204799233,6.458436204799233,6.4496859607734915,6.452602863311768,47,0.0,0.0,0.0
2023-01-11 00:00:00+00:00,6.504130521278607,6.504130521278607,6.504130521278607,6.494408130645752,1267,0.0,0.0,0.0
2023-01-12 00:00:00+00:00,6.534268788574839,6.534268788574839,6.534268788574839,6.541074275970459,1,0.0,0.0,0.0
2023-01-13 00:00:00+00:00,6.502185722728239,6.502185722728239,6.502185722728239,6.552740573883057,1,0.0,0.0,0.0
2023-01-16 00:00:00+00:00,6.5503106117248535,6.5503106117248535,6.5503106117248535,6.5503106117248535,0,0.0,0.0,0.0
2023-01-17 00:00:00+00:00,6.552740573883057,6.552740573883057,6.552740573883057,6.552740573883057,0,0.0,0.0,0.0
2023-01-18 00:00:00+00:00,6.543990893305706,6.543990893305706,6.543990893305706,6.502185821533203,1,0.0,0.0,0.0
2023-01-19 00:00:00+00:00,6.3903807915692665,6.3903807915692665,6.3903807915692665,6.397186279296875,400,0.0,0.0,0.0
2023-01-20 00:00:00+00:00,6.442880698613494,6.442880698613494,6.442880698613494,6.436075210571289,4832,0.0,0.0,0.0
2023-01-23 00:00:00+00:00,6.489547252655029,6.489547252655029,6.489547252655029,6.489547252655029,0,0.0,0.0,0.0
2023-01-24 00:00:00+00:00,6.456977844238281,6.456977844238281,6.456977844238281,6.456977844238281,0,0.0,0.0,0.0
2023-01-25 00:00:00+00:00,6.464270114898682,6.464270114898682,6.464270114898682,6.464270114898682,0,0.0,0.0,0.0
2023-01-26 00:00:00+00:00,6.514825580186555,6.529408703715051,6.514825580186555,6.52406120300293,31790,0.0,0.0,0.0
2023-01-27 00:00:00+00:00,6.566352169723383,6.575101949950552,6.566352169723383,6.509963512420654,180,0.0,0.0,0.0
2023-01-30 00:00:00+00:00,6.462324519270185,6.462324519270185,6.462324519270185,6.479824542999268,10,0.0,0.0,0.0
2023-01-31 00:00:00+00:00,6.430241543542703,6.465241591922455,6.430241543542703,6.470102787017822,2501,0.0,0.0,0.0
2023-02-01 00:00:00+00:00,6.502185770889786,6.502185770889786,6.502185770889786,6.457949638366699,1,0.0,0.0,0.0
2023-02-02 00:00:00+00:00,6.475935689695788,6.475935689695788,6.4487137387997135,6.34225606918335,32579,0.0,0.0,0.0
2023-02-03 00:00:00+00:00,6.339825101044523,6.339825101044523,6.339825101044523,6.379685878753662,1,0.0,0.0,0.0
2023-02-06 00:00:00+00:00,6.350520224582588,6.350520224582588,6.344686882964761,6.354895114898682,689,0.0,0.0,0.0
2023-02-07 00:00:00+00:00,6.357325426759946,6.357325426759946,6.340797548987561,6.341769695281982,15374,0.0,0.0,0.0
2023-02-08 00:00:00+00:00,6.408853099285776,6.408853099285776,6.401075465086228,6.390867233276367,2201,0.0,0.0,0.0
2023-02-09 00:00:00+00:00,6.422463893890381,6.422463893890381,6.422463893890381,6.422463893890381,0,0.0,0.0,0.0
2023-02-10 00:00:00+00:00,6.464270114898682,6.464270114898682,6.464270114898682,6.464270114898682,0,0.0,0.0,0.0
2023-02-13 00:00:00+00:00,6.4924634315089955,6.4953803339518865,6.4924634315089955,6.502185821533203,1826,0.0,0.0,0.0
2023-02-14 00:00:00+00:00,6.539129890802938,6.539129890802938,6.539129890802938,6.489060878753662,1,0.0,0.0,0.0
2023-02-15 00:00:00+00:00,6.479824290230324,6.486629777483539,6.478852143992587,6.463296413421631,4500,0.0,0.0,0.0
2023-02-16 00:00:00+00:00,6.468158108631342,6.468158108631342,6.4603804745386455,6.441422462463379,3,0.0,0.0,0.0
2023-02-17 00:00:00+00:00,6.368991908994465,6.368991908994465,6.368991908994465,6.376769542694092,1,0.0,0.0,0.0
2023-02-20 00:00:00+00:00,6.377741813659668,6.377741813659668,6.377741813659668,6.377741813659668,0,0.0,0.0,0.0
2023-02-21 00:00:00+00:00,6.367047163211757,6.384547186756118,6.3651028706809605,6.362186431884766,61053,0.0,0.0,0.0
2023-02-22 00:00:00+00:00,6.3719085604420265,6.3719085604420265,6.3719085604420265,6.334478378295898,30,0.0,0.0,0.0
2023-02-23 00:00:00+00:00,6.340797365706345,6.353436194346642,6.340797365706345,6.325727939605713,1842,0.0,0.0,0.0
2023-02-24 00:00:00+00:00,6.286353826192376,6.286353826192376,6.286353826192376,6.302881240844727,150,0.0,0.0,0.0
2023-02-27 00:00:00+00:00,6.346630718751866,6.354408352486029,6.346630718751866,6.318436622619629,230,0.0,0.0,0.0
2023-02-28 00:00:00+00:00,6.281493186950684,6.281493186950684,6.281493186950684,6.281493186950684,0,0.0,0.0,0.0
2023-03-01 00:00:00+00:00,6.249409471875277,6.249409471875277,6.249409471875277,6.2698259353637695,1,0.0,0.0,0.0
2023-03-02 00:00:00+00:00,6.290243148803711,6.290243148803711,6.290243148803711,6.290243148803711,0,0.0,0.0,0.0
2023-03-03 00:00:00+00:00,6.331076372897431,6.331076372897431,6.331076372897431,6.329132080078125,1,0.0,0.0,0.0
2023-03-06 00:00:00+00:00,6.36802012557993,6.37093656453757,6.3670475156716275,6.361214637756348,17982,0.0,0.0,0.0
2023-03-07 00:00:00+00:00,6.317464351654053,6.317464351654053,6.317464351654053,6.317464351654053,0,0.0,0.0,0.0
2023-03-08 00:00:00+00:00,6.309686658851169,6.309686658851169,6.290242341858912,6.262048244476318,6658,0.0,0.0,0.0
2023-03-09 00:00:00+00:00,6.250382333414567,6.258159968454104,6.250382333414567,6.253299236297607,27,0.0,0.0,0.0
2023-03-10 00:00:00+00:00,6.158993980150267,6.159966126566022,6.158993980150267,6.2085771560668945,201,0.0,0.0,0.0
2023-03-13 00:00:00+00:00,6.154131919665112,6.154131919665112,6.154131919665112,6.103090763092041,158,0.0,0.0,0.0
2023-03-14 00:00:00+00:00,6.136146068572998,6.136146068572998,6.136146068572998,6.136146068572998,0,0.0,0.0,0.0
2023-03-15 00:00:00+00:00,5.966494083404541,5.966494083404541,5.966494083404541,5.966494083404541,0,0.0,0.0,0.0
2023-03-16 00:00:00+00:00,6.036979675292969,6.036979675292969,6.036979675292969,6.036979675292969,0,0.0,0.0,0.0
2023-03-17 00:00:00+00:00,6.070521199158594,6.070521199158594,6.059826663110431,5.9961466789245605,65148,0.0,0.0,0.0
2023-03-20 00:00:00+00:00,5.967467089410754,5.967467089410754,5.967467089410754,6.064688682556152,2,0.0,0.0,0.0
2023-03-21 00:00:00+00:00,6.144410041230963,6.144410041230963,6.144410041230963,6.1327433586120605,4,0.0,0.0,0.0
2023-03-22 00:00:00+00:00,6.123993013655174,6.158020914662846,6.123993013655174,6.142951488494873,351,0.0,0.0,0.0
2023-03-23 00:00:00+00:00,6.055938359851381,6.073438384129276,6.055938359851381,6.0860772132873535,419,0.0,0.0,0.0
2023-03-24 00:00:00+00:00,5.985938779399296,5.985938779399296,5.985938779399296,6.038924694061279,401,0.0,0.0,0.0
2023-03-27 00:00:00+01:00,6.134687364708644,6.134687364708644,6.124965438706268,6.119617938995361,850,0.0,0.0,0.0
2023-03-28 00:00:00+01:00,6.179895877838135,6.179895877838135,6.179895877838135,6.179895877838135,0,0.0,0.0,0.0
2023-03-29 00:00:00+01:00,6.207604190179493,6.208576336466915,6.206631580302997,6.187673568725586,514,0.0,0.0,0.0
2023-03-30 00:00:00+01:00,6.214895248413086,6.214895248413086,6.214895248413086,6.214895248413086,0,0.0,0.0,0.0
2023-03-31 00:00:00+01:00,6.257186709211734,6.257186709211734,6.257186709211734,6.255728721618652,1,0.0,0.0,0.0
2023-04-03 00:00:00+01:00,6.332047795342385,6.351492112079694,6.331075649043881,6.374825477600098,1200,0.0,0.0,0.0
2023-04-04 00:00:00+01:00,6.428297010887322,6.428297010887322,6.428297010887322,6.347602844238281,1,0.0,0.0,0.0
2023-04-05 00:00:00+01:00,6.3923249921767775,6.3923249921767775,6.3923249921767775,6.385519504547119,383,0.0,0.0,0.0
2023-04-06 00:00:00+01:00,6.440936554541568,6.440936554541568,6.4263534317702,6.407881259918213,718,0.0,0.0,0.0
2023-04-11 00:00:00+01:00,6.458436125992261,6.458436125992261,6.458436125992261,6.473991394042969,3,0.0,0.0,0.0
2023-04-12 00:00:00+01:00,6.474962815833453,6.474962815833453,6.474962815833453,6.4793381690979,19,0.0,0.0,0.0
2023-04-13 00:00:00+01:00,6.486629646232488,6.486629646232488,6.486629646232488,6.491490840911865,10,0.0,0.0,0.0
2023-04-14 00:00:00+01:00,6.472047328948975,6.472047328948975,6.472047328948975,6.472047328948975,0,0.0,0.0,0.0
2023-04-17 00:00:00+01:00,6.470102787017822,6.470102787017822,6.470102787017822,6.470102787017822,0,0.0,0.0,0.0
2023-04-18 00:00:00+01:00,6.451630830239655,6.46815824508667,6.451630830239655,6.46815824508667,19244,0.0,0.0,0.0
2023-04-19 00:00:00+01:00,6.458436625756354,6.458436625756354,6.4555197230279555,6.444825649261475,229,0.0,0.0,0.0
2023-04-20 00:00:00+01:00,6.41468620300293,6.41468620300293,6.41468620300293,6.41468620300293,0,0.0,0.0,0.0
2023-04-21 00:00:00+01:00,6.4137139320373535,6.4137139320373535,6.4137139320373535,6.4137139320373535,0,0.0,0.0,0.0
2023-04-24 00:00:00+01:00,6.42149246173777,6.42149246173777,6.42149246173777,6.453575611114502,2,0.0,0.0,0.0
2023-04-25 00:00:00+01:00,6.435588836669922,6.435588836669922,6.435588836669922,6.435588836669922,0,0.0,0.0,0.0
2023-04-26 00:00:00+01:00,6.403019583134047,6.403019583134047,6.403019583134047,6.345658779144287,19,0.0,0.0,0.0
2023-04-27 00:00:00+01:00,6.325242519378662,6.325242519378662,6.325242519378662,6.325242519378662,0,0.0,0.0,0.0
2023-04-28 00:00:00+01:00,6.349548518155038,6.349548518155038,6.349548518155038,6.413228511810303,41,0.0,0.0,0.0
2023-05-02 00:00:00+01:00,6.431213874336475,6.431213874336475,6.326214653363265,6.292187213897705,6541,0.0,0.0,0.0
2023-05-03 00:00:00+01:00,6.31843675799956,6.337881074546116,6.31843675799956,6.304825782775879,47778,0.0,0.0,0.0
2023-05-04 00:00:00+01:00,6.28149222883829,6.28149222883829,6.263992205395229,6.233853816986084,15982,0.0,0.0,0.0
2023-05-05 00:00:00+01:00,6.332047939300537,6.332047939300537,6.332047939300537,6.332047939300537,0,0.0,0.0,0.0
2023-05-09 00:00:00+01:00,6.321353108043069,6.329131205423659,6.321353108043069,6.340797424316406,1893,0.0,0.0,0.0
2023-05-10 00:00:00+01:00,6.368992864408668,6.368992864408668,6.368992864408668,6.329132080078125,25,0.0,0.0,0.0
2023-05-11 00:00:00+01:00,6.287811756134033,6.287811756134033,6.287811756134033,6.287811756134033,0,0.0,0.0,0.0
2023-05-12 00:00:00+01:00,6.317464351654053,6.317464351654053,6.317464351654053,6.317464351654053,0,0.0,0.0,0.0
2023-05-15 00:00:00+01:00,6.351492015692696,6.351492015692696,6.351492015692696,6.308228492736816,1,0.0,0.0,0.0
2023-05-16 00:00:00+01:00,6.2562150955200195,6.2562150955200195,6.2562150955200195,6.2562150955200195,0,0.0,0.0,0.0
2023-05-17 00:00:00+01:00,6.256215641005917,6.260104690298757,6.236771321719998,6.249410152435303,325,0.0,0.0,0.0
2023-05-18 00:00:00+01:00,6.267881619905945,6.267881619905945,6.267881619905945,6.258645534515381,605,0.0,0.0,0.0
2023-05-19 00:00:00+01:00,6.31503438949585,6.31503438949585,6.31503438949585,6.31503438949585,0,0.0,0.0,0.0
2023-05-22 00:00:00+01:00,6.296075753001566,6.296075753001566,6.296075753001566,6.302881240844727,201,0.0,0.0,0.0
2023-05-23 00:00:00+01:00,6.260103466929403,6.274686587646677,6.260103466929403,6.2839226722717285,73,0.0,0.0,0.0
2023-05-24 00:00:00+01:00,6.255241870880127,6.255241870880127,6.255241870880127,6.255241870880127,0,0.0,0.0,0.0
2023-05-25 00:00:00+01:00,6.224132164014567,6.231909798602502,6.2076047484638455,6.158993721008301,157315,0.0,0.0,0.0
2023-05-26 00:00:00+01:00,6.170659766774481,6.170659766774481,6.170659766774481,6.154131889343262,5,0.0,0.0,0.0
2023-05-30 00:00:00+01:00,6.135660660804514,6.146355198641486,6.135660660804514,6.113785743713379,16588,0.0,0.0,0.0
2023-05-31 00:00:00+01:00,6.115243251715817,6.115243251715817,6.115243251715817,6.099201679229736,350,0.0,0.0,0.0
2023-06-01 00:00:00+01:00,6.161423683166504,6.161423683166504,6.161423683166504,6.161423683166504,0,0.0,0.0,0.0
2023-06-02 00:00:00+01:00,6.247465133666992,6.247465133666992,6.247465133666992,6.247465133666992,0,0.0,0.0,0.0
2023-06-05 00:00:00+01:00,6.232881094486009,6.232881094486009,6.232881094486009,6.2513532638549805,4,0.0,0.0,0.0
2023-06-06 00:00:00+01:00,6.2236456871032715,6.2236456871032715,6.2236456871032715,6.2236456871032715,0,0.0,0.0,0.0
2023-06-07 00:00:00+01:00,6.221214633261323,6.221214633261323,6.221214633261323,6.220242023468018,167,0.0,0.0,0.0
2023-06-08 00:00:00+01:00,6.193020269935958,6.193020269935958,6.193020269935958,6.228992462158203,25,0.0,0.0,0.0
2023-06-09 00:00:00+01:00,6.248923301696777,6.248923301696777,6.248923301696777,6.248923301696777,0,0.0,0.0,0.0
2023-06-12 00:00:00+01:00,6.280519996006679,6.281686849655756,6.280519996006679,6.2771172523498535,4110,0.0,0.0,0.0
2023-06-13 00:00:00+01:00,6.387464363612491,6.387464363612491,6.387464363612491,6.382603168487549,150,0.0,0.0,0.0
2023-06-14 00:00:00+01:00,6.382602697282651,6.420519181997609,6.382602697282651,6.430241107940674,3002,0.0,0.0,0.0
2023-06-15 00:00:00+01:00,6.461904525756836,6.461904525756836,6.461904525756836,6.461904525756836,0,0.0543,0.0,0.0
2023-06-16 00:00:00+01:00,6.5079765097326066,6.5079765097326066,6.5079765097326066,6.495233058929443,12746,0.0,0.0,0.0
2023-06-19 00:00:00+01:00,6.444749355316162,6.444749355316162,6.444749355316162,6.444749355316162,0,0.0,0.0,0.0
2023-06-20 00:00:00+01:00,6.417791843414307,6.417791843414307,6.417791843414307,6.417791843414307,0,0.0,0.0,0.0
2023-06-21 00:00:00+01:00,6.40749979019165,6.40749979019165,6.40749979019165,6.40749979019165,0,0.0,0.0,0.0
2023-06-22 00:00:00+01:00,6.416811943054199,6.416811943054199,6.416811943054199,6.416811943054199,0,0.0,0.0,0.0
2023-06-23 00:00:00+01:00,6.378582178452006,6.378582178452006,6.374660936540354,6.373190879821777,4518,0.0,0.0,0.0
2023-06-26 00:00:00+01:00,6.40602908466106,6.40602908466106,6.40602908466106,6.364858150482178,5958,0.0,0.0,0.0
2023-06-27 00:00:00+01:00,6.373680696123198,6.373680696123198,6.373680696123198,6.389365196228027,35,0.0,0.0,0.0
2023-06-28 00:00:00+01:00,6.441318988800049,6.441318988800049,6.441318988800049,6.441318988800049,0,0.0,0.0,0.0
2023-06-29 00:00:00+01:00,6.457003116607666,6.457003116607666,6.457003116607666,6.457003116607666,0,0.0,0.0,0.0
2023-06-30 00:00:00+01:00,6.514838695526123,6.514838695526123,6.514838695526123,6.514838695526123,2987,0.0,0.0,0.0
2023-07-03 00:00:00+01:00,6.508466720581055,6.508466720581055,6.508466720581055,6.508466720581055,0,0.0,0.0,0.0
2023-07-04 00:00:00+01:00,6.518760047030303,6.518760047030303,6.518397323979221,6.51287841796875,1263,0.0,0.0,0.0
2023-07-05 00:00:00+01:00,6.501115322113037,6.501115322113037,6.501115322113037,6.501115322113037,0,0.0,0.0,0.0
2023-07-06 00:00:00+01:00,6.421713991533007,6.452494034536603,6.421713991533007,6.4099507331848145,446,0.0,0.0,0.0
2023-07-07 00:00:00+01:00,6.429555777259442,6.429555777259442,6.429555777259442,6.425144672393799,63,0.0,0.0,0.0
2023-07-10 00:00:00+01:00,6.448670387268066,6.448670387268066,6.448670387268066,6.448670387268066,0,0.0,0.0,0.0
2023-07-11 00:00:00+01:00,6.474648025087839,6.474648025087839,6.474648025087839,6.4697465896606445,3000,0.0,0.0,0.0
2023-07-12 00:00:00+01:00,6.570222854614258,6.570222854614258,6.570222854614258,6.570222854614258,0,0.0,0.0,0.0
2023-07-13 00:00:00+01:00,6.57267427444458,6.57267427444458,6.57267427444458,6.57267427444458,0,0.0,0.0,0.0
2023-07-14 00:00:00+01:00,6.628549575805664,6.628549575805664,6.628549575805664,6.628549575805664,0,0.0,0.0,0.0
2023-07-17 00:00:00+01:00,6.62119722366333,6.62119722366333,6.62119722366333,6.62119722366333,0,0.0,0.0,0.0
2023-07-18 00:00:00+01:00,6.639822483062744,6.639822483062744,6.639822483062744,6.639822483062744,0,0.0,0.0,0.0
2023-07-19 00:00:00+01:00,6.683444111138403,6.685404965733436,6.6481548049736485,6.668740272521973,1295,0.0,0.0,0.0
2023-07-20 00:00:00+01:00,6.625118255615234,6.625118255615234,6.625118255615234,6.625118255615234,0,0.0,0.0,0.0
2023-07-21 00:00:00+01:00,6.618256568908691,6.618256568908691,6.618256568908691,6.618256568908691,0,0.0,0.0,0.0
2023-07-24 00:00:00+01:00,6.599141618245233,6.599141618245233,6.599141618245233,6.587868690490723,164,0.0,0.0,0.0
2023-07-25 00:00:00+01:00,6.617277145385742,6.617277145385742,6.617277145385742,6.617277145385742,0,0.0,0.0,0.0
2023-07-26 00:00:00+01:00,6.561892032623291,6.561892032623291,6.561892032623291,6.561892032623291,0,0.0,0.0,0.0
2023-07-27 00:00:00+01:00,6.642273242452658,6.642273242452658,6.642273242452658,6.641293048858643,6,0.0,0.0,0.0
2023-07-28 00:00:00+01:00,6.634431519248106,6.634431519248106,6.634431519248106,6.640313148498535,31,0.0,0.0,0.0
2023-07-31 00:00:00+01:00,6.63737154006958,6.63737154006958,6.63737154006958,6.63737154006958,0,0.0,0.0,0.0
2023-08-01 00:00:00+01:00,6.652075939572767,6.652075939572767,6.652075939572767,6.640313148498535,1,0.0,0.0,0.0
2023-08-02 00:00:00+01:00,6.60698338079457,6.60698338079457,6.60698338079457,6.56630277633667,193,0.0,0.0,0.0
2023-08-03 00:00:00+01:00,6.548167978033927,6.548167978033927,6.548167978033927,6.558460712432861,300,0.0,0.0,0.0
2023-08-04 00:00:00+01:00,6.548167560667304,6.562871866665671,6.548167560667304,6.5903191566467285,1430,0.0,0.0,0.0
2023-08-07 00:00:00+01:00,6.561890714942955,6.561890714942955,6.561890714942955,6.583946704864502,195,0.0,0.0,0.0
2023-08-08 00:00:00+01:00,6.58737795723934,6.602082262900116,6.58737795723934,6.590808868408203,229,0.0,0.0,0.0
2023-08-09 00:00:00+01:00,6.54865837097168,6.54865837097168,6.54865837097168,6.54865837097168,0,0.0,0.0,0.0
2023-08-10 00:00:00+01:00,6.5658121553220665,6.5658121553220665,6.5658121553220665,6.591299057006836,195,0.0,0.0,0.0
2023-08-11 00:00:00+01:00,6.5481676146962045,6.5481676146962045,6.5481676146962045,6.514838695526123,1,0.0,0.0,0.0
2023-08-14 00:00:00+01:00,6.54620715196436,6.54620715196436,6.54620715196436,6.57757568359375,1006,0.0,0.0,0.0
2023-08-15 00:00:00+01:00,6.578555316569288,6.578555316569288,6.578555316569288,6.574634075164795,1,0.0,0.0,0.0
2023-08-16 00:00:00+01:00,6.5736541748046875,6.5736541748046875,6.5736541748046875,6.5736541748046875,0,0.0,0.0,0.0
2023-08-17 00:00:00+01:00,6.480529308319092,6.480529308319092,6.480529308319092,6.480529308319092,0,0.0,0.0,0.0
2023-08-18 00:00:00+01:00,6.401618003845215,6.401618003845215,6.401618003845215,6.401618003845215,0,0.0,0.0,0.0
2023-08-21 00:00:00+01:00,6.43984842300415,6.43984842300415,6.43984842300415,6.43984842300415,0,0.0,0.0,0.0
2023-08-22 00:00:00+01:00,6.506996719796368,6.506996719796368,6.506996719796368,6.492292881011963,75,0.0,0.0,0.0
2023-08-23 00:00:00+01:00,6.545226573944092,6.545226573944092,6.545226573944092,6.545226573944092,0,0.0,0.0,0.0
2023-08-24 00:00:00+01:00,6.627569296676514,6.627569296676514,6.627569296676514,6.511898040771484,193,0.0,0.0,0.0
2023-08-25 00:00:00+01:00,6.483470344112949,6.483470344112949,6.483470344112949,6.443769931793213,1,0.0,0.0,0.0
2023-08-29 00:00:00+01:00,6.568753840915232,6.568753840915232,6.568753840915232,6.60355281829834,5,0.0,0.0,0.0
2023-08-30 00:00:00+01:00,6.677562823334252,6.677562823334252,6.677562823334252,6.675602436065674,33,0.0,0.0,0.0
2023-08-31 00:00:00+01:00,6.693737030029297,6.693737030029297,6.693737030029297,6.693737030029297,0,0.0,0.0,0.0
2023-09-01 00:00:00+01:00,6.667760140827216,6.667760140827216,6.667760140827216,6.658937931060791,6,0.0,0.0,0.0
2023-09-04 00:00:00+01:00,6.675602341036665,6.679896121960081,6.675602341036665,6.659918308258057,1567,0.0,0.0,0.0
2023-09-05 00:00:00+01:00,6.657957112565002,6.661878354272115,6.655996725424743,6.6530561447143555,634,0.0,0.0,0.0
2023-09-06 00:00:00+01:00,6.605513095855713,6.605513095855713,6.605513095855713,6.605513095855713,0,0.0,0.0,0.0
2023-09-07 00:00:00+01:00,6.592279382077363,6.602082252502441,6.592279382077363,6.602082252502441,2770,0.0,0.0,0.0
2023-09-08 00:00:00+01:00,6.592279634492381,6.6265892148672645,6.592279634492381,6.623648166656494,1260,0.0,0.0,0.0
2023-09-11 00:00:00+01:00,6.623157501220703,6.623157501220703,6.623157501220703,6.623157501220703,0,0.0,0.0,0.0
2023-09-12 00:00:00+01:00,6.610904242667152,6.610904242667152,6.610904242667152,6.6060028076171875,2,0.0,0.0,0.0
2023-09-13 00:00:00+01:00,6.610414981842041,6.610414981842041,6.610414981842041,6.610414981842041,0,0.0,0.0,0.0
2023-09-14 00:00:00+01:00,6.635410785675049,6.635410785675049,6.635410785675049,6.635410785675049,0,0.0,0.0,0.0
2023-09-15 00:00:00+01:00,6.651095374735802,6.651095374735802,6.583457343270705,6.555029392242432,201,0.0,0.0,0.0
2023-09-18 00:00:00+01:00,6.545226573944092,6.545226573944092,6.545226573944092,6.545226573944092,0,0.0,0.0,0.0
2023-09-19 00:00:00+01:00,6.549148212002954,6.549148212002954,6.549148212002954,6.500624656677246,6,0.0,0.0,0.0
2023-09-20 00:00:00+01:00,6.540815830230713,6.540815830230713,6.540815830230713,6.540815830230713,0,0.0,0.0,0.0
2023-09-21 00:00:00+01:00,6.416812861944819,6.416812861944819,6.416812861944819,6.37368106842041,14,0.0,0.0,0.0
2023-09-22 00:00:00+01:00,6.38348311282233,6.411910595313468,6.38348311282233,6.402108192443848,447,0.0,0.0,0.0
2023-09-25 00:00:00+01:00,6.37368106842041,6.37368106842041,6.37368106842041,6.37368106842041,0,0.0,0.0,0.0
2023-09-26 00:00:00+01:00,6.320745944976807,6.320745944976807,6.320745944976807,6.320745944976807,0,0.0,0.0,0.0
2023-09-27 00:00:00+01:00,6.326627731323242,6.326627731323242,6.326627731323242,6.326627731323242,0,0.0,0.0,0.0
2023-09-28 00:00:00+01:00,6.374660491943359,6.374660491943359,6.374660491943359,6.374660491943359,0,0.0,0.0,0.0
2023-09-29 00:00:00+01:00,6.403088280056284,6.403088280056284,6.403088280056284,6.386423587799072,688,0.0,0.0,0.0
2023-10-02 00:00:00+01:00,6.363878114295776,6.363878114295776,6.363878114295776,6.370739936828613,34,0.0,0.0,0.0
2023-10-03 00:00:00+01:00,6.343292858384023,6.343292858384023,6.304082309051687,6.253108501434326,3914,0.0,0.0,0.0
2023-10-04 00:00:00+01:00,6.258009762584527,6.258009762584527,6.241100136436278,6.276144981384277,1265,0.0,0.0,0.0
2023-10-05 00:00:00+01:00,6.262420654296875,6.262420654296875,6.262420654296875,6.262420654296875,0,0.0,0.0,0.0
2023-10-06 00:00:00+01:00,6.319275856018066,6.319275856018066,6.319275856018066,6.319275856018066,0,0.0,0.0,0.0
2023-10-09 00:00:00+01:00,6.367798328399658,6.367798328399658,6.367798328399658,6.367798328399658,0,0.0,0.0,0.0
2023-10-10 00:00:00+01:00,6.493762493133545,6.493762493133545,6.493762493133545,6.493762493133545,0,0.0,0.0,0.0
2023-10-11 00:00:00+01:00,6.453572750091553,6.453572750091553,6.453572750091553,6.453572750091553,0,0.0,0.0,0.0
2023-10-12 00:00:00+01:00,6.478569030761719,6.478569030761719,6.478569030761719,6.478569030761719,0,0.0,0.0,0.0
2023-10-13 00:00:00+01:00,6.423674146915117,6.423674146915117,6.423674146915117,6.40112829208374,2,0.0,0.0,0.0
2023-10-16 00:00:00+01:00,6.480039596557617,6.480039596557617,6.480039596557617,6.480039596557617,0,0.0,0.0,0.0
2023-10-17 00:00:00+01:00,6.436417581097128,6.455042661521561,6.420733548858975,6.4604339599609375,15618,0.0,0.0,0.0
2023-10-18 00:00:00+01:00,6.421713829040527,6.421713829040527,6.421713829040527,6.421713829040527,0,0.0,0.0,0.0
2023-10-19 00:00:00+01:00,6.421713829040527,6.421713829040527,6.421713829040527,6.421713829040527,0,0.0,0.0,0.0
2023-10-20 00:00:00+01:00,6.293298815146832,6.293298815146832,6.293298815146832,6.284966468811035,154,0.0,0.0,0.0
2023-10-23 00:00:00+01:00,6.308983325958252,6.308983325958252,6.308983325958252,6.308983325958252,0,0.0,0.0,0.0
2023-10-24 00:00:00+01:00,6.327608396453568,6.327608396453568,6.327608396453568,6.344273090362549,150,0.0,0.0,0.0
2023-10-25 00:00:00+01:00,6.338391304016113,6.338391304016113,6.338391304016113,6.338391304016113,0,0.0,0.0,0.0
2023-10-26 00:00:00+01:00,6.183018684387207,6.183018684387207,6.183018684387207,6.183018684387207,0,0.0,0.0,0.0
2023-10-27 00:00:00+01:00,6.175667606167371,6.183509622560932,6.175667606167371,6.193802356719971,68,0.0,0.0,0.0
2023-10-30 00:00:00+00:00,6.186450004577637,6.186450004577637,6.186450004577637,6.186450004577637,0,0.0,0.0,0.0
2023-10-31 00:00:00+00:00,6.211446285247803,6.211446285247803,6.211446285247803,6.211446285247803,0,0.0,0.0,0.0
2023-11-01 00:00:00+00:00,6.30016070543529,6.30016070543529,6.30016070543529,6.281535625457764,1669,0.0,0.0,0.0
2023-11-02 00:00:00+00:00,6.359956715122992,6.427595212617405,6.359956715122992,6.430535793304443,8272,0.0,0.0,0.0
2023-11-03 00:00:00+00:00,6.542285919189453,6.542285919189453,6.542285919189453,6.542285919189453,0,0.0,0.0,0.0
2023-11-06 00:00:00+00:00,6.526601250954796,6.526601250954796,6.526601250954796,6.554048538208008,1838,0.0,0.0,0.0
2023-11-07 00:00:00+00:00,6.556010314897782,6.556010314897782,6.556010314897782,6.576595783233643,10,0.0,0.0,0.0
2023-11-08 00:00:00+00:00,6.577085018157959,6.577085018157959,6.577085018157959,6.577085018157959,0,0.0,0.0,0.0
2023-11-09 00:00:00+00:00,6.606003122599887,6.606003122599887,6.606003122599887,6.617766380310059,193,0.0,0.0,0.0
2023-11-10 00:00:00+00:00,6.6109041233195995,6.6109041233195995,6.6109041233195995,6.619236469268799,32,0.0,0.0,0.0
2023-11-13 00:00:00+00:00,6.693246841430664,6.693246841430664,6.693246841430664,6.693246841430664,0,0.0,0.0,0.0
2023-11-14 00:00:00+00:00,6.814309120178223,6.814309120178223,6.814309120178223,6.814309120178223,0,0.0,0.0,0.0
2023-11-15 00:00:00+00:00,6.8157801413566075,6.8157801413566075,6.8157801413566075,6.803036689758301,308,0.0,0.0,0.0
2023-11-16 00:00:00+00:00,6.761865139007568,6.761865139007568,6.761865139007568,6.761865139007568,0,0.0,0.0,0.0
2023-11-17 00:00:00+00:00,6.797154658409405,6.797154658409405,6.797154658409405,6.805976867675781,150,0.0,0.0,0.0
2023-11-20 00:00:00+00:00,6.846168518066406,6.846168518066406,6.846168518066406,6.846168518066406,0,0.0,0.0,0.0
2023-11-21 00:00:00+00:00,6.849599361419678,6.849599361419678,6.849599361419678,6.849599361419678,0,0.0,0.0,0.0
2023-11-22 00:00:00+00:00,6.862831676378891,6.862831676378891,6.862831676378891,6.865772724151611,96,0.0,0.0,0.0
2023-11-23 00:00:00+00:00,6.8760666847229,6.8760666847229,6.8760666847229,6.8760666847229,0,0.0,0.0,0.0
2023-11-24 00:00:00+00:00,6.868713855743408,6.868713855743408,6.868713855743408,6.868713855743408,0,0.0,0.0,0.0
2023-11-27 00:00:00+00:00,6.8569516868697065,6.8569516868697065,6.8569516868697065,6.861853122711182,24,0.0,0.0,0.0
2023-11-28 00:00:00+00:00,6.848128795623779,6.848128795623779,6.848128795623779,6.848128795623779,0,0.0,0.0,0.0
2023-11-29 00:00:00+00:00,6.817250728607178,6.817250728607178,6.817250728607178,6.817250728607178,0,0.0,0.0,0.0
2023-11-30 00:00:00+00:00,6.8020558873591295,6.808310054806749,6.8020558873591295,6.792253017425537,14304,0.0,0.0,0.0
2023-12-01 00:00:00+00:00,6.827542781829834,6.827542781829834,6.827542781829834,6.827542781829834,0,0.0,0.0,0.0
2023-12-04 00:00:00+00:00,6.736868381500244,6.736868381500244,6.736868381500244,6.736868381500244,0,0.0,0.0,0.0
2023-12-05 00:00:00+00:00,6.7255954702713465,6.770687645542646,6.7255954702713465,6.7432403564453125,485,0.0,0.0,0.0
2023-12-06 00:00:00+00:00,6.79715451379983,6.79715451379983,6.778529434698991,6.740789413452148,14816,0.0,0.0,0.0
2023-12-07 00:00:00+00:00,6.715793236936283,6.715793236936283,6.715793236936283,6.755494117736816,2,0.0,0.0,0.0
2023-12-08 00:00:00+00:00,6.83734507767892,6.83734507767892,6.83734507767892,6.811858177185059,1,0.0,0.0,0.0
2023-12-11 00:00:00+00:00,6.891750335693359,6.891750335693359,6.891750335693359,6.891750335693359,0,0.0,0.0,0.0
2023-12-12 00:00:00+00:00,6.960369110107422,6.960369110107422,6.960369110107422,6.960369110107422,0,0.0,0.0,0.0
2023-12-13 00:00:00+00:00,7.000559329986572,7.000559329986572,7.000559329986572,7.000559329986572,0,0.0,0.0,0.0
2023-12-14 00:00:00+00:00,7.0586271406446475,7.068469288953877,7.0586271406446475,6.993670463562012,976,0.0285,0.0,0.0
2023-12-15 00:00:00+00:00,7.044355869293213,7.044355869293213,7.044355869293213,7.044355869293213,0,0.0,0.0,0.0
2023-12-18 00:00:00+00:00,7.0832319259643555,7.0832319259643555,7.0832319259643555,7.0832319259643555,0,0.0,0.0,0.0
2023-12-19 00:00:00+00:00,7.136870861053467,7.136870861053467,7.136870861053467,7.136870861053467,0,0.0,0.0,0.0
2023-12-20 00:00:00+00:00,7.1422834396362305,7.1422834396362305,7.1422834396362305,7.1422834396362305,0,0.0,0.0,0.0
2023-12-21 00:00:00+00:00,7.0871686935424805,7.0871686935424805,7.0871686935424805,7.0871686935424805,0,0.0,0.0,0.0
2023-12-22 00:00:00+00:00,7.116694927215576,7.116694927215576,7.116694927215576,7.116694927215576,0,0.0,0.0,0.0
2023-12-27 00:00:00+00:00,7.173777481887595,7.173777481887595,7.173777481887595,7.1659040451049805,8,0.0,0.0,0.0
2023-12-28 00:00:00+00:00,7.184603328478435,7.191817399117309,7.184603328478435,7.17968225479126,820,0.0,0.0,0.0
2023-12-29 00:00:00+00:00,7.177714824676514,7.177714824676514,7.177714824676514,7.177714824676514,0,0.0,0.0,0.0
2024-01-02 00:00:00+00:00,7.087168494303296,7.087168494303296,7.087168494303296,7.022703647613525,195,0.0,0.0,0.0
2024-01-03 00:00:00+00:00,6.976447105407715,6.976447105407715,6.976447105407715,6.976447105407715,0,0.0,0.0,0.0
2024-01-04 00:00:00+00:00,7.001543998718262,7.001543998718262,7.001543998718262,7.001543998718262,0,0.0,0.0,0.0
2024-01-05 00:00:00+00:00,6.974970817565918,6.974970817565918,6.974970817565918,6.974970817565918,0,0.0,0.0,0.0
2024-01-08 00:00:00+00:00,6.92674552228259,6.92674552228259,6.92674552228259,7.038943290710449,199,0.0,0.0,0.0
2024-01-09 00:00:00+00:00,7.07043805059073,7.07043805059073,7.07043805059073,7.124568462371826,195,0.0,0.0,0.0
2024-01-10 00:00:00+00:00,7.180667400360107,7.180667400360107,7.180667400360107,7.180667400360107,0,0.0,0.0,0.0
2024-01-11 00:00:00+00:00,7.171809673309326,7.171809673309326,7.171809673309326,7.171809673309326,0,0.0,0.0,0.0
2024-01-12 00:00:00+00:00,7.268260478973389,7.268260478973389,7.268260478973389,7.268260478973389,0,0.0,0.0,0.0
2024-01-15 00:00:00+00:00,7.274165153503418,7.274165153503418,7.274165153503418,7.274165153503418,0,0.0,0.0,0.0
2024-01-16 00:00:00+00:00,7.284991076593416,7.314517050953587,7.259402055247749,7.305167198181152,122449,0.0,0.0,0.0
2024-01-17 00:00:00+00:00,7.238734722137451,7.238734722137451,7.238734722137451,7.238734722137451,0,0.0,0.0,0.0
2024-01-18 00:00:00+00:00,7.319437964068714,7.319437964068714,7.319437964068714,7.332232475280762,4110,0.0,0.0,0.0
2024-01-19 00:00:00+00:00,7.404078646422953,7.404078646422953,7.404078646422953,7.409492015838623,68,0.0,0.0,0.0
2024-01-22 00:00:00+00:00,7.549738886368792,7.549738886368792,7.532023301661972,7.533499717712402,23280,0.0,0.0,0.0
2024-01-23 00:00:00+00:00,7.4847822189331055,7.4847822189331055,7.4847822189331055,7.4847822189331055,0,0.0,0.0,0.0
2024-01-24 00:00:00+00:00,7.6019016083900475,7.6019016083900475,7.6019016083900475,7.638808727264404,5,0.0,0.0,0.0
2024-01-25 00:00:00+00:00,7.684573650360107,7.684573650360107,7.684573650360107,7.684573650360107,0,0.0,0.0,0.0
2024-01-26 00:00:00+00:00,7.640285015106201,7.640285015106201,7.640285015106201,7.640285015106201,0,0.0,0.0,0.0
2024-01-29 00:00:00+00:00,7.64717450381598,7.64717450381598,7.64717450381598,7.632903575897217,19,0.0,0.0,0.0
2024-01-30 00:00:00+00:00,7.703765392303467,7.703765392303467,7.703765392303467,7.703765392303467,0,0.0,0.0,0.0
2024-01-31 00:00:00+00:00,7.638316599369056,7.638316599369056,7.577296406411515,7.579265117645264,1207,0.0,0.0,0.0
2024-02-01 00:00:00+00:00,7.612727773722473,7.612727773722473,7.612727773722473,7.595012187957764,1,0.0,0.0,0.0
2024-02-02 00:00:00+00:00,7.803660832610284,7.803660832610284,7.803660832610284,7.845489025115967,8,0.0,0.0,0.0
2024-02-05 00:00:00+00:00,7.900111858473277,7.900111858473277,7.863696098327637,7.863696098327637,2415,0.0,0.0,0.0
2024-02-06 00:00:00+00:00,7.934558438125451,7.934558438125451,7.90109551012111,7.863696098327637,38498,0.0,0.0,0.0
2024-02-07 00:00:00+00:00,7.864681378218428,7.9552270835006516,7.848934033782677,7.983768939971924,9649,0.0,0.0,0.0
2024-02-08 00:00:00+00:00,8.03002643585205,8.03002643585205,8.03002643585205,8.03002643585205,0,0.0,0.0,0.0
2024-02-09 00:00:00+00:00,8.093011856079102,8.093011856079102,8.093011856079102,8.093011856079102,0,0.0,0.0,0.0
2024-02-12 00:00:00+00:00,8.154032707214355,8.154032707214355,8.154032707214355,8.154032707214355,0,0.0,0.0,0.0
2024-02-13 00:00:00+00:00,8.08612332081788,8.08612332081788,8.08612332081788,8.015753746032715,54,0.0,0.0,0.0
2024-02-14 00:00:00+00:00,8.062502660038177,8.062502660038177,8.062502660038177,8.082677841186523,6,0.0,0.0,0.0
2024-02-15 00:00:00+00:00,8.188479775716221,8.188479775716221,8.188479775716221,8.137794494628906,1000,0.0,0.0,0.0
2024-02-16 00:00:00+00:00,8.218990369370257,8.218990369370257,8.218990369370257,8.16092300415039,7,0.0,0.0,0.0
2024-02-19 00:00:00+00:00,8.095966507275193,8.102855824031574,8.095966507275193,8.10482406616211,223,0.0,0.0,0.0
2024-02-20 00:00:00+00:00,8.060534198563769,8.060534198563769,8.060534198563769,7.971957683563232,110,0.0,0.0,0.0
2024-02-21 00:00:00+00:00,7.908968897693045,7.908968897693045,7.866648414638734,7.9020795822143555,5628,0.0,0.0,0.0
2024-02-22 00:00:00+00:00,8.20029078176358,8.20029078176358,8.20029078176358,8.191925048828125,11704,0.0,0.0,0.0
2024-02-23 00:00:00+00:00,8.224894939795291,8.234736148913653,8.224894939795291,8.194876670837402,1062,0.0,0.0,0.0
2024-02-26 00:00:00+00:00,8.18847832632095,8.22194124962742,8.18847832632095,8.251466751098633,237,0.0,0.0,0.0
2024-02-27 00:00:00+00:00,8.245563696463917,8.245563696463917,8.227847641113613,8.225387573242188,127,0.0,0.0,0.0
2024-02-28 00:00:00+00:00,8.21898962873159,8.21898962873159,8.21898962873159,8.216036796569824,217,0.0,0.0,0.0
2024-02-29 00:00:00+00:00,8.216037639634317,8.216037639634317,8.216037639634317,8.256881713867188,265,0.0,0.0,0.0
2024-03-01 00:00:00+00:00,8.31248836193376,8.336109142607123,8.31248836193376,8.433544158935547,3376,0.0,0.0,0.0
2024-03-04 00:00:00+00:00,8.54672622680664,8.54672622680664,8.54672622680664,8.54672622680664,0,0.0,0.0,0.0
2024-03-05 00:00:00+00:00,8.46307016210914,8.46307016210914,8.357761233176861,8.38827133178711,2430,0.0,0.0,0.0
2024-03-06 00:00:00+00:00,8.467990801088801,8.486690507707603,8.467990801088801,8.483245849609375,1315,0.0,0.0,0.0
2024-03-07 00:00:00+00:00,8.54180538785527,8.54180538785527,8.54180538785527,8.572807312011719,794,0.0,0.0,0.0
2024-03-08 00:00:00+00:00,8.598887819996747,8.631366155505548,8.529010075284013,8.526057243347168,11615,0.0,0.0,0.0
2024-03-11 00:00:00+00:00,8.363665580749512,8.363665580749512,8.363665580749512,8.363665580749512,0,0.0,0.0,0.0
2024-03-12 00:00:00+00:00,8.443386240897414,8.48669037939198,8.443386240897414,8.484722137451172,23211,0.0,0.0,0.0
2024-03-13 00:00:00+00:00,8.519167944831198,8.519167944831198,8.490626092782222,8.497023582458496,1968,0.0,0.0,0.0
2024-03-14 00:00:00+00:00,8.547712325617656,8.547712325617656,8.478818211966185,8.475866317749023,11768,0.0,0.0,0.0
2024-03-15 00:00:00+00:00,8.43255935436146,8.43255935436146,8.37449199443133,8.349394798278809,4206,0.0,0.0,0.0
2024-03-18 00:00:00+00:00,8.43157550366549,8.454211692951622,8.43157550366549,8.434527397155762,77,0.0,0.0,0.0
2024-03-19 00:00:00+00:00,8.348902666308014,8.348902666308014,8.348902666308014,8.406970024108887,191,0.0,0.0,0.0
2024-03-20 00:00:00+00:00,8.465037474085804,8.465037474085804,8.465037474085804,8.463561058044434,92,0.0,0.0,0.0
2024-03-21 00:00:00+00:00,8.651050627746503,8.652035218052085,8.625461604389917,8.700752258300781,154,0.0,0.0,0.0
2024-03-22 00:00:00+00:00,8.655971243337275,8.655971243337275,8.655971243337275,8.652034759521484,135,0.0,0.0,0.0
2024-03-25 00:00:00+00:00,8.660892486572266,8.660892486572266,8.660892486572266,8.660892486572266,0,0.0,0.0,0.0
2024-03-26 00:00:00+00:00,8.667780876159668,8.667780876159668,8.667780876159668,8.667780876159668,0,0.0,0.0,0.0
2024-03-27 00:00:00+00:00,8.56936264038086,8.654003618649446,8.56936264038086,8.56936264038086,93,0.0,0.0,0.0
2024-03-28 00:00:00+00:00,8.60381031036377,8.60381031036377,8.60381031036377,8.60381031036377,0,0.0,0.0,0.0
2024-04-02 00:00:00+01:00,8.611682337154575,8.611682337154575,8.52310488293945,8.509818077087402,460,0.0,0.0,0.0
2024-04-03 00:00:00+01:00,8.581172760800515,8.591014909330642,8.581172760800515,8.637271881103516,23144,0.0,0.0,0.0
2024-04-04 00:00:00+01:00,8.658923771961815,8.719943023363168,8.658923771961815,8.680575370788574,1057,0.0,0.0,0.0
2024-04-05 00:00:00+01:00,8.48570559879308,8.594951002148518,8.483737356896418,8.605777740478516,32226,0.0,0.0,0.0
2024-04-08 00:00:00+01:00,8.60873031616211,8.60873031616211,8.591998850816358,8.60873031616211,501,0.0,0.0,0.0
2024-04-09 00:00:00+01:00,8.47930908203125,8.47930908203125,8.47930908203125,8.47930908203125,0,0.0,0.0,0.0
2024-04-10 00:00:00+01:00,8.49456319966471,8.49456319966471,8.49456319966471,8.51523208618164,1811,0.0,0.0,0.0
2024-04-11 00:00:00+01:00,8.531962138402344,8.531962138402344,8.531962138402344,8.53491497039795,7218,0.0,0.0,0.0
2024-04-12 00:00:00+01:00,8.528025814648382,8.528025814648382,8.520151908712137,8.50784969329834,20085,0.0,0.0,0.0
2024-04-15 00:00:00+01:00,8.537870175296144,8.537870175296144,8.502438997298169,8.475866317749023,20589,0.0,0.0,0.0
2024-04-16 00:00:00+01:00,8.319377918889026,8.336109383900203,8.319377918889026,8.358745574951172,6001,0.0,0.0,0.0
2024-04-17 00:00:00+01:00,8.308552742004395,8.308552742004395,8.308552742004395,8.308552742004395,0,0.0,0.0,0.0
2024-04-18 00:00:00+01:00,8.286899916629867,8.286899916629867,8.286899916629867,8.308059692382812,350,0.0,0.0,0.0
2024-04-19 00:00:00+01:00,8.0861234664917,8.0861234664917,8.0861234664917,8.0861234664917,0,0.0,0.0,0.0
2024-04-22 00:00:00+01:00,8.031009526891241,8.031009526891241,8.031009526891241,7.9931182861328125,160,0.0,0.0,0.0
2024-04-23 00:00:00+01:00,8.203242301940918,8.203242301940918,8.203242301940918,8.203242301940918,0,0.0,0.0,0.0
2024-04-24 00:00:00+01:00,8.258356526641444,8.287882029759334,8.227846433360137,8.195860862731934,13062,0.0,0.0,0.0
2024-04-25 00:00:00+01:00,8.094983100891113,8.094983100891113,8.094983100891113,8.094983100891113,0,0.0,0.0,0.0
2024-04-26 00:00:00+01:00,8.25048386232908,8.312487702730383,8.25048386232908,8.304121971130371,28,0.0,0.0,0.0
2024-04-29 00:00:00+01:00,8.291328430175781,8.291328430175781,8.291328430175781,8.291328430175781,0,0.0,0.0,0.0
2024-04-30 00:00:00+01:00,8.305598777087612,8.307567018980228,8.305598777087612,8.26721477508545,250,0.0,0.0,0.0
2024-05-01 00:00:00+01:00,8.137302407813475,8.137302407813475,8.134350513917179,8.10482406616211,474,0.0,0.0,0.0
2024-05-02 00:00:00+01:00,8.156986284316472,8.156986284316472,8.156986284316472,8.134841918945312,256,0.0,0.0,0.0
2024-05-03 00:00:00+01:00,8.195368710933337,8.19832154304549,8.192416817420076,8.282469749450684,3603,0.0,0.0,0.0
2024-05-07 00:00:00+01:00,8.465037881455366,8.495547978181582,8.465037881455366,8.49505615234375,529,0.0,0.0,0.0
2024-05-08 00:00:00+01:00,8.475372314453125,8.475372314453125,8.475372314453125,8.475372314453125,0,0.0,0.0,0.0
2024-05-09 00:00:00+01:00,8.478816128482503,8.478816128482503,8.461967339906582,8.502928733825684,7457,0.0,0.0,0.0
2024-05-10 00:00:00+01:00,8.540821738397849,8.540821738397849,8.52901134748764,8.504405975341797,1738,0.0,0.0,0.0
2024-05-13 00:00:00+01:00,8.467498779296875,8.467498779296875,8.467498779296875,8.467498779296875,0,0.0,0.0,0.0
2024-05-14 00:00:00+01:00,8.469958374381768,8.47389485801213,8.460116226706997,8.487181663513184,702,0.0,0.0,0.0
2024-05-15 00:00:00+01:00,8.644161224365234,8.644161224365234,8.644161224365234,8.644161224365234,0,0.0,0.0,0.0
2024-05-16 00:00:00+01:00,8.705181121826172,8.705181121826172,8.705181121826172,8.705181121826172,0,0.0,0.0,0.0
2024-05-17 00:00:00+01:00,8.65203527282726,8.656955408589443,8.65203527282726,8.646129608154297,2002,0.0,0.0,0.0
2024-05-20 00:00:00+01:00,8.673685982104411,8.696323109558545,8.654986276893833,8.695830345153809,2334,0.0,0.0,0.0
2024-05-21 00:00:00+01:00,8.711577415466309,8.711577415466309,8.711577415466309,8.711577415466309,0,0.0,0.0,0.0
2024-05-22 00:00:00+01:00,8.71994361538214,8.71994361538214,8.71994361538214,8.724372863769531,4,0.0,0.0,0.0
2024-05-23 00:00:00+01:00,8.778995399252224,8.793758621661565,8.778995399252224,8.783916473388672,8753,0.0,0.0,0.0
2024-05-24 00:00:00+01:00,8.813441276550293,8.813441276550293,8.813441276550293,8.813441276550293,482,0.0,0.0,0.0
2024-05-28 00:00:00+01:00,8.824267058481844,8.824267058481844,8.824267058481844,8.842474937438965,145,0.0,0.0,0.0
2024-05-29 00:00:00+01:00,8.827220008247352,8.827220008247352,8.789820598246433,8.805075645446777,3974,0.0,0.0,0.0
2024-05-30 00:00:00+01:00,8.709609985351562,8.709609985351562,8.709609985351562,8.709609985351562,0,0.0,0.0,0.0
2024-05-31 00:00:00+01:00,8.647113967941799,8.647113967941799,8.647113967941799,8.519168853759766,160,0.0,0.0,0.0
2024-06-03 00:00:00+01:00,8.687464769126114,8.75537427550762,8.663844928235875,8.600363731384277,4648,0.0,0.0,0.0
2024-06-04 00:00:00+01:00,8.59101459751417,8.59101459751417,8.59101459751417,8.55804443359375,25,0.0,0.0,0.0
2024-06-05 00:00:00+01:00,8.679593411091528,8.681561653314096,8.679593411091528,8.72978687286377,6203,0.0,0.0,0.0
2024-06-06 00:00:00+01:00,8.823284086864563,8.823284086864563,8.823284086864563,8.773582458496094,219,0.0,0.0,0.0
2024-06-07 00:00:00+01:00,8.771121438527071,8.778995344816348,8.753406322624846,8.770137786865234,11377,0.0,0.0,0.0
2024-06-10 00:00:00+01:00,8.735690773075705,8.744548330587122,8.735690773075705,8.832633018493652,294,0.0,0.0,0.0
2024-06-11 00:00:00+01:00,8.82623628719089,8.82623628719089,8.82623628719089,8.78785228729248,4,0.0,0.0,0.0
2024-06-12 00:00:00+01:00,8.950244592596777,8.950244592596777,8.950244592596777,8.93941879272461,50,0.0,0.0,0.0
2024-06-13 00:00:00+01:00,8.989209782542892,8.989209782542892,8.989209782542892,8.95617961883545,143,0.0165,0.0,0.0
2024-06-14 00:00:00+01:00,8.963575260690947,8.963575260690947,8.963575260690947,8.949278831481934,1708,0.0,0.0,0.0
2024-06-17 00:00:00+01:00,9.02717113494873,9.02717113494873,9.02717113494873,9.02717113494873,0,0.0,0.0,0.0
2024-06-18 00:00:00+01:00,9.148941129514466,9.148941129514466,9.148941129514466,9.13070011138916,27,0.0,0.0,0.0
2024-06-19 00:00:00+01:00,9.17556099716144,9.188379262403966,9.168659143663778,9.177040100097656,3884,0.0,0.0,0.0
2024-06-20 00:00:00+01:00,9.234721134172664,9.250496666212447,9.234721134172664,9.179506301879883,293,0.0,0.0,0.0
2024-06-21 00:00:00+01:00,9.111472075405802,9.122317576032973,9.022733425745017,9.013859748840332,12680,0.0,0.0,0.0
2024-06-24 00:00:00+01:00,9.024705448736825,9.024705448736825,8.984280710765786,8.988717079162598,413,0.0,0.0,0.0
2024-06-25 00:00:00+01:00,8.991183280944824,8.991183280944824,8.991183280944824,8.991183280944824,0,0.0,0.0,0.0
2024-06-26 00:00:00+01:00,9.047383446223972,9.047383446223972,8.962589376690953,8.955687522888184,4288,0.0,0.0,0.0
2024-06-27 00:00:00+01:00,8.980335946869012,8.980335946869012,8.976392299414272,8.961602210998535,28513,0.0,0.0,0.0
2024-06-28 00:00:00+01:00,9.04836902725002,9.04836902725002,9.04836902725002,9.025197982788086,6,0.0,0.0,0.0
2024-07-01 00:00:00+01:00,9.02470568335939,9.02470568335939,9.02470568335939,8.953715324401855,1071,0.0,0.0,0.0
2024-07-02 00:00:00+01:00,8.94878521971856,8.94878521971856,8.93498151280618,8.983294486999512,276,0.0,0.0,0.0
2024-07-03 00:00:00+01:00,9.11541708185538,9.11640346401717,9.11541708185538,9.102106094360352,399,0.0,0.0,0.0
2024-07-04 00:00:00+01:00,9.126262664794922,9.126262664794922,9.126262664794922,9.126262664794922,0,0.0,0.0,0.0
2024-07-05 00:00:00+01:00,9.153871205675852,9.153871205675852,9.153871205675852,9.132179260253906,13,0.0,0.0,0.0
2024-07-08 00:00:00+01:00,9.216480255126953,9.216480255126953,9.216480255126953,9.216480255126953,0,0.0,0.0,0.0
2024-07-09 00:00:00+01:00,9.230777659758031,9.230777659758031,9.230777659758031,9.239157676696777,1,0.0,0.0,0.0
2024-07-10 00:00:00+01:00,9.248525131823966,9.248525131823966,9.248525131823966,9.25345516204834,0,0.0,0.0,0.0
2024-07-11 00:00:00+01:00,9.257398932634022,9.257398932634022,9.217959630624138,9.204155921936035,1,0.0,0.0,0.0
2024-07-12 00:00:00+01:00,9.196266839881329,9.24260799197453,9.169645807133511,9.23965072631836,19123,0.0,0.0,0.0
2024-07-15 00:00:00+01:00,9.2238740920138,9.2238740920138,9.2238740920138,9.287470817565918,781,0.0,0.0,0.0
2024-07-16 00:00:00+01:00,9.25641187341651,9.25641187341651,9.25641187341651,9.266765594482422,0,0.0,0.0,0.0
2024-07-17 00:00:00+01:00,9.120346949472864,9.181478194429127,9.050342026447135,9.053792953491211,3832,0.0,0.0,0.0
2024-07-18 00:00:00+01:00,8.96554741828107,8.968504683922983,8.87385055631979,8.843777656555176,61,0.0,0.0,0.0
2024-07-19 00:00:00+01:00,8.873850159838046,8.903429397084881,8.863004658919174,8.851665496826172,1994,0.0,0.0,0.0
2024-07-22 00:00:00+01:00,8.88666834270179,8.90145843290696,8.88666834270179,8.891105651855469,15,0.0,0.0,0.0
2024-07-23 00:00:00+01:00,9.049355506896973,9.049355506896973,9.049355506896973,9.049355506896973,0,0.0,0.0,0.0
2024-07-24 00:00:00+01:00,8.896528796464757,8.896528796464757,8.775252684276376,8.77574634552002,19,0.0,0.0,0.0
2024-07-25 00:00:00+01:00,8.648061230344412,8.67566864811954,8.4794585174157,8.630313873291016,1911,0.0,0.0,0.0
2024-07-26 00:00:00+01:00,8.63721439829123,8.64608807545209,8.626367957043959,8.628340721130371,622,0.0,0.0,0.0
2024-07-29 00:00:00+01:00,8.710176797929776,8.724966887106493,8.695387649060082,8.635735511779785,468,0.0,0.0,0.0
2024-07-30 00:00:00+01:00,8.55537813028447,8.55537813028447,8.55537813028447,8.561293601989746,267,0.0,0.0,0.0
2024-07-31 00:00:00+01:00,8.716094808951222,8.721024839581357,8.715108426702317,8.775253295898438,411,0.0,0.0,0.0
2024-08-01 00:00:00+01:00,8.858074065780674,8.858074065780674,8.820606595508414,8.641650199890137,3205,0.0,0.0,0.0
2024-08-02 00:00:00+01:00,8.411423958872312,8.440017753892967,8.183661861345335,8.196972846984863,3134,0.0,0.0,0.0
2024-08-05 00:00:00+01:00,7.944068331684943,7.999283160809702,7.848427822489823,8.042173385620117,81448,0.0,0.0,0.0
2024-08-06 00:00:00+01:00,8.15506896642862,8.15506896642862,8.104784164393273,8.174295425415039,1079,0.0,0.0,0.0
2024-08-07 00:00:00+01:00,8.313812297955835,8.313812297955835,8.249722849526792,8.294092178344727,29,0.0,0.0,0.0
2024-08-08 00:00:00+01:00,8.043652571889387,8.099853783676425,8.043652571889387,8.322193145751953,141739,0.0,0.0,0.0
2024-08-09 00:00:00+01:00,8.373957558798274,8.436074245991552,8.373957558798274,8.424736022949219,1013,0.0,0.0,0.0
2024-08-12 00:00:00+01:00,8.471569344122106,8.493261287250123,8.471569344122106,8.470582962036133,3428,0.0,0.0,0.0
2024-08-13 00:00:00+01:00,8.50706561927062,8.586929663352205,8.50706561927062,8.587423324584961,372,0.0,0.0,0.0
2024-08-14 00:00:00+01:00,8.700317803336972,8.700317803336972,8.700317803336972,8.703768730163574,7,0.0,0.0,0.0
2024-08-15 00:00:00+01:00,8.748631262015245,8.748631262015245,8.748631262015245,8.891105651855469,11,0.0,0.0,0.0
2024-08-16 00:00:00+01:00,8.886668455739635,8.886668455739635,8.886668455739635,8.884203910827637,9,0.0,0.0,0.0
2024-08-19 00:00:00+01:00,8.922164542592814,8.922164542592814,8.911319039960986,8.92019271850586,242,0.0,0.0,0.0
2024-08-20 00:00:00+01:00,8.969985008239746,8.969985008239746,8.969985008239746,8.969985008239746,0,0.0,0.0,0.0
2024-08-21 00:00:00+01:00,8.997099321131255,9.004001175452158,8.997099321131255,9.01041030883789,396,0.0,0.0,0.0
2024-08-22 00:00:00+01:00,9.058230089345722,9.064145561176472,9.058230089345722,9.026678085327148,217,0.0,0.0,0.0
2024-08-23 00:00:00+01:00,9.006958174908384,9.006958174908384,9.006958174908384,9.05527114868164,6,0.0,0.0,0.0
2024-08-27 00:00:00+01:00,8.99216858513326,8.99216858513326,8.94188378478559,8.986745834350586,206,0.0,0.0,0.0
2024-08-28 00:00:00+01:00,8.984281129262975,8.98723839489627,8.984281129262975,8.896035194396973,4187,0.0,0.0,0.0
2024-08-29 00:00:00+01:00,8.917233197605249,8.997098173349357,8.917233197605249,8.993154525756836,11692,0.0,0.0,0.0
2024-08-30 00:00:00+01:00,8.977379732460406,8.977379732460406,8.977379732460406,8.932024955749512,1677,0.0,0.0,0.0
2024-09-02 00:00:00+01:00,9.039496263108404,9.039496263108404,9.039496263108404,9.04491901397705,1580,0.0,0.0,0.0
2024-09-03 00:00:00+01:00,8.962588802719148,8.962588802719148,8.809761646741977,8.797929763793945,201,0.0,0.0,0.0
2024-09-04 00:00:00+01:00,8.641158080041945,8.727924908828445,8.641158080041945,8.693415641784668,284,0.0,0.0,0.0
2024-09-05 00:00:00+01:00,8.656934231159738,8.656934231159738,8.656934231159738,8.575591087341309,206,0.0,0.0,0.0
2024-09-06 00:00:00+01:00,8.521854078753792,8.567209788528793,8.434101805439138,8.404029846191406,1506,0.0,0.0,0.0
2024-09-09 00:00:00+01:00,8.467132568359375,8.467132568359375,8.467132568359375,8.467132568359375,0,0.0,0.0,0.0
2024-09-10 00:00:00+01:00,8.49621868133545,8.49621868133545,8.49621868133545,8.49621868133545,0,0.0,0.0,0.0
2024-09-11 00:00:00+01:00,8.4641752243042,8.4641752243042,8.4641752243042,8.4641752243042,0,0.0,0.0,0.0
2024-09-12 00:00:00+01:00,8.75849122315806,8.774266755014349,8.75454663496368,8.780675888061523,6714,0.0,0.0,0.0
2024-09-13 00:00:00+01:00,8.863990879619854,8.881739175773271,8.863005437798991,8.920684814453125,879,0.0,0.0,0.0
2024-09-16 00:00:00+01:00,8.886667251586914,8.886667251586914,8.886667251586914,8.886667251586914,0,0.0,0.0,0.0
2024-09-17 00:00:00+01:00,8.987238795586132,8.994140649549934,8.985266971640343,9.00547981262207,792,0.0,0.0,0.0
2024-09-18 00:00:00+01:00,8.975407600402832,8.975407600402832,8.975407600402832,8.975407600402832,0,0.0,0.0,0.0
2024-09-19 00:00:00+01:00,9.099640608687146,9.136121699988077,9.09766878487453,9.177040100097656,12877,0.0,0.0,0.0
2024-09-20 00:00:00+01:00,9.15485668182373,9.15485668182373,9.15485668182373,9.15485668182373,0,0.0,0.0,0.0
2024-09-23 00:00:00+01:00,9.251482234691204,9.26134135365704,9.215000203443097,9.237678527832031,984,0.0,0.0,0.0
2024-09-24 00:00:00+01:00,9.288948712791644,9.288948712791644,9.288948712791644,9.257397651672363,1,0.0,0.0,0.0
2024-09-25 00:00:00+01:00,9.28204700556308,9.318529037171281,9.28204700556308,9.315570831298828,211,0.0,0.0,0.0
2024-09-26 00:00:00+01:00,9.457552873388419,9.457552873388419,9.457552873388419,9.33874225616455,188,0.0,0.0,0.0
2024-09-27 00:00:00+01:00,9.348108593248606,9.367828712660339,9.312612942491711,9.304725646972656,11075,0.0,0.0,0.0
2024-09-30 00:00:00+01:00,9.268244188384283,9.269230570538806,9.238664947740995,9.28155517578125,548,0.0,0.0,0.0
2024-10-01 00:00:00+01:00,9.296837333692785,9.296837333692785,9.20612685383004,9.238171577453613,132832,0.0,0.0,0.0
2024-10-02 00:00:00+01:00,9.21598607263735,9.281060955725566,9.21598607263735,9.273666381835938,19,0.0,0.0,0.0
2024-10-03 00:00:00+01:00,9.275145653353732,9.275145653353732,9.275145653353732,9.247045516967773,0,0.0,0.0,0.0
2024-10-04 00:00:00+01:00,9.269231023816177,9.269231023816177,9.199226096634948,9.253948211669922,34,0.0,0.0,0.0
2024-10-07 00:00:00+01:00,9.313599382001316,9.321487617876048,9.285005584800846,9.317543029785156,282852,0.0,0.0,0.0
2024-10-08 00:00:00+01:00,9.268243513573507,9.268243513573507,9.268243513573507,9.322965621948242,0,0.0,0.0,0.0
2024-10-09 00:00:00+01:00,9.319515368491073,9.349095549425051,9.319515368491073,9.37768840789795,9256,0.0,0.0,0.0
2024-10-10 00:00:00+01:00,9.409240186147834,9.409240186147834,9.409240186147834,9.391491889953613,247,0.0,0.0,0.0
2024-10-11 00:00:00+01:00,9.449172019958496,9.449172019958496,9.449172019958496,9.449172019958496,0,0.0,0.0,0.0
2024-10-14 00:00:00+01:00,9.475301379577113,9.475301379577113,9.448680343331313,9.505867004394531,3825,0.0,0.0,0.0
2024-10-15 00:00:00+01:00,9.566009957936016,9.566009957936016,9.566009957936016,9.527064323425293,137,0.0,0.0,0.0
2024-10-16 00:00:00+01:00,9.4762869481097,9.4762869481097,9.4762869481097,9.510303497314453,1759,0.0,0.0,0.0
2024-10-17 00:00:00+01:00,9.60446481382691,9.605450255645081,9.599534783814816,9.60347843170166,897207,0.0,0.0,0.0
2024-10-18 00:00:00+01:00,9.574884631185837,9.574884631185837,9.574884631185837,9.582279205322266,2002,0.0,0.0,0.0
2024-10-21 00:00:00+01:00,9.567983474385544,9.567983474385544,9.567983474385544,9.53100872039795,57,0.0,0.0,0.0
2024-10-22 00:00:00+01:00,9.557137078501661,9.557137078501661,9.51375413173054,9.532487869262695,5803,0.0,0.0,0.0
2024-10-23 00:00:00+01:00,9.514739957800051,9.514739957800051,9.514739957800051,9.513261795043945,34,0.0,0.0,0.0
2024-10-24 00:00:00+01:00,9.549249536953983,9.553193184656957,9.520655740339844,9.492554664611816,654,0.0,0.0,0.0
2024-10-25 00:00:00+01:00,9.522628066646197,9.528543538512782,9.490090620612268,9.487626075744629,143,0.0,0.0,0.0
2024-10-28 00:00:00+00:00,9.470369260326589,9.502906702099837,9.461495583535148,9.467411994934082,1640,0.0,0.0,0.0
2024-10-29 00:00:00+00:00,9.460511366363757,9.461496808186489,9.41910024243901,9.45508861541748,10384,0.0,0.0,0.0
2024-10-30 00:00:00+00:00,9.438819034957197,9.46149641994157,9.438819034957197,9.453115463256836,758,0.0,0.0,0.0
2024-10-31 00:00:00+00:00,9.324444545818148,9.324444545818148,9.324444545818148,9.338248252868652,1541,0.0,0.0,0.0
2024-11-01 00:00:00+00:00,9.350079742962976,9.35698159619803,9.301766770317586,9.303738594055176,11504,0.0,0.0,0.0
2024-11-04 00:00:00+00:00,9.264300120734768,9.285992064387722,9.264300120734768,9.278103828430176,227,0.0,0.0,0.0
2024-11-05 00:00:00+00:00,9.25246787070387,9.324444612354254,9.25246787070387,9.329867362976074,1603,0.0,0.0,0.0
2024-11-06 00:00:00+00:00,9.607421991661566,9.607421991661566,9.51473875378354,9.515725135803223,1642,0.0,0.0,0.0
2024-11-07 00:00:00+00:00,9.61629583489625,9.61629583489625,9.61629583489625,9.606435775756836,13,0.0,0.0,0.0
2024-11-08 00:00:00+00:00,9.637002565067881,9.710951136978634,9.625170680725308,9.73116397857666,2520,0.0,0.0,0.0
2024-11-11 00:00:00+00:00,9.776025243666364,9.776025243666364,9.74348779942057,9.737078666687012,10553,0.0,0.0,0.0
2024-11-12 00:00:00+00:00,9.676441192626953,9.676441192626953,9.676441192626953,9.676441192626953,0,0.0,0.0,0.0
2024-11-13 00:00:00+00:00,9.680385705088828,9.690245765620004,9.67151202673362,9.694683074951172,3583,0.0,0.0,0.0
2024-11-14 00:00:00+00:00,9.67249803955866,9.67249803955866,9.628128709169765,9.629114151000977,15856,0.0,0.0,0.0
2024-11-15 00:00:00+00:00,9.487131539444851,9.526570835838843,9.487131539444851,9.490582466125488,20482,0.0,0.0,0.0
2024-11-18 00:00:00+00:00,9.47530012619324,9.480230156025248,9.465441006836267,9.516712188720703,671,0.0,0.0,0.0
2024-11-19 00:00:00+00:00,9.495020293438834,9.54037506363093,9.45459461279658,9.550727844238281,32677,0.0,0.0,0.0
2024-11-20 00:00:00+00:00,9.602492671927326,9.602492671927326,9.522627692867214,9.518190383911133,20616,0.0,0.0,0.0
2024-11-21 00:00:00+00:00,9.584744360401306,9.584744360401306,9.584744360401306,9.64538288116455,2,0.0,0.0,0.0
2024-11-22 00:00:00+00:00,9.663623696598771,9.684329259329314,9.663623696598771,9.670525550842285,890,0.0,0.0,0.0
2024-11-25 00:00:00+00:00,9.726725842046337,9.753347814629628,9.722782194369934,9.660665512084961,3720,0.0,0.0,0.0
2024-11-26 00:00:00+00:00,9.649819271538068,9.696160423775774,9.649819271538068,9.731656074523926,3482,0.0,0.0,0.0
2024-11-27 00:00:00+00:00,9.767152545210354,9.772082575475944,9.703063092064832,9.694683074951172,2011,0.0,0.0,0.0
2024-11-28 00:00:00+00:00,9.719824215814324,9.74545980692464,9.719824215814324,9.742995262145996,3013,0.0,0.0,0.0
2024-11-29 00:00:00+00:00,9.740530595427023,9.777998073298225,9.740530595427023,9.759757995605469,7462,0.0,0.0,0.0
2024-12-02 00:00:00+00:00,9.735600164184088,9.735600164184088,9.735600164184088,9.725247383117676,1,0.0,0.0,0.0
2024-12-03 00:00:00+00:00,9.707006953285227,9.740529840149966,9.699118717389787,9.713415145874023,20012,0.0,0.0,0.0
2024-12-04 00:00:00+00:00,9.741515185643498,9.768136215882095,9.741515185643498,9.752854347229004,17687,0.0,0.0,0.0
2024-12-05 00:00:00+00:00,9.83124021257315,9.83124021257315,9.83124021257315,9.83764934539795,17502,0.0,0.0,0.0
2024-12-06 00:00:00+00:00,9.800674371857136,9.835184579974165,9.794758900364146,9.80905532836914,19817,0.0,0.0,0.0
2024-12-09 00:00:00+00:00,9.845043887236436,9.85983397671204,9.786870851728922,9.676441192626953,1476,0.0,0.0,0.0
2024-12-10 00:00:00+00:00,9.615310544927096,9.637002489436092,9.612352338787892,9.61087417602539,1569,0.0,0.0,0.0
2024-12-11 00:00:00+00:00,9.568968383192354,9.580800266197071,9.568968383192354,9.672989845275879,2168,0.0,0.0,0.0
2024-12-12 00:00:00+00:00,9.665968061967535,9.665968061967535,9.651130481652858,9.646678924560547,14590,0.0314,0.0,0.0
2024-12-13 00:00:00+00:00,9.67585780406897,9.726305005747992,9.67585780406897,9.681793212890625,24405,0.0,0.0,0.0
2024-12-16 00:00:00+00:00,9.736197654905611,9.762904167175293,9.736197654905611,9.762904167175293,9077,0.0,0.0,0.0
2024-12-17 00:00:00+00:00,9.76092490852637,9.769827078276702,9.647172970250054,9.68525505065918,11487,0.0,0.0,0.0
2024-12-18 00:00:00+00:00,9.704544093255116,9.713446263786011,9.670913566435479,9.667945861816406,30549,0.0,0.0,0.0
2024-12-19 00:00:00+00:00,9.385049073651633,9.448354761179525,9.379114607630116,9.441925048828125,28108,0.0,0.0,0.0
2024-12-20 00:00:00+00:00,9.281188319527502,9.52946425228641,9.281188319527502,9.53342056274414,2889,0.0,0.0,0.0
2024-12-23 00:00:00+00:00,9.623434888794499,9.623434888794499,9.509682930816533,9.501275062561035,1079,0.0,0.0,0.0
2024-12-24 00:00:00+00:00,9.582878112792969,9.582878112792969,9.582878112792969,9.582878112792969,0,0.0,0.0,0.0
2024-12-27 00:00:00+00:00,9.68377150928694,9.694651834516975,9.573975877747642,9.58139419555664,1534,0.0,0.0,0.0
2024-12-30 00:00:00+00:00,9.556172032784485,9.58485669957279,9.541334453071471,9.474072456359863,3208,0.0,0.0,0.0
2024-12-31 00:00:00+00:00,9.472094260553886,9.472094260553886,9.472094260553886,9.52501392364502,6,0.0,0.0,0.0
2025-01-02 00:00:00+00:00,9.504736181411118,9.535399946692008,9.463192090382679,9.502758026123047,10411,0.0,0.0,0.0
2025-01-03 00:00:00+00:00,9.484952691206535,9.57595443725586,9.484952691206535,9.57595443725586,21232,0.0,0.0,0.0
2025-01-06 00:00:00+00:00,9.599693914001401,9.67289131714346,9.599693914001401,9.673385620117188,73269,0.0,0.0,0.0
2025-01-07 00:00:00+00:00,9.637282482074472,9.637282482074472,9.502758482758214,9.543313026428223,87004,0.0,0.0,0.0
2025-01-08 00:00:00+00:00,9.52946443242757,9.533420742960088,9.467148296572022,9.485447883605957,18865,0.0,0.0,0.0
2025-01-09 00:00:00+00:00,9.493854862130576,9.527486331828877,9.493854862130576,9.509186744689941,7002,0.0,0.0,0.0
2025-01-10 00:00:00+00:00,9.500777962207192,9.5472688517217,9.416701182711835,9.369221687316895,9102,0.0,0.0,0.0
2025-01-13 00:00:00+00:00,9.366255699590358,9.366255699590358,9.290091526484625,9.320260047912598,59195,0.0,0.0,0.0
2025-01-14 00:00:00+00:00,9.425604858979455,9.494845014726815,9.425604858979455,9.441431045532227,88985,0.0,0.0,0.0
2025-01-15 00:00:00+00:00,9.488910200826794,9.672891853161497,9.425604513608963,9.626401901245117,13509,0.0,0.0,0.0
2025-01-16 00:00:00+00:00,9.696631445780323,9.71641394209248,9.687728331947213,9.726799964904785,57083,0.0,0.0,0.0
2025-01-17 00:00:00+00:00,9.74806607880261,9.794556972168339,9.742923063815395,9.817801475524902,1216897,0.0,0.0,0.0
2025-01-20 00:00:00+00:00,9.842035190744536,9.89149284362793,9.826209005953205,9.89149284362793,60549,0.0,0.0,0.0
2025-01-21 00:00:00+00:00,9.853906311894061,9.90336397103488,9.85291770584055,9.91325569152832,65075,0.0,0.0,0.0
2025-01-22 00:00:00+00:00,10.000299478716164,10.00623488792029,9.998321323423562,10.00821304321289,30634,0.0,0.0,0.0
2025-01-23 00:00:00+00:00,10.000299179596817,10.043822368037516,10.000299179596817,10.030962944030762,9405,0.0,0.0,0.0
2025-01-24 00:00:00+00:00,10.079430984993335,10.099214423854832,10.079430984993335,10.096246719360352,3713,0.0,0.0,0.0
2025-01-27 00:00:00+00:00,9.837089866134844,9.837089866134844,9.697620013212797,9.644206047058105,48195,0.0,0.0,0.0
2025-01-28 00:00:00+00:00,9.727294648084115,9.750045793222847,9.658054493295865,9.713446617126465,72105,0.0,0.0,0.0
2025-01-29 00:00:00+00:00,9.845003037181398,9.863796926681633,9.798513088065292,9.813349723815918,32835,0.0,0.0,0.0
2025-01-30 00:00:00+00:00,9.901384189325993,9.976559743406545,9.901384189325993,9.971613883972168,98220,0.0,0.0,0.0
2025-01-31 00:00:00+00:00,10.027995135966652,10.075474634383934,10.012168950936319,10.08042049407959,13815,0.0,0.0,0.0
2025-02-03 00:00:00+00:00,9.760925065094924,9.89149273906413,9.737185316495747,9.896438598632812,171301,0.0,0.0,0.0
2025-02-04 00:00:00+00:00,9.952820389503687,9.988429069519043,9.927102485422445,9.988429069519043,20312,0.0,0.0,0.0
2025-02-05 00:00:00+00:00,9.964689932054375,10.075474165436711,9.964689932054375,10.084376335144043,184670,0.0,0.0,0.0
2025-02-06 00:00:00+00:00,10.136803425926917,10.192195552099518,10.136803425926917,10.199119567871094,24525,0.0,0.0,0.0
2025-02-07 00:00:00+00:00,10.243630750817418,10.279240376925019,10.178346907949992,10.192194938659668,96456,0.0,0.0,0.0
2025-02-10 00:00:00+00:00,10.208020404587751,10.233738308852365,10.208020404587751,10.190216064453125,3806,0.0,0.0,0.0
2025-02-11 00:00:00+00:00,10.215933968717739,10.229781998450509,10.182302500323138,10.190216064453125,453438,0.0,0.0,0.0
2025-02-12 00:00:00+00:00,10.101192396889042,10.184280574625657,10.091300677636701,10.158563613891602,92181,0.0,0.0,0.0
2025-02-13 00:00:00+00:00,10.261434070602013,10.281217508689863,10.239673420696874,10.257477760314941,14536,0.0,0.0,0.0
2025-02-14 00:00:00+00:00,10.326718734547464,10.330675988477916,10.297044518363862,10.343534469604492,4126,0.0,0.0,0.0
2025-02-17 00:00:00+00:00,10.36430729827736,10.384090739445263,10.356394676471316,10.369253158569336,3452,0.0,0.0,0.0
2025-02-18 00:00:00+00:00,10.3860682800234,10.395960000021743,10.33858877869242,10.36232852935791,5377,0.0,0.0,0.0
2025-02-19 00:00:00+00:00,10.407830491516187,10.417721268773741,10.348481111338875,10.369253158569336,1750,0.0,0.0,0.0
2025-02-20 00:00:00+00:00,10.326718789924929,10.326718789924929,10.192194795399965,10.136802673339844,11219,0.0,0.0,0.0
2025-02-21 00:00:00+00:00,10.208021086956494,10.261435054257175,10.13086736900521,10.131856918334961,15553,0.0,0.0,0.0
2025-02-24 00:00:00+00:00,10.014147656192591,10.031952940740196,9.841047273968186,9.930069923400879,16690,0.0,0.0,0.0
2025-02-25 00:00:00+00:00,9.861819270050104,9.874677751239146,9.72135986633166,9.750539779663086,235529,0.0,0.0,0.0
2025-02-26 00:00:00+00:00,9.891493352301245,9.913254947087339,9.885558886446665,9.947875022888184,59581,0.0,0.0,0.0
2025-02-27 00:00:00+00:00,9.976561212487766,9.976561212487766,9.80741619089937,9.894461631774902,6138,0.0,0.0,0.0
2025-02-28 00:00:00+00:00,9.729273810329493,9.775763763609001,9.68871832321644,9.737186431884766,122995,0.0,0.0,0.0
2025-03-03 00:00:00+00:00,9.913254331370599,9.974580914697508,9.856872664285552,9.87418270111084,13872,0.0,0.0,0.0
2025-03-04 00:00:00+00:00,9.730262220081181,9.730262220081181,9.446376645995466,9.435495376586914,115410,0.0,0.0,0.0
2025-03-05 00:00:00+00:00,9.613541965692908,9.62640138964931,9.489898302487694,9.503252029418945,266892,0.0,0.0,0.0
2025-03-06 00:00:00+00:00,9.576943181852766,9.576943181852766,9.476049724567213,9.497811317443848,97532,0.0,0.0,0.0
2025-03-07 00:00:00+00:00,9.342514869365058,9.430549851661613,9.246567266183163,9.206012725830078,91705,0.0,0.0,0.0
2025-03-10 00:00:00+00:00,9.299981850736755,9.299981850736755,9.173370487706554,9.109570503234863,18875,0.0,0.0,0.0
2025-03-11 00:00:00+00:00,9.089293415718608,9.11896763179431,9.058629650332309,9.04329776763916,38193,0.0,0.0,0.0
2025-03-12 00:00:00+00:00,9.09423913007739,9.185240875469324,9.072477535529439,9.165952682495117,112010,0.0,0.0,0.0
2025-03-13 00:00:00+00:00,9.071488237320665,9.116000033617048,9.026977384350612,9.016096115112305,100993,0.0,0.0,0.0
2025-03-14 00:00:00+00:00,9.087315426481927,9.208980940939794,9.087315426481927,9.173371315002441,11025,0.0,0.0,0.0
2025-03-17 00:00:00+00:00,9.212937093746902,9.277231385871913,9.18919734352876,9.296025276184082,10790,0.0,0.0,0.0
2025-03-18 00:00:00+00:00,9.276243105937956,9.276243105937956,9.20601340212674,9.258933067321777,94402,0.0,0.0,0.0
2025-03-19 00:00:00+00:00,9.24854671829834,9.314819165714916,9.230741433973064,9.340537071228027,22670,0.0,0.0,0.0
2025-03-20 00:00:00+00:00,9.44439817669042,9.44439817669042,9.30591693028005,9.361309051513672,184251,0.0,0.0,0.0
2025-03-21 00:00:00+00:00,9.330644737603231,9.330644737603231,9.271296309293392,9.333612442016602,54906,0.0,0.0,0.0
2025-03-24 00:00:00+00:00,9.474072519682924,9.547269926099505,9.474072519682924,9.54232406616211,25028,0.0,0.0,0.0
2025-03-25 00:00:00+00:00,9.54232376647769,9.571997981843786,9.54232376647769,9.542818069458008,47803,0.0,0.0,0.0
2025-03-26 00:00:00+00:00,9.56012786905577,9.567942383916488,9.443408222418105,9.455772399902344,32361,0.0,0.0,0.0
2025-03-27 00:00:00+00:00,9.425603522815052,9.425603522815052,9.385048041154205,9.36575984954834,10754,0.0,0.0,0.0
2025-03-28 00:00:00+00:00,9.31383076081607,9.31383076081607,9.196121556505599,9.16694164276123,10229,0.0,0.0,0.0
2025-03-31 00:00:00+01:00,9.09226098952495,9.09226098952495,9.01115002031785,9.129353523254395,47727,0.0,0.0,0.0
2025-04-01 00:00:00+01:00,9.211947143158993,9.257448486316097,9.169414447807743,9.27920913696289,76,0.0,0.0,0.0
2025-04-02 00:00:00+01:00,9.299983280908103,9.299983280908103,9.245579760876629,9.380598068237305,12663,0.0,0.0,0.0
2025-04-03 00:00:00+01:00,9.047749521903684,9.115011520028062,8.960704083746426,8.980981826782227,351945,0.0,0.0,0.0
2025-04-04 00:00:00+01:00,8.811342445954498,8.816288305928188,8.428541562593226,8.437443733215332,133979,0.0,0.0,0.0
2025-04-07 00:00:00+01:00,7.943857361331095,8.204992689767822,7.943857361331095,8.132784843444824,62704,0.0,0.0,0.0
2025-04-08 00:00:00+01:00,8.44832512831726,8.600653467139793,8.445357423623577,8.529435157775879,12580,0.0,0.0,0.0
2025-04-09 00:00:00+01:00,8.192135023292657,8.318746404623104,8.120916710873272,8.233184814453125,31484,0.0,0.0,0.0
2025-04-10 00:00:00+01:00,8.99829089251039,8.99829089251039,8.736166000366211,8.736166000366211,63465,0.0,0.0,0.0
2025-04-11 00:00:00+01:00,8.718361645633104,8.79947166554043,8.709459475926705,8.728253364562988,1675,0.0,0.0,0.0
2025-04-14 00:00:00+01:00,8.992356130574652,9.045771039400998,8.992356130574652,8.995818138122559,19922,0.0,0.0,0.0
2025-04-15 00:00:00+01:00,9.01510706599187,9.08731491984316,9.01510706599187,9.072477340698242,39120,0.0,0.0,0.0
2025-04-16 00:00:00+01:00,8.961693542850075,8.991367759274286,8.92014850786458,8.993840217590332,34520,0.0,0.0,0.0
2025-04-17 00:00:00+01:00,8.958726272750088,8.958726272750088,8.860800504806631,8.9072904586792,36766,0.0,0.0,0.0
2025-04-22 00:00:00+01:00,8.833104340975614,8.833104340975614,8.775733117994665,8.867724418640137,105,0.0,0.0,0.0
2025-04-23 00:00:00+01:00,9.214914698863193,9.269318211254392,9.214914698863193,9.157049179077148,38927,0.0,0.0,0.0
2025-04-24 00:00:00+01:00,9.124903077674308,9.124903077674308,9.061597391352441,9.21491527557373,10802,0.0,0.0,0.0
2025-04-25 00:00:00+01:00,9.317786660813947,9.317786660813947,9.239643396720016,9.261404991149902,22159,0.0,0.0,0.0
2025-04-28 00:00:00+01:00,9.298003641551565,9.392962644569554,9.298003641551565,9.286133766174316,21389,0.0,0.0,0.0
2025-04-29 00:00:00+01:00,9.345482384186818,9.410766221797322,9.345482384186818,9.401864051818848,21821,0.0,0.0,0.0
2025-04-30 00:00:00+01:00,9.432528577784735,9.432528577784735,9.347461294834646,9.375157356262207,10696,0.0,0.0,0.0
2025-05-01 00:00:00+01:00,9.63134765625,9.63134765625,9.58485676151405,9.63134765625,10552,0.0,0.0,0.0
2025-05-02 00:00:00+01:00,9.609585544351486,9.691685116891007,9.609585544351486,9.686244010925293,99,0.0,0.0,0.0
2025-05-06 00:00:00+01:00,9.676847797407481,9.676847797407481,9.597715927213121,9.669923782348633,81,0.0,0.0,0.0
2025-05-07 00:00:00+01:00,9.70850024824952,9.70850024824952,9.649151816777277,9.657064437866211,51404,0.0,0.0,0.0
2025-05-08 00:00:00+01:00,9.804448558872437,9.804448558872437,9.79653593721456,9.784666061401367,199,0.0,0.0,0.0
2025-05-09 00:00:00+01:00,9.782687593946035,9.788622060000149,9.77279587386283,9.732735633850098,2110,0.0,0.0,0.0
2025-05-12 00:00:00+01:00,10.02601781831648,10.02601781831648,10.006235321207525,9.94391918182373,17826,0.0,0.0,0.0
2025-05-13 00:00:00+01:00,9.970624466000894,10.152627944946289,9.970624466000894,10.152627944946289,107163,0.0,0.0,0.0
2025-05-14 00:00:00+01:00,10.164498158804848,10.164498158804848,10.164498158804848,10.14570426940918,13602,0.0,0.0,0.0
2025-05-15 00:00:00+01:00,10.113062350282625,10.113062350282625,10.103170630953056,10.14570426940918,62186,0.0,0.0,0.0
2025-05-16 00:00:00+01:00,10.209999199791238,10.213956453767425,10.202086578491533,10.20505428314209,1580,0.0,0.0,0.0
2025-05-19 00:00:00+01:00,10.12493256347463,10.239674058887214,10.113062688547377,10.227804183959961,19810,0.0,0.0,0.0
2025-05-20 00:00:00+01:00,10.257478674593662,10.257478674593662,10.235717079422601,10.241652488708496,14189,0.0,0.0,0.0
2025-05-21 00:00:00+01:00,10.150651014561205,10.243630920387144,10.126911263429825,10.210988998413086,4,0.0,0.0,0.0
2025-05-22 00:00:00+01:00,10.039865662793934,10.069540822895673,10.014147756701567,10.058659553527832,267,0.0,0.0,0.0
2025-05-23 00:00:00+01:00,10.047778507853224,10.047778507853224,9.90534095687598,10.012168884277344,1020,0.0,0.0,0.0
2025-05-27 00:00:00+01:00,10.164498134885282,10.192194194281877,10.164498134885282,10.182302474975586,18161,0.0,0.0,0.0
2025-05-28 00:00:00+01:00,10.198129758654321,10.198129758654321,10.198129758654321,10.193183898925781,1,0.0,0.0,0.0
2025-05-29 00:00:00+01:00,10.356393364572648,10.370241394305419,10.190216064453125,10.190216064453125,171504,0.0,0.0,0.0
2025-05-30 00:00:00+01:00,10.188238119200275,10.235716674979756,10.126910590076362,10.224836349487305,187009,0.0,0.0,0.0
2025-06-02 00:00:00+01:00,10.221868541195173,10.263413574154134,10.194172481440056,10.274293899536133,32710,0.0,0.0,0.0
2025-06-03 00:00:00+01:00,10.348480591230889,10.380133906843378,10.308914654210039,10.30495834350586,11084,0.0,0.0,0.0
2025-06-04 00:00:00+01:00,10.38409072541735,10.38409072541735,10.362329128827335,10.361340522766113,855,0.0,0.0,0.0
2025-06-05 00:00:00+01:00,10.376175630632785,10.376175630632785,10.328697076880793,10.370241165161133,14175,0.0,0.0,0.0
2025-06-06 00:00:00+01:00,10.332653359268061,10.332653359268061,10.31880532987871,10.317815780639648,4,0.0,0.0,0.0
2025-06-09 00:00:00+01:00,10.316828156600359,10.316828156600359,10.306936436573336,10.236706733703613,351,0.0,0.0,0.0
2025-06-10 00:00:00+01:00,10.249565989870339,10.271326641580371,10.249565989870339,10.17340087890625,0,0.0,0.0,0.0
2025-06-11 00:00:00+01:00,10.206043133370788,10.28913226229035,10.206043133370788,10.300012588500977,155,0.0,0.0,0.0
2025-06-12 00:00:00+01:00,10.233800960042046,10.281520592561586,10.233800960042046,10.279532432556152,31758,0.0524,0.0,0.0
2025-06-13 00:00:00+01:00,10.196023486371253,10.245731280898593,10.192047166200208,10.252690315246582,2749,0.0,0.0,0.0
2025-06-16 00:00:00+01:00,10.255672899099123,10.323275081634426,10.243742990640268,10.304386138916016,879,0.0,0.0,0.0
2025-06-17 00:00:00+01:00,10.215906878493707,10.247719335729958,10.215906878493707,10.236783981323242,1825,0.0,0.0,0.0
2025-06-18 00:00:00+01:00,10.249708315487196,10.249708315487196,10.2099422703914,10.23578929901123,25728,0.0,0.0,0.0
2025-06-19 00:00:00+01:00,10.13239849450737,10.13239849450737,10.130409386339592,10.116491317749023,37,0.0,0.0,0.0
2025-06-20 00:00:00+01:00,10.198012762928427,10.223860740661621,10.198012762928427,10.223860740661621,1271,0.0,0.0,0.0
2025-06-23 00:00:00+01:00,10.207953972784766,10.249709129333496,10.207953972784766,10.249709129333496,1382,0.0,0.0,0.0
2025-06-24 00:00:00+01:00,10.396842988463188,10.412749217495433,10.39286666822946,10.419708251953125,3371,0.0,0.0,0.0
2025-06-25 00:00:00+01:00,10.468420915999133,10.482338984147166,10.420702231533278,10.422690391540527,1420,0.0,0.0,0.0
2025-06-26 00:00:00+01:00,10.408772806838993,10.438597104527533,10.408772806838993,10.441579818725586,4809,0.0,0.0,0.0
2025-06-27 00:00:00+01:00,10.468420925997108,10.502222490444495,10.468420925997108,10.513157844543457,25111,0.0,0.0,0.0
2025-06-30 00:00:00+01:00,10.516140752376652,10.549942317446869,10.516140752376652,10.559883117675781,8390,0.0,0.0,0.0
2025-07-01 00:00:00+01:00,10.623508880176464,10.623508880176464,10.496257157464592,10.491287231445312,12383,0.0,0.0,0.0
2025-07-02 00:00:00+01:00,10.512165134950141,10.512165134950141,10.438597519754877,10.414737701416016,36885,0.0,0.0,0.0
2025-07-03 00:00:00+01:00,10.472398586487795,10.553918838500977,10.466433158139553,10.553918838500977,39783,0.0,0.0,0.0
2025-07-04 00:00:00+01:00,10.512164238587525,10.512164238587525,10.512164238587525,10.513157844543457,0,0.0,0.0,0.0
2025-07-07 00:00:00+01:00,10.534034768127764,10.560280944856336,10.534034768127764,10.556900978088379,391,0.0,0.0,0.0
2025-07-08 00:00:00+01:00,10.45251482667392,10.45251482667392,10.45251482667392,10.461462020874023,4977,0.0,0.0,0.0
2025-07-09 00:00:00+01:00,10.494269371032715,10.498246639325941,10.494269371032715,10.494269371032715,127,0.0,0.0,0.0
2025-07-10 00:00:00+01:00,10.506198867029926,10.514152455206633,10.456491074144429,10.46842098236084,1226,0.0,0.0,0.0
2025-07-11 00:00:00+01:00,10.43263284321043,10.43263284321043,10.43263284321043,10.420702934265137,2,0.0,0.0,0.0
2025-07-14 00:00:00+01:00,10.392866281319172,10.404795241576258,10.372982784696093,10.52210521697998,21,0.0,0.0,0.0
2025-07-15 00:00:00+01:00,10.536023976074183,10.547953885210646,10.478363538662423,10.482339859008789,8393,0.0,0.0,0.0
2025-07-16 00:00:00+01:00,10.480351036199034,10.48432735629399,10.478362876151555,10.454503059387207,6293,0.0,0.0,0.0
2025-07-17 00:00:00+01:00,10.518128250512287,10.518128250512287,10.504210182970374,10.5320463180542,1589,0.0,0.0,0.0
2025-07-18 00:00:00+01:00,10.567836907183779,10.567836907183779,10.565848747100139,10.553918838500977,4748,0.0,0.0,0.0
2025-07-21 00:00:00+01:00,10.56982524185058,10.593685059443002,10.563860761501143,10.615556716918945,228,0.0,0.0,0.0
2025-07-22 00:00:00+01:00,10.559883868105345,10.559883868105345,10.50818791085205,10.475380897521973,46770,0.0,0.0,0.0
2025-07-23 00:00:00+01:00,10.500234508411355,10.52210521697998,10.500234508411355,10.52210521697998,18043,0.0,0.0,0.0
2025-07-24 00:00:00+01:00,10.55391932188034,10.55391932188034,10.55391932188034,10.572808265686035,179,0.0,0.0,0.0
2025-07-25 00:00:00+01:00,10.577778130205106,10.627484974118687,10.573800862138091,10.617544174194336,11084,0.0,0.0,0.0
2025-07-28 00:00:00+01:00,10.665263452967942,10.68117062992866,10.599649429321289,10.599649429321289,199,0.0,0.0,0.0
2025-07-29 00:00:00+01:00,10.591695713332163,10.627484487616046,10.589707553438306,10.598654747009277,93726,0.0,0.0,0.0
2025-07-30 00:00:00+01:00,10.587718535702402,10.591695803621251,10.585730375791599,10.629473686218262,3,0.0,0.0,0.0
2025-07-31 00:00:00+01:00,10.635438846372546,10.673216731386466,10.635438846372546,10.6423978805542,2023,0.0,0.0,0.0
2025-08-01 00:00:00+01:00,10.581754472789987,10.581754472789987,10.428654776460478,10.497251510620117,81936,0.0,0.0,0.0
2025-08-04 00:00:00+01:00,10.555907239995722,10.555907239995722,10.52011751337973,10.608596801757812,177,0.0,0.0,0.0
2025-08-05 00:00:00+01:00,10.691111812640214,10.691111812640214,10.66327567410974,10.602632522583008,145,0.0,0.0,0.0
2025-08-06 00:00:00+01:00,10.62549647037156,10.62549647037156,10.62549647037156,10.690116882324219,1082,0.0,0.0,0.0
2025-08-07 00:00:00+01:00,10.720936792948535,10.76269099970638,10.720936792948535,10.706024169921875,12,0.0,0.0,0.0
2025-08-08 00:00:00+01:00,10.768655275237336,10.768655275237336,10.768655275237336,10.764678955078125,0,0.0,0.0,0.0
2025-08-11 00:00:00+01:00,10.802456823388182,10.802456823388182,10.802456823388182,10.77959156036377,1,0.0,0.0,0.0
2025-08-12 00:00:00+01:00,10.788538731758655,10.794503211975098,10.764678914698251,10.794503211975098,9579,0.0,0.0,0.0
2025-08-13 00:00:00+01:00,10.850175471220846,10.858129059595637,10.844210991012739,10.756725311279297,3544,0.0,0.0,0.0
2025-08-14 00:00:00+01:00,10.776608305293559,10.780584625246748,10.752748489379883,10.752748489379883,70,0.0,0.0,0.0
2025-08-15 00:00:00+01:00,10.784561433266903,10.784561433266903,10.724912838880522,10.718947410583496,4697,0.0,0.0,0.0
2025-08-18 00:00:00+01:00,10.714971236175241,10.716959396268852,10.712983076081631,10.705029487609863,32601,0.0,0.0,0.0
2025-08-19 00:00:00+01:00,10.701052956720288,10.722924613514001,10.673216819763184,10.673216819763184,531,0.0,0.0,0.0
2025-08-20 00:00:00+01:00,10.621520705504416,10.659298590260455,10.621520705504416,10.649356842041016,4165,0.0,0.0,0.0
2025-08-21 00:00:00+01:00,10.67719371478977,10.67719371478977,10.67719371478977,10.670234680175781,29558,0.0,0.0,0.0
2025-08-22 00:00:00+01:00,10.677193492060862,10.744795676629028,10.677193492060862,10.743802070617676,3,0.0,0.0,0.0
2025-08-26 00:00:00+01:00,10.603626566988375,10.673216909969288,10.603626566988375,10.651345252990723,3213,0.0,0.0,0.0
2025-08-27 00:00:00+01:00,10.716959524616357,10.720936792948535,10.707018724029254,10.706024169921875,129,0.0,0.0,0.0
2025-08-28 00:00:00+01:00,10.697076506813275,10.703040986904293,10.697076506813275,10.724912643432617,778,0.0,0.0,0.0
2025-08-29 00:00:00+01:00,10.740819622559295,10.75076137150322,10.651345778258708,10.640410423278809,16899,0.0,0.0,0.0
2025-09-01 00:00:00+01:00,10.679181299926574,10.679181299926574,10.679181299926574,10.673216819763184,0,0.0,0.0,0.0
2025-09-02 00:00:00+01:00,10.62748560781282,10.649357265145103,10.547953515092034,10.569825172424316,1071,0.0,0.0,0.0
2025-09-03 00:00:00+01:00,10.605614840142177,10.605614840142177,10.605614840142177,10.614562034606934,0,0.0,0.0,0.0
2025-09-04 00:00:00+01:00,10.635438612084434,10.641404040164323,10.635438612084434,10.678187370300293,18922,0.0,0.0,0.0
2025-09-05 00:00:00+01:00,10.764679024707325,10.772632613174514,10.657310794935583,10.614562034606934,20637,0.0,0.0,0.0
2025-09-08 00:00:00+01:00,10.768655776977539,10.768655776977539,10.768655776977539,10.768655776977539,1652,0.0,0.0,0.0
2025-09-09 00:00:00+01:00,10.780585110911323,10.780585110911323,10.780585110911323,10.771637916564941,558,0.0,0.0,0.0
2025-09-10 00:00:00+01:00,10.963509369267443,11.074854868477743,10.943626820038988,11.059942245483398,39562,0.0,0.0,0.0
2025-09-11 00:00:00+01:00,11.062924546132912,11.088772522831757,11.056959117919247,11.086784362792969,772,0.0,0.0,0.0
2025-09-12 00:00:00+01:00,11.029122927104902,11.090760628491621,11.029122927104902,11.026140213012695,7429,0.0,0.0,0.0
2025-09-15 00:00:00+01:00,11.035088949830678,11.076843156982012,11.031111681461018,11.06093692779541,38675,0.0,0.0,0.0
2025-09-16 00:00:00+01:00,11.054971049568106,11.110643323505109,11.019181324281186,11.012222290039062,245,0.0,0.0,0.0
2025-09-17 00:00:00+01:00,11.01918114588455,11.037076482286945,11.0092403457691,11.003274917602539,6426,0.0,0.0,0.0
2025-09-18 00:00:00+01:00,11.09672524561895,11.132514970875546,11.0808190170929,11.117602348327637,4520,0.0,0.0,0.0
2025-09-19 00:00:00+01:00,11.122572938203938,11.12853836630954,11.084795053859397,11.092748641967773,6775,0.0,0.0,0.0
2025-09-22 00:00:00+01:00,11.138481066970058,11.142457387315655,11.130527478181502,11.145440101623535,5,0.0,0.0,0.0
2025-09-23 00:00:00+01:00,11.218012067965132,11.218012067965132,11.216022959889038,11.197134017944336,84,0.0,0.0,0.0
2025-09-24 00:00:00+01:00,11.212047741413453,11.220001330207374,11.196141511922972,11.18321704864502,17,0.0,0.0,0.0
2025-09-25 00:00:00+01:00,11.13450395065691,11.14643385995406,11.045030104976966,11.078831672668457,9540,0.0,0.0,0.0
2025-09-26 00:00:00+01:00,11.09076093382645,11.142456888393891,11.072865596877831,11.088772773742676,2957,0.0,0.0,0.0
2025-09-29 00:00:00+01:00,11.194151966989127,11.216022674296534,11.172280311584473,11.172280311584473,29787,0.0,0.0,0.0
2025-09-30 00:00:00+01:00,11.180234474310394,11.210058770961474,11.160350977811476,11.16929817199707,29976,0.0,0.0,0.0
2025-10-01 00:00:00+01:00,11.164326685682868,11.18023386124866,11.134502390667185,11.202104568481445,5687,0.0,0.0,0.0
2025-10-02 00:00:00+01:00,11.231930321164763,11.255789189401392,11.162339032174627,11.15339183807373,742,0.0,0.0,0.0
2025-10-03 00:00:00+01:00,11.184210381467183,11.21602283697423,11.184210381467183,11.19614028930664,20,0.0,0.0,0.0
2025-10-06 00:00:00+01:00,11.18619946240416,11.21602376040966,11.180234982041997,11.1732759475708,188,0.0,0.0,0.0
2025-10-07 00:00:00+01:00,11.158363108895355,11.188187406324532,11.134503291713086,11.141462326049805,6310,0.0,0.0,0.0
2025-10-08 00:00:00+01:00,11.216023427805844,11.216023427805844,11.192164558967365,11.230936050415039,4461,0.0,0.0,0.0
2025-10-09 00:00:00+01:00,11.273685117320031,11.281637757783816,11.241871711172879,11.240878105163574,121,0.0,0.0,0.0
2025-10-10 00:00:00+01:00,11.273685236142557,11.31345128317262,11.259767167086903,11.15140438079834,2,0.0,0.0,0.0
2025-10-13 00:00:00+01:00,11.134503001221262,11.180234474310394,11.130526681160395,11.16929817199707,11632,0.0,0.0,0.0
2025-10-14 00:00:00+01:00,11.118596955727508,11.176257389947471,11.054971093220848,11.17824649810791,12238,0.0,0.0,0.0
2025-10-15 00:00:00+01:00,11.265730657682196,11.353216332700718,11.265730657682196,11.324385643005371,2,0.0,0.0,0.0
2025-10-16 00:00:00+01:00,11.281638009482586,11.293567918541763,11.243861070242112,11.242866516113281,344,0.0,0.0,0.0
2025-10-17 00:00:00+01:00,10.99731133041367,11.130527543749547,10.99731133041367,11.048012733459473,858,0.0,0.0,0.0
2025-10-20 00:00:00+01:00,11.196140773936381,11.218012430604988,11.182222705537441,11.2150297164917,230,0.0,0.0,0.0
2025-10-21 00:00:00+01:00,11.237894329701188,11.241870649557582,11.237894329701188,11.172280311584473,1,0.0,0.0,0.0
2025-10-22 00:00:00+01:00,11.156374639504177,11.176257187873281,11.114620434641495,10.988363265991211,1191,0.0,0.0,0.0
2025-10-23 00:00:00+01:00,11.0788310749356,11.096725463867188,11.056959417721297,11.096725463867188,174923,0.0,0.0,0.0
2025-10-24 00:00:00+01:00,11.226959228515625,11.226959228515625,11.226959228515625,11.226959228515625,0,0.0,0.0,0.0
2025-10-27 00:00:00+00:00,11.33532234159027,11.339298661653851,11.297544456694373,11.312456130981445,12171,0.0,0.0,0.0
2025-10-28 00:00:00+00:00,11.339298913122958,11.39298302756101,11.313450935941871,11.314444541931152,4091,0.0,0.0,0.0
2025-10-29 00:00:00+00:00,11.323393022369878,11.361170909231063,11.323393022369878,11.347251892089844,6,0.0,0.0,0.0
2025-10-30 00:00:00+00:00,11.32538023587165,11.3333328757478,11.253800788402692,11.294561386108398,162903,0.0,0.0,0.0
2025-10-31 00:00:00+00:00,11.23789476095664,11.245848349071894,11.231930280943164,11.235906600952148,22588,0.0,0.0,0.0
2025-11-03 00:00:00+00:00,11.263742524502955,11.311462156098756,11.204093933105469,11.204093933105469,29788,0.0,0.0,0.0
2025-11-04 00:00:00+00:00,11.10269040638929,11.172280747075,11.10269040638929,11.130526542663574,4060,0.0,0.0,0.0
2025-11-05 00:00:00+00:00,11.023158550712226,11.070877236149961,11.007251374135677,11.09473705291748,2,0.0,0.0,0.0
2025-11-06 00:00:00+00:00,11.05695861545177,11.116608154391226,10.961520301245894,10.977426528930664,1824,0.0,0.0,0.0
2025-11-07 00:00:00+00:00,10.98736891944506,10.98736891944506,10.82432746887207,10.82432746887207,203,0.0,0.0,0.0
2025-11-10 00:00:00+00:00,11.094736907641856,11.172280837072273,11.094736907641856,11.108654975891113,30388,0.0,0.0,0.0
2025-11-11 00:00:00+00:00,11.108655660817433,11.190175915317564,11.10070302024026,11.121580123901367,7559,0.0,0.0,0.0
2025-11-12 00:00:00+00:00,11.214035073888226,11.253801118728006,11.184210777282715,11.184210777282715,32,0.0,0.0,0.0
2025-11-13 00:00:00+00:00,11.192163683601947,11.22596429820293,11.02315776630532,11.013216018676758,183,0.0,0.0,0.0
2025-11-14 00:00:00+00:00,10.820351191422168,10.923743099974487,10.820351191422168,10.990351676940918,10896,0.0,0.0,0.0
2025-11-17 00:00:00+00:00,10.977427110933093,11.017193156301966,10.903860448454198,10.921754837036133,12228,0.0,0.0,0.0
2025-11-18 00:00:00+00:00,10.794503066533908,10.81040929499409,10.750263898257067,10.80842113494873,53755,0.0,0.0,0.0
2025-11-19 00:00:00+00:00,10.814386222794738,10.820350702743083,10.768654750801666,10.775613784790039,17655,0.0,0.0,0.0
2025-11-20 00:00:00+00:00,10.9635092295236,10.96549738961137,10.911813274852273,10.878012657165527,52247,0.0,0.0,0.0
2025-11-21 00:00:00+00:00,10.561871083108104,10.627485103896442,10.438596629665305,10.513157844543457,36112,0.0,0.0,0.0
2025-11-24 00:00:00+00:00,10.605614828872953,10.714971218620963,10.565848782773921,10.719942092895508,174405,0.0,0.0,0.0
2025-11-25 00:00:00+00:00,10.720936509149771,10.74877264625147,10.635438989682566,10.681170463562012,43616,0.0,0.0,0.0
2025-11-26 00:00:00+00:00,10.850175186049807,10.856140614198443,10.844210705998462,10.980409622192383,2037,0.0,0.0,0.0
2025-11-27 00:00:00+00:00,10.969474591428098,10.973450911579548,10.957544682876424,10.975439071655273,124629,0.0,0.0,0.0
2025-11-28 00:00:00+00:00,11.015205147294928,11.050994873046875,11.015205147294928,11.050994873046875,8968,0.0,0.0,0.0
2025-12-01 00:00:00+00:00,10.977427660302771,11.009241067048368,10.977427660302771,10.986374855041504,7555,0.0,0.0,0.0
2025-12-02 00:00:00+00:00,11.005263529691716,11.138480685781154,10.967485643409319,10.999299049377441,21070,0.0,0.0,0.0
2025-12-03 00:00:00+00:00,11.043040766439109,11.043040766439109,11.00924015045166,11.00924015045166,1339,0.0,0.0,0.0
2025-12-04 00:00:00+00:00,11.072865661121734,11.134503364562988,11.054971272166613,11.134503364562988,1612,0.0,0.0,0.0
2025-12-05 00:00:00+00:00,11.210059242394314,11.210059242394314,11.152398806697708,11.150409698486328,923,0.0,0.0,0.0
2025-12-08 00:00:00+00:00,11.221988823494117,11.221988823494117,11.208070755004883,11.208070755004883,120,0.0,0.0,0.0
2025-12-09 00:00:00+00:00,11.20807058592168,11.289590835571289,11.20807058592168,11.289590835571289,29268,0.0,0.0,0.0
2025-12-10 00:00:00+00:00,11.257778975355965,11.271697044372559,11.233919157585417,11.271697044372559,416,0.0,0.0,0.0
2025-12-11 00:00:00+00:00,11.194940567016602,11.194940567016602,11.194940567016602,11.194940567016602,0,0.0451,0.0,0.0
2025-12-12 00:00:00+00:00,11.276787573678801,11.276787573678801,11.02126771321946,11.027256965637207,31493,0.0,0.0,0.0
2025-12-15 00:00:00+00:00,11.095128804744148,11.141041963138933,11.095128804744148,11.102115631103516,4205,0.0,0.0,0.0
2025-12-16 00:00:00+00:00,10.935429156700211,10.977350114028777,10.935429156700211,10.949402809143066,1479,0.0,0.0,0.0
2025-12-17 00:00:00+00:00,11.027256716005086,11.041230368818525,10.779722213745117,10.779722213745117,2246,0.0,0.0,0.0
2025-12-18 00:00:00+00:00,10.787706151720801,10.961380182201138,10.781717851579112,10.955390930175781,3177,0.0,0.0,0.0
2025-12-19 00:00:00+00:00,10.959383027768613,11.12706780465526,10.95139862765437,11.119083404541016,2564,0.0,0.0,0.0
2025-12-22 00:00:00+00:00,11.242850274694062,11.242850274694062,11.242850274694062,11.24384880065918,3,0.0,0.0,0.0
2025-12-23 00:00:00+00:00,11.272793710128612,11.272793710128612,11.272793710128612,11.274789810180664,9,0.0,0.0,0.0
2025-12-24 00:00:00+00:00,11.303735733032227,11.303735733032227,11.303735733032227,11.303735733032227,0,0.0,0.0,0.0
2025-12-29 00:00:00+00:00,11.252832321783034,11.292757180476363,11.228877216190295,11.223886489868164,158,0.0,0.0,0.0
2025-12-30 00:00:00+00:00,11.226880462836194,11.24285021500763,11.224884362800221,11.245844841003418,3690,0.0,0.0,0.0
2025-12-31 00:00:00+00:00,11.157012939453125,11.157012939453125,11.157012939453125,11.157012939453125,74,0.0,0.0,0.0
2026-01-02 00:00:00+00:00,11.202925827115443,11.202925827115443,11.137049763755293,11.134055137634277,3,0.0,0.0,0.0
2026-01-05 00:00:00+00:00,11.24883980033739,11.298745158366522,11.24883980033739,11.33068561553955,37,0.0,0.0,0.0
2026-01-06 00:00:00+00:00,11.308726816234914,11.308726816234914,11.308726816234914,11.29175853729248,20,0.0,0.0,0.0
2026-01-07 00:00:00+00:00,11.366616996516129,11.380591600550407,11.344658944212966,11.373604774475098,16704,0.0,0.0,0.0
2026-01-08 00:00:00+00:00,11.314716154025337,11.314716154025337,11.161005020141602,11.161005020141602,338,0.0,0.0,0.0
2026-01-09 00:00:00+00:00,11.242850397470487,11.31072255921335,11.204921640520483,11.303735733032227,35369,0.0,0.0,0.0
2026-01-12 00:00:00+00:00,11.216899285415428,11.356636762075167,11.188951980460217,11.36462116241455,7197,0.0,0.0,0.0
2026-01-13 00:00:00+00:00,11.406542724880044,11.472418785095215,11.40454567297224,11.472418785095215,124981,0.0,0.0,0.0
2026-01-14 00:00:00+00:00,11.456448757348937,11.456448757348937,11.312719076406438,11.289762496948242,119221,0.0,0.0,0.0
2026-01-15 00:00:00+00:00,11.36861479530257,11.512344478211036,11.366617743249574,11.50835132598877,22116,0.0,0.0,0.0
2026-01-16 00:00:00+00:00,11.478408008508152,11.506355314861663,11.456449002708794,11.473417282104492,16987,0.0,0.0,0.0
2026-01-19 00:00:00+00:00,11.296748698969115,11.316711603052783,11.29475259893748,11.310722351074219,30761,0.0,0.0,0.0
2026-01-20 00:00:00+00:00,11.240854596257064,11.366617470860874,11.198933638055793,11.357634544372559,30385,0.0,0.0,0.0
2026-01-21 00:00:00+00:00,11.214902945562324,11.30473411064564,11.212906845520154,11.30872631072998,2637,0.0,0.0,0.0
2026-01-22 00:00:00+00:00,11.414527288301407,11.414527288301407,11.274789813891383,11.306730270385742,2153,0.0,0.0,0.0
2026-01-23 00:00:00+00:00,11.302738367189361,11.314715919703923,11.25932009628046,11.296749114990234,351,0.0,0.0,0.0
2026-01-26 00:00:00+00:00,11.252832414707816,11.356637238544423,11.212907555684794,11.348651885986328,14155,0.0,0.0,0.0
2026-01-27 00:00:00+00:00,11.392569008561258,11.47441577911377,11.392569008561258,11.47441577911377,140,0.0,0.0,0.0
2026-01-28 00:00:00+00:00,11.586205004245038,11.600178657386447,11.47441577911377,11.47441577911377,49616,0.0,0.0,0.0
2026-01-29 00:00:00+00:00,11.487390477345109,11.487390477345109,11.228876951996847,11.296749114990234,3596,0.0,0.0,0.0
2026-01-30 00:00:00+00:00,11.306730627223931,11.366617438229909,11.29275697453029,11.294753074645996,81455,0.0,0.0,0.0
2026-02-02 00:00:00+00:00,11.069177610523617,11.314716011232841,11.05320785766958,11.325695037841797,25412,0.0,0.0,0.0
2026-02-03 00:00:00+00:00,11.406543548278886,11.438483054738173,11.238858759658322,11.252832412719727,16639,0.0,0.0,0.0
2026-02-04 00:00:00+00:00,11.284771229044592,11.304734133273582,11.011285533162885,10.891510963439941,913,0.0,0.0,0.0
2026-02-05 00:00:00+00:00,10.92544805248041,10.92544805248041,10.633996490091572,10.7457857131958,263939,0.0,0.0,0.0
2026-02-06 00:00:00+00:00,10.701868089881911,11.045222045424545,10.669927633620002,11.053207397460938,40302,0.0,0.0,0.0
2026-02-09 00:00:00+00:00,11.182963739001691,11.362625122070312,11.059196014253677,11.362625122070312,92936,0.0,0.0,0.0
2026-02-10 00:00:00+00:00,11.368614491144756,11.392568644418857,11.326692581176758,11.326692581176758,218095,0.0,0.0,0.0
2026-02-11 00:00:00+00:00,11.29674869263591,11.388575957225253,11.186955575888266,11.246842384338379,5636,0.0,0.0,0.0
2026-02-12 00:00:00+00:00,11.34066735429084,11.34066735429084,11.28077959050634,11.033245086669922,8891,0.0,0.0,0.0
2026-02-13 00:00:00+00:00,10.993319639031832,11.115090308337578,10.979345986878178,11.0851469039917,10443,0.0,0.0,0.0
2026-02-16 00:00:00+00:00,11.137049310366583,11.206917571121286,11.053207397460938,11.053207397460938,21585,0.0,0.0,0.0
2026-02-17 00:00:00+00:00,11.047218387189439,11.109102249145508,10.975354024824073,11.109102249145508,2719,0.0,0.0,0.0
2026-02-18 00:00:00+00:00,11.164997313495627,11.192944619546756,11.164997313495627,11.285770416259766,1269,0.0,0.0,0.0
2026-02-19 00:00:00+00:00,11.260816811523993,11.262813863575625,11.176974893169486,11.220891952514648,3099,0.0,0.0,0.0
2026-02-20 00:00:00+00:00,11.294753073731343,11.294753073731343,11.161004847152878,11.262813568115234,2377,0.0,0.0,0.0
2026-02-23 00:00:00+00:00,11.188952381546793,11.202926034525307,11.063188552856445,11.063188552856445,197,0.0,0.0,0.0
2026-02-24 00:00:00+00:00,11.071173313434349,11.129064022409622,10.953394843550463,11.115090370178223,815,0.0,0.0,0.0
2026-02-25 00:00:00+00:00,11.22887722103685,11.34465959686259,11.2029260152808,11.351646423339844,822,0.0,0.0,0.0
2026-02-26 00:00:00+00:00,11.360629436874472,11.360629436874472,11.244847060163043,11.252832412719727,1256,0.0,0.0,0.0
2026-02-27 00:00:00+00:00,11.280779417392454,11.280779417392454,11.159008743430315,11.198933601379395,3836,0.0,0.0,0.0
2026-03-02 00:00:00+00:00,11.161005020141602,11.161005020141602,11.161005020141602,11.161005020141602,1515,0.0,0.0,0.0
2026-03-03 00:00:00+00:00,11.02925233734571,11.095128398287512,10.841605606634797,10.891510963439941,1293,0.0,0.0,0.0
2026-03-04 00:00:00+00:00,10.92744413567475,11.067181616222005,10.925448035534371,11.066183090209961,7028,0.0,0.0,0.0
2026-03-05 00:00:00+00:00,11.063188153374503,11.155015420439105,10.881530671213309,10.88452434539795,7618,0.0,0.0,0.0
2026-03-06 00:00:00+00:00,10.679909651280472,10.921455854481941,10.679909651280472,10.777726173400879,2318,0.0,0.0,0.0
2026-03-09 00:00:00+00:00,10.580097331735255,10.735803604125977,10.536179323729465,10.735803604125977,334,0.0,0.0,0.0
2026-03-10 00:00:00+00:00,10.963377030986278,10.969365331536935,10.963377030986278,11.058198928833008,13,0.0,0.0,0.0
2026-03-11 00:00:00+00:00,11.00529730071408,11.053207509651402,10.983338296303861,10.985334396362305,8527,0.0,0.0,0.0
2026-03-12 00:00:00+00:00,10.967369195956241,10.99531650220324,10.753771246865803,10.835617065429688,662,0.0,0.0,0.0
2026-03-13 00:00:00+00:00,10.78570988563175,10.78570988563175,10.757762581633436,10.768741607666016,2342,0.0,0.0,0.0
2026-03-16 00:00:00+00:00,10.835616799800404,10.875541658015056,10.803677293982165,10.876540184020996,2341,0.0,0.0,0.0
2026-03-17 00:00:00+00:00,10.94141718537725,11.017274697832095,10.863563572892067,10.926445007324219,3,0.0,0.0,0.0
2026-03-18 00:00:00+00:00,10.947406562625376,11.057199680619691,10.915466106123471,10.986332893371582,11966,0.0,0.0,0.0
2026-03-19 00:00:00+00:00,10.787706078465542,10.81765043462165,10.637988105219643,10.797687530517578,8358,0.0,0.0,0.0
2026-03-20 00:00:00+00:00,10.807669246056532,10.885522860569866,10.72382733129618,10.724824905395508,5505,0.0,0.0,0.0
2026-03-23 00:00:00+00:00,10.482281252360849,10.88751908198601,10.45034174692011,10.720832824707031,29464,0.0,0.0,0.0
2026-03-24 00:00:00+00:00,10.709853235504312,10.82563561273101,10.691887382026476,10.803677558898926,2588,0.0,0.0,0.0
2026-03-25 00:00:00+00:00,10.935429541900584,10.95339539513605,10.891511531061443,10.904487609863281,5719,0.0,0.0,0.0
2026-03-26 00:00:00+00:00,10.717838522682323,10.837613099532247,10.614033699035645,10.614033699035645,22,0.0,0.0,0.0
2026-03-27 00:00:00+00:00,10.486273765426855,10.524202524196642,10.454334259033203,10.454334259033203,11,0.0,0.0,0.0
2026-03-30 00:00:00+01:00,10.430378483303292,10.480284791735908,10.284652709960938,10.284652709960938,2642,0.0,0.0,0.0
2026-03-31 00:00:00+01:00,10.284652597487954,10.390453513303907,10.226761889544754,10.352524757385254,21501,0.0,0.0,0.0
2026-04-01 00:00:00+01:00,10.641981013098027,10.869553565979004,10.633996612432275,10.869553565979004,7019,0.0,0.0,0.0
2026-04-02 00:00:00+01:00,10.612037546139506,10.807669639587402,10.612037546139506,10.807669639587402,872,0.0,0.0,0.0
2026-04-07 00:00:00+01:00,10.82763168203093,10.907482352074243,10.819647281345206,10.804675102233887,6617,0.0,0.0,0.0
2026-04-08 00:00:00+01:00,11.336674333091048,11.348651885986328,11.336674333091048,11.348651885986328,1290,0.0,0.0,0.0
2026-04-09 00:00:00+01:00,11.33467741505079,11.504358291625977,11.33467741505079,11.504358291625977,1527,0.0,0.0,0.0
2026-04-10 00:00:00+01:00,11.540291168900342,11.60017797831958,11.530309716702579,11.657071113586426,1423,0.0,0.0,0.0
2026-04-13 00:00:00+01:00,11.568238735716218,11.616147993960631,11.568238735716218,11.584208488464355,20568,0.0,0.0,0.0
2026-04-14 00:00:00+01:00,11.763870661840102,11.84571647644043,11.749897009393306,11.84571647644043,1658,0.0,0.0,0.0
2026-04-15 00:00:00+01:00,11.877655743861474,11.96748690887003,11.84771233948651,11.8537015914917,3860,0.0,0.0,0.0
2026-04-16 00:00:00+01:00,11.92556631652609,11.937543869018555,11.892828180717993,11.937543869018555,218,0.0,0.0,0.0
2026-04-17 00:00:00+01:00,11.967487107994469,12.107224583875471,11.967487107994469,12.103232383728027,17,0.0,0.0,0.0
2026-04-20 00:00:00+01:00,12.003419642870067,12.063307403890924,12.003419642870067,12.075284004211426,198,0.0,0.0,0.0
2026-04-21 00:00:00+01:00,12.107224423854996,12.107224423854996,12.107224423854996,11.980463027954102,9270,0.0,0.0,0.0
2026-04-22 00:00:00+01:00,12.107225001293306,12.14315765951018,12.107225001293306,12.121198654174805,14599,0.0,0.0,0.0
2026-04-23 00:00:00+01:00,12.115209466779296,12.278902053833008,12.103232865859876,12.278902053833008,606,0.0,0.0,0.0
2026-04-24 00:00:00+01:00,12.298864069260404,12.322819174987458,12.298864069260404,12.34078598022461,150,0.0,0.0,0.0
2026-04-27 00:00:00+01:00,12.356755252072867,12.398676209520373,12.292875289916992,12.292875289916992,5132,0.0,0.0,0.0
2026-04-28 00:00:00+01:00,12.266924008948195,12.266924008948195,12.117206032740434,12.07129192352295,22895,0.0,0.0,0.0
2026-04-29 00:00:00+01:00,12.230991780326608,12.260936138123796,12.217018127441406,12.217018127441406,758,0.0,0.0,0.0
2026-04-30 00:00:00+01:00,12.256942701928761,12.450578689575195,12.256942701928761,12.450578689575195,1508,0.0,0.0,0.0
2026-05-01 00:00:00+01:00,12.496492423133425,12.496492423133425,12.496492423133425,12.591313362121582,716,0.0,0.0,0.0
2026-05-05 00:00:00+01:00,12.646210745939408,12.901729643487858,12.646210745939408,12.899733543395996,5556,0.0,0.0,0.0
2026-05-06 00:00:00+01:00,13.073406735296485,13.203162761190436,13.065422334862209,13.21613883972168,2443,0.0,0.0,0.0
2026-05-07 00:00:00+01:00,13.320940715421193,13.320940715421193,13.135290086187483,13.137286186218262,4646,0.0,0.0,0.0
2026-05-08 00:00:00+01:00,13.189188847974949,13.338907775764065,13.189188847974949,13.320940971374512,1863,0.0,0.0,0.0
2026-05-11 00:00:00+01:00,13.432731167336511,13.640340805053711,13.392806310228103,13.640340805053711,4583,0.0,0.0,0.0
2026-05-12 00:00:00+01:00,13.492617795616615,13.56019106512895,13.390810030083614,13.262051582336426,4383,0.0,0.0,0.0
2026-05-13 00:00:00+01:00,13.598419189453125,13.63035964695936,13.598419189453125,13.598419189453125,4658,0.0,0.0,0.0
2026-05-14 00:00:00+01:00,13.654314938222404,13.772093413621798,13.654314938222404,13.752130508422852,1171,0.0,0.0,0.0
2026-05-15 00:00:00+01:00,13.494615372109905,13.538532430480629,13.392806650735722,13.436723709106445,2871,0.0,0.0,0.0
2026-05-18 00:00:00+01:00,13.304971084224814,13.382824697434803,13.125308753450428,13.133294105529785,5493,0.0,0.0,0.0
2026-05-19 00:00:00+01:00,13.141279955148066,13.141279955148066,12.913707407048797,12.924687385559082,3734,0.0,0.0,0.0
2026-05-20 00:00:00+01:00,13.235103492607482,13.36685562133789,13.235103492607482,13.36685562133789,698,0.0,0.0,0.0
2026-05-21 00:00:00+01:00,13.362862144414176,13.410772354382287,13.300979233736344,13.409774780273438,7917,0.0,0.0,0.0
2026-05-22 00:00:00+01:00,13.590434616062526,13.668288230895996,13.590434616062526,13.668288230895996,1040,0.0,0.0,0.0
2026-05-26 00:00:00+01:00,13.80004014185484,13.995672225952148,13.772092837252892,13.995672225952148,31,0.0,0.0,0.0
2026-05-27 00:00:00+01:00,14.107461504560874,14.267160932615592,13.961735728866762,13.99367618560791,1332,0.0,0.0,0.0
2026-05-28 00:00:00+01:00,14.079514360723158,14.079514360723158,13.977705641015644,14.18032455444336,326,0.0,0.0,0.0
2026-05-29 00:00:00+01:00,14.1893072089893,14.1893072089893,14.053562886568674,14.125428199768066,2957,0.0,0.0,0.0
2026-06-01 00:00:00+01:00,14.197292919661518,14.263168982482942,14.037593488807602,14.11345100402832,18323,0.0,0.0,0.0
2026-06-02 00:00:00+01:00,14.15736846081392,14.49273803656271,14.153376260495206,14.48375415802002,27770,0.0,0.0,0.0
2026-06-03 00:00:00+01:00,14.582567673108594,14.73029050161071,14.512699410900622,14.727295875549316,20295,0.0,0.0,0.0
2026-06-04 00:00:00+01:00,14.590552883861664,14.60253043610744,14.303093533730403,14.443828582763672,17283,0.0,0.0,0.0
2026-06-05 00:00:00+01:00,14.313074894065073,14.370965602978426,14.085503306623075,14.062545776367188,336,0.0,0.0,0.0
2026-06-08 00:00:00+01:00,13.762111626756482,14.117443144467227,13.722186769212028,14.115447044372559,22138,0.0,0.0,0.0
2026-06-09 00:00:00+01:00,14.171342060049328,14.219252271227026,13.73616081479763,13.718194961547852,33406,0.0,0.0,0.0
2026-06-10 00:00:00+01:00,13.83796920404436,13.973713529930766,13.704220026377929,13.697233200073242,53272,0.0,0.0,0.0
2026-06-11 00:00:00+01:00,13.754126319685929,13.96572816055516,13.754126319685929,13.889871597290039,8499,0.0,0.0,0.0
2026-06-12 00:00:00+01:00,14.27315078050731,14.558614043607223,14.187311810808705,14.549630165100098,28161,0.0,0.0,0.0
2026-06-15 00:00:00+01:00,14.86403870938709,14.919933319091797,14.840083604689736,14.919933319091797,19632,0.0,0.0,0.0
2026-06-16 00:00:00+01:00,14.995790610573996,15.015752562936134,14.837687493050314,14.767220497131348,14895,0.0,0.0,0.0
2026-06-17 00:00:00+01:00,14.812136714184955,14.937899589538574,14.772211855867088,14.937899589538574,7619,0.0,0.0,0.0
2026-06-18 00:00:00+01:00,15.053999900817871,15.27400016784668,15.053999900817871,15.194000244140625,20314,0.0281,0.0,0.0
2026-06-19 00:00:00+01:00,15.12600040435791,15.194000244140625,15.095999717712402,15.194000244140625,2183,0.0,0.0,0.0
2026-06-22 00:00:00+01:00,15.276000022888184,15.407999992370605,15.265999794006348,15.312000274658203,87569,0.0,0.0,0.0
2026-06-23 00:00:00+01:00,15.017999649047852,15.10200023651123,14.776000022888184,14.82800006866455,94401,0.0,0.0,0.0
2026-06-24 00:00:00+01:00,14.90999984741211,15.01200008392334,14.675999641418457,14.842000007629395,111698,0.0,0.0,0.0
2026-06-25 00:00:00+01:00,15.272000312805176,15.371999740600586,14.902000427246094,15.081999778747559,43166,0.0,0.0,0.0
2026-06-26 00:00:00+01:00,14.920000076293945,14.95199966430664,14.722000122070312,14.78499984741211,13376,0.0,0.0,0.0
2026-06-29 00:00:00+01:00,14.79800033569336,14.880000114440918,14.621999740600586,14.880000114440918,3204,0.0,0.0,0.0
2026-06-30 00:00:00+01:00,15.163999557495117,15.418000221252441,15.163999557495117,15.404000282287598,1578,0.0,0.0,0.0
2026-07-01 00:00:00+01:00,15.387999534606934,15.399999618530273,14.826000213623047,14.940999984741211,25260,0.0,0.0,0.0
2026-07-02 00:00:00+01:00,14.579999923706055,14.991999626159668,14.579999923706055,14.38599967956543,14825,0.0,0.0,0.0
2026-07-03 00:00:00+01:00,14.404000282287598,14.583999633789062,14.404000282287598,14.531999588012695,5597,0.0,0.0,0.0
2026-07-06 00:00:00+01:00,14.477999687194824,14.734000205993652,14.477999687194824,14.625,19904,0.0,0.0,0.0
2026-07-07 00:00:00+01:00,14.345999717712402,14.350000381469727,13.847999572753906,13.892000198364258,25109,0.0,0.0,0.0
2026-07-08 00:00:00+01:00,13.977999687194824,14.204000473022461,13.770000457763672,13.925000190734863,14685,0.0,0.0,0.0
2026-07-09 00:00:00+01:00,14.260000228881836,14.649999618530273,14.260000228881836,14.564000129699707,16684,0.0,0.0,0.0
2026-07-10 00:00:00+01:00,14.303999900817871,14.381999969482422,14.229999542236328,14.406999588012695,4369,0.0,0.0,0.0
2026-07-13 00:00:00+01:00,14.170000076293945,14.26200008392334,14.100000381469727,14.211999893188477,16088,0.0,0.0,0.0
2026-07-14 00:00:00+01:00,14.17199993133545,14.552000045776367,14.17199993133545,14.39799976348877,105037,0.0,0.0,0.0
2026-07-15 00:00:00+01:00,14.479999542236328,14.526000022888184,13.932000160217285,13.956999778747559,56418,0.0,0.0,0.0
2026-07-16 00:00:00+01:00,13.996000289916992,14.038000106811523,13.697999954223633,13.718000411987305,8021,0.0,0.0,0.0
2026-07-17 00:00:00+01:00,13.338000297546387,13.567999839782715,13.144000053405762,13.473999977111816,178049,0.0,0.0,0.0
2026-07-20 00:00:00+01:00,13.565999984741211,13.85200023651123,13.565999984741211,13.680999755859375,22269,0.0,0.0,0.0
2026-07-21 00:00:00+01:00,13.838000297546387,14.043999671936035,13.82800006866455,14.043999671936035,13911,0.0,0.0,0.0
2026-07-22 00:00:00+01:00,13.916000366210938,14.168000221252441,13.826000213623047,14.177000045776367,17471,0.0,0.0,0.0
2026-07-23 00:00:00+01:00,14.109999656677246,14.187999725341797,13.932000160217285,14.022000312805176,55165,0.0,0.0,0.0
2026-07-24 00:00:00+01:00,14.034000396728516,14.10200023651123,13.765999794006348,13.854000091552734,93437,0.0,0.0,0.0
2026-07-27 00:00:00+01:00,13.95199966430664,13.97599983215332,13.288000106811523,13.3100004196167,95776,0.0,0.0,0.0
2026-07-28 00:00:00+01:00,13.326000213623047,13.380000114440918,12.86400032043457,13.020999908447266,137823,0.0,0.0,0.0
2026-07-29 00:00:00+01:00,13.0600004196167,13.173999786376953,12.770000457763672,12.789999961853027,265859,0.0,0.0,0.0
2026-07-30 00:00:00+01:00,12.65999984741211,13.418000221252441,12.621999740600586,13.291999816894531,21875,0.0,0.0,0.0
2026-07-31 00:00:00+01:00,13.592000007629395,13.86400032043457,13.371999740600586,13.435999870300293,54609,0.0,0.0,0.0
2026-08-03 00:00:00+01:00,13.531999588012695,13.531999588012695,13.128000259399414,13.395999908447266,13668,0.0,0.0,0.0
2026-08-04 00:00:00+01:00,13.670000076293945,13.934000015258789,13.65999984741211,13.998000144958496,33101,0.0,0.0,0.0
2026-08-05 00:00:00+01:00,14.043999671936035,14.185999870300293,13.944000244140625,14.029000282287598,55463,0.0,0.0,0.0
2026-08-06 00:00:00+01:00,13.836000442504883,14.0,13.746000289916992,13.949999809265137,134922,0.0,0.0,0.0
2026-08-07 00:00:00+01:00,13.868000030517578,13.961999893188477,13.699999809265137,13.862000465393066,49507,0.0,0.0,0.0
2026-08-10 00:00:00+01:00,13.960000038146973,13.98799991607666,13.8100004196167,13.821000099182129,15684,0.0,0.0,0.0
2026-08-11 00:00:00+01:00,13.805999755859375,13.854000091552734,13.789999961853027,13.814000129699707,40997,0.0,0.0,0.0
2026-08-12 00:00:00+01:00,13.894000053405762,14.154000282287598,13.894000053405762,14.137999534606934,18263,0.0,0.0,0.0
2026-08-13 00:00:00+01:00,14.09000015258789,14.272000312805176,14.069999694824219,14.260000228881836,28262,0.0,0.0,0.0
2026-08-14 00:00:00+01:00,14.14799976348877,14.26200008392334,14.116000175476074,14.156000137329102,9414,0.0,0.0,0.0
2026-08-17 00:00:00+01:00,14.333999633789062,14.47599983215332,14.29800033569336,14.487000465393066,18710,0.0,0.0,0.0
2026-08-18 00:00:00+01:00,14.236000061035156,14.236000061035156,13.895999908447266,13.906000137329102,9064,0.0,0.0,0.0
2026-08-19 00:00:00+01:00,13.907999992370605,14.01200008392334,13.644000053405762,13.711999893188477,121139,0.0,0.0,0.0
2026-08-20 00:00:00+01:00,13.784000396728516,13.79800033569336,13.552000045776367,13.62600040435791,21347,0.0,0.0,0.0
2026-08-21 00:00:00+01:00,13.6899995803833,13.777999877929688,13.583999633789062,13.61299991607666,97531,0.0,0.0,0.0
2026-08-24 00:00:00+01:00,13.472000122070312,13.541999816894531,13.312000274658203,13.357999801635742,55995,0.0,0.0,0.0
2026-08-25 00:00:00+01:00,13.529999732971191,13.645999908447266,13.489999771118164,13.553000450134277,11294,0.0,0.0,0.0
2026-08-26 00:00:00+01:00,13.520000457763672,13.579999923706055,13.501999855041504,13.581999778747559,17746,0.0,0.0,0.0
2026-08-27 00:00:00+01:00,13.720000267028809,13.788000106811523,13.531999588012695,13.559000015258789,15029,0.0,0.0,0.0
2026-08-28 00:00:00+01:00,13.552000045776367,13.579999923706055,13.5,13.553000450134277,32057,0.0,0.0,0.0
2026-09-01 00:00:00+01:00,13.428000450134277,13.435999870300293,13.199999809265137,13.276000022888184,27069,0.0,0.0,0.0
2026-09-02 00:00:00+01:00,13.197999954223633,13.272000312805176,13.185999870300293,13.23900032043457,2273,0.0,0.0,0.0
2026-09-03 00:00:00+01:00,13.288000106811523,13.321999549865723,13.222000122070312,13.390999794006348,769,0.0,0.0,0.0
2026-09-04 00:00:00+01:00,13.446000099182129,13.631999969482422,13.437999725341797,13.571000099182129,3597,0.0,0.0,0.0
2026-09-07 00:00:00+01:00,13.708000183105469,13.744000434875488,13.656000137329102,13.692000389099121,30702,0.0,0.0,0.0
2026-09-08 00:00:00+01:00,13.723999977111816,13.895999908447266,13.67199993133545,13.883999824523926,12641,0.0,0.0,0.0
2026-09-09 00:00:00+01:00,13.88599967956543,13.90999984741211,13.784000396728516,13.85099983215332,13502,0.0,0.0,0.0
2026-09-10 00:00:00+01:00,13.862000465393066,13.862000465393066,13.612000465393066,13.668000221252441,35903,0.0,0.0,0.0
2026-09-11 00:00:00+01:00,13.645999908447266,13.770000457763672,13.645999908447266,13.767999649047852,19144,0.0,0.0,0.0
2026-09-14 00:00:00+01:00,13.510000228881836,13.510000228881836,13.276000022888184,13.352999687194824,186992,0.0,0.0,0.0
2026-09-15 00:00:00+01:00,13.315999984741211,13.399999618530273,13.26200008392334,13.329999923706055,83506,0.0,0.0,0.0
2026-09-16 00:00:00+01:00,13.432000160217285,13.482000350952148,13.420000076293945,13.482000350952148,32357,0.0,0.0,0.0
2026-09-17 00:00:00+01:00,13.473999977111816,13.61400032043457,13.473999977111816,13.609999656677246,6738,0.0,0.0,0.0
2026-09-18 00:00:00+01:00,13.711999893188477,13.711999893188477,13.654000282287598,13.673999786376953,54642,0.0,0.0,0.0
2026-09-21 00:00:00+01:00,13.932000160217285,14.118000030517578,13.932000160217285,14.11400032043457,8651,0.0,0.0,0.0
