Date,Open,High,Low,Close,Volume,Dividends,Stock Splits
2021-09-20 00:00:00-04:00,356.1723062604474,357.887257620845,346.75500310310935,352.6036682128906,19822800,0.0,0.0
2021-09-21 00:00:00-04:00,355.37921290978545,356.90581548877753,352.0980292916366,354.36810302734375,11751900,0.0,0.0
2021-09-22 00:00:00-04:00,344.2072837407498,346.7945484933344,337.7242076653426,340.2222595214844,43692900,0.0,0.0
2021-09-23 00:00:00-04:00,342.35355082163966,346.6260591567218,340.01410966092726,342.9483337402344,21806300,0.0,0.0
2021-09-24 00:00:00-04:00,340.2520632105395,351.2653656500242,339.38964145891316,349.887451171875,18801900,0.0,0.0
2021-09-27 00:00:00-04:00,346.7649039103494,352.05841561645803,344.05865765107916,350.5020751953125,15205800,0.0,0.0
2021-09-28 00:00:00-04:00,344.94085556790003,346.5566709453313,335.9696496557969,337.6845703125,21710300,0.0,0.0
2021-09-29 00:00:00-04:00,340.1628485218163,342.2247589133075,335.93003006958673,336.6536560058594,14452200,0.0,0.0
2021-09-30 00:00:00-04:00,337.48631691218293,339.8158354226693,335.20632078756825,336.435546875,16547100,0.0,0.0
2021-10-01 00:00:00-04:00,338.63621089401767,342.0165298799602,335.69209430346353,340.0240478515625,14905300,0.0,0.0
2021-10-04 00:00:00-04:00,332.6092296951556,333.015664299282,319.8909274082491,323.39019775390625,42885000,0.0,0.0
2021-10-05 00:00:00-04:00,325.71961705579815,332.262168484536,323.32070069147386,330.0614929199219,35377900,0.0,0.0
2021-10-06 00:00:00-04:00,326.86958228902955,331.46920530979725,322.96387782374825,330.73565673828125,26443000,0.0,0.0
2021-10-07 00:00:00-04:00,334.06639950885625,335.890378594045,326.11622486820954,326.3541259765625,28307500,0.0,0.0
2021-10-08 00:00:00-04:00,328.62419226348635,330.49772395211795,325.8485483054744,327.1768798828125,15946100,0.0,0.0
2021-10-11 00:00:00-04:00,324.77795902146374,327.58331033025894,322.4781475498492,322.616943359375,14708200,0.0,0.0
2021-10-12 00:00:00-04:00,320.217959094543,321.55621312935887,314.60722687772926,320.9515075683594,31658700,0.0,0.0
2021-10-13 00:00:00-04:00,324.1236830099349,324.15342064578897,319.8512045646959,321.71484375,14761500,0.0,0.0
2021-10-14 00:00:00-04:00,325.5016020421906,327.64280280902835,324.25259095047653,325.6701354980469,14302200,0.0,0.0
2021-10-15 00:00:00-04:00,325.81875031443235,326.20536978683685,319.7024786640568,321.9328918457031,21596400,0.0,0.0
2021-10-18 00:00:00-04:00,326.0864486097068,332.96603719606185,324.6490589958284,332.4208068847656,21585000,0.0,0.0
2021-10-19 00:00:00-04:00,336.6932978457845,339.4788340210917,334.34393383511576,337.03033447265625,18786300,0.0,0.0
2021-10-20 00:00:00-04:00,340.4602472700604,340.9856323597062,336.4950676495125,337.8134765625,13639500,0.0,0.0
2021-10-21 00:00:00-04:00,337.3178222799958,339.33014968660194,334.8594000743426,338.9039001464844,16354400,0.0,0.0
2021-10-22 00:00:00-04:00,323.5090838339694,326.7605297669298,318.31467819269096,321.7842102050781,35224500,0.0,0.0
2021-10-25 00:00:00-04:00,317.51172656834376,326.6911265083267,316.9367888694215,325.8287048339844,38409000,0.0,0.0
2021-10-26 00:00:00-04:00,325.4024861336373,327.33549311220946,306.90491895434997,313.06085205078125,65654000,0.0,0.0
2021-10-27 00:00:00-04:00,311.4549272341347,316.47087668883006,309.3434643911741,309.5020751953125,29971800,0.0,0.0
2021-10-28 00:00:00-04:00,310.265412028059,322.68633715431775,305.4278875930732,314.1612243652344,50806800,0.0,0.0
2021-10-29 00:00:00-04:00,317.4027143186417,323.1621352287927,316.81785396180146,320.7532958984375,37059400,0.0,0.0
2021-11-01 00:00:00-04:00,323.20180896504496,330.5473080610597,323.16214869712104,327.1075134277344,31518900,0.0,0.0
2021-11-02 00:00:00-04:00,328.4952901589308,331.875609206315,320.9812583023062,325.2239990234375,28353000,0.0,0.0
2021-11-03 00:00:00-04:00,324.6391926245561,329.25863099399135,320.38655881984874,328.7332458496094,20786500,0.0,0.0
2021-11-04 00:00:00-04:00,331.1024126520275,334.33401339052415,329.7542358838118,332.9263916015625,22495300,0.0,0.0
2021-11-05 00:00:00-04:00,337.34756183736033,343.77116361985196,336.6834112016594,338.1604309082031,26872800,0.0,0.0
2021-11-08 00:00:00-05:00,341.4217692170789,341.7885434537286,335.3946798762904,335.6722412109375,18342500,0.0,0.0
2021-11-09 00:00:00-05:00,337.04026169208083,338.33885557432916,331.55840217522467,332.4505615234375,17556700,0.0,0.0
2021-11-10 00:00:00-05:00,329.59556639127516,330.289484784712,322.67634871986195,324.7878112792969,21872600,0.0,0.0
2021-11-11 00:00:00-05:00,326.9489345322679,329.5659376842874,324.1534752831261,324.88702392578125,12376600,0.0,0.0
2021-11-12 00:00:00-05:00,327.30569668762257,338.884012227192,326.9091848338951,337.9224853515625,25414300,0.0,0.0
2021-11-15 00:00:00-05:00,341.3424230756894,350.5713745750115,340.212362816545,344.5343933105469,25076600,0.0,0.0
2021-11-16 00:00:00-05:00,340.83693961443635,343.632398718103,337.90271494458875,339.9745178222656,18181100,0.0,0.0
2021-11-17 00:00:00-05:00,341.2433529254867,344.2767129547134,337.1394076955589,337.8035583496094,13602800,0.0,0.0
2021-11-18 00:00:00-05:00,336.7627012277553,339.4788395456353,332.3811645032816,335.7416687011719,17487200,0.0,0.0
2021-11-19 00:00:00-05:00,339.2211080822215,349.0349209979875,336.94111178741986,342.2940979003906,26488500,0.0,0.0
2021-11-22 00:00:00-05:00,346.01146236419726,350.74985063397304,337.5458259535409,338.0414733886719,27116800,0.0,0.0
2021-11-23 00:00:00-05:00,335.9795771756377,338.42807681771274,330.59685306534936,334.314208984375,17225000,0.0,0.0
2021-11-24 00:00:00-05:00,333.07511425972456,338.8047980509013,329.91288084406926,338.091064453125,13566200,0.0,0.0
2021-11-26 00:00:00-05:00,332.87687841888254,334.8099159410741,329.0108336264247,330.22021484375,14750700,0.0,0.0
2021-11-29 00:00:00-05:00,333.95731151284855,337.70440455498925,332.3910488261399,335.0873718261719,16650900,0.0,0.0
2021-11-30 00:00:00-05:00,332.08375357003285,332.88669992716825,320.61446562657216,321.635498046875,25390000,0.0,0.0
2021-12-01 00:00:00-05:00,327.41484165994666,327.6230051442653,307.58894119735874,307.896240234375,30329600,0.0,0.0
2021-12-02 00:00:00-05:00,308.6892060123132,311.8613615896398,304.52578585047945,307.6880187988281,24396200,0.0,0.0
2021-12-03 00:00:00-05:00,310.9989509816925,311.0187659884353,296.89281406704816,304.1689147949219,27471000,0.0,0.0
2021-12-06 00:00:00-05:00,305.4477026203686,317.3135037928877,303.6732762774191,315.1029052734375,21758300,0.0,0.0
2021-12-07 00:00:00-05:00,318.7707124357527,323.6974493634686,318.2056670748786,319.9999084472656,18794000,0.0,0.0
2021-12-08 00:00:00-05:00,322.1708069488053,329.85334157604603,320.2576152633846,327.6824035644531,19937700,0.0,0.0
2021-12-09 00:00:00-05:00,326.67129120994196,333.20392019867387,325.1446887738211,326.9488525390625,16879200,0.0,0.0
2021-12-10 00:00:00-05:00,329.6649914939151,332.1134908245347,323.5288743506199,326.87945556640625,14528000,0.0,0.0
2021-12-13 00:00:00-05:00,328.0690544396318,338.120768847072,326.72087766442525,331.5782165527344,22948700,0.0,0.0
2021-12-14 00:00:00-05:00,325.1943369578248,332.7777684762318,324.7978249785697,330.8348083496094,20461000,0.0,0.0
2021-12-15 00:00:00-05:00,329.59560422727736,339.1318555324003,321.1597059007008,338.685791015625,24681300,0.0,0.0
2021-12-16 00:00:00-05:00,336.02911882514184,341.46139491344286,330.8347135539258,331.984619140625,22635000,0.0,0.0
2021-12-17 00:00:00-05:00,329.9029054140039,334.17538368642465,327.8707631250314,330.8843078613281,40012600,0.0,0.0
2021-12-20 00:00:00-05:00,326.90923704607127,327.02818759599614,319.722348886216,322.616943359375,17901800,0.0,0.0
2021-12-21 00:00:00-05:00,323.56857565417766,333.0750902240933,320.9317275596732,331.290771484375,16116800,0.0,0.0
2021-12-22 00:00:00-05:00,330.8942391431612,331.59808033252256,325.402486952431,327.57342529296875,16764600,0.0,0.0
2021-12-23 00:00:00-05:00,327.2264458403401,333.73926046044926,325.50157217835203,332.3216857910156,13987700,0.0,0.0
2021-12-27 00:00:00-05:00,335.90029482489064,344.8417642492237,335.0676107095978,343.1664733886719,17795000,0.0,0.0
2021-12-28 00:00:00-05:00,343.6125808087769,349.63964092460617,342.19503626000375,343.2061462402344,16637600,0.0,0.0
2021-12-29 00:00:00-05:00,343.8901234286759,346.6459220889968,338.66601010462034,339.9546813964844,10747000,0.0,0.0
2021-12-30 00:00:00-05:00,341.0054225509634,344.2073157522339,340.2322137913024,341.3622741699219,10593300,0.0,0.0
2021-12-31 00:00:00-05:00,340.03394727133025,340.4503044176008,333.3427070591163,333.4220275878906,12870500,0.0,0.0
2022-01-03 00:00:00-05:00,335.35502521507095,338.11082360220985,334.2547024867432,335.59295654296875,14537900,0.0,0.0
2022-01-04 00:00:00-05:00,336.9907056585959,340.103355842502,328.9810261084693,333.6004638671875,15998000,0.0,0.0
2022-01-05 00:00:00-05:00,330.1210192265055,332.8371878445383,321.0209392355223,321.34808349609375,20564500,0.0,0.0
2022-01-06 00:00:00-05:00,320.0098205355799,336.2174978797131,319.9106849971609,329.5658874511719,27962800,0.0,0.0
2022-01-07 00:00:00-05:00,329.84341476886055,334.06634020398093,326.01703144649423,328.9017028808594,14722000,0.0,0.0
2022-01-10 00:00:00-05:00,322.47809757856305,325.48171950640443,312.6841004601609,325.2140808105469,24942400,0.0,0.0
2022-01-11 00:00:00-05:00,323.9353346411827,331.71700537861085,322.4483923442952,331.4592590332031,16226800,0.0,0.0
2022-01-12 00:00:00-05:00,332.2622170190989,333.44186036917864,327.15705433912973,330.35894775390625,14104900,0.0,0.0
2022-01-13 00:00:00-05:00,332.063945311924,332.7082808860371,322.9242059820677,323.637939453125,14797100,0.0,0.0
2022-01-14 00:00:00-05:00,318.9887957429694,329.8335644167679,318.4138277573684,329.0107727050781,16868500,0.0,0.0
2022-01-18 00:00:00-05:00,320.4757328930127,321.38770724912837,314.8749228247817,315.3804626464844,22645600,0.0,0.0
2022-01-19 00:00:00-05:00,316.7980302506369,324.25258771682417,316.55020651044543,316.8079528808594,20814700,0.0,0.0
2022-01-20 00:00:00-05:00,321.08042246053043,324.96631190525255,313.2293835392829,313.8043212890625,16925000,0.0,0.0
2022-01-21 00:00:00-05:00,312.06954052686575,315.5390726265912,300.4020106136228,300.5308837890625,28710700,0.0,0.0
2022-01-24 00:00:00-05:00,295.247214295692,306.83545193460026,286.49409527277817,306.0225830078125,38878100,0.0,0.0
2022-01-25 00:00:00-05:00,297.3388990759173,303.56422945511866,294.98950489574133,297.5371398925781,25108500,0.0,0.0
2022-01-26 00:00:00-05:00,304.33745154982324,304.83309899106166,288.3181226187675,292.0652160644531,28348800,0.0,0.0
2022-01-27 00:00:00-05:00,295.1581084737027,299.0836284987334,291.69849834382927,292.0751953125,21629900,0.0,0.0
2022-01-28 00:00:00-05:00,293.0466349983478,299.2719666418896,290.4791844739812,299.0836181640625,21871600,0.0,0.0
2022-01-31 00:00:00-05:00,298.06248515057547,311.0583744864284,296.71433887037983,310.5329895019531,21579500,0.0,0.0
2022-02-01 00:00:00-05:00,311.821701482423,316.8773112011151,309.40293966017686,316.2230529785156,18023800,0.0,0.0
2022-02-02 00:00:00-05:00,324.96631177071333,325.1447375979586,314.11162016781816,320.1882629394531,58458300,0.0,0.0
2022-02-03 00:00:00-05:00,242.52028286095725,245.84112671168018,233.6977646059621,235.6902618408203,188119900,0.0,0.0
2022-02-04 00:00:00-05:00,232.92455228605658,240.49804434059385,228.10685870647143,235.02609252929688,89342200,0.0,0.0
2022-02-07 00:00:00-05:00,235.63080405625365,236.22558707024265,222.05997391651653,222.9521484375,88613800,0.0,0.0
2022-02-08 00:00:00-05:00,218.92751717395788,223.80468698994036,214.26841835242396,218.26333618164062,94729700,0.0,0.0
2022-02-09 00:00:00-05:00,222.24831952087897,231.33849218278192,220.27565229753864,229.9804229736328,86563300,0.0,0.0
2022-02-10 00:00:00-05:00,226.28289646247256,232.9543070635339,224.72655617184256,226.0846405029297,49310400,0.0,0.0
2022-02-11 00:00:00-05:00,226.471234956997,228.41416445140362,216.86558514893198,217.6387939453125,46156900,0.0,0.0
2022-02-14 00:00:00-05:00,217.40085580648946,219.07614640503417,212.91029166265295,215.80487060546875,38184000,0.0,0.0
2022-02-15 00:00:00-05:00,218.55077156833923,219.22484478977512,213.18786292773044,219.07615661621094,42685500,0.0,0.0
2022-02-16 00:00:00-05:00,210.56094601163443,215.56698810761435,210.51137824316746,214.6549835205078,45817500,0.0,0.0
2022-02-17 00:00:00-05:00,212.15690769365995,215.60660920568276,205.35662506953668,205.90184020996094,38747500,0.0,0.0
2022-02-18 00:00:00-05:00,207.56723467799455,208.91539632217007,203.39387657053754,204.3653564453125,37128400,0.0,0.0
2022-02-22 00:00:00-05:00,200.57859302783234,205.673847868195,198.31844201699187,200.32086181640625,39852400,0.0,0.0
2022-02-23 00:00:00-05:00,202.3827894707201,205.13858834213104,196.3259764563684,196.7224884033203,44481400,0.0,0.0
2022-02-24 00:00:00-05:00,189.3967909321892,206.53628729690607,188.56410689144704,205.79281616210938,49957200,0.0,0.0
2022-02-25 00:00:00-05:00,203.15596878731102,209.48043476464565,201.4112801723448,208.64773559570312,37627600,0.0,0.0
2022-02-28 00:00:00-05:00,205.87210364692402,211.29448759324586,205.02951211449042,209.1929473876953,34239800,0.0,0.0
2022-03-01 00:00:00-05:00,208.043016887252,209.90665579077742,200.45961837187588,201.71856689453125,27094900,0.0,0.0
2022-03-02 00:00:00-05:00,202.99735671935014,207.32931034252405,200.2613883982864,206.29837036132812,29452100,0.0,0.0
2022-03-03 00:00:00-05:00,207.20043068147,207.25990594568566,199.66658461103572,201.20309448242188,27263500,0.0,0.0
2022-03-04 00:00:00-05:00,200.6083705463484,204.09773329009735,197.0595325209042,198.3184814453125,32130900,0.0,0.0
2022-03-07 00:00:00-05:00,199.042131527655,199.14126708557671,185.64974050478398,185.8380889892578,38560600,0.0,0.0
2022-03-08 00:00:00-05:00,186.21476736768085,194.9877188332705,184.48990866339375,188.63351440429688,37508100,0.0,0.0
2022-03-09 00:00:00-05:00,194.0360351745391,197.3667860600009,192.23187151218363,196.77200317382812,31894700,0.0,0.0
2022-03-10 00:00:00-05:00,193.14390698911552,194.57137415619934,189.40673586874723,193.5106964111328,24853000,0.0,0.0
2022-03-11 00:00:00-05:00,190.96303363699852,191.8750230568434,185.0450023478886,185.97682189941406,34694500,0.0,0.0
2022-03-14 00:00:00-04:00,185.40189829285765,190.61610442525557,184.20243984151935,185.00538635253906,31010500,0.0,0.0
2022-03-15 00:00:00-04:00,189.13907936744985,190.6061916572676,184.2916476700059,190.35836791992188,31721700,0.0,0.0
2022-03-16 00:00:00-04:00,193.00509059122,201.9564812422435,192.82666479132567,201.85736083984375,40640300,0.0,0.0
2022-03-17 00:00:00-04:00,199.9441958450524,206.2290024321611,199.35933543297546,206.03074645996094,29499700,0.0,0.0
2022-03-18 00:00:00-04:00,204.90063812727288,214.91272195046668,204.20673477217082,214.6054229736328,52128000,0.0,0.0
2022-03-21 00:00:00-04:00,212.632763871021,212.84094246310048,205.82257249783686,209.6489715576172,30142300,0.0,0.0
2022-03-22 00:00:00-04:00,209.53000212527914,217.54958951329053,208.3503587518727,214.7640380859375,31998800,0.0,0.0
2022-03-23 00:00:00-04:00,211.47291821952788,214.91271233225916,210.31310513662962,211.60179138183594,23717300,0.0,0.0
2022-03-24 00:00:00-04:00,213.12839043651937,218.74903035989297,212.92021186485715,217.6586151123047,31502300,0.0,0.0
2022-03-25 00:00:00-04:00,218.59042908411953,223.53699599289988,216.98453621485453,219.8890380859375,40039000,0.0,0.0
2022-03-28 00:00:00-04:00,220.1963488462626,222.0897106771945,217.628883467782,221.6436309814453,26224100,0.0,0.0
2022-03-29 00:00:00-04:00,224.1020384066852,228.8800718121414,223.3288144925983,227.85903930664062,31417900,0.0,0.0
2022-03-30 00:00:00-04:00,226.91730146383702,229.1377921857716,224.7364558793833,225.8665313720703,25588000,0.0,0.0
2022-03-31 00:00:00-04:00,226.4612668661835,226.50092712396207,220.3251503701819,220.42428588867188,24192300,0.0,0.0
2022-04-01 00:00:00-04:00,222.595293413818,225.30152450591893,220.76139162876885,222.89268493652344,19544800,0.0,0.0
2022-04-04 00:00:00-04:00,224.01282676690582,232.3099757174328,223.89387621416836,231.85397338867188,28054800,0.0,0.0
2022-04-05 00:00:00-04:00,232.04231390079502,234.7981125352081,229.00895390219355,229.82180786132812,29727200,0.0,0.0
2022-04-06 00:00:00-04:00,224.9347151034795,226.99661017964237,219.4825934997473,221.35614013671875,28995100,0.0,0.0
2022-04-07 00:00:00-04:00,221.98065051757655,223.5568208391309,216.6574019650015,221.00918579101562,21037200,0.0,0.0
2022-04-08 00:00:00-04:00,220.44414479208226,223.17020552086805,218.11459593710012,220.3945770263672,18375700,0.0,0.0
2022-04-11 00:00:00-04:00,216.51862836918798,218.6895666015548,213.34648774183083,214.57569885253906,20516600,0.0,0.0
2022-04-12 00:00:00-04:00,218.3227835510992,220.09719467995484,211.27467655152802,212.27587890625,20128800,0.0,0.0
2022-04-13 00:00:00-04:00,209.97608164874075,214.72437730811373,209.49034172860436,213.1184844970703,19231800,0.0,0.0
2022-04-14 00:00:00-04:00,213.01936274015176,213.1184982815987,208.1719312322115,208.35035705566406,18379500,0.0,0.0
2022-04-18 00:00:00-04:00,208.1719251462913,211.52250668657197,206.48672687267987,208.9352264404297,16580800,0.0,0.0
2022-04-19 00:00:00-04:00,208.687388784282,216.5285192787811,207.18061642952617,215.41827392578125,20089900,0.0,0.0
2022-04-20 00:00:00-04:00,211.7505057324773,212.29572095663042,197.18838112552498,198.67532348632812,43036500,0.0,0.0
2022-04-21 00:00:00-04:00,199.8450653573932,201.20313458082896,183.96451623076376,186.43284606933594,49954100,0.0,0.0
2022-04-22 00:00:00-04:00,188.71282551297173,191.04237482821003,181.6746400436713,182.50732421875,36426800,0.0,0.0
2022-04-25 00:00:00-04:00,181.1393324982631,185.5505922567638,180.07865470566156,185.3622589111328,29281100,0.0,0.0
2022-04-26 00:00:00-04:00,185.00534856024166,185.5604712136734,177.93741197946932,179.37478637695312,31747400,0.0,0.0
2022-04-27 00:00:00-04:00,172.91155490901065,179.6325479655742,167.52883108777505,173.42703247070312,71062900,0.0,0.0
2022-04-28 00:00:00-04:00,201.1535808838072,206.71474647475614,191.22080068439843,203.93911743164062,100890600,0.0,0.0
2022-04-29 00:00:00-04:00,202.68017157699896,210.63034616352076,198.15985391157957,198.7248992919922,49193400,0.0,0.0
2022-05-02 00:00:00-04:00,199.41879504894462,210.03557018084996,199.240369225767,209.29209899902344,49915300,0.0,0.0
2022-05-03 00:00:00-04:00,208.61800216969073,213.02926131184137,206.27854567365722,210.1842498779297,41556300,0.0,0.0
2022-05-04 00:00:00-04:00,208.81626224243902,222.34744654800306,205.15839680914934,221.46519470214844,41375900,0.0,0.0
2022-05-05 00:00:00-04:00,216.83585515286595,218.2533996208579,204.36536330702657,206.46690368652344,41129200,0.0,0.0
2022-05-06 00:00:00-04:00,205.53508504215011,207.55733514909008,199.27010901448142,201.9961700439453,34747200,0.0,0.0
2022-05-09 00:00:00-04:00,198.10037393010384,200.80661996260716,193.87746300031426,194.50198364257812,36303200,0.0,0.0
2022-05-10 00:00:00-04:00,197.77325259533754,201.1932323179815,192.499571258409,195.929443359375,34452500,0.0,0.0
2022-05-11 00:00:00-04:00,194.62094046425895,198.9231569416904,186.63110554161176,187.09701538085938,31153400,0.0,0.0
2022-05-12 00:00:00-04:00,185.43163548920708,196.32597270309722,183.17148415767517,189.57525634765625,38262200,0.0,0.0
2022-05-13 00:00:00-04:00,190.90357657872764,198.14993998847334,189.61489016381347,196.8909912109375,24549800,0.0,0.0
2022-05-16 00:00:00-04:00,195.33465259058252,203.58221785060556,194.2243920764948,198.29861450195312,27112600,0.0,0.0
2022-05-17 00:00:00-04:00,200.36053841838304,203.67147517872874,196.63327470356344,200.85618591308594,24872700,0.0,0.0
2022-05-18 00:00:00-04:00,198.25898682246762,199.25028175657994,189.96185306425463,190.56654357910156,23960000,0.0,0.0
2022-05-19 00:00:00-04:00,189.53557347013006,193.58996580154144,187.9495107758702,189.62478637695312,24446900,0.0,0.0
2022-05-20 00:00:00-04:00,193.27273818785392,196.1871471665272,186.23453942811966,191.8551788330078,31465600,0.0,0.0
2022-05-23 00:00:00-04:00,193.49083435582054,195.27516802030826,189.57522292255692,194.5217742919922,25059200,0.0,0.0
2022-05-24 00:00:00-04:00,178.97830898394798,182.08105193923015,174.57695691850554,179.7019500732422,50406300,0.0,0.0
2022-05-25 00:00:00-04:00,178.82960205945918,183.83564455779268,177.75901682951374,182.22975158691406,28030200,0.0,0.0
2022-05-26 00:00:00-04:00,181.28799323142837,191.15137321417458,180.6733801854834,189.96182250976562,23056500,0.0,0.0
2022-05-27 00:00:00-04:00,189.69421013206528,193.62965245743428,188.14779236585744,193.431396484375,22562700,0.0,0.0
2022-05-31 00:00:00-04:00,193.19346434021034,195.87988020083372,190.33853016005855,191.954345703125,26131100,0.0,0.0
2022-06-01 00:00:00-04:00,194.79934956020318,197.79306430443702,183.38955104588305,186.99786376953125,36623500,0.0,0.0
2022-06-02 00:00:00-04:00,186.8094936948901,199.1907706394857,186.09576026067737,197.12887573242188,31951600,0.0,0.0
2022-06-03 00:00:00-04:00,194.27396242446108,194.89848302655813,188.12793731775005,189.11923217773438,19465000,0.0,0.0
2022-06-06 00:00:00-04:00,192.30128978527938,195.20577638077057,186.75994018212134,192.55902099609375,30574200,0.0,0.0
2022-06-07 00:00:00-04:00,190.25920522456,194.81916739139774,189.8230482148781,193.9468231201172,18828700,0.0,0.0
2022-06-08 00:00:00-04:00,192.97537055202793,200.27130140118285,192.7176393311409,194.92822265625,22267200,0.0,0.0
2022-06-09 00:00:00-04:00,192.58878046517898,197.71377350934452,182.08104801085352,182.3982696533203,23501600,0.0,0.0
2022-06-10 00:00:00-04:00,181.44659972815228,181.50609012398724,173.49642605155532,174.04164123535156,27450800,0.0,0.0
2022-06-13 00:00:00-04:00,169.1049918602242,171.0776741390652,162.60209979408089,162.83009338378906,31749300,0.0,0.0
2022-06-14 00:00:00-04:00,164.58468395588787,165.29841746325724,159.9553387871744,162.30470275878906,27244300,0.0,0.0
2022-06-15 00:00:00-04:00,165.74451546114324,170.6613451530027,162.55254445725058,167.8758087158203,30008300,0.0,0.0
2022-06-16 00:00:00-04:00,162.29481651488845,163.64297830252244,158.22059351244727,159.46961975097656,26944100,0.0,0.0
2022-06-17 00:00:00-04:00,160.2725559821109,164.45582176964723,158.5080522282356,162.31463623046875,31374200,0.0,0.0
2022-06-21 00:00:00-04:00,164.4855494298019,166.2996208450085,154.61226106049688,155.682861328125,50724900,0.0,0.0
2022-06-22 00:00:00-04:00,157.00127603788218,159.390285021925,154.086866891369,154.49330139160156,47267800,0.0,0.0
2022-06-23 00:00:00-04:00,154.909635240743,158.3593367448942,152.90721560500737,157.3680419921875,40499200,0.0,0.0
2022-06-24 00:00:00-04:00,160.32211769945533,168.76795436460003,159.8958681588776,168.67874145507812,68736000,0.0,0.0
2022-06-27 00:00:00-04:00,169.8286435619368,170.25489309350084,166.54744485240766,168.0145721435547,29174600,0.0,0.0
2022-06-28 00:00:00-04:00,168.42100590518334,169.80882791035233,159.2118824778089,159.28126525878906,27744500,0.0,0.0
2022-06-29 00:00:00-04:00,162.1461346163408,164.88210344196253,158.92442578277348,162.51290893554688,28595200,0.0,0.0
2022-06-30 00:00:00-04:00,160.7384575527912,163.79164757572488,157.11032981455412,159.84629821777344,35250600,0.0,0.0
2022-07-01 00:00:00-04:00,158.9144784682679,159.2217774583534,153.6507051194892,158.6369171142578,31423900,0.0,0.0
2022-07-05 00:00:00-04:00,156.76337437522923,166.7853663869358,155.65312893111812,166.72589111328125,28618600,0.0,0.0
2022-07-06 00:00:00-04:00,166.7357893546175,170.09627826306044,164.01965116887757,168.29212951660156,23085900,0.0,0.0
2022-07-07 00:00:00-04:00,167.97491709634667,171.21645564142614,166.31945643519762,170.69107055664062,24083400,0.0,0.0
2022-07-08 00:00:00-04:00,168.50029685970665,170.89922861706972,166.686225442263,169.39247131347656,19249200,0.0,0.0
2022-07-11 00:00:00-04:00,165.61564033062461,166.0319823587457,160.50055519777845,161.4621124267578,21885600,0.0,0.0
2022-07-12 00:00:00-04:00,163.3654043690906,164.46574232541377,160.68891113440077,161.84872436523438,16639700,0.0,0.0
2022-07-13 00:00:00-04:00,158.76580420983865,163.54383804509905,158.22058895738138,162.0668182373047,16555100,0.0,0.0
2022-07-14 00:00:00-04:00,159.81656687331278,161.17463606202577,155.91086250108654,156.67416381835938,23765200,0.0,0.0
2022-07-15 00:00:00-04:00,159.14247548359506,163.54382722913314,158.42875707644262,163.26626586914062,23342800,0.0,0.0
2022-07-18 00:00:00-04:00,165.29841367168555,170.19541257482624,164.198075800227,165.77423095703125,23574300,0.0,0.0
2022-07-19 00:00:00-04:00,168.8869078373699,174.9536429313068,168.03439361548112,174.24981689453125,25933700,0.0,0.0
2022-07-20 00:00:00-04:00,175.94491318004836,182.00172479561706,175.16178184563003,181.49615478515625,24784300,0.0,0.0
2022-07-21 00:00:00-04:00,179.05760283598016,182.24957362777684,177.31291412933265,181.5754852294922,27195800,0.0,0.0
2022-07-22 00:00:00-04:00,171.5634016094168,174.07137629177012,166.94396412198364,167.79647827148438,42583900,0.0,0.0
2022-07-25 00:00:00-04:00,167.52884419406948,169.08518450414397,163.37531599182617,165.1992950439453,26166300,0.0,0.0
2022-07-26 00:00:00-04:00,164.49548867554608,164.55496395320677,156.57503647124767,157.76458740234375,28468400,0.0,0.0
2022-07-27 00:00:00-04:00,161.1746481444651,169.38256941851688,160.60961786794152,168.1038055419922,43846600,0.0,0.0
2022-07-28 00:00:00-04:00,159.657974789641,160.10405452704896,153.50204113629513,159.32093811035156,73214300,0.0,0.0
2022-07-29 00:00:00-04:00,156.31731252016746,158.74598226905744,153.81924486012792,157.7150421142578,42065400,0.0,0.0
2022-08-01 00:00:00-04:00,155.8811027764834,163.7519856802314,153.87868310332334,158.5377655029297,40596700,0.0,0.0
2022-08-02 00:00:00-04:00,156.9318778971807,160.8276743398196,156.63448643098596,158.79551696777344,27374500,0.0,0.0
2022-08-03 00:00:00-04:00,161.2737692383806,168.06413020831988,160.16352379387357,167.33058166503906,31721900,0.0,0.0
2022-08-04 00:00:00-04:00,166.83491589703567,170.65139175643768,165.3479737145772,169.0851593017578,23938200,0.0,0.0
2022-08-05 00:00:00-04:00,165.53632290266512,170.1161000053061,164.35667967902532,165.6552734375,25832700,0.0,0.0
2022-08-08 00:00:00-04:00,166.53754603180064,175.96475524575519,165.67512429444318,168.76795959472656,27299100,0.0,0.0
2022-08-09 00:00:00-04:00,167.47926928638472,168.05422213991784,165.14973536147394,167.06292724609375,18655100,0.0,0.0
2022-08-10 00:00:00-04:00,174.4580025790822,178.90890719547573,172.4357524234894,176.78753662109375,30262100,0.0,0.0
2022-08-11 00:00:00-04:00,178.1456377398856,181.5061273099978,174.83470082084978,175.94496154785156,24079100,0.0,0.0
2022-08-12 00:00:00-04:00,179.23602518954743,179.8803759384062,177.35257096418084,178.92872619628906,21274000,0.0,0.0
2022-08-15 00:00:00-04:00,177.4021160006009,179.86052275759945,176.6487223062289,179.3153076171875,15878700,0.0,0.0
2022-08-16 00:00:00-04:00,177.87794669135258,179.41445670283701,175.49883002409837,177.90768432617188,21156700,0.0,0.0
2022-08-17 00:00:00-04:00,175.22128847897727,176.5892803390604,172.65383820977354,173.3279266357422,20118100,0.0,0.0
2022-08-18 00:00:00-04:00,172.8223200510854,174.22995675626117,170.36391334950784,173.13954162597656,18844500,0.0,0.0
2022-08-19 00:00:00-04:00,168.71836966989872,170.81992490333863,165.59579714220007,166.4978790283203,26240800,0.0,0.0
2022-08-22 00:00:00-04:00,164.0493923798729,164.0493923798729,160.84749908058643,161.63063049316406,19499700,0.0,0.0
2022-08-23 00:00:00-04:00,161.06558868342577,163.61322379839797,159.30108499815987,159.70751953125,18111800,0.0,0.0
2022-08-24 00:00:00-04:00,159.20195810249263,164.0196516525699,158.37918156631125,161.8387908935547,20891500,0.0,0.0
2022-08-25 00:00:00-04:00,163.742077693332,167.40988077562878,162.5921871516085,167.3107452392578,15550500,0.0,0.0
2022-08-26 00:00:00-04:00,167.01336169441478,169.43212368762408,160.26264579796614,160.37168884277344,24023600,0.0,0.0
2022-08-29 00:00:00-04:00,159.26142802483227,161.6306220189667,157.62578251049774,157.78439331054688,20052700,0.0,0.0
2022-08-30 00:00:00-04:00,158.95414916201582,160.25274310903546,154.5527972225878,155.7919158935547,19567900,0.0,0.0
2022-08-31 00:00:00-04:00,165.61564843587365,166.3789346284713,160.72855664749912,161.5116729736328,40953000,0.0,0.0
2022-09-01 00:00:00-04:00,162.15599825067065,165.90309122402968,158.95412041914062,163.92050170898438,30145700,0.0,0.0
2022-09-02 00:00:00-04:00,165.99233041397824,166.46814773768705,157.83397750261,158.92440795898438,22634200,0.0,0.0
2022-09-06 00:00:00-04:00,158.7063296993813,160.2824850610427,156.3173052072264,157.15989685058594,19339800,0.0,0.0
2022-09-07 00:00:00-04:00,156.38667922477052,159.55883503081463,155.44495208745863,158.99378967285156,16831200,0.0,0.0
2022-09-08 00:00:00-04:00,157.3284174354753,160.8177645307071,156.36686018950508,160.6492462158203,22530800,0.0,0.0
2022-09-09 00:00:00-04:00,161.82885763220028,168.06409455721766,161.60086408948706,167.677490234375,22086800,0.0,0.0
2022-09-12 00:00:00-04:00,165.93284137140463,169.89802070055077,165.82379833481477,167.4891815185547,23220400,0.0,0.0
2022-09-13 00:00:00-04:00,160.13379201067593,160.22302005883935,151.34100996124553,151.79701232910156,44444100,0.0,0.0
2022-09-14 00:00:00-04:00,151.995252646758,152.20341611044483,147.75251157835422,150.1514434814453,43064200,0.0,0.0
2022-09-15 00:00:00-04:00,148.49600797738628,152.85770033681194,147.4055773245485,148.24818420410156,34606300,0.0,0.0
2022-09-16 00:00:00-04:00,146.7612139852357,147.28659907579265,143.03393545484252,145.0165252685547,40122800,0.0,0.0
2022-09-19 00:00:00-04:00,143.97566223661408,147.28658323928715,143.83688156961458,146.73146057128906,22169500,0.0,0.0
2022-09-20 00:00:00-04:00,144.51095359804532,147.54431324204933,143.955830934562,144.81825256347656,23217400,0.0,0.0
2022-09-21 00:00:00-04:00,145.11567697669463,148.29774063763287,140.7638924558105,140.88284301757812,38338600,0.0,0.0
2022-09-22 00:00:00-04:00,140.3178028899763,143.32142537181252,139.64371445995508,141.57675170898438,34418500,0.0,0.0
2022-09-23 00:00:00-04:00,140.188915976952,141.37846677265173,137.68094121464907,139.18771362304688,31710700,0.0,0.0
2022-09-26 00:00:00-04:00,138.90026370633277,141.00181959089466,135.00448124806596,135.1829071044922,30497000,0.0,0.0
2022-09-27 00:00:00-04:00,136.71940412750206,138.20634662252763,132.9524801149117,133.23004150390625,30826500,0.0,0.0
2022-09-28 00:00:00-04:00,133.44811665633205,140.79361560887784,133.10117251155577,140.3772735595703,32658500,0.0,0.0
2022-09-29 00:00:00-04:00,138.14686655208894,138.6226838987271,134.02307587866284,135.22254943847656,38985400,0.0,0.0
2022-09-30 00:00:00-04:00,134.86564490989477,139.76264307360117,134.32042980799207,134.4988555908203,33166400,0.0,0.0
2022-10-03 00:00:00-04:00,135.94617669127948,138.40458371235383,134.9152366908158,137.40338134765625,27723100,0.0,0.0
2022-10-04 00:00:00-04:00,139.26701646086826,141.15047059220228,138.12701832793766,139.058837890625,34670700,0.0,0.0
2022-10-05 00:00:00-04:00,137.03662351437458,138.98947583553354,133.60673622730505,137.77017211914062,27979300,0.0,0.0
2022-10-06 00:00:00-04:00,136.5211511918853,140.2186773765416,135.41090561119663,137.85940551757812,36231100,0.0,0.0
2022-10-07 00:00:00-04:00,135.5694675770126,137.08614736813666,131.28708202735578,132.2882843017578,33214800,0.0,0.0
2022-10-10 00:00:00-04:00,132.3874193707211,134.92513155816465,130.72203629398763,132.6253204345703,24024000,0.0,0.0
2022-10-11 00:00:00-04:00,130.47423358950223,131.50518878521092,125.88454079530821,127.4210433959961,38481400,0.0,0.0
2022-10-12 00:00:00-04:00,127.20296764266038,128.5412066696093,125.15097995832855,126.39009857177734,34605200,0.0,0.0
2022-10-13 00:00:00-04:00,122.45465933191532,129.99841422113215,121.46336441940831,129.1558074951172,34325700,0.0,0.0
2022-10-14 00:00:00-04:00,129.8596359353625,130.64275227527537,125.41863131764799,125.65654754638672,23559400,0.0,0.0
2022-10-17 00:00:00-04:00,129.1657206658623,133.61662481645823,129.0467549994207,132.87315368652344,29612200,0.0,0.0
2022-10-18 00:00:00-04:00,135.89659941870124,136.6400705127759,130.25612963150132,131.64395141601562,25445000,0.0,0.0
2022-10-19 00:00:00-04:00,131.73316907721394,135.80739142500235,131.06900335762276,132.07020568847656,30691000,0.0,0.0
2022-10-20 00:00:00-04:00,131.77280107717593,135.57938433260037,130.16690845636006,130.38499450683594,26356300,0.0,0.0
2022-10-21 00:00:00-04:00,125.21044703283174,128.987277899163,124.3480253746499,128.87823486328125,46348600,0.0,0.0
2022-10-24 00:00:00-04:00,126.14225997579203,132.31802218177478,123.48558967928369,128.59075927734375,63563400,0.0,0.0
2022-10-25 00:00:00-04:00,129.740668266427,137.1456416326247,129.45318430388568,136.3129425048828,38433200,0.0,0.0
2022-10-26 00:00:00-04:00,130.53367392278238,134.3699945530494,127.41110178568601,128.68988037109375,82791500,0.0,0.0
2022-10-27 00:00:00-04:00,97.12707793561606,101.60772757001686,95.54100004023675,97.0874252319336,232316600,0.0,0.0
2022-10-28 00:00:00-04:00,98.71313790398267,99.97207897105858,96.66115797247939,98.33644104003906,95928300,0.0,0.0
2022-10-31 00:00:00-04:00,97.36497089232493,98.45539359730681,91.79389171257425,92.3490219116211,121361400,0.0,0.0
2022-11-01 00:00:00-04:00,93.50885508342138,96.64134321393725,92.73564622724912,94.37127685546875,110189600,0.0,0.0
2022-11-02 00:00:00-04:00,93.38988111321918,94.37126083616003,89.69235578753322,89.7518310546875,71821100,0.0,0.0
2022-11-03 00:00:00-04:00,89.2958298485177,89.67251911799346,87.64036948761363,88.13601684570312,60664000,0.0,0.0
2022-11-04 00:00:00-04:00,89.56349213325879,90.59443973026505,87.32316355586093,89.99966430664062,55638100,0.0,0.0
2022-11-07 00:00:00-05:00,93.95492212208184,96.03663973796807,92.289546516777,95.87803649902344,81987300,0.0,0.0
2022-11-08 00:00:00-05:00,95.08499570950359,96.94863477985906,93.96483530454036,95.63021087646484,52088300,0.0,0.0
2022-11-09 00:00:00-05:00,100.83451653036997,103.98683455524989,99.86304421903829,100.5866928100586,107677300,0.0,0.0
2022-11-10 00:00:00-05:00,106.18751313338271,111.76850073569403,103.69936079981403,110.89616394042969,80671000,0.0,0.0
2022-11-11 00:00:00-05:00,108.27913962176521,113.89977959725059,107.86279003756002,112.03614044189453,59961700,0.0,0.0
2022-11-14 00:00:00-05:00,110.02381464557875,115.25785030828123,109.83547376457382,113.22570037841797,53395000,0.0,0.0
2022-11-15 00:00:00-05:00,115.05959632876564,117.70635184117295,113.41405076200675,116.06080627441406,50670500,0.0,0.0
2022-11-16 00:00:00-05:00,113.50328034308085,115.06952829742829,111.67930112762372,112.24433898925781,33287800,0.0,0.0
2022-11-17 00:00:00-05:00,109.44887259042972,111.35215696681517,108.84418210163332,110.47981262207031,35093800,0.0,0.0
2022-11-18 00:00:00-05:00,112.80935860317447,113.32482860499377,109.65704063160446,111.07459259033203,33357700,0.0,0.0
2022-11-21 00:00:00-05:00,110.54921706150841,111.39182387705478,108.23950541781281,108.90367126464844,24351100,0.0,0.0
2022-11-22 00:00:00-05:00,108.90364681747944,110.64832777485412,107.37705192514898,110.46989440917969,29029000,0.0,0.0
2022-11-23 00:00:00-05:00,110.74746942359464,111.68919657028627,109.7660895726345,111.262939453125,21343100,0.0,0.0
2022-11-25 00:00:00-05:00,110.33112724222208,111.74867927547221,110.05355831267225,110.44017028808594,12007600,0.0,0.0
2022-11-28 00:00:00-05:00,109.8156510772126,111.06468480598609,107.43654173387552,107.83306121826172,23309400,0.0,0.0
2022-11-29 00:00:00-05:00,108.58643888708252,109.97425319109101,107.59514403607353,108.50713348388672,23899200,0.0,0.0
2022-11-30 00:00:00-05:00,108.5567100978068,117.13141277037444,108.427836916367,117.07192993164062,43348600,0.0,0.0
2022-12-01 00:00:00-05:00,118.16234470998532,120.14493443708561,117.36931335693296,119.39155578613281,36551400,0.0,0.0
2022-12-02 00:00:00-05:00,116.80428318501569,122.960223780531,116.58619709077205,122.41500854492188,39950500,0.0,0.0
2022-12-05 00:00:00-05:00,120.69013891567629,123.58471784498659,120.29361949288526,121.36421966552734,35474900,0.0,0.0
2022-12-06 00:00:00-05:00,118.8661697773399,119.5005978799502,112.74987476980014,113.12657165527344,43689200,0.0,0.0
2022-12-07 00:00:00-05:00,112.7697064797689,114.87124676294755,111.89736215424148,112.93822479248047,29461100,0.0,0.0
2022-12-08 00:00:00-05:00,115.37681234494076,116.31853947098587,113.59247850687862,114.32604217529297,30619400,0.0,0.0
2022-12-09 00:00:00-05:00,114.29631491404662,116.5168135651114,112.87876278150952,114.8910903930664,26033400,0.0,0.0
2022-12-12 00:00:00-05:00,114.17734320872192,114.71264334504619,112.15510077026792,113.71143341064453,24747100,0.0,0.0
2022-12-13 00:00:00-05:00,121.06683980846766,122.22666055478824,117.6072228281434,119.10408020019531,44701100,0.0,0.0
2022-12-14 00:00:00-05:00,118.35068673133345,123.05933707765865,118.35068673133345,120.53153228759766,36922000,0.0,0.0
2022-12-15 00:00:00-05:00,117.2999316503039,117.59731559346363,113.01753782717437,115.13890838623047,34531000,0.0,0.0
2022-12-16 00:00:00-05:00,119.1833892878749,122.2365718354215,117.78565984708287,118.39035034179688,67064000,0.0,0.0
2022-12-19 00:00:00-05:00,115.81298573134167,116.77454300063903,113.33474846530926,113.48344421386719,29769900,0.0,0.0
2022-12-20 00:00:00-05:00,112.2740557377687,116.30862543554926,111.48101684028215,116.07070922851562,28742500,0.0,0.0
2022-12-21 00:00:00-05:00,115.68410844245172,119.29242116853779,114.61351572943319,118.71747589111328,20392800,0.0,0.0
2022-12-22 00:00:00-05:00,116.17974644378964,117.5873907944349,113.38429543656028,116.10044860839844,23618100,0.0,0.0
2022-12-23 00:00:00-05:00,115.01993880119159,117.15122421471159,114.53420644838265,117.01244354248047,17796600,0.0,0.0
2022-12-27 00:00:00-05:00,116.9034038330725,117.56756957808179,115.03977220793341,115.86254119873047,21392300,0.0,0.0
2022-12-28 00:00:00-05:00,115.23803848944327,117.12150041606034,114.50448234056431,114.613525390625,19612500,0.0,0.0
2022-12-29 00:00:00-05:00,115.38672820613152,119.97642088372568,114.76220757701917,119.21312713623047,22366200,0.0,0.0
2022-12-30 00:00:00-05:00,117.13141888866514,119.37174010618361,116.71506924770124,119.29243469238281,19583800,0.0,0.0
2023-01-03 00:00:00-05:00,121.75084455355073,125.26994462514445,121.21554437696301,123.65412902832031,35528500,0.0,0.0
2023-01-04 00:00:00-05:00,126.27114560210994,127.92661388492843,124.75446556758857,126.26123809814453,32397100,0.0,0.0
2023-01-05 00:00:00-05:00,125.0320297704694,127.40123166743142,123.45587442453174,125.8349838256836,25447100,0.0,0.0
2023-01-06 00:00:00-05:00,127.84732079062806,129.195482631842,124.94282606017198,128.88818359375,27584500,0.0,0.0
2023-01-09 00:00:00-05:00,130.0182474045574,131.79265868414586,128.15460808502064,128.34295654296875,26649100,0.0,0.0
2023-01-10 00:00:00-05:00,126.16210526612231,132.27840087038675,126.04315471213991,131.8323211669922,28684400,0.0,0.0
2023-01-11 00:00:00-05:00,129.8199777912905,132.68481924934517,129.20536471009615,131.73316955566406,25423000,0.0,0.0
2023-01-12 00:00:00-05:00,132.2784193144487,136.48150081812375,130.61303569668183,135.51995849609375,30757700,0.0,0.0
2023-01-13 00:00:00-05:00,133.795099963898,136.19403227476784,133.6662267614502,135.78759765625,22423800,0.0,0.0
2023-01-17 00:00:00-05:00,134.99452505190794,135.55957037535876,133.08133325697926,134.18167114257812,21147600,0.0,0.0
2023-01-18 00:00:00-05:00,134.6277512663834,136.05521827168238,131.6439592108342,131.86204528808594,20215500,0.0,0.0
2023-01-19 00:00:00-05:00,131.33665519565676,136.25346899669938,130.98969596078695,134.96478271484375,28625200,0.0,0.0
2023-01-20 00:00:00-05:00,134.70706669654805,138.72181416630133,133.43821040315862,138.15676879882812,28688600,0.0,0.0
2023-01-23 00:00:00-05:00,138.07744764888903,142.5085366667069,137.4529422032484,142.02281188964844,27470100,0.0,0.0
2023-01-24 00:00:00-05:00,140.45657683585247,143.73776053550952,140.1294477036565,141.89395141601562,21970200,0.0,0.0
2023-01-25 00:00:00-05:00,139.9906728793258,141.92369499048152,139.088590852133,140.2682342529297,26622000,0.0,0.0
2023-01-26 00:00:00-05:00,143.14298160387807,146.22590943609623,142.05256625826522,146.0177459716797,25482100,0.0,0.0
2023-01-27 00:00:00-05:00,146.94955074370452,151.85645711696716,146.10694408954603,150.41908264160156,35771900,0.0,0.0
2023-01-30 00:00:00-05:00,148.1093800836338,149.80448595440728,145.67078788457044,145.7798309326172,28040100,0.0,0.0
2023-01-31 00:00:00-05:00,146.66206232671513,148.57526915219435,146.23581282407054,147.67318725585938,29842100,0.0,0.0
2023-02-01 00:00:00-05:00,146.7413764088904,152.24306588807985,145.77981918793483,151.7870635986328,55661000,0.0,0.0
2023-02-02 00:00:00-05:00,181.78366068183163,195.4437029742972,178.591689945036,187.12673950195312,150475700,0.0,0.0
2023-02-03 00:00:00-05:00,181.87287479600266,195.05709986672147,181.29792194431568,184.90623474121094,76809700,0.0,0.0
2023-02-06 00:00:00-05:00,184.90623267945966,189.03993051222616,183.90503029642124,184.44032287597656,42483800,0.0,0.0
2023-02-07 00:00:00-05:00,183.96451992977168,192.0931355517408,182.7947840150465,189.95193481445312,47080700,0.0,0.0
2023-02-08 00:00:00-05:00,188.34602056954392,189.16879710609436,181.32765125110058,181.8332061767578,36139100,0.0,0.0
2023-02-09 00:00:00-05:00,184.50973898129092,185.0252014788401,175.72686487660647,176.37120056152344,37118800,0.0,0.0
2023-02-10 00:00:00-05:00,174.81486359032888,177.33274600863183,171.84097885758246,172.63400268554688,33433600,0.0,0.0
2023-02-13 00:00:00-05:00,176.66856844178548,179.42436690011945,174.28946686476417,177.86802673339844,31463200,0.0,0.0
2023-02-14 00:00:00-05:00,175.61780626083268,179.92992995474845,174.34895001230046,177.9176025390625,24034600,0.0,0.0
2023-02-15 00:00:00-05:00,174.88421902803222,176.63881498131627,173.80371137428614,175.61778259277344,25308900,0.0,0.0
2023-02-16 00:00:00-05:00,171.24621810953835,174.31923878301757,170.29456821599553,170.9389190673828,25827500,0.0,0.0
2023-02-17 00:00:00-05:00,168.73821306504692,171.67243739377372,168.22273550017792,171.37506103515625,24171300,0.0,0.0
2023-02-21 00:00:00-05:00,172.7926146811642,176.61901366845885,170.3837752916554,170.58203125,34592600,0.0,0.0
2023-02-22 00:00:00-05:00,169.58081845166606,171.25609405423205,168.21282670866515,169.63037109375,22433200,0.0,0.0
2023-02-23 00:00:00-05:00,170.50272851531994,172.17801937262993,167.90554063056828,170.54237365722656,20017800,0.0,0.0
2023-02-24 00:00:00-05:00,167.17197219726032,169.2338674150604,166.20050742549483,168.90673828125,19791300,0.0,0.0
2023-02-27 00:00:00-05:00,170.3837742797613,171.61297028977367,167.58831536803652,168.0641326904297,19277000,0.0,0.0
2023-02-28 00:00:00-05:00,170.4035995907796,176.00442525665616,170.37386195170444,173.41714477539062,46051100,0.0,0.0
2023-03-01 00:00:00-05:00,173.0701524358075,176.30178310717199,171.54356512627285,171.91033935546875,30998400,0.0,0.0
2023-03-02 00:00:00-05:00,170.87940337141325,173.4864984236013,169.93766120564743,173.01068115234375,17352000,0.0,0.0
2023-03-03 00:00:00-05:00,177.3624617911287,184.99542863944524,175.50874537644046,183.63735961914062,45877700,0.0,0.0
2023-03-06 00:00:00-05:00,186.36344076544492,188.00899392583824,183.03268930417306,183.29042053222656,33209400,0.0,0.0
2023-03-07 00:00:00-05:00,187.35469668617728,188.70285807160286,182.40813073044126,182.90377807617188,36701500,0.0,0.0
2023-03-08 00:00:00-05:00,181.2780921799188,183.64728636833115,179.76141220423,183.3598175048828,19432400,0.0,0.0
2023-03-09 00:00:00-05:00,184.72777435866183,187.28530138715635,178.73043836719685,180.10833740234375,26582800,0.0,0.0
2023-03-10 00:00:00-05:00,179.4342842678197,183.16156276961232,177.2435310110156,177.9473419189453,25665000,0.0,0.0
2023-03-13 00:00:00-04:00,176.4108467930736,182.18017523686387,173.29818141681156,179.3252410888672,24728000,0.0,0.0
2023-03-14 00:00:00-04:00,185.94709789585886,192.62843092188572,184.93597286944848,192.33103942871094,41642600,0.0,0.0
2023-03-15 00:00:00-04:00,191.27033106859906,196.05828682863768,189.17869840894608,196.02854919433594,42123600,0.0,0.0
2023-03-16 00:00:00-04:00,196.53413670584482,203.96884903376738,194.38302842074785,203.1460723876953,50447100,0.0,0.0
2023-03-17 00:00:00-04:00,198.81410277601756,200.14243431213578,193.72875509737597,193.90719604492188,50141100,0.0,0.0
2023-03-20 00:00:00-04:00,196.75220898573428,197.62455334455456,191.95434526414255,196.08804321289062,25186300,0.0,0.0
2023-03-21 00:00:00-04:00,201.43110168666132,201.77806091937316,196.226803951734,200.40016174316406,31827000,0.0,0.0
2023-03-22 00:00:00-04:00,200.73724958280985,205.56485168308606,197.93188274883337,198.07066345214844,28477800,0.0,0.0
2023-03-23 00:00:00-04:00,201.07427229510793,206.07040751906615,200.39027633133117,202.50173950195312,27389700,0.0,0.0
2023-03-24 00:00:00-04:00,203.39388295313782,205.77299981949574,201.77808253088455,204.21665954589844,27716400,0.0,0.0
2023-03-27 00:00:00-04:00,203.02708597881872,204.06794854611732,199.6071219370876,201.07423400878906,18527200,0.0,0.0
2023-03-28 00:00:00-04:00,198.40765937001166,199.2800036835634,196.17724594410166,198.93304443359375,19127300,0.0,0.0
2023-03-29 00:00:00-04:00,201.7879972778657,203.92919799665844,200.7768721952202,203.5624237060547,18851100,0.0,0.0
2023-03-30 00:00:00-04:00,201.60957928864843,206.27857020670143,201.05445651610344,206.03074645996094,22608300,0.0,0.0
2023-03-31 00:00:00-04:00,205.43594899488193,210.3230253172204,204.9700392079461,210.09503173828125,25440300,0.0,0.0
2023-04-03 00:00:00-04:00,207.02203663171613,211.63156728945143,206.38760845985527,211.21522521972656,17924600,0.0,0.0
2023-04-04 00:00:00-04:00,211.53240612071065,214.35760247602127,210.6897994530681,212.850830078125,21026400,0.0,0.0
2023-04-05 00:00:00-04:00,212.2857781628593,213.31673323896115,208.11243547048335,209.63902282714844,19396600,0.0,0.0
2023-04-06 00:00:00-04:00,207.42846519605177,215.0515256680938,206.83368218453202,214.21884155273438,26104400,0.0,0.0
2023-04-10 00:00:00-04:00,212.84090906340407,213.78263608007165,208.82616217554968,212.88055419921875,16106100,0.0,0.0
2023-04-11 00:00:00-04:00,213.60420359135924,214.13951126472867,211.55223117933252,211.9884033203125,16710100,0.0,0.0
2023-04-12 00:00:00-04:00,212.96979959128493,214.9523894555701,210.72947848998837,212.13711547851562,18972200,0.0,0.0
2023-04-13 00:00:00-04:00,213.85203129059846,219.224847500562,213.81238615247736,218.43182373046875,23310400,0.0,0.0
2023-04-14 00:00:00-04:00,215.98332984258553,220.17650288269624,215.656200722299,219.56190490722656,21591200,0.0,0.0
2023-04-17 00:00:00-04:00,217.87670046778837,219.0563438246389,215.23986751678353,216.95480346679688,15481900,0.0,0.0
2023-04-18 00:00:00-04:00,217.99566024521894,218.52104532046772,214.32787222191163,215.9932403564453,12281000,0.0,0.0
2023-04-19 00:00:00-04:00,211.61174306418604,215.43814233675087,211.07643529819072,213.82232666015625,15898100,0.0,0.0
2023-04-20 00:00:00-04:00,211.6216446591975,214.86318342643628,210.91783370536288,211.21522521972656,16475400,0.0,0.0
2023-04-21 00:00:00-04:00,208.38011057201217,211.55225127229988,207.75558993575115,211.03677368164062,17717200,0.0,0.0
2023-04-24 00:00:00-04:00,211.81990451693062,212.05782075798314,208.8757723359463,210.93765258789062,15750900,0.0,0.0
2023-04-25 00:00:00-04:00,208.98480961117474,209.42096668543763,205.32692880816302,205.74327087402344,19198200,0.0,0.0
2023-04-26 00:00:00-04:00,210.65013774445944,212.24612292252635,207.0616555323662,207.57711791992188,41992700,0.0,0.0
2023-04-27 00:00:00-04:00,237.80173090551267,239.58606473531918,234.7088956844878,236.48330688476562,71196500,0.0,0.0
2023-04-28 00:00:00-04:00,236.92940298135062,238.33704000965574,233.6977868565905,238.22801208496094,39554000,0.0,0.0
2023-05-01 00:00:00-04:00,236.54276266287647,241.87593357965255,234.40157736953907,241.0630645751953,29143900,0.0,0.0
2023-05-02 00:00:00-04:00,241.06309907149617,242.78795773263934,236.90958593006684,237.15740966796875,24350100,0.0,0.0
2023-05-03 00:00:00-04:00,237.38537558955068,239.6455266055783,230.7238730814823,234.96661376953125,34463900,0.0,0.0
2023-05-04 00:00:00-04:00,234.00503408574102,236.12640422594805,230.90227670682816,231.48715209960938,17889400,0.0,0.0
2023-05-05 00:00:00-04:00,230.21832376395497,232.63707051688766,227.84912965326185,230.7536163330078,27000500,0.0,0.0
2023-05-08 00:00:00-04:00,229.40544787827335,233.56888314152786,228.26546487348705,231.23934936523438,16400500,0.0,0.0
2023-05-09 00:00:00-04:00,229.44510882268386,233.82663017174102,229.06841194563827,231.33847045898438,16865600,0.0,0.0
2023-05-10 00:00:00-04:00,234.1141076501327,234.6890604898904,228.71155363342422,231.05101013183594,19119000,0.0,0.0
2023-05-11 00:00:00-04:00,231.02125814556425,236.13634298764202,230.27778703919103,233.73739624023438,20449000,0.0,0.0
2023-05-12 00:00:00-04:00,234.67917557631003,234.8972616787955,229.43521673831066,231.77467346191406,16161400,0.0,0.0
2023-05-15 00:00:00-04:00,234.8575861552915,238.16850749476043,233.2814308927608,236.78070068359375,20653200,0.0,0.0
2023-05-16 00:00:00-04:00,233.7374359129555,237.55392762383548,233.4697971599243,236.74107360839844,18163800,0.0,0.0
2023-05-17 00:00:00-04:00,236.37426476658152,241.71734364737938,236.06696576918233,240.3791046142578,21193100,0.0,0.0
2023-05-18 00:00:00-04:00,239.19949662626775,244.93908826322007,239.09045356662455,244.70118713378906,22943300,0.0,0.0
2023-05-19 00:00:00-04:00,245.31574994768903,246.52513093495048,241.29109507655596,243.50167846679688,21733600,0.0,0.0
2023-05-22 00:00:00-04:00,243.27366885675846,251.36263833291363,242.9861848843443,246.15834045410156,27738500,0.0,0.0
2023-05-23 00:00:00-04:00,244.66148482629066,249.41970323490676,244.50287401661294,244.59210205078125,17748100,0.0,0.0
2023-05-24 00:00:00-04:00,243.14482191294246,247.41730068840283,242.81769276730455,247.04061889648438,17724300,0.0,0.0
2023-05-25 00:00:00-04:00,251.19413687897952,253.39481290082904,247.00096343235742,250.49032592773438,22371400,0.0,0.0
2023-05-26 00:00:00-04:00,250.7281993124649,260.0265498517954,250.51012836120594,259.7589111328125,25727200,0.0,0.0
2023-05-30 00:00:00-04:00,262.94098733413506,266.31138413742116,259.015467775104,260.2347412109375,23816500,0.0,0.0
2023-05-31 00:00:00-04:00,257.7366752187053,262.6931497421419,256.2001802172078,262.41558837890625,25473700,0.0,0.0
2023-06-01 00:00:00-04:00,263.5852676305469,271.61476114544865,263.57537525436203,270.2368469238281,25609500,0.0,0.0
2023-06-02 00:00:00-04:00,270.2864298124124,272.95301510658476,268.7598274288689,270.2368469238281,19416900,0.0,0.0
2023-06-05 00:00:00-04:00,267.9469888352594,273.1711321141078,267.2134403187121,269.02752685546875,20742900,0.0,0.0
2023-06-06 00:00:00-04:00,267.7884075776989,274.1624262569552,267.3423127906372,268.7598571777344,19419000,0.0,0.0
2023-06-07 00:00:00-04:00,269.30508506477685,271.8626124655505,260.5122743384185,261.3053283691406,26163600,0.0,0.0
2023-06-08 00:00:00-04:00,258.35124499287787,265.32004620136956,256.6264017277857,262.2767639160156,20899400,0.0,0.0
2023-06-09 00:00:00-04:00,260.1950856912926,265.61746978448156,259.42187691072445,262.6435852050781,16949800,0.0,0.0
2023-06-12 00:00:00-04:00,264.84423147196054,269.38434811275147,263.0202225116279,268.6904296875,15442500,0.0,0.0
2023-06-13 00:00:00-04:00,272.4871990160984,273.31988326096797,266.7475919779013,268.95819091796875,16164000,0.0,0.0
2023-06-14 00:00:00-04:00,269.5231769435399,272.59616684149415,265.9842469943128,270.970458984375,19175100,0.0,0.0
2023-06-15 00:00:00-04:00,269.9295786141267,281.5178179621432,269.05726454784934,279.3766174316406,25973500,0.0,0.0
2023-06-16 00:00:00-04:00,282.27125028019697,285.3442708200235,277.6914722362394,278.55389404296875,43127700,0.0,0.0
2023-06-20 00:00:00-04:00,276.30360138540755,282.32073763157575,273.8154418388248,281.8548278808594,20701600,0.0,0.0
2023-06-21 00:00:00-04:00,281.0618556973367,281.52776553347246,275.93684749984334,279.1883239746094,20556200,0.0,0.0
2023-06-22 00:00:00-04:00,276.6505570919048,282.77678233751567,275.3718084998464,282.40008544921875,17563100,0.0,0.0
2023-06-23 00:00:00-04:00,279.0594032123411,287.1483722477748,276.5216909955678,286.216552734375,51092000,0.0,0.0
2023-06-26 00:00:00-04:00,286.18685639120184,287.26736422711815,275.183476694736,276.0458984375,24232700,0.0,0.0
2023-06-27 00:00:00-04:00,279.55504367467665,286.83114354969996,278.20686707622247,284.5511474609375,26108300,0.0,0.0
2023-06-28 00:00:00-04:00,282.340639228578,287.02944505240964,281.5872453744649,282.8065490722656,16722100,0.0,0.0
2023-06-29 00:00:00-04:00,282.0234012362909,284.0753889556589,278.2465700581659,279.0792541503906,15395700,0.0,0.0
2023-06-30 00:00:00-04:00,282.2811357109331,286.53376890451335,281.9440990867374,284.4818115234375,19694900,0.0,0.0
2023-07-03 00:00:00-04:00,284.2043160589329,286.8807946663651,282.37041408136747,283.53021240234375,8629300,0.0,0.0
2023-07-05 00:00:00-04:00,285.1459320751407,295.5247894373961,283.8671533623589,291.80743408203125,33865500,0.0,0.0
2023-07-06 00:00:00-04:00,293.31422444494905,295.52479242405417,288.7740774506401,289.4481506347656,47600500,0.0,0.0
2023-07-07 00:00:00-04:00,289.6365461155744,293.6215711054286,286.1471988438877,288.00091552734375,25586000,0.0,0.0
2023-07-10 00:00:00-04:00,292.9771848405433,295.5347425297434,284.5511784998187,291.5398254394531,37058300,0.0,0.0
2023-07-11 00:00:00-04:00,291.3415302455222,297.5668602635445,289.35894068243334,295.6933288574219,27585900,0.0,0.0
2023-07-12 00:00:00-04:00,299.1232907605846,306.75627498681115,297.4876599269432,306.647216796875,36677100,0.0,0.0
2023-07-13 00:00:00-04:00,310.88989563213556,313.4870833791565,307.58889699038366,310.6817321777344,30281000,0.0,0.0
2023-07-14 00:00:00-04:00,309.07580744281717,312.1389046779914,304.68434858283683,306.18121337890625,23054100,0.0,0.0
2023-07-17 00:00:00-04:00,304.86278022750025,308.9964621816181,302.05739928801484,307.91595458984375,25323100,0.0,0.0
2023-07-18 00:00:00-04:00,308.17375905316084,311.4648653357093,304.9421280436291,309.33355712890625,20731900,0.0,0.0
2023-07-19 00:00:00-04:00,310.3050247039344,315.90583453833557,307.81686495769065,313.25909423828125,21763700,0.0,0.0
2023-07-20 00:00:00-04:00,310.7709017726767,312.79315151790587,299.58909828739195,299.886474609375,23836900,0.0,0.0
2023-07-21 00:00:00-04:00,301.9186725328554,302.800909197342,288.66506554438087,291.69842529296875,42139300,0.0,0.0
2023-07-24 00:00:00-04:00,293.2051849386824,294.9300282701008,285.79028868592326,289.07147216796875,24915700,0.0,0.0
2023-07-25 00:00:00-04:00,292.62034976319046,295.703262442502,289.31932073955034,291.9066162109375,19585600,0.0,0.0
2023-07-26 00:00:00-04:00,298.56810446847095,299.1430421825214,289.358966650914,295.9709167480469,47256900,0.0,0.0
2023-07-27 00:00:00-04:00,322.28975724084523,322.5177659332042,307.14277406177325,308.9964904785156,64229200,0.0,0.0
2023-07-28 00:00:00-04:00,314.12149577602924,323.36037041695147,311.51438565561364,322.6466369628906,39220300,0.0,0.0
2023-07-31 00:00:00-04:00,320.8722871378495,322.82513953546345,314.82538147123347,315.82659912109375,25799600,0.0,0.0
2023-08-01 00:00:00-04:00,314.7757793342165,321.31833148178566,311.92084528786495,319.9007568359375,22817900,0.0,0.0
2023-08-02 00:00:00-04:00,315.2317326112138,315.61835208722226,307.9457100995338,311.5738525390625,20461100,0.0,0.0
2023-08-03 00:00:00-04:00,307.23199229520856,313.1996063950057,307.23199229520856,310.463623046875,15180200,0.0,0.0
2023-08-04 00:00:00-04:00,312.2182436549531,315.63822327487594,307.49970034475876,308.02508544921875,17612800,0.0,0.0
2023-08-07 00:00:00-04:00,310.50332247597623,314.30989138505396,307.75741615279827,313.8043212890625,16236500,0.0,0.0
2023-08-08 00:00:00-04:00,311.66311551194724,315.1227553397813,307.4104518521526,309.91845703125,15183500,0.0,0.0
2023-08-09 00:00:00-04:00,310.1563455945085,310.89981675139177,300.21365919986573,302.5531005859375,19955800,0.0,0.0
2023-08-10 00:00:00-04:00,305.2593520785052,309.6210435617212,301.22477459946464,303.0784912109375,14358900,0.0,0.0
2023-08-11 00:00:00-04:00,299.93611822813244,302.0673963056542,297.74533462225077,299.01422119140625,14046300,0.0,0.0
2023-08-14 00:00:00-04:00,298.35992905267074,303.5443816563155,295.65368327400716,303.5245666503906,15641900,0.0,0.0
2023-08-15 00:00:00-04:00,303.4750616157241,304.555569520521,297.4182335186527,299.321533203125,11623600,0.0,0.0
2023-08-16 00:00:00-04:00,297.5867363272898,298.4590504137435,291.7182573021849,291.7281799316406,18547700,0.0,0.0
2023-08-17 00:00:00-04:00,290.4989757740898,293.47286065252206,282.4695108038598,282.6082763671875,23950100,0.0,0.0
2023-08-18 00:00:00-04:00,276.60103575190874,283.20306391773346,271.991520167081,280.7843017578125,35347900,0.0,0.0
2023-08-21 00:00:00-04:00,280.98250976931354,287.97112567547384,279.39643211452176,287.3763427734375,20181500,0.0,0.0
2023-08-22 00:00:00-04:00,290.0033274305193,290.35028671568716,284.2538287834448,285.096435546875,12980200,0.0,0.0
2023-08-23 00:00:00-04:00,285.98859599429807,294.81111508897186,285.1658344882448,291.6786193847656,18287000,0.0,0.0
2023-08-24 00:00:00-04:00,295.90146632306767,296.8531007592996,284.1447257666273,284.2537536621094,18360900,0.0,0.0
2023-08-25 00:00:00-04:00,283.639168964376,285.8795047587146,273.6270860340675,283.0146484375,23701400,0.0,0.0
2023-08-28 00:00:00-04:00,285.49287958247294,288.9128584699036,283.3120190960079,287.73321533203125,14239300,0.0,0.0
2023-08-29 00:00:00-04:00,286.0679062380191,296.5459019579426,285.6713942766928,295.39599609375,20844500,0.0,0.0
2023-08-30 00:00:00-04:00,294.58314634297454,295.6933918946849,290.87568249832157,292.5311584472656,17717000,0.0,0.0
2023-08-31 00:00:00-04:00,293.2250268545487,298.478908110715,293.0862612959808,293.31427001953125,17229900,0.0,0.0
2023-09-01 00:00:00-04:00,296.7639190428538,299.1132828754372,291.906580579667,293.7999572753906,12842300,0.0,0.0
2023-09-05 00:00:00-04:00,294.43438220602286,298.7663660643128,292.9375475703508,297.5371398925781,14956000,0.0,0.0
2023-09-06 00:00:00-04:00,299.0835715746785,300.65972681313633,293.08624961534355,296.5657043457031,15418100,0.0,0.0
2023-09-07 00:00:00-04:00,295.4059178983488,304.3771257874454,289.67623385522955,296.0700988769531,33748700,0.0,0.0
2023-09-08 00:00:00-04:00,296.61525335375495,302.59276023279784,294.19649144148667,295.2968444824219,17548000,0.0,0.0
2023-09-11 00:00:00-04:00,298.78620226973936,306.34978726869906,298.65732909121135,304.8826599121094,19489300,0.0,0.0
2023-09-12 00:00:00-04:00,303.66332641243866,305.9730602651931,297.6164522615025,299.03399658203125,13480400,0.0,0.0
2023-09-13 00:00:00-04:00,299.72794086935227,304.5059900169056,298.69701585352163,302.4044494628906,13210900,0.0,0.0
2023-09-14 00:00:00-04:00,304.06977984776057,310.1464222632418,302.37467408444013,309.0064392089844,19343100,0.0,0.0
2023-09-15 00:00:00-04:00,308.89742224638235,309.2840418195797,296.1493829923059,297.69580078125,28131100,0.0,0.0
2023-09-18 00:00:00-04:00,295.5941984466041,300.9571069378391,295.2075789541885,299.9162292480469,14234200,0.0,0.0
2023-09-19 00:00:00-04:00,299.84682652498753,303.50470632444024,297.20005641123794,302.4142761230469,15924400,0.0,0.0
2023-09-20 00:00:00-04:00,302.3945122667024,305.3783197455341,296.82343949040535,297.0613708496094,19379500,0.0,0.0
2023-09-21 00:00:00-04:00,293.1259020127335,297.64620415124955,290.7170325130372,293.1556396484375,21319600,0.0,0.0
2023-09-22 00:00:00-04:00,296.6944959593835,302.7215847648245,295.6734636134896,296.4764099121094,25369600,0.0,0.0
2023-09-25 00:00:00-04:00,293.0664197919008,298.33019295011604,291.14330539019653,298.2112121582031,18987000,0.0,0.0
2023-09-26 00:00:00-04:00,295.0688421646148,297.6858449572033,293.4332116377571,296.3575134277344,19417200,0.0,0.0
2023-09-27 00:00:00-04:00,297.8345632707552,298.677139729877,284.2934713763144,295.14813232421875,36429800,0.0,0.0
2023-09-28 00:00:00-04:00,296.3377057544672,303.6633594810206,294.1172148146599,301.3139953613281,22167100,0.0,0.0
2023-09-29 00:00:00-04:00,304.70424728900844,307.93587851423496,296.754042410053,297.5966491699219,25373700,0.0,0.0
2023-10-02 00:00:00-04:00,300.10463885997774,304.5059910836601,299.0043159300185,304.1491394042969,16265600,0.0,0.0
2023-10-03 00:00:00-04:00,301.61135737230416,304.0994866817158,297.03158036045915,298.32025146484375,17362300,0.0,0.0
2023-10-04 00:00:00-04:00,296.1295751228669,304.22843857470934,295.90156637533585,302.919921875,16880500,0.0,0.0
2023-10-05 00:00:00-04:00,301.97816897158543,303.54440159622794,296.89282131542484,302.13677978515625,19130000,0.0,0.0
2023-10-06 00:00:00-04:00,298.8159079310807,313.55645681605097,298.290522895401,312.6841125488281,21803900,0.0,0.0
2023-10-09 00:00:00-04:00,309.7796495788927,317.5414751678971,309.10557632186953,315.588623046875,22503700,0.0,0.0
2023-10-10 00:00:00-04:00,316.34200688294163,321.83378880843856,315.3903722999116,319.038330078125,19038000,0.0,0.0
2023-10-11 00:00:00-04:00,320.1981222994289,325.97735729844595,320.1386470354326,324.96624755859375,22036300,0.0,0.0
2023-10-12 00:00:00-04:00,325.1447341503426,327.662631720703,319.8809605389769,321.3381652832031,20530500,0.0,0.0
2023-10-13 00:00:00-04:00,320.7136666325285,322.2204241253581,309.6508109232836,311.95062255859375,21341000,0.0,0.0
2023-10-16 00:00:00-04:00,315.8662100616769,319.0185204694929,312.7733446736432,318.3543395996094,16536100,0.0,0.0
2023-10-17 00:00:00-04:00,315.41016159216974,321.57601625080804,314.53781735721145,321.17950439453125,16387800,0.0,0.0
2023-10-18 00:00:00-04:00,318.5922603419994,323.10263972349975,312.8129945346358,314.2107238769531,16851000,0.0,0.0
2023-10-19 00:00:00-04:00,317.09543774973184,319.08795030688776,309.03620485654955,310.08697509765625,18709200,0.0,0.0
2023-10-20 00:00:00-04:00,311.4054259238881,312.5553015025764,303.8021799605282,305.96319580078125,22312300,0.0,0.0
2023-10-23 00:00:00-04:00,306.80577011666287,314.59733347334077,304.5852792316508,311.2765197753906,17796800,0.0,0.0
2023-10-24 00:00:00-04:00,314.0223812193745,315.5787213935738,307.9259239452391,309.8291931152344,19525500,0.0,0.0
2023-10-25 00:00:00-04:00,307.3014363017255,308.17378070314754,296.2385809646329,296.9225769042969,42192500,0.0,0.0
2023-10-26 00:00:00-04:00,292.4319477072552,292.4319477072552,276.96774374421744,285.83984375,66684100,0.0,0.0
2023-10-27 00:00:00-04:00,291.91649836108155,296.704438848398,290.41963355930477,294.14691162109375,29596300,0.0,0.0
2023-10-30 00:00:00-04:00,296.4863994004334,306.7066477918955,296.4467391323724,300.02532958984375,28435100,0.0,0.0
2023-10-31 00:00:00-04:00,300.66971139207175,301.03648573514215,294.2758459594337,298.6474609375,19434200,0.0,0.0
2023-11-01 00:00:00-04:00,299.2224252013123,310.01761286455877,299.2224252013123,309.1353759765625,20434600,0.0,0.0
2023-11-02 00:00:00-04:00,314.53783684335446,316.0446243432361,305.64592102556026,308.163818359375,21631800,0.0,0.0
2023-11-03 00:00:00-04:00,309.82921641467783,312.8031011868626,308.31253639094047,311.86138916015625,16764300,0.0,0.0
2023-11-06 00:00:00-05:00,313.2293593857912,315.5588780950848,311.7126794666905,313.0509033203125,12887700,0.0,0.0
2023-11-07 00:00:00-05:00,314.299958512523,318.20566283791453,312.3768439867447,316.0446472167969,14055600,0.0,0.0
2023-11-08 00:00:00-05:00,315.37059933746826,318.53280249069024,312.1389680232896,316.9963073730469,13609700,0.0,0.0
2023-11-09 00:00:00-05:00,316.63941423329265,321.35795714702647,316.0247860148068,317.7595520019531,16103100,0.0,0.0
2023-11-10 00:00:00-05:00,317.1548991851157,326.2351642842686,316.67906673273416,325.90802001953125,19096200,0.0,0.0
2023-11-13 00:00:00-05:00,323.36040926035906,329.43702160039675,322.86476180916407,326.3243713378906,16908900,0.0,0.0
2023-11-14 00:00:00-05:00,331.6278345293252,335.1568422746801,330.4283458096643,333.3824157714844,17179400,0.0,0.0
2023-11-15 00:00:00-05:00,334.98831233456497,335.4542221949826,327.14716524859887,329.8137512207031,14531200,0.0,0.0
2023-11-16 00:00:00-05:00,326.5028044744622,331.667442561079,323.5388423305294,331.2808532714844,18932600,0.0,0.0
2023-11-17 00:00:00-05:00,327.38505530805384,332.5794307757708,326.4829733409951,332.1234436035156,14494400,0.0,0.0
2023-11-20 00:00:00-05:00,331.97476378028864,338.89398282519466,331.2808452491062,337.0105285644531,16960500,0.0,0.0
2023-11-21 00:00:00-05:00,335.38476311199616,336.94110323972745,332.97592396005564,334.0465393066406,12027900,0.0,0.0
2023-11-22 00:00:00-05:00,336.25712187256374,339.9348475941971,335.6326012688178,338.51727294921875,10702700,0.0,0.0
2023-11-24 00:00:00-05:00,337.16909856399684,338.8840191731996,333.83833237020224,335.28564453125,5467500,0.0,0.0
2023-11-27 00:00:00-05:00,333.25353518012435,336.94115367224947,331.290790504135,331.78643798828125,15684500,0.0,0.0
2023-11-28 00:00:00-05:00,330.497637364864,336.42559038999514,330.497637364864,336.0389709472656,12637200,0.0,0.0
2023-11-29 00:00:00-05:00,336.7329553677821,336.9411188190531,327.90051448369286,329.30816650390625,16024500,0.0,0.0
2023-11-30 00:00:00-05:00,329.0008824720162,330.5968527575102,319.5934731970562,324.3021240234375,23146400,0.0,0.0
2023-12-01 00:00:00-05:00,322.64665935567007,324.0146208399716,317.96774644363103,321.9924011230469,15276400,0.0,0.0
2023-12-04 00:00:00-05:00,314.5279458457028,318.0668454059469,310.92954076374997,317.2341613769531,19037100,0.0,0.0
2023-12-05 00:00:00-05:00,316.2032218970757,319.0779707276208,312.64447724367363,315.51922607421875,16952100,0.0,0.0
2023-12-06 00:00:00-05:00,319.12753540502547,319.4447570091409,314.2801194470397,314.6865539550781,11294300,0.0,0.0
2023-12-07 00:00:00-05:00,315.0038103812717,325.38267054190237,315.0038103812717,323.7470397949219,15905100,0.0,0.0
2023-12-08 00:00:00-05:00,320.27742147491017,330.2696896309997,320.18820857643453,329.85333251953125,14087400,0.0,0.0
2023-12-11 00:00:00-05:00,326.5324629997662,327.0182179664361,317.214299016538,322.4483337402344,25802500,0.0,0.0
2023-12-12 00:00:00-05:00,321.77429580813003,331.55837057321145,321.7346355458796,331.310546875,18485500,0.0,0.0
2023-12-13 00:00:00-05:00,331.02310334456655,335.4244551825213,329.74435468699323,331.8260498046875,16353300,0.0,0.0
2023-12-14 00:00:00-05:00,330.9437570047156,331.78636358920426,325.77911984855695,330.2696838378906,19607300,0.0,0.0
2023-12-15 00:00:00-05:00,329.0999691679317,335.7119191603619,328.33668302041815,332.0044860839844,31776900,0.0,0.0
2023-12-18 00:00:00-05:00,334.54222603722934,344.53446568560287,334.08620858508846,341.62005615234375,18993900,0.0,0.0
2023-12-19 00:00:00-05:00,342.57167029164464,350.5218745666176,342.11568311875016,347.31005859375,17729400,0.0,0.0
2023-12-20 00:00:00-05:00,345.6149203637917,351.8699880301821,344.7624213705391,346.23944091796875,16369900,0.0,0.0
2023-12-21 00:00:00-05:00,349.90724566402645,353.3073795313147,346.17004494664536,351.007568359375,15289600,0.0,0.0
2023-12-22 00:00:00-05:00,352.4846287114761,354.0905518678329,348.1625974502464,350.313720703125,11772800,0.0,0.0
2023-12-26 00:00:00-05:00,351.8997912451386,353.8724888040851,350.3732187747808,351.7411804199219,9898600,0.0,0.0
2023-12-27 00:00:00-05:00,352.9703988386223,355.8748857712245,352.2170049987148,354.7150573730469,13207900,0.0,0.0
2023-12-28 00:00:00-05:00,356.5687975042497,358.7496281934857,354.69523557044886,355.2008056640625,11798800,0.0,0.0
2023-12-29 00:00:00-05:00,355.8649351224526,356.8661526201397,348.7573678571759,350.87872314453125,14987100,0.0,0.0
2024-01-02 00:00:00-05:00,348.2617247349704,350.08570368515996,337.0501820548259,343.2755126953125,19042200,0.0,0.0
2024-01-03 00:00:00-05:00,341.97691405684844,344.92106102147176,340.192565145366,341.4713439941406,15451100,0.0,0.0
2024-01-04 00:00:00-05:00,341.501109198634,345.11932970434566,340.41067870668667,344.0982971191406,12099900,0.0,0.0
2024-01-05 00:00:00-05:00,343.96932611401303,350.42266406351746,343.24570036981584,348.88616943359375,13920700,0.0,0.0
2024-01-08 00:00:00-05:00,351.61235254100137,355.85509397846937,348.98539656002515,355.5378723144531,13890200,0.0,0.0
2024-01-09 00:00:00-05:00,353.29754033389315,357.50065180494664,352.2665850388887,354.3185729980469,13463900,0.0,0.0
2024-01-10 00:00:00-05:00,357.0346705179699,369.69349454560995,355.9541325367698,367.2449951171875,22117200,0.0,0.0
2024-01-11 00:00:00-05:00,368.8905728121484,369.5349084412359,359.7706477096314,366.4519958496094,17205400,0.0,0.0
2024-01-12 00:00:00-05:00,366.9377174545656,373.7776460956339,366.32311946752475,371.2300109863281,19310000,0.0,0.0
2024-01-16 00:00:00-05:00,370.39737960399464,372.34030938016446,364.03328249207794,364.2612609863281,15306900,0.0,0.0
2024-01-17 00:00:00-05:00,363.1113118453537,365.33183300535507,355.48825160061466,365.1632995605469,12724800,0.0,0.0
2024-01-18 00:00:00-05:00,368.25612070140227,373.5694769229854,367.7208432542545,372.8557434082031,16354300,0.0,0.0
2024-01-19 00:00:00-05:00,375.70075575671575,381.0140817393726,374.6797232506199,380.1120300292969,21670800,0.0,0.0
2024-01-22 00:00:00-05:00,384.5728144342601,386.95191580906175,377.84191453997227,378.4565124511719,17680500,0.0,0.0
2024-01-23 00:00:00-05:00,381.2718033118794,384.9990814617669,378.75390603497135,381.8467712402344,15506100,0.0,0.0
2024-01-24 00:00:00-05:00,386.60497070171994,392.70142765086376,384.434032676857,387.29888916015625,15698500,0.0,0.0
2024-01-25 00:00:00-05:00,386.7735471204069,392.047213033443,382.302797409854,389.75732421875,15091100,0.0,0.0
2024-01-26 00:00:00-05:00,390.91714783237995,393.3359097959545,388.18116424199445,390.708984375,13163700,0.0,0.0
2024-01-29 00:00:00-05:00,391.55154595567524,399.422429541813,389.6780144066085,397.529052734375,18742400,0.0,0.0
2024-01-30 00:00:00-05:00,400.0767235620257,402.82259967131563,396.0917287704335,396.57745361328125,18614700,0.0,0.0
2024-01-31 00:00:00-05:00,385.6137142301989,394.53536828693876,383.7302599797155,386.7438049316406,20180800,0.0,0.0
2024-02-01 00:00:00-05:00,390.5106692838904,397.0135606410284,389.6284024059907,391.3433532714844,29727100,0.0,0.0
2024-02-02 00:00:00-05:00,455.59912098341835,481.72963881592403,449.0664915252919,470.8551330566406,84707600,0.0,0.0
2024-02-05 00:00:00-05:00,465.7896872246018,467.792092181395,455.2224791715045,455.41082763671875,40832400,0.0,0.0
2024-02-06 00:00:00-05:00,459.96081170368444,463.05364680414374,449.05656832277816,450.7615966796875,21655200,0.0,0.0
2024-02-07 00:00:00-05:00,454.0130625295491,467.41535863754694,452.20889855772646,465.5021667480469,23066000,0.0,0.0
2024-02-08 00:00:00-05:00,464.2432012847288,466.4934296544483,460.98183282884037,465.9085693359375,18815100,0.0,0.0
2024-02-09 00:00:00-05:00,468.832958878752,469.4673719159905,463.4006516600271,464.0350646972656,18413100,0.0,0.0
2024-02-12 00:00:00-05:00,464.1143653554513,474.9789490756288,462.5183648227148,464.81817626953125,19382000,0.0,0.0
2024-02-13 00:00:00-05:00,452.89291546087304,463.8170050865518,451.1284116736069,456.1146240234375,20916600,0.0,0.0
2024-02-14 00:00:00-05:00,463.85660058253393,469.982795609744,462.03262165462274,469.1600341796875,16858400,0.0,0.0
2024-02-15 00:00:00-05:00,471.142666911339,484.3665380343901,468.1093067569019,479.8164978027344,24212300,0.0,0.0
2024-02-16 00:00:00-05:00,473.94801862403494,474.79062539009806,465.1254995337819,469.1997375488281,23324600,0.0,0.0
2024-02-20 00:00:00-05:00,465.63104413431995,472.0348007521129,462.49854860329634,467.64337158203125,18015500,0.0,0.0
2024-02-21 00:00:00-05:00,462.9297393124739,465.41060608263723,458.25579479701133,464.4480285644531,12921800,0.5,0.0
2024-02-22 00:00:00-05:00,476.5645485214587,486.23992842019754,472.41654676636847,482.40948486328125,21625800,0.0,0.0
2024-02-23 00:00:00-05:00,484.31478426826664,490.57648938610384,478.65842637192833,480.3255615234375,18374300,0.0,0.0
2024-02-26 00:00:00-05:00,479.7698100644105,482.419388801166,476.92178017882867,478.05303955078125,12101400,0.0,0.0
2024-02-27 00:00:00-05:00,476.306520419306,483.54070515337867,476.2469820474711,483.3223876953125,10809600,0.0,0.0
2024-02-28 00:00:00-05:00,481.2880928291256,487.2917775435945,479.0553130170317,480.3155822753906,12715500,0.0,0.0
2024-02-29 00:00:00-05:00,484.7018378583035,487.936897879875,478.916439479653,486.37890625,17732000,0.0,0.0
2024-03-01 00:00:00-05:00,488.3437040291378,500.39080710945973,488.0857144887077,498.4557189941406,16273600,0.0,0.0
2024-03-04 00:00:00-05:00,499.1503515840117,500.5594971142455,492.62072412682585,494.3771667480469,12324100,0.0,0.0
2024-03-05 00:00:00-05:00,491.2115858850194,491.7871336101802,484.15601582408954,486.4681701660156,15325300,0.0,0.0
2024-03-06 00:00:00-05:00,493.82152694541975,499.12065505181494,490.50709237478395,492.2933044433594,11757900,0.0,0.0
2024-03-07 00:00:00-05:00,499.4282074814689,515.8713680175964,497.542754953555,508.27001953125,18586400,0.0,0.0
2024-03-08 00:00:00-05:00,510.2547778719805,519.5629952336415,495.5283557341361,502.0778503417969,18597100,0.0,0.0
2024-03-11 00:00:00-04:00,493.2062528362001,493.51387789657764,472.3570385649575,479.8889465332031,20428300,0.0,0.0
2024-03-12 00:00:00-04:00,489.48491194914317,498.46563690206807,481.0201963453091,495.92523193359375,15448200,0.0,0.0
2024-03-13 00:00:00-04:00,491.5986065562737,497.14582052729384,487.27195954593,491.7772216796875,12090700,0.0,0.0
2024-03-14 00:00:00-04:00,496.4313625069967,497.5130167599525,484.4239615573876,488.06585693359375,12620000,0.0,0.0
2024-03-15 00:00:00-04:00,485.2674760460602,488.06587076219864,477.6164610806942,480.3950500488281,29153600,0.0,0.0
2024-03-18 00:00:00-04:00,488.14521760990164,493.61305704404583,483.08424391414707,493.1764221191406,11755300,0.0,0.0
2024-03-19 00:00:00-04:00,484.4339234616949,492.82916843845874,477.59663985753673,492.442138671875,10903100,0.0,0.0
2024-03-20 00:00:00-04:00,495.6771763017406,504.31060469928195,491.3803284187274,501.6510925292969,11711100,0.0,0.0
2024-03-21 00:00:00-04:00,510.7707839758228,511.09821477284595,502.1373557038148,503.87396240234375,9712500,0.0,0.0
2024-03-22 00:00:00-04:00,503.11978200634246,506.0670529466161,500.4801361234696,505.6800231933594,8120600,0.0,0.0
2024-03-25 00:00:00-04:00,501.91901611098194,503.33806453967446,496.4114740821437,499.1701965332031,8380600,0.0,0.0
2024-03-26 00:00:00-04:00,501.26406081847875,506.09678408775653,491.4199688696871,492.09478759765625,11205400,0.0,0.0
2024-03-27 00:00:00-04:00,495.47865983348026,496.0641709946274,484.3346265696149,490.0802917480469,9989700,0.0,0.0
2024-03-28 00:00:00-04:00,489.06815539695725,489.11779090352536,481.4370066733091,481.86370849609375,15212800,0.0,0.0
2024-04-01 00:00:00-04:00,483.4713362423317,493.6230238511937,478.09280367110387,487.5895690917969,9247000,0.0,0.0
2024-04-02 00:00:00-04:00,481.3873933760893,493.7222556696209,480.94082524456064,493.5634765625,11081000,0.0,0.0
2024-04-03 00:00:00-04:00,495.1115601401886,503.35795926711006,494.93294499211555,502.8617858886719,12099200,0.0,0.0
2024-04-04 00:00:00-04:00,512.4676727823381,525.943758109554,506.67237161008114,507.0097961425781,26476300,0.0,0.0
2024-04-05 00:00:00-04:00,512.9043035265651,526.638408576823,510.47304198515513,523.3041381835938,19263300,0.0,0.0
2024-04-08 00:00:00-04:00,525.2293292201076,527.4223768254514,514.9188317096773,515.2760620117188,13260600,0.0,0.0
2024-04-09 00:00:00-04:00,518.2331950359386,521.8453515412855,502.8617544246005,512.9440307617188,10863800,0.0,0.0
2024-04-10 00:00:00-04:00,505.3922206037786,518.5606494016819,501.928910292975,515.8515625,11418500,0.0,0.0
2024-04-11 00:00:00-04:00,517.1217682967572,519.8507216900733,513.3309966786047,519.1560668945312,10369500,0.0,0.0
2024-04-12 00:00:00-04:00,513.787472668167,516.2088008915841,505.43190063751956,507.98223876953125,11984500,0.0,0.0
2024-04-15 00:00:00-04:00,512.7653372648631,514.5615428654139,493.4741460488993,496.4015808105469,13512900,0.0,0.0
2024-04-16 00:00:00-04:00,494.2977844340761,500.90681687935023,493.3054377657289,495.9351806640625,9847900,0.0,0.0
2024-04-17 00:00:00-04:00,499.2496185150052,499.30915689281545,483.41177405310106,490.3879699707031,12193700,0.0,0.0
2024-04-18 00:00:00-04:00,495.994706718665,508.28989617034574,495.22067754794534,497.95953369140625,14808700,0.0,0.0
2024-04-19 00:00:00-04:00,498.9518557154104,498.9518557154104,472.0890564119866,477.38818359375,25215400,0.0,0.0
2024-04-22 00:00:00-04:00,485.9719917197624,488.2444739766785,469.7768874878293,478.04315185546875,17271100,0.0,0.0
2024-04-23 00:00:00-04:00,487.4903047021122,494.94283793154807,485.22775549164936,492.3031921386719,15079200,0.0,0.0
2024-04-24 00:00:00-04:00,504.17161722523144,506.0967720750617,480.8713078752949,489.7230529785156,37772700,0.0,0.0
2024-04-25 00:00:00-04:00,418.1748568844393,442.35833901070566,411.3276713078903,438.001953125,82890700,0.0,0.0
2024-04-26 00:00:00-04:00,438.0813276050655,443.02322464354364,428.65403477490287,439.8973388671875,32691400,0.0,0.0
2024-04-29 00:00:00-04:00,436.195878453334,436.3943598912081,425.28006561859786,429.3089904785156,21502600,0.0,0.0
2024-04-30 00:00:00-04:00,427.7509861439616,436.25540370111094,426.4311785022593,426.87774658203125,18429500,0.0,0.0
2024-05-01 00:00:00-04:00,425.3197579943867,446.5162667930731,423.8411409701157,435.8287048339844,20344900,0.0,0.0
2024-05-02 00:00:00-04:00,435.48142162693887,440.562231878881,428.9716297061358,438.2996826171875,15221300,0.0,0.0
2024-05-03 00:00:00-04:00,442.5171576767287,450.69411509659585,440.4530898609674,448.5010070800781,16489100,0.0,0.0
2024-05-06 00:00:00-04:00,452.0932001653146,462.5922429787163,449.8703537206826,462.11590576171875,15094600,0.0,0.0
2024-05-07 00:00:00-04:00,462.72134472049225,467.92123166453916,457.779447321688,464.6564025878906,13406800,0.0,0.0
2024-05-08 00:00:00-04:00,459.95270159665824,471.94023656788784,459.4565282400275,468.9830627441406,11683900,0.0,0.0
2024-05-09 00:00:00-04:00,466.4029313871889,472.4363857703792,464.05107464244514,471.7814636230469,9437700,0.0,0.0
2024-05-10 00:00:00-04:00,473.4386231422278,473.8454888714661,466.00595699720174,472.5554504394531,10750000,0.0,0.0
2024-05-13 00:00:00-04:00,469.13187501336745,469.7272890553807,459.30764931420595,464.42816162109375,14668800,0.0,0.0
2024-05-14 00:00:00-04:00,459.8236291276941,468.9234605753996,456.55880040566063,468.2387390136719,10478600,0.0,0.0
2024-05-15 00:00:00-04:00,471.3447925555496,478.80722798374535,467.5937236699598,477.8545837402344,13100500,0.0,0.0
2024-05-16 00:00:00-04:00,471.3646273657603,474.0340420992476,469.13184755192253,469.6081848144531,16608200,0.0,0.0
2024-05-17 00:00:00-04:00,467.22655798949256,469.18148209338233,464.8350292226781,468.2983093261719,10807300,0.0,0.0
2024-05-20 00:00:00-04:00,466.35335165798784,469.5784784874787,463.46561907811537,465.2518310546875,11745100,0.0,0.0
2024-05-21 00:00:00-04:00,463.5449077863905,467.0975253346267,458.7320210431168,461.073974609375,11742200,0.0,0.0
2024-05-22 00:00:00-04:00,464.28925874330497,470.0944931584009,462.0862477959769,464.199951171875,10078600,0.0,0.0
2024-05-23 00:00:00-04:00,469.26090804074687,470.7295617615154,458.00770019996276,462.2152404785156,11747900,0.0,0.0
2024-05-24 00:00:00-04:00,464.04117710669794,476.17758862327844,462.73127214344584,474.56005859375,12024300,0.0,0.0
2024-05-28 00:00:00-04:00,472.93254487428226,477.17978725076165,471.2058714243165,476.24700927734375,10175800,0.0,0.0
2024-05-29 00:00:00-04:00,471.02721432117875,476.17749530848505,470.07457011823584,470.7294921875,9226200,0.0,0.0
2024-05-30 00:00:00-04:00,468.06016138210737,468.1196997588506,461.1534068397315,463.4754943847656,10719600,0.0,0.0
2024-05-31 00:00:00-04:00,462.2350557963907,465.52965393072293,450.9818484598858,463.2571716308594,16919800,0.0,0.0
2024-06-03 00:00:00-04:00,467.2563385385533,475.92946902820285,464.65639510838076,473.8356018066406,11279400,0.0,0.0
2024-06-04 00:00:00-04:00,473.3493496612414,475.22489935660434,469.60821371186694,473.33941650390625,7088700,0.0,0.0
2024-06-05 00:00:00-04:00,480.7423648637953,492.84897628065335,480.2064891730306,491.2711486816406,15690500,0.0,0.0
2024-06-06 00:00:00-04:00,489.20704994565904,498.97173709860135,487.133049134123,489.9810791015625,10667300,0.0,0.0
2024-06-07 00:00:00-04:00,492.11466024786785,495.091700375797,486.41859982731586,489.1872253417969,9380700,0.0,0.0
2024-06-10 00:00:00-04:00,490.0802879046476,498.8129563433123,489.6337500954303,498.75341796875,11220900,0.0,0.0
2024-06-11 00:00:00-04:00,496.33206952203005,503.71513050642415,494.45651994785885,503.58612060546875,9673700,0.0,0.0
2024-06-12 00:00:00-04:00,510.0562580327931,510.07612434807345,500.60912858458613,504.9456787109375,11983200,0.0,0.0
2024-06-13 00:00:00-04:00,501.8396375159677,505.46169688773693,497.5229233456596,500.2419738769531,9954600,0.0,0.0
2024-06-14 00:00:00-04:00,499.29827689365226,503.76827047428316,497.41095233353604,500.7982177734375,10243300,0.5,0.0
2024-06-17 00:00:00-04:00,498.3248520419291,507.3442927979167,492.70258957460356,503.25177001953125,11266600,0.0,0.0
2024-06-18 00:00:00-04:00,501.1956246769316,502.6260252767593,491.7192282815948,496.159423828125,13060400,0.0,0.0
2024-06-20 00:00:00-04:00,498.652632230771,500.31150990328194,493.45749528868265,498.3546447753906,11801200,0.0,0.0
2024-06-21 00:00:00-04:00,500.09297514636967,500.09297514636967,489.1067263628177,491.48077392578125,22359200,0.0,0.0
2024-06-24 00:00:00-04:00,495.8712961742398,504.4139262555408,490.9940329117928,495.5832214355469,13525300,0.0,0.0
2024-06-25 00:00:00-04:00,493.7355866348011,507.3045034181857,492.1959343844585,507.19525146484375,12063200,0.0,0.0
2024-06-26 00:00:00-04:00,503.27168765207887,510.3839489173204,501.3148222598679,509.69854736328125,8882300,0.0,0.0
2024-06-27 00:00:00-04:00,510.8209300507455,519.3933892059828,510.47328813668884,516.0955200195312,10121200,0.0,0.0
2024-06-28 00:00:00-04:00,513.7016232829023,518.4000638324243,500.48034762615777,500.8578186035156,15855100,0.0,0.0
2024-07-01 00:00:00-04:00,501.58294679281164,503.2020522993896,489.8814984155555,501.3147277832031,10328200,0.0,0.0
2024-07-02 00:00:00-04:00,497.42088904280774,507.0959319918616,496.11962668652535,506.10260009765625,7739500,0.0,0.0
2024-07-03 00:00:00-04:00,502.9934818232005,507.87074521081,502.6458095867641,506.5595397949219,6005600,0.0,0.0
2024-07-05 00:00:00-04:00,508.18862031678924,537.2634349299381,508.18862031678924,536.309814453125,21354100,0.0,0.0
2024-07-08 00:00:00-04:00,538.7336124129018,539.1905669814913,523.1383477493558,525.79052734375,14917500,0.0,0.0
2024-07-09 00:00:00-04:00,530.1909372581625,533.8960460931625,524.6680139481037,526.4659423828125,8753200,0.0,0.0
2024-07-10 00:00:00-04:00,527.2506151441854,535.2866968575805,524.8368259127777,531.1246337890625,10983300,0.0,0.0
2024-07-11 00:00:00-04:00,527.3500219197413,531.8895562792189,504.9801666469837,509.28131103515625,16458300,0.0,0.0
2024-07-12 00:00:00-04:00,494.4409036740209,504.70200901700827,490.93444322689584,495.5434875488281,19750500,0.0,0.0
2024-07-15 00:00:00-04:00,495.3050935222818,503.30140324613546,490.0801579921721,492.8515625,12539200,0.0,0.0
2024-07-16 00:00:00-04:00,498.15598735257976,500.5896628261979,482.5507504540652,486.5240783691406,14075800,0.0,0.0
2024-07-17 00:00:00-04:00,475.9748583365877,475.9748583365877,456.0585356169319,458.9093933105469,28076600,0.0,0.0
2024-07-18 00:00:00-04:00,471.83266375516723,476.04438141112735,461.4424203212603,472.677001953125,19267200,0.0,0.0
2024-07-19 00:00:00-04:00,472.885574584568,483.4645530933458,472.5379023621215,473.6107177734375,15149400,0.0,0.0
2024-07-22 00:00:00-04:00,483.3354239432015,488.77889368380687,480.67330171898413,484.14996337890625,12023100,0.0,0.0
2024-07-23 00:00:00-04:00,486.5736915826986,491.9178220255653,484.4678328165319,485.4313659667969,9455500,0.0,0.0
2024-07-24 00:00:00-04:00,469.1606069922724,473.12399173942754,457.5088124022394,458.1942138671875,17649700,0.0,0.0
2024-07-25 00:00:00-04:00,460.17098380293606,460.4590282516497,439.6983958852032,450.38665771484375,18240500,0.0,0.0
2024-07-26 00:00:00-04:00,461.10472855593935,466.6375647815951,456.35660278759616,462.5947265625,14222400,0.0,0.0
2024-07-29 00:00:00-04:00,466.74682183029705,470.7996028508264,461.9192127867245,462.6046142578125,11339600,0.0,0.0
2024-07-30 00:00:00-04:00,463.88603283345884,469.57783596951856,453.6547256053789,460.1014404296875,11390400,0.0,0.0
2024-07-31 00:00:00-04:00,467.8792258794459,473.32269613102295,463.6377091692654,471.663818359375,24285800,0.0,0.0
2024-08-01 00:00:00-04:00,517.5259306837595,523.6547716585801,488.8186442383986,494.4210205078125,43083100,0.0,0.0
2024-08-02 00:00:00-04:00,485.73929115246585,497.80826747717975,472.9749703834954,484.8850402832031,24044700,0.0,0.0
2024-08-05 00:00:00-04:00,448.34036348534045,480.2561225927905,447.79401274658,472.55780029296875,21396200,0.0,0.0
2024-08-06 00:00:00-04:00,475.8059745622405,499.2088714287347,475.4583023384702,490.79534912109375,20955000,0.0,0.0
2024-08-07 00:00:00-04:00,499.77512044060245,506.74829997819876,483.6135898383969,485.6598815917969,20105300,0.0,0.0
2024-08-08 00:00:00-04:00,494.18262946631637,506.55953668319745,491.4211679453795,506.23175048828125,16156800,0.0,0.0
2024-08-09 00:00:00-04:00,504.32449769396317,514.8836502692486,502.32792131826227,514.3174438476562,13696600,0.0,0.0
2024-08-12 00:00:00-04:00,513.4135489736507,514.5658480140165,505.7053134773553,512.5096435546875,9767400,0.0,0.0
2024-08-13 00:00:00-04:00,516.5425353486345,527.9559092747828,514.6949525499102,525.015625,13743800,0.0,0.0
2024-08-14 00:00:00-04:00,524.5388780300436,530.4392723612109,519.6417586898049,523.24755859375,11444200,0.0,0.0
2024-08-15 00:00:00-04:00,528.2438517303515,536.1706800557524,523.1878272447614,533.7469482421875,13482100,0.0,0.0
2024-08-16 00:00:00-04:00,528.3533057155574,530.1015190770014,521.1615312349661,523.9031372070312,14776700,0.0,0.0
2024-08-19 00:00:00-04:00,523.3567078553176,528.1147452351695,519.2741288076174,525.7506713867188,9879700,0.0,0.0
2024-08-20 00:00:00-04:00,524.8268440690854,527.5486241898866,522.3733435694845,523.2176513671875,7944400,0.0,0.0
2024-08-21 00:00:00-04:00,523.6348937052984,535.803208512871,523.4163291780279,531.5914306640625,13423300,0.0,0.0
2024-08-22 00:00:00-04:00,533.4192569001465,540.6010274942679,525.0653618809546,528.383056640625,15708300,0.0,0.0
2024-08-23 00:00:00-04:00,533.3397517008707,536.2700929585844,521.55884980876,524.479248046875,11323900,0.0,0.0
2024-08-26 00:00:00-04:00,524.081913244852,524.479270276633,511.5163004380435,517.6451416015625,9584000,0.0,0.0
2024-08-27 00:00:00-04:00,515.5193548304624,520.5158432413665,511.87384384105246,515.6385498046875,6282700,0.0,0.0
2024-08-28 00:00:00-04:00,514.2182480705409,517.6154877482142,509.0330832385936,513.334228515625,9106100,0.0,0.0
2024-08-29 00:00:00-04:00,515.5888867116108,523.684565573268,512.2413632137636,514.764404296875,8317400,0.0,0.0
2024-08-30 00:00:00-04:00,517.8735127156259,520.0489117955093,511.76455848669906,517.8338012695312,9157500,0.0,0.0
2024-09-03 00:00:00-04:00,516.1750252560046,521.9859928695383,505.22848784642304,508.3475646972656,12459100,0.0,0.0
2024-09-04 00:00:00-04:00,502.6954771522908,513.1453480424364,500.70881337108693,509.32098388671875,8335200,0.0,0.0
2024-09-05 00:00:00-04:00,508.3078633902029,518.1517873635855,507.74165686241577,513.41357421875,8640900,0.0,0.0
2024-09-06 00:00:00-04:00,518.4000932131843,521.0821016570909,494.92765391819984,496.9341735839844,14744500,0.0,0.0
2024-09-09 00:00:00-04:00,502.7848710640587,507.92037993887993,498.7320599932226,501.42401123046875,11047800,0.0,0.0
2024-09-10 00:00:00-04:00,504.7715348360927,510.7513818768451,496.6957417525211,501.42401123046875,9899000,0.0,0.0
2024-09-11 00:00:00-04:00,503.6292467318183,509.6984904565573,492.29532543071457,508.4170837402344,10782500,0.0,0.0
2024-09-12 00:00:00-04:00,513.6022993894097,523.1979204782829,511.7844848502824,522.0952758789062,11970500,0.0,0.0
2024-09-13 00:00:00-04:00,516.8703967615143,524.0621107021185,513.6618931917054,521.121826171875,10321400,0.0,0.0
2024-09-16 00:00:00-04:00,521.5394368849483,531.0447481141917,514.4403261539426,530.2294921875,9527600,0.5,0.0
2024-09-17 00:00:00-04:00,534.5247216049645,538.9989800805172,527.5349671432173,533.2520751953125,11690800,0.0,0.0
2024-09-18 00:00:00-04:00,533.9977098303668,541.0869276726933,530.845860739671,534.8726806640625,10323500,0.0,0.0
2024-09-19 00:00:00-04:00,546.8536926871561,558.8546528253562,543.3936196511286,555.901611328125,15647000,0.0,0.0
2024-09-20 00:00:00-04:00,556.7966626212141,561.2709215172774,553.1178153916912,558.138916015625,22066800,0.0,0.0
2024-09-23 00:00:00-04:00,566.2422454333392,570.696598725916,559.1927762027452,561.1813354492188,12830700,0.0,0.0
2024-09-24 00:00:00-04:00,563.4382949321094,564.5021812702805,551.0197537936696,560.1074829101562,12993000,0.0,0.0
2024-09-25 00:00:00-04:00,560.8233803106601,573.580004208347,560.4952510598988,565.0590209960938,16543400,0.0,0.0
2024-09-26 00:00:00-04:00,572.436555499505,574.0970460697704,559.1330900425771,564.5917358398438,14400800,0.0,0.0
2024-09-27 00:00:00-04:00,566.8387572234752,567.5745750797583,561.2807684246667,564.1144409179688,9398400,0.0,0.0
2024-09-30 00:00:00-04:00,564.4524692436476,571.3925205491627,561.5690344960939,569.1653442382812,12792300,0.0,0.0
2024-10-01 00:00:00-04:00,574.6736128791929,579.7046644318758,566.8386860157418,573.1722412109375,15259300,0.0,0.0
2024-10-02 00:00:00-04:00,571.5714638381036,572.7049569634005,566.0830826003516,569.533203125,6524700,0.0,0.0
2024-10-03 00:00:00-04:00,566.8884769556879,580.0228702133212,565.4765563823341,579.436279296875,11581000,0.0,0.0
2024-10-04 00:00:00-04:00,580.3907101459058,593.4356513652355,578.1038796024136,592.5308837890625,14169500,0.0,0.0
2024-10-07 00:00:00-04:00,594.7978731184487,599.5008565761534,580.698996622439,581.434814453125,12014200,0.0,0.0
2024-10-08 00:00:00-04:00,586.3167671153983,590.1646244921006,582.6180152740485,589.4984741210938,7857400,0.0,0.0
2024-10-09 00:00:00-04:00,590.5919696221545,590.989705628623,578.2827866596821,587.1318969726562,9529700,0.0,0.0
2024-10-10 00:00:00-04:00,584.2088301034865,586.8535869486327,579.1877306195246,580.490234375,7740400,0.0,0.0
2024-10-11 00:00:00-04:00,581.4844891955055,587.8279971754954,579.3766215385939,586.5751953125,8587100,0.0,0.0
2024-10-14 00:00:00-04:00,590.8207918278077,596.6671607014488,586.5852117292404,587.0425415039062,8252000,0.0,0.0
2024-10-15 00:00:00-04:00,586.7840837654622,587.2315217697361,576.8214423918522,582.9163818359375,9564200,0.0,0.0
2024-10-16 00:00:00-04:00,578.0740918292597,578.7501945674716,570.7462571969033,573.4904174804688,11268400,0.0,0.0
2024-10-17 00:00:00-04:00,579.9930514580655,581.6236236428501,571.9095546343025,573.629638671875,8701200,0.0,0.0
2024-10-18 00:00:00-04:00,577.7757598855744,580.6293370312779,571.9592494201094,573.1722412109375,7694300,0.0,0.0
2024-10-21 00:00:00-04:00,572.7348299431258,573.9378692579733,565.8543723443174,571.8697509765625,8171900,0.0,0.0
2024-10-22 00:00:00-04:00,571.0047339757137,580.1919272386083,568.8471645216868,578.6806030273438,8544500,0.0,0.0
2024-10-23 00:00:00-04:00,576.6522939692993,581.6535493433651,559.2822589840049,560.4654541015625,14248400,0.0,0.0
2024-10-24 00:00:00-04:00,563.885798473118,565.6257877856776,558.3079044414983,564.5321044921875,7184700,0.0,0.0
2024-10-25 00:00:00-04:00,570.6468669862153,577.9647500652169,568.4494872870167,569.9707641601562,11337900,0.0,0.0
2024-10-28 00:00:00-04:00,578.67066002025,580.410649118249,570.8357328269512,574.8526000976562,10925100,0.0,0.0
2024-10-29 00:00:00-04:00,576.8313941446783,590.2740144668209,572.108565553997,589.8862915039062,13019100,0.0,0.0
2024-10-30 00:00:00-04:00,597.5420286080739,597.7608016379978,586.0084115680872,588.41455078125,26864900,0.0,0.0
2024-10-31 00:00:00-04:00,581.6535232859577,586.5255172425846,559.7893261973286,564.3331909179688,26838400,0.0,0.0
2024-11-01 00:00:00-04:00,564.3630263338429,570.3883582518947,559.3419265164682,563.9155883789062,15303200,0.0,0.0
2024-11-04 00:00:00-05:00,560.8730139446373,565.4367833258351,554.6985773939598,557.4725952148438,12064600,0.0,0.0
2024-11-05 00:00:00-05:00,564.0547369200507,570.1993768247104,563.4283359927113,569.1553955078125,9775400,0.0,0.0
2024-11-06 00:00:00-05:00,559.5308004818795,569.7221655728422,551.9941447200907,568.777587890625,18305400,0.0,0.0
2024-11-07 00:00:00-05:00,573.5899087480227,591.39742768716,571.9195264894807,588.315185546875,14653700,0.0,0.0
2024-11-08 00:00:00-05:00,588.1561165108458,589.707190216614,581.1763151778936,585.96875,9415700,0.0,0.0
2024-11-11 00:00:00-05:00,583.0057385461188,583.6420920185832,573.2121093173138,579.833984375,10209100,0.0,0.0
2024-11-12 00:00:00-05:00,585.1733003985561,596.2296848177605,577.0600054748132,581.474609375,16287700,0.0,0.0
2024-11-13 00:00:00-05:00,579.2771839216865,582.2898800347385,571.8797417717248,576.68212890625,10757600,0.0,0.0
2024-11-14 00:00:00-05:00,573.6992793820006,577.4377800631241,569.7321138322568,573.8583374023438,11053700,0.0,0.0
2024-11-15 00:00:00-05:00,567.9523048385856,569.2946185704093,548.3451422976771,550.910400390625,17712900,0.0,0.0
2024-11-18 00:00:00-05:00,553.8534284072965,556.6971138862053,546.9432344613651,551.2285766601562,14327300,0.0,0.0
2024-11-19 00:00:00-05:00,548.7031290595829,558.2183921757821,547.4503270456743,557.88037109375,9522400,0.0,0.0
2024-11-20 00:00:00-05:00,559.7098839990792,563.1103037010454,551.0298413311582,562.2850952148438,9797300,0.0,0.0
2024-11-21 00:00:00-05:00,566.2621066854078,566.7393414481576,545.9091728138703,559.868896484375,11154700,0.0,0.0
2024-11-22 00:00:00-05:00,560.3262747981044,560.6047022245103,551.4175681293176,555.9415283203125,9164000,0.0,0.0
2024-11-25 00:00:00-05:00,558.8845280879963,569.3145718667378,553.207230520728,561.8773193359375,13599800,0.0,0.0
2024-11-26 00:00:00-05:00,562.7621877433986,574.1964018053228,561.9667762936829,570.259033203125,10356600,0.0,0.0
2024-11-27 00:00:00-05:00,571.601423170664,571.6908743519631,560.8731072719025,565.9439697265625,7200200,0.0,0.0
2024-11-29 00:00:00-05:00,565.7450932068846,575.1510000832634,563.6571303183109,571.03466796875,7130500,0.0,0.0
2024-12-02 00:00:00-05:00,574.196458750282,591.0992116485587,572.2775064388576,589.4387817382812,12522400,0.0,0.0
2024-12-03 00:00:00-05:00,591.5962520347538,610.6864289434953,587.867704227812,610.1395874023438,14907200,0.0,0.0
2024-12-04 00:00:00-05:00,609.4536043990507,614.2460390304662,601.6385211482492,610.2689208984375,14697000,0.0,0.0
2024-12-05 00:00:00-05:00,613.5499962447583,616.3538716503245,603.5773439679037,605.4465942382812,8081200,0.0,0.0
2024-12-06 00:00:00-05:00,606.6100563060467,626.1874271757579,605.0490904891066,620.201904296875,16935500,0.0,0.0
2024-12-09 00:00:00-05:00,620.350888846341,622.8167434326103,602.7024265777296,610.0601196289062,11426000,0.0,0.0
2024-12-10 00:00:00-05:00,614.0272190903004,622.0113122599781,609.2347848248279,615.7771606445312,10938900,0.0,0.0
2024-12-11 00:00:00-05:00,619.8039905100828,634.7480401253283,617.9745502630952,629.0607299804688,10837200,0.0,0.0
2024-12-12 00:00:00-05:00,627.887478818055,633.017934128409,623.6220417827839,627.1815185546875,7474700,0.0,0.0
2024-12-13 00:00:00-05:00,623.6319031965186,627.4698678453126,613.3610405721996,616.8012084960938,8453300,0.0,0.0
2024-12-16 00:00:00-05:00,626.8814975325155,628.0457867533739,615.5376035416824,621.1697387695312,10885600,0.5,0.0
2024-12-17 00:00:00-05:00,623.0902515630854,629.2597698587709,613.5076105410767,616.3933715820312,12897800,0.0,0.0
2024-12-18 00:00:00-05:00,617.9456355913278,624.2743396016706,593.3870305020766,594.2527465820312,17075500,0.0,0.0
2024-12-19 00:00:00-05:00,607.3878634532757,608.512310503509,592.0735432784724,592.6407470703125,14958100,0.0,0.0
2024-12-20 00:00:00-05:00,587.6752614717944,600.143601343373,577.1472819775203,582.3714599609375,48989400,0.0,0.0
2024-12-23 00:00:00-05:00,586.7001320561428,598.133671534272,583.3666327345034,596.8997192382812,10205800,0.0,0.0
2024-12-24 00:00:00-05:00,599.7555139461255,604.9996130735921,596.3324917694366,604.7608032226562,4726100,0.0,0.0
2024-12-26 00:00:00-05:00,602.5019749107529,603.3179490935831,595.994163249834,600.3824462890625,6081400,0.0,0.0
2024-12-27 00:00:00-05:00,596.4617453720124,598.8897465400247,586.8990272114817,596.8598022460938,8084200,0.0,0.0
2024-12-30 00:00:00-05:00,585.8542270232425,594.0039468527602,582.6998357068834,588.3319702148438,7025900,0.0,0.0
2024-12-31 00:00:00-05:00,589.3569487521584,591.048538740922,580.9783186606066,582.6301879882812,6019500,0.0,0.0
2025-01-02 00:00:00-05:00,586.8194676993116,601.9347590067932,584.9288491785778,596.2926635742188,12682300,0.0,0.0
2025-01-03 00:00:00-05:00,601.7854933825649,606.5021699414652,593.4765264756181,601.6561279296875,11436800,0.0,0.0
2025-01-06 00:00:00-05:00,608.8207596792694,627.8864953892827,602.641281410124,627.1004028320312,14560800,0.0,0.0
2025-01-07 00:00:00-05:00,628.5930258941997,628.9910220723464,605.2384303850833,614.8509521484375,12071500,0.0,0.0
2025-01-08 00:00:00-05:00,610.3830585744919,613.4080846789525,599.8251969713253,607.7161865234375,10085800,0.0,0.0
2025-01-10 00:00:00-05:00,607.0295297697073,626.8116919357244,594.4019444954839,612.830810546875,19256600,0.0,0.0
2025-01-13 00:00:00-05:00,604.1140210154849,605.9748187670136,595.5066015316934,605.3380126953125,10785000,0.0,0.0
2025-01-14 00:00:00-05:00,602.0940612489228,602.5119785361296,585.6552929558646,591.3272705078125,13598000,0.0,0.0
2025-01-15 00:00:00-05:00,607.2087904116609,619.3985405217896,603.5170156565779,614.0847778320312,15524300,0.0,0.0
2025-01-16 00:00:00-05:00,608.4923634164871,613.2190007447427,606.7111893194766,608.2933349609375,8355300,0.0,0.0
2025-01-17 00:00:00-05:00,620.9806532892833,621.8961113451103,600.7008856525179,609.7561645507812,17280600,0.0,0.0
2025-01-21 00:00:00-05:00,614.7912965163201,618.443229069153,606.0146693079478,613.4280395507812,11674000,0.0,0.0
2025-01-22 00:00:00-05:00,620.2343211513619,630.5831936184607,616.3833603918935,620.433349609375,12274000,0.0,0.0
2025-01-23 00:00:00-05:00,624.2742632730533,633.4688058497244,618.0948465430561,633.319580078125,9910200,0.0,0.0
2025-01-24 00:00:00-05:00,633.2698782484986,648.7931250445398,631.0806868452225,644.3052978515625,19065300,0.0,0.0
2025-01-27 00:00:00-05:00,623.5280177511174,660.6047649681485,622.0254349357211,656.6343994140625,28399200,0.0,0.0
2025-01-28 00:00:00-05:00,662.7243202820943,679.222789585596,656.2264085295512,671.0133666992188,20950100,0.0,0.0
2025-01-29 00:00:00-05:00,671.6800579089199,677.7002892439266,662.3959298804792,673.1627197265625,21377800,0.0,0.0
2025-01-30 00:00:00-05:00,693.3928028440545,707.2940643458387,672.7746794678412,683.62109375,29322900,0.0,0.0
2025-01-31 00:00:00-05:00,687.6014612729458,701.8311175719771,682.2081354131806,685.7904052734375,19303900,0.0,0.0
2025-02-03 00:00:00-05:00,672.5856051378313,700.5374751524545,671.9288779782597,694.0296630859375,21415700,0.0,0.0
2025-02-04 00:00:00-05:00,699.0447502736523,704.2291467274541,688.2082982161528,700.7264404296875,13826300,0.0,0.0
2025-02-05 00:00:00-05:00,700.0896222542642,714.6078889974233,695.5719738179728,701.4031372070312,17778200,0.0,0.0
2025-02-06 00:00:00-05:00,702.4081644926629,715.3641456188349,700.0398655613205,708.4880981445312,13080700,0.0,0.0
2025-02-07 00:00:00-05:00,713.2744305821955,721.4440718312758,708.249280988419,711.0056762695312,16427100,0.0,0.0
2025-02-10 00:00:00-05:00,715.0257888589608,717.652818700605,707.8313687608933,713.8715209960938,12904300,0.0,0.0
2025-02-11 00:00:00-05:00,709.8115954275665,720.1007048878689,706.5476987131067,716.2597045898438,12998000,0.0,0.0
2025-02-12 00:00:00-05:00,711.7818168815365,723.523766963731,709.0950845634602,721.812255859375,12016500,0.0,0.0
2025-02-13 00:00:00-05:00,717.9712107274046,725.4144007817218,714.5082858683488,724.9765625,12569100,0.0,0.0
2025-02-14 00:00:00-05:00,722.5685751543255,737.2658892402018,722.0511132817282,733.0467529296875,16901200,0.0,0.0
2025-02-18 00:00:00-05:00,732.3800758046814,733.375157429416,702.9654654069245,712.8466186523438,21938700,0.0,0.0
2025-02-19 00:00:00-05:00,700.6369269472729,703.5226878675882,691.9698051227019,700.30859375,17535500,0.0,0.0
2025-02-20 00:00:00-05:00,693.8505479928752,702.1594553078776,690.2284362839436,691.4225463867188,12587400,0.0,0.0
2025-02-21 00:00:00-05:00,693.1539301625503,700.4080528713276,679.0038387952945,680.18798828125,15660400,0.0,0.0
2025-02-24 00:00:00-05:00,682.9045646514273,683.8896856241412,659.1917553729045,664.8438110351562,15677000,0.0,0.0
2025-02-25 00:00:00-05:00,662.6944247816905,664.7144694629277,638.703023401866,654.26611328125,20579700,0.0,0.0
2025-02-26 00:00:00-05:00,656.4055307530449,679.650619839028,654.7636219966097,670.3864135742188,14488700,0.0,0.0
2025-02-27 00:00:00-05:00,679.0934498337167,685.2629678985895,654.3358147754243,655.0025024414062,12500000,0.0,0.0
2025-02-28 00:00:00-05:00,654.8033903750937,666.3364113660828,639.4393300085176,664.9134521484375,17534200,0.0,0.0
2025-03-03 00:00:00-05:00,670.3665609910959,677.8993359462462,647.6389313945824,651.8281860351562,10843800,0.0,0.0
2025-03-04 00:00:00-05:00,642.3351433054311,646.5542796373367,620.5826737681288,636.8522338867188,21495200,0.0,0.0
2025-03-05 00:00:00-05:00,637.8473272165841,656.2563374404635,634.5237278365647,653.2412109375,13770000,0.0,0.0
2025-03-06 00:00:00-05:00,644.812846805576,647.3602531536812,621.040333910999,624.841552734375,13446500,0.0,0.0
2025-03-07 00:00:00-05:00,622.29408984179,631.667740220239,597.6558630930216,622.5826416015625,21375700,0.0,0.0
2025-03-10 00:00:00-04:00,605.0793295855486,607.1092743654041,583.983585643361,595.0488891601562,21999900,0.0,0.0
2025-03-11 00:00:00-04:00,592.1232921602733,611.9055191678449,590.4117809661785,602.7308959960938,17401500,0.0,0.0
2025-03-12 00:00:00-04:00,626.8019889135747,630.2151118661235,606.3530113322171,616.5128173828125,15747000,0.0,0.0
2025-03-13 00:00:00-04:00,617.1992715803975,617.4480419437915,583.625233054342,587.7349243164062,16480300,0.0,0.0
2025-03-14 00:00:00-04:00,600.3687854957838,606.4043419789234,592.381172955088,605.1494140625,12364500,0.525,0.0
2025-03-17 00:00:00-04:00,605.0099996635669,610.62720608086,595.5881320780952,602.4603271484375,15473900,0.0,0.0
2025-03-18 00:00:00-04:00,597.6298861819188,597.8290917063831,572.34227369431,580.01123046875,20297700,0.0,0.0
2025-03-19 00:00:00-04:00,581.9235510596104,589.9311027976759,572.4518964146898,581.7044067382812,20537500,0.0,0.0
2025-03-20 00:00:00-04:00,580.4096129893901,607.7389439842362,577.172720940167,583.6365356445312,24336500,0.0,0.0
2025-03-21 00:00:00-04:00,581.0670032780688,595.1300513212973,578.6069941650959,593.8452758789062,25015900,0.0,0.0
2025-03-24 00:00:00-04:00,612.4896480218807,620.0291236750295,609.7308614385815,616.35400390625,15741300,0.0,0.0
2025-03-25 00:00:00-04:00,624.2321327441739,631.323411172726,618.6746212334369,623.783935546875,15312500,0.0,0.0
2025-03-26 00:00:00-04:00,622.3697410659778,624.2222248223229,604.163437823038,608.5158081054688,12609800,0.0,0.0
2025-03-27 00:00:00-04:00,599.5719804701281,611.7725730959737,597.6796193390965,600.149658203125,10436500,0.0,0.0
2025-03-28 00:00:00-04:00,597.8888875675808,599.3230823357646,571.605306475786,574.4139404296875,17602800,0.0,0.0
2025-03-31 00:00:00-04:00,561.2272821521618,576.365989409716,551.0684088090011,574.035400390625,21124700,0.0,0.0
2025-04-01 00:00:00-04:00,568.537705940541,587.5307390242879,567.70106709451,583.6365356445312,12836600,0.0,0.0
2025-04-02 00:00:00-04:00,572.5912500878843,590.2696609066593,571.0475136953103,581.5748901367188,13470800,0.0,0.0
2025-04-03 00:00:00-04:00,544.016982785148,550.3314393515183,528.1612075786397,529.4758911132812,34777500,0.0,0.0
2025-04-04 00:00:00-04:00,504.5767586556749,515.9108671247398,492.2068664686997,502.69439697265625,38589800,0.0,0.0
2025-04-07 00:00:00-04:00,483.14348777248983,537.1945936136326,479.9563819403582,514.1678466796875,36606100,0.0,0.0
2025-04-08 00:00:00-04:00,541.0589972717423,545.2221314563009,500.8318811641039,508.39129638671875,28034200,0.0,0.0
2025-04-09 00:00:00-04:00,507.2159828753818,585.5189153793327,500.08485719899596,583.407470703125,39216600,0.0,0.0
2025-04-10 00:00:00-04:00,573.1689120321386,578.9554765876964,533.1410047447706,544.086669921875,28173500,0.0,0.0
2025-04-11 00:00:00-04:00,533.3502556297472,545.1923169106578,526.4581815568449,541.3777465820312,17642300,0.0,0.0
2025-04-14 00:00:00-04:00,553.9268489865372,555.520432371149,526.149380590007,529.33642578125,14130900,0.0,0.0
2025-04-15 00:00:00-04:00,529.9638803667925,535.7703838427552,515.4128199804695,519.4166259765625,15558700,0.0,0.0
2025-04-16 00:00:00-04:00,506.4591254364096,511.2995098605443,493.6310672206579,500.28411865234375,18735100,0.0,0.0
2025-04-17 00:00:00-04:00,503.21224251554713,505.25396236597624,496.0014523688267,499.45745849609375,14593500,0.0,0.0
2025-04-21 00:00:00-04:00,489.34840447960073,491.50966603004946,477.8649073178194,482.705322265625,16166000,0.0,0.0
2025-04-22 00:00:00-04:00,489.8862436640875,504.8357168469179,484.3984562132767,498.2623291015625,17399400,0.0,0.0
2025-04-23 00:00:00-04:00,526.3984497963002,533.1809824042,514.4368768066369,518.1717529296875,18173900,0.0,0.0
2025-04-24 00:00:00-04:00,516.6378699664548,531.7467310045646,515.4128501808216,530.999755859375,13910000,0.0,0.0
2025-04-25 00:00:00-04:00,544.5946691393716,547.6423253119987,534.0872308807745,545.0628051757812,17098900,0.0,0.0
2025-04-28 00:00:00-04:00,553.3990561017924,556.2375374162976,538.409766598872,547.5228271484375,15179000,0.0,0.0
2025-04-29 00:00:00-04:00,543.7979549633997,554.3253329246786,541.9255322333729,552.2039184570312,11835000,0.0,0.0
2025-04-30 00:00:00-04:00,536.2286028212618,546.8854000110363,527.3644731031741,546.7858276367188,29244000,0.0,0.0
2025-05-01 00:00:00-04:00,589.6921415778174,590.558627980007,568.1991573093333,569.9022827148438,31159000,0.0,0.0
2025-05-02 00:00:00-04:00,581.1068141330562,601.9026058918658,575.9974995584959,594.6121215820312,24739300,0.0,0.0
2025-05-05 00:00:00-04:00,588.8355064073843,600.7772002962906,585.6783084359005,596.8530883789062,13887700,0.0,0.0
2025-05-06 00:00:00-04:00,590.140262710858,593.6261466616496,584.2142478367141,584.9412841796875,10600700,0.0,0.0
2025-05-07 00:00:00-04:00,587.9790163444538,600.6477471780503,584.3038959778277,594.4030151367188,13139100,0.0,0.0
2025-05-08 00:00:00-04:00,603.8447184228645,608.8345220578558,594.2137360230962,595.59814453125,14622800,0.0,0.0
2025-05-09 00:00:00-04:00,601.2850913628599,604.5219836999701,589.3235802814015,590.1004028320312,10427300,0.0,0.0
2025-05-12 00:00:00-04:00,628.3753866174048,637.8072242767122,618.5253206919152,636.85107421875,21965100,0.0,0.0
2025-05-13 00:00:00-04:00,642.9363519991007,658.2543254316694,640.2373210195778,653.3840942382812,18570800,0.0,0.0
2025-05-14 00:00:00-04:00,658.5432587283299,659.9973314154452,651.671063189936,656.70068359375,12348200,0.0,0.0
2025-05-15 00:00:00-04:00,651.6412216753015,654.6589696292252,636.0045299274248,641.2831420898438,14341800,0.0,0.0
2025-05-16 00:00:00-04:00,635.3869794893193,637.8569576148437,623.6246144224174,637.7573852539062,18519000,0.0,0.0
2025-05-19 00:00:00-04:00,625.7161170201866,640.4066267313649,625.2679198203533,637.8469848632812,9592400,0.0,0.0
2025-05-20 00:00:00-04:00,633.4449476478025,636.7714432087338,629.7100715967877,634.530517578125,6743500,0.0,0.0
2025-05-21 00:00:00-04:00,629.2418916838421,644.0021281038256,627.6284302053292,632.9369506835938,11464600,0.0,0.0
2025-05-22 00:00:00-04:00,631.4928293927045,640.655737445567,628.1663338378576,634.002685546875,8228400,0.0,0.0
2025-05-23 00:00:00-04:00,621.4833495575277,629.8992820739184,620.1388185495641,624.531005859375,8454100,0.0,0.0
2025-05-27 00:00:00-04:00,632.8472662118028,640.4863756807556,630.1980211513535,639.7294311523438,9508400,0.0,0.0
2025-05-28 00:00:00-04:00,640.0082861312126,648.2549209907568,639.958499945528,640.984375,9042900,0.0,0.0
2025-05-29 00:00:00-04:00,649.0218431897822,650.6850908623647,636.9208212538034,642.4484252929688,8858800,0.0,0.0
2025-05-30 00:00:00-04:00,639.9086148189429,646.79071807708,630.2278475213282,644.8784790039062,16241000,0.0,0.0
2025-06-02 00:00:00-04:00,641.7910631431,670.5446198991036,641.6615825955165,668.1941528320312,15766300,0.0,0.0
2025-06-03 00:00:00-04:00,668.7418838965556,672.8552314214975,662.3477944068411,664.160400390625,11585000,0.0,0.0
2025-06-04 00:00:00-04:00,666.6204881500277,686.2211069583093,665.8735130698844,685.1753540039062,14031900,0.0,0.0
2025-06-05 00:00:00-04:00,688.8704721449504,691.5795338523676,679.4984499163488,681.85888671875,13083100,0.0,0.0
2025-06-06 00:00:00-04:00,693.3621683649559,699.9754022986715,689.0795234172199,694.89599609375,11728000,0.0,0.0
2025-06-09 00:00:00-04:00,695.6430205968694,702.3458579741853,691.1412310298801,691.2607421875,12773200,0.0,0.0
2025-06-10 00:00:00-04:00,698.5213857937134,700.3938084952954,688.7708913806538,699.5671997070312,10850100,0.0,0.0
2025-06-11 00:00:00-04:00,700.871864292101,706.0110265671628,689.1991010267074,691.3404541015625,9582500,0.0,0.0
2025-06-12 00:00:00-04:00,690.5037209903252,692.5753488073583,684.2291427560363,690.5634765625,7322700,0.0,0.0
2025-06-13 00:00:00-04:00,685.175373097979,691.7686684593297,678.2633610655403,680.1158447265625,9274400,0.0,0.0
2025-06-16 00:00:00-04:00,697.0454302800655,704.839891030923,691.2444358848513,699.8262939453125,13720300,0.525,0.0
2025-06-17 00:00:00-04:00,699.7067073456836,703.6637089538638,693.7861096962511,694.9522705078125,10066100,0.0,0.0
2025-06-18 00:00:00-04:00,695.8991705300261,699.2980647722242,692.6299173050131,693.4970703125,10068300,0.0,0.0
2025-06-20 00:00:00-04:00,698.4607641474819,699.5272759324512,676.4528788689065,680.120849609375,22538600,0.0,0.0
2025-06-23 00:00:00-04:00,681.4564999402276,696.7663067524254,676.5326356722177,696.248046875,11080100,0.0,0.0
2025-06-24 00:00:00-04:00,702.5872352556954,710.8601081222891,699.8162879347926,709.8733520507812,13823200,0.0,0.0
2025-06-25 00:00:00-04:00,710.9897247556078,714.2390846812559,703.0756608117819,706.3648681640625,9320400,0.0,0.0
2025-06-26 00:00:00-04:00,712.0262960706955,725.84100327131,708.7271116959034,723.718017578125,13964800,0.0,0.0
2025-06-27 00:00:00-04:00,724.1465793868571,733.0274448848292,723.488701447296,731.2333374023438,18775700,0.0,0.0
2025-06-30 00:00:00-04:00,742.1177521024767,745.4568450948445,731.8514114766995,735.6788940429688,15402100,0.0,0.0
2025-07-01 00:00:00-04:00,734.4727647300622,735.3399177465482,713.0330238804761,716.8704223632812,13431200,0.0,0.0
2025-07-02 00:00:00-04:00,712.9932128907722,717.9469479430355,710.4714485666279,711.2389526367188,9336700,0.0,0.0
2025-07-03 00:00:00-04:00,724.2363423193813,726.6484806198991,712.0861613983789,716.6611938476562,8601700,0.0,0.0
2025-07-07 00:00:00-04:00,715.2556849998467,724.6250009558648,711.1790804792781,716.0032348632812,9457100,0.0,0.0
2025-07-08 00:00:00-04:00,719.2128191233631,720.5484076114845,712.4748926138262,718.3157348632812,7770700,0.0,0.0
2025-07-09 00:00:00-04:00,720.3589752323313,735.1206520424314,720.3589752323313,730.3861694335938,11418000,0.0,0.0
2025-07-10 00:00:00-04:00,729.1601755610233,733.3962917497249,717.2492014044612,724.8642578125,9913600,0.0,0.0
2025-07-11 00:00:00-04:00,720.1397657932962,722.791049443565,707.3815924903404,715.1660766601562,10873900,0.0,0.0
2025-07-14 00:00:00-04:00,715.2556580979717,725.6217068153527,714.2091004956787,718.5648193359375,8939400,0.0,0.0
2025-07-15 00:00:00-04:00,721.5352116480268,722.1032960553172,707.501190694441,708.0693359375,11529500,0.0,0.0
2025-07-16 00:00:00-04:00,711.0394977501286,711.6375132851348,696.985585155631,700.6136474609375,13067600,0.0,0.0
2025-07-17 00:00:00-04:00,702.0888975460598,703.5939743779064,694.8326508122145,699.1185913085938,11803300,0.0,0.0
2025-07-18 00:00:00-04:00,699.8960490076172,702.407835998619,689.3905035678976,701.979248046875,12779800,0.0,0.0
2025-07-21 00:00:00-04:00,704.4910420819451,714.657733300232,703.4544614129026,710.640869140625,9404400,0.0,0.0
2025-07-22 00:00:00-04:00,713.8503357336546,714.258969568067,699.1185901916039,702.5075073242188,8921100,0.0,0.0
2025-07-23 00:00:00-04:00,704.0623726003058,712.2953979460707,702.627074466955,711.2488403320312,8771600,0.0,0.0
2025-07-24 00:00:00-04:00,714.7075545657141,721.256099225235,711.6675303636672,712.4649047851562,10920800,0.0,0.0
2025-07-25 00:00:00-04:00,714.5779456568456,718.2958018452817,709.5743863825453,710.351806640625,8271700,0.0,0.0
2025-07-28 00:00:00-04:00,712.8635901780652,722.3724029167645,710.3518030699777,715.28564453125,8715700,0.0,0.0
2025-07-29 00:00:00-04:00,717.6478585379464,722.1032264585367,697.6234630507284,697.7131958007812,13267000,0.0,0.0
2025-07-30 00:00:00-04:00,705.7768321791035,706.1854660197899,688.9419939778502,692.9389038085938,27077300,0.0,0.0
2025-07-31 00:00:00-04:00,772.667590247117,782.1863801577031,763.0092430876867,770.913330078125,38831100,0.0,0.0
2025-08-01 00:00:00-04:00,758.2448880761048,763.4976919253356,742.8752779436865,747.5599365234375,19028700,0.0,0.0
2025-08-04 00:00:00-04:00,757.5172825632864,774.3122137700193,755.9324499017634,773.8338012695312,15801700,0.0,0.0
2025-08-05 00:00:00-04:00,773.9135588479829,780.571729784316,760.5074842133715,760.9660034179688,11640300,0.0,0.0
2025-08-06 00:00:00-04:00,767.4845283360178,771.1126516160077,757.9757159507556,769.468017578125,9733900,0.0,0.0
2025-08-07 00:00:00-04:00,770.963067577982,772.4681442766814,757.0686058784653,759.3411865234375,9019700,0.0,0.0
2025-08-08 00:00:00-04:00,760.2582747146965,767.3849416766147,756.101914160301,766.786865234375,7320800,0.0,0.0
2025-08-11 00:00:00-04:00,767.5643719861222,770.9333352985195,762.1720109386977,763.3681030273438,7612000,0.0,0.0
2025-08-12 00:00:00-04:00,770.4747258826147,791.077183084039,769.9065806861354,787.419189453125,14563100,0.0,0.0
2025-08-13 00:00:00-04:00,788.5654595317508,792.8613769942957,775.6876233736197,777.5316162109375,8811800,0.0,0.0
2025-08-14 00:00:00-04:00,775.3387743217048,785.2363270315518,769.986322264654,779.5748901367188,8116200,0.0,0.0
2025-08-15 00:00:00-04:00,781.5883668624648,793.6488143059948,778.269228256533,782.664794921875,13375400,0.0,0.0
2025-08-18 00:00:00-04:00,772.5579712024165,773.2755899130946,754.0884756033142,764.8631591796875,16513700,0.0,0.0
2025-08-19 00:00:00-04:00,764.6138835148547,764.6637080022275,746.9118940939144,749.0249633789062,12286700,0.0,0.0
2025-08-20 00:00:00-04:00,745.1278092436016,747.7492222984731,728.6119336256934,745.2772827148438,11898200,0.0,0.0
2025-08-21 00:00:00-04:00,742.2772053426181,743.0646026719377,730.7150636889187,736.6854858398438,8876300,0.0,0.0
2025-08-22 00:00:00-04:00,736.81505282597,754.4273720053774,731.9908982789533,752.32421875,10612700,0.0,0.0
2025-08-25 00:00:00-04:00,752.354165267511,756.40089964729,747.6794841015795,750.839111328125,6861200,0.0,0.0
2025-08-26 00:00:00-04:00,748.3472672479323,752.4039786334924,745.4966249237331,751.636474609375,7601800,0.0,0.0
2025-08-27 00:00:00-04:00,749.8424483929042,751.686441496835,740.4133903227499,744.9385375976562,8315400,0.0,0.0
2025-08-28 00:00:00-04:00,741.5694311787584,750.5898536247349,738.3798730710524,748.6561889648438,7468000,0.0,0.0
2025-08-29 00:00:00-04:00,742.8452639072395,744.6991728475456,732.9476508228346,736.2867431640625,9070500,0.0,0.0
2025-09-02 00:00:00-04:00,723.6681793458474,733.595664312695,719.3722615167949,732.7085571289062,9350900,0.0,0.0
2025-09-03 00:00:00-04:00,733.5955932459119,737.8317091036498,731.5921498947655,734.6421508789062,7699300,0.0,0.0
2025-09-04 00:00:00-04:00,746.1245900119145,758.6734271200463,743.3835736708148,746.204345703125,11439100,0.0,0.0
2025-09-05 00:00:00-04:00,750.1613709772337,755.4739762141257,742.5961997057085,749.991943359375,9663400,0.0,0.0
2025-09-08 00:00:00-04:00,753.5302710608411,764.0059463353695,749.5632925404257,749.8423461914062,13087800,0.0,0.0
2025-09-09 00:00:00-04:00,755.0154070864886,763.7966239723705,750.9686728075005,763.1986083984375,10999000,0.0,0.0
2025-09-10 00:00:00-04:00,762.6305038555339,763.1986490989516,748.5466583985636,749.5234375,12478300,0.0,0.0
2025-09-11 00:00:00-04:00,752.1847098305358,754.6266574243845,745.9251963321232,748.4469604492188,7923300,0.0,0.0
2025-09-12 00:00:00-04:00,746.2840072815898,755.095155276553,741.330272625368,753.1216430664062,8248600,0.0,0.0
2025-09-15 00:00:00-04:00,754.995481759339,771.5412896866574,749.5334031898147,762.201904296875,10533800,0.0,0.0
2025-09-16 00:00:00-04:00,764.4944012192615,778.8074760600178,762.6005837137456,776.4552001953125,11782500,0.0,0.0
2025-09-17 00:00:00-04:00,777.4419223006557,780.7311297077449,763.8066193659058,773.1858520507812,9400900,0.0,0.0
2025-09-18 00:00:00-04:00,778.1994163857863,786.2032128794,770.8335437165625,777.7010498046875,10955000,0.0,0.0
2025-09-19 00:00:00-04:00,783.8509325355676,788.2166289656076,766.6772383880447,775.8372192382812,23696800,0.0,0.0
2025-09-22 00:00:00-04:00,779.8218176027002,783.6917575585782,762.4868973227559,763.1751098632812,11706900,0.525,0.0
2025-09-23 00:00:00-04:00,767.254476840496,768.6009504341728,749.1216451610411,753.4404296875,10872600,0.0,0.0
2025-09-24 00:00:00-04:00,755.5349916265823,759.1356124217834,750.5779133776451,758.686767578125,8828200,0.0,0.0
2025-09-25 00:00:00-04:00,751.4954858581857,754.8068807440363,742.6185490172081,746.9672241210938,10591100,0.0,0.0
2025-09-26 00:00:00-04:00,748.0544659269957,749.9794521140951,735.4372562509625,741.8206787109375,9696300,0.0,0.0
2025-09-29 00:00:00-04:00,746.777703342028,748.8324179023273,737.2325826153279,741.4715576171875,9246800,0.0,0.0
2025-09-30 00:00:00-04:00,740.3245554260684,741.0426584785586,724.4159185837501,732.4749755859375,16226800,0.0,0.0
2025-10-01 00:00:00-04:00,719.6183236513255,719.9773751402398,708.357633728991,715.4791259765625,20419600,0.0,0.0
2025-10-02 00:00:00-04:00,720.7055653205383,725.8821043267139,716.2770807321521,725.1639404296875,11415300,0.0,0.0
2025-10-03 00:00:00-04:00,727.7372737109582,729.1037149276121,708.3377167266436,708.7167358398438,16154300,0.0,0.0
2025-10-06 00:00:00-04:00,703.3607165744016,715.0203947681905,688.718804278428,713.8035278320312,21654700,0.0,0.0
2025-10-07 00:00:00-04:00,715.8581417735932,716.636147605649,703.9192222306009,711.230224609375,12062900,0.0,0.0
2025-10-08 00:00:00-04:00,711.599278595462,717.7832075860277,705.9738944950672,715.9779052734375,10790600,0.0,0.0
2025-10-09 00:00:00-04:00,716.4167658258609,731.6072387695312,710.5918883665408,731.6072387695312,12717200,0.0,0.0
2025-10-10 00:00:00-04:00,729.0239332852144,733.3626856542741,702.6824691715568,703.4703979492188,16980100,0.0,0.0
2025-10-13 00:00:00-04:00,711.1603595995662,718.072374881022,705.8042950194317,713.8433837890625,9251800,0.0,0.0
2025-10-14 00:00:00-04:00,705.9439682909708,713.6937706407739,697.5158763660478,706.8117065429688,8829800,0.0,0.0
2025-10-15 00:00:00-04:00,715.1998794771447,722.0221626881838,707.6694770310874,715.6885986328125,10246800,0.0,0.0
2025-10-16 00:00:00-04:00,715.6886043056783,723.6080097298942,702.0540824517458,710.2228393554688,9017000,0.0,0.0
2025-10-17 00:00:00-04:00,705.2458014471516,716.6760344343375,704.2882698394852,715.0602416992188,12232400,0.0,0.0
2025-10-20 00:00:00-04:00,719.3191931642514,731.8665769499745,718.3118034233538,730.2706909179688,8900200,0.0,0.0
2025-10-21 00:00:00-04:00,734.110725168398,736.5842723709278,726.8595646449745,731.3678588867188,7647300,0.0,0.0
2025-10-22 00:00:00-04:00,731.9264006052239,738.6787972623451,722.1518348008319,731.5074462890625,8734500,0.0,0.0
2025-10-23 00:00:00-04:00,732.7941435868839,740.4841042897723,731.1982575844598,732.095947265625,9856000,0.0,0.0
2025-10-24 00:00:00-04:00,734.8786455644157,739.2872233202683,729.2533227506186,736.444580078125,9151300,0.0,0.0
2025-10-27 00:00:00-04:00,747.7851152228061,753.7895182960361,746.069606274355,748.872314453125,11321100,0.0,0.0
2025-10-28 00:00:00-04:00,750.6776381609803,756.4326899204912,743.5860965317024,749.49072265625,12193800,0.0,0.0
2025-10-29 00:00:00-04:00,752.7921200604676,757.1906533932021,740.5838813084906,749.7200927734375,26818600,0.0,0.0
2025-10-30 00:00:00-04:00,667.414190282622,679.1935516668058,648.4833846789722,664.7410888671875,88440100,0.0,0.0
2025-10-31 00:00:00-04:00,672.7602632515434,673.1392823636344,643.8953340746643,646.6680908203125,56953200,0.0,0.0
2025-11-03 00:00:00-05:00,654.298256711345,657.619635334369,634.5296648817072,636.0557250976562,33003600,0.0,0.0
2025-11-04 00:00:00-05:00,626.410791028598,640.0752642850032,624.3860886703497,625.6926879882812,27356600,0.0,0.0
2025-11-05 00:00:00-05:00,630.6697208898194,640.5639703518489,624.9146693781357,634.30029296875,20219900,0.0,0.0
2025-11-06 00:00:00-05:00,634.2005186436334,634.3501538797125,616.3968476378337,617.3344116210938,23628800,0.0,0.0
2025-11-07 00:00:00-05:00,614.8907386759073,620.5161224262619,599.640424749484,620.0972290039062,29946800,0.0,0.0
2025-11-10 00:00:00-05:00,629.4529708548182,633.3528014765299,616.5065997528014,630.1212158203125,19245000,0.0,0.0
2025-11-11 00:00:00-05:00,626.3709044869131,627.9268552540688,617.7832543081277,625.4533081054688,13302200,0.0,0.0
2025-11-12 00:00:00-05:00,626.5005716840028,627.3583261459861,606.1934022078184,607.43017578125,24493300,0.0,0.0
2025-11-13 00:00:00-05:00,611.4796659420805,616.0478021853295,601.4357808374693,608.3079223632812,20973800,0.0,0.0
2025-11-14 00:00:00-05:00,600.2288811530552,612.088052043071,593.6560102918138,607.8790283203125,20724100,0.0,0.0
2025-11-17 00:00:00-05:00,607.4600964135232,610.1032465254069,593.855525554584,600.4483642578125,16501300,0.0,0.0
2025-11-18 00:00:00-05:00,590.065358149623,602.0940719298206,582.2656968950795,596.1395874023438,25500600,0.0,0.0
2025-11-19 00:00:00-05:00,592.1797786556917,593.7856483585136,579.7421567881397,588.7886352539062,24744700,0.0,0.0
2025-11-20 00:00:00-05:00,601.9344542639864,605.1460720070379,581.8367012414765,587.6217041015625,20603000,0.0,0.0
2025-11-21 00:00:00-05:00,586.9734117815261,596.5684523172222,580.3506215479276,592.70849609375,21052600,0.0,0.0
2025-11-24 00:00:00-05:00,597.1668126146857,615.1002115339802,596.0796743085915,611.4596557617188,23554900,0.0,0.0
2025-11-25 00:00:00-05:00,622.3813086708644,635.3974440566444,616.696082618217,634.569580078125,25213000,0.0,0.0
2025-11-26 00:00:00-05:00,636.0358029520913,636.7040478933542,629.9915253276793,631.9663696289062,15209500,0.0,0.0
2025-11-28 00:00:00-05:00,634.4299618769652,646.3688812783262,633.8514494094911,646.2691650390625,11033200,0.0,0.0
2025-12-01 00:00:00-05:00,637.8909364271796,643.6459879981971,636.1056017671217,639.20751953125,13029900,0.0,0.0
2025-12-02 00:00:00-05:00,640.6737853801045,646.1894088056151,636.414842355605,645.42138671875,11640900,0.0,0.0
2025-12-03 00:00:00-05:00,642.7383773862279,647.1668624868771,635.8961867971512,637.9408569335938,11134300,0.0,0.0
2025-12-04 00:00:00-05:00,674.2463992276428,674.3461154685141,658.3377626918029,659.81396484375,29874600,0.0,0.0
2025-12-05 00:00:00-05:00,662.2775487290173,672.9398207362489,660.6717397649775,671.673095703125,21207900,0.0,0.0
2025-12-08 00:00:00-05:00,667.603701448277,674.9545781663558,663.344758713728,665.0702514648438,13161000,0.0,0.0
2025-12-09 00:00:00-05:00,662.0481300460407,662.7562492699393,651.6451938720459,655.2557983398438,12997100,0.0,0.0
2025-12-10 00:00:00-05:00,648.2639556943986,652.8121240146866,641.730959438269,648.4434814453125,16910900,0.0,0.0
2025-12-11 00:00:00-05:00,641.6212380225077,653.5801862453618,639.1377070000864,651.016845703125,13056700,0.0,0.0
2025-12-12 00:00:00-05:00,648.1143349664432,709.1555875928369,636.9533606253732,642.5587768554688,14016900,0.0,0.0
2025-12-15 00:00:00-05:00,644.5502809809109,651.8372704406642,637.5627451568915,646.3570556640625,15549100,0.525,0.0
2025-12-16 00:00:00-05:00,642.3541401459643,661.3602142938313,642.054686531657,655.9798583984375,14309100,0.0,0.0
2025-12-17 00:00:00-05:00,654.4426118233187,660.0526000253047,648.0440522221027,648.343505859375,15598500,0.0,0.0
2025-12-18 00:00:00-05:00,655.8601356908653,669.366012780715,655.2911433094866,663.2669067382812,20260300,0.0,0.0
2025-12-19 00:00:00-05:00,665.2333263832898,669.8051880946751,657.0080086354003,657.5969848632812,49977100,0.0,0.0
2025-12-22 00:00:00-05:00,660.4718397886508,672.380589007267,655.4807431709672,660.3220825195312,15659400,0.0,0.0
2025-12-23 00:00:00-05:00,658.8746741689592,664.8140915262984,657.0778915122911,663.7559814453125,8486800,0.0,0.0
2025-12-24 00:00:00-05:00,661.3503688947783,666.9902722948509,661.0209394131572,666.3613891601562,5627500,0.0,0.0
2025-12-26 00:00:00-05:00,666.8704124858896,667.7588423243637,660.1424238558649,662.10888671875,7133800,0.0,0.0
2025-12-29 00:00:00-05:00,656.8383689858442,659.0743707339258,653.2248195668056,657.5171508789062,8506500,0.0,0.0
2025-12-30 00:00:00-05:00,657.5171386037911,671.0230153954109,656.6686764849229,664.7642211914062,9187500,0.0,0.0
2025-12-31 00:00:00-05:00,663.5663484641349,663.8159033150052,658.2658058687088,658.9146728515625,7940400,0.0,0.0
2026-01-02 00:00:00-05:00,661.5499631466852,663.2070415689074,642.3542224297569,649.2518920898438,13726500,0.0,0.0
2026-01-05 00:00:00-05:00,649.8508280292294,663.3567049684374,646.5966230035071,657.616943359375,12213700,0.0,0.0
2026-01-06 00:00:00-05:00,658.3956073528642,664.3350252422523,650.7392812609531,659.4437255859375,11074400,0.0,0.0
2026-01-07 00:00:00-05:00,654.4726104611178,657.9763704555172,643.6618768302103,647.5349731445312,12846300,0.0,0.0
2026-01-08 00:00:00-05:00,644.7299347572825,645.9477331499952,634.5879917891143,644.9096069335938,11921700,0.0,0.0
2026-01-09 00:00:00-05:00,644.2906685217797,653.7837438291153,641.7052537227476,651.8970947265625,11634900,0.0,0.0
2026-01-12 00:00:00-05:00,651.3681600668523,652.8055375702352,640.0882316599212,640.826904296875,14797200,0.0,0.0
2026-01-13 00:00:00-05:00,641.1263941859123,641.1263941859123,622.9887038024194,629.96630859375,18030400,0.0,0.0
2026-01-14 00:00:00-05:00,625.3844405077801,627.3309804807691,613.7252454803604,614.4240112304688,15527900,0.0,0.0
2026-01-15 00:00:00-05:00,617.378703801015,623.0585745209008,613.1362714280776,619.694580078125,13076100,0.0,0.0
2026-01-16 00:00:00-05:00,623.0685636897582,627.9598630097294,618.9758886129073,619.1455688476562,17012500,0.0,0.0
2026-01-20 00:00:00-05:00,606.7976262932837,610.3113781504126,598.9316523845154,603.0443115234375,15169600,0.0,0.0
2026-01-21 00:00:00-05:00,605.659634898437,617.169133937088,599.0115204374271,611.8685913085938,14494700,0.0,0.0
2026-01-22 00:00:00-05:00,628.2293275614567,659.3937675491238,625.4343255489129,646.476806640625,21394700,0.0,0.0
2026-01-23 00:00:00-05:00,643.6219561683764,665.3032527677875,643.3025186421843,657.5870361328125,22797700,0.0,0.0
2026-01-26 00:00:00-05:00,663.9456740004919,674.0776252750454,660.1124846991261,671.1627807617188,16327400,0.0,0.0
2026-01-27 00:00:00-05:00,673.3888389297905,675.6148486525956,663.4764668627315,671.7716674804688,13297400,0.0,0.0
2026-01-28 00:00:00-05:00,673.2989910894674,676.4733214975852,664.9139236867763,667.5392456054688,25709600,0.0,0.0
2026-01-29 00:00:00-05:00,736.1169233837337,742.6752321400184,711.2812198864386,736.995361328125,59852900,0.0,0.0
2026-01-30 00:00:00-05:00,726.2045952530067,730.8662626744616,712.3193905555435,715.2241821289062,23744600,0.0,0.0
2026-02-02 00:00:00-05:00,713.3275184694113,720.0156002559207,702.2672920108814,705.152099609375,14365200,0.0,0.0
2026-02-03 00:00:00-05:00,706.1104025957663,715.7232596178901,685.1877035052055,690.4683227539062,13760700,0.0,0.0
2026-02-04 00:00:00-05:00,686.5053883494637,687.603466213174,666.2715231343633,667.7987670898438,16882800,0.0,0.0
2026-02-05 00:00:00-05:00,662.3984025060512,680.2864759062725,652.3363345630947,669.0166015625,17131800,0.0,0.0
2026-02-06 00:00:00-05:00,664.3050190645899,670.7934451675868,645.3488423980709,660.2822265625,18159300,0.0,0.0
2026-02-09 00:00:00-05:00,661.9991209626965,682.0932819515241,657.6069922476072,676.0140991210938,14837500,0.0,0.0
2026-02-10 00:00:00-05:00,676.3934502400131,679.4380681924739,668.597359057372,669.5256958007812,10455800,0.0,0.0
2026-02-11 00:00:00-05:00,672.7998711552045,678.0605068549233,655.9299390360635,667.4993286132812,14323800,0.0,0.0
2026-02-12 00:00:00-05:00,668.7770306530766,674.7963229561075,644.1310518439949,648.6529541015625,14960100,0.0,0.0
2026-02-13 00:00:00-05:00,643.9513250294082,650.2700710327099,633.4401061931457,638.630859375,12336400,0.0,0.0
2026-02-17 00:00:00-05:00,638.3612593202278,641.4557148619026,627.6803003409905,638.151611328125,12674700,0.0,0.0
2026-02-18 00:00:00-05:00,632.67143641335,643.8515057528024,627.0315334227189,642.0746459960938,14649200,0.0,0.0
2026-02-19 00:00:00-05:00,637.432932921519,646.0375787806976,635.5861905818066,643.6318969726562,10035700,0.0,0.0
2026-02-20 00:00:00-05:00,638.5509584025834,662.1688021543367,637.6426055733327,654.4924926757812,14183500,0.0,0.0
2026-02-23 00:00:00-05:00,651.3780476889771,656.5288937722072,634.8675211939732,636.1152954101562,8605900,0.0,0.0
2026-02-24 00:00:00-05:00,631.9527259539814,639.9683956881865,627.8599900449855,638.16162109375,10135600,0.0,0.0
2026-02-25 00:00:00-05:00,641.3859599741169,652.7157261405878,640.9966397738364,652.5260620117188,11330700,0.0,0.0
2026-02-26 00:00:00-05:00,649.3916295582877,659.823034651462,646.3470725216666,655.8401489257812,10637700,0.0,0.0
2026-02-27 00:00:00-05:00,642.3043203814821,648.2836451675449,636.983793627941,647.02587890625,15703000,0.0,0.0
2026-03-02 00:00:00-05:00,636.0254184162494,658.764884603327,633.3701817354564,652.396240234375,9816100,0.0,0.0
2026-03-03 00:00:00-05:00,647.1356255764312,657.866484005116,637.7025010942567,653.91357421875,12263800,0.0,0.0
2026-03-04 00:00:00-05:00,656.788453587829,671.5720803574089,656.4989309709863,666.541015625,10810100,0.0,0.0
2026-03-05 00:00:00-05:00,660.751362594833,669.5057662619517,649.1520579976961,659.393798828125,13341400,0.0,0.0
2026-03-06 00:00:00-05:00,646.7463568472266,648.3135076492586,634.9773114336934,643.7117309570312,13159400,0.0,0.0
2026-03-09 00:00:00-04:00,633.6497720389343,646.596649067328,625.6640164348609,646.2373046875,13489700,0.0,0.0
2026-03-10 00:00:00-04:00,652.3962328583322,659.1242214972237,647.8443550809549,652.9053344726562,9859300,0.0,0.0
2026-03-11 00:00:00-04:00,653.5941111270305,657.9463328691638,647.2054829186618,653.6939086914062,8977200,0.0,0.0
2026-03-12 00:00:00-04:00,647.5948263527883,652.336368433984,635.7659510050273,637.0436401367188,11617500,0.0,0.0
2026-03-13 00:00:00-04:00,622.7790526456299,628.0496188589474,608.4645611002024,612.6171875,18957600,0.0,0.0
2026-03-16 00:00:00-04:00,631.4147932406764,634.1622468505053,622.5230098937741,626.8690185546875,15134900,0.525,0.0
2026-03-17 00:00:00-04:00,627.4085169382369,635.9605885584036,621.1243629754691,622.0834350585938,10348800,0.0,0.0
2026-03-18 00:00:00-04:00,615.769347359454,622.0735023862151,614.04090772979,615.1099243164062,11726300,0.0,0.0
2026-03-19 00:00:00-04:00,611.5832104537112,612.4323990135786,601.7023533616688,606.1382446289062,13247700,0.0,0.0
2026-03-20 00:00:00-04:00,602.9712077810872,603.400802317344,586.7062525156723,593.1102905273438,21214900,0.0,0.0
2026-03-23 00:00:00-04:00,605.2290499891692,608.0764476338709,598.4553596033379,603.5006713867188,13638000,0.0,0.0
2026-03-24 00:00:00-04:00,598.5452420228083,600.443507118967,590.4527665679026,592.3709716796875,10739700,0.0,0.0
2026-03-25 00:00:00-04:00,598.1855830392399,603.1110107561809,592.850561795072,594.3391723632812,12585000,0.0,0.0
2026-03-26 00:00:00-04:00,581.9506076701073,582.460145169462,542.8468364624507,547.032958984375,35780100,0.0,0.0
2026-03-27 00:00:00-04:00,539.599843303006,543.0966023049141,519.7782492802263,525.233154296875,30133000,0.0,0.0
2026-03-30 00:00:00-04:00,535.8833618164062,539.0504095872608,528.0505941707193,535.8833618164062,22795200,0.0,0.0
2026-03-31 00:00:00-04:00,549.4707059552647,573.1587727471259,546.2637174010383,571.6002197265625,32898300,0.0,0.0
2026-04-01 00:00:00-04:00,579.5928556215499,592.0013387220274,573.2887005646345,578.6936645507812,23608100,0.0,0.0
2026-04-02 00:00:00-04:00,565.5158531822124,577.9643377947169,559.1817578546791,573.9281005859375,13518500,0.0,0.0
2026-04-06 00:00:00-04:00,577.1550997330287,582.2503530791108,571.4703658572956,572.4894409179688,9515700,0.0,0.0
2026-04-07 00:00:00-04:00,571.9498894780604,574.6973431004155,564.2370671243236,574.5175170898438,9580800,0.0,0.0
2026-04-08 00:00:00-04:00,605.4388670235439,629.3667024291958,591.2820049792073,611.8529052734375,32036600,0.0,0.0
2026-04-09 00:00:00-04:00,626.3894374266143,636.9097166035551,622.4231426572783,627.8081665039062,19012900,0.0,0.0
2026-04-10 00:00:00-04:00,633.882449891805,637.9886903650855,623.7518859014353,629.2767333984375,13294800,0.0,0.0
2026-04-13 00:00:00-04:00,628.9171329935918,634.4120404303904,623.8218795800174,633.9425048828125,9538900,0.0,0.0
2026-04-14 00:00:00-04:00,642.624350345733,665.6430543798978,638.7779398291946,661.8765258789062,17818000,0.0,0.0
2026-04-15 00:00:00-04:00,666.3824145357423,677.8717665104965,663.6049593103575,670.9581909179688,14952600,0.0,0.0
2026-04-16 00:00:00-04:00,675.3640350842893,676.9525896021297,667.131674939706,676.2432250976562,9544800,0.0,0.0
2026-04-17 00:00:00-04:00,677.9716157075654,690.8796961433965,674.5048580761284,687.9124145507812,16283500,0.0,0.0
2026-04-20 00:00:00-04:00,680.7290935491282,682.7472426832454,667.381478611767,670.2887573242188,12534000,0.0,0.0
2026-04-21 00:00:00-04:00,670.3786762058809,675.5738733736962,666.7120915784461,668.220703125,8660100,0.0,0.0
2026-04-22 00:00:00-04:00,673.7355628200382,677.7518600207422,669.1298460769134,674.09521484375,9215600,0.0,0.0
2026-04-23 00:00:00-04:00,663.0854475032797,668.9400066983026,652.4452846667049,658.5396728515625,11667000,0.0,0.0
2026-04-24 00:00:00-04:00,659.7085674039201,680.0396994180859,653.2345872360809,674.4049682617188,13348300,0.0,0.0
2026-04-27 00:00:00-04:00,670.3786986745525,681.8680504402118,670.2188736545023,677.9916381835938,12805200,0.0,0.0
2026-04-28 00:00:00-04:00,673.6156618787633,677.5520159823654,665.0136491453696,670.7183837890625,10606800,0.0,0.0
2026-04-29 00:00:00-04:00,668.290599742094,673.6256820299297,663.1953464496755,668.5004272460938,18947500,0.0,0.0
2026-04-30 00:00:00-04:00,618.7465567527638,620.2751083620838,599.4444385151393,611.3433837890625,52765000,0.0,0.0
2026-05-01 00:00:00-04:00,614.120842749119,618.3069655430758,605.548770151405,608.1863403320312,21404000,0.0,0.0
2026-05-04 00:00:00-04:00,607.3771038685389,613.4314904063681,602.1919069095087,609.8447875976562,16203900,0.0,0.0
2026-05-05 00:00:00-04:00,612.7420849871345,613.7811000159977,599.8040642277598,604.3998413085938,17171300,0.0,0.0
2026-05-06 00:00:00-04:00,600.4934370812971,619.3759607512419,597.5461564796674,612.3125,19915500,0.0,0.0
2026-05-07 00:00:00-04:00,614.150739078972,624.4012480600104,612.9718390781961,616.2388305664062,12307400,0.0,0.0
2026-05-08 00:00:00-04:00,614.6303402495529,616.1988937552933,605.4987892063378,609.0654907226562,13557000,0.0,0.0
2026-05-11 00:00:00-04:00,604.010215830275,604.3498668649182,597.5262348938886,598.3054809570312,15940600,0.0,0.0
2026-05-12 00:00:00-04:00,594.2692320029287,603.1909559259367,592.0512559095129,602.441650390625,11351600,0.0,0.0
2026-05-13 00:00:00-04:00,598.275515544453,619.3260125714435,596.1074810052941,616.0590209960938,14634400,0.0,0.0
2026-05-14 00:00:00-04:00,615.429618202359,623.152441138389,614.4305441468357,617.8573608398438,10651200,0.0,0.0
2026-05-15 00:00:00-04:00,613.421486859321,620.6248329546977,608.7458274653094,613.6612548828125,13272600,0.0,0.0
2026-05-18 00:00:00-04:00,608.5459509764945,615.0199919776213,603.1309869574205,610.64404296875,13772400,0.0,0.0
2026-05-19 00:00:00-04:00,608.3561568042173,613.361527578881,599.9939118379299,602.052001953125,11749900,0.0,0.0
2026-05-20 00:00:00-04:00,600.2037495434126,607.4370360716302,597.2564688338498,604.499755859375,11329700,0.0,0.0
2026-05-21 00:00:00-04:00,599.4443949814065,609.0354809096541,594.2591985256718,606.8175659179688,13476100,0.0,0.0
2026-05-22 00:00:00-04:00,607.3171451453314,614.2407210713809,606.3880135859368,609.6949462890625,11688600,0.0,0.0
2026-05-26 00:00:00-04:00,608.3261927003538,613.9009818092591,604.7394901495815,611.7730102539062,12234200,0.0,0.0
2026-05-27 00:00:00-04:00,608.8357727220844,637.908804248614,608.4361186960156,634.6718139648438,23143600,0.0,0.0
2026-05-28 00:00:00-04:00,638.9078448274123,642.4046039468743,628.7272779804616,634.7017211914062,16772400,0.0,0.0
2026-05-29 00:00:00-04:00,632.9133899267435,633.9124639439917,622.7727642602187,631.92431640625,19806500,0.0,0.0
2026-06-01 00:00:00-04:00,629.8162791560948,635.1613007084701,598.974869401479,599.9139404296875,29138800,0.0,0.0
2026-06-02 00:00:00-04:00,602.68138962268,608.3161816139932,596.1274666259658,597.0765991210938,18252000,0.0,0.0
2026-06-03 00:00:00-04:00,602.4416570391962,623.5720977596394,599.7142043737263,622.4031372070312,23020100,0.0,0.0
2026-06-04 00:00:00-04:00,623.0924785224576,641.8051764288737,621.8536364911718,626.9888916015625,21469200,0.0,0.0
2026-06-05 00:00:00-04:00,622.8827460758752,628.567480013855,582.3702434655938,592.450927734375,30091600,0.0,0.0
2026-06-08 00:00:00-04:00,591.4518261333767,591.4518261333767,578.6836307521693,584.8479614257812,19512400,0.0,0.0
2026-06-09 00:00:00-04:00,590.4527436689563,597.0766092757164,580.4720040020986,584.0487060546875,16977400,0.0,0.0
2026-06-10 00:00:00-04:00,580.192266144374,590.7724873942649,570.0716409197756,570.4512939453125,17064000,0.0,0.0
2026-06-11 00:00:00-04:00,565.3060574843756,571.6401524850257,556.4942175026772,567.9036254882812,17628000,0.0,0.0
2026-06-12 00:00:00-04:00,572.4194595335534,575.5365655300229,560.3806300495169,566.4549560546875,14326400,0.0,0.0
2026-06-15 00:00:00-04:00,579.9000244140625,601.27001953125,579.2999877929688,593.47998046875,17653300,0.525,0.0
2026-06-16 00:00:00-04:00,593.6500244140625,605.8099975585938,592.0,600.2100219726562,11344400,0.0,0.0
2026-06-17 00:00:00-04:00,592.0,593.8099975585938,566.1900024414062,567.5800170898438,20478300,0.0,0.0
2026-06-18 00:00:00-04:00,572.8200073242188,580.219970703125,563.0999755859375,577.219970703125,28824600,0.0,0.0
2026-06-22 00:00:00-04:00,572.02001953125,575.8099975585938,559.8099975585938,563.8499755859375,15405500,0.0,0.0
2026-06-23 00:00:00-04:00,562.25,572.2000122070312,561.02001953125,562.2000122070312,13103300,0.0,0.0
2026-06-24 00:00:00-04:00,561.8900146484375,569.0399780273438,555.5499877929688,557.6699829101562,13963600,0.0,0.0
2026-06-25 00:00:00-04:00,555.5499877929688,556.3400268554688,540.1799926757812,542.8699951171875,16968600,0.0,0.0
2026-06-26 00:00:00-04:00,543.3400268554688,556.8499755859375,540.4000244140625,550.25,18867700,0.0,0.0
2026-06-29 00:00:00-04:00,560.0,570.9000244140625,558.0,562.5999755859375,15011400,0.0,0.0
2026-06-30 00:00:00-04:00,560.9400024414062,565.5399780273438,551.4299926757812,563.2899780273438,18111100,0.0,0.0
2026-07-01 00:00:00-04:00,607.9099731445312,628.280029296875,595.0999755859375,612.9099731445312,45536300,0.0,0.0
2026-07-02 00:00:00-04:00,607.9000244140625,610.0,580.4199829101562,582.9000244140625,21705900,0.0,0.0
2026-07-06 00:00:00-04:00,594.8400268554688,603.5800170898438,581.760009765625,600.2899780273438,17674100,0.0,0.0
2026-07-07 00:00:00-04:00,607.5900268554688,625.3699951171875,603.6599731445312,615.5800170898438,18560800,0.0,0.0
2026-07-08 00:00:00-04:00,614.3900146484375,616.0,598.010009765625,603.1199951171875,13606500,0.0,0.0
2026-07-09 00:00:00-04:00,583.989990234375,633.27001953125,577.0700073242188,631.47998046875,26579700,0.0,0.0
2026-07-10 00:00:00-04:00,660.3400268554688,677.8599853515625,658.010009765625,669.2100219726562,40608900,0.0,0.0
2026-07-13 00:00:00-04:00,661.3800048828125,676.6199951171875,654.2000122070312,656.72998046875,19840700,0.0,0.0
2026-07-14 00:00:00-04:00,652.0,666.5,649.0499877929688,661.0399780273438,16748200,0.0,0.0
2026-07-15 00:00:00-04:00,663.5999755859375,686.0800170898438,656.6599731445312,681.3099975585938,19003400,0.0,0.0
2026-07-16 00:00:00-04:00,677.280029296875,681.9000244140625,660.1599731445312,664.5399780273438,15816000,0.0,0.0
2026-07-17 00:00:00-04:00,647.7000122070312,652.2000122070312,626.0,646.010009765625,22267900,0.0,0.0
2026-07-20 00:00:00-04:00,646.7000122070312,653.2999877929688,636.010009765625,645.8499755859375,10225200,0.0,0.0
2026-07-21 00:00:00-04:00,654.1799926757812,655.8800048828125,643.2000122070312,643.8099975585938,9140500,0.0,0.0
2026-07-22 00:00:00-04:00,647.7000122070312,649.0,624.0,627.1699829101562,11019600,0.0,0.0
2026-07-23 00:00:00-04:00,608.4099731445312,614.6500244140625,597.219970703125,606.0999755859375,15494800,0.0,0.0
2026-07-24 00:00:00-04:00,605.2999877929688,609.97998046875,594.4500122070312,595.1900024414062,11503500,0.0,0.0
2026-07-27 00:00:00-04:00,607.219970703125,611.260009765625,593.1300048828125,593.8699951171875,11195300,0.0,0.0
2026-07-28 00:00:00-04:00,596.8200073242188,601.0,587.0,593.4099731445312,12009300,0.0,0.0
2026-07-29 00:00:00-04:00,593.25,599.969970703125,582.219970703125,585.6099853515625,22371100,0.0,0.0
2026-07-30 00:00:00-04:00,526.0,539.8800048828125,524.489990234375,539.030029296875,42271500,0.0,0.0
2026-07-31 00:00:00-04:00,543.5999755859375,558.3300170898438,540.219970703125,556.7100219726562,24261500,0.0,0.0
2026-08-03 00:00:00-04:00,562.239990234375,597.52001953125,559.3599853515625,590.239990234375,25938100,0.0,0.0
2026-08-04 00:00:00-04:00,581.5,592.7899780273438,578.25,587.9400024414062,17959200,0.0,0.0
2026-08-05 00:00:00-04:00,600.4600219726562,601.0,580.1199951171875,588.77001953125,14897200,0.0,0.0
2026-08-06 00:00:00-04:00,586.9500122070312,595.3099975585938,586.0,589.9000244140625,11811500,0.0,0.0
2026-08-07 00:00:00-04:00,585.6400146484375,598.739990234375,585.6199951171875,592.0999755859375,11250300,0.0,0.0
2026-08-10 00:00:00-04:00,599.1300048828125,608.2100219726562,592.030029296875,594.9199829101562,14967300,0.0,0.0
2026-08-11 00:00:00-04:00,598.0,612.4299926757812,593.4000244140625,599.1199951171875,13146900,0.0,0.0
2026-08-12 00:00:00-04:00,601.0700073242188,604.5,578.2100219726562,578.8499755859375,16186900,0.0,0.0
2026-08-13 00:00:00-04:00,580.7100219726562,595.8499755859375,579.3900146484375,594.969970703125,11164200,0.0,0.0
2026-08-14 00:00:00-04:00,596.97998046875,601.8599853515625,589.2899780273438,589.8499755859375,8758000,0.0,0.0
2026-08-17 00:00:00-04:00,589.75,590.239990234375,564.75,568.969970703125,17225600,0.0,0.0
2026-08-18 00:00:00-04:00,557.47998046875,560.6599731445312,543.2100219726562,543.6699829101562,27094900,0.0,0.0
2026-08-19 00:00:00-04:00,541.3400268554688,554.0700073242188,537.27001953125,546.030029296875,16971700,0.0,0.0
2026-08-20 00:00:00-04:00,546.9500122070312,549.989990234375,539.3099975585938,545.8300170898438,13872200,0.0,0.0
2026-08-21 00:00:00-04:00,546.8900146484375,553.8699951171875,543.22998046875,549.9000244140625,13848000,0.0,0.0
2026-08-24 00:00:00-04:00,550.2000122070312,561.4199829101562,546.2999877929688,559.02001953125,12990600,0.0,0.0
2026-08-25 00:00:00-04:00,563.8800048828125,570.7999877929688,561.4000244140625,570.0499877929688,9769100,0.0,0.0
2026-08-26 00:00:00-04:00,590.3099975585938,593.3400268554688,561.8800048828125,576.1400146484375,31416300,0.0,0.0
2026-08-27 00:00:00-04:00,576.47998046875,588.3900146484375,567.6199951171875,571.0999755859375,15221400,0.0,0.0
2026-08-28 00:00:00-04:00,571.5499877929688,589.1900024414062,571.0,578.02001953125,16042400,0.0,0.0
2026-08-31 00:00:00-04:00,577.6300048828125,578.6799926757812,569.1400146484375,572.3400268554688,13383800,0.0,0.0
2026-09-01 00:00:00-04:00,558.3499755859375,584.9500122070312,556.0999755859375,578.5399780273438,15796900,0.0,0.0
2026-09-02 00:00:00-04:00,578.7899780273438,600.3800048828125,577.0,592.8499755859375,16552700,0.0,0.0
2026-09-03 00:00:00-04:00,604.489990234375,619.4600219726562,604.3499755859375,610.6799926757812,19737100,0.0,0.0
2026-09-04 00:00:00-04:00,612.3499755859375,617.4600219726562,605.27001953125,616.77001953125,15966200,0.0,0.0
2026-09-08 00:00:00-04:00,616.2100219726562,624.7999877929688,609.739990234375,613.47998046875,18909700,0.0,0.0
2026-09-09 00:00:00-04:00,648.6400146484375,657.8599853515625,638.5599975585938,653.6900024414062,35900700,0.0,0.0
2026-09-10 00:00:00-04:00,653.7100219726562,663.5,642.1400146484375,644.3800048828125,21531900,0.0,0.0
2026-09-11 00:00:00-04:00,653.510009765625,664.239990234375,646.2000122070312,648.030029296875,16925000,0.0,0.0
2026-09-14 00:00:00-04:00,657.8300170898438,668.5999755859375,649.219970703125,665.5999755859375,19332300,0.0,0.0
2026-09-15 00:00:00-04:00,659.2999877929688,678.8699951171875,656.2000122070312,670.239990234375,19502800,0.0,0.0
2026-09-16 00:00:00-04:00,679.9099731445312,685.3099975585938,671.9099731445312,673.3099975585938,17217800,0.0,0.0
2026-09-17 00:00:00-04:00,682.4400024414062,683.2000122070312,667.0499877929688,682.3099975585938,15928000,0.0,0.0
2026-09-18 00:00:00-04:00,688.6199951171875,690.1500244140625,660.7999877929688,665.75,27548000,0.0,0.0
