Date,Open,High,Low,Close,Volume,Dividends,Stock Splits,Capital Gains
2021-09-20 00:00:00+02:00,46.89500045776367,46.89500045776367,46.35499954223633,46.38999938964844,1722,0.0,0.0,0.0
2021-09-21 00:00:00+02:00,46.400001525878906,46.76499938964844,46.279998779296875,46.76499938964844,4748,0.0,0.0,0.0
2021-09-22 00:00:00+02:00,46.779998779296875,46.779998779296875,46.20500183105469,46.38999938964844,5402,0.0,0.0,0.0
2021-09-23 00:00:00+02:00,46.685001373291016,46.849998474121094,46.64500045776367,46.66999816894531,9423,0.0,0.0,0.0
2021-09-24 00:00:00+02:00,46.96500015258789,46.9900016784668,46.375,46.375,818,0.0,0.0,0.0
2021-09-27 00:00:00+02:00,46.40999984741211,46.51499938964844,45.76499938964844,45.96500015258789,7086,0.0,0.0,0.0
2021-09-28 00:00:00+02:00,45.84000015258789,45.84000015258789,44.7599983215332,44.849998474121094,11483,0.0,0.0,0.0
2021-09-29 00:00:00+02:00,44.974998474121094,45.19499969482422,44.83000183105469,44.83000183105469,7388,0.0,0.0,0.0
2021-09-30 00:00:00+02:00,45.349998474121094,45.349998474121094,45.0,45.2400016784668,2949,0.0,0.0,0.0
2021-10-01 00:00:00+02:00,44.654998779296875,44.93000030517578,43.224998474121094,43.84000015258789,20493,0.0,0.0,0.0
2021-10-04 00:00:00+02:00,43.869998931884766,43.869998931884766,43.029998779296875,43.095001220703125,2701,0.0,0.0,0.0
2021-10-05 00:00:00+02:00,43.279998779296875,43.6349983215332,43.23500061035156,43.474998474121094,4698,0.0,0.0,0.0
2021-10-06 00:00:00+02:00,43.125,43.349998474121094,42.86000061035156,43.16999816894531,15160,0.0,0.0,0.0
2021-10-07 00:00:00+02:00,43.1349983215332,43.709999084472656,43.01499938964844,43.65999984741211,7204,0.0,0.0,0.0
2021-10-08 00:00:00+02:00,43.61000061035156,43.61000061035156,43.150001525878906,43.150001525878906,5890,0.0,0.0,0.0
2021-10-11 00:00:00+02:00,42.98500061035156,43.6150016784668,42.95000076293945,43.6150016784668,1939,0.0,0.0,0.0
2021-10-12 00:00:00+02:00,42.85499954223633,43.46500015258789,42.85499954223633,43.400001525878906,3245,0.0,0.0,0.0
2021-10-13 00:00:00+02:00,43.20500183105469,43.42499923706055,43.17499923706055,43.32500076293945,4503,0.0,0.0,0.0
2021-10-14 00:00:00+02:00,43.599998474121094,44.005001068115234,43.459999084472656,44.005001068115234,3546,0.0,0.0,0.0
2021-10-15 00:00:00+02:00,43.974998474121094,44.17499923706055,43.810001373291016,43.810001373291016,4315,0.0,0.0,0.0
2021-10-18 00:00:00+02:00,43.51499938964844,43.51499938964844,43.0099983215332,43.01499938964844,2648,0.0,0.0,0.0
2021-10-19 00:00:00+02:00,42.93000030517578,43.34000015258789,42.869998931884766,43.34000015258789,2469,0.0,0.0,0.0
2021-10-20 00:00:00+02:00,43.26499938964844,43.435001373291016,43.26499938964844,43.435001373291016,10453,0.0,0.0,0.0
2021-10-21 00:00:00+02:00,43.23500061035156,43.55500030517578,43.19499969482422,43.459999084472656,2001,0.0,0.0,0.0
2021-10-22 00:00:00+02:00,43.65999984741211,43.724998474121094,43.01499938964844,43.01499938964844,5220,0.0,0.0,0.0
2021-10-25 00:00:00+02:00,43.30500030517578,43.790000915527344,43.30500030517578,43.724998474121094,4598,0.0,0.0,0.0
2021-10-26 00:00:00+02:00,44.1150016784668,44.36000061035156,43.96500015258789,44.15999984741211,2489,0.0,0.0,0.0
2021-10-27 00:00:00+02:00,44.084999084472656,44.084999084472656,43.46500015258789,43.474998474121094,5092,0.0,0.0,0.0
2021-10-28 00:00:00+02:00,43.375,43.6349983215332,43.34000015258789,43.505001068115234,3372,0.0,0.0,0.0
2021-10-29 00:00:00+02:00,43.724998474121094,44.125,43.650001525878906,44.125,1345,0.0,0.0,0.0
2021-11-01 00:00:00+01:00,44.290000915527344,44.599998474121094,44.0099983215332,44.584999084472656,10142,0.0,0.0,0.0
2021-11-02 00:00:00+01:00,44.64500045776367,44.86000061035156,44.64500045776367,44.84000015258789,2846,0.0,0.0,0.0
2021-11-03 00:00:00+01:00,45.33000183105469,45.52000045776367,45.07500076293945,45.375,5884,0.0,0.0,0.0
2021-11-04 00:00:00+01:00,46.060001373291016,46.15999984741211,44.845001220703125,44.90999984741211,13396,0.0,0.0,0.0
2021-11-05 00:00:00+01:00,45.310001373291016,45.400001525878906,43.79999923706055,43.79999923706055,10518,0.0,0.0,0.0
2021-11-08 00:00:00+01:00,44.29999923706055,44.29999923706055,43.84000015258789,43.84000015258789,2134,0.0,0.0,0.0
2021-11-09 00:00:00+01:00,43.875,44.02000045776367,43.55500030517578,43.63999938964844,8510,0.0,0.0,0.0
2021-11-10 00:00:00+01:00,43.59000015258789,43.880001068115234,43.15999984741211,43.875,8923,0.0,0.0,0.0
2021-11-11 00:00:00+01:00,43.38999938964844,43.4900016784668,42.98500061035156,43.165000915527344,7859,0.0,0.0,0.0
2021-11-12 00:00:00+01:00,43.375,43.42499923706055,43.0,43.119998931884766,3920,0.0,0.0,0.0
2021-11-15 00:00:00+01:00,43.415000915527344,43.57500076293945,43.290000915527344,43.43000030517578,20285,0.0,0.0,0.0
2021-11-16 00:00:00+01:00,43.61000061035156,43.625,43.349998474121094,43.39500045776367,4508,0.0,0.0,0.0
2021-11-17 00:00:00+01:00,43.380001068115234,43.75,43.380001068115234,43.619998931884766,9489,0.0,0.0,0.0
2021-11-18 00:00:00+01:00,43.70000076293945,43.775001525878906,43.13999938964844,43.275001525878906,8580,0.0,0.0,0.0
2021-11-19 00:00:00+01:00,43.58000183105469,43.654998779296875,43.415000915527344,43.619998931884766,5381,0.0,0.0,0.0
2021-11-22 00:00:00+01:00,44.095001220703125,44.095001220703125,43.439998626708984,43.95500183105469,9297,0.0,0.0,0.0
2021-11-23 00:00:00+01:00,43.52000045776367,43.584999084472656,42.685001373291016,43.029998779296875,1693,0.0,0.0,0.0
2021-11-24 00:00:00+01:00,43.40999984741211,43.59000015258789,43.10499954223633,43.59000015258789,9055,0.0,0.0,0.0
2021-11-25 00:00:00+01:00,43.915000915527344,43.915000915527344,43.73500061035156,43.814998626708984,2086,0.0,0.0,0.0
2021-11-26 00:00:00+01:00,44.29999923706055,44.29999923706055,42.150001525878906,43.72999954223633,8533,0.0,0.0,0.0
2021-11-29 00:00:00+01:00,44.29499816894531,44.61000061035156,44.040000915527344,44.07500076293945,7101,0.0,0.0,0.0
2021-11-30 00:00:00+01:00,43.720001220703125,43.720001220703125,43.0099983215332,43.0099983215332,1197,0.0,0.0,0.0
2021-12-01 00:00:00+01:00,43.79499816894531,43.79499816894531,43.0,43.404998779296875,15019,0.0,0.0,0.0
2021-12-02 00:00:00+01:00,42.810001373291016,42.810001373291016,42.029998779296875,42.14500045776367,20381,0.0,0.0,0.0
2021-12-03 00:00:00+01:00,42.834999084472656,42.900001525878906,41.755001068115234,41.85499954223633,11143,0.0,0.0,0.0
2021-12-06 00:00:00+01:00,41.959999084472656,41.959999084472656,40.70500183105469,40.72999954223633,11071,0.0,0.0,0.0
2021-12-07 00:00:00+01:00,41.34000015258789,42.630001068115234,41.34000015258789,42.630001068115234,26529,0.0,0.0,0.0
2021-12-08 00:00:00+01:00,42.57500076293945,42.70500183105469,42.18000030517578,42.619998931884766,8706,0.0,0.0,0.0
2021-12-09 00:00:00+01:00,42.875,43.005001068115234,42.7400016784668,42.869998931884766,8285,0.0,0.0,0.0
2021-12-10 00:00:00+01:00,42.224998474121094,42.400001525878906,41.38999938964844,41.53499984741211,15479,0.0,0.0,0.0
2021-12-13 00:00:00+01:00,42.06999969482422,42.06999969482422,41.779998779296875,41.779998779296875,3793,0.0,0.0,0.0
2021-12-14 00:00:00+01:00,42.42499923706055,42.42499923706055,41.45000076293945,41.970001220703125,3764,0.0,0.0,0.0
2021-12-15 00:00:00+01:00,42.36000061035156,42.36000061035156,41.83000183105469,41.970001220703125,6662,0.0,0.0,0.0
2021-12-16 00:00:00+01:00,43.1150016784668,43.34000015258789,42.92499923706055,42.92499923706055,1452,0.0,0.0,0.0
2021-12-17 00:00:00+01:00,42.79499816894531,43.29499816894531,42.13999938964844,43.29499816894531,852,0.0,0.0,0.0
2021-12-20 00:00:00+01:00,43.38999938964844,43.834999084472656,43.154998779296875,43.154998779296875,10019,0.0,0.0,0.0
2021-12-21 00:00:00+01:00,43.51499938964844,43.64500045776367,43.11000061035156,43.38999938964844,11178,0.0,0.0,0.0
2021-12-22 00:00:00+01:00,43.54999923706055,43.54999923706055,42.790000915527344,43.165000915527344,3677,0.0,0.0,0.0
2021-12-23 00:00:00+01:00,43.31999969482422,43.47999954223633,43.25,43.47999954223633,859,0.0,0.0,0.0
2021-12-27 00:00:00+01:00,43.505001068115234,43.775001525878906,43.064998626708984,43.064998626708984,687,0.0,0.0,0.0
2021-12-28 00:00:00+01:00,42.95500183105469,43.595001220703125,42.89500045776367,43.084999084472656,2305,0.0,0.0,0.0
2021-12-29 00:00:00+01:00,42.98500061035156,42.98500061035156,42.3650016784668,42.57500076293945,6041,0.0,0.0,0.0
2021-12-30 00:00:00+01:00,42.790000915527344,42.875,42.77000045776367,42.78499984741211,914,0.0,0.0,0.0
2022-01-03 00:00:00+01:00,42.94499969482422,42.94499969482422,42.029998779296875,42.7599983215332,8834,0.0,0.0,0.0
2022-01-04 00:00:00+01:00,43.06999969482422,43.29499816894531,42.040000915527344,42.19499969482422,1482,0.0,0.0,0.0
2022-01-05 00:00:00+01:00,41.959999084472656,42.05500030517578,41.560001373291016,41.665000915527344,12925,0.0,0.0,0.0
2022-01-06 00:00:00+01:00,40.48500061035156,40.71500015258789,39.7599983215332,40.470001220703125,15512,0.0,0.0,0.0
2022-01-07 00:00:00+01:00,40.40999984741211,40.70000076293945,40.119998931884766,40.224998474121094,7482,0.0,0.0,0.0
2022-01-10 00:00:00+01:00,40.35499954223633,40.35499954223633,39.505001068115234,39.82500076293945,8486,0.0,0.0,0.0
2022-01-11 00:00:00+01:00,40.474998474121094,40.54999923706055,40.23500061035156,40.54999923706055,6182,0.0,0.0,0.0
2022-01-12 00:00:00+01:00,40.775001525878906,40.775001525878906,39.79999923706055,40.029998779296875,4163,0.0,0.0,0.0
2022-01-13 00:00:00+01:00,39.709999084472656,39.71500015258789,39.125,39.29499816894531,7058,0.0,0.0,0.0
2022-01-14 00:00:00+01:00,38.845001220703125,38.91999816894531,38.435001373291016,38.64500045776367,17941,0.0,0.0,0.0
2022-01-17 00:00:00+01:00,39.275001525878906,39.470001220703125,39.2599983215332,39.3650016784668,4978,0.0,0.0,0.0
2022-01-18 00:00:00+01:00,39.09000015258789,39.19499969482422,38.34000015258789,38.34000015258789,3640,0.0,0.0,0.0
2022-01-19 00:00:00+01:00,37.69499969482422,38.380001068115234,37.69499969482422,37.98500061035156,16006,0.0,0.0,0.0
2022-01-20 00:00:00+01:00,37.86000061035156,38.400001525878906,37.654998779296875,38.220001220703125,9442,0.0,0.0,0.0
2022-01-21 00:00:00+01:00,37.3849983215332,37.3849983215332,36.974998474121094,37.2400016784668,24836,0.0,0.0,0.0
2022-01-24 00:00:00+01:00,36.97999954223633,37.125,35.525001525878906,35.525001525878906,22775,0.0,0.0,0.0
2022-01-25 00:00:00+01:00,36.59000015258789,36.93000030517578,36.314998626708984,36.314998626708984,24374,0.0,0.0,0.0
2022-01-26 00:00:00+01:00,36.775001525878906,37.20000076293945,36.720001220703125,37.20000076293945,28832,0.0,0.0,0.0
2022-01-27 00:00:00+01:00,36.22999954223633,37.099998474121094,36.22999954223633,36.78499984741211,15656,0.0,0.0,0.0
2022-01-28 00:00:00+01:00,36.15999984741211,36.380001068115234,35.599998474121094,36.34000015258789,22259,0.0,0.0,0.0
2022-01-31 00:00:00+01:00,37.040000915527344,37.54499816894531,36.81999969482422,37.525001525878906,9857,0.0,0.0,0.0
2022-02-01 00:00:00+01:00,37.8849983215332,38.48500061035156,37.70500183105469,38.3849983215332,41841,0.0,0.0,0.0
2022-02-02 00:00:00+01:00,38.1349983215332,38.404998779296875,37.494998931884766,37.494998931884766,13604,0.0,0.0,0.0
2022-02-03 00:00:00+01:00,37.71500015258789,37.71500015258789,36.81999969482422,36.81999969482422,10119,0.0,0.0,0.0
2022-02-04 00:00:00+01:00,36.775001525878906,36.775001525878906,36.19499969482422,36.525001525878906,15182,0.0,0.0,0.0
2022-02-07 00:00:00+01:00,36.64500045776367,37.279998779296875,36.5,37.05500030517578,14426,0.0,0.0,0.0
2022-02-08 00:00:00+01:00,37.185001373291016,37.349998474121094,36.79999923706055,37.06999969482422,6469,0.0,0.0,0.0
2022-02-09 00:00:00+01:00,37.25,37.880001068115234,37.25,37.880001068115234,6690,0.0,0.0,0.0
2022-02-10 00:00:00+01:00,37.95000076293945,37.970001220703125,37.334999084472656,37.67499923706055,19397,0.0,0.0,0.0
2022-02-11 00:00:00+01:00,37.314998626708984,37.68000030517578,37.04499816894531,37.47999954223633,11221,0.0,0.0,0.0
2022-02-14 00:00:00+01:00,37.02000045776367,37.26499938964844,36.5,36.689998626708984,12176,0.0,0.0,0.0
2022-02-15 00:00:00+01:00,36.6150016784668,37.279998779296875,36.6150016784668,37.05500030517578,15681,0.0,0.0,0.0
2022-02-16 00:00:00+01:00,37.25,37.369998931884766,36.915000915527344,36.92499923706055,12278,0.0,0.0,0.0
2022-02-17 00:00:00+01:00,37.06999969482422,37.11000061035156,36.5099983215332,36.654998779296875,3578,0.0,0.0,0.0
2022-02-18 00:00:00+01:00,36.41999816894531,36.47999954223633,35.95000076293945,35.95000076293945,9980,0.0,0.0,0.0
2022-02-21 00:00:00+01:00,36.025001525878906,36.025001525878906,35.55500030517578,35.55500030517578,3760,0.0,0.0,0.0
2022-02-22 00:00:00+01:00,35.084999084472656,35.939998626708984,35.084999084472656,35.83000183105469,23208,0.0,0.0,0.0
2022-02-23 00:00:00+01:00,35.970001220703125,36.084999084472656,35.3650016784668,35.3650016784668,19131,0.0,0.0,0.0
2022-02-24 00:00:00+01:00,34.7599983215332,35.505001068115234,34.5,35.314998626708984,28138,0.0,0.0,0.0
2022-02-25 00:00:00+01:00,35.904998779296875,36.45000076293945,35.77000045776367,36.45000076293945,14428,0.0,0.0,0.0
2022-02-28 00:00:00+01:00,36.11000061035156,36.52000045776367,36.08000183105469,36.52000045776367,5809,0.0,0.0,0.0
2022-03-01 00:00:00+01:00,36.70000076293945,37.09000015258789,36.345001220703125,36.564998626708984,22404,0.0,0.0,0.0
2022-03-02 00:00:00+01:00,36.869998931884766,37.0,36.45000076293945,36.849998474121094,14973,0.0,0.0,0.0
2022-03-03 00:00:00+01:00,37.06999969482422,37.26499938964844,36.540000915527344,36.54999923706055,6918,0.0,0.0,0.0
2022-03-04 00:00:00+01:00,36.540000915527344,36.88999938964844,36.189998626708984,36.5,17145,0.0,0.0,0.0
2022-03-07 00:00:00+01:00,35.97999954223633,36.68000030517578,35.88999938964844,36.45500183105469,11894,0.0,0.0,0.0
2022-03-08 00:00:00+01:00,36.04999923706055,36.41999816894531,35.595001220703125,36.2400016784668,14034,0.0,0.0,0.0
2022-03-09 00:00:00+01:00,36.39500045776367,36.75,36.39500045776367,36.654998779296875,6635,0.0,0.0,0.0
2022-03-10 00:00:00+01:00,36.654998779296875,36.65999984741211,36.11000061035156,36.15999984741211,10377,0.0,0.0,0.0
2022-03-11 00:00:00+01:00,36.849998474121094,37.19499969482422,36.68000030517578,36.68000030517578,19358,0.0,0.0,0.0
2022-03-14 00:00:00+01:00,37.0,37.0,36.08000183105469,36.08000183105469,27244,0.0,0.0,0.0
2022-03-15 00:00:00+01:00,35.61000061035156,36.095001220703125,35.45000076293945,36.05500030517578,18281,0.0,0.0,0.0
2022-03-16 00:00:00+01:00,36.630001068115234,37.060001373291016,36.470001220703125,36.974998474121094,10252,0.0,0.0,0.0
2022-03-17 00:00:00+01:00,37.29499816894531,37.619998931884766,37.125,37.560001373291016,11285,0.0,0.0,0.0
2022-03-18 00:00:00+01:00,37.8849983215332,38.724998474121094,37.86000061035156,38.45000076293945,16986,0.0,0.0,0.0
2022-03-21 00:00:00+01:00,38.68000030517578,38.80500030517578,38.33000183105469,38.33000183105469,17506,0.0,0.0,0.0
2022-03-22 00:00:00+01:00,38.43000030517578,38.775001525878906,38.185001373291016,38.77000045776367,37193,0.0,0.0,0.0
2022-03-23 00:00:00+01:00,39.060001373291016,39.119998931884766,38.68000030517578,38.900001525878906,20759,0.0,0.0,0.0
2022-03-24 00:00:00+01:00,38.619998931884766,38.68000030517578,38.31999969482422,38.56999969482422,8706,0.0,0.0,0.0
2022-03-25 00:00:00+01:00,38.755001068115234,38.875,38.01499938964844,38.29999923706055,26629,0.0,0.0,0.0
2022-03-28 00:00:00+02:00,38.279998779296875,38.77000045776367,38.08000183105469,38.08000183105469,15988,0.0,0.0,0.0
2022-03-29 00:00:00+02:00,38.470001220703125,38.915000915527344,38.275001525878906,38.81999969482422,29775,0.0,0.0,0.0
2022-03-30 00:00:00+02:00,39.01499938964844,39.14500045776367,38.80500030517578,39.06999969482422,22807,0.0,0.0,0.0
2022-03-31 00:00:00+02:00,38.73500061035156,38.875,38.5099983215332,38.69499969482422,7995,0.0,0.0,0.0
2022-04-01 00:00:00+02:00,38.79499816894531,39.349998474121094,38.72999954223633,39.154998779296875,24941,0.0,0.0,0.0
2022-04-04 00:00:00+02:00,39.650001525878906,40.17499923706055,39.56999969482422,40.17499923706055,31084,0.0,0.0,0.0
2022-04-05 00:00:00+02:00,40.31999969482422,40.630001068115234,40.20500183105469,40.529998779296875,13183,0.0,0.0,0.0
2022-04-06 00:00:00+02:00,40.02000045776367,40.02000045776367,39.39500045776367,39.60499954223633,12612,0.0,0.0,0.0
2022-04-07 00:00:00+02:00,39.904998779296875,40.25,39.89500045776367,39.935001373291016,16184,0.0,0.0,0.0
2022-04-08 00:00:00+02:00,40.45500183105469,40.685001373291016,40.2599983215332,40.38999938964844,9184,0.0,0.0,0.0
2022-04-11 00:00:00+02:00,40.20000076293945,40.20000076293945,39.60499954223633,39.685001373291016,4289,0.0,0.0,0.0
2022-04-12 00:00:00+02:00,39.38999938964844,39.88999938964844,39.35499954223633,39.88999938964844,12274,0.0,0.0,0.0
2022-04-13 00:00:00+02:00,39.625,40.01499938964844,39.51499938964844,40.01499938964844,8381,0.0,0.0,0.0
2022-04-14 00:00:00+02:00,40.154998779296875,40.58000183105469,39.970001220703125,40.25,7351,0.0,0.0,0.0
2022-04-19 00:00:00+02:00,39.5,39.5,38.80500030517578,39.369998931884766,8959,0.0,0.0,0.0
2022-04-20 00:00:00+02:00,38.75,39.2400016784668,38.75,39.21500015258789,3241,0.0,0.0,0.0
2022-04-21 00:00:00+02:00,39.14500045776367,39.400001525878906,38.8650016784668,38.8650016784668,7214,0.0,0.0,0.0
2022-04-22 00:00:00+02:00,38.38999938964844,38.45000076293945,37.93000030517578,37.974998474121094,9981,0.0,0.0,0.0
2022-04-25 00:00:00+02:00,37.39500045776367,37.959999084472656,37.30500030517578,37.915000915527344,17019,0.0,0.0,0.0
2022-04-26 00:00:00+02:00,38.42499923706055,38.45000076293945,37.69499969482422,37.69499969482422,12870,0.0,0.0,0.0
2022-04-27 00:00:00+02:00,37.560001373291016,37.959999084472656,37.44499969482422,37.689998626708984,23457,0.0,0.0,0.0
2022-04-28 00:00:00+02:00,37.43000030517578,37.82500076293945,36.540000915527344,36.540000915527344,8838,0.0,0.0,0.0
2022-04-29 00:00:00+02:00,37.42499923706055,37.70500183105469,37.21500015258789,37.375,4479,0.0,0.0,0.0
2022-05-02 00:00:00+02:00,37.01499938964844,37.01499938964844,36.5,36.85499954223633,8444,0.0,0.0,0.0
2022-05-03 00:00:00+02:00,37.22999954223633,37.494998931884766,36.8849983215332,37.375,3413,0.0,0.0,0.0
2022-05-04 00:00:00+02:00,37.34000015258789,37.505001068115234,36.40999984741211,36.529998779296875,11115,0.0,0.0,0.0
2022-05-05 00:00:00+02:00,37.560001373291016,37.560001373291016,36.77000045776367,36.77000045776367,10087,0.0,0.0,0.0
2022-05-06 00:00:00+02:00,36.43000030517578,36.435001373291016,34.79499816894531,34.96500015258789,15601,0.0,0.0,0.0
2022-05-09 00:00:00+02:00,34.96500015258789,34.96500015258789,33.755001068115234,33.755001068115234,27732,0.0,0.0,0.0
2022-05-10 00:00:00+02:00,33.44499969482422,34.32500076293945,33.44499969482422,33.57500076293945,25369,0.0,0.0,0.0
2022-05-11 00:00:00+02:00,34.1349983215332,34.3650016784668,33.54999923706055,33.935001373291016,8214,0.0,0.0,0.0
2022-05-12 00:00:00+02:00,32.92499923706055,34.189998626708984,32.92499923706055,34.0099983215332,30784,0.0,0.0,0.0
2022-05-13 00:00:00+02:00,34.47999954223633,35.3650016784668,34.47999954223633,35.3650016784668,7680,0.0,0.0,0.0
2022-05-16 00:00:00+02:00,35.505001068115234,35.79999923706055,35.154998779296875,35.72999954223633,10822,0.0,0.0,0.0
2022-05-17 00:00:00+02:00,35.709999084472656,36.0099983215332,35.61000061035156,36.0099983215332,17694,0.0,0.0,0.0
2022-05-18 00:00:00+02:00,36.185001373291016,36.185001373291016,35.7599983215332,35.7599983215332,8758,0.0,0.0,0.0
2022-05-19 00:00:00+02:00,35.375,35.48500061035156,34.95000076293945,35.48500061035156,8836,0.0,0.0,0.0
2022-05-20 00:00:00+02:00,35.689998626708984,35.900001525878906,35.41999816894531,35.41999816894531,5443,0.0,0.0,0.0
2022-05-23 00:00:00+02:00,35.95000076293945,36.2599983215332,35.560001373291016,35.78499984741211,2807,0.0,0.0,0.0
2022-05-24 00:00:00+02:00,35.2400016784668,35.41999816894531,34.685001373291016,34.755001068115234,4258,0.0,0.0,0.0
2022-05-25 00:00:00+02:00,35.290000915527344,35.345001220703125,34.875,34.875,6350,0.0,0.0,0.0
2022-05-26 00:00:00+02:00,35.244998931884766,35.60499954223633,35.2400016784668,35.38999938964844,5778,0.0,0.0,0.0
2022-05-27 00:00:00+02:00,35.09000015258789,36.04499816894531,35.09000015258789,36.04499816894531,5181,0.0,0.0,0.0
2022-05-30 00:00:00+02:00,36.439998626708984,36.439998626708984,36.244998931884766,36.28499984741211,1638,0.0,0.0,0.0
2022-05-31 00:00:00+02:00,36.48500061035156,36.48500061035156,35.43000030517578,35.5099983215332,10550,0.0,0.0,0.0
2022-06-01 00:00:00+02:00,35.650001525878906,35.810001373291016,35.220001220703125,35.224998474121094,11999,0.0,0.0,0.0
2022-06-02 00:00:00+02:00,35.439998626708984,35.439998626708984,34.47999954223633,34.70500183105469,12622,0.0,0.0,0.0
2022-06-03 00:00:00+02:00,35.10499954223633,35.459999084472656,34.974998474121094,35.30500030517578,14823,0.0,0.0,0.0
2022-06-06 00:00:00+02:00,35.61000061035156,35.654998779296875,35.060001373291016,35.060001373291016,198,0.0,0.0,0.0
2022-06-07 00:00:00+02:00,34.84000015258789,35.40999984741211,34.72999954223633,35.40999984741211,1988,0.0,0.0,0.0
2022-06-08 00:00:00+02:00,35.8650016784668,36.27000045776367,35.650001525878906,36.26499938964844,25394,0.0,0.0,0.0
2022-06-09 00:00:00+02:00,35.935001373291016,36.17499923706055,35.369998931884766,35.404998779296875,2514,0.0,0.0,0.0
2022-06-10 00:00:00+02:00,35.22999954223633,35.22999954223633,34.125,34.125,3627,0.0,0.0,0.0
2022-06-13 00:00:00+02:00,33.790000915527344,33.790000915527344,32.97999954223633,33.18000030517578,22572,0.0,0.0,0.0
2022-06-14 00:00:00+02:00,33.47999954223633,33.47999954223633,32.869998931884766,33.290000915527344,8586,0.0,0.0,0.0
2022-06-15 00:00:00+02:00,33.32500076293945,34.0099983215332,33.16999816894531,33.915000915527344,10080,0.0,0.0,0.0
2022-06-16 00:00:00+02:00,33.845001220703125,33.845001220703125,32.54999923706055,32.71500015258789,3696,0.0,0.0,0.0
2022-06-17 00:00:00+02:00,33.27000045776367,34.439998626708984,33.21500015258789,34.439998626708984,18943,0.0,0.0,0.0
2022-06-20 00:00:00+02:00,34.494998931884766,34.60499954223633,34.470001220703125,34.60499954223633,2432,0.0,0.0,0.0
2022-06-21 00:00:00+02:00,34.69499969482422,35.125,34.6150016784668,35.125,15163,0.0,0.0,0.0
2022-06-22 00:00:00+02:00,34.80500030517578,35.630001068115234,34.55500030517578,35.630001068115234,12284,0.0,0.0,0.0
2022-06-23 00:00:00+02:00,35.2400016784668,36.189998626708984,35.2400016784668,36.189998626708984,14102,0.0,0.0,0.0
2022-06-24 00:00:00+02:00,37.0099983215332,37.20500183105469,36.75,36.75,800,0.0,0.0,0.0
2022-06-27 00:00:00+02:00,37.220001220703125,37.685001373291016,36.970001220703125,37.185001373291016,8214,0.0,0.0,0.0
2022-06-28 00:00:00+02:00,37.33000183105469,37.415000915527344,36.98500061035156,36.98500061035156,969,0.0,0.0,0.0
2022-06-29 00:00:00+02:00,36.54999923706055,37.040000915527344,36.13999938964844,37.040000915527344,21669,0.0,0.0,0.0
2022-06-30 00:00:00+02:00,36.70000076293945,36.790000915527344,36.474998474121094,36.685001373291016,3793,0.0,0.0,0.0
2022-07-01 00:00:00+02:00,36.45500183105469,37.599998474121094,36.45500183105469,37.52000045776367,7985,0.0,0.0,0.0
2022-07-04 00:00:00+02:00,37.73500061035156,37.73500061035156,37.45000076293945,37.564998626708984,1033,0.0,0.0,0.0
2022-07-05 00:00:00+02:00,37.564998626708984,38.48500061035156,37.564998626708984,38.290000915527344,2023,0.0,0.0,0.0
2022-07-06 00:00:00+02:00,38.92499923706055,39.72999954223633,38.92499923706055,39.45500183105469,2009,0.0,0.0,0.0
2022-07-07 00:00:00+02:00,39.65999984741211,40.54999923706055,39.529998779296875,40.51499938964844,3583,0.0,0.0,0.0
2022-07-08 00:00:00+02:00,40.58000183105469,40.94499969482422,40.29999923706055,40.73500061035156,3238,0.0,0.0,0.0
2022-07-11 00:00:00+02:00,40.70000076293945,40.76499938964844,40.459999084472656,40.5,5437,0.0,0.0,0.0
2022-07-12 00:00:00+02:00,40.36000061035156,40.3849983215332,39.88999938964844,40.13999938964844,625,0.0,0.0,0.0
2022-07-13 00:00:00+02:00,40.494998931884766,40.724998474121094,40.189998626708984,40.189998626708984,1280,0.0,0.0,0.0
2022-07-14 00:00:00+02:00,40.45500183105469,40.45500183105469,39.775001525878906,39.78499984741211,801,0.0,0.0,0.0
2022-07-15 00:00:00+02:00,39.959999084472656,39.970001220703125,39.71500015258789,39.86000061035156,2792,0.0,0.0,0.0
2022-07-18 00:00:00+02:00,40.5,40.5,40.02000045776367,40.02000045776367,5996,0.0,0.0,0.0
2022-07-19 00:00:00+02:00,39.18000030517578,39.810001373291016,38.75,39.810001373291016,1412,0.0,0.0,0.0
2022-07-20 00:00:00+02:00,39.904998779296875,40.41999816894531,39.80500030517578,40.27000045776367,3603,0.0,0.0,0.0
2022-07-21 00:00:00+02:00,39.95500183105469,40.26499938964844,39.70000076293945,40.189998626708984,1833,0.0,0.0,0.0
2022-07-22 00:00:00+02:00,39.875,40.29499816894531,39.470001220703125,39.470001220703125,358,0.0,0.0,0.0
2022-07-25 00:00:00+02:00,39.220001220703125,39.279998779296875,38.94499969482422,39.060001373291016,285,0.0,0.0,0.0
2022-07-26 00:00:00+02:00,39.125,39.51499938964844,39.125,39.51499938964844,1803,0.0,0.0,0.0
2022-07-27 00:00:00+02:00,39.58000183105469,39.814998626708984,39.29499816894531,39.459999084472656,10704,0.0,0.0,0.0
2022-07-28 00:00:00+02:00,39.650001525878906,39.97999954223633,39.084999084472656,39.46500015258789,1236,0.0,0.0,0.0
2022-07-29 00:00:00+02:00,39.279998779296875,39.779998779296875,39.02000045776367,39.025001525878906,1453,0.0,0.0,0.0
2022-08-01 00:00:00+02:00,39.14500045776367,39.14500045776367,38.560001373291016,38.875,7419,0.0,0.0,0.0
2022-08-02 00:00:00+02:00,38.435001373291016,39.16999816894531,38.2599983215332,39.064998626708984,3159,0.0,0.0,0.0
2022-08-03 00:00:00+02:00,39.1349983215332,40.92499923706055,39.064998626708984,40.77000045776367,7077,0.0,0.0,0.0
2022-08-04 00:00:00+02:00,40.46500015258789,41.0,40.46500015258789,40.76499938964844,1651,0.0,0.0,0.0
2022-08-05 00:00:00+02:00,41.2400016784668,41.3650016784668,41.0,41.290000915527344,4114,0.0,0.0,0.0
2022-08-08 00:00:00+02:00,41.9900016784668,42.57500076293945,41.9900016784668,42.39500045776367,2608,0.0,0.0,0.0
2022-08-09 00:00:00+02:00,42.375,42.375,41.650001525878906,41.650001525878906,3052,0.0,0.0,0.0
2022-08-10 00:00:00+02:00,41.5099983215332,41.650001525878906,41.415000915527344,41.529998779296875,1864,0.0,0.0,0.0
2022-08-11 00:00:00+02:00,42.17499923706055,42.314998626708984,41.900001525878906,41.900001525878906,4507,0.0,0.0,0.0
2022-08-12 00:00:00+02:00,41.33000183105469,42.08000183105469,41.33000183105469,42.08000183105469,1099,0.0,0.0,0.0
2022-08-15 00:00:00+02:00,42.400001525878906,42.70000076293945,41.974998474121094,42.665000915527344,2308,0.0,0.0,0.0
2022-08-16 00:00:00+02:00,43.23500061035156,43.32500076293945,42.38999938964844,42.755001068115234,4949,0.0,0.0,0.0
2022-08-17 00:00:00+02:00,42.6150016784668,42.6150016784668,41.83000183105469,41.834999084472656,4586,0.0,0.0,0.0
2022-08-18 00:00:00+02:00,41.70000076293945,41.8650016784668,41.23500061035156,41.494998931884766,7088,0.0,0.0,0.0
2022-08-19 00:00:00+02:00,41.400001525878906,41.43000030517578,41.22999954223633,41.275001525878906,2907,0.0,0.0,0.0
2022-08-22 00:00:00+02:00,41.48500061035156,41.56999969482422,41.099998474121094,41.44499969482422,918,0.0,0.0,0.0
2022-08-23 00:00:00+02:00,41.28499984741211,41.31999969482422,40.68000030517578,40.845001220703125,1034,0.0,0.0,0.0
2022-08-24 00:00:00+02:00,41.16999816894531,41.744998931884766,40.94499969482422,41.744998931884766,6013,0.0,0.0,0.0
2022-08-25 00:00:00+02:00,41.875,41.95000076293945,41.36000061035156,41.51499938964844,1536,0.0,0.0,0.0
2022-08-26 00:00:00+02:00,41.654998779296875,41.654998779296875,40.77000045776367,40.834999084472656,3180,0.0,0.0,0.0
2022-08-29 00:00:00+02:00,40.150001525878906,40.150001525878906,39.880001068115234,39.974998474121094,1729,0.0,0.0,0.0
2022-08-30 00:00:00+02:00,40.09000015258789,40.1349983215332,39.48500061035156,39.48500061035156,2280,0.0,0.0,0.0
2022-08-31 00:00:00+02:00,39.44499969482422,40.05500030517578,39.400001525878906,39.525001525878906,1169,0.0,0.0,0.0
2022-09-01 00:00:00+02:00,39.55500030517578,39.89500045776367,39.27000045776367,39.89500045776367,5146,0.0,0.0,0.0
2022-09-02 00:00:00+02:00,40.630001068115234,40.630001068115234,40.36000061035156,40.54499816894531,1508,0.0,0.0,0.0
2022-09-05 00:00:00+02:00,40.43000030517578,40.43000030517578,40.01499938964844,40.20500183105469,2264,0.0,0.0,0.0
2022-09-06 00:00:00+02:00,39.834999084472656,40.32500076293945,39.64500045776367,39.84000015258789,3123,0.0,0.0,0.0
2022-09-07 00:00:00+02:00,39.69499969482422,39.95000076293945,39.345001220703125,39.915000915527344,608,0.0,0.0,0.0
2022-09-08 00:00:00+02:00,40.255001068115234,41.505001068115234,40.06999969482422,41.505001068115234,9933,0.0,0.0,0.0
2022-09-09 00:00:00+02:00,41.07500076293945,41.84000015258789,41.07500076293945,41.84000015258789,1066,0.0,0.0,0.0
2022-09-12 00:00:00+02:00,41.32500076293945,41.48500061035156,41.32500076293945,41.415000915527344,1812,0.0,0.0,0.0
2022-09-13 00:00:00+02:00,41.54999923706055,41.54999923706055,40.584999084472656,40.584999084472656,620,0.0,0.0,0.0
2022-09-14 00:00:00+02:00,40.525001525878906,40.58000183105469,40.314998626708984,40.58000183105469,336,0.0,0.0,0.0
2022-09-15 00:00:00+02:00,40.935001373291016,40.935001373291016,40.39500045776367,40.55500030517578,4443,0.0,0.0,0.0
2022-09-16 00:00:00+02:00,40.51499938964844,40.650001525878906,39.994998931884766,39.994998931884766,1318,0.0,0.0,0.0
2022-09-19 00:00:00+02:00,40.255001068115234,40.255001068115234,39.26499938964844,39.35499954223633,864,0.0,0.0,0.0
2022-09-20 00:00:00+02:00,39.88999938964844,39.88999938964844,39.6349983215332,39.880001068115234,1156,0.0,0.0,0.0
2022-09-21 00:00:00+02:00,39.67499923706055,40.209999084472656,39.67499923706055,40.07500076293945,1414,0.0,0.0,0.0
2022-09-22 00:00:00+02:00,39.130001068115234,39.220001220703125,38.720001220703125,38.994998931884766,2719,0.0,0.0,0.0
2022-09-23 00:00:00+02:00,38.994998931884766,39.189998626708984,38.78499984741211,38.78499984741211,677,0.0,0.0,0.0
2022-09-26 00:00:00+02:00,38.76499938964844,39.415000915527344,38.76499938964844,39.224998474121094,224,0.0,0.0,0.0
2022-09-27 00:00:00+02:00,39.04999923706055,39.689998626708984,39.04999923706055,39.584999084472656,5504,0.0,0.0,0.0
2022-09-28 00:00:00+02:00,39.8849983215332,40.790000915527344,39.369998931884766,40.744998931884766,20088,0.0,0.0,0.0
2022-09-29 00:00:00+02:00,40.584999084472656,40.584999084472656,39.54499816894531,39.6150016784668,4134,0.0,0.0,0.0
2022-09-30 00:00:00+02:00,39.76499938964844,40.3650016784668,39.76499938964844,40.3650016784668,7884,0.0,0.0,0.0
2022-10-03 00:00:00+02:00,39.810001373291016,40.150001525878906,39.439998626708984,39.83000183105469,6958,0.0,0.0,0.0
2022-10-04 00:00:00+02:00,40.290000915527344,40.540000915527344,40.2599983215332,40.2599983215332,9743,0.0,0.0,0.0
2022-10-05 00:00:00+02:00,40.29999923706055,40.6150016784668,40.29999923706055,40.439998626708984,2375,0.0,0.0,0.0
2022-10-06 00:00:00+02:00,40.810001373291016,40.89500045776367,40.654998779296875,40.875,1251,0.0,0.0,0.0
2022-10-07 00:00:00+02:00,41.03499984741211,41.125,40.64500045776367,40.64500045776367,3618,0.0,0.0,0.0
2022-10-10 00:00:00+02:00,40.314998626708984,40.33000183105469,40.0,40.10499954223633,5442,0.0,0.0,0.0
2022-10-11 00:00:00+02:00,39.80500030517578,40.564998626708984,39.80500030517578,40.5099983215332,6254,0.0,0.0,0.0
2022-10-12 00:00:00+02:00,40.45500183105469,40.75,40.3849983215332,40.44499969482422,19015,0.0,0.0,0.0
2022-10-13 00:00:00+02:00,40.525001525878906,40.79499816894531,39.97999954223633,40.599998474121094,32617,0.0,0.0,0.0
2022-10-14 00:00:00+02:00,41.244998931884766,41.564998626708984,40.755001068115234,40.775001525878906,35156,0.0,0.0,0.0
2022-10-17 00:00:00+02:00,41.04499816894531,41.16999816894531,40.70000076293945,40.94499969482422,12459,0.0,0.0,0.0
2022-10-18 00:00:00+02:00,41.1349983215332,41.73500061035156,40.915000915527344,40.915000915527344,8462,0.0,0.0,0.0
2022-10-19 00:00:00+02:00,40.94499969482422,41.150001525878906,40.345001220703125,40.345001220703125,19448,0.0,0.0,0.0
2022-10-20 00:00:00+02:00,39.904998779296875,40.11000061035156,39.744998931884766,40.01499938964844,25091,0.0,0.0,0.0
2022-10-21 00:00:00+02:00,39.67499923706055,40.21500015258789,39.45500183105469,40.21500015258789,3763,0.0,0.0,0.0
2022-10-24 00:00:00+02:00,40.11000061035156,40.584999084472656,40.11000061035156,40.38999938964844,11425,0.0,0.0,0.0
2022-10-25 00:00:00+02:00,40.814998626708984,41.040000915527344,40.665000915527344,40.900001525878906,2772,0.0,0.0,0.0
2022-10-26 00:00:00+02:00,40.959999084472656,41.70500183105469,40.72999954223633,41.70000076293945,2762,0.0,0.0,0.0
2022-10-27 00:00:00+02:00,41.10499954223633,41.375,40.834999084472656,41.10499954223633,664,0.0,0.0,0.0
2022-10-28 00:00:00+02:00,41.03499984741211,42.07500076293945,41.03499984741211,42.07500076293945,9548,0.0,0.0,0.0
2022-10-31 00:00:00+01:00,42.7599983215332,43.05500030517578,42.439998626708984,42.78499984741211,8794,0.0,0.0,0.0
2022-11-01 00:00:00+01:00,42.959999084472656,43.15999984741211,42.724998474121094,43.15999984741211,11590,0.0,0.0,0.0
2022-11-02 00:00:00+01:00,43.31999969482422,43.31999969482422,42.849998474121094,43.07500076293945,5620,0.0,0.0,0.0
2022-11-03 00:00:00+01:00,42.75,43.005001068115234,42.35499954223633,42.939998626708984,1229,0.0,0.0,0.0
2022-11-04 00:00:00+01:00,42.91999816894531,43.099998474121094,41.935001373291016,41.97999954223633,358,0.0,0.0,0.0
2022-11-07 00:00:00+01:00,42.1150016784668,42.35499954223633,41.94499969482422,42.334999084472656,1586,0.0,0.0,0.0
2022-11-08 00:00:00+01:00,42.20500183105469,42.79999923706055,42.029998779296875,42.79999923706055,2829,0.0,0.0,0.0
2022-11-09 00:00:00+01:00,42.349998474121094,42.564998626708984,42.209999084472656,42.564998626708984,2899,0.0,0.0,0.0
2022-11-10 00:00:00+01:00,42.20000076293945,42.57500076293945,42.20000076293945,42.439998626708984,3945,0.0,0.0,0.0
2022-11-11 00:00:00+01:00,42.7400016784668,42.7400016784668,41.540000915527344,41.540000915527344,0,0.0,0.0,0.0
2022-11-14 00:00:00+01:00,42.22999954223633,42.849998474121094,42.13999938964844,42.56999969482422,9128,0.0,0.0,0.0
2022-11-15 00:00:00+01:00,42.46500015258789,42.8849983215332,42.27000045776367,42.69499969482422,5840,0.0,0.0,0.0
2022-11-16 00:00:00+01:00,42.52000045776367,42.52000045776367,41.93000030517578,41.93000030517578,4880,0.0,0.0,0.0
2022-11-17 00:00:00+01:00,42.04999923706055,42.04999923706055,41.61000061035156,41.77000045776367,3729,0.0,0.0,0.0
2022-11-18 00:00:00+01:00,41.78499984741211,42.35499954223633,41.78499984741211,42.279998779296875,1600,0.0,0.0,0.0
2022-11-21 00:00:00+01:00,42.35499954223633,42.584999084472656,42.349998474121094,42.505001068115234,1773,0.0,0.0,0.0
2022-11-22 00:00:00+01:00,42.255001068115234,42.31999969482422,41.994998931884766,42.25,1664,0.0,0.0,0.0
2022-11-23 00:00:00+01:00,42.29499816894531,42.71500015258789,42.13999938964844,42.154998779296875,9044,0.0,0.0,0.0
2022-11-24 00:00:00+01:00,41.90999984741211,42.0,41.90999984741211,41.93000030517578,186,0.0,0.0,0.0
2022-11-25 00:00:00+01:00,41.994998931884766,42.03499984741211,41.904998779296875,42.03499984741211,780,0.0,0.0,0.0
2022-11-28 00:00:00+01:00,41.834999084472656,42.290000915527344,41.540000915527344,42.064998626708984,3926,0.0,0.0,0.0
2022-11-29 00:00:00+01:00,41.959999084472656,41.994998931884766,41.82500076293945,41.82500076293945,1497,0.0,0.0,0.0
2022-11-30 00:00:00+01:00,42.16999816894531,42.40999984741211,42.16999816894531,42.275001525878906,2865,0.0,0.0,0.0
2022-12-01 00:00:00+01:00,43.05500030517578,43.19499969482422,42.59000015258789,42.78499984741211,6588,0.0,0.0,0.0
2022-12-02 00:00:00+01:00,42.61000061035156,42.744998931884766,42.255001068115234,42.73500061035156,1066,0.0,0.0,0.0
2022-12-05 00:00:00+01:00,42.849998474121094,42.85499954223633,42.345001220703125,42.41999816894531,4936,0.0,0.0,0.0
2022-12-06 00:00:00+01:00,42.35499954223633,42.400001525878906,41.685001373291016,41.685001373291016,277,0.0,0.0,0.0
2022-12-07 00:00:00+01:00,41.73500061035156,41.95500183105469,41.46500015258789,41.665000915527344,1119,0.0,0.0,0.0
2022-12-08 00:00:00+01:00,41.959999084472656,42.334999084472656,41.904998779296875,42.21500015258789,435,0.0,0.0,0.0
2022-12-09 00:00:00+01:00,42.29999923706055,42.29999923706055,41.755001068115234,41.755001068115234,3545,0.0,0.0,0.0
2022-12-12 00:00:00+01:00,41.58000183105469,41.63999938964844,41.279998779296875,41.53499984741211,1116,0.0,0.0,0.0
2022-12-13 00:00:00+01:00,41.845001220703125,42.39500045776367,41.845001220703125,42.1349983215332,693,0.0,0.0,0.0
2022-12-14 00:00:00+01:00,42.11000061035156,42.474998474121094,41.790000915527344,42.435001373291016,14770,0.0,0.0,0.0
2022-12-15 00:00:00+01:00,42.099998474121094,42.125,41.45000076293945,41.52000045776367,15685,0.0,0.0,0.0
2022-12-16 00:00:00+01:00,41.45500183105469,41.45500183105469,41.0,41.150001525878906,2697,0.0,0.0,0.0
2022-12-19 00:00:00+01:00,41.220001220703125,41.40999984741211,40.599998474121094,40.650001525878906,5552,0.0,0.0,0.0
2022-12-20 00:00:00+01:00,40.15999984741211,40.72999954223633,40.119998931884766,40.654998779296875,6801,0.0,0.0,0.0
2022-12-21 00:00:00+01:00,41.01499938964844,41.70000076293945,40.959999084472656,41.70000076293945,7242,0.0,0.0,0.0
2022-12-22 00:00:00+01:00,41.45000076293945,41.494998931884766,41.17499923706055,41.31999969482422,112,0.0,0.0,0.0
2022-12-23 00:00:00+01:00,41.5,41.60499954223633,40.939998626708984,40.95500183105469,4575,0.0,0.0,0.0
2022-12-27 00:00:00+01:00,41.22999954223633,41.22999954223633,40.20500183105469,40.20500183105469,1358,0.0,0.0,0.0
2022-12-28 00:00:00+01:00,40.03499984741211,40.060001373291016,39.7400016784668,39.7400016784668,3480,0.0,0.0,0.0
2022-12-29 00:00:00+01:00,39.88999938964844,40.67499923706055,39.88999938964844,40.67499923706055,167,0.0,0.0,0.0
2022-12-30 00:00:00+01:00,40.310001373291016,40.32500076293945,40.15999984741211,40.16999816894531,5025,0.0,0.0,0.0
2023-01-02 00:00:00+01:00,41.099998474121094,41.47999954223633,40.665000915527344,41.279998779296875,4161,0.0,0.0,0.0
2023-01-03 00:00:00+01:00,41.34000015258789,41.470001220703125,40.869998931884766,40.869998931884766,425,0.0,0.0,0.0
2023-01-04 00:00:00+01:00,40.6150016784668,40.93000030517578,40.6150016784668,40.93000030517578,3397,0.0,0.0,0.0
2023-01-05 00:00:00+01:00,40.654998779296875,41.20000076293945,40.654998779296875,41.099998474121094,10478,0.0,0.0,0.0
2023-01-06 00:00:00+01:00,41.34000015258789,41.625,41.150001525878906,41.625,6877,0.0,0.0,0.0
2023-01-09 00:00:00+01:00,41.3849983215332,41.44499969482422,40.415000915527344,40.665000915527344,5818,0.0,0.0,0.0
2023-01-10 00:00:00+01:00,40.040000915527344,40.75,39.95500183105469,40.595001220703125,2337,0.0,0.0,0.0
2023-01-11 00:00:00+01:00,40.790000915527344,40.84000015258789,40.41999816894531,40.61000061035156,1717,0.0,0.0,0.0
2023-01-12 00:00:00+01:00,40.90999984741211,40.90999984741211,40.40999984741211,40.564998626708984,2582,0.0,0.0,0.0
2023-01-13 00:00:00+01:00,41.03499984741211,41.38999938964844,41.03499984741211,41.38999938964844,656,0.0,0.0,0.0
2023-01-16 00:00:00+01:00,41.459999084472656,41.564998626708984,41.119998931884766,41.45000076293945,3735,0.0,0.0,0.0
2023-01-17 00:00:00+01:00,41.43000030517578,41.56999969482422,41.33000183105469,41.505001068115234,609,0.0,0.0,0.0
2023-01-18 00:00:00+01:00,41.63999938964844,41.70000076293945,41.369998931884766,41.369998931884766,4369,0.0,0.0,0.0
2023-01-19 00:00:00+01:00,41.16999816894531,41.16999816894531,40.779998779296875,40.81999969482422,177,0.0,0.0,0.0
2023-01-20 00:00:00+01:00,40.869998931884766,40.869998931884766,40.63999938964844,40.724998474121094,1565,0.0,0.0,0.0
2023-01-23 00:00:00+01:00,40.75,41.130001068115234,40.75,41.11000061035156,552,0.0,0.0,0.0
2023-01-24 00:00:00+01:00,41.084999084472656,41.185001373291016,41.060001373291016,41.16999816894531,438,0.0,0.0,0.0
2023-01-25 00:00:00+01:00,41.209999084472656,41.21500015258789,41.005001068115234,41.005001068115234,1156,0.0,0.0,0.0
2023-01-26 00:00:00+01:00,41.27000045776367,41.349998474121094,41.040000915527344,41.17499923706055,2094,0.0,0.0,0.0
2023-01-27 00:00:00+01:00,41.349998474121094,41.38999938964844,41.290000915527344,41.38999938964844,1032,0.0,0.0,0.0
2023-01-30 00:00:00+01:00,41.07500076293945,41.07500076293945,40.79499816894531,40.95000076293945,3797,0.0,0.0,0.0
2023-01-31 00:00:00+01:00,40.915000915527344,41.150001525878906,40.7599983215332,41.150001525878906,563,0.0,0.0,0.0
2023-02-01 00:00:00+01:00,41.27000045776367,41.27000045776367,40.38999938964844,40.439998626708984,5972,0.0,0.0,0.0
2023-02-02 00:00:00+01:00,40.7400016784668,40.8650016784668,40.665000915527344,40.8650016784668,1792,0.0,0.0,0.0
2023-02-03 00:00:00+01:00,41.084999084472656,41.459999084472656,40.970001220703125,41.459999084472656,1125,0.0,0.0,0.0
2023-02-06 00:00:00+01:00,41.21500015258789,41.73500061035156,41.06999969482422,41.73500061035156,3814,0.0,0.0,0.0
2023-02-07 00:00:00+01:00,41.314998626708984,41.435001373291016,41.125,41.154998779296875,312,0.0,0.0,0.0
2023-02-08 00:00:00+01:00,41.244998931884766,41.244998931884766,40.814998626708984,40.814998626708984,153,0.0,0.0,0.0
2023-02-09 00:00:00+01:00,40.68000030517578,40.744998931884766,40.54999923706055,40.58000183105469,2854,0.0,0.0,0.0
2023-02-10 00:00:00+01:00,40.23500061035156,40.560001373291016,40.19499969482422,40.5099983215332,1617,0.0,0.0,0.0
2023-02-13 00:00:00+01:00,40.650001525878906,40.79499816894531,40.650001525878906,40.79499816894531,336,0.0,0.0,0.0
2023-02-14 00:00:00+01:00,40.83000183105469,40.900001525878906,40.474998474121094,40.474998474121094,181,0.0,0.0,0.0
2023-02-15 00:00:00+01:00,40.810001373291016,40.82500076293945,40.665000915527344,40.7599983215332,2467,0.0,0.0,0.0
2023-02-16 00:00:00+01:00,41.099998474121094,41.099998474121094,40.599998474121094,40.625,2633,0.0,0.0,0.0
2023-02-17 00:00:00+01:00,40.375,40.720001220703125,40.31999969482422,40.69499969482422,4024,0.0,0.0,0.0
2023-02-20 00:00:00+01:00,40.88999938964844,40.97999954223633,40.814998626708984,40.814998626708984,2032,0.0,0.0,0.0
2023-02-21 00:00:00+01:00,40.849998474121094,40.86000061035156,40.38999938964844,40.38999938964844,1284,0.0,0.0,0.0
2023-02-22 00:00:00+01:00,40.189998626708984,40.20500183105469,40.05500030517578,40.150001525878906,1531,0.0,0.0,0.0
2023-02-23 00:00:00+01:00,40.41999816894531,40.709999084472656,39.95500183105469,39.95500183105469,201,0.0,0.0,0.0
2023-02-24 00:00:00+01:00,40.04999923706055,40.04999923706055,39.63999938964844,39.724998474121094,3493,0.0,0.0,0.0
2023-02-27 00:00:00+01:00,39.720001220703125,39.80500030517578,39.56999969482422,39.584999084472656,502,0.0,0.0,0.0
2023-02-28 00:00:00+01:00,39.40999984741211,39.595001220703125,39.189998626708984,39.459999084472656,3443,0.0,0.0,0.0
2023-03-01 00:00:00+01:00,39.73500061035156,39.73500061035156,39.39500045776367,39.42499923706055,5024,0.0,0.0,0.0
2023-03-02 00:00:00+01:00,39.5,39.6150016784668,39.44499969482422,39.529998779296875,367,0.0,0.0,0.0
2023-03-03 00:00:00+01:00,39.599998474121094,39.904998779296875,39.599998474121094,39.904998779296875,398,0.0,0.0,0.0
2023-03-06 00:00:00+01:00,40.130001068115234,40.130001068115234,39.68000030517578,39.68000030517578,101,0.0,0.0,0.0
2023-03-07 00:00:00+01:00,39.5099983215332,39.75,39.5099983215332,39.650001525878906,240,0.0,0.0,0.0
2023-03-08 00:00:00+01:00,39.595001220703125,39.630001068115234,39.29499816894531,39.29499816894531,6,0.0,0.0,0.0
2023-03-09 00:00:00+01:00,39.1349983215332,39.25,38.994998931884766,38.994998931884766,1481,0.0,0.0,0.0
2023-03-10 00:00:00+01:00,38.0099983215332,38.310001373291016,37.82500076293945,38.150001525878906,1113,0.0,0.0,0.0
2023-03-13 00:00:00+01:00,37.834999084472656,38.650001525878906,37.540000915527344,38.46500015258789,4532,0.0,0.0,0.0
2023-03-14 00:00:00+01:00,38.595001220703125,38.810001373291016,38.400001525878906,38.689998626708984,882,0.0,0.0,0.0
2023-03-15 00:00:00+01:00,38.775001525878906,39.21500015258789,38.689998626708984,39.03499984741211,3144,0.0,0.0,0.0
2023-03-16 00:00:00+01:00,39.16999816894531,39.16999816894531,38.689998626708984,38.970001220703125,673,0.0,0.0,0.0
2023-03-17 00:00:00+01:00,38.95000076293945,38.95000076293945,38.31999969482422,38.400001525878906,30397,0.0,0.0,0.0
2023-03-20 00:00:00+01:00,38.19499969482422,38.45000076293945,38.099998474121094,38.375,9862,0.0,0.0,0.0
2023-03-21 00:00:00+01:00,38.76499938964844,38.77000045776367,38.400001525878906,38.400001525878906,2292,0.0,0.0,0.0
2023-03-22 00:00:00+01:00,38.369998931884766,38.369998931884766,37.96500015258789,38.0,5031,0.0,0.0,0.0
2023-03-23 00:00:00+01:00,37.505001068115234,37.970001220703125,37.505001068115234,37.709999084472656,156,0.0,0.0,0.0
2023-03-24 00:00:00+01:00,37.959999084472656,38.2599983215332,37.90999984741211,38.17499923706055,3630,0.0,0.0,0.0
2023-03-27 00:00:00+02:00,38.790000915527344,38.790000915527344,38.45000076293945,38.54499816894531,1850,0.0,0.0,0.0
2023-03-28 00:00:00+02:00,38.48500061035156,38.529998779296875,38.279998779296875,38.404998779296875,485,0.0,0.0,0.0
2023-03-29 00:00:00+02:00,38.68000030517578,38.814998626708984,38.55500030517578,38.77000045776367,1257,0.0,0.0,0.0
2023-03-30 00:00:00+02:00,38.90999984741211,38.94499969482422,38.41999816894531,38.41999816894531,130,0.0,0.0,0.0
2023-03-31 00:00:00+02:00,38.380001068115234,38.92499923706055,38.380001068115234,38.92499923706055,109,0.0,0.0,0.0
2023-04-03 00:00:00+02:00,39.2599983215332,39.2599983215332,39.01499938964844,39.05500030517578,4809,0.0,0.0,0.0
2023-04-04 00:00:00+02:00,39.185001373291016,39.20500183105469,38.595001220703125,38.6349983215332,482,0.0,0.0,0.0
2023-04-05 00:00:00+02:00,38.77000045776367,39.084999084472656,38.564998626708984,39.04499816894531,2946,0.0,0.0,0.0
2023-04-06 00:00:00+02:00,39.06999969482422,39.33000183105469,39.06999969482422,39.310001373291016,2692,0.0,0.0,0.0
2023-04-11 00:00:00+02:00,39.310001373291016,39.505001068115234,39.20500183105469,39.30500030517578,435,0.0,0.0,0.0
2023-04-12 00:00:00+02:00,39.314998626708984,39.404998779296875,39.119998931884766,39.14500045776367,44,0.0,0.0,0.0
2023-04-13 00:00:00+02:00,39.130001068115234,39.529998779296875,38.88999938964844,39.529998779296875,1479,0.0,0.0,0.0
2023-04-14 00:00:00+02:00,39.55500030517578,39.724998474121094,39.42499923706055,39.42499923706055,565,0.0,0.0,0.0
2023-04-17 00:00:00+02:00,39.689998626708984,40.209999084472656,39.474998474121094,40.10499954223633,2117,0.0,0.0,0.0
2023-04-18 00:00:00+02:00,40.15999984741211,40.15999984741211,39.61000061035156,39.650001525878906,404,0.0,0.0,0.0
2023-04-19 00:00:00+02:00,39.60499954223633,39.79499816894531,39.60499954223633,39.79499816894531,58,0.0,0.0,0.0
2023-04-20 00:00:00+02:00,39.79499816894531,39.79499816894531,39.67499923706055,39.67499923706055,1551,0.0,0.0,0.0
2023-04-21 00:00:00+02:00,39.685001373291016,39.970001220703125,39.61000061035156,39.970001220703125,635,0.0,0.0,0.0
2023-04-24 00:00:00+02:00,39.96500015258789,39.96500015258789,39.60499954223633,39.665000915527344,669,0.0,0.0,0.0
2023-04-25 00:00:00+02:00,39.529998779296875,39.775001525878906,39.529998779296875,39.709999084472656,2237,0.0,0.0,0.0
2023-04-26 00:00:00+02:00,39.17499923706055,39.17499923706055,38.38999938964844,38.56999969482422,118,0.0,0.0,0.0
2023-04-27 00:00:00+02:00,38.59000015258789,38.665000915527344,38.400001525878906,38.52000045776367,2187,0.0,0.0,0.0
2023-04-28 00:00:00+02:00,38.755001068115234,38.95000076293945,38.70000076293945,38.95000076293945,112,0.0,0.0,0.0
2023-05-02 00:00:00+02:00,39.525001525878906,39.619998931884766,39.084999084472656,39.084999084472656,5196,0.0,0.0,0.0
2023-05-03 00:00:00+02:00,39.040000915527344,39.14500045776367,38.88999938964844,39.125,873,0.0,0.0,0.0
2023-05-04 00:00:00+02:00,39.0099983215332,39.18000030517578,38.82500076293945,39.02000045776367,443,0.0,0.0,0.0
2023-05-05 00:00:00+02:00,39.18000030517578,39.845001220703125,39.11000061035156,39.584999084472656,11231,0.0,0.0,0.0
2023-05-08 00:00:00+02:00,39.599998474121094,39.70500183105469,39.290000915527344,39.415000915527344,2356,0.0,0.0,0.0
2023-05-09 00:00:00+02:00,39.494998931884766,39.63999938964844,39.494998931884766,39.63999938964844,210,0.0,0.0,0.0
2023-05-10 00:00:00+02:00,39.790000915527344,39.790000915527344,39.599998474121094,39.64500045776367,1988,0.0,0.0,0.0
2023-05-11 00:00:00+02:00,40.09000015258789,40.09000015258789,39.56999969482422,39.56999969482422,174,0.0,0.0,0.0
2023-05-12 00:00:00+02:00,39.790000915527344,39.970001220703125,39.630001068115234,39.79499816894531,3221,0.0,0.0,0.0
2023-05-15 00:00:00+02:00,40.0,40.255001068115234,39.900001525878906,40.25,4775,0.0,0.0,0.0
2023-05-16 00:00:00+02:00,40.150001525878906,40.150001525878906,39.35499954223633,39.474998474121094,520,0.0,0.0,0.0
2023-05-17 00:00:00+02:00,39.5099983215332,39.564998626708984,39.14500045776367,39.25,10238,0.0,0.0,0.0
2023-05-18 00:00:00+02:00,39.630001068115234,39.875,39.60499954223633,39.60499954223633,2803,0.0,0.0,0.0
2023-05-19 00:00:00+02:00,39.599998474121094,39.994998931884766,39.599998474121094,39.78499984741211,265,0.0,0.0,0.0
2023-05-22 00:00:00+02:00,39.97999954223633,40.150001525878906,39.83000183105469,40.150001525878906,5839,0.0,0.0,0.0
2023-05-23 00:00:00+02:00,40.14500045776367,40.650001525878906,40.06999969482422,40.650001525878906,1369,0.0,0.0,0.0
2023-05-24 00:00:00+02:00,40.29499816894531,40.29499816894531,39.69499969482422,39.834999084472656,305,0.0,0.0,0.0
2023-05-25 00:00:00+02:00,39.709999084472656,40.04999923706055,39.040000915527344,39.040000915527344,1517,0.0,0.0,0.0
2023-05-26 00:00:00+02:00,39.025001525878906,39.189998626708984,39.02000045776367,39.16999816894531,305,0.0,0.0,0.0
2023-05-29 00:00:00+02:00,39.20000076293945,39.334999084472656,39.20000076293945,39.334999084472656,30,0.0,0.0,0.0
2023-05-30 00:00:00+02:00,39.439998626708984,39.439998626708984,38.709999084472656,38.709999084472656,129,0.0,0.0,0.0
2023-05-31 00:00:00+02:00,38.869998931884766,39.08000183105469,38.869998931884766,39.064998626708984,683,0.0,0.0,0.0
2023-06-01 00:00:00+02:00,39.35499954223633,39.35499954223633,39.209999084472656,39.209999084472656,3481,0.0,0.0,0.0
2023-06-02 00:00:00+02:00,39.21500015258789,39.53499984741211,39.16999816894531,39.53499984741211,1077,0.0,0.0,0.0
2023-06-05 00:00:00+02:00,39.849998474121094,40.1150016784668,39.849998474121094,40.07500076293945,533,0.0,0.0,0.0
2023-06-06 00:00:00+02:00,39.97999954223633,40.16999816894531,39.97999954223633,40.09000015258789,1388,0.0,0.0,0.0
2023-06-07 00:00:00+02:00,40.150001525878906,40.150001525878906,39.81999969482422,39.9900016784668,3548,0.0,0.0,0.0
2023-06-08 00:00:00+02:00,39.939998626708984,39.939998626708984,39.6150016784668,39.70000076293945,2015,0.0,0.0,0.0
2023-06-09 00:00:00+02:00,39.814998626708984,39.814998626708984,39.685001373291016,39.724998474121094,689,0.0,0.0,0.0
2023-06-12 00:00:00+02:00,39.91999816894531,40.095001220703125,39.70500183105469,39.915000915527344,165,0.0,0.0,0.0
2023-06-13 00:00:00+02:00,39.96500015258789,40.18000030517578,39.880001068115234,40.18000030517578,423,0.0,0.0,0.0
2023-06-14 00:00:00+02:00,40.3849983215332,40.48500061035156,39.95000076293945,40.029998779296875,197,0.0,0.0,0.0
2023-06-15 00:00:00+02:00,39.98500061035156,39.9900016784668,39.64500045776367,39.720001220703125,1711,0.0,0.0,0.0
2023-06-16 00:00:00+02:00,39.83000183105469,40.20500183105469,39.83000183105469,39.935001373291016,523,0.0,0.0,0.0
2023-06-19 00:00:00+02:00,39.77000045776367,39.97999954223633,39.77000045776367,39.834999084472656,1182,0.0,0.0,0.0
2023-06-20 00:00:00+02:00,39.79499816894531,39.8849983215332,39.625,39.65999984741211,339,0.0,0.0,0.0
2023-06-21 00:00:00+02:00,39.689998626708984,39.720001220703125,39.279998779296875,39.31999969482422,1718,0.0,0.0,0.0
2023-06-22 00:00:00+02:00,39.244998931884766,39.45500183105469,39.095001220703125,39.45500183105469,288,0.0,0.0,0.0
2023-06-23 00:00:00+02:00,39.43000030517578,39.744998931884766,39.185001373291016,39.185001373291016,592,0.0,0.0,0.0
2023-06-26 00:00:00+02:00,39.19499969482422,39.19499969482422,38.665000915527344,38.665000915527344,316,0.0,0.0,0.0
2023-06-27 00:00:00+02:00,38.56999969482422,38.56999969482422,37.869998931884766,38.084999084472656,702,0.0,0.0,0.0
2023-06-28 00:00:00+02:00,38.03499984741211,38.209999084472656,37.845001220703125,38.209999084472656,2877,0.0,0.0,0.0
2023-06-29 00:00:00+02:00,38.48500061035156,38.48500061035156,38.26499938964844,38.42499923706055,2149,0.0,0.0,0.0
2023-06-30 00:00:00+02:00,38.404998779296875,38.82500076293945,38.404998779296875,38.43000030517578,226,0.0,0.0,0.0
2023-07-03 00:00:00+02:00,38.60499954223633,38.60499954223633,38.21500015258789,38.21500015258789,5120,0.0,0.0,0.0
2023-07-04 00:00:00+02:00,38.345001220703125,38.45500183105469,38.345001220703125,38.439998626708984,134,0.0,0.0,0.0
2023-07-05 00:00:00+02:00,38.44499969482422,38.58000183105469,38.17499923706055,38.58000183105469,3088,0.0,0.0,0.0
2023-07-06 00:00:00+02:00,38.46500015258789,38.46500015258789,37.89500045776367,37.96500015258789,262,0.0,0.0,0.0
2023-07-07 00:00:00+02:00,37.88999938964844,38.0099983215332,37.52000045776367,37.52000045776367,1264,0.0,0.0,0.0
2023-07-10 00:00:00+02:00,37.23500061035156,37.94499969482422,37.23500061035156,37.900001525878906,1256,0.0,0.0,0.0
2023-07-11 00:00:00+02:00,37.98500061035156,37.98500061035156,37.880001068115234,37.915000915527344,1160,0.0,0.0,0.0
2023-07-12 00:00:00+02:00,37.974998474121094,38.07500076293945,37.974998474121094,38.07500076293945,91,0.0,0.0,0.0
2023-07-13 00:00:00+02:00,37.93000030517578,37.93000030517578,37.775001525878906,37.814998626708984,364,0.0,0.0,0.0
2023-07-14 00:00:00+02:00,37.720001220703125,37.720001220703125,37.439998626708984,37.44499969482422,3858,0.0,0.0,0.0
2023-07-17 00:00:00+02:00,37.69499969482422,38.064998626708984,37.61000061035156,38.0,4749,0.0,0.0,0.0
2023-07-18 00:00:00+02:00,37.86000061035156,38.224998474121094,37.79499816894531,38.165000915527344,2664,0.0,0.0,0.0
2023-07-19 00:00:00+02:00,38.09000015258789,38.474998474121094,37.98500061035156,38.400001525878906,1640,0.0,0.0,0.0
2023-07-20 00:00:00+02:00,38.119998931884766,38.70000076293945,38.119998931884766,38.61000061035156,703,0.0,0.0,0.0
2023-07-21 00:00:00+02:00,38.380001068115234,38.69499969482422,38.380001068115234,38.69499969482422,456,0.0,0.0,0.0
2023-07-24 00:00:00+02:00,38.625,38.790000915527344,38.29999923706055,38.29999923706055,1345,0.0,0.0,0.0
2023-07-25 00:00:00+02:00,38.279998779296875,38.369998931884766,38.26499938964844,38.314998626708984,1873,0.0,0.0,0.0
2023-07-26 00:00:00+02:00,38.26499938964844,38.26499938964844,37.95500183105469,37.95500183105469,1382,0.0,0.0,0.0
2023-07-27 00:00:00+02:00,38.07500076293945,38.415000915527344,37.92499923706055,38.349998474121094,1589,0.0,0.0,0.0
2023-07-28 00:00:00+02:00,38.16999816894531,38.505001068115234,38.16999816894531,38.505001068115234,2073,0.0,0.0,0.0
2023-07-31 00:00:00+02:00,38.630001068115234,38.64500045776367,38.470001220703125,38.474998474121094,1206,0.0,0.0,0.0
2023-08-01 00:00:00+02:00,38.95500183105469,38.95500183105469,38.349998474121094,38.349998474121094,3896,0.0,0.0,0.0
2023-08-02 00:00:00+02:00,38.255001068115234,38.380001068115234,38.125,38.380001068115234,797,0.0,0.0,0.0
2023-08-03 00:00:00+02:00,38.290000915527344,38.47999954223633,38.189998626708984,38.244998931884766,474,0.0,0.0,0.0
2023-08-04 00:00:00+02:00,38.244998931884766,38.48500061035156,38.084999084472656,38.255001068115234,431,0.0,0.0,0.0
2023-08-07 00:00:00+02:00,38.220001220703125,38.290000915527344,37.86000061035156,37.86000061035156,900,0.0,0.0,0.0
2023-08-08 00:00:00+02:00,37.81999969482422,38.25,37.810001373291016,38.20000076293945,941,0.0,0.0,0.0
2023-08-09 00:00:00+02:00,38.369998931884766,38.47999954223633,38.29499816894531,38.439998626708984,286,0.0,0.0,0.0
2023-08-10 00:00:00+02:00,38.459999084472656,38.625,38.33000183105469,38.599998474121094,439,0.0,0.0,0.0
2023-08-11 00:00:00+02:00,38.39500045776367,38.689998626708984,38.39500045776367,38.540000915527344,489,0.0,0.0,0.0
2023-08-14 00:00:00+02:00,38.66999816894531,38.84000015258789,38.6150016784668,38.66999816894531,456,0.0,0.0,0.0
2023-08-15 00:00:00+02:00,38.790000915527344,38.790000915527344,38.46500015258789,38.68000030517578,2477,0.0,0.0,0.0
2023-08-16 00:00:00+02:00,38.775001525878906,38.775001525878906,38.44499969482422,38.44499969482422,84,0.0,0.0,0.0
2023-08-17 00:00:00+02:00,38.29499816894531,38.33000183105469,38.25,38.26499938964844,87,0.0,0.0,0.0
2023-08-18 00:00:00+02:00,38.150001525878906,38.220001220703125,38.025001525878906,38.220001220703125,775,0.0,0.0,0.0
2023-08-21 00:00:00+02:00,38.130001068115234,38.41999816894531,38.130001068115234,38.400001525878906,178,0.0,0.0,0.0
2023-08-22 00:00:00+02:00,38.60499954223633,38.89500045776367,38.60499954223633,38.8650016784668,596,0.0,0.0,0.0
2023-08-23 00:00:00+02:00,38.89500045776367,39.185001373291016,38.89500045776367,39.150001525878906,174,0.0,0.0,0.0
2023-08-24 00:00:00+02:00,39.060001373291016,39.20000076293945,38.89500045776367,38.89500045776367,7747,0.0,0.0,0.0
2023-08-25 00:00:00+02:00,38.869998931884766,38.935001373291016,38.47999954223633,38.935001373291016,920,0.0,0.0,0.0
2023-08-28 00:00:00+02:00,39.06999969482422,39.310001373291016,39.06999969482422,39.154998779296875,356,0.0,0.0,0.0
2023-08-29 00:00:00+02:00,39.165000915527344,39.44499969482422,39.154998779296875,39.20000076293945,2728,0.0,0.0,0.0
2023-08-30 00:00:00+02:00,39.32500076293945,39.32500076293945,39.03499984741211,39.150001525878906,103,0.0,0.0,0.0
2023-08-31 00:00:00+02:00,39.209999084472656,39.400001525878906,39.209999084472656,39.349998474121094,26,0.0,0.0,0.0
2023-09-01 00:00:00+02:00,39.20000076293945,39.755001068115234,39.130001068115234,39.755001068115234,5228,0.0,0.0,0.0
2023-09-04 00:00:00+02:00,39.7599983215332,39.7599983215332,39.55500030517578,39.59000015258789,6181,0.0,0.0,0.0
2023-09-05 00:00:00+02:00,39.44499969482422,39.81999969482422,39.44499969482422,39.72999954223633,542,0.0,0.0,0.0
2023-09-06 00:00:00+02:00,39.310001373291016,39.310001373291016,39.03499984741211,39.03499984741211,360,0.0,0.0,0.0
2023-09-07 00:00:00+02:00,39.1150016784668,39.220001220703125,39.095001220703125,39.165000915527344,1737,0.0,0.0,0.0
2023-09-08 00:00:00+02:00,39.16999816894531,39.47999954223633,39.16999816894531,39.47999954223633,425,0.0,0.0,0.0
2023-09-11 00:00:00+02:00,39.224998474121094,39.459999084472656,39.21500015258789,39.334999084472656,1968,0.0,0.0,0.0
2023-09-12 00:00:00+02:00,39.38999938964844,39.459999084472656,39.369998931884766,39.38999938964844,199,0.0,0.0,0.0
2023-09-13 00:00:00+02:00,39.39500045776367,39.439998626708984,39.279998779296875,39.439998626708984,912,0.0,0.0,0.0
2023-09-14 00:00:00+02:00,39.220001220703125,39.63999938964844,39.17499923706055,39.63999938964844,56,0.0,0.0,0.0
2023-09-15 00:00:00+02:00,39.78499984741211,39.78499984741211,39.19499969482422,39.345001220703125,3730,0.0,0.0,0.0
2023-09-18 00:00:00+02:00,39.33000183105469,39.334999084472656,38.744998931884766,38.80500030517578,2454,0.0,0.0,0.0
2023-09-19 00:00:00+02:00,38.7599983215332,38.810001373291016,38.60499954223633,38.654998779296875,992,0.0,0.0,0.0
2023-09-20 00:00:00+02:00,38.904998779296875,39.0,38.78499984741211,38.82500076293945,4166,0.0,0.0,0.0
2023-09-21 00:00:00+02:00,38.630001068115234,38.66999816894531,38.314998626708984,38.314998626708984,101,0.0,0.0,0.0
2023-09-22 00:00:00+02:00,38.39500045776367,38.540000915527344,38.20500183105469,38.30500030517578,1016,0.0,0.0,0.0
2023-09-25 00:00:00+02:00,38.19499969482422,38.404998779296875,38.165000915527344,38.290000915527344,2404,0.0,0.0,0.0
2023-09-26 00:00:00+02:00,38.19499969482422,38.72999954223633,38.19499969482422,38.63999938964844,2399,0.0,0.0,0.0
2023-09-27 00:00:00+02:00,38.78499984741211,39.06999969482422,38.78499984741211,38.95500183105469,872,0.0,0.0,0.0
2023-09-28 00:00:00+02:00,39.040000915527344,39.13999938964844,38.6150016784668,38.67499923706055,72,0.0,0.0,0.0
2023-09-29 00:00:00+02:00,38.72999954223633,38.904998779296875,38.650001525878906,38.650001525878906,2554,0.0,0.0,0.0
2023-10-02 00:00:00+02:00,38.724998474121094,38.779998779296875,38.43000030517578,38.52000045776367,6049,0.0,0.0,0.0
2023-10-03 00:00:00+02:00,38.435001373291016,38.435001373291016,37.880001068115234,37.880001068115234,391,0.0,0.0,0.0
2023-10-04 00:00:00+02:00,38.005001068115234,38.005001068115234,37.7400016784668,37.82500076293945,2413,0.0,0.0,0.0
2023-10-05 00:00:00+02:00,38.025001525878906,38.1349983215332,38.025001525878906,38.07500076293945,2,0.0,0.0,0.0
2023-10-06 00:00:00+02:00,38.560001373291016,38.599998474121094,38.459999084472656,38.52000045776367,1996,0.0,0.0,0.0
2023-10-09 00:00:00+02:00,38.369998931884766,38.72999954223633,38.04499816894531,38.33000183105469,824,0.0,0.0,0.0
2023-10-10 00:00:00+02:00,38.529998779296875,38.7400016784668,38.310001373291016,38.7400016784668,9249,0.0,0.0,0.0
2023-10-11 00:00:00+02:00,38.65999984741211,38.75,38.47999954223633,38.599998474121094,631,0.0,0.0,0.0
2023-10-12 00:00:00+02:00,38.7599983215332,38.875,38.625,38.65999984741211,2001,0.0,0.0,0.0
2023-10-13 00:00:00+02:00,38.494998931884766,38.5099983215332,38.33000183105469,38.5099983215332,135,0.0,0.0,0.0
2023-10-16 00:00:00+02:00,38.599998474121094,38.689998626708984,38.415000915527344,38.689998626708984,3191,0.0,0.0,0.0
2023-10-17 00:00:00+02:00,38.665000915527344,38.79999923706055,38.55500030517578,38.625,486,0.0,0.0,0.0
2023-10-18 00:00:00+02:00,38.4900016784668,38.51499938964844,38.244998931884766,38.2599983215332,979,0.0,0.0,0.0
2023-10-19 00:00:00+02:00,37.91999816894531,37.91999816894531,37.31999969482422,37.31999969482422,480,0.0,0.0,0.0
2023-10-20 00:00:00+02:00,37.11000061035156,37.31999969482422,37.0,37.040000915527344,8183,0.0,0.0,0.0
2023-10-23 00:00:00+02:00,36.994998931884766,36.994998931884766,36.529998779296875,36.59000015258789,427,0.0,0.0,0.0
2023-10-24 00:00:00+02:00,36.279998779296875,37.060001373291016,36.279998779296875,37.060001373291016,866,0.0,0.0,0.0
2023-10-25 00:00:00+02:00,36.89500045776367,37.06999969482422,36.564998626708984,36.625,767,0.0,0.0,0.0
2023-10-26 00:00:00+02:00,36.439998626708984,36.71500015258789,36.369998931884766,36.71500015258789,1220,0.0,0.0,0.0
2023-10-27 00:00:00+02:00,36.48500061035156,36.54499816894531,35.72999954223633,35.72999954223633,231,0.0,0.0,0.0
2023-10-30 00:00:00+01:00,35.755001068115234,35.790000915527344,35.61000061035156,35.744998931884766,114,0.0,0.0,0.0
2023-10-31 00:00:00+01:00,35.685001373291016,35.79999923706055,35.224998474121094,35.79999923706055,3980,0.0,0.0,0.0
2023-11-01 00:00:00+01:00,36.3650016784668,36.400001525878906,35.959999084472656,36.400001525878906,6176,0.0,0.0,0.0
2023-11-02 00:00:00+01:00,36.470001220703125,36.72999954223633,36.470001220703125,36.72999954223633,1238,0.0,0.0,0.0
2023-11-03 00:00:00+01:00,36.959999084472656,37.5,36.779998779296875,37.404998779296875,2089,0.0,0.0,0.0
2023-11-06 00:00:00+01:00,37.25,37.38999938964844,37.220001220703125,37.244998931884766,915,0.0,0.0,0.0
2023-11-07 00:00:00+01:00,37.095001220703125,37.43000030517578,37.040000915527344,37.43000030517578,676,0.0,0.0,0.0
2023-11-08 00:00:00+01:00,37.40999984741211,37.494998931884766,36.75,36.75,1018,0.0,0.0,0.0
2023-11-09 00:00:00+01:00,36.755001068115234,36.91999816894531,35.97999954223633,36.0,23,0.0,0.0,0.0
2023-11-10 00:00:00+01:00,35.78499984741211,35.78499984741211,35.34000015258789,35.38999938964844,1262,0.0,0.0,0.0
2023-11-13 00:00:00+01:00,35.7599983215332,35.845001220703125,35.39500045776367,35.48500061035156,6606,0.0,0.0,0.0
2023-11-14 00:00:00+01:00,35.810001373291016,36.185001373291016,35.71500015258789,36.099998474121094,763,0.0,0.0,0.0
2023-11-15 00:00:00+01:00,36.1349983215332,36.439998626708984,36.0,36.189998626708984,3278,0.0,0.0,0.0
2023-11-16 00:00:00+01:00,36.03499984741211,36.095001220703125,35.584999084472656,35.65999984741211,1051,0.0,0.0,0.0
2023-11-17 00:00:00+01:00,35.779998779296875,35.814998626708984,35.720001220703125,35.76499938964844,1096,0.0,0.0,0.0
2023-11-20 00:00:00+01:00,35.88999938964844,35.974998474121094,35.724998474121094,35.915000915527344,1387,0.0,0.0,0.0
2023-11-21 00:00:00+01:00,35.92499923706055,35.970001220703125,35.33000183105469,35.790000915527344,208,0.0,0.0,0.0
2023-11-22 00:00:00+01:00,35.71500015258789,35.96500015258789,35.650001525878906,35.90999984741211,2482,0.0,0.0,0.0
2023-11-23 00:00:00+01:00,35.95500183105469,36.04499816894531,35.95500183105469,36.005001068115234,691,0.0,0.0,0.0
2023-11-24 00:00:00+01:00,35.935001373291016,36.11000061035156,35.935001373291016,36.040000915527344,148,0.0,0.0,0.0
2023-11-27 00:00:00+01:00,35.92499923706055,35.97999954223633,35.70500183105469,35.720001220703125,1266,0.0,0.0,0.0
2023-11-28 00:00:00+01:00,35.78499984741211,35.78499984741211,35.48500061035156,35.4900016784668,1017,0.0,0.0,0.0
2023-11-29 00:00:00+01:00,35.58000183105469,36.1349983215332,35.564998626708984,35.93000030517578,1016,0.0,0.0,0.0
2023-11-30 00:00:00+01:00,36.005001068115234,36.709999084472656,36.005001068115234,36.709999084472656,114,0.0,0.0,0.0
2023-12-01 00:00:00+01:00,36.775001525878906,36.96500015258789,36.654998779296875,36.96500015258789,7097,0.0,0.0,0.0
2023-12-04 00:00:00+01:00,36.96500015258789,36.96500015258789,36.96500015258789,36.96500015258789,0,0.0,0.0,0.0
2023-12-05 00:00:00+01:00,36.96500015258789,36.96500015258789,36.96500015258789,36.96500015258789,0,0.0,0.0,0.0
2023-12-06 00:00:00+01:00,36.96500015258789,36.96500015258789,36.96500015258789,36.96500015258789,0,0.0,0.0,0.0
2023-12-07 00:00:00+01:00,38.125,38.220001220703125,37.95500183105469,38.220001220703125,3939,0.0,0.0,0.0
2023-12-08 00:00:00+01:00,38.28499984741211,38.34000015258789,37.970001220703125,38.25,333,0.0,0.0,0.0
2023-12-11 00:00:00+01:00,38.095001220703125,38.14500045776367,38.025001525878906,38.07500076293945,4234,0.0,0.0,0.0
2023-12-12 00:00:00+01:00,38.40999984741211,38.47999954223633,38.22999954223633,38.47999954223633,982,0.0,0.0,0.0
2023-12-13 00:00:00+01:00,38.755001068115234,39.43000030517578,38.720001220703125,39.3650016784668,1817,0.0,0.0,0.0
2023-12-14 00:00:00+01:00,40.119998931884766,40.29999923706055,39.779998779296875,39.85499954223633,5093,0.0,0.0,0.0
2023-12-15 00:00:00+01:00,39.994998931884766,40.14500045776367,39.78499984741211,39.82500076293945,3049,0.0,0.0,0.0
2023-12-18 00:00:00+01:00,39.90999984741211,39.9900016784668,39.42499923706055,39.560001373291016,1219,0.0,0.0,0.0
2023-12-19 00:00:00+01:00,39.58000183105469,39.845001220703125,39.564998626708984,39.845001220703125,4710,0.0,0.0,0.0
2023-12-20 00:00:00+01:00,39.900001525878906,39.92499923706055,39.58000183105469,39.599998474121094,6383,0.0,0.0,0.0
2023-12-21 00:00:00+01:00,39.20500183105469,39.55500030517578,39.07500076293945,39.34000015258789,1522,0.0,0.0,0.0
2023-12-22 00:00:00+01:00,39.21500015258789,40.334999084472656,39.16999816894531,40.334999084472656,3750,0.0,0.0,0.0
2023-12-27 00:00:00+01:00,40.6150016784668,40.79999923706055,40.51499938964844,40.595001220703125,1111,0.0,0.0,0.0
2023-12-28 00:00:00+01:00,41.05500030517578,41.26499938964844,40.869998931884766,41.19499969482422,1198,0.0,0.0,0.0
2023-12-29 00:00:00+01:00,41.20000076293945,41.310001373291016,41.06999969482422,41.18000030517578,1577,0.0,0.0,0.0
2024-01-02 00:00:00+01:00,41.39500045776367,42.09000015258789,40.81999969482422,42.040000915527344,7309,0.0,0.0,0.0
2024-01-03 00:00:00+01:00,42.04999923706055,42.154998779296875,41.4900016784668,41.9900016784668,3469,0.0,0.0,0.0
2024-01-04 00:00:00+01:00,41.845001220703125,41.845001220703125,41.55500030517578,41.82500076293945,980,0.0,0.0,0.0
2024-01-05 00:00:00+01:00,41.88999938964844,41.88999938964844,41.255001068115234,41.665000915527344,1659,0.0,0.0,0.0
2024-01-08 00:00:00+01:00,41.689998626708984,41.85499954223633,41.34000015258789,41.540000915527344,2854,0.0,0.0,0.0
2024-01-09 00:00:00+01:00,42.53499984741211,42.790000915527344,42.435001373291016,42.790000915527344,3553,0.0,0.0,0.0
2024-01-10 00:00:00+01:00,42.79999923706055,42.79999923706055,42.165000915527344,42.220001220703125,1196,0.0,0.0,0.0
2024-01-11 00:00:00+01:00,42.470001220703125,42.474998474121094,41.79999923706055,41.79999923706055,1241,0.0,0.0,0.0
2024-01-12 00:00:00+01:00,41.91999816894531,42.474998474121094,41.91999816894531,42.154998779296875,714,0.0,0.0,0.0
2024-01-15 00:00:00+01:00,42.26499938964844,42.26499938964844,42.08000183105469,42.185001373291016,1311,0.0,0.0,0.0
2024-01-16 00:00:00+01:00,42.05500030517578,42.15999984741211,41.82500076293945,42.08000183105469,5623,0.0,0.0,0.0
2024-01-17 00:00:00+01:00,41.77000045776367,41.904998779296875,41.3849983215332,41.88999938964844,2065,0.0,0.0,0.0
2024-01-18 00:00:00+01:00,41.790000915527344,41.935001373291016,41.400001525878906,41.4900016784668,2022,0.0,0.0,0.0
2024-01-19 00:00:00+01:00,41.6150016784668,41.69499969482422,41.48500061035156,41.48500061035156,1243,0.0,0.0,0.0
2024-01-22 00:00:00+01:00,41.665000915527344,41.935001373291016,41.5,41.654998779296875,8491,0.0,0.0,0.0
2024-01-23 00:00:00+01:00,41.880001068115234,42.1150016784668,41.790000915527344,41.89500045776367,1015,0.0,0.0,0.0
2024-01-24 00:00:00+01:00,42.279998779296875,42.34000015258789,41.80500030517578,41.86000061035156,2688,0.0,0.0,0.0
2024-01-25 00:00:00+01:00,41.71500015258789,42.16999816894531,41.625,42.084999084472656,4131,0.0,0.0,0.0
2024-01-26 00:00:00+01:00,42.244998931884766,42.29499816894531,41.689998626708984,41.9900016784668,1473,0.0,0.0,0.0
2024-01-29 00:00:00+01:00,42.029998779296875,42.380001068115234,41.96500015258789,42.380001068115234,7165,0.0,0.0,0.0
2024-01-30 00:00:00+01:00,42.67499923706055,42.790000915527344,42.15999984741211,42.33000183105469,3846,0.0,0.0,0.0
2024-01-31 00:00:00+01:00,42.474998474121094,42.54999923706055,42.09000015258789,42.09000015258789,1108,0.0,0.0,0.0
2024-02-01 00:00:00+01:00,42.18000030517578,42.224998474121094,41.69499969482422,41.81999969482422,3561,0.0,0.0,0.0
2024-02-02 00:00:00+01:00,42.16999816894531,42.185001373291016,41.77000045776367,41.849998474121094,1237,0.0,0.0,0.0
2024-02-05 00:00:00+01:00,41.72999954223633,42.0,41.72999954223633,41.96500015258789,1068,0.0,0.0,0.0
2024-02-06 00:00:00+01:00,42.189998626708984,42.44499969482422,42.150001525878906,42.30500030517578,2554,0.0,0.0,0.0
2024-02-07 00:00:00+01:00,42.404998779296875,42.404998779296875,41.915000915527344,42.0099983215332,1976,0.0,0.0,0.0
2024-02-08 00:00:00+01:00,41.61000061035156,41.755001068115234,41.51499938964844,41.51499938964844,3921,0.0,0.0,0.0
2024-02-09 00:00:00+01:00,41.6349983215332,41.875,41.6349983215332,41.75,1417,0.0,0.0,0.0
2024-02-12 00:00:00+01:00,41.75,42.18000030517578,41.75,42.09000015258789,802,0.0,0.0,0.0
2024-02-13 00:00:00+01:00,42.29999923706055,42.39500045776367,41.560001373291016,41.81999969482422,1715,0.0,0.0,0.0
2024-02-14 00:00:00+01:00,41.65999984741211,41.849998474121094,41.65999984741211,41.79499816894531,2563,0.0,0.0,0.0
2024-02-15 00:00:00+01:00,42.20500183105469,42.400001525878906,42.09000015258789,42.255001068115234,4500,0.0,0.0,0.0
2024-02-16 00:00:00+01:00,42.38999938964844,42.57500076293945,42.20000076293945,42.314998626708984,6109,0.0,0.0,0.0
2024-02-19 00:00:00+01:00,42.3650016784668,42.369998931884766,42.20500183105469,42.23500061035156,1075,0.0,0.0,0.0
2024-02-20 00:00:00+01:00,42.084999084472656,42.17499923706055,41.90999984741211,41.90999984741211,295,0.0,0.0,0.0
2024-02-21 00:00:00+01:00,41.880001068115234,41.994998931884766,41.73500061035156,41.810001373291016,783,0.0,0.0,0.0
2024-02-22 00:00:00+01:00,42.05500030517578,42.35499954223633,41.849998474121094,42.35499954223633,2451,0.0,0.0,0.0
2024-02-23 00:00:00+01:00,42.45500183105469,43.005001068115234,42.35499954223633,42.849998474121094,3966,0.0,0.0,0.0
2024-02-26 00:00:00+01:00,42.79999923706055,43.064998626708984,42.57500076293945,42.935001373291016,1072,0.0,0.0,0.0
2024-02-27 00:00:00+01:00,43.18000030517578,43.56999969482422,43.095001220703125,43.56999969482422,679,0.0,0.0,0.0
2024-02-28 00:00:00+01:00,43.724998474121094,43.724998474121094,43.255001068115234,43.34000015258789,3703,0.0,0.0,0.0
2024-02-29 00:00:00+01:00,43.064998626708984,43.2400016784668,42.56999969482422,42.60499954223633,2637,0.0,0.0,0.0
2024-03-01 00:00:00+01:00,42.494998931884766,43.16999816894531,42.224998474121094,43.130001068115234,4264,0.0,0.0,0.0
2024-03-04 00:00:00+01:00,42.88999938964844,43.1150016784668,42.39500045776367,42.39500045776367,2008,0.0,0.0,0.0
2024-03-05 00:00:00+01:00,42.51499938964844,42.70500183105469,42.08000183105469,42.130001068115234,5386,0.0,0.0,0.0
2024-03-06 00:00:00+01:00,42.13999938964844,42.26499938964844,42.099998474121094,42.20000076293945,1069,0.0,0.0,0.0
2024-03-07 00:00:00+01:00,41.97999954223633,42.2599983215332,41.93000030517578,41.98500061035156,158,0.0,0.0,0.0
2024-03-08 00:00:00+01:00,42.02000045776367,42.400001525878906,42.0,42.275001525878906,1198,0.0,0.0,0.0
2024-03-11 00:00:00+01:00,42.08000183105469,42.529998779296875,42.060001373291016,42.2599983215332,6107,0.0,0.0,0.0
2024-03-12 00:00:00+01:00,42.165000915527344,42.20500183105469,41.875,41.875,2993,0.0,0.0,0.0
2024-03-13 00:00:00+01:00,41.88999938964844,42.01499938964844,41.88999938964844,41.9900016784668,169,0.0,0.0,0.0
2024-03-14 00:00:00+01:00,42.09000015258789,42.09000015258789,41.44499969482422,41.494998931884766,1865,0.0,0.0,0.0
2024-03-15 00:00:00+01:00,41.595001220703125,41.595001220703125,41.3650016784668,41.404998779296875,4076,0.0,0.0,0.0
2024-03-18 00:00:00+01:00,41.3849983215332,41.900001525878906,41.34000015258789,41.54999923706055,2379,0.0,0.0,0.0
2024-03-19 00:00:00+01:00,41.3650016784668,41.599998474121094,41.275001525878906,41.599998474121094,485,0.0,0.0,0.0
2024-03-20 00:00:00+01:00,41.58000183105469,41.595001220703125,41.1349983215332,41.27000045776367,709,0.0,0.0,0.0
2024-03-21 00:00:00+01:00,41.79499816894531,42.25,41.79499816894531,42.09000015258789,3489,0.0,0.0,0.0
2024-03-22 00:00:00+01:00,42.154998779296875,42.21500015258789,41.935001373291016,41.95500183105469,375,0.0,0.0,0.0
2024-03-25 00:00:00+01:00,41.85499954223633,41.9900016784668,41.72999954223633,41.775001525878906,1273,0.0,0.0,0.0
2024-03-26 00:00:00+01:00,41.915000915527344,41.92499923706055,41.744998931884766,41.880001068115234,2139,0.0,0.0,0.0
2024-03-27 00:00:00+01:00,41.935001373291016,42.404998779296875,41.935001373291016,42.404998779296875,8276,0.0,0.0,0.0
2024-03-28 00:00:00+01:00,42.53499984741211,42.70000076293945,42.38999938964844,42.529998779296875,1874,0.0,0.0,0.0
2024-04-02 00:00:00+02:00,42.70000076293945,42.70000076293945,41.51499938964844,41.61000061035156,4972,0.0,0.0,0.0
2024-04-03 00:00:00+02:00,41.31999969482422,41.43000030517578,40.81999969482422,41.19499969482422,1420,0.0,0.0,0.0
2024-04-04 00:00:00+02:00,41.130001068115234,41.32500076293945,41.084999084472656,41.185001373291016,1184,0.0,0.0,0.0
2024-04-05 00:00:00+02:00,40.915000915527344,40.915000915527344,40.494998931884766,40.790000915527344,2848,0.0,0.0,0.0
2024-04-08 00:00:00+02:00,40.775001525878906,40.900001525878906,40.665000915527344,40.720001220703125,1018,0.0,0.0,0.0
2024-04-09 00:00:00+02:00,40.81999969482422,41.17499923706055,40.709999084472656,41.07500076293945,2160,0.0,0.0,0.0
2024-04-10 00:00:00+02:00,41.29499816894531,41.349998474121094,40.76499938964844,40.83000183105469,679,0.0,0.0,0.0
2024-04-11 00:00:00+02:00,41.084999084472656,41.42499923706055,40.92499923706055,41.1349983215332,296,0.0,0.0,0.0
2024-04-12 00:00:00+02:00,41.44499969482422,41.52000045776367,41.040000915527344,41.040000915527344,1965,0.0,0.0,0.0
2024-04-15 00:00:00+02:00,40.94499969482422,40.94499969482422,40.474998474121094,40.709999084472656,21395,0.0,0.0,0.0
2024-04-16 00:00:00+02:00,40.3650016784668,40.3650016784668,40.029998779296875,40.34000015258789,4157,0.0,0.0,0.0
2024-04-17 00:00:00+02:00,39.974998474121094,40.185001373291016,39.8849983215332,39.8849983215332,2519,0.0,0.0,0.0
2024-04-18 00:00:00+02:00,39.72999954223633,39.72999954223633,39.39500045776367,39.5099983215332,1649,0.0,0.0,0.0
2024-04-19 00:00:00+02:00,39.20000076293945,39.55500030517578,39.14500045776367,39.29499816894531,2906,0.0,0.0,0.0
2024-04-22 00:00:00+02:00,39.5099983215332,39.79999923706055,39.5099983215332,39.61000061035156,2262,0.0,0.0,0.0
2024-04-23 00:00:00+02:00,39.875,40.38999938964844,39.72999954223633,40.31999969482422,2275,0.0,0.0,0.0
2024-04-24 00:00:00+02:00,40.14500045776367,40.349998474121094,40.040000915527344,40.14500045776367,469,0.0,0.0,0.0
2024-04-25 00:00:00+02:00,39.6349983215332,40.21500015258789,39.20000076293945,39.20000076293945,754,0.0,0.0,0.0
2024-04-26 00:00:00+02:00,39.3849983215332,39.869998931884766,39.26499938964844,39.78499984741211,142,0.0,0.0,0.0
2024-04-29 00:00:00+02:00,39.900001525878906,40.595001220703125,39.8849983215332,40.54999923706055,740,0.0,0.0,0.0
2024-04-30 00:00:00+02:00,40.599998474121094,40.599998474121094,40.10499954223633,40.44499969482422,88,0.0,0.0,0.0
2024-05-02 00:00:00+02:00,41.314998626708984,41.40999984741211,41.03499984741211,41.35499954223633,5289,0.0,0.0,0.0
2024-05-03 00:00:00+02:00,41.98500061035156,42.20000076293945,41.75,41.915000915527344,1014,0.0,0.0,0.0
2024-05-06 00:00:00+02:00,42.150001525878906,42.209999084472656,41.63999938964844,41.685001373291016,461,0.0,0.0,0.0
2024-05-07 00:00:00+02:00,42.1349983215332,42.1349983215332,41.7400016784668,41.994998931884766,552,0.0,0.0,0.0
2024-05-08 00:00:00+02:00,42.125,42.15999984741211,41.80500030517578,41.9900016784668,1539,0.0,0.0,0.0
2024-05-09 00:00:00+02:00,41.834999084472656,41.939998626708984,41.720001220703125,41.790000915527344,1493,0.0,0.0,0.0
2024-05-10 00:00:00+02:00,41.96500015258789,42.06999969482422,41.54499816894531,41.630001068115234,2015,0.0,0.0,0.0
2024-05-13 00:00:00+02:00,41.59000015258789,42.095001220703125,41.540000915527344,41.95000076293945,7435,0.0,0.0,0.0
2024-05-14 00:00:00+02:00,42.025001525878906,42.20000076293945,41.95500183105469,42.005001068115234,1528,0.0,0.0,0.0
2024-05-15 00:00:00+02:00,42.18000030517578,42.349998474121094,42.07500076293945,42.34000015258789,2390,0.0,0.0,0.0
2024-05-16 00:00:00+02:00,42.35499954223633,42.3849983215332,42.060001373291016,42.28499984741211,4248,0.0,0.0,0.0
2024-05-17 00:00:00+02:00,42.439998626708984,42.51499938964844,42.10499954223633,42.119998931884766,322,0.0,0.0,0.0
2024-05-20 00:00:00+02:00,42.154998779296875,42.375,42.119998931884766,42.375,1492,0.0,0.0,0.0
2024-05-21 00:00:00+02:00,42.54999923706055,42.54999923706055,42.2599983215332,42.310001373291016,295,0.0,0.0,0.0
2024-05-22 00:00:00+02:00,42.42499923706055,42.98500061035156,42.35499954223633,42.94499969482422,2367,0.0,0.0,0.0
2024-05-23 00:00:00+02:00,43.14500045776367,43.14500045776367,42.3849983215332,42.59000015258789,3103,0.0,0.0,0.0
2024-05-24 00:00:00+02:00,42.2599983215332,42.349998474121094,42.07500076293945,42.34000015258789,1713,0.0,0.0,0.0
2024-05-27 00:00:00+02:00,42.07500076293945,42.22999954223633,42.07500076293945,42.189998626708984,480,0.0,0.0,0.0
2024-05-28 00:00:00+02:00,42.20500183105469,42.439998626708984,41.48500061035156,41.58000183105469,1779,0.0,0.0,0.0
2024-05-29 00:00:00+02:00,41.3849983215332,41.45000076293945,40.96500015258789,41.19499969482422,4402,0.0,0.0,0.0
2024-05-30 00:00:00+02:00,41.244998931884766,41.400001525878906,41.19499969482422,41.35499954223633,4244,0.0,0.0,0.0
2024-05-31 00:00:00+02:00,41.724998474121094,42.22999954223633,41.56999969482422,41.94499969482422,13968,0.0,0.0,0.0
2024-06-03 00:00:00+02:00,42.39500045776367,43.02000045776367,41.665000915527344,42.790000915527344,19414,0.0,0.0,0.0
2024-06-04 00:00:00+02:00,42.400001525878906,42.880001068115234,42.31999969482422,42.31999969482422,719,0.0,0.0,0.0
2024-06-05 00:00:00+02:00,42.474998474121094,43.099998474121094,42.459999084472656,43.095001220703125,1559,0.0,0.0,0.0
2024-06-06 00:00:00+02:00,43.220001220703125,43.314998626708984,43.1349983215332,43.18000030517578,3612,0.0,0.0,0.0
2024-06-07 00:00:00+02:00,43.119998931884766,43.33000183105469,42.814998626708984,43.33000183105469,793,0.0,0.0,0.0
2024-06-10 00:00:00+02:00,43.185001373291016,43.42499923706055,42.900001525878906,43.1349983215332,8819,0.0,0.0,0.0
2024-06-11 00:00:00+02:00,43.38999938964844,43.38999938964844,43.15999984741211,43.224998474121094,89,0.0,0.0,0.0
2024-06-12 00:00:00+02:00,43.45500183105469,43.78499984741211,43.30500030517578,43.439998626708984,2912,0.0,0.0,0.0
2024-06-13 00:00:00+02:00,43.41999816894531,43.69499969482422,43.31999969482422,43.69499969482422,2948,0.0,0.0,0.0
2024-06-14 00:00:00+02:00,43.63999938964844,43.665000915527344,43.474998474121094,43.58000183105469,534,0.0,0.0,0.0
2024-06-17 00:00:00+02:00,43.650001525878906,43.70000076293945,43.10499954223633,43.10499954223633,2737,0.0,0.0,0.0
2024-06-18 00:00:00+02:00,43.119998931884766,43.15999984741211,42.78499984741211,42.834999084472656,1578,0.0,0.0,0.0
2024-06-19 00:00:00+02:00,42.68000030517578,42.68000030517578,42.51499938964844,42.599998474121094,2038,0.0,0.0,0.0
2024-06-20 00:00:00+02:00,42.75,43.029998779296875,42.59000015258789,43.029998779296875,1258,0.0,0.0,0.0
2024-06-21 00:00:00+02:00,43.39500045776367,43.8650016784668,43.39500045776367,43.83000183105469,4482,0.0,0.0,0.0
2024-06-24 00:00:00+02:00,43.900001525878906,44.83000183105469,43.900001525878906,44.83000183105469,993,0.0,0.0,0.0
2024-06-25 00:00:00+02:00,44.80500030517578,45.125,44.7400016784668,44.994998931884766,1477,0.0,0.0,0.0
2024-06-26 00:00:00+02:00,44.724998474121094,44.78499984741211,44.20500183105469,44.35499954223633,4068,0.0,0.0,0.0
2024-06-27 00:00:00+02:00,44.1349983215332,44.1349983215332,43.84000015258789,44.04999923706055,1184,0.0,0.0,0.0
2024-06-28 00:00:00+02:00,44.26499938964844,44.369998931884766,43.779998779296875,43.880001068115234,4409,0.0,0.0,0.0
2024-07-01 00:00:00+02:00,43.95000076293945,44.404998779296875,43.744998931884766,43.96500015258789,2797,0.0,0.0,0.0
2024-07-02 00:00:00+02:00,43.775001525878906,43.78499984741211,43.53499984741211,43.53499984741211,1179,0.0,0.0,0.0
2024-07-03 00:00:00+02:00,43.334999084472656,43.4900016784668,42.654998779296875,42.775001525878906,2915,0.0,0.0,0.0
2024-07-04 00:00:00+02:00,42.75,42.810001373291016,42.619998931884766,42.724998474121094,293,0.0,0.0,0.0
2024-07-05 00:00:00+02:00,42.685001373291016,42.845001220703125,42.56999969482422,42.845001220703125,2311,0.0,0.0,0.0
2024-07-08 00:00:00+02:00,43.060001373291016,43.724998474121094,43.04499816894531,43.400001525878906,493,0.0,0.0,0.0
2024-07-09 00:00:00+02:00,43.69499969482422,43.80500030517578,43.59000015258789,43.71500015258789,5709,0.0,0.0,0.0
2024-07-10 00:00:00+02:00,44.099998474121094,44.415000915527344,44.099998474121094,44.25,2698,0.0,0.0,0.0
2024-07-11 00:00:00+02:00,44.619998931884766,45.46500015258789,44.525001525878906,45.46500015258789,7723,0.0,0.0,0.0
2024-07-12 00:00:00+02:00,45.720001220703125,46.0,45.689998626708984,45.720001220703125,1592,0.0,0.0,0.0
2024-07-15 00:00:00+02:00,46.26499938964844,46.26499938964844,45.5099983215332,45.73500061035156,2305,0.0,0.0,0.0
2024-07-16 00:00:00+02:00,45.90999984741211,46.584999084472656,45.790000915527344,46.439998626708984,2067,0.0,0.0,0.0
2024-07-17 00:00:00+02:00,46.345001220703125,46.415000915527344,45.72999954223633,45.72999954223633,605,0.0,0.0,0.0
2024-07-18 00:00:00+02:00,46.06999969482422,46.51499938964844,45.900001525878906,45.900001525878906,749,0.0,0.0,0.0
2024-07-19 00:00:00+02:00,45.439998626708984,45.46500015258789,45.26499938964844,45.26499938964844,466,0.0,0.0,0.0
2024-07-22 00:00:00+02:00,45.435001373291016,45.709999084472656,45.40999984741211,45.560001373291016,58,0.0,0.0,0.0
2024-07-23 00:00:00+02:00,45.869998931884766,46.099998474121094,45.82500076293945,46.025001525878906,1448,0.0,0.0,0.0
2024-07-24 00:00:00+02:00,45.79999923706055,45.93000030517578,45.720001220703125,45.93000030517578,528,0.0,0.0,0.0
2024-07-25 00:00:00+02:00,46.099998474121094,47.1150016784668,45.900001525878906,46.790000915527344,5784,0.0,0.0,0.0
2024-07-26 00:00:00+02:00,46.76499938964844,46.96500015258789,46.56999969482422,46.7400016784668,3704,0.0,0.0,0.0
2024-07-29 00:00:00+02:00,46.904998779296875,47.03499984741211,46.48500061035156,46.48500061035156,8116,0.0,0.0,0.0
2024-07-30 00:00:00+02:00,46.66999816894531,46.95500183105469,46.47999954223633,46.494998931884766,553,0.0,0.0,0.0
2024-07-31 00:00:00+02:00,46.64500045776367,46.790000915527344,46.1349983215332,46.70500183105469,10681,0.0,0.0,0.0
2024-08-01 00:00:00+02:00,46.78499984741211,46.78499984741211,46.14500045776367,46.209999084472656,4562,0.0,0.0,0.0
2024-08-02 00:00:00+02:00,45.95500183105469,45.95500183105469,44.31999969482422,44.31999969482422,2452,0.0,0.0,0.0
2024-08-05 00:00:00+02:00,43.42499923706055,43.810001373291016,42.7599983215332,43.279998779296875,2093,0.0,0.0,0.0
2024-08-06 00:00:00+02:00,43.720001220703125,44.0,43.439998626708984,43.82500076293945,2851,0.0,0.0,0.0
2024-08-07 00:00:00+02:00,43.89500045776367,44.130001068115234,43.70500183105469,43.744998931884766,2011,0.0,0.0,0.0
2024-08-08 00:00:00+02:00,43.0099983215332,43.880001068115234,42.84000015258789,43.880001068115234,182,0.0,0.0,0.0
2024-08-09 00:00:00+02:00,44.185001373291016,44.369998931884766,44.119998931884766,44.119998931884766,416,0.0,0.0,0.0
2024-08-12 00:00:00+02:00,44.185001373291016,44.279998779296875,43.72999954223633,43.88999938964844,10803,0.0,0.0,0.0
2024-08-13 00:00:00+02:00,44.17499923706055,44.34000015258789,43.994998931884766,44.30500030517578,3157,0.0,0.0,0.0
2024-08-14 00:00:00+02:00,44.290000915527344,44.33000183105469,43.814998626708984,44.0099983215332,956,0.0,0.0,0.0
2024-08-15 00:00:00+02:00,44.119998931884766,44.90999984741211,44.005001068115234,44.79499816894531,1785,0.0,0.0,0.0
2024-08-16 00:00:00+02:00,44.915000915527344,44.97999954223633,44.595001220703125,44.595001220703125,7416,0.0,0.0,0.0
2024-08-19 00:00:00+02:00,44.57500076293945,45.08000183105469,44.474998474121094,45.08000183105469,565,0.0,0.0,0.0
2024-08-20 00:00:00+02:00,45.45500183105469,45.525001525878906,45.08000183105469,45.1150016784668,1115,0.0,0.0,0.0
2024-08-21 00:00:00+02:00,45.275001525878906,45.59000015258789,45.150001525878906,45.3650016784668,1237,0.0,0.0,0.0
2024-08-22 00:00:00+02:00,45.44499969482422,45.630001068115234,45.314998626708984,45.314998626708984,11218,0.0,0.0,0.0
2024-08-23 00:00:00+02:00,45.154998779296875,45.41999816894531,44.845001220703125,45.41999816894531,5949,0.0,0.0,0.0
2024-08-26 00:00:00+02:00,45.21500015258789,45.560001373291016,45.119998931884766,45.2400016784668,1087,0.0,0.0,0.0
2024-08-27 00:00:00+02:00,45.375,45.3849983215332,44.939998626708984,44.939998626708984,1345,0.0,0.0,0.0
2024-08-28 00:00:00+02:00,45.290000915527344,45.5,45.16999816894531,45.314998626708984,1246,0.0,0.0,0.0
2024-08-29 00:00:00+02:00,45.494998931884766,46.05500030517578,45.494998931884766,46.05500030517578,570,0.0,0.0,0.0
2024-08-30 00:00:00+02:00,45.685001373291016,45.84000015258789,45.41999816894531,45.41999816894531,1648,0.0,0.0,0.0
2024-09-02 00:00:00+02:00,45.689998626708984,45.82500076293945,45.2599983215332,45.61000061035156,12616,0.0,0.0,0.0
2024-09-03 00:00:00+02:00,45.7599983215332,46.0,45.25,45.25,2033,0.0,0.0,0.0
2024-09-04 00:00:00+02:00,44.724998474121094,44.939998626708984,44.665000915527344,44.875,1547,0.0,0.0,0.0
2024-09-05 00:00:00+02:00,44.709999084472656,44.77000045776367,44.21500015258789,44.21500015258789,53,0.0,0.0,0.0
2024-09-06 00:00:00+02:00,44.2599983215332,44.685001373291016,43.790000915527344,43.810001373291016,87,0.0,0.0,0.0
2024-09-09 00:00:00+02:00,44.130001068115234,44.8650016784668,44.06999969482422,44.720001220703125,1220,0.0,0.0,0.0
2024-09-10 00:00:00+02:00,44.584999084472656,44.83000183105469,44.584999084472656,44.685001373291016,1987,0.0,0.0,0.0
2024-09-11 00:00:00+02:00,44.790000915527344,44.994998931884766,44.4900016784668,44.77000045776367,1336,0.0,0.0,0.0
2024-09-12 00:00:00+02:00,44.974998474121094,45.2400016784668,44.84000015258789,45.04999923706055,2630,0.0,0.0,0.0
2024-09-13 00:00:00+02:00,45.19499969482422,45.584999084472656,45.060001373291016,45.584999084472656,1362,0.0,0.0,0.0
2024-09-16 00:00:00+02:00,45.834999084472656,45.915000915527344,45.55500030517578,45.56999969482422,1007,0.0,0.0,0.0
2024-09-17 00:00:00+02:00,45.64500045776367,45.86000061035156,45.47999954223633,45.86000061035156,597,0.0,0.0,0.0
2024-09-18 00:00:00+02:00,45.56999969482422,45.630001068115234,45.20000076293945,45.42499923706055,2098,0.0,0.0,0.0
2024-09-19 00:00:00+02:00,45.69499969482422,46.154998779296875,45.60499954223633,46.025001525878906,3756,0.0,0.0,0.0
2024-09-20 00:00:00+02:00,45.540000915527344,45.81999969482422,45.26499938964844,45.26499938964844,1792,0.0,0.0,0.0
2024-09-23 00:00:00+02:00,45.4900016784668,45.61000061035156,44.83000183105469,44.83000183105469,7873,0.0,0.0,0.0
2024-09-24 00:00:00+02:00,44.724998474121094,44.724998474121094,43.95500183105469,44.21500015258789,10765,0.0,0.0,0.0
2024-09-25 00:00:00+02:00,43.9900016784668,44.20500183105469,43.935001373291016,43.935001373291016,151,0.0,0.0,0.0
2024-09-26 00:00:00+02:00,43.970001220703125,44.03499984741211,43.849998474121094,43.86000061035156,1870,0.0,0.0,0.0
2024-09-27 00:00:00+02:00,43.994998931884766,44.290000915527344,43.91999816894531,44.290000915527344,1109,0.0,0.0,0.0
2024-09-30 00:00:00+02:00,44.154998779296875,44.470001220703125,43.849998474121094,44.310001373291016,1482,0.0,0.0,0.0
2024-10-01 00:00:00+02:00,44.435001373291016,44.68000030517578,43.94499969482422,44.095001220703125,4748,0.0,0.0,0.0
2024-10-02 00:00:00+02:00,44.415000915527344,44.64500045776367,44.0099983215332,44.64500045776367,1582,0.0,0.0,0.0
2024-10-03 00:00:00+02:00,44.474998474121094,44.70500183105469,44.08000183105469,44.2400016784668,77,0.0,0.0,0.0
2024-10-04 00:00:00+02:00,43.900001525878906,44.58000183105469,43.849998474121094,44.26499938964844,433,0.0,0.0,0.0
2024-10-07 00:00:00+02:00,44.474998474121094,44.51499938964844,44.125,44.125,3686,0.0,0.0,0.0
2024-10-08 00:00:00+02:00,43.790000915527344,44.20000076293945,43.77000045776367,44.17499923706055,2296,0.0,0.0,0.0
2024-10-09 00:00:00+02:00,44.125,44.3650016784668,44.05500030517578,44.3650016784668,300,0.0,0.0,0.0
2024-10-10 00:00:00+02:00,44.314998626708984,44.40999984741211,44.1150016784668,44.38999938964844,1237,0.0,0.0,0.0
2024-10-11 00:00:00+02:00,43.994998931884766,44.869998931884766,43.994998931884766,44.869998931884766,1793,0.0,0.0,0.0
2024-10-14 00:00:00+02:00,45.2599983215332,45.310001373291016,45.08000183105469,45.310001373291016,1636,0.0,0.0,0.0
2024-10-15 00:00:00+02:00,45.55500030517578,45.75,45.29499816894531,45.650001525878906,2397,0.0,0.0,0.0
2024-10-16 00:00:00+02:00,45.915000915527344,46.224998474121094,45.779998779296875,46.08000183105469,1142,0.0,0.0,0.0
2024-10-17 00:00:00+02:00,46.30500030517578,46.439998626708984,46.23500061035156,46.28499984741211,2754,0.0,0.0,0.0
2024-10-18 00:00:00+02:00,46.099998474121094,46.2599983215332,45.834999084472656,45.974998474121094,770,0.0,0.0,0.0
2024-10-21 00:00:00+02:00,46.07500076293945,46.08000183105469,45.439998626708984,45.439998626708984,2263,0.0,0.0,0.0
2024-10-22 00:00:00+02:00,45.380001068115234,45.58000183105469,45.165000915527344,45.494998931884766,1808,0.0,0.0,0.0
2024-10-23 00:00:00+02:00,45.755001068115234,45.834999084472656,45.06999969482422,45.06999969482422,1444,0.0,0.0,0.0
2024-10-24 00:00:00+02:00,45.15999984741211,45.470001220703125,45.130001068115234,45.20000076293945,188,0.0,0.0,0.0
2024-10-25 00:00:00+02:00,45.040000915527344,45.3849983215332,45.040000915527344,45.32500076293945,1048,0.0,0.0,0.0
2024-10-28 00:00:00+01:00,45.31999969482422,45.625,45.189998626708984,45.51499938964844,1922,0.0,0.0,0.0
2024-10-29 00:00:00+01:00,45.69499969482422,45.69499969482422,45.27000045776367,45.27000045776367,738,0.0,0.0,0.0
2024-10-30 00:00:00+01:00,45.3849983215332,45.3849983215332,45.03499984741211,45.220001220703125,391,0.0,0.0,0.0
2024-10-31 00:00:00+01:00,44.959999084472656,44.959999084472656,44.29999923706055,44.56999969482422,1831,0.0,0.0,0.0
2024-11-01 00:00:00+01:00,44.42499923706055,44.8650016784668,44.42499923706055,44.8650016784668,2227,0.0,0.0,0.0
2024-11-04 00:00:00+01:00,44.76499938964844,45.060001373291016,44.46500015258789,44.994998931884766,8804,0.0,0.0,0.0
2024-11-05 00:00:00+01:00,44.91999816894531,44.994998931884766,44.18000030517578,44.80500030517578,16696,0.0,0.0,0.0
2024-11-06 00:00:00+01:00,46.79499816894531,47.30500030517578,46.04999923706055,46.154998779296875,42750,0.0,0.0,0.0
2024-11-07 00:00:00+01:00,46.6150016784668,46.70500183105469,46.375,46.595001220703125,7887,0.0,0.0,0.0
2024-11-08 00:00:00+01:00,46.814998626708984,47.224998474121094,46.775001525878906,47.224998474121094,22795,0.0,0.0,0.0
2024-11-11 00:00:00+01:00,47.70000076293945,48.1349983215332,47.70000076293945,47.974998474121094,59978,0.0,0.0,0.0
2024-11-12 00:00:00+01:00,47.564998626708984,47.564998626708984,46.974998474121094,47.064998626708984,27945,0.0,0.0,0.0
2024-11-13 00:00:00+01:00,46.34000015258789,46.86000061035156,46.310001373291016,46.685001373291016,5429,0.0,0.0,0.0
2024-11-14 00:00:00+01:00,46.314998626708984,46.70000076293945,45.689998626708984,45.93000030517578,49102,0.0,0.0,0.0
2024-11-15 00:00:00+01:00,45.095001220703125,45.095001220703125,43.39500045776367,43.52000045776367,174800,0.0,0.0,0.0
2024-11-18 00:00:00+01:00,43.32500076293945,43.32500076293945,42.709999084472656,43.060001373291016,121194,0.0,0.0,0.0
2024-11-19 00:00:00+01:00,42.97999954223633,43.08000183105469,42.51499938964844,43.07500076293945,88852,0.0,0.0,0.0
2024-11-20 00:00:00+01:00,43.36000061035156,43.6349983215332,43.099998474121094,43.529998779296875,154082,0.0,0.0,0.0
2024-11-21 00:00:00+01:00,43.584999084472656,43.92499923706055,43.224998474121094,43.92499923706055,143917,0.0,0.0,0.0
2024-11-22 00:00:00+01:00,44.16999816894531,45.17499923706055,44.16999816894531,45.17499923706055,36326,0.0,0.0,0.0
2024-11-25 00:00:00+01:00,45.31999969482422,45.73500061035156,45.09000015258789,45.61000061035156,30956,0.0,0.0,0.0
2024-11-26 00:00:00+01:00,45.34000015258789,45.400001525878906,44.68000030517578,45.04999923706055,26579,0.0,0.0,0.0
2024-11-27 00:00:00+01:00,45.45500183105469,45.59000015258789,45.2400016784668,45.3849983215332,36508,0.0,0.0,0.0
2024-11-28 00:00:00+01:00,45.935001373291016,46.06999969482422,45.76499938964844,46.040000915527344,455,0.0,0.0,0.0
2024-11-29 00:00:00+01:00,45.880001068115234,45.935001373291016,45.54499816894531,45.654998779296875,3126,0.0,0.0,0.0
2024-12-02 00:00:00+01:00,45.904998779296875,46.095001220703125,45.70500183105469,45.73500061035156,39143,0.0,0.0,0.0
2024-12-03 00:00:00+01:00,45.875,45.88999938964844,45.41999816894531,45.599998474121094,27237,0.0,0.0,0.0
2024-12-04 00:00:00+01:00,45.17499923706055,45.375,44.9900016784668,45.375,26681,0.0,0.0,0.0
2024-12-05 00:00:00+01:00,45.30500030517578,45.39500045776367,44.974998474121094,45.099998474121094,23644,0.0,0.0,0.0
2024-12-06 00:00:00+01:00,44.89500045776367,45.65999984741211,44.8650016784668,45.35499954223633,56268,0.0,0.0,0.0
2024-12-09 00:00:00+01:00,45.560001373291016,45.82500076293945,45.29999923706055,45.36000061035156,3575,0.0,0.0,0.0
2024-12-10 00:00:00+01:00,45.470001220703125,45.6150016784668,45.224998474121094,45.3849983215332,47597,0.0,0.0,0.0
2024-12-11 00:00:00+01:00,45.290000915527344,45.45500183105469,45.060001373291016,45.064998626708984,28890,0.0,0.0,0.0
2024-12-12 00:00:00+01:00,45.07500076293945,45.095001220703125,44.654998779296875,44.810001373291016,53434,0.0,0.0,0.0
2024-12-13 00:00:00+01:00,44.404998779296875,44.46500015258789,43.845001220703125,43.85499954223633,4747,0.0,0.0,0.0
2024-12-16 00:00:00+01:00,43.95000076293945,44.529998779296875,43.8849983215332,44.459999084472656,68517,0.0,0.0,0.0
2024-12-17 00:00:00+01:00,44.16999816894531,44.47999954223633,44.02000045776367,44.38999938964844,36814,0.0,0.0,0.0
2024-12-18 00:00:00+01:00,44.474998474121094,44.53499984741211,44.18000030517578,44.34000015258789,30378,0.0,0.0,0.0
2024-12-19 00:00:00+01:00,43.21500015258789,43.21500015258789,42.29499816894531,42.66999816894531,38528,0.0,0.0,0.0
2024-12-20 00:00:00+01:00,42.68000030517578,43.20500183105469,42.5,43.20500183105469,43435,0.0,0.0,0.0
2024-12-23 00:00:00+01:00,43.21500015258789,43.310001373291016,42.84000015258789,43.064998626708984,28030,0.0,0.0,0.0
2024-12-27 00:00:00+01:00,43.529998779296875,43.77000045776367,43.1349983215332,43.3650016784668,14149,0.0,0.0,0.0
2024-12-30 00:00:00+01:00,43.17499923706055,43.34000015258789,43.060001373291016,43.060001373291016,554,0.0,0.0,0.0
2025-01-02 00:00:00+01:00,43.3650016784668,44.22999954223633,43.310001373291016,44.22999954223633,2675,0.0,0.0,0.0
2025-01-03 00:00:00+01:00,43.904998779296875,44.040000915527344,43.70000076293945,43.9900016784668,51096,0.0,0.0,0.0
2025-01-06 00:00:00+01:00,43.79499816894531,43.92499923706055,43.53499984741211,43.78499984741211,49267,0.0,0.0,0.0
2025-01-07 00:00:00+01:00,43.400001525878906,44.310001373291016,43.35499954223633,43.994998931884766,22978,0.0,0.0,0.0
2025-01-08 00:00:00+01:00,44.22999954223633,44.36000061035156,43.95500183105469,44.165000915527344,36557,0.0,0.0,0.0
2025-01-09 00:00:00+01:00,43.935001373291016,44.14500045776367,43.900001525878906,44.04999923706055,4952,0.0,0.0,0.0
2025-01-10 00:00:00+01:00,44.060001373291016,44.060001373291016,43.369998931884766,43.404998779296875,2634,0.0,0.0,0.0
2025-01-13 00:00:00+01:00,43.404998779296875,43.43000030517578,42.92499923706055,43.43000030517578,30912,0.0,0.0,0.0
2025-01-14 00:00:00+01:00,43.88999938964844,43.974998474121094,43.27000045776367,43.27000045776367,10506,0.0,0.0,0.0
2025-01-15 00:00:00+01:00,42.834999084472656,43.72999954223633,42.779998779296875,43.44499969482422,60960,0.0,0.0,0.0
2025-01-16 00:00:00+01:00,43.665000915527344,43.68000030517578,43.2400016784668,43.459999084472656,3659,0.0,0.0,0.0
2025-01-17 00:00:00+01:00,43.529998779296875,43.86000061035156,43.380001068115234,43.55500030517578,35872,0.0,0.0,0.0
2025-01-20 00:00:00+01:00,43.375,43.459999084472656,43.209999084472656,43.2599983215332,1405,0.0,0.0,0.0
2025-01-21 00:00:00+01:00,43.290000915527344,43.8650016784668,43.290000915527344,43.8650016784668,40988,0.0,0.0,0.0
2025-01-22 00:00:00+01:00,44.08000183105469,44.34000015258789,43.95500183105469,44.1349983215332,49994,0.0,0.0,0.0
2025-01-23 00:00:00+01:00,44.31999969482422,44.36000061035156,43.85499954223633,44.36000061035156,12793,0.0,0.0,0.0
2025-01-24 00:00:00+01:00,44.665000915527344,44.71500015258789,44.22999954223633,44.505001068115234,24902,0.0,0.0,0.0
2025-01-27 00:00:00+01:00,44.04999923706055,45.040000915527344,43.75,44.78499984741211,33796,0.0,0.0,0.0
2025-01-28 00:00:00+01:00,44.849998474121094,45.130001068115234,44.67499923706055,44.935001373291016,33167,0.0,0.0,0.0
2025-01-29 00:00:00+01:00,45.0,45.345001220703125,44.875,45.10499954223633,30776,0.0,0.0,0.0
2025-01-30 00:00:00+01:00,45.125,45.39500045776367,44.81999969482422,45.14500045776367,87416,0.0,0.0,0.0
2025-01-31 00:00:00+01:00,45.69499969482422,45.81999969482422,45.46500015258789,45.665000915527344,70535,0.0,0.0,0.0
2025-02-03 00:00:00+01:00,45.48500061035156,45.53499984741211,44.959999084472656,45.42499923706055,67836,0.0,0.0,0.0
2025-02-04 00:00:00+01:00,45.2400016784668,45.69499969482422,44.970001220703125,45.30500030517578,79400,0.0,0.0,0.0
2025-02-05 00:00:00+01:00,45.25,46.375,45.17499923706055,46.1349983215332,71808,0.0,0.0,0.0
2025-02-06 00:00:00+01:00,46.494998931884766,46.76499938964844,46.220001220703125,46.220001220703125,76454,0.0,0.0,0.0
2025-02-07 00:00:00+01:00,45.724998474121094,45.80500030517578,45.07500076293945,45.310001373291016,84517,0.0,0.0,0.0
2025-02-10 00:00:00+01:00,45.220001220703125,45.35499954223633,44.900001525878906,44.94499969482422,50262,0.0,0.0,0.0
2025-02-11 00:00:00+01:00,44.654998779296875,44.654998779296875,44.04499816894531,44.16999816894531,36039,0.0,0.0,0.0
2025-02-12 00:00:00+01:00,44.16999816894531,44.35499954223633,43.849998474121094,44.1349983215332,23464,0.0,0.0,0.0
2025-02-13 00:00:00+01:00,44.35499954223633,44.779998779296875,44.35499954223633,44.665000915527344,17109,0.0,0.0,0.0
2025-02-14 00:00:00+01:00,44.94499969482422,45.09000015258789,44.64500045776367,44.7599983215332,41127,0.0,0.0,0.0
2025-02-17 00:00:00+01:00,45.154998779296875,45.154998779296875,44.77000045776367,44.834999084472656,1742,0.0,0.0,0.0
2025-02-18 00:00:00+01:00,44.994998931884766,45.41999816894531,44.875,45.04999923706055,2580,0.0,0.0,0.0
2025-02-19 00:00:00+01:00,45.060001373291016,45.60499954223633,44.95000076293945,45.60499954223633,1508,0.0,0.0,0.0
2025-02-20 00:00:00+01:00,45.43000030517578,45.584999084472656,45.290000915527344,45.494998931884766,2378,0.0,0.0,0.0
2025-02-21 00:00:00+01:00,45.560001373291016,45.90999984741211,45.560001373291016,45.779998779296875,2344,0.0,0.0,0.0
2025-02-24 00:00:00+01:00,45.66999816894531,45.79999923706055,45.334999084472656,45.474998474121094,3745,0.0,0.0,0.0
2025-02-25 00:00:00+01:00,45.16999816894531,45.599998474121094,44.56999969482422,44.56999969482422,726,0.0,0.0,0.0
2025-02-26 00:00:00+01:00,44.900001525878906,45.0,44.685001373291016,44.935001373291016,1227,0.0,0.0,0.0
2025-02-27 00:00:00+01:00,44.849998474121094,45.255001068115234,44.744998931884766,45.23500061035156,246,0.0,0.0,0.0
2025-02-28 00:00:00+01:00,44.5099983215332,44.58000183105469,44.04499816894531,44.540000915527344,1166,0.0,0.0,0.0
2025-03-03 00:00:00+01:00,45.29999923706055,45.29999923706055,44.26499938964844,44.310001373291016,7025,0.0,0.0,0.0
2025-03-04 00:00:00+01:00,43.869998931884766,43.869998931884766,43.125,43.459999084472656,4572,0.0,0.0,0.0
2025-03-05 00:00:00+01:00,43.42499923706055,43.584999084472656,42.7400016784668,42.98500061035156,3551,0.0,0.0,0.0
2025-03-06 00:00:00+01:00,43.27000045776367,43.314998626708984,42.505001068115234,43.27000045776367,6457,0.0,0.0,0.0
2025-03-07 00:00:00+01:00,43.18000030517578,43.310001373291016,42.724998474121094,42.9900016784668,5559,0.0,0.0,0.0
2025-03-10 00:00:00+01:00,42.904998779296875,43.33000183105469,42.64500045776367,43.33000183105469,5753,0.0,0.0,0.0
2025-03-11 00:00:00+01:00,42.92499923706055,42.974998474121094,41.65999984741211,41.78499984741211,4280,0.0,0.0,0.0
2025-03-12 00:00:00+01:00,42.310001373291016,42.76499938964844,42.165000915527344,42.45000076293945,668,0.0,0.0,0.0
2025-03-13 00:00:00+01:00,42.3650016784668,42.95500183105469,42.29999923706055,42.39500045776367,1001,0.0,0.0,0.0
2025-03-14 00:00:00+01:00,42.5,42.6349983215332,42.334999084472656,42.40999984741211,6149,0.0,0.0,0.0
2025-03-17 00:00:00+01:00,42.29499816894531,42.494998931884766,41.97999954223633,42.494998931884766,1242,0.0,0.0,0.0
2025-03-18 00:00:00+01:00,42.67499923706055,42.79999923706055,42.29499816894531,42.41999816894531,206,0.0,0.0,0.0
2025-03-19 00:00:00+01:00,42.150001525878906,42.33000183105469,42.150001525878906,42.33000183105469,10,0.0,0.0,0.0
2025-03-20 00:00:00+01:00,42.650001525878906,42.959999084472656,42.43000030517578,42.43000030517578,3185,0.0,0.0,0.0
2025-03-21 00:00:00+01:00,42.334999084472656,42.6349983215332,42.189998626708984,42.630001068115234,3593,0.0,0.0,0.0
2025-03-24 00:00:00+01:00,42.88999938964844,43.23500061035156,42.790000915527344,43.14500045776367,816,0.0,0.0,0.0
2025-03-25 00:00:00+01:00,43.2400016784668,43.2400016784668,42.53499984741211,42.53499984741211,424,0.0,0.0,0.0
2025-03-26 00:00:00+01:00,42.47999954223633,42.54999923706055,41.849998474121094,41.904998779296875,965,0.0,0.0,0.0
2025-03-27 00:00:00+01:00,41.994998931884766,42.220001220703125,41.8650016784668,41.97999954223633,725,0.0,0.0,0.0
2025-03-28 00:00:00+01:00,41.96500015258789,42.18000030517578,41.4900016784668,41.599998474121094,565,0.0,0.0,0.0
2025-03-31 00:00:00+02:00,41.19499969482422,41.220001220703125,39.869998931884766,40.459999084472656,2081,0.0,0.0,0.0
2025-04-01 00:00:00+02:00,41.11000061035156,41.11000061035156,40.209999084472656,40.689998626708984,2766,0.0,0.0,0.0
2025-04-02 00:00:00+02:00,39.755001068115234,40.189998626708984,39.244998931884766,40.189998626708984,3548,0.0,0.0,0.0
2025-04-03 00:00:00+02:00,38.814998626708984,39.21500015258789,38.4900016784668,38.77000045776367,2788,0.0,0.0,0.0
2025-04-04 00:00:00+02:00,38.66999816894531,38.70000076293945,37.6150016784668,37.6150016784668,30601,0.0,0.0,0.0
2025-04-07 00:00:00+02:00,35.70000076293945,36.60499954223633,34.9900016784668,36.18000030517578,9993,0.0,0.0,0.0
2025-04-08 00:00:00+02:00,36.84000015258789,37.439998626708984,36.73500061035156,36.80500030517578,4293,0.0,0.0,0.0
2025-04-09 00:00:00+02:00,34.849998474121094,35.21500015258789,33.540000915527344,33.89500045776367,20023,0.0,0.0,0.0
2025-04-10 00:00:00+02:00,36.76499938964844,37.29499816894531,34.439998626708984,34.439998626708984,2794,0.0,0.0,0.0
2025-04-11 00:00:00+02:00,34.97999954223633,35.064998626708984,34.30500030517578,34.75,5328,0.0,0.0,0.0
2025-04-14 00:00:00+02:00,35.90999984741211,36.665000915527344,35.654998779296875,36.39500045776367,6578,0.0,0.0,0.0
2025-04-15 00:00:00+02:00,37.03499984741211,37.19499969482422,36.654998779296875,36.654998779296875,2275,0.0,0.0,0.0
2025-04-16 00:00:00+02:00,36.400001525878906,36.654998779296875,35.98500061035156,36.23500061035156,1983,0.0,0.0,0.0
2025-04-17 00:00:00+02:00,36.25,36.279998779296875,35.86000061035156,35.95500183105469,3191,0.0,0.0,0.0
2025-04-22 00:00:00+02:00,35.904998779296875,36.41999816894531,35.73500061035156,36.380001068115234,3005,0.0,0.0,0.0
2025-04-23 00:00:00+02:00,37.404998779296875,38.209999084472656,37.38999938964844,37.599998474121094,11868,0.0,0.0,0.0
2025-04-24 00:00:00+02:00,37.529998779296875,37.95500183105469,37.3650016784668,37.95500183105469,12431,0.0,0.0,0.0
2025-04-25 00:00:00+02:00,38.19499969482422,38.20000076293945,37.619998931884766,37.89500045776367,1040,0.0,0.0,0.0
2025-04-28 00:00:00+02:00,37.6349983215332,38.255001068115234,37.6349983215332,37.935001373291016,9792,0.0,0.0,0.0
2025-04-29 00:00:00+02:00,38.084999084472656,38.20500183105469,37.650001525878906,38.20500183105469,2575,0.0,0.0,0.0
2025-04-30 00:00:00+02:00,38.275001525878906,38.619998931884766,38.275001525878906,38.619998931884766,1163,0.0,0.0,0.0
2025-05-02 00:00:00+02:00,39.14500045776367,39.19499969482422,38.755001068115234,39.060001373291016,9900,0.0,0.0,0.0
2025-05-05 00:00:00+02:00,38.814998626708984,38.95000076293945,38.45000076293945,38.834999084472656,1170,0.0,0.0,0.0
2025-05-06 00:00:00+02:00,38.70000076293945,38.70000076293945,37.52000045776367,37.56999969482422,4329,0.0,0.0,0.0
2025-05-07 00:00:00+02:00,36.54999923706055,36.625,36.209999084472656,36.42499923706055,644,0.0,0.0,0.0
2025-05-08 00:00:00+02:00,36.69499969482422,36.69499969482422,35.89500045776367,36.4900016784668,8004,0.0,0.0,0.0
2025-05-09 00:00:00+02:00,36.720001220703125,36.82500076293945,36.459999084472656,36.494998931884766,937,0.0,0.0,0.0
2025-05-12 00:00:00+02:00,36.4900016784668,37.78499984741211,36.21500015258789,37.78499984741211,539,0.0,0.0,0.0
2025-05-13 00:00:00+02:00,37.904998779296875,38.084999084472656,37.025001525878906,37.11000061035156,7704,0.0,0.0,0.0
2025-05-14 00:00:00+02:00,37.02000045776367,37.125,36.34000015258789,36.34000015258789,1034,0.0,0.0,0.0
2025-05-15 00:00:00+02:00,36.334999084472656,36.75,36.279998779296875,36.75,3203,0.0,0.0,0.0
2025-05-16 00:00:00+02:00,37.084999084472656,37.67499923706055,37.084999084472656,37.560001373291016,666,0.0,0.0,0.0
2025-05-19 00:00:00+02:00,37.400001525878906,37.834999084472656,37.1349983215332,37.47999954223633,5177,0.0,0.0,0.0
2025-05-20 00:00:00+02:00,37.915000915527344,38.29999923706055,37.790000915527344,38.29999923706055,1989,0.0,0.0,0.0
2025-05-21 00:00:00+02:00,38.19499969482422,38.345001220703125,37.849998474121094,37.9900016784668,1437,0.0,0.0,0.0
2025-05-22 00:00:00+02:00,37.685001373291016,37.685001373291016,37.439998626708984,37.53499984741211,2889,0.0,0.0,0.0
2025-05-23 00:00:00+02:00,37.595001220703125,37.595001220703125,36.810001373291016,37.29999923706055,904,0.0,0.0,0.0
2025-05-26 00:00:00+02:00,37.44499969482422,37.67499923706055,37.44499969482422,37.60499954223633,431,0.0,0.0,0.0
2025-05-27 00:00:00+02:00,37.70000076293945,38.01499938964844,37.70000076293945,37.8849983215332,1032,0.0,0.0,0.0
2025-05-28 00:00:00+02:00,37.875,37.875,37.619998931884766,37.85499954223633,912,0.0,0.0,0.0
2025-05-29 00:00:00+02:00,38.154998779296875,38.220001220703125,37.54499816894531,37.98500061035156,878,0.0,0.0,0.0
2025-05-30 00:00:00+02:00,38.1349983215332,38.1349983215332,37.16999816894531,37.314998626708984,449,0.0,0.0,0.0
2025-06-02 00:00:00+02:00,37.150001525878906,37.63999938964844,36.92499923706055,37.470001220703125,3722,0.0,0.0,0.0
2025-06-03 00:00:00+02:00,37.54499816894531,38.2400016784668,37.54499816894531,38.2400016784668,4996,0.0,0.0,0.0
2025-06-04 00:00:00+02:00,38.290000915527344,38.47999954223633,38.22999954223633,38.404998779296875,255,0.0,0.0,0.0
2025-06-05 00:00:00+02:00,38.165000915527344,38.255001068115234,37.529998779296875,38.255001068115234,2166,0.0,0.0,0.0
2025-06-06 00:00:00+02:00,38.27000045776367,38.81999969482422,38.13999938964844,38.7599983215332,5605,0.0,0.0,0.0
2025-06-09 00:00:00+02:00,38.83000183105469,39.21500015258789,38.52000045776367,38.73500061035156,7150,0.0,0.0,0.0
2025-06-10 00:00:00+02:00,39.005001068115234,39.32500076293945,38.904998779296875,39.2599983215332,3636,0.0,0.0,0.0
2025-06-11 00:00:00+02:00,39.224998474121094,39.26499938964844,39.0,39.16999816894531,4272,0.0,0.0,0.0
2025-06-12 00:00:00+02:00,38.474998474121094,38.685001373291016,38.189998626708984,38.54499816894531,1888,0.0,0.0,0.0
2025-06-13 00:00:00+02:00,38.224998474121094,38.7599983215332,38.224998474121094,38.59000015258789,5572,0.0,0.0,0.0
2025-06-16 00:00:00+02:00,38.709999084472656,38.709999084472656,38.20000076293945,38.31999969482422,8122,0.0,0.0,0.0
2025-06-17 00:00:00+02:00,38.23500061035156,38.35499954223633,38.119998931884766,38.119998931884766,558,0.0,0.0,0.0
2025-06-18 00:00:00+02:00,37.86000061035156,38.244998931884766,37.82500076293945,38.23500061035156,3283,0.0,0.0,0.0
2025-06-19 00:00:00+02:00,38.095001220703125,38.095001220703125,37.72999954223633,37.744998931884766,17,0.0,0.0,0.0
2025-06-20 00:00:00+02:00,37.92499923706055,38.279998779296875,37.65999984741211,37.8650016784668,5856,0.0,0.0,0.0
2025-06-23 00:00:00+02:00,37.96500015258789,38.18000030517578,37.6349983215332,37.6349983215332,6019,0.0,0.0,0.0
2025-06-24 00:00:00+02:00,37.849998474121094,38.084999084472656,37.650001525878906,37.9900016784668,5198,0.0,0.0,0.0
2025-06-25 00:00:00+02:00,38.14500045776367,38.290000915527344,37.66999816894531,37.67499923706055,804,0.0,0.0,0.0
2025-06-26 00:00:00+02:00,37.65999984741211,37.70000076293945,37.474998474121094,37.630001068115234,6673,0.0,0.0,0.0
2025-06-27 00:00:00+02:00,37.689998626708984,37.81999969482422,37.46500015258789,37.71500015258789,1466,0.0,0.0,0.0
2025-06-30 00:00:00+02:00,37.505001068115234,37.6349983215332,37.45500183105469,37.53499984741211,2408,0.0,0.0,0.0
2025-07-01 00:00:00+02:00,37.369998931884766,37.81999969482422,37.064998626708984,37.81999969482422,3497,0.0,0.0,0.0
2025-07-02 00:00:00+02:00,37.78499984741211,38.29999923706055,37.630001068115234,38.244998931884766,1680,0.0,0.0,0.0
2025-07-03 00:00:00+02:00,38.369998931884766,38.584999084472656,38.17499923706055,38.36000061035156,10137,0.0,0.0,0.0
2025-07-04 00:00:00+02:00,38.22999954223633,38.2400016784668,38.099998474121094,38.1349983215332,1358,0.0,0.0,0.0
2025-07-07 00:00:00+02:00,38.36000061035156,38.54999923706055,37.9900016784668,38.040000915527344,10400,0.0,0.0,0.0
2025-07-08 00:00:00+02:00,37.994998931884766,38.6349983215332,37.95500183105469,38.564998626708984,3419,0.0,0.0,0.0
2025-07-09 00:00:00+02:00,38.31999969482422,39.119998931884766,38.310001373291016,39.040000915527344,1484,0.0,0.0,0.0
2025-07-10 00:00:00+02:00,39.26499938964844,39.810001373291016,39.26499938964844,39.810001373291016,6644,0.0,0.0,0.0
2025-07-11 00:00:00+02:00,39.755001068115234,39.755001068115234,39.28499984741211,39.36000061035156,9414,0.0,0.0,0.0
2025-07-14 00:00:00+02:00,39.084999084472656,39.685001373291016,39.084999084472656,39.595001220703125,7382,0.0,0.0,0.0
2025-07-15 00:00:00+02:00,39.82500076293945,39.849998474121094,39.185001373291016,39.279998779296875,7770,0.0,0.0,0.0
2025-07-16 00:00:00+02:00,38.88999938964844,39.86000061035156,38.88999938964844,39.08000183105469,879,0.0,0.0,0.0
2025-07-17 00:00:00+02:00,39.970001220703125,40.165000915527344,39.8650016784668,40.130001068115234,2094,0.0,0.0,0.0
2025-07-18 00:00:00+02:00,39.96500015258789,39.96500015258789,39.619998931884766,39.744998931884766,2249,0.0,0.0,0.0
2025-07-21 00:00:00+02:00,39.38999938964844,39.51499938964844,39.08000183105469,39.130001068115234,11163,0.0,0.0,0.0
2025-07-22 00:00:00+02:00,39.10499954223633,39.540000915527344,39.025001525878906,39.459999084472656,3440,0.0,0.0,0.0
2025-07-23 00:00:00+02:00,39.875,40.41999816894531,39.779998779296875,40.314998626708984,8526,0.0,0.0,0.0
2025-07-24 00:00:00+02:00,40.30500030517578,40.415000915527344,40.18000030517578,40.23500061035156,545,0.0,0.0,0.0
2025-07-25 00:00:00+02:00,40.189998626708984,40.32500076293945,40.029998779296875,40.029998779296875,442,0.0,0.0,0.0
2025-07-28 00:00:00+02:00,40.625,40.79999923706055,40.46500015258789,40.46500015258789,2810,0.0,0.0,0.0
2025-07-29 00:00:00+02:00,40.54499816894531,40.75,40.345001220703125,40.345001220703125,660,0.0,0.0,0.0
2025-07-30 00:00:00+02:00,40.35499954223633,41.2599983215332,40.33000183105469,41.04999923706055,1025,0.0,0.0,0.0
2025-07-31 00:00:00+02:00,40.70500183105469,41.34000015258789,40.65999984741211,41.165000915527344,5528,0.0,0.0,0.0
2025-08-01 00:00:00+02:00,40.474998474121094,40.474998474121094,39.44499969482422,39.89500045776367,2830,0.0,0.0,0.0
2025-08-04 00:00:00+02:00,40.27000045776367,40.685001373291016,40.27000045776367,40.685001373291016,4383,0.0,0.0,0.0
2025-08-05 00:00:00+02:00,40.79999923706055,41.02000045776367,40.474998474121094,40.54499816894531,4457,0.0,0.0,0.0
2025-08-06 00:00:00+02:00,40.54999923706055,40.595001220703125,39.6150016784668,39.709999084472656,10946,0.0,0.0,0.0
2025-08-07 00:00:00+02:00,39.709999084472656,40.025001525878906,39.415000915527344,39.415000915527344,2234,0.0,0.0,0.0
2025-08-08 00:00:00+02:00,39.82500076293945,40.0099983215332,39.720001220703125,39.7599983215332,3611,0.0,0.0,0.0
2025-08-11 00:00:00+02:00,40.11000061035156,40.33000183105469,39.970001220703125,40.20000076293945,1674,0.0,0.0,0.0
2025-08-12 00:00:00+02:00,40.01499938964844,40.36000061035156,39.9900016784668,40.064998626708984,7512,0.0,0.0,0.0
2025-08-13 00:00:00+02:00,40.375,41.07500076293945,40.375,41.07500076293945,516,0.0,0.0,0.0
2025-08-14 00:00:00+02:00,41.290000915527344,41.44499969482422,41.1150016784668,41.38999938964844,1635,0.0,0.0,0.0
2025-08-15 00:00:00+02:00,41.665000915527344,41.665000915527344,40.7400016784668,41.48500061035156,1552,0.0,0.0,0.0
2025-08-18 00:00:00+02:00,41.689998626708984,42.04999923706055,41.689998626708984,41.95000076293945,2265,0.0,0.0,0.0
2025-08-19 00:00:00+02:00,41.66999816894531,41.775001525878906,41.564998626708984,41.6349983215332,2301,0.0,0.0,0.0
2025-08-20 00:00:00+02:00,41.540000915527344,41.78499984741211,41.470001220703125,41.70500183105469,776,0.0,0.0,0.0
2025-08-21 00:00:00+02:00,41.89500045776367,42.23500061035156,41.68000030517578,42.23500061035156,683,0.0,0.0,0.0
2025-08-22 00:00:00+02:00,42.314998626708984,42.994998931884766,42.224998474121094,42.31999969482422,4311,0.0,0.0,0.0
2025-08-25 00:00:00+02:00,42.095001220703125,42.20500183105469,41.78499984741211,41.78499984741211,1776,0.0,0.0,0.0
2025-08-26 00:00:00+02:00,41.57500076293945,41.7400016784668,41.47999954223633,41.6349983215332,6687,0.0,0.0,0.0
2025-08-27 00:00:00+02:00,42.060001373291016,42.23500061035156,42.01499938964844,42.01499938964844,707,0.0,0.0,0.0
2025-08-28 00:00:00+02:00,42.099998474121094,42.21500015258789,41.564998626708984,41.810001373291016,384,0.0,0.0,0.0
2025-08-29 00:00:00+02:00,41.75,41.790000915527344,41.45500183105469,41.470001220703125,971,0.0,0.0,0.0
2025-09-01 00:00:00+02:00,41.60499954223633,41.665000915527344,41.48500061035156,41.630001068115234,1828,0.0,0.0,0.0
2025-09-02 00:00:00+02:00,41.630001068115234,42.564998626708984,41.5,42.30500030517578,2653,0.0,0.0,0.0
2025-09-03 00:00:00+02:00,42.435001373291016,43.0,42.435001373291016,42.494998931884766,1966,0.0,0.0,0.0
2025-09-04 00:00:00+02:00,42.6150016784668,42.9900016784668,42.21500015258789,42.275001525878906,1402,0.0,0.0,0.0
2025-09-05 00:00:00+02:00,42.494998931884766,42.8650016784668,42.310001373291016,42.8650016784668,2133,0.0,0.0,0.0
2025-09-08 00:00:00+02:00,42.939998626708984,42.939998626708984,42.47999954223633,42.5099983215332,6341,0.0,0.0,0.0
2025-09-09 00:00:00+02:00,42.48500061035156,42.65999984741211,42.369998931884766,42.47999954223633,3936,0.0,0.0,0.0
2025-09-10 00:00:00+02:00,42.71500015258789,42.94499969482422,42.255001068115234,42.375,1550,0.0,0.0,0.0
2025-09-11 00:00:00+02:00,42.375,42.77000045776367,42.27000045776367,42.70000076293945,556,0.0,0.0,0.0
2025-09-12 00:00:00+02:00,42.84000015258789,43.04999923706055,42.65999984741211,42.65999984741211,366,0.0,0.0,0.0
2025-09-15 00:00:00+02:00,42.34000015258789,42.34000015258789,41.744998931884766,41.744998931884766,1128,0.0,0.0,0.0
2025-09-16 00:00:00+02:00,41.80500030517578,41.91999816894531,41.57500076293945,41.61000061035156,1392,0.0,0.0,0.0
2025-09-17 00:00:00+02:00,41.65999984741211,41.994998931884766,41.65999984741211,41.994998931884766,193,0.0,0.0,0.0
2025-09-18 00:00:00+02:00,42.04499816894531,42.494998931884766,42.01499938964844,42.31999969482422,11330,0.0,0.0,0.0
2025-09-19 00:00:00+02:00,42.744998931884766,42.935001373291016,42.665000915527344,42.709999084472656,1514,0.0,0.0,0.0
2025-09-22 00:00:00+02:00,42.529998779296875,42.80500030517578,42.34000015258789,42.80500030517578,844,0.0,0.0,0.0
2025-09-23 00:00:00+02:00,42.64500045776367,42.70000076293945,42.529998779296875,42.57500076293945,583,0.0,0.0,0.0
2025-09-24 00:00:00+02:00,42.40999984741211,42.70000076293945,42.35499954223633,42.53499984741211,319,0.0,0.0,0.0
2025-09-25 00:00:00+02:00,42.46500015258789,42.51499938964844,41.96500015258789,41.96500015258789,2902,0.0,0.0,0.0
2025-09-26 00:00:00+02:00,41.939998626708984,42.220001220703125,41.88999938964844,42.099998474121094,461,0.0,0.0,0.0
2025-09-29 00:00:00+02:00,42.55500030517578,42.7599983215332,42.4900016784668,42.7599983215332,423,0.0,0.0,0.0
2025-09-30 00:00:00+02:00,42.834999084472656,43.290000915527344,42.6349983215332,42.86000061035156,2108,0.0,0.0,0.0
2025-10-01 00:00:00+02:00,42.939998626708984,44.6150016784668,42.939998626708984,44.6150016784668,4172,0.0,0.0,0.0
2025-10-02 00:00:00+02:00,44.345001220703125,44.970001220703125,44.345001220703125,44.48500061035156,1575,0.0,0.0,0.0
2025-10-03 00:00:00+02:00,44.834999084472656,45.15999984741211,44.71500015258789,44.95000076293945,1932,0.0,0.0,0.0
2025-10-06 00:00:00+02:00,45.165000915527344,45.56999969482422,45.05500030517578,45.05500030517578,9295,0.0,0.0,0.0
2025-10-07 00:00:00+02:00,45.35499954223633,45.35499954223633,44.95500183105469,45.06999969482422,1742,0.0,0.0,0.0
2025-10-08 00:00:00+02:00,45.665000915527344,46.0099983215332,45.58000183105469,46.0099983215332,1322,0.0,0.0,0.0
2025-10-09 00:00:00+02:00,45.91999816894531,46.2400016784668,45.755001068115234,46.220001220703125,2310,0.0,0.0,0.0
2025-10-10 00:00:00+02:00,46.1349983215332,46.6349983215332,45.244998931884766,45.244998931884766,741,0.0,0.0,0.0
2025-10-13 00:00:00+02:00,45.70500183105469,45.915000915527344,45.45000076293945,45.849998474121094,5050,0.0,0.0,0.0
2025-10-14 00:00:00+02:00,45.42499923706055,45.54999923706055,45.369998931884766,45.404998779296875,559,0.0,0.0,0.0
2025-10-15 00:00:00+02:00,45.71500015258789,46.255001068115234,45.71500015258789,46.255001068115234,7803,0.0,0.0,0.0
2025-10-16 00:00:00+02:00,46.345001220703125,47.0,46.31999969482422,46.525001525878906,7842,0.0,0.0,0.0
2025-10-17 00:00:00+02:00,45.619998931884766,46.14500045776367,45.185001373291016,45.744998931884766,1858,0.0,0.0,0.0
2025-10-20 00:00:00+02:00,46.44499969482422,46.689998626708984,46.349998474121094,46.630001068115234,1401,0.0,0.0,0.0
2025-10-21 00:00:00+02:00,47.0,47.09000015258789,46.64500045776367,46.98500061035156,975,0.0,0.0,0.0
2025-10-22 00:00:00+02:00,46.904998779296875,46.95000076293945,46.29999923706055,46.29999923706055,508,0.0,0.0,0.0
2025-10-23 00:00:00+02:00,46.42499923706055,46.61000061035156,46.01499938964844,46.185001373291016,6342,0.0,0.0,0.0
2025-10-27 00:00:00+01:00,46.94499969482422,47.0099983215332,46.69499969482422,46.94499969482422,7087,0.0,0.0,0.0
2025-10-28 00:00:00+01:00,46.994998931884766,47.32500076293945,46.939998626708984,47.1150016784668,4141,0.0,0.0,0.0
2025-10-29 00:00:00+01:00,47.29999923706055,47.35499954223633,47.119998931884766,47.35499954223633,9676,0.0,0.0,0.0
2025-10-30 00:00:00+01:00,47.3650016784668,47.95000076293945,47.244998931884766,47.915000915527344,28020,0.0,0.0,0.0
2025-10-31 00:00:00+01:00,47.6150016784668,48.34000015258789,47.54499816894531,48.154998779296875,16588,0.0,0.0,0.0
2025-11-03 00:00:00+01:00,48.48500061035156,48.6150016784668,47.2400016784668,47.35499954223633,26799,0.0,0.0,0.0
2025-11-04 00:00:00+01:00,47.314998626708984,47.93000030517578,47.13999938964844,47.76499938964844,41111,0.0,0.0,0.0
2025-11-05 00:00:00+01:00,47.5099983215332,47.915000915527344,47.474998474121094,47.915000915527344,87567,0.0,0.0,0.0
2025-11-06 00:00:00+01:00,48.029998779296875,48.290000915527344,47.900001525878906,47.900001525878906,42018,0.0,0.0,0.0
2025-11-07 00:00:00+01:00,48.10499954223633,48.150001525878906,46.89500045776367,47.01499938964844,21902,0.0,0.0,0.0
2025-11-10 00:00:00+01:00,47.974998474121094,48.275001525878906,47.845001220703125,47.974998474121094,52470,0.0,0.0,0.0
2025-11-11 00:00:00+01:00,48.23500061035156,48.8650016784668,48.03499984741211,48.8650016784668,13370,0.0,0.0,0.0
2025-11-12 00:00:00+01:00,49.73500061035156,50.0,49.51499938964844,49.724998474121094,18916,0.0,0.0,0.0
2025-11-13 00:00:00+01:00,49.564998626708984,49.82500076293945,49.255001068115234,49.525001525878906,35932,0.0,0.0,0.0
2025-11-14 00:00:00+01:00,49.165000915527344,49.81999969482422,48.57500076293945,49.81999969482422,50999,0.0,0.0,0.0
2025-11-17 00:00:00+01:00,49.63999938964844,50.209999084472656,49.52000045776367,50.16999816894531,27066,0.0,0.0,0.0
2025-11-18 00:00:00+01:00,49.7599983215332,50.130001068115234,49.689998626708984,50.130001068115234,5010,0.0,0.0,0.0
2025-11-19 00:00:00+01:00,50.400001525878906,50.61000061035156,50.02000045776367,50.02000045776367,20308,0.0,0.0,0.0
2025-11-20 00:00:00+01:00,50.400001525878906,51.08000183105469,50.38999938964844,50.81999969482422,45582,0.0,0.0,0.0
2025-11-21 00:00:00+01:00,49.775001525878906,50.54999923706055,49.66999816894531,50.54999923706055,29744,0.0,0.0,0.0
2025-11-24 00:00:00+01:00,50.790000915527344,51.45000076293945,50.4900016784668,51.380001068115234,34891,0.0,0.0,0.0
2025-11-25 00:00:00+01:00,51.45000076293945,51.58000183105469,51.209999084472656,51.54999923706055,6816,0.0,0.0,0.0
2025-11-26 00:00:00+01:00,51.93000030517578,52.11000061035156,51.810001373291016,52.04999923706055,19484,0.0,0.0,0.0
2025-11-27 00:00:00+01:00,52.099998474121094,52.2599983215332,52.08000183105469,52.18000030517578,27607,0.0,0.0,0.0
2025-11-28 00:00:00+01:00,52.470001220703125,53.0,52.029998779296875,52.099998474121094,3398,0.0,0.0,0.0
2025-12-01 00:00:00+01:00,51.97999954223633,51.97999954223633,51.18000030517578,51.349998474121094,23400,0.0,0.0,0.0
2025-12-02 00:00:00+01:00,51.060001373291016,51.22999954223633,50.65999984741211,50.93000030517578,24789,0.0,0.0,0.0
2025-12-03 00:00:00+01:00,50.66999816894531,51.43000030517578,50.47999954223633,51.43000030517578,20798,0.0,0.0,0.0
2025-12-04 00:00:00+01:00,51.43000030517578,51.650001525878906,50.970001220703125,51.650001525878906,6767,0.0,0.0,0.0
2025-12-05 00:00:00+01:00,51.4900016784668,51.650001525878906,51.16999816894531,51.31999969482422,1005,0.0,0.0,0.0
2025-12-08 00:00:00+01:00,51.380001068115234,51.77000045776367,51.380001068115234,51.41999816894531,38709,0.0,0.0,0.0
2025-12-09 00:00:00+01:00,51.13999938964844,51.349998474121094,50.7400016784668,50.779998779296875,24858,0.0,0.0,0.0
2025-12-10 00:00:00+01:00,50.20000076293945,50.47999954223633,50.08000183105469,50.47999954223633,16338,0.0,0.0,0.0
2025-12-11 00:00:00+01:00,50.470001220703125,50.81999969482422,50.36000061035156,50.779998779296875,19257,0.0,0.0,0.0
2025-12-12 00:00:00+01:00,50.880001068115234,50.9900016784668,50.4900016784668,50.52000045776367,18776,0.0,0.0,0.0
2025-12-15 00:00:00+01:00,50.790000915527344,50.880001068115234,50.52000045776367,50.529998779296875,12556,0.0,0.0,0.0
2025-12-16 00:00:00+01:00,50.439998626708984,50.529998779296875,49.96500015258789,50.04999923706055,6808,0.0,0.0,0.0
2025-12-17 00:00:00+01:00,50.47999954223633,50.61000061035156,50.29999923706055,50.33000183105469,3931,0.0,0.0,0.0
2025-12-18 00:00:00+01:00,49.79499816894531,50.209999084472656,49.775001525878906,49.904998779296875,14346,0.0,0.0,0.0
2025-12-19 00:00:00+01:00,49.845001220703125,51.040000915527344,49.84000015258789,51.02000045776367,3651,0.0,0.0,0.0
2025-12-22 00:00:00+01:00,51.0099983215332,51.560001373291016,50.93000030517578,51.560001373291016,30509,0.0,0.0,0.0
2025-12-23 00:00:00+01:00,51.43000030517578,51.61000061035156,51.2599983215332,51.290000915527344,9149,0.0,0.0,0.0
2025-12-29 00:00:00+01:00,51.33000183105469,51.439998626708984,50.9900016784668,51.11000061035156,5853,0.0,0.0,0.0
2025-12-30 00:00:00+01:00,50.970001220703125,51.08000183105469,50.93000030517578,51.06999969482422,1510,0.0,0.0,0.0
2026-01-02 00:00:00+01:00,50.81999969482422,50.959999084472656,50.349998474121094,50.43000030517578,10771,0.0,0.0,0.0
2026-01-05 00:00:00+01:00,50.880001068115234,50.91999816894531,49.494998931884766,49.51499938964844,54067,0.0,0.0,0.0
2026-01-06 00:00:00+01:00,49.9900016784668,51.150001525878906,49.88999938964844,50.81999969482422,8728,0.0,0.0,0.0
2026-01-07 00:00:00+01:00,51.5,52.56999969482422,51.369998931884766,52.5099983215332,24222,0.0,0.0,0.0
2026-01-08 00:00:00+01:00,52.689998626708984,52.81999969482422,52.40999984741211,52.40999984741211,32685,0.0,0.0,0.0
2026-01-09 00:00:00+01:00,52.029998779296875,52.650001525878906,52.0099983215332,52.400001525878906,29451,0.0,0.0,0.0
2026-01-12 00:00:00+01:00,51.7400016784668,51.869998931884766,51.060001373291016,51.130001068115234,16209,0.0,0.0,0.0
2026-01-13 00:00:00+01:00,51.54999923706055,51.779998779296875,51.11000061035156,51.459999084472656,33607,0.0,0.0,0.0
2026-01-14 00:00:00+01:00,51.630001068115234,51.83000183105469,51.36000061035156,51.81999969482422,36540,0.0,0.0,0.0
2026-01-15 00:00:00+01:00,52.34000015258789,52.470001220703125,51.709999084472656,51.93000030517578,107358,0.0,0.0,0.0
2026-01-16 00:00:00+01:00,51.810001373291016,51.88999938964844,51.56999969482422,51.88999938964844,14340,0.0,0.0,0.0
2026-01-19 00:00:00+01:00,51.25,51.4900016784668,50.97999954223633,51.06999969482422,2909,0.0,0.0,0.0
2026-01-20 00:00:00+01:00,50.810001373291016,51.22999954223633,50.16999816894531,51.22999954223633,111755,0.0,0.0,0.0
2026-01-21 00:00:00+01:00,51.38999938964844,52.060001373291016,51.209999084472656,52.040000915527344,20399,0.0,0.0,0.0
2026-01-22 00:00:00+01:00,52.75,53.70000076293945,52.650001525878906,53.4900016784668,35470,0.0,0.0,0.0
2026-01-23 00:00:00+01:00,53.439998626708984,53.439998626708984,52.86000061035156,52.86000061035156,16453,0.0,0.0,0.0
2026-01-26 00:00:00+01:00,52.029998779296875,52.150001525878906,51.52000045776367,52.150001525878906,7317,0.0,0.0,0.0
2026-01-27 00:00:00+01:00,52.38999938964844,52.5,51.880001068115234,52.38999938964844,19779,0.0,0.0,0.0
2026-01-28 00:00:00+01:00,52.099998474121094,52.2599983215332,51.459999084472656,51.61000061035156,59442,0.0,0.0,0.0
2026-01-29 00:00:00+01:00,51.2400016784668,51.58000183105469,51.150001525878906,51.43000030517578,32772,0.0,0.0,0.0
2026-01-30 00:00:00+01:00,51.060001373291016,51.59000015258789,50.95000076293945,51.279998779296875,23019,0.0,0.0,0.0
2026-02-02 00:00:00+01:00,51.06999969482422,52.150001525878906,50.91999816894531,52.0099983215332,31354,0.0,0.0,0.0
2026-02-03 00:00:00+01:00,52.09000015258789,52.88999938964844,52.06999969482422,52.38999938964844,5344,0.0,0.0,0.0
2026-02-04 00:00:00+01:00,52.0,52.65999984741211,51.91999816894531,52.310001373291016,65242,0.0,0.0,0.0
2026-02-05 00:00:00+01:00,52.27000045776367,52.84000015258789,51.90999984741211,52.119998931884766,94038,0.0,0.0,0.0
2026-02-06 00:00:00+01:00,51.38999938964844,52.81999969482422,51.33000183105469,52.33000183105469,18201,0.0,0.0,0.0
2026-02-09 00:00:00+01:00,52.4900016784668,52.529998779296875,51.61000061035156,52.22999954223633,44182,0.0,0.0,0.0
2026-02-10 00:00:00+01:00,52.040000915527344,52.189998626708984,51.869998931884766,52.099998474121094,12257,0.0,0.0,0.0
2026-02-11 00:00:00+01:00,51.33000183105469,51.880001068115234,51.15999984741211,51.29999923706055,11961,0.0,0.0,0.0
2026-02-12 00:00:00+01:00,52.09000015258789,52.09000015258789,51.220001220703125,51.220001220703125,16594,0.0,0.0,0.0
2026-02-13 00:00:00+01:00,51.29999923706055,52.63999938964844,51.29999923706055,52.52000045776367,7026,0.0,0.0,0.0
2026-02-16 00:00:00+01:00,52.08000183105469,52.09000015258789,51.810001373291016,51.900001525878906,1753,0.0,0.0,0.0
2026-02-17 00:00:00+01:00,51.880001068115234,52.560001373291016,51.849998474121094,52.369998931884766,18563,0.0,0.0,0.0
2026-02-18 00:00:00+01:00,52.40999984741211,52.88999938964844,52.40999984741211,52.86000061035156,6637,0.0,0.0,0.0
2026-02-19 00:00:00+01:00,52.900001525878906,52.9900016784668,52.33000183105469,52.880001068115234,38039,0.0,0.0,0.0
2026-02-20 00:00:00+01:00,53.18000030517578,53.18000030517578,52.310001373291016,52.97999954223633,30149,0.0,0.0,0.0
2026-02-23 00:00:00+01:00,52.43000030517578,53.439998626708984,52.400001525878906,52.849998474121094,99561,0.0,0.0,0.0
2026-02-24 00:00:00+01:00,53.25,53.52000045776367,53.099998474121094,53.459999084472656,19861,0.0,0.0,0.0
2026-02-25 00:00:00+01:00,53.29999923706055,54.130001068115234,53.2599983215332,53.40999984741211,68571,0.0,0.0,0.0
2026-02-26 00:00:00+01:00,53.20000076293945,53.349998474121094,52.279998779296875,52.41999816894531,4100,0.0,0.0,0.0
2026-02-27 00:00:00+01:00,52.54999923706055,53.119998931884766,52.41999816894531,53.06999969482422,1954,0.0,0.0,0.0
2026-03-02 00:00:00+01:00,53.040000915527344,53.400001525878906,52.790000915527344,53.209999084472656,11890,0.0,0.0,0.0
2026-03-03 00:00:00+01:00,53.11000061035156,53.16999816894531,52.380001068115234,52.5,1810,0.0,0.0,0.0
2026-03-04 00:00:00+01:00,52.470001220703125,53.11000061035156,52.439998626708984,52.97999954223633,2201,0.0,0.0,0.0
2026-03-05 00:00:00+01:00,53.310001373291016,53.380001068115234,52.38999938964844,52.38999938964844,2596,0.0,0.0,0.0
2026-03-09 00:00:00+01:00,51.209999084472656,52.34000015258789,51.18000030517578,52.34000015258789,2657,0.0,0.0,0.0
2026-03-10 00:00:00+01:00,53.029998779296875,54.130001068115234,52.7400016784668,53.40999984741211,1355,0.0,0.0,0.0
2026-03-11 00:00:00+01:00,53.2400016784668,53.47999954223633,53.0,53.15999984741211,1465,0.0,0.0,0.0
2026-03-12 00:00:00+01:00,52.880001068115234,53.029998779296875,52.0,52.06999969482422,1329,0.0,0.0,0.0
2026-03-13 00:00:00+01:00,52.0099983215332,52.77000045776367,51.95000076293945,51.95000076293945,1600,0.0,0.0,0.0
2026-03-16 00:00:00+01:00,52.369998931884766,52.45000076293945,52.0,52.34000015258789,3300,0.0,0.0,0.0
2026-03-17 00:00:00+01:00,52.099998474121094,52.25,52.04999923706055,52.25,1012,0.0,0.0,0.0
2026-03-18 00:00:00+01:00,52.45000076293945,52.540000915527344,51.22999954223633,51.540000915527344,976,0.0,0.0,0.0
2026-03-19 00:00:00+01:00,51.400001525878906,51.400001525878906,50.97999954223633,50.97999954223633,1629,0.0,0.0,0.0
2026-03-20 00:00:00+01:00,51.279998779296875,51.279998779296875,50.84000015258789,50.84000015258789,1789,0.0,0.0,0.0
2026-03-23 00:00:00+01:00,50.209999084472656,51.33000183105469,50.0,50.619998931884766,2086,0.0,0.0,0.0
2026-03-24 00:00:00+01:00,50.5099983215332,50.560001373291016,49.98500061035156,50.150001525878906,392,0.0,0.0,0.0
2026-03-25 00:00:00+01:00,50.599998474121094,51.75,50.59000015258789,51.689998626708984,2535,0.0,0.0,0.0
2026-03-26 00:00:00+01:00,51.41999816894531,51.959999084472656,51.189998626708984,51.77000045776367,3194,0.0,0.0,0.0
2026-03-27 00:00:00+01:00,51.79999923706055,51.79999923706055,50.63999938964844,50.63999938964844,670,0.0,0.0,0.0
2026-03-30 00:00:00+02:00,50.34000015258789,51.029998779296875,50.22999954223633,50.95000076293945,797,0.0,0.0,0.0
2026-03-31 00:00:00+02:00,51.20000076293945,52.220001220703125,51.20000076293945,52.119998931884766,279,0.0,0.0,0.0
2026-04-01 00:00:00+02:00,53.029998779296875,53.150001525878906,52.689998626708984,52.95000076293945,3119,0.0,0.0,0.0
2026-04-02 00:00:00+02:00,52.34000015258789,53.209999084472656,52.27000045776367,52.619998931884766,1453,0.0,0.0,0.0
2026-04-07 00:00:00+02:00,52.349998474121094,52.439998626708984,51.52000045776367,51.63999938964844,4656,0.0,0.0,0.0
2026-04-08 00:00:00+02:00,53.150001525878906,53.22999954223633,52.47999954223633,52.630001068115234,5319,0.0,0.0,0.0
2026-04-09 00:00:00+02:00,52.7400016784668,52.83000183105469,52.4900016784668,52.709999084472656,1000,0.0,0.0,0.0
2026-04-10 00:00:00+02:00,52.880001068115234,53.0,52.11000061035156,52.11000061035156,891,0.0,0.0,0.0
2026-04-13 00:00:00+02:00,51.779998779296875,53.08000183105469,51.650001525878906,52.310001373291016,1731,0.0,0.0,0.0
2026-04-14 00:00:00+02:00,52.61000061035156,53.61000061035156,52.61000061035156,53.61000061035156,2368,0.0,0.0,0.0
2026-04-15 00:00:00+02:00,53.709999084472656,53.709999084472656,53.150001525878906,53.150001525878906,1886,0.0,0.0,0.0
2026-04-16 00:00:00+02:00,53.630001068115234,53.720001220703125,53.31999969482422,53.31999969482422,1988,0.0,0.0,0.0
2026-04-17 00:00:00+02:00,53.38999938964844,53.959999084472656,53.38999938964844,53.959999084472656,483,0.0,0.0,0.0
2026-04-20 00:00:00+02:00,53.93000030517578,54.16999816894531,53.790000915527344,54.029998779296875,2447,0.0,0.0,0.0
2026-04-21 00:00:00+02:00,53.9900016784668,54.18000030517578,53.290000915527344,53.54999923706055,1854,0.0,0.0,0.0
2026-04-22 00:00:00+02:00,53.849998474121094,54.2400016784668,53.68000030517578,53.68000030517578,476,0.0,0.0,0.0
2026-04-23 00:00:00+02:00,53.54999923706055,53.61000061035156,53.43000030517578,53.439998626708984,389,0.0,0.0,0.0
2026-04-24 00:00:00+02:00,53.119998931884766,53.15999984741211,52.27000045776367,52.33000183105469,487,0.0,0.0,0.0
2026-04-27 00:00:00+02:00,52.290000915527344,52.86000061035156,52.22999954223633,52.61000061035156,3747,0.0,0.0,0.0
2026-04-28 00:00:00+02:00,52.34000015258789,52.43000030517578,52.04999923706055,52.04999923706055,2077,0.0,0.0,0.0
2026-04-29 00:00:00+02:00,51.959999084472656,51.959999084472656,51.099998474121094,51.369998931884766,14202,0.0,0.0,0.0
2026-04-30 00:00:00+02:00,51.189998626708984,52.11000061035156,51.08000183105469,52.0099983215332,2148,0.0,0.0,0.0
2026-05-04 00:00:00+02:00,51.59000015258789,52.279998779296875,51.400001525878906,52.25,5094,0.0,0.0,0.0
2026-05-05 00:00:00+02:00,52.63999938964844,52.95000076293945,52.40999984741211,52.40999984741211,1361,0.0,0.0,0.0
2026-05-06 00:00:00+02:00,52.540000915527344,53.130001068115234,52.540000915527344,53.04999923706055,1456,0.0,0.0,0.0
2026-05-07 00:00:00+02:00,53.54999923706055,53.61000061035156,52.29999923706055,52.29999923706055,1316,0.0,0.0,0.0
2026-05-08 00:00:00+02:00,52.47999954223633,52.61000061035156,52.0,52.209999084472656,782,0.0,0.0,0.0
2026-05-11 00:00:00+02:00,52.470001220703125,53.209999084472656,52.43000030517578,52.97999954223633,1715,0.0,0.0,0.0
2026-05-12 00:00:00+02:00,52.560001373291016,53.0099983215332,52.369998931884766,52.959999084472656,881,0.0,0.0,0.0
2026-05-13 00:00:00+02:00,53.29999923706055,53.459999084472656,53.0,53.220001220703125,9259,0.0,0.0,0.0
2026-05-14 00:00:00+02:00,53.61000061035156,53.810001373291016,53.130001068115234,53.459999084472656,2533,0.0,0.0,0.0
2026-05-15 00:00:00+02:00,53.52000045776367,53.52000045776367,52.33000183105469,52.33000183105469,2246,0.0,0.0,0.0
2026-05-18 00:00:00+02:00,51.9900016784668,51.9900016784668,51.130001068115234,51.130001068115234,1255,0.0,0.0,0.0
2026-05-19 00:00:00+02:00,51.20000076293945,51.709999084472656,50.790000915527344,51.43000030517578,2767,0.0,0.0,0.0
2026-05-20 00:00:00+02:00,51.349998474121094,52.40999984741211,51.349998474121094,52.099998474121094,2528,0.0,0.0,0.0
2026-05-21 00:00:00+02:00,52.4900016784668,52.61000061035156,52.310001373291016,52.61000061035156,1097,0.0,0.0,0.0
2026-05-22 00:00:00+02:00,53.08000183105469,53.369998931884766,52.970001220703125,53.040000915527344,544,0.0,0.0,0.0
2026-05-25 00:00:00+02:00,53.41999816894531,53.45000076293945,53.2400016784668,53.45000076293945,797,0.0,0.0,0.0
2026-05-26 00:00:00+02:00,53.16999816894531,53.16999816894531,52.9900016784668,52.9900016784668,731,0.0,0.0,0.0
2026-05-27 00:00:00+02:00,52.9900016784668,53.439998626708984,52.9900016784668,53.2400016784668,4611,0.0,0.0,0.0
2026-05-28 00:00:00+02:00,53.2400016784668,53.459999084472656,52.91999816894531,53.33000183105469,2514,0.0,0.0,0.0
2026-05-29 00:00:00+02:00,53.5,53.75,53.189998626708984,53.25,953,0.0,0.0,0.0
2026-06-01 00:00:00+02:00,53.91999816894531,53.91999816894531,52.47999954223633,52.58000183105469,5287,0.0,0.0,0.0
2026-06-02 00:00:00+02:00,52.560001373291016,52.560001373291016,51.119998931884766,51.119998931884766,6382,0.0,0.0,0.0
2026-06-03 00:00:00+02:00,51.06999969482422,51.7400016784668,50.959999084472656,51.7400016784668,997,0.0,0.0,0.0
2026-06-04 00:00:00+02:00,52.349998474121094,53.459999084472656,52.22999954223633,53.25,10467,0.0,0.0,0.0
2026-06-05 00:00:00+02:00,53.2400016784668,53.58000183105469,53.2400016784668,53.58000183105469,3311,0.0,0.0,0.0
2026-06-08 00:00:00+02:00,52.91999816894531,53.13999938964844,52.540000915527344,52.63999938964844,633,0.0,0.0,0.0
2026-06-09 00:00:00+02:00,52.40999984741211,53.02000045776367,52.27000045776367,52.27000045776367,3106,0.0,0.0,0.0
2026-06-10 00:00:00+02:00,52.959999084472656,53.31999969482422,52.540000915527344,52.599998474121094,1512,0.0,0.0,0.0
2026-06-11 00:00:00+02:00,52.2400016784668,53.18000030517578,52.16999816894531,53.18000030517578,1594,0.0,0.0,0.0
2026-06-12 00:00:00+02:00,53.18000030517578,53.7599983215332,53.18000030517578,53.630001068115234,422,0.0,0.0,0.0
2026-06-15 00:00:00+02:00,53.900001525878906,53.900001525878906,53.4900016784668,53.68000030517578,2948,0.0,0.0,0.0
2026-06-16 00:00:00+02:00,53.91999816894531,53.97999954223633,53.15999984741211,53.2599983215332,5057,0.0,0.0,0.0
2026-06-17 00:00:00+02:00,53.470001220703125,54.61000061035156,53.45000076293945,54.47999954223633,800,0.0,0.0,0.0
2026-06-18 00:00:00+02:00,54.869998931884766,55.25,54.06999969482422,54.119998931884766,1291,0.0,0.0,0.0
2026-06-19 00:00:00+02:00,54.59000015258789,54.9900016784668,54.59000015258789,54.869998931884766,63415,0.0,0.0,0.0
2026-06-22 00:00:00+02:00,55.11000061035156,56.099998474121094,54.790000915527344,55.5,7691,0.0,0.0,0.0
2026-06-23 00:00:00+02:00,55.54999923706055,57.220001220703125,55.470001220703125,56.70000076293945,4283,0.0,0.0,0.0
2026-06-24 00:00:00+02:00,56.70000076293945,57.9900016784668,56.70000076293945,57.939998626708984,678,0.0,0.0,0.0
2026-06-25 00:00:00+02:00,57.79999923706055,58.97999954223633,57.58000183105469,58.47999954223633,3406,0.0,0.0,0.0
2026-06-26 00:00:00+02:00,58.279998779296875,59.5099983215332,57.77000045776367,59.43000030517578,4018,0.0,0.0,0.0
2026-06-29 00:00:00+02:00,59.18000030517578,59.47999954223633,59.04999923706055,59.22999954223633,1149,0.0,0.0,0.0
2026-06-30 00:00:00+02:00,60.040000915527344,60.38999938964844,59.93000030517578,60.16999816894531,1120,0.0,0.0,0.0
2026-07-01 00:00:00+02:00,60.0,60.25,59.79999923706055,60.22999954223633,8725,0.0,0.0,0.0
2026-07-02 00:00:00+02:00,59.939998626708984,61.2400016784668,59.93000030517578,61.02000045776367,6368,0.0,0.0,0.0
2026-07-03 00:00:00+02:00,61.79999923706055,61.849998474121094,61.61000061035156,61.650001525878906,3251,0.0,0.0,0.0
2026-07-06 00:00:00+02:00,61.93000030517578,62.189998626708984,60.880001068115234,61.5,7980,0.0,0.0,0.0
2026-07-07 00:00:00+02:00,61.84000015258789,62.2599983215332,61.65999984741211,62.22999954223633,21853,0.0,0.0,0.0
2026-07-08 00:00:00+02:00,62.290000915527344,62.439998626708984,61.540000915527344,61.689998626708984,4785,0.0,0.0,0.0
2026-07-09 00:00:00+02:00,61.9900016784668,62.599998474121094,61.959999084472656,61.959999084472656,6638,0.0,0.0,0.0
2026-07-10 00:00:00+02:00,62.08000183105469,62.380001068115234,60.310001373291016,60.310001373291016,2922,0.0,0.0,0.0
2026-07-13 00:00:00+02:00,60.63999938964844,60.70000076293945,59.08000183105469,59.689998626708984,4384,0.0,0.0,0.0
2026-07-14 00:00:00+02:00,59.77000045776367,59.880001068115234,58.95000076293945,59.20000076293945,7530,0.0,0.0,0.0
2026-07-15 00:00:00+02:00,59.56999969482422,59.56999969482422,59.220001220703125,59.5099983215332,4398,0.0,0.0,0.0
2026-07-16 00:00:00+02:00,59.7400016784668,59.90999984741211,59.439998626708984,59.720001220703125,3353,0.0,0.0,0.0
2026-07-17 00:00:00+02:00,59.47999954223633,60.290000915527344,59.25,59.95000076293945,5452,0.0,0.0,0.0
2026-07-20 00:00:00+02:00,59.75,60.16999816894531,59.52000045776367,59.52000045776367,828,0.0,0.0,0.0
2026-07-21 00:00:00+02:00,59.06999969482422,59.529998779296875,58.7599983215332,59.47999954223633,438,0.0,0.0,0.0
2026-07-22 00:00:00+02:00,59.529998779296875,59.72999954223633,59.470001220703125,59.599998474121094,466,0.0,0.0,0.0
2026-07-23 00:00:00+02:00,59.189998626708984,59.869998931884766,58.97999954223633,59.66999816894531,5239,0.0,0.0,0.0
2026-07-24 00:00:00+02:00,59.70000076293945,60.029998779296875,59.38999938964844,59.650001525878906,856,0.0,0.0,0.0
2026-07-27 00:00:00+02:00,59.83000183105469,60.52000045776367,59.720001220703125,60.09000015258789,2080,0.0,0.0,0.0
2026-07-28 00:00:00+02:00,59.75,60.119998931884766,59.63999938964844,59.900001525878906,5075,0.0,0.0,0.0
2026-07-29 00:00:00+02:00,60.11000061035156,60.5099983215332,59.93000030517578,60.0,2159,0.0,0.0,0.0
2026-07-30 00:00:00+02:00,59.43000030517578,59.540000915527344,58.18000030517578,58.31999969482422,3791,0.0,0.0,0.0
2026-07-31 00:00:00+02:00,59.650001525878906,59.720001220703125,58.099998474121094,58.099998474121094,4299,0.0,0.0,0.0
2026-08-03 00:00:00+02:00,58.56999969482422,58.7400016784668,57.709999084472656,58.209999084472656,7232,0.0,0.0,0.0
2026-08-04 00:00:00+02:00,58.2400016784668,58.810001373291016,58.150001525878906,58.810001373291016,1684,0.0,0.0,0.0
2026-08-05 00:00:00+02:00,59.52000045776367,60.310001373291016,59.41999816894531,59.56999969482422,5564,0.0,0.0,0.0
2026-08-06 00:00:00+02:00,59.95000076293945,60.560001373291016,59.95000076293945,60.11000061035156,3642,0.0,0.0,0.0
2026-08-07 00:00:00+02:00,60.279998779296875,60.58000183105469,60.16999816894531,60.560001373291016,5196,0.0,0.0,0.0
2026-08-10 00:00:00+02:00,61.130001068115234,61.900001525878906,61.06999969482422,61.77000045776367,4417,0.0,0.0,0.0
2026-08-11 00:00:00+02:00,61.93000030517578,62.130001068115234,61.619998931884766,61.83000183105469,645,0.0,0.0,0.0
2026-08-12 00:00:00+02:00,61.83000183105469,62.290000915527344,61.40999984741211,62.290000915527344,631,0.0,0.0,0.0
2026-08-13 00:00:00+02:00,62.400001525878906,62.400001525878906,61.939998626708984,61.939998626708984,6208,0.0,0.0,0.0
2026-08-14 00:00:00+02:00,61.52000045776367,61.70000076293945,60.47999954223633,60.75,9874,0.0,0.0,0.0
2026-08-17 00:00:00+02:00,61.04999923706055,61.959999084472656,60.93000030517578,61.900001525878906,7851,0.0,0.0,0.0
2026-08-18 00:00:00+02:00,62.09000015258789,62.61000061035156,61.939998626708984,62.45000076293945,1942,0.0,0.0,0.0
2026-08-19 00:00:00+02:00,62.5099983215332,65.37999725341797,62.5099983215332,64.97000122070312,22304,0.0,0.0,0.0
2026-08-20 00:00:00+02:00,65.6500015258789,65.73999786376953,64.41000366210938,64.81999969482422,4050,0.0,0.0,0.0
2026-08-21 00:00:00+02:00,64.19000244140625,65.48999786376953,64.13999938964844,65.48999786376953,11474,0.0,0.0,0.0
2026-08-24 00:00:00+02:00,65.16999816894531,65.23999786376953,64.12000274658203,64.51000213623047,1787,0.0,0.0,0.0
2026-08-25 00:00:00+02:00,64.91000366210938,66.0999984741211,64.91000366210938,66.02999877929688,5488,0.0,0.0,0.0
2026-08-26 00:00:00+02:00,65.83999633789062,65.9800033569336,65.41000366210938,65.52999877929688,4292,0.0,0.0,0.0
2026-08-27 00:00:00+02:00,65.44000244140625,65.68000030517578,65.16000366210938,65.47000122070312,6976,0.0,0.0,0.0
2026-08-28 00:00:00+02:00,65.69000244140625,65.79000091552734,64.30000305175781,64.38999938964844,33550,0.0,0.0,0.0
2026-08-31 00:00:00+02:00,63.86000061035156,63.91999816894531,63.150001525878906,63.58000183105469,5121,0.0,0.0,0.0
2026-09-01 00:00:00+02:00,64.08000183105469,64.29000091552734,63.810001373291016,64.2699966430664,13018,0.0,0.0,0.0
2026-09-02 00:00:00+02:00,64.87999725341797,65.91000366210938,64.6500015258789,64.6500015258789,2855,0.0,0.0,0.0
2026-09-03 00:00:00+02:00,65.25,65.41000366210938,65.04000091552734,65.19999694824219,1774,0.0,0.0,0.0
2026-09-04 00:00:00+02:00,65.29000091552734,65.41999816894531,64.79000091552734,64.9000015258789,1865,0.0,0.0,0.0
2026-09-07 00:00:00+02:00,64.44999694824219,64.44999694824219,64.16000366210938,64.29000091552734,3277,0.0,0.0,0.0
2026-09-08 00:00:00+02:00,64.1500015258789,64.55999755859375,63.16999816894531,63.65999984741211,26129,0.0,0.0,0.0
2026-09-09 00:00:00+02:00,63.36000061035156,63.380001068115234,62.88999938964844,63.099998474121094,9525,0.0,0.0,0.0
2026-09-10 00:00:00+02:00,63.11000061035156,63.11000061035156,62.11000061035156,62.11000061035156,2454,0.0,0.0,0.0
2026-09-11 00:00:00+02:00,62.349998474121094,62.869998931884766,62.27000045776367,62.290000915527344,6096,0.0,0.0,0.0
2026-09-14 00:00:00+02:00,62.470001220703125,63.290000915527344,62.470001220703125,62.880001068115234,10139,0.0,0.0,0.0
2026-09-15 00:00:00+02:00,63.0099983215332,63.0099983215332,61.95000076293945,62.029998779296875,4155,0.0,0.0,0.0
2026-09-16 00:00:00+02:00,62.25,62.790000915527344,62.25,62.599998474121094,4464,0.0,0.0,0.0
2026-09-17 00:00:00+02:00,62.970001220703125,64.08999633789062,62.970001220703125,64.08999633789062,3063,0.0,0.0,0.0
2026-09-18 00:00:00+02:00,64.06999969482422,64.1500015258789,63.54999923706055,63.54999923706055,913,0.0,0.0,0.0
