Date,Open,High,Low,Close,Volume,Dividends,Stock Splits
2021-10-04 00:00:00-04:00,20.4140815960762,20.451915057453423,19.469243927312622,19.64546775817871,345635000,0.0,0.0
2021-10-05 00:00:00-04:00,19.86251053602597,20.5574494289942,19.76693087317069,20.361312866210938,279282000,0.0,0.0
2021-10-06 00:00:00-04:00,20.031767889875287,20.629135169524517,19.991942391773726,20.609224319458008,297202000,0.0,0.0
2021-10-07 00:00:00-04:00,20.9995001152683,21.228492893748708,20.880027438567527,20.982576370239258,256919000,0.0,0.0
2021-10-08 00:00:00-04:00,21.00846523888015,21.113004324739432,20.683894639844777,20.739648818969727,151258000,0.0,0.0
2021-10-11 00:00:00-04:00,20.484773437642136,20.970632383544228,20.421053017517437,20.604246139526367,163388000,0.0,0.0
2021-10-12 00:00:00-04:00,20.73666197268602,20.964657828842242,20.437978323976292,20.580350875854492,162134000,0.0,0.0
2021-10-13 00:00:00-04:00,20.826267780379947,20.897952540851815,20.622166840732383,20.84717559814453,180652000,0.0,0.0
2021-10-14 00:00:00-04:00,21.194643109467265,21.659594172572046,21.029370725954077,21.650634765625,243589000,0.0,0.0
2021-10-15 00:00:00-04:00,21.71435462616983,21.834824285475865,21.56700484536949,21.76612663269043,226994000,0.0,0.0
2021-10-18 00:00:00-04:00,21.653622673782255,22.19324560945146,21.54908169662989,22.124547958374023,189494000,0.0,0.0
2021-10-19 00:00:00-04:00,22.178316480739,22.280865453012563,21.940366100720357,22.192256927490234,161473000,0.0,0.0
2021-10-20 00:00:00-04:00,22.207190688688257,22.334629654381736,21.885607120979568,22.00607681274414,146276000,0.0,0.0
2021-10-21 00:00:00-04:00,22.00009915262171,22.611406925381793,21.986160606952357,22.59248924255371,187590000,0.0,0.0
2021-10-22 00:00:00-04:00,22.72291370384328,23.028566619385316,22.462063524678783,22.626338958740234,249384000,0.0,0.0
2021-10-25 00:00:00-04:00,22.87225673076628,23.252581526641404,22.67014782202449,23.064411163330078,230235000,0.0,0.0
2021-10-26 00:00:00-04:00,23.88380013492317,25.148231194964065,23.819084651019782,24.608606338500977,485898000,0.0,0.0
2021-10-27 00:00:00-04:00,24.366676556372838,24.979974473581777,24.175517185619338,24.34377670288086,245990000,0.0,0.0
2021-10-28 00:00:00-04:00,24.7688996326781,24.840584383344975,24.415456914629402,24.831623077392578,234204000,0.0,0.0
2021-10-29 00:00:00-04:00,24.89136187149755,25.596257241681755,24.890366803732874,25.454879760742188,292503000,0.0,0.0
2021-11-01 00:00:00-04:00,25.53652048764444,25.78044501501722,25.116370221539132,25.7137393951416,265740000,0.0,0.0
2021-11-02 00:00:00-04:00,25.708765384211045,26.56101063434502,25.68686059809661,26.28522491455078,294112000,0.0,0.0
2021-11-03 00:00:00-04:00,26.553046154370787,26.666546557874828,26.119954258485805,26.481361389160156,239910000,0.0,0.0
2021-11-04 00:00:00-04:00,27.109596719532924,31.22745940153133,26.999083410913848,29.670318603515625,1153631000,0.0,0.0
2021-11-05 00:00:00-04:00,30.054622412775466,31.26230243845938,29.28102933486203,29.621530532836914,851260000,0.0,0.0
2021-11-08 00:00:00-05:00,30.01678837668219,30.963618188602332,29.775849037020173,30.668916702270508,503101000,0.0,0.0
2021-11-09 00:00:00-05:00,32.14043594172841,32.16831303240709,29.832600226347303,30.522560119628906,646746000,0.0,0.0
2021-11-10 00:00:00-05:00,29.22726595064239,30.714713791904344,28.65179963773985,29.32981300354004,636206000,0.0,0.0
2021-11-11 00:00:00-05:00,30.334391912355496,30.45585665879576,29.646422105832695,30.256732940673828,332172000,0.0,0.0
2021-11-12 00:00:00-05:00,29.87840015502357,30.545462142052177,29.500065470388805,30.256732940673828,413054000,0.0,0.0
2021-11-15 00:00:00-05:00,30.4180228502872,30.50961846828987,29.11874525657836,29.893333435058594,384909000,0.0,0.0
2021-11-16 00:00:00-05:00,29.62850151207324,30.25673306637881,29.57573253019145,30.070552825927734,264484000,0.0,0.0
2021-11-17 00:00:00-05:00,30.28460270438273,30.375205132582746,28.673698329349342,29.13267707824707,428508000,0.0,0.0
2021-11-18 00:00:00-05:00,32.22505942148186,32.61633372407065,31.18364508674992,31.53609275817871,781711000,0.0,0.0
2021-11-19 00:00:00-05:00,32.10160442864808,32.94290005570085,31.765087317217567,32.84035110473633,533867000,0.0,0.0
2021-11-22 00:00:00-05:00,33.37001812058742,34.49506385982345,31.76011037964673,31.81586456298828,754335000,0.0,0.0
2021-11-23 00:00:00-05:00,31.39670967652622,32.21809257052514,30.744581358909567,31.60678482055664,532163000,0.0,0.0
2021-11-24 00:00:00-05:00,31.323039583883876,32.71092580385909,30.7923759210508,32.53071975708008,435162000,0.0,0.0
2021-11-26 00:00:00-05:00,32.45703857581968,32.56655680344716,31.212522066253175,31.364850997924805,283069000,0.0,0.0
2021-11-29 00:00:00-05:00,32.22407162500823,33.26548239676256,31.89551689877383,33.22964096069336,454964000,0.0,0.0
2021-11-30 00:00:00-05:00,33.02354920307182,33.206744258077826,31.72427335918427,32.532711029052734,622066000,0.0,0.0
2021-12-01 00:00:00-05:00,33.07738205679199,33.14708332793763,31.246219509198653,31.30098533630371,484368000,0.004,0.0
2021-12-02 00:00:00-05:00,31.08091852606124,32.33952934929724,30.89272325657991,31.989028930664062,472890000,0.0,0.0
2021-12-03 00:00:00-05:00,31.863576198119162,31.992027850203964,30.00154762838603,30.562149047851562,544325000,0.0,0.0
2021-12-06 00:00:00-05:00,29.75260913184593,30.11207010956424,27.918463234495462,29.9089412689209,658938000,0.0,0.0
2021-12-07 00:00:00-05:00,30.82501579680724,32.31065524359192,30.520318769347558,32.28874588012695,593053000,0.0,0.0
2021-12-08 00:00:00-05:00,31.862576105811538,32.15233582192908,31.28703933130742,31.6903133392334,475551000,0.0,0.0
2021-12-09 00:00:00-05:00,31.598704034532002,32.06769853366914,30.298272298007166,30.360008239746094,488507000,0.0,0.0
2021-12-10 00:00:00-05:00,31.01719680171708,31.171536668842634,29.733692678385772,30.069255828857422,488825000,0.0,0.0
2021-12-13 00:00:00-05:00,30.120032572835907,30.164840789277438,27.996125392567258,28.04093360900879,598344000,0.0,0.0
2021-12-14 00:00:00-05:00,27.580907982463,28.555734222401295,27.13382283364954,28.216188430786133,667035000,0.0,0.0
2021-12-15 00:00:00-05:00,28.278921661014024,30.369969093174348,27.7193173668591,30.329143524169922,698297000,0.0,0.0
2021-12-16 00:00:00-05:00,31.01918703981043,31.027152355261656,27.97322876019045,28.265974044799805,707366000,0.0,0.0
2021-12-17 00:00:00-05:00,27.865689688111814,28.79869516682683,27.64164857062036,27.68247413635254,713758000,0.0,0.0
2021-12-20 00:00:00-05:00,27.188587940382853,28.02400974051841,27.02927023764738,27.60082244873047,461847000,0.0,0.0
2021-12-21 00:00:00-05:00,28.25303247287371,28.995852308207283,27.284179231128302,28.9510440826416,524385000,0.0,0.0
2021-12-22 00:00:00-05:00,28.767823731054484,29.42899232103665,28.327706864600266,29.2746524810791,395184000,0.0,0.0
2021-12-23 00:00:00-05:00,29.628143214986842,29.93084800774143,29.30552513261703,29.513633728027344,343022000,0.0,0.0
2021-12-27 00:00:00-05:00,29.53354519901358,30.954461266705604,29.51363001268846,30.813066482543945,403686000,0.0,0.0
2021-12-28 00:00:00-05:00,31.178505155996454,31.196428065606888,29.88404641723083,30.192726135253906,420591000,0.0,0.0
2021-12-29 00:00:00-05:00,30.14393618740853,30.41776338511472,29.240801560831677,29.87309455871582,343139000,0.0,0.0
2021-12-30 00:00:00-05:00,29.69983156408998,30.32714660813748,29.41405644108792,29.45985984802246,308864000,0.0,0.0
2021-12-31 00:00:00-05:00,29.54749135107495,29.9019745214391,29.2059532443293,29.285612106323242,266530000,0.0,0.0
2022-01-03 00:00:00-05:00,29.687887165643172,30.58006706522169,29.658014384020838,29.992582321166992,391547000,0.0,0.0
2022-01-04 00:00:00-05:00,30.147912453155488,30.33809809695362,28.228133108808805,29.16512107849121,527154000,0.0,0.0
2022-01-05 00:00:00-05:00,28.825579893631648,29.290589869699456,27.415618321755158,27.48631477355957,498064000,0.0,0.0
2022-01-06 00:00:00-05:00,27.522160621764158,28.316758809179447,26.949613182894534,28.0578670501709,454186000,0.0,0.0
2022-01-07 00:00:00-05:00,28.02102606266158,28.300828200556737,26.94164598984423,27.130836486816406,409939000,0.0,0.0
2022-01-10 00:00:00-05:00,26.467675485447426,27.351890124020873,25.53466996334042,27.283184051513672,594681000,0.0,0.0
2022-01-11 00:00:00-05:00,27.20651282406831,27.94535000609593,26.724577023199927,27.698406219482422,404089000,0.0,0.0
2022-01-12 00:00:00-05:00,27.94733620165416,28.473084959973825,27.490293505962637,27.879627227783203,383413000,0.0,0.0
2022-01-13 00:00:00-05:00,28.2580102227296,28.358579457679358,26.385029059468522,26.461702346801758,540171000,0.0,0.0
2022-01-14 00:00:00-05:00,26.187871987265602,27.081048984239747,26.098255540756934,26.82713508605957,395832000,0.0,0.0
2022-01-18 00:00:00-05:00,26.14804463261415,26.524433344257982,25.660133902473458,25.792566299438477,424270000,0.0,0.0
2022-01-19 00:00:00-05:00,25.967813271965568,26.42983381864652,24.94519143672525,24.960126876831055,488315000,0.0,0.0
2022-01-20 00:00:00-05:00,25.196122322501015,25.469949535319014,23.975347395495497,24.047040939331055,435181000,0.0,0.0
2022-01-21 00:00:00-05:00,23.40678352912288,24.717173064459438,23.163824281021945,23.274351119995117,718958000,0.0,0.0
2022-01-24 00:00:00-05:00,22.234796834896894,23.280319440924885,20.798945308150216,23.272354125976562,913982000,0.0,0.0
2022-01-25 00:00:00-05:00,22.44988020196596,22.84518895116685,21.906208409712576,22.22882652282715,664616000,0.0,0.0
2022-01-26 00:00:00-05:00,23.140918549293506,23.954434796117226,22.204925605698346,22.67491340637207,755959000,0.0,0.0
2022-01-27 00:00:00-05:00,23.46752162349448,23.89270120895478,21.582590638157097,21.850444793701172,573353000,0.0,0.0
2022-01-28 00:00:00-05:00,21.91815335328116,22.760547192328307,21.205206336859245,22.742624282836914,543774000,0.0,0.0
2022-01-31 00:00:00-05:00,23.083165646073763,24.404509712140047,22.953720720505,24.381607055664062,564680000,0.0,0.0
2022-02-01 00:00:00-05:00,24.996973791149287,25.03779935981821,23.788148758594023,24.532960891723633,518925000,0.0,0.0
2022-02-02 00:00:00-05:00,25.684028862008926,25.70692961725198,24.448318695078196,25.134382247924805,543419000,0.0,0.0
2022-02-03 00:00:00-05:00,24.353725465820713,24.97008589250318,23.678616565700732,23.84589958190918,410178000,0.0,0.0
2022-02-04 00:00:00-05:00,23.869797957184883,24.529971431012495,23.531247360390374,24.21531867980957,354829000,0.0,0.0
2022-02-07 00:00:00-05:00,24.268090747101677,25.074636814466327,24.098815458966705,24.622573852539062,376868000,0.0,0.0
2022-02-08 00:00:00-05:00,24.255144583805702,25.12243136129767,23.877760740156685,25.000951766967773,410359000,0.0,0.0
2022-02-09 00:00:00-05:00,25.512765352949764,26.61106356618626,25.244913078299707,26.591148376464844,524282000,0.0,0.0
2022-02-10 00:00:00-05:00,25.884173907605756,26.810207355807123,25.490857492439208,25.71390151977539,513200000,0.0,0.0
2022-02-11 00:00:00-05:00,25.805512129420663,26.040506046365,23.671648776457072,23.84689712524414,605472000,0.0,0.0
2022-02-14 00:00:00-05:00,23.8319650651348,24.76895339756346,23.65372732350501,24.163545608520508,440424000,0.0,0.0
2022-02-15 00:00:00-05:00,24.842631726431065,26.431828001236315,24.67833617578049,26.382041931152344,699869000,0.0,0.0
2022-02-16 00:00:00-05:00,26.147047583163317,26.468670452357063,25.443061093040882,26.397972106933594,732676000,0.0,0.0
2022-02-17 00:00:00-05:00,25.5207287378447,25.675068597680315,24.06197633665846,24.402517318725586,810595000,0.0,0.0
2022-02-18 00:00:00-05:00,24.56282527786153,24.879470249477556,23.001511680532914,23.541200637817383,761255000,0.0,0.0
2022-02-22 00:00:00-05:00,22.936797094043573,23.96140959530918,22.90194645789285,23.290283203125,633422000,0.0,0.0
2022-02-23 00:00:00-05:00,23.700523668904758,24.052019342712313,22.205923511795177,22.291555404663086,566511000,0.0,0.0
2022-02-24 00:00:00-05:00,20.92540691455172,23.698533574396834,20.800939822460943,23.64675521850586,735801000,0.0,0.0
2022-02-25 00:00:00-05:00,23.6198702807105,24.113754059814244,23.28131966006848,24.05401039123535,528866000,0.0,0.0
2022-02-28 00:00:00-05:00,23.889710379569376,24.559841369753713,23.605925632639202,24.281034469604492,477319000,0.0,0.0
2022-03-01 00:00:00-05:00,24.187438016478104,24.27307180434672,23.033378906753704,23.376907348632812,412056000,0.0,0.0
2022-03-02 00:00:00-05:00,23.658746550677243,24.309073132263915,23.319142955312046,24.120845794677734,389642000,0.004,0.0
2022-03-03 00:00:00-05:00,24.162677458354135,24.226416539633046,23.372924502534758,23.61692237854004,365095000,0.0,0.0
2022-03-04 00:00:00-05:00,23.288271806116654,23.583059575930694,22.389963970849855,22.842105865478516,431415000,0.0,0.0
2022-03-07 00:00:00-05:00,22.723592102393823,22.93870935454276,21.242680010670902,21.264589309692383,450821000,0.0,0.0
2022-03-08 00:00:00-05:00,21.221769289134286,22.281412867963464,20.565466582728256,21.42593002319336,557467000,0.0,0.0
2022-03-09 00:00:00-05:00,22.295354282391074,23.124944442804253,22.15592800317561,22.919788360595703,492742000,0.0,0.0
2022-03-10 00:00:00-05:00,22.438763775975826,22.694711650925896,21.79242045485743,22.565244674682617,428066000,0.0,0.0
2022-03-11 00:00:00-05:00,22.927753683517206,23.050251249791206,21.955749323787682,22.00952911376953,367209000,0.0,0.0
2022-03-14 00:00:00-04:00,21.77946869672398,22.170859421371393,21.07237631930327,21.24267578125,385354000,0.0,0.0
2022-03-15 00:00:00-04:00,21.429910411009644,22.943688372057732,21.234713636338597,22.87895393371582,491996000,0.0,0.0
2022-03-16 00:00:00-04:00,23.403796625061247,24.49630589121448,23.077140259936503,24.395719528198242,671422000,0.0,0.0
2022-03-17 00:00:00-04:00,24.02125840895199,24.74030090825493,23.80813378286248,24.664613723754883,471941000,0.0,0.0
2022-03-18 00:00:00-04:00,24.697479198946194,26.460233740028837,24.52319636276872,26.344707489013672,730719000,0.0,0.0
2022-03-21 00:00:00-04:00,26.398487485905324,27.040847486368627,25.860697187971265,26.624557495117188,591727000,0.0,0.0
2022-03-22 00:00:00-04:00,26.61758672052766,27.12649641555455,25.96526931574627,26.41541862487793,547007000,0.0,0.0
2022-03-23 00:00:00-04:00,26.019046837158616,26.50305734840452,25.470303785598432,25.529062271118164,502120000,0.0,0.0
2022-03-24 00:00:00-04:00,26.058885884967737,28.20406749144338,25.800945365640167,28.03476333618164,877379000,0.0,0.0
2022-03-25 00:00:00-04:00,27.77184415178732,28.241912070470075,27.159361974596653,27.578638076782227,579016000,0.0,0.0
2022-03-28 00:00:00-04:00,27.642375427784486,28.134352617050098,27.094625830029123,28.103479385375977,425494000,0.0,0.0
2022-03-29 00:00:00-04:00,28.57752665145035,28.827498547867677,27.8654536027074,28.538686752319336,488984000,0.0,0.0
2022-03-30 00:00:00-04:00,28.188133610446798,28.37934706350977,27.390412047597884,27.57664680480957,463487000,0.0,0.0
2022-03-31 00:00:00-04:00,27.66826906522798,28.132361016808318,27.15836589385924,27.174299240112305,523440000,0.0,0.0
2022-04-01 00:00:00-04:00,27.262927870846394,27.38343279053072,26.159464175032426,26.602642059326172,517235000,0.0,0.0
2022-04-04 00:00:00-04:00,26.618580799031673,27.445182845672498,26.504051817215565,27.24799346923828,397120000,0.0,0.0
2022-04-05 00:00:00-04:00,27.14242826487716,27.2071627020829,25.714298707379786,25.824844360351562,436615000,0.0,0.0
2022-04-06 00:00:00-04:00,24.831930039640117,25.19643100477937,23.90474143009996,24.307086944580078,703833000,0.0,0.0
2022-04-07 00:00:00-04:00,24.340944116539315,24.620793903525843,23.3818870718976,24.108898162841797,557992000,0.0,0.0
2022-04-08 00:00:00-04:00,23.81908644389505,23.82506239727849,22.967587168821588,23.02435302734375,524781000,0.0,0.0
2022-04-11 00:00:00-04:00,22.12306125571871,22.228626311058377,21.57132836419141,21.8272762298584,575207000,0.0,0.0
2022-04-12 00:00:00-04:00,22.44474005075557,22.63197015423266,21.194876629839,21.41596794128418,662258000,0.0,0.0
2022-04-13 00:00:00-04:00,21.639054224925435,22.407893303585002,21.367171071947986,22.11210823059082,516943000,0.0,0.0
2022-04-14 00:00:00-04:00,22.41286958131203,22.683757345759695,21.07636432042871,21.170974731445312,569097000,0.0,0.0
2022-04-18 00:00:00-04:00,21.113216864867486,21.9975803526132,20.992711899311292,21.693830490112305,525701000,0.0,0.0
2022-04-19 00:00:00-04:00,21.631084290617952,22.281410987109858,21.226746193463015,22.107128143310547,512781000,0.0,0.0
2022-04-20 00:00:00-04:00,22.42482503392664,22.577198594461343,21.113216842382243,21.394062042236328,468974000,0.0,0.0
2022-04-21 00:00:00-04:00,21.620124015622107,22.300328408176068,19.918120945537606,20.100372314453125,656209000,0.0,0.0
2022-04-22 00:00:00-04:00,20.219882348509838,20.402133738806455,19.42017020020564,19.435108184814453,624713000,0.0,0.0
2022-04-25 00:00:00-04:00,19.12338916520078,19.863347449845236,19.01782411842625,19.820524215698242,641566000,0.0,0.0
2022-04-26 00:00:00-04:00,19.637279366940014,19.706992498806468,18.593569308178367,18.71108627319336,653143000,0.0,0.0
2022-04-27 00:00:00-04:00,18.52186245193841,19.088533303599878,18.215124690050864,18.33961296081543,499460000,0.0,0.0
2022-04-28 00:00:00-04:00,18.88935323961421,19.954974541798094,18.414306664090166,19.701017379760742,570327000,0.0,0.0
2022-04-29 00:00:00-04:00,19.3225724947239,20.045600227897243,18.441195280836077,18.471073150634766,500435000,0.0,0.0
2022-05-02 00:00:00-04:00,18.46509770793821,19.493867882415657,18.315712153889976,19.45303726196289,572049000,0.0,0.0
2022-05-03 00:00:00-04:00,19.320584361321686,19.743845733779274,19.054677146970047,19.521757125854492,475751000,0.0,0.0
2022-05-04 00:00:00-04:00,19.84144044981811,20.316487014368857,18.67423744950525,20.250757217407227,648855000,0.0,0.0
2022-05-05 00:00:00-04:00,19.785671961147454,19.84343319196136,18.424267408174938,18.76685905456543,626331000,0.0,0.0
2022-05-06 00:00:00-04:00,18.65929999241693,19.432122333318322,17.916353624000763,18.598548889160156,633297000,0.0,0.0
2022-05-09 00:00:00-04:00,17.9601754415391,18.180269513135514,16.75811575231476,16.880613327026367,644455000,0.0,0.0
2022-05-10 00:00:00-04:00,17.616587170071877,18.12350429350738,16.955305773137006,17.522972106933594,761474000,0.0,0.0
2022-05-11 00:00:00-04:00,17.275983917823066,17.68032194709463,16.500173704044624,16.561918258666992,670167000,0.0,0.0
2022-05-12 00:00:00-04:00,16.15260804746301,16.719279112284188,15.50327750717513,16.108787536621094,708728000,0.0,0.0
2022-05-13 00:00:00-04:00,16.71927505834853,17.854607631651785,16.525073633919344,17.633516311645508,670437000,0.0,0.0
2022-05-16 00:00:00-04:00,17.437322904145635,17.715180072849822,17.035972816221634,17.19332504272461,521446000,0.0,0.0
2022-05-17 00:00:00-04:00,18.00000966759252,18.295794716695035,17.561812268275418,18.102588653564453,585830000,0.0,0.0
2022-05-18 00:00:00-04:00,17.63252027278685,18.043829664901942,16.794963502496497,16.86865997314453,545161000,0.0,0.0
2022-05-19 00:00:00-04:00,16.867663129735934,17.61459275966754,16.665493158414193,17.053897857666016,621310000,0.0,0.0
2022-05-20 00:00:00-04:00,17.26104864553038,17.33872845520384,15.69050380184821,16.625659942626953,739105000,0.0,0.0
2022-05-23 00:00:00-04:00,16.207377095601466,16.845753691955995,16.112766693765444,16.82882308959961,639889000,0.0,0.0
2022-05-24 00:00:00-04:00,16.44241318228326,16.529056923699873,15.715401091996485,16.08786964416504,588550000,0.0,0.0
2022-05-25 00:00:00-04:00,15.954415901019841,17.04094904216001,15.93449732347587,16.905506134033203,781132000,0.0,0.0
2022-05-26 00:00:00-04:00,15.970351364556697,18.017934299435986,15.95640873833212,17.777921676635742,996575000,0.0,0.0
2022-05-27 00:00:00-04:00,18.11154842806571,18.803702835850935,18.025900066210976,18.733989715576172,738379000,0.0,0.0
2022-05-31 00:00:00-04:00,18.902299762323565,19.121400348314285,18.27487967412374,18.595561981201172,664100000,0.0,0.0
2022-06-01 00:00:00-04:00,18.647346215803537,18.97499788497941,18.047809575252625,18.244998931884766,544514000,0.0,0.0
2022-06-02 00:00:00-04:00,18.217115849128234,19.53868302922962,18.12350080401456,19.51179313659668,648656000,0.0,0.0
2022-06-03 00:00:00-04:00,19.003881477132655,19.252858009305765,18.446172677395946,18.643362045288086,598779000,0.0,0.0
2022-06-06 00:00:00-04:00,19.060652505586596,19.257841926957315,18.48800556646816,18.709096908569336,422406000,0.0,0.0
2022-06-07 00:00:00-04:00,18.396380279945216,18.92221865575563,18.113542511249516,18.848522186279297,388914000,0.0,0.0
2022-06-08 00:00:00-04:00,18.72599902469666,19.105520032436974,18.46302425711577,18.575586318969727,363252000,0.004,0.0
2022-06-09 00:00:00-04:00,18.40923586335072,18.859480331996103,17.970943930182248,17.977916717529297,395574000,0.0,0.0
2022-06-10 00:00:00-04:00,17.531655320031188,17.628278767149297,16.803493073192044,16.9080867767334,465248000,0.0,0.0
2022-06-13 00:00:00-04:00,15.937866781690259,16.248655457524833,15.545396758992766,15.586237907409668,604153000,0.0,0.0
2022-06-14 00:00:00-04:00,15.669912860368118,16.003612016416973,15.35215136745031,15.774505615234375,469680000,0.0,0.0
2022-06-15 00:00:00-04:00,16.03249841468416,16.80249737716836,15.86415501064633,16.46282196044922,563936000,0.0,0.0
2022-06-16 00:00:00-04:00,15.79841077215222,15.880093072433525,15.34119356434389,15.540416717529297,545749000,0.0,0.0
2022-06-17 00:00:00-04:00,15.587233257448974,15.93288586000674,15.268476230293604,15.81833267211914,630334000,0.0,0.0
2022-06-21 00:00:00-04:00,16.411024604098987,16.94195389912008,16.343287871553795,16.501670837402344,483089000,0.0,0.0
2022-06-22 00:00:00-04:00,16.162994005831898,16.597301831379568,16.11717309578013,16.29647445678711,437135000,0.0,0.0
2022-06-23 00:00:00-04:00,16.454851986991518,16.5205956784527,15.79143880496092,16.16199493408203,463680000,0.0,0.0
2022-06-24 00:00:00-04:00,16.435923675313703,17.073437682617282,16.24666099191735,17.059492111206055,472153000,0.0,0.0
2022-06-27 00:00:00-04:00,17.24477402510874,17.2627037776178,16.561437091028537,16.80349349975586,427968000,0.0,0.0
2022-06-28 00:00:00-04:00,16.83437454206532,17.135201879170452,15.883083017438073,15.919939994812012,461149000,0.0,0.0
2022-06-29 00:00:00-04:00,15.752592549454855,15.758568817578366,15.111093222281093,15.481648445129395,482352000,0.0,0.0
2022-06-30 00:00:00-04:00,15.30135010720161,15.506550493203868,14.80428823063541,15.10013484954834,686070000,0.0,0.0
2022-07-01 00:00:00-04:00,14.841142600357397,15.004505295287302,14.3361114733893,14.466602325439453,577610000,0.0,0.0
2022-07-05 00:00:00-04:00,14.119955710684517,14.91286420559904,14.000421809691066,14.905891418457031,651397000,0.0,0.0
2022-07-06 00:00:00-04:00,14.951715092611343,15.25951523393793,14.731572586051486,15.071249008178711,529066000,0.0,0.0
2022-07-07 00:00:00-04:00,15.395981666093258,15.883082152996206,15.329241452564782,15.796420097351074,492903000,0.0,0.0
2022-07-08 00:00:00-04:00,15.370084060896657,15.974727368388931,15.329242903234574,15.77649974822998,467972000,0.0,0.0
2022-07-11 00:00:00-04:00,15.465710803070031,15.466707322744304,14.97960584604066,15.09316349029541,437321000,0.0,0.0
2022-07-12 00:00:00-04:00,15.208711284952944,15.371078433295626,14.819229812840817,15.023433685302734,458483000,0.0,0.0
2022-07-13 00:00:00-04:00,14.533343560416391,15.315295058565692,14.408828966444313,15.105113983154297,521918000,0.0,0.0
2022-07-14 00:00:00-04:00,15.049333517821207,15.412915948428,14.670808992131683,15.312308311462402,456235000,0.0,0.0
2022-07-15 00:00:00-04:00,15.598195441188166,15.720717018310008,15.385025718454648,15.70079517364502,385935000,0.0,0.0
2022-07-18 00:00:00-04:00,16.238698571143832,16.83138747265714,15.939864245998463,16.03847885131836,670517000,0.0,0.0
2022-07-19 00:00:00-04:00,16.421982128219415,17.0435595776271,16.109202264221235,16.92601776123047,702366000,0.0,0.0
2022-07-20 00:00:00-04:00,16.881194706038162,17.863366094244768,16.73576172035747,17.73785400390625,760538000,0.0,0.0
2022-07-21 00:00:00-04:00,17.815551590727683,18.07354475184099,17.476871681207573,17.979909896850586,557049000,0.0,0.0
2022-07-22 00:00:00-04:00,17.823515612161977,17.897227654554197,17.070450876572462,17.251745223999023,536671000,0.0,0.0
2022-07-25 00:00:00-04:00,16.952913630167462,17.05750735482923,16.584351419267783,16.957895278930664,480748000,0.0,0.0
2022-07-26 00:00:00-04:00,16.823418108378,16.853302299081996,16.414014765426856,16.468801498413086,397865000,0.0,0.0
2022-07-27 00:00:00-04:00,16.965860804114296,17.86635161594308,16.84732342255859,17.720918655395508,569776000,0.0,0.0
2022-07-28 00:00:00-04:00,17.905203475930218,18.069561793152403,17.37228103230231,17.914167404174805,474646000,0.0,0.0
2022-07-29 00:00:00-04:00,17.743828897049305,18.173155009470385,17.623298471299282,18.092470169067383,435460000,0.0,0.0
2022-08-01 00:00:00-04:00,18.111395452950937,18.77281848869698,17.920141583548578,18.3693904876709,476469000,0.0,0.0
2022-08-02 00:00:00-04:00,18.051629067336524,18.864460391381805,18.021744878238078,18.454059600830078,489527000,0.0,0.0
2022-08-03 00:00:00-04:00,18.113388905855146,18.89434491533446,18.066570532098716,18.81963539123535,418146000,0.0,0.0
2022-08-04 00:00:00-04:00,18.77580856746541,19.19915749432203,18.687153463279184,19.1403865814209,409652000,0.0,0.0
2022-08-05 00:00:00-04:00,18.736958353398986,19.154331957599457,18.593518416599398,18.915264129638672,386068000,0.0,0.0
2022-08-08 00:00:00-04:00,17.434038984708703,18.16817666184887,17.175048359813875,17.723907470703125,981859000,0.0,0.0
2022-08-09 00:00:00-04:00,17.18500716001782,17.379249624350564,16.65905763199982,17.019651412963867,668263000,0.0,0.0
2022-08-10 00:00:00-04:00,17.62927873105072,18.047647949674293,17.249757634884343,18.026729583740234,597422000,0.0,0.0
2022-08-11 00:00:00-04:00,18.06059496674186,18.63435848013521,17.806584108237903,17.87232780456543,509327000,0.0,0.0
2022-08-12 00:00:00-04:00,18.08948637167737,18.6453202754816,17.88328940253993,18.636354446411133,478094000,0.0,0.0
2022-08-15 00:00:00-04:00,18.628379620944163,19.08958102425809,18.54072200021173,18.958093643188477,457666000,0.0,0.0
2022-08-16 00:00:00-04:00,18.846528100303107,19.067666130006987,18.42915457848667,18.805686950683594,451240000,0.0,0.0
2022-08-17 00:00:00-04:00,18.451077023099447,18.615435350085825,18.074544515897863,18.263805389404297,446799000,0.0,0.0
2022-08-18 00:00:00-04:00,18.2299364492585,18.79174557455485,18.11239462163172,18.700103759765625,415447000,0.0,0.0
2022-08-19 00:00:00-04:00,18.334526059114626,18.448083694133654,17.70099608999701,17.77968978881836,441588000,0.0,0.0
2022-08-22 00:00:00-04:00,17.42208217251165,17.489818903609883,16.900116815044345,16.967853546142578,409593000,0.0,0.0
2022-08-23 00:00:00-04:00,16.923028743581053,17.397180176245477,16.904101521089547,17.114282608032227,369986000,0.0,0.0
2022-08-24 00:00:00-04:00,16.945939135983163,17.338410181530257,16.829394785860185,17.15512466430664,522661000,0.0,0.0
2022-08-25 00:00:00-04:00,16.7785918674599,17.877309377171127,16.767634901441976,17.843441009521484,770691000,0.0,0.0
2022-08-26 00:00:00-04:00,17.787658007376972,17.85439727044476,16.173947959014292,16.19685935974121,769127000,0.0,0.0
2022-08-29 00:00:00-04:00,15.957793515595643,16.27455758661338,15.705775676424397,15.739643096923828,496132000,0.0,0.0
2022-08-30 00:00:00-04:00,15.898024237946384,15.976716986717125,15.123045485635457,15.40793514251709,530181000,0.0,0.0
2022-08-31 00:00:00-04:00,15.324260876966457,15.479655236596056,14.900911041431531,15.03538703918457,573710000,0.0,0.0
2022-09-01 00:00:00-04:00,14.153823343963365,14.32415979672276,13.218470483091595,13.882880210876465,1178865000,0.0,0.0
2022-09-02 00:00:00-04:00,14.045245555065193,14.1159689881062,13.538221390235462,13.59400463104248,743157000,0.0,0.0
2022-09-06 00:00:00-04:00,13.67767894562563,13.72549288368182,13.299154469269991,13.412712097167969,535751000,0.0,0.0
2022-09-07 00:00:00-04:00,13.51434516456978,13.788359226981285,13.298123601257466,13.664803504943848,512657000,0.004,0.0
2022-09-08 00:00:00-04:00,13.410720161896329,13.957751553071784,13.321043803751946,13.939815521240234,624873000,0.0,0.0
2022-09-09 00:00:00-04:00,14.10621372951033,14.42207693295045,14.07532575022092,14.335389137268066,486612000,0.0,0.0
2022-09-12 00:00:00-04:00,14.317453934016807,14.494814885628871,14.1470668903582,14.45296573638916,484159000,0.0,0.0
2022-09-13 00:00:00-04:00,13.75248813020251,13.872057540165086,13.052009933725518,13.083894729614258,714956000,0.0,0.0
2022-09-14 00:00:00-04:00,13.206456253054055,13.242327368226784,12.86667985035143,13.08090877532959,588507000,0.0,0.0
2022-09-15 00:00:00-04:00,12.968311791958639,13.185529223484204,12.744118551602249,12.882619857788086,523625000,0.0,0.0
2022-09-16 00:00:00-04:00,12.696292115324688,13.16460641916656,12.571740509534544,13.150656700134277,670751000,0.0,0.0
2022-09-19 00:00:00-04:00,12.96532505837295,13.414707500219304,12.963332376962292,13.33399772644043,569685000,0.0,0.0
2022-09-20 00:00:00-04:00,13.167594240345288,13.43463249948038,13.010161038264972,13.12873363494873,524818000,0.0,0.0
2022-09-21 00:00:00-04:00,13.165602253694058,13.980667741595738,13.062971099601787,13.21342945098877,807679000,0.0,0.0
2022-09-22 00:00:00-04:00,13.023115583255532,13.10183266935545,12.38341928920965,12.515941619873047,759162000,0.0,0.0
2022-09-23 00:00:00-04:00,12.375448310956983,12.565763159913388,12.213032901606326,12.47110366821289,663309000,0.0,0.0
2022-09-26 00:00:00-04:00,12.446192490592988,12.613590061867972,12.170185718593245,12.184135437011719,547343000,0.0,0.0
2022-09-27 00:00:00-04:00,12.462135725855696,12.690314364148412,12.21402932430884,12.368473052978516,553854000,0.0,0.0
2022-09-28 00:00:00-04:00,12.365483486484552,12.777002105621296,12.309684609382174,12.690314292907715,542414000,0.0,0.0
2022-09-29 00:00:00-04:00,12.403346432766009,12.455159943744142,11.903147353863744,12.176164627075195,532763000,0.0,0.0
2022-09-30 00:00:00-04:00,12.043641657389104,12.587683536419725,12.031684619918396,12.095455169677734,565638000,0.0,0.0
2022-10-03 00:00:00-04:00,12.302708290891008,12.632521236553906,12.061575828714862,12.467116355895996,547478000,0.0,0.0
2022-10-04 00:00:00-04:00,12.832798329827137,13.172575601055602,12.832798329827137,13.119765281677246,584182000,0.0,0.0
2022-10-05 00:00:00-04:00,12.864686858561551,13.273215984590474,12.575727163303043,13.161617279052734,507131000,0.0,0.0
2022-10-06 00:00:00-04:00,13.172578310658011,13.60701418955063,13.055997427970787,13.082901000976562,644157000,0.0,0.0
2022-10-07 00:00:00-04:00,12.460144442558734,12.624552546428419,11.978877170345068,12.032683372497559,672478000,0.0,0.0
2022-10-10 00:00:00-04:00,11.993821701559334,12.080509516858074,11.367078280478221,11.628138542175293,698699000,0.0,0.0
2022-10-11 00:00:00-04:00,11.519529376884742,11.803506900585397,11.242526713057343,11.544440269470215,667482000,0.0,0.0
2022-10-12 00:00:00-04:00,11.537463030403634,11.69290259691748,11.304302255253075,11.458745956420898,492590000,0.0,0.0
2022-10-13 00:00:00-04:00,10.931645390841727,12.03467479522763,10.77421216389864,11.917098045349121,850103000,0.0,0.0
2022-10-14 00:00:00-04:00,12.013750129635845,12.067556325773387,11.163810263463406,11.186727523803711,713432000,0.0,0.0
2022-10-17 00:00:00-04:00,11.476681483829186,11.90513926216049,11.475685618444233,11.845354080200195,580774000,0.0,0.0
2022-10-18 00:00:00-04:00,12.299717788184358,12.447186626800823,11.576322361329343,11.924070358276367,659362000,0.0,0.0
2022-10-19 00:00:00-04:00,11.836386661619711,12.305697731615245,11.791548012253855,12.007769584655762,523131000,0.0,0.0
2022-10-20 00:00:00-04:00,12.069548299667495,12.72319524071747,12.061576624677791,12.15025806427002,652398000,0.0,0.0
2022-10-21 00:00:00-04:00,12.054601866532238,12.453167564548195,11.844359270919771,12.421281814575195,609494000,0.0,0.0
2022-10-24 00:00:00-04:00,12.463133124887893,12.664408199415522,12.020725546952368,12.55380630493164,517457000,0.0,0.0
2022-10-25 00:00:00-04:00,12.648463971781274,13.252290058434822,12.618570904437151,13.21342945098877,505482000,0.0,0.0
2022-10-26 00:00:00-04:00,12.822834550925599,13.339971808136365,12.66241186685221,12.849737167358398,532953000,0.0,0.0
2022-10-27 00:00:00-04:00,13.581105480931186,13.78835950903757,13.074927446921608,13.12873363494873,583113000,0.0,0.0
2022-10-28 00:00:00-04:00,13.05699335304701,13.800317586774417,13.014147382415905,13.784374237060547,521040000,0.0,0.0
2022-10-31 00:00:00-04:00,13.728572822195003,13.788357996920515,13.249298409885808,13.448580741882324,486341000,0.0,0.0
2022-11-01 00:00:00-04:00,13.761457385078938,13.875048766316969,13.470505022876246,13.49441909790039,432817000,0.0,0.0
2022-11-02 00:00:00-04:00,13.800318290781895,14.159026573083835,13.163610543300285,13.171581268310547,672628000,0.0,0.0
2022-11-03 00:00:00-04:00,12.996212781616933,13.731565367636188,12.909524971705448,13.372856140136719,500065000,0.0,0.0
2022-11-04 00:00:00-04:00,13.935830529915377,14.177958888937177,13.647866699718021,14.105220794677734,612576000,0.0,0.0
2022-11-07 00:00:00-05:00,14.1769615012651,14.360301478064772,13.903945167549931,14.249699592590332,410061000,0.0,0.0
2022-11-08 00:00:00-05:00,14.74790715863396,14.837584472787446,14.165005566889713,14.54962158203125,595292000,0.0,0.0
2022-11-09 00:00:00-05:00,14.111198522670565,14.160023489846735,13.709644264687311,13.726583480834961,454414000,0.0,0.0
2022-11-10 00:00:00-05:00,14.746911302518129,15.716420641158038,14.49481857705905,15.693503379821777,700819000,0.0,0.0
2022-11-11 00:00:00-05:00,15.75029472497801,16.33020665970529,15.426460807751228,16.268428802490234,655487000,0.0,0.0
2022-11-14 00:00:00-05:00,16.159820218444786,16.48066558256314,15.864881605151144,16.236543655395508,527852000,0.0,0.0
2022-11-15 00:00:00-05:00,16.662013391587355,16.937022370999905,16.32323291950231,16.60621452331543,545876000,0.0,0.0
2022-11-16 00:00:00-05:00,16.1040250035794,16.303306431643236,15.816061182952085,15.852928161621094,649547000,0.0,0.0
2022-11-17 00:00:00-05:00,15.658628528149201,16.207652616827055,15.479273906047151,15.62076473236084,710894000,0.0,0.0
2022-11-18 00:00:00-05:00,15.90872657967121,15.944598642065296,15.065761621009438,15.35372543334961,492072000,0.0,0.0
2022-11-21 00:00:00-05:00,15.092665143329405,15.421481294578124,15.025905097362354,15.262055397033691,404739000,0.0,0.0
2022-11-22 00:00:00-05:00,15.273013794121328,16.000395552590362,15.067752452914368,15.980466842651367,472866000,0.0,0.0
2022-11-23 00:00:00-05:00,16.040256006522444,16.467718033836586,15.99043611685495,16.459745407104492,427241000,0.0,0.0
2022-11-25 00:00:00-05:00,16.259465648152826,16.427858142364496,16.11398946353445,16.211637496948242,167934000,0.0,0.0
2022-11-28 00:00:00-05:00,15.968509153770949,16.29832303773038,15.668590235782947,15.770223617553711,303741000,0.0,0.0
2022-11-29 00:00:00-05:00,15.770225383983295,15.874849224323373,15.46432743853725,15.582900047302246,298384000,0.0,0.0
2022-11-30 00:00:00-05:00,15.644688755545094,16.87358049316019,15.545022579304094,16.86660385131836,565298000,0.004,0.0
2022-12-01 00:00:00-05:00,16.942355347832123,17.20746780911725,16.57956797350174,17.07790184020996,470977000,0.0,0.0
2022-12-02 00:00:00-05:00,16.60348724039677,16.876574351409886,16.390199657775565,16.81976318359375,371389000,0.0,0.0
2022-12-05 00:00:00-05:00,16.623421575647185,16.93836855658918,16.41711062983356,16.554651260375977,352255000,0.0,0.0
2022-12-06 00:00:00-05:00,16.474918055552177,16.51777403742583,15.766286867339783,15.933727264404297,352694000,0.0,0.0
2022-12-07 00:00:00-05:00,15.719439562652788,16.132060402442626,15.614788984616984,16.066280364990234,372388000,0.0,0.0
2022-12-08 00:00:00-05:00,16.218775465562125,17.12175660926792,15.905820703517822,17.11178970336914,515456000,0.0,0.0
2022-12-09 00:00:00-05:00,17.102817944678048,17.524408725344184,16.91843494852363,16.944347381591797,465338000,0.0,0.0
2022-12-12 00:00:00-05:00,16.980226653056036,17.4795565760495,16.741026655795824,17.476566314697266,457328000,0.0,0.0
2022-12-13 00:00:00-05:00,18.469249909930564,18.72738762856205,17.651982672461422,18.01177978515625,656589000,0.0,0.0
2022-12-14 00:00:00-05:00,17.927061390913362,18.191179623464766,17.36195136904166,17.61510467529297,496888000,0.0,0.0
2022-12-15 00:00:00-05:00,17.088861558689974,17.26228149783114,16.644348687257953,16.8955078125,478542000,0.0,0.0
2022-12-16 00:00:00-05:00,16.807806241482627,16.984216489206464,16.355318584988897,16.51578140258789,478232000,0.0,0.0
2022-12-19 00:00:00-05:00,16.51677591008969,16.553651364106894,16.09119880078537,16.1998348236084,354039000,0.0,0.0
2022-12-20 00:00:00-05:00,16.01046693823351,16.255647448102433,15.799174471467346,16.031396865844727,403260000,0.0,0.0
2022-12-21 00:00:00-05:00,16.060304842306547,16.571595897427166,16.048343794868938,16.446014404296875,325025000,0.0,0.0
2022-12-22 00:00:00-05:00,16.040368896112454,16.084222895893255,14.832407820265537,15.287884712219238,565045000,0.0,0.0
2022-12-23 00:00:00-05:00,15.145362798947778,15.287885933378956,14.833406075775102,15.155329704284668,349326000,0.0,0.0
2022-12-27 00:00:00-05:00,15.023769443130346,15.049682826445732,14.009161111934528,14.073945045471191,464902000,0.0,0.0
2022-12-28 00:00:00-05:00,13.880590316474528,14.2144740150627,13.837733387289415,13.989227294921875,351066000,0.0,0.0
2022-12-29 00:00:00-05:00,14.354009920900088,14.634072755943127,14.179592867751314,14.554339408874512,354923000,0.0,0.0
2022-12-30 00:00:00-05:00,14.286235193865508,14.580252256779966,14.185571918188986,14.565302848815918,310490000,0.0,0.0
2023-01-03 00:00:00-05:00,14.801511884284999,14.946029157402801,14.049027654749226,14.267297744750977,401277000,0.0,0.0
2023-01-04 00:00:00-05:00,14.518459253168668,14.803505525216863,14.193545359327329,14.699851989746094,431324000,0.0,0.0
2023-01-05 00:00:00-05:00,14.442712138646769,14.515468836750369,14.100854699285643,14.2174654006958,389168000,0.0,0.0
2023-01-06 00:00:00-05:00,14.42576814608272,14.959982279736408,13.987234779976571,14.80948543548584,405044000,0.0,0.0
2023-01-09 00:00:00-05:00,15.233070349137327,16.002497216572273,15.090546259586656,15.575923919677734,504231000,0.0,0.0
2023-01-10 00:00:00-05:00,15.455327619136956,15.908811394296471,15.42044439804722,15.855988502502441,384101000,0.0,0.0
2023-01-11 00:00:00-05:00,15.787215773433328,15.974589018428674,15.511138407767845,15.947678565979004,353285000,0.0,0.0
2023-01-12 00:00:00-05:00,16.046348710283624,16.581557963434708,15.440374057820266,16.455978393554688,551409000,0.0,0.0
2023-01-13 00:00:00-05:00,16.223754839739726,16.865609768709138,16.111132436686006,16.84268569946289,447287000,0.0,0.0
2023-01-17 00:00:00-05:00,16.842692903351175,17.668931156808114,16.842692903351175,17.643016815185547,511102000,0.0,0.0
2023-01-18 00:00:00-05:00,17.608132137463713,17.813445107525506,17.224414756280385,17.31909942626953,439624000,0.0,0.0
2023-01-19 00:00:00-05:00,16.979229999863364,17.139694698743703,16.675247952454153,16.70913314819336,452932000,0.0,0.0
2023-01-20 00:00:00-05:00,16.954312559037017,17.79649791430325,16.768933461540048,17.77955436706543,564967000,0.0,0.0
2023-01-23 00:00:00-05:00,18.00380774628692,19.18087416913429,17.758629060077922,19.129047393798828,655163000,0.0,0.0
2023-01-24 00:00:00-05:00,18.764265416274096,19.430040716014094,18.75728877168834,19.2008056640625,496204000,0.0,0.0
2023-01-25 00:00:00-05:00,18.84997803686339,19.30545594731295,18.518087479978714,19.25861167907715,449537000,0.0,0.0
2023-01-26 00:00:00-05:00,19.63535204186898,20.09880270917431,19.213761238604867,19.73601531982422,489535000,0.0,0.0
2023-01-27 00:00:00-05:00,19.397145547454056,20.559260383334514,19.340336282657464,20.297136306762695,542142000,0.0,0.0
2023-01-30 00:00:00-05:00,19.883524636147044,20.072890161486782,19.086189204794305,19.0981502532959,488611000,0.0,0.0
2023-01-31 00:00:00-05:00,19.10612325168674,19.621400741085875,18.886857003407727,19.471900939941406,498017000,0.0,0.0
2023-02-01 00:00:00-05:00,19.625391198347696,21.121389442773964,19.545657827783177,20.873220443725586,660477000,0.0,0.0
2023-02-02 00:00:00-05:00,20.9300225588854,21.875859651889073,20.631022997012753,21.636659622192383,564276000,0.0,0.0
2023-02-03 00:00:00-05:00,20.93002263417135,21.672540940249053,20.71972529905481,21.02968978881836,429366000,0.0,0.0
2023-02-06 00:00:00-05:00,20.736668439852636,21.49812252080445,20.716734629117404,21.018726348876953,452197000,0.0,0.0
2023-02-07 00:00:00-05:00,21.310748940899305,22.184827328430092,21.079521682438997,22.09911346435547,664150000,0.0,0.0
2023-02-08 00:00:00-05:00,22.312397048764478,22.801761973525313,21.93466031131526,22.131004333496094,559651000,0.0,0.0
2023-02-09 00:00:00-05:00,22.530670219439532,22.943290193315832,22.046289671543487,22.26256561279297,523876000,0.0,0.0
2023-02-10 00:00:00-05:00,21.6177244226343,22.00443010232316,20.74165374341449,21.19413948059082,550737000,0.0,0.0
2023-02-13 00:00:00-05:00,21.466229945466377,21.974530722285284,20.89214911284721,21.715396881103516,474919000,0.0,0.0
2023-02-14 00:00:00-05:00,21.506093473695493,22.972192242637163,21.294800040276197,22.894453048706055,675474000,0.0,0.0
2023-02-15 00:00:00-05:00,22.473860964718224,22.778841054015846,22.032338260019806,22.68814468383789,420575000,0.0,0.0
2023-02-16 00:00:00-05:00,22.059244404818788,22.474854630211915,21.853931493512214,21.928682327270508,412026000,0.0,0.0
2023-02-17 00:00:00-05:00,21.5589188659097,21.667554896645086,20.905104738152975,21.316728591918945,465888000,0.0,0.0
2023-02-21 00:00:00-05:00,20.930021777294268,21.422375105842487,20.549294744904135,20.586172103881836,410015000,0.0,0.0
2023-02-22 00:00:00-05:00,20.637998793039895,21.03367523119019,20.352950629424083,20.68484115600586,513184000,0.0,0.0
2023-02-23 00:00:00-05:00,23.361893340475753,23.808400461151948,22.94827529850247,23.585145950317383,1117995000,0.0,0.0
2023-02-24 00:00:00-05:00,23.14760888799269,23.395779705379205,22.870535374988126,23.208404541015625,589716000,0.0,0.0
2023-02-27 00:00:00-05:00,23.59112307758857,23.800422369181604,23.375843263094975,23.422685623168945,452994000,0.0,0.0
2023-02-28 00:00:00-05:00,23.294117844928124,23.745609343959064,23.128670637340598,23.13863754272461,455963000,0.0,0.0
2023-03-01 00:00:00-05:00,23.11471543588402,23.178503244860902,22.432994752211638,22.62236213684082,460026000,0.0,0.0
2023-03-02 00:00:00-05:00,22.41306693029748,23.30209292749656,22.357251874394603,23.236312866210938,389415000,0.0,0.0
2023-03-03 00:00:00-05:00,23.242293917748235,23.82036119371135,23.052926494296837,23.810394287109375,412393000,0.0,0.0
2023-03-06 00:00:00-05:00,23.811388454961868,24.16719726800564,23.408733477576387,23.47551155090332,437429000,0.0,0.0
2023-03-07 00:00:00-05:00,23.525353628386604,24.04869267419401,23.167487988654617,23.214340209960938,515154000,0.004,0.0
2023-03-08 00:00:00-05:00,23.412709959422333,24.12345598243845,23.34990950267541,24.104515075683594,513573000,0.0,0.0
2023-03-09 00:00:00-05:00,24.09852871287607,24.376647410205702,23.30903415526027,23.361867904663086,501257000,0.0,0.0
2023-03-10 00:00:00-05:00,23.334956536006658,23.55226740158579,22.65411633700963,22.89236068725586,474866000,0.0,0.0
2023-03-13 00:00:00-04:00,22.680038203014842,23.224310780832916,22.226477404613806,22.893360137939453,421890000,0.0,0.0
2023-03-14 00:00:00-04:00,23.421679134384615,24.142391757741457,23.385791805819586,23.98688507080078,474910000,0.0,0.0
2023-03-15 00:00:00-04:00,23.68584709694348,24.209186218115047,23.28611632940407,24.151371002197266,524486000,0.0,0.0
2023-03-16 00:00:00-04:00,23.95100522634043,25.507066846417814,23.81842456983862,25.460216522216797,583253000,0.0,0.0
2023-03-17 00:00:00-04:00,25.89981997420156,26.31550083175522,25.586812067911023,25.643632888793945,848547000,0.0,0.0
2023-03-20 00:00:00-04:00,25.533978703666488,25.94168541899632,25.050512165831673,25.818077087402344,432747000,0.0,0.0
2023-03-21 00:00:00-04:00,26.097193730071265,26.30852307379936,25.300721156644958,26.116132736206055,547408000,0.0,0.0
2023-03-22 00:00:00-04:00,26.34141790205971,27.50173767157012,26.154012813178745,26.3842830657959,797295000,0.0,0.0
2023-03-23 00:00:00-04:00,27.02923209610895,27.412018238340906,26.605577177571398,27.104991912841797,564889000,0.0,0.0
2023-03-24 00:00:00-04:00,26.945501524795564,27.08107103959281,26.27163910855887,26.694297790527344,454920000,0.0,0.0
2023-03-27 00:00:00-04:00,26.752114397420495,26.91459893449874,26.28160721288135,26.44708251953125,361026000,0.0,0.0
2023-03-28 00:00:00-04:00,26.36334732054611,26.42913854404045,25.768235539667923,26.32646369934082,356104000,0.0,0.0
2023-03-29 00:00:00-04:00,26.74015174035028,26.99234984404029,26.51287227864152,26.89864730834961,393694000,0.0,0.0
2023-03-30 00:00:00-04:00,27.142874491555478,27.412020935167096,27.01627538766958,27.29638671875,364516000,0.0,0.0
2023-03-31 00:00:00-04:00,27.054154149877146,27.745959234891043,27.019265008815836,27.68914031982422,433933000,0.0,0.0
2023-04-03 00:00:00-04:00,27.4219935638243,27.91143982211084,27.249540404577512,27.876550674438477,398716000,0.0,0.0
2023-04-04 00:00:00-04:00,27.877541083680732,27.911433934646436,27.22062515381667,27.36616325378418,368592000,0.0,0.0
2023-04-05 00:00:00-04:00,26.74414297141955,26.912607163282487,26.31151565571502,26.795978546142578,515015000,0.0,0.0
2023-04-06 00:00:00-04:00,26.49991459021249,26.994346033960124,26.34341159102696,26.95148277282715,397654000,0.0,0.0
2023-04-10 00:00:00-04:00,26.738160454997114,27.53363676470612,26.584648216789198,27.491769790649414,395279000,0.0,0.0
2023-04-11 00:00:00-04:00,27.636311817588748,27.70210304890554,27.040201775147455,27.083066940307617,314378000,0.0,0.0
2023-04-12 00:00:00-04:00,27.283426113543882,27.381115701428637,26.364341632306775,26.41119384765625,446259000,0.0,0.0
2023-04-13 00:00:00-04:00,26.649439996093154,26.801955937603214,26.245722222126854,26.379297256469727,353615000,0.0,0.0
2023-04-14 00:00:00-04:00,26.420168322960834,26.79796926788527,26.13706621130104,26.673364639282227,395660000,0.0,0.0
2023-04-17 00:00:00-04:00,26.480979260649704,26.920584425908668,26.34939678807309,26.916597366333008,321471000,0.0,0.0
2023-04-18 00:00:00-04:00,27.445915621619545,28.02109026862938,27.270471706452536,27.579490661621094,604812000,0.0,0.0
2023-04-19 00:00:00-04:00,27.27445463520104,27.911433357042885,27.145862963377475,27.8426513671875,358660000,0.0,0.0
2023-04-20 00:00:00-04:00,27.58347456890567,27.941340187321615,26.914597451904964,27.018268585205078,427713000,0.0,0.0
2023-04-21 00:00:00-04:00,26.866750601318966,27.09702084669948,26.637478546679382,27.033222198486328,345103000,0.0,0.0
2023-04-24 00:00:00-04:00,26.927557165010345,27.279439347819814,26.586637967974482,26.956464767456055,339282000,0.0,0.0
2023-04-25 00:00:00-04:00,26.99234953614374,27.160815601118838,26.14204889645108,26.157997131347656,378527000,0.0,0.0
2023-04-26 00:00:00-04:00,26.916593006788613,27.243554654828017,26.620531540784825,26.870737075805664,406337000,0.0,0.0
2023-04-27 00:00:00-04:00,27.276452656846956,27.408035115051412,26.54078605798617,27.13988494873047,377161000,0.0,0.0
2023-04-28 00:00:00-04:00,27.138887339013703,27.670200494580325,26.985373211032865,27.661230087280273,292216000,0.0,0.0
2023-05-01 00:00:00-04:00,27.751938771765403,28.966086497059674,27.692129091591358,28.818553924560547,570329000,0.0,0.0
2023-05-02 00:00:00-04:00,28.58928602409841,28.74479273603856,27.994174201759634,28.120771408081055,402730000,0.0,0.0
2023-05-03 00:00:00-04:00,27.75194164873796,28.277275162589756,27.385105610028088,27.714061737060547,383387000,0.0,0.0
2023-05-04 00:00:00-04:00,27.563538380203276,27.77088065437449,27.153839081492926,27.474821090698242,321850000,0.0,0.0
2023-05-05 00:00:00-04:00,27.737986024481625,28.66404652957751,27.64328719583459,28.589284896850586,361494000,0.0,0.0
2023-05-08 00:00:00-04:00,28.43178384704761,29.127576016939173,28.260328904734493,29.058794021606445,344979000,0.0,0.0
2023-05-09 00:00:00-04:00,28.80759252115136,28.881357865661336,28.360013303057926,28.480628967285156,314869000,0.0,0.0
2023-05-10 00:00:00-04:00,28.913253779307176,29.020913869319795,28.370975777175932,28.79363441467285,369350000,0.0,0.0
2023-05-11 00:00:00-04:00,28.80460099601504,28.858431044188475,28.15665734572962,28.487606048583984,322149000,0.0,0.0
2023-05-12 00:00:00-04:00,28.438763778969957,28.688971234445617,27.957291677344866,28.250362396240234,274222000,0.0,0.0
2023-05-15 00:00:00-04:00,28.4178275338678,28.877369814441632,28.06295457930079,28.861419677734375,293926000,0.0,0.0
2023-05-16 00:00:00-04:00,28.74977286090327,29.77551927102902,28.74080245431232,29.120595932006836,449405000,0.0,0.0
2023-05-17 00:00:00-04:00,29.49042519794485,30.103479719693794,29.336912970483333,30.08254623413086,432535000,0.0,0.0
2023-05-18 00:00:00-04:00,30.313819157948455,31.727333580150095,30.224103657671357,31.577808380126953,748725000,0.0,0.0
2023-05-19 00:00:00-04:00,31.436252487669602,31.480113941471256,30.818214581828073,31.16511344909668,473908000,0.0,0.0
2023-05-22 00:00:00-04:00,30.803258976791746,31.420302459294863,30.582959233506156,31.077390670776367,372000000,0.0,0.0
2023-05-23 00:00:00-04:00,30.901952036595638,31.18904124586093,30.534119640801855,30.590938568115234,356253000,0.0,0.0
2023-05-24 00:00:00-04:00,30.114442718121378,30.510188241482325,29.711721267992726,30.44140625,721419000,0.0,0.0
2023-05-25 00:00:00-04:00,38.401160440134305,39.35513442457125,36.51913121339952,37.85987854003906,1543911000,0.0,0.0
2023-05-26 00:00:00-04:00,37.77014783625685,39.046097794109826,37.431223153373296,38.82280731201172,714397000,0.0,0.0
2023-05-30 00:00:00-04:00,40.466589564016765,41.80533984454601,39.8226331071268,39.9841194152832,923401000,0.0,0.0
2023-05-31 00:00:00-04:00,39.36309242889398,40.16753897447458,37.70236187467744,37.714324951171875,1002580000,0.0,0.0
2023-06-01 00:00:00-04:00,38.367256795979486,39.92332013723305,38.21872982052202,39.64420700073242,635873000,0.0,0.0
2023-06-02 00:00:00-04:00,39.97017888390724,40.37190412923741,38.934463636282324,39.202613830566406,482731000,0.0,0.0
2023-06-05 00:00:00-04:00,38.785927762163986,39.43985101130171,38.584567040791214,39.04710006713867,396094000,0.0,0.0
2023-06-06 00:00:00-04:00,38.707187926911864,39.03614220536465,38.02734198652988,38.531742095947266,388729000,0.0,0.0
2023-06-07 00:00:00-04:00,38.79592881153469,39.378141523481524,37.241697122376735,37.36033248901367,511998000,0.004,0.0
2023-06-08 00:00:00-04:00,37.60857182578051,38.74508306628558,37.39024395636986,38.39216613769531,417772000,0.0,0.0
2023-06-09 00:00:00-04:00,38.91755616586712,39.589493696488056,38.44899682390139,38.65137481689453,427717000,0.0,0.0
2023-06-12 00:00:00-04:00,39.08005597622932,39.40904425940009,38.49983605891858,39.36119079589844,388701000,0.0,0.0
2023-06-13 00:00:00-04:00,40.06303253313572,40.97523356570902,39.61839813533891,40.8964729309082,613208000,0.0,0.0
2023-06-14 00:00:00-04:00,40.69908893155934,42.86842954641151,40.42791802705582,42.865440368652344,740465000,0.0,0.0
2023-06-15 00:00:00-04:00,42.471645001516485,43.15654315104166,42.01803541267758,42.52248764038086,568622000,0.0,0.0
2023-06-16 00:00:00-04:00,43.317050916384595,43.587221609742976,42.53046366608263,42.561370849609375,655709000,0.0,0.0
2023-06-20 00:00:00-04:00,42.86643115503074,43.85539630398405,42.543421257103255,43.6739501953125,451153000,0.0,0.0
2023-06-21 00:00:00-04:00,43.36789797033513,43.481551381643484,41.9512482252179,42.913291931152344,551603000,0.0,0.0
2023-06-22 00:00:00-04:00,42.12371153008249,43.29312268887753,42.10477246580242,42.89335250854492,417737000,0.0,0.0
2023-06-23 00:00:00-04:00,42.334073901022386,42.67801572091921,41.88644639488769,42.07985305786133,358140000,0.0,0.0
2023-06-26 00:00:00-04:00,42.33107741154621,42.63315169907878,39.97730148068593,40.50767517089844,594322000,0.0,0.0
2023-06-27 00:00:00-04:00,40.67417074852631,41.81167857711361,40.32424674056934,41.74787521362305,462175000,0.0,0.0
2023-06-28 00:00:00-04:00,40.53558567810239,41.716961105450416,40.39402188289312,40.991188049316406,582639000,0.0,0.0
2023-06-29 00:00:00-04:00,41.43083429013432,41.472705590731,40.475765515924735,40.697086334228516,380514000,0.0,0.0
2023-06-30 00:00:00-04:00,41.552463254955796,42.41980006839875,41.37401012697036,42.17255783081055,501148000,0.0,0.0
2023-07-03 00:00:00-04:00,42.38690406882019,42.76673879586181,42.07286928017555,42.28322219848633,198209000,0.0,0.0
2023-07-05 00:00:00-04:00,42.00607294813804,43.04488443654503,41.95622669958026,42.18751907348633,323618000,0.0,0.0
2023-07-06 00:00:00-04:00,41.7159643183622,42.04993834721711,41.219487041278335,41.97417068481445,303582000,0.0,0.0
2023-07-07 00:00:00-04:00,42.192505558452375,43.08177839649904,42.050941741012366,42.37295150756836,355881000,0.0,0.0
2023-07-10 00:00:00-04:00,42.52647545344216,42.680003559932054,41.521556604913506,42.050933837890625,353908000,0.0,0.0
2023-07-11 00:00:00-04:00,42.35100950902143,42.6271623304336,41.938278668558176,42.27524185180664,298244000,0.0,0.0
2023-07-12 00:00:00-04:00,42.901317931873066,43.80055819523486,42.6461007867457,43.76765823364258,481277000,0.0,0.0
2023-07-13 00:00:00-04:00,44.38178733353437,46.01377574434192,44.3558659136162,45.83632278442383,478204000,0.0,0.0
2023-07-14 00:00:00-04:00,46.44046575236375,47.94086182574558,44.92212700668265,45.32987594604492,772075000,0.0,0.0
2023-07-17 00:00:00-04:00,46.14735782088338,46.35372133117237,45.123499999402384,46.31882858276367,510488000,0.0,0.0
2023-07-18 00:00:00-04:00,46.55810196861849,47.74944513877749,45.59406179064249,47.34867477416992,569164000,0.0,0.0
2023-07-19 00:00:00-04:00,47.31876976791527,47.67168668562745,46.598978830711765,46.932952880859375,427502000,0.0,0.0
2023-07-20 00:00:00-04:00,46.36469771901338,46.942924858819666,44.92411943835553,45.38071823120117,537865000,0.0,0.0
2023-07-21 00:00:00-04:00,45.6478906079313,45.72565485492813,43.965056025974754,44.17341613769531,963769000,0.0,0.0
2023-07-24 00:00:00-04:00,44.594129747804274,44.970975292246095,43.90524600694248,44.475494384765625,382516000,0.0,0.0
2023-07-25 00:00:00-04:00,44.803489544215395,46.04168599596265,44.78554306973034,45.53923034667969,348081000,0.0,0.0
2023-07-26 00:00:00-04:00,45.88018648344698,45.912090061766605,44.49344377208364,45.31292724609375,364237000,0.0,0.0
2023-07-27 00:00:00-04:00,46.37665740516835,47.24997638304764,45.61000946610031,45.759552001953125,455976000,0.0,0.0
2023-07-28 00:00:00-04:00,46.52520665161332,46.88310935590441,46.23908604851757,46.606956481933594,331194000,0.0,0.0
2023-07-31 00:00:00-04:00,46.610938817532,46.985787745643954,46.36369657868276,46.58601379394531,251055000,0.0,0.0
2023-08-01 00:00:00-04:00,46.31783181066223,46.756487847660445,45.886158126312864,46.364688873291016,237858000,0.0,0.0
2023-08-02 00:00:00-04:00,45.69075782613261,45.69972916032125,43.254236254291385,44.13353729248047,530142000,0.0,0.0
2023-08-03 00:00:00-04:00,43.665971916513115,44.97993964791756,43.665971916513115,44.3787841796875,324176000,0.0,0.0
2023-08-04 00:00:00-04:00,44.84734857341807,45.50233587133729,44.25716100939372,44.54328155517578,362666000,0.0,0.0
2023-08-07 00:00:00-04:00,44.97296695444659,45.400655128648054,44.42664342016852,45.27803039550781,322154000,0.0,0.0
2023-08-08 00:00:00-04:00,44.715756986658505,45.10356664242382,43.92119480836412,44.52733612060547,353843000,0.0,0.0
2023-08-09 00:00:00-04:00,44.13852436844698,44.17641010034291,42.00507315736143,42.423789978027344,586449000,0.0,0.0
2023-08-10 00:00:00-04:00,42.03099019324286,43.44066481177175,41.70698393305918,42.25829315185547,492705000,0.0,0.0
2023-08-11 00:00:00-04:00,41.62325025169544,41.88943538762121,40.514653222522405,40.7299919128418,533085000,0.0,0.0
2023-08-14 00:00:00-04:00,40.36212325448417,43.66598244053229,40.18765947033582,43.61912536621094,690286000,0.0,0.0
2023-08-15 00:00:00-04:00,44.42365526404346,45.12948908567366,43.576253839259216,43.80554962158203,676512000,0.0,0.0
2023-08-16 00:00:00-04:00,44.38377612065419,44.53830062758481,43.27318256792619,43.35293960571289,527451000,0.0,0.0
2023-08-17 00:00:00-04:00,43.83545631480397,43.927173858554056,42.86941961752367,43.21137237548828,452395000,0.0,0.0
2023-08-18 00:00:00-04:00,42.504538056513674,43.44465333013322,41.5325230130091,43.166507720947266,583768000,0.0,0.0
2023-08-21 00:00:00-04:00,44.35785896625514,46.92099149712555,44.086691857163586,46.82329177856445,692573000,0.0,0.0
2023-08-22 00:00:00-04:00,47.98770551423466,48.03954834169377,45.194281473370985,45.528255462646484,755293000,0.0,0.0
2023-08-23 00:00:00-04:00,45.72565711329878,47.05557488119282,45.06966956482349,46.971832275390625,779046000,0.0,0.0
2023-08-24 00:00:00-04:00,50.06234798957418,50.11219423827407,47.014702631702306,47.0186882019043,1156044000,0.0,0.0
2023-08-25 00:00:00-04:00,46.86815923866201,47.65873218022368,44.88623911895702,45.877201080322266,925341000,0.0,0.0
2023-08-28 00:00:00-04:00,46.33977183033874,46.836249134555814,44.750651224061855,46.69169235229492,685192000,0.0,0.0
2023-08-29 00:00:00-04:00,46.52320461271005,48.930815739681876,46.24904457849089,48.63472366333008,701397000,0.0,0.0
2023-08-30 00:00:00-04:00,48.893934114542816,49.77423173710802,48.27682864513261,49.11326217651367,735206000,0.0,0.0
2023-08-31 00:00:00-04:00,49.22891214982183,49.59179683011506,48.80820246885937,49.20398712158203,528570000,0.0,0.0
2023-09-01 00:00:00-04:00,49.60972935191137,49.64761127691253,47.99468381251343,48.36056137084961,463830000,0.0,0.0
2023-09-05 00:00:00-04:00,48.07544589025944,48.70152648362675,47.71355763922135,48.399452209472656,382653000,0.0,0.0
2023-09-06 00:00:00-04:00,48.29675585100986,48.404432152677344,46.441297415473116,46.92086410522461,468670000,0.004,0.0
2023-09-07 00:00:00-04:00,45.38944205496558,46.206003567946354,45.01755163903208,46.103309631347656,433330000,0.0,0.0
2023-09-08 00:00:00-04:00,45.805199355822154,46.46721981309031,45.13619596961709,45.43629837036133,473069000,0.0,0.0
2023-09-11 00:00:00-04:00,46.010585175997676,46.025539902373815,44.180053643461356,45.04347610473633,473966000,0.0,0.0
2023-09-12 00:00:00-04:00,44.604786051563885,45.53700334292315,44.398401689358636,44.736392974853516,349256000,0.0,0.0
2023-09-13 00:00:00-04:00,44.46718544034271,45.7932266977616,44.3704741721049,45.349552154541016,398355000,0.0,0.0
2023-09-14 00:00:00-04:00,45.81317890696642,45.8500674873585,44.99661733815953,45.44527816772461,370097000,0.0,0.0
2023-09-15 00:00:00-04:00,45.20598272428771,45.46321387121769,43.67754676368698,43.7692756652832,506831000,0.0,0.0
2023-09-18 00:00:00-04:00,42.62071131068282,44.11026214230338,41.87493751856223,43.8350830078125,500271000,0.0,0.0
2023-09-19 00:00:00-04:00,43.702475243933286,43.83507862136541,42.873948499445426,43.39040756225586,373064000,0.0,0.0
2023-09-20 00:00:00-04:00,43.470167525058194,43.772266659114486,42.097269015445136,42.11322021484375,367108000,0.0,0.0
2023-09-21 00:00:00-04:00,41.45917191816058,41.97463066173917,40.85796692750404,40.89485549926758,450736000,0.0,0.0
2023-09-22 00:00:00-04:00,41.448214198146616,41.989600439472675,41.10822995213603,41.48610305786133,479236000,0.0,0.0
2023-09-25 00:00:00-04:00,41.46715374615769,42.40933950772004,41.05438505683627,42.096275329589844,419091000,0.0,0.0
2023-09-26 00:00:00-04:00,41.875929814501234,42.69249125804407,41.53095945617028,41.786197662353516,402282000,0.0,0.0
2023-09-27 00:00:00-04:00,42.203947925620064,42.74433372903221,41.50503521048072,42.34153366088867,444935000,0.0,0.0
2023-09-28 00:00:00-04:00,42.33357225596652,43.31663645116769,41.98960209746007,42.96070098876953,424663000,0.0,0.0
2023-09-29 00:00:00-04:00,43.696491084144924,44.01254845640997,43.17803909015806,43.369468688964844,397830000,0.0,0.0
2023-10-02 00:00:00-04:00,43.898891446595,45.04048245716081,43.73039595276652,44.64865493774414,433298000,0.0,0.0
2023-10-03 00:00:00-04:00,44.67457296774722,44.995616545503985,43.11722389309479,43.38741683959961,470850000,0.0,0.0
2023-10-04 00:00:00-04:00,43.611753042966086,44.0115599865903,43.16309221624776,43.90986251831055,361821000,0.0,0.0
2023-10-05 00:00:00-04:00,43.918830935362585,44.7663021604217,43.75731457253386,44.554931640625,393483000,0.0,0.0
2023-10-06 00:00:00-04:00,44.061400612321464,45.65264863116873,43.89489809603468,45.625728607177734,434436000,0.0,0.0
2023-10-09 00:00:00-04:00,44.70847483791379,45.46920337034592,44.235887222293606,45.13819122314453,409675000,0.0,0.0
2023-10-10 00:00:00-04:00,45.17508286360557,46.121254553965194,44.95374378600032,45.66162872314453,368582000,0.0,0.0
2023-10-11 00:00:00-04:00,46.05843799423147,46.71946573957931,45.91287284021887,46.666622161865234,378137000,0.0,0.0
2023-10-12 00:00:00-04:00,46.637711102575786,47.4672343606174,46.19204354796514,46.80521011352539,481325000,0.0,0.0
2023-10-13 00:00:00-04:00,46.82017113247599,46.97570866593482,45.14517319115468,45.32563400268555,474115000,0.0,0.0
2023-10-16 00:00:00-04:00,44.928808624934945,46.087347109379415,44.77825730745708,45.95773696899414,375099000,0.0,0.0
2023-10-17 00:00:00-04:00,43.86897507163302,44.620731393430276,42.35350093093971,43.807159423828125,812333000,0.0,0.0
2023-10-18 00:00:00-04:00,42.464174898094846,43.090307040885016,41.700456999229225,42.070350646972656,627294000,0.0,0.0
2023-10-19 00:00:00-04:00,42.68352429308483,43.168077212016314,41.757289685675055,41.97563934326172,501233000,0.0,0.0
2023-10-20 00:00:00-04:00,41.7652678682802,42.34354268783243,40.955685402910255,41.26376724243164,477266000,0.0,0.0
2023-10-23 00:00:00-04:00,41.10623136446677,43.11922033673946,40.82307664352765,42.84703063964844,478530000,0.0,0.0
2023-10-24 00:00:00-04:00,42.9487282788918,43.5668810255137,42.56387990123347,43.532981872558594,401463000,0.0,0.0
2023-10-25 00:00:00-04:00,43.26876906154992,43.52002136864502,41.431258603349754,41.65459060668945,398379000,0.0,0.0
2023-10-26 00:00:00-04:00,41.7283746394427,42.13017450154096,39.7612500826686,40.2059211730957,541001000,0.0,0.0
2023-10-27 00:00:00-04:00,41.00752725918924,41.08330116511961,39.895845748458264,40.37940216064453,416784000,0.0,0.0
2023-10-30 00:00:00-04:00,40.96465211390715,41.64162722288695,40.36045387343674,41.038429260253906,388028000,0.0,0.0
2023-10-31 00:00:00-04:00,40.329550161466386,40.757273552176585,39.11318181784756,40.658565521240234,517969000,0.0,0.0
2023-11-01 00:00:00-04:00,40.762256048704266,42.25479998188949,40.747301323669774,42.19896697998047,437593000,0.0,0.0
2023-11-02 00:00:00-04:00,43.19897822868172,43.75332234424489,42.76627246802236,43.37644958496094,409172000,0.0,0.0
2023-11-03 00:00:00-04:00,43.888919424366684,45.174078747791896,43.59280293696078,44.87098693847656,424610000,0.0,0.0
2023-11-06 00:00:00-05:00,45.15015696243412,45.798223011195105,44.765304753189504,45.614768981933594,400733000,0.0,0.0
2023-11-07 00:00:00-05:00,45.582867485335434,46.08037839216094,45.02353711440928,45.81816482543945,343165000,0.0,0.0
2023-11-08 00:00:00-05:00,45.96273036829276,46.72744863605115,45.831123444068034,46.43532180786133,346719000,0.0,0.0
2023-11-09 00:00:00-05:00,47.32565858468725,48.08638711878528,46.610794508396026,46.81019973754883,540496000,0.0,0.0
2023-11-10 00:00:00-05:00,47.35855787314543,48.32766364227746,47.14220498356334,48.191070556640625,421245000,0.0,0.0
2023-11-13 00:00:00-05:00,48.176113818422,48.96974494304787,47.9557712363459,48.4752197265625,384136000,0.0,0.0
2023-11-14 00:00:00-05:00,49.53206353654858,49.68560428700353,48.89396993275051,49.50813293457031,416954000,0.0,0.0
2023-11-15 00:00:00-05:00,49.78631497714017,49.811238255169,48.056480502384446,48.742431640625,475497000,0.0,0.0
2023-11-16 00:00:00-05:00,48.53405091082967,49.37753247238456,48.18609109090698,49.332664489746094,339756000,0.0,0.0
2023-11-17 00:00:00-05:00,49.37653194691317,49.56895804695832,48.861073108178935,49.151206970214844,325205000,0.0,0.0
2023-11-20 00:00:00-05:00,49.16516605663654,50.397485733557765,49.03455561243681,50.2588996887207,414120000,0.0,0.0
2023-11-21 00:00:00-05:00,49.97673388984551,50.366568411025234,49.07542649691953,49.7952766418457,565747000,0.0,0.0
2023-11-22 00:00:00-05:00,49.703557028583894,50.18511670142029,47.547992253967436,48.57093811035156,899420000,0.0,0.0
2023-11-24 00:00:00-05:00,48.32567320692598,48.77533048753054,47.60282974083701,47.63373947143555,294645000,0.0,0.0
2023-11-27 00:00:00-05:00,47.65766154840481,48.38548731555285,47.510103445888454,48.09834671020508,395662000,0.0,0.0
2023-11-28 00:00:00-05:00,48.09236930689928,48.17911204503058,47.33164078012809,47.67860412597656,401491000,0.0,0.0
2023-11-29 00:00:00-05:00,48.23494506927642,48.616804044774916,47.71748947427739,47.99665451049805,382005000,0.0,0.0
2023-11-30 00:00:00-05:00,47.88099334816859,47.96673960192544,46.283766368785,46.63072967529297,526247000,0.0,0.0
2023-12-01 00:00:00-05:00,46.38646445632827,47.05945375436282,46.04946966832762,46.62574768066406,369317000,0.0,0.0
2023-12-04 00:00:00-05:00,45.93979415914972,45.93979415914972,44.87597007312704,45.374481201171875,437543000,0.0,0.0
2023-12-05 00:00:00-05:00,45.33459997495961,46.46532151700449,45.140163841646064,46.43142318725586,371718000,0.004,0.0
2023-12-06 00:00:00-05:00,47.07854443551646,47.25004822206123,45.2807538725136,45.371490478515625,380590000,0.0,0.0
2023-12-07 00:00:00-05:00,45.56792009539412,46.4942359815939,45.47219688205007,46.46133041381836,350823000,0.0,0.0
2023-12-08 00:00:00-05:00,46.46034676903338,47.60303486322498,46.41547483619609,47.36871337890625,359224000,0.0,0.0
2023-12-11 00:00:00-05:00,47.35375382727248,47.39363533790565,45.697554757992016,46.49224853515625,509728000,0.0,0.0
2023-12-12 00:00:00-05:00,45.91292023901418,47.52823708369172,45.91292023901418,47.519264221191406,372387000,0.0,0.0
2023-12-13 00:00:00-05:00,47.49135110162281,48.45356234904266,47.47041188410191,47.94902420043945,447792000,0.0,0.0
2023-12-14 00:00:00-05:00,48.25014760759364,48.52933716331639,47.28494671232897,48.210262298583984,391232000,0.0,0.0
2023-12-15 00:00:00-05:00,48.05471535600333,49.2612174369844,47.98092791403106,48.74870300292969,479948000,0.0,0.0
2023-12-18 00:00:00-05:00,49.25723229515319,50.28724399732617,49.0079548114807,49.932273864746094,412587000,0.0,0.0
2023-12-19 00:00:00-05:00,49.281167467640074,49.55637081836034,48.75369691454158,49.46064758300781,464444000,0.0,0.0
2023-12-20 00:00:00-05:00,49.51149468672903,49.854502283693236,47.95899524383034,47.97195816040039,397894000,0.0,0.0
2023-12-21 00:00:00-05:00,48.66993565248791,48.953115280045736,48.27906644393615,48.848419189453125,300425000,0.0,0.0
2023-12-22 00:00:00-05:00,49.05281623744541,49.24027260571634,48.32691966505345,48.688873291015625,252507000,0.0,0.0
2023-12-26 00:00:00-05:00,48.82647939940057,49.45665286845571,48.81850309781851,49.13658142089844,244200000,0.0,0.0
2023-12-27 00:00:00-05:00,49.36791146455285,49.53642176515991,48.943140137976336,49.2741813659668,233648000,0.0,0.0
2023-12-28 00:00:00-05:00,49.49953586903795,49.739836713811854,49.26920064749609,49.378883361816406,246587000,0.0,0.0
2023-12-29 00:00:00-05:00,49.669042752134445,49.85251291877477,48.61011160292398,49.378883361816406,389293000,0.0,0.0
2024-01-02 00:00:00-05:00,49.10167999879026,49.15253129584884,47.457447488056715,48.02878952026367,411254000,0.0,0.0
2024-01-03 00:00:00-05:00,47.34776550065434,48.04474284454288,47.183241449788504,47.431522369384766,320896000,0.0,0.0
2024-01-04 00:00:00-05:00,47.62894445792347,48.35982768135906,47.3706941328935,47.85927963256836,306535000,0.0,0.0
2024-01-05 00:00:00-05:00,48.3219454810566,49.4038088927802,48.16639428593929,48.955108642578125,415039000,0.0,0.0
2024-01-08 00:00:00-05:00,49.368913779629096,52.12392933182719,49.3360082047019,52.10198974609375,642510000,0.0,0.0
2024-01-09 00:00:00-05:00,52.249557041176296,54.16799628302355,51.54060955653382,52.986419677734375,773100000,0.0,0.0
2024-01-10 00:00:00-05:00,53.46104844034716,54.442201988108685,53.334412767924995,54.19292449951172,533796000,0.0,0.0
2024-01-11 00:00:00-05:00,54.84004936433209,55.186046630349715,53.40520900250216,54.66355895996094,596759000,0.0,0.0
2024-01-12 00:00:00-05:00,54.46214745952533,54.811138243808735,54.172988448593486,54.55188751220703,352994000,0.0,0.0
2024-01-16 00:00:00-05:00,54.85899129297286,56.67073742609818,54.74133230021394,56.21904754638672,449580000,0.0,0.0
2024-01-17 00:00:00-05:00,56.18415168775575,56.30779386315222,54.58179762947745,55.8910026550293,474394000,0.0,0.0
2024-01-18 00:00:00-05:00,57.094517089822695,57.43353464294008,55.94484937824919,56.941959381103516,491650000,0.0,0.0
2024-01-19 00:00:00-05:00,57.82141078034066,59.328045587590395,57.05961879365457,59.31907272338867,543501000,0.0,0.0
2024-01-22 00:00:00-05:00,59.87545295780241,60.15663944433183,58.8992822616046,59.48159408569336,452955000,0.0,0.0
2024-01-23 00:00:00-05:00,59.39783691409728,59.73685443495751,58.41568304614902,59.6999626159668,294654000,0.0,0.0
2024-01-24 00:00:00-05:00,60.12972084943654,62.66736391279241,59.76477747230483,61.184661865234375,560271000,0.0,0.0
2024-01-25 00:00:00-05:00,62.16979463798042,62.53773144131916,60.67412993486616,61.43891525268555,482777000,0.0,0.0
2024-01-26 00:00:00-05:00,60.78382030493906,61.60444363196895,60.39794153183259,60.8546142578125,390309000,0.0,0.0
2024-01-29 00:00:00-05:00,61.055035142050976,62.30840232360706,60.73097744998884,62.28447341918945,348733000,0.0,0.0
2024-01-30 00:00:00-05:00,62.718214176475605,63.30949885561756,62.08006064595033,62.59257507324219,410735000,0.0,0.0
2024-01-31 00:00:00-05:00,61.26243177102061,62.089038263544516,60.524572564425924,61.34918212890625,453795000,0.0,0.0
2024-02-01 00:00:00-05:00,61.92052952927185,63.00837994825412,61.471833071842404,62.844852447509766,369146000,0.0,0.0
2024-02-02 00:00:00-05:00,63.78911624931711,66.40752664709339,63.5059366044878,65.96880340576172,476578000,0.0,0.0
2024-02-05 00:00:00-05:00,68.02782694293316,69.29615400361993,67.01077810938553,69.13162994384766,680078000,0.0,0.0
2024-02-06 00:00:00-05:00,69.42876454653677,69.55240673067756,66.10839412447636,68.02583312988281,683111000,0.0,0.0
2024-02-07 00:00:00-05:00,68.12156105667266,70.01706821618797,67.40463717310863,69.89641571044922,495575000,0.0,0.0
2024-02-08 00:00:00-05:00,69.87148269785355,70.5894031052992,69.25427593719057,69.43973541259766,414422000,0.0,0.0
2024-02-09 00:00:00-05:00,70.32916305952648,71.97638935285751,70.00909157292358,71.92454528808594,436637000,0.0,0.0
2024-02-12 00:00:00-05:00,72.39017224345903,74.39536169687851,71.04407549243956,72.03919219970703,613710000,0.0,0.0
2024-02-13 00:00:00-05:00,70.19654512895808,73.23772604754565,69.4188005504822,71.91954803466797,602580000,0.0,0.0
2024-02-14 00:00:00-05:00,72.99044348203591,74.0214517262709,71.73009661007124,73.6864242553711,504917000,0.0,0.0
2024-02-15 00:00:00-05:00,73.65552738205378,73.76121624211152,72.19077091766044,72.4480209350586,420122000,0.0,0.0
2024-02-16 00:00:00-05:00,73.88583908151942,74.18696820662582,72.29146138961607,72.40313720703125,495327000,0.0,0.0
2024-02-20 00:00:00-05:00,71.73906612377016,71.74804279084927,67.53824458047887,69.25128173828125,704833000,0.0,0.0
2024-02-21 00:00:00-05:00,67.8094614044966,68.68891622407938,66.05654635382845,67.27700805664062,673755000,0.0,0.0
2024-02-22 00:00:00-05:00,74.80818688297568,78.34792317872578,74.0055129470122,78.31103515625,865100000,0.0,0.0
2024-02-23 00:00:00-05:00,80.556523512217,82.15588435298636,77.34582786788651,78.58922576904297,829388000,0.0,0.0
2024-02-26 00:00:00-05:00,79.46967086730548,80.41294376465017,78.27812461798902,78.86343383789062,503973000,0.0,0.0
2024-02-27 00:00:00-05:00,79.1515916746836,79.25031220583602,76.93901025797545,78.47355651855469,391705000,0.0,0.0
2024-02-28 00:00:00-05:00,77.39567785845682,78.7048791588161,76.90210568945557,77.43855285644531,393110000,0.0,0.0
2024-02-29 00:00:00-05:00,78.86543134441207,79.75883813677501,78.12357811231355,78.88337707519531,507289000,0.0,0.0
2024-03-01 00:00:00-05:00,79.76878610572811,82.0621417492055,79.20541661950624,82.04119873046875,479135000,0.0,0.0
2024-03-04 00:00:00-05:00,83.88685863778845,87.44155809825308,83.47705094561937,84.99066162109375,615616000,0.0,0.0
2024-03-05 00:00:00-05:00,85.02755456111447,85.85220668028344,83.17982622827054,85.7195816040039,520639000,0.004,0.0
2024-03-06 00:00:00-05:00,87.77173362164056,89.4688902523757,86.78254975478006,88.44779968261719,582520000,0.0,0.0
2024-03-07 00:00:00-05:00,89.90165539673119,92.5032385135836,89.34723648723485,92.405517578125,608119000,0.0,0.0
2024-03-08 00:00:00-05:00,94.86748361493765,97.12305284353101,86.26002420485035,87.27912139892578,1142269000,0.0,0.0
2024-03-11 00:00:00-04:00,86.18325727083518,88.54452056286361,83.92669117198699,85.53012084960938,678364000,0.0,0.0
2024-03-12 00:00:00-04:00,87.79864556262245,91.69852054360098,85.90504309917876,91.65165710449219,668075000,0.0,0.0
2024-03-13 00:00:00-04:00,90.79611026460987,91.24383116033475,88.18355678072699,90.62958526611328,635713000,0.0,0.0
2024-03-14 00:00:00-04:00,89.32231468480107,90.3882755061813,86.35377401546849,87.69395446777344,602318000,0.0,0.0
2024-03-15 00:00:00-04:00,86.68284605628648,89.29140572149215,86.01176295929899,87.58726501464844,642086000,0.0,0.0
2024-03-18 00:00:00-04:00,90.13099363074502,92.14225684199752,86.8373838940454,88.2034912109375,668976000,0.0,0.0
2024-03-19 00:00:00-04:00,86.45350194408529,90.28657491057966,84.76831192207213,89.14383697509766,672171000,0.0,0.0
2024-03-20 00:00:00-04:00,89.54168157483528,90.15294523438696,87.97215934887909,90.11505126953125,479063000,0.0,0.0
2024-03-21 00:00:00-04:00,92.03756431354115,92.38457441104313,90.14794815065484,91.17501831054688,480372000,0.0,0.0
2024-03-22 00:00:00-04:00,90.88185279949899,94.50851255895188,90.5757265000991,94.02090454101562,586719000,0.0,0.0
2024-03-25 00:00:00-04:00,93.67390745044557,96.4908723257128,93.2441331194467,94.73188781738281,552136000,0.0,0.0
2024-03-26 00:00:00-04:00,95.57846759747075,96.10097979295517,92.23899068459922,92.29782104492188,513648000,0.0,0.0
2024-03-27 00:00:00-04:00,92.84725495724012,92.97488937266765,88.8695984293379,89.99339294433594,586067000,0.0,0.0
2024-03-28 00:00:00-04:00,89.74411520186113,91.0404221311914,88.93941042675222,90.09910583496094,435212000,0.0,0.0
2024-04-01 00:00:00-04:00,90.04227331568282,91.96279236736179,88.9503853073595,90.10608673095703,452441000,0.0,0.0
2024-04-02 00:00:00-04:00,88.19651163521841,89.83783523468522,87.37087059473389,89.19766235351562,433064000,0.0,0.0
2024-04-03 00:00:00-04:00,88.23242095077572,90.11704664082849,88.14866014711569,88.71105194091797,370067000,0.0,0.0
2024-04-04 00:00:00-04:00,90.14896145814237,90.37631766546893,85.6358285290892,85.66075897216797,434965000,0.0,0.0
2024-04-05 00:00:00-04:00,86.61900791219938,88.22942139866663,85.68168582327746,87.75776672363281,399678000,0.0,0.0
2024-04-08 00:00:00-04:00,88.44779987998065,88.57743512523471,86.4854007087341,86.88526153564453,283220000,0.0,0.0
2024-04-09 00:00:00-04:00,87.19336556349879,87.38581757145292,82.78593537872872,85.11129760742188,501700000,0.0,0.0
2024-04-10 00:00:00-04:00,83.68737890315158,87.15150043777531,83.47099303047223,86.7915267944336,431929000,0.0,0.0
2024-04-11 00:00:00-04:00,87.1714479258609,90.48101167566662,86.67885677486333,90.35836029052734,431637000,0.0,0.0
2024-04-12 00:00:00-04:00,89.44395551817271,89.91860764142923,87.28112393379013,87.93525695800781,426805000,0.0,0.0
2024-04-15 00:00:00-04:00,88.84466403718538,90.35535577476978,85.68467584656017,85.7564697265625,443077000,0.0,0.0
2024-04-16 00:00:00-04:00,86.18725549413733,87.86746232886081,85.81930894271287,87.16646575927734,370453000,0.0,0.0
2024-04-17 00:00:00-04:00,88.08881854088399,88.5225868752461,83.71130127056159,83.79606628417969,495400000,0.0,0.0
2024-04-18 00:00:00-04:00,84.72840551757585,85.94493790164843,82.16770633584548,84.43025207519531,447260000,0.0,0.0
2024-04-19 00:00:00-04:00,82.91358934859076,84.08424741361141,75.3910397359179,75.98334503173828,875198000,0.0,0.0
2024-04-22 00:00:00-04:00,77.8819346514722,79.84533824784792,76.18278461859053,79.29191589355469,596341000,0.0,0.0
2024-04-23 00:00:00-04:00,80.53935534918725,82.53366896329221,80.03579390039872,82.18865203857422,438559000,0.0,0.0
2024-04-24 00:00:00-04:00,83.71129217484813,83.84292061734187,78.9578484435489,79.45044708251953,512208000,0.0,0.0
2024-04-25 00:00:00-04:00,78.64375847887948,83.08609383460076,78.00059569231401,82.39706420898438,424641000,0.0,0.0
2024-04-26 00:00:00-04:00,83.5796943254643,88.0798637130723,83.14991996305922,87.48555755615234,551011000,0.0,0.0
2024-04-29 00:00:00-04:00,87.34595010949796,87.74181691165053,85.02356957538234,87.50749206542969,388971000,0.0,0.0
2024-04-30 00:00:00-04:00,86.99194868469957,88.5664614931565,86.05462655663052,86.15633392333984,363709000,0.0,0.0
2024-05-01 00:00:00-04:00,84.83509991070004,85.75547203094351,81.02396098069623,82.80488586425781,559863000,0.0,0.0
2024-05-02 00:00:00-04:00,84.20888384405981,85.99180203592717,82.96343457532701,85.572998046875,377898000,0.0,0.0
2024-05-03 00:00:00-04:00,87.53939567590184,89.02715032615576,86.79252471992756,88.53655242919922,398341000,0.0,0.0
2024-05-06 00:00:00-04:00,89.13584761213842,91.95780324115003,88.80180099005936,91.8780288696289,376203000,0.0,0.0
2024-05-07 00:00:00-04:00,90.83899901251043,91.52005583747177,88.75793456692497,90.29654693603516,437342000,0.0,0.0
2024-05-08 00:00:00-04:00,89.22857072950318,90.93470430679172,89.1657463302182,90.1549301147461,325721000,0.0,0.0
2024-05-09 00:00:00-04:00,90.27159797496299,90.81305333122494,87.9801353538175,88.49466705322266,378013000,0.0,0.0
2024-05-10 00:00:00-04:00,90.04823199188911,91.14111635473476,88.97329419694542,89.62244415283203,335325000,0.0,0.0
2024-05-13 00:00:00-04:00,90.22074555223655,90.73927132421963,88.27728953555432,90.14197540283203,289680000,0.0,0.0
2024-05-14 00:00:00-04:00,89.34424430460986,91.39041184902159,88.68113417048747,91.09625244140625,296507000,0.0,0.0
2024-05-15 00:00:00-04:00,92.2090701983953,94.5922739920117,91.33855134424653,94.36093139648438,417735000,0.0,0.0
2024-05-16 00:00:00-04:00,94.64014935721045,95.54656142094716,93.83543705567772,94.09071350097656,323952000,0.0,0.0
2024-05-17 00:00:00-04:00,94.10069011001252,94.47062985340762,91.54497378951851,92.21605682373047,359691000,0.0,0.0
2024-05-20 00:00:00-04:00,93.48344309476195,94.9293173048801,93.17432694405993,94.51051330566406,318764000,0.0,0.0
2024-05-21 00:00:00-04:00,93.33287775310836,95.12875963376091,92.9150703346718,95.11479949951172,328946000,0.0,0.0
2024-05-22 00:00:00-04:00,95.18757861855156,95.74698053068366,92.98386328100148,94.68002319335938,548648000,0.0,0.0
2024-05-23 00:00:00-04:00,101.73791493789797,106.0177117858919,101.23135605250833,103.5038833618164,835065000,0.0,0.0
2024-05-24 00:00:00-04:00,104.15201429523188,106.1722546778935,102.70713677897801,106.16627502441406,429494000,0.0,0.0
2024-05-28 00:00:00-04:00,109.93055601288341,114.61220681929554,109.57058235224117,113.57715606689453,652728000,0.0,0.0
2024-05-29 00:00:00-04:00,112.7285727659483,115.16362326202471,110.58568085733936,114.49851989746094,557442000,0.0,0.0
2024-05-30 00:00:00-04:00,114.32401567603497,115.48969056494155,109.35119576529627,110.1858139038086,484553000,0.0,0.0
2024-05-31 00:00:00-04:00,112.20006619281486,112.39651226649593,106.6359377048998,109.32128143310547,613263000,0.0,0.0
2024-06-03 00:00:00-04:00,113.29794252397816,114.67301940917969,111.68453916444382,114.67301940917969,438392000,0.0,0.0
2024-06-04 00:00:00-04:00,115.3869834998919,116.2684650577176,113.72072948659991,116.10592651367188,403324000,0.0,0.0
2024-06-05 00:00:00-04:00,118.03444216742467,122.10084264977675,117.13400975669744,122.09187316894531,528402000,0.0,0.0
2024-06-06 00:00:00-04:00,123.69528439320365,125.2299099350453,117.98357427866928,120.65396118164062,664696000,0.0,0.0
2024-06-07 00:00:00-04:00,119.42945596831338,121.34599585382935,117.68643254910567,120.54428100585938,412386000,0.0,0.0
2024-06-10 00:00:00-04:00,120.02775723865274,122.74999082651334,116.6773100476689,121.44371795654297,313434100,0.0,10.0
2024-06-11 00:00:00-04:00,121.43373663493091,122.53070514239239,118.41210500224047,120.57611846923828,222551200,0.01,0.0
2024-06-12 00:00:00-04:00,122.72018841720352,126.52963983604721,122.23154359875069,124.85427856445312,299595000,0.0,0.0
2024-06-13 00:00:00-04:00,129.0327119863157,129.4415834964467,126.80887399420205,129.25210571289062,260704500,0.0,0.0
2024-06-14 00:00:00-04:00,129.60114223243076,132.4731792100278,127.9656714477386,131.51583862304688,309320400,0.0,0.0
2024-06-17 00:00:00-04:00,132.6227916073861,133.36073857025062,129.22220369566065,130.6183319091797,288504400,0.0,0.0
2024-06-18 00:00:00-04:00,130.77788509132313,135.95355648117285,130.32913071079423,135.20562744140625,294335100,0.0,0.0
2024-06-20 00:00:00-04:00,139.41396587386305,140.3713064535189,129.16235380151105,130.4188690185547,517768400,0.0,0.0
2024-06-21 00:00:00-04:00,126.76897377617152,130.2692833981682,123.95676122395307,126.22048950195312,649445800,0.0,0.0
2024-06-24 00:00:00-04:00,122.89968290118539,124.1163152101961,117.71404522588668,117.78385162353516,476060900,0.0,0.0
2024-06-25 00:00:00-04:00,120.86531742755339,126.15068514494095,118.9905115651875,125.74181365966797,414192600,0.0,0.0
2024-06-26 00:00:00-04:00,125.7817056647018,127.76620840809865,122.26145451808375,126.05096435546875,362975900,0.0,0.0
2024-06-27 00:00:00-04:00,123.75732565383952,126.06095230836796,122.58058364066598,123.64762878417969,252571700,0.0,0.0
2024-06-28 00:00:00-04:00,124.236004634683,127.3573591664442,122.41105590597208,123.1988754272461,315516700,0.0,0.0
2024-07-01 00:00:00-04:00,123.12905433583957,124.49526638375627,118.50186772113265,123.9567642211914,284885500,0.0,0.0
2024-07-02 00:00:00-04:00,120.79549721367266,123.06920739309287,120.69577488496827,122.33124542236328,218374000,0.0,0.0
2024-07-03 00:00:00-04:00,121.324065820501,127.92578125,121.02489116241942,127.92578125,215749000,0.0,0.0
2024-07-05 00:00:00-04:00,127.02825159880693,128.49420118342798,125.3329490025218,125.48253631591797,214176700,0.0,0.0
2024-07-08 00:00:00-04:00,127.13795450709301,130.4089036996468,126.68920015386854,127.84599304199219,237677300,0.0,0.0
2024-07-09 00:00:00-04:00,129.99005737514514,133.4504765285805,128.29473958471138,131.0172119140625,285366600,0.0,0.0
2024-07-10 00:00:00-04:00,133.65988550841513,134.72693809179796,132.0543307877707,134.53746032714844,248978600,0.0,0.0
2024-07-11 00:00:00-04:00,135.37515978161727,135.7740491933907,126.69918573397183,127.0482177734375,374782700,0.0,0.0
2024-07-12 00:00:00-04:00,127.90581292565753,131.5557097271737,126.86869151292463,128.88311767578125,252680500,0.0,0.0
2024-07-15 00:00:00-04:00,130.19946809344353,131.02717795052595,126.828804392605,128.0853271484375,208326200,0.0,0.0
2024-07-16 00:00:00-04:00,128.0853283678797,128.68366239858466,124.2359867587292,126.01107025146484,214769500,0.0,0.0
2024-07-17 00:00:00-04:00,121.01490699704938,121.51352631521466,116.39769484983655,117.6641845703125,390086200,0.0,0.0
2024-07-18 00:00:00-04:00,121.51352635797906,122.0620106514847,116.23813305693453,120.75562286376953,320979500,0.0,0.0
2024-07-19 00:00:00-04:00,120.01766279092804,121.26421102849133,117.04589605324009,117.6043472290039,217223800,0.0,0.0
2024-07-22 00:00:00-04:00,120.0176813971429,123.72741074457895,119.52903654259545,123.1988754272461,258068900,0.0,0.0
2024-07-23 00:00:00-04:00,122.44095787706307,124.34568731396223,121.76283530375956,122.25148010253906,173911000,0.0,0.0
2024-07-24 00:00:00-04:00,118.8409292880146,119.61877422549412,113.12675602679064,113.93451690673828,327776900,0.0,0.0
2024-07-25 00:00:00-04:00,112.72786663674131,116.30795001542549,106.00647974568223,111.96996307373047,460067000,0.0,0.0
2024-07-26 00:00:00-04:00,115.8691646723326,115.87913158113766,111.27189374853045,112.747802734375,293399100,0.0,0.0
2024-07-29 00:00:00-04:00,113.3760676606231,115.95891218291776,110.99266783046404,111.2818603515625,248152100,0.0,0.0
2024-07-30 00:00:00-04:00,111.21203111604571,111.68073441549713,102.25683389281191,103.44355010986328,486833300,0.0,0.0
2024-07-31 00:00:00-04:00,112.58823561538453,118.01320824039244,110.57380945153913,116.69685363769531,473174200,0.0,0.0
2024-08-01 00:00:00-04:00,117.20545726694776,119.82819978465332,106.51505772619602,108.90843200683594,523462300,0.0,0.0
2024-08-02 00:00:00-04:00,103.47347587762454,108.4197782586363,101.09007631034588,106.9737777709961,482027500,0.0,0.0
2024-08-05 00:00:00-04:00,91.80578374541406,103.12444802394918,90.43957172286065,100.17261505126953,552842400,0.0,0.0
2024-08-06 00:00:00-04:00,103.55325619325184,107.41257244920943,100.27234777984627,103.96212768554688,409012100,0.0,0.0
2024-08-07 00:00:00-04:00,107.51228858966286,108.49956025923653,98.41747763354093,98.63687133789062,411440400,0.0,0.0
2024-08-08 00:00:00-04:00,101.71833034514779,105.20866520993226,97.25069837056012,104.68013000488281,391910000,0.0,0.0
2024-08-09 00:00:00-04:00,105.34829623370402,106.30564447792429,103.14439960768745,104.46075439453125,290844200,0.0,0.0
2024-08-12 00:00:00-04:00,106.02640719898284,110.76329052893722,105.96657531790058,108.71894836425781,325559900,0.0,0.0
2024-08-13 00:00:00-04:00,112.1295177782614,115.90905322658823,111.27189191883488,115.81929779052734,312646700,0.0,0.0
2024-08-14 00:00:00-04:00,118.20269875673235,118.27250515954668,113.75501518576698,117.75394439697266,339246400,0.0,0.0
2024-08-15 00:00:00-04:00,118.4320598996148,122.89968462856436,117.14562117487446,122.52073669433594,318086700,0.0,0.0
2024-08-16 00:00:00-04:00,121.60328301302395,124.6548308372553,120.84537951120186,124.23599243164062,302589900,0.0,0.0
2024-08-19 00:00:00-04:00,123.93680096772643,129.64100646972656,123.07917523933753,129.64100646972656,318333600,0.0,0.0
2024-08-20 00:00:00-04:00,128.04543898793298,129.52136317375601,125.54237540722741,126.89862060546875,300087400,0.0,0.0
2024-08-21 00:00:00-04:00,126.9684150377678,128.9928157355832,126.31024153473705,128.14515686035156,257883600,0.0,0.0
2024-08-22 00:00:00-04:00,129.66095684860522,130.388936708764,122.76006049629918,123.3982925415039,376189100,0.0,0.0
2024-08-23 00:00:00-04:00,125.51245424374224,129.2421321879317,124.87422213092064,129.01275634765625,323230300,0.0,0.0
2024-08-26 00:00:00-04:00,129.21222218734667,130.8975427630235,124.0265765218376,126.11080169677734,331964700,0.0,0.0
2024-08-27 00:00:00-04:00,124.70469880770285,128.84323320422493,123.53792378071748,127.94572448730469,303134600,0.0,0.0
2024-08-28 00:00:00-04:00,127.76621672239743,127.97564354365645,122.30135293496008,125.26315307617188,448101100,0.0,0.0
2024-08-29 00:00:00-04:00,121.02486753317979,124.08638948872031,116.38770688825328,117.26527404785156,453023300,0.0,0.0
2024-08-30 00:00:00-04:00,119.19992897597831,121.41379989153823,116.89631023816276,119.04037475585938,333751600,0.0,0.0
2024-09-03 00:00:00-04:00,115.68965834345619,115.88910303086084,106.99373606605621,107.70177459716797,477155100,0.0,0.0
2024-09-04 00:00:00-04:00,105.11893116355375,112.95722005840781,103.83249237473713,105.91671752929688,372470300,0.0,0.0
2024-09-05 00:00:00-04:00,104.70008464878364,109.34722045042044,104.47072401794104,106.91395568847656,306850700,0.0,0.0
2024-09-06 00:00:00-04:00,107.74166341909986,107.85136027800363,100.67123751563678,102.54605102539062,413638100,0.0,0.0
2024-09-09 00:00:00-04:00,104.59038154400555,106.25577578698045,103.4036727846321,106.17599487304688,273912000,0.0,0.0
2024-09-10 00:00:00-04:00,107.5122906776436,109.09790400275718,104.66018768236026,107.8014907836914,268283700,0.0,0.0
2024-09-11 00:00:00-04:00,109.0879346022382,116.86639906475774,107.12337325723898,116.58717346191406,441422400,0.0,0.0
2024-09-12 00:00:00-04:00,116.52732649632485,120.46676065848584,115.07123444451854,118.82117462158203,366052700,0.01,0.0
2024-09-13 00:00:00-04:00,118.76133738659651,119.6389797203674,117.28529459768677,118.78128051757812,238358300,0.0,0.0
2024-09-16 00:00:00-04:00,116.47746652004345,117.8637462195167,114.05396898625607,116.46749114990234,248772300,0.0,0.0
2024-09-17 00:00:00-04:00,117.85376774830212,118.48208669803358,114.52270945275087,115.28067016601562,231925900,0.0,0.0
2024-09-18 00:00:00-04:00,115.57986510061662,117.38501890816246,112.917012138231,113.06661224365234,310318900,0.0,0.0
2024-09-19 00:00:00-04:00,117.0359679559666,119.33979153223306,116.93623707940027,117.55458068847656,293506400,0.0,0.0
2024-09-20 00:00:00-04:00,116.74674381909426,118.30257441739377,115.0812145821692,115.68958282470703,382462400,0.0,0.0
2024-09-23 00:00:00-04:00,116.23809261462333,116.67690991509015,114.55261294787563,115.94886779785156,206228500,0.0,0.0
2024-09-24 00:00:00-04:00,116.20818908018337,121.47406618937484,115.07124032940908,120.54655456542969,354966800,0.0,0.0
2024-09-25 00:00:00-04:00,121.69346336275538,124.60565503965537,121.28456450552947,123.17948150634766,284692900,0.0,0.0
2024-09-26 00:00:00-04:00,126.46066959704271,127.32833649308198,121.47405025345233,123.70805358886719,302582900,0.0,0.0
2024-09-27 00:00:00-04:00,123.63824884420143,123.6980858451405,118.94085404604166,121.07512664794922,271009200,0.0,0.0
2024-09-30 00:00:00-04:00,117.99339940741461,121.1748653861715,117.83383152489164,121.11502838134766,226553700,0.0,0.0
2024-10-01 00:00:00-04:00,121.4441210323085,122.11233379004094,115.4801287113044,116.6868896484375,302094500,0.0,0.0
2024-10-02 00:00:00-04:00,116.12840510154699,119.06053238913914,114.831880901423,118.53195190429688,221845900,0.0,0.0
2024-10-03 00:00:00-04:00,120.59641981201312,124.027216908111,120.01797004879133,122.52125549316406,277118000,0.0,0.0
2024-10-04 00:00:00-04:00,124.60565935860969,124.70539023390367,121.50398120040512,124.58570861816406,243678100,0.0,0.0
2024-10-07 00:00:00-04:00,124.65550686574433,130.2903881845544,124.61561299835192,127.37820434570312,346250200,0.0,0.0
2024-10-08 00:00:00-04:00,129.9114112143918,133.1227955252644,129.07366275536995,132.5343780517578,285722500,0.0,0.0
2024-10-09 00:00:00-04:00,133.75112849037495,134.16003500176663,131.02843810434518,132.29502868652344,246191600,0.0,0.0
2024-10-10 00:00:00-04:00,131.55701568457982,134.6387432670493,130.64944717024784,134.44924926757812,242311300,0.0,0.0
2024-10-11 00:00:00-04:00,133.6513755856735,135.4166432187145,133.30232133780012,134.43927001953125,170209500,0.0,0.0
2024-10-14 00:00:00-04:00,136.10479144805439,139.22642006970023,135.9352482142016,137.7005157470703,232347700,0.0,0.0
2024-10-15 00:00:00-04:00,137.50104323972985,138.1991821543322,128.3954862474048,131.24783325195312,377831000,0.0,0.0
2024-10-16 00:00:00-04:00,133.62146232310147,136.25439701653355,131.22789086287455,135.3568115234375,264879700,0.0,0.0
2024-10-17 00:00:00-04:00,138.96712260930138,140.512977854023,136.50373111006368,136.56356811523438,306435900,0.0,0.0
2024-10-18 00:00:00-04:00,138.2989120156457,138.52829226592988,136.9126323168706,137.63070678710938,176090200,0.0,0.0
2024-10-21 00:00:00-04:00,137.76036967912168,143.325439453125,137.63071268872676,143.325439453125,264554500,0.0,0.0
2024-10-22 00:00:00-04:00,142.52756130979012,144.03351491090646,141.40058044009385,143.2057342529297,226311600,0.0,0.0
2024-10-23 00:00:00-04:00,141.64994578790018,142.04886935503015,137.09218240070786,139.18655395507812,285930000,0.0,0.0
2024-10-24 00:00:00-04:00,140.4431777464081,140.97175826689335,138.08949241788707,140.03427124023438,172354900,0.0,0.0
2024-10-25 00:00:00-04:00,140.55285615055817,143.74430494634163,140.4232143860229,141.16122436523438,205122100,0.0,0.0
2024-10-28 00:00:00-04:00,142.61729477054212,142.7569194853756,139.67519278215292,140.14393615722656,173586700,0.0,0.0
2024-10-29 00:00:00-04:00,139.91458673541953,141.87931636585566,138.52830689029554,140.8720245361328,157593600,0.0,0.0
2024-10-30 00:00:00-04:00,139.1665637778278,139.95445814390004,136.44387391965424,138.96710205078125,179418100,0.0,0.0
2024-10-31 00:00:00-04:00,137.2317836775648,137.24175143875112,131.756469630996,132.40472412109375,270039600,0.0,0.0
2024-11-01 00:00:00-04:00,134.33951978002003,136.94253564166783,134.2098780275083,135.0376434326172,207127800,0.0,0.0
2024-11-04 00:00:00-05:00,136.8428124063768,138.58812914709054,135.2072018980832,135.6859130859375,187528200,0.0,0.0
2024-11-05 00:00:00-05:00,137.08217511986183,139.99435925396384,136.9625011145287,139.5355987548828,160537400,0.0,0.0
2024-11-06 00:00:00-05:00,142.577419626437,146.09797148430005,141.58009580907174,145.22032165527344,242043900,0.0,0.0
2024-11-07 00:00:00-05:00,145.9982707339075,148.5314671885647,145.77885821996583,148.4816131591797,207323300,0.0,0.0
2024-11-08 00:00:00-05:00,148.3718728926044,149.3691967390222,145.868580298605,147.23492431640625,175665800,0.0,0.0
2024-11-11 00:00:00-05:00,148.28213868247923,148.45169716990912,143.18582718199275,144.8712921142578,182325600,0.0,0.0
2024-11-12 00:00:00-05:00,146.38721941597868,149.24953450275174,145.61927565442116,147.89317321777344,198634700,0.0,0.0
2024-11-13 00:00:00-05:00,148.67108050956173,148.93037924410717,145.5095503668412,145.87857055664062,191903300,0.0,0.0
2024-11-14 00:00:00-05:00,147.24489842760545,148.60125952595652,145.16049515099348,146.36724853515625,194463300,0.0,0.0
2024-11-15 00:00:00-05:00,144.4823175216733,144.85133773586546,139.70514243904907,141.6000518798828,250132900,0.0,0.0
2024-11-18 00:00:00-05:00,139.12669362767247,141.17121080701085,136.78297621414575,139.7749481201172,221205300,0.0,0.0
2024-11-19 00:00:00-05:00,140.94180242373534,146.73625109020787,140.61268375361473,146.61656188964844,227834900,0.0,0.0
2024-11-20 00:00:00-05:00,147.0155246522584,147.16511715506326,142.34804073132528,145.4995880126953,309871700,0.0,0.0
2024-11-21 00:00:00-05:00,148.95036341042947,152.48088409935733,140.32350064158226,146.27752685546875,400946600,0.0,0.0
2024-11-22 00:00:00-05:00,145.539474391015,146.7661937868221,140.72241318136372,141.57012939453125,236406200,0.0,0.0
2024-11-25 00:00:00-05:00,141.61003096699034,141.66986796819967,135.45654411602544,135.656005859375,344941900,0.0,0.0
2024-11-26 00:00:00-05:00,137.33150030488406,138.9272246590056,135.30693397114106,136.5535888671875,190287700,0.0,0.0
2024-11-27 00:00:00-05:00,134.64871022731037,136.85280300357402,131.44730865073987,134.9778289794922,226370900,0.0,0.0
2024-11-29 00:00:00-05:00,136.41395288721657,138.977082446908,135.68591074894266,137.88002014160156,141863200,0.0,0.0
2024-12-02 00:00:00-05:00,138.45849496272686,140.07415499884576,137.45120318506554,138.259033203125,171682800,0.0,0.0
2024-12-03 00:00:00-05:00,137.8899957715255,140.1638930268938,137.58082780000817,139.8846435546875,164414000,0.0,0.0
2024-12-04 00:00:00-05:00,141.61997562000002,145.3998260198739,139.91454527402882,144.75157165527344,231224300,0.0,0.0
2024-12-05 00:00:00-05:00,144.73165063129176,146.1579148411047,143.57467148409813,144.68177795410156,172621200,0.01,0.0
2024-12-06 00:00:00-05:00,144.2229906612707,145.3201135010368,140.94156015213164,142.06861877441406,188505600,0.0,0.0
2024-12-09 00:00:00-05:00,138.6076455444956,139.58508599383495,136.77244688316378,138.44805908203125,189308600,0.0,0.0
2024-12-10 00:00:00-05:00,138.6475487860502,141.4502349567079,133.44115786086326,134.71783447265625,210020900,0.0,0.0
2024-12-11 00:00:00-05:00,137.00186458417264,139.80453569143606,134.85747632446007,138.94677734375,184905200,0.0,0.0
2024-12-12 00:00:00-05:00,136.72260169557995,138.0790564611993,135.445940177233,136.98191833496094,159211400,0.0,0.0
2024-12-13 00:00:00-05:00,138.57773734651352,139.2360201486468,132.19441524956173,133.89996337890625,231514900,0.0,0.0
2024-12-16 00:00:00-05:00,133.83011579862796,134.0495433619733,130.07992554881972,131.6558074951172,237951100,0.0,0.0
2024-12-17 00:00:00-05:00,128.75340490862754,131.24688636654815,126.52922370948323,130.05001831054688,259410300,0.0,0.0
2024-12-18 00:00:00-05:00,133.51095751271384,136.34354849340636,127.94550566757769,128.57386779785156,277444500,0.0,0.0
2024-12-19 00:00:00-05:00,131.41644980197495,133.68053537391728,129.212220572867,130.33926391601562,209719200,0.0,0.0
2024-12-20 00:00:00-05:00,129.4715360054975,134.92727495716574,127.88568536239204,134.34878540039062,306528600,0.0,0.0
2024-12-23 00:00:00-05:00,135.92464160150274,139.42548361528617,134.767662709215,139.30580139160156,176053500,0.0,0.0
2024-12-24 00:00:00-05:00,139.63495779620516,141.52999756440977,138.28847175842643,139.85438537597656,105157000,0.0,0.0
2024-12-26 00:00:00-05:00,139.3357437329122,140.482754358897,137.37087908554133,139.5651397705078,116205600,0.0,0.0
2024-12-27 00:00:00-05:00,138.1887488761999,138.65752461945982,134.35876491420703,136.6527557373047,170582600,0.0,0.0
2024-12-30 00:00:00-05:00,134.47844750631418,139.9042657427297,133.67056192681179,137.1315155029297,167734700,0.0,0.0
2024-12-31 00:00:00-05:00,137.67011945974758,137.71002369221526,133.48107297196478,133.9398651123047,155659200,0.0,0.0
2025-01-02 00:00:00-05:00,135.64538180842524,138.51787711680194,134.27895893528864,137.94935607910156,198247200,0.0,0.0
2025-01-03 00:00:00-05:00,139.64492988439244,144.52217900012494,139.36566117903786,144.0933074951172,229322500,0.0,0.0
2025-01-06 00:00:00-05:00,148.20258376458906,151.76328315584956,147.43460231153736,149.04039001464844,265377400,0.0,0.0
2025-01-07 00:00:00-05:00,152.63098706400407,152.73073241075815,139.6449312609891,139.77459716796875,351782200,0.0,0.0
2025-01-08 00:00:00-05:00,142.20825109505992,143.57467420574872,137.20133554653654,139.74468994140625,227349900,0.0,0.0
2025-01-10 00:00:00-05:00,137.09161147098868,139.55517244006612,133.870037595658,135.55563354492188,207602500,0.0,0.0
2025-01-13 00:00:00-05:00,129.6510717959939,133.1419459563911,129.17231238202828,132.8826141357422,204808900,0.0,0.0
2025-01-14 00:00:00-05:00,135.6952813829554,136.02442280388445,129.71092511662002,131.4164581298828,195590500,0.0,0.0
2025-01-15 00:00:00-05:00,133.30152233922777,136.094224818832,130.9476750631476,135.88478088378906,185217300,0.0,0.0
2025-01-16 00:00:00-05:00,138.27852927433761,138.38824308482273,133.14196273572836,133.2217559814453,209235600,0.0,0.0
2025-01-17 00:00:00-05:00,136.33360735729912,138.13888566634566,135.10681862678206,137.3509521484375,201188800,0.0,0.0
2025-01-21 00:00:00-05:00,138.79717036536638,141.4602070208564,136.7325601923546,140.4628143310547,197749000,0.0,0.0
2025-01-22 00:00:00-05:00,144.2828338584672,147.40466270866227,143.2954095914058,146.68655395507812,237651400,0.0,0.0
2025-01-23 00:00:00-05:00,144.67182587415004,146.84613483080005,143.34529164963172,146.83616638183594,155915500,0.0,0.0
2025-01-24 00:00:00-05:00,147.98314630855361,148.58158800111045,141.51007758845265,142.24813842773438,234657600,0.0,0.0
2025-01-27 00:00:00-05:00,124.47460659166907,128.06521102414737,116.39571998533557,118.11123657226562,818830900,0.0,0.0
2025-01-28 00:00:00-05:00,121.49239920882492,128.66365497133788,115.94689837533355,128.6536865234375,579666400,0.0,0.0
2025-01-29 00:00:00-05:00,126.17018228394103,126.55916484585856,119.73700212037913,123.37747955322266,467120600,0.0,0.0
2025-01-30 00:00:00-05:00,122.77903527699785,124.67408285834512,117.79207196266405,124.32499694824219,392925500,0.0,0.0
2025-01-31 00:00:00-05:00,123.45726093608867,127.51664871512425,118.8792323275003,119.7569351196289,388161100,0.0,0.0
2025-02-03 00:00:00-05:00,114.45081126895413,118.26085104341853,112.71535011762803,116.3558349609375,371235700,0.0,0.0
2025-02-04 00:00:00-05:00,116.65504122535879,120.88398385074507,116.39571701060105,118.34063720703125,256550000,0.0,0.0
2025-02-05 00:00:00-05:00,121.44253659311748,124.67408679210826,120.44514389878061,124.50453186035156,262230800,0.0,0.0
2025-02-06 00:00:00-05:00,127.08775801782105,128.43424405982125,124.8835213759819,128.34446716308594,251483600,0.0,0.0
2025-02-07 00:00:00-05:00,128.88307105233656,130.03006643749526,124.67407312607986,129.50144958496094,228186300,0.0,0.0
2025-02-10 00:00:00-05:00,129.75081827828257,134.64802029874645,129.6211675706223,133.2217559814453,216989100,0.0,0.0
2025-02-11 00:00:00-05:00,132.23433823730105,134.12937845518158,130.67840791626125,132.45376586914062,178902400,0.0,0.0
2025-02-12 00:00:00-05:00,129.68099034166102,131.89520313508,128.74343886096966,130.79806518554688,160278600,0.0,0.0
2025-02-13 00:00:00-05:00,131.2169852346524,136.14410776005724,130.8280026783839,134.937255859375,197430000,0.0,0.0
2025-02-14 00:00:00-05:00,136.12414513567924,138.8869270481558,135.1467045962306,138.48797607421875,195479600,0.0,0.0
2025-02-18 00:00:00-05:00,140.90166414837108,143.06600437599374,137.57036112568994,139.03652954101562,219176600,0.0,0.0
2025-02-19 00:00:00-05:00,139.14625788985987,140.99144057578553,136.86223517532474,138.8669891357422,167536000,0.0,0.0
2025-02-20 00:00:00-05:00,139.6648967001902,140.29325896288867,136.43333891646114,139.74468994140625,143903600,0.0,0.0
2025-02-21 00:00:00-05:00,139.67487215272783,141.09118323158302,133.68054728393315,134.07949829101562,228217600,0.0,0.0
2025-02-24 00:00:00-05:00,136.20394796569565,138.22865397806314,129.74084737496105,129.94032287597656,251381100,0.0,0.0
2025-02-25 00:00:00-05:00,129.64108357480436,129.8605111604116,124.11553536570229,126.29981994628906,271428700,0.0,0.0
2025-02-26 00:00:00-05:00,129.6510686159171,133.38130717279842,128.15497972672858,130.9376983642578,322553800,0.0,0.0
2025-02-27 00:00:00-05:00,134.64800202891726,134.65797047615226,119.69708897132982,119.83672332763672,443175800,0.0,0.0
2025-02-28 00:00:00-05:00,117.71228788508736,124.76385425600982,116.09651651556653,124.59429931640625,389091100,0.0,0.0
2025-03-03 00:00:00-05:00,123.18796891235903,123.37746834229016,111.98724605192426,113.76260375976562,411381400,0.0,0.0
2025-03-04 00:00:00-05:00,110.36150296756519,118.9989197292815,109.82291000037466,115.68757629394531,398163300,0.0,0.0
2025-03-05 00:00:00-05:00,117.27343224392774,117.97160407078815,114.21143704412195,116.9941635131836,284337900,0.0,0.0
2025-03-06 00:00:00-05:00,113.23399700198848,115.0492514915792,109.93262945458795,110.2817153930664,321181900,0.0,0.0
2025-03-07 00:00:00-05:00,110.9599388924034,113.18412798197828,107.27955736061682,112.39618682861328,341755500,0.0,0.0
2025-03-10 00:00:00-04:00,109.61344966651625,111.5583622176382,105.18502403072868,106.70106506347656,366487400,0.0,0.0
2025-03-11 00:00:00-04:00,106.71104344992001,111.94735515473401,104.49683042579257,108.47643280029297,354865700,0.0,0.0
2025-03-12 00:00:00-04:00,113.83292501602207,116.46628328215824,112.59603885298675,115.44884490966797,323857500,0.01,0.0
2025-03-13 00:00:00-04:00,116.73559490158165,117.46376184203,113.50374766538481,115.28924560546875,299033100,0.0,0.0
2025-03-14 00:00:00-04:00,118.31162236591584,121.57339292473429,117.85278046649132,121.36392211914062,277593500,0.0,0.0
2025-03-17 00:00:00-04:00,122.43123309193861,122.58085727393843,117.73308248243704,119.22930908203125,255501500,0.0,0.0
2025-03-18 00:00:00-04:00,117.70316017412442,118.7205909220559,114.25186503478537,115.1396255493164,299686900,0.0,0.0
2025-03-19 00:00:00-04:00,116.97498651717953,120.14698705841565,115.3889900516623,117.22435760498047,273426200,0.0,0.0
2025-03-20 00:00:00-04:00,116.25681189739694,119.89762393291265,116.17701131755277,118.23182678222656,248829700,0.0,0.0
2025-03-21 00:00:00-04:00,116.64582513098318,117.6931791575635,115.1296446207881,117.4039077758789,266498500,0.0,0.0
2025-03-24 00:00:00-04:00,119.57842622721644,121.91254366285413,119.03978374206928,121.10458374023438,228452500,0.0,0.0
2025-03-25 00:00:00-04:00,120.24674348347415,120.98487978418257,118.62083909476823,120.38639068603516,167447200,0.0,0.0
2025-03-26 00:00:00-04:00,118.4313220614094,118.5410383402261,112.42646191953317,113.47382354736328,293463300,0.0,0.0
2025-03-27 00:00:00-04:00,111.0698805170997,114.16208047077859,110.38162149260253,111.1496810913086,236902100,0.0,0.0
2025-03-28 00:00:00-04:00,111.20953292547101,112.58606625933987,108.79562251910656,109.39411163330078,229872500,0.0,0.0
2025-03-31 00:00:00-04:00,104.86553641067388,110.68087252083329,103.38926370156523,108.10736083984375,299212700,0.0,0.0
2025-04-01 00:00:00-04:00,108.2470125996811,109.92278683325367,106.20217397842941,109.87291717529297,222614000,0.0,0.0
2025-04-02 00:00:00-04:00,107.0200962834212,111.69830029652357,106.5213541109438,110.14221954345703,220601200,0.0,0.0
2025-04-03 00:00:00-04:00,103.24961996040646,105.36428217323731,101.34442096353821,101.5439224243164,338769400,0.0,0.0
2025-04-04 00:00:00-04:00,98.66119636165205,99.87812106911886,91.87829866162578,94.07276153564453,532273800,0.0,0.0
2025-04-07 00:00:00-04:00,87.2399869097494,101.49404025826172,86.40210364552667,97.39437866210938,611041300,0.0,0.0
2025-04-08 00:00:00-04:00,103.54885717389794,105.58372634261488,94.2223791915971,96.05775451660156,476243400,0.0,0.0
2025-04-09 00:00:00-04:00,98.6412345329499,114.8104562069238,97.28465510127192,114.04239654541016,612918300,0.0,0.0
2025-04-10 00:00:00-04:00,109.09486759895934,110.58111717003517,98.9005761841806,107.29939270019531,437812400,0.0,0.0
2025-04-11 00:00:00-04:00,108.22706011361765,111.26939065397997,107.20962934859612,110.65094757080078,313417300,0.0,0.0
2025-04-14 00:00:00-04:00,113.82295197096049,114.00249947758738,108.7956293956101,110.43150329589844,264705000,0.0,0.0
2025-04-15 00:00:00-04:00,110.69084593782598,113.33418114021705,110.22202704858428,111.9177474975586,228966900,0.0,0.0
2025-04-16 00:00:00-04:00,104.2869965726397,106.52135948725393,100.1973044637503,104.22714233398438,397016900,0.0,0.0
2025-04-17 00:00:00-04:00,104.18724851478048,104.20720246563869,99.79832299108041,101.23469543457031,292517500,0.0,0.0
2025-04-21 00:00:00-04:00,98.52153569265882,99.18985605733366,94.80092295909544,96.66622161865234,288501100,0.0,0.0
2025-04-22 00:00:00-04:00,98.53150383378456,99.55891150664588,97.03527729423074,98.64122772216797,241004800,0.0,0.0
2025-04-23 00:00:00-04:00,104.25705857766793,104.53636058197965,101.76334775853866,102.45161437988281,247526000,0.0,0.0
2025-04-24 00:00:00-04:00,103.21968611105362,106.2719858525715,102.85061415392688,106.16226196289062,220815000,0.0,0.0
2025-04-25 00:00:00-04:00,106.58121206849437,111.63845793071249,105.46403435389149,110.73075103759766,251064700,0.0,0.0
2025-04-28 00:00:00-04:00,109.4140660423662,110.09235573735528,105.75329251827114,108.45648193359375,207708500,0.0,0.0
2025-04-29 00:00:00-04:00,107.39914041879526,109.92277466025524,107.16972327513623,108.74574279785156,170444300,0.0,0.0
2025-04-30 00:00:00-04:00,104.20719367744803,108.64599609375,103.81817538074749,108.64599609375,235044600,0.0,0.0
2025-05-01 00:00:00-04:00,112.79554223516973,114.65086390129245,111.02002115064856,111.32923889160156,236121500,0.0,0.0
2025-05-02 00:00:00-04:00,113.8927727544179,115.10970497913567,113.08481279973248,114.21196746826172,190194800,0.0,0.0
2025-05-05 00:00:00-04:00,112.62596928442517,114.38153638068397,112.3765981799359,113.53367614746094,133163200,0.0,0.0
2025-05-06 00:00:00-04:00,111.19957134225872,114.4513652140045,110.541227943435,113.25438690185547,158525600,0.0,0.0
2025-05-07 00:00:00-04:00,112.7656187028628,117.38396890879066,111.99755142427854,116.7655258178711,206758800,0.0,0.0
2025-05-08 00:00:00-04:00,117.95252869863282,118.38144728921775,115.55856464909375,117.07474517822266,198428100,0.0,0.0
2025-05-09 00:00:00-04:00,117.05480348234514,117.93259470484641,114.92018728068513,116.3565673828125,132972200,0.0,0.0
2025-05-12 00:00:00-04:00,121.66318211752383,122.69058990478516,119.97743092665668,122.69058990478516,225023300,0.0,0.0
2025-05-13 00:00:00-04:00,124.66561195964681,130.88991289915035,124.15689275092413,129.6031494140625,330430100,0.0,0.0
2025-05-14 00:00:00-04:00,132.8649261154048,135.099296769805,131.34874548490453,134.99954223632812,281180800,0.0,0.0
2025-05-15 00:00:00-04:00,133.9521641466833,135.9571173935552,132.32627503661865,134.49081420898438,226632600,0.0,0.0
2025-05-16 00:00:00-04:00,135.87733175434735,136.0070096021913,133.1242801768634,135.05938720703125,226542500,0.0,0.0
2025-05-19 00:00:00-04:00,132.05696494191162,135.5282065455698,132.05696494191162,135.22897338867188,193154600,0.0,0.0
2025-05-20 00:00:00-04:00,133.9521612557517,134.24144022899694,132.28636428496227,134.0419464111328,161514200,0.0,0.0
2025-05-21 00:00:00-04:00,132.72528507307794,137.05436414816955,130.26149714159004,131.4684600830078,270608700,0.0,0.0
2025-05-22 00:00:00-04:00,131.89735290411087,133.9122755767364,131.21907084385478,132.495849609375,187344000,0.0,0.0
2025-05-23 00:00:00-04:00,129.67295354222074,132.3462040479136,128.83507041838283,130.95970153808594,198821300,0.0,0.0
2025-05-27 00:00:00-04:00,133.81252390577552,135.31873506532702,132.9746406768617,135.1591339111328,192953600,0.0,0.0
2025-05-28 00:00:00-04:00,135.68778777349254,136.9047198340945,134.4509017652276,134.47085571289062,304021100,0.0,0.0
2025-05-29 00:00:00-04:00,141.8921589021039,143.12904506361895,137.56308016740775,138.83985900878906,369241900,0.0,0.0
2025-05-30 00:00:00-04:00,138.37105052724368,139.26878048564038,132.5856374053386,134.7900848388672,333170900,0.0,0.0
2025-06-02 00:00:00-04:00,135.14916370580715,137.7725372671851,135.05937854437917,137.03440856933594,197663100,0.0,0.0
2025-06-03 00:00:00-04:00,138.43088175862894,141.64278269656361,137.60296789247522,140.86474609375,225578800,0.0,0.0
2025-06-04 00:00:00-04:00,141.83231333868676,142.03180718032695,139.18897047063936,141.56298828125,167120800,0.0,0.0
2025-06-05 00:00:00-04:00,141.8123566062966,143.63775490128222,138.48076233301106,139.63784790039062,231397900,0.0,0.0
2025-06-06 00:00:00-04:00,142.1515162209299,142.90961421188257,141.1540316815974,141.36351013183594,153986200,0.0,0.0
2025-06-09 00:00:00-04:00,142.8297985646697,144.63524295526028,141.58294302195193,142.27120971679688,185114500,0.0,0.0
2025-06-10 00:00:00-04:00,142.33106034435926,143.92702635161132,141.17397471532814,143.59786987304688,155881900,0.0,0.0
2025-06-11 00:00:00-04:00,144.25625056305435,144.6353258646159,141.52294776727436,142.48060607910156,167694000,0.01,0.0
2025-06-12 00:00:00-04:00,141.62270753548705,144.64529418945312,141.5030059559913,144.64529418945312,162365000,0.0,0.0
2025-06-13 00:00:00-04:00,142.13145812905782,143.2287733742275,140.50545582034982,141.62271118164062,180820600,0.0,0.0
2025-06-16 00:00:00-04:00,142.9993260342438,145.82238955213242,142.84968384945327,144.33604431152344,183133700,0.0,0.0
2025-06-17 00:00:00-04:00,144.13653073401778,144.8647406282524,143.42826095310537,143.76742553710938,139108000,0.0,0.0
2025-06-18 00:00:00-04:00,143.65770976302605,145.29369730081095,142.76988753620614,145.12411499023438,161494100,0.0,0.0
2025-06-20 00:00:00-04:00,145.09416929186932,145.84233449814036,142.30101614416546,143.4980926513672,242956200,0.0,0.0
2025-06-23 00:00:00-04:00,142.15140884759998,144.4258301714446,141.6825573691225,143.81732177734375,154308900,0.0,0.0
2025-06-24 00:00:00-04:00,145.20390562225958,147.59804349475166,145.1440548392029,147.53817749023438,187566100,0.0,0.0
2025-06-25 00:00:00-04:00,148.90483162044157,154.0721520137232,148.8948463426075,153.9324951171875,269146500,0.0,0.0
2025-06-26 00:00:00-04:00,155.59842060814296,156.33661581991106,153.6232685600938,154.64077758789062,198145700,0.0,0.0
2025-06-27 00:00:00-04:00,155.65826650868465,158.32174817747665,154.880175871103,157.3640899658203,263234500,0.0,0.0
2025-06-30 00:00:00-04:00,158.01248577811177,158.27185945851633,155.57846775508057,157.60350036621094,194580300,0.0,0.0
2025-07-01 00:00:00-04:00,155.90764810734902,156.81542555199195,151.1194029227986,152.9249725341797,213143600,0.0,0.0
2025-07-02 00:00:00-04:00,152.60576718743292,157.2144758260153,152.5957971297394,156.86532592773438,171224100,0.0,0.0
2025-07-03 00:00:00-04:00,157.98256705200242,160.58618269349765,157.3840439934681,158.9501953125,143716100,0.0,0.0
2025-07-07 00:00:00-04:00,157.81296409097388,158.92024910893554,156.95506745344088,157.85287475585938,140139000,0.0,0.0
2025-07-08 00:00:00-04:00,158.94022243433284,159.82804456030718,158.0025195823342,159.60858154296875,138133000,0.0,0.0
2025-07-09 00:00:00-04:00,160.82559421950873,164.01776272716893,160.76574343834326,162.48153686523438,183656400,0.0,0.0
2025-07-10 00:00:00-04:00,163.91802564623063,164.0975779997467,161.214648514871,163.6985626220703,167704100,0.0,0.0
2025-07-11 00:00:00-04:00,163.319494380175,167.4792915182188,163.07010595303956,164.5165557861328,193633300,0.0,0.0
2025-07-14 00:00:00-04:00,164.96544774793,165.08516454052796,161.62365204151925,163.66864013671875,136975800,0.0,0.0
2025-07-15 00:00:00-04:00,170.77121644956358,171.97824787505814,168.78607915204378,170.28240966796875,230627400,0.0,0.0
2025-07-16 00:00:00-04:00,170.64153593048928,171.32985042878116,168.4868162544787,170.95077514648438,158831500,0.0,0.0
2025-07-17 00:00:00-04:00,171.59918390717252,173.7339481189201,170.4120926228971,172.5767822265625,160841100,0.0,0.0
2025-07-18 00:00:00-04:00,173.21522225123383,173.8237306114437,170.841039596405,171.9882354736328,146456400,0.0,0.0
2025-07-21 00:00:00-04:00,172.32738268326037,172.95584631586675,170.58166390065136,170.9607391357422,123126100,0.0,0.0
2025-07-22 00:00:00-04:00,170.92082177764132,170.97070249948388,164.1773652525099,166.62136840820312,193114300,0.0,0.0
2025-07-23 00:00:00-04:00,169.1152862046913,170.84104993206878,167.55910478842375,170.3622283935547,154082200,0.0,0.0
2025-07-24 00:00:00-04:00,172.01816431437092,173.40476336343244,170.88095369299285,173.3149871826172,128984600,0.0,0.0
2025-07-25 00:00:00-04:00,173.18529303585547,174.29257821699642,172.53688923976992,173.0755615234375,122316800,0.0,0.0
2025-07-28 00:00:00-04:00,173.594294429185,176.56700011257405,173.54441370124516,176.31761169433594,140023500,0.0,0.0
2025-07-29 00:00:00-04:00,177.52464594674228,178.94117023690123,174.59183591750704,175.08062744140625,154077500,0.0,0.0
2025-07-30 00:00:00-04:00,176.07819353379378,179.4499298230835,175.60934208925488,178.83145141601562,174312200,0.0,0.0
2025-07-31 00:00:00-04:00,182.4525537970388,182.8515843840116,175.4996037416905,177.4348602294922,221685400,0.0,0.0
2025-08-01 00:00:00-04:00,173.6641186818972,176.1081221843386,170.47194991004753,173.29502868652344,204529000,0.0,0.0
2025-08-04 00:00:00-04:00,174.7315057215643,179.75916955634796,174.09307197712414,179.55966186523438,148174600,0.0,0.0
2025-08-05 00:00:00-04:00,179.18058718831315,179.81902093485988,175.46968627980374,177.82391357421875,156407600,0.0,0.0
2025-08-06 00:00:00-04:00,175.898641889325,179.4599006050506,175.81883576850015,178.9810791015625,137192300,0.0,0.0
2025-08-07 00:00:00-04:00,181.12583532286254,183.43018196887525,178.3626072705472,180.32778930664062,151878400,0.0,0.0
2025-08-08 00:00:00-04:00,181.10587113034643,182.85159004607542,179.95867528141937,182.2530517578125,123396700,0.0,0.0
2025-08-11 00:00:00-04:00,181.6046539661726,183.39026839012567,179.80905426349312,181.6146240234375,138323200,0.0,0.0
2025-08-12 00:00:00-04:00,182.51242163652668,184.02869221788941,179.0209838780724,182.71192932128906,145485700,0.0,0.0
2025-08-13 00:00:00-04:00,182.1732462738988,183.51994981646104,178.9112567337155,181.14576721191406,179871700,0.0,0.0
2025-08-14 00:00:00-04:00,179.3102712094187,182.57227595462552,179.02098734413144,181.57472229003906,129554000,0.0,0.0
2025-08-15 00:00:00-04:00,181.43506987144983,181.45500998578265,177.6044521364236,180.00856018066406,156602200,0.0,0.0
2025-08-18 00:00:00-04:00,180.15820389652,182.49247589603021,180.14821861780752,181.5647430419922,132008000,0.0,0.0
2025-08-19 00:00:00-04:00,181.98370991508045,182.0535459787435,175.06070018553257,175.2103271484375,185229200,0.0,0.0
2025-08-20 00:00:00-04:00,174.74148365399904,175.5694550698242,168.38707131580557,174.97091674804688,215142700,0.0,0.0
2025-08-21 00:00:00-04:00,174.42225404103465,176.46722675550242,173.38478976711397,174.5519256591797,140040900,0.0,0.0
2025-08-22 00:00:00-04:00,172.1877371490149,178.15310374912357,170.78118284108405,177.55458068847656,172789400,0.0,0.0
2025-08-25 00:00:00-04:00,177.91369740024777,181.46498591558236,176.13805314258047,179.3701171875,163012800,0.0,0.0
2025-08-26 00:00:00-04:00,179.61950918930867,181.94381103857447,178.37256711704984,181.32533264160156,168688200,0.0,0.0
2025-08-27 00:00:00-04:00,181.53480649120215,182.04356858750407,178.6618623689453,181.15574645996094,235518900,0.0,0.0
2025-08-28 00:00:00-04:00,180.3776517699909,184.01871637210735,175.9784366795831,179.72923278808594,281787800,0.0,0.0
2025-08-29 00:00:00-04:00,177.674269227683,177.71416467354967,172.72639675993378,173.75387573242188,243257900,0.0,0.0
2025-09-02 00:00:00-04:00,169.5841376854209,171.95832048388473,166.8109394751057,170.3622283935547,231164900,0.0,0.0
2025-09-03 00:00:00-04:00,170.64153226145447,171.9882358353705,168.46687251736884,170.20260620117188,164424900,0.0,0.0
2025-09-04 00:00:00-04:00,170.15273668191406,171.43957421789176,168.99557077235426,171.2400665283203,141670100,0.0,0.0
2025-09-05 00:00:00-04:00,167.61894341349083,168.61649709218636,163.66863936987482,166.61141967773438,224441400,0.0,0.0
2025-09-08 00:00:00-04:00,167.140134281122,170.54179623040895,166.94062657490792,167.8982696533203,163769100,0.0,0.0
2025-09-09 00:00:00-04:00,168.6763418810487,170.5617176578999,166.3320999523285,170.34225463867188,157548400,0.0,0.0
2025-09-10 00:00:00-04:00,176.2078799889887,178.85139113084074,175.04074401948455,176.8961944580078,226852000,0.0,0.0
2025-09-11 00:00:00-04:00,179.25053151190707,179.84910351407555,176.05818301908454,176.7465362548828,151159300,0.01,0.0
2025-09-12 00:00:00-04:00,177.3451207317183,178.1731387966239,176.02826832324598,177.39500427246094,124911000,0.0,0.0
2025-09-15 00:00:00-04:00,175.25011923668302,178.4225264520066,174.0928881658194,177.3251495361328,147061600,0.0,0.0
2025-09-16 00:00:00-04:00,176.5769489507663,177.0757538913052,173.96321593348455,174.46202087402344,140737800,0.0,0.0
2025-09-17 00:00:00-04:00,172.22736966160153,172.78602876073558,168.00748411706098,169.8829803466797,211843800,0.0,0.0
2025-09-18 00:00:00-04:00,173.56417834624654,176.67673180432445,172.54662713675344,175.81878662109375,191763300,0.0,0.0
2025-09-19 00:00:00-04:00,175.34988368438943,177.65435995090164,174.76128231706025,176.2477264404297,237182100,0.0,0.0
2025-09-22 00:00:00-04:00,174.8810364137678,184.1089289332547,174.29245016588177,183.17117309570312,269637000,0.0,0.0
2025-09-23 00:00:00-04:00,181.53508786527138,181.98400930831284,175.78885990523673,178.0035400390625,192559600,0.0,0.0
2025-09-24 00:00:00-04:00,179.34032288959435,179.35029350783142,174.9807575937583,176.54701232910156,143564100,0.0,0.0
2025-09-25 00:00:00-04:00,174.06298508983102,179.82916955782613,172.71622074990066,177.26531982421875,191586700,0.0,0.0
2025-09-26 00:00:00-04:00,177.74415791919978,179.3403398828169,174.51189629291883,177.7641143798828,148573700,0.0,0.0
2025-09-29 00:00:00-04:00,179.99874009736317,183.56021461148362,179.8890176259668,181.4153594970703,193063500,0.0,0.0
2025-09-30 00:00:00-04:00,181.64480411708308,186.9022123120565,181.04623211551163,186.13404846191406,236981000,0.0,0.0
2025-10-01 00:00:00-04:00,184.7972757932568,187.69033860903804,183.46046686832446,186.79249572753906,173844900,0.0,0.0
2025-10-02 00:00:00-04:00,189.146847340247,190.59337868298996,187.6105195355423,188.43853759765625,136805800,0.0,0.0
2025-10-03 00:00:00-04:00,188.7378093314507,189.90501102540352,184.93691825112066,187.1715545654297,137596900,0.0,0.0
2025-10-06 00:00:00-04:00,185.05665991394912,186.78252099752746,182.8918479831437,185.0965576171875,157678100,0.0,0.0
2025-10-07 00:00:00-04:00,185.78489078203316,188.6081286768816,183.56022492696124,184.5977325439453,140088000,0.0,0.0
2025-10-08 00:00:00-04:00,186.12408236678675,189.14683908131633,186.09414006589398,188.6580047607422,130168900,0.0,0.0
2025-10-09 00:00:00-04:00,191.77054228398893,194.83321191134357,190.60334055524348,192.1097412109375,182997200,0.0,0.0
2025-10-10 00:00:00-04:00,193.04749823427522,195.15245586263575,181.61489659616785,182.7222442626953,268774400,0.0,0.0
2025-10-13 00:00:00-04:00,187.52074924115996,189.6556339904095,185.51555866051012,187.8699188232422,153482800,0.0,0.0
2025-10-14 00:00:00-04:00,184.32839277968645,184.35831986008523,179.2705030798172,179.59971618652344,205641400,0.0,0.0
2025-10-15 00:00:00-04:00,184.35831474003746,184.42813951825556,176.86625456034105,179.4001922607422,214450500,0.0,0.0
2025-10-16 00:00:00-04:00,181.79443681084305,182.84193018690272,179.34032512988762,181.3754425048828,179723300,0.0,0.0
2025-10-17 00:00:00-04:00,179.74934657743225,183.65999082680747,179.3203816221287,182.78208923339844,173135200,0.0,0.0
2025-10-20 00:00:00-04:00,182.69231029505525,184.75735492260156,181.2956472677441,182.20347595214844,128544700,0.0,0.0
2025-10-21 00:00:00-04:00,182.35311411361405,182.35311411361405,179.37027013728058,180.72702026367188,124240200,0.0,0.0
2025-10-22 00:00:00-04:00,180.7070509305708,183.00155667206866,176.33751483638122,179.84910583496094,162249600,0.0,0.0
2025-10-23 00:00:00-04:00,179.988777912505,182.59254038327154,179.3602787988416,181.72462463378906,111363700,0.0,0.0
2025-10-24 00:00:00-04:00,183.40060514170608,187.02193404421294,183.06142142022418,185.8148193359375,131296700,0.0,0.0
2025-10-27 00:00:00-04:00,189.5359184602369,191.54110896467577,187.9796341631504,191.03233337402344,153452700,0.0,0.0
2025-10-28 00:00:00-04:00,192.58859211843296,202.66444286407344,191.45131745385083,200.5495147705078,297986200,0.0,0.0
2025-10-29 00:00:00-04:00,207.482921843539,211.6828666070652,204.29057291407037,206.545166015625,308829600,0.0,0.0
2025-10-30 00:00:00-04:00,204.65966800141675,205.66726375798942,200.9286166610889,202.4050750732422,178864400,0.0,0.0
2025-10-31 00:00:00-04:00,205.95656932325562,207.4729406961805,201.5870481318289,202.00604248046875,179802200,0.0,0.0
2025-11-03 00:00:00-05:00,207.58267267525224,210.83487551397138,205.06869143040765,206.3855438232422,180267300,0.0,0.0
2025-11-04 00:00:00-05:00,202.51479915904252,203.48248192945988,197.4569099225941,198.21510314941406,188919300,0.0,0.0
2025-11-05 00:00:00-05:00,198.29492759193732,202.43500266122365,194.18476438007542,194.74343872070312,171350300,0.0,0.0
2025-11-06 00:00:00-05:00,195.9505570232203,197.14768599494536,185.93455918559198,187.6304931640625,223029800,0.0,0.0
2025-11-07 00:00:00-05:00,184.45805485831954,187.86989393508227,178.48238160939712,187.70028686523438,264942300,0.0,0.0
2025-11-10 00:00:00-05:00,194.6436788693004,199.46213677715232,193.32682642239038,198.5742645263672,198897100,0.0,0.0
2025-11-11 00:00:00-05:00,194.69355355890158,194.9529266552934,190.84277869998112,192.69833374023438,176483300,0.0,0.0
2025-11-12 00:00:00-05:00,195.2522010776849,195.42179292552225,190.67317551912151,193.3367919921875,154935300,0.0,0.0
2025-11-13 00:00:00-05:00,190.59337913278358,190.9824463944715,183.41059072037282,186.41339111328125,207423100,0.0,0.0
2025-11-14 00:00:00-05:00,182.42294356130517,190.55345800755302,180.14839424900484,189.71546936035156,186591900,0.0,0.0
2025-11-17 00:00:00-05:00,185.52552307898492,188.54828000089623,183.87947275520656,186.15402221679688,173628900,0.0,0.0
2025-11-18 00:00:00-05:00,182.94172058465782,184.3583249108488,179.22062444838815,180.92654418945312,213598900,0.0,0.0
2025-11-19 00:00:00-05:00,184.3483273978252,187.41099710874653,182.39302051116815,186.07420349121094,247246400,0.0,0.0
2025-11-20 00:00:00-05:00,195.4816571057099,195.53154064523628,179.42014682895694,180.208251953125,343504800,0.0,0.0
2025-11-21 00:00:00-05:00,180.80682891210233,184.11888595894638,172.51667761994415,178.4524688720703,346926200,0.0,0.0
2025-11-24 00:00:00-05:00,179.0610093294625,183.06141961318156,176.0581937395723,182.1136932373047,256618300,0.0,0.0
2025-11-25 00:00:00-05:00,174.49195573568102,177.73418799379976,169.1447659257062,177.39500427246094,320600300,0.0,0.0
2025-11-26 00:00:00-05:00,181.1958831941039,182.4728225932506,177.81398638784032,179.8291473388672,183852000,0.0,0.0
2025-11-28 00:00:00-05:00,178.5821404669205,178.86147001761242,176.07814512953246,176.5769500732422,121332800,0.0,0.0
2025-12-01 00:00:00-05:00,174.3423041351479,179.8690716163194,173.2648835948944,179.48997497558594,188131000,0.0,0.0
2025-12-02 00:00:00-05:00,181.32557695606172,185.2162648499111,179.56978894419797,181.02630615234375,182632200,0.0,0.0
2025-12-03 00:00:00-05:00,180.64722628696225,182.01394715864362,178.68193330759738,179.16078186035156,165138000,0.0,0.0
2025-12-04 00:00:00-05:00,181.19598816136636,184.08922700452197,179.53987513877786,182.95188903808594,167364900,0.01,0.0
2025-12-05 00:00:00-05:00,183.46070200471706,184.22890867632069,180.48766317737477,181.98416137695312,143971100,0.0,0.0
2025-12-08 00:00:00-05:00,182.213626289633,187.56111397793046,181.9741810893209,185.11683654785156,204378100,0.0,0.0
2025-12-09 00:00:00-05:00,185.12679644575,185.2864265695677,182.89203560496765,184.53817749023438,144719700,0.0,0.0
2025-12-10 00:00:00-05:00,184.53819180758595,185.0469957406681,181.61502392815055,183.35096740722656,162785400,0.0,0.0
2025-12-11 00:00:00-05:00,179.85912243695617,180.89670300875093,176.20766331092784,180.50759887695312,182136600,0.0,0.0
2025-12-12 00:00:00-05:00,180.68718311570447,182.39319766595756,174.21232912082112,174.6114044189453,204274900,0.0,0.0
2025-12-15 00:00:00-05:00,177.52457493122958,178.00345003705766,174.62136510726435,175.87841796875,164775600,0.0,0.0
2025-12-16 00:00:00-05:00,175.84850127733236,178.0733061224419,174.4916756985292,177.3050994873047,148588100,0.0,0.0
2025-12-17 00:00:00-05:00,175.68888113429998,175.71880987812392,169.91239000563186,170.54092407226562,222775500,0.0,0.0
2025-12-18 00:00:00-05:00,174.1225483861358,175.7387615308714,171.41888356310693,173.73345947265625,176096000,0.0,0.0
2025-12-19 00:00:00-05:00,176.25756723043006,181.02640724251643,175.9283357789888,180.56748962402344,324925900,0.0,0.0
2025-12-22 00:00:00-05:00,183.49062822521734,183.73007341419415,181.9243013805983,183.26116943359375,129064400,0.0,0.0
2025-12-23 00:00:00-05:00,182.54285710968043,188.88801027625055,182.47301321780614,188.76829528808594,174873600,0.0,0.0
2025-12-24 00:00:00-05:00,187.50124372172942,188.4689804086018,186.154389299292,188.169677734375,65528500,0.0,0.0
2025-12-26 00:00:00-05:00,189.47662851874142,192.240166195598,187.5611125998212,190.085205078125,139740300,0.0,0.0
2025-12-29 00:00:00-05:00,187.2717899684254,188.31932652162573,185.47598909796272,187.7805938720703,120006100,0.0,0.0
2025-12-30 00:00:00-05:00,187.8005508490403,188.5487999407664,186.49359631469858,187.1021728515625,97687300,0.0,0.0
2025-12-31 00:00:00-05:00,189.12744593978846,190.11512498868174,186.05463453876877,186.06460571289062,120100500,0.0,0.0
2026-01-02 00:00:00-05:00,189.39681300359115,192.47959571470966,187.8204997023152,188.4091339111328,148240500,0.0,0.0
2026-01-05 00:00:00-05:00,191.31233377676458,193.1779786425506,185.7154296257417,187.6808319091797,183529700,0.0,0.0
2026-01-06 00:00:00-05:00,190.07522846701318,191.72137039337454,186.3838692947835,186.80288696289062,176862600,0.0,0.0
2026-01-07 00:00:00-05:00,188.12978540958392,190.9232365533545,186.12446806753155,188.66851806640625,153543200,0.0,0.0
2026-01-08 00:00:00-05:00,188.66850725549676,189.10748247384038,183.2811201033086,184.60800170898438,172457000,0.0,0.0
2026-01-09 00:00:00-05:00,184.64792389684447,185.9049768874807,183.2412119543349,184.42843627929688,131327500,0.0,0.0
2026-01-12 00:00:00-05:00,182.79226917353867,186.6831584288149,182.59273912358015,184.5082550048828,137968500,0.0,0.0
2026-01-13 00:00:00-05:00,184.5681140987238,187.6708543554723,182.97184323887342,185.376220703125,160128900,0.0,0.0
2026-01-14 00:00:00-05:00,183.88970125566945,184.02937380837906,180.37791464347094,182.7124481201172,159586100,0.0,0.0
2026-01-15 00:00:00-05:00,186.06459276572707,189.25711892672572,185.89499147845774,186.61331176757812,206188600,0.0,0.0
2026-01-16 00:00:00-05:00,188.63857958929228,189.99540517049002,185.6455833269296,185.79522705078125,187967200,0.0,0.0
2026-01-20 00:00:00-05:00,181.4753422141945,181.95423259865512,177.1953640623503,177.654296875,223345300,0.0,0.0
2026-01-21 00:00:00-05:00,178.6320081827799,184.94723253133864,177.9835164834521,182.8920440673828,200381000,0.0,0.0
2026-01-22 00:00:00-05:00,184.31869154642928,185.7353746560278,183.5005985718231,184.40847778320312,139636600,0.0,0.0
2026-01-23 00:00:00-05:00,187.06227125943187,189.15737478680413,186.38386606278428,187.23187255859375,142748100,0.0,0.0
2026-01-26 00:00:00-05:00,186.7230748442759,188.6784906596197,185.55580805974404,186.03468322753906,124799600,0.0,0.0
2026-01-27 00:00:00-05:00,186.80288446054914,189.55643562401056,185.2664711415707,188.07989501953125,143711600,0.0,0.0
2026-01-28 00:00:00-05:00,190.82345963399504,191.9009400606663,189.39679023846315,191.0728759765625,148552700,0.0,0.0
2026-01-29 00:00:00-05:00,190.89331059974717,193.0283141326731,185.62563804704834,192.06057739257812,171764400,0.0,0.0
2026-01-30 00:00:00-05:00,190.76362243793778,194.0359639826301,189.0276790286862,190.68380737304688,179489500,0.0,0.0
2026-02-02 00:00:00-05:00,186.7629659025267,189.8557348322644,184.44839001538193,185.1766815185547,165794100,0.0,0.0
2026-02-03 00:00:00-05:00,185.8052108647954,185.8351396091497,175.81857039871747,179.91897583007812,204019600,0.0,0.0
2026-02-04 00:00:00-05:00,179.04105715530034,179.16077214377114,171.50867959294058,173.78335571289062,207014100,0.0,0.0
2026-02-05 00:00:00-05:00,174.52161198787914,176.40721432559468,170.63072277473634,171.47874450683594,206312900,0.0,0.0
2026-02-06 00:00:00-05:00,176.27751351666032,186.56344202919422,174.19239634754115,184.97715759277344,231346200,0.0,0.0
2026-02-09 00:00:00-05:00,183.82983865020864,193.20790343822367,183.52056478242866,189.59634399414062,196387400,0.0,0.0
2026-02-10 00:00:00-05:00,190.93321971968697,192.0306425866914,187.6808205923615,188.09983825683594,136764800,0.0,0.0
2026-02-11 00:00:00-05:00,192.0007297023972,192.80883635229745,188.32932783046314,189.60633850097656,144192700,0.0,0.0
2026-02-12 00:00:00-05:00,192.5793648877844,193.1580126884611,186.07458174632154,186.5035858154297,189932500,0.0,0.0
2026-02-13 00:00:00-05:00,187.04230481693136,187.0622623874058,181.16605622339495,182.38320922851562,161888000,0.0,0.0
2026-02-17 00:00:00-05:00,181.3256935584433,186.71308084037668,178.76168607280786,184.53817749023438,162276900,0.0,0.0
2026-02-18 00:00:00-05:00,188.3093443160685,189.92555739322245,186.3239846890322,187.5411376953125,164749100,0.0,0.0
2026-02-19 00:00:00-05:00,186.62329889395997,187.9900957055448,185.22657333636724,187.46133422851562,126554500,0.0,0.0
2026-02-20 00:00:00-05:00,186.13446388219373,189.88568076730476,185.50592973146237,189.3768768310547,178422300,0.0,0.0
2026-02-23 00:00:00-05:00,190.9531547742145,193.49720463285962,189.13741163084848,191.10281372070312,171584800,0.0,0.0
2026-02-24 00:00:00-05:00,191.04296985904048,193.31764595479845,186.96250644177093,192.39979553222656,175123600,0.0,0.0
2026-02-25 00:00:00-05:00,193.9960453222018,197.16862939564908,193.33758246616242,195.10345458984375,250637100,0.0,0.0
2026-02-26 00:00:00-05:00,193.81646526905493,193.8364076167612,183.88969739169633,184.45835876464844,360807900,0.0,0.0
2026-02-27 00:00:00-05:00,180.82687141264745,182.16373952566906,175.96824531148394,176.77635192871094,311636500,0.0,0.0
2026-03-02 00:00:00-05:00,174.60143816018197,183.0317240302905,174.23230678711255,182.0540008544922,209095300,0.0,0.0
2026-03-03 00:00:00-05:00,178.0732983803544,180.47766036606842,176.50695643346228,179.62965393066406,178099400,0.0,0.0
2026-03-04 00:00:00-05:00,180.01876499488523,184.26881453838726,179.63964723402094,182.61268615722656,177731200,0.0,0.0
2026-03-05 00:00:00-05:00,180.74703993972415,183.63029235671348,177.46472744924466,182.91197204589844,198779700,0.0,0.0
2026-03-06 00:00:00-05:00,179.4201653790109,182.33334690173646,176.40722643712078,177.40489196777344,189021900,0.0,0.0
2026-03-09 00:00:00-04:00,176.4171820751478,182.48298979408452,175.1501427003192,182.2235870361328,177213600,0.0,0.0
2026-03-10 00:00:00-04:00,181.97416098047233,186.00473767957752,181.58507208744064,184.33863830566406,179118500,0.0,0.0
2026-03-11 00:00:00-04:00,185.4860219488843,187.1921136401388,184.02934488988058,185.60574340820312,145280400,0.01,0.0
2026-03-12 00:00:00-04:00,183.63027948516628,184.51824924312825,181.33552155955923,182.72235107421875,155762700,0.0,0.0
2026-03-13 00:00:00-04:00,184.49827615888313,185.6656060713691,179.5296376335348,179.83892822265625,160988400,0.0,0.0
2026-03-16 00:00:00-04:00,182.55273992235968,188.44926587891726,180.9962999229416,182.8021697998047,217307400,0.0,0.0
2026-03-17 00:00:00-04:00,184.63795767039014,184.97717862722422,181.26566108165355,181.5150909423828,182497800,0.0,0.0
2026-03-18 00:00:00-04:00,182.06384475172882,182.96180140975886,179.91875397930713,179.98858642578125,156683100,0.0,0.0
2026-03-19 00:00:00-04:00,177.60403750119184,179.56954607641802,175.38909905828712,178.1527862548828,170968500,0.0,0.0
2026-03-20 00:00:00-04:00,177.59405294207926,177.85345450506617,171.32837633709812,172.30613708496094,241323500,0.0,0.0
2026-03-23 00:00:00-04:00,176.85574153065542,177.96321071223454,174.36144294367455,175.23944091796875,182836300,0.0,0.0
2026-03-24 00:00:00-04:00,174.4312942297872,175.81812366395545,173.58322660302642,174.80044555664062,147667800,0.0,0.0
2026-03-25 00:00:00-04:00,176.69612335614488,180.8067226806179,176.44669348987364,178.2725067138672,162602100,0.0,0.0
2026-03-26 00:00:00-04:00,175.66847416549638,176.10745794358192,170.74970926821888,170.8494873046875,186152200,0.0,0.0
2026-03-27 00:00:00-04:00,169.61229451028825,170.58008352629554,166.62910808502988,167.13795471191406,196212700,0.0,0.0
2026-03-30 00:00:00-04:00,168.3950875250076,169.0635577295173,163.89537828689438,164.79331970214844,185627000,0.0,0.0
2026-03-31 00:00:00-04:00,166.58922503111532,174.22177306603788,166.57925331681818,174.0022735595703,226181300,0.0,0.0
2026-04-01 00:00:00-04:00,175.59862725595661,176.96549806235143,174.3514779146501,175.3491973876953,168132000,0.0,0.0
2026-04-02 00:00:00-04:00,171.7873183615289,177.0852211444685,170.9791680862979,176.98544311523438,143143200,0.0,0.0
2026-04-06 00:00:00-04:00,176.75597747742694,177.3845303646084,175.35916114415525,177.23487854003906,107564300,0.0,0.0
2026-04-07 00:00:00-04:00,175.32922705160684,177.8235255680002,173.26395579650787,177.69383239746094,132534900,0.0,0.0
2026-04-08 00:00:00-04:00,184.079243714486,184.83750503722598,179.8888249511496,181.66476440429688,147732700,0.0,0.0
2026-04-09 00:00:00-04:00,181.42529878487736,183.6601958045732,180.20807985372045,183.49058532714844,116428500,0.0,0.0
2026-04-10 00:00:00-04:00,183.88967366981893,189.56669990817062,183.87970195572368,188.1998291015625,160459500,0.0,0.0
2026-04-13 00:00:00-04:00,185.605746824658,189.2274732756209,185.3164148846483,188.87826538085938,133648200,0.0,0.0
2026-04-14 00:00:00-04:00,190.40477641072036,196.0618438720703,190.33494396561244,196.0618438720703,161307000,0.0,0.0
2026-04-15 00:00:00-04:00,196.09178511161633,199.94298301571828,195.2936216855987,198.41647338867188,185338400,0.0,0.0
2026-04-16 00:00:00-04:00,196.97974400923295,199.39423847906178,195.36344336942167,197.8976593017578,134012900,0.0,0.0
2026-04-17 00:00:00-04:00,199.44410763257105,201.2400056483541,198.8155547450397,201.2200469970703,160324400,0.0,0.0
2026-04-20 00:00:00-04:00,199.52392392325544,201.70893187328167,197.38880498867078,201.59918212890625,119381400,0.0,0.0
2026-04-21 00:00:00-04:00,201.66904795828867,202.28762917830338,198.54618104306965,199.42417907714844,107945300,0.0,0.0
2026-04-22 00:00:00-04:00,200.53164182940822,202.03819274902344,198.54617460274403,202.03819274902344,107501000,0.0,0.0
2026-04-23 00:00:00-04:00,201.99828375930824,203.3651545152774,196.77022843278436,199.18470764160156,113561800,0.0,0.0
2026-04-24 00:00:00-04:00,199.50398270942756,210.46890943516505,199.35431566144254,207.79502868652344,214134400,0.0,0.0
2026-04-27 00:00:00-04:00,209.17187844164343,216.33551207209098,206.90706623150768,216.1160125732422,187172400,0.0,0.0
2026-04-28 00:00:00-04:00,209.01225288404052,214.2402930542568,207.72518626919629,212.68385314941406,180275400,0.0,0.0
2026-04-29 00:00:00-04:00,212.2149257168926,212.23488436877426,207.10660696252424,208.77279663085938,123711800,0.0,0.0
2026-04-30 00:00:00-04:00,209.45124259423534,209.82040915320695,198.24685712515335,199.11488342285156,225239200,0.0,0.0
2026-05-01 00:00:00-04:00,200.8209691272831,202.5370477944956,196.67045257290908,197.99742126464844,128647000,0.0,0.0
2026-05-04 00:00:00-04:00,199.04502180842945,201.2699318245734,194.29588290907526,198.02734375,125368100,0.0,0.0
2026-05-05 00:00:00-04:00,198.84548202478717,199.7833407086998,195.58293528206713,196.05186462402344,113406600,0.0,0.0
2026-05-06 00:00:00-04:00,199.43413852494058,207.7950323152332,198.15705885791613,207.3560333251953,188362800,0.0,0.0
2026-05-07 00:00:00-04:00,207.86487247229027,213.7115092245668,206.02907228582575,211.01766967773438,168307900,0.0,0.0
2026-05-08 00:00:00-04:00,212.5441790763045,217.30330524675068,212.40449895841255,214.709228515625,136421400,0.0,0.0
2026-05-11 00:00:00-04:00,213.55186573785767,221.79303819063418,213.40221390900197,218.93955993652344,160685800,0.0,0.0
2026-05-12 00:00:00-04:00,218.05159434962442,223.23973257586303,214.42986778297353,220.27650451660156,159176600,0.0,0.0
2026-05-13 00:00:00-04:00,224.41703053540263,227.32039781394542,221.0647077692387,225.3149871826172,150405400,0.0,0.0
2026-05-14 00:00:00-04:00,229.32582552778115,236.00055597235212,228.77707677625682,235.202392578125,180782900,0.0,0.0
2026-05-15 00:00:00-04:00,229.23602944473367,230.9720668751014,223.7286287034134,224.80616760253906,180977600,0.0,0.0
2026-05-18 00:00:00-04:00,229.34577348371204,229.4754818886306,217.8719993892805,221.81300354003906,146280900,0.0,0.0
2026-05-19 00:00:00-04:00,219.11914008419038,223.96805720569674,217.41304835521052,220.1068878173828,140948200,0.0,0.0
2026-05-20 00:00:00-04:00,222.6710257508039,225.61431038954527,219.9971448577806,222.9603729248047,184201600,0.0,0.0
2026-05-21 00:00:00-04:00,221.78305837384474,226.8814055684356,217.43300079554024,219.0093994140625,203381800,0.0,0.0
2026-05-22 00:00:00-04:00,220.39621757095847,220.50596731800164,214.3101381389001,214.83892822265625,169275700,0.0,0.0
2026-05-26 00:00:00-04:00,216.04617181279934,217.68243116855118,211.5165320236786,214.37001037597656,187202600,0.0,0.0
2026-05-27 00:00:00-04:00,213.63168066177133,213.66161102691768,208.30386252985457,212.1151580810547,167601200,0.0,0.0
2026-05-28 00:00:00-04:00,210.79815519844968,215.02849096688144,210.73829446983814,213.76138305664062,143996000,0.0,0.0
2026-05-29 00:00:00-04:00,214.09065053210412,217.36316924965476,210.64852132770383,210.6584930419922,289410600,0.0,0.0
2026-06-01 00:00:00-04:00,215.23801892090273,224.35717434911126,215.20808855445495,223.8483428955078,212850700,0.0,0.0
2026-06-02 00:00:00-04:00,226.66188583823322,231.75026086454594,220.84519513709748,222.3118438720703,193362900,0.0,0.0
2026-06-03 00:00:00-04:00,221.2143597561905,222.31185725112735,214.02079575535723,214.26025390625,160907000,0.0,0.0
2026-06-04 00:00:00-04:00,213.67091279390368,221.35231998810906,210.73419644348996,218.4156036376953,169022200,0.25,0.0
2026-06-05 00:00:00-04:00,214.2902104723603,214.62982678346356,204.10161444712602,204.87075805664062,219655500,0.0,0.0
2026-06-08 00:00:00-04:00,209.94507132882276,210.23475572682116,205.76975069388217,208.40679931640625,138372800,0.0,0.0
2026-06-09 00:00:00-04:00,210.3845825512031,211.16370951624515,199.11719156565087,207.95730590820312,180962500,0.0,0.0
2026-06-10 00:00:00-04:00,204.20149632565034,206.98838641050182,199.696542748819,200.19598388671875,161746600,0.0,0.0
2026-06-11 00:00:00-04:00,201.26479475008583,205.43013200106668,199.31696212361035,204.64100646972656,158643200,0.0,0.0
2026-06-12 00:00:00-04:00,204.6310298517525,206.83856645475237,203.21261880599855,204.96066284179688,112001800,0.0,0.0
2026-06-15 00:00:00-04:00,208.68648640498938,212.47225882321928,208.10713284720606,212.21253967285156,149936700,0.0,0.0
2026-06-16 00:00:00-04:00,210.94395209283806,211.25361840198772,207.05830064217733,207.1781768798828,125694100,0.0,0.0
2026-06-17 00:00:00-04:00,208.29691745433288,208.9761653200819,202.8530121596522,204.42124938964844,128363500,0.0,0.0
2026-06-18 00:00:00-04:00,207.09826842291386,211.1537281092123,206.26919428756833,210.4545135498047,241272000,0.0,0.0
2026-06-22 00:00:00-04:00,211.2036686200953,213.7508214450341,207.48782537372824,208.41677856445312,122041400,0.0,0.0
2026-06-23 00:00:00-04:00,201.94403040148535,203.54224815949766,199.77645766483005,199.81640625,153496200,0.0,0.0
2026-06-24 00:00:00-04:00,199.89631590195674,201.44458647582786,196.36027935647695,198.77757263183594,151810700,0.0,0.0
2026-06-25 00:00:00-04:00,199.85637045714446,200.5755669254449,191.9152592982058,195.52122497558594,149550000,0.0,0.0
2026-06-26 00:00:00-04:00,192.90414096411192,195.33143282930595,191.0062707295152,192.31480407714844,179304100,0.0,0.0
2026-06-29 00:00:00-04:00,193.63333194293918,195.96071419295149,189.58785574691487,194.7520751953125,148835700,0.0,0.0
2026-06-30 00:00:00-04:00,197.0195429632178,200.4057532237791,194.89191886651452,199.86634826660156,166476700,0.0,0.0
2026-07-01 00:00:00-04:00,195.98069896251877,199.62662840490702,193.23377271109229,197.35916137695312,146147600,0.0,0.0
2026-07-02 00:00:00-04:00,196.9196593659626,199.8363939026278,192.1350197738411,194.61224365234375,142068700,0.0,0.0
2026-07-06 00:00:00-04:00,194.20269428466304,197.32920075051607,193.77318221313826,195.33143615722656,108999000,0.0,0.0
2026-07-07 00:00:00-04:00,192.15498377986222,198.18824142626735,190.92636281467173,196.7098846435547,124154600,0.0,0.0
2026-07-08 00:00:00-04:00,194.9618356993413,204.93069180759116,194.84197470333905,203.891845703125,147419100,0.0,0.0
2026-07-09 00:00:00-04:00,204.23147485952867,204.36131918975943,198.73762239526957,202.5533447265625,132037400,0.0,0.0
2026-07-10 00:00:00-04:00,201.7742207048944,210.7641612313501,201.69430829342895,210.72421264648438,148421000,0.0,0.0
2026-07-13 00:00:00-04:00,208.3069001369788,210.33464515051216,202.77309911383117,203.30250549316406,121411000,0.0,0.0
2026-07-14 00:00:00-04:00,207.96729575339148,212.31243993744155,203.57221964678251,211.5632781982422,124379600,0.0,0.0
2026-07-15 00:00:00-04:00,211.7230919717581,213.57101502024952,205.80969553973085,212.26248168945312,124797200,0.0,0.0
2026-07-16 00:00:00-04:00,209.93509060438328,210.84407715298516,205.61992700554663,207.16818237304688,122986100,0.0,0.0
2026-07-17 00:00:00-04:00,202.41350482950477,206.41901728963356,197.74872640584337,202.58331298828125,144281900,0.0,0.0
2026-07-20 00:00:00-04:00,205.63989694335598,207.50781723343968,202.05391309694542,203.05279541015625,88701500,0.0,0.0
2026-07-21 00:00:00-04:00,207.30802440628602,208.4167843613107,203.78197113093626,207.0583038330078,108685600,0.0,0.0
2026-07-22 00:00:00-04:00,205.57996827489498,214.15038042761168,204.72092886821054,211.82298278808594,137645600,0.0,0.0
2026-07-23 00:00:00-04:00,209.22588688656515,210.63429930291466,205.72979894313582,208.5266571044922,110505300,0.0,0.0
2026-07-24 00:00:00-04:00,207.21812923496972,211.6731509810223,204.5810805834776,206.6088104248047,114836800,0.0,0.0
2026-07-27 00:00:00-04:00,207.96729627325774,208.51668459839084,195.22156333884286,196.2903594970703,154353700,0.0,0.0
2026-07-28 00:00:00-04:00,194.78204700134697,198.47790843456414,192.52457850774027,196.789794921875,134111500,0.0,0.0
2026-07-29 00:00:00-04:00,195.63110696844683,196.84974460884015,189.79762268066406,189.79762268066406,147680800,0.0,0.0
2026-07-30 00:00:00-04:00,193.23377181769484,197.02952748682713,191.3059363552755,194.82199096679688,129010200,0.0,0.0
2026-07-31 00:00:00-04:00,198.2182038580375,201.77422236802423,194.73209918257555,200.52561950683594,139961200,0.0,0.0
2026-08-03 00:00:00-04:00,197.46904862701152,208.50670133078404,196.62999113475112,206.40904235839844,128406900,0.0,0.0
2026-08-04 00:00:00-04:00,211.06382570110384,212.82185300096492,208.8163406042335,211.70310974121094,134922000,0.0,0.0
2026-08-05 00:00:00-04:00,216.6176127852948,221.9716224388697,216.15812022814887,218.9749755859375,158187400,0.0,0.0
2026-08-06 00:00:00-04:00,221.28239358061882,223.38005249670454,216.75745800384053,218.7452392578125,113940600,0.0,0.0
2026-08-07 00:00:00-04:00,221.29237770419127,224.50877992471257,220.41337164588714,223.70968627929688,105669400,0.0,0.0
2026-08-10 00:00:00-04:00,223.15029107269072,223.88946943306019,216.5277120448001,217.3068389892578,115846600,0.0,0.0
2026-08-11 00:00:00-04:00,221.92167541427946,221.9516406634887,215.95834695389817,217.25689697265625,101273100,0.0,0.0
2026-08-12 00:00:00-04:00,220.7929293559802,224.84840415873398,219.95387191061064,223.8395233154297,108783600,0.0,0.0
2026-08-13 00:00:00-04:00,224.80845001468583,226.97602279610956,223.45996804263754,225.04818725585938,98867200,0.0,0.0
2026-08-14 00:00:00-04:00,226.51654155338588,227.23573802273873,224.24907448357243,224.90834045410156,75680900,0.0,0.0
2026-08-17 00:00:00-04:00,225.72741618855906,227.66525027466162,224.60867289832842,224.7584991455078,93678700,0.0,0.0
2026-08-18 00:00:00-04:00,220.20359791537197,221.39227027986857,218.44557057093272,219.49440002441406,103128200,0.0,0.0
2026-08-19 00:00:00-04:00,221.4222404106533,222.62089613745684,216.51772459764655,217.31683349609375,96797300,0.0,0.0
2026-08-20 00:00:00-04:00,218.1159423024499,219.6142657707553,215.41896310784705,216.60763549804688,92457000,0.0,0.0
2026-08-21 00:00:00-04:00,218.17587248780362,218.49552214328025,214.26025565862156,214.48001098632812,98869300,0.0,0.0
2026-08-24 00:00:00-04:00,215.28910206110334,215.34903256074918,207.01835779182306,208.24697875976562,135187300,0.0,0.0
2026-08-25 00:00:00-04:00,210.79412790131315,214.48998931653267,209.87515802586688,212.81187438964844,122309000,0.0,0.0
2026-08-26 00:00:00-04:00,212.40232405945306,213.3612577394914,208.99613188036045,209.4256591796875,179900000,0.0,0.0
2026-08-27 00:00:00-04:00,222.61090164325523,230.21239627098788,220.6530857022795,227.7251739501953,298909800,0.0,0.0
2026-08-28 00:00:00-04:00,227.10587153371227,229.00374173344596,216.56766062888835,217.3068389892578,195116400,0.0,0.0
2026-08-31 00:00:00-04:00,218.62536478578363,221.05265670783686,215.96834944345454,220.53323364257812,124702700,0.0,0.0
2026-09-01 00:00:00-04:00,216.50774446342592,220.1636574397174,214.8595947199138,217.1969757080078,109756200,0.0,0.0
2026-09-02 00:00:00-04:00,218.5454508199983,227.6952163087265,218.23579974693772,224.1591796875,157104700,0.0,0.0
2026-09-03 00:00:00-04:00,225.76737972053164,230.14247379152744,224.49879494304554,228.1946563720703,134681600,0.0,0.0
2026-09-04 00:00:00-04:00,230.83170360414334,234.49759976142684,229.37334400327853,230.10252380371094,135352400,0.0,0.0
2026-09-08 00:00:00-04:00,232.84944771666764,233.44878317831424,224.59868561283858,225.47769165039062,122965600,0.0,0.0
2026-09-09 00:00:00-04:00,225.0281992525124,225.92718720955042,223.21024142511232,223.4199981689453,82955500,0.0,0.0
2026-09-10 00:00:00-04:00,220.52999877929688,220.99000549316406,217.1999969482422,218.36000061035156,105768000,0.25,0.0
2026-09-11 00:00:00-04:00,221.24000549316406,222.0,218.14999389648438,218.2899932861328,89060100,0.0,0.0
2026-09-14 00:00:00-04:00,211.24000549316406,212.77000427246094,208.92999267578125,210.9600067138672,132267200,0.0,0.0
2026-09-15 00:00:00-04:00,213.3800048828125,213.94000244140625,211.16000366210938,212.1699981689453,88059700,0.0,0.0
2026-09-16 00:00:00-04:00,214.13999938964844,216.75999450683594,212.5,213.89999389648438,96563600,0.0,0.0
2026-09-17 00:00:00-04:00,218.3800048828125,219.91000366210938,217.14999389648438,219.33999633789062,94191300,0.0,0.0
2026-09-18 00:00:00-04:00,219.35000610351562,222.72999572753906,218.02999877929688,222.27000427246094,190287400,0.0,0.0
2026-09-21 00:00:00-04:00,222.94000244140625,228.5,221.55999755859375,227.3800048828125,109806100,0.0,0.0
2026-09-22 00:00:00-04:00,226.85000610351562,229.97999572753906,226.5,228.8699951171875,95746700,0.0,0.0
2026-09-23 00:00:00-04:00,228.02999877929688,228.9499969482422,224.02000427246094,225.50999450683594,89547300,0.0,0.0
2026-09-24 00:00:00-04:00,222.0800018310547,224.94000244140625,221.08999633789062,224.5800018310547,77469900,0.0,0.0
2026-09-25 00:00:00-04:00,225.1300048828125,226.94000244140625,223.1300048828125,225.07000732421875,89947700,0.0,0.0
2026-09-28 00:00:00-04:00,229.75,233.2100067138672,228.0399932861328,228.86000061035156,142344300,0.0,0.0
2026-09-29 00:00:00-04:00,230.97000122070312,232.82000732421875,227.02999877929688,227.2100067138672,101494900,0.0,0.0
2026-09-30 00:00:00-04:00,229.27000427246094,232.3699951171875,228.1699981689453,228.3800048828125,121732200,0.0,0.0
2026-10-01 00:00:00-04:00,229.97999572753906,232.2899932861328,228.16000366210938,230.86000061035156,98591400,0.0,0.0
2026-10-02 00:00:00-04:00,236.05999755859375,237.8800048828125,233.60000610351562,233.9499969482422,134914600,0.0,0.0
