Date,Open,High,Low,Close,Volume,Dividends,Stock Splits,Capital Gains
2021-10-04 00:00:00-04:00,347.9629561353116,348.2929408905077,340.00443232533587,342.2366943359375,76766000,0.0,0.0,0.0
2021-10-05 00:00:00-04:00,343.2945912320133,349.0985138712051,343.07138280443655,346.8565368652344,47232900,0.0,0.0,0.0
2021-10-06 00:00:00-04:00,343.6537397913218,349.35091652696997,342.75113169956074,349.07916259765625,56806500,0.0,0.0,0.0
2021-10-07 00:00:00-04:00,352.1169752114742,354.92189045558763,351.58318236533466,352.281982421875,39411200,0.0,0.0,0.0
2021-10-08 00:00:00-04:00,353.35923874114195,353.5921918100286,349.99141563907443,350.5252380371094,41822300,0.0,0.0,0.0
2021-10-11 00:00:00-04:00,348.99178500719063,352.505215273685,347.74947710498463,347.83685302734375,34847200,0.0,0.0,0.0
2021-10-12 00:00:00-04:00,349.28299636391796,349.7197279151812,345.98311851666216,346.6236877441406,43905100,0.0,0.0,0.0
2021-10-13 00:00:00-04:00,348.9238825919107,350.06912921837323,346.90511365883157,349.3994445800781,40120800,0.0,0.0,0.0
2021-10-14 00:00:00-04:00,352.98064593556154,356.0475989073849,352.32067658716744,355.8340759277344,43433900,0.0,0.0,0.0
2021-10-15 00:00:00-04:00,357.0473870713289,358.1926336084034,356.0186022676578,358.076171875,40419900,0.0,0.0,0.0
2021-10-18 00:00:00-04:00,356.7853404816781,361.8904639819842,356.1836017428047,361.67694091796875,34513500,0.0,0.0,0.0
2021-10-19 00:00:00-04:00,362.744586232701,364.4624562859474,361.72551629956433,364.4139404296875,29091000,0.0,0.0,0.0
2021-10-20 00:00:00-04:00,364.8700168600347,365.4814705247708,362.46303264841004,363.93829345703125,31390300,0.0,0.0,0.0
2021-10-21 00:00:00-04:00,363.14257081497294,366.35510291635836,362.84170137603695,366.1609802246094,25469300,0.0,0.0,0.0
2021-10-22 00:00:00-04:00,364.9088746298854,365.86971353558323,361.4245896006137,363.084228515625,36275800,0.0,0.0,0.0
2021-10-25 00:00:00-04:00,364.5012141540492,367.71374513923786,362.5601063868558,366.8014221191406,32597800,0.0,0.0,0.0
2021-10-26 00:00:00-04:00,369.0336900064018,371.440644526253,366.78199803322633,367.95635986328125,47191300,0.0,0.0,0.0
2021-10-27 00:00:00-04:00,368.40287064910666,371.8677555034354,368.14083173451945,368.8105163574219,45760500,0.0,0.0,0.0
2021-10-28 00:00:00-04:00,370.70307279910077,373.15857297370206,369.9363269271793,372.9062194824219,38007000,0.0,0.0,0.0
2021-10-29 00:00:00-04:00,369.83931460452044,374.9056078026217,369.48992937242434,374.7406005859375,37310100,0.0,0.0,0.0
2021-11-01 00:00:00-04:00,375.1772903778977,376.14784421882126,373.1003205601766,376.02166748046875,30765300,0.0,0.0,0.0
2021-11-02 00:00:00-04:00,375.41030848306167,378.06964681864423,375.361792626363,377.59405517578125,25135300,0.0,0.0,0.0
2021-11-03 00:00:00-04:00,378.0793012111743,382.01974810624137,377.04083093510326,381.6024169921875,33748900,0.0,0.0,0.0
2021-11-04 00:00:00-04:00,382.8641862709414,387.4452027387821,382.3206783526349,386.4940490722656,40265300,0.0,0.0,0.0
2021-11-05 00:00:00-04:00,388.26033170766095,389.18234000179353,385.4651321595265,386.86273193359375,43383800,0.0,0.0,0.0
2021-11-08 00:00:00-05:00,386.8337066070788,387.8527764376792,385.698145419048,386.3387145996094,29256300,0.0,0.0,0.0
2021-11-09 00:00:00-05:00,387.40633663249736,387.80426732516804,382.3206431710661,383.6794128417969,50490700,0.0,0.0,0.0
2021-11-10 00:00:00-05:00,380.9133283638062,383.718214013105,376.11878924940595,378.0404968261719,54937400,0.0,0.0,0.0
2021-11-11 00:00:00-05:00,381.01033032423055,381.1850229079121,378.7489232770812,379.088623046875,32243000,0.0,0.0,0.0
2021-11-12 00:00:00-05:00,380.2339215683607,383.6114600770246,378.64222844516746,383.0776672363281,34730600,0.0,0.0,0.0
2021-11-15 00:00:00-05:00,384.2519721310899,384.57224186410235,380.55416439154675,382.990234375,33716900,0.0,0.0,0.0
2021-11-16 00:00:00-05:00,382.2623302948795,386.2124916261566,382.0682372936359,385.717529296875,27872900,0.0,0.0,0.0
2021-11-17 00:00:00-05:00,386.03787898498337,387.94987167596526,384.960578190963,385.9214172363281,28703300,0.0,0.0,0.0
2021-11-18 00:00:00-05:00,387.95959638489853,390.42478244356676,385.7467342482992,389.92010498046875,45721500,0.0,0.0,0.0
2021-11-19 00:00:00-05:00,391.5506083193441,393.3655396308032,390.7256314635104,392.0941162109375,45191700,0.0,0.0,0.0
2021-11-22 00:00:00-05:00,393.62759843238615,396.67512263344946,387.43545908614306,387.5422058105469,61715400,0.0,0.0,0.0
2021-11-23 00:00:00-05:00,386.3872725823271,388.4448721225605,381.3501241303587,385.7758483886719,70098700,0.0,0.0,0.0
2021-11-24 00:00:00-05:00,383.3008587630399,387.2995362395666,380.9812502582979,387.0180969238281,46954400,0.0,0.0,0.0
2021-11-26 00:00:00-05:00,384.44608812740387,385.83400270403473,378.29278000344726,379.6806945800781,51533300,0.0,0.0,0.0
2021-11-29 00:00:00-05:00,384.2326221250526,388.93009974553473,383.50470665375764,387.92071533203125,54447100,0.0,0.0,0.0
2021-11-30 00:00:00-05:00,387.0375420797313,389.37658088970477,380.2145483069959,382.2236022949219,81332700,0.0,0.0,0.0
2021-12-01 00:00:00-05:00,386.552241791043,388.68747241573436,375.25500875401775,375.7208557128906,77766500,0.0,0.0,0.0
2021-12-02 00:00:00-05:00,374.43968842880673,380.20478105141217,373.0226880067084,378.4286804199219,84416600,0.0,0.0,0.0
2021-12-03 00:00:00-05:00,379.7873892454105,380.787058432898,367.7428135362178,371.8482666015625,105349100,0.0,0.0,0.0
2021-12-06 00:00:00-05:00,372.33361117070314,376.18671148100873,368.13109604161446,374.82794189453125,67588800,0.0,0.0,0.0
2021-12-07 00:00:00-05:00,381.4567709401416,386.7268711329141,381.4179404936024,386.11541748046875,56005300,0.0,0.0,0.0
2021-12-08 00:00:00-05:00,386.4455080706862,388.04691628360314,384.55291587972,387.84307861328125,39204000,0.0,0.0,0.0
2021-12-09 00:00:00-05:00,386.62021600777666,388.41574694388277,381.94213832660233,382.1362609863281,49973700,0.0,0.0,0.0
2021-12-10 00:00:00-05:00,384.94104660496487,386.552169480582,381.7770317126968,386.2901306152344,52545800,0.0,0.0,0.0
2021-12-13 00:00:00-05:00,386.28041145903677,386.60068117991796,380.3406269565381,380.7094421386719,50166400,0.0,0.0,0.0
2021-12-14 00:00:00-05:00,375.89552074702993,378.6033744726611,372.333604453133,376.76904296875,75199200,0.0,0.0,0.0
2021-12-15 00:00:00-05:00,376.5166371686719,385.71749769976253,372.5761911768832,385.3583679199219,73858000,0.0,0.0,0.0
2021-12-16 00:00:00-05:00,386.31931306304824,386.7463591821846,373.8670889591081,375.4490966796875,82591400,0.0,0.0,0.0
2021-12-17 00:00:00-05:00,372.0424358932726,377.72989749215094,370.5283740874729,373.575927734375,80492500,0.0,0.0,0.0
2021-12-20 00:00:00-05:00,368.8636529481054,370.73920721955676,366.822880738476,369.9520568847656,65336800,0.491,0.0,0.0
2021-12-21 00:00:00-05:00,373.2172923281782,378.54273153467176,369.475910973187,378.23175048828125,48899500,0.0,0.0,0.0
2021-12-22 00:00:00-05:00,377.9401958989524,383.0421115344098,377.27938346760675,382.8380432128906,37042200,0.0,0.0,0.0
2021-12-23 00:00:00-05:00,383.18787732629505,387.1916616414903,383.0226890456838,385.7242736816406,29595500,0.0,0.0,0.0
2021-12-27 00:00:00-05:00,387.0167224758841,392.0992126464844,386.98756986008556,392.0992126464844,32820700,0.0,0.0,0.0
2021-12-28 00:00:00-05:00,392.99329465414655,393.1682103706067,389.40737418278945,390.281982421875,33113700,0.0,0.0,0.0
2021-12-29 00:00:00-05:00,390.41803389043463,391.68135356240083,387.85248484629045,390.2236633300781,32248500,0.0,0.0,0.0
2021-12-30 00:00:00-05:00,390.0098948570678,392.18673258954954,388.47447408727214,389.05755615234375,23850100,0.0,0.0,0.0
2021-12-31 00:00:00-05:00,388.3869343158604,389.74743907624213,386.1323666233538,386.62799072265625,34752900,0.0,0.0,0.0
2022-01-03 00:00:00-05:00,387.7942147702699,390.6027124411102,385.68543931744233,390.35003662109375,40575900,0.0,0.0,0.0
2022-01-04 00:00:00-05:00,390.89419441146407,390.93307445401706,382.1966606817679,385.2869567871094,58027200,0.0,0.0,0.0
2022-01-05 00:00:00-05:00,383.60591198557074,384.72349868840314,373.19800769129455,373.45068359375,75739800,0.0,0.0,0.0
2022-01-06 00:00:00-05:00,371.6333557267831,376.42429149760477,369.407939874291,373.1882019042969,70814300,0.0,0.0,0.0
2022-01-07 00:00:00-05:00,373.19786937744817,374.879082866367,367.3768356036122,369.1454772949219,72652300,0.0,0.0,0.0
2022-01-10 00:00:00-05:00,364.24769136076003,369.90353734049626,358.8930990303456,369.3884582519531,91770500,0.0,0.0,0.0
2022-01-11 00:00:00-05:00,368.65954051596185,375.10253568702905,366.5799180021035,374.9373474121094,68295700,0.0,0.0,0.0
2022-01-12 00:00:00-05:00,377.50287081742164,379.1938115670307,374.1502012486516,376.4241943359375,54576400,0.0,0.0,0.0
2022-01-13 00:00:00-05:00,377.8041494231055,378.4844167378079,366.074624382969,367.0075378417969,77994000,0.0,0.0,0.0
2022-01-14 00:00:00-05:00,364.49062759351705,369.62169654378727,364.2865295874727,369.2912902832031,80121200,0.0,0.0,0.0
2022-01-18 00:00:00-05:00,363.48960149892713,365.60810393419575,359.34002481635605,360.0980224609375,75450900,0.0,0.0,0.0
2022-01-19 00:00:00-05:00,361.65290470505374,364.12126822329196,355.8804495871659,356.1428527832031,81791500,0.0,0.0,0.0
2022-01-20 00:00:00-05:00,359.3595316502434,363.3244361362188,350.9826763092112,351.51715087890625,88610700,0.0,0.0,0.0
2022-01-21 00:00:00-05:00,349.33066449345057,351.9642169806101,341.4882826216306,341.7701110839844,143388900,0.0,0.0,0.0
2022-01-24 00:00:00-05:00,336.15308683543975,343.9954673508949,324.72478599973664,343.3346252441406,198685800,0.0,0.0,0.0
2022-01-25 00:00:00-05:00,336.89172732588406,341.1287335257573,332.04245670713203,335.3757019042969,124398400,0.0,0.0,0.0
2022-01-26 00:00:00-05:00,342.95564528881357,346.8136666435928,331.16778546967276,334.85089111328125,146559500,0.0,0.0,0.0
2022-01-27 00:00:00-05:00,339.544727514019,341.3619770664219,330.4584500952128,331.4788513183594,95255700,0.0,0.0,0.0
2022-01-28 00:00:00-05:00,333.35436427188864,342.09077942524294,328.4176657314298,341.8769836425781,108167900,0.0,0.0,0.0
2022-01-31 00:00:00-05:00,343.2374590548184,353.39268283254245,341.60482351656185,352.8096008300781,94326400,0.0,0.0,0.0
2022-02-01 00:00:00-05:00,354.1507095470386,355.86107565255384,349.0099431185774,355.2099609375,74433000,0.0,0.0,0.0
2022-02-02 00:00:00-05:00,359.33038818012415,359.66079442430265,354.014676339823,358.09619140625,78777100,0.0,0.0,0.0
2022-02-03 00:00:00-05:00,348.41717982324013,351.7212723367331,342.5183851878919,343.57763671875,95384800,0.0,0.0,0.0
2022-02-04 00:00:00-05:00,344.0926935287818,351.2062303915234,342.04222309707546,347.911865234375,86318300,0.0,0.0,0.0
2022-02-07 00:00:00-05:00,348.5044945476827,350.86594505450955,343.85932394593465,345.1129455566406,58198100,0.0,0.0,0.0
2022-02-08 00:00:00-05:00,343.9760204746733,350.0788824953446,342.8487364508825,348.990478515625,64720900,0.0,0.0,0.0
2022-02-09 00:00:00-05:00,353.4996361876301,356.4635946939152,351.9058805080583,356.3858642578125,55766400,0.0,0.0,0.0
2022-02-10 00:00:00-05:00,349.37919767323103,356.15259973343774,346.48327194707014,348.3199462890625,112468500,0.0,0.0,0.0
2022-02-11 00:00:00-05:00,348.31994809963237,349.91370372527587,336.04619106150767,337.2706604003906,101569100,0.0,0.0,0.0
2022-02-14 00:00:00-05:00,336.716713599488,341.08008649395026,334.1900742753806,337.6885070800781,80254400,0.0,0.0,0.0
2022-02-15 00:00:00-05:00,342.9556927172379,346.3180903652461,341.8964412218384,346.0848693847656,55128800,0.0,0.0,0.0
2022-02-16 00:00:00-05:00,343.8399623458286,347.0177162208431,340.81766932337564,345.9973449707031,58947100,0.0,0.0,0.0
2022-02-17 00:00:00-05:00,342.7904074906241,343.4900999515628,335.28816097041926,335.7060546875,61801400,0.0,0.0,0.0
2022-02-18 00:00:00-05:00,336.639072201247,337.0277837649292,329.57414240533114,331.8772888183594,80001500,0.0,0.0,0.0
2022-02-22 00:00:00-05:00,328.9423842207232,334.33585613484354,324.9191744067553,328.5439453125,85967100,0.0,0.0,0.0
2022-02-23 00:00:00-05:00,331.6926034563906,332.52833172919344,319.81728430674264,320.1282653808594,86215400,0.0,0.0,0.0
2022-02-24 00:00:00-05:00,309.8466898446057,331.4205211576912,309.2830625656103,330.8860168457031,130614100,0.0,0.0,0.0
2022-02-25 00:00:00-05:00,331.6828380897231,336.2211267970796,327.87342416629815,336.01702880859375,78842100,0.0,0.0,0.0
2022-02-28 00:00:00-05:00,332.84903222013645,338.70894638542165,331.6925954747324,337.01800537109375,77515500,0.0,0.0,0.0
2022-03-01 00:00:00-05:00,335.9977001225386,338.26196658558314,329.34090678455857,331.85784912109375,67407000,0.0,0.0,0.0
2022-03-02 00:00:00-05:00,333.4029080497776,338.75749983927886,330.64301800966297,337.4261474609375,70609000,0.0,0.0,0.0
2022-03-03 00:00:00-05:00,340.05968802670134,340.1666007318738,330.749919463699,332.6060485839844,71089400,0.0,0.0,0.0
2022-03-04 00:00:00-05:00,330.25437510128154,331.68291305965283,325.4731665943019,327.7860107421875,76936300,0.0,0.0,0.0
2022-03-07 00:00:00-05:00,327.77634979886733,328.932786831137,315.4928615308855,315.6969299316406,89933800,0.0,0.0,0.0
2022-03-08 00:00:00-05:00,314.90969938541224,323.8113321836429,310.9156419859536,314.2294616699219,116153900,0.0,0.0,0.0
2022-03-09 00:00:00-05:00,322.3925358332623,326.8919450724192,319.80756122601827,325.5411376953125,64723400,0.0,0.0,0.0
2022-03-10 00:00:00-05:00,321.4887056290584,323.1310388778609,317.49461925994126,321.9259948730469,69362700,0.0,0.0,0.0
2022-03-11 00:00:00-05:00,324.8899589113297,325.2009399000204,314.7638591858381,315.249755859375,66228400,0.0,0.0,0.0
2022-03-14 00:00:00-04:00,314.0156131922107,317.37801012839185,308.49583367294395,309.1955261230469,79802600,0.0,0.0,0.0
2022-03-15 00:00:00-04:00,311.8290847956282,319.6714649997926,310.22563154572254,318.8940124511719,76471000,0.0,0.0,0.0
2022-03-16 00:00:00-04:00,322.80068301795717,330.8374051609843,319.13700228073344,330.7207946777344,105243000,0.0,0.0,0.0
2022-03-17 00:00:00-04:00,328.82584474293503,334.78294514473345,327.5333721111033,334.7246398925781,67810000,0.0,0.0,0.0
2022-03-18 00:00:00-04:00,333.07246081620576,341.8672088905822,331.9160242963079,341.5756530761719,85446300,0.0,0.0,0.0
2022-03-21 00:00:00-04:00,340.74291351092876,342.9613412658647,336.2476509740601,340.6261291503906,73799100,0.434,0.0,0.0
2022-03-22 00:00:00-04:00,341.1222786978878,348.1862311793844,340.74282612718025,347.32025146484375,63345900,0.0,0.0,0.0
2022-03-23 00:00:00-04:00,344.44991721448093,348.00134248720065,342.2703885534699,342.3287658691406,70615500,0.0,0.0,0.0
2022-03-24 00:00:00-04:00,344.2456558101581,349.986350676726,342.0953449451577,349.93768310546875,53555300,0.0,0.0,0.0
2022-03-25 00:00:00-04:00,349.87926124638847,350.9301124529747,345.354840528707,349.645751953125,57584200,0.0,0.0,0.0
2022-03-28 00:00:00-04:00,349.63604389404026,355.15293899033514,348.4003508483054,355.0556335449219,56833900,0.0,0.0,0.0
2022-03-29 00:00:00-04:00,358.9378487657722,361.7887169830254,356.1745465351108,361.166015625,68073000,0.0,0.0,0.0
2022-03-30 00:00:00-04:00,359.30758869837285,360.961692058656,355.6977855998509,357.1767272949219,68757700,0.0,0.0,0.0
2022-03-31 00:00:00-04:00,357.32266179540284,357.6729554237406,351.91281216016915,352.7496032714844,67011400,0.0,0.0,0.0
2022-04-01 00:00:00-04:00,353.01228335861714,353.7906674146114,348.9062436223335,352.0782165527344,54527800,0.0,0.0,0.0
2022-04-04 00:00:00-04:00,352.91499315262814,359.3367658186783,352.6522952034234,359.3270263671875,45950200,0.0,0.0,0.0
2022-04-05 00:00:00-04:00,357.8772369001649,358.58753383724655,350.21003265629037,351.34844970703125,62738700,0.0,0.0,0.0
2022-04-06 00:00:00-04:00,346.0456573966083,347.1451464708245,341.0931165302521,343.72021484375,90077100,0.0,0.0,0.0
2022-04-07 00:00:00-04:00,342.7277808315638,346.7268060900979,339.2736601411397,344.5375671386719,63777400,0.0,0.0,0.0
2022-04-08 00:00:00-04:00,342.80556776402153,343.5547631418501,339.0887201470298,339.7211608886719,61956100,0.0,0.0,0.0
2022-04-11 00:00:00-04:00,335.4983578712288,336.412975422111,331.34368047684245,331.6842346191406,66107400,0.0,0.0,0.0
2022-04-12 00:00:00-04:00,336.42273774541997,338.3006108408513,328.9112156702458,330.28314208984375,72790200,0.0,0.0,0.0
2022-04-13 00:00:00-04:00,330.6236910682993,338.04764771294055,329.9036842659665,336.996826171875,61367800,0.0,0.0,0.0
2022-04-14 00:00:00-04:00,337.08437912811996,337.60006527348116,329.076619850918,329.2906799316406,73519400,0.0,0.0,0.0
2022-04-18 00:00:00-04:00,328.23983055339704,331.8301840562725,326.7219609075332,329.54364013671875,58560600,0.0,0.0,0.0
2022-04-19 00:00:00-04:00,328.90154118292037,337.4833653188138,327.8799081782232,336.9093017578125,56515700,0.0,0.0,0.0
2022-04-20 00:00:00-04:00,337.7168516879764,338.1741605537463,330.7793921617755,331.9956359863281,65500000,0.0,0.0,0.0
2022-04-21 00:00:00-04:00,335.8681551308669,338.47577467202575,324.2019542803941,325.12628173828125,75801000,0.0,0.0,0.0
2022-04-22 00:00:00-04:00,325.28200004848594,326.49824396290654,316.1844896299288,316.61260986328125,82562100,0.0,0.0,0.0
2022-04-25 00:00:00-04:00,314.9877203304042,320.9910835818568,313.72280886056757,320.6797180175781,101755900,0.0,0.0,0.0
2022-04-26 00:00:00-04:00,318.62667850838835,318.8115499365744,308.303185966465,308.5756530761719,105819600,0.0,0.0,0.0
2022-04-27 00:00:00-04:00,308.67295125416314,314.16065778625494,306.49345176573416,308.2059326171875,111204200,0.0,0.0,0.0
2022-04-28 00:00:00-04:00,313.1584468432036,320.98133496122966,308.9453618627923,319.152099609375,99450000,0.0,0.0,0.0
2022-04-29 00:00:00-04:00,314.95845789599684,318.39312867132884,304.15820867399975,304.7906494140625,91977900,0.0,0.0,0.0
2022-05-02 00:00:00-04:00,304.38204008613553,310.11299540302446,301.28792283503986,309.8794860839844,115511800,0.0,0.0,0.0
2022-05-03 00:00:00-04:00,309.89887010684504,312.4967795084933,307.446933692344,310.2102355957031,78185500,0.0,0.0,0.0
2022-05-04 00:00:00-04:00,310.686971728008,321.3704654769207,305.4133564636911,320.6990966796875,116083400,0.0,0.0,0.0
2022-05-05 00:00:00-04:00,316.388786116127,316.4666126482784,301.2586965808234,304.54742431640625,154607400,0.0,0.0,0.0
2022-05-06 00:00:00-04:00,302.5528462671448,306.5810306476566,296.87052860181467,300.89874267578125,139572800,0.0,0.0,0.0
2022-05-09 00:00:00-04:00,295.28450156266166,300.9959768480374,287.73405167201895,289.12542724609375,113387300,0.0,0.0,0.0
2022-05-10 00:00:00-04:00,296.28670102456,297.50294470917896,288.5611187643844,292.6379699707031,124124600,0.0,0.0,0.0
2022-05-11 00:00:00-04:00,290.38063535798904,295.87805126741296,283.09291217982707,283.9588623046875,140326100,0.0,0.0,0.0
2022-05-12 00:00:00-04:00,279.68741206372414,287.76325832357395,277.24518522152556,283.2874755859375,120910900,0.0,0.0,0.0
2022-05-13 00:00:00-04:00,287.7341023099368,294.81750520771743,286.13837614770426,293.7861328125,83684900,0.0,0.0,0.0
2022-05-16 00:00:00-04:00,292.04442828459975,294.0974630695584,289.1059942254348,290.380615234375,59190400,0.0,0.0,0.0
2022-05-17 00:00:00-04:00,296.2283637797187,298.2813691442496,292.43365921556494,297.90191650390625,62715300,0.0,0.0,0.0
2022-05-18 00:00:00-04:00,293.39684957203264,294.087667540594,282.02253840069426,283.2777099609375,79477100,0.0,0.0,0.0
2022-05-19 00:00:00-04:00,281.47771002890624,286.43999008265416,279.81386732869197,281.7598571777344,79920700,0.0,0.0,0.0
2022-05-20 00:00:00-04:00,285.21399437362163,285.8658843159157,272.6428874391469,280.8841552734375,91764200,0.0,0.0,0.0
2022-05-23 00:00:00-04:00,281.9252836170379,285.9340180153602,279.5317243809088,285.5545654296875,63648400,0.0,0.0,0.0
2022-05-24 00:00:00-04:00,280.34904251119707,281.05930982802573,274.62782739676254,279.4830627441406,73491100,0.0,0.0,0.0
2022-05-25 00:00:00-04:00,277.99436128506386,285.4669845959224,277.7900406726398,283.3945007324219,67144500,0.0,0.0,0.0
2022-05-26 00:00:00-04:00,282.596671869978,292.79367022076343,282.31449500411975,291.24658203125,59462200,0.0,0.0,0.0
2022-05-27 00:00:00-04:00,294.36984231177235,300.8986288218428,294.2530876917981,300.752685546875,66985600,0.0,0.0,0.0
2022-05-31 00:00:00-04:00,300.72353878178234,302.9224870489725,296.11152279625475,299.9548645019531,60968300,0.0,0.0,0.0
2022-06-01 00:00:00-04:00,302.08580067049513,304.20692293779933,295.52782296425255,297.73651123046875,65341700,0.0,0.0,0.0
2022-06-02 00:00:00-04:00,296.6175262442658,306.0652992066853,295.2066716427817,305.8901672363281,59291300,0.0,0.0,0.0
2022-06-03 00:00:00-04:00,300.68459259062325,302.08570752811823,296.6855980727137,297.9310302734375,60914700,0.0,0.0,0.0
2022-06-06 00:00:00-04:00,302.3581632186797,303.91496098729647,297.36669466302385,298.9234924316406,51785000,0.0,0.0,0.0
2022-06-07 00:00:00-04:00,295.605605854727,302.28036693390857,294.51585621570564,301.501953125,44900300,0.0,0.0,0.0
2022-06-08 00:00:00-04:00,300.7040806016703,303.30199021077476,298.48565327993657,299.3321838378906,38342100,0.0,0.0,0.0
2022-06-09 00:00:00-04:00,297.64893540310953,300.70412458471367,291.14933524409344,291.3147277832031,55900500,0.0,0.0,0.0
2022-06-10 00:00:00-04:00,285.7199592604515,286.9070142794272,280.5922865971238,281.03985595703125,85963500,0.0,0.0,0.0
2022-06-13 00:00:00-04:00,272.19532856453475,274.71538184129287,267.11629390009665,267.9725341796875,94442000,0.0,0.0,0.0
2022-06-14 00:00:00-04:00,270.16184802787086,271.1348432179042,265.95850168049725,268.4591064453125,64697500,0.0,0.0,0.0
2022-06-15 00:00:00-04:00,271.8742959850949,279.08416333577026,269.1401525157862,275.1629943847656,86051400,0.0,0.0,0.0
2022-06-16 00:00:00-04:00,268.14765689386064,268.60496567771895,262.0080615426985,264.06109619140625,81910300,0.0,0.0,0.0
2022-06-17 00:00:00-04:00,264.8297459443836,269.70445991716934,263.20486108242034,267.27197265625,82703400,0.0,0.0,0.0
2022-06-21 00:00:00-04:00,271.74374383104197,276.32562334024476,271.63652291193824,274.0151672363281,51633700,0.527,0.0,0.0
2022-06-22 00:00:00-04:00,271.51949415416965,278.01210113654355,270.9248405543177,273.615478515625,67472900,0.0,0.0,0.0
2022-06-23 00:00:00-04:00,276.0914843581181,278.5384048159181,273.26438205358363,277.6902770996094,57457800,0.0,0.0,0.0
2022-06-24 00:00:00-04:00,280.5076980472307,287.62423172864976,280.27373992363613,287.20501708984375,58422300,0.0,0.0,0.0
2022-06-27 00:00:00-04:00,288.56021776892044,289.1256267270151,283.96860912038295,285.0994567871094,54151500,0.0,0.0,0.0
2022-06-28 00:00:00-04:00,285.63557950838435,288.2189670248212,276.22813377843664,276.4133605957031,61609800,0.0,0.0,0.0
2022-06-29 00:00:00-04:00,276.27677741959957,278.16801818968105,273.78112501690873,276.6667175292969,57302700,0.0,0.0,0.0
2022-06-30 00:00:00-04:00,273.69347848455203,276.8033016886934,268.8483959478941,273.23529052734375,79313600,0.0,0.0,0.0
2022-07-01 00:00:00-04:00,271.93872292223625,275.4287280627205,270.0669682110584,275.0387878417969,56675100,0.0,0.0,0.0
2022-07-05 00:00:00-04:00,271.31479546811505,279.86435457980684,269.79400777721827,279.74737548828125,61829300,0.0,0.0,0.0
2022-07-06 00:00:00-04:00,280.12760060479627,283.6371222700826,278.4118278460933,281.5411376953125,63194700,0.0,0.0,0.0
2022-07-07 00:00:00-04:00,282.3501703565794,288.26760837462,282.3501703565794,287.5657043457031,56620100,0.0,0.0,0.0
2022-07-08 00:00:00-04:00,284.7386242831429,289.2912580133827,283.8027619892199,287.92645263671875,59895500,0.0,0.0,0.0
2022-07-11 00:00:00-04:00,285.51859569774575,285.74279570928866,280.8977430182285,281.7751159667969,55273900,0.0,0.0,0.0
2022-07-12 00:00:00-04:00,283.022907853938,284.9336355578182,277.456405436465,279.0454406738281,55797100,0.0,0.0,0.0
2022-07-13 00:00:00-04:00,273.54727781317723,280.8100082714086,272.9818391369095,278.4703369140625,73939400,0.0,0.0,0.0
2022-07-14 00:00:00-04:00,275.87719382768137,280.3323365531652,272.7673703278828,279.4647216796875,63741800,0.0,0.0,0.0
2022-07-15 00:00:00-04:00,282.4477695308768,284.64121673118933,280.8392177835556,284.5339660644531,63818100,0.0,0.0,0.0
2022-07-18 00:00:00-04:00,287.3123596853128,288.7161683772217,280.9562473723328,282.1260681152344,59519600,0.0,0.0,0.0
2022-07-19 00:00:00-04:00,285.7427838277984,291.09481511753387,284.1440200380793,290.8023376464844,55172600,0.0,0.0,0.0
2022-07-20 00:00:00-04:00,291.22151286932126,296.59300027762254,290.44160280286565,295.4134216308594,67769400,0.0,0.0,0.0
2022-07-21 00:00:00-04:00,295.8716616125052,299.71263383357996,293.22002642055304,299.6541442871094,55049400,0.0,0.0,0.0
2022-07-22 00:00:00-04:00,298.72797102452967,300.79468073009497,292.5765732733218,294.3995666503906,57127700,0.0,0.0,0.0
2022-07-25 00:00:00-04:00,294.4287925102195,294.8967385410693,290.72431645520345,292.7227783203125,40582400,0.0,0.0,0.0
2022-07-26 00:00:00-04:00,291.02657410878913,291.28004863943625,286.16200515865125,286.97113037109375,50074100,0.0,0.0,0.0
2022-07-27 00:00:00-04:00,291.5237860365318,300.78500824162353,290.9583473889746,299.0984802246094,69304400,0.0,0.0,0.0
2022-07-28 00:00:00-04:00,298.88394285982037,302.59817719949456,295.1404637517443,302.02301025390625,55139900,0.0,0.0,0.0
2022-07-29 00:00:00-04:00,303.56332661296017,308.4376532183859,302.1400018237952,307.531005859375,57501000,0.0,0.0,0.0
2022-08-01 00:00:00-04:00,305.7665478982185,310.79685728003875,304.6747033348218,307.3458251953125,46358800,0.0,0.0,0.0
2022-08-02 00:00:00-04:00,305.0548788766701,310.5433458150814,304.00200763677066,306.4294128417969,48676500,0.0,0.0,0.0
2022-08-03 00:00:00-04:00,308.106216586072,315.59320592571174,308.0477270385424,314.7743225097656,53735700,0.0,0.0,0.0
2022-08-04 00:00:00-04:00,314.8522267070254,316.5582408713588,312.7075112859387,316.24627685546875,38973700,0.0,0.0,0.0
2022-08-05 00:00:00-04:00,311.1672501032933,315.69060951768313,310.38736978201047,313.66290283203125,53894000,0.0,0.0,0.0
2022-08-08 00:00:00-04:00,314.5792611856877,318.2642505385572,311.186719499504,312.6490173339844,43878500,0.0,0.0,0.0
2022-08-09 00:00:00-04:00,310.7577846603357,311.0112591452007,307.4920098771659,309.1102600097656,39764200,0.0,0.0,0.0
2022-08-10 00:00:00-04:00,316.43147723053835,318.03027036569273,313.9650695773247,317.73779296875,51459600,0.0,0.0,0.0
2022-08-11 00:00:00-04:00,320.0579860916806,322.05644781812566,315.2323915319874,315.9342956542969,45897700,0.0,0.0,0.0
2022-08-12 00:00:00-04:00,317.9816405282173,322.28080120851956,316.92879881594587,322.0858459472656,40928400,0.0,0.0,0.0
2022-08-15 00:00:00-04:00,321.14019535456083,325.18588109408125,321.12067900487204,324.6886901855469,38266600,0.0,0.0,0.0
2022-08-16 00:00:00-04:00,323.71384260428925,326.0145407047035,320.8867385427882,323.9283142089844,41186900,0.0,0.0,0.0
2022-08-17 00:00:00-04:00,320.79892851943316,323.09959632644143,318.15702215986727,320.2334899902344,47842200,0.0,0.0,0.0
2022-08-18 00:00:00-04:00,320.1847787832666,322.18324085585533,318.57625690160626,321.003662109375,41937200,0.0,0.0,0.0
2022-08-19 00:00:00-04:00,317.97179578627373,318.62493881082617,313.984570932645,314.7449645996094,51770600,0.0,0.0,0.0
2022-08-22 00:00:00-04:00,310.4946053994254,310.7285635567942,305.6495235537209,306.4586486816406,51098900,0.0,0.0,0.0
2022-08-23 00:00:00-04:00,306.22462575230566,309.0322420489857,305.4544739798291,306.20513916015625,39497100,0.0,0.0,0.0
2022-08-24 00:00:00-04:00,305.72741974284264,308.90548938518424,305.1230081606718,307.0922546386719,38057100,0.0,0.0,0.0
2022-08-25 00:00:00-04:00,308.86659359349505,312.5418552156538,307.8235102191385,312.5223388671875,38098300,0.0,0.0,0.0
2022-08-26 00:00:00-04:00,312.2298203401183,313.42891522815796,299.62482063503154,299.7125549316406,69047700,0.0,0.0,0.0
2022-08-29 00:00:00-04:00,296.9634413953537,299.4980969416907,295.6571255581281,296.75872802734375,48321900,0.0,0.0,0.0
2022-08-30 00:00:00-04:00,298.40625044577376,299.0204202958032,290.938779274153,293.45391845703125,51184500,0.0,0.0,0.0
2022-08-31 00:00:00-04:00,296.3493211651862,297.2462104165781,291.6407344093384,291.7479553222656,50044000,0.0,0.0,0.0
2022-09-01 00:00:00-04:00,289.2620022034003,292.2450873236985,285.58677112395446,291.8746337890625,57990700,0.0,0.0,0.0
2022-09-02 00:00:00-04:00,294.740774703101,296.11533836235265,286.14245551571184,287.7510070800781,64666800,0.0,0.0,0.0
2022-09-06 00:00:00-04:00,288.22870983713847,289.1450856998673,283.55909620691773,285.6842956542969,57005400,0.0,0.0,0.0
2022-09-07 00:00:00-04:00,286.1619635068617,292.44982673200275,285.89873084010964,291.4554748535156,49260400,0.0,0.0,0.0
2022-09-08 00:00:00-04:00,289.38881321258356,294.28262703484137,288.02400754009454,292.966552734375,55649800,0.0,0.0,0.0
2022-09-09 00:00:00-04:00,295.21849307882025,299.8686203463064,292.96655625452206,299.3714294433594,56125200,0.0,0.0,0.0
2022-09-12 00:00:00-04:00,300.74599836108206,303.26113819069053,300.43403426965574,302.9296875,45905700,0.0,0.0,0.0
2022-09-13 00:00:00-04:00,294.21434811076927,295.40368501720326,285.43083161581785,286.3179626464844,79562200,0.0,0.0,0.0
2022-09-14 00:00:00-04:00,287.45853861960694,289.46675884397393,285.69403473072657,288.5893859863281,54907200,0.0,0.0,0.0
2022-09-15 00:00:00-04:00,286.678645807711,289.07680611469806,282.1845013060577,283.7832946777344,65299400,0.0,0.0,0.0
2022-09-16 00:00:00-04:00,280.48824424377034,282.4379748363864,278.44102117141784,282.04803466796875,79920400,0.0,0.0,0.0
2022-09-19 00:00:00-04:00,279.4101781762014,284.400677606814,279.35158353034615,284.2444152832031,52613800,0.519,0.0,0.0
2022-09-20 00:00:00-04:00,281.74435131697584,284.26404096296386,279.6837028567595,281.978759765625,51271100,0.0,0.0,0.0
2022-09-21 00:00:00-04:00,282.81859700485705,287.07666388086375,276.79288502495046,276.9295959472656,82931000,0.0,0.0,0.0
2022-09-22 00:00:00-04:00,275.40607392081404,276.41198853056363,272.30043811253796,273.5212097167969,62757100,0.0,0.0,0.0
2022-09-23 00:00:00-04:00,271.0600569127045,271.35305991723845,265.65936568672794,269.0677795410156,74815200,0.0,0.0,0.0
2022-09-26 00:00:00-04:00,268.59903872928675,272.95474328112414,267.1634101921664,267.9544677734375,71176700,0.0,0.0,0.0
2022-09-27 00:00:00-04:00,271.3139499120656,273.6578246089533,265.74722142847145,268.06182861328125,69780100,0.0,0.0,0.0
2022-09-28 00:00:00-04:00,268.04241283670007,274.6736535647701,266.56774077672486,273.394287109375,79652100,0.0,0.0,0.0
2022-09-29 00:00:00-04:00,269.4096329262739,269.79052797757146,262.5537902388702,265.512939453125,81216000,0.0,0.0,0.0
2022-09-30 00:00:00-04:00,264.6925476329948,268.7552785943116,260.85444934787233,261.0107116699219,78482400,0.0,0.0,0.0
2022-10-03 00:00:00-04:00,262.77835997021265,268.72595430006743,261.27436134993144,267.1340637207031,61267400,0.0,0.0,0.0
2022-10-04 00:00:00-04:00,272.4663371204706,276.23609382108947,272.4663371204706,275.5329284667969,66696900,0.0,0.0,0.0
2022-10-05 00:00:00-04:00,271.77307011007315,277.1737627669192,268.97995884489586,275.3865661621094,55766300,0.0,0.0,0.0
2022-10-06 00:00:00-04:00,274.3903369651509,277.5350452754022,272.89611396765815,273.2184143066406,53489400,0.0,0.0,0.0
2022-10-07 00:00:00-04:00,268.58929737663533,268.71626240290624,261.4795241414364,262.8077392578125,71354700,0.0,0.0,0.0
2022-10-10 00:00:00-04:00,263.003011358752,263.3936820987609,257.47538399634095,260.18060302734375,60393000,0.0,0.0,0.0
2022-10-11 00:00:00-04:00,258.5106168700104,261.37209846846383,254.92641818707722,256.606201171875,66522500,0.0,0.0,0.0
2022-10-12 00:00:00-04:00,257.2409366240734,259.1550977833847,255.8248597200274,256.51824951171875,50580200,0.0,0.0,0.0
2022-10-13 00:00:00-04:00,249.19361733579407,263.8526492218997,248.314653023915,262.5342102050781,112894100,0.0,0.0,0.0
2022-10-14 00:00:00-04:00,264.8585635386032,265.4542856504116,254.05718103765636,254.64312744140625,77244300,0.0,0.0,0.0
2022-10-17 00:00:00-04:00,260.60050041731887,263.9209925586757,260.50283274763433,263.05181884765625,64576500,0.0,0.0,0.0
2022-10-18 00:00:00-04:00,270.0638923540161,270.7279847476239,262.4560377328192,265.1319885253906,69781000,0.0,0.0,0.0
2022-10-19 00:00:00-04:00,263.6182883721529,267.28060307677697,261.8017945845762,264.1651916503906,53115400,0.0,0.0,0.0
2022-10-20 00:00:00-04:00,263.2764857007387,268.4135023741708,261.655327166655,262.8174743652344,60605500,0.0,0.0,0.0
2022-10-21 00:00:00-04:00,261.71385546652766,269.5170163876789,260.5809760788131,268.9798889160156,77897700,0.0,0.0,0.0
2022-10-24 00:00:00-04:00,269.24358353455074,272.8668248033744,265.6105665569841,271.9390563964844,63963600,0.0,0.0,0.0
2022-10-25 00:00:00-04:00,272.87664101194184,277.94528713947045,271.4019393644043,277.56439208984375,59014500,0.0,0.0,0.0
2022-10-26 00:00:00-04:00,271.9487581552723,277.3397030040171,270.94284384971064,271.43115234375,63492400,0.0,0.0,0.0
2022-10-27 00:00:00-04:00,270.3179159913899,271.7730662589922,265.9719570015237,266.48956298828125,57760300,0.0,0.0,0.0
2022-10-28 00:00:00-04:00,265.86453765868845,275.11310465924555,265.6984996043365,274.6443176269531,62651300,0.0,0.0,0.0
2022-10-31 00:00:00-04:00,272.3980644421347,273.21841925915885,269.5365535851935,271.45074462890625,47742000,0.0,0.0,0.0
2022-11-01 00:00:00-04:00,274.91775300938326,275.47443198903903,268.31581093092103,268.6771545410156,45895900,0.0,0.0,0.0
2022-11-02 00:00:00-04:00,268.6478471155482,271.7046637298962,259.3992810100123,259.4676513671875,79803100,0.0,0.0,0.0
2022-11-03 00:00:00-04:00,256.8600810601073,258.3152310474457,254.0181216335413,254.39898681640625,70038900,0.0,0.0,0.0
2022-11-04 00:00:00-04:00,259.32118901071505,260.3759225749942,253.02199553973088,258.4910583496094,78313200,0.0,0.0,0.0
2022-11-07 00:00:00-05:00,259.53600533119595,261.8701346050944,257.40698711586754,261.3329772949219,47333800,0.0,0.0,0.0
2022-11-08 00:00:00-05:00,262.8467553391268,266.46999663818434,259.3113762035289,263.2373962402344,63213800,0.0,0.0,0.0
2022-11-09 00:00:00-05:00,261.4989934081129,262.28027513417504,256.8795839869047,257.1628112792969,64862100,0.0,0.0,0.0
2022-11-10 00:00:00-05:00,269.5560989635482,276.4314619819086,267.4466024224641,276.13848876953125,99256700,0.0,0.0,0.0
2022-11-11 00:00:00-05:00,275.95298752133084,281.89083751644637,274.6150265617328,281.2267150878906,66961800,0.0,0.0,0.0
2022-11-14 00:00:00-05:00,279.1757569845967,282.4474303134182,277.7889773576387,278.7655944824219,55290700,0.0,0.0,0.0
2022-11-15 00:00:00-05:00,285.37735992912906,286.4028260736951,279.2832769369558,282.6233215332031,73985400,0.0,0.0,0.0
2022-11-16 00:00:00-05:00,280.6700097973448,282.71113601166286,277.94523967408276,278.7655944824219,48859800,0.0,0.0,0.0
2022-11-17 00:00:00-05:00,274.31223132284265,279.6250310314814,274.1559690015309,278.15032958984375,55462100,0.0,0.0,0.0
2022-11-18 00:00:00-05:00,281.1583477721119,281.2559856516127,275.7185826650507,278.1601257324219,53588600,0.0,0.0,0.0
2022-11-21 00:00:00-05:00,276.77328608772194,277.92568713736597,274.4684839884339,275.2986145019531,40083500,0.0,0.0,0.0
2022-11-22 00:00:00-05:00,276.03110182023045,279.4199349182576,273.90205365695056,279.2637023925781,41873400,0.0,0.0,0.0
2022-11-23 00:00:00-05:00,279.28325456645376,282.6916394561302,279.10747060283614,282.0666198730469,46390000,0.0,0.0,0.0
2022-11-25 00:00:00-05:00,280.47476606827604,281.17793181996956,279.7227813659923,280.2110900878906,15498800,0.0,0.0,0.0
2022-11-28 00:00:00-05:00,278.23825096740205,280.25008013545914,275.171688273992,276.0994567871094,38714200,0.0,0.0,0.0
2022-11-29 00:00:00-05:00,276.3240997038153,276.7245163710595,272.6422632328063,274.009521484375,35618900,0.0,0.0,0.0
2022-11-30 00:00:00-05:00,274.2731605730631,286.607840114557,273.42350840960466,286.5003967285156,74718100,0.0,0.0,0.0
2022-12-01 00:00:00-05:00,286.82275345275184,288.8345828202826,284.07846106877065,286.85205078125,51547300,0.0,0.0,0.0
2022-12-02 00:00:00-05:00,281.7931358717761,286.58832991112297,281.61732212434396,285.7093505859375,53583200,0.0,0.0,0.0
2022-12-05 00:00:00-05:00,283.5901061501414,284.85969658337626,279.4590046815222,280.9141845703125,41482100,0.0,0.0,0.0
2022-12-06 00:00:00-05:00,280.75793423830896,280.8946451535179,273.70675658958163,275.0935363769531,53937600,0.0,0.0,0.0
2022-12-07 00:00:00-05:00,273.91183381771685,275.9627359474948,272.2613483259807,273.9704284667969,45614300,0.0,0.0,0.0
2022-12-08 00:00:00-05:00,275.318189622856,278.17967119011246,273.2477656929094,277.21282958984375,42594900,0.0,0.0,0.0
2022-12-09 00:00:00-05:00,276.1971445262626,278.9609882585317,275.00567019230823,275.4451599121094,47860500,0.0,0.0,0.0
2022-12-12 00:00:00-05:00,275.6208939066993,278.96093768122927,274.5856821096089,278.9023132324219,35732500,0.0,0.0,0.0
2022-12-13 00:00:00-05:00,289.71348065751044,289.93811333848004,279.2246216753855,281.9005432128906,80667700,0.0,0.0,0.0
2022-12-14 00:00:00-05:00,281.31460764454545,284.59605734412366,276.56826176614993,279.8106384277344,64984400,0.0,0.0,0.0
2022-12-15 00:00:00-05:00,275.72835926526153,276.3924817045523,269.22411403723197,270.41558837890625,60554100,0.0,0.0,0.0
2022-12-16 00:00:00-05:00,269.7417265632705,271.27499316635124,266.2356440158274,267.8373107910156,68300400,0.0,0.0,0.0
2022-12-19 00:00:00-05:00,268.1065030236201,268.1946054220828,262.8397183407502,264.0732116699219,44167900,0.655,0.0,0.0
2022-12-20 00:00:00-05:00,262.9082582224274,265.6101846699768,261.3321543782554,263.8676452636719,51064200,0.0,0.0,0.0
2022-12-21 00:00:00-05:00,264.9052841933642,268.9973097762477,264.06336718269586,267.6953125,46394700,0.0,0.0,0.0
2022-12-22 00:00:00-05:00,264.68993147197534,264.8172004375099,256.9365925653031,261.1461181640625,60278400,0.0,0.0,0.0
2022-12-23 00:00:00-05:00,259.88321929640375,262.399141148071,257.98404395607446,261.7334289550781,39373600,0.0,0.0,0.0
2022-12-27 00:00:00-05:00,261.12658406180833,261.23428470345584,257.4946674725042,258.0330810546875,38009000,0.0,0.0,0.0
2022-12-28 00:00:00-05:00,257.631681705723,259.8832669653327,254.26407305415964,254.62628173828125,47139000,0.0,0.0,0.0
2022-12-29 00:00:00-05:00,257.42614022815377,261.7727052123181,256.73109016040627,260.8329162597656,45893600,0.0,0.0,0.0
2022-12-30 00:00:00-05:00,258.07227452707,260.8035690588747,256.7702767038682,260.6763000488281,37858300,0.0,0.0,0.0
2023-01-03 00:00:00-05:00,262.9963506430321,264.46478367830906,256.6135724714864,258.91412353515625,42335300,0.0,0.0,0.0
2023-01-04 00:00:00-05:00,261.0286667158381,261.8216181527842,257.0051447252725,260.1475830078125,47754900,0.0,0.0,0.0
2023-01-05 00:00:00-05:00,258.4833552095577,258.6497608735615,255.76186078183397,256.0751037597656,45396700,0.0,0.0,0.0
2023-01-06 00:00:00-05:00,257.80786979786325,264.2591812786744,254.86120494970856,263.1431579589844,54659700,0.0,0.0,0.0
2023-01-09 00:00:00-05:00,265.13043312506403,269.4965949830019,264.2396101515992,264.8465576171875,45568700,0.0,0.0,0.0
2023-01-10 00:00:00-05:00,263.8186414304335,267.1960490016231,263.30959545426805,267.0883483886719,35247800,0.0,0.0,0.0
2023-01-11 00:00:00-05:00,268.1554625853684,271.8167460338236,267.3722803802534,271.70904541015625,44077000,0.0,0.0,0.0
2023-01-12 00:00:00-05:00,272.26703847387023,274.20538068894945,267.9792095551261,273.1774597167969,60600000,0.0,0.0,0.0
2023-01-13 00:00:00-05:00,270.68110651609,275.30177614783395,270.34826534085795,275.0570373535156,44802900,0.0,0.0,0.0
2023-01-17 00:00:00-05:00,274.8612670906476,276.8975108319857,273.69630790097455,275.6150817871094,36269700,0.0,0.0,0.0
2023-01-18 00:00:00-05:00,277.15205270076115,278.69881898386734,271.82656273808385,272.0321350097656,47754500,0.0,0.0,0.0
2023-01-19 00:00:00-05:00,270.4070474982165,271.54263928726834,268.12609468186554,269.35955810546875,44150400,0.0,0.0,0.0
2023-01-20 00:00:00-05:00,270.96504787665987,277.06392032100797,269.90775941456707,276.7310791015625,60613600,0.0,0.0,0.0
2023-01-23 00:00:00-05:00,277.57304531094917,284.1026616358028,276.7800937617582,282.87896728515625,52799900,0.0,0.0,0.0
2023-01-24 00:00:00-05:00,281.2636099496276,283.456459989396,280.7447649000274,282.3013000488281,44875100,0.0,0.0,0.0
2023-01-25 00:00:00-05:00,277.79812038931897,282.29152139938293,275.2626298782115,281.6748046875,50872000,0.0,0.0,0.0
2023-01-26 00:00:00-05:00,285.0913372655035,287.3429222969,282.4481462500885,287.1667175292969,51596300,0.0,0.0,0.0
2023-01-27 00:00:00-05:00,285.8550002018985,291.9832710677088,285.73753032433734,290.0253601074219,56441900,0.0,0.0,0.0
2023-01-30 00:00:00-05:00,286.76537113929567,288.1848682857215,283.78936851387857,284.1613464355469,49405800,0.0,0.0,0.0
2023-01-31 00:00:00-05:00,284.2005049380446,288.5177013077533,284.09283419741314,288.4197998046875,46705100,0.0,0.0,0.0
2023-02-01 00:00:00-05:00,288.2142410254188,297.0444073081402,286.14862975300457,294.5872497558594,67562200,0.0,0.0,0.0
2023-02-02 00:00:00-05:00,301.09728416938196,307.07868662040477,300.27496531504556,305.1599426269531,83070600,0.0,0.0,0.0
2023-02-03 00:00:00-05:00,298.5226770687302,305.81590711540156,298.1311008641206,299.736572265625,76170800,0.0,0.0,0.0
2023-02-06 00:00:00-05:00,297.1227160126491,299.47220262591725,295.859855381322,297.2010192871094,40802300,0.0,0.0,0.0
2023-02-07 00:00:00-05:00,297.0737669255531,304.4844657154547,295.95777341891034,303.3586730957031,67584000,0.0,0.0,0.0
2023-02-08 00:00:00-05:00,302.0468560777966,302.9866447367629,297.2793488712019,297.964599609375,56720900,0.0,0.0,0.0
2023-02-09 00:00:00-05:00,302.34059280662467,302.4874301467302,293.88243338770695,295.3312683105469,49137800,0.0,0.0,0.0
2023-02-10 00:00:00-05:00,293.1775424584774,295.2235554396842,290.9944613958253,293.3929138183594,50050100,0.0,0.0,0.0
2023-02-13 00:00:00-05:00,294.7928440312936,298.6792981596832,293.61808560255224,298.0919189453125,39636700,0.0,0.0,0.0
2023-02-14 00:00:00-05:00,296.51583246097346,301.24417416914423,294.5774899026214,300.2945861816406,64079100,0.0,0.0,0.0
2023-02-15 00:00:00-05:00,298.483468514813,302.76149844620676,297.79821772193907,302.5950927734375,43100600,0.0,0.0,0.0
2023-02-16 00:00:00-05:00,297.97449453277045,301.9392525527277,296.77036845339154,296.9172058105469,59498600,0.0,0.0,0.0
2023-02-17 00:00:00-05:00,294.7340716825963,295.57595887855484,291.8265733221321,294.8221740722656,58230700,0.0,0.0,0.0
2023-02-21 00:00:00-05:00,291.00429133109196,292.4433569619645,287.7052164180567,287.8422546386719,46526700,0.0,0.0,0.0
2023-02-22 00:00:00-05:00,288.41979533784604,290.12316793850295,286.40314988236787,288.0575866699219,51389200,0.0,0.0,0.0
2023-02-23 00:00:00-05:00,291.6993400918778,291.8559765400383,286.39338870857665,290.57354736328125,69294400,0.0,0.0,0.0
2023-02-24 00:00:00-05:00,285.62002748480904,286.80455511398424,283.9459922967034,285.7081298828125,74332000,0.0,0.0,0.0
2023-02-27 00:00:00-05:00,288.8603441290352,290.2504439084221,287.16674072491605,287.7541198730469,48995000,0.0,0.0,0.0
2023-02-28 00:00:00-05:00,287.1275421713687,289.88820294739213,286.79470099540964,287.382080078125,48243100,0.0,0.0,0.0
2023-03-01 00:00:00-05:00,287.0884227446252,287.74430602409564,284.0928221054478,285.07177734375,58287000,0.0,0.0,0.0
2023-03-02 00:00:00-05:00,282.5853098272546,288.23387253924335,282.3014043554899,287.4311218261719,53565900,0.0,0.0,0.0
2023-03-03 00:00:00-05:00,289.17356458204875,293.6082300399204,288.6644888041054,293.3732604980469,60511500,0.0,0.0,0.0
2023-03-06 00:00:00-05:00,294.60679822424873,297.60239892870095,293.51037311351377,293.7061462402344,56736300,0.0,0.0,0.0
2023-03-07 00:00:00-05:00,293.75515206782217,294.67537252764663,289.49669013145973,290.1036376953125,65955800,0.0,0.0,0.0
2023-03-08 00:00:00-05:00,290.52453877912006,292.1496080791151,288.6743288918512,291.5524597167969,50876300,0.0,0.0,0.0
2023-03-09 00:00:00-05:00,292.05175916948275,294.64601494933726,285.6885488988256,286.5010986328125,71456700,0.0,0.0,0.0
2023-03-10 00:00:00-05:00,286.6675284800623,288.1555599735765,281.3322388826236,282.47760009765625,98593600,0.0,0.0,0.0
2023-03-13 00:00:00-04:00,280.69585526234823,288.2729594904219,279.18825578177353,284.572509765625,97123600,0.0,0.0,0.0
2023-03-14 00:00:00-04:00,288.116337589981,291.6601510652607,287.27445035567496,291.1119384765625,73602500,0.0,0.0,0.0
2023-03-15 00:00:00-04:00,288.50787649502865,292.97190978401517,287.0688111666487,292.6390686035156,83631500,0.0,0.0,0.0
2023-03-16 00:00:00-04:00,291.7287073720228,300.71551071762786,290.9357558930193,300.3533020019531,98198100,0.0,0.0,0.0
2023-03-17 00:00:00-04:00,300.26514094865837,302.6439949209908,296.9856350447471,298.9337463378906,89923700,0.0,0.0,0.0
2023-03-20 00:00:00-04:00,298.318062691674,300.3182016304703,296.11200333614676,299.9946594238281,56359500,0.472,0.0,0.0
2023-03-21 00:00:00-04:00,301.92626384285984,304.73039674211475,300.41633001624433,304.2793884277344,49757000,0.0,0.0,0.0
2023-03-22 00:00:00-04:00,304.2106715650756,309.0934270367483,299.9750603489493,300.1417236328125,75791900,0.0,0.0,0.0
2023-03-23 00:00:00-04:00,303.8675904550272,308.0149637030301,301.01441620777365,303.7008972167969,74576000,0.0,0.0,0.0
2023-03-24 00:00:00-04:00,303.2791963397019,304.91656561068595,300.95548562765526,304.81854248046875,57195200,0.0,0.0,0.0
2023-03-27 00:00:00-04:00,305.51466616344624,306.59318988267137,301.8771283628504,302.7301330566406,50287400,0.0,0.0,0.0
2023-03-28 00:00:00-04:00,302.15170469311755,302.18111762074943,298.8180799796666,301.1221923828125,48585900,0.0,0.0,0.0
2023-03-29 00:00:00-04:00,304.8088215179433,307.2305860232359,303.99501385253745,306.6128845214844,53274300,0.0,0.0,0.0
2023-03-30 00:00:00-04:00,309.0836355781901,310.1425609016153,306.7010984828793,309.5150451660156,58354800,0.0,0.0,0.0
2023-03-31 00:00:00-04:00,309.74061323564194,314.89790053754314,309.43666960363504,314.6625671386719,62138100,0.0,0.0,0.0
2023-04-03 00:00:00-04:00,312.54468103976296,314.16248187414095,311.22106933395645,313.8977355957031,47126800,0.0,0.0,0.0
2023-04-04 00:00:00-04:00,314.3389865153161,315.3488703775505,311.62306288617054,312.8388671875,45875400,0.0,0.0,0.0
2023-04-05 00:00:00-04:00,311.8877854973382,312.82902914171353,307.93648914174224,309.7503662109375,62795700,0.0,0.0,0.0
2023-04-06 00:00:00-04:00,308.10318368556324,312.3290111128405,306.71093168392616,311.8387756347656,46916500,0.0,0.0,0.0
2023-04-10 00:00:00-04:00,308.9169555721336,311.71130345798,307.13249145734375,311.6622619628906,45134700,0.0,0.0,0.0
2023-04-11 00:00:00-04:00,311.623020452729,311.6818762284548,309.15224481441595,309.6620788574219,40113600,0.0,0.0,0.0
2023-04-12 00:00:00-04:00,311.61325472071314,312.2015432187939,306.46578272529894,306.9266052246094,62813300,0.0,0.0,0.0
2023-04-13 00:00:00-04:00,308.6816198925004,313.4074964995308,307.5050728431719,312.9368896484375,54613800,0.0,0.0,0.0
2023-04-14 00:00:00-04:00,311.38773010113204,314.10362355280955,309.44638706855096,312.3486022949219,56278300,0.0,0.0,0.0
2023-04-17 00:00:00-04:00,311.93678450997794,312.9662968210018,309.86800544803737,312.6133117675781,43007000,0.0,0.0,0.0
2023-04-18 00:00:00-04:00,314.7213730812334,315.14299834678144,311.436819206438,312.6329650878906,46746900,0.0,0.0,0.0
2023-04-19 00:00:00-04:00,310.23079927295413,313.5447956833242,310.1033332692326,312.4858703613281,38960100,0.0,0.0,0.0
2023-04-20 00:00:00-04:00,309.5248582838529,313.0349309116495,308.81891804476123,310.10333251953125,62462100,0.0,0.0,0.0
2023-04-21 00:00:00-04:00,309.7405682000311,311.2014602783377,307.96591824991697,310.4268798828125,59002300,0.0,0.0,0.0
2023-04-24 00:00:00-04:00,310.2013804516317,311.53480648026124,307.6129229773322,309.77978515625,44043100,0.0,0.0,0.0
2023-04-25 00:00:00-04:00,308.1521690047282,308.8188819521726,303.83810356851995,303.9361267089844,57121600,0.0,0.0,0.0
2023-04-26 00:00:00-04:00,307.3187345878107,308.7894406186017,305.2597401603852,305.7793884277344,55400500,0.0,0.0,0.0
2023-04-27 00:00:00-04:00,309.5346881769988,314.59389190375305,308.8973581277927,314.0938720703125,65430400,0.0,0.0,0.0
2023-04-28 00:00:00-04:00,313.8585458401216,316.34895046606647,312.7310102161416,316.2607116699219,59712600,0.0,0.0,0.0
2023-05-01 00:00:00-04:00,315.7998656277723,317.30979917765427,314.8193947369705,315.8979187011719,41013400,0.0,0.0,0.0
2023-05-02 00:00:00-04:00,315.82927236122555,316.1528445049361,311.4073391555542,313.1427917480469,56519400,0.0,0.0,0.0
2023-05-03 00:00:00-04:00,313.50554727108187,316.17242912025944,310.9857300617937,311.0935974121094,59882100,0.0,0.0,0.0
2023-05-04 00:00:00-04:00,310.8680562966972,312.01522024964464,308.9659406314772,309.9954528808594,50224500,0.0,0.0,0.0
2023-05-05 00:00:00-04:00,312.2506247472579,317.43732511695924,310.0347505407506,316.5843200683594,51806100,0.0,0.0,0.0
2023-05-08 00:00:00-04:00,316.12346497707074,317.71182316937643,315.0449409200732,317.36865234375,36465800,0.0,0.0,0.0
2023-05-09 00:00:00-04:00,315.7115977038759,316.57441679561487,315.04488474083917,315.358642578125,31768800,0.0,0.0,0.0
2023-05-10 00:00:00-04:00,317.7902142813276,319.64331859198467,315.3194384553814,318.7903137207031,60446600,0.0,0.0,0.0
2023-05-11 00:00:00-04:00,319.33941538088317,320.36889795809157,317.79025445103406,319.82965087890625,44278500,0.0,0.0,0.0
2023-05-12 00:00:00-04:00,320.3590001525392,320.78062531133344,316.6332233075497,318.6824035644531,48432800,0.0,0.0,0.0
2023-05-15 00:00:00-04:00,319.153140345519,320.64344556640407,317.63339226846205,320.40814208984375,33375600,0.0,0.0,0.0
2023-05-16 00:00:00-04:00,319.69235001284284,322.4768838719065,319.6531227974762,320.7708740234375,40019200,0.0,0.0,0.0
2023-05-17 00:00:00-04:00,321.82971232729614,325.231947057552,320.65316536956874,324.6534729003906,47486100,0.0,0.0,0.0
2023-05-18 00:00:00-04:00,325.04573295023215,330.89914597751476,325.0261343021408,330.6834411621094,64213500,0.0,0.0,0.0
2023-05-19 00:00:00-04:00,330.89910524485487,331.60504547004615,328.87933764086796,329.9382629394531,61554900,0.0,0.0,0.0
2023-05-22 00:00:00-04:00,329.6832435464237,332.05599559484415,329.6734292653876,331.0461120605469,43015900,0.0,0.0,0.0
2023-05-23 00:00:00-04:00,329.3303820426241,330.47751622935596,326.4968068043876,326.8497619628906,48216700,0.0,0.0,0.0
2023-05-24 00:00:00-04:00,324.89859560084017,326.40852897088314,323.1239458935844,325.1731262207031,62891200,0.0,0.0,0.0
2023-05-25 00:00:00-04:00,332.5169113394895,334.35038711270875,330.0951470491142,333.0855712890625,66862800,0.0,0.0,0.0
2023-05-26 00:00:00-04:00,334.1053167657876,342.4295062108616,334.0072636787585,341.5960998535156,63007000,0.0,0.0,0.0
2023-05-30 00:00:00-04:00,345.8218689368981,347.0180445839455,341.72350791991136,343.14520263671875,72652200,0.0,0.0,0.0
2023-05-31 00:00:00-04:00,341.56658390952646,343.7530444123163,339.7429227114912,341.1940002441406,65105400,0.0,0.0,0.0
2023-06-01 00:00:00-04:00,340.9391449728229,346.4591708137256,339.89003396512175,345.13555908203125,50488600,0.0,0.0,0.0
2023-06-02 00:00:00-04:00,346.89056232890925,348.8809168862117,345.13554111385764,347.7239685058594,53372100,0.0,0.0,0.0
2023-06-05 00:00:00-04:00,347.5082632141949,350.5183157925331,346.9396033079213,347.9690856933594,47266200,0.0,0.0,0.0
2023-06-06 00:00:00-04:00,347.3612474987813,348.8711811421313,346.0376057299433,347.9103088378906,41390400,0.0,0.0,0.0
2023-06-07 00:00:00-04:00,348.19461157771684,350.1457389597309,341.3803273223321,342.0078430175781,69225900,0.0,0.0,0.0
2023-06-08 00:00:00-04:00,342.3020294971403,346.7141489812165,342.0765403177783,346.2533264160156,47153900,0.0,0.0,0.0
2023-06-09 00:00:00-04:00,347.7044313479588,350.6752572454701,346.1356717824505,347.57696533203125,53196900,0.0,0.0,0.0
2023-06-12 00:00:00-04:00,349.23387789175763,353.5479431957721,348.26322142679237,353.44989013671875,44606500,0.0,0.0,0.0
2023-06-13 00:00:00-04:00,356.19521492658043,356.99917817359074,352.9988708163186,356.1658020019531,57097800,0.0,0.0,0.0
2023-06-14 00:00:00-04:00,356.1756899744658,359.0386784646019,353.3813715572253,358.75433349609375,69525600,0.0,0.0,0.0
2023-06-15 00:00:00-04:00,357.48939997725483,364.5095736308491,356.87172858350095,363.0290832519531,71138800,0.0,0.0,0.0
2023-06-16 00:00:00-04:00,365.44112352181685,365.5685895292292,360.3034654615523,360.7446594238281,80932000,0.0,0.0,0.0
2023-06-20 00:00:00-04:00,359.2955338568619,361.62243270223286,357.27299553777567,360.2282409667969,49204700,0.504,0.0,0.0
2023-06-21 00:00:00-04:00,359.0893529706541,359.5213543820634,354.39627396729355,355.3191833496094,53378300,0.0,0.0,0.0
2023-06-22 00:00:00-04:00,354.07223719849367,359.6685692880294,353.6696891244647,359.5115051269531,47603000,0.0,0.0,0.0
2023-06-23 00:00:00-04:00,355.6234937714139,358.244955150138,354.25878538521704,355.947509765625,48922900,0.0,0.0,0.0
2023-06-26 00:00:00-04:00,355.4173551920923,358.2057087478059,351.08754348498087,351.1759033203125,52685500,0.0,0.0,0.0
2023-06-27 00:00:00-04:00,352.71734684864873,357.94061440220145,351.9908127020582,357.21405029296875,49428100,0.0,0.0,0.0
2023-06-28 00:00:00-04:00,355.39768681283925,359.8551088807115,355.319124771365,357.9111328125,46498000,0.0,0.0,0.0
2023-06-29 00:00:00-04:00,357.61657056755206,358.2547747954641,355.55478139707867,357.19439697265625,46151000,0.0,0.0,0.0
2023-06-30 00:00:00-04:00,360.8664022946448,363.75294327955527,360.5522439954608,362.7024230957031,58712500,0.0,0.0,0.0
2023-07-03 00:00:00-04:00,363.340578916159,364.18492611888274,362.2605755477355,363.55657958984375,19432900,0.0,0.0,0.0
2023-07-05 00:00:00-04:00,361.9954971505115,365.245305048856,361.95621612900413,363.5467529296875,34460900,0.0,0.0,0.0
2023-07-06 00:00:00-04:00,359.84527769235706,361.21981366415815,357.8914440970398,360.7779846191406,49374700,0.0,0.0,0.0
2023-07-07 00:00:00-04:00,360.5522181880964,363.74311945992883,359.3544017429337,359.5802001953125,47133700,0.0,0.0,0.0
2023-07-10 00:00:00-04:00,359.3052777456709,360.3754533005734,356.8016596081861,359.697998046875,48498800,0.0,0.0,0.0
2023-07-11 00:00:00-04:00,360.1201872029611,361.92672448646726,357.9896339609882,361.47509765625,38214100,0.0,0.0,0.0
2023-07-12 00:00:00-04:00,365.56927551123067,367.38564065493074,363.56636297661527,366.0405578613281,61975400,0.0,0.0,0.0
2023-07-13 00:00:00-04:00,369.21182760798246,373.0801843408442,368.6325598689431,372.2554626464844,46960000,0.0,0.0,0.0
2023-07-14 00:00:00-04:00,372.6874743726871,375.89800141104195,371.30311043065103,372.17694091796875,55148500,0.0,0.0,0.0
2023-07-17 00:00:00-04:00,372.8936874560685,376.5264184720169,372.4126072265105,375.652587890625,40868900,0.0,0.0,0.0
2023-07-18 00:00:00-04:00,375.0143539359423,380.0903547968073,373.0900033607786,378.7256164550781,55262000,0.0,0.0,0.0
2023-07-19 00:00:00-04:00,379.78594454837105,380.92485432075136,377.3117498846138,378.63720703125,54093000,0.0,0.0,0.0
2023-07-20 00:00:00-04:00,375.65250309531353,377.11542891158786,368.8878082777799,369.9089050292969,71941700,0.0,0.0,0.0
2023-07-21 00:00:00-04:00,372.284933860149,373.011497977501,368.3674981325286,368.79949951171875,60499600,0.0,0.0,0.0
2023-07-24 00:00:00-04:00,369.7715034644116,370.7140383490684,367.5329643866993,369.38861083984375,40380100,0.0,0.0,0.0
2023-07-25 00:00:00-04:00,370.095471695657,373.5514524681498,370.0758162038911,371.8921813964844,38894400,0.0,0.0,0.0
2023-07-26 00:00:00-04:00,370.8514349435012,372.3437840512976,368.3576146252527,370.6550598144531,47075700,0.0,0.0,0.0
2023-07-27 00:00:00-04:00,376.10414657619555,377.71430874014,368.48524717263786,369.77142333984375,63940200,0.0,0.0,0.0
2023-07-28 00:00:00-04:00,373.8165183428045,377.52778067210954,373.3059849403435,376.5067138671875,56902900,0.0,0.0,0.0
2023-07-31 00:00:00-04:00,376.81107927911904,377.8812548630225,375.3874344407064,376.70306396484375,44019900,0.0,0.0,0.0
2023-08-01 00:00:00-04:00,375.3579413310286,376.58521090195285,373.7674047611325,375.8292236328125,41060600,0.0,0.0,0.0
2023-08-02 00:00:00-04:00,372.3634693955508,372.3634693955508,366.3449337556179,367.58203125,72687100,0.0,0.0,0.0
2023-08-03 00:00:00-04:00,365.17655478026666,369.1136455509128,365.0096329181413,366.992919921875,47666400,0.0,0.0,0.0
2023-08-04 00:00:00-04:00,368.9172778959113,371.22455096243897,364.7740141219679,365.2747497558594,61702800,0.0,0.0,0.0
2023-08-07 00:00:00-04:00,367.08125548194647,368.465619202289,364.75435708743095,368.367431640625,37230400,0.0,0.0,0.0
2023-08-08 00:00:00-04:00,365.86388069013714,365.88350622101325,362.1133368704618,365.2355041503906,44726500,0.0,0.0,0.0
2023-08-09 00:00:00-04:00,365.5202065601103,365.6773006810435,360.46386126579614,361.2198486328125,51150900,0.0,0.0,0.0
2023-08-10 00:00:00-04:00,364.2242387992854,367.55257905736823,360.36570957559326,361.88751220703125,72035300,0.0,0.0,0.0
2023-08-11 00:00:00-04:00,359.3347462513254,361.3082055490264,358.05839772764824,359.5802001953125,48707200,0.0,0.0,0.0
2023-08-14 00:00:00-04:00,358.78493171571785,363.7332916146843,358.0682253755608,363.615478515625,42130800,0.0,0.0,0.0
2023-08-15 00:00:00-04:00,362.64349965171095,363.4387980814516,359.08933095428296,359.7569885253906,45539900,0.0,0.0,0.0
2023-08-16 00:00:00-04:00,359.2169432074904,360.7485734638324,355.84932219275373,355.947509765625,53190500,0.0,0.0,0.0
2023-08-17 00:00:00-04:00,357.34168326886675,357.68532480398335,351.647163405317,352.05950927734375,62604300,0.0,0.0,0.0
2023-08-18 00:00:00-04:00,348.7998996743189,352.87442935667116,348.25988299283443,351.6177062988281,61191400,0.0,0.0,0.0
2023-08-21 00:00:00-04:00,353.0805449920239,357.96017005026084,352.6190904305257,357.28271484375,50696500,0.0,0.0,0.0
2023-08-22 00:00:00-04:00,359.88458677069144,359.89441451720785,356.084964236424,356.7722473144531,44530200,0.0,0.0,0.0
2023-08-23 00:00:00-04:00,357.95041608652554,363.4878719658875,357.73441539699064,362.3980407714844,51770600,0.0,0.0,0.0
2023-08-24 00:00:00-04:00,365.86380691390167,365.96196451113144,354.4452858383608,354.6514587402344,66842500,0.0,0.0,0.0
2023-08-25 00:00:00-04:00,355.4859902059147,359.0892367672556,352.0594333032428,357.4005126953125,69960500,0.0,0.0,0.0
2023-08-28 00:00:00-04:00,360.3165577270277,361.02346627577947,357.6263921210798,360.09075927734375,40910000,0.0,0.0,0.0
2023-08-29 00:00:00-04:00,359.8943792008163,368.3085473758451,359.57039318662726,367.955078125,58492400,0.0,0.0,0.0
2023-08-30 00:00:00-04:00,368.0630432973823,370.58631662412114,367.06157219194955,370.00701904296875,41731500,0.0,0.0,0.0
2023-08-31 00:00:00-04:00,370.0856824532299,372.81512941771103,370.0169481501779,371.1165771484375,35730700,0.0,0.0,0.0
2023-09-01 00:00:00-04:00,373.48268511169425,373.9048586703322,369.241234110014,370.7237854003906,39801200,0.0,0.0,0.0
2023-09-05 00:00:00-04:00,369.91872038625877,372.41254085526,368.99581115669076,371.1950988769531,32344200,0.0,0.0,0.0
2023-09-06 00:00:00-04:00,370.4194490844054,370.7630905932581,365.9227460829165,367.9256286621094,42998700,0.0,0.0,0.0
2023-09-07 00:00:00-04:00,363.4780377595415,366.0700459878957,362.43731535463496,365.2944030761719,52060700,0.0,0.0,0.0
2023-09-08 00:00:00-04:00,365.2453193847222,368.0336727683794,364.8427712957329,365.804931640625,35800100,0.0,0.0,0.0
2023-09-11 00:00:00-04:00,368.82884473790983,370.6255540675028,366.86521357599537,370.1150207519531,39936600,0.0,0.0,0.0
2023-09-12 00:00:00-04:00,368.4459923260315,370.09546558722934,365.7263734362904,366.0111083984375,41391000,0.0,0.0,0.0
2023-09-13 00:00:00-04:00,366.2467380119388,369.0056379476659,365.11765586117525,367.4052734375,46300700,0.0,0.0,0.0
2023-09-14 00:00:00-04:00,369.1529144210235,371.3914532548078,367.0911252035005,370.4096374511719,48039400,0.0,0.0,0.0
2023-09-15 00:00:00-04:00,369.0743437036024,369.4768917364691,363.13434073585233,364.06707763671875,69811200,0.0,0.0,0.0
2023-09-18 00:00:00-04:00,363.12912120286626,365.55771796138555,362.8439740514249,364.4466552734375,36903500,0.536,0.0,0.0
2023-09-19 00:00:00-04:00,363.12912296972536,364.4663109860004,360.6513463421351,363.6698913574219,37621700,0.0,0.0,0.0
2023-09-20 00:00:00-04:00,364.73175154701113,365.0857024392768,358.35052346090663,358.42919921875,45514200,0.0,0.0,0.0
2023-09-21 00:00:00-04:00,354.7519562305208,355.5385639641375,351.69410305800875,351.8612365722656,69734800,0.0,0.0,0.0
2023-09-22 00:00:00-04:00,353.6015387690444,355.7351463260218,351.59572682123036,351.9103698730469,51589700,0.0,0.0,0.0
2023-09-25 00:00:00-04:00,350.94678014887995,353.6703658810679,349.9635431350388,353.58184814453125,39168000,0.0,0.0,0.0
2023-09-26 00:00:00-04:00,351.00573628756047,351.5465345938054,347.2891019532978,348.2723388671875,53657700,0.0,0.0,0.0
2023-09-27 00:00:00-04:00,349.4227979827455,350.9959833105589,345.47016572078735,349.0885009765625,56066000,0.0,0.0,0.0
2023-09-28 00:00:00-04:00,348.17404910105444,354.13249308803233,347.3186376888386,352.0086975097656,56453300,0.0,0.0,0.0
2023-09-29 00:00:00-04:00,355.47954776656724,356.8659156713895,351.03529689283533,352.26434326171875,64829600,0.0,0.0,0.0
2023-10-02 00:00:00-04:00,352.5298176765403,356.6004034300205,351.920215511054,355.2042236328125,51625100,0.0,0.0,0.0
2023-10-03 00:00:00-04:00,352.7658007713641,354.9584302769038,347.35799679443164,348.97052001953125,60478500,0.0,0.0,0.0
2023-10-04 00:00:00-04:00,349.80624903302026,354.5651129523319,349.3441264000491,353.71954345703125,54786700,0.0,0.0,0.0
2023-10-05 00:00:00-04:00,353.7096328364409,354.11276356619885,349.1867671008342,352.67724609375,45897400,0.0,0.0,0.0
2023-10-06 00:00:00-04:00,349.68832423044347,359.7763480828315,348.9017464277471,358.5866394042969,75049100,0.0,0.0,0.0
2023-10-09 00:00:00-04:00,356.22680543610494,360.9561737004849,354.7322957786889,360.4154052734375,45304800,0.0,0.0,0.0
2023-10-10 00:00:00-04:00,360.74970377173264,365.0562872829854,360.24827323010516,362.411376953125,46968800,0.0,0.0,0.0
2023-10-11 00:00:00-04:00,363.7387112131161,365.1840708551433,362.01804640146526,364.99725341796875,38215100,0.0,0.0,0.0
2023-10-12 00:00:00-04:00,365.49869589817166,367.4749818375131,361.3395926419249,363.7288513183594,49587900,0.0,0.0,0.0
2023-10-13 00:00:00-04:00,364.3581932101268,364.93829952047463,357.7606504137984,359.1568603515625,52469900,0.0,0.0,0.0
2023-10-16 00:00:00-04:00,360.4743506507929,364.26966114247915,360.3268710993312,363.21759033203125,44201100,0.0,0.0,0.0
2023-10-17 00:00:00-04:00,359.6779117993759,363.7190313290247,357.56395832563294,362.0278625488281,50999100,0.0,0.0,0.0
2023-10-18 00:00:00-04:00,359.5402716005428,361.74271278433133,355.95143269937324,357.27880859375,54280500,0.0,0.0,0.0
2023-10-19 00:00:00-04:00,358.6947159060048,359.88442436830707,353.1394324183459,353.93585205078125,72274200,0.0,0.0,0.0
2023-10-20 00:00:00-04:00,353.4343707855007,354.0046650604322,348.4296979547339,348.6558532714844,72559700,0.0,0.0,0.0
2023-10-23 00:00:00-04:00,347.33831149401016,353.2377334816468,345.23416991553404,349.7079162597656,60665200,0.0,0.0,0.0
2023-10-24 00:00:00-04:00,351.5170547266059,353.876817426417,349.825885957306,353.1098937988281,47082100,0.0,0.0,0.0
2023-10-25 00:00:00-04:00,350.72071984402413,350.8976953378742,343.88720932886326,344.4673156738281,71190500,0.0,0.0,0.0
2023-10-26 00:00:00-04:00,343.2677275767704,344.2018148133618,336.61122328900314,337.8992614746094,78621400,0.0,0.0,0.0
2023-10-27 00:00:00-04:00,340.6227965987471,342.99240143827143,338.3121835804546,339.5215759277344,63476700,0.0,0.0,0.0
2023-10-30 00:00:00-04:00,341.9993450062409,344.66393913377567,340.64250302235547,343.3464050292969,55298500,0.0,0.0,0.0
2023-10-31 00:00:00-04:00,343.37594042238726,345.3620687773173,340.8096757103359,344.9884338378906,47671900,0.0,0.0,0.0
2023-11-01 00:00:00-04:00,345.82413531822857,351.53674015994443,345.7258056123409,350.9762878417969,58992700,0.0,0.0,0.0
2023-11-02 00:00:00-04:00,355.4795119586807,357.5836235271316,354.2602776794732,357.34765625,58162400,0.0,0.0,0.0
2023-11-03 00:00:00-04:00,358.6357083226237,362.8341196576423,358.40955300253114,361.54608154296875,53280500,0.0,0.0,0.0
2023-11-06 00:00:00-05:00,362.3130641136368,363.5814484959267,360.7595625493423,363.02099609375,38848700,0.0,0.0,0.0
2023-11-07 00:00:00-05:00,364.06313450375467,367.31764640624897,362.86358422507635,366.4524230957031,50777400,0.0,0.0,0.0
2023-11-08 00:00:00-05:00,366.82605310659983,367.5241729930119,364.40729844641794,366.68841552734375,35663400,0.0,0.0,0.0
2023-11-09 00:00:00-05:00,367.3766485186777,368.5171769136638,363.37486714730926,363.8664855957031,53859400,0.0,0.0,0.0
2023-11-10 00:00:00-05:00,365.58727385920736,372.19462924141834,365.05631735361374,372.0471496582031,58309800,0.0,0.0,0.0
2023-11-13 00:00:00-05:00,370.47386757730806,371.93888106562486,368.949832265062,370.8868103027344,40733500,0.0,0.0,0.0
2023-11-14 00:00:00-05:00,377.2778882842763,379.7851608200815,376.7567738366485,378.8707275390625,67792600,0.0,0.0,0.0
2023-11-15 00:00:00-05:00,380.758534408368,381.2501529163194,377.7989813885765,379.1558532714844,54141400,0.0,0.0,0.0
2023-11-16 00:00:00-05:00,378.3889379647799,379.716313966797,377.13039575684087,379.4803466796875,45343500,0.0,0.0,0.0
2023-11-17 00:00:00-05:00,378.75274408316574,380.58158064011525,377.8481827803421,379.56884765625,46571900,0.0,0.0,0.0
2023-11-20 00:00:00-05:00,379.5787091248422,384.8488761209053,379.5787091248422,384.1900939941406,44429600,0.0,0.0,0.0
2023-11-21 00:00:00-05:00,382.4891168957975,382.7054302823693,380.2178413398027,381.9581604003906,43337000,0.0,0.0,0.0
2023-11-22 00:00:00-05:00,384.0229143712358,386.4810070765754,382.51856283580855,383.5214538574219,44121000,0.0,0.0,0.0
2023-11-24 00:00:00-05:00,383.11835048885297,383.7082987815847,381.9876337646269,382.980712890625,15718800,0.0,0.0,0.0
2023-11-27 00:00:00-05:00,382.4890407815765,384.5931523904098,381.7712669585099,382.6463623046875,34139700,0.0,0.0,0.0
2023-11-28 00:00:00-05:00,381.8991007507822,384.22936772512367,381.54511981469796,383.6492614746094,35491100,0.0,0.0,0.0
2023-11-29 00:00:00-05:00,386.1073622905768,387.53306802554647,382.93149579449295,383.275634765625,38811700,0.0,0.0,0.0
2023-11-30 00:00:00-05:00,383.54108852724886,384.0032111328756,379.35251917187975,382.3120422363281,52834400,0.0,0.0,0.0
2023-12-01 00:00:00-05:00,381.2501812749138,383.9934211550171,379.59835016677164,383.4034729003906,40490100,0.0,0.0,0.0
2023-12-04 00:00:00-05:00,379.6180219028473,380.1194824436904,376.2455257307844,379.84417724609375,51186900,0.0,0.0,0.0
2023-12-05 00:00:00-05:00,377.9465309509255,381.9876211111443,377.7695254647577,380.79791259765625,42933000,0.0,0.0,0.0
2023-12-06 00:00:00-05:00,383.72789633150694,383.8262260335149,378.2512890012092,378.59539794921875,41994100,0.0,0.0,0.0
2023-12-07 00:00:00-05:00,381.56479841909,384.7111388866254,380.4733897212856,383.8852233886719,49593500,0.0,0.0,0.0
2023-12-08 00:00:00-05:00,382.1547700647045,386.03853853703976,381.96795261854504,385.5960998535156,46687500,0.0,0.0,0.0
2023-12-11 00:00:00-05:00,385.17325786923954,389.1553857754819,384.9667864981938,388.889892578125,41198000,0.0,0.0,0.0
2023-12-12 00:00:00-05:00,388.92923880289453,392.10510522515955,387.7985222148973,391.98712158203125,39221200,0.0,0.0,0.0
2023-12-13 00:00:00-05:00,392.92120539708213,397.5817396526688,392.1542816587449,396.9721374511719,55408100,0.0,0.0,0.0
2023-12-14 00:00:00-05:00,398.19130332545933,399.48915327048627,393.62906956036386,396.6279602050781,55447800,0.0,0.0,0.0
2023-12-15 00:00:00-05:00,397.4046991174972,399.7251538984955,396.8049389871183,398.5452575683594,62896600,0.0,0.0,0.0
2023-12-18 00:00:00-05:00,398.93742692657247,401.9521395300037,398.6123238311212,401.05560302734375,46610000,0.808,0.0,0.0
2023-12-19 00:00:00-05:00,401.5088071382724,403.22304718535514,401.32161655083837,403.1048278808594,35711900,0.0,0.0,0.0
2023-12-20 00:00:00-05:00,402.30683565782135,404.3954569739908,396.9374781641633,397.11480712890625,54042400,0.0,0.0,0.0
2023-12-21 00:00:00-05:00,401.0359587502772,402.0999927788968,398.4842915003501,401.7354431152344,45568900,0.0,0.0,0.0
2023-12-22 00:00:00-05:00,402.94718451843084,403.9028306330073,400.46448897301167,402.33636474609375,34314000,0.0,0.0,0.0
2023-12-26 00:00:00-05:00,403.193525453894,405.46933745008045,403.09499933674465,404.7994079589844,22722500,0.0,0.0,0.0
2023-12-27 00:00:00-05:00,405.0812796090491,405.9092800502517,404.22367871610646,405.6234130859375,31980500,0.216,0.0,0.0
2023-12-28 00:00:00-05:00,406.7767912577995,407.023221079462,405.07148606245966,405.42633056640625,27029200,0.0,0.0,0.0
2023-12-29 00:00:00-05:00,405.40662850676097,405.761503093783,401.75945509998576,403.6717529296875,42662100,0.0,0.0,0.0
2024-01-02 00:00:00-05:00,400.04428571584305,400.2907155215089,394.5242520525762,396.8406982421875,58026900,0.0,0.0,0.0
2024-01-03 00:00:00-05:00,394.21863608310093,395.2733627494612,392.2077907594022,392.6414794921875,47002800,0.0,0.0,0.0
2024-01-04 00:00:00-05:00,390.77850725005516,393.8835165960706,390.40392915516384,390.62078857421875,39432800,0.0,0.0,0.0
2024-01-05 00:00:00-05:00,390.7883722130456,393.85394435511137,389.6942083051742,391.0840759277344,44922800,0.0,0.0,0.0
2024-01-08 00:00:00-05:00,392.30639505959294,399.45285962898345,392.1585431883032,399.1670227050781,42473800,0.0,0.0,0.0
2024-01-09 00:00:00-05:00,396.1704385072998,400.88217545140054,395.9732826190553,399.9555969238281,39132900,0.0,0.0,0.0
2024-01-10 00:00:00-05:00,400.2709695281349,403.6716824367077,399.383828338149,402.666259765625,33962800,0.0,0.0,0.0
2024-01-11 00:00:00-05:00,403.9378386838797,405.3277062256267,398.4670796261402,403.5041198730469,54536200,0.0,0.0,0.0
2024-01-12 00:00:00-05:00,404.5391516370874,405.3770189692426,402.32128344819796,403.7111511230469,39595000,0.0,0.0,0.0
2024-01-16 00:00:00-05:00,402.47904101133224,405.2489098105029,401.020165632269,403.6717529296875,43903000,0.0,0.0,0.0
2024-01-17 00:00:00-05:00,400.369557587937,401.7692619253495,397.1659703728697,401.3946838378906,54386000,0.0,0.0,0.0
2024-01-18 00:00:00-05:00,404.65743545684825,407.6737338045604,403.3168717830929,407.0921630859375,59562500,0.0,0.0,0.0
2024-01-19 00:00:00-05:00,409.2903439220986,415.3229408561365,408.7087731804722,415.16522216796875,70325100,0.0,0.0,0.0
2024-01-22 00:00:00-05:00,417.3633373322154,418.6644937937395,415.1060321184477,415.70733642578125,44880600,0.0,0.0,0.0
2024-01-23 00:00:00-05:00,416.3973498492195,417.64923247175653,414.5639265966631,417.432373046875,33003800,0.0,0.0,0.0
2024-01-24 00:00:00-05:00,421.3357721639732,423.7113587915539,419.2558892320418,419.7487487792969,46948000,0.0,0.0,0.0
2024-01-25 00:00:00-05:00,422.2426581747515,422.91297008670307,417.9252333872892,420.2613830566406,44367200,0.0,0.0,0.0
2024-01-26 00:00:00-05:00,418.3786067074447,420.1233186412115,417.1070206774743,417.7575988769531,37137000,0.0,0.0,0.0
2024-01-29 00:00:00-05:00,418.21101920709174,422.23276986047324,417.5604410107577,422.0356140136719,38694700,0.0,0.0,0.0
2024-01-30 00:00:00-05:00,421.0006920698981,421.5723959912881,418.31953454242796,419.22637939453125,36739000,0.0,0.0,0.0
2024-01-31 00:00:00-05:00,414.83991498252755,416.8310568585981,410.83789759483614,411.01531982421875,64010600,0.0,0.0,0.0
2024-02-01 00:00:00-05:00,412.80932557002757,416.3480536600138,411.8433099868885,415.8551940917969,51008600,0.0,0.0,0.0
2024-02-02 00:00:00-05:00,417.7477737801536,424.0958076653043,416.7522178703175,422.8833923339844,59602400,0.0,0.0,0.0
2024-02-05 00:00:00-05:00,422.9425620148611,423.47482874620573,418.9306774838046,422.3314208984375,39889200,0.0,0.0,0.0
2024-02-06 00:00:00-05:00,423.47478440731186,424.07608872396537,419.1474930343102,421.483642578125,35846100,0.0,0.0,0.0
2024-02-07 00:00:00-05:00,424.2634385911702,426.64886240116317,422.96228192293853,425.82086181640625,37712700,0.0,0.0,0.0
2024-02-08 00:00:00-05:00,425.939093623751,427.3683984446145,425.2589750756409,426.6094055175781,29889900,0.0,0.0,0.0
2024-02-09 00:00:00-05:00,427.7429909674589,431.5971566394753,426.95442764216807,430.8085632324219,36943900,0.0,0.0,0.0
2024-02-12 00:00:00-05:00,430.7001731799207,432.8687675710771,428.4428676657303,429.1230163574219,33203300,0.0,0.0,0.0
2024-02-13 00:00:00-05:00,421.17807914380745,425.11108894421386,419.2559147597717,422.429931640625,64491700,0.0,0.0,0.0
2024-02-14 00:00:00-05:00,425.1012326116575,427.45708563986375,422.7552163189453,427.0332336425781,45092700,0.0,0.0,0.0
2024-02-15 00:00:00-05:00,427.7232693956781,428.7681292944683,425.1702303097586,428.3048400878906,38796100,0.0,0.0,0.0
2024-02-16 00:00:00-05:00,428.6794261127702,428.777973964782,423.711393051843,424.4211120605469,53716500,0.0,0.0,0.0
2024-02-20 00:00:00-05:00,422.42991403651456,423.9380630768234,417.45204454629345,421.2174987792969,53999500,0.0,0.0,0.0
2024-02-21 00:00:00-05:00,418.4870614733529,419.62066258394424,415.60877834354727,419.53192138671875,49779000,0.0,0.0,0.0
2024-02-22 00:00:00-05:00,428.28513422589566,432.8490190270904,427.5162744376483,431.81402587890625,53887800,0.0,0.0,0.0
2024-02-23 00:00:00-05:00,433.37145936679343,434.2980378621783,429.5665975263201,430.5424499511719,39853900,0.0,0.0,0.0
2024-02-26 00:00:00-05:00,431.35066637188095,432.3363854311943,430.12835428273667,430.3156433105469,33043200,0.0,0.0,0.0
2024-02-27 00:00:00-05:00,431.4197155682474,431.73512283553583,428.81740256122896,431.3507080078125,33713200,0.0,0.0,0.0
2024-02-28 00:00:00-05:00,429.211673748807,430.4339859261525,428.0978063183257,429.053955078125,32938800,0.0,0.0,0.0
2024-02-29 00:00:00-05:00,431.97175042801547,433.80517376266243,428.8075700303294,432.7307434082031,42495200,0.0,0.0,0.0
2024-03-01 00:00:00-05:00,433.61785930360793,440.202456176591,433.5587185596165,439.2463073730469,43853000,0.0,0.0,0.0
2024-03-04 00:00:00-05:00,439.2462753607759,439.67015743750454,437.432555819778,437.6789855957031,34325700,0.0,0.0,0.0
2024-03-05 00:00:00-05:00,434.64296507032464,434.6528318870952,427.457064694289,429.8227844238281,57917100,0.0,0.0,0.0
2024-03-06 00:00:00-05:00,434.03186124713403,435.67799537388134,430.65085179861904,432.5237121582031,46234500,0.0,0.0,0.0
2024-03-07 00:00:00-05:00,436.10186480922084,440.34044497796555,434.56411531208056,439.0885925292969,44526700,0.0,0.0,0.0
2024-03-08 00:00:00-05:00,439.4434689579782,442.233071106835,432.08014541762924,432.75042724609375,72096000,0.0,0.0,0.0
2024-03-11 00:00:00-04:00,431.26201928456317,432.3955903546936,429.22157330927075,431.14373779296875,45860000,0.0,0.0,0.0
2024-03-12 00:00:00-04:00,433.4502887102569,437.6790021663658,430.2269678667938,437.32415771484375,55300900,0.0,0.0,0.0
2024-03-13 00:00:00-04:00,436.3285493906767,436.3482830248126,432.8489622045044,433.96282958984375,37928700,0.0,0.0,0.0
2024-03-14 00:00:00-04:00,435.19502676907297,435.7174567417653,430.158016096677,432.8687438964844,52195200,0.0,0.0,0.0
2024-03-15 00:00:00-04:00,429.84258742549446,432.60258920840687,426.56012557756156,427.7232971191406,73069800,0.0,0.0,0.0
2024-03-18 00:00:00-04:00,433.0363904244328,435.3164099799992,431.56570642305184,431.8026123046875,47323800,0.573,0.0,0.0
2024-03-19 00:00:00-04:00,429.79897352411336,433.2831618565317,427.70646045459057,432.87847900390625,43004100,0.0,0.0,0.0
2024-03-20 00:00:00-04:00,434.07277599109307,438.34657038066183,432.3750959996177,438.010986328125,43653500,0.0,0.0,0.0
2024-03-21 00:00:00-04:00,443.05468775339364,443.50870969307005,439.8863537969903,440.083740234375,39345700,0.0,0.0,0.0
2024-03-22 00:00:00-04:00,439.57049567083743,441.68270825024166,438.72164062042333,440.5871276855469,28253900,0.0,0.0,0.0
2024-03-25 00:00:00-04:00,437.7938097715771,440.46866238486956,436.79693754756283,438.9881286621094,27789200,0.0,0.0,0.0
2024-03-26 00:00:00-04:00,440.50820279149525,441.4261567611718,437.3398684748283,437.56689453125,34142000,0.0,0.0,0.0
2024-03-27 00:00:00-04:00,440.6463730296431,440.74508131419196,436.1948914538814,439.0572509765625,41359200,0.0,0.0,0.0
2024-03-28 00:00:00-04:00,439.0078908107103,439.8567458712152,437.8925505041075,438.2478942871094,36839600,0.0,0.0,0.0
2024-04-01 00:00:00-04:00,439.19541930424367,441.7221945881504,437.2707133093092,439.1756896972656,38729000,0.0,0.0,0.0
2024-04-02 00:00:00-04:00,434.36889648212224,435.7013830284785,432.34551218244235,435.3855285644531,44259700,0.0,0.0,0.0
2024-04-03 00:00:00-04:00,433.2634359657518,438.23803834860485,433.25358622230976,436.3627014160156,39949800,0.0,0.0,0.0
2024-04-04 00:00:00-04:00,440.53776750365273,441.1497467951012,429.4633731365682,429.6903991699219,57267700,0.0,0.0,0.0
2024-04-05 00:00:00-04:00,431.1116991543282,437.4187875750618,430.3023334511116,434.7538146972656,54744600,0.0,0.0,0.0
2024-04-08 00:00:00-04:00,435.68162696824743,436.7574779320718,433.5003155689901,434.88214111328125,28144900,0.0,0.0,0.0
2024-04-09 00:00:00-04:00,437.21150450507577,437.48786961686346,431.7631508206015,436.4909973144531,39443600,0.0,0.0,0.0
2024-04-10 00:00:00-04:00,431.3288751692714,433.5397961490954,430.618217694108,432.68109130859375,61502200,0.0,0.0,0.0
2024-04-11 00:00:00-04:00,434.54659973375743,440.53780430215016,432.2764295752059,439.59027099609375,45474600,0.0,0.0,0.0
2024-04-12 00:00:00-04:00,435.37562694426873,436.50081692117146,431.2103908260492,432.58233642578125,53665000,0.0,0.0,0.0
2024-04-15 00:00:00-04:00,436.3232218411674,436.41205026337076,424.6269976397498,425.4659729003906,63453600,0.0,0.0,0.0
2024-04-16 00:00:00-04:00,425.3079850646451,428.1308850502258,424.12357614915464,425.5054016113281,47619000,0.0,0.0,0.0
2024-04-17 00:00:00-04:00,427.4795147646805,427.4992443738808,419.38591700451707,420.313720703125,56880500,0.0,0.0,0.0
2024-04-18 00:00:00-04:00,420.9552383732777,422.68252783849687,417.3427322200064,417.91522216796875,46549400,0.0,0.0,0.0
2024-04-19 00:00:00-04:00,416.7406271666546,417.2637478692342,407.7093776191024,409.26885986328125,75231000,0.0,0.0,0.0
2024-04-22 00:00:00-04:00,411.89438243688096,415.71415492772303,408.5681212264379,413.3847961425781,47807700,0.0,0.0,0.0
2024-04-23 00:00:00-04:00,415.3094351947631,420.74793866085747,413.43409852003464,419.55364990234375,44384700,0.0,0.0,0.0
2024-04-24 00:00:00-04:00,422.64304601856844,424.1531892368131,418.6949560235198,420.9749755859375,48440300,0.0,0.0,0.0
2024-04-25 00:00:00-04:00,413.799362808419,419.8004773400626,412.7136619994115,418.9417724609375,57392200,0.0,0.0,0.0
2024-04-26 00:00:00-04:00,422.0705668137359,426.93658062696824,421.3796691199886,425.4067077636719,41874900,0.0,0.0,0.0
2024-04-29 00:00:00-04:00,427.5091066132523,428.13093567514335,424.3999914253364,427.134033203125,30022200,0.0,0.0,0.0
2024-04-30 00:00:00-04:00,425.55472945802904,426.9464347472743,419.0009159582847,419.0798645019531,43665900,0.0,0.0,0.0
2024-05-01 00:00:00-04:00,417.6585952639436,424.5579035239852,415.200918698871,416.04974365234375,52251700,0.0,0.0,0.0
2024-05-02 00:00:00-04:00,419.7806517948606,422.2580878768443,415.1712736472869,421.3598937988281,36559000,0.0,0.0,0.0
2024-05-03 00:00:00-04:00,428.8020708971148,430.8156052949475,427.00568266102414,429.8285827636719,48515300,0.0,0.0,0.0
2024-05-06 00:00:00-04:00,431.6249232146083,434.6254800209233,430.85504687658084,434.5366516113281,30227200,0.0,0.0,0.0
2024-05-07 00:00:00-04:00,434.98081676813763,436.23432446759745,433.87532629408076,434.6057434082031,30996100,0.0,0.0,0.0
2024-05-08 00:00:00-04:00,431.99018332208914,435.7507369202291,431.8717153110877,434.3491516113281,24896700,0.0,0.0,0.0
2024-05-09 00:00:00-04:00,434.61561342772563,435.86915130720604,432.7698861328622,435.2966613769531,24580100,0.0,0.0,0.0
2024-05-10 00:00:00-04:00,436.7969628147865,438.54398186494984,434.78342840132655,436.32318115234375,27116600,0.0,0.0,0.0
2024-05-13 00:00:00-04:00,438.2281196461856,438.32682792263495,435.91849056064825,437.3299255371094,22994200,0.0,0.0,0.0
2024-05-14 00:00:00-04:00,436.90557226714265,440.6760060388932,436.7180355529455,440.14300537109375,34478300,0.0,0.0,0.0
2024-05-15 00:00:00-04:00,442.6105298202424,447.2692776184925,441.1003864725861,447.02252197265625,41464700,0.0,0.0,0.0
2024-05-16 00:00:00-04:00,446.8350091997646,448.7893248631938,445.9466948514933,446.114501953125,34780400,0.0,0.0,0.0
2024-05-17 00:00:00-04:00,446.24277267953175,446.8448721279926,443.7061474930174,445.8973388671875,35803700,0.0,0.0,0.0
2024-05-20 00:00:00-04:00,446.11447031915947,449.66772746028334,445.9269336218566,449.0064392089844,24474200,0.0,0.0,0.0
2024-05-21 00:00:00-04:00,447.16069547726266,450.0723938681792,446.9632789226248,449.8848571777344,23167700,0.0,0.0,0.0
2024-05-22 00:00:00-04:00,450.1414844113186,450.89163115932746,447.2001464818163,449.7960205078125,25120000,0.0,0.0,0.0
2024-05-23 00:00:00-04:00,454.57321360339853,454.6028230744019,445.98613567551195,447.77264404296875,40899200,0.0,0.0,0.0
2024-05-24 00:00:00-04:00,449.38147458920713,453.2703455808259,447.6837947140764,452.0069580078125,29669500,0.0,0.0,0.0
2024-05-28 00:00:00-04:00,453.22099679305967,453.7737269985474,450.7633203393182,453.7145080566406,26216800,0.0,0.0,0.0
2024-05-29 00:00:00-04:00,449.569068292941,452.29323020811563,449.4308706694951,450.5166015625,29739200,0.0,0.0,0.0
2024-05-30 00:00:00-04:00,449.58875340539146,449.72695101515984,444.3673958922953,445.69000244140625,30536800,0.0,0.0,0.0
2024-05-31 00:00:00-04:00,445.91705276915746,446.6079806125884,437.310214806021,444.8609313964844,55941300,0.0,0.0,0.0
2024-06-03 00:00:00-04:00,448.67085714771804,449.66772946137996,442.08740334832584,447.2495422363281,32997500,0.0,0.0,0.0
2024-06-04 00:00:00-04:00,446.99291582101387,449.667738607721,445.2755061521262,448.47344970703125,23767400,0.0,0.0,0.0
2024-06-05 00:00:00-04:00,452.03659383490276,457.5935054345104,448.51291613698316,457.5145568847656,33817400,0.0,0.0,0.0
2024-06-06 00:00:00-04:00,458.1956341727769,458.51148863504653,456.1919794926597,457.3566589355469,21966800,0.0,0.0,0.0
2024-06-07 00:00:00-04:00,456.9914851894887,459.6959176011771,455.84653530531455,456.9519958496094,25829700,0.0,0.0,0.0
2024-06-10 00:00:00-04:00,455.8267511302652,459.1530122303262,455.5405061631022,458.79766845703125,20660800,0.0,0.0,0.0
2024-06-11 00:00:00-04:00,457.5244170328643,462.06472654674013,456.0340034223969,461.9462585449219,22053300,0.0,0.0,0.0
2024-06-12 00:00:00-04:00,465.8647623031118,470.3162436288159,465.1738645931589,467.9967346191406,34532600,0.0,0.0,0.0
2024-06-13 00:00:00-04:00,471.52046993314633,472.1817883738638,468.2633071789425,470.533447265625,25859000,0.0,0.0,0.0
2024-06-14 00:00:00-04:00,470.3359804995687,473.04044280266436,469.87207869046944,472.9713439941406,23372600,0.0,0.0,0.0
2024-06-17 00:00:00-04:00,473.23783479875635,480.54179582054763,471.93498789371336,478.7651672363281,37054500,0.0,0.0,0.0
2024-06-18 00:00:00-04:00,478.7158825786927,479.59431710603627,477.1563698667396,478.91326904296875,24438600,0.0,0.0,0.0
2024-06-20 00:00:00-04:00,480.1075451466503,480.5220777695532,473.395773410486,475.2217712402344,33918700,0.0,0.0,0.0
2024-06-21 00:00:00-04:00,474.94541933585094,476.2779059039156,472.4581331645929,473.9485168457031,37456800,0.0,0.0,0.0
2024-06-24 00:00:00-04:00,472.7246525378525,474.4546875761485,468.41440829518933,468.55279541015625,37751000,0.762,0.0,0.0
2024-06-25 00:00:00-04:00,470.63868428284394,474.20748452230674,469.699510446452,473.9109191894531,29014700,0.0,0.0,0.0
2024-06-26 00:00:00-04:00,473.0904048395707,475.4333918119505,472.6752133443042,474.8896484375,22737100,0.0,0.0,0.0
2024-06-27 00:00:00-04:00,474.6424870183552,477.5885001823093,473.831834848692,476.115478515625,26222100,0.0,0.0,0.0
2024-06-28 00:00:00-04:00,476.9064129094044,481.64177448072894,473.0014645494963,473.64404296875,34881600,0.0,0.0,0.0
2024-07-01 00:00:00-04:00,474.5634099490614,476.9854407051725,470.82653577529436,476.4219665527344,24898300,0.0,0.0,0.0
2024-07-02 00:00:00-04:00,474.92920257120903,481.4835684420996,474.8006808608911,481.42425537109375,26723600,0.0,0.0,0.0
2024-07-03 00:00:00-04:00,480.67293969761215,485.56647948026034,480.67293969761215,485.4379577636719,18064900,0.0,0.0,0.0
2024-07-05 00:00:00-04:00,486.2782373097051,490.93449434748237,485.9816417886156,490.49951171875,28495900,0.0,0.0,0.0
2024-07-08 00:00:00-04:00,490.8652895174296,492.21965491627554,489.84704157622735,491.6660461425781,22109400,0.0,0.0,0.0
2024-07-09 00:00:00-04:00,493.1786126365114,494.295725803935,490.578612291676,492.0911560058594,25614500,0.0,0.0,0.0
2024-07-10 00:00:00-04:00,494.0089714465548,497.77550204894317,492.70405380285695,497.2218933105469,28046900,0.0,0.0,0.0
2024-07-11 00:00:00-04:00,497.33070265719795,497.53829841203435,485.1314879153913,486.3177795410156,49966600,0.0,0.0,0.0
2024-07-12 00:00:00-04:00,486.89113058774603,493.92000053484,486.42649145110255,489.1747741699219,37109400,0.0,0.0,0.0
2024-07-15 00:00:00-04:00,490.9443676264422,495.2941939835856,488.4531281241457,490.4896240234375,31151400,0.0,0.0,0.0
2024-07-16 00:00:00-04:00,491.942824926014,492.75347707724274,487.52382036527973,490.67742919921875,25950600,0.0,0.0,0.0
2024-07-17 00:00:00-04:00,482.70945242423363,483.223509138995,476.2045336825327,476.2737121582031,56268800,0.0,0.0,0.0
2024-07-18 00:00:00-04:00,479.9907534784537,480.1686926795042,470.83638798961687,474.0196533203125,49347400,0.0,0.0,0.0
2024-07-19 00:00:00-04:00,473.6835723378071,476.19460298928004,468.53301949271196,469.81817626953125,42042900,0.0,0.0,0.0
2024-07-22 00:00:00-04:00,475.67058279247493,477.83560010416363,472.2599308166882,476.8173522949219,40300000,0.0,0.0,0.0
2024-07-23 00:00:00-04:00,475.9178059832294,478.9033412536784,474.6623057227202,475.1368103027344,23282500,0.0,0.0,0.0
2024-07-24 00:00:00-04:00,468.4143404864442,468.78011444305554,457.23337521393535,458.09344482421875,58818600,0.0,0.0,0.0
2024-07-25 00:00:00-04:00,458.4295521028487,462.60140853428965,450.431852223762,453.0417175292969,59256800,0.0,0.0,0.0
2024-07-26 00:00:00-04:00,457.3717538983708,460.61433212005596,454.5246061584693,457.6881103515625,39992100,0.0,0.0,0.0
2024-07-29 00:00:00-04:00,460.3968919638833,462.5718051093693,456.35355676245223,458.6075439453125,28218500,0.0,0.0,0.0
2024-07-30 00:00:00-04:00,460.5352986729321,461.23719010265324,448.9687675027151,452.3102111816406,41317200,0.0,0.0,0.0
2024-07-31 00:00:00-04:00,462.53223532259034,467.3961180940794,461.08890038272096,465.69573974609375,44552100,0.0,0.0,0.0
2024-08-01 00:00:00-04:00,466.3778859810745,470.12462564471286,450.7779149807164,454.4159240722656,56653900,0.0,0.0,0.0
2024-08-02 00:00:00-04:00,445.7460017404434,448.39541951664893,439.39923152251373,443.6304016113281,66323200,0.0,0.0,0.0
2024-08-05 00:00:00-04:00,419.8646276295471,437.24408061547723,418.6190230324202,430.40301513671875,87483500,0.0,0.0,0.0
2024-08-06 00:00:00-04:00,432.24178552207377,441.9695203063942,429.6022334730999,434.5155334472656,63164400,0.0,0.0,0.0
2024-08-07 00:00:00-04:00,441.3961679939365,443.8775420816124,429.4144449590627,429.80987548828125,54929200,0.0,0.0,0.0
2024-08-08 00:00:00-04:00,436.0281249608099,443.8676476028843,432.16272892667297,442.9581604003906,47890100,0.0,0.0,0.0
2024-08-09 00:00:00-04:00,441.6433101631058,446.9026236253443,440.52619705961143,445.2714538574219,33574000,0.0,0.0,0.0
2024-08-12 00:00:00-04:00,446.24027276517336,449.1862557378928,443.43264672667567,446.2303771972656,27795000,0.0,0.0,0.0
2024-08-13 00:00:00-04:00,450.6197246538681,457.569520764925,450.48130738101344,457.3025817871094,40084500,0.0,0.0,0.0
2024-08-14 00:00:00-04:00,458.22199728151236,459.80371934391326,453.17027967377,457.4508972167969,34733700,0.0,0.0,0.0
2024-08-15 00:00:00-04:00,463.41210698599923,469.4029683616572,463.0364374328367,469.0075378417969,38280600,0.0,0.0,0.0
2024-08-16 00:00:00-04:00,467.2280866861824,470.97485673244137,466.26915177205547,469.610595703125,38383600,0.0,0.0,0.0
2024-08-19 00:00:00-04:00,469.7489746870242,475.81891001240314,467.9694921188847,475.77935791015625,23737700,0.0,0.0,0.0
2024-08-20 00:00:00-04:00,474.8698839121025,477.4303320117781,473.09040129461954,474.7809143066406,29209300,0.0,0.0,0.0
2024-08-21 00:00:00-04:00,475.5618916978181,478.84402246098443,473.8516478454202,476.995361328125,25658800,0.0,0.0,0.0
2024-08-22 00:00:00-04:00,479.30863530084486,480.0006613262973,468.4044737172152,469.4326171875,37739600,0.0,0.0,0.0
2024-08-23 00:00:00-04:00,473.77252563936634,477.23259548647326,469.85771220264724,474.52386474609375,36061500,0.0,0.0,0.0
2024-08-26 00:00:00-04:00,473.9801181814182,474.8995008639747,467.84094439151784,469.9169921875,27452600,0.0,0.0,0.0
2024-08-27 00:00:00-04:00,468.2858788727974,472.3885272907832,466.3284569721206,471.32086181640625,27510000,0.0,0.0,0.0
2024-08-28 00:00:00-04:00,470.8561778132263,471.57783018305867,462.5520165904531,465.9725341796875,37372400,0.0,0.0,0.0
2024-08-29 00:00:00-04:00,467.88057114078083,472.47751545640745,464.0151748609702,465.29046630859375,41081500,0.0,0.0,0.0
2024-08-30 00:00:00-04:00,469.62047764039335,471.45924320433073,465.14215970468916,470.83642578125,33466500,0.0,0.0,0.0
2024-09-03 00:00:00-04:00,467.8014521120676,467.9299436488924,454.16876856274877,456.5413818359375,44985200,0.0,0.0,0.0
2024-09-04 00:00:00-04:00,453.4372324539809,459.15128956114927,452.50795412085876,455.3550720214844,32505100,0.0,0.0,0.0
2024-09-05 00:00:00-04:00,453.733790471333,460.05087375136264,452.7155425486622,455.7801818847656,34452400,0.0,0.0,0.0
2024-09-06 00:00:00-04:00,455.0782322799744,455.9580930423161,443.0767492583787,443.571044921875,50624400,0.0,0.0,0.0
2024-09-09 00:00:00-04:00,447.8912161145642,450.2638294345581,444.6881896410432,449.2752380371094,32981200,0.0,0.0,0.0
2024-09-10 00:00:00-04:00,451.03493317073963,453.93152891747957,447.07070215006615,453.4273376464844,29680300,0.0,0.0,0.0
2024-09-11 00:00:00-04:00,454.6629993795698,464.0150640331382,446.13145217808164,463.27362060546875,57843000,0.0,0.0,0.0
2024-09-12 00:00:00-04:00,463.30332782224303,468.63184965336313,461.5238754689245,467.8211975097656,40067800,0.0,0.0,0.0
2024-09-13 00:00:00-04:00,467.08963550710143,471.09341826624285,466.8622486435972,469.9169921875,29111800,0.0,0.0,0.0
2024-09-16 00:00:00-04:00,467.79155539938006,468.4538947261113,464.52921592790534,467.8409729003906,22585600,0.0,0.0,0.0
2024-09-17 00:00:00-04:00,470.85620880166687,472.1512611288473,465.5968952856612,468.088134765625,30084400,0.0,0.0,0.0
2024-09-18 00:00:00-04:00,469.2844024535134,473.367260052624,465.45852796270196,466.06158447265625,39909200,0.0,0.0,0.0
2024-09-19 00:00:00-04:00,477.10407647667364,480.68280265250814,475.0082675559693,477.84552001953125,52782500,0.0,0.0,0.0
2024-09-20 00:00:00-04:00,476.98545265824833,478.1717744003599,472.84325229843876,476.93603515625,34577700,0.0,0.0,0.0
2024-09-23 00:00:00-04:00,478.11116171555886,479.2892410929773,476.7746818104745,478.20025634765625,24843000,0.677,0.0,0.0
2024-09-24 00:00:00-04:00,479.60601096752043,481.4572699249202,475.3590157870661,480.50689697265625,25952600,0.0,0.0,0.0
2024-09-25 00:00:00-04:00,479.88316613902225,482.90262496877455,479.7049768893712,480.9523620605469,26549900,0.0,0.0,0.0
2024-09-26 00:00:00-04:00,488.4267141196481,488.75342462979467,480.93255387516143,484.5657958984375,32020200,0.0,0.0,0.0
2024-09-27 00:00:00-04:00,485.5855047993006,485.7241165908211,480.69499801189994,481.8730773925781,22851100,0.0,0.0,0.0
2024-09-30 00:00:00-04:00,480.91277604803815,483.5164298674452,478.0814460255324,483.1798400878906,30281100,0.0,0.0,0.0
2024-10-01 00:00:00-04:00,482.8135659492625,483.1105480539154,472.6167473202181,476.4479675292969,42735400,0.0,0.0,0.0
2024-10-02 00:00:00-04:00,475.54705906940643,479.03181006240953,472.93352603646395,477.12115478515625,23744000,0.0,0.0,0.0
2024-10-03 00:00:00-04:00,474.9332698898792,479.69507402371687,474.1907844609631,476.7647399902344,25337200,0.0,0.0,0.0
2024-10-04 00:00:00-04:00,482.56604972244355,482.99173412446424,477.55675036393063,482.4373474121094,30686600,0.0,0.0,0.0
2024-10-07 00:00:00-04:00,480.5266979537419,481.69486781095134,476.051966306015,477.2696533203125,24975100,0.0,0.0,0.0
2024-10-08 00:00:00-04:00,479.8039669913494,485.08054991971204,479.0020851795019,484.3974609375,28272000,0.0,0.0,0.0
2024-10-09 00:00:00-04:00,484.1005099217249,488.78312900233186,483.0610423839176,488.20892333984375,24995000,0.0,0.0,0.0
2024-10-10 00:00:00-04:00,485.931923616711,489.51564811279883,484.6251421350571,487.65447998046875,25750400,0.0,0.0,0.0
2024-10-11 00:00:00-04:00,485.8230647717071,489.4365180924452,485.2587987967278,488.41680908203125,20644500,0.0,0.0,0.0
2024-10-14 00:00:00-04:00,490.8026730211405,493.8320112515241,490.2978034572835,492.5153503417969,26060100,0.0,0.0,0.0
2024-10-15 00:00:00-04:00,492.84208337101967,493.50538373965514,483.783765920468,485.9320373535156,34784500,0.0,0.0,0.0
2024-10-16 00:00:00-04:00,486.2586779364561,486.76357772485443,482.6848623686476,485.99139404296875,22996800,0.0,0.0,0.0
2024-10-17 00:00:00-04:00,491.4659741711791,491.5154611167259,486.2685759927291,486.3279724121094,27210700,0.0,0.0,0.0
2024-10-18 00:00:00-04:00,489.1098208746321,490.6047012730319,488.35742593846095,489.5157165527344,25335000,0.0,0.0,0.0
2024-10-21 00:00:00-04:00,488.30793605772305,491.2580891528335,486.38737125668905,490.4562072753906,30336500,0.0,0.0,0.0
2024-10-22 00:00:00-04:00,487.79319591808576,492.46590598008345,487.0408009264329,490.9908142089844,26685800,0.0,0.0,0.0
2024-10-23 00:00:00-04:00,488.64449759688586,489.29788838737255,480.1900552137996,483.4668884277344,39346600,0.0,0.0,0.0
2024-10-24 00:00:00-04:00,487.17931987829945,488.06041708017347,484.53608869629585,487.3872375488281,22024900,0.0,0.0,0.0
2024-10-25 00:00:00-04:00,490.17904949756615,495.26753449404976,489.47614146068264,490.35723876953125,38762100,0.0,0.0,0.0
2024-10-28 00:00:00-04:00,493.46577040455253,493.5251668295042,490.13944976000744,490.4364318847656,20477800,0.0,0.0,0.0
2024-10-29 00:00:00-04:00,490.7532260206252,496.32682210702154,488.90196697490836,495.14874267578125,28014100,0.0,0.0,0.0
2024-10-30 00:00:00-04:00,494.3864677342414,495.3368407305162,490.92153534409744,491.4066162109375,29756000,0.0,0.0,0.0
2024-10-31 00:00:00-04:00,487.4466387819622,487.4961257258289,478.9031016133477,479.0021057128906,41245200,0.0,0.0,0.0
2024-11-01 00:00:00-04:00,480.63557883349887,485.8329769568271,480.338596739747,482.5462341308594,33655800,0.0,0.0,0.0
2024-11-04 00:00:00-05:00,481.9423236982892,484.47667141097253,479.3980665126335,481.14044189453125,23291600,0.0,0.0,0.0
2024-11-05 00:00:00-05:00,482.7244339514242,487.94165113638695,482.63533932134885,487.2783508300781,24353600,0.0,0.0,0.0
2024-11-06 00:00:00-05:00,495.5447123045364,501.336105155914,494.59433933877455,500.514404296875,43082200,0.0,0.0,0.0
2024-11-07 00:00:00-05:00,503.30613815649883,509.17674615897624,503.2467417365988,508.3946228027344,32853100,0.0,0.0,0.0
2024-11-08 00:00:00-05:00,507.8996020789155,509.7607703558173,507.27590949550597,508.9886169433594,22924500,0.0,0.0,0.0
2024-11-11 00:00:00-05:00,510.2062892654161,510.4142069407724,505.80089378918416,508.691650390625,24167500,0.0,0.0,0.0
2024-11-12 00:00:00-05:00,508.62236431683294,509.5034011498743,504.72180803113673,507.77093505859375,25835300,0.0,0.0,0.0
2024-11-13 00:00:00-05:00,507.26604444133966,509.82015068711974,504.8405800738957,507.1175231933594,24567400,0.0,0.0,0.0
2024-11-14 00:00:00-05:00,506.78096992499786,507.652127470528,502.6824357607315,503.5932312011719,28679500,0.0,0.0,0.0
2024-11-15 00:00:00-05:00,497.90086791848177,498.2869446598162,489.53551938509924,491.5946960449219,51461100,0.0,0.0,0.0
2024-11-18 00:00:00-05:00,493.1390232447135,497.1088549746597,491.7530564972912,495.01007080078125,27080800,0.0,0.0,0.0
2024-11-19 00:00:00-05:00,492.4361578912134,498.9007299291425,492.0995379045485,498.4156188964844,24523000,0.0,0.0,0.0
2024-11-20 00:00:00-05:00,498.1186305655171,498.4354316008749,491.58475271735847,498.1285400390625,29565500,0.0,0.0,0.0
2024-11-21 00:00:00-05:00,501.1677651579691,501.8805523925843,492.57474087141514,499.92041015625,34526700,0.0,0.0,0.0
2024-11-22 00:00:00-05:00,499.3660214674592,501.45486600636707,497.7424388015507,500.7222900390625,23826600,0.0,0.0,0.0
2024-11-25 00:00:00-05:00,504.7911156851186,506.32560378411665,499.20764065875716,501.5142822265625,26375200,0.0,0.0,0.0
2024-11-26 00:00:00-05:00,502.98934420125903,505.0287320898873,502.14788483687414,504.20703125,26557100,0.0,0.0,0.0
2024-11-27 00:00:00-05:00,503.07845230303303,503.147727983714,496.90095284560425,500.2371826171875,24957400,0.0,0.0,0.0
2024-11-29 00:00:00-05:00,500.8608365529733,505.22665426566476,500.2470534652956,504.6326599121094,15334000,0.0,0.0,0.0
2024-12-02 00:00:00-05:00,505.8900502291726,511.0874489355527,505.503943252171,510.12713623046875,25147200,0.0,0.0,0.0
2024-12-03 00:00:00-05:00,508.80049696391745,511.96844669162806,508.2262913475137,511.69122314453125,18597900,0.0,0.0,0.0
2024-12-04 00:00:00-05:00,515.1067274866609,518.2746775802158,514.3939100143905,518.0172729492188,26086200,0.0,0.0,0.0
2024-12-05 00:00:00-05:00,518.0666968351026,518.7893632698425,516.1956191747214,516.5817260742188,18169600,0.0,0.0,0.0
2024-12-06 00:00:00-05:00,517.2449731660508,521.4424806629621,517.1162708719238,521.2048950195312,23762600,0.0,0.0,0.0
2024-12-09 00:00:00-05:00,520.2842786301696,521.0762510047207,515.997645825731,517.1460571289062,20674400,0.0,0.0,0.0
2024-12-10 00:00:00-05:00,518.3736720830724,520.1160477249822,513.9583365552159,515.3839111328125,24350000,0.0,0.0,0.0
2024-12-11 00:00:00-05:00,519.739846737161,525.2936237406254,519.3339812527705,524.6105346679688,32168600,0.0,0.0,0.0
2024-12-12 00:00:00-05:00,522.3929011804341,523.6601052193815,520.7495601425144,521.2247314453125,23577500,0.0,0.0,0.0
2024-12-13 00:00:00-05:00,525.1450495866374,527.8278579264799,522.0166775373805,525.21435546875,28780400,0.0,0.0,0.0
2024-12-16 00:00:00-05:00,527.7388647142787,533.7480540880958,527.6596493492339,532.77783203125,31979900,0.0,0.0,0.0
2024-12-17 00:00:00-05:00,530.9859051955222,532.0946784771915,528.7782681045646,530.4315185546875,28579100,0.0,0.0,0.0
2024-12-18 00:00:00-05:00,529.788148569402,531.5007956922416,509.8499245462622,511.2952575683594,54703200,0.0,0.0,0.0
2024-12-19 00:00:00-05:00,515.9679318582266,516.5322279860178,508.6816899837396,509.01824951171875,46441800,0.0,0.0,0.0
2024-12-20 00:00:00-05:00,505.32570624002693,519.5616322810632,504.1872345780623,513.4633178710938,60530000,0.0,0.0,0.0
2024-12-23 00:00:00-05:00,515.1737170216553,518.8425633049918,511.7825412938679,518.4657592773438,29672800,0.835,0.0,0.0
2024-12-24 00:00:00-05:00,520.4092996239036,525.5853017754832,519.7746759093736,525.49609375,17558200,0.0,0.0,0.0
2024-12-26 00:00:00-05:00,523.8699730547174,526.7653609772972,521.8768935817466,525.13916015625,19090500,0.0,0.0,0.0
2024-12-27 00:00:00-05:00,521.5794612768352,522.0157576059705,513.4980839943499,518.1585083007812,33839600,0.0,0.0,0.0
2024-12-30 00:00:00-05:00,511.16792582356555,514.9854734898655,507.5188990595899,511.2670593261719,34584000,0.0,0.0,0.0
2024-12-31 00:00:00-05:00,512.5461128600035,513.2996604502096,505.96202785972133,506.9238586425781,29117000,0.0,0.0,0.0
2025-01-02 00:00:00-05:00,509.968007151715,512.288323816092,501.45036488484794,505.93231201171875,36389800,0.0,0.0,0.0
2025-01-03 00:00:00-05:00,509.02598666204625,515.2729696624741,508.2129468477879,514.2119750976562,29059500,0.0,0.0,0.0
2025-01-06 00:00:00-05:00,519.6061862635828,523.4733001568532,517.6329577649649,520.1217651367188,36109700,0.0,0.0,0.0
2025-01-07 00:00:00-05:00,521.1629566479388,521.559551115967,508.9566467939472,510.8406066894531,36690300,0.0,0.0,0.0
2025-01-08 00:00:00-05:00,510.7414990718483,512.5659668635069,506.26947711002134,510.9299011230469,30777800,0.0,0.0,0.0
2025-01-10 00:00:00-05:00,507.17175046011545,507.270883939106,499.67543171273695,502.9178771972656,40532500,0.0,0.0,0.0
2025-01-13 00:00:00-05:00,496.97837480559224,501.7577526619827,495.4910093944748,501.3016357421875,31694200,0.0,0.0,0.0
2025-01-14 00:00:00-05:00,504.4548282030205,505.86288073178616,497.36505933888617,500.8256530761719,33737200,0.0,0.0,0.0
2025-01-15 00:00:00-05:00,508.7087687727945,513.4881165735859,507.15195538601904,512.3478393554688,34957600,0.0,0.0,0.0
2025-01-16 00:00:00-05:00,514.6085682704208,514.6879113695602,508.6293909405431,508.75830078125,28229000,0.0,0.0,0.0
2025-01-17 00:00:00-05:00,518.4460339444852,519.6557894107439,508.7880832063011,517.3453979492188,51837900,0.0,0.0,0.0
2025-01-21 00:00:00-05:00,520.0622657463014,521.5397057365492,515.6795125194549,520.3795776367188,23628000,0.0,0.0,0.0
2025-01-22 00:00:00-05:00,525.109480138854,529.3236827177849,524.8020936657039,527.0331420898438,33593000,0.0,0.0,0.0
2025-01-23 00:00:00-05:00,524.5838510983231,528.2725488461796,523.9988545859802,528.153564453125,23096600,0.0,0.0,0.0
2025-01-24 00:00:00-05:00,528.5303445310877,529.2938175983337,523.7013698156251,525.1688842773438,19878300,0.0,0.0,0.0
2025-01-27 00:00:00-05:00,506.69583084119216,513.6269441667861,505.8529843659653,509.8788146972656,60771700,0.0,0.0,0.0
2025-01-28 00:00:00-05:00,510.8801552964011,518.5946516307994,507.46915904122443,517.4146728515625,33194200,0.0,0.0,0.0
2025-01-29 00:00:00-05:00,518.0593295144222,518.1882393631972,512.5461639397026,516.4430541992188,26649000,0.0,0.0,0.0
2025-01-30 00:00:00-05:00,519.2988228694454,521.6686459509566,513.8451492601,518.6443481445312,27431300,0.0,0.0,0.0
2025-01-31 00:00:00-05:00,522.481692001157,527.0429821306037,516.7999756352082,517.8906860351562,38755200,0.0,0.0,0.0
2025-02-03 00:00:00-05:00,509.14497914666026,516.4628217597667,506.7453799127663,513.7459106445312,40580800,0.0,0.0,0.0
2025-02-04 00:00:00-05:00,514.2614715754441,520.6868697596324,513.8648166540067,520.05224609375,26046800,0.0,0.0,0.0
2025-02-05 00:00:00-05:00,517.4246918873662,522.5709786844357,516.2347874418311,522.4122924804688,21134100,0.0,0.0,0.0
2025-02-06 00:00:00-05:00,522.9180373377746,525.3474131158787,521.311687423661,525.13916015625,19434500,0.0,0.0,0.0
2025-02-07 00:00:00-05:00,525.6745357430319,527.6179875244977,517.7914881318193,518.5153198242188,29605500,0.0,0.0,0.0
2025-02-10 00:00:00-05:00,522.7791231464935,525.8926890123465,522.3131110723367,524.7920532226562,20852800,0.0,0.0,0.0
2025-02-11 00:00:00-05:00,521.5297939926579,525.4563996768837,521.4008841574637,523.5426635742188,19325500,0.0,0.0,0.0
2025-02-12 00:00:00-05:00,517.9006358758927,524.7326156787228,517.5536081471272,523.85009765625,25009400,0.0,0.0,0.0
2025-02-13 00:00:00-05:00,525.5159293158989,531.7033597619308,524.732605317865,531.3861083984375,28714800,0.0,0.0,0.0
2025-02-14 00:00:00-05:00,531.4952589844403,534.3014391652071,531.1580961361419,533.6172485351562,17862600,0.0,0.0,0.0
2025-02-18 00:00:00-05:00,535.1838575069373,535.451602675014,531.524935801149,534.826904296875,20565000,0.0,0.0,0.0
2025-02-19 00:00:00-05:00,534.033636710405,536.2547595259927,531.941423747602,534.9756469726562,19666900,0.0,0.0,0.0
2025-02-20 00:00:00-05:00,534.1921993214312,534.5590779295543,527.9750533668508,532.704833984375,26550800,0.0,0.0,0.0
2025-02-21 00:00:00-05:00,533.8451252767076,533.864976179548,521.2818640995055,521.6487426757812,47093800,0.0,0.0,0.0
2025-02-24 00:00:00-05:00,523.4336296845087,524.6136086408569,515.153986605975,515.4910888671875,39268400,0.0,0.0,0.0
2025-02-25 00:00:00-05:00,514.8664262033808,514.9457693084149,505.14898381315766,508.9963073730469,48940000,0.0,0.0,0.0
2025-02-26 00:00:00-05:00,511.18763003490153,515.2827866459336,507.0626365479479,510.22576904296875,34457600,0.0,0.0,0.0
2025-02-27 00:00:00-05:00,513.7657626731335,514.6978474137826,495.8380347249948,496.0561828613281,52448000,0.0,0.0,0.0
2025-02-28 00:00:00-05:00,495.9173616592852,504.4944958236682,492.7443034634261,503.8896484375,47654000,0.0,0.0,0.0
2025-03-03 00:00:00-05:00,507.2114314699513,508.71861754283515,489.4225385345535,492.8633117675781,44587200,0.0,0.0,0.0
2025-03-04 00:00:00-05:00,490.0175513299308,499.49702573968426,483.6317925504024,491.3760070800781,67875400,0.0,0.0,0.0
2025-03-05 00:00:00-05:00,492.0205558363672,499.3879662278702,487.12216267381405,497.7816162109375,46323700,0.0,0.0,0.0
2025-03-06 00:00:00-05:00,489.53166938755896,494.3804653587563,482.1047670703194,484.0879211425781,57574300,0.0,0.0,0.0
2025-03-07 00:00:00-05:00,483.05663785377993,489.1250840373066,476.48247773478363,487.64764404296875,54714700,0.0,0.0,0.0
2025-03-10 00:00:00-04:00,479.3779059627174,479.89351510162237,464.71247386753913,468.7481994628906,76668000,0.0,0.0,0.0
2025-03-11 00:00:00-04:00,468.37136824327257,474.77694672862924,463.0763510761853,467.627685546875,68760800,0.0,0.0,0.0
2025-03-12 00:00:00-04:00,475.1239850936841,477.0079751280191,467.81606827375606,472.9028625488281,46971100,0.0,0.0,0.0
2025-03-13 00:00:00-04:00,472.23851884770306,472.26826494555587,462.50122601019615,464.3951416015625,46563300,0.0,0.0,0.0
2025-03-14 00:00:00-04:00,469.73973771483116,476.5121946558048,469.1348600678031,475.6197814941406,43563000,0.0,0.0,0.0
2025-03-17 00:00:00-04:00,475.57019603909805,481.7477311959652,473.7754442197844,478.7035827636719,41744400,0.0,0.0,0.0
2025-03-18 00:00:00-04:00,475.3718515157948,475.57014872540327,468.43081370850723,470.5428771972656,39072300,0.0,0.0,0.0
2025-03-19 00:00:00-04:00,472.7937659202289,481.2419899759292,470.8701043676958,476.83941650390625,40430300,0.0,0.0,0.0
2025-03-20 00:00:00-04:00,472.8632474505038,480.4686261404273,472.1691314421106,475.22320556640625,36780500,0.0,0.0,0.0
2025-03-21 00:00:00-04:00,470.0867861064201,477.5533593130606,468.92665802336944,476.78985595703125,42234900,0.0,0.0,0.0
2025-03-24 00:00:00-04:00,484.35298007010044,488.09681947520227,481.0361776506327,487.2527160644531,34567200,0.716,0.0,0.0
2025-03-25 00:00:00-04:00,487.9776618644101,490.19215671107986,487.01439660957385,490.03326416015625,26035200,0.0,0.0,0.0
2025-03-26 00:00:00-04:00,488.8812800947295,489.7353237051958,479.4671320107272,481.01629638671875,34627100,0.0,0.0,0.0
2025-03-27 00:00:00-04:00,479.0599740999814,483.20099914044886,476.9149702846153,478.27545166015625,33469800,0.0,0.0,0.0
2025-03-28 00:00:00-04:00,476.4780743258179,477.18313541880207,464.7997290731358,465.6835632324219,46363800,0.0,0.0,0.0
2025-03-31 00:00:00-04:00,458.712276265686,466.5971101953478,454.1541241921948,465.6636657714844,53000300,0.0,0.0,0.0
2025-04-01 00:00:00-04:00,464.0548946612918,470.3409539177989,461.1949198365586,469.41741943359375,41156200,0.0,0.0,0.0
2025-04-02 00:00:00-04:00,462.8831276755786,476.22979898600255,462.6249234903914,472.8434753417969,49894500,0.0,0.0,0.0
2025-04-03 00:00:00-04:00,453.2703169066499,456.87511371412586,447.01407852229937,447.53045654296875,70456300,0.0,0.0,0.0
2025-04-04 00:00:00-04:00,435.09743607101046,437.3119308717652,419.73486328125,419.73486328125,117088400,0.0,0.0,0.0
2025-04-07 00:00:00-04:00,405.82214624882306,440.06271771596437,399.5956979160209,420.7477722167969,161557000,0.0,0.0,0.0
2025-04-08 00:00:00-04:00,435.11725040921294,440.06267826494616,406.94426755742165,413.17071533203125,101248100,0.0,0.0,0.0
2025-04-09 00:00:00-04:00,412.68415590169013,464.58122509175337,412.5451135598803,462.7639465332031,142876900,0.0,0.0,0.0
2025-04-10 00:00:00-04:00,450.4102981892235,452.4261998569819,429.62565163101584,443.08154296875,108384100,0.0,0.0,0.0
2025-04-11 00:00:00-04:00,441.5621838377255,452.62483820333756,438.26523184275806,451.2444763183594,52483800,0.0,0.0,0.0
2025-04-14 00:00:00-04:00,461.23460948868865,461.8205086737922,449.48677471863374,454.3031005859375,43941200,0.0,0.0,0.0
2025-04-15 00:00:00-04:00,455.3557691308537,459.169099381901,452.9823514613099,454.8095703125,35404200,0.0,0.0,0.0
2025-04-16 00:00:00-04:00,445.911754180635,449.47682014255906,434.72002849561466,441.0954284667969,48980600,0.0,0.0,0.0
2025-04-17 00:00:00-04:00,444.06470985775826,444.6406688022329,438.2950286304019,441.0160217285156,44837000,0.0,0.0,0.0
2025-04-21 00:00:00-04:00,435.1867959118547,436.03086898438323,424.95830435713054,430.1023254394531,44149300,0.0,0.0,0.0
2025-04-22 00:00:00-04:00,435.7726731527785,444.4718197504035,434.5809942900424,441.39337158203125,52304400,0.0,0.0,0.0
2025-04-23 00:00:00-04:00,454.9882973027817,460.1621084899731,449.7350246964748,451.4033508300781,55801100,0.0,0.0,0.0
2025-04-24 00:00:00-04:00,453.3100732165664,464.41242858031717,452.6645627722108,464.1045837402344,45956100,0.0,0.0,0.0
2025-04-25 00:00:00-04:00,463.72720383212953,469.8046996364442,462.1581892201978,469.27838134765625,38697100,0.0,0.0,0.0
2025-04-28 00:00:00-04:00,469.74511470528023,471.5127525568199,462.7937251286729,469.1294250488281,33550800,0.0,0.0,0.0
2025-04-29 00:00:00-04:00,466.90498894089706,473.1115867619832,466.3289996919343,472.2277526855469,30613100,0.0,0.0,0.0
2025-04-30 00:00:00-04:00,463.88607170901736,473.8861489699177,459.2186982221631,472.16815185546875,46810600,0.0,0.0,0.0
2025-05-01 00:00:00-04:00,480.05301909884207,483.7968278621536,477.40154726890813,478.33502197265625,43316500,0.0,0.0,0.0
2025-05-02 00:00:00-04:00,483.161318602008,487.5009670708342,481.4631715706509,485.4353942871094,39218100,0.0,0.0,0.0
2025-05-05 00:00:00-04:00,481.2347608308799,485.63398996616957,480.7382330195203,482.5555114746094,28309500,0.0,0.0,0.0
2025-05-06 00:00:00-04:00,476.22982683216827,481.6816933596871,474.869345264188,478.0669860839844,32786300,0.0,0.0,0.0
2025-05-07 00:00:00-04:00,478.7322575080464,482.42642576212086,473.4690746513304,479.94378662109375,38006300,0.0,0.0,0.0
2025-05-08 00:00:00-04:00,485.1374630563836,489.27851834530566,480.8077550799946,484.8991394042969,39577600,0.0,0.0,0.0
2025-05-09 00:00:00-04:00,486.80582544755936,488.12660649765365,482.8236927046532,484.5813903808594,27767400,0.0,0.0,0.0
2025-05-12 00:00:00-04:00,503.46925962959483,504.36303393308185,497.99754376533065,504.32330322265625,45090600,0.0,0.0,0.0
2025-05-13 00:00:00-04:00,505.62421174170254,513.7970705437644,504.889360268175,512.0095825195312,53269600,0.0,0.0,0.0
2025-05-14 00:00:00-04:00,513.1813544649557,515.6242324147684,512.1684183718318,515.0780639648438,47014500,0.0,0.0,0.0
2025-05-15 00:00:00-04:00,512.9330816972009,518.3054856544411,511.5924203127881,515.6441040039062,50153300,0.0,0.0,0.0
2025-05-16 00:00:00-04:00,517.0443550561729,518.0771717773351,513.5090791820398,517.8884887695312,48394600,0.0,0.0,0.0
2025-05-19 00:00:00-04:00,510.6689476686652,518.9014181193775,510.6689476686652,518.385009765625,52536200,0.0,0.0,0.0
2025-05-20 00:00:00-04:00,515.8626114492022,517.3124945802101,513.0721273779477,516.6571044921875,42517600,0.0,0.0,0.0
2025-05-21 00:00:00-04:00,512.6848447576629,519.3680896901809,507.68974589149923,509.47723388671875,71292800,0.0,0.0,0.0
2025-05-22 00:00:00-04:00,510.0929069406886,514.1148305633196,508.74236588698636,510.4305725097656,55607200,0.0,0.0,0.0
2025-05-23 00:00:00-04:00,502.6649263027872,508.28562519419927,502.0690868224265,505.70367431640625,58368100,0.0,0.0,0.0
2025-05-27 00:00:00-04:00,512.5657247963487,518.0871120746342,511.0165603257883,517.6004638671875,47226300,0.0,0.0,0.0
2025-05-28 00:00:00-04:00,518.553707324964,520.0432905566033,514.7900488464219,515.306396484375,46637200,0.0,0.0,0.0
2025-05-29 00:00:00-04:00,522.6750389191951,522.8239609117877,513.7275971013242,516.3194580078125,58513300,0.0,0.0,0.0
2025-05-30 00:00:00-04:00,515.8329133773893,517.0642928863815,508.3750545319263,515.5051879882812,67662800,0.0,0.0,0.0
2025-06-02 00:00:00-04:00,513.6480261638592,519.8149227474813,512.3868262610433,519.5765991210938,44762800,0.0,0.0,0.0
2025-06-03 00:00:00-04:00,519.9242261070126,525.0682472235115,519.0602725197831,523.6382446289062,44070300,0.0,0.0,0.0
2025-06-04 00:00:00-04:00,524.3432905165386,526.1605992130462,522.3174183265618,525.0980224609375,41359300,0.0,0.0,0.0
2025-06-05 00:00:00-04:00,526.4982758102656,529.3483408856316,519.0304773796223,521.1456909179688,61031200,0.0,0.0,0.0
2025-06-06 00:00:00-04:00,526.3194516510717,528.1069395532867,524.5419040023565,526.239990234375,42467000,0.0,0.0,0.0
2025-06-09 00:00:00-04:00,526.4584787241826,528.653092677192,525.3363211146482,527.0145874023438,33688700,0.0,0.0,0.0
2025-06-10 00:00:00-04:00,527.4813770687284,531.1855160304679,525.2172415997484,530.5003051757812,40664800,0.0,0.0,0.0
2025-06-11 00:00:00-04:00,531.9004992319709,533.0524778080637,526.4287525238075,528.7127685546875,53701000,0.0,0.0,0.0
2025-06-12 00:00:00-04:00,527.4018801564538,530.9272151126187,527.1536162776914,529.9539794921875,34104900,0.0,0.0,0.0
2025-06-13 00:00:00-04:00,524.0156913165765,528.1765976545598,522.0792203324073,523.3007202148438,55814400,0.0,0.0,0.0
2025-06-16 00:00:00-04:00,526.8159920021084,531.6521678903393,526.7663513447269,530.5796508789062,37622100,0.0,0.0,0.0
2025-06-17 00:00:00-04:00,528.0177475926382,529.6264932200291,524.2440868752335,525.406005859375,42180900,0.0,0.0,0.0
2025-06-18 00:00:00-04:00,526.4187444442433,528.8517427639903,523.7375428380969,525.3164672851562,43983500,0.0,0.0,0.0
2025-06-20 00:00:00-04:00,528.5637935274957,529.8547537100831,521.235038209529,523.1715087890625,61643500,0.0,0.0,0.0
2025-06-23 00:00:00-04:00,523.7392111521218,529.0679530378565,520.5976575566158,528.551025390625,50666100,0.591,0.0,0.0
2025-06-24 00:00:00-04:00,533.7603767394817,537.5481650699894,533.1439956962556,536.633544921875,45442000,0.0,0.0,0.0
2025-06-25 00:00:00-04:00,538.9002712385268,540.1429848534073,536.235900529748,538.0054931640625,44804200,0.0,0.0,0.0
2025-06-26 00:00:00-04:00,540.1828057708822,543.4834608774595,538.3635164721342,543.0360717773438,43811400,0.0,0.0,0.0
2025-06-27 00:00:00-04:00,544.0699627850514,546.7840298565204,541.365786451658,544.8951416015625,57577100,0.0,0.0,0.0
2025-06-30 00:00:00-04:00,548.0465876949282,549.577588834245,545.80970346522,548.4243774414062,45548700,0.0,0.0,0.0
2025-07-01 00:00:00-04:00,546.5255321429642,547.4998608561041,541.4850785579611,543.801513671875,56166700,0.0,0.0,0.0
2025-07-02 00:00:00-04:00,542.9763271064149,547.7881407403361,542.9365821168159,547.5892944335938,36538300,0.0,0.0,0.0
2025-07-03 00:00:00-04:00,549.9554644038756,553.9520509353719,549.9554644038756,552.9777221679688,26443500,0.0,0.0,0.0
2025-07-07 00:00:00-04:00,550.2934997666972,551.1087271918242,546.3764639666066,548.8121948242188,45349300,0.0,0.0,0.0
2025-07-08 00:00:00-04:00,550.154338331448,550.7806708992875,547.8875993850992,549.1204223632812,36153300,0.0,0.0,0.0
2025-07-09 00:00:00-04:00,551.2478664323185,554.3795290687111,549.8759057229825,553.007568359375,43045500,0.0,0.0,0.0
2025-07-10 00:00:00-04:00,553.6438277114144,554.0514110672418,549.5279457662349,552.2122192382812,34710900,0.0,0.0,0.0
2025-07-11 00:00:00-04:00,550.0747653451698,552.550241260774,548.8320516783502,550.9695434570312,39618600,0.0,0.0,0.0
2025-07-14 00:00:00-04:00,550.7607434561655,553.7035112516938,548.4145146258895,552.9678344726562,36453300,0.0,0.0,0.0
2025-07-15 00:00:00-04:00,556.9842448718932,557.5310267291989,553.4151446538423,553.4747924804688,43277700,0.0,0.0,0.0
2025-07-16 00:00:00-04:00,554.0316131674816,556.9445267538166,548.3449238107365,554.04150390625,52314700,0.0,0.0,0.0
2025-07-17 00:00:00-04:00,554.7673336412346,559.0323054850909,553.9620575398243,558.5252685546875,40423800,0.0,0.0,0.0
2025-07-18 00:00:00-04:00,559.8375467448564,561.4381474291321,556.7158353640372,557.9884033203125,50484700,0.0,0.0,0.0
2025-07-21 00:00:00-04:00,558.813515991401,562.7603451130758,558.783661740004,560.88134765625,39595200,0.0,0.0,0.0
2025-07-22 00:00:00-04:00,561.0106638998457,561.0603603122628,555.3538286769178,557.9784545898438,43270600,0.0,0.0,0.0
2025-07-23 00:00:00-04:00,559.062157299073,560.5633045664785,556.3182355790325,560.5235595703125,40215300,0.0,0.0,0.0
2025-07-24 00:00:00-04:00,561.8357873489995,562.9393024491583,560.0064862534048,561.7164916992188,42275500,0.0,0.0,0.0
2025-07-25 00:00:00-04:00,561.6369949015883,564.3908678867722,560.9808687648707,563.068603515625,30630800,0.0,0.0,0.0
2025-07-28 00:00:00-04:00,564.4306154466694,565.7230255686966,563.5656915591924,564.8283081054688,31498700,0.0,0.0,0.0
2025-07-29 00:00:00-04:00,567.4330285462547,568.7751350745425,563.2277047901983,563.9534301757812,45463300,0.0,0.0,0.0
2025-07-30 00:00:00-04:00,564.8680250229864,567.2938044905766,561.7562651946612,564.708984375,43433800,0.0,0.0,0.0
2025-07-31 00:00:00-04:00,571.1909085156537,571.2804105926765,560.5831223469277,561.7164916992188,64613600,0.0,0.0,0.0
2025-08-01 00:00:00-04:00,555.5725251375388,555.7614200303079,548.464179134219,550.6513671875,69400800,0.0,0.0,0.0
2025-08-04 00:00:00-04:00,555.7912772727004,561.0305777833557,555.6918844459093,560.8118286132812,47669800,0.0,0.0,0.0
2025-08-05 00:00:00-04:00,562.0943005518618,563.2574635163702,556.467259269024,557.004150390625,48666600,0.0,0.0,0.0
2025-08-06 00:00:00-04:00,557.8392381791041,564.4504991615455,557.3620555482147,564.0130615234375,41823700,0.0,0.0,0.0
2025-08-07 00:00:00-04:00,568.337641887322,569.9780480877156,561.8158834345544,565.9218139648438,44463000,0.0,0.0,0.0
2025-08-08 00:00:00-04:00,567.1248509644985,571.4196769045213,566.8266118046458,571.200927734375,35255500,0.0,0.0,0.0
2025-08-11 00:00:00-04:00,571.3401044656866,573.4377906026674,568.238295962644,569.5108032226562,33112900,0.0,0.0,0.0
2025-08-12 00:00:00-04:00,571.8072524167833,576.9670013120897,569.1528333627082,576.6687622070312,42143300,0.0,0.0,0.0
2025-08-13 00:00:00-04:00,579.3630298518572,579.9197631156701,575.5652898210926,576.9571533203125,41209300,0.0,0.0,0.0
2025-08-14 00:00:00-04:00,574.9092259384532,578.4882172102513,574.5413268492241,576.5098266601562,45425000,0.0,0.0,0.0
2025-08-15 00:00:00-04:00,576.4202307636116,576.4600364313103,572.2149076017334,573.974609375,49480200,0.0,0.0,0.0
2025-08-18 00:00:00-04:00,573.0798331815504,574.4020973699274,571.8868160548614,573.7459106445312,29831000,0.0,0.0,0.0
2025-08-19 00:00:00-04:00,573.0300872481444,573.1990792836795,564.937522863523,565.9615478515625,53752600,0.0,0.0,0.0
2025-08-20 00:00:00-04:00,565.0172075838456,565.1365032465736,555.5825347335871,562.6013793945312,76781100,0.0,0.0,0.0
2025-08-21 00:00:00-04:00,561.060352587378,563.1878929880804,557.7100013329036,559.9966430664062,46436900,0.0,0.0,0.0
2025-08-22 00:00:00-04:00,561.3785497991843,570.644231266478,559.9867467368504,568.635986328125,51502100,0.0,0.0,0.0
2025-08-25 00:00:00-04:00,567.0751561380605,569.9482641786268,565.8423331415836,566.99560546875,34044700,0.0,0.0,0.0
2025-08-26 00:00:00-04:00,566.5084530912841,569.5804073661923,565.4844278800615,569.272216796875,34103000,0.0,0.0,0.0
2025-08-27 00:00:00-04:00,568.2582063082527,571.0617150204744,567.0452861825311,570.1470947265625,36927100,0.0,0.0,0.0
2025-08-28 00:00:00-04:00,570.7634672604604,574.6308068035561,569.1231216071435,573.7161865234375,46787900,0.0,0.0,0.0
2025-08-29 00:00:00-04:00,571.3101900636148,571.6780891006276,565.2258693574823,567.0750732421875,56030400,0.0,0.0,0.0
2025-09-02 00:00:00-04:00,558.0380628796443,562.6708725533646,556.2783609773549,562.3229370117188,65876800,0.0,0.0,0.0
2025-09-03 00:00:00-04:00,565.9118790267905,568.3675126902098,563.4264517898029,566.7470092773438,54230200,0.0,0.0,0.0
2025-09-04 00:00:00-04:00,567.4131351357099,572.2447915330674,565.713141595555,571.876953125,47526300,0.0,0.0,0.0
2025-09-05 00:00:00-04:00,577.1062572168585,577.7325897394942,568.1985247693755,572.7020874023438,68342500,0.0,0.0,0.0
2025-09-08 00:00:00-04:00,574.9985810863183,577.4542146024762,574.4021028569616,575.4956665039062,46371400,0.0,0.0,0.0
2025-09-09 00:00:00-04:00,576.2910903587206,577.5537069544023,573.6764157572246,577.126220703125,44007600,0.0,0.0,0.0
2025-09-10 00:00:00-04:00,580.3373212188227,580.3671754724255,575.1775717338585,577.3150634765625,49308000,0.0,0.0,0.0
2025-09-11 00:00:00-04:00,579.8402846996038,581.4707397036912,578.2297325329314,580.6754150390625,44745800,0.0,0.0,0.0
2025-09-12 00:00:00-04:00,581.6296824793758,584.4332515108551,580.6951594688826,583.240234375,50745900,0.0,0.0,0.0
2025-09-15 00:00:00-04:00,585.0099141290013,588.3403622999832,584.8607642254873,588.2310180664062,44360300,0.0,0.0,0.0
2025-09-16 00:00:00-04:00,589.1556048651221,589.4041475911258,587.047967402961,587.7339477539062,36942100,0.0,0.0,0.0
2025-09-17 00:00:00-04:00,587.6544158082771,588.3006511882201,580.9636648285566,586.5608520507812,69384800,0.0,0.0,0.0
2025-09-18 00:00:00-04:00,591.4422094482347,594.6534228585294,589.5036246514226,591.849853515625,61069300,0.0,0.0,0.0
2025-09-19 00:00:00-04:00,593.8480783940277,596.552193923343,592.3766643048443,595.8562622070312,58196100,0.0,0.0,0.0
2025-09-22 00:00:00-04:00,594.9446246402422,600.0506387588739,594.9246987314865,599.3837890625,57154800,0.694,0.0,0.0
2025-09-23 00:00:00-04:00,599.5530088196715,599.7520856686153,594.1882006017188,595.4025268554688,64635500,0.0,0.0,0.0
2025-09-24 00:00:00-04:00,596.7760840009503,597.0945948124443,590.5851402114129,593.3123168945312,49850300,0.0,0.0,0.0
2025-09-25 00:00:00-04:00,589.430536349082,592.3368637002909,585.7478275771575,590.7543334960938,70920200,0.0,0.0,0.0
2025-09-26 00:00:00-04:00,591.5705031390479,593.5113961310994,588.2959106650876,593.1829223632812,54337400,0.0,0.0,0.0
2025-09-29 00:00:00-04:00,596.3082204485978,599.2344738358131,594.6161584254272,595.9299926757812,48332900,0.0,0.0,0.0
2025-09-30 00:00:00-04:00,595.6313870294545,597.9007535872587,593.3122664505869,597.5623168945312,46533800,0.0,0.0,0.0
2025-10-01 00:00:00-04:00,594.3772498069465,600.9662857667149,593.5511751358089,600.4288330078125,46899600,0.0,0.0,0.0
2025-10-02 00:00:00-04:00,604.2210750829389,604.3205831319952,600.110384211482,602.8972778320312,43765400,0.0,0.0,0.0
2025-10-03 00:00:00-04:00,603.6736359963404,604.4898085161411,598.5775847871106,600.3591918945312,46482100,0.0,0.0,0.0
2025-10-06 00:00:00-04:00,605.6045105234541,606.5102280511511,603.136067280922,604.8679809570312,41962100,0.0,0.0,0.0
2025-10-07 00:00:00-04:00,606.171963330501,606.8587390048573,600.2099850305162,601.6830444335938,58209500,0.0,0.0,0.0
2025-10-08 00:00:00-04:00,602.5787369049325,608.8891142425712,602.429474838809,608.58056640625,50629800,0.0,0.0,0.0
2025-10-09 00:00:00-04:00,608.6203758923933,608.7497728034492,604.639082013069,607.8440551757812,45551000,0.0,0.0,0.0
2025-10-10 00:00:00-04:00,608.540771556568,610.312415678386,586.2952563674698,586.7431640625,97614800,0.0,0.0,0.0
2025-10-13 00:00:00-04:00,596.8755206148027,600.1302475257781,594.436966170024,599.1946411132812,65872600,0.0,0.0,0.0
2025-10-14 00:00:00-04:00,592.5260076334632,599.8714996417642,587.370239391138,595.2034301757812,69203200,0.0,0.0,0.0
2025-10-15 00:00:00-04:00,601.1853544608703,603.8627770947517,593.1431236043112,599.4036865234375,62805500,0.0,0.0,0.0
2025-10-16 00:00:00-04:00,602.2801945778114,605.4652419598709,592.7151502263018,597.1841430664062,70982000,0.0,0.0,0.0
2025-10-17 00:00:00-04:00,595.1536978121658,602.6783410274755,593.5810696753152,601.105712890625,72024900,0.0,0.0,0.0
2025-10-20 00:00:00-04:00,604.3006065792493,609.9341097612839,604.2309266578644,608.6799926757812,45761700,0.0,0.0,0.0
2025-10-21 00:00:00-04:00,608.7796678481768,609.8545734667066,606.4705100847576,608.5208740234375,44538200,0.0,0.0,0.0
2025-10-22 00:00:00-04:00,607.9634772307389,608.550684046599,596.9352763909752,602.6583862304688,61478800,0.0,0.0,0.0
2025-10-23 00:00:00-04:00,602.0811421396116,608.5109541450662,601.6930121247511,607.7246704101562,42844300,0.0,0.0,0.0
2025-10-24 00:00:00-04:00,613.1093168162636,615.5279456461734,612.2533531809327,614.214111328125,47632500,0.0,0.0,0.0
2025-10-27 00:00:00-04:00,621.5994587704798,625.6105809315065,621.1117599698571,625.1527709960938,54098600,0.0,0.0,0.0
2025-10-28 00:00:00-04:00,627.4120574784298,631.7118619498357,626.307263060354,629.9600830078125,61195700,0.0,0.0,0.0
2025-10-29 00:00:00-04:00,632.6177240503512,634.0310664862886,627.3026695451889,632.796875,67422800,0.0,0.0,0.0
2025-10-30 00:00:00-04:00,629.2136898963345,630.5374872662655,623.0128434393755,623.122314453125,61628600,0.0,0.0,0.0
2025-10-31 00:00:00-04:00,631.2042379487298,631.234126811276,623.7592381870214,626.1281127929688,66305100,0.0,0.0,0.0
2025-11-03 00:00:00-05:00,632.139760382388,632.8464617884644,626.90435015496,629.1239624023438,37154300,0.0,0.0,0.0
2025-11-04 00:00:00-05:00,620.3652477253576,624.0180678867468,615.5677812621689,616.3540649414062,63830800,0.0,0.0,0.0
2025-11-05 00:00:00-05:00,615.597656695041,623.669716157735,614.3236741326724,620.3652954101562,48688500,0.0,0.0,0.0
2025-11-06 00:00:00-05:00,618.8821782546098,619.1310091300359,607.4459209399873,608.8095092773438,72115100,0.0,0.0,0.0
2025-11-07 00:00:00-05:00,605.4651835773906,607.0975285563833,595.8702512859107,606.8884887695312,81835400,0.0,0.0,0.0
2025-11-10 00:00:00-05:00,616.0255879416002,621.3903960500816,614.0051128778478,620.3154296875,55919900,0.0,0.0,0.0
2025-11-11 00:00:00-05:00,617.667884551536,619.807793532697,614.6321601598369,618.6632080078125,44868800,0.0,0.0,0.0
2025-11-12 00:00:00-05:00,621.9179017890243,621.9377669472728,614.920749106872,618.1754760742188,47444400,0.0,0.0,0.0
2025-11-13 00:00:00-05:00,614.6520816599241,615.2293863274043,603.2457126852763,605.5548706054688,71333600,0.0,0.0,0.0
2025-11-14 00:00:00-05:00,596.7461751876709,610.4816269444214,594.3773004655238,606.0126342773438,80087300,0.0,0.0,0.0
2025-11-17 00:00:00-05:00,603.4645824934285,609.6156739910193,597.0646601387357,600.8369140625,63850400,0.0,0.0,0.0
2025-11-18 00:00:00-05:00,596.815880706601,599.4933033897071,588.5746335991315,593.5213623046875,83327300,0.0,0.0,0.0
2025-11-19 00:00:00-05:00,594.277803642733,603.3252601497043,591.8094208267037,597.064697265625,73111500,0.0,0.0,0.0
2025-11-20 00:00:00-05:00,608.7597480209467,611.1585116514054,582.0154107078263,582.9310913085938,117743200,0.0,0.0,0.0
2025-11-21 00:00:00-05:00,584.7226085504005,594.1881438029353,578.0241015093158,587.3104858398438,103344200,0.0,0.0,0.0
2025-11-24 00:00:00-05:00,592.4962155436305,603.8428672485702,592.3767208312,602.3299560546875,60168100,0.0,0.0,0.0
2025-11-25 00:00:00-05:00,600.6876357091488,607.4060686687138,594.5265814243886,606.04248046875,57560900,0.0,0.0,0.0
2025-11-26 00:00:00-05:00,609.6455599216604,613.3083428306168,607.5354791235628,611.3973388671875,42393600,0.0,0.0,0.0
2025-11-28 00:00:00-05:00,613.2287346345189,616.4237448749676,612.541959003384,616.3540649414062,23034400,0.0,0.0,0.0
2025-12-01 00:00:00-05:00,610.7603293223117,616.5431560974239,609.6555348802722,614.2837524414062,40957600,0.0,0.0,0.0
2025-12-02 00:00:00-05:00,616.5631476137069,620.8330637695706,614.7018974368128,619.0912475585938,54541800,0.0,0.0,0.0
2025-12-03 00:00:00-05:00,616.7223400403288,621.3008038243313,615.1398097007426,620.6041259765625,47841600,0.0,0.0,0.0
2025-12-04 00:00:00-05:00,622.0075396158547,622.0175025713241,616.6427310944827,620.02685546875,47067800,0.0,0.0,0.0
2025-12-05 00:00:00-05:00,621.4600391480985,625.9787855854289,620.7931894695083,622.5548706054688,53614200,0.0,0.0,0.0
2025-12-08 00:00:00-05:00,624.2768863243062,625.8992685205205,618.7826810586124,621.360595703125,43462400,0.0,0.0,0.0
2025-12-09 00:00:00-05:00,620.0965150170424,622.9431257001851,618.0959050247836,622.126953125,37156000,0.0,0.0,0.0
2025-12-10 00:00:00-05:00,620.9325009204754,626.2674807044035,618.0858904749533,624.6749267578125,55031400,0.0,0.0,0.0
2025-12-11 00:00:00-05:00,620.9027009347221,622.8535568265262,614.8311912534539,622.6544799804688,58272800,0.0,0.0,0.0
2025-12-12 00:00:00-05:00,619.1708244083038,620.6239577552077,608.5009255098857,610.7503662109375,75158700,0.0,0.0,0.0
2025-12-15 00:00:00-05:00,615.4781529916935,615.5279070139317,606.4704879765786,607.6847534179688,49538200,0.0,0.0,0.0
2025-12-16 00:00:00-05:00,605.4154908096834,610.640939262189,604.0717676149177,608.88916015625,55152800,0.0,0.0,0.0
2025-12-17 00:00:00-05:00,610.1929151412877,610.7801826328608,597.4727146387488,597.60205078125,70654300,0.0,0.0,0.0
2025-12-18 00:00:00-05:00,606.9482502454197,610.0636176198245,604.0817137427742,606.261474609375,78875800,0.0,0.0,0.0
2025-12-19 00:00:00-05:00,609.0881814780194,614.731648282282,609.008538594176,614.164306640625,60369800,0.0,0.0,0.0
2025-12-22 00:00:00-05:00,619.2409664706046,619.5399968618768,615.6731616354366,617.1082763671875,43703100,0.794,0.0,0.0
2025-12-23 00:00:00-05:00,616.1017112134413,620.2973826571792,615.6831538137028,619.9984130859375,41120400,0.0,0.0,0.0
2025-12-24 00:00:00-05:00,619.8788381544654,622.1611043897402,619.6097351207538,621.812255859375,18468700,0.0,0.0,0.0
2025-12-26 00:00:00-05:00,622.5398061068336,623.3969333982391,621.025006522853,621.7724609375,28959800,0.0,0.0,0.0
2025-12-29 00:00:00-05:00,617.9952283512266,620.6661854070132,616.6298832800768,618.7626342773438,32458300,0.0,0.0,0.0
2025-12-30 00:00:00-05:00,617.7361570843227,620.0681805596082,617.1182055353263,617.3275146484375,31226800,0.0,0.0,0.0
2025-12-31 00:00:00-05:00,617.5468163565164,617.8557617254266,611.9657873069227,612.2249145507812,40746500,0.0,0.0,0.0
2026-01-02 00:00:00-05:00,617.9553870831127,620.7358953542944,608.0790504146867,611.0389404296875,61859200,0.0,0.0,0.0
2026-01-05 00:00:00-05:00,617.2178977361207,618.7028306128764,614.6266862165028,615.8923950195312,46828400,0.0,0.0,0.0
2026-01-06 00:00:00-05:00,617.1282350736393,621.9020161336854,616.4405745883714,621.3040161132812,43137500,0.0,0.0,0.0
2026-01-07 00:00:00-05:00,620.9253234207138,625.8087167042466,620.4469720495259,621.9020385742188,44880300,0.0,0.0,0.0
2026-01-08 00:00:00-05:00,620.9153830886294,621.3040131478426,615.7030930363629,618.364013671875,50435900,0.0,0.0,0.0
2026-01-09 00:00:00-05:00,619.3008056143428,625.7588527928842,616.9588062315833,624.5230712890625,49688700,0.0,0.0,0.0
2026-01-12 00:00:00-05:00,620.1977700429699,626.7155502563702,620.1479519171962,625.041259765625,37388700,0.0,0.0,0.0
2026-01-13 00:00:00-05:00,625.140974146081,627.3334583647393,621.5830839442848,624.1144409179688,44481400,0.0,0.0,0.0
2026-01-14 00:00:00-05:00,620.1280157301809,621.3339307094008,612.4740900847709,617.4471435546875,72598700,0.0,0.0,0.0
2026-01-15 00:00:00-05:00,624.4732033837762,627.8616876163956,618.6430834728214,619.6696166992188,53934900,0.0,0.0,0.0
2026-01-16 00:00:00-05:00,623.3769663073682,623.9550147388202,616.7794403711221,619.1513671875,61058100,0.0,0.0,0.0
2026-01-20 00:00:00-05:00,608.4578028817349,612.9723957819789,604.9895731374214,605.9961547851562,81988900,0.0,0.0,0.0
2026-01-21 00:00:00-05:00,607.4012887411642,618.3141340756262,605.7967680520393,614.188232421875,79837900,0.0,0.0,0.0
2026-01-22 00:00:00-05:00,620.2375842668598,620.347257132182,615.6831493704997,618.6530151367188,42254800,0.0,0.0,0.0
2026-01-23 00:00:00-05:00,617.6265424291936,623.2773415638685,616.5502518751565,620.6063842773438,43645800,0.0,0.0,0.0
2026-01-26 00:00:00-05:00,621.0947340762326,625.4797631810548,620.0084069696974,623.3370971679688,35983000,0.0,0.0,0.0
2026-01-27 00:00:00-05:00,626.7753573897714,629.8947385616864,625.210739736326,628.9878540039062,38997200,0.0,0.0,0.0
2026-01-28 00:00:00-05:00,633.3031267391333,634.4392110916745,629.6654913345894,631.0706787109375,50691700,0.0,0.0,0.0
2026-01-29 00:00:00-05:00,630.5026813963867,631.5191779456372,616.1714851785354,627.2935791015625,79944000,0.0,0.0,0.0
2026-01-30 00:00:00-05:00,623.5862091740412,626.1275416849769,617.1979322175918,619.7592163085938,65650700,0.0,0.0,0.0
2026-02-02 00:00:00-05:00,616.600081229079,626.3568310719594,616.560178063243,624.0148315429688,49020300,0.0,0.0,0.0
2026-02-03 00:00:00-05:00,626.1674139293162,627.8417043791845,608.8863033670389,614.4274291992188,81234000,0.0,0.0,0.0
2026-02-04 00:00:00-05:00,612.9324630859023,613.0121477465343,598.4318013464032,603.6939086914062,81850700,0.0,0.0,0.0
2026-02-05 00:00:00-05:00,598.1728002779972,602.7571627123452,592.7412864010469,595.0036010742188,89354500,0.0,0.0,0.0
2026-02-06 00:00:00-05:00,598.1528367578925,609.3347246219274,596.7376735555687,607.5807495117188,78019300,0.0,0.0,0.0
2026-02-09 00:00:00-05:00,605.4779073318616,614.3676754732974,603.0163200345862,612.2349243164062,56797600,0.0,0.0,0.0
2026-02-10 00:00:00-05:00,613.2215243611824,614.9257422105983,608.9361315029465,609.39453125,53938900,0.0,0.0,0.0
2026-02-11 00:00:00-05:00,614.287912259566,615.4240575153926,605.6274050805947,611.0289916992188,58575100,0.0,0.0,0.0
2026-02-12 00:00:00-05:00,612.6235691721736,613.719811213741,597.5349428610552,598.601318359375,81378900,0.0,0.0,0.0
2026-02-13 00:00:00-05:00,598.3920201980992,604.4214731930686,594.3956211608477,599.876953125,69237500,0.0,0.0,0.0
2026-02-17 00:00:00-05:00,596.3489614066287,601.900062806609,591.3260902585407,599.259033203125,69013800,0.0,0.0,0.0
2026-02-18 00:00:00-05:00,600.0663841818466,607.7004196981827,598.6810873351905,603.73388671875,64250700,0.0,0.0,0.0
2026-02-19 00:00:00-05:00,600.7638978416991,603.7636908223434,598.7108924704256,601.421630859375,60960800,0.0,0.0,0.0
2026-02-20 00:00:00-05:00,598.0830240719503,608.2782811950732,597.1960303761281,606.7435302734375,74127300,0.0,0.0,0.0
2026-02-23 00:00:00-05:00,604.551014539048,605.9462869551629,597.0166773136035,599.36865234375,63859100,0.0,0.0,0.0
2026-02-24 00:00:00-05:00,600.3553581675079,606.9229563249177,597.6943768857255,605.8067626953125,55023700,0.0,0.0,0.0
2026-02-25 00:00:00-05:00,608.995909128246,614.7363682274654,608.9261394233886,614.5868530273438,55710700,0.0,0.0,0.0
2026-02-26 00:00:00-05:00,613.500602585001,613.500602585001,601.9299628027486,607.172119140625,96178900,0.0,0.0,0.0
2026-02-27 00:00:00-05:00,600.9333908786662,606.2552930140329,600.1460941357092,605.228759765625,68125200,0.0,0.0,0.0
2026-03-02 00:00:00-05:00,596.8273488972434,607.8498068726756,595.9603066969873,606.0260620117188,75264600,0.0,0.0,0.0
2026-03-03 00:00:00-05:00,594.3059059086514,601.9100124168169,589.8610225003547,599.5380859375,97015500,0.0,0.0,0.0
2026-03-04 00:00:00-05:00,602.1092824866074,610.7997159588376,601.381779779037,608.6769409179688,70943900,0.0,0.0,0.0
2026-03-05 00:00:00-05:00,605.338437930278,610.6802308667765,600.2158690906975,606.84326171875,89602400,0.0,0.0,0.0
2026-03-06 00:00:00-05:00,598.272452308765,603.9431419992706,596.2991922008539,597.71435546875,86302300,0.0,0.0,0.0
2026-03-09 00:00:00-04:00,592.2130380432229,607.2020280273126,589.3229177543049,605.6971435546875,93068200,0.0,0.0,0.0
2026-03-10 00:00:00-04:00,605.7171291112322,611.2083762165881,603.3650930899329,605.7071533203125,64078900,0.0,0.0,0.0
2026-03-11 00:00:00-04:00,606.8830522484864,610.3512206142045,602.9763749423223,605.6273193359375,60114800,0.0,0.0,0.0
2026-03-12 00:00:00-04:00,600.7141199697804,602.0894408359657,595.0234789704778,595.2327880859375,71836600,0.0,0.0,0.0
2026-03-13 00:00:00-04:00,597.6943836062096,601.5512432287993,590.5587127632866,591.7047729492188,63145500,0.0,0.0,0.0
2026-03-16 00:00:00-04:00,598.0033513683248,601.8103930085241,597.0765152286837,598.3422241210938,49077200,0.0,0.0,0.0
2026-03-17 00:00:00-04:00,601.0928621051149,603.8435039613423,599.827153220896,601.2622680664062,47106600,0.0,0.0,0.0
2026-03-18 00:00:00-04:00,599.4484580276425,601.1127728070715,592.5419866131784,592.880859375,56128000,0.0,0.0,0.0
2026-03-19 00:00:00-04:00,587.5091059918601,593.7777346942335,585.0873611514585,591.0072021484375,75597600,0.0,0.0,0.0
2026-03-20 00:00:00-04:00,589.0538644721536,589.1634765193921,576.5763394854986,580.0844116210938,91964700,0.0,0.0,0.0
2026-03-23 00:00:00-04:00,589.2577971122703,593.8080477851386,584.707546439402,586.7431640625,89936100,0.733,0.0,0.0
2026-03-24 00:00:00-04:00,583.5599323333884,586.6732582803922,580.6860836277402,582.731689453125,57750900,0.0,0.0,0.0
2026-03-25 00:00:00-04:00,587.8807233962021,590.105937264777,584.4380856164452,586.5635375976562,60475500,0.0,0.0,0.0
2026-03-26 00:00:00-04:00,581.354642361522,583.3803323809582,572.2042606955537,572.5634765625,81492100,0.0,0.0,0.0
2026-03-27 00:00:00-04:00,569.5898913289244,569.7994643796657,560.3696515714074,561.3775024414062,82702200,0.0,0.0,0.0
2026-03-30 00:00:00-04:00,566.167193726255,566.835744504963,554.4123449976639,557.086669921875,70602600,0.0,0.0,0.0
2026-03-31 00:00:00-04:00,563.0837667324405,577.4031290957437,563.0039815896954,575.9462280273438,95878000,0.0,0.0,0.0
2026-04-01 00:00:00-04:00,580.2370672268827,586.4836962239632,579.179335412676,583.06103515625,79435100,0.0,0.0,0.0
2026-04-02 00:00:00-04:00,572.7430779653056,584.7972733467034,570.6974721352691,583.7295532226562,50941700,0.0,0.0,0.0
2026-04-06 00:00:00-04:00,584.9768981262092,589.3475406308395,583.4402118432972,587.2420654296875,35108500,0.0,0.0,0.0
2026-04-07 00:00:00-04:00,584.3882026562935,587.7210292628183,577.1636879809167,587.3319091796875,49948200,0.0,0.0,0.0
2026-04-08 00:00:00-04:00,607.4088894425788,608.5963482247196,600.8329489303708,604.7944946289062,63086000,0.0,0.0,0.0
2026-04-09 00:00:00-04:00,604.6348380470022,609.1950771369181,601.7410732406024,608.8857421875,37837500,0.0,0.0,0.0
2026-04-10 00:00:00-04:00,610.5322286073159,612.3582731602751,608.2770495763316,609.7638549804688,34038500,0.0,0.0,0.0
2026-04-13 00:00:00-04:00,608.1771864154443,625.4003020437667,606.8101197315917,616.0703125,32972100,0.0,0.0,0.0
2026-04-14 00:00:00-04:00,618.8941947521593,627.2562866210938,618.7744561353234,627.2562866210938,49921100,0.0,0.0,0.0
2026-04-15 00:00:00-04:00,627.7353139030603,636.4666101570109,626.8571900931449,636.0375366210938,50102400,0.0,0.0,0.0
2026-04-16 00:00:00-04:00,637.8436965859062,640.8073189117684,633.9021276162631,639.1009521484375,42320600,0.0,0.0,0.0
2026-04-17 00:00:00-04:00,644.2100323367088,648.6105788505391,642.6932619551269,647.4630126953125,53488900,0.0,0.0,0.0
2026-04-20 00:00:00-04:00,646.6547376870972,647.3732302965532,641.1465785698142,645.4074096679688,37138500,0.0,0.0,0.0
2026-04-21 00:00:00-04:00,647.0239324977517,648.8101451741646,640.8372343366078,642.9526977539062,39580500,0.0,0.0,0.0
2026-04-22 00:00:00-04:00,648.7603575560191,653.929278227069,647.1338367363905,653.709716796875,37368400,0.0,0.0,0.0
2026-04-23 00:00:00-04:00,652.1529787029532,655.5157702184271,644.1401750634725,650.0275268554688,40099800,0.0,0.0,0.0
2026-04-24 00:00:00-04:00,657.1024209404745,663.0895957247212,655.1266727511743,662.4609375,45563100,0.0,0.0,0.0
2026-04-27 00:00:00-04:00,661.9819986507146,663.0097653425256,659.2777693835679,662.8101806640625,32717000,0.0,0.0,0.0
2026-04-28 00:00:00-04:00,656.004754848671,658.2300296236717,652.4124742350715,656.1444702148438,34147900,0.0,0.0,0.0
2026-04-29 00:00:00-04:00,657.2221656812865,660.3055266172468,655.1865481613837,660.1558837890625,31724900,0.0,0.0,0.0
2026-04-30 00:00:00-04:00,663.9277163428184,667.4701765484971,656.1543902560467,666.3126220703125,40622200,0.0,0.0,0.0
2026-05-01 00:00:00-04:00,667.7295996684235,674.5250404091096,667.3703838092385,672.708984375,39172600,0.0,0.0,0.0
2026-05-04 00:00:00-04:00,673.2178749724156,675.2834576176889,667.4702382389029,671.4417114257812,34542000,0.0,0.0,0.0
2026-05-05 00:00:00-04:00,676.5108537091375,681.3105696942113,676.06180342226,680.1530151367188,37101100,0.0,0.0,0.0
2026-05-06 00:00:00-04:00,686.309864653291,694.4424070727396,685.012594745374,694.2827758789062,38778500,0.0,0.0,0.0
2026-05-07 00:00:00-04:00,695.0910378327916,699.741050020677,690.2913219165297,693.4545288085938,43779100,0.0,0.0,0.0
2026-05-08 00:00:00-04:00,698.4238945105413,709.709716796875,698.0048093195176,709.709716796875,44320400,0.0,0.0,0.0
2026-05-11 00:00:00-04:00,708.8415292269354,713.0625286499792,707.394616546851,711.7652587890625,36019100,0.0,0.0,0.0
2026-05-12 00:00:00-04:00,706.7060961344681,708.6619284096558,695.1508931250245,705.7282104492188,45873000,0.0,0.0,0.0
2026-05-13 00:00:00-04:00,708.4424652516221,715.1181676509774,703.3234258783424,713.1823120117188,40012500,0.0,0.0,0.0
2026-05-14 00:00:00-04:00,713.0924719031191,720.4866668965204,712.6933025541022,718.2514038085938,33327500,0.0,0.0,0.0
2026-05-15 00:00:00-04:00,708.622108433035,713.6014326902291,704.0418926432,707.4146728515625,51792700,0.0,0.0,0.0
2026-05-18 00:00:00-04:00,710.0190294838146,710.5479258193494,697.3561524904881,704.3711547851562,49834500,0.0,0.0,0.0
2026-05-19 00:00:00-04:00,698.3141623863071,704.9798766607653,693.7639117658215,700.030517578125,46827500,0.0,0.0,0.0
2026-05-20 00:00:00-04:00,703.7824257923921,711.6256713867188,702.2856320315602,711.6256713867188,36779200,0.0,0.0,0.0
2026-05-21 00:00:00-04:00,707.4745066970102,715.5871334944783,705.2592812358496,712.9827270507812,36415400,0.0,0.0,0.0
2026-05-22 00:00:00-04:00,716.5351219372583,720.5764528207093,714.4196583413607,716.0062255859375,33118600,0.0,0.0,0.0
2026-05-26 00:00:00-04:00,724.4082818705217,729.6071065125336,722.6120806481434,728.7190551757812,34254700,0.0,0.0,0.0
2026-05-27 00:00:00-04:00,731.3933152026018,731.7525310831555,723.8893697615578,727.8908081054688,35148700,0.0,0.0,0.0
2026-05-28 00:00:00-04:00,728.1701402291201,735.0254503325125,724.8572296134905,734.027587890625,32840000,0.0,0.0,0.0
2026-05-29 00:00:00-04:00,736.2628454135092,740.0447221142881,733.6783549102875,736.7318115234375,37541700,0.0,0.0,0.0
2026-06-01 00:00:00-04:00,735.464576190909,744.0562188501588,734.416832716765,741.1524047851562,33890600,0.0,0.0,0.0
2026-06-02 00:00:00-04:00,740.8130908722517,744.8444331554832,737.6498231242726,744.5650024414062,30085200,0.0,0.0,0.0
2026-06-03 00:00:00-04:00,745.7126120403002,747.0497745697194,739.4260905589007,742.6192626953125,40270200,0.0,0.0,0.0
2026-06-04 00:00:00-04:00,733.9078771104591,741.9107536874841,731.0540050355258,739.0269165039062,40782600,0.0,0.0,0.0
2026-06-05 00:00:00-04:00,728.4994794722375,730.1260001864761,702.8145089902632,703.5529174804688,99606600,0.0,0.0,0.0
2026-06-08 00:00:00-04:00,716.2756385838147,721.4845122126053,711.5457803433952,714.5393676757812,47401500,0.0,0.0,0.0
2026-06-09 00:00:00-04:00,721.4345342962913,724.1087982042852,684.9028066603832,706.3169555664062,91932200,0.0,0.0,0.0
2026-06-10 00:00:00-04:00,700.1601489508766,709.7596418767092,691.448829138881,692.2072143554688,65334300,0.0,0.0,0.0
2026-06-11 00:00:00-04:00,697.7951930812733,716.8344251989125,693.5143852047621,715.5870971679688,71798900,0.0,0.0,0.0
2026-06-12 00:00:00-04:00,716.0760275085878,722.4623712773896,709.7596023215499,719.798095703125,51168400,0.0,0.0,0.0
2026-06-15 00:00:00-04:00,736.5222551108849,743.1680531807805,735.8038233761346,742.40966796875,46710200,0.0,0.0,0.0
2026-06-16 00:00:00-04:00,740.6633959693683,742.629155741597,728.0803652201432,728.2998657226562,45348700,0.0,0.0,0.0
2026-06-17 00:00:00-04:00,733.6184641620571,734.1074069958862,719.3090904725119,720.965576171875,51669300,0.0,0.0,0.0
2026-06-18 00:00:00-04:00,735.6242535433294,740.2343734608266,730.9442759416646,739.0369262695312,50154600,0.0,0.0,0.0
2026-06-22 00:00:00-04:00,741.2475942735041,744.6740164081855,733.6255320449774,737.1818237304688,43518600,0.813,0.0,0.0
2026-06-23 00:00:00-04:00,714.994955841975,722.8567588543334,711.368729535907,712.9071655273438,53354200,0.0,0.0,0.0
2026-06-24 00:00:00-04:00,714.6253657788768,719.1806168314835,703.7167494897757,709.8803100585938,52480400,0.0,0.0,0.0
2026-06-25 00:00:00-04:00,725.144386854217,726.073411438839,704.5657941797848,715.63427734375,49668000,0.0,0.0,0.0
2026-06-26 00:00:00-04:00,706.3939573549355,714.8151753001493,702.0784467013282,705.7846069335938,47081800,0.0,0.0,0.0
2026-06-29 00:00:00-04:00,713.2467701925264,723.8257734758017,704.4359439581019,723.3262939453125,44939100,0.0,0.0,0.0
2026-06-30 00:00:00-04:00,723.4261723402657,736.8521846863197,723.156433880318,735.6334838867188,42121800,0.0,0.0,0.0
2026-07-01 00:00:00-04:00,728.4309348946762,731.1580735258118,723.8456861360175,724.4151000976562,40803800,0.0,0.0,0.0
2026-07-02 00:00:00-04:00,724.8247456386157,730.0692808035519,706.823483523477,711.8582153320312,50959800,0.0,0.0,0.0
2026-07-06 00:00:00-04:00,719.1806205090421,725.3242433880005,717.7021805458717,722.067626953125,30220400,0.0,0.0,0.0
2026-07-07 00:00:00-04:00,713.42658457407,715.6043080380856,704.1662754218111,708.6915283203125,42483100,0.0,0.0,0.0
2026-07-08 00:00:00-04:00,704.2162281021572,711.5186166673155,700.1803943256999,710.699462890625,35603200,0.0,0.0,0.0
2026-07-09 00:00:00-04:00,717.5823009494849,723.476123003734,714.3856196637845,722.5271606445312,33654700,0.0,0.0,0.0
2026-07-10 00:00:00-04:00,719.9498309758326,725.633910657471,716.2536701350646,724.7548217773438,26415900,0.0,0.0,0.0
2026-07-13 00:00:00-04:00,716.9728399125403,717.9917976257694,709.3408393238593,710.9990844726562,36552400,0.0,0.0,0.0
2026-07-14 00:00:00-04:00,719.4702735364855,721.5381261320255,713.5964502872879,718.9408569335938,29448100,0.0,0.0,0.0
2026-07-15 00:00:00-04:00,723.0964840498398,723.6059629208669,709.4906666647634,716.9928588867188,32627600,0.0,0.0,0.0
2026-07-16 00:00:00-04:00,711.2688277809667,712.8571384924941,701.8785885225277,705.2051391601562,39402000,0.0,0.0,0.0
2026-07-17 00:00:00-04:00,690.9300392487022,701.5689163623388,686.0451149463661,694.606201171875,54109300,0.0,0.0,0.0
2026-07-20 00:00:00-04:00,701.4290751693121,705.0653008245885,694.7860339234736,695.33544921875,29687600,0.0,0.0,0.0
2026-07-21 00:00:00-04:00,705.8345294031318,709.3108875148979,702.0684341343024,708.2319946289062,33728300,0.0,0.0,0.0
2026-07-22 00:00:00-04:00,702.8875430569569,708.9112952334938,702.8875430569569,704.61572265625,23692200,0.0,0.0,0.0
2026-07-23 00:00:00-04:00,693.9468861753709,697.9327231441935,687.0740428357205,691.23974609375,44028600,0.0,0.0,0.0
2026-07-24 00:00:00-04:00,689.6913211134731,691.9090420069233,681.7695828163428,683.5177612304688,42876700,0.0,0.0,0.0
2026-07-27 00:00:00-04:00,690.9600196558405,691.5793694171385,675.246412599162,681.4099731445312,42681500,0.0,0.0,0.0
2026-07-28 00:00:00-04:00,675.5260852047327,678.69282941625,667.1848012007116,674.786865234375,51398700,0.0,0.0,0.0
2026-07-29 00:00:00-04:00,674.8068223593629,679.3420743940087,660.4517860132496,661.0411376953125,57233300,0.0,0.0,0.0
2026-07-30 00:00:00-04:00,674.0576119251697,684.4068129515903,672.5991097762519,682.8384399414062,66753700,0.0,0.0,0.0
2026-07-31 00:00:00-04:00,691.3895713800811,695.0457958477069,679.3421270152298,687.2738647460938,50540500,0.0,0.0,0.0
2026-08-03 00:00:00-04:00,687.5835404062232,700.8597459456591,685.1061413344767,699.34130859375,44965100,0.0,0.0,0.0
2026-08-04 00:00:00-04:00,707.4228263749409,724.9046100552433,706.7935382563429,723.0964965820312,59778600,0.0,0.0,0.0
2026-08-05 00:00:00-04:00,725.4940407971483,727.7816351687756,716.1737353937511,716.5533447265625,33540200,0.0,0.0,0.0
2026-08-06 00:00:00-04:00,710.0800975972087,718.5712497417534,707.7625052246912,713.9061279296875,33035900,0.0,0.0,0.0
2026-08-07 00:00:00-04:00,719.4003977892652,722.8767558377907,715.7641721456221,722.2774047851562,31070400,0.0,0.0,0.0
2026-08-10 00:00:00-04:00,721.6380662225321,723.9156612253314,719.5802129514979,720.11962890625,26243200,0.0,0.0,0.0
2026-08-11 00:00:00-04:00,722.5370761410037,722.5970112457043,714.7552070178748,717.7021484375,29286100,0.0,0.0,0.0
2026-08-12 00:00:00-04:00,726.32320296041,726.4930089361641,722.1674989405016,722.9467163085938,29066000,0.0,0.0,0.0
2026-08-13 00:00:00-04:00,724.3952036143359,733.1960306989878,723.276374318815,731.3079833984375,31599700,0.0,0.0,0.0
2026-08-14 00:00:00-04:00,732.6465510961883,733.6255724540374,727.561883529615,730.3090209960938,23790600,0.0,0.0,0.0
2026-08-17 00:00:00-04:00,732.1870404067878,733.8153485193716,728.5108784569633,729.1102294921875,26452600,0.0,0.0,0.0
2026-08-18 00:00:00-04:00,719.4603242061223,721.3783085230132,715.1747508308598,716.7631225585938,48997200,0.0,0.0,0.0
2026-08-19 00:00:00-04:00,719.6401056796244,720.7489355626859,711.8681752092583,715.3345947265625,35801700,0.0,0.0,0.0
2026-08-20 00:00:00-04:00,711.3487680341726,714.1957769031727,707.782476952734,710.18994140625,33396400,0.0,0.0,0.0
2026-08-21 00:00:00-04:00,714.485502546953,714.9250469928722,708.46181083734,712.6973876953125,33399400,0.0,0.0,0.0
2026-08-24 00:00:00-04:00,708.9212669826352,709.0511365395006,701.9685508753718,705.5847778320312,37443100,0.0,0.0,0.0
2026-08-25 00:00:00-04:00,710.4796431110551,713.2967150154067,706.713608864013,709.9801635742188,23869600,0.0,0.0,0.0
2026-08-26 00:00:00-04:00,707.6725757719001,712.2778234739277,707.2330313373777,710.6295166015625,20392400,0.0,0.0,0.0
2026-08-27 00:00:00-04:00,716.1837333189847,720.5991154262211,713.7862680851495,720.359375,28723500,0.0,0.0,0.0
2026-08-28 00:00:00-04:00,718.9908173393685,723.3762624487671,714.3456940785237,715.6842651367188,34105400,0.0,0.0,0.0
2026-08-31 00:00:00-04:00,714.425544259608,716.8330697733344,712.4176267643429,716.013916015625,32237200,0.0,0.0,0.0
2026-09-01 00:00:00-04:00,706.6536415906066,711.5585035915489,703.9264419829226,706.9033813476562,35236100,0.0,0.0,0.0
2026-09-02 00:00:00-04:00,706.3639219777956,709.0611236151823,704.3660038718234,708.501708984375,23476200,0.0,0.0,0.0
2026-09-03 00:00:00-04:00,710.1100046716628,718.1716113897015,708.9512390201578,716.9229125976562,29449800,0.0,0.0,0.0
2026-09-04 00:00:00-04:00,718.601156571467,721.1085535017505,715.8140828169636,718.2116088867188,32871100,0.0,0.0,0.0
2026-09-08 00:00:00-04:00,720.1595771602128,721.1385985378392,714.8251697161986,717.6122436523438,28341400,0.0,0.0,0.0
2026-09-09 00:00:00-04:00,715.6543252365607,718.9508780796424,713.276797695489,715.5643920898438,26763400,0.0,0.0,0.0
2026-09-10 00:00:00-04:00,706.8135035284996,711.3188188537567,706.1242193062288,707.9523315429688,31414400,0.0,0.0,0.0
2026-09-11 00:00:00-04:00,714.9350193188371,716.8830016980755,712.8871654213293,714.1358642578125,26649100,0.0,0.0,0.0
2026-09-14 00:00:00-04:00,702.597886401324,712.2078675940699,702.0084737337293,708.4417724609375,35219000,0.0,0.0,0.0
2026-09-15 00:00:00-04:00,708.062154852668,708.7914364120502,702.9075530374577,703.8065795898438,26631700,0.0,0.0,0.0
2026-09-16 00:00:00-04:00,707.2630040952242,711.138970068843,699.2713317325664,703.9863891601562,35688000,0.0,0.0,0.0
2026-09-17 00:00:00-04:00,715.2047450412119,717.2925353145212,712.577477858311,716.1737060546875,37270300,0.0,0.0,0.0
2026-09-18 00:00:00-04:00,718.08176775015,720.9787124798182,714.3356712251818,720.6990356445312,48478700,0.0,0.0,0.0
2026-09-21 00:00:00-04:00,727.8900146484375,743.219970703125,727.8099975585938,741.469970703125,46730600,0.751,0.0,0.0
2026-09-22 00:00:00-04:00,740.97998046875,748.3499755859375,740.9299926757812,747.4600219726562,40128800,0.0,0.0,0.0
2026-09-23 00:00:00-04:00,746.969970703125,747.1300048828125,738.1900024414062,741.2100219726562,33191800,0.0,0.0,0.0
2026-09-24 00:00:00-04:00,735.2899780273438,742.6599731445312,734.6199951171875,741.0999755859375,29000900,0.0,0.0,0.0
2026-09-25 00:00:00-04:00,742.8300170898438,745.9199829101562,739.6400146484375,744.5,30283800,0.0,0.0,0.0
2026-09-28 00:00:00-04:00,740.4600219726562,741.4199829101562,731.6300048828125,736.530029296875,41775000,0.0,0.0,0.0
2026-09-29 00:00:00-04:00,740.1500244140625,740.5800170898438,735.3400268554688,737.9299926757812,27052300,0.0,0.0,0.0
2026-09-30 00:00:00-04:00,740.1900024414062,745.0999755859375,739.4600219726562,739.77001953125,29820400,0.0,0.0,0.0
2026-10-01 00:00:00-04:00,742.510009765625,744.6699829101562,736.25,742.030029296875,35728900,0.0,0.0,0.0
2026-10-02 00:00:00-04:00,751.3099975585938,754.5399780273438,747.530029296875,749.5800170898438,34467100,0.0,0.0,0.0
