Date,Open,High,Low,Close,Volume,Dividends,Stock Splits,Capital Gains
2021-10-04 00:00:00-04:00,47.582159402411115,47.601192701799754,46.60196808039526,46.830360412597656,17100,0.0,0.0,0.0
2021-10-05 00:00:00-04:00,47.02069062580165,47.46796409393926,46.97310919158569,47.306182861328125,41900,0.0,0.0,0.0
2021-10-06 00:00:00-04:00,46.87794224713667,47.41086374388747,46.63051661342815,47.39183044433594,29100,0.0,0.0,0.0
2021-10-07 00:00:00-04:00,47.829583097000736,48.33395643479705,47.829583097000736,47.98184585571289,19200,0.0,0.0,0.0
2021-10-08 00:00:00-04:00,48.153146573585275,48.153146573585275,47.68684341812361,47.772491455078125,11100,0.0,0.0,0.0
2021-10-11 00:00:00-04:00,47.75345701954444,48.18169719413796,47.57264611481863,47.58216094970703,18600,0.0,0.0,0.0
2021-10-12 00:00:00-04:00,47.73442561650292,47.82007365482528,47.287152124127175,47.40135192871094,20900,0.0,0.0,0.0
2021-10-13 00:00:00-04:00,47.705870161031356,47.97232907038255,47.705870161031356,47.80103302001953,12800,0.0,0.0,0.0
2021-10-14 00:00:00-04:00,48.391053115983745,48.876393159330135,48.391053115983745,48.86687469482422,22600,0.0,0.0,0.0
2021-10-15 00:00:00-04:00,49.19043093474288,49.33317885300341,49.152367969406384,49.2189826965332,16200,0.0,0.0,0.0
2021-10-18 00:00:00-04:00,49.00962472070836,49.40931312155097,48.838328654567036,49.37125015258789,34100,0.0,0.0,0.0
2021-10-19 00:00:00-04:00,49.57108937386228,49.88512971009058,49.4283414563392,49.828033447265625,17800,0.0,0.0,0.0
2021-10-20 00:00:00-04:00,49.87561904149643,49.96126707311671,49.72335627753044,49.90416717529297,13400,0.0,0.0,0.0
2021-10-21 00:00:00-04:00,49.70431345672512,50.08497210883512,49.60915060881259,50.046905517578125,40100,0.0,0.0,0.0
2021-10-22 00:00:00-04:00,50.18966739801071,50.522741088698915,49.87562337802101,49.98030471801758,13300,0.0,0.0,0.0
2021-10-25 00:00:00-04:00,50.1420782159057,50.44660374532578,49.961267317259605,50.26579284667969,18600,0.0,0.0,0.0
2021-10-26 00:00:00-04:00,50.541772860249786,50.541772860249786,49.970784740336704,50.03740310668945,28300,0.0,0.0,0.0
2021-10-27 00:00:00-04:00,49.96126584222924,50.199176631954145,49.67577362060547,49.67577362060547,30500,0.0,0.0,0.0
2021-10-28 00:00:00-04:00,50.037410259345954,50.55129492142547,50.037410259345954,50.48468017578125,22200,0.0,0.0,0.0
2021-10-29 00:00:00-04:00,50.027875183958685,50.608378029192885,50.027875183958685,50.54176330566406,28900,0.0,0.0,0.0
2021-11-01 00:00:00-04:00,50.960493714945976,51.37921905517578,50.7796828099936,51.37921905517578,32800,0.0,0.0,0.0
2021-11-02 00:00:00-04:00,51.39824595493449,51.74083807657503,51.39824595493449,51.7313232421875,27000,0.0,0.0,0.0
2021-11-03 00:00:00-04:00,51.84551225516539,52.34988190344257,51.712282810732184,52.29278564453125,43800,0.0,0.0,0.0
2021-11-04 00:00:00-04:00,52.68296984256227,53.31105422973633,52.54974037107548,53.31105422973633,52300,0.0,0.0,0.0
2021-11-05 00:00:00-04:00,53.64412272746051,53.98671483832778,53.26346765000948,53.5679931640625,53600,0.0,0.0,0.0
2021-11-08 00:00:00-05:00,53.872529523989485,54.26270314431093,53.7678481767906,54.13898849487305,65100,0.0,0.0,0.0
2021-11-09 00:00:00-05:00,54.3768931029676,54.38641156811312,53.653645851832124,54.043819427490234,58200,0.0,0.0,0.0
2021-11-10 00:00:00-05:00,53.69170895685129,53.87252349276333,52.55925482714734,52.74958419799805,45600,0.0,0.0,0.0
2021-11-11 00:00:00-05:00,53.21588117343724,53.387177224314726,53.12071831416325,53.339595794677734,19300,0.0,0.0,0.0
2021-11-12 00:00:00-05:00,53.615573349319114,53.92009885629712,53.463310595830116,53.862998962402344,29600,0.0,0.0,0.0
2021-11-15 00:00:00-05:00,54.062852229093096,54.10091519863185,53.39670125404946,53.644126892089844,54900,0.0,0.0,0.0
2021-11-16 00:00:00-05:00,53.653642674218986,54.17704568906973,53.38718011938742,54.15801239013672,38400,0.0,0.0,0.0
2021-11-17 00:00:00-05:00,54.15801392306528,54.18656205715755,53.61557759392801,53.7773551940918,68600,0.0,0.0,0.0
2021-11-18 00:00:00-05:00,54.20559240270687,54.20559240270687,53.54895994275287,53.92961502075195,42900,0.0,0.0,0.0
2021-11-19 00:00:00-05:00,54.03429777626648,54.11994580637205,53.748805552658105,53.83445358276367,45200,0.0,0.0,0.0
2021-11-22 00:00:00-05:00,53.89155587155001,54.17704810782994,52.92087936401367,52.92087936401367,50700,0.0,0.0,0.0
2021-11-23 00:00:00-05:00,52.873289577323106,53.05410045135068,52.026324206823,52.644893646240234,40700,0.0,0.0,0.0
2021-11-24 00:00:00-05:00,52.264241212325395,52.9018440246582,51.84551952394025,52.9018440246582,27500,0.0,0.0,0.0
2021-11-26 00:00:00-05:00,52.27375153922295,52.27375153922295,51.093712593505245,51.36968994140625,28800,0.0,0.0,0.0
2021-11-29 00:00:00-05:00,52.11197582959763,52.82570817200403,51.89309834688732,52.768611907958984,44200,0.0,0.0,0.0
2021-11-30 00:00:00-05:00,52.83523069003113,52.920878722900596,51.52196206277625,51.99778366088867,44100,0.0,0.0,0.0
2021-12-01 00:00:00-05:00,52.8162005810693,53.5204181861185,51.72180938720703,51.72180938720703,49900,0.0,0.0,0.0
2021-12-02 00:00:00-05:00,51.674217057773966,52.10245715771906,51.09371421454064,51.79793167114258,56600,0.0,0.0,0.0
2021-12-03 00:00:00-05:00,52.245210898708635,52.4831216885384,50.86532759164989,51.33163070678711,36300,0.0,0.0,0.0
2021-12-06 00:00:00-05:00,51.26502012181845,51.693260304189614,50.4656396581359,51.5314826965332,36700,0.0,0.0,0.0
2021-12-07 00:00:00-05:00,52.53070495843829,53.65364421614339,52.53070495843829,53.45379638671875,60900,0.0,0.0,0.0
2021-12-08 00:00:00-05:00,53.45380301991932,53.625099106265125,52.997014666407544,53.5870361328125,29900,0.0,0.0,0.0
2021-12-09 00:00:00-05:00,53.36814168977383,53.567985850418154,52.511661529541016,52.511661529541016,17800,0.0,0.0,0.0
2021-12-10 00:00:00-05:00,52.99700546997686,53.196853289522,52.33085817226143,52.67344665527344,21000,0.0,0.0,0.0
2021-12-13 00:00:00-05:00,52.83522410427729,52.83522410427729,51.82648113513272,51.86454772949219,39400,0.0,0.0,0.0
2021-12-14 00:00:00-05:00,51.37921532272795,51.63615577890977,50.97000847735612,51.41727828979492,23700,0.0,0.0,0.0
2021-12-15 00:00:00-05:00,51.58857153583725,52.701995849609375,50.903390972977036,52.701995849609375,32600,0.0,0.0,0.0
2021-12-16 00:00:00-05:00,53.11120659487205,53.15878802729931,50.950976164552834,51.084205627441406,32400,0.0,0.0,0.0
2021-12-17 00:00:00-05:00,50.6940310197577,51.49341141070879,50.57983485825912,51.05565643310547,31700,0.0,0.0,0.0
2021-12-20 00:00:00-05:00,50.43708899229868,50.60838505665325,50.084982029005715,50.427574157714844,36400,0.0,0.0,0.0
2021-12-21 00:00:00-05:00,50.88435956559879,51.912132263183594,50.88435956559879,51.912132263183594,32700,0.0,0.0,0.0
2021-12-22 00:00:00-05:00,51.78842008416912,52.521185767987596,51.72180535202477,52.492637634277344,13300,0.0,0.0,0.0
2021-12-23 00:00:00-05:00,52.644901962509756,53.044593997486245,52.549739093826695,52.92087936401367,15100,0.0,0.0,0.0
2021-12-27 00:00:00-05:00,53.177816552866986,53.85348227128326,53.177816552866986,53.84396743774414,32500,0.0,0.0,0.0
2021-12-28 00:00:00-05:00,54.04381536375771,54.04381536375771,53.28250156974743,53.3586311340332,45600,0.0,0.0,0.0
2021-12-29 00:00:00-05:00,53.43960758089062,53.53488087739948,53.29669400168405,53.477718353271484,26500,0.065,0.0,0.0
2021-12-30 00:00:00-05:00,53.477720961508176,53.7921257628763,53.35386276245117,53.35386276245117,33300,0.0,0.0,0.0
2021-12-31 00:00:00-05:00,53.44913413557014,53.52535568129987,53.15378473197577,53.1728401184082,19100,0.0,0.0,0.0
2022-01-03 00:00:00-05:00,53.22048644591987,53.74449694755639,53.096628228805926,53.71591567993164,28500,0.0,0.0,0.0
2022-01-04 00:00:00-05:00,54.001731038472144,54.01125691474888,52.88701452303529,53.50630187988281,21300,0.0,0.0,0.0
2022-01-05 00:00:00-05:00,53.496775943305884,53.51582769583787,52.04859924316406,52.04859924316406,35800,0.0,0.0,0.0
2022-01-06 00:00:00-05:00,51.94380553217349,52.420179386685966,51.54364960447209,52.239158630371094,25000,0.0,0.0,0.0
2022-01-07 00:00:00-05:00,52.19151328737801,52.458285091514455,51.314987224419795,51.4578971862793,17000,0.0,0.0,0.0
2022-01-10 00:00:00-05:00,50.876733361821906,51.24830441784146,50.03831429026214,51.2101936340332,31600,0.0,0.0,0.0
2022-01-11 00:00:00-05:00,51.21018954726861,52.11530060103939,51.0291687902921,52.08671569824219,25000,0.0,0.0,0.0
2022-01-12 00:00:00-05:00,52.34396048676257,52.75364231322834,52.02955561670993,52.25821304321289,13100,0.0,0.0,0.0
2022-01-13 00:00:00-05:00,52.62978423153599,52.73458342497452,51.30546188354492,51.30546188354492,10800,0.0,0.0,0.0
2022-01-14 00:00:00-05:00,51.000581374877804,52.00096933128022,51.000581374877804,51.99143981933594,24000,0.0,0.0,0.0
2022-01-18 00:00:00-05:00,51.162548298894855,51.35309855119145,50.39082141259333,50.428932189941406,29200,0.0,0.0,0.0
2022-01-19 00:00:00-05:00,50.61948005794964,50.84813744238028,49.600040435791016,49.600040435791016,23500,0.0,0.0,0.0
2022-01-20 00:00:00-05:00,49.95256112520621,50.40987957521706,48.82831857267973,48.847373962402344,19200,0.0,0.0,0.0
2022-01-21 00:00:00-05:00,48.56154685678884,49.190360134167335,47.8279307607733,47.894622802734375,35700,0.0,0.0,0.0
2022-01-24 00:00:00-05:00,47.11337248822408,48.11375680379035,45.71283226576497,48.06612014770508,107500,0.0,0.0,0.0
2022-01-25 00:00:00-05:00,47.265803167622835,47.63737410412409,46.53218717028614,46.84659194946289,46700,0.0,0.0,0.0
2022-01-26 00:00:00-05:00,47.55163653438892,48.2566714163138,46.54172268580571,47.027626037597656,57100,0.0,0.0,0.0
2022-01-27 00:00:00-05:00,47.065733121500806,47.065733121500806,45.427006078549994,45.49369812011719,39200,0.0,0.0,0.0
2022-01-28 00:00:00-05:00,45.28409266154833,46.246369781263816,44.68386428509134,46.2177848815918,20100,0.0,0.0,0.0
2022-01-31 00:00:00-05:00,46.427389709620115,48.05658721923828,46.351171792191174,48.05658721923828,33700,0.0,0.0,0.0
2022-02-01 00:00:00-05:00,48.256670350702294,48.28525161743164,47.599272140376314,48.28525161743164,28600,0.0,0.0,0.0
2022-02-02 00:00:00-05:00,48.780681915595174,49.02839471310123,48.36147061058559,48.847373962402344,46100,0.0,0.0,0.0
2022-02-03 00:00:00-05:00,47.84698897644828,48.228085862396235,47.22770153942246,47.256282806396484,19600,0.0,0.0,0.0
2022-02-04 00:00:00-05:00,47.218178535206484,47.970846475393294,46.951406700921154,47.71360778808594,13900,0.0,0.0,0.0
2022-02-07 00:00:00-05:00,47.713593575127135,48.094690370744004,47.561150495548716,47.618316650390625,17000,0.0,0.0,0.0
2022-02-08 00:00:00-05:00,47.54210955245256,48.59013052169188,47.54210955245256,48.5043830871582,17700,0.0,0.0,0.0
2022-02-09 00:00:00-05:00,49.047435381110546,49.714359283447266,48.894995943528684,49.714359283447266,14100,0.0,0.0,0.0
2022-02-10 00:00:00-05:00,48.752090057147605,50.0383014215594,48.656816756573456,48.761619567871094,19800,0.0,0.0,0.0
2022-02-11 00:00:00-05:00,48.83784172073752,49.009336584212114,47.31344697256753,47.51352310180664,9600,0.0,0.0,0.0
2022-02-14 00:00:00-05:00,47.42777767712843,47.95179180127824,46.84660101903059,47.256282806396484,31300,0.0,0.0,0.0
2022-02-15 00:00:00-05:00,48.11375466606633,49.01886562924741,48.11375466606633,48.98075485229492,11000,0.0,0.0,0.0
2022-02-16 00:00:00-05:00,48.70445607479126,49.36185424187159,48.55201660485622,49.295162200927734,10000,0.0,0.0,0.0
2022-02-17 00:00:00-05:00,48.866425844840315,48.94264376381643,48.037532806396484,48.037532806396484,8400,0.0,0.0,0.0
2022-02-18 00:00:00-05:00,47.91368056260864,48.075645919832546,47.208645696981804,47.48494338989258,17000,0.0,0.0,0.0
2022-02-22 00:00:00-05:00,47.037147209809866,47.69454536888888,46.53219215325413,46.970455169677734,28200,0.0,0.0,0.0
2022-02-23 00:00:00-05:00,47.3896702337314,47.61832763696912,46.16062487938599,46.17015075683594,16300,0.0,0.0,0.0
2022-02-24 00:00:00-05:00,44.674336203445606,47.28486633300781,44.50284133769986,47.28486633300781,35400,0.0,0.0,0.0
2022-02-25 00:00:00-05:00,47.60880008042061,48.170921325683594,47.02762344648589,48.170921325683594,20000,0.0,0.0,0.0
2022-02-28 00:00:00-05:00,47.637374448316336,48.43768248442578,47.542101153196995,48.085166931152344,10600,0.0,0.0,0.0
2022-03-01 00:00:00-05:00,47.837454248284935,47.98036783645953,46.865651298250846,47.065731048583984,14700,0.0,0.0,0.0
2022-03-02 00:00:00-05:00,47.30392030203183,48.008951498318545,47.06573339947264,47.894622802734375,17300,0.0,0.0,0.0
2022-03-03 00:00:00-05:00,47.923201674300984,47.98989371293086,46.88470668563703,47.065731048583984,34700,0.0,0.0,0.0
2022-03-04 00:00:00-05:00,46.35117362744916,46.6655784552632,45.6175575166247,45.97959899902344,15000,0.0,0.0,0.0
2022-03-07 00:00:00-05:00,45.62708845564144,46.00818900348595,44.274188416237365,44.283714294433594,20300,0.0,0.0,0.0
2022-03-08 00:00:00-05:00,44.188440601966676,45.45559318913956,43.78828466666082,44.436153411865234,24300,0.0,0.0,0.0
2022-03-09 00:00:00-05:00,45.41748741173396,46.26543603523751,45.41748741173396,46.08441162109375,17100,0.0,0.0,0.0
2022-03-10 00:00:00-05:00,45.28409530912966,45.58897427086917,45.01732712621857,45.51275634765625,12300,0.0,0.0,0.0
2022-03-11 00:00:00-05:00,45.82715407664059,46.13203299107709,44.550472259521484,44.550472259521484,15100,0.0,0.0,0.0
2022-03-14 00:00:00-04:00,44.56953362464384,44.79819465836603,43.44529111393438,43.635841369628906,50400,0.0,0.0,0.0
2022-03-15 00:00:00-04:00,43.778750899657254,44.807716369628906,43.65489269980503,44.807716369628906,12000,0.0,0.0,0.0
2022-03-16 00:00:00-04:00,45.58896858341106,46.789432525634766,45.36031120785456,46.789432525634766,18500,0.0,0.0,0.0
2022-03-17 00:00:00-04:00,46.436917851728914,47.2658072144651,46.436917851728914,47.208641052246094,8900,0.0,0.0,0.0
2022-03-18 00:00:00-04:00,46.94187514908672,48.11375427246094,46.94187514908672,48.11375427246094,10100,0.0,0.0,0.0
2022-03-21 00:00:00-04:00,47.989905034063526,48.21856610219682,47.49447574847838,47.94226837158203,8800,0.0,0.0,0.0
2022-03-22 00:00:00-04:00,47.970843090677086,48.694933345504595,47.970843090677086,48.5043830871582,15400,0.0,0.0,0.0
2022-03-23 00:00:00-04:00,48.29064477177129,48.60551963427122,47.85172653198242,47.85172653198242,5200,0.076,0.0,0.0
2022-03-24 00:00:00-04:00,47.8135640978697,48.93948745727539,47.8135640978697,48.93948745727539,12800,0.0,0.0,0.0
2022-03-25 00:00:00-04:00,48.88223244305526,48.88223244305526,48.49102205808751,48.80590057373047,5300,0.0,0.0,0.0
2022-03-28 00:00:00-04:00,48.53873328602163,48.93948745727539,48.281106384475144,48.93948745727539,12300,0.0,0.0,0.0
2022-03-29 00:00:00-04:00,49.68374164030498,49.91274454900615,49.27344734046212,49.80778503417969,25600,0.0,0.0,0.0
2022-03-30 00:00:00-04:00,49.66465491032967,49.84594993094213,48.863150235701404,48.97765350341797,20700,0.0,0.0,0.0
2022-03-31 00:00:00-04:00,48.901311893652725,48.901311893652725,48.23339080810547,48.23339080810547,6300,0.0,0.0,0.0
2022-04-01 00:00:00-04:00,48.43377052402007,48.43377052402007,47.63226587516501,48.03302001953125,7500,0.0,0.0,0.0
2022-04-04 00:00:00-04:00,48.281105608414904,48.64369201660156,48.281105608414904,48.64369201660156,8700,0.0,0.0,0.0
2022-04-05 00:00:00-04:00,48.28111236755842,48.28111236755842,47.03114910204489,47.06931686401367,19600,0.0,0.0,0.0
2022-04-06 00:00:00-04:00,46.37276947648126,46.53498065025732,45.93385111900432,46.24872970581055,45600,0.0,0.0,0.0
2022-04-07 00:00:00-04:00,46.10559249231496,46.51588675902062,45.599882477952036,46.27734375,10900,0.0,0.0,0.0
2022-04-08 00:00:00-04:00,46.172388616716,46.172388616716,45.58080291748047,45.58080291748047,42400,0.0,0.0,0.0
2022-04-11 00:00:00-04:00,45.13233207430811,45.24683168804472,44.81745722656315,44.855621337890625,12500,0.0,0.0,0.0
2022-04-12 00:00:00-04:00,45.3231717023796,45.68575809516432,44.60754267549992,44.655250549316406,26800,0.0,0.0,0.0
2022-04-13 00:00:00-04:00,44.76021349185152,45.50446657218142,44.76021349185152,45.49492645263672,35600,0.0,0.0,0.0
2022-04-14 00:00:00-04:00,45.571258049572634,45.571258049572634,44.71250534057617,44.71250534057617,11900,0.0,0.0,0.0
2022-04-18 00:00:00-04:00,44.32128296949642,44.970120115890744,44.32128296949642,44.70294952392578,12400,0.0,0.0,0.0
2022-04-19 00:00:00-04:00,44.49305355684528,45.43768205705733,44.397634146802744,45.41859817504883,9500,0.0,0.0,0.0
2022-04-20 00:00:00-04:00,45.76208879818672,45.838424306248214,45.37087841906496,45.4090461730957,8800,0.0,0.0,0.0
2022-04-21 00:00:00-04:00,45.905213287112645,46.19146414532345,44.45487148031714,44.512123107910156,12600,0.0,0.0,0.0
2022-04-22 00:00:00-04:00,44.44534022208099,44.655255618679085,43.75833511352539,43.75833511352539,14000,0.0,0.0,0.0
2022-04-25 00:00:00-04:00,43.51979091534773,44.30221176147461,43.51979091534773,44.30221176147461,17700,0.0,0.0,0.0
2022-04-26 00:00:00-04:00,43.86329183298509,43.88237571143594,42.86140823364258,42.86140823364258,25200,0.0,0.0,0.0
2022-04-27 00:00:00-04:00,42.76599480179525,43.47208378327923,42.62286752558647,42.832786560058594,7300,0.0,0.0,0.0
2022-04-28 00:00:00-04:00,43.42436509805267,44.36899695740139,43.071322485514244,44.11137008666992,7200,0.0,0.0,0.0
2022-04-29 00:00:00-04:00,44.063665745973424,44.42625214566788,42.97591018676758,42.97591018676758,5700,0.0,0.0,0.0
2022-05-02 00:00:00-04:00,42.9949902345678,43.68199157714844,42.861403101407625,43.68199157714844,7200,0.0,0.0,0.0
2022-05-03 00:00:00-04:00,43.739249517536884,44.00641654265698,43.64383376281619,43.93962478637695,38000,0.0,0.0,0.0
2022-05-04 00:00:00-04:00,44.08273800483414,45.437660217285156,43.43390088792402,45.437660217285156,8500,0.0,0.0,0.0
2022-05-05 00:00:00-04:00,44.71250100998347,44.71250100998347,43.18582360872532,43.43391036987305,18900,0.0,0.0,0.0
2022-05-06 00:00:00-04:00,43.23354241251327,43.5388772162842,42.62286916509345,43.004539489746094,23700,0.0,0.0,0.0
2022-05-09 00:00:00-04:00,42.06944171852102,42.29844458968598,41.01985402205141,41.13435363769531,21100,0.0,0.0,0.0
2022-05-10 00:00:00-04:00,41.91677966357012,42.08853092874231,41.048483218478545,41.582820892333984,14800,0.0,0.0,0.0
2022-05-11 00:00:00-04:00,41.30610597627951,41.964483333534446,40.590476989746094,40.590476989746094,23100,0.0,0.0,0.0
2022-05-12 00:00:00-04:00,40.113394509341234,41.115274450194434,40.113394509341234,40.867191314697266,32300,0.0,0.0,0.0
2022-05-13 00:00:00-04:00,41.477862533057284,42.47019875508765,41.477862533057284,42.38432312011719,8200,0.0,0.0,0.0
2022-05-16 00:00:00-04:00,42.09807078050738,42.441573308669355,41.96448727286163,42.002655029296875,10400,0.0,0.0,0.0
2022-05-17 00:00:00-04:00,42.73736337288693,43.338489092755154,42.73736337288693,43.328948974609375,14100,0.0,0.0,0.0
2022-05-18 00:00:00-04:00,42.87095236715388,43.18582726464825,41.81182076308818,41.87861251831055,10600,0.0,0.0,0.0
2022-05-19 00:00:00-04:00,41.73548444795037,42.575153178515265,41.73548444795037,42.078983306884766,10400,0.0,0.0,0.0
2022-05-20 00:00:00-04:00,42.632411700888646,42.632411700888646,41.029402207185136,41.99311447143555,10300,0.0,0.0,0.0
2022-05-23 00:00:00-04:00,42.11714722660116,42.62285717055735,41.993103860014514,42.498817443847656,14700,0.0,0.0,0.0
2022-05-24 00:00:00-04:00,42.05990138377199,42.05990138377199,41.50647990457003,41.907230377197266,11400,0.0,0.0,0.0
2022-05-25 00:00:00-04:00,41.65916056261198,42.59424893695904,41.65916056261198,42.36524963378906,7900,0.0,0.0,0.0
2022-05-26 00:00:00-04:00,42.39386397671799,43.65337077679263,42.39386397671799,43.529327392578125,15200,0.0,0.0,0.0
2022-05-27 00:00:00-04:00,43.89191364862024,44.655250549316406,43.89191364862024,44.655250549316406,10400,0.0,0.0,0.0
2022-05-31 00:00:00-04:00,44.72205215149019,44.80792779922654,43.95871508265498,44.34038543701172,11900,0.0,0.0,0.0
2022-06-01 00:00:00-04:00,44.59800133349965,44.769748946552994,43.59611781144476,43.99687194824219,21100,0.0,0.0,0.0
2022-06-02 00:00:00-04:00,43.80604245956657,45.16096878051758,43.80604245956657,45.16096878051758,12700,0.0,0.0,0.0
2022-06-03 00:00:00-04:00,44.636173773548094,44.636173773548094,44.19725544079941,44.29267120361328,35400,0.0,0.0,0.0
2022-06-06 00:00:00-04:00,44.93195877502589,45.01783439899535,44.26403765969428,44.397621154785156,19900,0.0,0.0,0.0
2022-06-07 00:00:00-04:00,43.94916090598323,44.855621337890625,43.94916090598323,44.855621337890625,14600,0.0,0.0,0.0
2022-06-08 00:00:00-04:00,44.59800687833799,44.693422635216976,43.987333658727955,44.16862869262695,16000,0.0,0.0,0.0
2022-06-09 00:00:00-04:00,43.77741660076297,44.0636675003916,42.937744140625,42.937744140625,9700,0.0,0.0,0.0
2022-06-10 00:00:00-04:00,42.18395589342431,42.451126608640216,41.74503751540459,41.75457763671875,18600,0.0,0.0,0.0
2022-06-13 00:00:00-04:00,40.49506154987723,40.64772893627169,39.78897625275693,39.81760025024414,20300,0.0,0.0,0.0
2022-06-14 00:00:00-04:00,39.90347588258338,40.13247878211388,39.445473723399985,39.81760025024414,11900,0.0,0.0,0.0
2022-06-15 00:00:00-04:00,40.20880799766259,40.94352088358487,39.8080574998199,40.54277038574219,23100,0.0,0.0,0.0
2022-06-16 00:00:00-04:00,39.302342104824916,39.47409335048784,38.54854901539008,38.748924255371094,21600,0.0,0.0,0.0
2022-06-17 00:00:00-04:00,38.892055461015495,39.24510177930237,38.443597022996954,38.9588508605957,62600,0.0,0.0,0.0
2022-06-21 00:00:00-04:00,39.67447343398207,40.11339167960216,39.52180241998137,39.82714080810547,12800,0.0,0.0,0.0
2022-06-22 00:00:00-04:00,39.235686419948784,39.89712227496698,39.15899629698569,39.41781997680664,22800,0.193,0.0,0.0
2022-06-23 00:00:00-04:00,39.49450887179917,39.532853932088486,39.03437911868603,39.52326583862305,8000,0.0,0.0,0.0
2022-06-24 00:00:00-04:00,40.002564749317386,40.80779266357422,40.002564749317386,40.80779266357422,9300,0.0,0.0,0.0
2022-06-27 00:00:00-04:00,41.06661342397256,41.06661342397256,40.52020919811463,40.64482879638672,12100,0.0,0.0,0.0
2022-06-28 00:00:00-04:00,40.874892970668114,41.19123419293744,39.92587661743164,39.92587661743164,22200,0.0,0.0,0.0
2022-06-29 00:00:00-04:00,39.70540076299913,39.70540076299913,39.21651402615435,39.43699264526367,25800,0.0,0.0,0.0
2022-06-30 00:00:00-04:00,38.81390406035481,39.158998664191095,38.32501363887694,38.87141799926758,14000,0.0,0.0,0.0
2022-07-01 00:00:00-04:00,38.5550746661659,38.5550746661659,37.89363521214219,38.26749038696289,8600,0.0,0.0,0.0
2022-07-05 00:00:00-04:00,37.49101893498593,38.20038414821709,37.14592076345267,38.190799713134766,53800,0.0,0.0,0.0
2022-07-06 00:00:00-04:00,38.219565523987484,38.59342074411049,37.97032992950097,38.382530212402344,30500,0.0,0.0,0.0
2022-07-07 00:00:00-04:00,38.737211062790934,39.6958156460392,38.737211062790934,39.6191291809082,20700,0.0,0.0,0.0
2022-07-08 00:00:00-04:00,39.139825524338555,39.86836337321455,39.139825524338555,39.724571228027344,8200,0.0,0.0,0.0
2022-07-11 00:00:00-04:00,39.23568812217739,39.23568812217739,38.74679770904313,38.756385803222656,19500,0.0,0.0,0.0
2022-07-12 00:00:00-04:00,38.89058850755879,39.063137628891894,38.36335670650157,38.54549026489258,5400,0.0,0.0,0.0
2022-07-13 00:00:00-04:00,37.89362975314366,38.70844566552554,37.81694330471346,38.574241638183594,12300,0.0,0.0,0.0
2022-07-14 00:00:00-04:00,38.16204656405356,38.56465869987885,37.68274431276481,38.50714111328125,25600,0.0,0.0,0.0
2022-07-15 00:00:00-04:00,38.976857738163744,39.24526582051666,38.73720661983839,39.22609329223633,4400,0.0,0.0,0.0
2022-07-18 00:00:00-04:00,39.71497741557171,39.887526486346374,39.06312618304193,39.13981628417969,6400,0.0,0.0,0.0
2022-07-19 00:00:00-04:00,39.647877954778686,40.47227831109106,39.647877954778686,40.43393325805664,8900,0.0,0.0,0.0
2022-07-20 00:00:00-04:00,40.43393966364833,41.24875205739286,40.43393966364833,41.15289306640625,12800,0.0,0.0,0.0
2022-07-21 00:00:00-04:00,41.35419968922284,41.84309005737305,41.34461525271169,41.84309005737305,8600,0.0,0.0,0.0
2022-07-22 00:00:00-04:00,41.85267393960962,41.85267393960962,40.92282636853783,41.15289306640625,7200,0.0,0.0,0.0
2022-07-25 00:00:00-04:00,41.10496437880696,41.10496437880696,40.66400350395784,40.98992919921875,28500,0.0,0.0,0.0
2022-07-26 00:00:00-04:00,40.894060278461176,40.894060278461176,40.194279561390395,40.32848358154297,7000,0.0,0.0,0.0
2022-07-27 00:00:00-04:00,40.635245331386294,41.79515593191124,40.635245331386294,41.70888137817383,13600,0.0,0.0,0.0
2022-07-28 00:00:00-04:00,41.63219385973957,42.16901369788711,41.23916615976301,42.13066864013672,7000,0.0,0.0,0.0
2022-07-29 00:00:00-04:00,41.90060425397794,42.54287120785579,41.670541208399435,42.49494171142578,22700,0.0,0.0,0.0
2022-08-01 00:00:00-04:00,42.22653278519202,42.686662564038116,42.05398366102643,42.36073684692383,16300,0.0,0.0,0.0
2022-08-02 00:00:00-04:00,41.97729409488349,42.60997295120141,41.85267447956426,42.159427642822266,42900,0.0,0.0,0.0
2022-08-03 00:00:00-04:00,42.3224025945324,43.213905334472656,42.3224025945324,43.213905334472656,17400,0.0,0.0,0.0
2022-08-04 00:00:00-04:00,43.223483080265986,43.4056166442278,42.97424748448737,43.36727523803711,13900,0.0,0.0,0.0
2022-08-05 00:00:00-04:00,42.725004743671704,43.19472258482601,42.600385127563634,43.10844802856445,6700,0.0,0.0,0.0
2022-08-08 00:00:00-04:00,43.06051666234497,43.24265387578138,42.62914751992183,42.78252410888672,10100,0.0,0.0,0.0
2022-08-09 00:00:00-04:00,42.37990861623977,42.37990861623977,41.44047654421968,41.6130256652832,8400,0.0,0.0,0.0
2022-08-10 00:00:00-04:00,42.46617622494204,42.9742390679184,42.44700369720842,42.93589401245117,7600,0.0,0.0,0.0
2022-08-11 00:00:00-04:00,43.348095585548656,43.59733114038414,42.8496208190918,42.8496208190918,3800,0.0,0.0,0.0
2022-08-12 00:00:00-04:00,43.12761287970488,43.72194657436119,43.12761287970488,43.70277404785156,8300,0.0,0.0,0.0
2022-08-15 00:00:00-04:00,43.50146721591536,43.92325182112281,43.49187912444164,43.88490676879883,8800,0.0,0.0,0.0
2022-08-16 00:00:00-04:00,43.779465959321534,44.191666188743525,43.57815989103247,43.971187591552734,6200,0.0,0.0,0.0
2022-08-17 00:00:00-04:00,43.42478136329812,43.42478136329812,42.7729300371048,43.050926208496094,22200,0.0,0.0,0.0
2022-08-18 00:00:00-04:00,43.300162891776566,43.68360614901857,43.300162891776566,43.52064514160156,4700,0.0,0.0,0.0
2022-08-19 00:00:00-04:00,43.0796871376081,43.0796871376081,42.38949434859036,42.45659637451172,8300,0.0,0.0,0.0
2022-08-22 00:00:00-04:00,41.78557659955422,41.78557659955422,41.19124274387116,41.28710174560547,11000,0.0,0.0,0.0
2022-08-23 00:00:00-04:00,41.29668507996449,41.70888166534115,41.29668507996449,41.43088912963867,4200,0.0,0.0,0.0
2022-08-24 00:00:00-04:00,41.344617272998065,41.718472480565815,41.344617272998065,41.57468032836914,2500,0.0,0.0,0.0
2022-08-25 00:00:00-04:00,41.728059134873476,42.552459716796875,41.728059134873476,42.552459716796875,6500,0.0,0.0,0.0
2022-08-26 00:00:00-04:00,42.50452518333439,42.50452518333439,40.8173828125,40.8173828125,7200,0.0,0.0,0.0
2022-08-29 00:00:00-04:00,40.41476794195565,40.788623133777094,40.3284933856287,40.37642288208008,22100,0.0,0.0,0.0
2022-08-30 00:00:00-04:00,40.711938335820385,40.77904036495384,39.79167514510114,40.03132629394531,11900,0.0,0.0,0.0
2022-08-31 00:00:00-04:00,40.21346367665875,40.21346367665875,39.65747125374278,39.734161376953125,5200,0.0,0.0,0.0
2022-09-01 00:00:00-04:00,39.07271329251506,39.07271329251506,38.34417556575143,38.9864387512207,12800,0.0,0.0,0.0
2022-09-02 00:00:00-04:00,39.40823058539905,39.60953664768934,38.52631256613048,38.63175964355469,4500,0.0,0.0,0.0
2022-09-06 00:00:00-04:00,38.58383590954426,38.58383590954426,37.99908650694733,38.0278434753418,27700,0.0,0.0,0.0
2022-09-07 00:00:00-04:00,37.951150670540706,38.58382946708357,37.79777410340262,38.516727447509766,7900,0.0,0.0,0.0
2022-09-08 00:00:00-04:00,38.23873304189508,38.8043098449707,38.23873304189508,38.8043098449707,6200,0.0,0.0,0.0
2022-09-09 00:00:00-04:00,39.28361604505821,39.772506438558295,39.28361604505821,39.734161376953125,14700,0.0,0.0,0.0
2022-09-12 00:00:00-04:00,40.021738461179204,40.21346009534445,39.87794632135876,40.08884048461914,15200,0.0,0.0,0.0
2022-09-13 00:00:00-04:00,38.71804328259234,39.0343845891333,38.14288192479189,38.229156494140625,19300,0.0,0.0,0.0
2022-09-14 00:00:00-04:00,38.43045617103728,38.61258971727089,38.11411491744688,38.42087173461914,10300,0.0,0.0,0.0
2022-09-15 00:00:00-04:00,38.152453111285865,38.4879668341241,37.77859799288836,37.960731506347656,8900,0.0,0.0,0.0
2022-09-16 00:00:00-04:00,37.44309397896881,37.740259040709276,37.270544872312904,37.71150207519531,9100,0.0,0.0,0.0
2022-09-19 00:00:00-04:00,37.32806161573361,37.89363847309865,37.32806161573361,37.87446594238281,4700,0.0,0.0,0.0
2022-09-20 00:00:00-04:00,37.47185612586841,37.5581306911259,37.18427546060564,37.32806396484375,6700,0.0,0.0,0.0
2022-09-21 00:00:00-04:00,37.38495386153088,37.63566382128916,36.989601135253906,36.989601135253906,3700,0.229,0.0,0.0
2022-09-22 00:00:00-04:00,36.88352382735701,36.92209571548691,36.25674351970804,36.40138626098633,11000,0.0,0.0,0.0
2022-09-23 00:00:00-04:00,35.98674750344873,35.98674750344873,35.273185968230955,35.629966735839844,14500,0.0,0.0,0.0
2022-09-26 00:00:00-04:00,35.5817660503386,35.87104795350823,35.29248046875,35.29248046875,8000,0.0,0.0,0.0
2022-09-27 00:00:00-04:00,35.52390542690653,35.793901358345,35.196051647980376,35.340694427490234,7900,0.0,0.0,0.0
2022-09-28 00:00:00-04:00,35.11890609429145,36.025327267489075,35.11890609429145,35.98675537109375,12600,0.0,0.0,0.0
2022-09-29 00:00:00-04:00,35.41783067979995,35.41783067979995,34.82962216901131,35.14783477783203,6100,0.0,0.0,0.0
2022-09-30 00:00:00-04:00,34.954972082392814,35.58175236351308,34.83926010131836,34.83926010131836,3000,0.0,0.0,0.0
2022-10-03 00:00:00-04:00,35.09962096632884,36.03496546802954,35.09962096632884,35.84210968017578,8700,0.0,0.0,0.0
2022-10-04 00:00:00-04:00,36.767821273691524,37.33674389509534,36.767821273691524,37.29817199707031,8000,0.0,0.0,0.0
2022-10-05 00:00:00-04:00,36.806382190680964,37.45244847995122,36.54603112671398,37.26923751831055,52400,0.0,0.0,0.0
2022-10-06 00:00:00-04:00,37.24995544025177,37.577809185615266,36.99924180522292,37.047454833984375,8000,0.0,0.0,0.0
2022-10-07 00:00:00-04:00,36.353182390617434,36.353182390617434,35.437120048244395,35.59140396118164,6200,0.0,0.0,0.0
2022-10-10 00:00:00-04:00,35.59140460507856,35.59140460507856,34.646415161439464,34.926055908203125,121100,0.0,0.0,0.0
2022-10-11 00:00:00-04:00,34.5017641995536,34.5017641995536,33.836415660455714,34.01962661743164,17600,0.0,0.0,0.0
2022-10-12 00:00:00-04:00,33.98106413929929,33.98106413929929,33.72070935961965,33.730350494384766,8900,0.0,0.0,0.0
2022-10-13 00:00:00-04:00,32.81429425505383,34.61749209770064,32.49608525121089,34.51142120361328,11600,0.0,0.0,0.0
2022-10-14 00:00:00-04:00,34.694627202422176,34.694627202422176,33.30607200060732,33.334999084472656,18900,0.0,0.0,0.0
2022-10-17 00:00:00-04:00,34.17391210568762,34.46319761131637,34.17391210568762,34.36676788330078,5700,0.0,0.0,0.0
2022-10-18 00:00:00-04:00,35.39854721853263,35.39854721853263,34.578914642333984,34.578914642333984,5100,0.0,0.0,0.0
2022-10-19 00:00:00-04:00,34.39569463938661,34.636763439533986,34.2799826452729,34.424625396728516,3200,0.0,0.0,0.0
2022-10-20 00:00:00-04:00,34.87783623999667,35.138191015427395,34.37641631518756,34.58855438232422,4100,0.0,0.0,0.0
2022-10-21 00:00:00-04:00,34.31855839013087,35.437117601293465,34.31855839013087,35.3889045715332,12100,0.0,0.0,0.0
2022-10-24 00:00:00-04:00,35.32140062448422,35.43711261531191,35.09961777605704,35.36961364746094,4300,0.0,0.0,0.0
2022-10-25 00:00:00-04:00,35.456404440030184,36.06389892984949,35.456404440030184,36.015682220458984,4800,0.0,0.0,0.0
2022-10-26 00:00:00-04:00,35.48533289759474,36.48818016570351,35.48533289759474,36.00604248046875,8600,0.0,0.0,0.0
2022-10-27 00:00:00-04:00,36.00604206589219,36.15068484116463,35.48533248901367,35.48533248901367,7300,0.0,0.0,0.0
2022-10-28 00:00:00-04:00,35.50461549343014,36.333892822265625,35.50461549343014,36.333892822265625,2500,0.0,0.0,0.0
2022-10-31 00:00:00-04:00,36.044611352802264,36.07353843439448,35.89032745361328,35.89032745361328,2300,0.0,0.0,0.0
2022-11-01 00:00:00-04:00,36.52675182548545,36.52675182548545,36.034969329833984,36.034969329833984,5300,0.0,0.0,0.0
2022-11-02 00:00:00-04:00,35.84211555235179,36.47854086006309,35.1671257019043,35.1671257019043,18400,0.0,0.0,0.0
2022-11-03 00:00:00-04:00,34.75248625813676,35.01284105724222,34.46320437415916,34.70427322387695,40400,0.0,0.0,0.0
2022-11-04 00:00:00-04:00,35.668540954589844,35.668540954589844,35.10925957784002,35.668540954589844,5100,0.0,0.0,0.0
2022-11-07 00:00:00-05:00,35.89996853502092,36.31460720318279,35.81318361195405,36.27603530883789,3100,0.0,0.0,0.0
2022-11-08 00:00:00-05:00,36.66174757871159,37.037814359537286,36.30496674541777,36.767818450927734,9200,0.0,0.0,0.0
2022-11-09 00:00:00-05:00,36.430319261565565,36.430319261565565,35.89032745361328,35.89032745361328,2800,0.0,0.0,0.0
2022-11-10 00:00:00-05:00,37.491019989401856,38.725291041425656,37.491019989401856,38.70600509643555,8500,0.0,0.0,0.0
2022-11-11 00:00:00-05:00,38.78314959316729,39.670281008600455,38.78314959316729,39.58349609375,11100,0.0,0.0,0.0
2022-11-14 00:00:00-05:00,39.236359478010456,39.747427873293766,39.1977912627435,39.31350326538086,8000,0.0,0.0,0.0
2022-11-15 00:00:00-05:00,40.32599418019557,40.43206505549986,39.93064144032771,40.09457015991211,5800,0.0,0.0,0.0
2022-11-16 00:00:00-05:00,39.76671462208866,39.76671462208866,39.197792053222656,39.197792053222656,5600,0.0,0.0,0.0
2022-11-17 00:00:00-05:00,38.9470804926911,39.37136399755349,38.89886746125269,39.26529312133789,7200,0.0,0.0,0.0
2022-11-18 00:00:00-05:00,39.43885928997612,39.53528534383773,39.25564463785364,39.42921447753906,9000,0.0,0.0,0.0
2022-11-21 00:00:00-05:00,39.15922011753321,39.15922011753321,38.99529140544695,39.00493621826172,3900,0.0,0.0,0.0
2022-11-22 00:00:00-05:00,39.072442378396794,39.64136505126953,39.014584526125006,39.64136505126953,6700,0.0,0.0,0.0
2022-11-23 00:00:00-05:00,40.142774476613646,40.142774476613646,39.776348899221446,40.04634475708008,1300,0.0,0.0,0.0
2022-11-25 00:00:00-05:00,39.92099241199075,39.98849137776186,39.87277571208188,39.930633544921875,10200,0.0,0.0,0.0
2022-11-28 00:00:00-05:00,39.64135040963009,39.71849050574825,39.07242794689039,39.13992691040039,7200,0.0,0.0,0.0
2022-11-29 00:00:00-05:00,39.14958596399539,39.429226757068626,39.05315988010361,39.12065887451172,7000,0.0,0.0,0.0
2022-11-30 00:00:00-05:00,39.16885565879538,40.673126220703125,39.09171555938404,40.673126220703125,8500,0.0,0.0,0.0
2022-12-01 00:00:00-05:00,40.87562467538036,41.02990855849201,40.4320589712366,40.82741165161133,10400,0.0,0.0,0.0
2022-12-02 00:00:00-05:00,39.95956441801932,40.730987548828125,39.95956441801932,40.730987548828125,61700,0.0,0.0,0.0
2022-12-05 00:00:00-05:00,40.42241766459377,40.499561452047956,39.94992484090077,40.084922790527344,6600,0.0,0.0,0.0
2022-12-06 00:00:00-05:00,40.14277741248835,40.14277741248835,39.21707042935215,39.39064025878906,54600,0.0,0.0,0.0
2022-12-07 00:00:00-05:00,39.14956820998685,39.38099585616364,39.05314216982348,39.30385208129883,8300,0.0,0.0,0.0
2022-12-08 00:00:00-05:00,39.46779380798359,40.08492949719798,39.46779380798359,40.03671646118164,4800,0.0,0.0,0.0
2022-12-09 00:00:00-05:00,39.930638243308735,40.219920084711156,39.78599548339844,39.78599548339844,8700,0.0,0.0,0.0
2022-12-12 00:00:00-05:00,39.72814118828481,40.20063400268555,39.62207032183047,40.20063400268555,10300,0.0,0.0,0.0
2022-12-13 00:00:00-05:00,41.73382923955756,41.801328208897004,40.567057137069455,40.798484802246094,11700,0.0,0.0,0.0
2022-12-14 00:00:00-05:00,40.673137412986506,41.029918287579356,40.403141473123675,40.50920867919922,9300,0.0,0.0,0.0
2022-12-15 00:00:00-05:00,39.84385469064929,39.84385469064929,39.00493621826172,39.00493621826172,7900,0.0,0.0,0.0
2022-12-16 00:00:00-05:00,38.80244455789888,39.043513413138655,38.5613757026591,38.77351379394531,11700,0.0,0.0,0.0
2022-12-19 00:00:00-05:00,38.706011035252445,38.706011035252445,38.04066238388714,38.1949462890625,7700,0.0,0.0,0.0
2022-12-20 00:00:00-05:00,38.01173115899644,38.522799577369604,37.85744725570339,38.25279998779297,11100,0.0,0.0,0.0
2022-12-21 00:00:00-05:00,38.34923153984659,38.879582252594865,38.34923153984659,38.76387023925781,8200,0.0,0.0,0.0
2022-12-22 00:00:00-05:00,38.272083415687455,38.272083415687455,37.4910228159992,37.857444763183594,6300,0.0,0.0,0.0
2022-12-23 00:00:00-05:00,37.732096489380766,37.90566635131836,37.423528663362525,37.90566635131836,6700,0.0,0.0,0.0
2022-12-27 00:00:00-05:00,37.78030586642947,37.78030586642947,37.48137920459377,37.491024017333984,19000,0.0,0.0,0.0
2022-12-28 00:00:00-05:00,37.43692265975041,37.620483018293974,36.992511043003084,37.00217056274414,29900,0.074,0.0,0.0
2022-12-29 00:00:00-05:00,37.446581895897324,38.10353979630192,37.446581895897324,38.0842170715332,6700,0.0,0.0,0.0
2022-12-30 00:00:00-05:00,37.58183687606388,37.86200714111328,37.51420918945549,37.86200714111328,14900,0.0,0.0,0.0
2023-01-03 00:00:00-05:00,38.42235244478321,38.42235244478321,37.755735142377475,37.90065002441406,4400,0.0,0.0,0.0
2023-01-04 00:00:00-05:00,38.38370874342637,38.69286492831534,38.25811289161759,38.55760955810547,5600,0.0,0.0,0.0
2023-01-05 00:00:00-05:00,38.14218032666768,38.296758419448636,37.98760223388672,37.98760223388672,3700,0.0,0.0,0.0
2023-01-06 00:00:00-05:00,38.30642786968668,39.175928401326274,38.02625387913738,39.03101348876953,4700,0.0,0.0,0.0
2023-01-09 00:00:00-05:00,39.50440090718632,39.96813518536707,39.43677322195782,39.465755462646484,6000,0.0,0.0,0.0
2023-01-10 00:00:00-05:00,39.28220297659168,39.74593734741211,39.28220297659168,39.74593734741211,5200,0.0,0.0,0.0
2023-01-11 00:00:00-05:00,39.910174898687565,40.200008392333984,39.83288400148435,40.200008392333984,6600,0.0,0.0,0.0
2023-01-12 00:00:00-05:00,40.34492774657617,40.596119504760814,39.81356566870851,40.586456298828125,5000,0.0,0.0,0.0
2023-01-13 00:00:00-05:00,40.59611214551961,40.924591064453125,40.586448941338666,40.924591064453125,6300,0.0,0.0,0.0
2023-01-17 00:00:00-05:00,40.827975288497676,41.1950996338554,40.827975288497676,41.06950378417969,5400,0.0,0.0,0.0
2023-01-18 00:00:00-05:00,41.455950311304804,41.533241197923545,40.5671272277832,40.5671272277832,12200,0.0,0.0,0.0
2023-01-19 00:00:00-05:00,40.43187394442612,40.460859873759595,40.02610778808594,40.02610778808594,10000,0.0,0.0,0.0
2023-01-20 00:00:00-05:00,40.393223530296844,41.16611391406269,40.393223530296844,40.8376350402832,7500,0.0,0.0,0.0
2023-01-23 00:00:00-05:00,41.22409185796225,42.16122382750856,41.22409185796225,42.112918853759766,4700,0.0,0.0,0.0
2023-01-24 00:00:00-05:00,41.89070690390178,42.093589975255604,41.89070690390178,41.977657318115234,3900,0.0,0.0,0.0
2023-01-25 00:00:00-05:00,41.51392837443887,42.16122311975994,41.43663746939165,42.12257766723633,7100,0.0,0.0,0.0
2023-01-26 00:00:00-05:00,42.59597596054046,42.59597596054046,41.948677518944095,42.566993713378906,3300,0.0,0.0,0.0
2023-01-27 00:00:00-05:00,42.33511836702089,42.68292002283042,42.074267125163736,42.547664642333984,8100,0.0,0.0,0.0
2023-01-30 00:00:00-05:00,42.06460537985707,42.2578289212401,41.84239959716797,41.84239959716797,4800,0.0,0.0,0.0
2023-01-31 00:00:00-05:00,41.78443335396903,42.26749038696289,41.78443335396903,42.26749038696289,5300,0.0,0.0,0.0
2023-02-01 00:00:00-05:00,42.441388087078785,44.006491726758796,42.441388087078785,43.73598098754883,36500,0.0,0.0,0.0
2023-02-02 00:00:00-05:00,44.17074282321802,44.67312265424554,43.88090561211632,44.49922180175781,33900,0.0,0.0,0.0
2023-02-03 00:00:00-05:00,43.67802020166501,44.42192854562788,43.47513711297505,43.909889221191406,11100,0.0,0.0,0.0
2023-02-06 00:00:00-05:00,43.58141019735343,43.90022595263155,43.330218452775,43.5137825012207,79200,0.0,0.0,0.0
2023-02-07 00:00:00-05:00,43.542750404706396,44.49920472637506,43.47512273084851,44.412254333496094,11800,0.0,0.0,0.0
2023-02-08 00:00:00-05:00,44.13209503529465,44.36396036938802,43.79395655414473,43.909889221191406,11100,0.0,0.0,0.0
2023-02-09 00:00:00-05:00,44.586164198550705,44.68277412789745,43.60072744039706,43.76496505737305,14200,0.0,0.0,0.0
2023-02-10 00:00:00-05:00,43.678020138847884,43.678020138847884,43.30123620741327,43.5137825012207,9900,0.0,0.0,0.0
2023-02-13 00:00:00-05:00,43.707002175563915,44.08378607342894,43.465473657913755,43.96784973144531,16400,0.0,0.0,0.0
2023-02-14 00:00:00-05:00,43.813261100137936,44.45089608610645,43.69732847144325,44.412254333496094,37000,0.0,0.0,0.0
2023-02-15 00:00:00-05:00,43.92921137542785,44.711761474609375,43.92921137542785,44.711761474609375,19200,0.0,0.0,0.0
2023-02-16 00:00:00-05:00,44.10310366228961,44.52819247710621,44.03547598005589,44.045135498046875,15100,0.0,0.0,0.0
2023-02-17 00:00:00-05:00,43.73597993840191,43.76496217821277,43.38817831894228,43.523433685302734,10100,0.0,0.0,0.0
2023-02-21 00:00:00-05:00,43.0307191160788,43.13699224740658,42.52833938598633,42.52833938598633,15500,0.0,0.0,0.0
2023-02-22 00:00:00-05:00,42.653940553250685,42.7795327373444,42.26749342490693,42.393089294433594,12900,0.0,0.0,0.0
2023-02-23 00:00:00-05:00,43.17563208153675,43.339873373200085,42.528337489310076,43.06936264038086,13500,0.0,0.0,0.0
2023-02-24 00:00:00-05:00,42.3544377110065,42.3544377110065,42.045281527274746,42.199859619140625,12100,0.0,0.0,0.0
2023-02-27 00:00:00-05:00,42.72156808235034,42.72156808235034,42.43173089449916,42.451053619384766,16800,0.0,0.0,0.0
2023-02-28 00:00:00-05:00,42.38342791267423,42.75055233185208,42.27715476353592,42.42207336425781,8000,0.0,0.0,0.0
2023-03-01 00:00:00-05:00,42.57664434965373,42.818172853423235,42.48969394087941,42.52833938598633,13000,0.0,0.0,0.0
2023-03-02 00:00:00-05:00,42.05494471736311,42.76987075805664,41.78443395433824,42.76987075805664,10400,0.0,0.0,0.0
2023-03-03 00:00:00-05:00,42.914788607548786,43.36886343562624,42.88580636249975,43.34954071044922,65500,0.0,0.0,0.0
2023-03-06 00:00:00-05:00,43.4364814725864,43.65868723456342,42.95342450687143,42.9824104309082,21100,0.0,0.0,0.0
2023-03-07 00:00:00-05:00,42.982423960500135,43.0790339098802,42.30614325853964,42.38343048095703,19700,0.0,0.0,0.0
2023-03-08 00:00:00-05:00,42.489694602372246,43.02105658185107,42.489694602372246,42.97275161743164,12600,0.0,0.0,0.0
2023-03-09 00:00:00-05:00,43.08869292558762,43.34954420837629,42.19020640223776,42.277156829833984,17600,0.0,0.0,0.0
2023-03-10 00:00:00-05:00,42.3737695885358,42.393092314872995,41.47528308373886,41.610538482666016,11100,0.0,0.0,0.0
2023-03-13 00:00:00-04:00,41.53324636908002,41.76511168694033,40.95357570356369,41.51392364501953,44900,0.0,0.0,0.0
2023-03-14 00:00:00-04:00,41.97765961594491,42.33512081153066,41.813418297692266,42.17088317871094,19200,0.0,0.0,0.0
2023-03-15 00:00:00-04:00,41.51393007202733,41.53325279907928,41.040532472837924,41.41731643676758,17900,0.0,0.0,0.0
2023-03-16 00:00:00-04:00,41.43663304365451,42.750548805655775,41.43663304365451,42.6442756652832,7500,0.0,0.0,0.0
2023-03-17 00:00:00-04:00,42.74088822559298,42.82783863960975,42.30613615550912,42.48969650268555,34400,0.0,0.0,0.0
2023-03-20 00:00:00-04:00,42.57664265484045,42.89546203613281,42.53799721127186,42.89546203613281,10200,0.0,0.0,0.0
2023-03-21 00:00:00-04:00,43.26258392659188,43.484789705294965,42.98241366631644,43.388179779052734,8600,0.0,0.0,0.0
2023-03-22 00:00:00-04:00,43.370770112477054,43.93213944660352,42.8868293762207,42.8868293762207,13300,0.082,0.0,0.0
2023-03-23 00:00:00-04:00,43.4094776953139,44.13538871826012,43.27397489511185,43.70952224731445,30200,0.0,0.0,0.0
2023-03-24 00:00:00-04:00,43.36108414438095,43.38044221462171,42.90618241633356,43.26429748535156,8600,0.0,0.0,0.0
2023-03-27 00:00:00-04:00,43.43851337361986,43.4772258192073,43.01264324259107,43.22557830810547,18400,0.0,0.0,0.0
2023-03-28 00:00:00-04:00,43.12879574483019,43.12879574483019,42.71260645487077,42.983612060546875,7100,0.0,0.0,0.0
2023-03-29 00:00:00-04:00,43.477231864723166,44.02892767410332,43.46755467502422,43.8934211730957,8900,0.0,0.0,0.0
2023-03-30 00:00:00-04:00,44.24185247564889,44.522538933306734,44.11603056746358,44.34832000732422,11100,0.0,0.0,0.0
2023-03-31 00:00:00-04:00,44.367677388220926,45.04519501296406,44.367677388220926,45.02583694458008,10200,0.0,0.0,0.0
2023-04-03 00:00:00-04:00,44.82258520524715,45.00648132664643,44.59029206416587,44.90969467163086,55900,0.0,0.0,0.0
2023-04-04 00:00:00-04:00,44.99680279936441,45.07423138263853,44.561255480403375,44.69675827026367,20500,0.0,0.0,0.0
2023-04-05 00:00:00-04:00,44.37735178074098,44.44510316972985,43.719192265843084,43.96116256713867,10300,0.0,0.0,0.0
2023-04-06 00:00:00-04:00,43.55466329545025,44.0966782123098,43.52562803474913,43.98052978515625,6900,0.0,0.0,0.0
2023-04-10 00:00:00-04:00,43.690171028987734,44.338653564453125,43.690171028987734,44.338653564453125,35100,0.0,0.0,0.0
2023-04-11 00:00:00-04:00,44.512863459964336,44.512863459964336,44.174102783203125,44.174102783203125,12300,0.0,0.0,0.0
2023-04-12 00:00:00-04:00,44.50318692526805,44.57093832880193,43.728882533327514,43.73855972290039,12200,0.0,0.0,0.0
2023-04-13 00:00:00-04:00,43.845020709838494,44.251532762401986,43.845020709838494,44.193458557128906,10700,0.0,0.0,0.0
2023-04-14 00:00:00-04:00,44.03860321855439,44.37736022798117,43.738558658651755,44.01924514770508,7600,0.0,0.0,0.0
2023-04-17 00:00:00-04:00,43.8256613790697,43.93212890625,43.65144246044266,43.93212890625,7200,0.0,0.0,0.0
2023-04-18 00:00:00-04:00,44.15474037203866,44.299924032399595,43.86437674349066,43.97084426879883,14600,0.0,0.0,0.0
2023-04-19 00:00:00-04:00,43.61273500736473,43.62241219631849,43.47722851679169,43.55466079711914,5600,0.0,0.0,0.0
2023-04-20 00:00:00-04:00,43.225582861215116,43.67080741584771,43.1481542697103,43.28365707397461,7700,0.0,0.0,0.0
2023-04-21 00:00:00-04:00,43.11911178217842,43.11911178217842,42.82874812653506,43.041683197021484,10500,0.0,0.0,0.0
2023-04-24 00:00:00-04:00,43.109428638478676,43.18685721293966,42.66420418185038,42.86745834350586,8300,0.0,0.0,0.0
2023-04-25 00:00:00-04:00,42.58678237059496,42.58678237059496,41.72536849975586,41.72536849975586,10900,0.0,0.0,0.0
2023-04-26 00:00:00-04:00,41.977009821381365,42.11251260899936,41.74472038322882,41.793113708496094,8200,0.0,0.0,0.0
2023-04-27 00:00:00-04:00,41.967332818060505,42.2867317199707,41.65761110437678,42.2867317199707,7300,0.0,0.0,0.0
2023-04-28 00:00:00-04:00,42.13186559797167,42.315765380859375,41.96732757346542,42.315765380859375,16900,0.0,0.0,0.0
2023-05-01 00:00:00-04:00,42.44159080232876,42.69324199178405,42.412555546689276,42.509342193603516,5900,0.0,0.0,0.0
2023-05-02 00:00:00-04:00,42.46095377495416,42.480311845007904,42.06412256928821,42.27705764770508,4600,0.0,0.0,0.0
2023-05-03 00:00:00-04:00,42.1899482947939,42.55774424247977,42.131874084472656,42.131874084472656,10800,0.0,0.0,0.0
2023-05-04 00:00:00-04:00,41.93828950897974,42.14154365227689,41.870534435707334,42.03507614135742,10100,0.0,0.0,0.0
2023-05-05 00:00:00-04:00,42.228659934408284,42.84810334311917,42.1609085423414,42.80938720703125,16100,0.0,0.0,0.0
2023-05-08 00:00:00-04:00,42.77067032356507,42.77067032356507,42.548058083210414,42.751312255859375,7100,0.0,0.0,0.0
2023-05-09 00:00:00-04:00,42.35448522212858,42.53838503715095,42.30609189423952,42.46095275878906,13800,0.0,0.0,0.0
2023-05-10 00:00:00-04:00,42.88682388396951,43.041684752052475,42.75131739374438,42.96425247192383,25500,0.0,0.0,0.0
2023-05-11 00:00:00-04:00,42.83842176335005,42.83842176335005,42.625490402692115,42.79970932006836,10100,0.0,0.0,0.0
2023-05-12 00:00:00-04:00,42.83842569355793,42.86746464390074,42.373843101989486,42.6545295715332,9000,0.0,0.0,0.0
2023-05-15 00:00:00-04:00,42.7900374738621,43.50627136230469,42.75132133023284,43.50627136230469,35900,0.0,0.0,0.0
2023-05-16 00:00:00-04:00,43.46755505132209,43.77727681481436,43.46755505132209,43.603057861328125,12900,0.0,0.0,0.0
2023-05-17 00:00:00-04:00,43.84502422244808,44.48382576293291,43.75791475364677,44.43543243408203,14000,0.0,0.0,0.0
2023-05-18 00:00:00-04:00,44.56125189443472,45.21941141408431,44.56125189443472,45.190372467041016,46800,0.0,0.0,0.0
2023-05-19 00:00:00-04:00,45.26781101651387,45.296846275411575,44.967766469931696,45.07423400878906,26700,0.0,0.0,0.0
2023-05-22 00:00:00-04:00,44.977447619356255,45.684000563419026,44.977447619356255,45.56785583496094,51000,0.0,0.0,0.0
2023-05-23 00:00:00-04:00,45.403312362321486,45.49042182840327,44.93872977394338,45.0064811706543,17100,0.0,0.0,0.0
2023-05-24 00:00:00-04:00,44.45478991919726,44.522541317132,43.98052644147983,44.28057098388672,19800,0.0,0.0,0.0
2023-05-25 00:00:00-04:00,45.28717032945215,45.42267313092621,44.92905156307134,45.33556365966797,34900,0.0,0.0,0.0
2023-05-26 00:00:00-04:00,45.6065673551399,47.17453777220862,45.6065673551399,47.029354095458984,138500,0.0,0.0,0.0
2023-05-30 00:00:00-04:00,47.70686764344866,47.774619035496386,46.99063389472044,47.27132034301758,57100,0.0,0.0,0.0
2023-05-31 00:00:00-04:00,46.874494521197995,46.932568731932484,46.31312156062108,46.60348892211914,58400,0.0,0.0,0.0
2023-06-01 00:00:00-04:00,46.903534071313686,47.677838491070005,46.7777121414734,47.44554901123047,41700,0.0,0.0,0.0
2023-06-02 00:00:00-04:00,47.75525857802364,47.861726100821244,47.135815200481716,47.33906936645508,40100,0.0,0.0,0.0
2023-06-05 00:00:00-04:00,47.271319817192825,47.271319817192825,46.84545340160511,47.06806564331055,25300,0.0,0.0,0.0
2023-06-06 00:00:00-04:00,46.76802282622327,47.80365549318604,46.76802282622327,47.5810432434082,21600,0.0,0.0,0.0
2023-06-07 00:00:00-04:00,47.71655116368336,47.91012817758324,47.087430483726834,47.155181884765625,25800,0.0,0.0,0.0
2023-06-08 00:00:00-04:00,47.23260959832989,47.92948535856483,47.10678398780427,47.83269500732422,48300,0.0,0.0,0.0
2023-06-09 00:00:00-04:00,48.17145405522514,48.53924999304483,47.82301618699325,47.958518981933594,40800,0.0,0.0,0.0
2023-06-12 00:00:00-04:00,48.365033272617524,48.77154167604463,48.3553523912934,48.723148345947266,36700,0.0,0.0,0.0
2023-06-13 00:00:00-04:00,49.39098206217862,49.545842924074016,48.994150872810785,49.37162399291992,77600,0.0,0.0,0.0
2023-06-14 00:00:00-04:00,49.27483586816675,49.574880394460294,48.878004690642555,49.40066146850586,46500,0.0,0.0,0.0
2023-06-15 00:00:00-04:00,49.29419522141678,49.71038447846749,49.05222489486051,49.56520080566406,41500,0.0,0.0,0.0
2023-06-16 00:00:00-04:00,49.86524129077838,49.86524129077838,49.07157897949219,49.07157897949219,43100,0.0,0.0,0.0
2023-06-20 00:00:00-04:00,49.20707615440666,49.20707615440666,48.345662550701604,48.46180725097656,70000,0.0,0.0,0.0
2023-06-21 00:00:00-04:00,48.203719680441495,48.35896500544531,47.563332252133186,47.640953063964844,51100,0.124,0.0,0.0
2023-06-22 00:00:00-04:00,47.378984889003625,47.75739517972622,47.2722530221145,47.69917678833008,35800,0.0,0.0,0.0
2023-06-23 00:00:00-04:00,47.12670484880049,47.17521832012894,46.777401933090694,47.03937911987305,96100,0.0,0.0,0.0
2023-06-26 00:00:00-04:00,47.15580782408194,47.67006093629059,47.097593144415484,47.243133544921875,25100,0.0,0.0,0.0
2023-06-27 00:00:00-04:00,47.4177873646426,48.2716384888611,47.29165308481271,48.232826232910156,46800,0.0,0.0,0.0
2023-06-28 00:00:00-04:00,47.96114470759477,48.514206364037584,47.89322511479234,48.407474517822266,37600,0.0,0.0,0.0
2023-06-29 00:00:00-04:00,48.49480787131417,48.58213360456974,48.28134414528039,48.504512786865234,34100,0.0,0.0,0.0
2023-06-30 00:00:00-04:00,49.08668060169884,49.37776513789035,48.941136482932734,49.10608673095703,30700,0.0,0.0,0.0
2023-07-03 00:00:00-04:00,49.21281910710484,49.474796302825716,49.028462727889746,49.37776565551758,30900,0.0,0.0,0.0
2023-07-05 00:00:00-04:00,49.09637352076882,49.24191761494508,48.8538024980351,48.931427001953125,43000,0.0,0.0,0.0
2023-07-06 00:00:00-04:00,48.426898059622644,48.426898059622644,47.84472885443284,48.164920806884766,109600,0.0,0.0,0.0
2023-07-07 00:00:00-04:00,48.18431460654643,48.91202777742742,48.18431460654643,48.37837219238281,61200,0.0,0.0,0.0
2023-07-10 00:00:00-04:00,48.358970116236,48.941139221191406,48.358970116236,48.941139221191406,22600,0.0,0.0,0.0
2023-07-11 00:00:00-04:00,49.12549242131625,49.154599764273144,48.698564984131664,49.115787506103516,56600,0.0,0.0,0.0
2023-07-12 00:00:00-04:00,49.71736926942485,49.95023542918373,49.54271779893526,49.9017219543457,29100,0.0,0.0,0.0
2023-07-13 00:00:00-04:00,50.445072633430485,50.988429367529335,50.328635874974886,50.91080856323242,55100,0.0,0.0,0.0
2023-07-14 00:00:00-04:00,50.86229920474047,50.89141024949347,50.066666406518564,50.144290924072266,33400,0.0,0.0,0.0
2023-07-17 00:00:00-04:00,50.12488643856212,51.00784499731879,49.94053375533718,50.862300872802734,41200,0.0,0.0,0.0
2023-07-18 00:00:00-04:00,50.910808788295505,51.143674903555834,50.55180100014723,51.09516143798828,32700,0.0,0.0,0.0
2023-07-19 00:00:00-04:00,51.31833007306888,51.32803498769233,50.57121080470178,50.71675491333008,43000,0.0,0.0,0.0
2023-07-20 00:00:00-04:00,50.328638679389286,50.39655827493626,49.23222023622221,49.40686798095703,55600,0.0,0.0,0.0
2023-07-21 00:00:00-04:00,49.88231609835593,50.056967569805614,49.5039058106619,49.513607025146484,21700,0.0,0.0,0.0
2023-07-24 00:00:00-04:00,49.697960989784825,49.79498793526446,49.377765407288734,49.66884994506836,25100,0.0,0.0,0.0
2023-07-25 00:00:00-04:00,49.717361025096366,50.38685575006098,49.717361025096366,50.299530029296875,32800,0.0,0.0,0.0
2023-07-26 00:00:00-04:00,49.91141651512621,50.260719409540116,49.85320183361748,50.0666618347168,34600,0.0,0.0,0.0
2023-07-27 00:00:00-04:00,50.79437960255134,50.959329851682604,49.979340674941,50.144290924072266,26300,0.0,0.0,0.0
2023-07-28 00:00:00-04:00,50.69735191002065,51.23100750564747,50.542106578541194,51.11457443237305,23500,0.0,0.0,0.0
2023-07-31 00:00:00-04:00,51.25040502627358,51.4832748350482,51.10486093312195,51.42505645751953,26200,0.0,0.0,0.0
2023-08-01 00:00:00-04:00,51.25041421695646,51.95872128121164,50.90111129182443,51.8616943359375,56900,0.0,0.0,0.0
2023-08-02 00:00:00-04:00,51.2115981197019,51.2115981197019,49.882309822112475,50.24131393432617,53400,0.0,0.0,0.0
2023-08-03 00:00:00-04:00,49.76588230625905,50.144292588542385,49.57182470727403,49.91142272949219,22900,0.0,0.0,0.0
2023-08-04 00:00:00-04:00,50.10547770634295,50.610025956763515,49.48449638316093,49.8823127746582,26800,0.0,0.0,0.0
2023-08-07 00:00:00-04:00,50.30923650901069,50.3286426380277,49.63004050011825,49.8823127746582,23000,0.0,0.0,0.0
2023-08-08 00:00:00-04:00,49.18370153447803,49.377759101997846,48.5239080257148,48.87321090698242,40000,0.0,0.0,0.0
2023-08-09 00:00:00-04:00,48.97024229844933,48.97024229844933,48.164904676261365,48.28133773803711,15000,0.0,0.0,0.0
2023-08-10 00:00:00-04:00,48.679155414765845,49.04786443863838,47.932039855174715,48.05817413330078,30800,0.0,0.0,0.0
2023-08-11 00:00:00-04:00,47.9126445265848,48.37838059265675,47.718586907052845,47.8835334777832,30900,0.0,0.0,0.0
2023-08-14 00:00:00-04:00,47.84471649156755,48.48510393233964,47.631252777529994,48.475399017333984,35400,0.0,0.0,0.0
2023-08-15 00:00:00-04:00,48.36867425998613,48.36867425998613,47.767098988254844,47.8253173828125,120800,0.0,0.0,0.0
2023-08-16 00:00:00-04:00,47.55363147776057,47.55363147776057,46.75799865517354,46.77740478515625,28200,0.0,0.0,0.0
2023-08-17 00:00:00-04:00,47.14611178834319,47.14611178834319,46.428099815776875,46.54453659057617,24300,0.0,0.0,0.0
2023-08-18 00:00:00-04:00,45.9817665031413,46.767698018093526,45.83622609756226,46.631858825683594,24600,0.0,0.0,0.0
2023-08-21 00:00:00-04:00,46.85502545520701,47.427493287966826,46.7871058565186,47.34986877441406,22000,0.0,0.0,0.0
2023-08-22 00:00:00-04:00,47.82530735380349,47.94174041716156,47.184919953323565,47.31105422973633,15400,0.0,0.0,0.0
2023-08-23 00:00:00-04:00,47.46629857974325,48.30074353635861,47.4177851127787,48.19401168823242,19300,0.0,0.0,0.0
2023-08-24 00:00:00-04:00,48.892619358997564,48.892619358997564,47.165514698751814,47.19462203979492,28300,0.0,0.0,0.0
2023-08-25 00:00:00-04:00,47.30135410447546,47.62154966274916,46.72888628623434,47.47600555419922,18900,0.0,0.0,0.0
2023-08-28 00:00:00-04:00,47.902936855931884,48.11640059527913,47.75739642565596,48.04848098754883,15200,0.0,0.0,0.0
2023-08-29 00:00:00-04:00,47.95144846235151,49.02846463055319,47.91263990326293,48.950843811035156,40600,0.0,0.0,0.0
2023-08-30 00:00:00-04:00,48.84411365686204,49.21282274117847,48.688868311045816,49.09638595581055,21400,0.0,0.0,0.0
2023-08-31 00:00:00-04:00,49.08667743713857,49.51360114927346,49.08667743713857,49.28073501586914,20400,0.0,0.0,0.0
2023-09-01 00:00:00-04:00,49.75617917117666,49.87261595553906,49.36806766065827,49.678558349609375,34900,0.0,0.0,0.0
2023-09-05 00:00:00-04:00,49.54271521226257,49.93082669204398,49.34865762170152,49.77558135986328,68800,0.0,0.0,0.0
2023-09-06 00:00:00-04:00,49.79498334635738,50.202504622765886,49.39716698440689,49.68825149536133,22400,0.0,0.0,0.0
2023-09-07 00:00:00-04:00,48.979945928140985,48.979945928140985,48.320152376622396,48.69856262207031,20500,0.0,0.0,0.0
2023-09-08 00:00:00-04:00,48.44629364166556,48.717972051403486,48.281343391938435,48.42688751220703,21200,0.0,0.0,0.0
2023-09-11 00:00:00-04:00,48.737380341418735,48.737380341418735,48.25223818747109,48.659759521484375,18600,0.0,0.0,0.0
2023-09-12 00:00:00-04:00,48.271640013989526,48.84410785266132,48.271640013989526,48.291046142578125,9000,0.0,0.0,0.0
2023-09-13 00:00:00-04:00,48.43658796195078,48.679159024343576,48.25223528701489,48.446292877197266,35700,0.0,0.0,0.0
2023-09-14 00:00:00-04:00,48.814997973981434,48.85380652780155,48.446288952637545,48.64034652709961,18600,0.0,0.0,0.0
2023-09-15 00:00:00-04:00,48.553024910455065,48.553024910455065,47.71857986062595,47.776798248291016,20500,0.0,0.0,0.0
2023-09-18 00:00:00-04:00,47.70887146033763,47.902929037038426,47.54392492601323,47.76708984375,16700,0.0,0.0,0.0
2023-09-19 00:00:00-04:00,47.64095853604385,47.69917692760998,47.34987398089505,47.50511932373047,19400,0.0,0.0,0.0
2023-09-20 00:00:00-04:00,47.57032189528465,47.82335388336364,46.97666549682617,46.97666549682617,20700,0.147,0.0,0.0
2023-09-21 00:00:00-04:00,46.577652464379476,46.66524117678065,46.256492614746094,46.256492614746094,20400,0.0,0.0,0.0
2023-09-22 00:00:00-04:00,46.67496489416454,46.859876434025544,46.43166336275732,46.4705924987793,21200,0.0,0.0,0.0
2023-09-25 00:00:00-04:00,46.246762816426454,46.548458099365234,46.16890453212458,46.548458099365234,23700,0.0,0.0,0.0
2023-09-26 00:00:00-04:00,46.081315541906356,46.266227109769645,45.7114998311544,45.76988983154297,31000,0.0,0.0,0.0
2023-09-27 00:00:00-04:00,46.052118367951685,46.29541992471917,45.74069267228826,46.23702621459961,10900,0.0,0.0,0.0
2023-09-28 00:00:00-04:00,46.01319683355055,46.928013214201215,46.01319683355055,46.645782470703125,11900,0.0,0.0,0.0
2023-09-29 00:00:00-04:00,47.11290553027011,47.23942335841001,46.5679087965407,46.684696197509766,13800,0.0,0.0,0.0
2023-10-02 00:00:00-04:00,46.7722938149798,46.96693209542066,46.35381482955493,46.616580963134766,32900,0.0,0.0,0.0
2023-10-03 00:00:00-04:00,46.27596308017419,46.56792425453892,45.662842015266826,45.82828903198242,20300,0.0,0.0,0.0
2023-10-04 00:00:00-04:00,45.85747132770421,46.14943242116103,45.584974802142746,46.100772857666016,17300,0.0,0.0,0.0
2023-10-05 00:00:00-04:00,46.217573189541646,46.25649862373092,45.71150542020348,45.99373245239258,24000,0.0,0.0,0.0
2023-10-06 00:00:00-04:00,45.789354941092824,46.96693365428596,45.65310665526715,46.87934494018555,35600,0.0,0.0,0.0
2023-10-09 00:00:00-04:00,46.363541616298164,46.87933970142277,46.28568705273546,46.782020568847656,23300,0.0,0.0,0.0
2023-10-10 00:00:00-04:00,47.01560383252053,47.75523908366628,47.01560383252053,47.44381332397461,11900,0.0,0.0,0.0
2023-10-11 00:00:00-04:00,47.550856269648406,47.90121110112555,47.32701928564625,47.618980407714844,61400,0.0,0.0,0.0
2023-10-12 00:00:00-04:00,47.852548700510965,47.96933612147611,47.25889601679705,47.424339294433594,17100,0.0,0.0,0.0
2023-10-13 00:00:00-04:00,47.463279322912264,47.463279322912264,46.49007286653716,46.558197021484375,20000,0.0,0.0,0.0
2023-10-16 00:00:00-04:00,46.56791598901467,47.093448237085035,46.51925642067196,46.9669303894043,36700,0.0,0.0,0.0
2023-10-17 00:00:00-04:00,46.34408193794935,46.99613207497129,46.17863865261513,46.752830505371094,17800,0.0,0.0,0.0
2023-10-18 00:00:00-04:00,46.24675781087803,46.24675781087803,45.682296448246255,45.760154724121094,15500,0.0,0.0,0.0
2023-10-19 00:00:00-04:00,45.95479830236015,45.95479830236015,45.098375800334324,45.20542907714844,28800,0.0,0.0,0.0
2023-10-20 00:00:00-04:00,45.05945101289345,45.15677387052713,44.475528717041016,44.475528717041016,20600,0.0,0.0,0.0
2023-10-23 00:00:00-04:00,44.10570748662757,44.63123975898282,43.85267549206056,44.25168991088867,25100,0.0,0.0,0.0
2023-10-24 00:00:00-04:00,44.28088149731985,44.62150217768905,44.26141692808632,44.582576751708984,18400,0.0,0.0,0.0
2023-10-25 00:00:00-04:00,44.271155890284724,44.3198154624243,43.434197884529446,43.531517028808594,46500,0.0,0.0,0.0
2023-10-26 00:00:00-04:00,43.541252872971576,43.90133817586681,43.30768172008783,43.38554000854492,18800,0.0,0.0,0.0
2023-10-27 00:00:00-04:00,43.823484392933175,43.988931416670454,43.550987780292836,43.63857650756836,16300,0.0,0.0,0.0
2023-10-30 00:00:00-04:00,43.81374758671223,43.911066730640464,43.29794944141536,43.5704460144043,20000,0.0,0.0,0.0
2023-10-31 00:00:00-04:00,43.4925835135169,43.667760925597584,43.13249826090083,43.64829635620117,23100,0.0,0.0,0.0
2023-11-01 00:00:00-04:00,43.61909823353529,44.1640950001309,43.61909823353529,44.144630432128906,18900,0.0,0.0,0.0
2023-11-02 00:00:00-04:00,44.767479532253844,45.12756474116921,44.6993554038776,45.05944061279297,31400,0.0,0.0,0.0
2023-11-03 00:00:00-04:00,45.48766125771353,46.12997722714268,45.40007254767832,45.915870666503906,19300,0.0,0.0,0.0
2023-11-06 00:00:00-05:00,45.95480323520337,46.07158695313308,45.57525336756623,45.78935623168945,9900,0.0,0.0,0.0
2023-11-07 00:00:00-05:00,45.769888245616166,46.100778515472825,45.69203367696663,45.915870666503906,45700,0.0,0.0,0.0
2023-11-08 00:00:00-05:00,46.091055319085164,46.149445326612955,45.8380195781722,45.99373245239258,18400,0.0,0.0,0.0
2023-11-09 00:00:00-05:00,46.30515295597256,46.54845450690771,45.818549854102244,45.85747528076172,12000,0.0,0.0,0.0
2023-11-10 00:00:00-05:00,46.11051255260326,46.85014765929382,45.98399470228575,46.77229309082031,23800,0.0,0.0,0.0
2023-11-13 00:00:00-05:00,46.558188507193464,46.811220506083245,46.31488693759327,46.752830505371094,19000,0.0,0.0,0.0
2023-11-14 00:00:00-05:00,47.66763643888879,48.39754104614258,47.66763643888879,48.39754104614258,23100,0.0,0.0,0.0
2023-11-15 00:00:00-05:00,48.524058167976364,48.71870013620167,48.271022495537444,48.348880767822266,18200,0.0,0.0,0.0
2023-11-16 00:00:00-05:00,48.1737113058082,48.30022916287547,47.93040973355664,48.06665802001953,14400,0.0,0.0,0.0
2023-11-17 00:00:00-05:00,48.271028527630435,48.5045996611859,48.26129809862226,48.494869232177734,13500,0.0,0.0,0.0
2023-11-20 00:00:00-05:00,48.611651644477746,49.078790186625945,48.611651644477746,48.971736907958984,15300,0.0,0.0,0.0
2023-11-21 00:00:00-05:00,48.874413951681944,48.874413951681944,48.36834630910832,48.56298828125,37300,0.0,0.0,0.0
2023-11-22 00:00:00-05:00,48.835487519208506,49.17610820495449,48.73816838399166,48.79655838012695,17100,0.0,0.0,0.0
2023-11-24 00:00:00-05:00,48.71870858697586,48.806297302246094,48.592190728810536,48.806297302246094,11600,0.0,0.0,0.0
2023-11-27 00:00:00-05:00,48.660319156658325,48.90362075244162,48.52407085701772,48.68951416015625,16900,0.0,0.0,0.0
2023-11-28 00:00:00-05:00,48.699243624025435,48.82575776868628,48.465672481020064,48.679779052734375,19600,0.0,0.0,0.0
2023-11-29 00:00:00-05:00,49.02039773925612,49.50700086392113,49.02039773925612,49.10798645019531,21800,0.0,0.0,0.0
2023-11-30 00:00:00-05:00,49.33182569756691,49.33182569756691,48.796562978459846,49.049598693847656,41300,0.0,0.0,0.0
2023-12-01 00:00:00-05:00,49.17611565268999,49.85736083984375,48.98147735277828,49.85736083984375,28400,0.0,0.0,0.0
2023-12-04 00:00:00-05:00,49.419410551453545,49.4680738323328,48.94254158372851,49.45833969116211,25500,0.0,0.0,0.0
2023-12-05 00:00:00-05:00,49.18584727065064,49.33182598809187,49.000935697742705,49.17611312866211,21600,0.0,0.0,0.0
2023-12-06 00:00:00-05:00,49.633522731571496,49.80870016762311,49.069061279296875,49.069061279296875,22500,0.0,0.0,0.0
2023-12-07 00:00:00-05:00,49.575125060350935,49.75030248242711,49.322093068733814,49.721107482910156,15100,0.0,0.0,0.0
2023-12-08 00:00:00-05:00,49.67245137807621,50.13958996537156,49.67245137807621,50.00334167480469,24000,0.0,0.0,0.0
2023-12-11 00:00:00-05:00,50.03252874605633,50.74296880032499,50.03252874605633,50.69430923461914,22800,0.0,0.0,0.0
2023-12-12 00:00:00-05:00,50.61645714362326,50.81109914271414,50.49967342916367,50.801368713378906,28200,0.0,0.0,0.0
2023-12-13 00:00:00-05:00,50.93761874372366,51.599399335807725,50.52887016038351,51.43395233154297,36100,0.0,0.0,0.0
2023-12-14 00:00:00-05:00,51.755108250518596,52.31956594042844,51.755108250518596,52.29037094116211,38000,0.0,0.0,0.0
2023-12-15 00:00:00-05:00,52.27090638470412,52.494743374942225,52.037338965537046,52.08599853515625,28600,0.0,0.0,0.0
2023-12-18 00:00:00-05:00,52.08600067754853,52.11519567802346,51.76484082237493,52.02760696411133,26400,0.0,0.0,0.0
2023-12-19 00:00:00-05:00,52.11519646215037,52.40715760875456,52.11519646215037,52.280643463134766,26200,0.0,0.0,0.0
2023-12-20 00:00:00-05:00,52.11519219151172,52.40715331419082,51.32689753152685,51.33662796020508,28200,0.0,0.0,0.0
2023-12-21 00:00:00-05:00,52.12492790392898,52.45581817626953,52.04706962220781,52.45581817626953,28900,0.0,0.0,0.0
2023-12-22 00:00:00-05:00,52.640723317875135,52.83536529967509,52.455815477033035,52.6309928894043,88600,0.0,0.0,0.0
2023-12-26 00:00:00-05:00,53.01055157397583,53.302512739240264,52.71858669622376,53.175994873046875,20600,0.0,0.0,0.0
2023-12-27 00:00:00-05:00,53.43722875184959,53.476220690653264,53.22277680690533,53.3494987487793,32100,0.088,0.0,0.0
2023-12-28 00:00:00-05:00,53.44698009188243,53.53470637893242,53.30076217651367,53.30076217651367,21000,0.0,0.0,0.0
2023-12-29 00:00:00-05:00,53.27152230017382,53.398240532398155,52.77438434198964,52.94984436035156,39600,0.0,0.0,0.0
2024-01-02 00:00:00-05:00,52.63791389035896,52.63791389035896,51.70212964696461,51.86783981323242,25600,0.0,0.0,0.0
2024-01-03 00:00:00-05:00,51.36096165014197,51.39020746755895,51.049033533188236,51.19525146484375,22900,0.0,0.0,0.0
2024-01-04 00:00:00-05:00,50.91255567726884,51.3024676078794,50.815079553854076,50.99053955078125,26300,0.0,0.0,0.0
2024-01-05 00:00:00-05:00,51.01003703024381,51.37070315973345,50.776089121252014,50.86381912231445,22000,0.0,0.0,0.0
2024-01-08 00:00:00-05:00,51.16599958054638,52.101783752441406,51.16599958054638,52.101783752441406,17200,0.0,0.0,0.0
2024-01-09 00:00:00-05:00,51.77036311629945,52.209013137618534,51.66313714236856,52.01405715942383,20600,0.0,0.0,0.0
2024-01-10 00:00:00-05:00,52.15051747183502,52.30648148749775,51.89707734081137,52.0920295715332,17200,0.0,0.0,0.0
2024-01-11 00:00:00-05:00,52.32598030157326,52.33572642624951,51.61439420898651,52.2285041809082,17600,0.0,0.0,0.0
2024-01-12 00:00:00-05:00,52.442959526912574,52.63791551324947,52.17002337712661,52.2187614440918,22300,0.0,0.0,0.0
2024-01-16 00:00:00-05:00,52.00431302081711,52.35523307637229,51.78986476790392,52.05305480957031,18800,0.0,0.0,0.0
2024-01-17 00:00:00-05:00,51.55590777656567,51.59489971333452,51.058773597427916,51.54616165161133,29400,0.0,0.0,0.0
2024-01-18 00:00:00-05:00,52.19926042829437,52.6281643004751,52.160268491100524,52.58917236328125,27500,0.0,0.0,0.0
2024-01-19 00:00:00-05:00,52.93034309079501,53.57369518755807,52.68664905840786,53.55419921875,37700,0.0,0.0,0.0
2024-01-22 00:00:00-05:00,53.77840538733928,54.23655142718716,53.77840538733928,54.11957931518555,73800,0.0,0.0,0.0
2024-01-23 00:00:00-05:00,53.973360711095914,54.26579284667969,53.94411861308044,54.26579284667969,32100,0.0,0.0,0.0
2024-01-24 00:00:00-05:00,54.79216656444249,54.95788044374769,54.35351655272392,54.45099639892578,20100,0.0,0.0,0.0
2024-01-25 00:00:00-05:00,54.92863324323042,54.92863324323042,54.324273085947844,54.4217529296875,31600,0.0,0.0,0.0
2024-01-26 00:00:00-05:00,54.02208721962894,54.197547207125204,53.788143048617634,53.86612319946289,29800,0.0,0.0,0.0
2024-01-29 00:00:00-05:00,53.93436542307562,54.28528170873274,53.70041751416168,54.275535583496094,34100,0.0,0.0,0.0
2024-01-30 00:00:00-05:00,54.15857292181294,54.15857292181294,53.83689495583473,53.914878845214844,24200,0.0,0.0,0.0
2024-01-31 00:00:00-05:00,53.61268725999718,54.178059201425555,53.35924710180657,53.39823532104492,25500,0.0,0.0,0.0
2024-02-01 00:00:00-05:00,53.583451112103646,53.7589111328125,53.27152301272708,53.7589111328125,31700,0.0,0.0,0.0
2024-02-02 00:00:00-05:00,53.836886253147945,54.0708341649943,53.64193027968863,54.05133819580078,32400,0.0,0.0,0.0
2024-02-05 00:00:00-05:00,54.1000733918304,54.25603741863539,53.583443250253076,54.070831298828125,25300,0.0,0.0,0.0
2024-02-06 00:00:00-05:00,54.31453096197267,54.392511124233096,53.807646892613555,54.109825134277344,15700,0.0,0.0,0.0
2024-02-07 00:00:00-05:00,54.28528157368423,54.48998738790312,54.0415875401399,54.43149948120117,40100,0.0,0.0,0.0
2024-02-08 00:00:00-05:00,54.63619765166751,55.2698035807524,54.58745959215534,55.221065521240234,30500,0.0,0.0,0.0
2024-02-09 00:00:00-05:00,55.523242046683144,56.186090047788284,55.40626996368679,56.137351989746094,19900,0.0,0.0,0.0
2024-02-12 00:00:00-05:00,56.22508839860096,57.03415066617123,56.22508839860096,56.42979049682617,28600,0.0,0.0,0.0
2024-02-13 00:00:00-05:00,55.0066185205345,55.44526853235613,54.58746447795782,54.92863464355469,41400,0.0,0.0,0.0
2024-02-14 00:00:00-05:00,55.62073092037521,56.11786514275746,55.58173898021454,56.088623046875,18700,0.0,0.0,0.0
2024-02-15 00:00:00-05:00,56.49802452956791,56.634492595051384,56.1666004911898,56.42979049682617,17400,0.0,0.0,0.0
2024-02-16 00:00:00-05:00,56.85869545525489,56.887937550275055,56.186097521983214,56.371307373046875,31100,0.0,0.0,0.0
2024-02-20 00:00:00-05:00,56.39079524135222,56.39079524135222,55.39652690318183,55.883914947509766,42100,0.0,0.0,0.0
2024-02-21 00:00:00-05:00,55.35753470069061,55.56223678588867,55.16257874020288,55.56223678588867,24800,0.0,0.0,0.0
2024-02-22 00:00:00-05:00,56.848944395983146,57.2680984351997,56.80020633249943,57.14137649536133,26900,0.0,0.0,0.0
2024-02-23 00:00:00-05:00,57.36557921504371,57.36557921504371,56.63449704806282,56.839202880859375,30300,0.0,0.0,0.0
2024-02-26 00:00:00-05:00,57.15112701094166,57.609269275245005,57.121881197726935,57.472801208496094,31200,0.0,0.0,0.0
2024-02-27 00:00:00-05:00,57.75548524135772,57.86271120975772,57.40456524240347,57.58977508544922,23800,0.0,0.0,0.0
2024-02-28 00:00:00-05:00,57.21936496428451,57.65801500779687,57.024408976226105,57.39482498168945,25400,0.0,0.0,0.0
2024-02-29 00:00:00-05:00,57.999186919398525,58.184393068388836,57.531294765257506,58.067420959472656,41800,0.0,0.0,0.0
2024-03-01 00:00:00-05:00,58.35984113654135,59.41260105656797,58.16488518263173,59.32487106323242,51800,0.0,0.0,0.0
2024-03-04 00:00:00-05:00,59.88049645594985,60.15343257556671,59.61730646125829,59.87074661254883,46300,0.0,0.0,0.0
2024-03-05 00:00:00-05:00,59.46134968633973,59.558825821385874,58.51581555879211,58.74976348876953,43200,0.0,0.0,0.0
2024-03-06 00:00:00-05:00,59.724526705330575,60.43611274791968,59.50032866877308,59.98771667480469,55100,0.0,0.0,0.0
2024-03-07 00:00:00-05:00,60.43611894494258,61.38165296350957,60.43611894494258,61.22568893432617,38300,0.0,0.0,0.0
2024-03-08 00:00:00-05:00,61.32317311863263,61.77156929666393,60.04621490539436,60.202178955078125,72200,0.0,0.0,0.0
2024-03-11 00:00:00-04:00,59.92923680614385,59.92923680614385,59.451598578574,59.519832611083984,43700,0.0,0.0,0.0
2024-03-12 00:00:00-04:00,59.84150787190747,60.50435595823498,59.266389788725526,60.49460983276367,36500,0.0,0.0,0.0
2024-03-13 00:00:00-04:00,60.2606619312195,60.2606619312195,59.7537778816552,59.938987731933594,43800,0.0,0.0,0.0
2024-03-14 00:00:00-04:00,59.93898596546389,60.15343418584248,58.68152386332337,59.18840789794922,33700,0.0,0.0,0.0
2024-03-15 00:00:00-04:00,58.67177130602829,59.27613515694269,58.50606115619657,59.051937103271484,24900,0.0,0.0,0.0
2024-03-18 00:00:00-04:00,59.59780550325629,59.705031460835905,58.8667234853685,58.895965576171875,31400,0.0,0.0,0.0
2024-03-19 00:00:00-04:00,58.31111142627721,58.52556337812914,57.482553151628316,58.389095306396484,73400,0.0,0.0,0.0
2024-03-20 00:00:00-04:00,58.48771113878009,59.31766880082322,58.14596101783099,59.26884841918945,41000,0.101,0.0,0.0
2024-03-21 00:00:00-04:00,60.34291542094028,60.45032250198626,59.77659225463867,59.77659225463867,49100,0.0,0.0,0.0
2024-03-22 00:00:00-04:00,59.688716471455706,59.85470653082994,59.3664952153668,59.54225158691406,25900,0.0,0.0,0.0
2024-03-25 00:00:00-04:00,59.34696502960534,60.14763127163226,59.25908684573621,59.913291931152344,35000,0.0,0.0,0.0
2024-03-26 00:00:00-04:00,60.2843228322803,60.313614313435835,59.6496467590332,59.6496467590332,22900,0.0,0.0,0.0
2024-03-27 00:00:00-04:00,60.07927758310345,60.27456283569336,59.56177482978312,60.27456283569336,33500,0.0,0.0,0.0
2024-03-28 00:00:00-04:00,60.21598360898043,60.41126888578477,59.85470826798436,59.923057556152344,34300,0.0,0.0,0.0
2024-04-01 00:00:00-04:00,59.98163044469741,60.5577198299983,59.747287421542815,59.90351486206055,40400,0.0,0.0,0.0
2024-04-02 00:00:00-04:00,59.24931693698672,59.24931693698672,58.70251900217463,59.151676177978516,44500,0.0,0.0,0.0
2024-04-03 00:00:00-04:00,58.79039851778475,59.669180267952235,58.79039851778475,59.386016845703125,22400,0.0,0.0,0.0
2024-04-04 00:00:00-04:00,60.303850030352955,60.34290782304393,58.712284088134766,58.712284088134766,42600,0.0,0.0,0.0
2024-04-05 00:00:00-04:00,58.82945308242313,59.16143686706523,58.58534746797324,58.77086639404297,33500,0.0,0.0,0.0
2024-04-08 00:00:00-04:00,59.35673429614234,59.45437507207642,58.936872255063484,59.014984130859375,41200,0.0,0.0,0.0
2024-04-09 00:00:00-04:00,59.512953937579205,59.512953937579205,58.68299255237701,59.220027923583984,30600,0.0,0.0,0.0
2024-04-10 00:00:00-04:00,58.30218884529271,58.741579732308224,58.243605876861565,58.556060791015625,33000,0.0,0.0,0.0
2024-04-11 00:00:00-04:00,58.88804411445438,59.25908199396202,58.50723619902861,59.220027923583984,28400,0.0,0.0,0.0
2024-04-12 00:00:00-04:00,58.41936013909456,58.41936013909456,57.32576425397143,57.52104949951172,86500,0.0,0.0,0.0
2024-04-15 00:00:00-04:00,58.145960484655234,58.145960484655234,56.40792958608692,56.54462814331055,46400,0.0,0.0,0.0
2024-04-16 00:00:00-04:00,56.29075422911652,56.66179206838333,56.08570268927797,56.417686462402344,49900,0.0,0.0,0.0
2024-04-17 00:00:00-04:00,56.58369287030124,56.593455457831965,55.304577867883914,55.3924560546875,41200,0.0,0.0,0.0
2024-04-18 00:00:00-04:00,55.2166970491034,55.76349504367928,54.86518431864439,54.972591400146484,25500,0.0,0.0,0.0
2024-04-19 00:00:00-04:00,54.7284767681231,54.91399941472312,53.761820642783185,53.92781066894531,47400,0.0,0.0,0.0
2024-04-22 00:00:00-04:00,54.328146078872,55.040934040827,54.14262714896793,54.757774353027344,47700,0.0,0.0,0.0
2024-04-23 00:00:00-04:00,54.89447413451731,55.665845078598515,54.89447413451731,55.499855041503906,31100,0.0,0.0,0.0
2024-04-24 00:00:00-04:00,56.14430073482308,56.39816897751368,55.49986195363972,55.81231689453125,34900,0.0,0.0,0.0
2024-04-25 00:00:00-04:00,55.29480708592822,56.1735850989766,55.05070146151097,56.00759506225586,65700,0.0,0.0,0.0
2024-04-26 00:00:00-04:00,56.32004895055509,57.12071508626238,56.18335039930109,57.0328369140625,83200,0.0,0.0,0.0
2024-04-29 00:00:00-04:00,57.091429957269625,57.44294268518767,56.847324310077276,57.40388488769531,26500,0.0,0.0,0.0
2024-04-30 00:00:00-04:00,57.403886029538754,57.57964239699381,56.37864303588867,56.37864303588867,22600,0.0,0.0,0.0
2024-05-01 00:00:00-04:00,56.095479346083714,56.984023766754554,55.480332062617244,55.72443771362305,64900,0.0,0.0,0.0
2024-05-02 00:00:00-04:00,56.42746204943388,56.87661554434031,55.83184367695699,56.74967956542969,27000,0.0,0.0,0.0
2024-05-03 00:00:00-04:00,57.85303543217799,57.97020509391896,57.47223123795252,57.745628356933594,22100,0.0,0.0,0.0
2024-05-06 00:00:00-04:00,58.077615693120784,58.507240295410156,58.0092664092283,58.507240295410156,24200,0.0,0.0,0.0
2024-05-07 00:00:00-04:00,58.50724326296805,58.64394556244333,58.165496826171875,58.165496826171875,21400,0.0,0.0,0.0
2024-05-08 00:00:00-04:00,57.774918267179075,58.05808168969872,57.75539309471784,58.01902389526367,12200,0.0,0.0,0.0
2024-05-09 00:00:00-04:00,58.04832411957233,58.26313455801481,57.804218470393934,58.155731201171875,12900,0.0,0.0,0.0
2024-05-10 00:00:00-04:00,58.3314790181931,58.53652683951199,57.97020002852908,58.11666488647461,25200,0.0,0.0,0.0
2024-05-13 00:00:00-04:00,58.341245320646436,58.58535094960311,58.28265862878456,58.37053680419922,19300,0.0,0.0,0.0
2024-05-14 00:00:00-04:00,58.517003300396865,59.26884910548311,58.517003300396865,59.25908279418945,24900,0.0,0.0,0.0
2024-05-15 00:00:00-04:00,59.757066409430934,60.41126779140391,59.53248964883916,60.39173889160156,24700,0.0,0.0,0.0
2024-05-16 00:00:00-04:00,60.47961316312583,60.55772875727832,60.040225982666016,60.040225982666016,20500,0.0,0.0,0.0
2024-05-17 00:00:00-04:00,60.26480295246775,60.41126410491261,59.82541204562004,60.13786697387695,27900,0.0,0.0,0.0
2024-05-20 00:00:00-04:00,60.440559329676304,61.11428957049971,60.430793017990375,60.99711990356445,28200,0.0,0.0,0.0
2024-05-21 00:00:00-04:00,60.587021871525856,60.78230713740056,60.41126550471429,60.67490005493164,36100,0.0,0.0,0.0
2024-05-22 00:00:00-04:00,60.95805886583888,61.2021644984188,60.61631247012953,60.93852996826172,48700,0.0,0.0,0.0
2024-05-23 00:00:00-04:00,62.08094985336403,62.08094985336403,60.31362363043656,60.53820037841797,48700,0.0,0.0,0.0
2024-05-24 00:00:00-04:00,60.967824636280056,61.58297190543917,60.92877056384251,61.553680419921875,35000,0.0,0.0,0.0
2024-05-28 00:00:00-04:00,62.00282591531564,62.159053359182884,61.58296396153065,62.01258850097656,60100,0.0,0.0,0.0
2024-05-29 00:00:00-04:00,61.07523123513754,61.114289032024,60.77254262115873,60.80183410644531,34300,0.0,0.0,0.0
2024-05-30 00:00:00-04:00,60.977590708277724,61.104526686281325,60.40150123857709,60.59678649902344,28800,0.0,0.0,0.0
2024-05-31 00:00:00-04:00,60.83112517825819,60.938532256587656,59.33719984269214,60.35268020629883,27600,0.0,0.0,0.0
2024-06-03 00:00:00-04:00,61.10452385205467,61.114286438483724,59.97187013895332,60.684661865234375,53500,0.0,0.0,0.0
2024-06-04 00:00:00-04:00,60.68466561117596,60.68466561117596,60.1476302055187,60.38197326660156,28000,0.0,0.0,0.0
2024-06-05 00:00:00-04:00,61.006881394163536,62.022361755371094,60.9287695258626,62.022361755371094,17100,0.0,0.0,0.0
2024-06-06 00:00:00-04:00,62.03211974109912,62.03211974109912,61.61225777144856,61.72943115234375,19800,0.0,0.0,0.0
2024-06-07 00:00:00-04:00,61.709908705428944,61.74896650314298,61.12405291398817,61.29004669189453,23900,0.0,0.0,0.0
2024-06-10 00:00:00-04:00,61.104524674258954,62.03212311251162,60.987351286995455,61.83684158325195,22000,0.0,0.0,0.0
2024-06-11 00:00:00-04:00,61.504856338471015,61.61225968716346,60.96782097122719,61.60249710083008,23700,0.0,0.0,0.0
2024-06-12 00:00:00-04:00,62.50080916911667,63.07689489469592,62.47151395994271,62.69609069824219,44200,0.0,0.0,0.0
2024-06-13 00:00:00-04:00,62.84255876964347,62.84255876964347,61.85636986346561,62.14929962158203,33600,0.0,0.0,0.0
2024-06-14 00:00:00-04:00,61.74896632802069,61.885664894875546,61.495094368356035,61.797786712646484,37900,0.0,0.0,0.0
2024-06-17 00:00:00-04:00,61.80754778718749,62.38363725109026,61.41698099498206,62.37387466430664,33500,0.0,0.0,0.0
2024-06-18 00:00:00-04:00,62.354349171471306,62.9792590529347,62.31529137269067,62.78397750854492,48000,0.0,0.0,0.0
2024-06-20 00:00:00-04:00,62.81326412857595,62.81326412857595,61.70013929811121,61.83684158325195,48700,0.0,0.0,0.0
2024-06-21 00:00:00-04:00,61.64155682021698,61.80754686636111,60.96782287473295,61.475563049316406,27300,0.0,0.0,0.0
2024-06-24 00:00:00-04:00,61.61226095808398,61.82707510941264,60.928768157958984,60.928768157958984,40200,0.0,0.0,0.0
2024-06-25 00:00:00-04:00,61.01664544294042,61.23145586636936,60.76277349967485,61.19239807128906,38100,0.0,0.0,0.0
2024-06-26 00:00:00-04:00,60.770225345047045,60.96613268311367,60.593909114449254,60.79961013793945,15500,0.199,0.0,0.0
2024-06-27 00:00:00-04:00,61.06408335768499,61.40691839051272,60.94654045166143,61.25999069213867,30600,0.0,0.0,0.0
2024-06-28 00:00:00-04:00,61.45589547098682,62.16115661442195,61.357939939522595,61.5048713684082,71600,0.0,0.0,0.0
2024-07-01 00:00:00-04:00,61.79873507124043,61.86730208003814,61.12285866882519,61.35794448852539,94000,0.0,0.0,0.0
2024-07-02 00:00:00-04:00,61.22080367779273,61.94565963745117,61.15223667660331,61.94565963745117,20700,0.0,0.0,0.0
2024-07-03 00:00:00-04:00,62.151357413640696,62.69989713129297,62.12196888849894,62.56275939941406,18700,0.0,0.0,0.0
2024-07-05 00:00:00-04:00,62.86641964448561,62.9349866461821,62.38644689598888,62.846832275390625,47500,0.0,0.0,0.0
2024-07-08 00:00:00-04:00,62.92519933718306,63.473742912149355,62.92519933718306,63.33660888671875,37400,0.0,0.0,0.0
2024-07-09 00:00:00-04:00,63.4933255617399,63.65005442099956,63.04274130123339,63.25823974609375,47800,0.0,0.0,0.0
2024-07-10 00:00:00-04:00,63.7382038781553,64.45326616514149,63.718616508881865,64.42387390136719,32800,0.0,0.0,0.0
2024-07-11 00:00:00-04:00,64.92344942401381,64.92344942401381,63.63046609563447,63.68923568725586,34800,0.0,0.0,0.0
2024-07-12 00:00:00-04:00,64.08104357600466,64.94303735192888,63.94390956133368,64.50224304199219,35700,0.0,0.0,0.0
2024-07-15 00:00:00-04:00,64.56101682720299,65.0507832756937,64.4532676106756,64.63937377929688,30700,0.0,0.0,0.0
2024-07-16 00:00:00-04:00,64.66876589861408,65.48178008881602,64.66876589861408,65.43280792236328,50600,0.0,0.0,0.0
2024-07-17 00:00:00-04:00,64.3847078735587,64.47286225707991,63.013360168359746,63.0329475402832,56700,0.0,0.0,0.0
2024-07-18 00:00:00-04:00,63.39537282692297,63.39537282692297,61.76934830228711,62.219932556152344,43800,0.0,0.0,0.0
2024-07-19 00:00:00-04:00,62.08279777843394,62.08279777843394,61.06408264053611,61.15224075317383,34400,0.0,0.0,0.0
2024-07-22 00:00:00-04:00,61.906478435950234,62.51378777208466,61.573437109046566,62.474605560302734,33700,0.0,0.0,0.0
2024-07-23 00:00:00-04:00,61.94566425064963,62.455018086954546,61.94566425064963,62.27870559692383,27800,0.0,0.0,0.0
2024-07-24 00:00:00-04:00,61.71057669211247,61.720370377632584,60.1629128164144,60.20209503173828,35500,0.0,0.0,0.0
2024-07-25 00:00:00-04:00,59.682945116467735,60.309845629444034,58.71320581653004,59.23236083984375,41000,0.0,0.0,0.0
2024-07-26 00:00:00-04:00,60.035574408174064,60.290251326843396,59.59478384064868,60.07475662231445,38900,0.0,0.0,0.0
2024-07-29 00:00:00-04:00,60.18250259134235,60.525341362901656,59.73191833496094,59.73191833496094,57700,0.0,0.0,0.0
2024-07-30 00:00:00-04:00,59.839667526301,59.99639264742533,58.57606913538645,58.771976470947266,102600,0.0,0.0,0.0
2024-07-31 00:00:00-04:00,60.27065946465154,60.975924363855995,60.16291024542624,60.701656341552734,72100,0.0,0.0,0.0
2024-08-01 00:00:00-04:00,60.251072612630225,60.28046114325347,57.79244645013633,58.213645935058594,62200,0.0,0.0,0.0
2024-08-02 00:00:00-04:00,56.32314303898076,56.47986815710263,55.235860897238375,55.58849334716797,75200,0.0,0.0,0.0
2024-08-05 00:00:00-04:00,52.424603390337566,54.64814361224133,51.89565470601757,54.19755935668945,99700,0.0,0.0,0.0
2024-08-06 00:00:00-04:00,54.530595491990745,55.500334720309596,53.9428772386361,54.71670913696289,166400,0.0,0.0,0.0
2024-08-07 00:00:00-04:00,56.166416753303714,56.33293555307477,54.32489385118613,54.35428237915039,63100,0.0,0.0,0.0
2024-08-08 00:00:00-04:00,55.40238446280428,56.597412109375,54.7363017642992,56.597412109375,29800,0.0,0.0,0.0
2024-08-09 00:00:00-04:00,56.31334985966375,56.59741156988369,55.82358339405626,56.46027755737305,38900,0.0,0.0,0.0
2024-08-12 00:00:00-04:00,56.4504809598774,56.90106518820134,56.23498253040882,56.538639068603516,36700,0.0,0.0,0.0
2024-08-13 00:00:00-04:00,57.253700476968895,58.18425750732422,57.09697535771275,58.18425750732422,28100,0.0,0.0,0.0
2024-08-14 00:00:00-04:00,58.1548696415206,58.311594762563466,57.48878694293302,57.812034606933594,21100,0.0,0.0,0.0
2024-08-15 00:00:00-04:00,58.88951771105533,59.72212292947058,58.76218112267283,59.575191497802734,18000,0.0,0.0,0.0
2024-08-16 00:00:00-04:00,59.74171221035092,59.967004325167274,59.52621378025639,59.92782211303711,19000,0.0,0.0,0.0
2024-08-19 00:00:00-04:00,60.18250424711681,60.623294830322266,59.712328870571575,60.623294830322266,27400,0.0,0.0,0.0
2024-08-20 00:00:00-04:00,60.544931621166775,60.63308973414625,59.937618515476316,60.13352584838867,29800,0.0,0.0,0.0
2024-08-21 00:00:00-04:00,60.38820583277932,61.024899986909965,60.30984140583439,60.9857177734375,18600,0.0,0.0,0.0
2024-08-22 00:00:00-04:00,61.4460946336816,61.4460946336816,59.75150326807978,59.947410583496094,41300,0.0,0.0,0.0
2024-08-23 00:00:00-04:00,60.192297064071774,61.13264774521716,60.192297064071774,61.024898529052734,72700,0.0,0.0,0.0
2024-08-26 00:00:00-04:00,60.613501822744404,60.88776986130819,60.241278244249415,60.25107192993164,29900,0.0,0.0,0.0
2024-08-27 00:00:00-04:00,60.24127449527864,60.731040954589844,59.89843946840941,60.731040954589844,21800,0.0,0.0,0.0
2024-08-28 00:00:00-04:00,60.42738352915762,60.70165528330089,59.6829401659036,59.918025970458984,39500,0.0,0.0,0.0
2024-08-29 00:00:00-04:00,60.41759373225565,61.34815079867305,60.35882040902384,60.39800262451172,31500,0.0,0.0,0.0
2024-08-30 00:00:00-04:00,61.07387913969668,61.103267669677734,60.35882052051996,61.103267669677734,37600,0.0,0.0,0.0
2024-09-03 00:00:00-04:00,60.40779359750255,60.40779359750255,58.08630161510632,58.24302673339844,85100,0.0,0.0,0.0
2024-09-04 00:00:00-04:00,57.79243715516395,58.61524488446503,57.4691895266501,58.05691146850586,29600,0.0,0.0,0.0
2024-09-05 00:00:00-04:00,57.80224415926773,58.429148455701245,57.723883457602334,57.92958450317383,28300,0.0,0.0,0.0
2024-09-06 00:00:00-04:00,57.87080652833593,57.87080652833593,56.16641760868965,56.38191604614258,37900,0.0,0.0,0.0
2024-09-09 00:00:00-04:00,56.83250955139536,57.12636872704405,56.528852952472505,56.79332733154297,42500,0.0,0.0,0.0
2024-09-10 00:00:00-04:00,56.93046041995777,57.02841596796373,56.18601693822288,56.969642639160156,34700,0.0,0.0,0.0
2024-09-11 00:00:00-04:00,57.194928036443116,58.487911224365234,56.381917635481045,58.487911224365234,43600,0.0,0.0,0.0
2024-09-12 00:00:00-04:00,58.20384142676829,58.90910628991644,57.90018862806279,58.60545349121094,35700,0.0,0.0,0.0
2024-09-13 00:00:00-04:00,58.72300026933739,59.37928554297751,58.72300026933739,59.31071853637695,24500,0.0,0.0,0.0
2024-09-16 00:00:00-04:00,59.15399451611646,59.15399451611646,58.71320393932882,59.105018615722656,23500,0.0,0.0,0.0
2024-09-17 00:00:00-04:00,59.54580589725937,59.69273359030985,58.98747244310029,59.242149353027344,17400,0.0,0.0,0.0
2024-09-18 00:00:00-04:00,59.16378940997585,59.731916556185794,58.61524963378906,58.61524963378906,37500,0.0,0.0,0.0
2024-09-19 00:00:00-04:00,60.14332434534782,60.73104261796984,59.9963929088815,60.40779495239258,53800,0.0,0.0,0.0
2024-09-20 00:00:00-04:00,60.133521760512544,60.133521760512544,59.45764543136365,59.93761444091797,83100,0.0,0.0,0.0
2024-09-23 00:00:00-04:00,59.99639255244557,60.309842794198005,59.99639255244557,60.241275787353516,42200,0.0,0.0,0.0
2024-09-24 00:00:00-04:00,60.593904314335276,60.838787533364034,60.2314781964267,60.75062942504883,45700,0.0,0.0,0.0
2024-09-25 00:00:00-04:00,60.52295229103271,61.013652421469146,60.444442216910225,60.572025299072266,40600,0.118,0.0,0.0
2024-09-26 00:00:00-04:00,62.04412333565995,62.3287265552656,61.50435021766962,62.26002883911133,40500,0.0,0.0,0.0
2024-09-27 00:00:00-04:00,62.446490356298284,62.49555961329203,61.828207235692936,61.88709259033203,18500,0.0,0.0,0.0
2024-09-30 00:00:00-04:00,61.38658003302681,61.84783931203921,60.876251494144796,61.23937225341797,32600,0.0,0.0,0.0
2024-10-01 00:00:00-04:00,61.41602439379532,61.41602439379532,60.14020117866806,60.59164810180664,37800,0.0,0.0,0.0
2024-10-02 00:00:00-04:00,60.48369026633723,61.21974035417703,60.248152590980986,61.07252883911133,21300,0.0,0.0,0.0
2024-10-03 00:00:00-04:00,60.53276193654856,60.944948205173134,60.40517886798855,60.640716552734375,20800,0.0,0.0,0.0
2024-10-04 00:00:00-04:00,61.45528008956819,61.61230397338676,60.92532682152095,61.37677001953125,18900,0.0,0.0,0.0
2024-10-07 00:00:00-04:00,61.25899879881203,61.33751261195277,60.76829869791641,61.21974563598633,25400,0.0,0.0,0.0
2024-10-08 00:00:00-04:00,61.10196979142687,61.54360059394065,61.03327208256299,61.396392822265625,21800,0.0,0.0,0.0
2024-10-09 00:00:00-04:00,61.30807154497084,61.81840009699634,61.09216230349034,61.749698638916016,18300,0.0,0.0,0.0
2024-10-10 00:00:00-04:00,61.26881378126344,61.47490692138672,60.79774214223397,61.47490692138672,13400,0.0,0.0,0.0
2024-10-11 00:00:00-04:00,61.209931526197394,62.4563102722168,61.209931526197394,62.4563102722168,14500,0.0,0.0,0.0
2024-10-14 00:00:00-04:00,62.60352159896703,63.16291943082451,62.60352159896703,62.98626708984375,13100,0.0,0.0,0.0
2024-10-15 00:00:00-04:00,62.96664037044113,63.261055937687786,61.15104775579618,61.46509552001953,23700,0.0,0.0,0.0
2024-10-16 00:00:00-04:00,61.818401194210715,61.92635207312234,61.34732579648402,61.779144287109375,73600,0.0,0.0,0.0
2024-10-17 00:00:00-04:00,62.485752110314344,62.485752110314344,61.86747264841144,61.87728500366211,24200,0.0,0.0,0.0
2024-10-18 00:00:00-04:00,62.31891219873262,62.642776059125026,62.161888317745436,62.52500534057617,25800,0.0,0.0,0.0
2024-10-21 00:00:00-04:00,62.4366758743617,62.691842007323196,62.00486116040035,62.68202590942383,37600,0.0,0.0,0.0
2024-10-22 00:00:00-04:00,62.426866459570306,62.426866459570306,62.11281869940343,62.4072380065918,23000,0.0,0.0,0.0
2024-10-23 00:00:00-04:00,62.112818375453415,62.613330820688766,61.20992826187422,61.72025680541992,20600,0.0,0.0,0.0
2024-10-24 00:00:00-04:00,62.17170400991561,62.48575178874866,61.808586967592056,62.083377838134766,20400,0.0,0.0,0.0
2024-10-25 00:00:00-04:00,62.65258592009407,63.14328225287171,62.348350524902344,62.348350524902344,21600,0.0,0.0,0.0
2024-10-28 00:00:00-04:00,62.79979654022886,63.4769612883733,62.72128273211357,63.25123596191406,31100,0.0,0.0,0.0
2024-10-29 00:00:00-04:00,63.59472686660993,63.771379176863945,63.21198144230761,63.71249008178711,28500,0.0,0.0,0.0
2024-10-30 00:00:00-04:00,62.78997868664323,63.4278865128932,62.67221172150766,62.70165252685547,29800,0.0,0.0,0.0
2024-10-31 00:00:00-04:00,62.40723277425664,62.40723277425664,60.95476106932652,61.12159729003906,24200,0.0,0.0,0.0
2024-11-01 00:00:00-04:00,61.327701312294906,61.59267607684199,60.91551127370383,60.96458053588867,21500,0.0,0.0,0.0
2024-11-04 00:00:00-05:00,61.023462902375364,61.39639601542108,60.63090133666992,60.63090133666992,22300,0.0,0.0,0.0
2024-11-05 00:00:00-05:00,60.876252228346374,61.20011608613201,60.876252228346374,61.19029998779297,21100,0.0,0.0,0.0
2024-11-06 00:00:00-05:00,62.446491972261065,62.858681977912546,61.98523270834605,62.68202590942383,52500,0.0,0.0,0.0
2024-11-07 00:00:00-05:00,63.37882445030705,65.2238540649414,63.37882445030705,65.2238540649414,42300,0.0,0.0,0.0
2024-11-08 00:00:00-05:00,64.83130340533174,65.51828812884212,64.742980969625,65.39070129394531,42200,0.0,0.0,0.0
2024-11-11 00:00:00-05:00,66.02860424356561,66.04823644055534,64.86073560982436,65.64585876464844,41800,0.0,0.0,0.0
2024-11-12 00:00:00-05:00,65.19441298038744,65.53790153916408,64.14431510784802,64.86073303222656,49500,0.0,0.0,0.0
2024-11-13 00:00:00-05:00,64.96868617386961,65.64585466543276,64.69389533308713,64.95887756347656,63300,0.0,0.0,0.0
2024-11-14 00:00:00-05:00,65.6556683820863,65.66548447961219,64.49761596115455,64.53687286376953,51800,0.0,0.0,0.0
2024-11-15 00:00:00-05:00,64.1443160538233,64.1443160538233,63.07458596929838,63.34938430786133,118100,0.0,0.0,0.0
2024-11-18 00:00:00-05:00,63.50640002968316,63.50640002968316,62.48574301983683,63.192352294921875,33100,0.0,0.0,0.0
2024-11-19 00:00:00-05:00,62.829248542451396,64.12469673443522,62.829248542451396,64.10507202148438,27800,0.0,0.0,0.0
2024-11-20 00:00:00-05:00,64.22283795158943,64.68409729003906,63.83027633455844,64.68409729003906,69400,0.0,0.0,0.0
2024-11-21 00:00:00-05:00,65.6164301498815,66.09731424064003,64.38967967218775,65.55754852294922,147900,0.0,0.0,0.0
2024-11-22 00:00:00-05:00,66.34265305041282,67.39275098118343,65.72437361032938,67.17684173583984,125700,0.0,0.0,0.0
2024-11-25 00:00:00-05:00,69.7481029925155,69.89531450118248,67.9913959607299,68.25637817382812,326500,0.0,0.0,0.0
2024-11-26 00:00:00-05:00,67.84419302284971,68.17787298381468,66.42116573010348,66.78428649902344,122800,0.0,0.0,0.0
2024-11-27 00:00:00-05:00,67.58904188517745,67.58904188517745,66.2445207681642,67.06889343261719,88200,0.0,0.0,0.0
2024-11-29 00:00:00-05:00,67.9619599611008,69.49294178949883,67.66753692295246,69.17889404296875,99900,0.0,0.0,0.0
2024-12-02 00:00:00-05:00,70.44491022375661,70.44491022375661,68.7961574696938,69.28685760498047,129400,0.0,0.0,0.0
2024-12-03 00:00:00-05:00,68.84522448780876,69.53220162243842,68.34470829687046,69.47332000732422,100600,0.0,0.0,0.0
2024-12-04 00:00:00-05:00,70.32714713387624,70.7295173521782,69.64997854973382,70.21919250488281,108200,0.0,0.0,0.0
2024-12-05 00:00:00-05:00,70.91598482603405,71.47538267427645,69.54202296566103,70.83747100830078,153500,0.0,0.0,0.0
2024-12-06 00:00:00-05:00,71.93663400754687,74.04663834057052,71.35760402541135,73.96813201904297,330000,0.0,0.0,0.0
2024-12-09 00:00:00-05:00,75.32247157261993,75.32247157261993,72.86897086992873,72.88859558105469,221700,0.0,0.0,0.0
2024-12-10 00:00:00-05:00,72.83951285626901,75.3028290764825,72.70211744836753,74.25273132324219,389900,0.0,0.0,0.0
2024-12-11 00:00:00-05:00,76.87307508788815,76.93195670054041,72.68249227939451,75.02803802490234,492900,0.0,0.0,0.0
2024-12-12 00:00:00-05:00,75.07711634279038,76.0977734634656,72.98673658325201,73.10449981689453,656500,0.0,0.0,0.0
2024-12-13 00:00:00-05:00,74.18402684791896,76.22534076714368,73.50686589886433,76.1958999633789,694400,0.0,0.0,0.0
2024-12-16 00:00:00-05:00,76.47070340333256,83.01664107869394,75.41078936793215,81.05384063720703,1550000,0.0,0.0,0.0
2024-12-17 00:00:00-05:00,83.12459187649519,84.97943760933924,80.7397891503401,84.87149047851562,1513500,0.0,0.0,0.0
2024-12-18 00:00:00-05:00,84.87149212471873,89.06206766122547,80.9655160556595,82.4179916381836,1598200,0.0,0.0,0.0
2024-12-19 00:00:00-05:00,83.37975933767123,83.37975933767123,75.01823300396302,76.12721252441406,1154600,0.0,0.0,0.0
2024-12-20 00:00:00-05:00,74.66492920494743,81.8095214813166,74.58641539174815,79.65044403076172,972300,0.0,0.0,0.0
2024-12-23 00:00:00-05:00,80.13133772511752,80.74961723198969,79.51305073075511,80.64166259765625,633400,0.0,0.0,0.0
2024-12-24 00:00:00-05:00,80.96551747218142,81.26974914183786,80.27854031892838,81.10291290283203,388000,0.0,0.0,0.0
2024-12-26 00:00:00-05:00,80.96551130252271,82.57500692820406,80.65146355818217,82.42779541015625,941600,0.0,0.0,0.0
2024-12-27 00:00:00-05:00,82.5604065095873,83.07118738616558,81.07716575204962,82.02997589111328,835500,0.075,0.0,0.0
2024-12-30 00:00:00-05:00,80.74318309002066,81.32273053677228,79.4760520930122,80.50743865966797,810700,0.0,0.0,0.0
2024-12-31 00:00:00-05:00,80.9985881619612,81.1066392683686,79.36801168248998,79.71180725097656,482800,0.0,0.0,0.0
2025-01-02 00:00:00-05:00,80.36011333146737,80.97895290233926,79.58411327037128,80.9494857788086,756400,0.0,0.0,0.0
2025-01-03 00:00:00-05:00,81.4307831840541,82.17731597097429,80.55655705620804,82.0987319946289,830900,0.0,0.0,0.0
2025-01-06 00:00:00-05:00,83.34623534347098,84.78035943874511,83.22836685252189,83.93560028076172,1430100,0.0,0.0,0.0
2025-01-07 00:00:00-05:00,84.73125426353067,84.94735649988633,82.38361177617988,82.84527587890625,1269100,0.0,0.0,0.0
2025-01-08 00:00:00-05:00,80.10471139167561,80.13417850961248,77.8160036389579,79.02420043945312,2103300,0.0,0.0,0.0
2025-01-10 00:00:00-05:00,78.67059169389107,78.67059169389107,77.22665024174539,77.46239471435547,674800,0.0,0.0,0.0
2025-01-13 00:00:00-05:00,75.63535808255322,76.10685452128699,75.23262076049089,75.92021942138672,680200,0.0,0.0,0.0
2025-01-14 00:00:00-05:00,76.59798637667761,77.43292057439632,76.03808862110802,77.423095703125,364700,0.0,0.0,0.0
2025-01-15 00:00:00-05:00,79.25995440121036,79.73144328863664,78.61164781327331,79.37782287597656,639500,0.0,0.0,0.0
2025-01-16 00:00:00-05:00,79.94754210165436,80.51726468618578,79.10278309539892,79.82966613769531,483600,0.0,0.0,0.0
2025-01-17 00:00:00-05:00,80.90035993210222,80.93965192384327,80.30117017286804,80.42886352539062,485600,0.0,0.0,0.0
2025-01-21 00:00:00-05:00,81.61742253816406,83.13995544930191,81.19505046626219,83.02207946777344,796800,0.0,0.0,0.0
2025-01-22 00:00:00-05:00,83.97488018432277,84.26956635762738,83.4051650736776,83.7391357421875,577700,0.0,0.0,0.0
2025-01-23 00:00:00-05:00,83.15959192761669,83.50338745117188,82.60951159574805,83.50338745117188,495800,0.0,0.0,0.0
2025-01-24 00:00:00-05:00,83.72931001473438,84.03382105581548,82.59968968753047,82.7077407836914,396400,0.0,0.0,0.0
2025-01-27 00:00:00-05:00,80.18328750789237,80.66460874592752,78.46430235708819,79.40728759765625,659200,0.0,0.0,0.0
2025-01-28 00:00:00-05:00,79.81002729884007,80.11453085101165,78.52324648760585,79.97701263427734,286000,0.0,0.0,0.0
2025-01-29 00:00:00-05:00,80.50744223264186,80.50744223264186,79.34835478187789,79.80020141601562,226200,0.0,0.0,0.0
2025-01-30 00:00:00-05:00,80.39939097427516,81.0084055638519,80.11452967403027,80.65478515625,441900,0.0,0.0,0.0
2025-01-31 00:00:00-05:00,81.33255746299503,82.62916310397932,80.59584954211348,80.8610610961914,577200,0.0,0.0,0.0
2025-02-03 00:00:00-05:00,79.02420093290539,80.84141982161927,78.83757335341296,80.43868255615234,307400,0.0,0.0,0.0
2025-02-04 00:00:00-05:00,81.46024928880384,82.15766520829173,81.33255594946563,81.92192077636719,266500,0.0,0.0,0.0
2025-02-05 00:00:00-05:00,81.87280558972806,82.75685659521933,81.25397363297444,82.65863037109375,297600,0.0,0.0,0.0
2025-02-06 00:00:00-05:00,83.10065212674911,83.1988783508747,82.09873264997937,82.65863037109375,381800,0.0,0.0,0.0
2025-02-07 00:00:00-05:00,83.21853494188223,83.48374651826877,81.50937452003936,81.75494384765625,490200,0.0,0.0,0.0
2025-02-10 00:00:00-05:00,82.24608071572466,82.48182516674355,81.92192741171057,82.34430694580078,297700,0.0,0.0,0.0
2025-02-11 00:00:00-05:00,82.11838875580042,82.50147634046813,81.60760780763741,81.66654205322266,176100,0.0,0.0,0.0
2025-02-12 00:00:00-05:00,80.77265807925127,82.16748991545491,80.44850480213653,82.04961395263672,194200,0.0,0.0,0.0
2025-02-13 00:00:00-05:00,82.38360158520177,83.16941894525483,82.05944827076655,83.130126953125,295800,0.0,0.0,0.0
2025-02-14 00:00:00-05:00,83.65074629426736,83.65074629426736,82.57023516779506,82.99261474609375,223100,0.0,0.0,0.0
2025-02-18 00:00:00-05:00,83.69984257094826,83.7096674417012,83.18906170450401,83.69001770019531,282900,0.0,0.0,0.0
2025-02-19 00:00:00-05:00,83.52303576751592,84.4562036783283,82.95331314754804,83.83736419677734,393100,0.0,0.0,0.0
2025-02-20 00:00:00-05:00,84.6526717096563,84.7312557049738,83.24801464363071,84.1811752319336,319200,0.0,0.0,0.0
2025-02-21 00:00:00-05:00,84.70176611787619,84.73123323476018,81.95138696460599,82.21659851074219,478600,0.0,0.0,0.0
2025-02-24 00:00:00-05:00,82.36394422450734,82.48182018999493,80.35028039981286,80.73336791992188,350500,0.0,0.0,0.0
2025-02-25 00:00:00-05:00,80.68424749304614,80.68424749304614,79.10278062337471,79.38764190673828,417300,0.0,0.0,0.0
2025-02-26 00:00:00-05:00,79.99665832519531,80.93964354684131,79.53498683774585,79.99665832519531,555700,0.0,0.0,0.0
2025-02-27 00:00:00-05:00,80.40921637254066,80.51726746969338,76.9515962520152,77.0203628540039,488800,0.0,0.0,0.0
2025-02-28 00:00:00-05:00,76.56851456294457,77.88477007674021,75.88092343242681,77.4820327758789,404100,0.0,0.0,0.0
2025-03-03 00:00:00-05:00,78.788465075345,78.84739931800583,75.38978635524423,75.9496841430664,340000,0.0,0.0,0.0
2025-03-04 00:00:00-05:00,75.14421382898229,77.65884133152662,74.4959072105057,76.27383422851562,537000,0.0,0.0,0.0
2025-03-05 00:00:00-05:00,76.97125635437067,78.37591331224687,76.48011766272418,78.2776870727539,217400,0.0,0.0,0.0
2025-03-06 00:00:00-05:00,76.73550417285902,77.6490223473281,75.76304426526937,76.00861358642578,210600,0.0,0.0,0.0
2025-03-07 00:00:00-05:00,76.077368167277,77.29539732350706,75.14420780011122,77.13822937011719,274000,0.0,0.0,0.0
2025-03-10 00:00:00-04:00,75.39961296465498,75.53713119682028,72.87516042536087,73.69044494628906,411100,0.0,0.0,0.0
2025-03-11 00:00:00-04:00,73.59222068064804,74.4762718355352,72.48224992151191,73.57257843017578,356400,0.0,0.0,0.0
2025-03-12 00:00:00-04:00,74.77095096689143,75.14421364394966,73.76902392156403,74.60395812988281,259100,0.0,0.0,0.0
2025-03-13 00:00:00-04:00,74.68254049440107,75.29155510668147,73.74938007488554,74.46643829345703,177800,0.0,0.0,0.0
2025-03-14 00:00:00-04:00,75.82199605603469,77.71779176660311,75.67465294495987,77.52133178710938,383100,0.0,0.0,0.0
2025-03-17 00:00:00-04:00,78.25803691659723,79.61358449468568,77.94370845536457,79.13226318359375,299100,0.0,0.0,0.0
2025-03-18 00:00:00-04:00,78.53305487596806,78.70986506212995,77.7079456699992,78.3857192993164,148000,0.0,0.0,0.0
2025-03-19 00:00:00-04:00,78.5428960326191,79.29925378911032,77.84548001319071,78.56254577636719,172800,0.0,0.0,0.0
2025-03-20 00:00:00-04:00,77.15789277370003,78.0517613107953,76.56852033830852,77.00072479248047,224800,0.0,0.0,0.0
2025-03-21 00:00:00-04:00,75.97914946663663,76.66674808952975,75.5273027971715,76.53904724121094,170500,0.0,0.0,0.0
2025-03-24 00:00:00-04:00,77.78654183710474,78.49378269264619,77.59008188046485,78.32678985595703,143500,0.0,0.0,0.0
2025-03-25 00:00:00-04:00,78.4937873200688,78.63130555073327,77.933882031273,78.39555358886719,109200,0.0,0.0,0.0
2025-03-26 00:00:00-04:00,78.33453008602794,78.59043090397132,76.37592278984475,76.68103790283203,240800,0.158,0.0,0.0
2025-03-27 00:00:00-04:00,76.54323483129863,76.7302401304994,75.72633314904874,76.03144073486328,88400,0.0,0.0,0.0
2025-03-28 00:00:00-04:00,75.53933152414744,75.53933152414744,73.63977539523044,73.9842529296875,238900,0.0,0.0,0.0
2025-03-31 00:00:00-04:00,72.49807559397152,73.51182696039422,71.75990624843499,73.3543472290039,365500,0.0,0.0,0.0
2025-04-01 00:00:00-04:00,73.47246707886545,73.95473568139242,72.23234030617677,73.70867919921875,151200,0.0,0.0,0.0
2025-04-02 00:00:00-04:00,72.65554348328558,74.88973259855305,72.53743369178669,74.19093322753906,81700,0.0,0.0,0.0
2025-04-03 00:00:00-04:00,71.30715102109981,71.83863381553732,69.65365149697638,69.73239135742188,248600,0.0,0.0,0.0
2025-04-04 00:00:00-04:00,67.084835992825,67.52773461148925,64.24041644361674,64.82111358642578,694700,0.0,0.0,0.0
2025-04-07 00:00:00-04:00,62.02591162303448,68.23637789847163,61.71095966101621,65.126220703125,384000,0.0,0.0,0.0
2025-04-08 00:00:00-04:00,67.46868193308921,67.57694737235771,62.212912229940265,63.3250846862793,320600,0.0,0.0,0.0
2025-04-09 00:00:00-04:00,63.06919542728054,71.65164619818742,62.980614948974434,71.17921447753906,292500,0.0,0.0,0.0
2025-04-10 00:00:00-04:00,69.68318716263742,69.68318716263742,66.31712933960597,68.26589965820312,175400,0.0,0.0,0.0
2025-04-11 00:00:00-04:00,68.5513229364071,69.88987051704542,67.71473257576973,69.64381408691406,202600,0.0,0.0,0.0
2025-04-14 00:00:00-04:00,71.24810258759005,71.30715373064481,69.58475864044522,70.11624145507812,166200,0.0,0.0,0.0
2025-04-15 00:00:00-04:00,70.29340223149534,71.05126027450495,70.12608565386084,70.45088195800781,93100,0.0,0.0,0.0
2025-04-16 00:00:00-04:00,69.13202094027328,69.48634284360826,67.51789116243495,68.66943359375,120100,0.0,0.0,0.0
2025-04-17 00:00:00-04:00,69.38791057041713,69.42728049877665,68.6005270213188,68.89579772949219,76600,0.0,0.0,0.0
2025-04-21 00:00:00-04:00,68.63005815953865,68.63005815953865,66.98639561043261,67.90172576904297,105100,0.0,0.0,0.0
2025-04-22 00:00:00-04:00,68.52180189419636,69.34854794972732,68.21668679451979,68.83675384521484,70500,0.0,0.0,0.0
2025-04-23 00:00:00-04:00,71.25795418046748,72.23233568500424,70.58868029141101,70.7855224609375,119200,0.0,0.0,0.0
2025-04-24 00:00:00-04:00,71.65163637132734,73.17718175216253,71.40557993805912,73.06891632080078,135700,0.0,0.0,0.0
2025-04-25 00:00:00-04:00,73.03939601772497,73.92520074318251,72.73428842136342,73.83661651611328,96600,0.0,0.0,0.0
2025-04-28 00:00:00-04:00,74.06298809562932,74.53541976221317,72.96065254629806,74.03346252441406,111200,0.0,0.0,0.0
2025-04-29 00:00:00-04:00,73.6791361179326,74.20077453476094,73.50197519249598,73.74803161621094,92300,0.0,0.0,0.0
2025-04-30 00:00:00-04:00,72.4488592781244,73.89567235643342,71.81895538824175,73.78740692138672,120200,0.0,0.0,0.0
2025-05-01 00:00:00-04:00,74.91926359134854,75.10626136970494,74.02361459278454,74.25982666015625,83000,0.0,0.0,0.0
2025-05-02 00:00:00-04:00,75.4901180423847,76.89756127750258,75.40154132216226,76.68103790283203,136000,0.0,0.0,0.0
2025-05-05 00:00:00-04:00,76.65150794334538,76.89756441049549,76.33655596575514,76.39561462402344,117600,0.0,0.0,0.0
2025-05-06 00:00:00-04:00,75.2834233633738,75.71648508389183,74.66336386185179,75.49995422363281,99800,0.0,0.0,0.0
2025-05-07 00:00:00-04:00,75.40153889839608,76.10033831308316,74.98816586588488,75.9625473022461,104200,0.0,0.0,0.0
2025-05-08 00:00:00-04:00,77.70461818160061,79.11206127227106,76.91724210503762,78.47232055664062,188000,0.0,0.0,0.0
2025-05-09 00:00:00-04:00,78.83649462650823,79.3286075861107,78.19674627721542,78.86602020263672,143700,0.0,0.0,0.0
2025-05-12 00:00:00-04:00,82.07459259639609,82.29112348369767,81.0509968167278,81.7104263305664,304500,0.0,0.0,0.0
2025-05-13 00:00:00-04:00,81.60216977931196,82.67497236397797,81.44469003713307,82.28128051757812,221300,0.0,0.0,0.0
2025-05-14 00:00:00-04:00,82.67496471961589,83.11786331270943,82.13363754223782,82.64543914794922,221000,0.0,0.0,0.0
2025-05-15 00:00:00-04:00,82.3698517757582,83.00959247771421,81.97615999136866,82.60606384277344,186300,0.0,0.0,0.0
2025-05-16 00:00:00-04:00,82.93087339706346,83.46235626467,82.6257582730937,83.43282318115234,256100,0.0,0.0,0.0
2025-05-19 00:00:00-04:00,82.43875359339374,83.59029595603037,82.11395728319978,83.52140045166016,246600,0.0,0.0,0.0
2025-05-20 00:00:00-04:00,84.39736129583363,85.48985252091161,83.88556719020686,85.06663513183594,626400,0.0,0.0,0.0
2025-05-21 00:00:00-04:00,85.13552619389296,85.62763906206575,83.0095949990442,83.32455444335938,374200,0.0,0.0,0.0
2025-05-22 00:00:00-04:00,83.56077161424376,86.2969181267252,83.02928878311438,85.54890441894531,673100,0.0,0.0,0.0
2025-05-23 00:00:00-04:00,83.67886579974436,85.44063070571895,83.3540770252712,84.73198699951172,425600,0.0,0.0,0.0
2025-05-27 00:00:00-04:00,86.41503125201903,86.4248681038477,85.05679479494418,86.0213394165039,345500,0.0,0.0,0.0
2025-05-28 00:00:00-04:00,85.51937950099739,85.90322696379845,84.84026129340461,84.9091567993164,240800,0.0,0.0,0.0
2025-05-29 00:00:00-04:00,86.00163997043592,86.00163997043592,83.97413740757419,84.12177276611328,230800,0.0,0.0,0.0
2025-05-30 00:00:00-04:00,83.5804505486073,83.6001392690646,81.92695095538971,83.37376403808594,408300,0.0,0.0,0.0
2025-06-02 00:00:00-04:00,83.334389604413,84.6335672496835,82.75370003608622,84.54499053955078,255000,0.0,0.0,0.0
2025-06-03 00:00:00-04:00,84.6040530240816,85.48985778941653,84.1020957388839,85.47016906738281,283500,0.0,0.0,0.0
2025-06-04 00:00:00-04:00,85.854016442951,86.5528158322319,85.24379376782488,86.19849395751953,340400,0.0,0.0,0.0
2025-06-05 00:00:00-04:00,86.68077296777035,86.72998726539875,84.65327005747886,85.12569427490234,393200,0.0,0.0,0.0
2025-06-06 00:00:00-04:00,86.1296053999742,87.17288238795197,85.64732933164157,86.83824920654297,299000,0.0,0.0,0.0
2025-06-09 00:00:00-04:00,87.71420288085938,88.16694583167791,87.05476591142786,87.71420288085938,376100,0.0,0.0,0.0
2025-06-10 00:00:00-04:00,88.09804760380817,88.53110182086698,87.47798058523996,88.05867767333984,425400,0.0,0.0,0.0
2025-06-11 00:00:00-04:00,88.74764617088142,88.90512591668693,87.31067728112032,87.7929458618164,850100,0.0,0.0,0.0
2025-06-12 00:00:00-04:00,87.950410134173,88.3441019203755,87.5862439178526,87.7634048461914,527600,0.0,0.0,0.0
2025-06-13 00:00:00-04:00,86.28708075376724,87.29099535243552,85.89338890152573,86.18865966796875,372800,0.0,0.0,0.0
2025-06-16 00:00:00-04:00,87.10398075487133,88.28504867674243,87.05476646269058,87.80278015136719,294400,0.0,0.0,0.0
2025-06-17 00:00:00-04:00,87.59609020530179,88.08820307162371,86.66107876290872,86.93666076660156,232700,0.0,0.0,0.0
2025-06-18 00:00:00-04:00,87.40908200953385,88.1275700744766,86.71028266365595,87.2516098022461,263100,0.0,0.0,0.0
2025-06-20 00:00:00-04:00,87.79294444821964,87.89137304228703,86.17881462494103,86.46424102783203,362400,0.0,0.0,0.0
2025-06-23 00:00:00-04:00,85.99180373713266,86.90713395579031,85.08631036914763,86.7594985961914,307500,0.0,0.0,0.0
2025-06-24 00:00:00-04:00,88.04883549988432,88.86574468203321,87.96025878591585,88.74763488769531,377000,0.0,0.0,0.0
2025-06-25 00:00:00-04:00,89.34584743120688,89.46429915123431,88.56600763888224,88.86214447021484,297700,0.266,0.0,0.0
2025-06-26 00:00:00-04:00,89.3557230797753,89.7505797623143,88.86215410941774,89.68148040771484,338400,0.0,0.0,0.0
2025-06-27 00:00:00-04:00,90.30337020015368,90.56002060832216,89.07931389286965,89.79005432128906,322300,0.0,0.0,0.0
2025-06-30 00:00:00-04:00,90.78707212737882,90.78707212737882,90.19479090498727,90.63899993896484,354700,0.0,0.0,0.0
2025-07-01 00:00:00-04:00,90.52053917109187,90.71797126276992,89.2273909784736,90.2342758178711,416900,0.0,0.0,0.0
2025-07-02 00:00:00-04:00,90.392212195282,91.66562091950466,89.88876978541163,91.57677459716797,493800,0.0,0.0,0.0
2025-07-03 00:00:00-04:00,92.02099105590978,92.54417290841644,91.62613441191439,92.34674835205078,360700,0.0,0.0,0.0
2025-07-07 00:00:00-04:00,92.07035181251271,92.17893758777996,90.56990546622923,91.15231323242188,500900,0.0,0.0,0.0
2025-07-08 00:00:00-04:00,91.84331512451172,92.27765822945557,91.68536943861766,91.84331512451172,483200,0.0,0.0,0.0
2025-07-09 00:00:00-04:00,92.39610177685813,92.68237265873059,91.3596115472484,92.33687591552734,320200,0.0,0.0,0.0
2025-07-10 00:00:00-04:00,92.6724946939018,92.6724946939018,91.59651809830318,92.2381591796875,376000,0.0,0.0,0.0
2025-07-11 00:00:00-04:00,91.70509787548058,91.87290948436886,90.89564522707808,90.9647445678711,305400,0.0,0.0,0.0
2025-07-14 00:00:00-04:00,90.79693968626098,91.33986096664246,90.16516455486284,91.11282348632812,338400,0.0,0.0,0.0
2025-07-15 00:00:00-04:00,92.27765648917752,92.27765648917752,91.211545723293,91.30038452148438,324000,0.0,0.0,0.0
2025-07-16 00:00:00-04:00,91.62614511263224,92.42572444993671,90.26389743958296,92.317138671875,399600,0.0,0.0,0.0
2025-07-17 00:00:00-04:00,92.74158947347229,93.87679940291683,92.54416493411821,93.81757354736328,690200,0.0,0.0,0.0
2025-07-18 00:00:00-04:00,94.08410394638625,94.24204961382209,93.38323699248356,93.75835418701172,613800,0.0,0.0,0.0
2025-07-21 00:00:00-04:00,94.04462061409387,95.00214554335368,93.60041158957286,93.65963745117188,512800,0.0,0.0,0.0
2025-07-22 00:00:00-04:00,93.54118339663869,93.54118339663869,91.65574651590951,92.63301086425781,468400,0.0,0.0,0.0
2025-07-23 00:00:00-04:00,92.99824923449644,93.59053039550781,92.50468034510972,93.59053039550781,270800,0.0,0.0,0.0
2025-07-24 00:00:00-04:00,93.26479354122638,93.26479354122638,92.29739507058045,92.49481964111328,485600,0.0,0.0,0.0
2025-07-25 00:00:00-04:00,92.43558308438986,92.7119804636714,91.85317539679858,92.5935287475586,294600,0.0,0.0,0.0
2025-07-28 00:00:00-04:00,93.01801029152764,93.01801029152764,92.2776568453499,92.5540542602539,360300,0.0,0.0,0.0
2025-07-29 00:00:00-04:00,93.1068377393799,93.52143381119237,91.96176179847919,92.2381591796875,282600,0.0,0.0,0.0
2025-07-30 00:00:00-04:00,92.88966637947557,93.1561978055821,91.72484346286733,92.37635803222656,428400,0.0,0.0,0.0
2025-07-31 00:00:00-04:00,92.44547313459653,92.56392487193231,90.58964891617484,90.83643341064453,935000,0.0,0.0,0.0
2025-08-01 00:00:00-04:00,89.53339792117377,90.04671380886364,88.08231164134388,89.28661346435547,569200,0.0,0.0,0.0
2025-08-04 00:00:00-04:00,90.05659057551237,91.0733413696289,90.05659057551237,91.0733413696289,465200,0.0,0.0,0.0
2025-08-05 00:00:00-04:00,91.9222752813624,92.25789852067103,90.63899312000444,91.32998657226562,451800,0.0,0.0,0.0
2025-08-06 00:00:00-04:00,91.31024249536434,91.35960239570502,90.19477954154065,91.09307098388672,588300,0.0,0.0,0.0
2025-08-07 00:00:00-04:00,92.28750826697512,92.51455326846686,90.49091782179474,91.35960388183594,369300,0.0,0.0,0.0
2025-08-08 00:00:00-04:00,91.42870994538029,91.94201831119379,91.26089078791411,91.57677459716797,205400,0.0,0.0,0.0
2025-08-11 00:00:00-04:00,91.58664800596031,92.75147096369865,91.25102475384347,91.50767517089844,393800,0.0,0.0,0.0
2025-08-12 00:00:00-04:00,92.09008956957696,93.49182348836229,91.60639413897773,93.47208404541016,472400,0.0,0.0,0.0
2025-08-13 00:00:00-04:00,94.02488488438868,94.25192991492627,93.28453146010216,94.04462432861328,370200,0.0,0.0,0.0
2025-08-14 00:00:00-04:00,93.12658616002385,93.53131631528694,92.31713338076219,93.41285705566406,388100,0.0,0.0,0.0
2025-08-15 00:00:00-04:00,93.33388561270513,93.33388561270513,92.3566137303939,92.7712173461914,165900,0.0,0.0,0.0
2025-08-18 00:00:00-04:00,92.86005101575239,93.12657490360787,92.51455429769395,93.09696197509766,271000,0.0,0.0,0.0
2025-08-19 00:00:00-04:00,93.13645420028696,93.13645420028696,91.38922352781555,91.57677459716797,295000,0.0,0.0,0.0
2025-08-20 00:00:00-04:00,91.24115268898636,91.24115268898636,89.15829120216064,90.79694366455078,440400,0.0,0.0,0.0
2025-08-21 00:00:00-04:00,90.53042263259756,90.80682006013443,90.07634006860626,90.42183685302734,168600,0.0,0.0,0.0
2025-08-22 00:00:00-04:00,90.57977448875691,93.33389009325197,90.57977448875691,92.86993408203125,285200,0.0,0.0,0.0
2025-08-25 00:00:00-04:00,92.86992367161511,92.87978962685452,92.2973819546605,92.40596771240234,185500,0.0,0.0,0.0
2025-08-26 00:00:00-04:00,92.6823768944853,93.41285683225132,92.6823768944853,93.20555877685547,182300,0.0,0.0,0.0
2025-08-27 00:00:00-04:00,93.4227222649369,94.05448986441338,93.04761260626768,93.76821899414062,277700,0.0,0.0,0.0
2025-08-28 00:00:00-04:00,94.09397467512683,95.32789692355814,93.99526240150507,95.11072540283203,323400,0.0,0.0,0.0
2025-08-29 00:00:00-04:00,94.52832014720485,94.52832014720485,93.19568559088549,93.5510482788086,410800,0.0,0.0,0.0
2025-09-02 00:00:00-04:00,91.53730540927849,92.4652099609375,91.09308881305827,92.4652099609375,474500,0.0,0.0,0.0
2025-09-03 00:00:00-04:00,92.87979600251892,92.90941646406105,91.60639481297731,92.20854949951172,262300,0.0,0.0,0.0
2025-09-04 00:00:00-04:00,92.30725610270181,93.06734888107866,91.58664220809264,92.9587631225586,194900,0.0,0.0,0.0
2025-09-05 00:00:00-04:00,94.24205642718171,94.36050815505828,92.94890818943256,94.04462432861328,228600,0.0,0.0,0.0
2025-09-08 00:00:00-04:00,95.00214288855497,95.14034158260023,94.49870801650323,95.08111572265625,337300,0.0,0.0,0.0
2025-09-09 00:00:00-04:00,95.44636014323615,95.75237046357918,94.6270339286733,95.70301055908203,257200,0.0,0.0,0.0
2025-09-10 00:00:00-04:00,96.51246286464071,96.73950788056555,95.90044222662978,96.26567840576172,319000,0.0,0.0,0.0
2025-09-11 00:00:00-04:00,97.02579242187116,97.86485819398219,96.90733315367022,97.74639892578125,433900,0.0,0.0,0.0
2025-09-12 00:00:00-04:00,97.78587930760122,98.44726743344991,97.58845473739436,98.151123046875,375700,0.0,0.0,0.0
2025-09-15 00:00:00-04:00,98.65455884517168,99.10864135106755,98.22021578246081,99.04940795898438,428100,0.0,0.0,0.0
2025-09-16 00:00:00-04:00,99.3455615630928,99.65157191413074,98.7137938847317,99.45414733886719,285500,0.0,0.0,0.0
2025-09-17 00:00:00-04:00,99.61208309263478,100.80651897580142,98.7137840428382,100.24385070800781,411700,0.0,0.0,0.0
2025-09-18 00:00:00-04:00,102.11940215297804,103.48165713372502,101.57648088303627,102.93872833251953,720900,0.0,0.0,0.0
2025-09-19 00:00:00-04:00,102.5932327557469,104.02457956580483,102.51425992355043,103.83702850341797,608400,0.0,0.0,0.0
2025-09-22 00:00:00-04:00,103.54089512458572,105.130187767516,103.11642552061184,104.92288970947266,631600,0.0,0.0,0.0
2025-09-23 00:00:00-04:00,105.41645760991757,105.87054014173879,104.07394945876592,104.9327621459961,640700,0.0,0.0,0.0
2025-09-24 00:00:00-04:00,105.39676043438637,105.4858069629398,103.78410266666106,104.49644470214844,461900,0.239,0.0,0.0
2025-09-25 00:00:00-04:00,102.84419495503107,104.13036880036255,101.93398356664215,103.83355712890625,637300,0.0,0.0,0.0
2025-09-26 00:00:00-04:00,103.576335544365,104.38761228098487,102.82441812683795,103.49718475341797,426900,0.0,0.0,0.0
2025-09-29 00:00:00-04:00,104.66463176652562,104.70420716172138,103.14101301854502,103.33888244628906,507500,0.0,0.0,0.0
2025-09-30 00:00:00-04:00,103.32899724655877,103.82367837845807,102.70569418949525,103.79399871826172,335800,0.0,0.0,0.0
2025-10-01 00:00:00-04:00,103.23006275386459,105.65400501161268,103.23006275386459,105.525390625,949100,0.0,0.0,0.0
2025-10-02 00:00:00-04:00,106.84122987918226,107.99878947667479,106.58400112261515,107.93942260742188,1187900,0.0,0.0,0.0
2025-10-03 00:00:00-04:00,108.85953543601603,109.96762395762495,108.17687301618027,109.02772521972656,982800,0.0,0.0,0.0
2025-10-06 00:00:00-04:00,110.52165347992084,112.16399840000555,110.47218989750833,111.36260986328125,896200,0.0,0.0,0.0
2025-10-07 00:00:00-04:00,112.34209090961642,112.42123415605958,108.73091704594316,109.64112854003906,1227300,0.0,0.0,0.0
2025-10-08 00:00:00-04:00,110.3237848922238,111.10538196333516,109.98739780738235,110.99655151367188,779900,0.0,0.0,0.0
2025-10-09 00:00:00-04:00,110.92729728110288,111.03612773157255,109.70048266639665,110.97676086425781,704400,0.0,0.0,0.0
2025-10-10 00:00:00-04:00,111.27357540913464,111.32303899355779,104.9812307853504,105.00101470947266,1580600,0.0,0.0,0.0
2025-10-13 00:00:00-04:00,108.34506437569225,110.74921499537449,107.51399614323864,110.72942352294922,916200,0.0,0.0,0.0
2025-10-14 00:00:00-04:00,108.87931758014273,111.55059261004726,107.7316537580751,109.93793487548828,762000,0.0,0.0,0.0
2025-10-15 00:00:00-04:00,112.45092141283047,112.48060107378862,108.98815340065492,111.2043228149414,811600,0.0,0.0,0.0
2025-10-16 00:00:00-04:00,112.12442726011137,112.12442726011137,108.6715475218845,109.35420989990234,848000,0.0,0.0,0.0
2025-10-17 00:00:00-04:00,108.33516811024059,109.28495497966544,107.28644652387804,108.82984924316406,563900,0.0,0.0,0.0
2025-10-20 00:00:00-04:00,110.31389501073339,111.15485144511436,109.54219363451944,109.8192138671875,443000,0.0,0.0,0.0
2025-10-21 00:00:00-04:00,109.66090841659401,110.0071912434706,108.66165797654743,109.03761291503906,427300,0.0,0.0,0.0
2025-10-22 00:00:00-04:00,108.10760966805698,108.49346788968964,104.59537821171429,106.08931732177734,1109800,0.0,0.0,0.0
2025-10-23 00:00:00-04:00,107.34580137699919,109.3245258263448,107.2567623999313,109.10686492919922,1418500,0.0,0.0,0.0
2025-10-24 00:00:00-04:00,110.75911099080568,111.43187768422119,110.11603150812071,110.20507049560547,750300,0.0,0.0,0.0
2025-10-27 00:00:00-04:00,111.88697717956093,113.01485712875731,111.77815427259503,112.4311294555664,915200,0.0,0.0,0.0
2025-10-28 00:00:00-04:00,112.3816561938986,113.28197947928858,111.57037943754838,111.60995483398438,806100,0.0,0.0,0.0
2025-10-29 00:00:00-04:00,112.70815523376484,113.77666836564482,111.93645382126337,113.17315673828125,765900,0.0,0.0,0.0
2025-10-30 00:00:00-04:00,112.41135233479429,113.46007400485857,111.84741610018142,112.450927734375,583300,0.0,0.0,0.0
2025-10-31 00:00:00-04:00,113.50953588591236,114.27134150807612,112.3717677725053,113.87559509277344,632400,0.0,0.0,0.0
2025-11-03 00:00:00-05:00,114.45932012470426,114.518679443754,111.74846214849882,112.7180404663086,644200,0.0,0.0,0.0
2025-11-04 00:00:00-05:00,110.05665279097525,111.21421234135397,108.3846357484012,108.5627212524414,801300,0.0,0.0,0.0
2025-11-05 00:00:00-05:00,109.01782868907658,111.33293272978007,108.98814902930883,110.61070251464844,509100,0.0,0.0,0.0
2025-11-06 00:00:00-05:00,111.0163436530687,111.38241042432149,108.63198441633982,109.2453842163086,499200,0.0,0.0,0.0
2025-11-07 00:00:00-05:00,107.54367250387912,109.06729125976562,105.51548444015671,109.06729125976562,936900,0.0,0.0,0.0
2025-11-10 00:00:00-05:00,111.24388868339916,111.76824944403826,110.08632916753847,111.4219741821289,498900,0.0,0.0,0.0
2025-11-11 00:00:00-05:00,110.79868155615115,110.79868155615115,109.39378890562465,109.96762084960938,441400,0.0,0.0,0.0
2025-11-12 00:00:00-05:00,110.68984643174056,111.09548857966216,109.21569878450121,109.55208587646484,367900,0.0,0.0,0.0
2025-11-13 00:00:00-05:00,108.54292890171112,108.69133474524855,105.08016111093318,105.62431335449219,752200,0.0,0.0,0.0
2025-11-14 00:00:00-05:00,103.32899440482093,107.22707648418306,102.87388868177804,105.77272033691406,848600,0.0,0.0,0.0
2025-11-17 00:00:00-05:00,105.357190235971,106.35644828217455,103.18059617414158,104.03144836425781,1460000,0.0,0.0,0.0
2025-11-18 00:00:00-05:00,102.24070071330189,103.79400683524419,101.46899929490739,102.91346740722656,1067600,0.0,0.0,0.0
2025-11-19 00:00:00-05:00,102.91345123317227,104.93175099774685,102.57707171319372,103.45760345458984,627900,0.0,0.0,0.0
2025-11-20 00:00:00-05:00,105.63421279346237,105.90134484992979,99.16378978909832,99.29240417480469,1972700,0.0,0.0,0.0
2025-11-21 00:00:00-05:00,99.28250728401208,101.19197686318876,97.16527252346204,100.36091613769531,1232300,0.0,0.0,0.0
2025-11-24 00:00:00-05:00,100.98421309647932,103.93251617206036,100.98421309647932,103.62580871582031,471700,0.0,0.0,0.0
2025-11-25 00:00:00-05:00,103.23004981808592,104.49643979292148,101.50856167869001,104.25898742675781,446200,0.0,0.0,0.0
2025-11-26 00:00:00-05:00,105.09006678639135,106.37623327281699,104.77347114607659,105.7430419921875,360400,0.0,0.0,0.0
2025-11-28 00:00:00-05:00,106.48506332152567,107.32602732845982,106.18825915575665,107.31613159179688,257500,0.0,0.0,0.0
2025-12-01 00:00:00-05:00,106.31687471475507,107.34581244024709,105.91124008591588,106.5938949584961,364200,0.0,0.0,0.0
2025-12-02 00:00:00-05:00,107.73166013265794,109.12666459738027,107.533790692155,108.57261657714844,432800,0.0,0.0,0.0
2025-12-03 00:00:00-05:00,108.70123949262675,110.87783355083853,108.08783214432853,110.80857849121094,398800,0.0,0.0,0.0
2025-12-04 00:00:00-05:00,110.49197849690708,111.9166625796128,110.3633641193098,111.77815246582031,528000,0.0,0.0,0.0
2025-12-05 00:00:00-05:00,112.51028285385297,113.11379446548654,111.73858146146523,112.02549743652344,328200,0.0,0.0,0.0
2025-12-08 00:00:00-05:00,112.85655516765046,113.34134057216069,111.75836243114297,112.78730010986328,340500,0.0,0.0,0.0
2025-12-09 00:00:00-05:00,112.41134307592081,113.36112994292097,112.01559666094532,113.18304443359375,273300,0.0,0.0,0.0
2025-12-10 00:00:00-05:00,113.21272252266525,114.66708623728208,112.60921094655573,114.26144409179688,440700,0.0,0.0,0.0
2025-12-11 00:00:00-05:00,113.18304998243975,113.99432677620693,111.56049639490541,113.9250717163086,474500,0.0,0.0,0.0
2025-12-12 00:00:00-05:00,113.25230182778405,113.38091620730599,109.86868462895929,110.17538452148438,431200,0.0,0.0,0.0
2025-12-15 00:00:00-05:00,111.31315804959104,111.40219703628819,109.037621667458,109.18602752685547,503300,0.0,0.0,0.0
2025-12-16 00:00:00-05:00,108.73090903777438,109.32452485767136,107.75144255753263,108.7803726196289,414700,0.0,0.0,0.0
2025-12-17 00:00:00-05:00,108.93868143065305,109.67080740552998,105.90133952807552,106.01016998291016,617200,0.0,0.0,0.0
2025-12-18 00:00:00-05:00,108.64186959876126,108.97825669919031,107.38538282383658,107.75144958496094,486100,0.0,0.0,0.0
2025-12-19 00:00:00-05:00,108.6022964552216,110.5018778097248,108.6022964552216,109.95772552490234,437200,0.0,0.0,0.0
2025-12-22 00:00:00-05:00,111.40219664993843,111.93645321297515,110.98666628365504,111.45166778564453,485100,0.0,0.0,0.0
2025-12-23 00:00:00-05:00,111.08559503854676,111.42198213715709,110.51176310742247,110.71953582763672,389400,0.0,0.0,0.0
2025-12-24 00:00:00-05:00,110.84814798437948,110.8580437204378,110.30399572469611,110.76899719238281,175900,0.0,0.0,0.0
2025-12-26 00:00:00-05:00,111.14495647116665,111.14495647116665,110.14570598907869,110.32379150390625,237300,0.0,0.0,0.0
2025-12-29 00:00:00-05:00,109.54402314625528,110.40821975546652,109.1963604569674,109.73275756835938,305400,0.445,0.0,0.0
2025-12-30 00:00:00-05:00,110.21948483313855,110.79561590333131,109.94135468297051,109.97115325927734,369600,0.0,0.0,0.0
2025-12-31 00:00:00-05:00,110.08042385528287,110.10028704740067,108.908298479892,108.92816925048828,375600,0.0,0.0,0.0
2026-01-02 00:00:00-05:00,111.02407524429765,111.96773975962185,110.40821779946349,111.6300048828125,487100,0.0,0.0,0.0
2026-01-05 00:00:00-05:00,113.23919927690429,114.53052651057611,113.2292638918359,113.8947982788086,591200,0.0,0.0,0.0
2026-01-06 00:00:00-05:00,114.61992310759864,116.33838097046787,114.59012453064642,116.24897766113281,616100,0.0,0.0,0.0
2026-01-07 00:00:00-05:00,115.8218370929244,116.3085648244517,115.24570605974155,115.51390838623047,336400,0.0,0.0,0.0
2026-01-08 00:00:00-05:00,115.00731297531735,115.00731297531735,113.38819390251366,113.96432495117188,385100,0.0,0.0,0.0
2026-01-09 00:00:00-05:00,114.85831462889527,116.07017389883929,114.52058733253871,115.76224517822266,561800,0.0,0.0,0.0
2026-01-12 00:00:00-05:00,115.30531543152902,117.02376563752931,115.23578289565292,116.9840316772461,421100,0.0,0.0,0.0
2026-01-13 00:00:00-05:00,117.20256750974524,117.4310358922907,116.10991010015152,116.53704071044922,386000,0.0,0.0,0.0
2026-01-14 00:00:00-05:00,116.09004317054621,116.53703695783418,115.37484704810309,116.51717376708984,358400,0.0,0.0,0.0
2026-01-15 00:00:00-05:00,118.56343130171467,118.72235957363434,117.31183800450403,117.3813705444336,998700,0.0,0.0,0.0
2026-01-16 00:00:00-05:00,117.9574896393106,118.2753537293048,117.16282562508627,117.6396255493164,369900,0.0,0.0,0.0
2026-01-20 00:00:00-05:00,115.7225120087091,117.09329955146143,115.01725125695752,115.36491394042969,509400,0.0,0.0,0.0
2026-01-21 00:00:00-05:00,116.2291127226326,117.73896536718944,115.10664915111138,117.12310791015625,371300,0.0,0.0,0.0
2026-01-22 00:00:00-05:00,118.84155521490511,119.06008820847681,117.88796289807426,118.5534896850586,423100,0.0,0.0,0.0
2026-01-23 00:00:00-05:00,118.5932288355604,118.5932288355604,117.2125058559089,117.89790344238281,410700,0.0,0.0,0.0
2026-01-26 00:00:00-05:00,117.91775659963413,118.38462114324317,117.06349543015328,117.16282653808594,380400,0.0,0.0,0.0
2026-01-27 00:00:00-05:00,118.50382859589044,119.52695345484638,118.20582767959266,119.17929077148438,424200,0.0,0.0,0.0
2026-01-28 00:00:00-05:00,120.38120918750992,120.53020206040193,119.2885442631167,119.99381256103516,419700,0.0,0.0,0.0
2026-01-29 00:00:00-05:00,120.0037417831713,120.0037417831713,115.82183918197795,118.29521942138672,735600,0.0,0.0,0.0
2026-01-30 00:00:00-05:00,117.16283453919985,117.96743399889979,114.57025227917642,115.11658477783203,463800,0.0,0.0,0.0
2026-02-02 00:00:00-05:00,114.5603284156144,116.57677966981812,114.43119114140843,115.9609146118164,288800,0.0,0.0,0.0
2026-02-03 00:00:00-05:00,116.46750919456855,116.56684030931602,112.06707336279881,114.17292785644531,428600,0.0,0.0,0.0
2026-02-04 00:00:00-05:00,113.79545322767066,114.24245458903597,109.5241548827622,111.3320083618164,580200,0.0,0.0,0.0
2026-02-05 00:00:00-05:00,109.97115058744522,111.5704064905345,108.94802574055117,109.39501953125,687400,0.0,0.0,0.0
2026-02-06 00:00:00-05:00,111.27240391726832,115.24570894322079,111.27240391726832,115.02718353271484,470400,0.0,0.0,0.0
2026-02-09 00:00:00-05:00,115.10665068552387,117.72903155156497,114.62985829814096,117.27210235595703,349700,0.0,0.0,0.0
2026-02-10 00:00:00-05:00,117.62969659782038,118.38462669477026,116.95423442233432,117.2919692993164,249000,0.0,0.0,0.0
2026-02-11 00:00:00-05:00,119.43754419296778,119.61634321813524,116.76550177824221,118.3051528930664,323100,0.0,0.0,0.0
2026-02-12 00:00:00-05:00,118.25548798881985,118.25548798881985,114.44111141267742,115.01724243164062,439200,0.0,0.0,0.0
2026-02-13 00:00:00-05:00,115.12651751858023,117.2125011936185,114.2623209255955,116.42777252197266,325700,0.0,0.0,0.0
2026-02-17 00:00:00-05:00,114.93778524166433,115.9609101179127,113.32859390771902,115.35498046875,261000,0.0,0.0,0.0
2026-02-18 00:00:00-05:00,115.79203910396248,117.04363228412402,115.28544060129366,116.17943572998047,330200,0.0,0.0,0.0
2026-02-19 00:00:00-05:00,115.23578290090225,116.07017333145365,115.03711309947714,116.04037475585938,262700,0.0,0.0,0.0
2026-02-20 00:00:00-05:00,115.26558433822657,117.41116519754051,115.13645464795283,116.49730682373047,244800,0.0,0.0,0.0
2026-02-23 00:00:00-05:00,115.41457924584914,115.64304003907144,113.94445306344309,114.52058410644531,344500,0.0,0.0,0.0
2026-02-24 00:00:00-05:00,115.05698267545449,116.21917258244423,114.282189404128,115.69271087646484,242100,0.0,0.0,0.0
2026-02-25 00:00:00-05:00,116.61650648623964,117.80849498776709,116.61650648623964,117.60983276367188,375900,0.0,0.0,0.0
2026-02-26 00:00:00-05:00,118.34489702739246,118.34489702739246,115.50398314906201,117.07344055175781,303000,0.0,0.0,0.0
2026-02-27 00:00:00-05:00,115.09671861200692,115.72251143917697,114.42125643952325,115.6430435180664,283600,0.0,0.0,0.0
2026-03-02 00:00:00-05:00,113.40805523522218,115.97083875852796,113.11998971561236,115.861572265625,261900,0.0,0.0,0.0
2026-03-03 00:00:00-05:00,111.07374844832499,112.4346082306776,108.84869962052895,111.61014556884766,477900,0.0,0.0,0.0
2026-03-04 00:00:00-05:00,112.91139961624766,113.46766750211617,111.82867757815197,113.03060150146484,422400,0.0,0.0,0.0
2026-03-05 00:00:00-05:00,111.8187385952866,113.29879262467327,109.52415732265273,111.0439453125,379700,0.0,0.0,0.0
2026-03-06 00:00:00-05:00,108.86856270446866,110.74594883519869,108.33216558447745,108.85862731933594,442800,0.0,0.0,0.0
2026-03-09 00:00:00-04:00,107.29909930062922,111.30221049546842,106.45477349508907,110.97441101074219,441900,0.0,0.0,0.0
2026-03-10 00:00:00-04:00,111.25254637938662,113.10013391660827,110.77574641751593,111.22274780273438,184100,0.0,0.0,0.0
2026-03-11 00:00:00-04:00,111.38167316467232,112.64320178553983,111.07374444266316,111.70947265625,209600,0.0,0.0,0.0
2026-03-12 00:00:00-04:00,110.60687822431672,110.984347055694,108.60036250114766,108.7294921875,298100,0.0,0.0,0.0
2026-03-13 00:00:00-04:00,109.63342485726263,111.11347890066182,108.27256511789567,108.64009857177734,339400,0.0,0.0,0.0
2026-03-16 00:00:00-04:00,110.52741035486153,111.42140551053603,110.179747677232,110.61681365966797,301000,0.0,0.0,0.0
2026-03-17 00:00:00-04:00,110.86515037645002,111.5406125722844,110.4578829505377,110.9048843383789,303400,0.0,0.0,0.0
2026-03-18 00:00:00-04:00,110.55721751760476,111.63993952045615,109.96121568939797,110.10028076171875,225300,0.0,0.0,0.0
2026-03-19 00:00:00-04:00,108.07389918658778,111.19294300978856,107.28917053854354,110.5075454711914,281300,0.0,0.0,0.0
2026-03-20 00:00:00-04:00,110.32874853390139,110.53734614123722,106.62363821132604,107.54743194580078,340300,0.0,0.0,0.0
2026-03-23 00:00:00-04:00,109.63342989842539,111.55055002070411,109.00762945956812,109.91156005859375,382100,0.0,0.0,0.0
2026-03-24 00:00:00-04:00,108.38183277572735,110.55721978933907,108.00437151145461,109.9314193725586,232600,0.0,0.0,0.0
2026-03-25 00:00:00-04:00,111.47817950156309,112.09529358616072,110.4430240663582,111.0999526977539,153500,0.224,0.0,0.0
2026-03-26 00:00:00-04:00,109.4476830995714,110.05484164857262,107.16835155549032,107.27783966064453,242800,0.0,0.0,0.0
2026-03-27 00:00:00-04:00,106.27254370306969,106.3919873439013,104.23209943067266,104.5804672241211,419300,0.0,0.0,0.0
2026-03-30 00:00:00-04:00,105.29712121073798,105.50614190135617,100.93753053388265,101.68403625488281,391000,0.0,0.0,0.0
2026-03-31 00:00:00-04:00,103.19695000222578,106.94938204252219,103.15713545296298,106.80008697509766,327300,0.0,0.0,0.0
2026-04-01 00:00:00-04:00,108.37271408248482,109.9752135334368,108.05420529934302,108.78080749511719,243100,0.0,0.0,0.0
2026-04-02 00:00:00-04:00,105.76492692269117,109.9752147074862,105.42650706545048,109.44768524169922,168800,0.0,0.0,0.0
2026-04-06 00:00:00-04:00,109.80600730232483,110.64209760345653,109.1291751895414,110.08470153808594,144300,0.0,0.0,0.0
2026-04-07 00:00:00-04:00,109.16899438394609,109.95531463623047,107.78547108762952,109.95531463623047,175100,0.0,0.0,0.0
2026-04-08 00:00:00-04:00,115.67852660187016,116.16624154184235,113.97649448601517,115.29034423828125,381300,0.0,0.0,0.0
2026-04-09 00:00:00-04:00,115.17089531859277,115.66856577157806,114.28504251978684,115.59889221191406,240900,0.0,0.0,0.0
2026-04-10 00:00:00-04:00,116.45488503537675,116.94259994899095,115.88754102741989,116.14633178710938,205700,0.0,0.0,0.0
2026-04-13 00:00:00-04:00,115.94726203481531,118.84370776681243,115.91740302213059,118.79393768310547,253300,0.0,0.0,0.0
2026-04-14 00:00:00-04:00,120.41634769864156,121.67047178876821,119.77932252426399,121.4913101196289,467000,0.0,0.0,0.0
2026-04-15 00:00:00-04:00,121.85959049971913,122.92460499225436,121.07327025287931,122.81511688232422,489700,0.0,0.0,0.0
2026-04-16 00:00:00-04:00,124.07920410253065,124.94514585243068,122.62599966069527,124.58682250976562,568400,0.0,0.0,0.0
2026-04-17 00:00:00-04:00,126.90596894981375,127.60270456533209,126.09974522416415,127.29415130615234,539400,0.0,0.0,0.0
2026-04-20 00:00:00-04:00,127.3837283860738,128.17004858773547,126.66708174183287,128.0406494140625,370400,0.0,0.0,0.0
2026-04-21 00:00:00-04:00,128.7473595576895,129.6829673046515,127.05527536535048,127.43350219726562,611800,0.0,0.0,0.0
2026-04-22 00:00:00-04:00,129.4838997628933,129.692928043725,128.5582399750468,129.64315795898438,473200,0.0,0.0,0.0
2026-04-23 00:00:00-04:00,129.852175991993,130.85746479854848,127.40363078034682,129.14547729492188,480500,0.0,0.0,0.0
2026-04-24 00:00:00-04:00,131.75328428303,132.3704060352228,130.15078465368646,132.17132568359375,503900,0.0,0.0,0.0
2026-04-27 00:00:00-04:00,132.161365502313,132.161365502313,130.12091358865877,131.2755126953125,383500,0.0,0.0,0.0
2026-04-28 00:00:00-04:00,128.27953386530868,129.75263407370787,126.92586210523822,128.37905883789062,441800,0.0,0.0,0.0
2026-04-29 00:00:00-04:00,129.0160783589333,129.43411970067436,128.10036658354392,129.3345947265625,294600,0.0,0.0,0.0
2026-04-30 00:00:00-04:00,131.1660159256491,133.52496887878544,130.02138002385877,133.40553283691406,451700,0.0,0.0,0.0
2026-05-01 00:00:00-04:00,133.37569031148723,134.98813782683143,132.85810875324546,134.5402374267578,474300,0.0,0.0,0.0
2026-05-04 00:00:00-04:00,135.54550758185542,136.3616943564185,134.06245945825037,135.05780029296875,497600,0.0,0.0,0.0
2026-05-05 00:00:00-04:00,137.1579790140191,138.95954361241598,136.77974461207612,138.52159118652344,590100,0.0,0.0,0.0
2026-05-06 00:00:00-04:00,141.1891122866994,143.1996899631014,139.93497303660064,142.9906768798828,650200,0.0,0.0,0.0
2026-05-07 00:00:00-04:00,143.1698386141312,143.2395197707315,139.44727318096702,140.47247314453125,620500,0.0,0.0,0.0
2026-05-08 00:00:00-04:00,142.4034395456432,144.3144923811935,141.65693381983303,144.23486328125,574600,0.0,0.0,0.0
2026-05-11 00:00:00-04:00,144.92164382553995,147.28059694259633,144.77233357512932,147.1313018798828,735600,0.0,0.0,0.0
2026-05-12 00:00:00-04:00,144.86190290436969,145.30981844407003,139.7359035213417,143.30917358398438,897800,0.0,0.0,0.0
2026-05-13 00:00:00-04:00,144.94154724752389,146.8725111601041,143.13003457902454,146.10609436035156,652700,0.0,0.0,0.0
2026-05-14 00:00:00-04:00,145.9567965327384,147.7384501534864,145.30983098928797,147.19102478027344,697600,0.0,0.0,0.0
2026-05-15 00:00:00-04:00,142.66221107610244,143.92629825443746,141.3384058746124,142.4133758544922,587700,0.0,0.0,0.0
2026-05-18 00:00:00-04:00,144.18508255054704,144.25474851554318,139.3477251969176,141.3085479736328,664800,0.0,0.0,0.0
2026-05-19 00:00:00-04:00,138.3523819898771,141.56732877205087,137.01862885890674,139.97479248046875,528600,0.0,0.0,0.0
2026-05-20 00:00:00-04:00,141.47774705300006,144.81214495770206,141.20900077238596,144.7623748779297,412800,0.0,0.0,0.0
2026-05-21 00:00:00-04:00,145.62832824027714,149.04235550907208,145.24014588721212,148.63426208496094,1246800,0.0,0.0,0.0
2026-05-22 00:00:00-04:00,150.07750242764217,154.1384951963261,150.07750242764217,152.72511291503906,1691200,0.0,0.0,0.0
2026-05-26 00:00:00-04:00,156.7661892563192,158.11985346629433,155.28312587133942,157.88096618652344,1464800,0.0,0.0,0.0
2026-05-27 00:00:00-04:00,158.80665250528554,159.1052578295084,153.99915386716035,155.7808074951172,1180600,0.0,0.0,0.0
2026-05-28 00:00:00-04:00,156.40787121060382,159.00571161348697,154.7854606545784,158.3189239501953,1108900,0.0,0.0,0.0
2026-05-29 00:00:00-04:00,159.66263541794368,160.04085462758133,156.94534385977357,159.00570678710938,1012300,0.0,0.0,0.0
2026-06-01 00:00:00-04:00,159.19483384603078,162.97713249055292,157.99046461490465,162.11117553710938,1066700,0.0,0.0,0.0
2026-06-02 00:00:00-04:00,164.72891850752112,168.18275263625952,164.23124805885791,167.97372436523438,1360700,0.0,0.0,0.0
2026-06-03 00:00:00-04:00,168.87948299595405,169.2079473044215,164.81849043812437,166.97837829589844,805200,0.0,0.0,0.0
2026-06-04 00:00:00-04:00,163.08661035903233,167.09783291737233,161.25517158487557,165.7143096923828,1089900,0.0,0.0,0.0
2026-06-05 00:00:00-04:00,160.88689694846917,160.88689694846917,151.59041690647828,152.06817626953125,1755500,0.0,0.0,0.0
2026-06-08 00:00:00-04:00,156.74628281909912,158.99576300393147,155.34286367359144,157.0050811767578,1028200,0.0,0.0,0.0
2026-06-09 00:00:00-04:00,159.5431889574719,160.74755815003724,146.82273324891196,154.0290069580078,1739200,0.0,0.0,0.0
2026-06-10 00:00:00-04:00,151.9387839097635,156.04954673011082,149.80875496884317,150.28652954101562,1035700,0.0,0.0,0.0
2026-06-11 00:00:00-04:00,152.12789640528885,158.92607643602884,151.65013703559734,158.61752319335938,761500,0.0,0.0,0.0
2026-06-12 00:00:00-04:00,158.0402290763382,162.00168166066163,157.08471030421148,160.54849243164062,780700,0.0,0.0,0.0
2026-06-15 00:00:00-04:00,166.20202199655668,167.71494444230058,165.23654009246656,167.2670440673828,975600,0.0,0.0,0.0
2026-06-16 00:00:00-04:00,166.11244810093922,167.57560049098896,161.35471964475616,161.52392578125,749500,0.0,0.0,0.0
2026-06-17 00:00:00-04:00,164.231237395296,166.45084319965943,161.58362713527032,161.693115234375,482800,0.0,0.0,0.0
2026-06-18 00:00:00-04:00,165.933284408897,167.71493789744662,164.7587742755738,167.18740844726562,595600,0.0,0.0,0.0
2026-06-22 00:00:00-04:00,168.08321475336288,169.04869665189273,165.69440264242746,167.81448364257812,800900,0.0,0.0,0.0
2026-06-23 00:00:00-04:00,161.14568616147264,165.40574401237686,160.48877270797576,162.5789794921875,822000,0.0,0.0,0.0
2026-06-24 00:00:00-04:00,162.289866914549,162.32975499342544,157.08558315883838,159.4085693359375,761800,0.27,0.0,0.0
2026-06-25 00:00:00-04:00,163.02764528078887,163.0575537337138,156.33784240775725,159.7575225830078,624400,0.0,0.0,0.0
2026-06-26 00:00:00-04:00,155.98889626823077,157.52425254239776,154.5631941731492,155.5003662109375,987500,0.0,0.0,0.0
2026-06-29 00:00:00-04:00,157.51428948063798,160.63485454531323,153.66591153016907,160.32579040527344,716700,0.0,0.0,0.0
2026-06-30 00:00:00-04:00,160.44542138786363,165.350620316426,160.23606223151458,164.8820343017578,530400,0.0,0.0,0.0
2026-07-01 00:00:00-04:00,162.39953236083267,163.99472079449367,159.71762960332285,159.8771514892578,657400,0.0,0.0,0.0
2026-07-02 00:00:00-04:00,161.24302593166252,162.60891119980033,153.1474801588712,154.5432586669922,826100,0.0,0.0,0.0
2026-07-06 00:00:00-04:00,156.078627909125,158.53121228147933,155.55022496659157,156.4674530029297,344600,0.0,0.0,0.0
2026-07-07 00:00:00-04:00,153.2371983359616,153.66591149447896,149.05981220785293,150.9840087890625,518500,0.0,0.0,0.0
2026-07-08 00:00:00-04:00,149.5483460521599,152.5393129732031,149.29909880873964,152.0109100341797,331800,0.0,0.0,0.0
2026-07-09 00:00:00-04:00,155.10157775878906,156.52726465057503,154.044756696372,155.10157775878906,278600,0.0,0.0,0.0
2026-07-10 00:00:00-04:00,154.9520196892911,155.04174504307494,152.51936423441384,153.9949188232422,279200,0.0,0.0,0.0
2026-07-13 00:00:00-04:00,151.52238322782816,151.58220013348378,147.9731048390433,148.57130432128906,323300,0.0,0.0,0.0
2026-07-14 00:00:00-04:00,150.61513147520213,151.1634632401564,148.64108235512677,149.3988037109375,240100,0.0,0.0,0.0
2026-07-15 00:00:00-04:00,150.68491513546823,150.83445739862728,144.98213690338457,147.474609375,379600,0.0,0.0,0.0
2026-07-16 00:00:00-04:00,145.15161437750416,145.37095315869325,141.8216750090422,142.45974731445312,825100,0.0,0.0,0.0
2026-07-17 00:00:00-04:00,138.34218116628753,143.21745652119142,137.10592460503577,141.26336669921875,601400,0.0,0.0,0.0
2026-07-20 00:00:00-04:00,142.4298474823749,143.69602775715973,140.61532022143564,140.75489807128906,424800,0.0,0.0,0.0
2026-07-21 00:00:00-04:00,144.10477053275284,145.30116939648053,143.06790875874478,144.76278686523438,298800,0.0,0.0,0.0
2026-07-22 00:00:00-04:00,143.65612836973307,146.04891088108798,143.39691672979478,144.39390563964844,311900,0.0,0.0,0.0
2026-07-23 00:00:00-04:00,142.32017636360737,145.35101615783927,141.82168187546864,143.0380096435547,233200,0.0,0.0,0.0
2026-07-24 00:00:00-04:00,142.74886551108088,142.9781839147197,138.83070637829638,139.1397705078125,348800,0.0,0.0,0.0
2026-07-27 00:00:00-04:00,141.7120144521708,142.78876438707996,137.79385502302563,140.3760528564453,336700,0.0,0.0,0.0
2026-07-28 00:00:00-04:00,137.31528280725266,137.50471314040522,133.6663148390303,136.42796325683594,633700,0.0,0.0,0.0
2026-07-29 00:00:00-04:00,135.69020544056244,137.00622297550535,131.70224954473804,131.84182739257812,657700,0.0,0.0,0.0
2026-07-30 00:00:00-04:00,136.8068201112606,140.28631690067306,136.40803063046235,139.88751220703125,372400,0.0,0.0,0.0
2026-07-31 00:00:00-04:00,143.21745921124466,144.3839496914594,139.51863865804225,140.82469177246094,263800,0.0,0.0,0.0
2026-08-03 00:00:00-04:00,140.93435156232127,146.03892986401542,140.2065539246602,145.5504150390625,454200,0.0,0.0,0.0
2026-08-04 00:00:00-04:00,148.57129733569394,153.1773814087432,148.17249262866633,152.4794921875,477700,0.0,0.0,0.0
2026-08-05 00:00:00-04:00,152.04081260500655,152.64897646394033,149.24924054411633,149.5383758544922,407400,0.0,0.0,0.0
2026-08-06 00:00:00-04:00,147.34498802906134,151.12358461239273,146.19845683880055,148.79063415527344,212600,0.0,0.0,0.0
2026-08-07 00:00:00-04:00,151.6519836912046,153.31695334517227,150.41571196632287,152.9979248046875,268000,0.0,0.0,0.0
2026-08-10 00:00:00-04:00,153.3568525080952,153.73569797650774,151.06377480700567,151.23326110839844,300500,0.0,0.0,0.0
2026-08-11 00:00:00-04:00,152.63901161899167,153.1773789487779,151.47252118090788,152.539306640625,462600,0.0,0.0,0.0
2026-08-12 00:00:00-04:00,156.06863672465994,156.8263580297945,155.2112256565848,156.37771606445312,415500,0.0,0.0,0.0
2026-08-13 00:00:00-04:00,156.55717124093633,159.2490383227801,156.55717124093633,157.76353454589844,514000,0.0,0.0,0.0
2026-08-14 00:00:00-04:00,158.08256041181124,159.0097680162756,157.22514933377528,158.2021942138672,442200,0.0,0.0,0.0
2026-08-17 00:00:00-04:00,158.31186709373208,159.06958842437507,157.5741050143299,157.74359130859375,304900,0.0,0.0,0.0
2026-08-18 00:00:00-04:00,153.57617215507616,154.60308477601737,150.8543965636142,151.70184326171875,415200,0.0,0.0,0.0
2026-08-19 00:00:00-04:00,152.14052437805924,152.4097004493137,148.0428990632289,149.74774169921875,357500,0.0,0.0,0.0
2026-08-20 00:00:00-04:00,149.2292981150835,149.58821474410908,147.8933365787054,148.75074768066406,211300,0.0,0.0,0.0
2026-08-21 00:00:00-04:00,149.987013546899,150.18640828565555,148.11266953433187,150.0169219970703,229400,0.0,0.0,0.0
2026-08-24 00:00:00-04:00,148.4715924530879,148.4715924530879,145.37095621331883,146.49755859375,344500,0.0,0.0,0.0
2026-08-25 00:00:00-04:00,148.4915374514854,148.79063718067457,147.2752097088686,148.34197998046875,322900,0.0,0.0,0.0
2026-08-26 00:00:00-04:00,148.09273316460732,148.95014427721497,147.43473201392482,148.33201599121094,280000,0.0,0.0,0.0
2026-08-27 00:00:00-04:00,150.24623577626988,150.76467430385438,149.37886023447706,150.50546264648438,299600,0.0,0.0,0.0
2026-08-28 00:00:00-04:00,150.92418506203023,151.21330515035984,147.4646323502683,147.78366088867188,319600,0.0,0.0,0.0
2026-08-31 00:00:00-04:00,147.89334212045668,148.45165351700734,146.9561700421704,147.4945526123047,317800,0.0,0.0,0.0
2026-09-01 00:00:00-04:00,145.5205190495133,145.8694560668089,143.376983602506,144.12472534179688,342800,0.0,0.0,0.0
2026-09-02 00:00:00-04:00,143.41686521231208,144.36400166345769,142.46971354832255,144.28424072265625,318200,0.0,0.0,0.0
2026-09-03 00:00:00-04:00,144.7129426769914,145.8196010404205,143.85553155566032,145.68002319335938,217600,0.0,0.0,0.0
2026-09-04 00:00:00-04:00,147.03593300861075,147.69394939767164,146.49756564391672,147.4447021484375,242300,0.0,0.0,0.0
2026-09-08 00:00:00-04:00,148.6311104368429,150.06677691973258,148.05285503607658,148.4616241455078,271700,0.0,0.0,0.0
2026-09-09 00:00:00-04:00,148.04288957259024,148.84046853489517,146.84649070344568,147.36492919921875,138500,0.0,0.0,0.0
2026-09-10 00:00:00-04:00,145.4507102408405,146.6072210177386,145.0618851777438,145.1715545654297,194300,0.0,0.0,0.0
2026-09-11 00:00:00-04:00,146.97610515967364,147.6640299503953,146.148602528287,146.9661407470703,140500,0.0,0.0,0.0
2026-09-14 00:00:00-04:00,142.8087032084605,143.65613469142187,141.79177021606276,142.37002563476562,296300,0.0,0.0,0.0
2026-09-15 00:00:00-04:00,141.96125895669093,142.86852257128461,141.392983153962,142.31021118164062,233600,0.0,0.0,0.0
2026-09-16 00:00:00-04:00,143.42682760375718,144.92231099380908,141.4228853377114,142.83860778808594,153900,0.0,0.0,0.0
2026-09-17 00:00:00-04:00,145.97912779025532,146.60723572938022,145.36099947736722,146.30813598632812,198900,0.0,0.0,0.0
2026-09-18 00:00:00-04:00,147.1356268076667,147.68397375686348,145.57034689930893,147.34498596191406,223100,0.0,0.0,0.0
2026-09-21 00:00:00-04:00,149.73776855780693,152.7386997349717,149.30905541087273,152.5791778564453,359400,0.0,0.0,0.0
2026-09-22 00:00:00-04:00,152.5791823050803,154.33389259434398,152.37978755753056,153.96499633789062,194400,0.0,0.0,0.0
2026-09-23 00:00:00-04:00,154.3000030517578,154.61000061035156,151.6999969482422,152.4499969482422,395900,0.465,0.0,0.0
2026-09-24 00:00:00-04:00,151.05999755859375,153.0,150.52999877929688,152.47000122070312,178900,0.0,0.0,0.0
2026-09-25 00:00:00-04:00,153.41000366210938,154.72999572753906,152.72000122070312,153.72000122070312,218000,0.0,0.0,0.0
2026-09-28 00:00:00-04:00,151.3300018310547,152.47000122070312,149.4499969482422,151.36000061035156,197800,0.0,0.0,0.0
2026-09-29 00:00:00-04:00,152.08999633789062,152.86000061035156,151.0800018310547,151.8699951171875,759400,0.0,0.0,0.0
2026-09-30 00:00:00-04:00,152.27999877929688,152.91000366210938,151.60000610351562,151.6199951171875,256700,0.0,0.0,0.0
2026-10-01 00:00:00-04:00,152.69000244140625,154.0500030517578,151.6300048828125,153.25,277200,0.0,0.0,0.0
2026-10-02 00:00:00-04:00,156.1300048828125,157.2899932861328,155.5,156.05999755859375,376300,0.0,0.0,0.0
