Date,Open,High,Low,Close,Volume,Dividends,Stock Splits,Capital Gains
2021-10-04 00:00:00-04:00,37.456936089064584,37.48412652970246,36.460599069511176,36.68783187866211,1513500,0.0,0.0,0.0
2021-10-05 00:00:00-04:00,36.868465946001,37.433642009006455,36.85292960542994,37.21805953979492,637000,0.0,0.0,0.0
2021-10-06 00:00:00-04:00,36.835444075528876,37.425869400257255,36.73056823248073,37.40256118774414,873500,0.0,0.0,0.0
2021-10-07 00:00:00-04:00,37.775469472482285,38.20080738005531,37.775469472482285,37.83373260498047,713000,0.0,0.0,0.0
2021-10-08 00:00:00-04:00,37.94442504860417,37.94442504860417,37.43945709722457,37.46470642089844,166500,0.0,0.0,0.0
2021-10-11 00:00:00-04:00,37.35788990481651,37.71525159415397,37.18697537659862,37.19280242919922,325000,0.0,0.0,0.0
2021-10-12 00:00:00-04:00,37.36177812439992,37.49384812605881,37.18892615684114,37.27437973022461,374000,0.0,0.0,0.0
2021-10-13 00:00:00-04:00,37.503556014094386,37.67447056333023,37.375371954377705,37.53074645996094,421000,0.0,0.0,0.0
2021-10-14 00:00:00-04:00,37.94442349005872,38.31732146021494,37.94442349005872,38.266822814941406,374000,0.0,0.0,0.0
2021-10-15 00:00:00-04:00,38.50377458800804,38.53678837567308,38.38918577586231,38.41054916381836,249500,0.0,0.0,0.0
2021-10-18 00:00:00-04:00,38.27653960821101,38.89997863769531,38.27653960821101,38.89997863769531,243500,0.0,0.0,0.0
2021-10-19 00:00:00-04:00,39.0825467398451,39.286478769168696,39.0747785709564,39.18354034423828,191500,0.0,0.0,0.0
2021-10-20 00:00:00-04:00,39.2806531555405,39.350570382520424,39.063129601007226,39.23792266845703,253000,0.0,0.0,0.0
2021-10-21 00:00:00-04:00,39.21267342342902,39.67491093412424,39.18353816119454,39.672969818115234,335000,0.0,0.0,0.0
2021-10-22 00:00:00-04:00,39.69432898588306,40.010904969416714,39.577799062598,39.7584228515625,396000,0.0,0.0,0.0
2021-10-25 00:00:00-04:00,39.91380543895043,40.228436666282214,39.772026163705306,40.1080207824707,524500,0.0,0.0,0.0
2021-10-26 00:00:00-04:00,40.3643967681926,40.43819623553511,39.93517296124338,40.03422546386719,2695000,0.0,0.0,0.0
2021-10-27 00:00:00-04:00,40.214838513180425,40.3740989358571,39.95847042582087,39.9740104675293,497000,0.0,0.0,0.0
2021-10-28 00:00:00-04:00,40.224561490120294,40.71204845947442,40.224561490120294,40.70233917236328,372000,0.0,0.0,0.0
2021-10-29 00:00:00-04:00,40.48286245442156,41.17039541880461,40.48286245442156,41.147090911865234,183500,0.0,0.0,0.0
2021-11-01 00:00:00-04:00,41.29080416912391,41.31216755623442,41.07910400498453,41.31022644042969,609500,0.0,0.0,0.0
2021-11-02 00:00:00-04:00,41.302463674646376,41.46172039311144,41.261678010895814,41.45201110839844,606000,0.0,0.0,0.0
2021-11-03 00:00:00-04:00,41.45006792216777,41.57048380210847,41.117955546473326,41.556888580322266,590500,0.0,0.0,0.0
2021-11-04 00:00:00-04:00,41.727800141923645,42.271608974624044,41.72585532150697,42.24247741699219,1376000,0.0,0.0,0.0
2021-11-05 00:00:00-04:00,42.33570586401095,42.386200814466285,41.77052989738557,42.028839111328125,385500,0.0,0.0,0.0
2021-11-08 00:00:00-05:00,42.19586938187847,42.41339293908316,42.023013724073884,42.294921875,463500,0.0,0.0,0.0
2021-11-09 00:00:00-05:00,42.434759223224425,42.45612261440969,41.918137080327185,42.143428802490234,330500,0.0,0.0,0.0
2021-11-10 00:00:00-05:00,41.76859026501259,42.03466765736793,41.152915621640915,41.362674713134766,411500,0.0,0.0,0.0
2021-11-11 00:00:00-05:00,41.70644216477126,41.88512117458215,41.638462347442406,41.81325912475586,244000,0.0,0.0,0.0
2021-11-12 00:00:00-05:00,41.93561819000375,42.36484198497749,41.88900917122066,42.34153747558594,567000,0.0,0.0,0.0
2021-11-15 00:00:00-05:00,42.55127649060442,42.55127649060442,42.09292130930615,42.263832092285156,324000,0.0,0.0,0.0
2021-11-16 00:00:00-05:00,42.17449809439699,42.947488210428034,42.17449809439699,42.877567291259766,210000,0.0,0.0,0.0
2021-11-17 00:00:00-05:00,42.90475357279296,42.90475357279296,42.53962378996738,42.64061737060547,2080500,0.0,0.0,0.0
2021-11-18 00:00:00-05:00,42.941670686469905,43.01935608627001,42.50856096883945,42.72220230102539,381000,0.0,0.0,0.0
2021-11-19 00:00:00-05:00,42.92417928073728,43.15918394916237,42.891161789766855,42.91252517700195,441000,0.0,0.0,0.0
2021-11-22 00:00:00-05:00,43.15724722051848,43.33009915620618,42.228882556180054,42.256072998046875,414000,0.0,0.0,0.0
2021-11-23 00:00:00-05:00,42.08904769689878,42.33182057664357,41.28692589477446,41.807430267333984,1199500,0.0,0.0,0.0
2021-11-24 00:00:00-05:00,41.49474592519184,42.10459358793105,41.22866850124821,42.08711242675781,450000,0.0,0.0,0.0
2021-11-26 00:00:00-05:00,41.74527955010712,42.17644440446978,41.273329031381515,41.35490036010742,476000,0.0,0.0,0.0
2021-11-29 00:00:00-05:00,41.86182059976869,42.322117094548474,41.66954264488889,42.18616485595703,442000,0.0,0.0,0.0
2021-11-30 00:00:00-05:00,42.05603090377671,42.29686267138672,41.20341413615447,41.27527618408203,947500,0.0,0.0,0.0
2021-12-01 00:00:00-05:00,41.76470629592375,41.8598728562933,40.31778190974294,40.3255500793457,676000,0.0,0.0,0.0
2021-12-02 00:00:00-05:00,40.25562732592517,40.99171785495243,40.16628782289783,40.79167175292969,847500,0.0,0.0,0.0
2021-12-03 00:00:00-05:00,40.9198510206348,41.0596891640744,39.37581550369618,39.85747528076172,1263000,0.0,0.0,0.0
2021-12-06 00:00:00-05:00,39.906037310794936,39.97983677057962,39.23209954753282,39.85942459106445,1145500,0.0,0.0,0.0
2021-12-07 00:00:00-05:00,40.59550300040062,41.34324377292278,40.59550300040062,41.284976959228516,1036500,0.0,0.0,0.0
2021-12-08 00:00:00-05:00,41.329656204581845,41.657882647222664,41.11795600206235,41.63263702392578,454500,0.0,0.0,0.0
2021-12-09 00:00:00-05:00,41.551057936333144,41.687013846864936,40.77418554110755,40.78778076171875,562500,0.0,0.0,0.0
2021-12-10 00:00:00-05:00,41.11018776263979,41.213122485068205,40.61493272087126,40.912086486816406,382500,0.0,0.0,0.0
2021-12-13 00:00:00-05:00,40.912085243174374,40.912085243174374,40.348850404539036,40.37409973144531,772500,0.0,0.0,0.0
2021-12-14 00:00:00-05:00,39.85553184080154,40.003138143977544,39.30006894023362,39.75065231323242,646000,0.0,0.0,0.0
2021-12-15 00:00:00-05:00,39.742885485057414,40.73922621287187,39.38746863946911,40.69844055175781,479000,0.0,0.0,0.0
2021-12-16 00:00:00-05:00,40.84023245103963,40.99560697544459,39.45157101848625,39.645790100097656,1282500,0.0,0.0,0.0
2021-12-17 00:00:00-05:00,39.28453591387381,39.950705512971105,39.053417134087894,39.56227111816406,530000,0.0,0.0,0.0
2021-12-20 00:00:00-05:00,38.9893343975774,39.146650042611036,38.550401262098305,38.87862777709961,2128500,0.0,0.0,0.0
2021-12-21 00:00:00-05:00,39.317549907704866,39.8807847309479,38.890271000169406,39.86136245727539,535500,0.0,0.0,0.0
2021-12-22 00:00:00-05:00,39.82251864977205,40.31777737657241,39.71764281529597,40.29835510253906,686500,0.0,0.0,0.0
2021-12-23 00:00:00-05:00,40.4440140052306,40.727572519961065,40.4440140052306,40.61298370361328,397000,0.0,0.0,0.0
2021-12-27 00:00:00-05:00,40.72175178820026,41.48697389620571,40.72175178820026,41.46561050415039,767500,0.0,0.0,0.0
2021-12-28 00:00:00-05:00,41.59767403690239,41.603501089698675,40.985889059593724,41.09659194946289,841500,0.0,0.0,0.0
2021-12-29 00:00:00-05:00,41.15680296651181,41.27527773858135,40.97229690146061,41.193702697753906,339000,0.0,0.0,0.0
2021-12-30 00:00:00-05:00,41.17426997840272,41.32187255707405,40.968396887433734,41.01112365722656,389500,0.0,0.0,0.0
2021-12-31 00:00:00-05:00,41.00142087373638,41.121836739787184,40.90819544812158,40.945098876953125,563000,0.0,0.0,0.0
2022-01-03 00:00:00-05:00,41.07911354573443,41.18205197800478,40.39740759357697,40.6460075378418,1489000,0.0,0.0,0.0
2022-01-04 00:00:00-05:00,40.70427761226565,40.71593171956936,39.83223847373093,40.27117156982422,1390500,0.0,0.0,0.0
2022-01-05 00:00:00-05:00,40.08082280631211,40.09830396206571,38.73295123887752,38.74266052246094,1380500,0.0,0.0,0.0
2022-01-06 00:00:00-05:00,38.69798776672094,39.2359731898274,38.23963254340445,39.02427673339844,1578000,0.0,0.0,0.0
2022-01-07 00:00:00-05:00,39.02622944705669,39.16218168006675,38.292083684381865,38.32898712158203,929000,0.0,0.0,0.0
2022-01-10 00:00:00-05:00,37.85314986688265,38.44940226862253,37.28020567858953,38.42609405517578,954500,0.0,0.0,0.0
2022-01-11 00:00:00-05:00,38.38919286563068,38.85919860072391,38.041540428805824,38.84366226196289,686500,0.0,0.0,0.0
2022-01-12 00:00:00-05:00,39.074773529249995,39.3835813553565,38.8300595709405,39.05535125732422,283500,0.0,0.0,0.0
2022-01-13 00:00:00-05:00,39.261229463097465,39.27676580088322,37.92306327806247,37.99104309082031,455500,0.0,0.0,0.0
2022-01-14 00:00:00-05:00,37.67446398788092,38.14058742327655,37.43169113375279,38.01823043823242,970500,0.0,0.0,0.0
2022-01-18 00:00:00-05:00,37.43362969726484,37.43362969726484,36.69559819656366,36.78105545043945,1260000,0.0,0.0,0.0
2022-01-19 00:00:00-05:00,37.002470978065546,37.24524385551384,36.21005846868193,36.2294807434082,1044500,0.0,0.0,0.0
2022-01-20 00:00:00-05:00,36.466428078668635,36.92866934569475,35.530298847254386,35.563316345214844,1232000,0.0,0.0,0.0
2022-01-21 00:00:00-05:00,35.23119089243963,35.557479848511825,34.50675835919723,34.53977584838867,985000,0.0,0.0,0.0
2022-01-24 00:00:00-05:00,33.861967722575,35.04670082330293,32.803477584487176,35.0136833190918,2153000,0.0,0.0,0.0
2022-01-25 00:00:00-05:00,34.357217447086306,34.714579139774926,33.774560339021384,34.089195251464844,1061500,0.0,0.0,0.0
2022-01-26 00:00:00-05:00,34.749539875327315,35.21954930443308,33.5317895197061,33.92216873168945,871500,0.0,0.0,0.0
2022-01-27 00:00:00-05:00,34.31448335705589,34.45626260870378,33.18413528004132,33.28318405151367,1173500,0.0,0.0,0.0
2022-01-28 00:00:00-05:00,33.29677829680067,34.23873808708915,32.81900449629467,34.223201751708984,1019000,0.0,0.0,0.0
2022-01-31 00:00:00-05:00,34.337796821283284,35.46232172280446,34.27564776401075,35.42347717285156,761500,0.0,0.0,0.0
2022-02-01 00:00:00-05:00,35.596324616223555,35.897364283617385,35.02920759461947,35.86823272705078,580000,0.0,0.0,0.0
2022-02-02 00:00:00-05:00,36.227539267957724,36.281920154883906,35.75947467628308,36.215885162353516,1223000,0.0,0.0,0.0
2022-02-03 00:00:00-05:00,35.452609963481365,35.83910324699138,35.0253310124314,35.14186096191406,3892000,0.0,0.0,0.0
2022-02-04 00:00:00-05:00,35.11660806519735,35.77112349999547,34.88937524245659,35.415706634521484,3362000,0.0,0.0,0.0
2022-02-07 00:00:00-05:00,35.435125497840424,35.755583721621875,35.17875743704743,35.268096923828125,1099000,0.0,0.0,0.0
2022-02-08 00:00:00-05:00,35.11660779855411,35.73810573382398,35.00007786179598,35.65071105957031,915500,0.0,0.0,0.0
2022-02-09 00:00:00-05:00,36.22171364501502,36.703377181855075,36.21977252881106,36.68006896972656,822000,0.0,0.0,0.0
2022-02-10 00:00:00-05:00,35.945922440260325,36.85680601580723,35.724512952207235,35.96923065185547,606000,0.0,0.0,0.0
2022-02-11 00:00:00-05:00,35.94592250452496,36.22365399706259,34.80780609041159,34.988426208496094,948500,0.0,0.0,0.0
2022-02-14 00:00:00-05:00,34.95152127213761,35.16321773939211,34.39799948569035,34.710689544677734,1212000,0.0,0.0,0.0
2022-02-15 00:00:00-05:00,35.15157122738292,35.677902632128834,35.15157122738292,35.65459442138672,732000,0.0,0.0,0.0
2022-02-16 00:00:00-05:00,35.43900437475924,35.82938348097828,35.20788565963706,35.753639221191406,463500,0.0,0.0,0.0
2022-02-17 00:00:00-05:00,35.43318997934635,35.493397926430525,34.59028242458844,34.65243148803711,414500,0.0,0.0,0.0
2022-02-18 00:00:00-05:00,34.64271759584122,34.83887775077013,34.12415435508576,34.31448745727539,757500,0.0,0.0,0.0
2022-02-22 00:00:00-05:00,34.09695729757626,34.50287275027706,33.41525153004264,33.696868896484375,1029000,0.0,0.0,0.0
2022-02-23 00:00:00-05:00,34.07171922675005,34.18436695140972,32.78211041216887,32.838436126708984,1565500,0.0,0.0,0.0
2022-02-24 00:00:00-05:00,31.83238177303987,34.13775378736022,31.7721738265344,34.079490661621094,1244500,0.0,0.0,0.0
2022-02-25 00:00:00-05:00,34.209615663149116,34.90685798299594,33.914402985612675,34.89908981323242,635500,0.0,0.0,0.0
2022-02-28 00:00:00-05:00,34.47180294877596,35.0428021920827,34.310601423722524,34.82333755493164,646500,0.0,0.0,0.0
2022-03-01 00:00:00-05:00,34.776726352583154,34.84081651955722,33.83282536965378,34.08336639404297,800500,0.0,0.0,0.0
2022-03-02 00:00:00-05:00,34.32613597984267,34.984537265996266,34.16687557893842,34.817508697509766,1415000,0.0,0.0,0.0
2022-03-03 00:00:00-05:00,35.00784962603085,35.01950373222964,34.15523284569821,34.30866622924805,1292500,0.0,0.0,0.0
2022-03-04 00:00:00-05:00,34.06394838904037,34.211554718918244,33.45604561471876,33.811466217041016,1144500,0.0,0.0,0.0
2022-03-07 00:00:00-05:00,33.8134075537916,33.91634228036558,32.41115111522652,32.42086410522461,1088500,0.0,0.0,0.0
2022-03-08 00:00:00-05:00,32.41502833753611,33.22297700306408,32.117874639511356,32.380069732666016,1622000,0.0,0.0,0.0
2022-03-09 00:00:00-05:00,33.18802944717893,33.74155143287274,32.980218841287886,33.570640563964844,993500,0.0,0.0,0.0
2022-03-10 00:00:00-05:00,33.09480281714597,33.347284997944726,32.72966921216349,33.28125,503500,0.0,0.0,0.0
2022-03-11 00:00:00-05:00,33.59393556282865,33.59393556282865,32.52185063366844,32.547096252441406,638000,0.0,0.0,0.0
2022-03-14 00:00:00-04:00,32.54710150852966,32.92582659989938,31.968330323962352,32.0673828125,835500,0.0,0.0,0.0
2022-03-15 00:00:00-04:00,32.24218220889349,33.05984039791276,32.125652256908076,33.00740432739258,558000,0.0,0.0,0.0
2022-03-16 00:00:00-04:00,33.424973408785604,34.39024172665631,33.28708005161592,34.38441467285156,649000,0.0,0.0,0.0
2022-03-17 00:00:00-04:00,34.2018453629439,34.95929558180179,34.10473398589785,34.94181442260742,504000,0.0,0.0,0.0
2022-03-18 00:00:00-04:00,34.79615578324352,35.73228879041515,34.79615578324352,35.64683151245117,428000,0.0,0.0,0.0
2022-03-21 00:00:00-04:00,35.59787623834788,35.83483606889582,35.06763953416544,35.44832229614258,445500,0.0016,0.0,0.0
2022-03-22 00:00:00-04:00,35.504651784443965,36.12423560074216,35.504651784443965,36.04654312133789,450500,0.0,0.0,0.0
2022-03-23 00:00:00-04:00,35.755202666055354,35.90281540885471,35.261867291216035,35.27546310424805,720000,0.0,0.0,0.0
2022-03-24 00:00:00-04:00,35.47163106313478,35.99604415893555,35.252153154004134,35.99604415893555,328000,0.0,0.0,0.0
2022-03-25 00:00:00-04:00,35.992163949725175,36.04266110340016,35.355098141932274,35.77268600463867,825500,0.0,0.0,0.0
2022-03-28 00:00:00-04:00,35.72995829167997,36.15531467339651,35.54349927875914,36.13783645629883,374500,0.0,0.0,0.0
2022-03-29 00:00:00-04:00,36.582606812821666,36.98271640979964,36.27961651878039,36.89919662475586,806000,0.0,0.0,0.0
2022-03-30 00:00:00-04:00,36.784600937368765,36.784600937368765,36.08344228267311,36.24076843261719,128500,0.0,0.0,0.0
2022-03-31 00:00:00-04:00,36.300987808412025,36.39227241335228,35.66392195646767,35.69499969482422,330000,0.0,0.0,0.0
2022-04-01 00:00:00-04:00,35.80958483656691,35.84648616886155,35.27157593319512,35.53184127807617,315000,0.0,0.0,0.0
2022-04-04 00:00:00-04:00,35.62702187859223,36.046550986081726,35.601771446818496,36.032955169677734,339000,0.0,0.0,0.0
2022-04-05 00:00:00-04:00,35.93970930111418,35.97661433146361,35.09482416292483,35.2191276550293,193500,0.0,0.0,0.0
2022-04-06 00:00:00-04:00,34.770477848981386,34.873417061007295,34.263546592119766,34.64228820800781,1227500,0.0,0.0,0.0
2022-04-07 00:00:00-04:00,34.57042301457598,35.147278251034244,34.42281025174209,34.960819244384766,351000,0.0,0.0,0.0
2022-04-08 00:00:00-04:00,34.83651252576856,35.03462242379098,34.5781883621281,34.73162841796875,308000,0.0,0.0,0.0
2022-04-11 00:00:00-04:00,34.32763885313729,34.40533133919672,33.9042236951093,33.945011138916016,224500,0.0,0.0,0.0
2022-04-12 00:00:00-04:00,34.372307238622014,34.65393319681892,33.622592642785364,33.766319274902344,1870500,0.0,0.0,0.0
2022-04-13 00:00:00-04:00,33.78574469802432,34.47913489043395,33.772148884537486,34.39755630493164,337500,0.0,0.0,0.0
2022-04-14 00:00:00-04:00,34.4189353433435,34.48691443252944,33.6886398780306,33.700294494628906,187000,0.0,0.0,0.0
2022-04-18 00:00:00-04:00,33.60899691656828,33.86343125029992,33.40700092814279,33.694454193115234,343500,0.0,0.0,0.0
2022-04-19 00:00:00-04:00,33.634248648276895,34.48302016623119,33.634248648276895,34.42280960083008,1034500,0.0,0.0,0.0
2022-04-20 00:00:00-04:00,34.545163916083794,34.61897027897808,34.14117197278471,34.21886444091797,275000,0.0,0.0,0.0
2022-04-21 00:00:00-04:00,34.58790492706421,34.70249875308451,33.051570437149536,33.10789489746094,264500,0.0,0.0,0.0
2022-04-22 00:00:00-04:00,33.142858641083535,33.185590995752136,32.09791827833468,32.13676452636719,285000,0.0,0.0,0.0
2022-04-25 00:00:00-04:00,31.87843929228505,32.48830973678708,31.680329384004253,32.48054122924805,479000,0.0,0.0,0.0
2022-04-26 00:00:00-04:00,32.21445474832954,32.25718339539969,31.291876797886356,31.317127227783203,280500,0.0,0.0,0.0
2022-04-27 00:00:00-04:00,31.3384866286959,31.84735902557023,31.177278070187544,31.23360252380371,840000,0.0,0.0,0.0
2022-04-28 00:00:00-04:00,31.690034573401164,32.27077210567541,31.03937492637392,32.04352569580078,502500,0.0,0.0,0.0
2022-04-29 00:00:00-04:00,31.754133600902595,32.27660181700686,30.78688223879614,30.829612731933594,720000,0.0,0.0,0.0
2022-05-02 00:00:00-04:00,30.80630730805441,31.439486976720747,30.514967901538267,31.41617774963379,2281500,0.0,0.0,0.0
2022-05-03 00:00:00-04:00,31.451141727680962,31.969723873071462,31.39481356502907,31.792978286743164,1105000,0.0,0.0,0.0
2022-05-04 00:00:00-04:00,31.994974871715144,33.158395027467165,31.480275118620682,33.090415954589844,1129000,0.0,0.0,0.0
2022-05-05 00:00:00-04:00,32.700029928900236,32.773836331690596,31.326844819473497,31.680339813232422,766000,0.0,0.0,0.0
2022-05-06 00:00:00-04:00,31.536596521226265,31.61234409443659,30.662576514686204,31.23360252380371,2058500,0.0,0.0,0.0
2022-05-09 00:00:00-04:00,30.584886375225054,30.761633802679025,29.588504033511878,29.759422302246094,1250000,0.0,0.0,0.0
2022-05-10 00:00:00-04:00,30.42950666671674,30.553812047206236,29.345722082662324,29.97501564025879,2265000,0.0,0.0,0.0
2022-05-11 00:00:00-04:00,29.811865354046184,30.371238630417224,29.075746496591915,29.126245498657227,1402000,0.0,0.0,0.0
2022-05-12 00:00:00-04:00,28.78634915240646,29.716695538426155,28.588237391918558,29.36125946044922,1238500,0.0,0.0,0.0
2022-05-13 00:00:00-04:00,29.83905554340958,30.810189296791442,29.83905554340958,30.654808044433594,637000,0.0,0.0,0.0
2022-05-16 00:00:00-04:00,30.51108280064183,30.722790381511967,30.198379062048748,30.254703521728516,409500,0.0,0.0,0.0
2022-05-17 00:00:00-04:00,30.92867200961511,31.120958329510092,30.45281662123884,31.099590301513672,518000,0.0,0.0,0.0
2022-05-18 00:00:00-04:00,30.623734238267875,30.691713309241663,29.567139427932858,29.685619354248047,306500,0.0,0.0,0.0
2022-05-19 00:00:00-04:00,29.536060777313157,30.377063682421188,29.460313205982622,29.978899002075195,747000,0.0,0.0,0.0
2022-05-20 00:00:00-04:00,30.369299653224168,30.417857461125347,29.046615714026192,29.930347442626953,789500,0.0,0.0,0.0
2022-05-23 00:00:00-04:00,30.142047213237944,30.429502322669915,29.80409310807532,30.342100143432617,1328500,0.0,0.0,0.0
2022-05-24 00:00:00-04:00,29.91674769622697,29.95753513813047,29.235012092567384,29.633176803588867,961000,0.0,0.0,0.0
2022-05-25 00:00:00-04:00,29.559370468585318,30.410083147693303,29.559370468585318,30.19060707092285,870500,0.0,0.0,0.0
2022-05-26 00:00:00-04:00,30.279951698330787,31.289931723352158,30.26247163103055,31.157855987548828,322500,0.0,0.0,0.0
2022-05-27 00:00:00-04:00,31.406470076822007,32.24552821470002,31.406470076822007,32.24164581298828,758000,0.0,0.0,0.0
2022-05-31 00:00:00-04:00,32.24164677990171,32.26883841102652,31.74248400592085,31.868732452392578,1459500,0.0,0.0,0.0
2022-06-01 00:00:00-04:00,32.08626321496188,32.26689491081164,31.21612737639083,31.505525588989258,1990500,0.0,0.0,0.0
2022-06-02 00:00:00-04:00,31.443370577237484,32.52909826437539,31.429774762445483,32.5135612487793,1038000,0.0,0.0,0.0
2022-06-03 00:00:00-04:00,32.037700693338586,32.247465176133645,31.767725657608004,31.886201858520508,421500,0.0,0.0,0.0
2022-06-06 00:00:00-04:00,32.36011924390033,32.44752143441738,32.02605120108014,32.115394592285156,315500,0.0,0.0,0.0
2022-06-07 00:00:00-04:00,31.777440587356004,32.53298257151503,31.658960662388,32.49219512939453,340500,0.0,0.0,0.0
2022-06-08 00:00:00-04:00,32.36205967294492,32.50190019476471,31.98137322961751,32.055179595947266,315500,0.0,0.0,0.0
2022-06-09 00:00:00-04:00,31.92311385003239,32.12316496537355,31.289934158325195,31.289934158325195,268000,0.0,0.0,0.0
2022-06-10 00:00:00-04:00,30.70336451963255,30.810189827076165,30.07795524597168,30.07795524597168,391500,0.0,0.0,0.0
2022-06-13 00:00:00-04:00,29.0485544697409,29.2058769281095,28.326029583849515,28.444509506225586,346000,0.0,0.0,0.0
2022-06-14 00:00:00-04:00,28.71059918311818,28.794117120580808,28.29689745408165,28.56298828125,614500,0.0,0.0,0.0
2022-06-15 00:00:00-04:00,28.832963983806245,29.52635236904017,28.5862962720856,29.100996017456055,476000,0.0,0.0,0.0
2022-06-16 00:00:00-04:00,28.302721769290848,28.327972195728893,27.420933238106002,27.68313980102539,466000,0.0,0.0,0.0
2022-06-17 00:00:00-04:00,27.725871472318993,28.15317089722396,27.483088002851083,27.824928283691406,554500,0.0,0.0,0.0
2022-06-21 00:00:00-04:00,28.34460259256455,28.83313564525133,28.34460259256455,28.537290573120117,529500,0.06,0.0,0.0
2022-06-22 00:00:00-04:00,28.06627422194676,28.835078961242857,28.06627422194676,28.492523193359375,519000,0.0,0.0,0.0
2022-06-23 00:00:00-04:00,28.694944261070585,29.09978409340791,28.469168057945698,29.019983291625977,672500,0.0,0.0,0.0
2022-06-24 00:00:00-04:00,29.368377343076357,29.92503208854297,29.31971949678564,29.913354873657227,1277000,0.0,0.0,0.0
2022-06-27 00:00:00-04:00,30.03986879850663,30.16443504817398,29.72650697170111,29.91724967956543,270000,0.0,0.0,0.0
2022-06-28 00:00:00-04:00,30.03986507077192,30.236445434064443,29.105621098466873,29.148439407348633,555000,0.0,0.0,0.0
2022-06-29 00:00:00-04:00,29.074472523928858,29.09393640029811,28.726077304099913,28.942121505737305,1015500,0.0,0.0,0.0
2022-06-30 00:00:00-04:00,28.548970413275452,29.066697447259376,28.255072463942685,28.73581886291504,694500,0.0,0.0,0.0
2022-07-01 00:00:00-04:00,28.599571257060038,28.975215232747868,28.416615239233494,28.866220474243164,602000,0.0,0.0,0.0
2022-07-05 00:00:00-04:00,28.354332037119224,29.091995665609886,28.142180192881938,29.080318450927734,1363000,0.0,0.0,0.0
2022-07-06 00:00:00-04:00,29.0783704325742,29.42287331358002,28.854541380488683,29.206829071044922,655500,0.0,0.0,0.0
2022-07-07 00:00:00-04:00,29.481262417612946,30.11187648521452,29.481262417612946,30.07489585876465,532000,0.0,0.0,0.0
2022-07-08 00:00:00-04:00,29.870530526863536,30.322082850460205,29.74401717432643,30.19167709350586,640500,0.0,0.0,0.0
2022-07-11 00:00:00-04:00,29.895833897882685,30.01066818795915,29.592205916958783,29.65838050842285,505500,0.0,0.0,0.0
2022-07-12 00:00:00-04:00,29.605830184916716,29.86469272739121,28.97910663288622,29.12508201599121,515500,0.0,0.0,0.0
2022-07-13 00:00:00-04:00,28.574267788606594,29.311933249975407,28.48862931510895,29.014141082763672,796000,0.0,0.0,0.0
2022-07-14 00:00:00-04:00,28.63460924877213,28.955755895592812,28.231716520247645,28.87206268310547,220500,0.0,0.0,0.0
2022-07-15 00:00:00-04:00,29.200989836580167,29.52797409441408,28.996622819256302,29.52018928527832,281500,0.0,0.0,0.0
2022-07-18 00:00:00-04:00,29.919189521586045,30.043755748635487,29.33723327474211,29.44622802734375,146000,0.0,0.0,0.0
2022-07-19 00:00:00-04:00,29.790735729037113,30.4310837169422,29.701204840907838,30.401887893676758,142000,0.0,0.0,0.0
2022-07-20 00:00:00-04:00,30.42912941885918,31.02470996623633,30.3921487939047,30.952695846557617,1149000,0.0,0.0,0.0
2022-07-21 00:00:00-04:00,30.870953873900064,31.26605987548828,30.621821405041814,31.26605987548828,574500,0.0,0.0,0.0
2022-07-22 00:00:00-04:00,31.238811617546915,31.36921924524257,30.487523651966534,30.647125244140625,943000,0.0,0.0,0.0
2022-07-25 00:00:00-04:00,30.64517384353552,30.697725942158602,30.380471788709198,30.6879940032959,499500,0.0,0.0,0.0
2022-07-26 00:00:00-04:00,30.543970429980895,30.543970429980895,30.014564351086683,30.102149963378906,90500,0.0,0.0,0.0
2022-07-27 00:00:00-04:00,30.493361968565864,31.338075041542243,30.493361968565864,31.199886322021484,278500,0.0,0.0,0.0
2022-07-28 00:00:00-04:00,31.34196799873738,31.94727866784304,31.046122979986617,31.90056610107422,293500,0.0,0.0,0.0
2022-07-29 00:00:00-04:00,31.873320817030933,32.48447479864991,31.873320817030933,32.42997741699219,379500,0.0,0.0,0.0
2022-08-01 00:00:00-04:00,32.235338748365436,32.69856644113018,32.05627329107654,32.43191909790039,900500,0.0,0.0,0.0
2022-08-02 00:00:00-04:00,32.250913682668354,32.84065482848591,32.13023984180352,32.443603515625,577500,0.0,0.0,0.0
2022-08-03 00:00:00-04:00,32.620718271837866,33.03139762125242,32.507829247328516,32.934078216552734,2358000,0.0,0.0,0.0
2022-08-04 00:00:00-04:00,32.8503857292592,33.07810904475998,32.6713202582413,33.013877868652344,753000,0.0,0.0,0.0
2022-08-05 00:00:00-04:00,32.58179087596245,33.10146499459379,32.56622125597787,32.996360778808594,385000,0.0,0.0,0.0
2022-08-08 00:00:00-04:00,33.06253128922414,33.32139752098142,32.85232660779418,32.94964599609375,246000,0.0,0.0,0.0
2022-08-09 00:00:00-04:00,32.70051680079781,32.70440734930239,32.24117963708605,32.35406494140625,235000,0.0,0.0,0.0
2022-08-10 00:00:00-04:00,33.07226510570901,33.508244086037955,32.95743082608949,33.482940673828125,265500,0.0,0.0,0.0
2022-08-11 00:00:00-04:00,33.73985824569085,34.035703249407135,33.43623214565636,33.48488998413086,919500,0.0,0.0,0.0
2022-08-12 00:00:00-04:00,33.70677384818835,34.14664709470065,33.5569023594008,34.13691329956055,956000,0.0,0.0,0.0
2022-08-15 00:00:00-04:00,33.96369684510522,34.36464240362408,33.92671435708206,34.300411224365234,197000,0.0,0.0,0.0
2022-08-16 00:00:00-04:00,34.13691658624639,34.34517601650516,33.969530189858986,34.1622200012207,326000,0.0,0.0,0.0
2022-08-17 00:00:00-04:00,33.761276008207304,33.9792655321071,33.57637099788031,33.730133056640625,237000,0.0,0.0,0.0
2022-08-18 00:00:00-04:00,33.804091490307954,33.98315323785832,33.69315146327733,33.88583755493164,465000,0.0,0.0,0.0
2022-08-19 00:00:00-04:00,33.54327818447634,33.55106670556957,33.08589004418397,33.16179656982422,214500,0.0,0.0,0.0
2022-08-22 00:00:00-04:00,32.64213115677596,32.72387723865038,32.375483753379314,32.45917510986328,795000,0.0,0.0,0.0
2022-08-23 00:00:00-04:00,32.48252037230376,32.772525838569784,32.3968837653858,32.447486877441406,139000,0.0,0.0,0.0
2022-08-24 00:00:00-04:00,32.44554353240467,32.73554901591273,32.43386446263783,32.5506477355957,240000,0.0,0.0,0.0
2022-08-25 00:00:00-04:00,32.75501154250697,33.16179656982422,32.67910501686672,33.16179656982422,560000,0.0,0.0,0.0
2022-08-26 00:00:00-04:00,33.15985032541048,33.18515002498015,31.832442096998253,31.838281631469727,297000,0.0,0.0,0.0
2022-08-29 00:00:00-04:00,31.5288142468927,31.84801740210181,31.48015640641859,31.51324462890625,1332000,0.0,0.0,0.0
2022-08-30 00:00:00-04:00,31.657275105636288,31.657275105636288,30.91182669097411,31.190153121948242,151500,0.0,0.0,0.0
2022-08-31 00:00:00-04:00,31.324452848865366,31.400359386103258,30.921560164359818,30.979949951171875,572000,0.0,0.0,0.0
2022-09-01 00:00:00-04:00,30.592625424996594,30.88652331393297,30.199462867449117,30.8651123046875,190500,0.0,0.0,0.0
2022-09-02 00:00:00-04:00,31.24465247398935,31.371165846004455,30.506988822290012,30.627662658691406,259500,0.0,0.0,0.0
2022-09-06 00:00:00-04:00,30.728867598198512,30.843701880242683,30.20140875290707,30.5147705078125,272000,0.0,0.0,0.0
2022-09-07 00:00:00-04:00,30.481682728469664,31.33612768448396,30.471950789286733,31.258272171020508,171500,0.0,0.0,0.0
2022-09-08 00:00:00-04:00,31.063637647440775,31.842176043683473,31.024709892348753,31.824657440185547,518500,0.0,0.0,0.0
2022-09-09 00:00:00-04:00,32.10882674082113,32.416350841034124,32.06016889802565,32.35406494140625,76500,0.0,0.0,0.0
2022-09-12 00:00:00-04:00,32.41829423738342,32.65769288898851,32.367687410911714,32.60514450073242,149000,0.0,0.0,0.0
2022-09-13 00:00:00-04:00,31.65727736173513,31.766272127794448,30.989682563443907,31.088945388793945,242500,0.0,0.0,0.0
2022-09-14 00:00:00-04:00,31.201826492794524,31.425655503735936,30.991621824150805,31.338069915771484,317000,0.0,0.0,0.0
2022-09-15 00:00:00-04:00,31.108408258975757,31.34975592589353,30.7327642694624,30.888471603393555,137000,0.0,0.0,0.0
2022-09-16 00:00:00-04:00,30.45248832322265,30.606250370795376,30.22087447093113,30.58873176574707,143500,0.0,0.0,0.0
2022-09-19 00:00:00-04:00,30.22205488463437,30.61624644903671,30.22205488463437,30.588926315307617,222500,0.0822,0.0,0.0
2022-09-20 00:00:00-04:00,30.300115103094868,30.31182293518343,29.9215339498945,30.089357376098633,295500,0.0,0.0,0.0
2022-09-21 00:00:00-04:00,30.27474177690438,30.71576837139862,29.66003693009142,29.6619873046875,666000,0.0,0.0,0.0
2022-09-22 00:00:00-04:00,29.58002735054578,29.589784806806016,28.908729992615264,28.965322494506836,683500,0.0,0.0,0.0
2022-09-23 00:00:00-04:00,28.594546994087814,28.61991675292226,28.106685340632865,28.51258659362793,719500,0.0,0.0,0.0
2022-09-26 00:00:00-04:00,28.41696741308957,28.83262428025469,28.13010413744685,28.173036575317383,740000,0.0,0.0,0.0
2022-09-27 00:00:00-04:00,28.58088767318635,28.760420781231193,28.06765810854832,28.295976638793945,815000,0.0,0.0,0.0
2022-09-28 00:00:00-04:00,28.44233766340999,29.226820136287976,28.39550261114194,29.09021759033203,489000,0.0,0.0,0.0
2022-09-29 00:00:00-04:00,28.740904397790842,28.750661853940805,28.204257336854294,28.506731033325195,337000,0.0,0.0,0.0
2022-09-30 00:00:00-04:00,28.415016452360934,28.89702330322356,28.188648282318404,28.210115432739258,253500,0.0,0.0,0.0
2022-10-03 00:00:00-04:00,28.506735749998523,29.291218232645303,28.506735749998523,29.103878021240234,442500,0.0,0.0,0.0
2022-10-04 00:00:00-04:00,29.736144331111102,30.1557056648672,29.736144331111102,30.10692024230957,1047500,0.0,0.0,0.0
2022-10-05 00:00:00-04:00,29.665892852603452,30.222056739897006,29.388788887918256,30.03666877746582,734500,0.0,0.0,0.0
2022-10-06 00:00:00-04:00,29.90006515575708,30.192783274415252,29.79273685385587,29.86298942565918,302500,0.0,0.0,0.0
2022-10-07 00:00:00-04:00,29.500020220780637,29.529292592433947,28.742859778919478,28.898975372314453,241000,0.0,0.0,0.0
2022-10-10 00:00:00-04:00,28.965328059522548,28.990695961837424,28.37013614060727,28.571134567260742,221000,0.0,0.0,0.0
2022-10-11 00:00:00-04:00,28.295979932582423,28.666754023184144,27.952525979360466,28.15352439880371,229000,0.0,0.0,0.0
2022-10-12 00:00:00-04:00,28.219872841253714,28.282318334446323,28.05009531823165,28.055950164794922,189500,0.0,0.0,0.0
2022-10-13 00:00:00-04:00,27.26561482323386,28.783840189596845,27.072421635439945,28.651142120361328,549000,0.0,0.0,0.0
2022-10-14 00:00:00-04:00,28.838480157260843,28.863849918150706,27.60711809281395,27.640291213989258,194000,0.0,0.0,0.0
2022-10-17 00:00:00-04:00,28.21596868848706,28.608209913856044,28.21596868848706,28.446239471435547,219500,0.0,0.0,0.0
2022-10-18 00:00:00-04:00,29.107782009818557,29.139004757519324,28.39940696507954,28.717491149902344,166000,0.0,0.0,0.0
2022-10-19 00:00:00-04:00,28.47356301718574,28.551620824428216,28.054003466410514,28.23548698425293,538000,0.0,0.0,0.0
2022-10-20 00:00:00-04:00,28.237435613288454,28.573084327659355,27.91349473103814,27.98764991760254,336500,0.0,0.0,0.0
2022-10-21 00:00:00-04:00,27.89202821764953,28.674558391898366,27.765183139497108,28.635528564453125,309000,0.0,0.0,0.0
2022-10-24 00:00:00-04:00,28.75651666836975,29.18778580787702,28.51844069391355,29.084360122680664,196500,0.0,0.0,0.0
2022-10-25 00:00:00-04:00,29.14485842580773,29.839573374021334,29.139003579274096,29.806398391723633,274000,0.0,0.0,0.0
2022-10-26 00:00:00-04:00,29.691259768676993,30.42890707606439,29.640522113348524,29.85908317565918,379500,0.0,0.0,0.0
2022-10-27 00:00:00-04:00,30.190830951184672,30.27669582571037,29.753706940749225,29.79859161376953,399000,0.0,0.0,0.0
2022-10-28 00:00:00-04:00,29.900065499514746,30.553800219342627,29.751756994284328,30.54014015197754,248000,0.0,0.0,0.0
2022-10-31 00:00:00-04:00,30.288404284591905,30.561607494665598,30.282549438242825,30.425004959106445,319000,0.0,0.0,0.0
2022-11-01 00:00:00-04:00,30.778219915425787,30.778219915425787,30.364513397216797,30.364513397216797,171000,0.0,0.0,0.0
2022-11-02 00:00:00-04:00,30.286456440934508,30.534289911570482,29.234625576135247,29.240480422973633,885000,0.0,0.0,0.0
2022-11-03 00:00:00-04:00,28.748711170539448,29.279503379875738,28.621866102996908,29.002399444580078,187000,0.0,0.0,0.0
2022-11-04 00:00:00-04:00,29.529293424210515,29.56832325418098,28.848238524001573,29.388790130615234,672500,0.0,0.0,0.0
2022-11-07 00:00:00-05:00,29.554663358018153,29.743952079134157,29.219012773660534,29.693214416503906,292500,0.0,0.0,0.0
2022-11-08 00:00:00-05:00,29.82786503623027,30.26889170021295,29.53319651492577,29.929340362548828,492500,0.0,0.0,0.0
2022-11-09 00:00:00-05:00,29.665891092758855,29.86493911108519,29.20925403918811,29.236574172973633,621500,0.0,0.0,0.0
2022-11-10 00:00:00-05:00,30.456231396126807,31.348040305667816,30.456231396126807,31.289499282836914,1333500,0.0,0.0,0.0
2022-11-11 00:00:00-05:00,31.35389365733848,31.87102957425297,31.297303012076473,31.744184494018555,1652000,0.0,0.0,0.0
2022-11-14 00:00:00-05:00,31.646608176783737,32.01348332961287,31.515862354211993,31.517812728881836,373500,0.0,0.0,0.0
2022-11-15 00:00:00-05:00,32.19302593533775,32.27889083827274,31.74028947218387,32.03105545043945,380500,0.0,0.0,0.0
2022-11-16 00:00:00-05:00,31.808579535309228,31.831998920388912,31.418292430843163,31.498302459716797,314500,0.0,0.0,0.0
2022-11-17 00:00:00-05:00,30.95774852601562,31.293395335749125,30.813340782348885,31.17630958557129,442500,0.0,0.0,0.0
2022-11-18 00:00:00-05:00,31.467079120769323,31.511963795920035,30.83285929364492,31.18021583557129,718000,0.0,0.0,0.0
2022-11-21 00:00:00-05:00,30.89335387728064,30.95189675819133,30.66503347795308,30.883596420288086,258500,0.0,0.0,0.0
2022-11-22 00:00:00-05:00,30.99092549619816,31.383168577297482,30.838714374252145,31.351943969726562,253000,0.0,0.0,0.0
2022-11-23 00:00:00-05:00,31.297303990945707,31.62319524926791,31.297303990945707,31.54513931274414,195000,0.0,0.0,0.0
2022-11-25 00:00:00-05:00,31.488550530166357,31.56661020262847,31.426105025450692,31.459280014038086,320000,0.0,0.0,0.0
2022-11-28 00:00:00-05:00,31.170459126936965,31.309013905327266,30.85432532370819,30.942140579223633,78500,0.0,0.0,0.0
2022-11-29 00:00:00-05:00,31.000683192095153,31.05922793595783,30.743092274442386,30.860179901123047,257000,0.0,0.0,0.0
2022-11-30 00:00:00-05:00,30.93043039544604,32.01543426513672,30.713819696448706,32.01543426513672,1573500,0.0,0.0,0.0
2022-12-01 00:00:00-05:00,32.16569481291775,32.323760771057,31.851513271331704,32.13056945800781,1166500,0.0,0.0,0.0
2022-12-02 00:00:00-05:00,31.603680626618253,32.11691209268254,31.603680626618253,32.046661376953125,766000,0.0,0.0,0.0
2022-12-05 00:00:00-05:00,31.798826412047013,31.798826412047013,31.14899425689682,31.285594940185547,263000,0.0,0.0,0.0
2022-12-06 00:00:00-05:00,31.067030337205672,31.067030337205672,30.245470372274184,30.46013069152832,796500,0.0,0.0,0.0
2022-12-07 00:00:00-05:00,30.309871356244006,30.66503499192033,30.309871356244006,30.450376510620117,872000,0.0,0.0,0.0
2022-12-08 00:00:00-05:00,30.676744088036266,30.936285379829208,30.489403885848937,30.7957820892334,181500,0.0,0.0,0.0
2022-12-09 00:00:00-05:00,30.622107894669796,30.815301108123567,30.45818519592285,30.45818519592285,187500,0.0,0.0,0.0
2022-12-12 00:00:00-05:00,30.452324952166162,30.836760935858724,30.417199596324494,30.827003479003906,158000,0.0,0.0,0.0
2022-12-13 00:00:00-05:00,31.94713260210166,32.142278004978586,31.174359933263776,31.447561264038086,418000,0.0,0.0,0.0
2022-12-14 00:00:00-05:00,31.422197165087596,31.77541230617837,31.05532567708741,31.250471115112305,384500,0.0,0.0,0.0
2022-12-15 00:00:00-05:00,30.741144362656573,30.746997348676043,30.233767708129367,30.31768035888672,275500,0.0,0.0,0.0
2022-12-16 00:00:00-05:00,30.019108788589023,30.18498185172093,29.720535786115736,29.84152603149414,307500,0.0,0.0,0.0
2022-12-19 00:00:00-05:00,29.89024420839012,29.97438188267164,29.40107420047566,29.561521530151367,642000,0.0818,0.0,0.0
2022-12-20 00:00:00-05:00,29.46955821329213,29.87067747744465,29.46955821329213,29.716100692749023,533500,0.0,0.0,0.0
2022-12-21 00:00:00-05:00,30.050691996061477,30.30897370446359,29.864806867731012,30.26005744934082,282000,0.0,0.0,0.0
2022-12-22 00:00:00-05:00,30.070259844844397,30.070259844844397,29.260195149060458,29.714143753051758,589500,0.0,0.0,0.0
2022-12-23 00:00:00-05:00,29.810019407248976,30.04482078552246,29.63196230185311,30.04482078552246,386500,0.0,0.0,0.0
2022-12-27 00:00:00-05:00,30.083958182547654,30.148528614450203,29.880463261880752,29.966556549072266,808000,0.0,0.0,0.0
2022-12-28 00:00:00-05:00,29.933295214533512,29.978298397646764,29.348246369918424,29.393251419067383,886500,0.0,0.0,0.0
2022-12-29 00:00:00-05:00,29.49304022388424,29.78849897545152,29.49304022388424,29.682838439941406,264000,0.0,0.0,0.0
2022-12-30 00:00:00-05:00,29.500863713132585,29.66718158783025,29.385419563236976,29.665225982666016,404000,0.0,0.0,0.0
2023-01-03 00:00:00-05:00,29.673053972916822,29.714144076335845,28.837551471325526,29.06061363220215,731000,0.0,0.0,0.0
2023-01-04 00:00:00-05:00,29.027351242772696,29.389337905830708,28.93342993503024,29.211278915405273,1785500,0.0,0.0,0.0
2023-01-05 00:00:00-05:00,29.02734441289261,29.266058836862314,28.917770823665236,29.099740982055664,942500,0.0,0.0,0.0
2023-01-06 00:00:00-05:00,29.40498925236949,29.841329958794752,29.31302541905787,29.778715133666992,543000,0.0,0.0,0.0
2023-01-09 00:00:00-05:00,29.97242432244659,30.13482912287079,29.720013166386977,29.731752395629883,613500,0.0,0.0,0.0
2023-01-10 00:00:00-05:00,29.714143100798662,29.9156805346709,29.622179272446434,29.900028228759766,176000,0.0,0.0,0.0
2023-01-11 00:00:00-05:00,30.025256336547116,30.148526644113282,29.886331856862082,30.13678741455078,244500,0.0,0.0,0.0
2023-01-12 00:00:00-05:00,30.26788298323621,30.532035233981656,30.019384904148342,30.4322452545166,460000,0.0,0.0,0.0
2023-01-13 00:00:00-05:00,30.242449860977324,30.55356092350486,30.16809580426366,30.510515213012695,608500,0.0,0.0,0.0
2023-01-17 00:00:00-05:00,30.555515136622876,30.764878716694216,30.457680763693475,30.494857788085938,229500,0.0,0.0,0.0
2023-01-18 00:00:00-05:00,30.645522326192356,30.870541949874518,30.08982628238639,30.097652435302734,952000,0.0,0.0,0.0
2023-01-19 00:00:00-05:00,29.94698842670303,30.123089927794773,29.72001320009668,29.976337432861328,616000,0.0,0.0,0.0
2023-01-20 00:00:00-05:00,30.040908282052573,30.328540862290073,29.86089370200618,30.3011474609375,410000,0.0,0.0,0.0
2023-01-23 00:00:00-05:00,30.397027505730104,30.727707693410906,30.397027505730104,30.61617660522461,196000,0.0,0.0,0.0
2023-01-24 00:00:00-05:00,30.500734426576546,30.500734426576546,30.19549201777743,30.459644317626953,489500,0.0,0.0,0.0
2023-01-25 00:00:00-05:00,30.23070843465109,30.53203773498535,30.036997141443845,30.53203773498535,253000,0.0,0.0,0.0
2023-01-26 00:00:00-05:00,30.80597393007679,31.03294731066806,30.48703484837349,31.02707862854004,752500,0.0,0.0,0.0
2023-01-27 00:00:00-05:00,30.86271357121111,31.120995274795153,30.74335634346824,30.778575897216797,153000,0.0,0.0,0.0
2023-01-30 00:00:00-05:00,30.537903495817726,30.729657287583844,30.316798834153897,30.338321685791016,650500,0.0,0.0,0.0
2023-01-31 00:00:00-05:00,30.32267258077468,30.768796920776367,30.32267258077468,30.768796920776367,431500,0.0,0.0,0.0
2023-02-01 00:00:00-05:00,30.647481725093257,31.079907490505605,30.314845946765107,30.858802795410156,832500,0.0,0.0,0.0
2023-02-02 00:00:00-05:00,30.882278604715925,30.882278604715925,30.42441510864103,30.670957565307617,1165000,0.0,0.0,0.0
2023-02-03 00:00:00-05:00,30.5379117955529,30.921421349352475,30.492906742937652,30.539867401123047,526000,0.0,0.0,0.0
2023-02-06 00:00:00-05:00,30.445943170963037,30.555516778836004,30.26397111557209,30.359848022460938,524000,0.0,0.0,0.0
2023-02-07 00:00:00-05:00,30.379414410154794,30.837277943548013,30.166135882279498,30.770750045776367,218500,0.0,0.0,0.0
2023-02-08 00:00:00-05:00,30.76683390225643,30.77466005437804,30.477245747368336,30.530075073242188,181000,0.0,0.0,0.0
2023-02-09 00:00:00-05:00,30.737487548269602,30.780535123333042,30.29919124247063,30.357892990112305,202500,0.0,0.0,0.0
2023-02-10 00:00:00-05:00,30.459639336365377,30.886194530671563,30.459639336365377,30.878368377685547,439500,0.0,0.0,0.0
2023-02-13 00:00:00-05:00,30.872499020971073,31.030990754283295,30.729661460270336,30.962507247924805,166500,0.0,0.0,0.0
2023-02-14 00:00:00-05:00,30.8196710665153,31.230573989091233,30.764882392940923,31.066211700439453,1532000,0.0,0.0,0.0
2023-02-15 00:00:00-05:00,30.800101520314158,30.90576205069574,30.571168816124455,30.884239196777344,216500,0.0,0.0,0.0
2023-02-16 00:00:00-05:00,30.61617236603792,30.92532778902927,30.535947770020144,30.549644470214844,286000,0.0,0.0,0.0
2023-02-17 00:00:00-05:00,30.336367580225172,30.336367580225172,30.035040159734955,30.156352996826172,195000,0.0,0.0,0.0
2023-02-21 00:00:00-05:00,29.943073669123407,30.06829957163422,29.7219671365415,29.737621307373047,213500,0.0,0.0,0.0
2023-02-22 00:00:00-05:00,29.813933540779654,29.964597241257614,29.641745121636678,29.782625198364258,216500,0.0,0.0,0.0
2023-02-23 00:00:00-05:00,30.035041871441482,30.093741755059042,29.67696828949235,30.007648468017578,199500,0.0,0.0,0.0
2023-02-24 00:00:00-05:00,29.667181262110955,29.85110891144469,29.56543381362394,29.815889358520508,142500,0.0,0.0,0.0
2023-02-27 00:00:00-05:00,30.00764363614935,30.138740083987113,29.915677949708204,29.97046661376953,208500,0.0,0.0,0.0
2023-02-28 00:00:00-05:00,29.93720525441495,30.09373950973973,29.77088737487793,29.77088737487793,107000,0.0,0.0,0.0
2023-03-01 00:00:00-05:00,29.76697595095366,30.08004447898364,29.739582548052816,30.00960350036621,110000,0.0,0.0,0.0
2023-03-02 00:00:00-05:00,29.874590817978195,30.471378840373333,29.8413287344702,30.36767578125,176500,0.0,0.0,0.0
2023-03-03 00:00:00-05:00,30.31288651238315,30.83336486709712,30.31288651238315,30.770750045776367,105500,0.0,0.0,0.0
2023-03-06 00:00:00-05:00,30.674877294419737,30.770754211570782,30.57704290576049,30.62009048461914,254500,0.0,0.0,0.0
2023-03-07 00:00:00-05:00,30.559428599881226,30.56725475268332,30.144612644802695,30.187660217285156,134500,0.0,0.0,0.0
2023-03-08 00:00:00-05:00,30.15439796447754,30.32071585010506,29.95090305189631,30.15439796447754,468000,0.0,0.0,0.0
2023-03-09 00:00:00-05:00,30.218968710445,30.422463625158425,29.540000459629173,29.616310119628906,707500,0.0,0.0,0.0
2023-03-10 00:00:00-05:00,29.571303046928122,29.710227513343508,28.888421809327767,28.984298706054688,451500,0.0,0.0,0.0
2023-03-13 00:00:00-04:00,28.55970099952993,29.144749773142866,28.412950371340017,28.739715576171875,355000,0.0,0.0,0.0
2023-03-14 00:00:00-04:00,29.01169780085424,29.318897664152207,28.628188272618523,28.998001098632812,135000,0.0,0.0,0.0
2023-03-15 00:00:00-04:00,28.340552695918547,28.340552695918547,27.72419746892758,28.084226608276367,578000,0.0,0.0,0.0
2023-03-16 00:00:00-04:00,27.765288355942538,28.526438621921162,27.7574622032238,28.502958297729492,575000,0.0,0.0,0.0
2023-03-17 00:00:00-04:00,28.37186294097357,28.37186294097357,27.912043765082352,27.996179580688477,259000,0.0,0.0,0.0
2023-03-20 00:00:00-04:00,28.05971238105381,28.596711656148553,28.05971238105381,28.49835968017578,3370000,0.1506,0.0,0.0
2023-03-21 00:00:00-04:00,28.818986661958252,29.157316040107887,28.818986661958252,29.06683349609375,1825000,0.0,0.0,0.0
2023-03-22 00:00:00-04:00,29.09634005691855,29.1533845462122,28.453121185302734,28.453121185302734,343000,0.0,0.0,0.0
2023-03-23 00:00:00-04:00,28.71867021123374,28.938976852112486,28.17970307064389,28.4019775390625,388000,0.0,0.0,0.0
2023-03-24 00:00:00-04:00,28.195437784621376,28.567207111702402,27.96136198203096,28.531801223754883,617500,0.0,0.0,0.0
2023-03-27 00:00:00-04:00,28.716703320573796,28.952746961748232,28.53573634141592,28.799318313598633,347500,0.0,0.0,0.0
2023-03-28 00:00:00-04:00,28.761943995201555,28.96454957013685,28.761943995201555,28.86619758605957,173000,0.0,0.0,0.0
2023-03-29 00:00:00-04:00,29.121911894840217,29.241900602159646,29.072734965015492,29.21829605102539,241500,0.0,0.0,0.0
2023-03-30 00:00:00-04:00,29.462206563684653,29.462206563684653,29.247801532693433,29.354021072387695,346500,0.0,0.0,0.0
2023-03-31 00:00:00-04:00,29.466141042189964,29.741526221653558,29.466141042189964,29.729724884033203,164500,0.0,0.0,0.0
2023-04-03 00:00:00-04:00,30.111325323002067,30.278523119328664,29.997238231492066,30.211645126342773,496000,0.0,0.0,0.0
2023-04-04 00:00:00-04:00,30.30606736128459,30.30606736128459,29.643177652917107,29.832014083862305,610500,0.0,0.0,0.0
2023-04-05 00:00:00-04:00,29.81233867184983,29.851678338237956,29.609734981567215,29.8359432220459,458500,0.0,0.0,0.0
2023-04-06 00:00:00-04:00,29.745458377070708,29.790701525249084,29.60776673280946,29.710052490234375,124500,0.0,0.0,0.0
2023-04-10 00:00:00-04:00,29.72185429854255,30.064119338989258,29.72185429854255,30.064119338989258,278000,0.0,0.0,0.0
2023-04-11 00:00:00-04:00,30.146738156848564,30.376880205988655,30.134934942277763,30.278528213500977,323000,0.0,0.0,0.0
2023-04-12 00:00:00-04:00,30.44375928773596,30.51063729021976,30.225418582984506,30.25492286682129,482500,0.0,0.0,0.0
2023-04-13 00:00:00-04:00,30.319831390054055,30.57554578370212,30.319831390054055,30.532272338867188,164500,0.0,0.0,0.0
2023-04-14 00:00:00-04:00,30.532273735808804,30.709306929965557,30.359174320825392,30.488998413085938,268500,0.0,0.0,0.0
2023-04-17 00:00:00-04:00,30.504737904605506,30.585385074035685,30.31000175026209,30.435890197753906,307500,0.0,0.0,0.0
2023-04-18 00:00:00-04:00,30.51260382243688,30.51260382243688,30.33163684401569,30.45752716064453,137000,0.0,0.0,0.0
2023-04-19 00:00:00-04:00,30.21164673369586,30.300163329160945,30.099525587712893,30.245086669921875,212000,0.0,0.0,0.0
2023-04-20 00:00:00-04:00,30.050349967666435,30.329667037689337,30.050349967666435,30.256887435913086,137000,0.0,0.0,0.0
2023-04-21 00:00:00-04:00,30.29426430459807,30.29426430459807,30.01297937782174,30.123132705688477,157000,0.0,0.0,0.0
2023-04-24 00:00:00-04:00,30.097556017141624,30.3709733459055,30.097556017141624,30.349336624145508,181500,0.0,0.0,0.0
2023-04-25 00:00:00-04:00,30.134933376564693,30.134933376564693,29.71792275095535,29.733659744262695,392500,0.0,0.0,0.0
2023-04-26 00:00:00-04:00,29.49761416027949,29.51531710414349,29.16715232982206,29.235998153686523,310000,0.0,0.0,0.0
2023-04-27 00:00:00-04:00,29.332384078903715,29.651044591336326,29.235999919671432,29.615636825561523,1761000,0.0,0.0,0.0
2023-04-28 00:00:00-04:00,29.55269089773964,30.005107384853275,29.55269089773964,29.975603103637695,296500,0.0,0.0,0.0
2023-05-01 00:00:00-04:00,29.90282180344849,30.140833261641642,29.887086686948198,30.052316665649414,137500,0.0,0.0,0.0
2023-05-02 00:00:00-04:00,29.84381174769646,29.84381174769646,29.114042247252694,29.41106414794922,504000,0.0,0.0,0.0
2023-05-03 00:00:00-04:00,29.34025645107024,29.5408923482803,29.17502457136346,29.19076156616211,136000,0.0,0.0,0.0
2023-05-04 00:00:00-04:00,29.149453206543317,29.171089932334333,28.716705559365234,28.73834228515625,241500,0.0,0.0,0.0
2023-05-05 00:00:00-04:00,29.098307489560323,29.456307661664926,29.098307489560323,29.322547912597656,162000,0.0,0.0,0.0
2023-05-08 00:00:00-04:00,29.495647984416596,29.550724646592236,29.194692294152212,29.241901397705078,219500,0.0,0.0,0.0
2023-05-09 00:00:00-04:00,29.15731622253759,29.26353575900084,29.106173343802848,29.14354705810547,88500,0.0,0.0,0.0
2023-05-10 00:00:00-04:00,29.326482256595735,29.326482256595735,28.828822626791236,29.013723373413086,246500,0.0,0.0,0.0
2023-05-11 00:00:00-04:00,28.828823014461516,28.90750422420776,28.720635647594932,28.897668838500977,192500,0.0,0.0,0.0
2023-05-12 00:00:00-04:00,29.007824261923062,29.110110029606368,28.801286774817246,28.988155364990234,241000,0.0,0.0,0.0
2023-05-15 00:00:00-04:00,29.02552246401236,29.133709821050527,28.917336982882034,29.088468551635742,228500,0.0,0.0,0.0
2023-05-16 00:00:00-04:00,28.994055229484445,28.994055229484445,28.58687998452564,28.59474754333496,608000,0.0,0.0,0.0
2023-05-17 00:00:00-04:00,28.740305130109768,28.95667797823139,28.55540438929363,28.817018508911133,184000,0.0,0.0,0.0
2023-05-18 00:00:00-04:00,28.76194596933677,29.04913250693658,28.71867251906274,29.025527954101562,265000,0.0,0.0,0.0
2023-05-19 00:00:00-04:00,29.161252514325184,29.273373666894404,28.97241797499752,29.076669692993164,221000,0.0,0.0,0.0
2023-05-22 00:00:00-04:00,29.094372861718007,29.235998289194473,28.972416329788263,29.112075805664062,218500,0.0,0.0,0.0
2023-05-23 00:00:00-04:00,29.043231294411147,29.112077121706957,28.82292277115645,28.881933212280273,234000,0.0,0.0,0.0
2023-05-24 00:00:00-04:00,28.830788904810188,28.864228840960603,28.612448219944305,28.68326187133789,445000,0.0,0.0,0.0
2023-05-25 00:00:00-04:00,28.575075404729667,28.675393333846905,28.396074392812466,28.582942962646484,326000,0.0,0.0,0.0
2023-05-26 00:00:00-04:00,28.65965951284271,28.74424233548406,28.55343996558237,28.663593292236328,311000,0.0,0.0,0.0
2023-05-30 00:00:00-04:00,28.59277759258478,28.65375585459896,28.35083237190926,28.518030166625977,298000,0.0,0.0,0.0
2023-05-31 00:00:00-04:00,28.242648824029718,28.303627094274766,28.112824724768693,28.23478126525879,362000,0.0,0.0,0.0
2023-06-01 00:00:00-04:00,28.232811156165113,28.4767242174351,28.05184418770041,28.337064743041992,155500,0.0,0.0,0.0
2023-06-02 00:00:00-04:00,28.657690286066696,29.02945959694573,28.616382793292132,28.96257972717285,144500,0.0,0.0,0.0
2023-06-05 00:00:00-04:00,29.133711363006014,29.133711363006014,28.879964799480213,28.907503128051758,261500,0.0,0.0,0.0
2023-06-06 00:00:00-04:00,28.75997702676367,29.062898650813523,28.75997702676367,29.049129486083984,241500,0.0,0.0,0.0
2023-06-07 00:00:00-04:00,29.09240567576977,29.397295136409696,29.09240567576977,29.273372650146484,811000,0.0,0.0,0.0
2023-06-08 00:00:00-04:00,29.296972791450813,29.371720212649784,29.104202632593523,29.340248107910156,157000,0.0,0.0,0.0
2023-06-09 00:00:00-04:00,29.357956073257366,29.39336196265956,29.18682448129994,29.206493377685547,192000,0.0,0.0,0.0
2023-06-12 00:00:00-04:00,29.106175553349306,29.36582374572754,29.07863722239453,29.36582374572754,96500,0.0,0.0,0.0
2023-06-13 00:00:00-04:00,29.50744911490079,29.747426519124918,29.50744911490079,29.662843704223633,353000,0.0,0.0,0.0
2023-06-14 00:00:00-04:00,29.69431385197234,29.717918400523804,29.2300941903066,29.420896530151367,121000,0.0,0.0,0.0
2023-06-15 00:00:00-04:00,29.426802381260618,29.88708833055146,29.426802381260618,29.78873634338379,239500,0.0,0.0,0.0
2023-06-16 00:00:00-04:00,29.892983175577413,29.9303568870742,29.710050272699718,29.757259368896484,216000,0.0,0.0,0.0
2023-06-20 00:00:00-04:00,29.597343311277804,29.597343311277804,29.238012968965435,29.37029457092285,141000,0.112,0.0,0.0
2023-06-21 00:00:00-04:00,29.320931938907293,29.59931355699264,29.320931938907293,29.49862289428711,96000,0.0,0.0,0.0
2023-06-22 00:00:00-04:00,29.384109415884684,29.44136396292196,29.28539201761392,29.42754364013672,129000,0.0,0.0,0.0
2023-06-23 00:00:00-04:00,29.188656426062334,29.285398707659123,29.107707726755034,29.155092239379883,230500,0.0,0.0,0.0
2023-06-26 00:00:00-04:00,29.210368864520365,29.482826944156308,29.210368864520365,29.36239242553711,108500,0.0,0.0,0.0
2023-06-27 00:00:00-04:00,29.388061549184094,29.63287899579272,29.31303639226903,29.57562255859375,516000,0.0,0.0,0.0
2023-06-28 00:00:00-04:00,29.500597747710568,29.595364875552132,29.390033274245216,29.567724227905273,221500,0.0,0.0,0.0
2023-06-29 00:00:00-04:00,29.603261052298947,29.86387392692543,29.56772173483677,29.854001998901367,190000,0.0,0.0,0.0
2023-06-30 00:00:00-04:00,30.053414135235922,30.231105098070472,29.986285768697357,30.120540618896484,169500,0.0,0.0,0.0
2023-07-03 00:00:00-04:00,30.094876583201128,30.18569532521406,30.053415607558954,30.171875,36000,0.0,0.0,0.0
2023-07-05 00:00:00-04:00,30.079080453554862,30.079080453554862,29.869800440851797,29.95667266845703,321000,0.0,0.0,0.0
2023-07-06 00:00:00-04:00,29.674338791540006,29.6980310445137,29.386085243717652,29.55982780456543,142000,0.0,0.0,0.0
2023-07-07 00:00:00-04:00,29.514421456772915,29.99418633353187,29.514421456772915,29.72370147705078,137000,0.0,0.0,0.0
2023-07-10 00:00:00-04:00,29.692107819247443,30.013925552368164,29.692107819247443,30.013925552368164,649500,0.0,0.0,0.0
2023-07-11 00:00:00-04:00,30.088950175216198,30.394974322699422,30.088950175216198,30.36141014099121,86500,0.0,0.0,0.0
2023-07-12 00:00:00-04:00,30.58451184502976,30.602280564714555,30.41471767275724,30.47789764404297,220000,0.0,0.0,0.0
2023-07-13 00:00:00-04:00,30.570693324008616,30.65953881055199,30.470000768391134,30.543052673339844,226500,0.0,0.0,0.0
2023-07-14 00:00:00-04:00,30.554894963841033,30.554894963841033,30.252821091372425,30.292308807373047,167500,0.0,0.0,0.0
2023-07-17 00:00:00-04:00,30.286385123805083,30.58253546083525,30.20741157507184,30.48381805419922,112500,0.0,5.0,0.0
2023-07-18 00:00:00-04:00,30.464075472655082,30.888558994724285,30.464075472655082,30.770097732543945,124300,0.0,0.0,0.0
2023-07-19 00:00:00-04:00,30.83920135948247,30.97740460529569,30.74048394838245,30.809585571289062,224900,0.0,0.0,0.0
2023-07-20 00:00:00-04:00,30.839202786002577,30.898432482251156,30.76022923004511,30.79971694946289,267600,0.0,0.0,0.0
2023-07-21 00:00:00-04:00,30.95766156746894,31.026763188005226,30.81945644351842,30.937917709350586,581100,0.0,0.0,0.0
2023-07-24 00:00:00-04:00,30.987280100716667,31.164971084569817,30.928050400391694,31.066253662109375,251800,0.0,0.0,0.0
2023-07-25 00:00:00-04:00,31.01688796974249,31.392011819821235,31.00701604173019,31.283424377441406,280600,0.0,0.0,0.0
2023-07-26 00:00:00-04:00,31.076116413333896,31.28342312755408,31.036630585740035,31.18470573425293,236500,0.0,0.0,0.0
2023-07-27 00:00:00-04:00,31.35252799825446,31.411757687243195,30.92804448093314,30.987274169921875,295800,0.0,0.0,0.0
2023-07-28 00:00:00-04:00,31.164968490600586,31.19458427973716,30.997149451249467,31.164968490600586,109600,0.0,0.0,0.0
2023-07-31 00:00:00-04:00,31.273557492558613,31.40188881165757,31.263685562954375,31.38214683532715,494000,0.0,0.0,0.0
2023-08-01 00:00:00-04:00,31.2538085934045,31.322910206612868,31.155091196159226,31.283424377441406,367200,0.0,0.0,0.0
2023-08-02 00:00:00-04:00,31.026762069701878,31.066247901637443,30.78984142945486,30.878686904907227,269200,0.0,0.0,0.0
2023-08-03 00:00:00-04:00,30.868818206550465,31.204456286076915,30.80958662813186,31.01689338684082,195000,0.0,0.0,0.0
2023-08-04 00:00:00-04:00,30.967535264354662,31.08599465407131,30.681254953929663,30.71087074279785,143500,0.0,0.0,0.0
2023-08-07 00:00:00-04:00,30.839199190093783,30.93791659424951,30.76022564334478,30.878686904907227,74200,0.0,0.0,0.0
2023-08-08 00:00:00-04:00,30.602283100029318,30.829331845332327,30.543053401880307,30.819459915161133,80300,0.0,0.0,0.0
2023-08-09 00:00:00-04:00,30.967534729252048,31.194583458017387,30.967534729252048,31.036636352539062,98200,0.0,0.0,0.0
2023-08-10 00:00:00-04:00,31.155092067478126,31.382142652355533,30.858941750337575,30.928043365478516,135400,0.0,0.0,0.0
2023-08-11 00:00:00-04:00,30.839204816882873,31.11561322237562,30.82933288637832,31.02676773071289,234200,0.0,0.0,0.0
2023-08-14 00:00:00-04:00,30.987273628776173,31.13535067297887,30.84907039592334,31.125478744506836,218000,0.0,0.0,0.0
2023-08-15 00:00:00-04:00,30.92804764220085,30.92804764220085,30.700998908804998,30.750356674194336,227100,0.0,0.0,0.0
2023-08-16 00:00:00-04:00,30.72074160564855,30.88856063765136,30.503562927246094,30.503562927246094,191600,0.0,0.0,0.0
2023-08-17 00:00:00-04:00,30.700998160232842,30.78984364206981,30.44433364413472,30.473949432373047,150200,0.0,0.0,0.0
2023-08-18 00:00:00-04:00,30.276514920968516,30.631896851967973,30.227157156275496,30.592409133911133,156000,0.0,0.0,0.0
2023-08-21 00:00:00-04:00,30.7404833449611,30.82932882491932,30.57266431424868,30.76022720336914,253200,0.0,0.0,0.0
2023-08-22 00:00:00-04:00,30.819455431042172,30.839199288511903,30.562790932569335,30.582534790039062,282000,0.0,0.0,0.0
2023-08-23 00:00:00-04:00,30.55292088671235,30.64176636244825,30.37522993524055,30.582534790039062,117300,0.0,0.0,0.0
2023-08-24 00:00:00-04:00,30.513432945276893,30.612150349014897,30.167922973632812,30.167922973632812,268100,0.0,0.0,0.0
2023-08-25 00:00:00-04:00,30.335743964881146,30.45420523363424,30.098823310252953,30.355487823486328,241600,0.0,0.0,0.0
2023-08-28 00:00:00-04:00,30.473948637414228,30.65163771357486,30.40484513332747,30.533178329467773,104400,0.0,0.0,0.0
2023-08-29 00:00:00-04:00,30.523307866426194,30.8984317779541,30.45420624189827,30.8984317779541,152400,0.0,0.0,0.0
2023-08-30 00:00:00-04:00,30.92804790209099,31.07612308238135,30.918175972354558,31.01689338684082,109600,0.0,0.0,0.0
2023-08-31 00:00:00-04:00,31.026764495676666,31.036636425151908,30.888561248779297,30.888561248779297,537300,0.0,0.0,0.0
2023-09-01 00:00:00-04:00,31.155099984331702,31.243945478626046,31.115614144022146,31.19458770751953,322500,0.0,0.0,0.0
2023-09-05 00:00:00-04:00,31.26368850703026,31.283432368097994,31.05638173157551,31.066253662109375,126000,0.0,0.0,0.0
2023-09-06 00:00:00-04:00,31.007018212295154,31.105735616450882,30.720739811409214,30.878686904907227,208100,0.0,0.0,0.0
2023-09-07 00:00:00-04:00,30.720745086669922,30.80958869450033,30.592411874367176,30.720745086669922,206700,0.0,0.0,0.0
2023-09-08 00:00:00-04:00,30.77997166597366,30.898431052991278,30.750355877780255,30.809585571289062,94900,0.0,0.0,0.0
2023-09-11 00:00:00-04:00,30.977405996692507,31.0366375757398,30.592410147275576,30.612154006958008,125900,0.0,0.0,0.0
2023-09-12 00:00:00-04:00,30.62202766556278,30.819460624898866,30.62202766556278,30.720745086669922,90000,0.0,0.0,0.0
2023-09-13 00:00:00-04:00,30.73060995530627,30.82932735977704,30.50356124303803,30.582534790039062,563600,0.0,0.0,0.0
2023-09-14 00:00:00-04:00,30.849072230695946,30.967533496528116,30.81945644351842,30.937917709350586,97100,0.0,0.0,0.0
2023-09-15 00:00:00-04:00,30.789843129536383,30.849072822149076,30.454205066601165,30.46407699584961,83400,0.0,0.0,0.0
2023-09-18 00:00:00-04:00,30.47991408848393,30.56900595926798,30.371021296879448,30.470014572143555,319500,0.086,0.0,0.0
2023-09-19 00:00:00-04:00,30.509612639565535,30.539311190426623,30.291828931003618,30.42051887512207,89300,0.0,0.0,0.0
2023-09-20 00:00:00-04:00,30.47001720070771,30.598707147954997,30.192836383684522,30.202735900878906,117200,0.0,0.0,0.0
2023-09-21 00:00:00-04:00,30.103742145331708,30.133440696449462,29.66817283630371,29.66817283630371,146000,0.0,0.0,0.0
2023-09-22 00:00:00-04:00,29.786965152634917,29.895857951926867,29.66817283630371,29.66817283630371,101400,0.0,0.0,0.0
2023-09-25 00:00:00-04:00,29.58897522531207,29.905752182006836,29.57907570939791,29.905752182006836,233700,0.0,0.0,0.0
2023-09-26 00:00:00-04:00,29.69786831779695,29.83645776574199,29.54937935383589,29.598875045776367,167600,0.0,0.0,0.0
2023-09-27 00:00:00-04:00,29.806763095348494,30.024546797818505,29.727568850073965,29.895856857299805,255900,0.0,0.0,0.0
2023-09-28 00:00:00-04:00,29.905757926799375,30.192838279038394,29.905757926799375,30.103744506835938,250700,0.0,0.0,0.0
2023-09-29 00:00:00-04:00,30.23243091847293,30.23243091847293,29.777062621460352,29.846357345581055,622500,0.0,0.0,0.0
2023-10-02 00:00:00-04:00,29.777060594445533,29.777060594445533,29.242499981803856,29.45038414001465,609500,0.0,0.0,0.0
2023-10-03 00:00:00-04:00,29.2623039148478,29.40089527395527,28.985124972912715,29.17321014404297,213000,0.0,0.0,0.0
2023-10-04 00:00:00-04:00,29.08411331821643,29.113811868078454,28.806934405396472,29.05441665649414,252400,0.0,0.0,0.0
2023-10-05 00:00:00-04:00,28.955424131570442,29.143511175976023,28.93562509781411,29.08411407470703,216400,0.0,0.0,0.0
2023-10-06 00:00:00-04:00,29.09401065753431,29.697867909226584,28.9851197591354,29.509780883789062,490600,0.0,0.0,0.0
2023-10-09 00:00:00-04:00,29.678068259394397,30.034443271087955,29.628572569165648,29.975048065185547,256400,0.0,0.0,0.0
2023-10-10 00:00:00-04:00,30.034444836594616,30.301726109296474,29.965150111406647,30.133438110351562,222200,0.0,0.0,0.0
2023-10-11 00:00:00-04:00,30.123541274787666,30.2225345573538,29.95525326086718,30.212635040283203,207200,0.0,0.0,0.0
2023-10-12 00:00:00-04:00,30.3116283039001,30.3116283039001,29.945353725076323,30.1136417388916,344100,0.0,0.0,0.0
2023-10-13 00:00:00-04:00,30.341324607624802,30.43041837200952,30.202735146644045,30.32152557373047,317300,0.0,0.0,0.0
2023-10-16 00:00:00-04:00,30.470015354486687,30.727397121525986,30.430417288108462,30.64820098876953,255400,0.0,0.0,0.0
2023-10-17 00:00:00-04:00,30.489814431475082,30.925383748536113,30.489814431475082,30.846189498901367,256400,0.0,0.0,0.0
2023-10-18 00:00:00-04:00,30.796694530165254,30.81649167693783,30.479917524125323,30.5294132232666,334800,0.0,0.0,0.0
2023-10-19 00:00:00-04:00,30.440320560014122,30.519514814400754,30.074045953388467,30.103744506835938,435100,0.0,0.0,0.0
2023-10-20 00:00:00-04:00,30.02454634855213,30.02454634855213,29.64837416116184,29.65827178955078,406900,0.0,0.0,0.0
2023-10-23 00:00:00-04:00,29.400893768688015,29.579079413034993,29.292000968137224,29.361295700073242,461500,0.0,0.0,0.0
2023-10-24 00:00:00-04:00,29.460287848852474,29.638475374476663,29.311798873545566,29.440488815307617,357600,0.0,0.0,0.0
2023-10-25 00:00:00-04:00,29.351397685652625,29.390995756294743,29.113814926219725,29.17321014404297,561200,0.0,0.0,0.0
2023-10-26 00:00:00-04:00,29.024718106632115,29.242503696007493,28.9653228950478,29.05441665649414,606400,0.0,0.0,0.0
2023-10-27 00:00:00-04:00,29.044520161057218,29.044520161057218,28.638649378089923,28.72774314880371,517900,0.0,0.0,0.0
2023-10-30 00:00:00-04:00,28.787135302109096,28.925724758181854,28.569351601403373,28.757436752319336,549400,0.0,0.0,0.0
2023-10-31 00:00:00-04:00,28.856430849394535,29.0148193431572,28.68814283875423,28.985122680664062,728900,0.0,0.0,0.0
2023-11-01 00:00:00-04:00,29.064318851834226,29.232606873616533,28.915827976978143,29.13361358642578,627500,0.0,0.0,0.0
2023-11-02 00:00:00-04:00,29.21280528940236,29.826560217776127,29.21280528940236,29.796863555908203,540700,0.0,0.0,0.0
2023-11-03 00:00:00-04:00,29.905752182006836,30.07404017626838,29.836457458747304,29.905752182006836,261300,0.0,0.0,0.0
2023-11-06 00:00:00-05:00,29.994848203674472,30.03444627032337,29.64837456119532,29.747365951538086,194400,0.0,0.0,0.0
2023-11-07 00:00:00-05:00,29.618677517711085,29.62857703487683,29.44048998500733,29.559282302856445,204800,0.0,0.0,0.0
2023-11-08 00:00:00-05:00,29.598873094185144,29.69786635967864,29.40088845133765,29.45038414001465,290700,0.0,0.0,0.0
2023-11-09 00:00:00-05:00,29.559283031777817,29.559283031777817,29.232606509811816,29.24250602722168,444300,0.0,0.0,0.0
2023-11-10 00:00:00-05:00,29.440487712981195,29.638474264737127,29.291998743234092,29.618675231933594,202600,0.0,0.0,0.0
2023-11-13 00:00:00-05:00,29.569180314195183,29.7473659496849,29.569180314195183,29.6978702545166,967900,0.0,0.0,0.0
2023-11-14 00:00:00-05:00,29.994852086230704,30.30173147806314,29.994852086230704,30.192838668823242,467300,0.0,0.0,0.0
2023-11-15 00:00:00-05:00,30.232435604607783,30.5096145440543,30.202737051892836,30.222536087036133,176300,0.0,0.0,0.0
2023-11-16 00:00:00-05:00,30.103740264474393,30.14333833015734,29.747365225886618,29.915653228759766,191300,0.0,0.0,0.0
2023-11-17 00:00:00-05:00,30.024545320404954,30.222531867918846,30.004746288025636,30.133438110351562,182700,0.0,0.0,0.0
2023-11-20 00:00:00-05:00,30.182936112749708,30.400719821168014,30.143339933100833,30.32152557373047,166800,0.0,0.0,0.0
2023-11-21 00:00:00-05:00,30.23243256702259,30.371022022821162,30.163135950983584,30.301727294921875,128000,0.0,0.0,0.0
2023-11-22 00:00:00-05:00,30.182935757173535,30.4007194630262,30.133440061160584,30.380922317504883,171900,0.0,0.0,0.0
2023-11-24 00:00:00-05:00,30.36112178398039,30.559108334531043,30.36112178398039,30.51951026916504,170300,0.0,0.0,0.0
2023-11-27 00:00:00-05:00,30.410622021482787,30.45022009276551,30.33142776705731,30.40072250366211,194000,0.0,0.0,0.0
2023-11-28 00:00:00-05:00,30.37102277938596,30.529411272284108,30.252230465642466,30.28192901611328,203900,0.0,0.0,0.0
2023-11-29 00:00:00-05:00,30.390821058254332,30.499711964330064,30.311626813772108,30.35122299194336,245900,0.0,0.0,0.0
2023-11-30 00:00:00-05:00,30.4700161250076,30.687799831175948,30.41061902393823,30.677900314331055,147500,0.0,0.0,0.0
2023-12-01 00:00:00-05:00,30.658097914743735,31.044171476749188,30.598702708335036,30.91547966003418,233500,0.0,0.0,0.0
2023-12-04 00:00:00-05:00,30.70760116628595,30.935284406363206,30.697701648699123,30.766996383666992,164000,0.0,0.0,0.0
2023-12-05 00:00:00-05:00,30.67790143112031,30.687800948325584,30.470017234229104,30.499713897705078,138600,0.0,0.0,0.0
2023-12-06 00:00:00-05:00,30.539311169859374,30.638304451189867,30.262130359761958,30.272029876708984,121100,0.0,0.0,0.0
2023-12-07 00:00:00-05:00,30.39082221200772,30.440317908635762,30.281929413658272,30.371023178100586,148900,0.0,0.0,0.0
2023-12-08 00:00:00-05:00,30.39082336130113,30.578908526112365,30.351225291989373,30.48981475830078,149500,0.0,0.0,0.0
2023-12-11 00:00:00-05:00,30.47991715987873,30.7471965754434,30.47991715987873,30.73729705810547,112700,0.0,0.0,0.0
2023-12-12 00:00:00-05:00,30.68780060570308,30.76699485432124,30.51951259137202,30.707599639892578,129600,0.0,0.0,0.0
2023-12-13 00:00:00-05:00,30.717497375800818,31.311453261925923,30.717497375800818,31.301555633544922,344400,0.0,0.0,0.0
2023-12-14 00:00:00-05:00,31.549040215238808,31.737127266762236,31.50944214622762,31.6876277923584,198000,0.0,0.0,0.0
2023-12-15 00:00:00-05:00,31.677726717835032,31.687624345871466,31.479740170592702,31.578733444213867,221100,0.0,0.0,0.0
2023-12-18 00:00:00-05:00,31.712858337053902,31.812209775763826,31.633377565080174,31.742664337158203,275000,0.115,0.0,0.0
2023-12-19 00:00:00-05:00,31.83208536871523,32.04072171681989,31.83208536871523,32.000980377197266,136500,0.0,0.0,0.0
2023-12-20 00:00:00-05:00,31.881757776383544,32.10033133810414,31.444612547913575,31.454547882080078,271700,0.0,0.0,0.0
2023-12-21 00:00:00-05:00,31.782410353256086,31.961240705978877,31.663190118107558,31.941373825073242,261000,0.0,0.0,0.0
2023-12-22 00:00:00-05:00,32.06058279734167,32.1102575620409,31.842009284735102,31.991037368774414,227000,0.0,0.0,0.0
2023-12-26 00:00:00-05:00,32.04071868473852,32.24935501309949,32.04071868473852,32.1798095703125,160800,0.0,0.0,0.0
2023-12-27 00:00:00-05:00,32.219551266233125,32.27916327069203,32.14006859362126,32.25929260253906,133000,0.0,0.0,0.0
2023-12-28 00:00:00-05:00,32.28909631615475,32.318900423049634,32.16987609863281,32.16987609863281,211500,0.0,0.0,0.0
2023-12-29 00:00:00-05:00,32.15993832698645,32.2592916648634,31.93143133478295,32.05065155029297,668200,0.0,0.0,0.0
2024-01-02 00:00:00-05:00,31.782405887505256,31.782405887505256,31.196234444635536,31.355195999145508,347300,0.0,0.0,0.0
2024-01-03 00:00:00-05:00,31.037272924480305,31.106818367783998,30.868376035755112,30.92798614501953,497300,0.0,0.0,0.0
2024-01-04 00:00:00-05:00,30.838569366225812,31.096880449898915,30.77895736694336,30.77895736694336,225800,0.0,0.0,0.0
2024-01-05 00:00:00-05:00,30.74915551575182,31.047207954122925,30.74915551575182,30.858440399169922,281900,0.0,0.0,0.0
2024-01-08 00:00:00-05:00,30.908116104383804,31.51415629615624,30.908116104383804,31.504220962524414,259800,0.0,0.0,0.0
2024-01-09 00:00:00-05:00,31.275710106591617,31.593633163613653,31.21610000714271,31.48434829711914,213000,0.0,0.0,0.0
2024-01-10 00:00:00-05:00,31.534027976401205,31.792340974213232,31.484353201617473,31.732730865478516,160200,0.0,0.0,0.0
2024-01-11 00:00:00-05:00,31.792341623791444,31.921499072821984,31.454547842440963,31.881757736206055,388100,0.0,0.0,0.0
2024-01-12 00:00:00-05:00,31.961234433387155,32.03078366267918,31.712858676411102,31.8221435546875,178000,0.0,0.0,0.0
2024-01-16 00:00:00-05:00,31.702925511376833,31.991044516928632,31.673119508914883,31.881757736206055,330600,0.0,0.0,0.0
2024-01-17 00:00:00-05:00,31.633381100264724,31.702926546642395,31.434678200638853,31.683055877685547,283200,0.0,0.0,0.0
2024-01-18 00:00:00-05:00,31.981102948041766,32.229480583273364,31.79233730964485,32.18974304199219,253600,0.0,0.0,0.0
2024-01-19 00:00:00-05:00,32.328836369049995,32.74610900878906,32.23942026197131,32.74610900878906,413900,0.0,0.0,0.0
2024-01-22 00:00:00-05:00,32.93487151853007,33.093833032103106,32.79577687795491,32.90506362915039,423100,0.0,0.0,0.0
2024-01-23 00:00:00-05:00,32.86533301152213,32.86533301152213,32.62688879599822,32.74610900878906,299100,0.0,0.0,0.0
2024-01-24 00:00:00-05:00,33.0839034434552,33.22299432619963,32.85539645181188,32.895137786865234,221100,0.0,0.0,0.0
2024-01-25 00:00:00-05:00,33.1633874208266,33.29254107992764,33.00442586428941,33.19319152832031,122900,0.0,0.0,0.0
2024-01-26 00:00:00-05:00,33.05409973297654,33.183257178475515,32.944812955242206,32.984554290771484,169400,0.0,0.0,0.0
2024-01-29 00:00:00-05:00,33.004422956442,33.40182491780075,33.004422956442,33.39189147949219,157600,0.0,0.0,0.0
2024-01-30 00:00:00-05:00,33.34222024932565,33.471373910764974,33.272674803952924,33.33228302001953,265900,0.0,0.0,0.0
2024-01-31 00:00:00-05:00,33.08389906961601,33.26273126377138,32.736171908726014,32.77591323852539,577300,0.0,0.0,0.0
2024-02-01 00:00:00-05:00,32.98455177019305,33.29253762215373,32.77591545952123,33.27267074584961,769100,0.0,0.0,0.0
2024-02-02 00:00:00-05:00,33.36208518282537,33.85884044434493,33.28260252181014,33.74955368041992,395200,0.0,0.0,0.0
2024-02-05 00:00:00-05:00,33.67007464421787,33.7892948586337,33.36208877448176,33.709815979003906,210100,0.0,0.0,0.0
2024-02-06 00:00:00-05:00,33.78929458551858,33.78929458551858,33.431633945162005,33.650203704833984,248700,0.0,0.0,0.0
2024-02-07 00:00:00-05:00,33.848912514764464,34.21651044808133,33.838979074379864,34.13703155517578,234500,0.0,0.0,0.0
2024-02-08 00:00:00-05:00,34.23637866774795,34.524497687532296,34.23637866774795,34.454952239990234,340100,0.0,0.0,0.0
2024-02-09 00:00:00-05:00,34.484756943683536,34.64371851079868,34.395340825309844,34.59404373168945,327700,0.0,0.0,0.0
2024-02-12 00:00:00-05:00,34.64371447584643,34.87222146508883,34.464882259927634,34.54436492919922,203300,0.0,0.0,0.0
2024-02-13 00:00:00-05:00,33.759495578680635,34.14696417338027,33.55085922614126,33.94826126098633,235900,0.0,0.0,0.0
2024-02-14 00:00:00-05:00,34.28605403730393,34.60398096147693,34.196637918930236,34.59404373168945,563900,0.0,0.0,0.0
2024-02-15 00:00:00-05:00,34.68345702643831,34.84241858061219,34.48475413623536,34.822547912597656,166600,0.0,0.0,0.0
2024-02-16 00:00:00-05:00,34.80267589968385,34.87222134007604,34.50462347086843,34.51456069946289,182400,0.0,0.0,0.0
2024-02-20 00:00:00-05:00,34.266185133310046,34.305922680284276,33.87871278328585,34.12709045410156,180700,0.0,0.0,0.0
2024-02-21 00:00:00-05:00,33.77936193837264,33.86877804804249,33.5905962801551,33.829036712646484,139900,0.0,0.0,0.0
2024-02-22 00:00:00-05:00,34.71325773107949,34.99144326607431,34.59403752462001,34.91196060180664,347500,0.0,0.0,0.0
2024-02-23 00:00:00-05:00,34.96163885636831,35.12060041080414,34.693390522643654,34.83248519897461,500500,0.0,0.0,0.0
2024-02-26 00:00:00-05:00,34.9417724609375,35.140475375764915,34.92190558040334,34.9417724609375,151000,0.0,0.0,0.0
2024-02-27 00:00:00-05:00,35.17028389107177,35.17028389107177,34.91196896029908,35.080867767333984,193100,0.0,0.0,0.0
2024-02-28 00:00:00-05:00,34.89209051880496,35.12059749747995,34.89209051880496,35.04111862182617,254400,0.0,0.0,0.0
2024-02-29 00:00:00-05:00,35.25969764424104,35.50807532793127,35.09079884856148,35.41865921020508,231400,0.0,0.0,0.0
2024-03-01 00:00:00-05:00,35.488207179073505,36.04457080449331,35.478269948652176,36.014766693115234,273400,0.0,0.0,0.0
2024-03-04 00:00:00-05:00,36.133986959866455,36.233340314451006,35.99489605339104,36.02470016479492,222200,0.0,0.0,0.0
2024-03-05 00:00:00-05:00,35.776308654193095,35.806116544034595,35.269620006185534,35.48819351196289,434500,0.0,0.0,0.0
2024-03-06 00:00:00-05:00,35.84586288212835,35.92534175628745,35.55774390967483,35.74650955200195,224700,0.0,0.0,0.0
2024-03-07 00:00:00-05:00,35.9650813862444,36.292937885290236,35.915406618503134,36.21345901489258,601500,0.0,0.0,0.0
2024-03-08 00:00:00-05:00,36.29293969628634,36.541317337328415,35.657093541609356,35.766380310058594,607900,0.0,0.0,0.0
2024-03-11 00:00:00-04:00,35.547813383762104,35.607425393077,35.259698146930276,35.537879943847656,316300,0.0,0.0,0.0
2024-03-12 00:00:00-04:00,35.76638208048131,36.19359194741577,35.51800442714463,36.163787841796875,232800,0.0,0.0,0.0
2024-03-13 00:00:00-04:00,36.104171531887346,36.18365040069999,35.9551434416937,36.05449676513672,1312900,0.0,0.0,0.0
2024-03-14 00:00:00-04:00,36.11411528365499,36.19359796511011,35.57762234360437,35.786258697509766,7665700,0.0,0.0,0.0
2024-03-15 00:00:00-04:00,35.49813430799983,35.71670785909131,35.4087181998208,35.4285888671875,269700,0.0,0.0,0.0
2024-03-18 00:00:00-04:00,35.80130517291165,35.93051694007571,35.59258109701794,35.642276763916016,191800,0.015,0.0,0.0
2024-03-19 00:00:00-04:00,35.34411088453294,35.77150058868325,35.22483669392985,35.74168014526367,290400,0.0,0.0,0.0
2024-03-20 00:00:00-04:00,35.791378689275334,36.26846790674026,35.7118663473898,36.2386474609375,270400,0.0,0.0,0.0
2024-03-21 00:00:00-04:00,36.66603341078488,36.91451561475229,36.53682160309132,36.70579147338867,273900,0.0,0.0,0.0
2024-03-22 00:00:00-04:00,36.57658004760742,36.68591282514068,36.42749299859282,36.57658004760742,171000,0.0,0.0,0.0
2024-03-25 00:00:00-04:00,36.427494615905594,36.69585207435397,36.427494615905594,36.526885986328125,165600,0.0,0.0,0.0
2024-03-26 00:00:00-04:00,36.70578716673168,36.78529949107262,36.35791363860801,36.36785125732422,180000,0.0,0.0,0.0
2024-03-27 00:00:00-04:00,36.61633337436063,36.61633337436063,36.149185673157014,36.48712158203125,219600,0.0,0.0,0.0
2024-03-28 00:00:00-04:00,36.477187466955215,36.616336891350386,36.447367024915216,36.497066497802734,192500,0.0,0.0,0.0
2024-04-01 00:00:00-04:00,36.546751357856664,36.755475432647344,36.38772294970143,36.477176666259766,426300,0.0,0.0,0.0
2024-04-02 00:00:00-04:00,36.0497938846551,36.0497938846551,35.71185797986189,36.02991485595703,516400,0.0,0.0,0.0
2024-04-03 00:00:00-04:00,35.90070892304177,36.43743141085474,35.90070892304177,36.31816101074219,317300,0.0,0.0,0.0
2024-04-04 00:00:00-04:00,36.66602847247888,36.735603176896184,35.55282941026485,35.562767028808594,284700,0.0,0.0,0.0
2024-04-05 00:00:00-04:00,35.72179617714317,36.268459996353734,35.701917148123044,36.12930679321289,309000,0.0,0.0,0.0
2024-04-08 00:00:00-04:00,36.20882324248107,36.228702271684114,36.01003674198776,36.11936950683594,140600,0.0,0.0,0.0
2024-04-09 00:00:00-04:00,36.25852347006912,36.278402501766934,35.5230182549382,35.980224609375,1424100,0.0,0.0,0.0
2024-04-10 00:00:00-04:00,35.37392419228807,35.7317391471955,35.34410754322487,35.493194580078125,243600,0.0,0.0,0.0
2024-04-11 00:00:00-04:00,35.59259297011173,36.05973694462863,35.47331877992487,35.980224609375,196600,0.0,0.0,0.0
2024-04-12 00:00:00-04:00,35.54289069852061,35.61246919975719,35.10556341019131,35.244712829589844,257100,0.0,0.0,0.0
2024-04-15 00:00:00-04:00,35.612477004987234,35.6522312824303,34.578789960704626,34.658302307128906,343500,0.0,0.0,0.0
2024-04-16 00:00:00-04:00,34.519143341518436,34.85707925162538,34.43963101701291,34.71792984008789,295000,0.0,0.0,0.0
2024-04-17 00:00:00-04:00,34.84714960917977,34.867028642740614,34.141457188152835,34.24085235595703,383300,0.0,0.0,0.0
2024-04-18 00:00:00-04:00,34.37999777722992,34.55890526680913,33.97248711575227,34.012245178222656,167800,0.0,0.0,0.0
2024-04-19 00:00:00-04:00,33.8929701144547,34.0420609490949,33.11770687401547,33.217098236083984,524000,0.0,0.0,0.0
2024-04-22 00:00:00-04:00,33.475522637669066,33.75382149128968,33.17734475285591,33.54509735107422,255400,0.0,0.0,0.0
2024-04-23 00:00:00-04:00,33.694179034792995,34.3700507455602,33.68423762612897,34.300472259521484,310700,0.0,0.0,0.0
2024-04-24 00:00:00-04:00,34.53902159873213,34.75768712142602,34.051994877696735,34.270660400390625,234400,0.0,0.0,0.0
2024-04-25 00:00:00-04:00,33.892970803113535,34.46945133112903,33.714063314525106,34.370059967041016,368600,0.0,0.0,0.0
2024-04-26 00:00:00-04:00,34.50920381295499,34.91671440627802,34.46944575713399,34.777565002441406,239700,0.0,0.0,0.0
2024-04-29 00:00:00-04:00,34.867020238267585,35.016107266730465,34.707988008114576,34.96641159057617,261000,0.0,0.0,0.0
2024-04-30 00:00:00-04:00,34.77756422731977,34.92665124602034,34.211021423339844,34.211021423339844,159500,0.0,0.0,0.0
2024-05-01 00:00:00-04:00,34.00229236526329,34.469439963803616,33.58484422391459,33.77368927001953,638000,0.0,0.0,0.0
2024-05-02 00:00:00-04:00,34.06193473487855,34.25077981034489,33.59478706370668,34.20108413696289,393900,0.0,0.0,0.0
2024-05-03 00:00:00-04:00,34.62847616317812,34.90677498671818,34.519143399205355,34.59865951538086,479900,0.0,0.0,0.0
2024-05-06 00:00:00-04:00,34.8371971552789,35.28446578979492,34.8371971552789,35.28446578979492,207900,0.0,0.0,0.0
2024-05-07 00:00:00-04:00,35.19501439979937,35.19501439979937,34.94653222985119,34.976348876953125,182100,0.0,0.0,0.0
2024-05-08 00:00:00-04:00,34.698050059903004,35.06580260979595,34.698050059903004,34.976348876953125,255200,0.0,0.0,0.0
2024-05-09 00:00:00-04:00,35.0061689524011,35.145318359482474,34.86701954531972,35.105560302734375,181000,0.0,0.0,0.0
2024-05-10 00:00:00-04:00,35.29441111257622,35.42362292220762,35.105565999682334,35.16520309448242,109300,0.0,0.0,0.0
2024-05-13 00:00:00-04:00,35.314284779744135,35.314284779744135,34.94653222985119,34.976348876953125,152600,0.0,0.0,0.0
2024-05-14 00:00:00-04:00,34.98629116796494,35.21489431508905,34.88689602256069,35.18507766723633,159700,0.0,0.0,0.0
2024-05-15 00:00:00-04:00,35.463378338681025,35.980221747095605,35.43356168927507,35.950401306152344,210900,0.0,0.0,0.0
2024-05-16 00:00:00-04:00,35.91063791500921,35.98021260697379,35.63233535561459,35.642276763916016,383500,0.0,0.0,0.0
2024-05-17 00:00:00-04:00,35.751615872567136,35.81124916684963,35.51307132082613,35.68204116821289,121000,0.0,0.0,0.0
2024-05-20 00:00:00-04:00,35.721796564367516,36.06967388868497,35.721796564367516,36.000099182128906,118700,0.0,0.0,0.0
2024-05-21 00:00:00-04:00,35.81125537728802,35.990162874235914,35.781438724975935,35.96034622192383,115100,0.0,0.0,0.0
2024-05-22 00:00:00-04:00,35.96034798816632,35.970285608912555,35.523020636112456,35.6721076965332,130700,0.0,0.0,0.0
2024-05-23 00:00:00-04:00,35.99016323779674,36.02992130230627,35.24471659016282,35.363990783691406,235000,0.0,0.0,0.0
2024-05-24 00:00:00-04:00,35.592592381415045,35.95040357144465,35.54289290722374,35.880828857421875,204600,0.0,0.0,0.0
2024-05-28 00:00:00-04:00,36.03985504590751,36.059734076023915,35.751618588062925,35.950401306152344,124500,0.0,0.0,0.0
2024-05-29 00:00:00-04:00,35.602528261354514,35.70191962180455,35.513074520334534,35.58264923095703,136600,0.0,0.0,0.0
2024-05-30 00:00:00-04:00,35.413682378799,35.453436647179785,35.12544213169902,35.25465393066406,192200,0.0,0.0,0.0
2024-05-31 00:00:00-04:00,35.344111417736585,35.413686134202514,34.65829808180432,35.37392807006836,287100,0.0,0.0,0.0
2024-06-03 00:00:00-04:00,35.60252686628481,35.60252686628481,34.66823522343722,35.15525817871094,289600,0.0,0.0,0.0
2024-06-04 00:00:00-04:00,35.01610915693721,35.15525857429548,34.82726406074203,35.02605056762695,179400,0.0,0.0,0.0
2024-06-05 00:00:00-04:00,35.314284444123565,35.811248779296875,35.234772122095066,35.811248779296875,149000,0.0,0.0,0.0
2024-06-06 00:00:00-04:00,35.79137843875811,35.90071122568115,35.532958590016484,35.66217041015625,168000,0.0,0.0,0.0
2024-06-07 00:00:00-04:00,35.54288800018407,35.72179546626774,35.44349664859849,35.562767028808594,115600,0.0,0.0,0.0
2024-06-10 00:00:00-04:00,35.37392122426456,35.860947936810994,35.37392122426456,35.821189880371094,134900,0.0,0.0,0.0
2024-06-11 00:00:00-04:00,35.76155279571124,35.860947936810994,35.48325398370582,35.821189880371094,131600,0.0,0.0,0.0
2024-06-12 00:00:00-04:00,36.27839020818164,36.685900741050446,36.27839020818164,36.477176666259766,217900,0.0,0.0,0.0
2024-06-13 00:00:00-04:00,36.61633267567855,36.666028351307105,36.32809244888108,36.62627029418945,200800,0.0,0.0,0.0
2024-06-14 00:00:00-04:00,36.45730493439258,36.497062992268866,36.20882275997144,36.48712158203125,106700,0.0,0.0,0.0
2024-06-17 00:00:00-04:00,36.477184721262574,37.033782376947315,36.328093896897215,36.934391021728516,163600,0.0,0.0,0.0
2024-06-18 00:00:00-04:00,36.96420788165256,37.192811033194566,36.954270262688645,37.162994384765625,336400,0.0,0.0,0.0
2024-06-20 00:00:00-04:00,37.302143585882675,37.401538732638635,36.755483549104945,36.934391021728516,233400,0.0,0.0,0.0
2024-06-21 00:00:00-04:00,36.914513610014026,36.914513610014026,36.4970653499574,36.88469696044922,216800,0.0,0.0,0.0
2024-06-24 00:00:00-04:00,36.75743040213832,36.936395738124226,36.598350524902344,36.598350524902344,198400,0.012,0.0,0.0
2024-06-25 00:00:00-04:00,36.757431919512236,36.946338096289566,36.63811916208735,36.92645263671875,191700,0.0,0.0,0.0
2024-06-26 00:00:00-04:00,36.8270260767583,36.91650874102241,36.64806074823008,36.817081451416016,181100,0.0,0.0,0.0
2024-06-27 00:00:00-04:00,36.8966234557839,37.10541507578958,36.88667883039508,37.09547424316406,197500,0.0,0.0,0.0
2024-06-28 00:00:00-04:00,37.184963152572635,37.53294924435512,36.94634140909041,37.0457649230957,198900,0.0,0.0,0.0
2024-07-01 00:00:00-04:00,37.165074650202165,37.165074650202165,36.57846686293639,36.936397552490234,433800,0.0,0.0,0.0
2024-07-02 00:00:00-04:00,36.85685206076379,37.21478271484375,36.727598481731974,37.21478271484375,293300,0.0,0.0,0.0
2024-07-03 00:00:00-04:00,37.21479231323152,37.493181208089496,37.175021387462024,37.423583984375,166200,0.0,0.0,0.0
2024-07-05 00:00:00-04:00,37.48323660741886,37.60254557997718,37.33409754714807,37.562774658203125,139600,0.0,0.0,0.0
2024-07-08 00:00:00-04:00,37.63236896789387,37.771567183350264,37.57271638260469,37.73179626464844,190900,0.0,0.0,0.0
2024-07-09 00:00:00-04:00,37.81133728538503,37.91076458996543,37.672142851736325,37.701969146728516,155800,0.0,0.0,0.0
2024-07-10 00:00:00-04:00,37.76162344512824,37.94058879073066,37.52300551283411,37.90081787109375,111300,0.0,0.0,0.0
2024-07-11 00:00:00-04:00,38.0400100067742,38.06984009108771,37.61248592109031,37.68208312988281,161000,0.0,0.0,0.0
2024-07-12 00:00:00-04:00,37.781502791519884,38.40788139977399,37.74173187831831,38.0897216796875,223000,0.0,0.0,0.0
2024-07-15 00:00:00-04:00,38.228917555942864,38.55701812058869,38.12949026910839,38.278629302978516,223700,0.0,0.0,0.0
2024-07-16 00:00:00-04:00,38.42777127619176,38.68627465620798,38.30845852286415,38.65644836425781,275000,0.0,0.0,0.0
2024-07-17 00:00:00-04:00,38.010193184857314,38.010193184857314,37.194908142089844,37.194908142089844,273500,0.0,0.0,0.0
2024-07-18 00:00:00-04:00,37.45340739893973,37.62243192406547,36.79720234531852,37.0457649230957,159900,0.0,0.0,0.0
2024-07-19 00:00:00-04:00,36.94634047793232,37.115364998798135,36.66795161152256,36.737548828125,326100,0.0,0.0,0.0
2024-07-22 00:00:00-04:00,37.005987861938394,37.24460574861934,36.79719247013891,37.23466491699219,121900,0.0,0.0,0.0
2024-07-23 00:00:00-04:00,37.14518820343389,37.463347965079976,37.10541728503725,37.17501449584961,137000,0.0,0.0,0.0
2024-07-24 00:00:00-04:00,36.817088945288134,36.82703357265458,35.68364416241316,35.713470458984375,275400,0.0,0.0,0.0
2024-07-25 00:00:00-04:00,35.783067524149494,36.240421720678476,35.087091603086805,35.43507766723633,286600,0.0,0.0,0.0
2024-07-26 00:00:00-04:00,36.031621863741705,36.18075708889085,35.79300019363518,35.96202087402344,184200,0.0,0.0,0.0
2024-07-29 00:00:00-04:00,36.14099796941801,36.339848793921426,35.872553718017016,35.97197723388672,126900,0.0,0.0,0.0
2024-07-30 00:00:00-04:00,36.121112818625384,36.2801927043411,35.33565422356998,35.57427215576172,149200,0.0,0.0,0.0
2024-07-31 00:00:00-04:00,36.49892973372743,36.827034172410485,36.3497944556785,36.55858612060547,317600,0.0,0.0,0.0
2024-08-01 00:00:00-04:00,36.60828960371434,36.87673759482981,35.15668531939801,35.44501876831055,392700,0.0,0.0,0.0
2024-08-02 00:00:00-04:00,34.47065725135374,34.599910856718054,33.824396810060264,34.19226837158203,760400,0.0,0.0,0.0
2024-08-05 00:00:00-04:00,32.25347160156307,33.94369751559745,32.25347160156307,33.48634338378906,476300,0.0,0.0,0.0
2024-08-06 00:00:00-04:00,33.8243922196489,34.74904520799065,33.65536771360917,34.162437438964844,577600,0.0,0.0,0.0
2024-08-07 00:00:00-04:00,34.78881982745022,35.02743777661109,33.724968512164615,33.74485397338867,338100,0.0,0.0,0.0
2024-08-08 00:00:00-04:00,34.26186563772383,35.05726514726127,34.03318851577957,35.01749801635742,251900,0.0,0.0,0.0
2024-08-09 00:00:00-04:00,35.04732330560631,35.385368561541156,34.90812886953266,35.2561149597168,271200,0.0,0.0,0.0
2024-08-12 00:00:00-04:00,35.29588317871094,35.504674816828775,35.03737978762652,35.29588317871094,320500,0.0,0.0,0.0
2024-08-13 00:00:00-04:00,35.54444256747147,36.01174134777703,35.514616276903304,36.00179672241211,129900,0.0,0.0,0.0
2024-08-14 00:00:00-04:00,36.12110788929008,36.270243128366985,35.802944368513806,36.081336975097656,257300,0.0,0.0,0.0
2024-08-15 00:00:00-04:00,36.52875809895142,37.0457649230957,36.52875809895142,37.0457649230957,247300,0.0,0.0,0.0
2024-08-16 00:00:00-04:00,36.817084505461075,37.045761601380036,36.73754645994142,36.92645263671875,320500,0.0,0.0,0.0
2024-08-19 00:00:00-04:00,36.9463442534338,37.423583984375,36.86680619465905,37.423583984375,119800,0.0,0.0,0.0
2024-08-20 00:00:00-04:00,37.40368560399428,37.5727100837593,37.12529680527887,37.23466491699219,135000,0.0,0.0,0.0
2024-08-21 00:00:00-04:00,37.34403247009728,37.68207763180777,37.34403247009728,37.62242126464844,189100,0.0,0.0,0.0
2024-08-22 00:00:00-04:00,37.72184777333029,37.81133043485856,37.08552831035732,37.18495559692383,224600,0.0,0.0,0.0
2024-08-23 00:00:00-04:00,37.503114082791726,37.84115926036377,37.40368679952757,37.82127380371094,184400,0.0,0.0,0.0
2024-08-26 00:00:00-04:00,37.841166136583105,37.92070418488446,37.27444379366744,37.38380813598633,127800,0.0,0.0,0.0
2024-08-27 00:00:00-04:00,37.17501305937397,37.602540933709,37.075589559987705,37.53294372558594,202000,0.0,0.0,0.0
2024-08-28 00:00:00-04:00,37.38380062304921,37.40368607931915,36.87673476283623,37.1153564453125,120800,0.0,0.0,0.0
2024-08-29 00:00:00-04:00,37.28438262505861,37.67213959751706,37.12530274423557,37.17501449584961,167300,0.0,0.0,0.0
2024-08-30 00:00:00-04:00,37.463346517462874,37.56277001684914,37.025877810294574,37.53294372558594,158500,0.0,0.0,0.0
2024-09-03 00:00:00-04:00,37.204847852111364,37.25456340592811,36.04157671387319,36.19071578979492,284900,0.0,0.0,0.0
2024-09-04 00:00:00-04:00,35.98191293738483,36.37961452967983,35.872548602629,36.06145477294922,199400,0.0,0.0,0.0
2024-09-05 00:00:00-04:00,35.88248936671808,36.22053458168998,35.73335032170327,35.92226028442383,142400,0.0,0.0,0.0
2024-09-06 00:00:00-04:00,35.93220712056108,36.13105794954779,35.0870958383227,35.176578521728516,275700,0.0,0.0,0.0
2024-09-09 00:00:00-04:00,35.55438622531183,35.872549785295305,35.41519180124858,35.69358444213867,289100,0.0,0.0,0.0
2024-09-10 00:00:00-04:00,35.88249179807375,35.902377258274036,35.335654917238855,35.87255096435547,313900,0.0,0.0,0.0
2024-09-11 00:00:00-04:00,35.872546155088074,36.5585773725882,35.216337434744624,36.51880645751953,215700,0.0,0.0,0.0
2024-09-12 00:00:00-04:00,36.56852139780076,37.04576104200336,36.4591532681945,36.90656661987305,391100,0.0,0.0,0.0
2024-09-13 00:00:00-04:00,37.11536095910842,37.48323246293363,37.11536095910842,37.41363525390625,101400,0.0,0.0,0.0
2024-09-16 00:00:00-04:00,37.40369069837114,37.5926006598829,37.25455544707408,37.55282974243164,147300,0.0,0.0,0.0
2024-09-17 00:00:00-04:00,37.7715704457053,37.94059117564115,37.50312241042728,37.7119140625,153100,0.0,0.0,0.0
2024-09-18 00:00:00-04:00,37.8312202631609,38.23886270327434,37.53294595452534,37.61248779296875,165000,0.0,0.0,0.0
2024-09-19 00:00:00-04:00,38.50731034256704,38.72604660338523,38.19909141075629,38.55702209472656,175000,0.0,0.0,0.0
2024-09-20 00:00:00-04:00,38.3979506471646,38.58686065673828,38.1990998020807,38.58686065673828,246300,0.0,0.0,0.0
2024-09-23 00:00:00-04:00,38.734062894601195,38.82358707780114,38.58485845228335,38.79374694824219,88500,0.018,0.0,0.0
2024-09-24 00:00:00-04:00,38.972795487237235,39.08221435546875,38.664433567177795,39.08221435546875,155400,0.0,0.0,0.0
2024-09-25 00:00:00-04:00,39.002630926509205,39.171733828309875,38.8932120714363,38.95289611816406,126900,0.0,0.0,0.0
2024-09-26 00:00:00-04:00,39.49005256057039,39.53978738327983,38.813648347055526,39.102115631103516,286700,0.0,0.0,0.0
2024-09-27 00:00:00-04:00,39.25131295164311,39.25131295164311,38.93300559083736,39.092159271240234,206300,0.0,0.0,0.0
2024-09-30 00:00:00-04:00,38.913116267886465,39.082219211032594,38.624652791146616,39.06232452392578,272800,0.0,0.0,0.0
2024-10-01 00:00:00-04:00,39.07226740322603,39.141896906263526,38.42570719008876,38.67438507080078,354700,0.0,0.0,0.0
2024-10-02 00:00:00-04:00,38.57491024244628,39.062320540550665,38.47544061157919,38.99269104003906,256200,0.0,0.0,0.0
2024-10-03 00:00:00-04:00,38.81364180467951,39.241368038026465,38.81364180467951,39.08221435546875,215800,0.0,0.0,0.0
2024-10-04 00:00:00-04:00,39.61936255211767,39.69893750235139,39.2712112355904,39.67904281616211,160200,0.0,0.0,0.0
2024-10-07 00:00:00-04:00,39.559680084281716,39.698939098683,39.27121281472273,39.43036651611328,463100,0.0,0.0,0.0
2024-10-08 00:00:00-04:00,39.60941226444417,39.957559777242636,39.49004794498802,39.91777420043945,5678800,0.0,0.0,0.0
2024-10-09 00:00:00-04:00,39.947614980858894,40.47481087867066,39.917774849140756,40.415130615234375,195200,0.0,0.0,0.0
2024-10-10 00:00:00-04:00,40.186347418174115,40.55438962261685,40.11671791448288,40.415130615234375,241400,0.0,0.0,0.0
2024-10-11 00:00:00-04:00,40.3057077597623,40.84285284479102,40.3057077597623,40.78316879272461,205300,0.0,0.0,0.0
2024-10-14 00:00:00-04:00,40.90253915415273,41.09153678306505,40.862753574744886,41.03185272216797,207100,0.0,0.0,0.0
2024-10-15 00:00:00-04:00,41.002006868631454,41.002006868631454,40.16644910526192,40.26591873168945,304400,0.0,0.0,0.0
2024-10-16 00:00:00-04:00,40.38528981053828,40.45491931961147,40.11672101526949,40.35544967651367,171000,0.0,0.0,0.0
2024-10-17 00:00:00-04:00,40.70359320584598,40.70359320584598,40.28581619262695,40.28581619262695,260900,0.0,0.0,0.0
2024-10-18 00:00:00-04:00,40.46486610805756,40.514600926592024,40.32560709835167,40.47481155395508,237800,0.0,0.0,0.0
2024-10-21 00:00:00-04:00,40.39523905156225,40.54444351620895,40.11672101526949,40.35544967651367,177700,0.0,0.0,0.0
2024-10-22 00:00:00-04:00,40.106771294372805,40.28581968542547,40.01724709884647,40.14656066894531,139000,0.0,0.0,0.0
2024-10-23 00:00:00-04:00,39.88792732189629,40.037135556063504,39.37068071103548,39.60940933227539,201900,0.0,0.0,0.0
2024-10-24 00:00:00-04:00,39.9774553043244,40.12666355267749,39.84814553657666,40.04708480834961,210700,0.0,0.0,0.0
2024-10-25 00:00:00-04:00,40.355445871388575,40.574283618997846,40.027193044497956,40.1366081237793,257800,0.0,0.0,0.0
2024-10-28 00:00:00-04:00,40.39523977618248,40.39523977618248,40.16645655733464,40.19629669189453,126600,0.0,0.0,0.0
2024-10-29 00:00:00-04:00,39.937667985109705,40.534493363449364,39.90782406002647,40.444969177246094,153900,0.0,0.0,0.0
2024-10-30 00:00:00-04:00,40.08687957442941,40.315662803371076,39.907831170123075,40.017250061035156,119000,0.0,0.0,0.0
2024-10-31 00:00:00-04:00,39.72877453075563,39.72877453075563,39.02253030156344,39.08221435546875,169400,0.0,0.0,0.0
2024-11-01 00:00:00-04:00,39.261262893365455,39.53978089042166,39.112054655215,39.1518440246582,453100,0.0,0.0,0.0
2024-11-04 00:00:00-05:00,39.12200717686917,39.44031457007209,39.002639058525496,39.16179275512695,150800,0.0,0.0,0.0
2024-11-05 00:00:00-05:00,39.30105443008204,39.838199615478516,39.30105443008204,39.838199615478516,120100,0.0,0.0,0.0
2024-11-06 00:00:00-05:00,40.75333243188433,41.250688194852806,40.59417873951536,41.22084426879883,366200,0.0,0.0,0.0
2024-11-07 00:00:00-05:00,41.40984549654431,41.658523399703554,41.32032129962604,41.58889389038086,291900,0.0,0.0,0.0
2024-11-08 00:00:00-05:00,41.658521921880535,42.15587771055549,41.658521921880535,42.126033782958984,190400,0.0,0.0,0.0
2024-11-11 00:00:00-05:00,42.265291196168285,42.37470626831055,41.97682396487301,42.37470626831055,190500,0.0,0.0,0.0
2024-11-12 00:00:00-05:00,42.28518764623529,42.37471184032214,41.91714542366647,42.19566345214844,174400,0.0,0.0,0.0
2024-11-13 00:00:00-05:00,42.21555676973349,42.41449983842027,42.0066682551479,42.076297760009766,246600,0.0,0.0,0.0
2024-11-14 00:00:00-05:00,42.07629588365286,42.07629588365286,41.698304449456515,41.748043060302734,140700,0.0,0.0,0.0
2024-11-15 00:00:00-05:00,41.43968201875243,41.52920620786769,41.01195575903767,41.22084426879883,326200,0.0,0.0,0.0
2024-11-18 00:00:00-05:00,41.29047065243722,41.52920307021543,40.972163291748316,41.28052520751953,236100,0.0,0.0,0.0
2024-11-19 00:00:00-05:00,40.942322483245746,41.65851593017578,40.92242779921735,41.65851593017578,137500,0.0,0.0,0.0
2024-11-20 00:00:00-05:00,41.638620717544995,41.708250213498914,41.20094526352271,41.668460845947266,662900,0.0,0.0,0.0
2024-11-21 00:00:00-05:00,42.05640321997307,42.44434011827377,41.738095826776416,42.36476516723633,349100,0.0,0.0,0.0
2024-11-22 00:00:00-05:00,42.434394817943016,42.71291283931489,42.384659999058535,42.65323257446289,230400,0.0,0.0,0.0
2024-11-25 00:00:00-05:00,43.120745804450515,43.200324552829464,42.67312862565145,42.77259826660156,165800,0.0,0.0,0.0
2024-11-26 00:00:00-05:00,42.82233393924641,42.951647510673766,42.74275898380749,42.901912689208984,151200,0.0,0.0,0.0
2024-11-27 00:00:00-05:00,42.9019129110185,42.9019129110185,42.32497835437795,42.53386688232422,174400,0.0,0.0,0.0
2024-11-29 00:00:00-05:00,42.722861533163446,42.95164473272354,42.70296684695951,42.882015228271484,68100,0.0,0.0,0.0
2024-12-02 00:00:00-05:00,43.01132912073396,43.21026839525002,42.95164506166509,43.02127456665039,195900,0.0,0.0,0.0
2024-12-03 00:00:00-05:00,43.021276092675016,43.26000854289526,42.951646585219855,43.210269927978516,170400,0.0,0.0,0.0
2024-12-04 00:00:00-05:00,43.50868930965936,43.73747253417969,43.43905600308691,43.73747253417969,310300,0.0,0.0,0.0
2024-12-05 00:00:00-05:00,43.677785212462894,43.79714953928597,43.47884213807541,43.50868606567383,499400,0.0,0.0,0.0
2024-12-06 00:00:00-05:00,43.69768174578235,43.88667558744837,43.69768174578235,43.83694076538086,378700,0.0,0.0,0.0
2024-12-09 00:00:00-05:00,44.05577353291338,44.05577353291338,42.991432524536116,43.13069152832031,312200,0.0,0.0,0.0
2024-12-10 00:00:00-05:00,43.06106416055319,43.20032317123912,42.56370838266144,42.65323257446289,529500,0.0,0.0,0.0
2024-12-11 00:00:00-05:00,43.041173032874134,43.319691077274754,42.87207008125678,43.240116119384766,159100,0.0,0.0,0.0
2024-12-12 00:00:00-05:00,43.10084827795444,43.23015803238198,42.951640044971285,42.971534729003906,108700,0.0,0.0,0.0
2024-12-13 00:00:00-05:00,43.20032399426167,43.23016412725617,42.73280833988914,43.001380920410156,124100,0.0,0.0,0.0
2024-12-16 00:00:00-05:00,43.06106219318627,43.26995069967151,42.96158876543858,43.200321197509766,86700,0.0,0.0,0.0
2024-12-17 00:00:00-05:00,42.971539765448625,42.98148521136909,42.64328313222184,42.80243682861328,247000,0.0,0.0,0.0
2024-12-18 00:00:00-05:00,42.941697305919746,42.96159199296389,41.00201275066026,41.10148239135742,274400,0.0,0.0,0.0
2024-12-19 00:00:00-05:00,41.628672866077935,41.817670470987,41.131317138671875,41.131317138671875,329500,0.0,0.0,0.0
2024-12-20 00:00:00-05:00,40.93238075545339,42.28518524152148,40.93238075545339,41.87735366821289,297900,0.0,0.0,0.0
2024-12-23 00:00:00-05:00,41.83452707488786,42.0337398685114,41.376340309321314,41.96401596069336,200400,0.057,0.0,0.0
2024-12-24 00:00:00-05:00,42.07358097377137,42.472002740390366,42.06361824479691,42.432159423828125,110200,0.0,0.0,0.0
2024-12-26 00:00:00-05:00,42.32259476045355,42.51184480906728,42.15326256986848,42.42219924926758,189700,0.0,0.0,0.0
2024-12-27 00:00:00-05:00,42.133343410642006,42.1433061399148,41.5058244548328,41.80464553833008,145700,0.0,0.0,0.0
2024-12-30 00:00:00-05:00,41.27673452300016,41.645279543501296,40.87831271119028,41.346458435058594,389100,0.0,0.0,0.0
2024-12-31 00:00:00-05:00,41.44605828643067,41.51578218427159,41.02771109971767,41.097434997558594,210800,0.0,0.0,0.0
2025-01-02 00:00:00-05:00,41.44606447558897,41.605433951547994,40.858388820552285,41.207008361816406,577100,0.0,0.0,0.0
2025-01-03 00:00:00-05:00,41.43610166714714,41.93413175352953,41.3066165804487,41.87437057495117,326600,0.0,0.0,0.0
2025-01-06 00:00:00-05:00,42.282749577932805,42.332551820140644,41.97396959677618,42.073577880859375,554000,0.0,0.0,0.0
2025-01-07 00:00:00-05:00,42.1532642216628,42.20306646802133,41.3763385393997,41.58551025390625,220200,0.0,0.0,0.0
2025-01-08 00:00:00-05:00,41.49586433773999,41.854446587940835,41.16716647483441,41.764801025390625,512000,0.0,0.0,0.0
2025-01-10 00:00:00-05:00,41.56558626262699,41.76479903654847,41.29664958778313,41.4759407043457,348900,0.0,0.0,0.0
2025-01-13 00:00:00-05:00,40.98787734674072,41.38629913330078,40.878310120544604,41.38629913330078,499800,0.0,0.0,0.0
2025-01-14 00:00:00-05:00,41.73491752995803,42.06361536996218,41.555626417349394,41.95404815673828,378900,0.0,0.0,0.0
2025-01-15 00:00:00-05:00,42.760864692739666,42.830588602770725,42.501886912908766,42.551692962646484,218900,0.0,0.0,0.0
2025-01-16 00:00:00-05:00,42.75090109750654,43.10948337021775,42.6413376694386,42.970035552978516,237800,0.0,0.0,0.0
2025-01-17 00:00:00-05:00,43.308690378407746,43.487981490803094,43.15928365118998,43.31865310668945,245200,0.0,0.0,0.0
2025-01-21 00:00:00-05:00,43.82663944595407,44.03581113138961,43.5975461048103,44.02585220336914,327200,0.0,0.0,0.0
2025-01-22 00:00:00-05:00,44.43424284560636,44.43424284560636,44.10554118006153,44.13542556762695,573200,0.0,0.0,0.0
2025-01-23 00:00:00-05:00,44.1254598180907,44.414318146887375,44.02585533213826,44.384437561035156,340900,0.0,0.0,0.0
2025-01-24 00:00:00-05:00,44.374479056403565,44.43424403346428,44.085620700112045,44.17526626586914,109100,0.0,0.0,0.0
2025-01-27 00:00:00-05:00,42.73097895790613,42.95010959176309,42.21302726027281,42.57160949707031,276800,0.0,0.0,0.0
2025-01-28 00:00:00-05:00,42.780784766161986,43.438184321837916,42.452083088490035,43.328617095947266,321700,0.0,0.0,0.0
2025-01-29 00:00:00-05:00,43.31865805074826,43.60751260953727,43.1493258476408,43.38838195800781,286200,0.0,0.0,0.0
2025-01-30 00:00:00-05:00,43.77684448446822,44.274874560970325,43.77684448446822,44.17526626586914,346500,0.0,0.0,0.0
2025-01-31 00:00:00-05:00,44.185227746977205,44.20514940543465,43.46806324118039,43.527828216552734,362600,0.0,0.0,0.0
2025-02-03 00:00:00-05:00,42.432160497208145,43.38838112055181,42.40227990886449,43.169246673583984,995900,0.0,0.0,0.0
2025-02-04 00:00:00-05:00,43.47802597024303,43.597552121319886,43.30869377318863,43.527828216552734,2141500,0.0,0.0,0.0
2025-02-05 00:00:00-05:00,43.70712100027228,44.02585994834161,43.44814323017346,43.966094970703125,289200,0.0,0.0,0.0
2025-02-06 00:00:00-05:00,44.324676513671875,44.41432207883231,43.966094253030136,44.324676513671875,672300,0.0,0.0,0.0
2025-02-07 00:00:00-05:00,44.64341545653833,44.862549904634484,44.22507201890158,44.324676513671875,437400,0.0,0.0,0.0
2025-02-10 00:00:00-05:00,44.6135345730983,44.6135345730983,44.264911244371184,44.47408676147461,214000,0.0,0.0,0.0
2025-02-11 00:00:00-05:00,44.21510223309644,44.21510223309644,43.786796134537596,44.02585220336914,213300,0.0,0.0,0.0
2025-02-12 00:00:00-05:00,43.45810231313371,43.9860129391399,43.38837841157318,43.90633010864258,319900,0.0,0.0,0.0
2025-02-13 00:00:00-05:00,44.045784865608255,44.24499387313604,43.76688541566649,44.23503494262695,379500,0.0,0.0,0.0
2025-02-14 00:00:00-05:00,44.27487532823559,44.47408812222229,44.015897556152474,44.42428207397461,317100,0.0,0.0,0.0
2025-02-18 00:00:00-05:00,44.65337965745852,44.85258865356445,44.54381242979943,44.85258865356445,238300,0.0,0.0,0.0
2025-02-19 00:00:00-05:00,44.69321304711064,44.93226912918597,44.434239107890924,44.74301528930664,263800,0.0,0.0,0.0
2025-02-20 00:00:00-05:00,44.50396329535357,44.50396329535357,43.3385710621425,43.926246643066406,394700,0.0,0.0,0.0
2025-02-21 00:00:00-05:00,44.05573724919301,44.05573724919301,42.2528671215042,42.39231872558594,457100,0.0,0.0,0.0
2025-02-24 00:00:00-05:00,42.53176480840335,42.61144763641411,41.62535031673414,41.95404815673828,1309500,0.0,0.0,0.0
2025-02-25 00:00:00-05:00,41.87437489407841,41.914218217018956,40.90819521094633,41.635318756103516,506400,0.0,0.0,0.0
2025-02-26 00:00:00-05:00,42.15326268034874,42.89034881837451,42.15326268034874,42.36243438720703,475500,0.0,0.0,0.0
2025-02-27 00:00:00-05:00,42.55168641176885,42.55168641176885,41.28668969647443,41.31657028198242,597500,0.0,0.0,0.0
2025-02-28 00:00:00-05:00,41.296651268929736,41.954050789865384,41.067557899477535,41.91421127319336,591600,0.0,0.0,0.0
2025-03-03 00:00:00-05:00,42.12338363155535,42.30267475817087,40.619330713799314,40.94803237915039,1049100,0.0,0.0,0.0
2025-03-04 00:00:00-05:00,40.37031585837149,40.957991487136304,39.304531823103275,40.220909118652344,879100,0.0,0.0,0.0
2025-03-05 00:00:00-05:00,40.16114326429592,40.7886621964571,39.90216930798134,40.66913604736328,619000,0.0,0.0,0.0
2025-03-06 00:00:00-05:00,39.87228675139819,40.24083174416381,39.005715481267146,39.10531997680664,840300,0.0,0.0,0.0
2025-03-07 00:00:00-05:00,38.955913298345045,39.23480892605426,37.89012923569291,39.075439453125,890000,0.0,0.0,0.0
2025-03-10 00:00:00-04:00,38.2785961780147,38.30847676998503,37.19289034029534,37.71084213256836,968900,0.0,0.0,0.0
2025-03-11 00:00:00-04:00,37.62119031457622,38.169022607918784,37.26260807175774,37.661033630371094,1108900,0.0,0.0,0.0
2025-03-12 00:00:00-04:00,38.39810991850871,38.6272032486976,37.6510649636752,38.129173278808594,601600,0.0,0.0,0.0
2025-03-13 00:00:00-04:00,38.07937800797488,38.07937800797488,37.0135939814118,37.182926177978516,377200,0.0,0.0,0.0
2025-03-14 00:00:00-04:00,37.74072257373048,38.44792444510358,37.67099865963276,38.37820053100586,325600,0.0,0.0,0.0
2025-03-17 00:00:00-04:00,38.4180363208245,39.20492468241002,38.40807739204957,38.98579025268555,353800,0.0,0.0,0.0
2025-03-18 00:00:00-04:00,38.69693584575875,38.766659753254906,38.08934233753052,38.288551330566406,345300,0.0,0.0,0.0
2025-03-19 00:00:00-04:00,38.43796377603256,39.55355015081247,38.39812045558766,39.21488952636719,541900,0.0,0.0,0.0
2025-03-20 00:00:00-04:00,38.84634732544917,39.44398191828116,38.84634732544917,39.08540344238281,265100,0.0,0.0,0.0
2025-03-21 00:00:00-04:00,38.61724903165707,39.05551409073848,38.30846904478096,39.01567077636719,263700,0.0,0.0,0.0
2025-03-24 00:00:00-04:00,39.602789590366875,40.21083706331151,39.602789590366875,40.10118865966797,139100,0.029,0.0,0.0
2025-03-25 00:00:00-04:00,40.24073954933381,40.37032437127019,40.01147643512827,40.200870513916016,190500,0.0,0.0,0.0
2025-03-26 00:00:00-04:00,40.17096516813138,40.27064726582138,39.283815412348076,39.42336654663086,182500,0.0,0.0,0.0
2025-03-27 00:00:00-04:00,39.21404016137084,39.473206012487935,38.81531937236257,38.99474334716797,219500,0.0,0.0,0.0
2025-03-28 00:00:00-04:00,38.86515709248946,38.91499623378747,37.84842263958253,37.99794006347656,292700,0.0,0.0,0.0
2025-03-31 00:00:00-04:00,37.32011754195179,38.3069492823983,36.871561462413425,38.127525329589844,753800,0.0,0.0,0.0
2025-04-01 00:00:00-04:00,37.95807065537817,38.49633869953282,37.549379814333626,38.476402282714844,801900,0.0,0.0,0.0
2025-04-02 00:00:00-04:00,37.878329438758314,39.283814668465546,37.878329438758314,39.11436080932617,479200,0.0,0.0,0.0
2025-04-03 00:00:00-04:00,37.021083529660515,37.260316764226864,36.19374302352187,36.233612060546875,563700,0.0,0.0,0.0
2025-04-04 00:00:00-04:00,34.83809611128801,34.95771082462119,33.35286519434193,33.82136154174805,929800,0.0,0.0,0.0
2025-04-07 00:00:00-04:00,32.51555298895453,35.396298892361294,32.057026775104134,34.1901741027832,605200,0.0,0.0,0.0
2025-04-08 00:00:00-04:00,35.66543355954436,35.844857515496514,33.21331123150879,33.751583099365234,900300,0.0,0.0,0.0
2025-04-09 00:00:00-04:00,33.47248111647442,37.97800506024176,33.412671863200686,37.72880554199219,1112200,0.0,0.0,0.0
2025-04-10 00:00:00-04:00,36.761912535301946,36.82171798371507,35.017515976908186,36.12396240234375,464900,0.0,0.0,0.0
2025-04-11 00:00:00-04:00,36.014316702885594,36.662233191526525,35.49598123048304,36.5725212097168,269600,0.0,0.0,0.0
2025-04-14 00:00:00-04:00,37.37992690407932,37.41979973870621,36.43296799534608,36.81175231933594,224200,0.0,0.0,0.0
2025-04-15 00:00:00-04:00,36.88152889453482,37.36996162596032,36.88152889453482,37.021080017089844,189600,0.0,0.0,0.0
2025-04-16 00:00:00-04:00,36.642299354685605,37.06095656678831,35.99438282039604,36.4628791809082,348400,0.0,0.0,0.0
2025-04-17 00:00:00-04:00,36.65226688354012,36.84165715514599,36.33329179321286,36.5725212097168,156600,0.0,0.0,0.0
2025-04-21 00:00:00-04:00,36.10402379241696,36.17379934631592,34.99757743418704,35.42620086669922,196200,0.0,0.0,0.0
2025-04-22 00:00:00-04:00,35.90466842562547,36.672203427630876,35.894698315121886,36.522682189941406,179400,0.0,0.0,0.0
2025-04-23 00:00:00-04:00,37.88829452463505,38.47640556220291,37.32011990558443,37.45967483520508,246100,0.0,0.0,0.0
2025-04-24 00:00:00-04:00,37.549378237130895,38.62592188518709,37.49953909842071,38.516273498535156,124700,0.0,0.0,0.0
2025-04-25 00:00:00-04:00,38.4664421582474,38.77545096486894,38.32689102057423,38.74554443359375,286100,0.0,0.0,0.0
2025-04-28 00:00:00-04:00,38.81532030973303,39.174168268009815,38.49634519181664,38.92496871948242,965000,0.0,0.0,0.0
2025-04-29 00:00:00-04:00,38.82528601104212,39.23397307210644,38.596022908736074,39.174163818359375,314400,0.0,0.0,0.0
2025-04-30 00:00:00-04:00,38.19730454035973,39.17416626432447,37.918202277079274,39.11436080932617,191400,0.0,0.0,0.0
2025-05-01 00:00:00-04:00,39.542977887886835,39.96163505750194,39.423363183346616,39.552947998046875,152500,0.0,0.0,0.0
2025-05-02 00:00:00-04:00,40.09122205033316,40.65939668087138,40.061315520711126,40.52981185913086,338600,0.0,0.0,0.0
2025-05-05 00:00:00-04:00,40.081253303993385,40.82885192777956,40.081253303993385,40.589622497558594,744200,0.0,0.0,0.0
2025-05-06 00:00:00-04:00,40.00150919575993,40.529810976958494,39.97160266678885,40.27064514160156,1701000,0.0,0.0,0.0
2025-05-07 00:00:00-04:00,40.170965107809536,40.489940214972115,40.00151124571582,40.36035919189453,361200,0.0,0.0,0.0
2025-05-08 00:00:00-04:00,40.828851046497704,41.31728380992125,40.62949065729456,40.938499450683594,547200,0.0,0.0,0.0
2025-05-09 00:00:00-04:00,41.008275271394574,41.06808452927217,40.49990988812611,40.83882141113281,395100,0.0,0.0,0.0
2025-05-12 00:00:00-04:00,42.43369200163561,42.54334039376886,41.99510223558538,42.50346755981445,595300,0.0,0.0,0.0
2025-05-13 00:00:00-04:00,42.65299405848027,43.63982210470139,42.62308752807618,43.45043182373047,722000,0.0,0.0,0.0
2025-05-14 00:00:00-04:00,43.58997786099066,43.689659946544545,43.27100279218374,43.34077835083008,157900,0.0,0.0,0.0
2025-05-15 00:00:00-04:00,43.10154895046627,43.38065118505163,42.93209130626604,43.34077835083008,249800,0.0,0.0,0.0
2025-05-16 00:00:00-04:00,43.370682298160425,43.79930577192096,43.33081326529746,43.77936935424805,250600,0.0,0.0,0.0
2025-05-19 00:00:00-04:00,43.14141908943622,43.85911491391295,43.14141908943622,43.8292121887207,169900,0.0,0.0,0.0
2025-05-20 00:00:00-04:00,43.58001827825843,43.64979384767143,43.18129747948408,43.410560607910156,214500,0.0,0.0,0.0
2025-05-21 00:00:00-04:00,43.00186471472921,43.11151310211446,42.164554250357625,42.3140754699707,556100,0.0,0.0,0.0
2025-05-22 00:00:00-04:00,42.17452828527083,42.563278929470755,42.06487988767949,42.26424026489258,206000,0.0,0.0,0.0
2025-05-23 00:00:00-04:00,41.656192380073904,42.334015373860595,41.556510291291815,42.1346549987793,255400,0.0,0.0,0.0
2025-05-27 00:00:00-04:00,42.7825707931977,43.11151597729133,42.56327780628477,43.04174041748047,174800,0.0,0.0,0.0
2025-05-28 00:00:00-04:00,43.151390234946184,43.151390234946184,42.75266947789525,42.772605895996094,86300,0.0,0.0,0.0
2025-05-29 00:00:00-04:00,43.11151706931973,43.11151706931973,42.403791343321025,42.59318161010742,152300,0.0,0.0,0.0
2025-05-30 00:00:00-04:00,42.53337280495344,42.82244516453182,42.18449499338157,42.7227668762207,172900,0.0,0.0,0.0
2025-06-02 00:00:00-04:00,42.65298828812996,43.04173890844174,42.24430125107365,43.031768798828125,586200,0.0,0.0,0.0
2025-06-03 00:00:00-04:00,43.12148809048184,43.54014530819622,43.03177610114899,43.46039962768555,163000,0.0,0.0,0.0
2025-06-04 00:00:00-04:00,43.46039674988761,43.5800152627329,43.28097278310276,43.390621185302734,341600,0.0,0.0,0.0
2025-06-05 00:00:00-04:00,43.460393051011984,43.72952897828334,43.10154895046627,43.34077835083008,163500,0.0,0.0,0.0
2025-06-06 00:00:00-04:00,43.759436739057996,43.87905144261263,43.58997909007964,43.77936935424805,164700,0.0,0.0,0.0
2025-06-09 00:00:00-04:00,43.88901906246747,43.88901906246747,43.56007766723633,43.56007766723633,302300,0.0,0.0,0.0
2025-06-10 00:00:00-04:00,43.65975550512401,43.709594649040234,43.1115173170797,43.43049240112305,520100,0.0,0.0,0.0
2025-06-11 00:00:00-04:00,43.61988474399014,43.7893424043459,43.370685210071706,43.520206451416016,331300,0.0,0.0,0.0
2025-06-12 00:00:00-04:00,43.30090871337813,43.61988380573397,43.30090871337813,43.58998107910156,253300,0.0,0.0,0.0
2025-06-13 00:00:00-04:00,42.892219666605236,43.33081325029178,42.70282940250242,42.84238052368164,967400,0.0,0.0,0.0
2025-06-16 00:00:00-04:00,43.231131665650715,43.789339959354194,43.231131665650715,43.580013275146484,282900,0.0,0.0,0.0
2025-06-17 00:00:00-04:00,43.37068144205279,43.570041812363854,43.05170637054821,43.191261291503906,253100,0.0,0.0,0.0
2025-06-18 00:00:00-04:00,43.17132024222124,43.560070831251856,43.121477303129204,43.21118927001953,222200,0.0,0.0,0.0
2025-06-20 00:00:00-04:00,43.530174071523184,43.58998333035997,43.15139350633993,43.30091094970703,182700,0.0,0.0,0.0
2025-06-23 00:00:00-04:00,43.20215716415895,43.87048700199461,42.86300363005173,43.85053634643555,191800,0.031,0.0,0.0
2025-06-24 00:00:00-04:00,44.33932024394314,44.68844722172906,44.239566960862405,44.618621826171875,187200,0.0,0.0,0.0
2025-06-25 00:00:00-04:00,44.68844490531921,44.77822095283903,44.309390059657915,44.399166107177734,104800,0.0,0.0,0.0
2025-06-26 00:00:00-04:00,44.61862219087743,45.01762771606445,44.4989220554008,45.01762771606445,180800,0.0,0.0,0.0
2025-06-27 00:00:00-04:00,45.117368704341935,45.56624888440507,44.93781663231668,45.29692077636719,149500,0.0,0.0,0.0
2025-06-30 00:00:00-04:00,45.53632862457383,45.755778215846185,45.43657535108793,45.656028747558594,586000,0.0,0.0,0.0
2025-07-01 00:00:00-04:00,45.536324807466855,45.6959262264673,45.027592668329305,45.29692077636719,412200,0.0,0.0,0.0
2025-07-02 00:00:00-04:00,45.30690115667979,45.5961799621582,45.187201025350255,45.5961799621582,600100,0.0,0.0,0.0
2025-07-03 00:00:00-04:00,45.80566058761823,46.234590222131466,45.80566058761823,46.20466613769531,365500,0.0,0.0,0.0
2025-07-07 00:00:00-04:00,46.055034226238284,46.204662246214845,45.666005940537545,46.01513671875,490800,0.0,0.0,0.0
2025-07-08 00:00:00-04:00,46.13483761052737,46.13483761052737,45.596181295989204,45.90541076660156,417100,0.0,0.0,0.0
2025-07-09 00:00:00-04:00,46.065009109878105,46.15478515625,45.885457017134314,46.15478515625,256400,0.0,0.0,0.0
2025-07-10 00:00:00-04:00,46.33433850935685,46.444065214040386,46.035086281709894,46.27448654174805,391100,0.0,0.0,0.0
2025-07-11 00:00:00-04:00,46.0151354533235,46.14480900819195,45.89543151855469,45.89543151855469,179900,0.0,0.0,0.0
2025-07-14 00:00:00-04:00,45.885460879646544,46.36426523220162,45.835586139730154,46.34431457519531,181700,0.0,0.0,0.0
2025-07-15 00:00:00-04:00,46.483963523595584,46.483963523595584,45.80565643310547,45.80565643310547,174200,0.0,0.0,0.0
2025-07-16 00:00:00-04:00,46.0251052662166,46.0251052662166,45.29692351025293,45.91537857055664,287300,0.0,0.0,0.0
2025-07-17 00:00:00-04:00,46.06501065239651,46.52386432468526,46.06501065239651,46.48396301269531,114600,0.0,0.0,0.0
2025-07-18 00:00:00-04:00,46.643561902801295,46.703413867510704,46.46401361906974,46.60366439819336,194200,0.0,0.0,0.0
2025-07-21 00:00:00-04:00,46.733337215476745,46.77323852465821,46.354286193847656,46.354286193847656,464000,0.0,0.0,0.0
2025-07-22 00:00:00-04:00,46.45404170614778,46.45404170614778,45.88546129452285,46.38421630859375,174200,0.0,0.0,0.0
2025-07-23 00:00:00-04:00,46.7034162623777,47.01264572143555,46.7034162623777,47.01264572143555,107600,0.0,0.0,0.0
2025-07-24 00:00:00-04:00,46.97274294055102,47.052541756561524,46.813141503331586,46.87299346923828,130100,0.0,0.0,0.0
2025-07-25 00:00:00-04:00,46.98271737702391,47.33184814453125,46.98271737702391,47.33184814453125,95900,0.0,0.0,0.0
2025-07-28 00:00:00-04:00,47.44157791137695,47.45155133728747,47.24207514637797,47.44157791137695,392600,0.0,0.0,0.0
2025-07-29 00:00:00-04:00,47.40167421142658,47.46152617947332,46.86301791460163,47.032596588134766,262900,0.0,0.0,0.0
2025-07-30 00:00:00-04:00,47.00266953280733,47.35180031145689,46.83309466147362,47.112396240234375,176800,0.0,0.0,0.0
2025-07-31 00:00:00-04:00,47.32186700859931,47.451544357553985,46.663510644580626,46.7832145690918,166400,0.0,0.0,0.0
2025-08-01 00:00:00-04:00,45.985211188965756,46.17474053134502,45.22710523504511,45.87548828125,464400,0.0,0.0,0.0
2025-08-04 00:00:00-04:00,46.26451432040982,46.773242740129035,46.26451432040982,46.753292083740234,167700,0.0,0.0,0.0
2025-08-05 00:00:00-04:00,47.0026683185267,47.112395023119035,46.34431189617122,46.63359069824219,224700,0.0,0.0,0.0
2025-08-06 00:00:00-04:00,46.66351255770443,46.68346321260757,46.334336264798516,46.60366439819336,252400,0.0,0.0,0.0
2025-08-07 00:00:00-04:00,46.79319217876207,46.81314283463167,45.845556953547955,46.27448654174805,343500,0.0,0.0,0.0
2025-08-08 00:00:00-04:00,46.15478497236091,46.16475839738542,45.69593131726534,45.77573013305664,185400,0.0,0.0,0.0
2025-08-11 00:00:00-04:00,45.72585816749572,45.9752356653976,45.616131459587116,45.67598342895508,192700,0.0,0.0,0.0
2025-08-12 00:00:00-04:00,45.9852110499085,46.63359409415271,45.96526419780145,46.593692779541016,221500,0.0,0.0,0.0
2025-08-13 00:00:00-04:00,46.80316502313528,46.87299422041136,46.2944366229701,46.763267517089844,221900,0.0,0.0,0.0
2025-08-14 00:00:00-04:00,46.29443761909525,46.473989718357814,46.204661569463966,46.314388275146484,256400,0.0,0.0,0.0
2025-08-15 00:00:00-04:00,46.414136065103015,46.414136065103015,46.114883845596175,46.15478515625,227500,0.0,0.0,0.0
2025-08-18 00:00:00-04:00,46.1248642051134,46.53384315406546,46.1248642051134,46.45404052734375,85300,0.0,0.0,0.0
2025-08-19 00:00:00-04:00,46.46401984487334,46.48396669725086,45.955287589673176,46.104915618896484,205100,0.0,0.0,0.0
2025-08-20 00:00:00-04:00,45.89543374555712,45.9951870293715,45.30690268924771,45.92536163330078,168200,0.0,0.0,0.0
2025-08-21 00:00:00-04:00,45.78570790258594,45.80565475286991,45.49642910588849,45.646053314208984,151200,0.0,0.0,0.0
2025-08-22 00:00:00-04:00,45.8555347671549,46.8729953982508,45.8555347671549,46.693443298339844,143300,0.0,0.0,0.0
2025-08-25 00:00:00-04:00,46.55378778172532,46.62361697937049,46.404163571567516,46.42411422729492,195900,0.0,0.0,0.0
2025-08-26 00:00:00-04:00,46.36426242383371,46.8131426662892,46.36426242383371,46.803165435791016,101600,0.0,0.0,0.0
2025-08-27 00:00:00-04:00,46.70341500285066,47.02261787866386,46.70341500285066,46.892940521240234,137900,0.0,0.0,0.0
2025-08-28 00:00:00-04:00,47.05254318857754,47.38172330328513,47.02261910731268,47.37174987792969,79700,0.0,0.0,0.0
2025-08-29 00:00:00-04:00,47.24207471255257,47.24207471255257,46.67349431090595,46.85304641723633,236400,0.0,0.0,0.0
2025-09-02 00:00:00-04:00,46.05503342179975,46.48396301269531,45.94531052162522,46.48396301269531,377600,0.0,0.0,0.0
2025-09-03 00:00:00-04:00,46.48396481982891,46.633592843008955,46.20466323543811,46.47399139404297,155800,0.0,0.0,0.0
2025-09-04 00:00:00-04:00,46.473989964369004,46.88296890258789,46.44406588273303,46.88296890258789,169200,0.0,0.0,0.0
2025-09-05 00:00:00-04:00,47.14232198127405,47.26202592369738,46.254538670227525,46.72336959838867,337100,0.0,0.0,0.0
2025-09-08 00:00:00-04:00,46.833093623298545,47.01264572143555,46.763268230156214,47.01264572143555,130700,0.0,0.0,0.0
2025-09-09 00:00:00-04:00,46.942822751645764,47.142321710809235,46.723369330327465,47.062522888183594,106900,0.0,0.0,0.0
2025-09-10 00:00:00-04:00,47.471499011962564,47.80067531911181,47.36177230784665,47.5213737487793,128900,0.0,0.0,0.0
2025-09-11 00:00:00-04:00,47.7109058756351,48.0799835159746,47.68097798763009,47.97025680541992,168000,0.0,0.0,0.0
2025-09-12 00:00:00-04:00,47.91040349793471,47.94033138510475,47.61115126262466,47.66102600097656,113500,0.0,0.0,0.0
2025-09-15 00:00:00-04:00,47.76078054426448,47.980230159848354,47.7208792304497,47.780731201171875,97000,0.0,0.0,0.0
2025-09-16 00:00:00-04:00,47.78073328130806,47.78073328130806,47.272001021018674,47.431602478027344,115900,0.0,0.0,0.0
2025-09-17 00:00:00-04:00,47.551299553011475,47.641075604614336,46.8530456018766,47.32187271118164,207400,0.0,0.0,0.0
2025-09-18 00:00:00-04:00,47.631099996134395,47.980226955702065,47.54132394864579,47.840576171875,149100,0.0,0.0,0.0
2025-09-19 00:00:00-04:00,48.050054449794565,48.109906419138305,47.700927474952664,48.04008102416992,110200,0.0,0.0,0.0
2025-09-22 00:00:00-04:00,47.80643862206732,48.26573096767033,47.7165767449853,48.18585205078125,175100,0.046,0.0,0.0
2025-09-23 00:00:00-04:00,48.21581100941213,48.42548746369083,47.92625563416824,48.05605697631836,131900,0.0,0.0,0.0
2025-09-24 00:00:00-04:00,48.155903823776974,48.20582624704056,47.51688766479492,47.51688766479492,111600,0.0,0.0,0.0
2025-09-25 00:00:00-04:00,46.98770339270437,47.33716416639731,46.7580571973009,47.17741012573242,246100,0.0,0.0,0.0
2025-09-26 00:00:00-04:00,47.3870837648042,47.666656175927656,47.27725215423819,47.63669967651367,137400,0.0,0.0,0.0
2025-09-29 00:00:00-04:00,48.00613502508307,48.06604040755679,47.59676126438391,47.736549377441406,213800,0.0,0.0,0.0
2025-09-30 00:00:00-04:00,47.67663924460043,47.80644058545787,47.26726930082224,47.64668655395508,245500,0.0,0.0,0.0
2025-10-01 00:00:00-04:00,47.35713180158842,47.81642417206738,47.33716207128457,47.70659255981445,683900,0.0,0.0,0.0
2025-10-02 00:00:00-04:00,47.916275644671515,47.99615076175302,47.60675051999322,47.97618103027344,269900,0.0,0.0,0.0
2025-10-03 00:00:00-04:00,48.155906240325905,48.1758759724008,47.696613829114035,47.74653625488281,247200,0.0,0.0,0.0
2025-10-06 00:00:00-04:00,48.09599612990386,48.28570667659096,47.7065958839373,48.02610397338867,254400,0.0,0.0,0.0
2025-10-07 00:00:00-04:00,48.09599331003341,48.1858551929753,47.39707178585937,47.75651931762695,457700,0.0,0.0,0.0
2025-10-08 00:00:00-04:00,47.856365659743275,48.30567508852015,47.78647350513762,48.2657356262207,111400,0.0,0.0,0.0
2025-10-09 00:00:00-04:00,48.335625582023305,48.36557827296695,47.95620832511189,48.05605697631836,242400,0.0,0.0,0.0
2025-10-10 00:00:00-04:00,48.09599250170883,48.2757162645721,46.588314056396484,46.588314056396484,387300,0.0,0.0,0.0
2025-10-13 00:00:00-04:00,47.217348173777395,47.546839206413175,47.07756386848726,47.40705490112305,165600,0.0,0.0,0.0
2025-10-14 00:00:00-04:00,46.78800679325569,47.88631527403662,46.5583606130501,47.606746673583984,208600,0.0,0.0,0.0
2025-10-15 00:00:00-04:00,47.966194616960664,48.16588810854829,47.24729957077983,47.64668655395508,235200,0.0,0.0,0.0
2025-10-16 00:00:00-04:00,47.81642124820297,47.936235813863135,46.83792737616614,47.06757354736328,172800,0.0,0.0,0.0
2025-10-17 00:00:00-04:00,46.857897315322134,47.267267241263,46.67817356160796,47.08754348754883,82200,0.0,0.0,0.0
2025-10-20 00:00:00-04:00,47.39706970213275,47.71657775880475,47.39706970213275,47.55682373046875,75600,0.0,0.0,0.0
2025-10-21 00:00:00-04:00,47.51688636016968,47.82641147004436,47.327179633441965,47.75651931762695,75800,0.0,0.0,0.0
2025-10-22 00:00:00-04:00,47.88631929024956,47.916275791979444,46.86788583468085,47.25728988647461,172600,0.0,0.0,0.0
2025-10-23 00:00:00-04:00,47.27725236275319,47.75651826712531,47.27725236275319,47.65666961669922,204000,0.0,0.0,0.0
2025-10-24 00:00:00-04:00,48.1159621479123,48.3356253707699,48.03608703613281,48.03608703613281,74500,0.0,0.0,0.0
2025-10-27 00:00:00-04:00,48.555285350644205,48.56526831063617,48.31565241363756,48.45543670654297,67400,0.0,0.0,0.0
2025-10-28 00:00:00-04:00,48.2657286443776,48.2657286443776,47.966190338134766,47.966190338134766,191100,0.0,0.0,0.0
2025-10-29 00:00:00-04:00,47.89630168460851,48.28570189198964,47.71657792599622,47.93623733520508,164000,0.0,0.0,0.0
2025-10-30 00:00:00-04:00,47.48693235537869,48.00613390814519,47.22732967457717,47.267269134521484,111400,0.0,0.0,0.0
2025-10-31 00:00:00-04:00,47.40705604831299,47.766503589949586,47.23731904744946,47.51688766479492,91700,0.0,0.0,0.0
2025-11-03 00:00:00-05:00,47.66665864145455,47.66665864145455,47.0575951759662,47.50690460205078,136700,0.0,0.0,0.0
2025-11-04 00:00:00-05:00,46.65820720341756,46.857900700731555,46.27878993940464,46.318729400634766,622400,0.0,0.0,0.0
2025-11-05 00:00:00-05:00,46.03915814705874,46.69814398418361,45.95927922918351,46.428558349609375,423700,0.0,0.0,0.0
2025-11-06 00:00:00-05:00,46.22886630970097,46.408590071705184,45.629789642244646,45.8394660949707,631200,0.0,0.0,0.0
2025-11-07 00:00:00-05:00,45.58985209093653,46.45851443777067,45.3901585904776,46.38862228393555,607500,0.0,0.0,0.0
2025-11-10 00:00:00-05:00,46.88785203324217,47.10751525480453,46.45851235955386,46.917808532714844,382500,0.0,0.0,0.0
2025-11-11 00:00:00-05:00,46.76804195927979,46.8978433125795,46.518426023077154,46.61827087402344,209600,0.0,0.0,0.0
2025-11-12 00:00:00-05:00,46.78800891353435,47.017655104146755,46.66819433774455,46.718116760253906,162700,0.0,0.0,0.0
2025-11-13 00:00:00-05:00,46.51842269059489,46.6182675343885,45.49000632594142,45.569881439208984,336000,0.0,0.0,0.0
2025-11-14 00:00:00-05:00,44.890925529551,45.95928134794747,44.80106364721687,45.5399284362793,312400,0.0,0.0,0.0
2025-11-17 00:00:00-05:00,45.41012560444049,45.569879633481925,44.3916922409876,44.6712646484375,308500,0.0,0.0,0.0
2025-11-18 00:00:00-05:00,44.35175542914923,44.89092673766426,44.19200139057108,44.56143569946289,297800,0.0,0.0,0.0
2025-11-19 00:00:00-05:00,44.61135629256458,45.060665697898045,44.45160226053896,44.75114059448242,267900,0.0,0.0,0.0
2025-11-20 00:00:00-05:00,45.47003491350583,45.619802173656446,43.572952480905975,43.59292221069336,242000,0.0,0.0,0.0
2025-11-21 00:00:00-05:00,43.73270937229903,44.56143607294421,43.343309138053414,44.23194122314453,255400,0.0,0.0,0.0
2025-11-24 00:00:00-05:00,44.41166679278531,44.96082108918823,44.31182194210729,44.771114349365234,144900,0.0,0.0,0.0
2025-11-25 00:00:00-05:00,44.76113031415506,45.480021601234085,44.5015276144802,45.400146484375,89500,0.0,0.0,0.0
2025-11-26 00:00:00-05:00,45.61980266360316,46.00920668538449,45.609819703020506,45.819496154785156,93600,0.0,0.0,0.0
2025-11-28 00:00:00-05:00,45.9393135454564,46.15897678012194,45.90936085303357,46.08908462524414,26400,0.0,0.0,0.0
2025-12-01 00:00:00-05:00,45.67971196127791,46.11903459584456,45.58985008047603,45.82948303222656,167300,0.0,0.0,0.0
2025-12-02 00:00:00-05:00,46.04914391273298,46.13900579639886,45.829484492867124,45.969268798828125,112400,0.0,0.0,0.0
2025-12-03 00:00:00-05:00,45.91934693801928,46.408592014865114,45.91934693801928,46.38862228393555,118200,0.0,0.0,0.0
2025-12-04 00:00:00-05:00,46.368651042072464,46.70812883913967,46.33869835107249,46.60828399658203,94400,0.0,0.0,0.0
2025-12-05 00:00:00-05:00,46.638240814208984,46.877873789921665,46.57833542690851,46.638240814208984,81700,0.0,0.0,0.0
2025-12-08 00:00:00-05:00,46.7181178645601,46.72810082576326,46.338700588614394,46.45851516723633,150500,0.0,0.0,0.0
2025-12-09 00:00:00-05:00,46.32871658923078,46.71811681765358,46.32871658923078,46.35866928100586,68100,0.0,0.0,0.0
2025-12-10 00:00:00-05:00,46.49845192083616,47.13746804804133,46.26880573817409,46.927791595458984,272100,0.0,0.0,0.0
2025-12-11 00:00:00-05:00,46.72809729668395,47.59675959155273,46.72809729668395,47.5767936706543,131700,0.0,0.0,0.0
2025-12-12 00:00:00-05:00,47.65667199704844,47.65667199704844,46.62825560373013,46.78800964355469,137700,0.0,0.0,0.0
2025-12-15 00:00:00-05:00,47.08754778158972,47.08754778158972,46.65820808732393,46.76803970336914,90100,0.0,0.0,0.0
2025-12-16 00:00:00-05:00,46.70813071922404,46.98770314554458,46.5084410260709,46.78800964355469,123000,0.0,0.0,0.0
2025-12-17 00:00:00-05:00,46.79799135056063,46.957745386104015,45.919346059490316,45.93931198120117,112500,0.0,0.0,0.0
2025-12-18 00:00:00-05:00,46.52840382081023,46.927790797944354,46.39860629075266,46.488468170166016,142700,0.0,0.0,0.0
2025-12-19 00:00:00-05:00,46.60828591124745,47.24730207107491,46.60828591124745,47.157440185546875,130900,0.0,0.0,0.0
2025-12-22 00:00:00-05:00,47.59383404796175,47.70368194580078,47.34418111992808,47.70368194580078,104100,0.007,0.0,0.0
2025-12-23 00:00:00-05:00,47.56387679106268,47.70368182089124,47.40409906991556,47.593833923339844,91800,0.0,0.0,0.0
2025-12-24 00:00:00-05:00,47.603818175073805,47.7536114546669,47.553888351676555,47.733638763427734,45800,0.0,0.0,0.0
2025-12-26 00:00:00-05:00,47.80354253588511,47.80354253588511,47.56387785351164,47.613807678222656,68300,0.0,0.0,0.0
2025-12-29 00:00:00-05:00,47.33419937155977,47.523934236273966,47.154448948398276,47.32421112060547,70200,0.0,0.0,0.0
2025-12-30 00:00:00-05:00,47.32420950317891,47.32420950317891,47.10451370251208,47.114501953125,86100,0.0,0.0,0.0
2025-12-31 00:00:00-05:00,47.10451384631361,47.10451384631361,46.615196228027344,46.615196228027344,76300,0.0,0.0,0.0
2026-01-02 00:00:00-05:00,47.044597564512365,47.33419587034058,46.88481984567633,47.29425048828125,199700,0.0,0.0,0.0
2026-01-05 00:00:00-05:00,47.61380810997763,47.873445486470146,47.59383541803182,47.693695068359375,194100,0.0,0.0,0.0
2026-01-06 00:00:00-05:00,47.83350467029942,48.72226852426949,47.783571034942554,48.7122802734375,140100,0.0,0.0,0.0
2026-01-07 00:00:00-05:00,48.51255848181041,48.67233620231471,48.282874437271715,48.34279251098633,75200,0.0,0.0,0.0
2026-01-08 00:00:00-05:00,48.28287443960017,48.28287443960017,47.53391566043739,47.733638763427734,75600,0.0,0.0,0.0
2026-01-09 00:00:00-05:00,48.07316931580584,48.42268571598474,48.03322393131656,48.352779388427734,52900,0.0,0.0,0.0
2026-01-12 00:00:00-05:00,48.043209387366524,48.712277396333995,48.043209387366524,48.62240219116211,68400,0.0,0.0,0.0
2026-01-13 00:00:00-05:00,48.672335761938584,48.98190294982652,48.63239037982359,48.87205505371094,57800,0.0,0.0,0.0
2026-01-14 00:00:00-05:00,48.67233418964042,48.67233418964042,47.93335988198988,48.41269302368164,152900,0.0,0.0,0.0
2026-01-15 00:00:00-05:00,48.9819040156074,49.331420402616644,48.87205611710167,48.89202880859375,60300,0.0,0.0,0.0
2026-01-16 00:00:00-05:00,49.221575594150565,49.221575594150565,48.67233987654333,48.84210205078125,171000,0.0,0.0,0.0
2026-01-20 00:00:00-05:00,48.04320764536131,48.672334058752945,48.04320764536131,48.3028450012207,117100,0.0,0.0,0.0
2026-01-21 00:00:00-05:00,48.52254137158965,49.321429948572764,48.332806524994034,49.10173416137695,198400,0.0,0.0,0.0
2026-01-22 00:00:00-05:00,49.631000627357885,49.631000627357885,49.001874210318086,49.13169479370117,110300,0.0,0.0,0.0
2026-01-23 00:00:00-05:00,49.061792465835424,49.2015974902797,48.80215129809501,48.99188995361328,71900,0.0,0.0,0.0
2026-01-26 00:00:00-05:00,49.02184658829963,49.391331836217965,49.02184658829963,49.161651611328125,90700,0.0,0.0,0.0
2026-01-27 00:00:00-05:00,49.521153687799334,49.80076374102159,49.50118099694043,49.65097427368164,67200,0.0,0.0,0.0
2026-01-28 00:00:00-05:00,49.68093077772621,49.860681183784656,49.59105557469699,49.71088790893555,160400,0.0,0.0,0.0
2026-01-29 00:00:00-05:00,49.80076524265335,49.90062869995908,48.83211446789675,49.75083541870117,132200,0.0,0.0,0.0
2026-01-30 00:00:00-05:00,49.54112566693762,50.0404315030335,48.47261148244453,48.74223709106445,134900,0.0,0.0,0.0
2026-02-02 00:00:00-05:00,48.80215673300901,49.65097903358134,48.80215673300901,49.56110382080078,235400,0.0,0.0,0.0
2026-02-03 00:00:00-05:00,49.960542659653825,49.960542659653825,48.48259778517255,49.1716423034668,280800,0.0,0.0,0.0
2026-02-04 00:00:00-05:00,48.94195601821298,48.94195601821298,46.98467806936122,47.55388641357422,318200,0.0,0.0,0.0
2026-02-05 00:00:00-05:00,47.054582381082454,47.73363864390855,46.784956764130804,47.01464080810547,214200,0.0,0.0,0.0
2026-02-06 00:00:00-05:00,47.91338456589904,48.88203904610652,47.773579550075475,48.79216384887695,232600,0.0,0.0,0.0
2026-02-09 00:00:00-05:00,48.70229203207679,49.58107137605084,48.602428578556314,49.32143020629883,116400,0.0,0.0,0.0
2026-02-10 00:00:00-05:00,49.41130773248263,49.571085456224964,49.12170941776172,49.22157287597656,107800,0.0,0.0,0.0
2026-02-11 00:00:00-05:00,49.770807360551906,50.07039010915424,49.04182127550574,49.700904846191406,168000,0.0,0.0,0.0
2026-02-12 00:00:00-05:00,49.9505587969144,50.310059626377104,48.75222396850586,48.75222396850586,241800,0.0,0.0,0.0
2026-02-13 00:00:00-05:00,48.84209705760423,49.740849092282374,48.35277565885696,49.32143020629883,237500,0.0,0.0,0.0
2026-02-17 00:00:00-05:00,49.04182077990277,49.56109931661975,48.72226534336944,49.26151657104492,347800,0.0,0.0,0.0
2026-02-18 00:00:00-05:00,49.281485513446405,50.04043253320105,49.24154394088139,49.62101364135742,100000,0.0,0.0,0.0
2026-02-19 00:00:00-05:00,49.36137702772173,49.680932469507155,49.20159930682902,49.67094802856445,126000,0.0,0.0,0.0
2026-02-20 00:00:00-05:00,49.491198843826695,50.42989250117695,49.491198843826695,50.1602668762207,257300,0.0,0.0,0.0
2026-02-23 00:00:00-05:00,49.920600135070075,49.99050264872416,49.02184808894428,49.26151657104492,188100,0.0,0.0,0.0
2026-02-24 00:00:00-05:00,49.291474943298965,49.870667758066666,48.971919498723395,49.75083541870117,292700,0.0,0.0,0.0
2026-02-25 00:00:00-05:00,49.910612138688926,50.16026506283767,49.89063944762887,50.090362548828125,151700,0.0,0.0,0.0
2026-02-26 00:00:00-05:00,50.10034880087439,50.250142084539455,49.18162783530624,50.1602668762207,280400,0.0,0.0,0.0
2026-02-27 00:00:00-05:00,49.36137609674386,49.860681941291624,49.36137609674386,49.76082229614258,206000,0.0,0.0,0.0
2026-03-02 00:00:00-05:00,48.86207364589056,49.64098959847593,48.86207364589056,49.43128204345703,718000,0.0,0.0,0.0
2026-03-03 00:00:00-05:00,48.04320914208536,48.64237463390473,47.39411001811329,48.4027099609375,724700,0.0,0.0,0.0
2026-03-04 00:00:00-05:00,48.82212380544957,49.28148425815747,48.63238896004445,49.13169479370117,475400,0.0,0.0,0.0
2026-03-05 00:00:00-05:00,48.79217123972299,49.15167208309705,47.79355947897353,48.57247543334961,320300,0.0,0.0,0.0
2026-03-06 00:00:00-05:00,47.56387942281169,48.113115131557,47.334199174041885,47.46401596069336,562400,0.0,0.0,0.0
2026-03-09 00:00:00-04:00,46.66512610145853,48.612419754185055,46.51533662626509,48.5525016784668,781400,0.0,0.0,0.0
2026-03-10 00:00:00-04:00,48.62239807000366,49.36137233982725,48.522538432454986,48.65235900878906,662100,0.0,0.0,0.0
2026-03-11 00:00:00-04:00,48.62240231708389,48.96193044756795,48.432667465408,48.73225021362305,525300,0.0,0.0,0.0
2026-03-12 00:00:00-04:00,48.26290372221847,48.31283354371678,47.643761745555594,47.663734436035156,680100,0.0,0.0,0.0
2026-03-13 00:00:00-04:00,47.973307313393036,48.35277701924338,47.40409894521617,47.483985900878906,321000,0.0,0.0,0.0
2026-03-16 00:00:00-04:00,48.163043472577364,48.65236489836268,48.163043472577364,48.33280944824219,207700,0.0,0.0,0.0
2026-03-17 00:00:00-04:00,48.67233732633101,48.98190452416884,48.552501176134335,48.722267150878906,197700,0.0,0.0,0.0
2026-03-18 00:00:00-04:00,48.56248629707333,49.02184674835278,48.41269302368164,48.41269302368164,388400,0.0,0.0,0.0
2026-03-19 00:00:00-04:00,47.613806972434986,48.74223927930399,47.533916206560434,48.532527923583984,454200,0.0,0.0,0.0
2026-03-20 00:00:00-04:00,48.4027088577156,48.4027088577156,46.71505269761475,47.1644287109375,668000,0.0,0.0,0.0
2026-03-23 00:00:00-04:00,47.97060059627661,48.83970452969575,47.7208577800595,47.900672912597656,1289400,0.017,0.0,0.0
2026-03-24 00:00:00-04:00,47.49109506619782,48.14042410490333,47.241352248825024,48.030540466308594,731700,0.0,0.0,0.0
2026-03-25 00:00:00-04:00,48.46009702667354,48.699851820066364,48.01056298156838,48.240325927734375,413300,0.0,0.0,0.0
2026-03-26 00:00:00-04:00,47.47111592643498,47.58100337752242,46.18244205403815,46.21240997314453,496700,0.0,0.0,0.0
2026-03-27 00:00:00-04:00,45.94268985498385,46.40221571930663,45.51313190896861,45.6629753112793,413200,0.0,0.0,0.0
2026-03-30 00:00:00-04:00,46.26236091285017,46.26236091285017,44.324354209013,44.604068756103516,1425700,0.0,0.0,0.0
2026-03-31 00:00:00-04:00,45.25339639539821,46.781824983435804,45.25339639539821,46.691917419433594,639800,0.0,0.0,0.0
2026-04-01 00:00:00-04:00,47.321269016658896,48.310252272095234,47.321269016658896,47.79078674316406,775300,0.0,0.0,0.0
2026-04-02 00:00:00-04:00,46.50211261899955,48.370187857520335,46.41220505079411,47.99058151245117,647200,0.0,0.0,0.0
2026-04-06 00:00:00-04:00,48.08048836358533,48.3402192174313,47.840733581688845,48.26030349731445,314000,0.0,0.0,0.0
2026-04-07 00:00:00-04:00,47.990577689411445,48.3701840042403,47.52106000276667,48.32023620605469,449800,0.0,0.0,0.0
2026-04-08 00:00:00-04:00,50.77771403253283,51.11736062304251,50.06844149903681,50.577919006347656,1087500,0.0,0.0,0.0
2026-04-09 00:00:00-04:00,50.55793826994098,51.06741195788588,50.368131283418435,50.94753646850586,364600,0.0,0.0,0.0
2026-04-10 00:00:00-04:00,51.22724429556328,51.29717197794893,50.71777063664314,51.13733673095703,1178800,0.0,0.0,0.0
2026-04-13 00:00:00-04:00,50.94753862848828,51.916542053222656,50.92755874428236,51.916542053222656,398600,0.0,0.0,0.0
2026-04-14 00:00:00-04:00,52.316124746422844,52.65577513327365,52.02642597207572,52.60582733154297,572900,0.0,0.0,0.0
2026-04-15 00:00:00-04:00,52.66576698008358,52.76566258354494,51.99645424241891,52.60582733154297,518500,0.0,0.0,0.0
2026-04-16 00:00:00-04:00,52.775653960464034,52.945477246990905,52.35608404596141,52.67575454711914,700000,0.0,0.0,0.0
2026-04-17 00:00:00-04:00,53.35505775187949,53.94445097983079,53.33507786829789,53.774627685546875,633300,0.0,0.0,0.0
2026-04-20 00:00:00-04:00,53.63476653516205,53.83456155288395,53.31509603111622,53.8245735168457,503500,0.0,0.0,0.0
2026-04-21 00:00:00-04:00,54.00439023683181,54.04434619293056,53.04537488577271,53.18523406982422,399300,0.0,0.0,0.0
2026-04-22 00:00:00-04:00,53.73466710236737,53.82457467173267,53.17524180289735,53.81458282470703,440300,0.0,0.0,0.0
2026-04-23 00:00:00-04:00,53.59480794659482,54.044341950912795,52.8355876787142,53.484920501708984,464300,0.0,0.0,0.0
2026-04-24 00:00:00-04:00,53.894500953594836,54.19419157341303,53.46494300123866,54.02436828613281,699200,0.0,0.0,0.0
2026-04-27 00:00:00-04:00,54.044346072765585,54.21417317620684,53.42498493072131,54.17421340942383,571400,0.0,0.0,0.0
2026-04-28 00:00:00-04:00,53.175242951642176,53.5548531205823,52.42601446100342,52.91551208496094,455300,0.0,0.0,0.0
2026-04-29 00:00:00-04:00,53.14527364835393,53.14527364835393,52.545888584978066,52.795631408691406,174600,0.0,0.0,0.0
2026-04-30 00:00:00-04:00,53.494911352036404,54.44393483143622,53.39501574821453,54.28409957885742,206300,0.0,0.0,0.0
2026-05-01 00:00:00-04:00,54.393984454931676,54.953405907092254,54.24413724551847,54.83353042602539,294700,0.0,0.0,0.0
2026-05-04 00:00:00-04:00,55.10325450077522,55.38296523388223,54.57380095288755,54.953407287597656,822400,0.0,0.0,0.0
2026-05-05 00:00:00-04:00,55.63270934715614,56.37194977290121,55.62272131107187,56.0622673034668,1047100,0.0,0.0,0.0
2026-05-06 00:00:00-04:00,57.031268365681534,57.330958976166215,56.3120078519,57.30099105834961,808300,0.0,0.0,0.0
2026-05-07 00:00:00-04:00,57.39090304444806,57.39090304444806,55.84249826199773,56.24208450317383,394400,0.0,0.0,0.0
2026-05-08 00:00:00-04:00,56.991313288055,57.49079895019531,56.871437796157814,57.49079895019531,934900,0.0,0.0,0.0
2026-05-11 00:00:00-04:00,57.61067091730025,58.419839012338585,57.560723116296806,58.18008804321289,536900,0.0,0.0,0.0
2026-05-12 00:00:00-04:00,57.58070652181149,57.680605940703465,56.22210491106614,57.49079895019531,827500,0.0,0.0,0.0
2026-05-13 00:00:00-04:00,58.11015704268106,58.11015704268106,57.101197735055166,57.78049850463867,461900,0.0,0.0,0.0
2026-05-14 00:00:00-04:00,57.68060265586325,58.16010840691789,57.44084787494944,57.98029327392578,546600,0.0,0.0,0.0
2026-05-15 00:00:00-04:00,56.851452909927744,57.34095049249376,56.59172206520912,56.94136047363281,518600,0.0,0.0,0.0
2026-05-18 00:00:00-04:00,57.25104499221963,57.25104499221963,55.30305024891575,55.90243148803711,454300,0.0,0.0,0.0
2026-05-19 00:00:00-04:00,55.19316478750393,55.98235303570266,54.653719366397986,55.5228271484375,944200,0.0,0.0,0.0
2026-05-20 00:00:00-04:00,56.08224771527315,56.74156861546955,55.61272998865177,56.55176544189453,791700,0.0,0.0,0.0
2026-05-21 00:00:00-04:00,56.32200533571839,57.84044223303294,56.32200533571839,57.58070755004883,517500,0.0,0.0,0.0
2026-05-22 00:00:00-04:00,57.96031772707078,58.09018506856283,57.50079182428135,57.58070755004883,1135000,0.0,0.0,0.0
2026-05-26 00:00:00-04:00,58.6296204982628,59.488736371375815,58.53971293454696,59.149085998535156,339000,0.0,0.0,0.0
2026-05-27 00:00:00-04:00,59.47875359651171,59.55866932089813,58.659597414991644,58.939308166503906,564200,0.0,0.0,0.0
2026-05-28 00:00:00-04:00,58.89934407768388,60.00820277664464,58.53971381739683,59.66855239868164,341100,0.0,0.0,0.0
2026-05-29 00:00:00-04:00,59.94826760421663,60.128082747781576,59.358874369370035,60.05815505981445,240900,0.0,0.0,0.0
2026-06-01 00:00:00-04:00,59.76845368765238,60.857328727718176,59.628594506991014,60.60758590698242,370400,0.0,0.0,0.0
2026-06-02 00:00:00-04:00,60.72746560792988,61.266911018886624,60.60758630942413,61.19697952270508,510300,0.0,0.0,0.0
2026-06-03 00:00:00-04:00,61.186991363341455,61.62653735799166,60.39780313157977,61.296878814697266,610200,0.0,0.0,0.0
2026-06-04 00:00:00-04:00,59.95826016908532,61.01717115933256,59.538690225488025,60.677520751953125,458000,0.0,0.0,0.0
2026-06-05 00:00:00-04:00,59.50871883047697,59.598626398086346,57.440848586234374,57.7105712890625,699000,0.0,0.0,0.0
2026-06-08 00:00:00-04:00,58.68956400452917,59.03920243599159,58.14013055047117,58.489768981933594,714400,0.0,0.0,0.0
2026-06-09 00:00:00-04:00,59.20903014743782,60.058154238728754,56.142188523014276,58.3199462890625,1215400,0.0,0.0,0.0
2026-06-10 00:00:00-04:00,57.84043633969429,59.04919062591392,56.9113927813211,57.07122802734375,1903400,0.0,0.0,0.0
2026-06-11 00:00:00-04:00,57.69058897657826,60.178029035165586,57.540741766615675,60.038169860839844,1231200,0.0,0.0,0.0
2026-06-12 00:00:00-04:00,60.3778208888185,61.107069442947136,59.95825479361006,60.75743103027344,850700,0.0,0.0,0.0
2026-06-15 00:00:00-04:00,62.67546102921971,62.86526420431257,62.20594329884364,62.80532455444336,819600,0.0,0.0,0.0
2026-06-16 00:00:00-04:00,63.00511594531998,63.144971309514595,61.376791753397974,61.386783599853516,641200,0.0,0.0,0.0
2026-06-17 00:00:00-04:00,62.05609522285511,62.45568526158719,60.94723648560797,61.067115783691406,952200,0.0,0.0,0.0
2026-06-18 00:00:00-04:00,62.4956445219343,62.845282944916015,62.18596205388407,62.685447692871094,825800,0.0,0.0,0.0
2026-06-22 00:00:00-04:00,63.2970344303929,63.67677773058443,62.99723869323522,63.66678237915039,527700,0.022,0.0,0.0
2026-06-23 00:00:00-04:00,60.7987302034625,61.63816055388938,60.43897379440674,60.73876953125,529000,0.0,0.0,0.0
2026-06-24 00:00:00-04:00,60.91864605725526,61.50824597538228,60.25909392952923,60.84869384765625,601900,0.0,0.0,0.0
2026-06-25 00:00:00-04:00,63.11715567471559,63.14713410453678,61.37833431500409,62.90729904174805,604900,0.0,0.0,0.0
2026-06-26 00:00:00-04:00,61.54821942829464,62.307702190804356,61.168476140985035,61.34835433959961,572800,0.0,0.0,0.0
2026-06-29 00:00:00-04:00,61.76807329610852,62.42762544049639,60.47894743731552,62.40763854980469,730000,0.0,0.0,0.0
2026-06-30 00:00:00-04:00,62.50756900710823,64.0165430348478,62.447612147319255,63.80668640136719,370100,0.0,0.0,0.0
2026-07-01 00:00:00-04:00,62.47758769072817,62.95726160742686,61.818035578753786,61.94794845581055,417700,0.0,0.0,0.0
2026-07-02 00:00:00-04:00,61.99791679250678,62.287720989239396,59.13985623076496,59.74944305419922,874900,0.0,0.0,0.0
2026-07-06 00:00:00-04:00,60.46894921093514,61.12850132396479,60.25909258681422,60.45895767211914,678400,0.0,0.0,0.0
2026-07-07 00:00:00-04:00,59.37969030427412,59.48961629513978,57.90069472742151,58.94998550415039,1047200,0.0,0.0,0.0
2026-07-08 00:00:00-04:00,58.280437661629776,59.31973308074152,58.010620361738674,59.26976776123047,730800,0.0,0.0,0.0
2026-07-09 00:00:00-04:00,60.71877967347893,61.288396501389194,60.41898395128525,60.72877502441406,515400,0.0,0.0,0.0
2026-07-10 00:00:00-04:00,60.42897971407985,60.9186451741747,59.849371343393514,60.678810119628906,557700,0.0,0.0,0.0
2026-07-13 00:00:00-04:00,59.65950076650975,59.73944451286155,58.530266281956315,58.750118255615234,603500,0.0,0.0,0.0
2026-07-14 00:00:00-04:00,59.989278118170645,60.02925189953575,59.39967818541894,59.74944305419922,217900,0.0,0.0,0.0
2026-07-15 00:00:00-04:00,59.85936889010515,59.98927796103706,57.65086512683796,58.85005187988281,750000,0.0,0.0,0.0
2026-07-16 00:00:00-04:00,57.97064573814445,58.23047149519817,56.92135879523543,57.161197662353516,1047600,0.0,0.0,0.0
2026-07-17 00:00:00-04:00,55.75215668443481,57.40103514676075,55.32244806290577,56.41170883178711,1350800,0.0,0.0,0.0
2026-07-20 00:00:00-04:00,57.11123393608544,57.640873191765195,56.551612438611464,56.60157775878906,393500,0.0,0.0,0.0
2026-07-21 00:00:00-04:00,58.0805740960728,58.570243389197614,57.73081303820481,58.440330505371094,279200,0.0,0.0,0.0
2026-07-22 00:00:00-04:00,57.62088404063396,58.52027501698322,57.62088404063396,58.070579528808594,476700,0.0,0.0,0.0
2026-07-23 00:00:00-04:00,57.53094745811332,58.55025600516771,57.53094745811332,58.04060363769531,554300,0.0,0.0,0.0
2026-07-24 00:00:00-04:00,57.79077212030034,57.79077212030034,56.40171184215086,56.70151138305664,448600,0.0,0.0,0.0
2026-07-27 00:00:00-04:00,57.28111542040016,57.441006728419254,55.182541526135886,56.21184158325195,752400,0.0,0.0,0.0
2026-07-28 00:00:00-04:00,55.032640633367585,55.10259284094075,53.6435842085441,54.87274932861328,1018800,0.0,0.0,0.0
2026-07-29 00:00:00-04:00,54.503001854715514,54.80279757711106,52.894093442924444,53.0639762878418,1147700,0.0,0.0,0.0
2026-07-30 00:00:00-04:00,54.8527643184956,55.89205974106395,54.652899227677146,55.84209442138672,893000,0.0,0.0,0.0
2026-07-31 00:00:00-04:00,57.38104860621169,57.510961491029825,55.462352824788404,55.91204833984375,1048400,0.0,0.0,0.0
2026-08-03 00:00:00-04:00,55.59226217447431,57.17118833435236,55.33243642136045,57.08124923706055,921800,0.0,0.0,0.0
2026-08-04 00:00:00-04:00,58.510282394414126,59.339721201514074,58.21048665902134,59.029930114746094,1501500,0.0,0.0,0.0
2026-08-05 00:00:00-04:00,59.05990848182652,59.839381967550096,58.64019521514502,58.67017364501953,926600,0.0,0.0,0.0
2026-08-06 00:00:00-04:00,57.35106670850483,58.730131600594035,57.34107516971198,57.89070129394531,1269000,0.0,0.0,0.0
2026-08-07 00:00:00-04:00,58.76011056248873,58.9100103305083,57.750797402433214,58.380367279052734,880400,0.0,0.0,0.0
2026-08-10 00:00:00-04:00,58.5502560344747,58.76011266753252,58.17051273743465,58.22047805786133,817600,0.0,0.0,0.0
2026-08-11 00:00:00-04:00,58.600221804097515,58.730134687890406,58.18050853476459,58.35039138793945,471900,0.0,0.0,0.0
2026-08-12 00:00:00-04:00,59.60953641922773,59.70946705682214,59.089888717095974,59.27975845336914,454300,0.0,0.0,0.0
2026-08-13 00:00:00-04:00,59.3297242948222,60.299067498887005,59.11986766675956,59.76942825317383,542700,0.0,0.0,0.0
2026-08-14 00:00:00-04:00,60.17915216419806,60.44896947244775,59.80940040172091,60.149169921875,306000,0.0,0.0,0.0
2026-08-17 00:00:00-04:00,60.47894633883854,61.26841135232868,60.47894633883854,60.888668060302734,413400,0.0,0.0,0.0
2026-08-18 00:00:00-04:00,59.609537637234794,59.939311797722226,58.74012506153889,58.94998550415039,428200,0.0,0.0,0.0
2026-08-19 00:00:00-04:00,59.39967749699859,59.39967749699859,57.950664154348274,58.27044677734375,451100,0.0,0.0,0.0
2026-08-20 00:00:00-04:00,58.000628127029,58.41034984148071,57.620884841502466,57.880706787109375,376500,0.0,0.0,0.0
2026-08-21 00:00:00-04:00,58.32041292753688,58.39036513905597,57.850730525528974,58.17051315307617,462300,0.0,0.0,0.0
2026-08-24 00:00:00-04:00,57.550932504698984,57.550932504698984,56.77146285750113,57.251136779785156,258000,0.0,0.0,0.0
2026-08-25 00:00:00-04:00,57.970648384966786,58.000630627293894,57.35107001711145,57.58091354370117,292000,0.0,0.0,0.0
2026-08-26 00:00:00-04:00,57.38104765333217,58.0505951450981,57.38104765333217,57.86072540283203,206600,0.0,0.0,0.0
2026-08-27 00:00:00-04:00,58.59022849497893,58.59022849497893,57.780776598717985,58.0106201171875,181300,0.0,0.0,0.0
2026-08-28 00:00:00-04:00,57.92068040030461,57.92068040030461,57.06126319390261,57.071258544921875,175000,0.0,0.0,0.0
2026-08-31 00:00:00-04:00,56.83142053604289,57.19117693597929,56.6515423360747,57.15120315551758,531400,0.0,0.0,0.0
2026-09-01 00:00:00-04:00,56.56160348049466,56.78145546187456,56.03196422947167,56.20185089111328,144000,0.0,0.0,0.0
2026-09-02 00:00:00-04:00,56.19185681538203,56.38172655954113,55.9320348595796,56.23183059692383,511100,0.0,0.0,0.0
2026-09-03 00:00:00-04:00,56.541620518515906,56.851407788795804,55.952020595329245,56.8314208984375,385000,0.0,0.0,0.0
2026-09-04 00:00:00-04:00,56.951342407049346,57.800764283157676,56.951342407049346,57.730812072753906,200400,0.0,0.0,0.0
2026-09-08 00:00:00-04:00,57.920679682572434,58.25045764415113,57.62088396157051,57.71082305908203,291900,0.0,0.0,0.0
2026-09-09 00:00:00-04:00,57.51095789447498,57.80076207628827,57.31109281004824,57.35106658935547,256900,0.0,0.0,0.0
2026-09-10 00:00:00-04:00,56.581590835667626,57.011299450744396,56.35174731329557,56.42169952392578,227100,0.0,0.0,0.0
2026-09-11 00:00:00-04:00,57.12122384483797,57.12122384483797,56.67152835185633,56.981319427490234,379900,0.0,0.0,0.0
2026-09-14 00:00:00-04:00,55.42237860059297,56.09192609813311,55.30246106823862,55.782135009765625,384600,0.0,0.0,0.0
2026-09-15 00:00:00-04:00,55.962013168568625,55.962013168568625,55.382404773795834,55.5123176574707,237400,0.0,0.0,0.0
2026-09-16 00:00:00-04:00,55.932034335749876,56.25181696087008,55.18254309335384,55.6522216796875,170000,0.0,0.0,0.0
2026-09-17 00:00:00-04:00,56.7314880391935,56.811431785389466,56.291787904842195,56.36174011230469,233000,0.0,0.0,0.0
2026-09-18 00:00:00-04:00,56.67153053969034,57.45100402832031,56.62156521900999,57.45100402832031,145700,0.0,0.0,0.0
2026-09-21 00:00:00-04:00,58.08000183105469,58.66999816894531,57.810001373291016,58.560001373291016,196500,0.039,0.0,0.0
2026-09-22 00:00:00-04:00,58.470001220703125,59.29999923706055,58.470001220703125,59.209999084472656,238900,0.0,0.0,0.0
2026-09-23 00:00:00-04:00,59.08000183105469,59.150001525878906,58.36000061035156,58.5099983215332,165100,0.0,0.0,0.0
2026-09-24 00:00:00-04:00,57.939998626708984,58.689998626708984,57.86000061035156,58.31999969482422,488800,0.0,0.0,0.0
2026-09-25 00:00:00-04:00,58.790000915527344,58.9900016784668,58.38999938964844,58.79999923706055,454400,0.0,0.0,0.0
2026-09-28 00:00:00-04:00,58.29999923706055,58.40999984741211,57.59000015258789,58.06999969482422,207800,0.0,0.0,0.0
2026-09-29 00:00:00-04:00,58.72999954223633,58.83000183105469,58.36000061035156,58.689998626708984,180500,0.0,0.0,0.0
2026-09-30 00:00:00-04:00,58.9900016784668,59.0,58.369998931884766,58.369998931884766,186600,0.0,0.0,0.0
2026-10-01 00:00:00-04:00,58.5099983215332,59.25,58.18000030517578,59.060001373291016,376500,0.0,0.0,0.0
2026-10-02 00:00:00-04:00,59.7400016784668,59.90999984741211,59.43000030517578,59.63999938964844,207000,0.0,0.0,0.0
