Date,Open,High,Low,Close,Volume,Dividends,Stock Splits,Capital Gains
2021-10-05 00:00:00+02:00,6.63040018081665,6.70959997177124,6.621600151062012,6.702400207519531,82700,0.0,0.0,0.0
2021-10-06 00:00:00+02:00,6.644800186157227,6.671199798583984,6.6031999588012695,6.647200107574463,44575,0.0,0.0,0.0
2021-10-07 00:00:00+02:00,6.737599849700928,6.792799949645996,6.73360013961792,6.791999816894531,59225,0.0,0.0,0.0
2021-10-08 00:00:00+02:00,6.783999919891357,6.783999919891357,6.757599830627441,6.76639986038208,117525,0.0,0.0,0.0
2021-10-11 00:00:00+02:00,6.751200199127197,6.788000106811523,6.74399995803833,6.788000106811523,135975,0.0,0.0,0.0
2021-10-12 00:00:00+02:00,6.688000202178955,6.762400150299072,6.688000202178955,6.751200199127197,57375,0.0,0.0,0.0
2021-10-13 00:00:00+02:00,6.727200031280518,6.757599830627441,6.712800025939941,6.73360013961792,56150,0.0,0.0,0.0
2021-10-14 00:00:00+02:00,6.785600185394287,6.838399887084961,6.78000020980835,6.838399887084961,48675,0.0,0.0,0.0
2021-10-15 00:00:00+02:00,6.856800079345703,6.900000095367432,6.835999965667725,6.900000095367432,48925,0.0,0.0,0.0
2021-10-18 00:00:00+02:00,6.887199878692627,6.898399829864502,6.8520002365112305,6.894400119781494,67475,0.0,0.0,0.0
2021-10-19 00:00:00+02:00,6.900000095367432,6.935999870300293,6.900000095367432,6.932799816131592,71625,0.0,0.0,0.0
2021-10-20 00:00:00+02:00,6.927199840545654,6.957600116729736,6.925600051879883,6.9527997970581055,99200,0.0,0.0,0.0
2021-10-21 00:00:00+02:00,6.9232001304626465,6.952000141143799,6.9232001304626465,6.933599948883057,75200,0.0,0.0,0.0
2021-10-22 00:00:00+02:00,6.950399875640869,6.975200176239014,6.944799900054932,6.944799900054932,41125,0.0,0.0,0.0
2021-10-25 00:00:00+02:00,6.961599826812744,6.995200157165527,6.946400165557861,6.991199970245361,86375,0.0,0.0,0.0
2021-10-26 00:00:00+02:00,7.0279998779296875,7.0543999671936035,7.018400192260742,7.038400173187256,50675,0.0,0.0,0.0
2021-10-27 00:00:00+02:00,7.01200008392334,7.015200138092041,6.98960018157959,6.996799945831299,71250,0.0,0.0,0.0
2021-10-28 00:00:00+02:00,6.9720001220703125,6.9832000732421875,6.955999851226807,6.9679999351501465,75125,0.0,0.0,0.0
2021-10-29 00:00:00+02:00,6.940000057220459,7.026400089263916,6.917600154876709,7.026400089263916,124675,0.0,0.0,0.0
2021-11-01 00:00:00+01:00,7.035200119018555,7.051199913024902,7.024799823760986,7.035200119018555,88975,0.0,0.0,0.0
2021-11-02 00:00:00+01:00,7.018400192260742,7.060800075531006,7.0167999267578125,7.060800075531006,80150,0.0,0.0,0.0
2021-11-03 00:00:00+01:00,7.056000232696533,7.060800075531006,7.0432000160217285,7.056000232696533,33600,0.0,0.0,0.0
2021-11-04 00:00:00+01:00,7.131199836730957,7.148799896240234,7.124800205230713,7.1296000480651855,66350,0.0,0.0,0.0
2021-11-05 00:00:00+01:00,7.128799915313721,7.192800045013428,7.108799934387207,7.159999847412109,89400,0.0,0.0,0.0
2021-11-08 00:00:00+01:00,7.151199817657471,7.170400142669678,7.142399787902832,7.156000137329102,124675,0.0,0.0,0.0
2021-11-09 00:00:00+01:00,7.137599945068359,7.166399955749512,7.127999782562256,7.1296000480651855,65325,0.0,0.0,0.0
2021-11-10 00:00:00+01:00,7.147200107574463,7.16480016708374,7.121600151062012,7.162399768829346,56550,0.0,0.0,0.0
2021-11-11 00:00:00+01:00,7.158400058746338,7.176799774169922,7.1519999504089355,7.176000118255615,118425,0.0,0.0,0.0
2021-11-12 00:00:00+01:00,7.183199882507324,7.216800212860107,7.1743998527526855,7.200799942016602,50175,0.0,0.0,0.0
2021-11-15 00:00:00+01:00,7.22160005569458,7.247200012207031,7.220799922943115,7.243199825286865,56050,0.0,0.0,0.0
2021-11-16 00:00:00+01:00,7.268799781799316,7.303999900817871,7.257599830627441,7.303999900817871,112600,0.0,0.0,0.0
2021-11-17 00:00:00+01:00,7.311200141906738,7.320000171661377,7.281599998474121,7.298399925231934,72125,0.0,0.0,0.0
2021-11-18 00:00:00+01:00,7.276800155639648,7.291200160980225,7.220799922943115,7.248000144958496,29375,0.0,0.0,0.0
2021-11-19 00:00:00+01:00,7.286399841308594,7.30079984664917,7.263199806213379,7.271200180053711,77700,0.0,0.0,0.0
2021-11-22 00:00:00+01:00,7.294400215148926,7.331999778747559,7.283199787139893,7.30079984664917,78375,0.0,0.0,0.0
2021-11-23 00:00:00+01:00,7.246399879455566,7.274400234222412,7.191999912261963,7.213600158691406,47150,0.0,0.0,0.0
2021-11-24 00:00:00+01:00,7.250400066375732,7.28000020980835,7.232800006866455,7.276800155639648,105850,0.0,0.0,0.0
2021-11-25 00:00:00+01:00,7.31279993057251,7.31279993057251,7.280799865722656,7.296000003814697,194425,0.0,0.0,0.0
2021-11-26 00:00:00+01:00,7.116799831390381,7.126399993896484,7.031199932098389,7.031199932098389,644800,0.0,0.0,0.0
2021-11-29 00:00:00+01:00,7.117599964141846,7.136000156402588,7.084799766540527,7.110400199890137,259025,0.0,0.0,0.0
2021-11-30 00:00:00+01:00,7.011199951171875,7.055200099945068,6.9679999351501465,7.029600143432617,683000,0.0,0.0,0.0
2021-12-01 00:00:00+01:00,7.035200119018555,7.100800037384033,7.033599853515625,7.0991997718811035,210800,0.0,0.0,0.0
2021-12-02 00:00:00+01:00,6.963200092315674,7.0,6.90880012512207,6.971199989318848,934125,0.0,0.0,0.0
2021-12-03 00:00:00+01:00,7.0320000648498535,7.0391998291015625,6.938399791717529,6.947199821472168,195100,0.0,0.0,0.0
2021-12-06 00:00:00+01:00,7.000800132751465,7.0391998291015625,6.946400165557861,7.0279998779296875,148500,0.0,0.0,0.0
2021-12-07 00:00:00+01:00,7.1072001457214355,7.220799922943115,7.1072001457214355,7.216800212860107,299875,0.0,0.0,0.0
2021-12-08 00:00:00+01:00,7.199999809265137,7.220799922943115,7.150400161743164,7.157599925994873,220000,0.0,0.0,0.0
2021-12-09 00:00:00+01:00,7.177599906921387,7.184800148010254,7.162399768829346,7.181600093841553,80675,0.0,0.0,0.0
2021-12-10 00:00:00+01:00,7.143199920654297,7.191999912261963,7.132800102233887,7.141600131988525,99025,0.0,0.0,0.0
2021-12-13 00:00:00+01:00,7.190400123596191,7.216000080108643,7.112800121307373,7.123199939727783,110925,0.0,0.0,0.0
2021-12-14 00:00:00+01:00,7.141600131988525,7.143199920654297,7.0503997802734375,7.0503997802734375,66800,0.0,0.0,0.0
2021-12-15 00:00:00+01:00,7.0920000076293945,7.092800140380859,7.049600124359131,7.049600124359131,68925,0.0,0.0,0.0
2021-12-16 00:00:00+01:00,7.177599906921387,7.19920015335083,7.141600131988525,7.141600131988525,213325,0.0,0.0,0.0
2021-12-17 00:00:00+01:00,7.094399929046631,7.119200229644775,7.0320000648498535,7.09119987487793,83175,0.0,0.0,0.0
2021-12-20 00:00:00+01:00,6.966400146484375,6.992800235748291,6.926400184631348,6.932799816131592,262750,0.0,0.0,0.0
2021-12-21 00:00:00+01:00,7.02239990234375,7.059999942779541,7.007199764251709,7.059199810028076,72500,0.0,0.0,0.0
2021-12-22 00:00:00+01:00,7.099999904632568,7.1255998611450195,7.071199893951416,7.1255998611450195,47050,0.0,0.0,0.0
2021-12-23 00:00:00+01:00,7.151199817657471,7.202400207519531,7.144800186157227,7.202400207519531,143075,0.0,0.0,0.0
2021-12-27 00:00:00+01:00,7.183199882507324,7.252799987792969,7.183199882507324,7.239200115203857,109550,0.0,0.0,0.0
2021-12-28 00:00:00+01:00,7.260799884796143,7.311200141906738,7.260799884796143,7.276800155639648,71475,0.0,0.0,0.0
2021-12-29 00:00:00+01:00,7.276000022888184,7.30079984664917,7.229599952697754,7.239999771118164,104375,0.0,0.0,0.0
2021-12-30 00:00:00+01:00,7.272799968719482,7.286399841308594,7.253600120544434,7.269599914550781,97750,0.0,0.0,0.0
2022-01-03 00:00:00+01:00,7.271999835968018,7.296000003814697,7.251999855041504,7.276000022888184,167575,0.0,0.0,0.0
2022-01-04 00:00:00+01:00,7.328000068664551,7.350399971008301,7.291999816894531,7.310400009155273,92650,0.0,0.0,0.0
2022-01-05 00:00:00+01:00,7.310400009155273,7.315199851989746,7.285600185394287,7.291999816894531,86875,0.0,0.0,0.0
2022-01-06 00:00:00+01:00,7.194399833679199,7.203999996185303,7.153600215911865,7.190400123596191,273700,0.0,0.0,0.0
2022-01-07 00:00:00+01:00,7.18720006942749,7.202400207519531,7.124000072479248,7.1519999504089355,244825,0.0,0.0,0.0
2022-01-10 00:00:00+01:00,7.179200172424316,7.179999828338623,7.047999858856201,7.072800159454346,138725,0.0,0.0,0.0
2022-01-11 00:00:00+01:00,7.158400058746338,7.188799858093262,7.1255998611450195,7.167200088500977,123150,0.0,0.0,0.0
2022-01-12 00:00:00+01:00,7.216800212860107,7.236000061035156,7.182400226593018,7.203199863433838,122650,0.0,0.0,0.0
2022-01-13 00:00:00+01:00,7.16480016708374,7.196000099182129,7.161600112915039,7.173600196838379,23650,0.0,0.0,0.0
2022-01-14 00:00:00+01:00,7.101600170135498,7.127200126647949,7.06879997253418,7.090400218963623,91125,0.0,0.0,0.0
2022-01-17 00:00:00+01:00,7.117599964141846,7.151199817657471,7.116000175476074,7.144800186157227,65100,0.0,0.0,0.0
2022-01-18 00:00:00+01:00,7.104000091552734,7.104000091552734,7.059999942779541,7.071199893951416,104000,0.0,0.0,0.0
2022-01-19 00:00:00+01:00,7.01200008392334,7.101600170135498,7.01200008392334,7.033599853515625,104225,0.0,0.0,0.0
2022-01-20 00:00:00+01:00,7.0320000648498535,7.11359977722168,7.023200035095215,7.109600067138672,69375,0.0,0.0,0.0
2022-01-21 00:00:00+01:00,6.961599826812744,6.97599983215332,6.876800060272217,6.94320011138916,166850,0.0,0.0,0.0
2022-01-24 00:00:00+01:00,6.8744001388549805,6.892000198364258,6.666399955749512,6.666399955749512,140400,0.0,0.0,0.0
2022-01-25 00:00:00+01:00,6.762400150299072,6.81279993057251,6.703999996185303,6.73360013961792,260925,0.0,0.0,0.0
2022-01-26 00:00:00+01:00,6.815199851989746,6.902400016784668,6.815199851989746,6.871200084686279,160150,0.0,0.0,0.0
2022-01-27 00:00:00+01:00,6.748000144958496,6.925600051879883,6.748000144958496,6.90880012512207,134650,0.0,0.0,0.0
2022-01-28 00:00:00+01:00,6.8480000495910645,6.8480000495910645,6.740799903869629,6.829599857330322,93625,0.0,0.0,0.0
2022-01-31 00:00:00+01:00,6.9191999435424805,6.957600116729736,6.889599800109863,6.94320011138916,395825,0.0,0.0,0.0
2022-02-01 00:00:00+01:00,6.982399940490723,7.015200138092041,6.964799880981445,7.0096001625061035,113775,0.0,0.0,0.0
2022-02-02 00:00:00+01:00,7.052000045776367,7.07919979095459,7.019199848175049,7.019199848175049,243950,0.0,0.0,0.0
2022-02-03 00:00:00+01:00,7.006400108337402,7.007999897003174,6.889599800109863,6.889599800109863,196075,0.0,0.0,0.0
2022-02-04 00:00:00+01:00,6.907199859619141,6.913599967956543,6.787199974060059,6.831200122833252,232650,0.0,0.0,0.0
2022-02-07 00:00:00+01:00,6.865600109100342,6.880000114440918,6.834400177001953,6.860799789428711,204750,0.0,0.0,0.0
2022-02-08 00:00:00+01:00,6.876800060272217,6.902400016784668,6.856800079345703,6.902400016784668,93850,0.0,0.0,0.0
2022-02-09 00:00:00+01:00,6.955999851226807,7.01039981842041,6.940000057220459,7.003200054168701,78700,0.0,0.0,0.0
2022-02-10 00:00:00+01:00,7.023200035095215,7.023200035095215,6.96560001373291,6.96560001373291,63125,0.0,0.0,0.0
2022-02-11 00:00:00+01:00,6.927199840545654,6.973599910736084,6.8856000900268555,6.920000076293945,57225,0.0,0.0,0.0
2022-02-14 00:00:00+01:00,6.852799892425537,6.8703999519348145,6.787199974060059,6.858399868011475,144175,0.0,0.0,0.0
2022-02-15 00:00:00+01:00,6.8480000495910645,6.924799919128418,6.8480000495910645,6.917600154876709,130700,0.0,0.0,0.0
2022-02-16 00:00:00+01:00,6.924799919128418,6.9415998458862305,6.876800060272217,6.892000198364258,186650,0.0,0.0,0.0
2022-02-17 00:00:00+01:00,6.922399997711182,6.924799919128418,6.8592000007629395,6.865600109100342,64525,0.0,0.0,0.0
2022-02-18 00:00:00+01:00,6.837600231170654,6.8471999168396,6.77839994430542,6.785600185394287,39475,0.0,0.0,0.0
2022-02-21 00:00:00+01:00,6.803999900817871,6.806399822235107,6.706399917602539,6.716800212860107,160800,0.0,0.0,0.0
2022-02-22 00:00:00+01:00,6.667200088500977,6.763999938964844,6.667200088500977,6.716800212860107,145300,0.0,0.0,0.0
2022-02-23 00:00:00+01:00,6.73360013961792,6.763999938964844,6.667200088500977,6.701600074768066,83700,0.0,0.0,0.0
2022-02-24 00:00:00+01:00,6.51200008392334,6.599999904632568,6.47760009765625,6.57919979095459,173575,0.0,0.0,0.0
2022-02-25 00:00:00+01:00,6.653600215911865,6.769599914550781,6.634399890899658,6.768799781799316,159975,0.0,0.0,0.0
2022-02-28 00:00:00+01:00,6.748799800872803,6.81279993057251,6.723199844360352,6.81279993057251,64700,0.0,0.0,0.0
2022-03-01 00:00:00+01:00,6.820799827575684,6.853600025177002,6.760000228881836,6.76639986038208,128625,0.0,0.0,0.0
2022-03-02 00:00:00+01:00,6.74560022354126,6.8471999168396,6.732800006866455,6.826399803161621,92125,0.0,0.0,0.0
2022-03-03 00:00:00+01:00,6.86959981918335,6.883200168609619,6.805600166320801,6.806399822235107,366950,0.0,0.0,0.0
2022-03-04 00:00:00+01:00,6.828000068664551,6.828000068664551,6.734399795532227,6.734399795532227,97575,0.0,0.0,0.0
2022-03-07 00:00:00+01:00,6.692800045013428,6.764800071716309,6.626399993896484,6.705599784851074,170050,0.0,0.0,0.0
2022-03-08 00:00:00+01:00,6.593599796295166,6.657599925994873,6.567999839782715,6.574399948120117,102400,0.0,0.0,0.0
2022-03-09 00:00:00+01:00,6.63040018081665,6.683199882507324,6.623199939727783,6.670400142669678,297200,0.0,0.0,0.0
2022-03-10 00:00:00+01:00,6.701600074768066,6.701600074768066,6.584000110626221,6.611999988555908,212250,0.0,0.0,0.0
2022-03-11 00:00:00+01:00,6.688799858093262,6.753600120544434,6.684000015258789,6.684000015258789,56725,0.0,0.0,0.0
2022-03-14 00:00:00+01:00,6.689599990844727,6.689599990844727,6.5991997718811035,6.5991997718811035,246575,0.0,0.0,0.0
2022-03-15 00:00:00+01:00,6.52239990234375,6.66480016708374,6.491199970245361,6.66480016708374,109625,0.0,0.0,0.0
2022-03-16 00:00:00+01:00,6.761600017547607,6.829599857330322,6.731200218200684,6.810400009155273,220050,0.0,0.0,0.0
2022-03-17 00:00:00+01:00,6.837600231170654,6.8520002365112305,6.794400215148926,6.827199935913086,70475,0.0,0.0,0.0
2022-03-18 00:00:00+01:00,6.858399868011475,6.936800003051758,6.8520002365112305,6.936800003051758,134050,0.0,0.0,0.0
2022-03-21 00:00:00+01:00,6.942399978637695,6.992000102996826,6.93120002746582,6.9552001953125,85225,0.0,0.0,0.0
2022-03-22 00:00:00+01:00,7.01039981842041,7.056000232696533,7.0,7.053599834442139,54050,0.0,0.0,0.0
2022-03-23 00:00:00+01:00,7.067200183868408,7.067200183868408,7.0320000648498535,7.035200119018555,121050,0.0,0.0,0.0
2022-03-24 00:00:00+01:00,7.0391998291015625,7.052800178527832,7.029600143432617,7.032800197601318,39650,0.0,0.0,0.0
2022-03-25 00:00:00+01:00,7.0503997802734375,7.082399845123291,7.032800197601318,7.059999942779541,47925,0.0,0.0,0.0
2022-03-28 00:00:00+02:00,7.0960001945495605,7.1184000968933105,7.074399948120117,7.074399948120117,262500,0.0,0.0,0.0
2022-03-29 00:00:00+02:00,7.127999782562256,7.147200107574463,7.106400012969971,7.123199939727783,104525,0.0,0.0,0.0
2022-03-30 00:00:00+02:00,7.164000034332275,7.164000034332275,7.093599796295166,7.098400115966797,52625,0.0,0.0,0.0
2022-03-31 00:00:00+02:00,7.0879998207092285,7.111999988555908,7.084000110626221,7.084000110626221,64950,0.0,0.0,0.0
2022-04-01 00:00:00+02:00,7.0696001052856445,7.102399826049805,7.062399864196777,7.067200183868408,149625,0.0,0.0,0.0
2022-04-04 00:00:00+02:00,7.111999988555908,7.164000034332275,7.085599899291992,7.159999847412109,269050,0.0,0.0,0.0
2022-04-05 00:00:00+02:00,7.183199882507324,7.193600177764893,7.158400058746338,7.164000034332275,95375,0.0,0.0,0.0
2022-04-06 00:00:00+02:00,7.142399787902832,7.142399787902832,7.0167999267578125,7.03439998626709,58600,0.0,0.0,0.0
2022-04-07 00:00:00+02:00,7.048799991607666,7.077600002288818,6.995999813079834,7.019999980926514,76275,0.0,0.0,0.0
2022-04-08 00:00:00+02:00,7.111999988555908,7.126399993896484,7.07919979095459,7.098400115966797,87750,0.0,0.0,0.0
2022-04-11 00:00:00+02:00,7.052800178527832,7.052800178527832,6.997600078582764,7.011199951171875,95300,0.0,0.0,0.0
2022-04-12 00:00:00+02:00,6.962399959564209,7.0696001052856445,6.943999767303467,7.0432000160217285,20500,0.0,0.0,0.0
2022-04-13 00:00:00+02:00,7.035200119018555,7.035999774932861,6.997600078582764,7.028800010681152,15225,0.0,0.0,0.0
2022-04-14 00:00:00+02:00,7.0279998779296875,7.085599899291992,7.019199848175049,7.062399864196777,44425,0.0,0.0,0.0
2022-04-19 00:00:00+02:00,7.0447998046875,7.062399864196777,6.975200176239014,7.059999942779541,264575,0.0,0.0,0.0
2022-04-20 00:00:00+02:00,7.064000129699707,7.126399993896484,7.059199810028076,7.0767998695373535,104200,0.0,0.0,0.0
2022-04-21 00:00:00+02:00,7.0584001541137695,7.1031999588012695,7.0584001541137695,7.067999839782715,284175,0.0,0.0,0.0
2022-04-22 00:00:00+02:00,6.984000205993652,6.9984002113342285,6.9120001792907715,6.9120001792907715,241800,0.0,0.0,0.0
2022-04-25 00:00:00+02:00,6.809599876403809,6.8368000984191895,6.783999919891357,6.799200057983398,160075,0.0,0.0,0.0
2022-04-26 00:00:00+02:00,6.878399848937988,6.889599800109863,6.786399841308594,6.786399841308594,49500,0.0,0.0,0.0
2022-04-27 00:00:00+02:00,6.8024001121521,6.876800060272217,6.776000022888184,6.856800079345703,172300,0.0,0.0,0.0
2022-04-28 00:00:00+02:00,6.90880012512207,6.9496002197265625,6.860000133514404,6.891200065612793,67300,0.0,0.0,0.0
2022-04-29 00:00:00+02:00,6.970399856567383,6.975200176239014,6.911200046539307,6.923999786376953,82225,0.0,0.0,0.0
2022-05-02 00:00:00+02:00,6.820799827575684,6.845600128173828,6.760000228881836,6.783199787139893,309550,0.0,0.0,0.0
2022-05-03 00:00:00+02:00,6.8520002365112305,6.871200084686279,6.807199954986572,6.871200084686279,40450,0.0,0.0,0.0
2022-05-04 00:00:00+02:00,6.873600006103516,6.873600006103516,6.788000106811523,6.788000106811523,190725,0.0,0.0,0.0
2022-05-05 00:00:00+02:00,6.9608001708984375,6.9608001708984375,6.789599895477295,6.8024001121521,48550,0.0,0.0,0.0
2022-05-06 00:00:00+02:00,6.777599811553955,6.777599811553955,6.628799915313721,6.696800231933594,150575,0.0,0.0,0.0
2022-05-09 00:00:00+02:00,6.682400226593018,6.690400123596191,6.530399799346924,6.530399799346924,346275,0.0,0.0,0.0
2022-05-10 00:00:00+02:00,6.562399864196777,6.598400115966797,6.482399940490723,6.487199783325195,172650,0.0,0.0,0.0
2022-05-11 00:00:00+02:00,6.5391998291015625,6.586400032043457,6.5055999755859375,6.56879997253418,67450,0.0,0.0,0.0
2022-05-12 00:00:00+02:00,6.433599948883057,6.542399883270264,6.429599761962891,6.521599769592285,87375,0.0,0.0,0.0
2022-05-13 00:00:00+02:00,6.584000110626221,6.681600093841553,6.584000110626221,6.671199798583984,87475,0.0,0.0,0.0
2022-05-16 00:00:00+02:00,6.644000053405762,6.660799980163574,6.616000175476074,6.624000072479248,198800,0.0,0.0,0.0
2022-05-17 00:00:00+02:00,6.691199779510498,6.718400001525879,6.646399974822998,6.680799961090088,97275,0.0,0.0,0.0
2022-05-18 00:00:00+02:00,6.708799839019775,6.711999893188477,6.589600086212158,6.589600086212158,130600,0.0,0.0,0.0
2022-05-19 00:00:00+02:00,6.518400192260742,6.539999961853027,6.438399791717529,6.480800151824951,38425,0.0,0.0,0.0
2022-05-20 00:00:00+02:00,6.518400192260742,6.555200099945068,6.4567999839782715,6.4679999351501465,51650,0.0,0.0,0.0
2022-05-23 00:00:00+02:00,6.540800094604492,6.545599937438965,6.460000038146973,6.528800010681152,86325,0.0,0.0,0.0
2022-05-24 00:00:00+02:00,6.435200214385986,6.46560001373291,6.3744001388549805,6.383200168609619,47925,0.0,0.0,0.0
2022-05-25 00:00:00+02:00,6.503200054168701,6.51039981842041,6.444799900054932,6.48799991607666,25375,0.0,0.0,0.0
2022-05-26 00:00:00+02:00,6.507199764251709,6.596799850463867,6.507199764251709,6.588799953460693,21225,0.0,0.0,0.0
2022-05-27 00:00:00+02:00,6.607999801635742,6.716800212860107,6.584000110626221,6.716800212860107,75450,0.0,0.0,0.0
2022-05-30 00:00:00+02:00,6.785600185394287,6.789599895477295,6.753600120544434,6.756800174713135,46375,0.0,0.0,0.0
2022-05-31 00:00:00+02:00,6.736800193786621,6.764800071716309,6.707200050354004,6.707200050354004,31950,0.0,0.0,0.0
2022-06-01 00:00:00+02:00,6.736000061035156,6.763999938964844,6.690400123596191,6.690400123596191,79025,0.0,0.0,0.0
2022-06-02 00:00:00+02:00,6.714399814605713,6.718400001525879,6.671199798583984,6.710400104522705,79875,0.0,0.0,0.0
2022-06-03 00:00:00+02:00,6.763999938964844,6.763999938964844,6.679999828338623,6.686399936676025,61650,0.0,0.0,0.0
2022-06-06 00:00:00+02:00,6.73360013961792,6.776000022888184,6.73360013961792,6.742400169372559,14950,0.0,0.0,0.0
2022-06-07 00:00:00+02:00,6.6975998878479,6.742400169372559,6.684800148010254,6.723199844360352,124375,0.0,0.0,0.0
2022-06-08 00:00:00+02:00,6.759200096130371,6.76639986038208,6.71120023727417,6.74560022354126,119550,0.0,0.0,0.0
2022-06-09 00:00:00+02:00,6.69920015335083,6.731200218200684,6.679999828338623,6.684000015258789,19600,0.0,0.0,0.0
2022-06-10 00:00:00+02:00,6.616000175476074,6.624000072479248,6.4944000244140625,6.4944000244140625,39475,0.0,0.0,0.0
2022-06-13 00:00:00+02:00,6.406400203704834,6.406400203704834,6.315999984741211,6.3471999168396,151375,0.0,0.0,0.0
2022-06-14 00:00:00+02:00,6.383200168609619,6.383999824523926,6.300000190734863,6.309599876403809,85825,0.0,0.0,0.0
2022-06-15 00:00:00+02:00,6.303199768066406,6.3815999031066895,6.246399879455566,6.360000133514404,46200,0.0,0.0,0.0
2022-06-16 00:00:00+02:00,6.331999778747559,6.331999778747559,6.150400161743164,6.157599925994873,22000,0.0,0.0,0.0
2022-06-17 00:00:00+02:00,6.170400142669678,6.216800212860107,6.133600234985352,6.166399955749512,49375,0.0,0.0,0.0
2022-06-20 00:00:00+02:00,6.166399955749512,6.196000099182129,6.150400161743164,6.196000099182129,60225,0.0,0.0,0.0
2022-06-21 00:00:00+02:00,6.223999977111816,6.271200180053711,6.223199844360352,6.264800071716309,27225,0.0,0.0,0.0
2022-06-22 00:00:00+02:00,6.196800231933594,6.255199909210205,6.159999847412109,6.241600036621094,189375,0.0,0.0,0.0
2022-06-23 00:00:00+02:00,6.19920015335083,6.271200180053711,6.177599906921387,6.237599849700928,384325,0.0,0.0,0.0
2022-06-24 00:00:00+02:00,6.281599998474121,6.3815999031066895,6.281599998474121,6.380000114440918,176525,0.0,0.0,0.0
2022-06-27 00:00:00+02:00,6.4191999435424805,6.462399959564209,6.390399932861328,6.411200046539307,84225,0.0,0.0,0.0
2022-06-28 00:00:00+02:00,6.440800189971924,6.487199783325195,6.403200149536133,6.403200149536133,32725,0.0,0.0,0.0
2022-06-29 00:00:00+02:00,6.331999778747559,6.368000030517578,6.311200141906738,6.362400054931641,71625,0.0,0.0,0.0
2022-06-30 00:00:00+02:00,6.29040002822876,6.307199954986572,6.252799987792969,6.288000106811523,33950,0.0,0.0,0.0
2022-07-01 00:00:00+02:00,6.231200218200684,6.327199935913086,6.231200218200684,6.316800117492676,153175,0.0,0.0,0.0
2022-07-04 00:00:00+02:00,6.335999965667725,6.354400157928467,6.323200225830078,6.3471999168396,54300,0.0,0.0,0.0
2022-07-05 00:00:00+02:00,6.3744001388549805,6.401599884033203,6.320000171661377,6.328800201416016,154950,0.0,0.0,0.0
2022-07-06 00:00:00+02:00,6.422399997711182,6.486400127410889,6.411200046539307,6.447999954223633,43925,0.0,0.0,0.0
2022-07-07 00:00:00+02:00,6.504000186920166,6.586400032043457,6.5015997886657715,6.583199977874756,96450,0.0,0.0,0.0
2022-07-08 00:00:00+02:00,6.588799953460693,6.621600151062012,6.571199893951416,6.615200042724609,111675,0.0,0.0,0.0
2022-07-11 00:00:00+02:00,6.552800178527832,6.6143999099731445,6.552800178527832,6.574399948120117,67775,0.0,0.0,0.0
2022-07-12 00:00:00+02:00,6.556000232696533,6.59119987487793,6.544000148773193,6.583199977874756,39875,0.0,0.0,0.0
2022-07-13 00:00:00+02:00,6.564799785614014,6.56879997253418,6.47599983215332,6.486400127410889,18800,0.0,0.0,0.0
2022-07-14 00:00:00+02:00,6.513599872589111,6.513599872589111,6.424799919128418,6.4344000816345215,22100,0.0,0.0,0.0
2022-07-15 00:00:00+02:00,6.471199989318848,6.567999839782715,6.471199989318848,6.540800094604492,35250,0.0,0.0,0.0
2022-07-18 00:00:00+02:00,6.589600086212158,6.616000175476074,6.559999942779541,6.5767998695373535,121450,0.0,0.0,0.0
2022-07-19 00:00:00+02:00,6.51200008392334,6.583199977874756,6.4608001708984375,6.583199977874756,33100,0.0,0.0,0.0
2022-07-20 00:00:00+02:00,6.623199939727783,6.673600196838379,6.611999988555908,6.669600009918213,209225,0.0,0.0,0.0
2022-07-21 00:00:00+02:00,6.657599925994873,6.684000015258789,6.648799896240234,6.684000015258789,50200,0.0,0.0,0.0
2022-07-22 00:00:00+02:00,6.691999912261963,6.739999771118164,6.672800064086914,6.672800064086914,127100,0.0,0.0,0.0
2022-07-25 00:00:00+02:00,6.668000221252441,6.679999828338623,6.645599842071533,6.6743998527526855,88775,0.0,0.0,0.0
2022-07-26 00:00:00+02:00,6.669600009918213,6.714399814605713,6.668799877166748,6.668799877166748,15000,0.0,0.0,0.0
2022-07-27 00:00:00+02:00,6.6975998878479,6.734399795532227,6.683199882507324,6.730400085449219,9500,0.0,0.0,0.0
2022-07-28 00:00:00+02:00,6.751999855041504,6.809599876403809,6.737599849700928,6.809599876403809,287200,0.0,0.0,0.0
2022-07-29 00:00:00+02:00,6.828800201416016,6.889599800109863,6.828800201416016,6.857600212097168,93275,0.0,0.0,0.0
2022-08-01 00:00:00+02:00,6.865600109100342,6.8927998542785645,6.826399803161621,6.855199813842773,126750,0.0,0.0,0.0
2022-08-02 00:00:00+02:00,6.803199768066406,6.8632001876831055,6.80079984664917,6.855999946594238,489725,0.0,0.0,0.0
2022-08-03 00:00:00+02:00,6.843999862670898,6.920000076293945,6.838399887084961,6.920000076293945,37550,0.0,0.0,0.0
2022-08-04 00:00:00+02:00,6.915200233459473,6.938399791717529,6.8927998542785645,6.8927998542785645,51850,0.0,0.0,0.0
2022-08-05 00:00:00+02:00,6.910399913787842,6.920000076293945,6.8744001388549805,6.889599800109863,69075,0.0,0.0,0.0
2022-08-08 00:00:00+02:00,6.946400165557861,6.958399772644043,6.917600154876709,6.937600135803223,48425,0.0,0.0,0.0
2022-08-09 00:00:00+02:00,6.921599864959717,6.927999973297119,6.857600212097168,6.8703999519348145,90525,0.0,0.0,0.0
2022-08-10 00:00:00+02:00,6.854400157928467,6.926400184631348,6.839200019836426,6.9191999435424805,36925,0.0,0.0,0.0
2022-08-11 00:00:00+02:00,6.973599910736084,7.004799842834473,6.952000141143799,6.972799777984619,38250,0.0,0.0,0.0
2022-08-12 00:00:00+02:00,6.972799777984619,7.0391998291015625,6.972799777984619,7.0391998291015625,24950,0.0,0.0,0.0
2022-08-15 00:00:00+02:00,7.081600189208984,7.107999801635742,7.063199996948242,7.107999801635742,67175,0.0,0.0,0.0
2022-08-16 00:00:00+02:00,7.141600131988525,7.167200088500977,7.109600067138672,7.145599842071533,82900,0.0,0.0,0.0
2022-08-17 00:00:00+02:00,7.16480016708374,7.170400142669678,7.090400218963623,7.090400218963623,36700,0.0,0.0,0.0
2022-08-18 00:00:00+02:00,7.082399845123291,7.1367998123168945,7.082399845123291,7.1367998123168945,17575,0.0,0.0,0.0
2022-08-19 00:00:00+02:00,7.127200126647949,7.133600234985352,7.090400218963623,7.090400218963623,20700,0.0,0.0,0.0
2022-08-22 00:00:00+02:00,7.081600189208984,7.086400032043457,7.030399799346924,7.059199810028076,112100,0.0,0.0,0.0
2022-08-23 00:00:00+02:00,7.041600227355957,7.057600021362305,6.9984002113342285,7.017600059509277,122575,0.0,0.0,0.0
2022-08-24 00:00:00+02:00,7.018400192260742,7.047999858856201,7.0,7.0447998046875,10575,0.0,0.0,0.0
2022-08-25 00:00:00+02:00,7.121600151062012,7.121600151062012,7.064000129699707,7.081600189208984,8025,0.0,0.0,0.0
2022-08-26 00:00:00+02:00,7.127999782562256,7.127999782562256,6.980800151824951,6.985599994659424,8425,0.0,0.0,0.0
2022-08-29 00:00:00+02:00,6.90880012512207,6.90880012512207,6.846399784088135,6.868000030517578,47000,0.0,0.0,0.0
2022-08-30 00:00:00+02:00,6.9008002281188965,6.926400184631348,6.770400047302246,6.796800136566162,35950,0.0,0.0,0.0
2022-08-31 00:00:00+02:00,6.839200019836426,6.839200019836426,6.751200199127197,6.75600004196167,91475,0.0,0.0,0.0
2022-09-01 00:00:00+02:00,6.707200050354004,6.715199947357178,6.682400226593018,6.711999893188477,55950,0.0,0.0,0.0
2022-09-02 00:00:00+02:00,6.742400169372559,6.822400093078613,6.72160005569458,6.79040002822876,39825,0.0,0.0,0.0
2022-09-05 00:00:00+02:00,6.765600204467773,6.765600204467773,6.728799819946289,6.756800174713135,67600,0.0,0.0,0.0
2022-09-06 00:00:00+02:00,6.743199825286865,6.776000022888184,6.681600093841553,6.739999771118164,27125,0.0,0.0,0.0
2022-09-07 00:00:00+02:00,6.691999912261963,6.716000080108643,6.679999828338623,6.70959997177124,62725,0.0,0.0,0.0
2022-09-08 00:00:00+02:00,6.75600004196167,6.798399925231934,6.698400020599365,6.797599792480469,189700,0.0,0.0,0.0
2022-09-09 00:00:00+02:00,6.771999835968018,6.854400157928467,6.771999835968018,6.850399971008301,30225,0.0,0.0,0.0
2022-09-12 00:00:00+02:00,6.854400157928467,6.910399913787842,6.823999881744385,6.8927998542785645,52725,0.0,0.0,0.0
2022-09-13 00:00:00+02:00,6.901599884033203,6.92080020904541,6.773600101470947,6.777599811553955,107675,0.0,0.0,0.0
2022-09-14 00:00:00+02:00,6.748000144958496,6.752799987792969,6.705599784851074,6.729599952697754,20900,0.0,0.0,0.0
2022-09-15 00:00:00+02:00,6.759200096130371,6.764800071716309,6.679200172424316,6.691999912261963,80800,0.0,0.0,0.0
2022-09-16 00:00:00+02:00,6.619999885559082,6.634399890899658,6.572000026702881,6.572000026702881,61300,0.0,0.0,0.0
2022-09-19 00:00:00+02:00,6.587200164794922,6.616799831390381,6.541600227355957,6.587200164794922,52450,0.0,0.0,0.0
2022-09-20 00:00:00+02:00,6.646399974822998,6.646399974822998,6.578400135040283,6.5879998207092285,87200,0.0,0.0,0.0
2022-09-21 00:00:00+02:00,6.5991997718811035,6.654399871826172,6.5991997718811035,6.654399871826172,45150,0.0,0.0,0.0
2022-09-22 00:00:00+02:00,6.5320000648498535,6.584799766540527,6.518400192260742,6.518400192260742,40475,0.0,0.0,0.0
2022-09-23 00:00:00+02:00,6.515999794006348,6.52239990234375,6.440800189971924,6.447199821472168,51675,0.0,0.0,0.0
2022-09-26 00:00:00+02:00,6.451200008392334,6.484000205993652,6.409599781036377,6.461599826812744,50100,0.0,0.0,0.0
2022-09-27 00:00:00+02:00,6.475200176239014,6.500800132751465,6.443999767303467,6.443999767303467,32100,0.0,0.0,0.0
2022-09-28 00:00:00+02:00,6.451200008392334,6.460000038146973,6.360799789428711,6.458399772644043,101475,0.0,0.0,0.0
2022-09-29 00:00:00+02:00,6.432799816131592,6.432799816131592,6.291999816894531,6.304800033569336,65175,0.0,0.0,0.0
2022-09-30 00:00:00+02:00,6.316800117492676,6.358399868011475,6.30079984664917,6.340799808502197,158275,0.0,0.0,0.0
2022-10-03 00:00:00+02:00,6.269599914550781,6.3592000007629395,6.224800109863281,6.341599941253662,134000,0.0,0.0,0.0
2022-10-04 00:00:00+02:00,6.4079999923706055,6.4903998374938965,6.4079999923706055,6.484000205993652,43375,0.0,0.0,0.0
2022-10-05 00:00:00+02:00,6.467199802398682,6.486400127410889,6.455999851226807,6.480000019073486,153500,0.0,0.0,0.0
2022-10-06 00:00:00+02:00,6.508800029754639,6.552800178527832,6.481599807739258,6.525599956512451,45400,0.0,0.0,0.0
2022-10-07 00:00:00+02:00,6.492000102996826,6.51200008392334,6.400000095367432,6.400000095367432,287225,0.0,0.0,0.0
2022-10-10 00:00:00+02:00,6.401599884033203,6.412799835205078,6.353600025177002,6.366399765014648,76900,0.0,0.0,0.0
2022-10-11 00:00:00+02:00,6.305600166320801,6.332799911499023,6.29040002822876,6.3256001472473145,35075,0.0,0.0,0.0
2022-10-12 00:00:00+02:00,6.3256001472473145,6.360000133514404,6.29040002822876,6.306399822235107,25525,0.0,0.0,0.0
2022-10-13 00:00:00+02:00,6.27839994430542,6.315999984741211,6.180799961090088,6.315999984741211,61175,0.0,0.0,0.0
2022-10-14 00:00:00+02:00,6.4232001304626465,6.462399959564209,6.323999881744385,6.323999881744385,51800,0.0,0.0,0.0
2022-10-17 00:00:00+02:00,6.333600044250488,6.411200046539307,6.3256001472473145,6.388800144195557,91950,0.0,0.0,0.0
2022-10-18 00:00:00+02:00,6.433599948883057,6.487199783325195,6.38640022277832,6.38640022277832,41875,0.0,0.0,0.0
2022-10-19 00:00:00+02:00,6.428800106048584,6.4552001953125,6.403200149536133,6.403200149536133,36500,0.0,0.0,0.0
2022-10-20 00:00:00+02:00,6.389599800109863,6.446400165557861,6.372000217437744,6.428800106048584,67450,0.0,0.0,0.0
2022-10-21 00:00:00+02:00,6.355199813842773,6.416800022125244,6.327199935913086,6.394400119781494,39500,0.0,0.0,0.0
2022-10-24 00:00:00+02:00,6.447199821472168,6.4720001220703125,6.410399913787842,6.435999870300293,50375,0.0,0.0,0.0
2022-10-25 00:00:00+02:00,6.478400230407715,6.495999813079834,6.44320011138916,6.495999813079834,37625,0.0,0.0,0.0
2022-10-26 00:00:00+02:00,6.469600200653076,6.512800216674805,6.4552001953125,6.51039981842041,69500,0.0,0.0,0.0
2022-10-27 00:00:00+02:00,6.461599826812744,6.537600040435791,6.442399978637695,6.507999897003174,70225,0.0,0.0,0.0
2022-10-28 00:00:00+02:00,6.4191999435424805,6.5472002029418945,6.416800022125244,6.539999961853027,68825,0.0,0.0,0.0
2022-10-31 00:00:00+01:00,6.577600002288818,6.619200229644775,6.557600021362305,6.596799850463867,69325,0.0,0.0,0.0
2022-11-01 00:00:00+01:00,6.634399890899658,6.661600112915039,6.598400115966797,6.616799831390381,83800,0.0,0.0,0.0
2022-11-02 00:00:00+01:00,6.611999988555908,6.644000053405762,6.583199977874756,6.583199977874756,58650,0.0,0.0,0.0
2022-11-03 00:00:00+01:00,6.531199932098389,6.531199932098389,6.474400043487549,6.523200035095215,27525,0.0,0.0,0.0
2022-11-04 00:00:00+01:00,6.535200119018555,6.573599815368652,6.480800151824951,6.482399940490723,66750,0.0,0.0,0.0
2022-11-07 00:00:00+01:00,6.504000186920166,6.577600002288818,6.504000186920166,6.523200035095215,131075,0.0,0.0,0.0
2022-11-08 00:00:00+01:00,6.529600143432617,6.584799766540527,6.529600143432617,6.584799766540527,22550,0.0,0.0,0.0
2022-11-09 00:00:00+01:00,6.552800178527832,6.564799785614014,6.5055999755859375,6.512800216674805,57150,0.0,0.0,0.0
2022-11-10 00:00:00+01:00,6.474400043487549,6.653600215911865,6.474400043487549,6.653600215911865,66850,0.0,0.0,0.0
2022-11-11 00:00:00+01:00,6.701600074768066,6.738399982452393,6.638400077819824,6.638400077819824,527750,0.0,0.0,0.0
2022-11-14 00:00:00+01:00,6.656799793243408,6.673600196838379,6.639999866485596,6.6528000831604,59875,0.0,0.0,0.0
2022-11-15 00:00:00+01:00,6.643199920654297,6.702400207519531,6.6255998611450195,6.702400207519531,113475,0.0,0.0,0.0
2022-11-16 00:00:00+01:00,6.66480016708374,6.66480016708374,6.590400218963623,6.604000091552734,48600,0.0,0.0,0.0
2022-11-17 00:00:00+01:00,6.622399806976318,6.632800102233887,6.548799991607666,6.577600002288818,115425,0.0,0.0,0.0
2022-11-18 00:00:00+01:00,6.589600086212158,6.651199817657471,6.589600086212158,6.624000072479248,38800,0.0,0.0,0.0
2022-11-21 00:00:00+01:00,6.644000053405762,6.6631999015808105,6.6407999992370605,6.6407999992370605,75075,0.0,0.0,0.0
2022-11-22 00:00:00+01:00,6.6479997634887695,6.686399936676025,6.639999866485596,6.683199882507324,17125,0.0,0.0,0.0
2022-11-23 00:00:00+01:00,6.691999912261963,6.720799922943115,6.688000202178955,6.707200050354004,35475,0.0,0.0,0.0
2022-11-24 00:00:00+01:00,6.703199863433838,6.730400085449219,6.69920015335083,6.722400188446045,35550,0.0,0.0,0.0
2022-11-25 00:00:00+01:00,6.710400104522705,6.72160005569458,6.700799942016602,6.704800128936768,100375,0.0,0.0,0.0
2022-11-28 00:00:00+01:00,6.67519998550415,6.677599906921387,6.605599880218506,6.664000034332275,53125,0.0,0.0,0.0
2022-11-29 00:00:00+01:00,6.677599906921387,6.682400226593018,6.639999866485596,6.641600131988525,49250,0.0,0.0,0.0
2022-11-30 00:00:00+01:00,6.682400226593018,6.699999809265137,6.6519999504089355,6.699999809265137,51850,0.0,0.0,0.0
2022-12-01 00:00:00+01:00,6.797599792480469,6.797599792480469,6.72160005569458,6.748000144958496,90525,0.0,0.0,0.0
2022-12-02 00:00:00+01:00,6.719200134277344,6.735199928283691,6.677599906921387,6.719200134277344,36350,0.0,0.0,0.0
2022-12-05 00:00:00+01:00,6.706399917602539,6.715199947357178,6.665599822998047,6.665599822998047,83725,0.0,0.0,0.0
2022-12-06 00:00:00+01:00,6.6528000831604,6.665599822998047,6.579999923706055,6.585599899291992,77425,0.0,0.0,0.0
2022-12-07 00:00:00+01:00,6.584799766540527,6.584799766540527,6.515999794006348,6.5447998046875,34875,0.0,0.0,0.0
2022-12-08 00:00:00+01:00,6.551199913024902,6.5920000076293945,6.5503997802734375,6.559199810028076,18450,0.0,0.0,0.0
2022-12-09 00:00:00+01:00,6.584799766540527,6.605599880218506,6.578400135040283,6.592800140380859,22975,0.0,0.0,0.0
2022-12-12 00:00:00+01:00,6.544000148773193,6.564000129699707,6.52400016784668,6.552000045776367,162450,0.0,0.0,0.0
2022-12-13 00:00:00+01:00,6.601600170135498,6.707200050354004,6.601600170135498,6.647200107574463,172800,0.0,0.0,0.0
2022-12-14 00:00:00+01:00,6.6143999099731445,6.637599945068359,6.5879998207092285,6.6296000480651855,53225,0.0,0.0,0.0
2022-12-15 00:00:00+01:00,6.536799907684326,6.538400173187256,6.40880012512207,6.411200046539307,68950,0.0,0.0,0.0
2022-12-16 00:00:00+01:00,6.415999889373779,6.415999889373779,6.3480000495910645,6.36959981918335,101950,0.0,0.0,0.0
2022-12-19 00:00:00+01:00,6.382400035858154,6.4039998054504395,6.348800182342529,6.348800182342529,57675,0.0,0.0,0.0
2022-12-20 00:00:00+01:00,6.296000003814697,6.351200103759766,6.291999816894531,6.329599857330322,55850,0.0,0.0,0.0
2022-12-21 00:00:00+01:00,6.358399868011475,6.4415998458862305,6.358399868011475,6.4344000816345215,130700,0.0,0.0,0.0
2022-12-22 00:00:00+01:00,6.4344000816345215,6.4344000816345215,6.339200019836426,6.348800182342529,82000,0.0,0.0,0.0
2022-12-23 00:00:00+01:00,6.356800079345703,6.377600193023682,6.328000068664551,6.360799789428711,87025,0.0,0.0,0.0
2022-12-27 00:00:00+01:00,6.378399848937988,6.406400203704834,6.358399868011475,6.367199897766113,31575,0.0,0.0,0.0
2022-12-28 00:00:00+01:00,6.371200084686279,6.3856000900268555,6.331200122833252,6.331200122833252,27850,0.0,0.0,0.0
2022-12-29 00:00:00+01:00,6.311999797821045,6.3815999031066895,6.298399925231934,6.378399848937988,126600,0.0,0.0,0.0
2022-12-30 00:00:00+01:00,6.354400157928467,6.355999946594238,6.323999881744385,6.330399990081787,10450,0.0,0.0,0.0
2023-01-02 00:00:00+01:00,6.339200019836426,6.447999954223633,6.339200019836426,6.447999954223633,43800,0.0,0.0,0.0
2023-01-03 00:00:00+01:00,6.423999786376953,6.492000102996826,6.4079999923706055,6.4079999923706055,53725,0.0,0.0,0.0
2023-01-04 00:00:00+01:00,6.43120002746582,6.478400230407715,6.421599864959717,6.478400230407715,55325,0.0,0.0,0.0
2023-01-05 00:00:00+01:00,6.437600135803223,6.472799777984619,6.4232001304626465,6.4527997970581055,161125,0.0,0.0,0.0
2023-01-06 00:00:00+01:00,6.458399772644043,6.530399799346924,6.4527997970581055,6.511199951171875,88675,0.0,0.0,0.0
2023-01-09 00:00:00+01:00,6.512800216674805,6.5584001541137695,6.511199951171875,6.549600124359131,134700,0.0,0.0,0.0
2023-01-10 00:00:00+01:00,6.480000019073486,6.495200157165527,6.468800067901611,6.482399940490723,34575,0.0,0.0,0.0
2023-01-11 00:00:00+01:00,6.514400005340576,6.5447998046875,6.514400005340576,6.535200119018555,43700,0.0,0.0,0.0
2023-01-12 00:00:00+01:00,6.571199893951416,6.587200164794922,6.535200119018555,6.567200183868408,149425,0.0,0.0,0.0
2023-01-13 00:00:00+01:00,6.5696001052856445,6.595200061798096,6.5472002029418945,6.590400218963623,219450,0.0,0.0,0.0
2023-01-16 00:00:00+01:00,6.606400012969971,6.621600151062012,6.589600086212158,6.612800121307373,293925,0.0,0.0,0.0
2023-01-17 00:00:00+01:00,6.598400115966797,6.645599842071533,6.583199977874756,6.631999969482422,121450,0.0,0.0,0.0
2023-01-18 00:00:00+01:00,6.619999885559082,6.643199920654297,6.594399929046631,6.594399929046631,61375,0.0,0.0,0.0
2023-01-19 00:00:00+01:00,6.548799991607666,6.548799991607666,6.502399921417236,6.5096001625061035,88675,0.0,0.0,0.0
2023-01-20 00:00:00+01:00,6.531199932098389,6.5543999671936035,6.51200008392334,6.5543999671936035,168025,0.0,0.0,0.0
2023-01-23 00:00:00+01:00,6.5696001052856445,6.659999847412109,6.555200099945068,6.6479997634887695,58675,0.0,0.0,0.0
2023-01-24 00:00:00+01:00,6.645599842071533,6.6479997634887695,6.624000072479248,6.638400077819824,58900,0.0,0.0,0.0
2023-01-25 00:00:00+01:00,6.645599842071533,6.645599842071533,6.552000045776367,6.589600086212158,64525,0.0,0.0,0.0
2023-01-26 00:00:00+01:00,6.648799896240234,6.684000015258789,6.648799896240234,6.667200088500977,69850,0.0,0.0,0.0
2023-01-27 00:00:00+01:00,6.686399936676025,6.712800025939941,6.679200172424316,6.710400104522705,136850,0.0,0.0,0.0
2023-01-30 00:00:00+01:00,6.660799980163574,6.676799774169922,6.627200126647949,6.673600196838379,73050,0.0,0.0,0.0
2023-01-31 00:00:00+01:00,6.654399871826172,6.669600009918213,6.619200229644775,6.66480016708374,46000,0.0,0.0,0.0
2023-02-01 00:00:00+01:00,6.688799858093262,6.696800231933594,6.647200107574463,6.661600112915039,91925,0.0,0.0,0.0
2023-02-02 00:00:00+01:00,6.6975998878479,6.800000190734863,6.6975998878479,6.800000190734863,44725,0.0,0.0,0.0
2023-02-03 00:00:00+01:00,6.76800012588501,6.8368000984191895,6.759200096130371,6.8368000984191895,61850,0.0,0.0,0.0
2023-02-06 00:00:00+01:00,6.775199890136719,6.789599895477295,6.751200199127197,6.789599895477295,168100,0.0,0.0,0.0
2023-02-07 00:00:00+01:00,6.796000003814697,6.810400009155273,6.783999919891357,6.805600166320801,80600,0.0,0.0,0.0
2023-02-08 00:00:00+01:00,6.840000152587891,6.841599941253662,6.796800136566162,6.796800136566162,207075,0.0,0.0,0.0
2023-02-09 00:00:00+01:00,6.843999862670898,6.849599838256836,6.805600166320801,6.811999797821045,57750,0.0,0.0,0.0
2023-02-10 00:00:00+01:00,6.750400066375732,6.786399841308594,6.736000061035156,6.78000020980835,55300,0.0,0.0,0.0
2023-02-13 00:00:00+01:00,6.780799865722656,6.828000068664551,6.772799968719482,6.815999984741211,44250,0.0,0.0,0.0
2023-02-14 00:00:00+01:00,6.819200038909912,6.826399803161621,6.782400131225586,6.782400131225586,58100,0.0,0.0,0.0
2023-02-15 00:00:00+01:00,6.781599998474121,6.832799911499023,6.781599998474121,6.831200122833252,68550,0.0,0.0,0.0
2023-02-16 00:00:00+01:00,6.867199897766113,6.867199897766113,6.796800136566162,6.831200122833252,160425,0.0,0.0,0.0
2023-02-17 00:00:00+01:00,6.776800155639648,6.788000106811523,6.756800174713135,6.756800174713135,44525,0.0,0.0,0.0
2023-02-20 00:00:00+01:00,6.774400234222412,6.789599895477295,6.763999938964844,6.76800012588501,44025,0.0,0.0,0.0
2023-02-21 00:00:00+01:00,6.751999855041504,6.759200096130371,6.702400207519531,6.702400207519531,55625,0.0,0.0,0.0
2023-02-22 00:00:00+01:00,6.670400142669678,6.693600177764893,6.659999847412109,6.68720006942749,115775,0.0,0.0,0.0
2023-02-23 00:00:00+01:00,6.710400104522705,6.746399879455566,6.689599990844727,6.694399833679199,120375,0.0,0.0,0.0
2023-02-24 00:00:00+01:00,6.723199844360352,6.723199844360352,6.6519999504089355,6.656799793243408,47150,0.0,0.0,0.0
2023-02-27 00:00:00+01:00,6.705599784851074,6.718400001525879,6.692800045013428,6.692800045013428,35025,0.0,0.0,0.0
2023-02-28 00:00:00+01:00,6.660799980163574,6.688799858093262,6.648799896240234,6.668799877166748,73575,0.0,0.0,0.0
2023-03-01 00:00:00+01:00,6.667200088500977,6.671199798583984,6.599999904632568,6.611199855804443,114425,0.0,0.0,0.0
2023-03-02 00:00:00+01:00,6.596799850463867,6.653600215911865,6.595200061798096,6.649600028991699,118500,0.0,0.0,0.0
2023-03-03 00:00:00+01:00,6.695199966430664,6.75439977645874,6.691999912261963,6.751200199127197,19825,0.0,0.0,0.0
2023-03-06 00:00:00+01:00,6.771999835968018,6.775199890136719,6.757599830627441,6.771200180053711,31550,0.0,0.0,0.0
2023-03-07 00:00:00+01:00,6.748799800872803,6.76639986038208,6.727200031280518,6.73199987411499,65750,0.0,0.0,0.0
2023-03-08 00:00:00+01:00,6.722400188446045,6.735199928283691,6.716800212860107,6.719200134277344,38225,0.0,0.0,0.0
2023-03-09 00:00:00+01:00,6.717599868774414,6.737599849700928,6.699999809265137,6.70959997177124,30000,0.0,0.0,0.0
2023-03-10 00:00:00+01:00,6.5655999183654785,6.588799953460693,6.496799945831299,6.572800159454346,100450,0.0,0.0,0.0
2023-03-13 00:00:00+01:00,6.511199951171875,6.511199951171875,6.363999843597412,6.418399810791016,377850,0.0,0.0,0.0
2023-03-14 00:00:00+01:00,6.429599761962891,6.51200008392334,6.420000076293945,6.5015997886657715,60600,0.0,0.0,0.0
2023-03-15 00:00:00+01:00,6.468800067901611,6.4791998863220215,6.400000095367432,6.432799816131592,256900,0.0,0.0,0.0
2023-03-16 00:00:00+01:00,6.486400127410889,6.519999980926514,6.436800003051758,6.51039981842041,82750,0.0,0.0,0.0
2023-03-17 00:00:00+01:00,6.5391998291015625,6.557600021362305,6.455999851226807,6.4608001708984375,59200,0.0,0.0,0.0
2023-03-20 00:00:00+01:00,6.423999786376953,6.480800151824951,6.400000095367432,6.463200092315674,91950,0.0,0.0,0.0
2023-03-21 00:00:00+01:00,6.5,6.525599956512451,6.5,6.51200008392334,10375,0.0,0.0,0.0
2023-03-22 00:00:00+01:00,6.5279998779296875,6.541600227355957,6.524799823760986,6.524799823760986,58050,0.0,0.0,0.0
2023-03-23 00:00:00+01:00,6.4496002197265625,6.503200054168701,6.433599948883057,6.4832000732421875,91850,0.0,0.0,0.0
2023-03-24 00:00:00+01:00,6.469600200653076,6.480000019073486,6.435200214385986,6.464000225067139,147000,0.0,0.0,0.0
2023-03-27 00:00:00+02:00,6.529600143432617,6.5320000648498535,6.500800132751465,6.504000186920166,39825,0.0,0.0,0.0
2023-03-28 00:00:00+02:00,6.524799823760986,6.524799823760986,6.480000019073486,6.486400127410889,53175,0.0,0.0,0.0
2023-03-29 00:00:00+02:00,6.536799907684326,6.5503997802734375,6.528800010681152,6.549600124359131,68925,0.0,0.0,0.0
2023-03-30 00:00:00+02:00,6.586400032043457,6.5960001945495605,6.572000026702881,6.583199977874756,94550,0.0,0.0,0.0
2023-03-31 00:00:00+02:00,6.593599796295166,6.656000137329102,6.5920000076293945,6.656000137329102,68225,0.0,0.0,0.0
2023-04-03 00:00:00+02:00,6.691199779510498,6.691999912261963,6.66480016708374,6.66480016708374,453025,0.0,0.0,0.0
2023-04-04 00:00:00+02:00,6.680799961090088,6.699999809265137,6.620800018310547,6.6255998611450195,137100,0.0,0.0,0.0
2023-04-05 00:00:00+02:00,6.624800205230713,6.627999782562256,6.5991997718811035,6.606400012969971,104075,0.0,0.0,0.0
2023-04-06 00:00:00+02:00,6.616799831390381,6.627999782562256,6.6031999588012695,6.61359977722168,110200,0.0,0.0,0.0
2023-04-11 00:00:00+02:00,6.676799774169922,6.676799774169922,6.649600028991699,6.658400058746338,96875,0.0,0.0,0.0
2023-04-12 00:00:00+02:00,6.657599925994873,6.695199966430664,6.622399806976318,6.63040018081665,113300,0.0,0.0,0.0
2023-04-13 00:00:00+02:00,6.631199836730957,6.631199836730957,6.599999904632568,6.619200229644775,37925,0.0,0.0,0.0
2023-04-14 00:00:00+02:00,6.644000053405762,6.680799961090088,6.642399787902832,6.660799980163574,62925,0.0,0.0,0.0
2023-04-17 00:00:00+02:00,6.691999912261963,6.70959997177124,6.6855998039245605,6.698400020599365,75075,0.0,0.0,0.0
2023-04-18 00:00:00+02:00,6.720799922943115,6.729599952697754,6.699999809265137,6.706399917602539,43900,0.0,0.0,0.0
2023-04-19 00:00:00+02:00,6.686399936676025,6.695199966430664,6.671199798583984,6.68720006942749,65450,0.0,0.0,0.0
2023-04-20 00:00:00+02:00,6.677599906921387,6.679999828338623,6.651199817657471,6.669600009918213,41025,0.0,0.0,0.0
2023-04-21 00:00:00+02:00,6.668000221252441,6.668799877166748,6.6407999992370605,6.648799896240234,96700,0.0,0.0,0.0
2023-04-24 00:00:00+02:00,6.632800102233887,6.642399787902832,6.6184000968933105,6.620800018310547,97800,0.0,0.0,0.0
2023-04-25 00:00:00+02:00,6.601600170135498,6.61359977722168,6.595200061798096,6.6031999588012695,43575,0.0,0.0,0.0
2023-04-26 00:00:00+02:00,6.575200080871582,6.5767998695373535,6.507999897003174,6.535999774932861,96525,0.0,0.0,0.0
2023-04-27 00:00:00+02:00,6.544000148773193,6.578400135040283,6.532800197601318,6.578400135040283,34525,0.0,0.0,0.0
2023-04-28 00:00:00+02:00,6.609600067138672,6.644000053405762,6.592800140380859,6.631999969482422,29550,0.0,0.0,0.0
2023-05-02 00:00:00+02:00,6.671999931335449,6.682400226593018,6.564799785614014,6.56879997253418,133625,0.0,0.0,0.0
2023-05-03 00:00:00+02:00,6.600800037384033,6.600800037384033,6.5696001052856445,6.575200080871582,154550,0.0,0.0,0.0
2023-05-04 00:00:00+02:00,6.54640007019043,6.563199996948242,6.517600059509277,6.539999961853027,226075,0.0,0.0,0.0
2023-05-05 00:00:00+02:00,6.55679988861084,6.627999782562256,6.551199913024902,6.6255998611450195,59825,0.0,0.0,0.0
2023-05-08 00:00:00+02:00,6.631999969482422,6.656000137329102,6.631999969482422,6.647200107574463,33900,0.0,0.0,0.0
2023-05-09 00:00:00+02:00,6.657599925994873,6.671999931335449,6.649600028991699,6.671999931335449,48875,0.0,0.0,0.0
2023-05-10 00:00:00+02:00,6.66480016708374,6.692800045013428,6.6407999992370605,6.661600112915039,89225,0.0,0.0,0.0
2023-05-11 00:00:00+02:00,6.708799839019775,6.714399814605713,6.653600215911865,6.671999931335449,73725,0.0,0.0,0.0
2023-05-12 00:00:00+02:00,6.691199779510498,6.719200134277344,6.691199779510498,6.691999912261963,44625,0.0,0.0,0.0
2023-05-15 00:00:00+02:00,6.726399898529053,6.728799819946289,6.695199966430664,6.720799922943115,64800,0.0,0.0,0.0
2023-05-16 00:00:00+02:00,6.711999893188477,6.726399898529053,6.699999809265137,6.706399917602539,76225,0.0,0.0,0.0
2023-05-17 00:00:00+02:00,6.693600177764893,6.73199987411499,6.693600177764893,6.729599952697754,57375,0.0,0.0,0.0
2023-05-18 00:00:00+02:00,6.76800012588501,6.820000171661377,6.76800012588501,6.817599773406982,55750,0.0,0.0,0.0
2023-05-19 00:00:00+02:00,6.8368000984191895,6.853600025177002,6.803199768066406,6.803199768066406,183525,0.0,0.0,0.0
2023-05-22 00:00:00+02:00,6.8144001960754395,6.832799911499023,6.80079984664917,6.823999881744385,249650,0.0,0.0,0.0
2023-05-23 00:00:00+02:00,6.808800220489502,6.820799827575684,6.799200057983398,6.813600063323975,134675,0.0,0.0,0.0
2023-05-24 00:00:00+02:00,6.764800071716309,6.764800071716309,6.695199966430664,6.713600158691406,99025,0.0,0.0,0.0
2023-05-25 00:00:00+02:00,6.746399879455566,6.773600101470947,6.735199928283691,6.739200115203857,111725,0.0,0.0,0.0
2023-05-26 00:00:00+02:00,6.763999938964844,6.841599941253662,6.749599933624268,6.832799911499023,61800,0.0,0.0,0.0
2023-05-29 00:00:00+02:00,6.852799892425537,6.854400157928467,6.832799911499023,6.842400074005127,48750,0.0,0.0,0.0
2023-05-30 00:00:00+02:00,6.850399971008301,6.865600109100342,6.803199768066406,6.811200141906738,94975,0.0,0.0,0.0
2023-05-31 00:00:00+02:00,6.794400215148926,6.826399803161621,6.772799968719482,6.772799968719482,142575,0.0,0.0,0.0
2023-06-01 00:00:00+02:00,6.803999900817871,6.820000171661377,6.760000228881836,6.805600166320801,116925,0.0,0.0,0.0
2023-06-02 00:00:00+02:00,6.841599941253662,6.938399791717529,6.833600044250488,6.936800003051758,107100,0.0,0.0,0.0
2023-06-05 00:00:00+02:00,6.959199905395508,6.9791998863220215,6.932000160217285,6.954400062561035,139550,0.0,0.0,0.0
2023-06-06 00:00:00+02:00,6.937600135803223,6.984799861907959,6.933599948883057,6.982399940490723,79525,0.0,0.0,0.0
2023-06-07 00:00:00+02:00,6.982399940490723,6.98799991607666,6.9679999351501465,6.980000019073486,81650,0.0,0.0,0.0
2023-06-08 00:00:00+02:00,6.955999851226807,6.963200092315674,6.920000076293945,6.940000057220459,173850,0.0,0.0,0.0
2023-06-09 00:00:00+02:00,6.9496002197265625,6.992000102996826,6.938399791717529,6.97760009765625,48950,0.0,0.0,0.0
2023-06-12 00:00:00+02:00,7.000800132751465,7.008800029754639,6.980000019073486,7.0,138125,0.0,0.0,0.0
2023-06-13 00:00:00+02:00,7.02400016784668,7.064000129699707,7.014400005340576,7.059199810028076,89350,0.0,0.0,0.0
2023-06-14 00:00:00+02:00,7.059199810028076,7.072000026702881,7.04640007019043,7.061600208282471,174850,0.0,0.0,0.0
2023-06-15 00:00:00+02:00,7.04640007019043,7.052000045776367,7.0,7.033599853515625,118325,0.0,0.0,0.0
2023-06-16 00:00:00+02:00,7.0503997802734375,7.0767998695373535,7.0432000160217285,7.059199810028076,116125,0.0,0.0,0.0
2023-06-19 00:00:00+02:00,7.03439998626709,7.0432000160217285,7.021599769592285,7.023200035095215,111750,0.0,0.0,0.0
2023-06-20 00:00:00+02:00,7.007199764251709,7.018400192260742,6.973599910736084,6.984000205993652,114575,0.0,0.0,0.0
2023-06-21 00:00:00+02:00,6.9832000732421875,6.9984002113342285,6.943999767303467,6.950399875640869,89275,0.0,0.0,0.0
2023-06-22 00:00:00+02:00,6.904799938201904,6.923999786376953,6.884799957275391,6.920000076293945,93600,0.0,0.0,0.0
2023-06-23 00:00:00+02:00,6.912799835205078,6.950399875640869,6.8927998542785645,6.9120001792907715,210125,0.0,0.0,0.0
2023-06-26 00:00:00+02:00,6.906400203704834,6.9191999435424805,6.878399848937988,6.900000095367432,99925,0.0,0.0,0.0
2023-06-27 00:00:00+02:00,6.901599884033203,6.901599884033203,6.866399765014648,6.8968000411987305,56900,0.0,0.0,0.0
2023-06-28 00:00:00+02:00,6.942399978637695,6.9567999839782715,6.915200233459473,6.9496002197265625,88050,0.0,0.0,0.0
2023-06-29 00:00:00+02:00,6.948800086975098,6.97599983215332,6.944799900054932,6.971199989318848,55000,0.0,0.0,0.0
2023-06-30 00:00:00+02:00,7.000800132751465,7.041600227355957,6.993599891662598,7.033599853515625,96625,0.0,0.0,0.0
2023-07-03 00:00:00+02:00,7.0696001052856445,7.077600002288818,7.048799991607666,7.060800075531006,171575,0.0,0.0,0.0
2023-07-04 00:00:00+02:00,7.071199893951416,7.078400135040283,7.064000129699707,7.075200080871582,80525,0.0,0.0,0.0
2023-07-05 00:00:00+02:00,7.0543999671936035,7.062399864196777,7.030399799346924,7.059999942779541,78675,0.0,0.0,0.0
2023-07-06 00:00:00+02:00,7.019999980926514,7.021599769592285,6.933599948883057,6.937600135803223,147375,0.0,0.0,0.0
2023-07-07 00:00:00+02:00,6.942399978637695,6.960000038146973,6.926400184631348,6.944799900054932,121750,0.0,0.0,0.0
2023-07-10 00:00:00+02:00,6.900000095367432,6.936800003051758,6.892000198364258,6.921599864959717,125250,0.0,0.0,0.0
2023-07-11 00:00:00+02:00,6.948800086975098,6.959199905395508,6.920000076293945,6.952000141143799,136075,0.0,0.0,0.0
2023-07-12 00:00:00+02:00,6.9679999351501465,6.999199867248535,6.9679999351501465,6.984000205993652,342275,0.0,0.0,0.0
2023-07-13 00:00:00+02:00,6.987199783325195,7.004799842834473,6.980800151824951,6.9903998374938965,201050,0.0,0.0,0.0
2023-07-14 00:00:00+02:00,6.985599994659424,6.999199867248535,6.964799880981445,6.975200176239014,131000,0.0,0.0,0.0
2023-07-17 00:00:00+02:00,6.947199821472168,6.971199989318848,6.942399978637695,6.964799880981445,195900,0.0,0.0,0.0
2023-07-18 00:00:00+02:00,6.958399772644043,7.0015997886657715,6.95359992980957,7.0015997886657715,123300,0.0,0.0,0.0
2023-07-19 00:00:00+02:00,7.029600143432617,7.061600208282471,7.015999794006348,7.052800178527832,73325,0.0,0.0,0.0
2023-07-20 00:00:00+02:00,7.023200035095215,7.061600208282471,7.023200035095215,7.059999942779541,95125,0.0,0.0,0.0
2023-07-21 00:00:00+02:00,7.049600124359131,7.067999839782715,7.049600124359131,7.067999839782715,115800,0.0,0.0,0.0
2023-07-24 00:00:00+02:00,7.03439998626709,7.104800224304199,7.029600143432617,7.096799850463867,185525,0.0,0.0,0.0
2023-07-25 00:00:00+02:00,7.116000175476074,7.1479997634887695,7.0960001945495605,7.137599945068359,277125,0.0,0.0,0.0
2023-07-26 00:00:00+02:00,7.1296000480651855,7.1296000480651855,7.094399929046631,7.108799934387207,245575,0.0,0.0,0.0
2023-07-27 00:00:00+02:00,7.137599945068359,7.216000080108643,7.131199836730957,7.207200050354004,128775,0.0,0.0,0.0
2023-07-28 00:00:00+02:00,7.173600196838379,7.19920015335083,7.171199798583984,7.193600177764893,67525,0.0,0.0,0.0
2023-07-31 00:00:00+02:00,7.184800148010254,7.212800025939941,7.181600093841553,7.199999809265137,71400,0.0,0.0,0.0
2023-08-01 00:00:00+02:00,7.220799922943115,7.225599765777588,7.179200172424316,7.186399936676025,305750,0.0,0.0,0.0
2023-08-02 00:00:00+02:00,7.121600151062012,7.146399974822998,7.089600086212158,7.107999801635742,162575,0.0,0.0,0.0
2023-08-03 00:00:00+02:00,7.087200164794922,7.0879998207092285,7.0584001541137695,7.075200080871582,209000,0.0,0.0,0.0
2023-08-04 00:00:00+02:00,7.093599796295166,7.119200229644775,7.052000045776367,7.071199893951416,154350,0.0,0.0,0.0
2023-08-07 00:00:00+02:00,7.063199996948242,7.076000213623047,7.048799991607666,7.062399864196777,321100,0.0,0.0,0.0
2023-08-08 00:00:00+02:00,7.0543999671936035,7.05679988861084,7.021599769592285,7.026400089263916,46225,0.0,0.0,0.0
2023-08-09 00:00:00+02:00,7.0808000564575195,7.093599796295166,7.029600143432617,7.035999774932861,154275,0.0,0.0,0.0
2023-08-10 00:00:00+02:00,7.047999858856201,7.089600086212158,7.035999774932861,7.062399864196777,236500,0.0,0.0,0.0
2023-08-11 00:00:00+02:00,7.031199932098389,7.032800197601318,7.003200054168701,7.0167999267578125,137175,0.0,0.0,0.0
2023-08-14 00:00:00+02:00,7.02239990234375,7.0584001541137695,7.02239990234375,7.049600124359131,63200,0.0,0.0,0.0
2023-08-15 00:00:00+02:00,7.055200099945068,7.055200099945068,6.971199989318848,6.9944000244140625,143400,0.0,0.0,0.0
2023-08-16 00:00:00+02:00,6.974400043487549,6.995999813079834,6.96560001373291,6.98960018157959,173250,0.0,0.0,0.0
2023-08-17 00:00:00+02:00,6.96560001373291,6.974400043487549,6.944799900054932,6.944799900054932,170525,0.0,0.0,0.0
2023-08-18 00:00:00+02:00,6.90880012512207,6.914400100708008,6.8632001876831055,6.895999908447266,445775,0.0,0.0,0.0
2023-08-21 00:00:00+02:00,6.904799938201904,6.926400184631348,6.887199878692627,6.893599987030029,268400,0.0,0.0,0.0
2023-08-22 00:00:00+02:00,6.924799919128418,6.980000019073486,6.921599864959717,6.957600116729736,364525,0.0,0.0,0.0
2023-08-23 00:00:00+02:00,6.96560001373291,7.0055999755859375,6.963200092315674,6.997600078582764,276950,0.0,0.0,0.0
2023-08-24 00:00:00+02:00,7.061600208282471,7.064000129699707,6.975200176239014,6.975200176239014,241000,0.0,0.0,0.0
2023-08-25 00:00:00+02:00,6.972799777984619,6.992000102996826,6.950399875640869,6.980800151824951,422200,0.0,0.0,0.0
2023-08-28 00:00:00+02:00,7.0055999755859375,7.047999858856201,7.0,7.040800094604492,330050,0.0,0.0,0.0
2023-08-29 00:00:00+02:00,7.064000129699707,7.095200061798096,7.045599937438965,7.095200061798096,197825,0.0,0.0,0.0
2023-08-30 00:00:00+02:00,7.098400115966797,7.105599880218506,7.072000026702881,7.081600189208984,142950,0.0,0.0,0.0
2023-08-31 00:00:00+02:00,7.099999904632568,7.153600215911865,7.0991997718811035,7.134399890899658,108200,0.0,0.0,0.0
2023-09-01 00:00:00+02:00,7.132800102233887,7.186399936676025,7.1296000480651855,7.173600196838379,182125,0.0,0.0,0.0
2023-09-04 00:00:00+02:00,7.196000099182129,7.203199863433838,7.178400039672852,7.179200172424316,89125,0.0,0.0,0.0
2023-09-05 00:00:00+02:00,7.168799877166748,7.208000183105469,7.159999847412109,7.200799942016602,115675,0.0,0.0,0.0
2023-09-06 00:00:00+02:00,7.168000221252441,7.168000221252441,7.1407999992370605,7.147200107574463,56100,0.0,0.0,0.0
2023-09-07 00:00:00+02:00,7.128799915313721,7.143199920654297,7.1072001457214355,7.127999782562256,182200,0.0,0.0,0.0
2023-09-08 00:00:00+02:00,7.145599842071533,7.145599842071533,7.100800037384033,7.144000053405762,63125,0.0,0.0,0.0
2023-09-11 00:00:00+02:00,7.149600028991699,7.167200088500977,7.132800102233887,7.1407999992370605,457025,0.0,0.0,0.0
2023-09-12 00:00:00+02:00,7.160799980163574,7.16480016708374,7.141600131988525,7.146399974822998,205400,0.0,0.0,0.0
2023-09-13 00:00:00+02:00,7.122399806976318,7.141600131988525,7.104800224304199,7.1367998123168945,30300,0.0,0.0,0.0
2023-09-14 00:00:00+02:00,7.157599925994873,7.229599952697754,7.1367998123168945,7.223999977111816,102825,0.0,0.0,0.0
2023-09-15 00:00:00+02:00,7.26639986038208,7.267199993133545,7.194399833679199,7.194399833679199,130325,0.0,0.0,0.0
2023-09-18 00:00:00+02:00,7.190400123596191,7.191199779510498,7.156000137329102,7.161600112915039,107525,0.0,0.0,0.0
2023-09-19 00:00:00+02:00,7.160799980163574,7.177599906921387,7.124800205230713,7.133600234985352,204750,0.0,0.0,0.0
2023-09-20 00:00:00+02:00,7.150400161743164,7.169600009918213,7.144800186157227,7.156799793243408,119800,0.0,0.0,0.0
2023-09-21 00:00:00+02:00,7.1031999588012695,7.1031999588012695,7.032800197601318,7.038400173187256,246150,0.0,0.0,0.0
2023-09-22 00:00:00+02:00,7.02239990234375,7.049600124359131,7.015999794006348,7.039999961853027,392725,0.0,0.0,0.0
2023-09-25 00:00:00+02:00,7.017600059509277,7.0432000160217285,6.984000205993652,7.041600227355957,255575,0.0,0.0,0.0
2023-09-26 00:00:00+02:00,7.015999794006348,7.015999794006348,6.97760009765625,6.97760009765625,336675,0.0,0.0,0.0
2023-09-27 00:00:00+02:00,6.992800235748291,7.025599956512451,6.992800235748291,7.004000186920166,160875,0.0,0.0,0.0
2023-09-28 00:00:00+02:00,7.014400005340576,7.014400005340576,6.9608001708984375,7.0096001625061035,199100,0.0,0.0,0.0
2023-09-29 00:00:00+02:00,7.019999980926514,7.053599834442139,7.018400192260742,7.018400192260742,161375,0.0,0.0,0.0
2023-10-02 00:00:00+02:00,7.017600059509277,7.03439998626709,6.987199783325195,7.0096001625061035,351200,0.0,0.0,0.0
2023-10-03 00:00:00+02:00,6.996799945831299,7.008800029754639,6.922399997711182,6.9232001304626465,178575,0.0,0.0,0.0
2023-10-04 00:00:00+02:00,6.888000011444092,6.912799835205078,6.867199897766113,6.893599987030029,306850,0.0,0.0,0.0
2023-10-05 00:00:00+02:00,6.922399997711182,6.937600135803223,6.8856000900268555,6.889599800109863,275425,0.0,0.0,0.0
2023-10-06 00:00:00+02:00,6.922399997711182,6.939199924468994,6.88640022277832,6.939199924468994,171575,0.0,0.0,0.0
2023-10-09 00:00:00+02:00,6.932000160217285,6.975200176239014,6.9232001304626465,6.975200176239014,124025,0.0,0.0,0.0
2023-10-10 00:00:00+02:00,7.026400089263916,7.075200080871582,7.019199848175049,7.072000026702881,452225,0.0,0.0,0.0
2023-10-11 00:00:00+02:00,7.052800178527832,7.074399948120117,7.044000148773193,7.044000148773193,395775,0.0,0.0,0.0
2023-10-12 00:00:00+02:00,7.095200061798096,7.112800121307373,7.083199977874756,7.087200164794922,144800,0.0,0.0,0.0
2023-10-13 00:00:00+02:00,7.070400238037109,7.094399929046631,7.036799907684326,7.04640007019043,174425,0.0,0.0,0.0
2023-10-16 00:00:00+02:00,7.039999961853027,7.0808000564575195,7.01200008392334,7.076000213623047,286025,0.0,0.0,0.0
2023-10-17 00:00:00+02:00,7.067999839782715,7.074399948120117,7.019199848175049,7.064000129699707,167050,0.0,0.0,0.0
2023-10-18 00:00:00+02:00,7.033599853515625,7.0472002029418945,7.007999897003174,7.0167999267578125,213025,0.0,0.0,0.0
2023-10-19 00:00:00+02:00,6.966400146484375,6.974400043487549,6.932799816131592,6.94320011138916,149925,0.0,0.0,0.0
2023-10-20 00:00:00+02:00,6.873600006103516,6.888800144195557,6.817599773406982,6.820799827575684,369500,0.0,0.0,0.0
2023-10-23 00:00:00+02:00,6.815999984741211,6.826399803161621,6.751200199127197,6.795199871063232,228000,0.0,0.0,0.0
2023-10-24 00:00:00+02:00,6.772799968719482,6.851200103759766,6.76639986038208,6.830399990081787,239550,0.0,0.0,0.0
2023-10-25 00:00:00+02:00,6.809599876403809,6.833600044250488,6.781599998474121,6.796000003814697,78075,0.0,0.0,0.0
2023-10-26 00:00:00+02:00,6.720799922943115,6.771200180053711,6.720799922943115,6.751999855041504,317875,0.0,0.0,0.0
2023-10-27 00:00:00+02:00,6.739999771118164,6.756800174713135,6.6975998878479,6.6975998878479,242350,0.0,0.0,0.0
2023-10-30 00:00:00+01:00,6.731200218200684,6.736800193786621,6.677599906921387,6.696800231933594,169850,0.0,0.0,0.0
2023-10-31 00:00:00+01:00,6.696000099182129,6.751999855041504,6.696000099182129,6.748799800872803,144975,0.0,0.0,0.0
2023-11-01 00:00:00+01:00,6.775199890136719,6.834400177001953,6.765600204467773,6.823200225830078,220850,0.0,0.0,0.0
2023-11-02 00:00:00+01:00,6.856800079345703,6.923999786376953,6.853600025177002,6.923999786376953,245025,0.0,0.0,0.0
2023-11-03 00:00:00+01:00,6.947199821472168,6.968800067901611,6.927999973297119,6.967199802398682,119075,0.0,0.0,0.0
2023-11-06 00:00:00+01:00,6.970399856567383,6.970399856567383,6.9496002197265625,6.9496002197265625,209875,0.0,0.0,0.0
2023-11-07 00:00:00+01:00,6.9496002197265625,6.9903998374938965,6.9415998458862305,6.98799991607666,93900,0.0,0.0,0.0
2023-11-08 00:00:00+01:00,6.9608001708984375,6.992000102996826,6.9552001953125,6.9567999839782715,104150,0.0,0.0,0.0
2023-11-09 00:00:00+01:00,6.96560001373291,6.996799945831299,6.960000038146973,6.980000019073486,119050,0.0,0.0,0.0
2023-11-10 00:00:00+01:00,6.96560001373291,6.968800067901611,6.920000076293945,6.962399959564209,320375,0.0,0.0,0.0
2023-11-13 00:00:00+01:00,6.980800151824951,7.014400005340576,6.980800151824951,7.004799842834473,241050,0.0,0.0,0.0
2023-11-14 00:00:00+01:00,7.004799842834473,7.066400051116943,6.987199783325195,7.059999942779541,148075,0.0,0.0,0.0
2023-11-15 00:00:00+01:00,7.071199893951416,7.1072001457214355,7.071199893951416,7.097599983215332,791375,0.0,0.0,0.0
2023-11-16 00:00:00+01:00,7.082399845123291,7.082399845123291,7.035999774932861,7.0432000160217285,236125,0.0,0.0,0.0
2023-11-17 00:00:00+01:00,7.09119987487793,7.100800037384033,7.067200183868408,7.067999839782715,232125,0.0,0.0,0.0
2023-11-20 00:00:00+01:00,7.060800075531006,7.0767998695373535,7.0503997802734375,7.075200080871582,381950,0.0,0.0,0.0
2023-11-21 00:00:00+01:00,7.084000110626221,7.0879998207092285,7.064000129699707,7.072000026702881,392050,0.0,0.0,0.0
2023-11-22 00:00:00+01:00,7.0920000076293945,7.1367998123168945,7.0920000076293945,7.13040018081665,372400,0.0,0.0,0.0
2023-11-23 00:00:00+01:00,7.119999885559082,7.138400077819824,7.107999801635742,7.1255998611450195,161350,0.0,0.0,0.0
2023-11-24 00:00:00+01:00,7.112800121307373,7.119999885559082,7.100800037384033,7.110400199890137,338975,0.0,0.0,0.0
2023-11-27 00:00:00+01:00,7.09119987487793,7.1031999588012695,7.0808000564575195,7.098400115966797,141200,0.0,0.0,0.0
2023-11-28 00:00:00+01:00,7.084000110626221,7.086400032043457,7.052800178527832,7.086400032043457,102425,0.0,0.0,0.0
2023-11-29 00:00:00+01:00,7.082399845123291,7.1255998611450195,7.077600002288818,7.105599880218506,171125,0.0,0.0,0.0
2023-11-30 00:00:00+01:00,7.119999885559082,7.139200210571289,7.109600067138672,7.127999782562256,243675,0.0,0.0,0.0
2023-12-01 00:00:00+01:00,7.161600112915039,7.21120023727417,7.153600215911865,7.207200050354004,261800,0.0,0.0,0.0
2023-12-04 00:00:00+01:00,7.207200050354004,7.207200050354004,7.207200050354004,7.207200050354004,0,0.0,0.0,0.0
2023-12-05 00:00:00+01:00,7.207200050354004,7.207200050354004,7.207200050354004,7.207200050354004,0,0.0,0.0,0.0
2023-12-06 00:00:00+01:00,7.207200050354004,7.207200050354004,7.207200050354004,7.207200050354004,0,0.0,0.0,0.0
2023-12-07 00:00:00+01:00,7.232800006866455,7.251999855041504,7.21999979019165,7.246399879455566,773825,0.0,0.0,0.0
2023-12-08 00:00:00+01:00,7.25600004196167,7.30079984664917,7.250400066375732,7.293600082397461,93350,0.0,0.0,0.0
2023-12-11 00:00:00+01:00,7.304800033569336,7.331999778747559,7.287199974060059,7.318399906158447,143650,0.0,0.0,0.0
2023-12-12 00:00:00+01:00,7.328000068664551,7.328000068664551,7.299200057983398,7.3144001960754395,128675,0.0,0.0,0.0
2023-12-13 00:00:00+01:00,7.3368000984191895,7.344799995422363,7.329599857330322,7.334400177001953,111900,0.0,0.0,0.0
2023-12-14 00:00:00+01:00,7.405600070953369,7.4120001792907715,7.356800079345703,7.358399868011475,328100,0.0,0.0,0.0
2023-12-15 00:00:00+01:00,7.38640022277832,7.416800022125244,7.38640022277832,7.412799835205078,303025,0.0,0.0,0.0
2023-12-18 00:00:00+01:00,7.3968000411987305,7.4120001792907715,7.388800144195557,7.395199775695801,207950,0.0,0.0,0.0
2023-12-19 00:00:00+01:00,7.416800022125244,7.422399997711182,7.400000095367432,7.413599967956543,200300,0.0,0.0,0.0
2023-12-20 00:00:00+01:00,7.439199924468994,7.440000057220459,7.413599967956543,7.4303998947143555,170025,0.0,0.0,0.0
2023-12-21 00:00:00+01:00,7.3856000900268555,7.395999908447266,7.360799789428711,7.382400035858154,219175,0.0,0.0,0.0
2023-12-22 00:00:00+01:00,7.387199878692627,7.414400100708008,7.366399765014648,7.40880012512207,284625,0.0,0.0,0.0
2023-12-27 00:00:00+01:00,7.436800003051758,7.436800003051758,7.377600193023682,7.389599800109863,438300,0.0,0.0,0.0
2023-12-28 00:00:00+01:00,7.427199840545654,7.432000160217285,7.400000095367432,7.424799919128418,309225,0.0,0.0,0.0
2023-12-29 00:00:00+01:00,7.4415998458862305,7.454400062561035,7.421599864959717,7.440800189971924,132700,0.0,0.0,0.0
2024-01-02 00:00:00+01:00,7.45359992980957,7.460000038146973,7.415999889373779,7.437600135803223,580250,0.0,0.0,0.0
2024-01-03 00:00:00+01:00,7.429599761962891,7.4344000816345215,7.387199878692627,7.395999908447266,183575,0.0,0.0,0.0
2024-01-04 00:00:00+01:00,7.394400119781494,7.397600173950195,7.357600212097168,7.397600173950195,373650,0.0,0.0,0.0
2024-01-05 00:00:00+01:00,7.368000030517578,7.395199775695801,7.3480000495910645,7.380799770355225,433150,0.0,0.0,0.0
2024-01-08 00:00:00+01:00,7.3703999519348145,7.388000011444092,7.345600128173828,7.38640022277832,305100,0.0,0.0,0.0
2024-01-09 00:00:00+01:00,7.425600051879883,7.429599761962891,7.394400119781494,7.428800106048584,271275,0.0,0.0,0.0
2024-01-10 00:00:00+01:00,7.432799816131592,7.438399791717529,7.420000076293945,7.4303998947143555,1003225,0.0,0.0,0.0
2024-01-11 00:00:00+01:00,7.471199989318848,7.47599983215332,7.400000095367432,7.401599884033203,390350,0.0,0.0,0.0
2024-01-12 00:00:00+01:00,7.439199924468994,7.47760009765625,7.427999973297119,7.4496002197265625,737625,0.0,0.0,0.0
2024-01-15 00:00:00+01:00,7.461599826812744,7.466400146484375,7.4456000328063965,7.4527997970581055,635825,0.0,0.0,0.0
2024-01-16 00:00:00+01:00,7.4191999435424805,7.466400146484375,7.418399810791016,7.460000038146973,271375,0.0,0.0,0.0
2024-01-17 00:00:00+01:00,7.3927998542785645,7.3968000411987305,7.372000217437744,7.395999908447266,282000,0.0,0.0,0.0
2024-01-18 00:00:00+01:00,7.38640022277832,7.426400184631348,7.382400035858154,7.425600051879883,392825,0.0,0.0,0.0
2024-01-19 00:00:00+01:00,7.451200008392334,7.464799880981445,7.440800189971924,7.447999954223633,364475,0.0,0.0,0.0
2024-01-22 00:00:00+01:00,7.512800216674805,7.540800094604492,7.508800029754639,7.527200222015381,156775,0.0,0.0,0.0
2024-01-23 00:00:00+01:00,7.526400089263916,7.559999942779541,7.51200008392334,7.544000148773193,467675,0.0,0.0,0.0
2024-01-24 00:00:00+01:00,7.584000110626221,7.592800140380859,7.567999839782715,7.585599899291992,261600,0.0,0.0,0.0
2024-01-25 00:00:00+01:00,7.5655999183654785,7.620800018310547,7.556000232696533,7.619999885559082,198350,0.0,0.0,0.0
2024-01-26 00:00:00+01:00,7.609600067138672,7.634399890899658,7.599999904632568,7.624000072479248,214375,0.0,0.0,0.0
2024-01-29 00:00:00+01:00,7.6367998123168945,7.658400058746338,7.6367998123168945,7.656000137329102,278650,0.0,0.0,0.0
2024-01-30 00:00:00+01:00,7.67519998550415,7.679999828338623,7.6519999504089355,7.667200088500977,181625,0.0,0.0,0.0
2024-01-31 00:00:00+01:00,7.6743998527526855,7.6743998527526855,7.616000175476074,7.627999782562256,280650,0.0,0.0,0.0
2024-02-01 00:00:00+01:00,7.624800205230713,7.633600234985352,7.579999923706055,7.590400218963623,542200,0.0,0.0,0.0
2024-02-02 00:00:00+01:00,7.659200191497803,7.703999996185303,7.646399974822998,7.703999996185303,313175,0.0,0.0,0.0
2024-02-05 00:00:00+01:00,7.722400188446045,7.737599849700928,7.698400020599365,7.712800025939941,121275,0.0,0.0,0.0
2024-02-06 00:00:00+01:00,7.741600036621094,7.757599830627441,7.720799922943115,7.749599933624268,183625,0.0,0.0,0.0
2024-02-07 00:00:00+01:00,7.751999855041504,7.788000106811523,7.742400169372559,7.776800155639648,259175,0.0,0.0,0.0
2024-02-08 00:00:00+01:00,7.780799865722656,7.791999816894531,7.772799968719482,7.776800155639648,222875,0.0,0.0,0.0
2024-02-09 00:00:00+01:00,7.783199787139893,7.808000087738037,7.782400131225586,7.784800052642822,264075,0.0,0.0,0.0
2024-02-12 00:00:00+01:00,7.807199954986572,7.862400054931641,7.800000190734863,7.862400054931641,378025,0.0,0.0,0.0
2024-02-13 00:00:00+01:00,7.843999862670898,7.843999862670898,7.756800174713135,7.77839994430542,497575,0.0,0.0,0.0
2024-02-14 00:00:00+01:00,7.784800052642822,7.816800117492676,7.780799865722656,7.796000003814697,377600,0.0,0.0,0.0
2024-02-15 00:00:00+01:00,7.845600128173828,7.850399971008301,7.8144001960754395,7.835999965667725,627775,0.0,0.0,0.0
2024-02-16 00:00:00+01:00,7.882400035858154,7.888800144195557,7.8471999168396,7.8744001388549805,382525,0.0,0.0,0.0
2024-02-19 00:00:00+01:00,7.843999862670898,7.860799789428711,7.834400177001953,7.856800079345703,200550,0.0,0.0,0.0
2024-02-20 00:00:00+01:00,7.837600231170654,7.837600231170654,7.774400234222412,7.783199787139893,421675,0.0,0.0,0.0
2024-02-21 00:00:00+01:00,7.783999919891357,7.79040002822876,7.764800071716309,7.772799968719482,132775,0.0,0.0,0.0
2024-02-22 00:00:00+01:00,7.843999862670898,7.8856000900268555,7.835999965667725,7.8856000900268555,112850,0.0,0.0,0.0
2024-02-23 00:00:00+01:00,7.901599884033203,7.928800106048584,7.892000198364258,7.914400100708008,109325,0.0,0.0,0.0
2024-02-26 00:00:00+01:00,7.895999908447266,7.9008002281188965,7.880000114440918,7.880799770355225,120450,0.0,0.0,0.0
2024-02-27 00:00:00+01:00,7.873600006103516,7.887199878692627,7.863999843597412,7.878399848937988,101475,0.0,0.0,0.0
2024-02-28 00:00:00+01:00,7.890399932861328,7.890399932861328,7.8703999519348145,7.873600006103516,149300,0.0,0.0,0.0
2024-02-29 00:00:00+01:00,7.8744001388549805,7.906400203704834,7.846399784088135,7.893599987030029,142975,0.0,0.0,0.0
2024-03-01 00:00:00+01:00,7.94320011138916,7.967199802398682,7.916800022125244,7.95359992980957,352200,0.0,0.0,0.0
2024-03-04 00:00:00+01:00,7.958399772644043,7.969600200653076,7.944799900054932,7.952000141143799,264825,0.0,0.0,0.0
2024-03-05 00:00:00+01:00,7.940000057220459,7.944799900054932,7.888000011444092,7.895999908447266,322075,0.0,0.0,0.0
2024-03-06 00:00:00+01:00,7.909599781036377,7.940800189971924,7.909599781036377,7.935200214385986,400950,0.0,0.0,0.0
2024-03-07 00:00:00+01:00,7.907199859619141,7.978400230407715,7.900000095367432,7.964000225067139,220725,0.0,0.0,0.0
2024-03-08 00:00:00+01:00,7.982399940490723,7.997600078582764,7.9552001953125,7.9552001953125,294150,0.0,0.0,0.0
2024-03-11 00:00:00+01:00,7.909599781036377,7.916800022125244,7.88640022277832,7.913599967956543,805800,0.0,0.0,0.0
2024-03-12 00:00:00+01:00,7.9456000328063965,7.991199970245361,7.932000160217285,7.975200176239014,1162600,0.0,0.0,0.0
2024-03-13 00:00:00+01:00,7.984799861907959,7.986400127410889,7.96560001373291,7.974400043487549,143150,0.0,0.0,0.0
2024-03-14 00:00:00+01:00,7.997600078582764,8.003999710083008,7.9552001953125,7.980000019073486,225000,0.0,0.0,0.0
2024-03-15 00:00:00+01:00,7.980800151824951,7.997600078582764,7.937600135803223,7.937600135803223,237350,0.0,0.0,0.0
2024-03-18 00:00:00+01:00,7.969600200653076,7.999199867248535,7.960000038146973,7.997600078582764,127800,0.0,0.0,0.0
2024-03-19 00:00:00+01:00,7.988800048828125,8.010000228881836,7.962399959564209,8.010000228881836,165475,0.0,0.0,0.0
2024-03-20 00:00:00+01:00,8.013999938964844,8.038000106811523,8.01200008392334,8.026000022888184,81875,0.0,0.0,0.0
2024-03-21 00:00:00+01:00,8.107999801635742,8.152000427246094,8.093999862670898,8.14799976348877,202475,0.0,0.0,0.0
2024-03-22 00:00:00+01:00,8.14799976348877,8.163999557495117,8.131999969482422,8.13599967956543,233475,0.0,0.0,0.0
2024-03-25 00:00:00+01:00,8.130000114440918,8.137999534606934,8.095999717712402,8.116000175476074,350500,0.0,0.0,0.0
2024-03-26 00:00:00+01:00,8.121999740600586,8.13599967956543,8.112000465393066,8.130000114440918,122050,0.0,0.0,0.0
2024-03-27 00:00:00+01:00,8.12399959564209,8.144000053405762,8.118000030517578,8.12399959564209,131625,0.0,0.0,0.0
2024-03-28 00:00:00+01:00,8.178000450134277,8.199999809265137,8.175999641418457,8.192000389099121,190075,0.0,0.0,0.0
2024-04-02 00:00:00+02:00,8.223999977111816,8.246000289916992,8.118000030517578,8.128000259399414,450725,0.0,0.0,0.0
2024-04-03 00:00:00+02:00,8.133999824523926,8.137999534606934,8.105999946594238,8.13599967956543,154350,0.0,0.0,0.0
2024-04-04 00:00:00+02:00,8.131999969482422,8.156000137329102,8.12399959564209,8.14799976348877,132600,0.0,0.0,0.0
2024-04-05 00:00:00+02:00,8.045999526977539,8.100000381469727,8.038000106811523,8.083999633789062,465475,0.0,0.0,0.0
2024-04-08 00:00:00+02:00,8.088000297546387,8.119999885559082,8.083999633789062,8.10200023651123,217800,0.0,0.0,0.0
2024-04-09 00:00:00+02:00,8.107999801635742,8.116000175476074,8.052000045776367,8.069999694824219,179200,0.0,0.0,0.0
2024-04-10 00:00:00+02:00,8.130000114440918,8.15999984741211,8.04800033569336,8.095999717712402,236800,0.0,0.0,0.0
2024-04-11 00:00:00+02:00,8.118000030517578,8.12399959564209,8.079999923706055,8.112000465393066,164625,0.0,0.0,0.0
2024-04-12 00:00:00+02:00,8.192000389099121,8.197999954223633,8.130000114440918,8.140000343322754,248225,0.0,0.0,0.0
2024-04-15 00:00:00+02:00,8.137999534606934,8.170000076293945,8.107999801635742,8.119999885559082,235725,0.0,0.0,0.0
2024-04-16 00:00:00+02:00,8.001999855041504,8.008000373840332,7.958399772644043,7.986400127410889,403025,0.0,0.0,0.0
2024-04-17 00:00:00+02:00,7.980000019073486,8.01200008392334,7.943999767303467,7.943999767303467,118750,0.0,0.0,0.0
2024-04-18 00:00:00+02:00,7.9567999839782715,7.978400230407715,7.9232001304626465,7.9679999351501465,200425,0.0,0.0,0.0
2024-04-19 00:00:00+02:00,7.883999824523926,7.926400184631348,7.877600193023682,7.900000095367432,196325,0.0,0.0,0.0
2024-04-22 00:00:00+02:00,7.9232001304626465,7.94320011138916,7.9039998054504395,7.917600154876709,234275,0.0,0.0,0.0
2024-04-23 00:00:00+02:00,7.9720001220703125,8.010000228881836,7.943999767303467,8.001999855041504,236950,0.0,0.0,0.0
2024-04-24 00:00:00+02:00,8.050000190734863,8.053999900817871,8.0,8.008000373840332,224650,0.0,0.0,0.0
2024-04-25 00:00:00+02:00,7.975200176239014,7.982399940490723,7.8968000411987305,7.920000076293945,281800,0.0,0.0,0.0
2024-04-26 00:00:00+02:00,8.015999794006348,8.069999694824219,7.996799945831299,8.055999755859375,362900,0.0,0.0,0.0
2024-04-29 00:00:00+02:00,8.076000213623047,8.100000381469727,8.067999839782715,8.069999694824219,195325,0.0,0.0,0.0
2024-04-30 00:00:00+02:00,8.09000015258789,8.09000015258789,8.039999961853027,8.041999816894531,165150,0.0,0.0,0.0
2024-05-02 00:00:00+02:00,8.0,8.027999877929688,7.987199783325195,7.999199867248535,383150,0.0,0.0,0.0
2024-05-03 00:00:00+02:00,8.041999816894531,8.083999633789062,8.029999732971191,8.064000129699707,220275,0.0,0.0,0.0
2024-05-06 00:00:00+02:00,8.100000381469727,8.121999740600586,8.083999633789062,8.118000030517578,311350,0.0,0.0,0.0
2024-05-07 00:00:00+02:00,8.154000282287598,8.168000221252441,8.144000053405762,8.161999702453613,193200,0.0,0.0,0.0
2024-05-08 00:00:00+02:00,8.170000076293945,8.175999641418457,8.128000259399414,8.156000137329102,193875,0.0,0.0,0.0
2024-05-09 00:00:00+02:00,8.157999992370605,8.173999786376953,8.145999908447266,8.17199993133545,79325,0.0,0.0,0.0
2024-05-10 00:00:00+02:00,8.20199966430664,8.223999977111816,8.199999809265137,8.20199966430664,149850,0.0,0.0,0.0
2024-05-13 00:00:00+02:00,8.208000183105469,8.211999893188477,8.192000389099121,8.192000389099121,147050,0.0,0.0,0.0
2024-05-14 00:00:00+02:00,8.194000244140625,8.206000328063965,8.180000305175781,8.1899995803833,172700,0.0,0.0,0.0
2024-05-15 00:00:00+02:00,8.218000411987305,8.255999565124512,8.208000183105469,8.251999855041504,203925,0.0,0.0,0.0
2024-05-16 00:00:00+02:00,8.270000457763672,8.284000396728516,8.270000457763672,8.276000022888184,157625,0.0,0.0,0.0
2024-05-17 00:00:00+02:00,8.258000373840332,8.272000312805176,8.253999710083008,8.258000373840332,180000,0.0,0.0,0.0
2024-05-20 00:00:00+02:00,8.272000312805176,8.29800033569336,8.270000457763672,8.29800033569336,154725,0.0,0.0,0.0
2024-05-21 00:00:00+02:00,8.270000457763672,8.277999877929688,8.251999855041504,8.27400016784668,156200,0.0,0.0,0.0
2024-05-22 00:00:00+02:00,8.272000312805176,8.281999588012695,8.267999649047852,8.270000457763672,288650,0.0,0.0,0.0
2024-05-23 00:00:00+02:00,8.300000190734863,8.314000129699707,8.246000289916992,8.267999649047852,159000,0.0,0.0,0.0
2024-05-24 00:00:00+02:00,8.21399974822998,8.25,8.206000328063965,8.236000061035156,149650,0.0,0.0,0.0
2024-05-27 00:00:00+02:00,8.248000144958496,8.258000373840332,8.239999771118164,8.258000373840332,123825,0.0,0.0,0.0
2024-05-28 00:00:00+02:00,8.25,8.26200008392334,8.223999977111816,8.227999687194824,149575,0.0,0.0,0.0
2024-05-29 00:00:00+02:00,8.206000328063965,8.210000038146973,8.168000221252441,8.187999725341797,214575,0.0,0.0,0.0
2024-05-30 00:00:00+02:00,8.161999702453613,8.178000450134277,8.15999984741211,8.168000221252441,209200,0.0,0.0,0.0
2024-05-31 00:00:00+02:00,8.157999992370605,8.163999557495117,8.112000465393066,8.118000030517578,273375,0.0,0.0,0.0
2024-06-03 00:00:00+02:00,8.239999771118164,8.241999626159668,8.166000366210938,8.170000076293945,452325,0.0,0.0,0.0
2024-06-04 00:00:00+02:00,8.156000137329102,8.173999786376953,8.128000259399414,8.137999534606934,248950,0.0,0.0,0.0
2024-06-05 00:00:00+02:00,8.1899995803833,8.241999626159668,8.185999870300293,8.241999626159668,164275,0.0,0.0,0.0
2024-06-06 00:00:00+02:00,8.272000312805176,8.291999816894531,8.260000228881836,8.263999938964844,248625,0.0,0.0,0.0
2024-06-07 00:00:00+02:00,8.270000457763672,8.307999610900879,8.244000434875488,8.300000190734863,169000,0.0,0.0,0.0
2024-06-10 00:00:00+02:00,8.303999900817871,8.34000015258789,8.289999961853027,8.338000297546387,139675,0.0,0.0,0.0
2024-06-11 00:00:00+02:00,8.333999633789062,8.333999633789062,8.300000190734863,8.319999694824219,96450,0.0,0.0,0.0
2024-06-12 00:00:00+02:00,8.35200023651123,8.387999534606934,8.34000015258789,8.369999885559082,234575,0.0,0.0,0.0
2024-06-13 00:00:00+02:00,8.37399959564209,8.378000259399414,8.343999862670898,8.362000465393066,212500,0.0,0.0,0.0
2024-06-14 00:00:00+02:00,8.404000282287598,8.40999984741211,8.357999801635742,8.381999969482422,182075,0.0,0.0,0.0
2024-06-17 00:00:00+02:00,8.399999618530273,8.411999702453613,8.368000030517578,8.37600040435791,253175,0.0,0.0,0.0
2024-06-18 00:00:00+02:00,8.425999641418457,8.437999725341797,8.411999702453613,8.435999870300293,296100,0.0,0.0,0.0
2024-06-19 00:00:00+02:00,8.460000038146973,8.465999603271484,8.442000389099121,8.447999954223633,204275,0.0,0.0,0.0
2024-06-20 00:00:00+02:00,8.477999687194824,8.498000144958496,8.468000411987305,8.479999542236328,198150,0.0,0.0,0.0
2024-06-21 00:00:00+02:00,8.460000038146973,8.473999977111816,8.4399995803833,8.449999809265137,234400,0.0,0.0,0.0
2024-06-24 00:00:00+02:00,8.447999954223633,8.47599983215332,8.432000160217285,8.473999977111816,308850,0.0,0.0,0.0
2024-06-25 00:00:00+02:00,8.444000244140625,8.461999893188477,8.435999870300293,8.456000328063965,165000,0.0,0.0,0.0
2024-06-26 00:00:00+02:00,8.491999626159668,8.508000373840332,8.45199966430664,8.456000328063965,119900,0.0,0.0,0.0
2024-06-27 00:00:00+02:00,8.465999603271484,8.473999977111816,8.45199966430664,8.454000473022461,220400,0.0,0.0,0.0
2024-06-28 00:00:00+02:00,8.498000144958496,8.526000022888184,8.484000205993652,8.491999626159668,106525,0.0,0.0,0.0
2024-07-01 00:00:00+02:00,8.456000328063965,8.46399974822998,8.420000076293945,8.442000389099121,451800,0.0,0.0,0.0
2024-07-02 00:00:00+02:00,8.432000160217285,8.458000183105469,8.411999702453613,8.458000183105469,212125,0.0,0.0,0.0
2024-07-03 00:00:00+02:00,8.486000061035156,8.498000144958496,8.472000122070312,8.486000061035156,260975,0.0,0.0,0.0
2024-07-04 00:00:00+02:00,8.513999938964844,8.527999877929688,8.503999710083008,8.503999710083008,473875,0.0,0.0,0.0
2024-07-05 00:00:00+02:00,8.517999649047852,8.517999649047852,8.484000205993652,8.5,238025,0.0,0.0,0.0
2024-07-08 00:00:00+02:00,8.508000373840332,8.534000396728516,8.505999565124512,8.520000457763672,241750,0.0,0.0,0.0
2024-07-09 00:00:00+02:00,8.534000396728516,8.545999526977539,8.520000457763672,8.526000022888184,380300,0.0,0.0,0.0
2024-07-10 00:00:00+02:00,8.531999588012695,8.567999839782715,8.531999588012695,8.565999984741211,228325,0.0,0.0,0.0
2024-07-11 00:00:00+02:00,8.604000091552734,8.607999801635742,8.565999984741211,8.565999984741211,519525,0.0,0.0,0.0
2024-07-12 00:00:00+02:00,8.57800006866455,8.61400032043457,8.557999610900879,8.607999801635742,227175,0.0,0.0,0.0
2024-07-15 00:00:00+02:00,8.604000091552734,8.621999740600586,8.588000297546387,8.605999946594238,399175,0.0,0.0,0.0
2024-07-16 00:00:00+02:00,8.59000015258789,8.640000343322754,8.574000358581543,8.62399959564209,293250,0.0,0.0,0.0
2024-07-17 00:00:00+02:00,8.604000091552734,8.607999801635742,8.53600025177002,8.541999816894531,472000,0.0,0.0,0.0
2024-07-18 00:00:00+02:00,8.553999900817871,8.571999549865723,8.494000434875488,8.494000434875488,396150,0.0,0.0,0.0
2024-07-19 00:00:00+02:00,8.479999542236328,8.484000205993652,8.425999641418457,8.425999641418457,413700,0.0,0.0,0.0
2024-07-22 00:00:00+02:00,8.446000099182129,8.496000289916992,8.4399995803833,8.461999893188477,389325,0.0,0.0,0.0
2024-07-23 00:00:00+02:00,8.484000205993652,8.539999961853027,8.477999687194824,8.538000106811523,198175,0.0,0.0,0.0
2024-07-24 00:00:00+02:00,8.46399974822998,8.482000350952148,8.399999618530273,8.407999992370605,217725,0.0,0.0,0.0
2024-07-25 00:00:00+02:00,8.355999946594238,8.37600040435791,8.29800033569336,8.362000465393066,471500,0.0,0.0,0.0
2024-07-26 00:00:00+02:00,8.35200023651123,8.395999908447266,8.350000381469727,8.381999969482422,359650,0.0,0.0,0.0
2024-07-29 00:00:00+02:00,8.444000244140625,8.47599983215332,8.399999618530273,8.399999618530273,217250,0.0,0.0,0.0
2024-07-30 00:00:00+02:00,8.434000015258789,8.461999893188477,8.407999992370605,8.407999992370605,132100,0.0,0.0,0.0
2024-07-31 00:00:00+02:00,8.494000434875488,8.534000396728516,8.484000205993652,8.529999732971191,159600,0.0,0.0,0.0
2024-08-01 00:00:00+02:00,8.562000274658203,8.564000129699707,8.437999725341797,8.437999725341797,529900,0.0,0.0,0.0
2024-08-02 00:00:00+02:00,8.302000045776367,8.314000129699707,8.07800006866455,8.100000381469727,874075,0.0,0.0,0.0
2024-08-05 00:00:00+02:00,7.86959981918335,7.9344000816345215,7.716000080108643,7.911200046539307,948300,0.0,0.0,0.0
2024-08-06 00:00:00+02:00,7.980000019073486,8.015999794006348,7.905600070953369,7.973599910736084,670675,0.0,0.0,0.0
2024-08-07 00:00:00+02:00,8.039999961853027,8.133999824523926,8.022000312805176,8.105999946594238,642875,0.0,0.0,0.0
2024-08-08 00:00:00+02:00,7.975200176239014,8.112000465393066,7.9344000816345215,8.109999656677246,728200,0.0,0.0,0.0
2024-08-09 00:00:00+02:00,8.12399959564209,8.175999641418457,8.107999801635742,8.133999824523926,709075,0.0,0.0,0.0
2024-08-12 00:00:00+02:00,8.168000221252441,8.185999870300293,8.131999969482422,8.149999618530273,288825,0.0,0.0,0.0
2024-08-13 00:00:00+02:00,8.184000015258789,8.220000267028809,8.15999984741211,8.220000267028809,237900,0.0,0.0,0.0
2024-08-14 00:00:00+02:00,8.229999542236328,8.232000350952148,8.180000305175781,8.229999542236328,200750,0.0,0.0,0.0
2024-08-15 00:00:00+02:00,8.255999565124512,8.380000114440918,8.246000289916992,8.37600040435791,506400,0.0,0.0,0.0
2024-08-16 00:00:00+02:00,8.416000366210938,8.420000076293945,8.359999656677246,8.392000198364258,510100,0.0,0.0,0.0
2024-08-19 00:00:00+02:00,8.38599967956543,8.420000076293945,8.380000114440918,8.416000366210938,247675,0.0,0.0,0.0
2024-08-20 00:00:00+02:00,8.437999725341797,8.447999954223633,8.381999969482422,8.381999969482422,291625,0.0,0.0,0.0
2024-08-21 00:00:00+02:00,8.387999534606934,8.416000366210938,8.387999534606934,8.39799976348877,168525,0.0,0.0,0.0
2024-08-22 00:00:00+02:00,8.404000282287598,8.446000099182129,8.39799976348877,8.404000282287598,323475,0.0,0.0,0.0
2024-08-23 00:00:00+02:00,8.395999908447266,8.442000389099121,8.38599967956543,8.42199993133545,235350,0.0,0.0,0.0
2024-08-26 00:00:00+02:00,8.42199993133545,8.454000473022461,8.407999992370605,8.407999992370605,310150,0.0,0.0,0.0
2024-08-27 00:00:00+02:00,8.42199993133545,8.430000305175781,8.387999534606934,8.407999992370605,610525,0.0,0.0,0.0
2024-08-28 00:00:00+02:00,8.4399995803833,8.46399974822998,8.407999992370605,8.413999557495117,206175,0.0,0.0,0.0
2024-08-29 00:00:00+02:00,8.42199993133545,8.513999938964844,8.42199993133545,8.505999565124512,405550,0.0,0.0,0.0
2024-08-30 00:00:00+02:00,8.486000061035156,8.515999794006348,8.479999542236328,8.479999542236328,190675,0.0,0.0,0.0
2024-09-02 00:00:00+02:00,8.51200008392334,8.527999877929688,8.496000289916992,8.522000312805176,364650,0.0,0.0,0.0
2024-09-03 00:00:00+02:00,8.529999732971191,8.534000396728516,8.413999557495117,8.435999870300293,255250,0.0,0.0,0.0
2024-09-04 00:00:00+02:00,8.315999984741211,8.406000137329102,8.3100004196167,8.34000015258789,518300,0.0,0.0,0.0
2024-09-05 00:00:00+02:00,8.317999839782715,8.381999969482422,8.291999816894531,8.291999816894531,229050,0.0,0.0,0.0
2024-09-06 00:00:00+02:00,8.263999938964844,8.324000358581543,8.17199993133545,8.182000160217285,312525,0.0,0.0,0.0
2024-09-09 00:00:00+02:00,8.236000061035156,8.289999961853027,8.232000350952148,8.272000312805176,471025,0.0,0.0,0.0
2024-09-10 00:00:00+02:00,8.260000228881836,8.305999755859375,8.258000373840332,8.276000022888184,363275,0.0,0.0,0.0
2024-09-11 00:00:00+02:00,8.279999732971191,8.312000274658203,8.204000473022461,8.241999626159668,204400,0.0,0.0,0.0
2024-09-12 00:00:00+02:00,8.404000282287598,8.40999984741211,8.347999572753906,8.387999534606934,188100,0.0,0.0,0.0
2024-09-13 00:00:00+02:00,8.416000366210938,8.477999687194824,8.399999618530273,8.449999809265137,309275,0.0,0.0,0.0
2024-09-16 00:00:00+02:00,8.430000305175781,8.444000244140625,8.399999618530273,8.418000221252441,590075,0.0,0.0,0.0
2024-09-17 00:00:00+02:00,8.460000038146973,8.482000350952148,8.446000099182129,8.472000122070312,379550,0.0,0.0,0.0
2024-09-18 00:00:00+02:00,8.456000328063965,8.456000328063965,8.423999786376953,8.430000305175781,226350,0.0,0.0,0.0
2024-09-19 00:00:00+02:00,8.517999649047852,8.567999839782715,8.505999565124512,8.557999610900879,438625,0.0,0.0,0.0
2024-09-20 00:00:00+02:00,8.522000312805176,8.539999961853027,8.496000289916992,8.5,79075,0.0,0.0,0.0
2024-09-23 00:00:00+02:00,8.522000312805176,8.59000015258789,8.517999649047852,8.557999610900879,323775,0.0,0.0,0.0
2024-09-24 00:00:00+02:00,8.60200023651123,8.60200023651123,8.555999755859375,8.581999778747559,250625,0.0,0.0,0.0
2024-09-25 00:00:00+02:00,8.53600025177002,8.583999633789062,8.53600025177002,8.581999778747559,363950,0.0,0.0,0.0
2024-09-26 00:00:00+02:00,8.64799976348877,8.696000099182129,8.62600040435791,8.630000114440918,249775,0.0,0.0,0.0
2024-09-27 00:00:00+02:00,8.656000137329102,8.673999786376953,8.640000343322754,8.657999992370605,361875,0.0,0.0,0.0
2024-09-30 00:00:00+02:00,8.637999534606934,8.64799976348877,8.581999778747559,8.62399959564209,332475,0.0,0.0,0.0
2024-10-01 00:00:00+02:00,8.666000366210938,8.706000328063965,8.604000091552734,8.644000053405762,577650,0.0,0.0,0.0
2024-10-02 00:00:00+02:00,8.663999557495117,8.685999870300293,8.63599967956543,8.685999870300293,483100,0.0,0.0,0.0
2024-10-03 00:00:00+02:00,8.670000076293945,8.670000076293945,8.628000259399414,8.663999557495117,205650,0.0,0.0,0.0
2024-10-04 00:00:00+02:00,8.656000137329102,8.77400016784668,8.656000137329102,8.720000267028809,384350,0.0,0.0,0.0
2024-10-07 00:00:00+02:00,8.777999877929688,8.777999877929688,8.734000205993652,8.753999710083008,1026450,0.0,0.0,0.0
2024-10-08 00:00:00+02:00,8.657999992370605,8.727999687194824,8.649999618530273,8.722000122070312,428250,0.0,0.0,0.0
2024-10-09 00:00:00+02:00,8.706000328063965,8.777999877929688,8.699999809265137,8.777999877929688,583125,0.0,0.0,0.0
2024-10-10 00:00:00+02:00,8.793999671936035,8.800000190734863,8.75,8.793999671936035,549325,0.0,0.0,0.0
2024-10-11 00:00:00+02:00,8.77400016784668,8.836000442504883,8.758000373840332,8.829999923706055,390975,0.0,0.0,0.0
2024-10-14 00:00:00+02:00,8.842000007629395,8.899999618530273,8.836000442504883,8.892000198364258,885825,0.0,0.0,0.0
2024-10-15 00:00:00+02:00,8.911999702453613,8.913999557495117,8.845999717712402,8.857999801635742,826275,0.0,0.0,0.0
2024-10-16 00:00:00+02:00,8.847999572753906,8.868000030517578,8.831999778747559,8.866000175476074,491850,0.0,0.0,0.0
2024-10-17 00:00:00+02:00,8.906000137329102,8.97599983215332,8.89799976348877,8.935999870300293,337075,0.0,0.0,0.0
2024-10-18 00:00:00+02:00,8.930000305175781,8.95199966430664,8.911999702453613,8.930000305175781,454075,0.0,0.0,0.0
2024-10-21 00:00:00+02:00,8.928000450134277,8.935999870300293,8.883999824523926,8.883999824523926,378425,0.0,0.0,0.0
2024-10-22 00:00:00+02:00,8.89799976348877,8.902000427246094,8.857999801635742,8.894000053405762,412800,0.0,0.0,0.0
2024-10-23 00:00:00+02:00,8.918000221252441,8.928000450134277,8.866000175476074,8.868000030517578,263850,0.0,0.0,0.0
2024-10-24 00:00:00+02:00,8.87600040435791,8.899999618530273,8.845999717712402,8.847999572753906,339875,0.0,0.0,0.0
2024-10-25 00:00:00+02:00,8.850000381469727,8.895999908447266,8.842000007629395,8.878000259399414,504200,0.0,0.0,0.0
2024-10-28 00:00:00+01:00,8.88599967956543,8.892000198364258,8.850000381469727,8.87399959564209,398600,0.0,0.0,0.0
2024-10-29 00:00:00+01:00,8.88599967956543,8.899999618530273,8.869999885559082,8.880000114440918,567175,0.0,0.0,0.0
2024-10-30 00:00:00+01:00,8.871999740600586,8.880000114440918,8.815999984741211,8.82800006866455,340425,0.0,0.0,0.0
2024-10-31 00:00:00+01:00,8.751999855041504,8.758000373840332,8.673999786376953,8.6899995803833,578900,0.0,0.0,0.0
2024-11-01 00:00:00+01:00,8.696000099182129,8.772000312805176,8.696000099182129,8.760000228881836,761975,0.0,0.0,0.0
2024-11-04 00:00:00+01:00,8.71399974822998,8.722000122070312,8.678000450134277,8.699999809265137,293425,0.0,0.0,0.0
2024-11-05 00:00:00+01:00,8.711999893188477,8.748000144958496,8.696000099182129,8.746000289916992,548675,0.0,0.0,0.0
2024-11-06 00:00:00+01:00,9.005999565124512,9.076000213623047,8.96399974822998,8.998000144958496,789000,0.0,0.0,0.0
2024-11-07 00:00:00+01:00,9.041999816894531,9.064000129699707,9.034000396728516,9.057999610900879,518600,0.0,0.0,0.0
2024-11-08 00:00:00+01:00,9.083999633789062,9.100000381469727,9.029999732971191,9.095999717712402,473850,0.0,0.0,0.0
2024-11-11 00:00:00+01:00,9.161999702453613,9.208000183105469,9.15999984741211,9.192000389099121,546100,0.0,0.0,0.0
2024-11-12 00:00:00+01:00,9.168000221252441,9.184000015258789,9.137999534606934,9.145999908447266,473750,0.0,0.0,0.0
2024-11-13 00:00:00+01:00,9.121999740600586,9.173999786376953,9.097999572753906,9.173999786376953,889350,0.0,0.0,0.0
2024-11-14 00:00:00+01:00,9.168000221252441,9.222000122070312,9.14799976348877,9.166000366210938,525675,0.0,0.0,0.0
2024-11-15 00:00:00+01:00,9.097999572753906,9.112000465393066,9.055999755859375,9.055999755859375,396500,0.0,0.0,0.0
2024-11-18 00:00:00+01:00,9.062000274658203,9.081999778747559,9.031999588012695,9.081999778747559,598850,0.0,0.0,0.0
2024-11-19 00:00:00+01:00,9.092000007629395,9.093999862670898,8.97599983215332,9.071999549865723,496800,0.0,0.0,0.0
2024-11-20 00:00:00+01:00,9.107999801635742,9.121999740600586,9.057999610900879,9.074000358581543,291775,0.0,0.0,0.0
2024-11-21 00:00:00+01:00,9.104000091552734,9.187999725341797,9.074000358581543,9.184000015258789,322500,0.0,0.0,0.0
2024-11-22 00:00:00+01:00,9.21399974822998,9.315999984741211,9.210000038146973,9.29800033569336,386600,0.0,0.0,0.0
2024-11-25 00:00:00+01:00,9.319999694824219,9.319999694824219,9.270000457763672,9.284000396728516,464900,0.0,0.0,0.0
2024-11-26 00:00:00+01:00,9.265999794006348,9.293999671936035,9.239999771118164,9.28600025177002,215625,0.0,0.0,0.0
2024-11-27 00:00:00+01:00,9.279999732971191,9.284000396728516,9.197999954223633,9.20199966430664,328175,0.0,0.0,0.0
2024-11-28 00:00:00+01:00,9.251999855041504,9.258000373840332,9.234000205993652,9.244000434875488,313275,0.0,0.0,0.0
2024-11-29 00:00:00+01:00,9.232000350952148,9.284000396728516,9.229999542236328,9.281999588012695,320250,0.0,0.0,0.0
2024-12-02 00:00:00+01:00,9.314000129699707,9.366000175476074,9.303999900817871,9.359999656677246,818500,0.0,0.0,0.0
2024-12-03 00:00:00+01:00,9.371999740600586,9.37399959564209,9.336000442504883,9.354000091552734,238300,0.0,0.0,0.0
2024-12-04 00:00:00+01:00,9.37600040435791,9.413999557495117,9.36400032043457,9.380000114440918,493425,0.0,0.0,0.0
2024-12-05 00:00:00+01:00,9.38599967956543,9.406000137329102,9.359999656677246,9.369999885559082,388525,0.0,0.0,0.0
2024-12-06 00:00:00+01:00,9.343999862670898,9.406000137329102,9.34000015258789,9.368000030517578,252225,0.0,0.0,0.0
2024-12-09 00:00:00+01:00,9.402000427246094,9.411999702453613,9.347999572753906,9.369999885559082,533075,0.0,0.0,0.0
2024-12-10 00:00:00+01:00,9.345999717712402,9.381999969482422,9.34000015258789,9.366000175476074,405725,0.0,0.0,0.0
2024-12-11 00:00:00+01:00,9.354000091552734,9.416000366210938,9.343999862670898,9.413999557495117,595100,0.0,0.0,0.0
2024-12-12 00:00:00+01:00,9.404000282287598,9.418000221252441,9.378000259399414,9.395999908447266,288125,0.0,0.0,0.0
2024-12-13 00:00:00+01:00,9.39799976348877,9.407999992370605,9.326000213623047,9.345999717712402,385875,0.0,0.0,0.0
2024-12-16 00:00:00+01:00,9.338000297546387,9.37399959564209,9.32800006866455,9.355999946594238,553850,0.0,0.0,0.0
2024-12-17 00:00:00+01:00,9.326000213623047,9.347999572753906,9.293999671936035,9.326000213623047,249850,0.0,0.0,0.0
2024-12-18 00:00:00+01:00,9.336000442504883,9.362000465393066,9.317999839782715,9.345999717712402,610975,0.0,0.0,0.0
2024-12-19 00:00:00+01:00,9.17199993133545,9.234000205993652,9.154000282287598,9.199999809265137,492825,0.0,0.0,0.0
2024-12-20 00:00:00+01:00,9.11400032043457,9.210000038146973,9.02400016784668,9.210000038146973,469275,0.0,0.0,0.0
2024-12-23 00:00:00+01:00,9.210000038146973,9.222000122070312,9.170000076293945,9.192000389099121,530175,0.0,0.0,0.0
2024-12-27 00:00:00+01:00,9.295999526977539,9.32800006866455,9.197999954223633,9.227999687194824,828725,0.0,0.0,0.0
2024-12-30 00:00:00+01:00,9.20199966430664,9.223999977111816,9.140000343322754,9.145999908447266,246300,0.0,0.0,0.0
2025-01-02 00:00:00+01:00,9.234000205993652,9.3100004196167,9.215999603271484,9.3100004196167,688925,0.0,0.0,0.0
2025-01-03 00:00:00+01:00,9.267999649047852,9.29800033569336,9.241999626159668,9.295999526977539,380500,0.0,0.0,0.0
2025-01-06 00:00:00+01:00,9.305999755859375,9.354000091552734,9.284000396728516,9.345999717712402,430500,0.0,0.0,0.0
2025-01-07 00:00:00+01:00,9.277999877929688,9.333999633789062,9.260000228881836,9.276000022888184,655775,0.0,0.0,0.0
2025-01-08 00:00:00+01:00,9.279999732971191,9.312000274658203,9.239999771118164,9.279999732971191,457600,0.0,0.0,0.0
2025-01-09 00:00:00+01:00,9.253999710083008,9.28600025177002,9.25,9.279999732971191,212650,0.0,0.0,0.0
2025-01-10 00:00:00+01:00,9.263999938964844,9.279999732971191,9.173999786376953,9.192000389099121,585225,0.0,0.0,0.0
2025-01-13 00:00:00+01:00,9.17199993133545,9.204000473022461,9.12600040435791,9.178000450134277,511550,0.0,0.0,0.0
2025-01-14 00:00:00+01:00,9.232000350952148,9.241999626159668,9.15999984741211,9.170000076293945,267100,0.0,0.0,0.0
2025-01-15 00:00:00+01:00,9.178000450134277,9.319999694824219,9.173999786376953,9.314000129699707,999350,0.0,0.0,0.0
2025-01-16 00:00:00+01:00,9.37399959564209,9.37399959564209,9.32800006866455,9.343999862670898,271650,0.0,0.0,0.0
2025-01-17 00:00:00+01:00,9.359999656677246,9.435999870300293,9.35200023651123,9.42199993133545,518425,0.0,0.0,0.0
2025-01-20 00:00:00+01:00,9.418000221252441,9.42199993133545,9.371999740600586,9.387999534606934,731675,0.0,0.0,0.0
2025-01-21 00:00:00+01:00,9.380000114440918,9.423999786376953,9.371999740600586,9.390000343322754,489650,0.0,0.0,0.0
2025-01-22 00:00:00+01:00,9.430000305175781,9.454000473022461,9.416000366210938,9.45199966430664,516525,0.0,0.0,0.0
2025-01-23 00:00:00+01:00,9.449999809265137,9.477999687194824,9.430000305175781,9.470000267028809,435825,0.0,0.0,0.0
2025-01-24 00:00:00+01:00,9.460000038146973,9.46399974822998,9.416000366210938,9.432000160217285,559275,0.0,0.0,0.0
2025-01-27 00:00:00+01:00,9.319999694824219,9.345999717712402,9.192000389099121,9.277999877929688,1976275,0.0,0.0,0.0
2025-01-28 00:00:00+01:00,9.362000465393066,9.406000137329102,9.343999862670898,9.378000259399414,974050,0.0,0.0,0.0
2025-01-29 00:00:00+01:00,9.460000038146973,9.47599983215332,9.42199993133545,9.423999786376953,422150,0.0,0.0,0.0
2025-01-30 00:00:00+01:00,9.456000328063965,9.486000061035156,9.434000015258789,9.461999893188477,405400,0.0,0.0,0.0
2025-01-31 00:00:00+01:00,9.526000022888184,9.571999549865723,9.526000022888184,9.541999816894531,945925,0.0,0.0,0.0
2025-02-03 00:00:00+01:00,9.416000366210938,9.46399974822998,9.383999824523926,9.461999893188477,854775,0.0,0.0,0.0
2025-02-04 00:00:00+01:00,9.454000473022461,9.479999542236328,9.399999618530273,9.47599983215332,400425,0.0,0.0,0.0
2025-02-05 00:00:00+01:00,9.42199993133545,9.449999809265137,9.39799976348877,9.447999954223633,821875,0.0,0.0,0.0
2025-02-06 00:00:00+01:00,9.526000022888184,9.562000274658203,9.526000022888184,9.550000190734863,591650,0.0,0.0,0.0
2025-02-07 00:00:00+01:00,9.545999526977539,9.57800006866455,9.520000457763672,9.527999877929688,556375,0.0,0.0,0.0
2025-02-10 00:00:00+01:00,9.5600004196167,9.597999572753906,9.550000190734863,9.59000015258789,266050,0.0,0.0,0.0
2025-02-11 00:00:00+01:00,9.565999984741211,9.571999549865723,9.541999816894531,9.5600004196167,392500,0.0,0.0,0.0
2025-02-12 00:00:00+01:00,9.545999526977539,9.5600004196167,9.477999687194824,9.491999626159668,695675,0.0,0.0,0.0
2025-02-13 00:00:00+01:00,9.503999710083008,9.552000045776367,9.479999542236328,9.541999816894531,768775,0.0,0.0,0.0
2025-02-14 00:00:00+01:00,9.557999610900879,9.557999610900879,9.515999794006348,9.526000022888184,512350,0.0,0.0,0.0
2025-02-17 00:00:00+01:00,9.562000274658203,9.581999778747559,9.555999755859375,9.57800006866455,596875,0.0,0.0,0.0
2025-02-18 00:00:00+01:00,9.597999572753906,9.62399959564209,9.583999633789062,9.59000015258789,829600,0.0,0.0,0.0
2025-02-19 00:00:00+01:00,9.618000030517578,9.62600040435791,9.574000358581543,9.609999656677246,819525,0.0,0.0,0.0
2025-02-20 00:00:00+01:00,9.59000015258789,9.630000114440918,9.520000457763672,9.522000312805176,305725,0.0,0.0,0.0
2025-02-21 00:00:00+01:00,9.538000106811523,9.581999778747559,9.520000457763672,9.539999961853027,554750,0.0,0.0,0.0
2025-02-24 00:00:00+01:00,9.449999809265137,9.479999542236328,9.371999740600586,9.425999641418457,847600,0.0,0.0,0.0
2025-02-25 00:00:00+01:00,9.390000343322754,9.39799976348877,9.276000022888184,9.293999671936035,831000,0.0,0.0,0.0
2025-02-26 00:00:00+01:00,9.390000343322754,9.434000015258789,9.371999740600586,9.42199993133545,519125,0.0,0.0,0.0
2025-02-27 00:00:00+01:00,9.404000282287598,9.4399995803833,9.355999946594238,9.430000305175781,608600,0.0,0.0,0.0
2025-02-28 00:00:00+01:00,9.293999671936035,9.336000442504883,9.253999710083008,9.315999984741211,648775,0.0,0.0,0.0
2025-03-03 00:00:00+01:00,9.416000366210938,9.420000076293945,9.319999694824219,9.329999923706055,918075,0.0,0.0,0.0
2025-03-04 00:00:00+01:00,9.206000328063965,9.208000183105469,9.010000228881836,9.026000022888184,674700,0.0,0.0,0.0
2025-03-05 00:00:00+01:00,9.053999900817871,9.065999984741211,8.920000076293945,8.92199993133545,843450,0.0,0.0,0.0
2025-03-06 00:00:00+01:00,8.996000289916992,9.001999855041504,8.890000343322754,8.946000099182129,525875,0.0,0.0,0.0
2025-03-07 00:00:00+01:00,8.88599967956543,8.890000343322754,8.791999816894531,8.793999671936035,763575,0.0,0.0,0.0
2025-03-10 00:00:00+01:00,8.866000175476074,8.869999885559082,8.715999603271484,8.732000350952148,887125,0.0,0.0,0.0
2025-03-11 00:00:00+01:00,8.673999786376953,8.685999870300293,8.534000396728516,8.569999694824219,1570850,0.0,0.0,0.0
2025-03-12 00:00:00+01:00,8.612000465393066,8.694000244140625,8.5600004196167,8.645999908447266,1219125,0.0,0.0,0.0
2025-03-13 00:00:00+01:00,8.61400032043457,8.668000221252441,8.579999923706055,8.595999717712402,1036750,0.0,0.0,0.0
2025-03-14 00:00:00+01:00,8.62399959564209,8.718000411987305,8.609999656677246,8.697999954223633,619375,0.0,0.0,0.0
2025-03-17 00:00:00+01:00,8.696000099182129,8.765999794006348,8.685999870300293,8.739999771118164,1093725,0.0,0.0,0.0
2025-03-18 00:00:00+01:00,8.751999855041504,8.779999732971191,8.694000244140625,8.71399974822998,723975,0.0,0.0,0.0
2025-03-19 00:00:00+01:00,8.72599983215332,8.812000274658203,8.722000122070312,8.800000190734863,434025,0.0,0.0,0.0
2025-03-20 00:00:00+01:00,8.842000007629395,8.880000114440918,8.767999649047852,8.824000358581543,683050,0.0,0.0,0.0
2025-03-21 00:00:00+01:00,8.803999900817871,8.812000274658203,8.739999771118164,8.795999526977539,737525,0.0,0.0,0.0
2025-03-24 00:00:00+01:00,8.880000114440918,8.949999809265137,8.868000030517578,8.9399995803833,632725,0.0,0.0,0.0
2025-03-25 00:00:00+01:00,8.944000244140625,8.972000122070312,8.932000160217285,8.956000328063965,846750,0.0,0.0,0.0
2025-03-26 00:00:00+01:00,8.97599983215332,8.982000350952148,8.904000282287598,8.916000366210938,372150,0.0,0.0,0.0
2025-03-27 00:00:00+01:00,8.894000053405762,8.911999702453613,8.829999923706055,8.878000259399414,305175,0.0,0.0,0.0
2025-03-28 00:00:00+01:00,8.819999694824219,8.85200023651123,8.680000305175781,8.680000305175781,445850,0.0,0.0,0.0
2025-03-31 00:00:00+02:00,8.59000015258789,8.62399959564209,8.541999816894531,8.62399959564209,482150,0.0,0.0,0.0
2025-04-01 00:00:00+02:00,8.70199966430664,8.739999771118164,8.62399959564209,8.722000122070312,692775,0.0,0.0,0.0
2025-04-02 00:00:00+02:00,8.718000411987305,8.723999977111816,8.630000114440918,8.711999893188477,371775,0.0,0.0,0.0
2025-04-03 00:00:00+02:00,8.42199993133545,8.461999893188477,8.215999603271484,8.28600025177002,1218025,0.0,0.0,0.0
2025-04-04 00:00:00+02:00,8.185999870300293,8.199999809265137,7.808000087738037,7.8968000411987305,1600925,0.0,0.0,0.0
2025-04-07 00:00:00+02:00,7.427199840545654,8.017999649047852,7.362400054931641,7.677599906921387,2473650,0.0,0.0,0.0
2025-04-08 00:00:00+02:00,7.796000003814697,8.020000457763672,7.793600082397461,7.893599987030029,1847500,0.0,0.0,0.0
2025-04-09 00:00:00+02:00,7.573599815368652,7.647200107574463,7.395999908447266,7.5279998779296875,1494650,0.0,0.0,0.0
2025-04-10 00:00:00+02:00,8.211999893188477,8.229999542236328,7.823200225830078,7.823200225830078,707425,0.0,0.0,0.0
2025-04-11 00:00:00+02:00,7.852799892425537,7.867199897766113,7.650400161743164,7.74560022354126,1031950,0.0,0.0,0.0
2025-04-14 00:00:00+02:00,7.925600051879883,8.052000045776367,7.920000076293945,7.970399856567383,625600,0.0,0.0,0.0
2025-04-15 00:00:00+02:00,8.010000228881836,8.097999572753906,7.974400043487549,8.057999610900879,690075,0.0,0.0,0.0
2025-04-16 00:00:00+02:00,7.906400203704834,7.991199970245361,7.868000030517578,7.966400146484375,586325,0.0,0.0,0.0
2025-04-17 00:00:00+02:00,7.927199840545654,7.963200092315674,7.860000133514404,7.8968000411987305,420825,0.0,0.0,0.0
2025-04-22 00:00:00+02:00,7.763199806213379,7.856800079345703,7.744800090789795,7.844799995422363,888625,0.0,0.0,0.0
2025-04-23 00:00:00+02:00,8.041999816894531,8.218000411987305,8.034000396728516,8.086000442504883,989350,0.0,0.0,0.0
2025-04-24 00:00:00+02:00,8.039999961853027,8.161999702453613,7.995200157165527,8.152000427246094,395600,0.0,0.0,0.0
2025-04-25 00:00:00+02:00,8.23799991607666,8.239999771118164,8.157999992370605,8.182000160217285,428300,0.0,0.0,0.0
2025-04-28 00:00:00+02:00,8.241999626159668,8.27400016784668,8.196000099182129,8.196000099182129,505350,0.0,0.0,0.0
2025-04-29 00:00:00+02:00,8.241999626159668,8.267999649047852,8.197999954223633,8.239999771118164,653100,0.0,0.0,0.0
2025-04-30 00:00:00+02:00,8.28600025177002,8.302000045776367,8.145999908447266,8.265999794006348,373400,0.0,0.0,0.0
2025-05-02 00:00:00+02:00,8.430000305175781,8.48799991607666,8.39799976348877,8.470000267028809,916075,0.0,0.0,0.0
2025-05-05 00:00:00+02:00,8.46399974822998,8.501999855041504,8.4399995803833,8.494000434875488,805025,0.0,0.0,0.0
2025-05-06 00:00:00+02:00,8.460000038146973,8.46399974822998,8.383999824523926,8.449999809265137,426350,0.0,0.0,0.0
2025-05-07 00:00:00+02:00,8.423999786376953,8.442000389099121,8.380000114440918,8.399999618530273,588400,0.0,0.0,0.0
2025-05-08 00:00:00+02:00,8.51200008392334,8.541999816894531,8.473999977111816,8.53600025177002,451575,0.0,0.0,0.0
2025-05-09 00:00:00+02:00,8.552000045776367,8.57800006866455,8.501999855041504,8.53600025177002,712100,0.0,0.0,0.0
2025-05-12 00:00:00+02:00,8.814000129699707,8.887999534606934,8.791999816894531,8.836000442504883,613650,0.0,0.0,0.0
2025-05-13 00:00:00+02:00,8.829999923706055,8.887999534606934,8.824000358581543,8.880000114440918,887475,0.0,0.0,0.0
2025-05-14 00:00:00+02:00,8.869999885559082,8.880000114440918,8.8100004196167,8.857999801635742,360800,0.0,0.0,0.0
2025-05-15 00:00:00+02:00,8.824000358581543,8.883999824523926,8.803999900817871,8.883999824523926,429700,0.0,0.0,0.0
2025-05-16 00:00:00+02:00,8.887999534606934,8.9399995803833,8.88599967956543,8.9399995803833,722450,0.0,0.0,0.0
2025-05-19 00:00:00+02:00,8.857999801635742,8.894000053405762,8.789999961853027,8.892000198364258,491050,0.0,0.0,0.0
2025-05-20 00:00:00+02:00,8.892000198364258,8.934000015258789,8.883999824523926,8.906000137329102,164050,0.0,0.0,0.0
2025-05-21 00:00:00+02:00,8.82800006866455,8.842000007629395,8.776000022888184,8.833999633789062,402975,0.0,0.0,0.0
2025-05-22 00:00:00+02:00,8.77400016784668,8.776000022888184,8.70199966430664,8.770000457763672,312250,0.0,0.0,0.0
2025-05-23 00:00:00+02:00,8.758000373840332,8.765999794006348,8.604000091552734,8.680000305175781,663150,0.0,0.0,0.0
2025-05-26 00:00:00+02:00,8.739999771118164,8.765999794006348,8.732000350952148,8.753999710083008,402850,0.0,0.0,0.0
2025-05-27 00:00:00+02:00,8.760000228881836,8.814000129699707,8.75,8.814000129699707,262550,0.0,0.0,0.0
2025-05-28 00:00:00+02:00,8.833999633789062,8.857999801635742,8.800000190734863,8.819999694824219,137350,0.0,0.0,0.0
2025-05-29 00:00:00+02:00,8.932000160217285,8.954000473022461,8.772000312805176,8.779999732971191,272700,0.0,0.0,0.0
2025-05-30 00:00:00+02:00,8.789999961853027,8.817999839782715,8.748000144958496,8.77400016784668,288500,0.0,0.0,0.0
2025-06-02 00:00:00+02:00,8.727999687194824,8.753999710083008,8.675999641418457,8.729999542236328,691050,0.0,0.0,0.0
2025-06-03 00:00:00+02:00,8.758000373840332,8.838000297546387,8.729999542236328,8.838000297546387,254050,0.0,0.0,0.0
2025-06-04 00:00:00+02:00,8.859999656677246,8.87600040435791,8.824000358581543,8.843999862670898,384525,0.0,0.0,0.0
2025-06-05 00:00:00+02:00,8.845999717712402,8.871999740600586,8.779999732971191,8.855999946594238,487325,0.0,0.0,0.0
2025-06-06 00:00:00+02:00,8.842000007629395,8.920000076293945,8.833999633789062,8.892000198364258,356050,0.0,0.0,0.0
2025-06-09 00:00:00+02:00,8.895999908447266,8.923999786376953,8.88599967956543,8.899999618530273,266125,0.0,0.0,0.0
2025-06-10 00:00:00+02:00,8.920000076293945,8.928000450134277,8.887999534606934,8.90999984741211,501175,0.0,0.0,0.0
2025-06-11 00:00:00+02:00,8.937999725341797,8.949999809265137,8.89799976348877,8.913999557495117,366125,0.0,0.0,0.0
2025-06-12 00:00:00+02:00,8.850000381469727,8.855999946594238,8.758000373840332,8.829999923706055,264925,0.0,0.0,0.0
2025-06-13 00:00:00+02:00,8.744000434875488,8.817999839782715,8.734000205993652,8.788000106811523,336450,0.0,0.0,0.0
2025-06-16 00:00:00+02:00,8.791999816894531,8.838000297546387,8.777999877929688,8.831999778747559,338300,0.0,0.0,0.0
2025-06-17 00:00:00+02:00,8.788000106811523,8.824000358581543,8.767999649047852,8.812000274658203,214225,0.0,0.0,0.0
2025-06-18 00:00:00+02:00,8.807999610900879,8.836000442504883,8.788000106811523,8.803999900817871,191000,0.0,0.0,0.0
2025-06-19 00:00:00+02:00,8.789999961853027,8.789999961853027,8.722000122070312,8.727999687194824,62300,0.0,0.0,0.0
2025-06-20 00:00:00+02:00,8.751999855041504,8.817999839782715,8.739999771118164,8.758000373840332,486650,0.0,0.0,0.0
2025-06-23 00:00:00+02:00,8.729999542236328,8.781999588012695,8.729999542236328,8.73799991607666,360850,0.0,0.0,0.0
2025-06-24 00:00:00+02:00,8.842000007629395,8.854000091552734,8.815999984741211,8.838000297546387,166275,0.0,0.0,0.0
2025-06-25 00:00:00+02:00,8.862000465393066,8.871999740600586,8.824000358581543,8.824000358581543,234425,0.0,0.0,0.0
2025-06-26 00:00:00+02:00,8.814000129699707,8.843999862670898,8.79800033569336,8.831999778747559,126375,0.0,0.0,0.0
2025-06-27 00:00:00+02:00,8.866000175476074,8.902000427246094,8.85200023651123,8.902000427246094,268150,0.0,0.0,0.0
2025-06-30 00:00:00+02:00,8.902000427246094,8.918000221252441,8.862000465393066,8.869999885559082,683450,0.0,0.0,0.0
2025-07-01 00:00:00+02:00,8.887999534606934,8.887999534606934,8.821999549865723,8.868000030517578,619075,0.0,0.0,0.0
2025-07-02 00:00:00+02:00,8.904000282287598,8.913999557495117,8.86400032043457,8.892000198364258,832025,0.0,0.0,0.0
2025-07-03 00:00:00+02:00,8.920000076293945,8.98799991607666,8.907999992370605,8.986000061035156,323850,0.0,0.0,0.0
2025-07-04 00:00:00+02:00,8.9399995803833,8.9399995803833,8.907999992370605,8.920000076293945,382100,0.0,0.0,0.0
2025-07-07 00:00:00+02:00,8.937999725341797,8.97599983215332,8.930000305175781,8.947999954223633,570625,0.0,0.0,0.0
2025-07-08 00:00:00+02:00,8.935999870300293,8.972000122070312,8.928000450134277,8.958000183105469,282050,0.0,0.0,0.0
2025-07-09 00:00:00+02:00,8.947999954223633,9.008000373840332,8.937999725341797,8.97599983215332,569025,0.0,0.0,0.0
2025-07-10 00:00:00+02:00,8.979999542236328,9.045999526977539,8.97599983215332,9.045999526977539,286875,0.0,0.0,0.0
2025-07-11 00:00:00+02:00,9.026000022888184,9.027999877929688,8.968000411987305,8.989999771118164,336550,0.0,0.0,0.0
2025-07-14 00:00:00+02:00,8.970000267028809,9.001999855041504,8.954000473022461,9.001999855041504,255625,0.0,0.0,0.0
2025-07-15 00:00:00+02:00,9.050000190734863,9.065999984741211,9.029999732971191,9.052000045776367,524425,0.0,0.0,0.0
2025-07-16 00:00:00+02:00,8.996000289916992,9.064000129699707,8.920000076293945,8.920000076293945,570000,0.0,0.0,0.0
2025-07-17 00:00:00+02:00,9.074000358581543,9.105999946594238,9.057999610900879,9.105999946594238,739750,0.0,0.0,0.0
2025-07-18 00:00:00+02:00,9.118000030517578,9.119999885559082,9.067999839782715,9.076000213623047,320500,0.0,0.0,0.0
2025-07-21 00:00:00+02:00,9.100000381469727,9.105999946594238,9.074000358581543,9.081999778747559,379100,0.0,0.0,0.0
2025-07-22 00:00:00+02:00,9.052000045776367,9.062000274658203,9.022000312805176,9.026000022888184,483550,0.0,0.0,0.0
2025-07-23 00:00:00+02:00,9.093999862670898,9.121999740600586,9.086000442504883,9.112000465393066,707150,0.0,0.0,0.0
2025-07-24 00:00:00+02:00,9.137999534606934,9.14799976348877,9.109999656677246,9.121999740600586,160700,0.0,0.0,0.0
2025-07-25 00:00:00+02:00,9.11400032043457,9.133999824523926,9.105999946594238,9.12600040435791,257400,0.0,0.0,0.0
2025-07-28 00:00:00+02:00,9.194000244140625,9.21399974822998,9.184000015258789,9.204000473022461,359300,0.0,0.0,0.0
2025-07-29 00:00:00+02:00,9.26200008392334,9.28600025177002,9.236000061035156,9.23799991607666,475400,0.0,0.0,0.0
2025-07-30 00:00:00+02:00,9.239999771118164,9.302000045776367,9.227999687194824,9.28600025177002,313225,0.0,0.0,0.0
2025-07-31 00:00:00+02:00,9.347999572753906,9.36400032043457,9.277999877929688,9.295999526977539,270300,0.0,0.0,0.0
2025-08-01 00:00:00+02:00,9.220000267028809,9.220000267028809,8.979999542236328,9.022000312805176,1246225,0.0,0.0,0.0
2025-08-04 00:00:00+02:00,9.0600004196167,9.131999969482422,9.0600004196167,9.12600040435791,634700,0.0,0.0,0.0
2025-08-05 00:00:00+02:00,9.192000389099121,9.199999809265137,9.109999656677246,9.109999656677246,598925,0.0,0.0,0.0
2025-08-06 00:00:00+02:00,9.163999557495117,9.168000221252441,9.088000297546387,9.12600040435791,482400,0.0,0.0,0.0
2025-08-07 00:00:00+02:00,9.152000427246094,9.210000038146973,9.137999534606934,9.14799976348877,460250,0.0,0.0,0.0
2025-08-08 00:00:00+02:00,9.166000366210938,9.196000099182129,9.15999984741211,9.173999786376953,351875,0.0,0.0,0.0
2025-08-11 00:00:00+02:00,9.215999603271484,9.236000061035156,9.192000389099121,9.222000122070312,281525,0.0,0.0,0.0
2025-08-12 00:00:00+02:00,9.22599983215332,9.248000144958496,9.208000183105469,9.234000205993652,242125,0.0,0.0,0.0
2025-08-13 00:00:00+02:00,9.27400016784668,9.300000190734863,9.260000228881836,9.26200008392334,198675,0.0,0.0,0.0
2025-08-14 00:00:00+02:00,9.28600025177002,9.315999984741211,9.270000457763672,9.300000190734863,348775,0.0,0.0,0.0
2025-08-15 00:00:00+02:00,9.343999862670898,9.343999862670898,9.267999649047852,9.272000312805176,407925,0.0,0.0,0.0
2025-08-18 00:00:00+02:00,9.289999961853027,9.317999839782715,9.276000022888184,9.317999839782715,202200,0.0,0.0,0.0
2025-08-19 00:00:00+02:00,9.29800033569336,9.326000213623047,9.288000106811523,9.303999900817871,410775,0.0,0.0,0.0
2025-08-20 00:00:00+02:00,9.277999877929688,9.281999588012695,9.199999809265137,9.239999771118164,351275,0.0,0.0,0.0
2025-08-21 00:00:00+02:00,9.279999732971191,9.28600025177002,9.22599983215332,9.277999877929688,254975,0.0,0.0,0.0
2025-08-22 00:00:00+02:00,9.277999877929688,9.354000091552734,9.27400016784668,9.35200023651123,207075,0.0,0.0,0.0
2025-08-25 00:00:00+02:00,9.34000015258789,9.347999572753906,9.324000358581543,9.343999862670898,637875,0.0,0.0,0.0
2025-08-26 00:00:00+02:00,9.342000007629395,9.342000007629395,9.312000274658203,9.324000358581543,308900,0.0,0.0,0.0
2025-08-27 00:00:00+02:00,9.368000030517578,9.392000198364258,9.362000465393066,9.38599967956543,410500,0.0,0.0,0.0
2025-08-28 00:00:00+02:00,9.387999534606934,9.39799976348877,9.342000007629395,9.357999801635742,182150,0.0,0.0,0.0
2025-08-29 00:00:00+02:00,9.371999740600586,9.37399959564209,9.288000106811523,9.295999526977539,217775,0.0,0.0,0.0
2025-09-01 00:00:00+02:00,9.302000045776367,9.314000129699707,9.289999961853027,9.312000274658203,840175,0.0,0.0,0.0
2025-09-02 00:00:00+02:00,9.307999610900879,9.312000274658203,9.215999603271484,9.218000411987305,714400,0.0,0.0,0.0
2025-09-03 00:00:00+02:00,9.291999816894531,9.312000274658203,9.27400016784668,9.276000022888184,351150,0.0,0.0,0.0
2025-09-04 00:00:00+02:00,9.315999984741211,9.355999946594238,9.307999610900879,9.34000015258789,106325,0.0,0.0,0.0
2025-09-05 00:00:00+02:00,9.39799976348877,9.39799976348877,9.26200008392334,9.293999671936035,360050,0.0,0.0,0.0
2025-09-08 00:00:00+02:00,9.362000465393066,9.369999885559082,9.329999923706055,9.366000175476074,496925,0.0,0.0,0.0
2025-09-09 00:00:00+02:00,9.362000465393066,9.381999969482422,9.350000381469727,9.371999740600586,293725,0.0,0.0,0.0
2025-09-10 00:00:00+02:00,9.444000244140625,9.449999809265137,9.416000366210938,9.420000076293945,240950,0.0,0.0,0.0
2025-09-11 00:00:00+02:00,9.454000473022461,9.486000061035156,9.430000305175781,9.486000061035156,227000,0.0,0.0,0.0
2025-09-12 00:00:00+02:00,9.491999626159668,9.503999710083008,9.468000411987305,9.486000061035156,328125,0.0,0.0,0.0
2025-09-15 00:00:00+02:00,9.5,9.510000228881836,9.47599983215332,9.494000434875488,579450,0.0,0.0,0.0
2025-09-16 00:00:00+02:00,9.496000289916992,9.501999855041504,9.418000221252441,9.42199993133545,351900,0.0,0.0,0.0
2025-09-17 00:00:00+02:00,9.435999870300293,9.447999954223633,9.42199993133545,9.434000015258789,533025,0.0,0.0,0.0
2025-09-18 00:00:00+02:00,9.491999626159668,9.543999671936035,9.482000350952148,9.529999732971191,343325,0.0,0.0,0.0
2025-09-19 00:00:00+02:00,9.510000228881836,9.5600004196167,9.503999710083008,9.531999588012695,310025,0.0,0.0,0.0
2025-09-22 00:00:00+02:00,9.552000045776367,9.555999755859375,9.51200008392334,9.54800033569336,472600,0.0,0.0,0.0
2025-09-23 00:00:00+02:00,9.5600004196167,9.588000297546387,9.552000045776367,9.567999839782715,756575,0.0,0.0,0.0
2025-09-24 00:00:00+02:00,9.53600025177002,9.576000213623047,9.526000022888184,9.553999900817871,383075,0.0,0.0,0.0
2025-09-25 00:00:00+02:00,9.529999732971191,9.543999671936035,9.479999542236328,9.538000106811523,623925,0.0,0.0,0.0
2025-09-26 00:00:00+02:00,9.527999877929688,9.571999549865723,9.513999938964844,9.538000106811523,446125,0.0,0.0,0.0
2025-09-29 00:00:00+02:00,9.571999549865723,9.593999862670898,9.557999610900879,9.562000274658203,370825,0.0,0.0,0.0
2025-09-30 00:00:00+02:00,9.553999900817871,9.57800006866455,9.527999877929688,9.543999671936035,775375,0.0,0.0,0.0
2025-10-01 00:00:00+02:00,9.513999938964844,9.621999740600586,9.503999710083008,9.621999740600586,720725,0.0,0.0,0.0
2025-10-02 00:00:00+02:00,9.65999984741211,9.678000450134277,9.645999908447266,9.657999992370605,268975,0.0,0.0,0.0
2025-10-03 00:00:00+02:00,9.704000473022461,9.71399974822998,9.675999641418457,9.70199966430664,499200,0.0,0.0,0.0
2025-10-06 00:00:00+02:00,9.734000205993652,9.770000457763672,9.720000267028809,9.746000289916992,1172950,0.0,0.0,0.0
2025-10-07 00:00:00+02:00,9.746000289916992,9.78600025177002,9.720000267028809,9.722000122070312,430375,0.0,0.0,0.0
2025-10-08 00:00:00+02:00,9.755999565124512,9.814000129699707,9.753999710083008,9.805999755859375,236525,0.0,0.0,0.0
2025-10-09 00:00:00+02:00,9.817999839782715,9.82800006866455,9.791999816894531,9.807999610900879,560925,0.0,0.0,0.0
2025-10-10 00:00:00+02:00,9.79800033569336,9.824000358581543,9.59000015258789,9.597999572753906,384925,0.0,0.0,0.0
2025-10-13 00:00:00+02:00,9.62399959564209,9.6899995803833,9.619999885559082,9.680000305175781,594350,0.0,0.0,0.0
2025-10-14 00:00:00+02:00,9.604000091552734,9.656000137329102,9.5600004196167,9.656000137329102,566250,0.0,0.0,0.0
2025-10-15 00:00:00+02:00,9.710000038146973,9.760000228881836,9.696000099182129,9.711999893188477,478475,0.0,0.0,0.0
2025-10-16 00:00:00+02:00,9.718000411987305,9.744000434875488,9.697999954223633,9.704000473022461,530825,0.0,0.0,0.0
2025-10-17 00:00:00+02:00,9.51200008392334,9.654000282287598,9.47599983215332,9.604000091552734,375925,0.0,0.0,0.0
2025-10-20 00:00:00+02:00,9.723999977111816,9.779999732971191,9.70199966430664,9.777999877929688,303575,0.0,0.0,0.0
2025-10-21 00:00:00+02:00,9.781999588012695,9.817999839782715,9.776000022888184,9.805999755859375,330450,0.0,0.0,0.0
2025-10-22 00:00:00+02:00,9.805999755859375,9.826000213623047,9.753999710083008,9.753999710083008,333150,0.0,0.0,0.0
2025-10-23 00:00:00+02:00,9.791999816894531,9.803999900817871,9.755999565124512,9.79800033569336,274850,0.0,0.0,0.0
2025-10-24 00:00:00+02:00,9.836000442504883,9.87399959564209,9.817999839782715,9.869999885559082,626150,0.0,0.0,0.0
2025-10-27 00:00:00+01:00,9.942000389099121,9.95199966430664,9.920000076293945,9.935999870300293,513500,0.0,0.0,0.0
2025-10-28 00:00:00+01:00,9.920000076293945,9.965999603271484,9.913999557495117,9.946000099182129,328975,0.0,0.0,0.0
2025-10-29 00:00:00+01:00,9.98799991607666,9.998000144958496,9.958000183105469,9.96399974822998,307675,0.0,0.0,0.0
2025-10-30 00:00:00+01:00,9.965999603271484,9.984000205993652,9.923999786376953,9.970000267028809,303375,0.0,0.0,0.0
2025-10-31 00:00:00+01:00,9.973999977111816,9.989999771118164,9.942000389099121,9.958000183105469,418450,0.0,0.0,0.0
2025-11-03 00:00:00+01:00,9.97599983215332,10.088000297546387,9.95199966430664,9.977999687194824,1002550,0.0,0.0,0.0
2025-11-04 00:00:00+01:00,9.890000343322754,9.960000038146973,9.862000465393066,9.935999870300293,510725,0.0,0.0,0.0
2025-11-05 00:00:00+01:00,9.869999885559082,9.954000473022461,9.859999656677246,9.949999809265137,491575,0.0,0.0,0.0
2025-11-06 00:00:00+01:00,9.90999984741211,9.9399995803833,9.812000274658203,9.812000274658203,667875,0.0,0.0,0.0
2025-11-07 00:00:00+01:00,9.843999862670898,9.850000381469727,9.675999641418457,9.685999870300293,604000,0.0,0.0,0.0
2025-11-10 00:00:00+01:00,9.87600040435791,9.920000076293945,9.866000175476074,9.881999969482422,395825,0.0,0.0,0.0
2025-11-11 00:00:00+01:00,9.932000160217285,9.935999870300293,9.899999618530273,9.918000221252441,245900,0.0,0.0,0.0
2025-11-12 00:00:00+01:00,9.986000061035156,10.013999938964844,9.956000328063965,9.970000267028809,409775,0.0,0.0,0.0
2025-11-13 00:00:00+01:00,9.97599983215332,9.982000350952148,9.833999633789062,9.84000015258789,398450,0.0,0.0,0.0
2025-11-14 00:00:00+01:00,9.767999649047852,9.836000442504883,9.673999786376953,9.826000213623047,754300,0.0,0.0,0.0
2025-11-17 00:00:00+01:00,9.85200023651123,9.85200023651123,9.746000289916992,9.781999588012695,825275,0.0,0.0,0.0
2025-11-18 00:00:00+01:00,9.644000053405762,9.678000450134277,9.571999549865723,9.64799976348877,430125,0.0,0.0,0.0
2025-11-19 00:00:00+01:00,9.633999824523926,9.73799991607666,9.62399959564209,9.670000076293945,291350,0.0,0.0,0.0
2025-11-20 00:00:00+01:00,9.803999900817871,9.847999572753906,9.72599983215332,9.72599983215332,469425,0.0,0.0,0.0
2025-11-21 00:00:00+01:00,9.562000274658203,9.631999969482422,9.515999794006348,9.631999969482422,777400,0.0,0.0,0.0
2025-11-24 00:00:00+01:00,9.6899995803833,9.760000228881836,9.640000343322754,9.753999710083008,532450,0.0,0.0,0.0
2025-11-25 00:00:00+01:00,9.760000228881836,9.776000022888184,9.704000473022461,9.776000022888184,473575,0.0,0.0,0.0
2025-11-26 00:00:00+01:00,9.857999801635742,9.895999908447266,9.831999778747559,9.892000198364258,374425,0.0,0.0,0.0
2025-11-27 00:00:00+01:00,9.887999534606934,9.89799976348877,9.878000259399414,9.883999824523926,163150,0.0,0.0,0.0
2025-11-28 00:00:00+01:00,9.934000015258789,9.960000038146973,9.904000282287598,9.92199993133545,311425,0.0,0.0,0.0
2025-12-01 00:00:00+01:00,9.866000175476074,9.890000343322754,9.82800006866455,9.88599967956543,678600,0.0,0.0,0.0
2025-12-02 00:00:00+01:00,9.871999740600586,9.920000076293945,9.862000465393066,9.883999824523926,331075,0.0,0.0,0.0
2025-12-03 00:00:00+01:00,9.88599967956543,9.892000198364258,9.831999778747559,9.88599967956543,387350,0.0,0.0,0.0
2025-12-04 00:00:00+01:00,9.90999984741211,9.920000076293945,9.892000198364258,9.916000366210938,417175,0.0,0.0,0.0
2025-12-05 00:00:00+01:00,9.944000244140625,9.984000205993652,9.930000305175781,9.956000328063965,461150,0.0,0.0,0.0
2025-12-08 00:00:00+01:00,10.0,10.0,9.920000076293945,9.934000015258789,397325,0.0,0.0,0.0
2025-12-09 00:00:00+01:00,9.937999725341797,9.946000099182129,9.904000282287598,9.9399995803833,420100,0.0,0.0,0.0
2025-12-10 00:00:00+01:00,9.918000221252441,9.930000305175781,9.899999618530273,9.925999641418457,310125,0.0,0.0,0.0
2025-12-11 00:00:00+01:00,9.871999740600586,9.916000366210938,9.859999656677246,9.89799976348877,405750,0.0,0.0,0.0
2025-12-12 00:00:00+01:00,9.954000473022461,9.968000411987305,9.824000358581543,9.833999633789062,361425,0.0,0.0,0.0
2025-12-15 00:00:00+01:00,9.88599967956543,9.907999992370605,9.819999694824219,9.845999717712402,655875,0.0,0.0,0.0
2025-12-16 00:00:00+01:00,9.78600025177002,9.815999984741211,9.751999855041504,9.77400016784668,842600,0.0,0.0,0.0
2025-12-17 00:00:00+01:00,9.836000442504883,9.855999946594238,9.732000350952148,9.732000350952148,237125,0.0,0.0,0.0
2025-12-18 00:00:00+01:00,9.744000434875488,9.85200023651123,9.739999771118164,9.842000007629395,501400,0.0,0.0,0.0
2025-12-19 00:00:00+01:00,9.831999778747559,9.894000053405762,9.812000274658203,9.883999824523926,585150,0.0,0.0,0.0
2025-12-22 00:00:00+01:00,9.904000282287598,9.918000221252441,9.880000114440918,9.907999992370605,393125,0.0,0.0,0.0
2025-12-23 00:00:00+01:00,9.911999702453613,9.935999870300293,9.892000198364258,9.925999641418457,292900,0.0,0.0,0.0
2025-12-29 00:00:00+01:00,10.026000022888184,10.026000022888184,9.930000305175781,9.956000328063965,493475,0.0,0.0,0.0
2025-12-30 00:00:00+01:00,9.954000473022461,9.977999687194824,9.949999809265137,9.977999687194824,230600,0.0,0.0,0.0
2026-01-02 00:00:00+01:00,9.989999771118164,10.020000457763672,9.935999870300293,9.958000183105469,1333875,0.0,0.0,0.0
2026-01-05 00:00:00+01:00,10.04800033569336,10.107999801635742,10.045999526977539,10.10200023651123,1315025,0.0,0.0,0.0
2026-01-06 00:00:00+01:00,10.104000091552734,10.161999702453613,10.079999923706055,10.145999908447266,987375,0.0,0.0,0.0
2026-01-07 00:00:00+01:00,10.182000160217285,10.185999870300293,10.14799976348877,10.166000366210938,963875,0.0,0.0,0.0
2026-01-08 00:00:00+01:00,10.12600040435791,10.157999992370605,10.11400032043457,10.149999618530273,345275,0.0,0.0,0.0
2026-01-09 00:00:00+01:00,10.175999641418457,10.251999855041504,10.170000076293945,10.244000434875488,725025,0.0,0.0,0.0
2026-01-12 00:00:00+01:00,10.1899995803833,10.253999710083008,10.168000221252441,10.248000144958496,699425,0.0,0.0,0.0
2026-01-13 00:00:00+01:00,10.26200008392334,10.291999816894531,10.239999771118164,10.272000312805176,584000,0.0,0.0,0.0
2026-01-14 00:00:00+01:00,10.263999938964844,10.272000312805176,10.192000389099121,10.208000183105469,548225,0.0,0.0,0.0
2026-01-15 00:00:00+01:00,10.276000022888184,10.355999946594238,10.27400016784668,10.345999717712402,631675,0.0,0.0,0.0
2026-01-16 00:00:00+01:00,10.338000297546387,10.34000015258789,10.279999732971191,10.319999694824219,684000,0.0,0.0,0.0
2026-01-19 00:00:00+01:00,10.215999603271484,10.239999771118164,10.187999725341797,10.197999954223633,493550,0.0,0.0,0.0
2026-01-20 00:00:00+01:00,10.109999656677246,10.109999656677246,10.015999794006348,10.100000381469727,796875,0.0,0.0,0.0
2026-01-21 00:00:00+01:00,10.067999839782715,10.156000137329102,10.01200008392334,10.130000114440918,525200,0.0,0.0,0.0
2026-01-22 00:00:00+01:00,10.206000328063965,10.239999771118164,10.184000015258789,10.20199966430664,1037475,0.0,0.0,0.0
2026-01-23 00:00:00+01:00,10.21399974822998,10.21399974822998,10.15999984741211,10.173999786376953,957725,0.0,0.0,0.0
2026-01-26 00:00:00+01:00,10.12399959564209,10.149999618530273,10.079999923706055,10.133999824523926,523125,0.0,0.0,0.0
2026-01-27 00:00:00+01:00,10.180000305175781,10.1899995803833,10.118000030517578,10.131999969482422,310975,0.0,0.0,0.0
2026-01-28 00:00:00+01:00,10.163999557495117,10.17199993133545,10.130000114440918,10.156000137329102,602575,0.0,0.0,0.0
2026-01-29 00:00:00+01:00,10.14799976348877,10.1899995803833,10.020000457763672,10.057999610900879,422550,0.0,0.0,0.0
2026-01-30 00:00:00+01:00,10.0600004196167,10.145999908447266,10.050000190734863,10.12399959564209,571350,0.0,0.0,0.0
2026-02-02 00:00:00+01:00,10.02400016784668,10.220000267028809,10.017999649047852,10.215999603271484,1179425,0.0,0.0,0.0
2026-02-03 00:00:00+01:00,10.277999877929688,10.277999877929688,10.178000450134277,10.187999725341797,411500,0.0,0.0,0.0
2026-02-04 00:00:00+01:00,10.185999870300293,10.23799991607666,10.15999984741211,10.175999641418457,412325,0.0,0.0,0.0
2026-02-05 00:00:00+01:00,10.163999557495117,10.175999641418457,10.02400016784668,10.088000297546387,1204825,0.0,0.0,0.0
2026-02-06 00:00:00+01:00,10.039999961853027,10.196000099182129,10.031999588012695,10.196000099182129,1193500,0.0,0.0,0.0
2026-02-09 00:00:00+01:00,10.229999542236328,10.244000434875488,10.144000053405762,10.244000434875488,944450,0.0,0.0,0.0
2026-02-10 00:00:00+01:00,10.239999771118164,10.289999961853027,10.236000061035156,10.267999649047852,414000,0.0,0.0,0.0
2026-02-11 00:00:00+01:00,10.277999877929688,10.342000007629395,10.227999687194824,10.270000457763672,707900,0.0,0.0,0.0
2026-02-12 00:00:00+01:00,10.314000129699707,10.326000213623047,10.15999984741211,10.175999641418457,628925,0.0,0.0,0.0
2026-02-13 00:00:00+01:00,10.14799976348877,10.196000099182129,10.095999717712402,10.178000450134277,881400,0.0,0.0,0.0
2026-02-16 00:00:00+01:00,10.185999870300293,10.21399974822998,10.154000282287598,10.163999557495117,791375,0.0,0.0,0.0
2026-02-17 00:00:00+01:00,10.17199993133545,10.199999809265137,10.112000465393066,10.182000160217285,838325,0.0,0.0,0.0
2026-02-18 00:00:00+01:00,10.229999542236328,10.307999610900879,10.215999603271484,10.29800033569336,645325,0.0,0.0,0.0
2026-02-19 00:00:00+01:00,10.291999816894531,10.307999610900879,10.241999626159668,10.279999732971191,991050,0.0,0.0,0.0
2026-02-20 00:00:00+01:00,10.303999900817871,10.333999633789062,10.246000289916992,10.319999694824219,867300,0.0,0.0,0.0
2026-02-23 00:00:00+01:00,10.3100004196167,10.407999992370605,10.222000122070312,10.312000274658203,535487,0.0,0.0,0.0
2026-02-24 00:00:00+01:00,10.319999694824219,10.333999633789062,10.244000434875488,10.303999900817871,843442,0.0,0.0,0.0
2026-02-25 00:00:00+01:00,10.35200023651123,10.407999992370605,10.34000015258789,10.387999534606934,365607,0.0,0.0,0.0
2026-02-26 00:00:00+01:00,10.392000198364258,10.428000450134277,10.303999900817871,10.355999946594238,540010,0.0,0.0,0.0
2026-02-27 00:00:00+01:00,10.357999801635742,10.383999824523926,10.267999649047852,10.317999839782715,576752,0.0,0.0,0.0
2026-03-02 00:00:00+01:00,10.246000289916992,10.357999801635742,10.206000328063965,10.333999633789062,1187999,0.0,0.0,0.0
2026-03-03 00:00:00+01:00,10.246000289916992,10.26200008392334,10.081999778747559,10.173999786376953,866120,0.0,0.0,0.0
2026-03-04 00:00:00+01:00,10.17199993133545,10.305999755859375,10.15999984741211,10.279999732971191,1036686,0.0,0.0,0.0
2026-03-05 00:00:00+01:00,10.27400016784668,10.319999694824219,10.194000244140625,10.215999603271484,892233,0.0,0.0,0.0
2026-03-06 00:00:00+01:00,10.25,10.265999794006348,10.050000190734863,10.105999946594238,916389,0.0,0.0,0.0
2026-03-09 00:00:00+01:00,9.963000297546387,10.0600004196167,9.9399995803833,10.055999755859375,984733,0.0,0.0,0.0
2026-03-10 00:00:00+01:00,10.178000450134277,10.229999542236328,10.12399959564209,10.218000411987305,1072457,0.0,0.0,0.0
2026-03-11 00:00:00+01:00,10.173999786376953,10.21399974822998,10.133999824523926,10.175999641418457,891531,0.0,0.0,0.0
2026-03-12 00:00:00+01:00,10.15999984741211,10.166000366210938,10.064000129699707,10.104000091552734,410363,0.0,0.0,0.0
2026-03-13 00:00:00+01:00,10.057999610900879,10.173999786376953,10.04800033569336,10.092000007629395,577067,0.0,0.0,0.0
2026-03-16 00:00:00+01:00,10.128000259399414,10.17199993133545,10.074000358581543,10.128000259399414,1491734,0.0,0.0,0.0
2026-03-17 00:00:00+01:00,10.107999801635742,10.197999954223633,10.093999862670898,10.156000137329102,455526,0.0,0.0,0.0
2026-03-18 00:00:00+01:00,10.218000411987305,10.227999687194824,10.079999923706055,10.09000015258789,481007,0.0,0.0,0.0
2026-03-19 00:00:00+01:00,10.026000022888184,10.043999671936035,9.899999618530273,9.92300033569336,1031699,0.0,0.0,0.0
2026-03-20 00:00:00+01:00,9.958999633789062,9.972000122070312,9.805000305175781,9.805000305175781,782391,0.0,0.0,0.0
2026-03-23 00:00:00+01:00,9.684000015258789,10.173999786376953,9.663000106811523,9.871999740600586,765983,0.0,0.0,0.0
2026-03-24 00:00:00+01:00,9.871999740600586,9.902000427246094,9.781999588012695,9.866999626159668,358938,0.0,0.0,0.0
2026-03-25 00:00:00+01:00,9.95199966430664,9.972000122070312,9.899999618530273,9.961999893188477,632338,0.0,0.0,0.0
2026-03-26 00:00:00+01:00,9.913999557495117,9.925999641418457,9.843999862670898,9.854999542236328,577502,0.0,0.0,0.0
2026-03-27 00:00:00+01:00,9.838000297546387,9.843000411987305,9.699999809265137,9.722000122070312,1000363,0.0,0.0,0.0
2026-03-30 00:00:00+02:00,9.704000473022461,9.78600025177002,9.699999809265137,9.78600025177002,532655,0.0,0.0,0.0
2026-03-31 00:00:00+02:00,9.734999656677246,9.791999816894531,9.71500015258789,9.765999794006348,830419,0.0,0.0,0.0
2026-04-01 00:00:00+02:00,9.972000122070312,9.982999801635742,9.906000137329102,9.982999801635742,1239762,0.0,0.0,0.0
2026-04-02 00:00:00+02:00,9.854000091552734,10.01200008392334,9.810999870300293,9.965999603271484,550899,0.0,0.0,0.0
2026-04-07 00:00:00+02:00,9.998000144958496,10.065999984741211,9.890000343322754,9.916999816894531,1320448,0.0,0.0,0.0
2026-04-08 00:00:00+02:00,10.222000122070312,10.255999565124512,10.157999992370605,10.192000389099121,1137708,0.0,0.0,0.0
2026-04-09 00:00:00+02:00,10.199999809265137,10.20199966430664,10.149999618530273,10.20199966430664,945998,0.0,0.0,0.0
2026-04-10 00:00:00+02:00,10.234000205993652,10.258000373840332,10.22599983215332,10.227999687194824,540138,0.0,0.0,0.0
2026-04-13 00:00:00+02:00,10.173999786376953,10.236000061035156,10.152000427246094,10.22599983215332,493865,0.0,0.0,0.0
2026-04-14 00:00:00+02:00,10.276000022888184,10.35200023651123,10.267999649047852,10.35200023651123,556231,0.0,0.0,0.0
2026-04-15 00:00:00+02:00,10.368000030517578,10.383999824523926,10.350000381469727,10.37600040435791,988052,0.0,0.0,0.0
2026-04-16 00:00:00+02:00,10.434000015258789,10.45199966430664,10.413999557495117,10.446000099182129,922269,0.0,0.0,0.0
2026-04-17 00:00:00+02:00,10.444000244140625,10.581999778747559,10.437999725341797,10.581999778747559,643749,0.0,0.0,0.0
2026-04-20 00:00:00+02:00,10.52400016784668,10.564000129699707,10.498000144958496,10.538000106811523,966447,0.0,0.0,0.0
2026-04-21 00:00:00+02:00,10.569999694824219,10.604000091552734,10.510000228881836,10.517999649047852,952422,0.0,0.0,0.0
2026-04-22 00:00:00+02:00,10.557999610900879,10.576000213623047,10.527999877929688,10.569999694824219,625937,0.0,0.0,0.0
2026-04-23 00:00:00+02:00,10.553999900817871,10.597999572753906,10.526000022888184,10.595999717712402,414806,0.0,0.0,0.0
2026-04-24 00:00:00+02:00,10.57800006866455,10.612000465393066,10.539999961853027,10.576000213623047,450633,0.0,0.0,0.0
2026-04-27 00:00:00+02:00,10.586000442504883,10.600000381469727,10.5600004196167,10.567999839782715,1029468,0.0,0.0,0.0
2026-04-28 00:00:00+02:00,10.604000091552734,10.618000030517578,10.517999649047852,10.520000457763672,936465,0.0,0.0,0.0
2026-04-29 00:00:00+02:00,10.583999633789062,10.586000442504883,10.527999877929688,10.534000396728516,639651,0.0,0.0,0.0
2026-04-30 00:00:00+02:00,10.539999961853027,10.62399959564209,10.534000396728516,10.607999801635742,667276,0.0,0.0,0.0
2026-05-04 00:00:00+02:00,10.699999809265137,10.715999603271484,10.621999740600586,10.64799976348877,1644815,0.0,0.0,0.0
2026-05-05 00:00:00+02:00,10.6899995803833,10.753999710083008,10.685999870300293,10.748000144958496,811358,0.0,0.0,0.0
2026-05-06 00:00:00+02:00,10.800000190734863,10.895999908447266,10.800000190734863,10.887999534606934,957923,0.0,0.0,0.0
2026-05-07 00:00:00+02:00,10.935999870300293,10.946000099182129,10.868000030517578,10.878000259399414,1581724,0.0,0.0,0.0
2026-05-08 00:00:00+02:00,10.878000259399414,10.899999618530273,10.857999801635742,10.892000198364258,536800,0.0,0.0,0.0
2026-05-11 00:00:00+02:00,10.890000343322754,10.928000450134277,10.869999885559082,10.928000450134277,903009,0.0,0.0,0.0
2026-05-12 00:00:00+02:00,10.855999946594238,10.881999969482422,10.795999526977539,10.805999755859375,1553193,0.0,0.0,0.0
2026-05-13 00:00:00+02:00,10.942000389099121,10.965999603271484,10.895999908447266,10.949999809265137,748896,0.0,0.0,0.0
2026-05-14 00:00:00+02:00,10.998000144958496,11.086000442504883,10.984000205993652,11.07800006866455,532276,0.0,0.0,0.0
2026-05-15 00:00:00+02:00,11.010000228881836,11.017999649047852,10.920000076293945,10.965999603271484,1299759,0.0,0.0,0.0
2026-05-18 00:00:00+02:00,10.88599967956543,10.973999977111816,10.866000175476074,10.907999992370605,1036963,0.0,0.0,0.0
2026-05-19 00:00:00+02:00,10.918000221252441,10.95199966430664,10.854000091552734,10.87600040435791,891288,0.0,0.0,0.0
2026-05-20 00:00:00+02:00,10.894000053405762,11.01200008392334,10.890000343322754,10.994000434875488,1063262,0.0,0.0,0.0
2026-05-21 00:00:00+02:00,11.0,11.041999816894531,10.973999977111816,11.010000228881836,2028234,0.0,0.0,0.0
2026-05-22 00:00:00+02:00,11.092000007629395,11.130000114440918,11.069999694824219,11.130000114440918,766980,0.0,0.0,0.0
2026-05-25 00:00:00+02:00,11.196000099182129,11.22599983215332,11.178000450134277,11.21399974822998,844930,0.0,0.0,0.0
2026-05-26 00:00:00+02:00,11.196000099182129,11.232000350952148,11.170000076293945,11.204000473022461,703003,0.0,0.0,0.0
2026-05-27 00:00:00+02:00,11.211999893188477,11.248000144958496,11.170000076293945,11.180000305175781,995768,0.0,0.0,0.0
2026-05-28 00:00:00+02:00,11.185999870300293,11.227999687194824,11.152000427246094,11.22599983215332,1137317,0.0,0.0,0.0
2026-05-29 00:00:00+02:00,11.26200008392334,11.28600025177002,11.239999771118164,11.248000144958496,1444888,0.0,0.0,0.0
2026-06-01 00:00:00+02:00,11.305999755859375,11.314000129699707,11.246000289916992,11.300000190734863,3330924,0.0,0.0,0.0
2026-06-02 00:00:00+02:00,11.312000274658203,11.371999740600586,11.291999816894531,11.366000175476074,1086834,0.0,0.0,0.0
2026-06-03 00:00:00+02:00,11.383999824523926,11.383999824523926,11.305999755859375,11.315999984741211,1061035,0.0,0.0,0.0
2026-06-04 00:00:00+02:00,11.276000022888184,11.307999610900879,11.204000473022461,11.302000045776367,2171618,0.0,0.0,0.0
2026-06-05 00:00:00+02:00,11.234000205993652,11.260000228881836,11.196000099182129,11.204000473022461,2667283,0.0,0.0,0.0
2026-06-08 00:00:00+02:00,11.086000442504883,11.1899995803833,11.076000213623047,11.149999618530273,2067260,0.0,0.0,0.0
2026-06-09 00:00:00+02:00,11.170000076293945,11.21399974822998,10.989999771118164,11.003999710083008,1674733,0.0,0.0,0.0
2026-06-10 00:00:00+02:00,11.050000190734863,11.097999572753906,10.949999809265137,10.998000144958496,1494752,0.0,0.0,0.0
2026-06-11 00:00:00+02:00,10.994000434875488,11.055999755859375,10.970000267028809,11.015999794006348,1223442,0.0,0.0,0.0
2026-06-12 00:00:00+02:00,11.109999656677246,11.234000205993652,11.104000091552734,11.22599983215332,1316380,0.0,0.0,0.0
2026-06-15 00:00:00+02:00,11.338000297546387,11.355999946594238,11.3100004196167,11.355999946594238,1912685,0.0,0.0,0.0
2026-06-16 00:00:00+02:00,11.366000175476074,11.38599967956543,11.324000358581543,11.333999633789062,1352582,0.0,0.0,0.0
2026-06-17 00:00:00+02:00,11.343999862670898,11.368000030517578,11.314000129699707,11.362000465393066,1059335,0.0,0.0,0.0
2026-06-18 00:00:00+02:00,11.392000198364258,11.45199966430664,11.381999969482422,11.413999557495117,942873,0.0,0.0,0.0
2026-06-19 00:00:00+02:00,11.42199993133545,11.432000160217285,11.38599967956543,11.411999702453613,1836653,0.0,0.0,0.0
2026-06-22 00:00:00+02:00,11.442000389099121,11.52400016784668,11.423999786376953,11.460000038146973,1090735,0.0,0.0,0.0
2026-06-23 00:00:00+02:00,11.291999816894531,11.37399959564209,11.241999626159668,11.315999984741211,1791075,0.0,0.0,0.0
2026-06-24 00:00:00+02:00,11.329999923706055,11.38599967956543,11.315999984741211,11.37600040435791,1109676,0.0,0.0,0.0
2026-06-25 00:00:00+02:00,11.395999908447266,11.428000450134277,11.28600025177002,11.336000442504883,1984040,0.0,0.0,0.0
2026-06-26 00:00:00+02:00,11.27400016784668,11.29800033569336,11.17199993133545,11.29800033569336,867871,0.0,0.0,0.0
2026-06-29 00:00:00+02:00,11.28600025177002,11.336000442504883,11.229999542236328,11.28600025177002,856903,0.0,0.0,0.0
2026-06-30 00:00:00+02:00,11.37600040435791,11.418000221252441,11.36400032043457,11.406000137329102,1045246,0.0,0.0,0.0
2026-07-01 00:00:00+02:00,11.392000198364258,11.46399974822998,11.37399959564209,11.460000038146973,1351619,0.0,0.0,0.0
2026-07-02 00:00:00+02:00,11.371999740600586,11.465999603271484,11.354000091552734,11.381999969482422,1736721,0.0,0.0,0.0
2026-07-03 00:00:00+02:00,11.434000015258789,11.456000328063965,11.406000137329102,11.444000244140625,790922,0.0,0.0,0.0
2026-07-06 00:00:00+02:00,11.468000411987305,11.5,11.447999954223633,11.5,1473410,0.0,0.0,0.0
2026-07-07 00:00:00+02:00,11.45199966430664,11.465999603271484,11.369999885559082,11.371999740600586,1720559,0.0,0.0,0.0
2026-07-08 00:00:00+02:00,11.366000175476074,11.380000114440918,11.251999855041504,11.293999671936035,1134275,0.0,0.0,0.0
2026-07-09 00:00:00+02:00,11.369999885559082,11.428000450134277,11.338000297546387,11.423999786376953,1055443,0.0,0.0,0.0
2026-07-10 00:00:00+02:00,11.432000160217285,11.477999687194824,11.413999557495117,11.460000038146973,777051,0.0,0.0,0.0
2026-07-13 00:00:00+02:00,11.42199993133545,11.45199966430664,11.404000282287598,11.444000244140625,959889,0.0,0.0,0.0
2026-07-14 00:00:00+02:00,11.399999618530273,11.449999809265137,11.380000114440918,11.432000160217285,1182333,0.0,0.0,0.0
2026-07-15 00:00:00+02:00,11.47599983215332,11.48799991607666,11.423999786376953,11.435999870300293,1262086,0.0,0.0,0.0
2026-07-16 00:00:00+02:00,11.423999786376953,11.430000305175781,11.354000091552734,11.425999641418457,878839,0.0,0.0,0.0
2026-07-17 00:00:00+02:00,11.263999938964844,11.315999984741211,11.22599983215332,11.291999816894531,1226049,0.0,0.0,0.0
2026-07-20 00:00:00+02:00,11.28600025177002,11.366000175476074,11.270000457763672,11.331999778747559,1034443,0.0,0.0,0.0
2026-07-21 00:00:00+02:00,11.357999801635742,11.402000427246094,11.331999778747559,11.394000053405762,923903,0.0,0.0,0.0
2026-07-22 00:00:00+02:00,11.357999801635742,11.423999786376953,11.350000381469727,11.413999557495117,755970,0.0,0.0,0.0
2026-07-23 00:00:00+02:00,11.37399959564209,11.399999618530273,11.267999649047852,11.288000106811523,1656377,0.0,0.0,0.0
2026-07-24 00:00:00+02:00,11.291999816894531,11.35200023651123,11.28600025177002,11.350000381469727,766884,0.0,0.0,0.0
2026-07-27 00:00:00+02:00,11.394000053405762,11.411999702453613,11.281999588012695,11.281999588012695,1191680,0.0,0.0,0.0
2026-07-28 00:00:00+02:00,11.284000396728516,11.319999694824219,11.25,11.317999839782715,938114,0.0,0.0,0.0
2026-07-29 00:00:00+02:00,11.315999984741211,11.32800006866455,11.20199966430664,11.232000350952148,704782,0.0,0.0,0.0
2026-07-30 00:00:00+02:00,11.14799976348877,11.220000267028809,11.11400032043457,11.187999725341797,1667769,0.0,0.0,0.0
2026-07-31 00:00:00+02:00,11.307999610900879,11.347999572753906,11.218000411987305,11.246000289916992,1329341,0.0,0.0,0.0
2026-08-03 00:00:00+02:00,11.347999572753906,11.392000198364258,11.291999816894531,11.392000198364258,1800642,0.0,0.0,0.0
2026-08-04 00:00:00+02:00,11.465999603271484,11.557999610900879,11.432000160217285,11.555999755859375,967125,0.0,0.0,0.0
2026-08-05 00:00:00+02:00,11.631999969482422,11.666000366210938,11.592000007629395,11.600000381469727,1178743,0.0,0.0,0.0
2026-08-06 00:00:00+02:00,11.579999923706055,11.607999801635742,11.550000190734863,11.581999778747559,743638,0.0,0.0,0.0
2026-08-07 00:00:00+02:00,11.581999778747559,11.62600040435791,11.571999549865723,11.616000175476074,1436804,0.0,0.0,0.0
2026-08-10 00:00:00+02:00,11.62600040435791,11.630000114440918,11.600000381469727,11.616000175476074,1005532,0.0,0.0,0.0
2026-08-11 00:00:00+02:00,11.62399959564209,11.65999984741211,11.61400032043457,11.630000114440918,507846,0.0,0.0,0.0
2026-08-12 00:00:00+02:00,11.63599967956543,11.675999641418457,11.628000259399414,11.645999908447266,804376,0.0,0.0,0.0
2026-08-13 00:00:00+02:00,11.684000015258789,11.73799991607666,11.67199993133545,11.704000473022461,1045673,0.0,0.0,0.0
2026-08-14 00:00:00+02:00,11.715999603271484,11.723999977111816,11.657999992370605,11.657999992370605,1190603,0.0,0.0,0.0
2026-08-17 00:00:00+02:00,11.6899995803833,11.696000099182129,11.654000282287598,11.668000221252441,1509321,0.0,0.0,0.0
2026-08-18 00:00:00+02:00,11.593999862670898,11.60200023651123,11.517999649047852,11.52400016784668,1308221,0.0,0.0,0.0
2026-08-19 00:00:00+02:00,11.508000373840332,11.545999526977539,11.470000267028809,11.496000289916992,1196559,0.0,0.0,0.0
2026-08-20 00:00:00+02:00,11.47599983215332,11.484000205993652,11.383999824523926,11.432000160217285,2205737,0.0,0.0,0.0
2026-08-21 00:00:00+02:00,11.430000305175781,11.477999687194824,11.428000450134277,11.47599983215332,1267582,0.0,0.0,0.0
2026-08-24 00:00:00+02:00,11.435999870300293,11.460000038146973,11.40999984741211,11.428000450134277,1994834,0.0,0.0,0.0
2026-08-25 00:00:00+02:00,11.484000205993652,11.505999565124512,11.444000244140625,11.47599983215332,844020,0.0,0.0,0.0
2026-08-26 00:00:00+02:00,11.496000289916992,11.52400016784668,11.47599983215332,11.494000434875488,444239,0.0,0.0,0.0
2026-08-27 00:00:00+02:00,11.531999588012695,11.553999900817871,11.505999565124512,11.53600025177002,883780,0.0,0.0,0.0
2026-08-28 00:00:00+02:00,11.567999839782715,11.62600040435791,11.552000045776367,11.618000030517578,881820,0.0,0.0,0.0
2026-08-31 00:00:00+02:00,11.571999549865723,11.571999549865723,11.491999626159668,11.491999626159668,1840433,0.0,0.0,0.0
2026-09-01 00:00:00+02:00,11.543999671936035,11.555999755859375,11.456000328063965,11.482000350952148,2884485,0.0,0.0,0.0
2026-09-02 00:00:00+02:00,11.465999603271484,11.510000228881836,11.411999702453613,11.496000289916992,1184191,0.0,0.0,0.0
2026-09-03 00:00:00+02:00,11.491999626159668,11.581999778747559,11.484000205993652,11.579999923706055,887938,0.0,0.0,0.0
2026-09-04 00:00:00+02:00,11.57800006866455,11.63599967956543,11.567999839782715,11.574000358581543,1260034,0.0,0.0,0.0
2026-09-07 00:00:00+02:00,11.600000381469727,11.60200023651123,11.562000274658203,11.569999694824219,1492085,0.0,0.0,0.0
2026-09-08 00:00:00+02:00,11.567999839782715,11.59000015258789,11.53600025177002,11.557999610900879,1061371,0.0,0.0,0.0
2026-09-09 00:00:00+02:00,11.534000396728516,11.539999961853027,11.4399995803833,11.458000183105469,1155173,0.0,0.0,0.0
2026-09-10 00:00:00+02:00,11.477999687194824,11.489999771118164,11.366000175476074,11.395999908447266,1119553,0.0,0.0,0.0
2026-09-11 00:00:00+02:00,11.442000389099121,11.522000312805176,11.428000450134277,11.501999855041504,1043674,0.0,0.0,0.0
2026-09-14 00:00:00+02:00,11.446000099182129,11.46399974822998,11.413999557495117,11.444000244140625,1189599,0.0,0.0,0.0
2026-09-15 00:00:00+02:00,11.418000221252441,11.447999954223633,11.369999885559082,11.392000198364258,1750583,0.0,0.0,0.0
2026-09-16 00:00:00+02:00,11.435999870300293,11.46399974822998,11.413999557495117,11.456000328063965,1082887,0.0,0.0,0.0
2026-09-17 00:00:00+02:00,11.510000228881836,11.564000129699707,11.498000144958496,11.552000045776367,1098212,0.0,0.0,0.0
2026-09-18 00:00:00+02:00,11.565999984741211,11.576000213623047,11.494000434875488,11.503999710083008,751098,0.0,0.0,0.0
2026-09-21 00:00:00+02:00,11.60200023651123,11.65999984741211,11.592000007629395,11.656000137329102,1201479,0.0,0.0,0.0
2026-09-22 00:00:00+02:00,11.70199966430664,11.744000434875488,11.673999786376953,11.722000122070312,1182205,0.0,0.0,0.0
2026-09-23 00:00:00+02:00,11.758000373840332,11.758000373840332,11.6899995803833,11.696000099182129,1675827,0.0,0.0,0.0
2026-09-24 00:00:00+02:00,11.628000259399414,11.668000221252441,11.60200023651123,11.621999740600586,1019724,0.0,0.0,0.0
2026-09-25 00:00:00+02:00,11.687999725341797,11.708000183105469,11.637999534606934,11.673999786376953,971393,0.0,0.0,0.0
2026-09-28 00:00:00+02:00,11.678000450134277,11.694000244140625,11.62600040435791,11.62600040435791,1059125,0.0,0.0,0.0
2026-09-29 00:00:00+02:00,11.652000427246094,11.697999954223633,11.63599967956543,11.645999908447266,1025654,0.0,0.0,0.0
2026-09-30 00:00:00+02:00,11.680000305175781,11.706000328063965,11.628000259399414,11.668000221252441,2037379,0.0,0.0,0.0
2026-10-01 00:00:00+02:00,11.673999786376953,11.699999809265137,11.605999946594238,11.649999618530273,3174251,0.0,0.0,0.0
2026-10-02 00:00:00+02:00,11.72599983215332,11.815999984741211,11.711999893188477,11.770000457763672,1517338,0.0,0.0,0.0
2026-10-05 00:00:00+02:00,11.854000091552734,11.907999992370605,11.826000213623047,11.890000343322754,1850751,0.0,0.0,0.0
