Date,Open,High,Low,Close,Volume,Dividends,Stock Splits,Capital Gains
2021-09-20 00:00:00-04:00,35.29840886730754,35.44348310281708,34.89945558436697,35.31654357910156,3725000,0.184,0.0,0.0
2021-09-21 00:00:00-04:00,35.48881561397795,35.597620418115454,35.16239774272307,35.17146682739258,2758400,0.0,0.0,0.0
2021-09-22 00:00:00-04:00,35.45254886957945,35.78803585083241,35.434417616556296,35.55228805541992,2227000,0.0,0.0,0.0
2021-09-23 00:00:00-04:00,35.76083186171225,36.25045870293294,35.71549681171239,36.087249755859375,1702000,0.0,0.0,0.0
2021-09-24 00:00:00-04:00,35.96030181881475,36.241384597198056,35.96030181881475,36.15071105957031,1346800,0.0,0.0,0.0
2021-09-27 00:00:00-04:00,36.25953364092822,36.504343642211005,36.22326421153701,36.313934326171875,1242900,0.0,0.0,0.0
2021-09-28 00:00:00-04:00,36.24138366515025,36.30485341043647,35.79709198930501,35.87869644165039,2144800,0.0,0.0,0.0
2021-09-29 00:00:00-04:00,35.951244357550934,36.150719267941085,35.83337046129136,35.96937561035156,1910600,0.0,0.0,0.0
2021-09-30 00:00:00-04:00,36.07817907644904,36.10537941087088,35.361873626708984,35.361873626708984,3218100,0.0,0.0,0.0
2021-10-01 00:00:00-04:00,35.5522880807287,36.04191492492539,35.30747465863036,35.8696403503418,2492500,0.0,0.0,0.0
2021-10-04 00:00:00-04:00,35.824302784580695,36.10538563783813,35.55228901692273,35.7064323425293,2796600,0.0,0.0,0.0
2021-10-05 00:00:00-04:00,35.82429757152958,36.168850138474134,35.715492772067904,35.95124053955078,2505900,0.0,0.0,0.0
2021-10-06 00:00:00-04:00,35.697356889613054,36.014709110977016,35.44347787959557,35.99657440185547,5097500,0.0,0.0,0.0
2021-10-07 00:00:00-04:00,36.24139666548128,36.5315451648251,36.24139666548128,36.2867317199707,2772400,0.0,0.0,0.0
2021-10-08 00:00:00-04:00,36.34113239974885,36.422733414752834,36.23232412872497,36.30486297607422,1823000,0.0,0.0,0.0
2021-10-11 00:00:00-04:00,36.35020064813248,36.48620926730112,36.005648016056675,36.01471710205078,2065300,0.0,0.0,0.0
2021-10-12 00:00:00-04:00,36.02377938190614,36.12351856551643,35.85150481129726,35.933109283447266,2351000,0.0,0.0,0.0
2021-10-13 00:00:00-04:00,35.91497457198698,35.996579044136986,35.56135634561782,35.933109283447266,3167000,0.0,0.0,0.0
2021-10-14 00:00:00-04:00,36.21419037892471,36.486207604868,36.13258590291027,36.47713851928711,1486700,0.0,0.0,0.0
2021-10-15 00:00:00-04:00,36.71287763978642,36.86701746978786,36.667539140287744,36.74007797241211,1419300,0.0,0.0,0.0
2021-10-18 00:00:00-04:00,36.58594203295085,36.767285690848176,36.4408677984015,36.62221145629883,1835700,0.0,0.0,0.0
2021-10-19 00:00:00-04:00,36.76727360211205,36.903282165527344,36.658468826684675,36.903282165527344,1180800,0.0,0.0,0.0
2021-10-20 00:00:00-04:00,36.921422682611514,37.229705810546875,36.87608418177591,37.229705810546875,1809000,0.0,0.0,0.0
2021-10-21 00:00:00-04:00,37.16623842632235,37.20250438692106,37.003029497680416,37.157169342041016,1095200,0.0,0.0,0.0
2021-10-22 00:00:00-04:00,37.175303952644654,37.32944379659428,37.0846338631263,37.25690841674805,2062400,0.0,0.0,0.0
2021-10-25 00:00:00-04:00,37.33851433028782,37.401984087182925,37.21157481649761,37.34757995605469,1702700,0.0,0.0,0.0
2021-10-26 00:00:00-04:00,37.401985995484985,37.46545575561841,37.31131589782081,37.33851623535156,1777300,0.0,0.0,0.0
2021-10-27 00:00:00-04:00,37.293183299925055,37.293183299925055,36.8126220703125,36.8126220703125,1788200,0.0,0.0,0.0
2021-10-28 00:00:00-04:00,36.89422585061796,37.09370422363281,36.85795988548651,37.09370422363281,1277200,0.0,0.0,0.0
2021-10-29 00:00:00-04:00,37.02116703573722,37.12997184353023,36.90329314297002,36.98489761352539,1983600,0.0,0.0,0.0
2021-11-01 00:00:00-04:00,37.148104437882296,37.21157419371515,37.039296177446865,37.19343948364258,3928200,0.0,0.0,0.0
2021-11-02 00:00:00-04:00,37.26597667184642,37.347581141708254,37.129971527971655,37.30224609375,1179000,0.0,0.0,0.0
2021-11-03 00:00:00-04:00,37.19344071924767,37.50172388303831,37.17530600857264,37.48358917236328,1925600,0.0,0.0,0.0
2021-11-04 00:00:00-04:00,37.519851857927605,37.519851857927605,37.13902991980427,37.32037353515625,6222200,0.0,0.0,0.0
2021-11-05 00:00:00-04:00,37.574261429833605,37.76467417346116,37.49265695651968,37.610530853271484,1931900,0.0,0.0,0.0
2021-11-08 00:00:00-05:00,37.782806506954216,37.82814501696957,37.57426250448581,37.66493606567383,1554700,0.0,0.0,0.0
2021-11-09 00:00:00-05:00,37.63773119142859,37.6649349884283,37.4563909919244,37.610530853271484,1656900,0.0,0.0,0.0
2021-11-10 00:00:00-05:00,37.574269182649886,37.74654725010517,37.4563987204201,37.510799407958984,1932000,0.0,0.0,0.0
2021-11-11 00:00:00-05:00,37.51985441282799,37.51985441282799,37.42011524465061,37.465450286865234,1882400,0.0,0.0,0.0
2021-11-12 00:00:00-05:00,37.57426607638407,37.60146987674788,37.41105710957329,37.54706573486328,1498900,0.0,0.0,0.0
2021-11-15 00:00:00-05:00,37.66492698453724,37.673992609048945,37.528918404968664,37.59238815307617,1816200,0.0,0.0,0.0
2021-11-16 00:00:00-05:00,37.61052594864248,37.70119949541282,37.510786776616186,37.53799057006836,1002700,0.0,0.0,0.0
2021-11-17 00:00:00-05:00,37.492658369526744,37.492658369526744,37.28411436516333,37.365718841552734,2025900,0.0,0.0,0.0
2021-11-18 00:00:00-05:00,37.36570866130029,37.36570866130029,37.048359927826624,37.22063446044922,1821100,0.0,0.0,0.0
2021-11-19 00:00:00-05:00,37.09369449071956,37.09369449071956,36.848881131394315,36.86701583862305,1800900,0.0,0.0,0.0
2021-11-22 00:00:00-05:00,37.003039830680315,37.37479283665527,36.96677040111125,37.10277557373047,1998500,0.0,0.0,0.0
2021-11-23 00:00:00-05:00,37.15716381871453,37.420111882311275,37.111828780573425,37.38384246826172,2039000,0.0,0.0,0.0
2021-11-24 00:00:00-05:00,37.26596705974228,37.42011033365272,37.26596705974228,37.39291000366211,1298200,0.0,0.0,0.0
2021-11-26 00:00:00-05:00,36.60406765744369,36.658471778959516,36.29578455320415,36.531532287597656,2038100,0.0,0.0,0.0
2021-11-29 00:00:00-05:00,36.88516186784403,36.89422749482024,36.46807385008226,36.631282806396484,2793200,0.0,0.0,0.0
2021-11-30 00:00:00-05:00,36.34112872002364,36.39552939118462,35.760828376515825,35.7698974609375,4208600,0.0,0.0,0.0
2021-12-01 00:00:00-05:00,36.2504558476895,36.55873900578645,35.470680597277095,35.48881530761719,6120700,0.0,0.0,0.0
2021-12-02 00:00:00-05:00,35.661088063137136,36.43179411520832,35.57948360807204,36.268585205078125,4212700,0.0,0.0,0.0
2021-12-03 00:00:00-05:00,36.40459076620147,36.495260838163404,35.89682937022668,36.20511245727539,4185400,0.0,0.0,0.0
2021-12-06 00:00:00-05:00,36.549681653835655,36.9667697095476,36.477142796054565,36.712890625,3679700,0.0,0.0,0.0
2021-12-07 00:00:00-05:00,37.02116492621657,37.32944462092345,37.01209584175915,37.19343948364258,2222400,0.0,0.0,0.0
2021-12-08 00:00:00-05:00,37.211573832635,37.30224392327576,37.039295818038404,37.1753044128418,1560100,0.0,0.0,0.0
2021-12-09 00:00:00-05:00,37.04837071938497,37.22064530218821,36.95769715566527,37.066505432128906,1031700,0.0,0.0,0.0
2021-12-10 00:00:00-05:00,37.256911763916804,37.36571657288231,37.08463719481787,37.33851623535156,1802200,0.0,0.0,0.0
2021-12-13 00:00:00-05:00,37.284099276961136,37.32036868708834,37.03022032375333,37.148094177246094,1322300,0.0,0.0,0.0
2021-12-14 00:00:00-05:00,37.00303067678869,37.32944508563161,37.00303067678869,37.11183547973633,2193100,0.0,0.0,0.0
2021-12-15 00:00:00-05:00,37.148104241602894,37.44731830911366,36.93956026513363,37.411048889160156,4356800,0.0,0.0,0.0
2021-12-16 00:00:00-05:00,37.646795275645026,37.91880899760914,37.556121729095565,37.655860900878906,4288400,0.0,0.0,0.0
2021-12-17 00:00:00-05:00,37.51984698394665,37.51984698394665,37.09369006205529,37.148094177246094,3534600,0.0,0.0,0.0
2021-12-20 00:00:00-05:00,36.73295838311354,36.805951528995834,36.45011864408154,36.76945495605469,3066200,0.255,0.0,0.0
2021-12-21 00:00:00-05:00,37.01579778075431,37.38075651147414,37.01579778075431,37.326011657714844,1762600,0.0,0.0,0.0
2021-12-22 00:00:00-05:00,37.2986485721067,37.572365935674696,37.216533014985785,37.56324005126953,1414500,0.0,0.0,0.0
2021-12-23 00:00:00-05:00,37.6909710061191,37.88257277666003,37.65447443634813,37.77308654785156,1304100,0.0,0.0,0.0
2021-12-27 00:00:00-05:00,37.84608563176696,38.15629959106445,37.76397006958512,38.15629959106445,937900,0.0,0.0,0.0
2021-12-28 00:00:00-05:00,38.147168952954694,38.36614141783993,38.101546498974415,38.265777587890625,1289200,0.0,0.0,0.0
2021-12-29 00:00:00-05:00,38.26578370444399,38.43914070406815,38.22929060813297,38.357025146484375,1689900,0.0,0.0,0.0
2021-12-30 00:00:00-05:00,38.42088996263088,38.55774689619596,38.28402954856089,38.320526123046875,2062900,0.0,0.0,0.0
2021-12-31 00:00:00-05:00,38.24753297407491,38.45738653711686,38.24753297407491,38.320526123046875,2335400,0.0,0.0,0.0
2022-01-03 00:00:00-05:00,38.37527403277471,38.521256861808595,38.22016531914205,38.48476028442383,3404200,0.0,0.0,0.0
2022-01-04 00:00:00-05:00,38.66723655720616,38.98657288218052,38.648988269992635,38.8770866394043,4031800,0.0,0.0,0.0
2022-01-05 00:00:00-05:00,38.97745186643625,39.22379853183145,38.594244782319805,38.603370666503906,3753900,0.0,0.0,0.0
2022-01-06 00:00:00-05:00,38.749353010454875,38.84059096813914,38.548625326943515,38.658111572265625,4144600,0.0,0.0,0.0
2022-01-07 00:00:00-05:00,38.639869296387516,38.849722896620236,38.566879614985055,38.72198486328125,3291200,0.0,0.0,0.0
2022-01-10 00:00:00-05:00,38.72198810356143,38.758484687569485,38.20192396321703,38.59425354003906,4224100,0.0,0.0,0.0
2022-01-11 00:00:00-05:00,38.639859715203,38.88620635479979,38.32964581502608,38.867958068847656,3561100,0.0,0.0,0.0
2022-01-12 00:00:00-05:00,38.950068431447114,39.00481328201742,38.740218391683904,38.904449462890625,1928100,0.0,0.0,0.0
2022-01-13 00:00:00-05:00,38.9774456592599,39.15079914559581,38.72197315036471,38.83146286010742,6047600,0.0,0.0,0.0
2022-01-14 00:00:00-05:00,38.5759980748298,38.794974057653725,38.41176695783815,38.77672576904297,2968500,0.0,0.0,0.0
2022-01-18 00:00:00-05:00,38.539510007194195,38.57600310867258,38.14718045213012,38.29316329956055,3674300,0.0,0.0,0.0
2022-01-19 00:00:00-05:00,38.39352342362888,38.448264810772294,37.946449039094304,37.973819732666016,2763400,0.0,0.0,0.0
2022-01-20 00:00:00-05:00,38.01943043737317,38.43000815407899,37.58148203305513,37.608856201171875,6986300,0.0,0.0,0.0
2022-01-21 00:00:00-05:00,37.59973108679607,37.754839774279425,37.05229644033568,37.12528610229492,5812500,0.0,0.0,0.0
2022-01-24 00:00:00-05:00,36.72384021640079,37.24390425903735,35.975677787326944,37.18915939331055,10958200,0.0,0.0,0.0
2022-01-25 00:00:00-05:00,36.76945860388605,37.335141618575186,36.20377558919691,37.061424255371094,8891200,0.0,0.0,0.0
2022-01-26 00:00:00-05:00,37.27128085955468,37.57237244802068,36.48662520945828,36.80596160888672,7837300,0.0,0.0,0.0
2022-01-27 00:00:00-05:00,37.097913538738105,37.47199467369311,36.55960132204632,36.74208068847656,4776700,0.0,0.0,0.0
2022-01-28 00:00:00-05:00,36.70558909294828,37.31689453125,36.377126884965854,37.31689453125,3504300,0.0,0.0,0.0
2022-01-31 00:00:00-05:00,37.10704058788039,37.70009773292325,37.03405092047019,37.63623046875,3168300,0.0,0.0,0.0
2022-02-01 00:00:00-05:00,37.70922614217203,38.001191792376424,37.53586914451592,37.93732452392578,6949400,0.0,0.0,0.0
2022-02-02 00:00:00-05:00,37.88258197151587,38.26578560560885,37.809588814257026,38.18367004394531,3654500,0.0,0.0,0.0
2022-02-03 00:00:00-05:00,38.07418445781484,38.14717761635672,37.78221878465804,37.83696365356445,2927900,0.0,0.0,0.0
2022-02-04 00:00:00-05:00,37.6635943896182,38.010304818890106,37.41724778043849,37.73658752441406,3661200,0.0,0.0,0.0
2022-02-07 00:00:00-05:00,37.76396066515659,38.019429692544485,37.65447443634813,37.77308654785156,2155700,0.0,0.0,0.0
2022-02-08 00:00:00-05:00,37.80046839643674,38.101556484689716,37.70923042557354,38.037689208984375,3244700,0.0,0.0,0.0
2022-02-09 00:00:00-05:00,38.302286041666534,38.50301376383835,38.25666705403812,38.44826889038086,2698100,0.0,0.0,0.0
2022-02-10 00:00:00-05:00,38.138048733125615,38.55774892023129,37.78221581447058,37.93732452392578,3321800,0.0,0.0,0.0
2022-02-11 00:00:00-05:00,37.94643853496714,38.19278515043607,37.42637461803418,37.544986724853516,7208300,0.0,0.0,0.0
2022-02-14 00:00:00-05:00,37.50850129500473,37.59973926241855,37.0431786118803,37.30777359008789,3677300,0.0,0.0,0.0
2022-02-15 00:00:00-05:00,37.572375687461296,37.782225836679515,37.5358791013783,37.70923614501953,3709000,0.0,0.0,0.0
2022-02-16 00:00:00-05:00,37.60886394527288,37.89170372351781,37.499374211269775,37.79133987426758,2661200,0.0,0.0,0.0
2022-02-17 00:00:00-05:00,37.581496201115925,37.581496201115925,37.189166621746544,37.27128219604492,2254600,0.0,0.0,0.0
2022-02-18 00:00:00-05:00,37.23477581599068,37.43549999675703,36.95193260970021,37.12528610229492,2781400,0.0,0.0,0.0
2022-02-22 00:00:00-05:00,37.08880229279587,37.18916266804126,36.56873820436451,36.8242073059082,3746400,0.0,0.0,0.0
2022-02-23 00:00:00-05:00,36.97931081916702,37.05230397647708,36.3041415165755,36.358882904052734,3376800,0.0,0.0,0.0
2022-02-24 00:00:00-05:00,35.6837038035002,36.41361777365593,35.48297615651824,36.34975051879883,7131000,0.0,0.0,0.0
2022-02-25 00:00:00-05:00,36.53224401048341,37.42638940480222,36.50486983316874,37.36252212524414,3599800,0.0,0.0,0.0
2022-02-28 00:00:00-05:00,36.82419809089309,37.253024101606634,36.696463572085975,37.12528610229492,4925000,0.0,0.0,0.0
2022-03-01 00:00:00-05:00,36.970191336169165,37.189163864392114,36.36801166279769,36.57786178588867,5705700,0.0,0.0,0.0
2022-03-02 00:00:00-05:00,36.796840522882995,37.44463923095586,36.7512180523238,37.27128219604492,3238100,0.0,0.0,0.0
2022-03-03 00:00:00-05:00,37.45374616931546,37.572358278875065,37.07966503655462,37.326011657714844,2735500,0.0,0.0,0.0
2022-03-04 00:00:00-05:00,36.94282007921145,37.21653747558594,36.7694630597867,37.21653747558594,3026100,0.0,0.0,0.0
2022-03-07 00:00:00-05:00,37.06142762627399,37.088801801437775,36.36801001105384,36.377132415771484,3907000,0.0,0.0,0.0
2022-03-08 00:00:00-05:00,36.49574237731079,36.8880718863073,36.06691629061572,36.07604217529297,19229900,0.0,0.0,0.0
2022-03-09 00:00:00-05:00,36.650848388671875,36.86070197463434,36.53223972939519,36.650848388671875,5074700,0.0,0.0,0.0
2022-03-10 00:00:00-05:00,36.25851904935631,36.65084505042992,36.21289659016882,36.59610366821289,3021000,0.0,0.0,0.0
2022-03-11 00:00:00-05:00,36.76945971879426,36.89719426012894,36.27676636178459,36.313262939453125,2447900,0.0,0.0,0.0
2022-03-14 00:00:00-04:00,36.46836546000445,36.73295690189651,36.149025680403575,36.304134368896484,2228700,0.0,0.0,0.0
2022-03-15 00:00:00-04:00,36.46836436358079,36.83331962578915,36.35887465246421,36.78770065307617,2575600,0.0,0.0,0.0
2022-03-16 00:00:00-04:00,37.03405120501602,37.289520263671875,36.614351042794304,37.289520263671875,2412900,0.0,0.0,0.0
2022-03-17 00:00:00-04:00,37.16179259339688,37.718353271484375,37.13442189791898,37.718353271484375,2028600,0.0,0.0,0.0
2022-03-18 00:00:00-04:00,37.608860245046884,37.86432930490879,37.45375154405579,37.81871032714844,4130500,0.0,0.0,0.0
2022-03-21 00:00:00-04:00,37.89568343289361,38.078976440834936,37.69406427057917,37.904850006103516,2368700,0.184,0.0,0.0
2022-03-22 00:00:00-04:00,38.08815341531633,38.19812785170406,38.01483479370831,38.14313888549805,3609300,0.0,0.0,0.0
2022-03-23 00:00:00-04:00,38.005662134821904,38.069814164547466,37.71239471435547,37.71239471435547,2130600,0.0,0.0,0.0
2022-03-24 00:00:00-04:00,37.895694168211314,38.11564653925499,37.77655665091932,38.106483459472656,3006000,0.0,0.0,0.0
2022-03-25 00:00:00-04:00,38.18895258706078,38.49138658834622,38.143130206993646,38.48222351074219,2770400,0.0,0.0,0.0
2022-03-28 00:00:00-04:00,38.39974926508564,38.50055712234739,38.133974514790765,38.49139404296875,2664400,0.0,0.0,0.0
2022-03-29 00:00:00-04:00,38.72050401217682,38.87630081176758,38.546377560394724,38.87630081176758,10603700,0.0,0.0,0.0
2022-03-30 00:00:00-04:00,38.830475088485045,38.94045299217096,38.60135969984112,38.78465270996094,4713700,0.0,0.0,0.0
2022-03-31 00:00:00-04:00,38.70217303051314,38.83047709542133,38.24394222954184,38.262271881103516,3750700,0.0,0.0,0.0
2022-04-01 00:00:00-04:00,38.4272346496582,38.454727378560044,38.11563757001779,38.4272346496582,4299700,0.0,0.0,0.0
2022-04-04 00:00:00-04:00,38.418075914850874,38.418075914850874,38.12480842664775,38.399749755859375,1854400,0.0,0.0,0.0
2022-04-05 00:00:00-04:00,38.30810626076182,38.62887001952466,38.06066113121037,38.15230941772461,2218600,0.0,0.0,0.0
2022-04-06 00:00:00-04:00,37.978179171119066,38.28061327058631,37.886534381233346,38.1981315612793,2965000,0.0,0.0,0.0
2022-04-07 00:00:00-04:00,38.152300757612366,38.48222752212491,37.93234841592938,38.372249603271484,2461100,0.0,0.0,0.0
2022-04-08 00:00:00-04:00,38.37225293210744,38.7021797252415,38.31726746393454,38.546382904052734,1990900,0.0,0.0,0.0
2022-04-11 00:00:00-04:00,38.45473976977904,38.555551136268114,38.16147224691515,38.1981315612793,2159500,0.0,0.0,0.0
2022-04-12 00:00:00-04:00,38.34475779743335,38.55554356962286,37.99650137136966,38.12480545043945,2142000,0.0,0.0,0.0
2022-04-13 00:00:00-04:00,38.12480446481021,38.43640157564863,38.09731173315571,38.40890884399414,1975700,0.0,0.0,0.0
2022-04-14 00:00:00-04:00,38.40890559757339,38.601361694935676,38.24394222954184,38.262271881103516,1765500,0.0,0.0,0.0
2022-04-18 00:00:00-04:00,38.20729464185801,38.42724703201824,38.042331223244005,38.1981315612793,2245200,0.0,0.0,0.0
2022-04-19 00:00:00-04:00,38.21645915262302,38.75717177417902,38.20729257651517,38.68385314941406,1600600,0.0,0.0,0.0
2022-04-20 00:00:00-04:00,38.85798210476212,39.132919948290876,38.81215621748703,38.96795654296875,2228500,0.0,0.0,0.0
2022-04-21 00:00:00-04:00,39.19706991494259,39.279551613226104,38.48223086050157,38.546382904052734,4940900,0.0,0.0,0.0
2022-04-22 00:00:00-04:00,38.390578672999126,38.390578672999126,37.50160973724138,37.53826904296875,2808000,0.0,0.0,0.0
2022-04-25 00:00:00-04:00,37.33665354533284,37.65741376210429,36.76844473844603,37.59326171875,4938200,0.0,0.0,0.0
2022-04-26 00:00:00-04:00,37.33665257563662,37.52910870070108,36.82343274610732,36.83259582519531,5372600,0.0,0.0,0.0
2022-04-27 00:00:00-04:00,36.91507717580537,37.29999291835813,36.73178762756734,36.933406829833984,5671700,0.0,0.0,0.0
2022-04-28 00:00:00-04:00,37.144186705553224,37.62074714650772,36.814259977506,37.4924430847168,2971700,0.0,0.0,0.0
2022-04-29 00:00:00-04:00,37.28166169657575,37.364143388224,36.31021105005466,36.38352966308594,3398800,0.0,0.0,0.0
2022-05-02 00:00:00-04:00,36.45684478009333,36.64930439128849,35.70534647664218,36.38352966308594,5419400,0.0,0.0,0.0
2022-05-03 00:00:00-04:00,36.47517741638059,36.850926598835855,36.31021401959299,36.57598876953125,4508300,0.0,0.0,0.0
2022-05-04 00:00:00-04:00,36.658470306413555,37.62075445275208,36.539329299030946,37.59326171875,4041300,0.0,0.0,0.0
2022-05-05 00:00:00-04:00,37.327486600214044,37.38247556369764,36.365202463407975,36.68596267700195,4249700,0.0,0.0,0.0
2022-05-06 00:00:00-04:00,36.55765526953751,36.7042889961449,36.090261358483914,36.59431457519531,5685900,0.0,0.0,0.0
2022-05-09 00:00:00-04:00,36.12692096161604,36.21856923538404,35.53122291423283,35.65036392211914,4774000,0.0,0.0,0.0
2022-05-10 00:00:00-04:00,36.044443147677896,36.145251005872744,35.201296500047384,35.53122329711914,7171000,0.0,0.0,0.0
2022-05-11 00:00:00-04:00,35.56787947047202,36.15441439308754,35.3021047411544,35.32959747314453,4700000,0.0,0.0,0.0
2022-05-12 00:00:00-04:00,35.21962671289665,35.494564549470205,34.834710944874246,35.40291976928711,6610600,0.0,0.0,0.0
2022-05-13 00:00:00-04:00,35.659525648456075,36.0352748165874,35.59537360726468,35.95279312133789,4538600,0.0,0.0,0.0
2022-05-16 00:00:00-04:00,35.89781152429607,36.26439768862262,35.72368501905458,35.99862289428711,2132900,0.0,0.0,0.0
2022-05-17 00:00:00-04:00,36.41103314541377,36.57599657741614,36.209410396071995,36.56683349609375,2180900,0.0,0.0,0.0
2022-05-18 00:00:00-04:00,36.32855250355824,36.33771908117659,35.2562936598637,35.38459777832031,2863200,0.0,0.0,0.0
2022-05-19 00:00:00-04:00,35.03633467276548,35.47623592324774,34.85304161105844,35.11881637573242,2789800,0.0,0.0,0.0
2022-05-20 00:00:00-04:00,35.357094319960815,35.430409438558925,34.49561807827123,35.164634704589844,4091900,0.0,0.0,0.0
2022-05-23 00:00:00-04:00,35.522055749593484,35.916134580198346,35.37542201002126,35.7969970703125,3275100,0.0,0.0,0.0
2022-05-24 00:00:00-04:00,35.604540570079294,35.9619636191648,35.23795793700165,35.89780807495117,2559600,0.0,0.0,0.0
2022-05-25 00:00:00-04:00,35.77866219459662,36.24605607876762,35.75116596892284,36.15441131591797,1865900,0.0,0.0,0.0
2022-05-26 00:00:00-04:00,36.346872842748056,36.805103717465514,36.346872842748056,36.667633056640625,1452600,0.0,0.0,0.0
2022-05-27 00:00:00-04:00,36.78676789694192,37.29082107543945,36.75010859406338,37.29082107543945,2649600,0.0,0.0,0.0
2022-05-31 00:00:00-04:00,37.015892099683455,37.263337208930146,36.80510630203428,36.97923278808594,3116900,0.0,0.0,0.0
2022-06-01 00:00:00-04:00,37.135030506625945,37.180852894892865,36.411024885526565,36.667633056640625,2339900,0.0,0.0,0.0
2022-06-02 00:00:00-04:00,36.72262037117961,37.13502883911133,36.374363943145724,37.13502883911133,4113100,0.0,0.0,0.0
2022-06-03 00:00:00-04:00,36.85092586632335,37.01588925983185,36.73178835680819,36.79594039916992,1575700,0.0,0.0,0.0
2022-06-06 00:00:00-04:00,37.04338171357825,37.171689293356586,36.786773546069746,36.86009216308594,1743700,0.0,0.0,0.0
2022-06-07 00:00:00-04:00,36.59431584686071,37.263332466256955,36.59431584686071,37.208343505859375,1283400,0.0,0.0,0.0
2022-06-08 00:00:00-04:00,37.03422264742299,37.13503400873194,36.70429582714804,36.76844787597656,2031200,0.0,0.0,0.0
2022-06-09 00:00:00-04:00,36.64012366405357,36.75926461619813,35.97110731066455,35.98027038574219,1344100,0.0,0.0,0.0
2022-06-10 00:00:00-04:00,35.476235780456996,35.54038782739259,35.16463862561651,35.192134857177734,4023800,0.0,0.0,0.0
2022-06-13 00:00:00-04:00,34.42230383615826,34.56893757311214,33.83576539231867,33.9915657043457,6209000,0.0,0.0,0.0
2022-06-14 00:00:00-04:00,34.156530219292236,34.24817499689483,33.47834697855088,33.73495864868164,4638900,0.0,0.0,0.0
2022-06-15 00:00:00-04:00,34.009899352611036,34.35815582978498,33.45085707231258,33.98240661621094,3565500,0.0,0.0,0.0
2022-06-16 00:00:00-04:00,33.30421943623891,33.33171216943449,32.818495837655355,33.02928161621094,3632000,0.0,0.0,0.0
2022-06-17 00:00:00-04:00,33.03844504153124,33.2767270518038,32.64436621348547,32.928470611572266,19170700,0.0,0.0,0.0
2022-06-21 00:00:00-04:00,33.39139067518128,33.79714305823864,33.33606336313448,33.67726135253906,3895300,0.222,0.0,0.0
2022-06-22 00:00:00-04:00,33.271506394347526,33.907794990676784,33.21617557467435,33.5758171081543,7122600,0.0,0.0,0.0
2022-06-23 00:00:00-04:00,33.72336959838867,33.84325130757162,33.32684076765655,33.72336959838867,3929500,0.0,0.0,0.0
2022-06-24 00:00:00-04:00,34.000014630207126,34.64552688598633,33.94468731995326,34.64552688598633,3301000,0.0,0.0,0.0
2022-06-27 00:00:00-04:00,34.719313163882646,34.82997133988763,34.516436909740186,34.654762268066406,3802000,0.0,0.0,0.0
2022-06-28 00:00:00-04:00,34.87606573799678,35.1342692258898,34.22133345497736,34.25822067260742,22401400,0.0,0.0,0.0
2022-06-29 00:00:00-04:00,34.33199592466994,34.36888314695717,33.98157434845955,34.110679626464844,4306400,0.0,0.0,0.0
2022-06-30 00:00:00-04:00,33.732594528538556,34.17523064449403,33.60348925001229,33.95391082763672,2814800,0.0,0.0,0.0
2022-07-01 00:00:00-04:00,33.89857803815224,34.43343217933867,33.69570536197716,34.37810134887695,2792100,0.0,0.0,0.0
2022-07-05 00:00:00-04:00,33.90780974798203,34.0645751953125,33.400622659061376,34.0645751953125,3036100,0.0,0.0,0.0
2022-07-06 00:00:00-04:00,34.073787689208984,34.29510395678938,33.79714059585416,34.073787689208984,3520100,0.0,0.0,0.0
2022-07-07 00:00:00-04:00,34.29511193395044,34.49798815788772,34.23056104774484,34.424217224121094,1550800,0.0,0.0,0.0
2022-07-08 00:00:00-04:00,34.433431649843506,34.53486974525067,34.22133541297349,34.35043716430664,1680400,0.0,0.0,0.0
2022-07-11 00:00:00-04:00,34.175231110409996,34.304332872937174,34.06456944159309,34.14756393432617,1605400,0.0,0.0,0.0
2022-07-12 00:00:00-04:00,33.98157157180034,34.34121668307523,33.86169338580088,33.99079513549805,1687100,0.0,0.0,0.0
2022-07-13 00:00:00-04:00,33.594261678349504,34.02767765049269,33.50204716067402,33.78791427612305,1850100,0.0,0.0,0.0
2022-07-14 00:00:00-04:00,33.28994558045528,33.585036241860635,33.10551655539556,33.5389289855957,2477900,0.0,0.0,0.0
2022-07-15 00:00:00-04:00,33.96313953894529,34.193679437468376,33.77870691657489,34.18445587158203,1857800,0.0,0.0,0.0
2022-07-18 00:00:00-04:00,34.43343416602827,34.48876499968238,33.85247272481708,33.95391082763672,1634700,0.0,0.0,0.0
2022-07-19 00:00:00-04:00,34.230560605487966,34.802302044149904,34.230560605487966,34.75619125366211,2361100,0.0,0.0,0.0
2022-07-20 00:00:00-04:00,34.73774711639445,34.85762883788525,34.544094463204274,34.7285270690918,2625700,0.0,0.0,0.0
2022-07-21 00:00:00-04:00,34.5533179575608,34.89451599121094,34.39654901166142,34.89451599121094,1924900,0.0,0.0,0.0
2022-07-22 00:00:00-04:00,34.949840665080664,35.069718847427275,34.57175547344878,34.79307174682617,6626300,0.0,0.0,0.0
2022-07-25 00:00:00-04:00,34.85762735461244,35.051279999562254,34.756189249802766,35.00517272949219,2504100,0.0,0.0,0.0
2022-07-26 00:00:00-04:00,34.903734612616795,34.96828549424441,34.74696919088091,34.82996368408203,1087400,0.0,0.0,0.0
2022-07-27 00:00:00-04:00,34.949844394637516,35.42936421071181,34.83918272838119,35.300262451171875,1465200,0.0,0.0,0.0
2022-07-28 00:00:00-04:00,35.32792669906652,35.71523194559118,35.08816329313894,35.6783447265625,2437000,0.0,0.0,0.0
2022-07-29 00:00:00-04:00,35.65989960495964,36.019544698600974,35.604572296521496,35.945770263671875,1803300,0.0,0.0,0.0
2022-08-01 00:00:00-04:00,35.72445591367565,35.954995758576665,35.65068147478306,35.86277770996094,4902600,0.0,0.0,0.0
2022-08-02 00:00:00-04:00,35.79823265830337,35.99188531526063,35.59535643610466,35.613800048828125,2421000,0.0,0.0,0.0
2022-08-03 00:00:00-04:00,35.80745510424142,36.001107755145306,35.632242547725156,35.8996696472168,3625200,0.0,0.0,0.0
2022-08-04 00:00:00-04:00,35.862782041666,35.89966926556774,35.67834943991663,35.71523666381836,2078200,0.0,0.0,0.0
2022-08-05 00:00:00-04:00,35.4939216934866,35.79823250774539,35.4385908555489,35.77056884765625,927500,0.0,0.0,0.0
2022-08-08 00:00:00-04:00,35.93655499261619,36.09332041102992,35.779786056443314,35.816673278808594,2422700,0.0,0.0,0.0
2022-08-09 00:00:00-04:00,35.890444205780014,35.93655499261619,35.72445874065453,35.816673278808594,1361700,0.0,0.0,0.0
2022-08-10 00:00:00-04:00,36.27775723215745,36.379195346601904,36.18554268325861,36.35152816772461,1837600,0.0,0.0,0.0
2022-08-11 00:00:00-04:00,36.582060256994495,36.81260009784097,36.46218207254067,36.5082893371582,2922200,0.0,0.0,0.0
2022-08-12 00:00:00-04:00,36.61894401716518,37.033916395046816,36.58205680185159,37.024696350097656,4468900,0.0,0.0,0.0
2022-08-15 00:00:00-04:00,36.784938778637176,37.15380395451971,36.72961146468611,37.126136779785156,1872200,0.0,0.0,0.0
2022-08-16 00:00:00-04:00,37.02470585534454,37.42123472736912,37.02470585534454,37.28290939331055,2076500,0.0,0.0,0.0
2022-08-17 00:00:00-04:00,36.978597152636596,37.23680422293573,36.89560265106894,37.043148040771484,1175500,0.0,0.0,0.0
2022-08-18 00:00:00-04:00,37.10769796000194,37.20913254497841,36.987816246063566,37.17224884033203,928600,0.0,0.0,0.0
2022-08-19 00:00:00-04:00,37.03392408987944,37.03392408987944,36.78494061141718,36.85871505737305,947600,0.0,0.0,0.0
2022-08-22 00:00:00-04:00,36.5082947137744,36.51751476095223,36.14865307193049,36.240867614746094,1035500,0.0,0.0,0.0
2022-08-23 00:00:00-04:00,36.24086573767703,36.397634673655006,36.11176397731818,36.15787124633789,2082100,0.0,0.0,0.0
2022-08-24 00:00:00-04:00,36.157874461465944,36.360750684503216,36.08410352802658,36.296199798583984,868800,0.0,0.0,0.0
2022-08-25 00:00:00-04:00,36.39763583235517,36.72039024352701,36.2961977266271,36.7111701965332,1974300,0.0,0.0,0.0
2022-08-26 00:00:00-04:00,36.73883426165607,36.757277873606945,35.696793051867495,35.71523666381836,1308200,0.0,0.0,0.0
2022-08-29 00:00:00-04:00,35.521581248552664,35.853559202295244,35.42936319598027,35.59535217285156,1963600,0.0,0.0,0.0
2022-08-30 00:00:00-04:00,35.64146532986823,35.64146532986823,35.06972391914848,35.18038558959961,2014700,0.0,0.0,0.0
2022-08-31 00:00:00-04:00,35.226494883067225,35.374040267716076,34.93140411376953,34.93140411376953,2081800,0.0,0.0,0.0
2022-09-01 00:00:00-04:00,34.74696638862184,35.078944334653094,34.57175736944266,35.05127716064453,2966200,0.0,0.0,0.0
2022-09-02 00:00:00-04:00,35.41093153168097,35.50314608844312,34.61787367959106,34.77463912963867,1920700,0.0,0.0,0.0
2022-09-06 00:00:00-04:00,34.876066726067556,34.922173990532045,34.516425138382246,34.64552688598633,3056400,0.0,0.0,0.0
2022-09-07 00:00:00-04:00,34.580981477647924,35.27260110720088,34.55331781814879,35.22649383544922,1818400,0.0,0.0,0.0
2022-09-08 00:00:00-04:00,35.04205835226123,35.466250845947485,34.93140020559505,35.4385871887207,1631100,0.0,0.0,0.0
2022-09-09 00:00:00-04:00,35.669121741244844,35.96421243363863,35.60457087214361,35.88121795654297,1095000,0.0,0.0,0.0
2022-09-12 00:00:00-04:00,36.09332887188733,36.314648740200816,36.04722159200201,36.194766998291016,1754500,0.0,0.0,0.0
2022-09-13 00:00:00-04:00,35.5861361584947,35.696794316360474,34.82074206533787,34.92218017578125,2051700,0.0,0.0,0.0
2022-09-14 00:00:00-04:00,35.014400482177734,35.134278695146506,34.74697335892191,35.014400482177734,2152500,0.0,0.0,0.0
2022-09-15 00:00:00-04:00,34.959060177949425,35.14349274812558,34.69163312708192,34.76540756225586,1974400,0.0,0.0,0.0
2022-09-16 00:00:00-04:00,34.43343488174854,34.57176020987943,34.258225848174064,34.488765716552734,3676500,0.0,0.0,0.0
2022-09-19 00:00:00-04:00,34.212326170607746,34.73181691286581,34.212326170607746,34.72254180908203,1996500,0.222,0.0,0.0
2022-09-20 00:00:00-04:00,34.434952106740184,34.47205958653666,34.06388792506765,34.28652572631836,2006300,0.0,0.0,0.0
2022-09-21 00:00:00-04:00,34.47206124350658,34.65759511264294,33.72992930572536,33.73920440673828,2508200,0.0,0.0,0.0
2022-09-22 00:00:00-04:00,33.748487883194485,33.77631672898577,33.4701888089875,33.488739013671875,3961300,0.0,0.0,0.0
2022-09-23 00:00:00-04:00,33.11767907472671,33.14550792414284,32.468312124483994,32.87648391723633,5405400,0.0,0.0,0.0
2022-09-26 00:00:00-04:00,32.72804706721329,32.895027188067566,32.282767924523235,32.43119430541992,3729600,0.0,0.0,0.0
2022-09-27 00:00:00-04:00,32.72805672730773,32.85792940658037,32.07869333094457,32.273502349853516,4738400,0.0,0.0,0.0
2022-09-28 00:00:00-04:00,32.47758404172569,33.089843440169275,32.31988252548583,32.92286682128906,3804200,0.0,0.0,0.0
2022-09-29 00:00:00-04:00,32.709497807888795,32.728051550387924,32.19928227483853,32.40336990356445,3311600,0.0,0.0,0.0
2022-09-30 00:00:00-04:00,32.39409615650219,32.60746245809183,31.958095527584618,31.995203018188477,2652100,0.0,0.0,0.0
2022-10-03 00:00:00-04:00,32.394092451831185,33.02490556489507,32.25494468612762,32.85792541503906,3474400,0.0,0.0,0.0
2022-10-04 00:00:00-04:00,33.30320571924514,33.850528717041016,33.266098235619964,33.850528717041016,4029400,0.0,0.0,0.0
2022-10-05 00:00:00-04:00,33.49801285399597,33.9432920166647,33.33103272564966,33.73920440673828,2815400,0.0,0.0,0.0
2022-10-06 00:00:00-04:00,33.627887460800025,33.80414270043248,33.26609834121717,33.31248092651367,2052300,0.0,0.0,0.0
2022-10-07 00:00:00-04:00,33.05274439062676,33.1269558390453,32.48686749902826,32.672401428222656,1907500,0.0,0.0,0.0
2022-10-10 00:00:00-04:00,32.78370956941783,32.85792099338692,32.3198766686274,32.496131896972656,2555300,0.0,0.0,0.0
2022-10-11 00:00:00-04:00,32.35699336287875,32.81154775336897,32.22712067988154,32.41265106201172,2752900,0.0,0.0,0.0
2022-10-12 00:00:00-04:00,32.468311368762464,32.58890894470067,32.264223707753985,32.273502349853516,1903700,0.0,0.0,0.0
2022-10-13 00:00:00-04:00,31.772559719485837,33.28465625319436,31.6983447427018,33.164058685302734,3844200,0.0,0.0,0.0
2022-10-14 00:00:00-04:00,33.386704808559735,33.55368145245855,32.542528791208774,32.59818649291992,5622100,0.0,0.0,0.0
2022-10-17 00:00:00-04:00,33.08984272758353,33.35886670230326,33.062013881496924,33.21971893310547,2435400,0.0,0.0,0.0
2022-10-18 00:00:00-04:00,33.80414616851509,33.87836114361498,33.33103808792999,33.65571975708008,3569500,0.0,0.0,0.0
2022-10-19 00:00:00-04:00,33.47019770672381,33.71138935815112,33.21044876814939,33.43309020996094,2295200,0.0,0.0,0.0
2022-10-20 00:00:00-04:00,33.47018920384522,33.73920964011901,33.07129256189558,33.145503997802734,1806100,0.0,0.0,0.0
2022-10-21 00:00:00-04:00,33.16405566160631,33.95257025483799,33.034183002840116,33.91546630859375,2235100,0.0,0.0,0.0
2022-10-24 00:00:00-04:00,34.10100039207014,34.40713186878427,33.97112771907564,34.30508804321289,3837100,0.0,0.0,0.0
2022-10-25 00:00:00-04:00,34.27726251339,34.759649301747686,34.22160127439152,34.72254180908203,2818700,0.0,0.0,0.0
2022-10-26 00:00:00-04:00,34.83385781499079,35.242033122410426,34.80602896721763,34.9359016418457,3361400,0.0,0.0,0.0
2022-10-27 00:00:00-04:00,35.15854366565419,35.409010377597426,34.99156349851535,35.02866744995117,2912300,0.0,0.0,0.0
2022-10-28 00:00:00-04:00,35.149265076873554,35.82646084962067,35.102882483434854,35.80790710449219,2286400,0.0,0.0,0.0
2022-10-31 00:00:00-04:00,35.63164363064308,35.86356008320878,35.55743220597946,35.64091873168945,4131700,0.0,0.0,0.0
2022-11-01 00:00:00-04:00,35.919225746373606,35.97488343706107,35.5110504745873,35.68730926513672,18780800,0.0,0.0,0.0
2022-11-02 00:00:00-04:00,35.62236696584182,36.095474951251035,35.05649028022017,35.065765380859375,7146000,0.0,0.0,0.0
2022-11-03 00:00:00-04:00,34.741087272726695,35.14925897844008,34.61121461812536,34.94517135620117,3857100,0.0,0.0,0.0
2022-11-04 00:00:00-04:00,35.39973162668448,35.62237300618266,34.908069817863684,35.41828536987305,3919800,0.0,0.0,0.0
2022-11-07 00:00:00-05:00,35.53888509034985,35.76152294460953,35.3811800330481,35.69658660888672,3084700,0.0,0.0,0.0
2022-11-08 00:00:00-05:00,35.77079264422286,36.12330308180815,35.57598014698845,35.900665283203125,2679300,0.0,0.0,0.0
2022-11-09 00:00:00-05:00,35.69658610861322,35.83573741964903,35.22347802086816,35.260581970214844,2181200,0.0,0.0,0.0
2022-11-10 00:00:00-05:00,36.243909410607024,36.67063491039754,36.030546660711764,36.62425231933594,2700700,0.0,0.0,0.0
2022-11-11 00:00:00-05:00,36.75412144580617,36.83761151717248,36.466547285694595,36.74484634399414,3330900,0.0,0.0,0.0
2022-11-14 00:00:00-05:00,36.68918707769515,36.99531853532112,36.49437808035029,36.51293182373047,4450400,0.0,0.0,0.0
2022-11-15 00:00:00-05:00,36.91182553684083,37.023144449543075,36.401610019960756,36.72629165649414,2965600,0.0,0.0,0.0
2022-11-16 00:00:00-05:00,36.67991134385641,36.73556903427397,36.475823708952944,36.5407600402832,2166700,0.0,0.0,0.0
2022-11-17 00:00:00-05:00,36.14186785518319,36.457274448467004,36.07693151586874,36.438720703125,2030500,0.0,0.0,0.0
2022-11-18 00:00:00-05:00,36.71701879596524,36.8190590745578,36.51293116125083,36.73556900024414,1431100,0.0,0.0,0.0
2022-11-21 00:00:00-05:00,36.652082687570854,36.856170343230986,36.559317501597164,36.80978775024414,1475200,0.0,0.0,0.0
2022-11-22 00:00:00-05:00,36.98604037026638,37.273618088213354,36.92110403698235,37.264339447021484,2505200,0.0,0.0,0.0
2022-11-23 00:00:00-05:00,37.162299438839796,37.403491030132514,37.15302079757962,37.38493728637695,1950600,0.0,0.0,0.0
2022-11-25 00:00:00-05:00,37.403497974608236,37.5240955620276,37.3942228703908,37.48698806762695,589900,0.0,0.0,0.0
2022-11-28 00:00:00-05:00,37.20867795430995,37.32927550613267,36.88399278228947,36.94893264770508,1839800,0.0,0.0,0.0
2022-11-29 00:00:00-05:00,36.93965307609139,37.10663320863138,36.837609268565366,37.05097198486328,1430500,0.0,0.0,0.0
2022-11-30 00:00:00-05:00,37.0324246944133,37.77456031887254,36.76340424624999,37.765281677246094,2085400,0.0,0.0,0.0
2022-12-01 00:00:00-05:00,37.91370394615792,37.96936517353182,37.55191481513895,37.718894958496094,3160200,0.0,0.0,0.0
2022-12-02 00:00:00-05:00,37.32928675010282,37.78384117357787,37.29217925547798,37.728179931640625,4291600,0.0,0.0,0.0
2022-12-05 00:00:00-05:00,37.47769997049836,37.50552881226831,36.98603468705587,37.106632232666016,3499800,0.0,0.0,0.0
2022-12-06 00:00:00-05:00,37.06952929749876,37.18085175576006,36.52220626339028,36.73556900024414,14965800,0.0,0.0,0.0
2022-12-07 00:00:00-05:00,36.67990588494468,36.93037607084127,36.63352330357808,36.69845962524414,4778700,0.0,0.0,0.0
2022-12-08 00:00:00-05:00,36.90255643225234,37.023154016455194,36.78196238681484,36.884002685546875,2051600,0.0,0.0,0.0
2022-12-09 00:00:00-05:00,36.809786222347206,36.95821263700325,36.60569857515832,36.62425231933594,1808200,0.0,0.0,0.0
2022-12-12 00:00:00-05:00,36.71702215043308,37.16230140786508,36.633532068491775,37.15302276611328,1835200,0.0,0.0,0.0
2022-12-13 00:00:00-05:00,37.97863680604063,37.97863680604063,37.07880338099835,37.30144119262695,10181100,0.0,0.0,0.0
2022-12-14 00:00:00-05:00,37.28288746181606,37.57974023657625,36.89326952197989,37.106632232666016,6672100,0.0,0.0,0.0
2022-12-15 00:00:00-05:00,36.70774149386936,36.79123157122807,36.22535477343733,36.410888671875,2410100,0.0,0.0,0.0
2022-12-16 00:00:00-05:00,36.04909133911133,36.15113513704336,35.76151368482686,36.04909133911133,2594400,0.0,0.0,0.0
2022-12-19 00:00:00-05:00,35.93522148058071,36.10323059312782,35.55253484879478,35.73921203613281,3657400,0.238,0.0,0.0
2022-12-20 00:00:00-05:00,35.711213140690916,35.97256266376299,35.59920823684386,35.83255386352539,3760800,0.0,0.0,0.0
2022-12-21 00:00:00-05:00,36.12191279146414,36.47659923003048,36.08457662728398,36.38325881958008,2988900,0.0,0.0,0.0
2022-12-22 00:00:00-05:00,36.10323234381945,36.10323234381945,35.39385970965077,35.98189163208008,2975800,0.0,0.0,0.0
2022-12-23 00:00:00-05:00,35.89788799822734,36.22457399048461,35.75788276774976,36.20590591430664,3539700,0.0,0.0,0.0
2022-12-27 00:00:00-05:00,36.24324206666258,36.35524696315893,35.981892560742466,36.20590591430664,2911700,0.0,0.0,0.0
2022-12-28 00:00:00-05:00,36.233912950085085,36.364585946928585,35.795221980191506,35.80455780029297,2898200,0.0,0.0,0.0
2022-12-29 00:00:00-05:00,36.01923315172358,36.495256690921735,35.9912328142919,36.4299201965332,2887600,0.0,0.0,0.0
2022-12-30 00:00:00-05:00,36.196567481028836,36.317908187134044,35.9632218865187,36.29924011230469,3367300,0.0,0.0,0.0
2023-01-03 00:00:00-05:00,36.60725683993497,36.812598535373894,36.15923374001673,36.48591613769531,5320100,0.0,0.0,0.0
2023-01-04 00:00:00-05:00,36.77526759022538,37.1206180775654,36.569922325042604,36.93394088745117,4239600,0.0,0.0,0.0
2023-01-05 00:00:00-05:00,36.73793681367932,36.74726907229298,36.42991887085192,36.541927337646484,3076600,0.0,0.0,0.0
2023-01-06 00:00:00-05:00,36.84994169696251,37.50331017723699,36.597927987689275,37.3819694519043,2980900,0.0,0.0,0.0
2023-01-09 00:00:00-05:00,37.559314410599406,37.85799653405544,37.36330137411682,37.3819694519043,3655300,0.0,0.0,0.0
2023-01-10 00:00:00-05:00,37.31663170926807,37.67131805419922,37.24196296119247,37.67131805419922,2831500,0.0,0.0,0.0
2023-01-11 00:00:00-05:00,37.79266079660625,38.09134292602539,37.72732074275971,38.09134292602539,2963600,0.0,0.0,0.0
2023-01-12 00:00:00-05:00,38.23134336827693,38.399352490039306,37.88599286713045,38.2500114440918,4281900,0.0,0.0,0.0
2023-01-13 00:00:00-05:00,37.93266706667928,38.44602676795081,37.86733057163955,38.3900260925293,2394200,0.0,0.0,0.0
2023-01-17 00:00:00-05:00,38.380692741006996,38.44602924024823,38.1473470835534,38.19401550292969,3291900,0.0,0.0,0.0
2023-01-18 00:00:00-05:00,38.28734982098321,38.32468597478291,37.503308394047416,37.521976470947266,3079500,0.0,0.0,0.0
2023-01-19 00:00:00-05:00,37.325975784818624,37.38197646812004,37.027290044730556,37.15796661376953,3290800,0.0,0.0,0.0
2023-01-20 00:00:00-05:00,37.279300288513305,37.82066391323101,37.10195887381549,37.79266357421875,1973300,0.0,0.0,0.0
2023-01-23 00:00:00-05:00,37.86732250724819,38.42735050562895,37.77398569437513,38.24067687988281,4565600,0.0,0.0,0.0
2023-01-24 00:00:00-05:00,38.11000792123544,38.315349643242364,37.91399489669619,38.212677001953125,2194200,0.0,0.0,0.0
2023-01-25 00:00:00-05:00,37.820651371501434,38.29667477971594,37.65264227199727,38.259342193603516,2462100,0.0,0.0,0.0
2023-01-26 00:00:00-05:00,38.408689971852,38.59536361694336,38.16600853631876,38.59536361694336,6768700,0.0,0.0,0.0
2023-01-27 00:00:00-05:00,38.464693781294585,38.88471663818266,38.464693781294585,38.651371002197266,2977800,0.0,0.0,0.0
2023-01-30 00:00:00-05:00,38.40868276653679,38.66069285224835,38.25934174213656,38.2873420715332,2142800,0.0,0.0,0.0
2023-01-31 00:00:00-05:00,38.30602051673478,38.84738054155503,38.287352438558656,38.828712463378906,3849400,0.0,0.0,0.0
2023-02-01 00:00:00-05:00,38.716706230776104,39.49141542601681,38.474028343929795,39.220733642578125,4495700,0.0,0.0,0.0
2023-02-02 00:00:00-05:00,39.678091092763154,40.11678203572002,39.5007496880179,39.920772552490234,4511900,0.0,0.0,0.0
2023-02-03 00:00:00-05:00,39.444746747023196,39.73409663217127,39.23006917826379,39.351409912109375,7700400,0.0,0.0,0.0
2023-02-06 00:00:00-05:00,39.12738720084564,39.174059167754294,38.91270968323628,39.10872268676758,2329300,0.0,0.0,0.0
2023-02-07 00:00:00-05:00,38.97805011546045,39.584750141062926,38.8007087291723,39.463409423828125,2690000,0.0,0.0,0.0
2023-02-08 00:00:00-05:00,39.276734572152975,39.416739801053986,39.034053145143616,39.090057373046875,1754200,0.0,0.0,0.0
2023-02-09 00:00:00-05:00,39.40741321489322,39.44474581163023,38.54869939964713,38.670040130615234,1757100,0.0,0.0,0.0
2023-02-10 00:00:00-05:00,38.52069794355344,38.77271165721403,38.43669337233324,38.75404357910156,2224200,0.0,0.0,0.0
2023-02-13 00:00:00-05:00,38.828712175311914,39.248735029729,38.782043760503754,39.239402770996094,1476900,0.0,0.0,0.0
2023-02-14 00:00:00-05:00,39.118057847522564,39.44474027670561,38.82870800983798,39.16472625732422,2024800,0.0,0.0,0.0
2023-02-15 00:00:00-05:00,38.90338357893571,39.30473834594217,38.87538324281908,39.29540252685547,1632000,0.0,0.0,0.0
2023-02-16 00:00:00-05:00,38.85671636092901,39.21139916455986,38.75404371124625,38.828712463378906,2275800,0.0,0.0,0.0
2023-02-17 00:00:00-05:00,38.5953649900065,38.828710615243715,38.474027828494755,38.791378021240234,1563400,0.0,0.0,0.0
2023-02-21 00:00:00-05:00,38.408692144743235,38.46469281721014,37.904664729110564,37.970001220703125,2840400,0.0,0.0,0.0
2023-02-22 00:00:00-05:00,38.035338837499445,38.138011487488484,37.75532478516596,37.8859977722168,1622400,0.0,0.0,0.0
2023-02-23 00:00:00-05:00,38.08200949002238,38.16601406671468,37.596650109197085,37.99800491333008,1735300,0.0,0.0,0.0
2023-02-24 00:00:00-05:00,37.521976997476365,37.74598680227482,37.400636276210406,37.67131805419922,1435100,0.0,0.0,0.0
2023-02-27 00:00:00-05:00,38.01667023745488,38.13801096401022,37.64331935965877,37.736656188964844,1569600,0.0,0.0,0.0
2023-02-28 00:00:00-05:00,37.717986466817926,37.92333175502622,37.66198223533249,37.67131805419922,1541700,0.0,0.0,0.0
2023-03-01 00:00:00-05:00,37.57798373204813,37.68065639271974,37.38197423107809,37.50331497192383,2101200,0.0,0.0,0.0
2023-03-02 00:00:00-05:00,37.37264068617434,37.86733233177547,37.32597226762987,37.79266357421875,1441800,0.0,0.0,0.0
2023-03-03 00:00:00-05:00,38.007337887213495,38.418024919971636,37.91399749756042,38.399356842041016,1609100,0.0,0.0,0.0
2023-03-06 00:00:00-05:00,38.483354876429225,38.64203173160387,38.2780096146401,38.315345764160156,1437200,0.0,0.0,0.0
2023-03-07 00:00:00-05:00,38.287350358252446,38.343354589737885,37.6059815644187,37.67131805419922,13479200,0.0,0.0,0.0
2023-03-08 00:00:00-05:00,37.67132475857288,37.79266550143388,37.50331559478759,37.727325439453125,1547200,0.0,0.0,0.0
2023-03-09 00:00:00-05:00,37.76465218689794,37.89532515714228,36.83126975878536,36.92461013793945,2042900,0.0,0.0,0.0
2023-03-10 00:00:00-05:00,36.84994399189894,37.073957378727926,36.177907391983965,36.37392044067383,3125000,0.0,0.0,0.0
2023-03-13 00:00:00-04:00,35.91655234090182,36.5885887711651,35.71120708486114,36.10322952270508,4898600,0.0,0.0,0.0
2023-03-14 00:00:00-04:00,36.74726808336609,36.905944960102254,36.28991265159763,36.700599670410156,4183300,0.0,0.0,0.0
2023-03-15 00:00:00-04:00,36.11257043939333,36.401920318603516,35.869892537254294,36.401920318603516,5332500,0.0,0.0,0.0
2023-03-16 00:00:00-04:00,36.168568198306495,37.036614119911555,36.08456363942306,36.98060989379883,5297300,0.0,0.0,0.0
2023-03-17 00:00:00-04:00,36.79394594384407,36.81261402593415,36.25258580552211,36.38325881958008,2702600,0.0,0.0,0.0
2023-03-20 00:00:00-04:00,36.51170719387556,36.81175176428131,36.474204305184905,36.708614349365234,2674600,0.177,0.0,0.0
2023-03-21 00:00:00-04:00,37.12117730875544,37.214939902191844,36.9242737164508,37.15868377685547,28136800,0.0,0.0,0.0
2023-03-22 00:00:00-04:00,37.13054695754059,37.393088620801684,36.40856721980879,36.41794204711914,3875800,0.0,0.0,0.0
2023-03-23 00:00:00-04:00,36.67109975323536,37.01802554019496,36.164773311632075,36.40856170654297,2584000,0.0,0.0,0.0
2023-03-24 00:00:00-04:00,36.26791663881877,36.717983423905345,36.0616346876826,36.6992301940918,2436000,0.0,0.0,0.0
2023-03-27 00:00:00-04:00,36.97114846153385,37.06491103835464,36.77424490412237,36.88676071166992,1872200,0.0,0.0,0.0
2023-03-28 00:00:00-04:00,36.81175328977158,36.9805288147206,36.69923746541009,36.896141052246094,1919500,0.0,0.0,0.0
2023-03-29 00:00:00-04:00,37.26181929617908,37.477476090820275,37.196181198249626,37.46809768676758,2712200,0.0,0.0,0.0
2023-03-30 00:00:00-04:00,37.768145723455284,37.786898956480265,37.48685438170748,37.66500473022461,1669200,0.0,0.0,0.0
2023-03-31 00:00:00-04:00,37.79628127874203,38.19946688853309,37.79628127874203,38.18071365356445,2421600,0.0,0.0,0.0
2023-04-03 00:00:00-04:00,38.12444234418866,38.32134588620428,38.021301371662545,38.19945526123047,1911400,0.0,0.0,0.0
2023-04-04 00:00:00-04:00,38.227591671750865,38.27447296674202,37.7868996298443,37.96505355834961,1831700,0.0,0.0,0.0
2023-04-05 00:00:00-04:00,37.871280670166016,37.99317487696007,37.73063681015402,37.871280670166016,1803800,0.0,0.0,0.0
2023-04-06 00:00:00-04:00,37.786899032168904,38.01193425210598,37.721264504856734,38.00255584716797,6841700,0.0,0.0,0.0
2023-04-10 00:00:00-04:00,37.81502766976558,38.10569381713867,37.740014743467235,38.10569381713867,1586500,0.0,0.0,0.0
2023-04-11 00:00:00-04:00,38.14320718362718,38.321357550608454,38.11507911958115,38.18071365356445,1652500,0.0,0.0,0.0
2023-04-12 00:00:00-04:00,38.42449446581424,38.43387287070753,37.96505277681988,38.02130889892578,3210300,0.0,0.0,0.0
2023-04-13 00:00:00-04:00,38.09632154767179,38.4432474130624,37.9744273226592,38.396366119384766,1870400,0.0,0.0,0.0
2023-04-14 00:00:00-04:00,38.38698443909143,38.63077286831473,38.143199586681256,38.34010314941406,1989000,0.0,0.0,0.0
2023-04-17 00:00:00-04:00,38.3682354597388,38.64015197753906,38.34010739817791,38.64015197753906,1271400,0.0,0.0,0.0
2023-04-18 00:00:00-04:00,38.78078972064224,38.79954294925451,38.49949844508345,38.66827392578125,1569700,0.0,0.0,0.0
2023-04-19 00:00:00-04:00,38.48074859830085,38.74328666832018,38.47137019476419,38.68702697753906,1524800,0.0,0.0,0.0
2023-04-20 00:00:00-04:00,38.40573695259722,38.59326568461527,38.302595971146644,38.41511535644531,1302800,0.0,0.0,0.0
2023-04-21 00:00:00-04:00,38.49012756347656,38.52763402803,38.28384916205933,38.49012756347656,1390600,0.0,0.0,0.0
2023-04-24 00:00:00-04:00,38.49012187150007,38.56513478951392,38.34009961228518,38.4995002746582,4335100,0.0,0.0,0.0
2023-04-25 00:00:00-04:00,38.27446617379696,38.349479093920344,37.86190584355704,37.871280670166016,1293000,0.0,0.0,0.0
2023-04-26 00:00:00-04:00,37.95567447689164,38.002555771047355,37.599370203043904,37.66500473022461,1548800,0.0,0.0,0.0
2023-04-27 00:00:00-04:00,37.97442225494587,38.537004857627295,37.92754096752458,38.50887680053711,1038800,0.0,0.0,0.0
2023-04-28 00:00:00-04:00,38.43386757931157,38.84642791748047,38.43386757931157,38.84642791748047,1479300,0.0,0.0,0.0
2023-05-01 00:00:00-04:00,38.8651839855437,38.99645303105395,38.75266817179394,38.76204299926758,2287800,0.0,0.0,0.0
2023-05-02 00:00:00-04:00,38.66827969316037,38.66827969316037,38.00255249697569,38.30259704589844,1545800,0.0,0.0,0.0
2023-05-03 00:00:00-04:00,38.340106888666845,38.546388875541375,37.974427785980886,38.00255584716797,1575700,0.0,0.0,0.0
2023-05-04 00:00:00-04:00,37.89003404401599,37.9369153308646,37.54310822916075,37.69313049316406,1985500,0.0,0.0,0.0
2023-05-05 00:00:00-04:00,38.00255098883742,38.36823004477416,37.974422931246295,38.27446746826172,1487200,0.0,0.0,0.0
2023-05-08 00:00:00-04:00,38.321348756517935,38.36823004477416,38.13382002668004,38.27446746826172,894300,0.0,0.0,0.0
2023-05-09 00:00:00-04:00,38.11507034301758,38.22758615010711,38.002550959115034,38.11507034301758,1161700,0.0,0.0,0.0
2023-05-10 00:00:00-04:00,38.4244868587304,38.471368143475146,37.843151058907374,38.19945526123047,1308400,0.0,0.0,0.0
2023-05-11 00:00:00-04:00,38.0494384765625,38.07756653609243,37.87128456137092,38.0494384765625,1127700,0.0,0.0,0.0
2023-05-12 00:00:00-04:00,38.161955197391705,38.161955197391705,37.730641582565646,37.95567321777344,1496500,0.0,0.0,0.0
2023-05-15 00:00:00-04:00,38.03068562243085,38.22758919472306,37.88066334209203,38.171329498291016,1018500,0.0,0.0,0.0
2023-05-16 00:00:00-04:00,38.040062851355444,38.11507578466666,37.78689956665039,37.78689956665039,1062200,0.0,0.0,0.0
2023-05-17 00:00:00-04:00,38.011936607208256,38.37761573255056,37.899417201861624,38.311981201171875,4228300,0.0,0.0,0.0
2023-05-18 00:00:00-04:00,38.28385127505615,38.70578650572347,38.23696640336998,38.64015197753906,1835400,0.0,0.0,0.0
2023-05-19 00:00:00-04:00,38.69640322339521,38.75266291103933,38.39635870958537,38.53700256347656,1971300,0.0,0.0,0.0
2023-05-22 00:00:00-04:00,38.565134195705,38.69640322339521,38.39635870958537,38.53700256347656,2558400,0.0,0.0,0.0
2023-05-23 00:00:00-04:00,38.42449313053761,38.5651405845417,38.12444856702134,38.13382339477539,1755400,0.0,0.0,0.0
2023-05-24 00:00:00-04:00,37.99317370673317,37.99317370673317,37.70250401542731,37.80564498901367,2343600,0.0,0.0,0.0
2023-05-25 00:00:00-04:00,37.871281444019004,37.936915962061676,37.5993649682348,37.815025329589844,2260400,0.0,0.0,0.0
2023-05-26 00:00:00-04:00,37.918170436086065,38.386990561255935,37.871289138931814,38.311981201171875,1626700,0.0,0.0,0.0
2023-05-30 00:00:00-04:00,38.49012578317844,38.546385477406396,38.19008123425569,38.30259704589844,1988200,0.0,0.0,0.0
2023-05-31 00:00:00-04:00,38.16195163123713,38.19945809253798,37.90878838267593,38.11507034301758,2024700,0.0,0.0,0.0
2023-06-01 00:00:00-04:00,38.11506889387132,38.527629222055936,37.98379628430938,38.40573501586914,2298700,0.0,0.0,0.0
2023-06-02 00:00:00-04:00,38.64952554601049,39.183980109666884,38.64014714212146,39.07146072387695,1558900,0.0,0.0,0.0
2023-06-05 00:00:00-04:00,39.08084602962938,39.12772732691477,38.902695669219405,38.987083435058594,2665700,0.0,0.0,0.0
2023-06-06 00:00:00-04:00,38.97769497228658,39.230858204481656,38.9214352839723,39.19335174560547,1706400,0.0,0.0,0.0
2023-06-07 00:00:00-04:00,39.22148835463327,39.296497705090125,39.15585025486532,39.25899124145508,1723400,0.0,0.0,0.0
2023-06-08 00:00:00-04:00,39.2214889701503,39.41839254210451,39.09959474983008,39.38088607788086,1168000,0.0,0.0,0.0
2023-06-09 00:00:00-04:00,39.39964294433594,39.53091200441407,39.27774871277183,39.39964294433594,1809700,0.0,0.0,0.0
2023-06-12 00:00:00-04:00,39.47465121860475,39.69968644171004,39.40901669036852,39.67155838012695,1365600,0.0,0.0,0.0
2023-06-13 00:00:00-04:00,39.83094452666203,40.037226459619944,39.79343807034012,39.97159194946289,3864000,0.0,0.0,0.0
2023-06-14 00:00:00-04:00,40.074743787148506,40.29040060428257,39.78407403702165,40.00910568237305,6371200,0.0,0.0,0.0
2023-06-15 00:00:00-04:00,39.94346884703524,40.6654521897241,39.94346884703524,40.57168960571289,2503800,0.0,0.0,0.0
2023-06-16 00:00:00-04:00,40.75921773007774,40.75921773007774,40.41228830552826,40.44979476928711,1714600,0.0,0.0,0.0
2023-06-20 00:00:00-04:00,40.256654363870425,40.256654363870425,39.955177245941854,40.134178161621094,2851300,0.205,0.0,0.0
2023-06-21 00:00:00-04:00,40.00229278679513,40.12476902093248,39.898659326670575,39.96460723876953,1355000,0.0,0.0,0.0
2023-06-22 00:00:00-04:00,39.889238281362125,39.94576660133824,39.76676205169298,39.9080810546875,1023200,0.0,0.0,0.0
2023-06-23 00:00:00-04:00,39.62545196291423,39.77619057586464,39.550080859493015,39.64429473876953,1314700,0.0,0.0,0.0
2023-06-26 00:00:00-04:00,39.64429165147726,39.804449842937025,39.60660610270141,39.67255401611328,1166800,0.0,0.0,0.0
2023-06-27 00:00:00-04:00,39.757335741639494,40.18128908506905,39.74791255962388,40.11534118652344,2001700,0.0,0.0,0.0
2023-06-28 00:00:00-04:00,40.07765850568567,40.162449180421184,39.92691992769932,40.08707809448242,1860600,0.0,0.0,0.0
2023-06-29 00:00:00-04:00,40.05882308618226,40.31319515707362,40.01171794577093,40.30377197265625,1275500,0.0,0.0,0.0
2023-06-30 00:00:00-04:00,40.54871668445851,40.774822752670865,40.54871668445851,40.69945526123047,1997600,0.0,0.0,0.0
2023-07-03 00:00:00-04:00,40.6335066954896,40.831350400419964,40.605240742005904,40.81250762939453,1390300,0.0,0.0,0.0
2023-07-05 00:00:00-04:00,40.624086004816654,40.812510132737344,40.58640405434557,40.718299865722656,3296600,0.0,0.0,0.0
2023-07-06 00:00:00-04:00,40.388551784760395,40.407394554628205,40.13417978238121,40.36970901489258,1892300,0.0,0.0,0.0
2023-07-07 00:00:00-04:00,40.29434643641787,40.718299825346186,40.25666089209283,40.360294342041016,1537700,0.0,0.0,0.0
2023-07-10 00:00:00-04:00,40.341460013282735,40.5958320998794,40.32261723717645,40.567569732666016,1309300,0.0,0.0,0.0
2023-07-11 00:00:00-04:00,40.68061553306218,41.029197844068875,40.63351039815178,40.991512298583984,1105800,0.0,0.0,0.0
2023-07-12 00:00:00-04:00,41.33067248616761,41.41546316136436,41.21761945053567,41.30241012573242,1780300,0.0,0.0,0.0
2023-07-13 00:00:00-04:00,41.46256410568118,41.622725851050404,41.406039390519794,41.55677795410156,3374800,0.0,0.0,0.0
2023-07-14 00:00:00-04:00,41.62273447938756,41.62273447938756,41.30241451613806,41.36836242675781,1200700,0.0,0.0,0.0
2023-07-17 00:00:00-04:00,41.2741528791446,41.500258978422906,41.22704414739428,41.39662551879883,2015400,0.0,0.0,0.0
2023-07-18 00:00:00-04:00,41.3872060880223,41.773473970176255,41.34952054003371,41.71694564819336,1569000,0.0,0.0,0.0
2023-07-19 00:00:00-04:00,41.839417085760395,41.99957884940523,41.782888770257884,41.905364990234375,1825600,0.0,0.0,0.0
2023-07-20 00:00:00-04:00,41.811154292384366,41.92420732832852,41.73578320582745,41.80173110961914,1474300,0.0,0.0,0.0
2023-07-21 00:00:00-04:00,41.91478501813064,41.933624194655515,41.76404644869475,41.79230880737305,1592600,0.0,0.0,0.0
2023-07-24 00:00:00-04:00,41.86768398534941,41.99958340248754,41.81115925761043,41.933631896972656,1651200,0.0,0.0,0.0
2023-07-25 00:00:00-04:00,41.895947081894235,42.04668566872315,41.83941876412412,41.96189498901367,2137100,0.0,0.0,0.0
2023-07-26 00:00:00-04:00,41.830001878537374,42.065531160299656,41.78289314707162,41.971317291259766,2074600,0.0,0.0,0.0
2023-07-27 00:00:00-04:00,42.291633068003804,42.31047583994486,41.62273083660702,41.68867874145508,2032600,0.0,0.0,0.0
2023-07-28 00:00:00-04:00,42.01841845991804,42.122051909127244,41.867679877584095,42.00899887084961,1711800,0.0,0.0,0.0
2023-07-31 00:00:00-04:00,42.08436767660338,42.16915835642687,41.94305227282515,42.10321044921875,1584700,0.0,0.0,0.0
2023-08-01 00:00:00-04:00,41.98073379779261,42.05610128714519,41.90536271454897,41.999576568603516,1268800,0.0,0.0,0.0
2023-08-02 00:00:00-04:00,41.70751776904813,41.754622897726215,41.43430299126794,41.509674072265625,1591900,0.0,0.0,0.0
2023-08-03 00:00:00-04:00,41.31182773324009,41.481409075500366,41.189355114634026,41.321250915527344,1526000,0.0,0.0,0.0
2023-08-04 00:00:00-04:00,41.59446496128863,41.829994199814855,41.2553022827883,41.29298782348633,1949000,0.0,0.0,0.0
2023-08-07 00:00:00-04:00,41.509678376920824,41.773469999986666,41.481412421669965,41.7546272277832,872600,0.0,0.0,0.0
2023-08-08 00:00:00-04:00,41.40604063283928,41.53793643069429,41.123406266879854,41.509674072265625,1335100,0.0,0.0,0.0
2023-08-09 00:00:00-04:00,41.50967569536037,41.51909528390793,41.15167023440467,41.20819854736328,1071000,0.0,0.0,0.0
2023-08-10 00:00:00-04:00,41.43430239834766,41.726359942197966,41.13282526645292,41.22703552246094,1319600,0.0,0.0,0.0
2023-08-11 00:00:00-04:00,41.08572123542295,41.31182729343551,41.01977333567837,41.21761703491211,1095800,0.0,0.0,0.0
2023-08-14 00:00:00-04:00,41.14224836418691,41.30241012573242,41.05746128288137,41.30241012573242,1882500,0.0,0.0,0.0
2023-08-15 00:00:00-04:00,41.066883638244086,41.07630322772664,40.70887814175247,40.77482604980469,1183600,0.0,0.0,0.0
2023-08-16 00:00:00-04:00,40.71830409739852,40.850199922482965,40.45450885333795,40.463932037353516,1192700,0.0,0.0,0.0
2023-08-17 00:00:00-04:00,40.59581553034658,40.59581553034658,40.05880920912362,40.07765197753906,2943500,0.0,0.0,0.0
2023-08-18 00:00:00-04:00,39.82328633391397,40.20955416319086,39.77618120232238,40.12476348876953,1485000,0.0,0.0,0.0
2023-08-21 00:00:00-04:00,40.12475952924845,40.256655322245855,39.851544761530505,40.162445068359375,1719500,0.0,0.0,0.0
2023-08-22 00:00:00-04:00,40.27550458100324,40.29434735359465,39.97402740732341,40.030555725097656,1790300,0.0,0.0,0.0
2023-08-23 00:00:00-04:00,40.08708207927594,40.4639303586474,40.077662489542845,40.40740203857422,1182000,0.0,0.0,0.0
2023-08-24 00:00:00-04:00,40.473353589586374,40.65235815564325,39.926927488618944,39.945770263671875,1195500,0.0,0.0,0.0
2023-08-25 00:00:00-04:00,40.09650441690006,40.31319091510472,39.76676128093443,40.20013427734375,1591300,0.0,0.0,0.0
2023-08-28 00:00:00-04:00,40.3602985765324,40.53929954001961,40.31319343812962,40.463932037353516,1582500,0.0,0.0,0.0
2023-08-29 00:00:00-04:00,40.43566359835922,40.95383087067382,40.426244008813256,40.91614532470703,2654800,0.0,0.0,0.0
2023-08-30 00:00:00-04:00,40.94440716367358,41.10456893503866,40.850196893852775,40.991512298583984,1796200,0.0,0.0,0.0
2023-08-31 00:00:00-04:00,41.08572270851504,41.17993297041627,40.93498413313841,40.953826904296875,957300,0.0,0.0,0.0
2023-09-01 00:00:00-04:00,41.17993922412688,41.245887136251014,40.91614757563035,41.03862380981445,1824300,0.0,0.0,0.0
2023-09-05 00:00:00-04:00,40.982086541477884,41.0291916692991,40.69945218065966,40.72771453857422,1931500,0.0,0.0,0.0
2023-09-06 00:00:00-04:00,40.66177295190072,40.70887808703307,40.38855813668512,40.63351058959961,1010200,0.0,0.0,0.0
2023-09-07 00:00:00-04:00,40.482779037133795,40.64293724319907,40.473355852134624,40.567569732666016,1141100,0.0,0.0,0.0
2023-09-08 00:00:00-04:00,40.595822112396036,40.7277179187986,40.54871698066529,40.62408447265625,906600,0.0,0.0,0.0
2023-09-11 00:00:00-04:00,40.84077240379618,40.916143492354394,40.755981726113845,40.897300720214844,950400,0.0,0.0,0.0
2023-09-12 00:00:00-04:00,40.78424651916124,40.982090230152224,40.70887543275065,40.765403747558594,1097200,0.0,0.0,0.0
2023-09-13 00:00:00-04:00,40.79366698933196,40.87845766643011,40.62408563513567,40.7559814453125,840500,0.0,0.0,0.0
2023-09-14 00:00:00-04:00,41.01035717211669,41.22704367891764,40.92556648737792,41.151676177978516,1356100,0.0,0.0,0.0
2023-09-15 00:00:00-04:00,41.00093898983228,41.03862453854145,40.671195829464665,40.70888137817383,1373100,0.0,0.0,0.0
2023-09-18 00:00:00-04:00,40.68143081665039,40.795012210264524,40.60571109113677,40.68143081665039,1012800,0.201,0.0,0.0
2023-09-19 00:00:00-04:00,40.64356943996625,40.65303666240296,40.34068331436525,40.5867805480957,1249100,0.0,0.0,0.0
2023-09-20 00:00:00-04:00,40.7098238424996,40.80447800944952,40.2744255065918,40.2744255065918,1430600,0.0,0.0,0.0
2023-09-21 00:00:00-04:00,40.0472603516502,40.06619118391719,39.63078926315051,39.65918731689453,1493600,0.0,0.0,0.0
2023-09-22 00:00:00-04:00,39.72544212592709,39.79169823135222,39.46041409353959,39.49827575683594,1492400,0.0,0.0,0.0
2023-09-25 00:00:00-04:00,39.36576032907194,39.6118538990139,39.31843505916233,39.60239028930664,1264900,0.0,0.0,0.0
2023-09-26 00:00:00-04:00,39.32790520063145,39.41309214489165,38.930368534542005,39.00608825683594,1857100,0.0,0.0,0.0
2023-09-27 00:00:00-04:00,39.11020169263686,39.157526965152805,38.627478135875364,38.94929504394531,2202200,0.0,0.0,0.0
2023-09-28 00:00:00-04:00,38.90197554235199,39.299515870867836,38.8830483173306,39.1670036315918,1522300,0.0,0.0,0.0
2023-09-29 00:00:00-04:00,39.48881533278079,39.48881533278079,38.92090116957035,39.05341339111328,1952000,0.0,0.0,0.0
2023-10-02 00:00:00-04:00,38.977691869781594,39.03448436668711,38.58961883431155,38.83571243286133,5570300,0.0,0.0,0.0
2023-10-03 00:00:00-04:00,38.62748397767072,38.76945981669013,38.18261840523098,38.296199798583984,3067900,0.0,0.0,0.0
2023-10-04 00:00:00-04:00,38.40032171299162,38.59909007542304,38.14476084242788,38.542301177978516,2637800,0.0,0.0,0.0
2023-10-05 00:00:00-04:00,38.504433474018356,38.54229514017539,38.19208014425369,38.46657180786133,1902500,0.0,0.0,0.0
2023-10-06 00:00:00-04:00,38.258335389370416,39.04394869626757,38.05010345159091,38.89250564575195,2819000,0.0,0.0,0.0
2023-10-09 00:00:00-04:00,38.67480449285229,39.157528063149606,38.636942829503134,39.11020278930664,1320800,0.0,0.0,0.0
2023-10-10 00:00:00-04:00,39.242715223475905,39.611857416511675,39.16699550703402,39.40362548828125,1460200,0.0,0.0,0.0
2023-10-11 00:00:00-04:00,39.517201983058065,39.58345808076157,39.24271037217984,39.5361328125,1417700,0.0,0.0,0.0
2023-10-12 00:00:00-04:00,39.56454034941992,39.59293840832745,38.93983721377021,39.1670036315918,1468700,0.0,0.0,0.0
2023-10-13 00:00:00-04:00,39.261653735161616,39.4036331959571,38.80732451557883,38.968231201171875,4286000,0.0,0.0,0.0
2023-10-16 00:00:00-04:00,39.21432228391317,39.51720838266184,39.166997007987526,39.42255783081055,1536500,0.0,0.0,0.0
2023-10-17 00:00:00-04:00,39.17645969044665,39.725442988097576,39.14806524770161,39.50774383544922,1543300,0.0,0.0,0.0
2023-10-18 00:00:00-04:00,39.31843955080322,39.394159269171304,38.854643187058144,38.93036651611328,2676000,0.0,0.0,0.0
2023-10-19 00:00:00-04:00,39.072341322605986,39.290040471928826,38.608548581649,38.6748046875,2340300,0.0,0.0,0.0
2023-10-20 00:00:00-04:00,38.646417289954975,38.68427534970877,38.220482524208066,38.22994613647461,2927800,0.0,0.0,0.0
2023-10-23 00:00:00-04:00,38.07849804524351,38.51389636585537,37.98384749230602,38.11635971069336,5417100,0.0,0.0,0.0
2023-10-24 00:00:00-04:00,38.37191758605679,38.570685898354625,38.22047454658888,38.41924285888672,3860100,0.0,0.0,0.0
2023-10-25 00:00:00-04:00,38.37192613879226,38.40978780976996,37.95545497941293,37.993316650390625,2682000,0.0,0.0,0.0
2023-10-26 00:00:00-04:00,37.94599271720686,38.05011051075642,37.633639336558204,37.71882629394531,2649700,0.0,0.0,0.0
2023-10-27 00:00:00-04:00,37.879731831628405,37.90812627695684,37.397004596920944,37.510589599609375,4499500,0.0,0.0,0.0
2023-10-30 00:00:00-04:00,37.737751207617634,38.1352914832642,37.680962318730444,38.03117370605469,2339700,0.0,0.0,0.0
2023-10-31 00:00:00-04:00,38.10689348491826,38.38138515057286,38.00277931824084,38.37192153930664,3137600,0.0,0.0,0.0
2023-11-01 00:00:00-04:00,38.40977947712343,38.77892166235481,38.36245059332503,38.71266555786133,3017200,0.0,0.0,0.0
2023-11-02 00:00:00-04:00,39.043951332010955,39.44148801244331,39.01555688646218,39.41309356689453,3137000,0.0,0.0,0.0
2023-11-03 00:00:00-04:00,39.75384017240732,40.10405156293371,39.75384017240732,39.933677673339844,2388000,0.0,0.0,0.0
2023-11-06 00:00:00-05:00,39.99047348876014,40.028335158628124,39.7159817982486,39.87689208984375,3528700,0.0,0.0,0.0
2023-11-07 00:00:00-05:00,39.8484968386135,40.01887075433123,39.7538462679649,39.91475296020508,1318500,0.0,0.0,0.0
2023-11-08 00:00:00-05:00,39.95261247176766,39.971543307011004,39.67812077677059,39.886356353759766,1387500,0.0,0.0,0.0
2023-11-09 00:00:00-05:00,39.99046394012575,39.99046394012575,39.564529282531446,39.611854553222656,1584300,0.0,0.0,0.0
2023-11-10 00:00:00-05:00,39.734908183905524,40.18923733938557,39.621326797707304,40.16084289550781,1365500,0.0,0.0,0.0
2023-11-13 00:00:00-05:00,40.0377975286904,40.19870781529375,39.962077801990986,40.05672836303711,2383800,0.0,0.0,0.0
2023-11-14 00:00:00-05:00,40.66249624270611,41.12629260756165,40.62463457808789,41.02217483520508,1621800,0.0,0.0,0.0
2023-11-15 00:00:00-05:00,41.145223873231195,41.315597755120585,41.097894986616396,41.17361831665039,3481600,0.0,0.0,0.0
2023-11-16 00:00:00-05:00,41.050571215504874,41.202014270437296,41.003245937842344,41.19255065917969,1532600,0.0,0.0,0.0
2023-11-17 00:00:00-05:00,41.26827009466341,41.334526205068194,41.18308315118765,41.287200927734375,1843000,0.0,0.0,0.0
2023-11-20 00:00:00-05:00,41.258808972841095,41.65634565925537,41.24934536107823,41.56169509887695,2784700,0.0,0.0,0.0
2023-11-21 00:00:00-05:00,41.44811097823175,41.49543625530837,41.34399320225089,41.42918014526367,2020800,0.0,0.0,0.0
2023-11-22 00:00:00-05:00,41.60901943594746,41.76992971776847,41.56169415683094,41.646881103515625,2132700,0.0,0.0,0.0
2023-11-24 00:00:00-05:00,41.68474018015975,41.760459899902344,41.64687851494489,41.760459899902344,998800,0.0,0.0,0.0
2023-11-27 00:00:00-05:00,41.68474111712375,41.7699280604284,41.62794861802491,41.67527389526367,3695500,0.0,0.0,0.0
2023-11-28 00:00:00-05:00,41.61848126257056,41.83618040683293,41.58061959991096,41.722599029541016,1980600,0.0,0.0,0.0
2023-11-29 00:00:00-05:00,41.94029651641929,42.053877889222726,41.73206099070737,41.75099182128906,2494000,0.0,0.0,0.0
2023-11-30 00:00:00-05:00,41.836192678384734,42.053891886503465,41.732074880874045,42.02549743652344,1915900,0.0,0.0,0.0
2023-12-01 00:00:00-05:00,41.95922898273889,42.42302171266735,41.95922898273889,42.404090881347656,2362500,0.0,0.0,0.0
2023-12-04 00:00:00-05:00,42.091751353540154,42.30945055024566,42.07282051764997,42.29051971435547,4376000,0.0,0.0,0.0
2023-12-05 00:00:00-05:00,42.110681934408355,42.16747083104724,41.97816608397957,42.09175109863281,19571700,0.0,0.0,0.0
2023-12-06 00:00:00-05:00,42.2621259667181,42.337845700846785,41.949772585381766,42.00656509399414,2150700,0.0,0.0,0.0
2023-12-07 00:00:00-05:00,42.09174920428574,42.328379224798816,42.07281836936218,42.262123107910156,3111600,0.0,0.0,0.0
2023-12-08 00:00:00-05:00,42.19585588176161,42.508205549046394,42.18638866144856,42.460880279541016,3272000,0.0,0.0,0.0
2023-12-11 00:00:00-05:00,42.47982187902535,42.754309956019796,42.451423821573314,42.74484634399414,3846300,0.0,0.0,0.0
2023-12-12 00:00:00-05:00,42.75431022183889,42.95308218248885,42.63126521130267,42.9436149597168,2010200,0.0,0.0,0.0
2023-12-13 00:00:00-05:00,42.9720078260059,43.6251053015637,42.896284495727656,43.60617446899414,2895400,0.0,0.0,0.0
2023-12-14 00:00:00-05:00,43.8522657813684,44.098359350286444,43.738680801233954,43.918521881103516,2893500,0.0,0.0,0.0
2023-12-15 00:00:00-05:00,43.86173644064907,43.95638699528705,43.691362553750935,43.81441116333008,2836000,0.0,0.0,0.0
2023-12-18 00:00:00-05:00,44.00561442112319,44.024640198566516,43.88195231093558,43.900978088378906,2318800,0.231,0.0,0.0
2023-12-19 00:00:00-05:00,43.97708331515726,44.22441482543945,43.920005975369875,44.22441482543945,2290400,0.0,0.0,0.0
2023-12-20 00:00:00-05:00,44.10074035663106,44.20538031116768,43.49193003437696,43.510955810546875,2705900,0.0,0.0,0.0
2023-12-21 00:00:00-05:00,43.78682342371895,43.92951494014589,43.568032426314716,43.900978088378906,2380000,0.0,0.0,0.0
2023-12-22 00:00:00-05:00,44.01513384572494,44.252950646083,43.929519652444185,44.081722259521484,3078600,0.0,0.0,0.0
2023-12-26 00:00:00-05:00,44.13879106011593,44.41465573728494,44.08171373270388,44.31953048706055,1525300,0.0,0.0,0.0
2023-12-27 00:00:00-05:00,44.30050843928029,44.41465947491486,44.21489425535537,44.395633697509766,2992400,0.0,0.0,0.0
2023-12-28 00:00:00-05:00,44.357587750222436,44.50979034745673,44.357587750222436,44.45271301269531,1621800,0.0,0.0,0.0
2023-12-29 00:00:00-05:00,44.41465197136497,44.48124036663515,44.214886785554434,44.35757827758789,2342800,0.0,0.0,0.0
2024-01-02 00:00:00-05:00,44.20537765549399,44.73808484106563,44.18635188046707,44.64295959472656,3975200,0.0,0.0,0.0
2024-01-03 00:00:00-05:00,44.51930245295022,44.528817156695496,44.24343410507703,44.29100036621094,3137300,0.0,0.0,0.0
2024-01-04 00:00:00-05:00,44.338564884812065,44.538330126406464,44.243435987293495,44.271976470947266,4068400,0.0,0.0,0.0
2024-01-05 00:00:00-05:00,44.28147795773845,44.566857330906274,44.15781223214067,44.36709213256836,2497700,0.0,0.0,0.0
2024-01-08 00:00:00-05:00,44.290994588061885,44.65247344970703,44.16732885708025,44.65247344970703,3497000,0.0,0.0,0.0
2024-01-09 00:00:00-05:00,44.42417624827462,44.47173887960587,44.31002520732037,44.37661361694336,3770300,0.0,0.0,0.0
2024-01-10 00:00:00-05:00,44.395635629237766,44.48124981688791,44.24343303217042,44.4146614074707,2062400,0.0,0.0,0.0
2024-01-11 00:00:00-05:00,44.38611878039776,44.39562985387887,43.99609944934995,44.24342727661133,4087200,0.0,0.0,0.0
2024-01-12 00:00:00-05:00,44.405153252280776,44.5193043003874,44.12928489295976,44.233924865722656,2930700,0.0,0.0,0.0
2024-01-16 00:00:00-05:00,44.053181580135956,44.09122950700479,43.80585009711013,43.92951583862305,2492900,0.0,0.0,0.0
2024-01-17 00:00:00-05:00,43.6346198185859,43.91048814190695,43.49193193427205,43.644134521484375,17009400,0.0,0.0,0.0
2024-01-18 00:00:00-05:00,43.63461791085341,43.81536097006303,43.41582692810112,43.77730941772461,7564600,0.0,0.0,0.0
2024-01-19 00:00:00-05:00,43.9104871694781,44.205381263269544,43.64413355495412,44.110252380371094,2510900,0.0,0.0,0.0
2024-01-22 00:00:00-05:00,44.1863535781333,44.38611878039776,44.13879095313638,44.24342727661133,2151700,0.0,0.0,0.0
2024-01-23 00:00:00-05:00,44.31952945406127,44.39562892670792,44.20537843069349,44.32904052734375,3118000,0.0,0.0,0.0
2024-01-24 00:00:00-05:00,44.5288180076526,44.5288180076526,44.1007470508406,44.1292839050293,2485200,0.0,0.0,0.0
2024-01-25 00:00:00-05:00,44.40515047862228,44.52881622314453,44.19587054616864,44.52881622314453,3281600,0.0,0.0,0.0
2024-01-26 00:00:00-05:00,44.519294793152504,44.64296051899003,44.462221095685656,44.55734634399414,2882800,0.0,0.0,0.0
2024-01-29 00:00:00-05:00,44.557349198875826,44.75711441040039,44.44319816783263,44.75711441040039,2471300,0.0,0.0,0.0
2024-01-30 00:00:00-05:00,44.68101598301055,44.966395381725256,44.623938651749235,44.89980697631836,1912300,0.0,0.0,0.0
2024-01-31 00:00:00-05:00,44.956884342490454,44.99493589976563,44.4622286130981,44.48125076293945,3124900,0.0,0.0,0.0
2024-02-01 00:00:00-05:00,44.55735866082313,44.89030075073242,44.319541845517456,44.89030075073242,2798500,0.0,0.0,0.0
2024-02-02 00:00:00-05:00,44.74760235603504,45.01395596556518,44.50027089393211,44.8046760559082,2369500,0.0,0.0,0.0
2024-02-05 00:00:00-05:00,44.59540448628553,44.60491556100392,44.31953614510218,44.4146614074707,1678300,0.0,0.0,0.0
2024-02-06 00:00:00-05:00,44.50027284605498,44.7571153931386,44.424173366620536,44.70955276489258,1692000,0.0,0.0,0.0
2024-02-07 00:00:00-05:00,44.89028744734066,44.89980214925928,44.69052225259619,44.795162200927734,3080800,0.0,0.0,0.0
2024-02-08 00:00:00-05:00,44.795162200927734,44.8427248241342,44.61442278122496,44.795162200927734,1687700,0.0,0.0,0.0
2024-02-09 00:00:00-05:00,44.80468193996439,44.83322242244487,44.60491670658225,44.78565979003906,1729300,0.0,0.0,0.0
2024-02-12 00:00:00-05:00,44.82370393691094,45.18518644453004,44.78565601147414,45.09006118774414,1893200,0.0,0.0,0.0
2024-02-13 00:00:00-05:00,44.74760907612502,44.85224904666809,44.15782081102704,44.47174072265625,2237100,0.0,0.0,0.0
2024-02-14 00:00:00-05:00,44.65247548472057,44.75711544425888,44.47173604566089,44.74760437011719,1867900,0.0,0.0,0.0
2024-02-15 00:00:00-05:00,44.84273067209418,45.384952630709456,44.84273067209418,45.30885314941406,2013900,0.0,0.0,0.0
2024-02-16 00:00:00-05:00,45.23275667418737,45.432521924285425,45.09006876503014,45.204219818115234,1747600,0.0,0.0,0.0
2024-02-20 00:00:00-05:00,45.15665233767932,45.375443344620805,45.0995750028613,45.21372604370117,2268300,0.0,0.0,0.0
2024-02-21 00:00:00-05:00,45.21372230224276,45.413491143176756,45.10908234480015,45.40397644042969,2488200,0.0,0.0,0.0
2024-02-22 00:00:00-05:00,45.47056783794539,45.813024583467694,45.384953651564814,45.717899322509766,2986400,0.0,0.0,0.0
2024-02-23 00:00:00-05:00,45.7844877423091,45.984252967648025,45.717899333862796,45.87010192871094,1886300,0.0,0.0,0.0
2024-02-26 00:00:00-05:00,45.870099875655335,45.974739835329224,45.59423155084162,45.62276840209961,1977200,0.0,0.0,0.0
2024-02-27 00:00:00-05:00,45.71789362749538,45.746430476468745,45.58471319842984,45.73691940307617,1728000,0.0,0.0,0.0
2024-02-28 00:00:00-05:00,45.65130697184048,45.87960902994282,45.603740716673016,45.755943298339844,2202700,0.0,0.0,0.0
2024-02-29 00:00:00-05:00,45.974732190883465,45.993754336028594,45.70837498451229,45.77496337890625,3218900,0.0,0.0,0.0
2024-03-01 00:00:00-05:00,45.83204840854161,46.00327677400682,45.67033111724849,45.96522521972656,3194900,0.0,0.0,0.0
2024-03-04 00:00:00-05:00,45.936682658872,46.174499400371076,45.908142182311174,46.09839630126953,4260200,0.0,0.0,0.0
2024-03-05 00:00:00-05:00,46.06986225900941,46.288653239056764,45.841556576597206,45.99375915527344,3333200,0.0,0.0,0.0
2024-03-06 00:00:00-05:00,46.19352521189464,46.42182725178989,46.117422112732555,46.2505989074707,2376600,0.0,0.0,0.0
2024-03-07 00:00:00-05:00,46.48841956017369,46.56452266573824,46.36475745682501,46.44085693359375,1790700,0.0,0.0,0.0
2024-03-08 00:00:00-05:00,46.48842252968832,46.65013982494501,46.421834122463814,46.450374603271484,2412100,0.0,0.0,0.0
2024-03-11 00:00:00-04:00,46.393300943822524,46.65014351865186,46.27914989794159,46.640628814697266,1822200,0.0,0.0,0.0
2024-03-12 00:00:00-04:00,46.68818651358427,46.82136331415151,46.507443459561024,46.726234436035156,1768400,0.0,0.0,0.0
2024-03-13 00:00:00-04:00,46.783312717895946,46.95454107320503,46.640621212206476,46.792823791503906,1842000,0.0,0.0,0.0
2024-03-14 00:00:00-04:00,46.77380094624395,46.83087827785524,46.212556848314776,46.4979362487793,2220300,0.0,0.0,0.0
2024-03-15 00:00:00-04:00,46.288653453603324,46.54549598670911,46.22206505192357,46.41231918334961,2310400,0.0,0.0,0.0
2024-03-18 00:00:00-04:00,46.58062914466405,46.67625980811341,46.36068409063575,46.52325439453125,1744500,0.256,0.0,0.0
2024-03-19 00:00:00-04:00,46.56149731759338,46.7910072338664,46.51368381568461,46.771881103515625,1532100,0.0,0.0,0.0
2024-03-20 00:00:00-04:00,46.72407414720672,47.10658586399955,46.647569615086034,47.08746337890625,2098100,0.0,0.0,0.0
2024-03-21 00:00:00-04:00,47.22134531856942,47.489103900180574,47.183093050357236,47.355224609375,1967200,0.0,0.0,0.0
2024-03-22 00:00:00-04:00,47.40303545406191,47.4508489626689,47.06833724587608,47.08746337890625,1552600,0.0,0.0,0.0
2024-03-25 00:00:00-04:00,47.08746339834464,47.202216548636166,46.97270660011623,46.9918327331543,1284000,0.0,0.0,0.0
2024-03-26 00:00:00-04:00,47.08746339834464,47.13527690697137,46.97270660011623,46.9918327331543,1495400,0.0,0.0,0.0
2024-03-27 00:00:00-04:00,47.24046649751353,47.72817009828278,47.24046649751353,47.71860885620117,1623000,0.0,0.0,0.0
2024-03-28 00:00:00-04:00,47.795105568956934,48.00548935577388,47.756853308092694,47.90985870361328,2645500,0.0,0.0,0.0
2024-04-01 00:00:00-04:00,47.92899064968169,47.93855554002653,47.575166313595844,47.61341857910156,2523200,0.0,0.0,0.0
2024-04-02 00:00:00-04:00,47.43172559388331,47.44129048492426,47.18309314587492,47.307411193847656,2041600,0.0,0.0,0.0
2024-04-03 00:00:00-04:00,47.26914986697668,47.40302913239688,47.10657958186902,47.221336364746094,2515500,0.0,0.0,0.0
2024-04-04 00:00:00-04:00,47.53691737284537,47.60385701819376,46.714511846637095,46.810142517089844,2740100,0.0,0.0,0.0
2024-04-05 00:00:00-04:00,46.8101375650964,47.19264926263068,46.72407179476227,47.07789611816406,1804100,0.0,0.0,0.0
2024-04-08 00:00:00-04:00,47.08745710596611,47.230897612678106,47.04920484500169,47.12570571899414,1608500,0.0,0.0,0.0
2024-04-09 00:00:00-04:00,47.230898367473785,47.29783800126309,46.86750917837726,47.24046325683594,2177900,0.0,0.0,0.0
2024-04-10 00:00:00-04:00,46.724076194367896,46.83882934963983,46.38937432358062,46.59975814819336,2712300,0.0,0.0,0.0
2024-04-11 00:00:00-04:00,46.733633031322725,46.733633031322725,46.226803299379576,46.48500061035156,2019800,0.0,0.0,0.0
2024-04-12 00:00:00-04:00,46.25548922450069,46.32242886066276,45.6625937408067,45.80603790283203,2436600,0.0,0.0,0.0
2024-04-15 00:00:00-04:00,46.23636484144973,46.32243061233216,45.423524287066385,45.557403564453125,3372600,0.0,0.0,0.0
2024-04-16 00:00:00-04:00,45.62434041896743,45.64346654998934,45.23226385285945,45.33745574951172,3099200,0.0,0.0,0.0
2024-04-17 00:00:00-04:00,45.500028341954625,45.56696797995084,45.15576526201027,45.2992057800293,2222300,0.0,0.0,0.0
2024-04-18 00:00:00-04:00,45.47133875243365,45.643470297828294,45.27051983211883,45.38527297973633,1990900,0.0,0.0,0.0
2024-04-19 00:00:00-04:00,45.50002861974679,45.8060394375797,45.480902487640144,45.748661041259766,3008200,0.0,0.0,0.0
2024-04-22 00:00:00-04:00,45.90166294217374,46.33199176184391,45.71040528366074,46.102481842041016,3051900,0.0,0.0,0.0
2024-04-23 00:00:00-04:00,46.255486964049275,46.50412301301776,46.169421200627326,46.43718338012695,1527800,0.0,0.0,0.0
2024-04-24 00:00:00-04:00,46.25549380783184,46.485003760226576,46.169428031675935,46.41806411743164,1868000,0.0,0.0,0.0
2024-04-25 00:00:00-04:00,46.255493070917616,46.37981111181491,45.920794862275145,46.303306579589844,2577900,0.0,0.0,0.0
2024-04-26 00:00:00-04:00,46.10248944818532,46.33199940585354,46.0355498038523,46.1981201171875,1572300,0.0,0.0,0.0
2024-04-29 00:00:00-04:00,46.24593400466348,46.45631783024607,46.21724662769751,46.40850067138672,1351100,0.0,0.0,0.0
2024-04-30 00:00:00-04:00,46.2172465850617,46.27462133894071,45.853857336100745,45.86341857910156,1615900,0.0,0.0,0.0
2024-05-01 00:00:00-04:00,45.767791748046875,46.25549539773585,45.66259983491431,45.767791748046875,4709400,0.0,0.0,0.0
2024-05-02 00:00:00-04:00,46.073789213024675,46.09291534148733,45.66258657091766,46.01641082763672,2097100,0.0,0.0,0.0
2024-05-03 00:00:00-04:00,46.322428985708,46.3606812487429,45.99729204578459,46.255489349365234,2758000,0.0,0.0,0.0
2024-05-06 00:00:00-04:00,46.485001370063856,46.55194100941689,46.33199595898024,46.504127502441406,1982200,0.0,0.0,0.0
2024-05-07 00:00:00-04:00,46.60932370132791,46.74320299237018,46.59975881028941,46.66669845581055,1512100,0.0,0.0,0.0
2024-05-08 00:00:00-04:00,46.58062877680562,46.77188645425711,46.53281526942694,46.714508056640625,1506100,0.0,0.0,0.0
2024-05-09 00:00:00-04:00,46.733629163949814,47.12570571899414,46.70494179219469,47.12570571899414,3262800,0.0,0.0,0.0
2024-05-10 00:00:00-04:00,47.259586334228516,47.297838596285466,47.17352421650511,47.259586334228516,1490400,0.0,0.0,0.0
2024-05-13 00:00:00-04:00,47.364777635052384,47.53690916420672,47.192646105898056,47.24046325683594,1559600,0.0,0.0,0.0
2024-05-14 00:00:00-04:00,47.34565429411052,47.45084619567398,47.173526402749985,47.36478042602539,2015700,0.0,0.0,0.0
2024-05-15 00:00:00-04:00,47.594292262020346,47.74729767551382,47.517787731305205,47.70904541015625,2386600,0.0,0.0,0.0
2024-05-16 00:00:00-04:00,47.775991144713636,47.89074795542435,47.6994902521771,47.76642990112305,1770100,0.0,0.0,0.0
2024-05-17 00:00:00-04:00,47.79510717532171,47.900299072265625,47.6899152783778,47.900299072265625,1600900,0.0,0.0,0.0
2024-05-20 00:00:00-04:00,47.8907389601906,47.90030020198532,47.60385063523681,47.63254165649414,1635300,0.0,0.0,0.0
2024-05-21 00:00:00-04:00,47.63254376888049,47.70904465044063,47.546477997164864,47.689918518066406,1511700,0.0,0.0,0.0
2024-05-22 00:00:00-04:00,47.575173280240605,47.73773996054004,47.4317290875574,47.546485900878906,1333300,0.0,0.0,0.0
2024-05-23 00:00:00-04:00,47.546476661703416,47.546476661703416,46.83882437548038,46.86751174926758,1878900,0.0,0.0,0.0
2024-05-24 00:00:00-04:00,47.06833793139431,47.15440370731514,46.972707264850655,47.058773040771484,1260100,0.0,0.0,0.0
2024-05-28 00:00:00-04:00,47.010954655154904,47.010954655154904,46.55193844716859,46.68581771850586,1591600,0.0,0.0,0.0
2024-05-29 00:00:00-04:00,46.341562098395215,46.35112698956314,46.17899542791179,46.18855667114258,2110100,0.0,0.0,0.0
2024-05-30 00:00:00-04:00,46.24592707241044,46.50412437021162,46.18854867914245,46.475433349609375,2034200,0.0,0.0,0.0
2024-05-31 00:00:00-04:00,46.56149763098026,47.25958497776873,46.49455799827016,47.221336364746094,3767900,0.0,0.0,0.0
2024-06-03 00:00:00-04:00,47.24046795857502,47.24046795857502,46.695385944647654,47.0205192565918,4233100,0.0,0.0,0.0
2024-06-04 00:00:00-04:00,46.8675117358618,47.07789553807216,46.733632460977624,46.96314239501953,2238100,0.0,0.0,0.0
2024-06-05 00:00:00-04:00,47.0778990803613,47.10658645629883,46.762327001237765,47.10658645629883,2556500,0.0,0.0,0.0
2024-06-06 00:00:00-04:00,47.07790069102616,47.22134487149525,46.92489526756309,47.09702682495117,1570400,0.0,0.0,0.0
2024-06-07 00:00:00-04:00,46.97270574883159,47.307407599026675,46.87707873331117,47.0205192565918,1940600,0.0,0.0,0.0
2024-06-10 00:00:00-04:00,46.94401920514839,47.10658586399955,46.79101378884389,47.08746337890625,1343200,0.0,0.0,0.0
2024-06-11 00:00:00-04:00,46.886637209716234,46.886637209716234,46.58062640057914,46.80057144165039,2064700,0.0,0.0,0.0
2024-06-12 00:00:00-04:00,47.2404652620744,47.2404652620744,46.657131016061044,46.75275802612305,2800600,0.0,0.0,0.0
2024-06-13 00:00:00-04:00,46.71450594215104,46.71450594215104,46.37024651584508,46.65713119506836,1564700,0.0,0.0,0.0
2024-06-14 00:00:00-04:00,46.44674834622163,46.52325287448149,46.188551035249645,46.48500061035156,2252700,0.0,0.0,0.0
2024-06-17 00:00:00-04:00,46.408494198002074,46.771883396610164,46.28417981653175,46.7336311340332,1556600,0.0,0.0,0.0
2024-06-18 00:00:00-04:00,46.733633232117,47.01095667634549,46.733633232117,46.88663864135742,2467000,0.0,0.0,0.0
2024-06-20 00:00:00-04:00,46.867514673027706,47.163964263090065,46.80057503139054,47.08746337890625,2450600,0.0,0.0,0.0
2024-06-21 00:00:00-04:00,47.12571268338358,47.144838816692314,46.90576762223856,47.058773040771484,1426600,0.0,0.0,0.0
2024-06-24 00:00:00-04:00,47.19151182196078,47.653230196153764,47.14341317658554,47.451229095458984,2668600,0.288,0.0,0.0
2024-06-25 00:00:00-04:00,47.41276140141035,47.41276140141035,46.931804203999604,47.05685043334961,1444900,0.0,0.0,0.0
2024-06-26 00:00:00-04:00,46.931797558540694,46.970275009544146,46.749031500980145,46.922176361083984,2050000,0.0,0.0,0.0
2024-06-27 00:00:00-04:00,46.89331938316352,46.89331938316352,46.65284082222422,46.874080657958984,1494300,0.0,0.0,0.0
2024-06-28 00:00:00-04:00,46.97989510250869,47.14341877408358,46.71056026960328,46.883705139160156,2440600,0.0,0.0,0.0
2024-07-01 00:00:00-04:00,47.01837509818776,47.229993762880454,46.58551290088803,46.6624641418457,2091900,0.0,0.0,0.0
2024-07-02 00:00:00-04:00,46.6336001740327,46.84522247314453,46.595122725210274,46.84522247314453,1726300,0.0,0.0,0.0
2024-07-03 00:00:00-04:00,46.874078528296934,46.9702721499492,46.73941112739522,46.787506103515625,1002000,0.0,0.0,0.0
2024-07-05 00:00:00-04:00,46.84522556421261,46.84522556421261,46.51817456646464,46.7971305847168,1610500,0.0,0.0,0.0
2024-07-08 00:00:00-04:00,46.893326297667066,47.04723245258548,46.710563885392745,46.825992584228516,1692500,0.0,0.0,0.0
2024-07-09 00:00:00-04:00,46.79712749682225,47.066462299756225,46.67207762285512,46.84522247314453,1627700,0.0,0.0,0.0
2024-07-10 00:00:00-04:00,46.86446591245265,47.26846815749911,46.83560598822658,47.249229431152344,1457900,0.0,0.0,0.0
2024-07-11 00:00:00-04:00,47.364657835741795,47.710943872843735,47.316559189183714,47.67247009277344,1715500,0.0,0.0,0.0
2024-07-12 00:00:00-04:00,47.787903256714266,48.182287977387396,47.730187077074824,47.9610481262207,2218300,0.0,0.0,0.0
2024-07-15 00:00:00-04:00,48.047616452784844,48.27847381277996,47.96104402543378,48.08609390258789,1663600,0.0,0.0,0.0
2024-07-16 00:00:00-04:00,48.17266739829682,48.79790945911061,48.13418994764043,48.788291931152344,2818200,0.0,0.0,0.0
2024-07-17 00:00:00-04:00,48.66324703307928,49.182681661882135,48.66324703307928,49.0672492980957,6076600,0.0,0.0,0.0
2024-07-18 00:00:00-04:00,48.89410575816681,49.31734673028524,48.51895609787991,48.567054748535156,2589600,0.0,0.0,0.0
2024-07-19 00:00:00-04:00,48.644001327788466,48.73057375350344,48.20152167165037,48.278472900390625,1415200,0.0,0.0,0.0
2024-07-22 00:00:00-04:00,48.36504644284481,48.480478792737756,48.08609410413249,48.44200134277344,1540100,0.0,0.0,0.0
2024-07-23 00:00:00-04:00,48.44200279270823,48.45162032078138,48.211141755423945,48.2400016784668,3839300,0.0,0.0,0.0
2024-07-24 00:00:00-04:00,48.23037883523194,48.36504624013102,48.0091390029818,48.08609390258789,2363400,0.0,0.0,0.0
2024-07-25 00:00:00-04:00,48.08609535084481,48.74981486758513,48.06685662536385,48.18228530883789,4692700,0.0,0.0,0.0
2024-07-26 00:00:00-04:00,48.47085918644221,48.98067257226183,48.4131466790131,48.836387634277344,2546700,0.0,0.0,0.0
2024-07-29 00:00:00-04:00,48.86524248596884,48.91333746391709,48.54781269598117,48.797908782958984,2078500,0.0,0.0,0.0
2024-07-30 00:00:00-04:00,48.884481841659635,49.16343785453432,48.84600439104002,49.028770446777344,3448000,0.0,0.0,0.0
2024-07-31 00:00:00-04:00,49.24039242840913,49.47125347838415,49.009535047846015,49.096107482910156,3525900,0.0,0.0,0.0
2024-08-01 00:00:00-04:00,49.24039176423037,49.3750628487229,48.576672217299105,48.807533264160156,4499700,0.0,0.0,0.0
2024-08-02 00:00:00-04:00,48.518956946498825,48.672863090816676,47.66285378939253,48.134193420410156,5216600,0.0,0.0,0.0
2024-08-05 00:00:00-04:00,47.2684674907852,47.422373629976626,46.82598779928632,46.960655212402344,20049500,0.0,0.0,0.0
2024-08-06 00:00:00-04:00,47.114560329946436,47.88409100921682,46.960654194092356,47.33580017089844,6317800,0.0,0.0,0.0
2024-08-07 00:00:00-04:00,47.70133008803948,48.01875989764278,47.104944251922,47.1338005065918,2672100,0.0,0.0,0.0
2024-08-08 00:00:00-04:00,47.2877050906165,47.884090907102774,47.229988913764906,47.81675720214844,2522000,0.0,0.0,0.0
2024-08-09 00:00:00-04:00,47.83600634475955,48.01876877380456,47.52819400667715,47.89372253417969,1613200,0.0,0.0,0.0
2024-08-12 00:00:00-04:00,47.97066377625169,47.97066377625169,47.5955177968158,47.69171142578125,1428600,0.0,0.0,0.0
2024-08-13 00:00:00-04:00,47.87446905291105,48.134186321156776,47.682085483535175,48.12456512451172,2205700,0.0,0.0,0.0
2024-08-14 00:00:00-04:00,48.14380569327148,48.46123914531749,48.10532824403956,48.33618927001953,1429300,0.0,0.0,0.0
2024-08-15 00:00:00-04:00,48.78829265494918,48.91333886732006,48.60552659632576,48.836387634277344,1936100,0.0,0.0,0.0
2024-08-16 00:00:00-04:00,48.77867501139716,49.057631049001344,48.77867501139716,49.0191535949707,1747000,0.0,0.0,0.0
2024-08-19 00:00:00-04:00,49.06724543087301,49.34620145058633,49.057627902688154,49.30772399902344,15112700,0.0,0.0,0.0
2024-08-20 00:00:00-04:00,49.25963066705883,49.31734684633382,49.12496325149571,49.1634407043457,2123300,0.0,0.0,0.0
2024-08-21 00:00:00-04:00,49.36544418334961,49.432777894344255,49.19229930667423,49.36544418334961,1439000,0.0,0.0,0.0
2024-08-22 00:00:00-04:00,49.461627183513144,49.52896455443472,49.18267484986215,49.35581970214844,1550000,0.0,0.0,0.0
2024-08-23 00:00:00-04:00,49.548206445762425,49.884878669174476,49.46163400767499,49.84640121459961,1903900,0.0,0.0,0.0
2024-08-26 00:00:00-04:00,49.981061234203885,50.211922258051466,49.90411000586235,49.961822509765625,1612200,0.0,0.0,0.0
2024-08-27 00:00:00-04:00,49.95220898786423,50.03878142007278,49.87525408394028,50.0195426940918,1212500,0.0,0.0,0.0
2024-08-28 00:00:00-04:00,49.9714437066905,50.192683533613206,49.730965155329535,49.961822509765625,1553300,0.0,0.0,0.0
2024-08-29 00:00:00-04:00,50.173444046411404,50.36582761845775,49.79829809909731,50.154205322265625,2116400,0.0,0.0,0.0
2024-08-30 00:00:00-04:00,50.298494330655885,50.60630658068681,50.04839458412359,50.56782913208008,1909900,0.0,0.0,0.0
2024-09-03 00:00:00-04:00,50.34658889431197,50.519733742212544,49.971442946997875,50.154205322265625,3435300,0.0,0.0,0.0
2024-09-04 00:00:00-04:00,50.134972295305786,50.433167049334145,49.95220989926948,50.1253547668457,1879300,0.0,0.0,0.0
2024-09-05 00:00:00-04:00,50.20230826345686,50.26002444505194,49.53858868746746,49.73097229003906,2401800,0.0,0.0,0.0
2024-09-06 00:00:00-04:00,49.769448665174096,49.971449792258426,49.182680341290336,49.26925277709961,2170800,0.0,0.0,0.0
2024-09-09 00:00:00-04:00,49.52896999896608,50.00030596134862,49.43277636522643,49.80792236328125,1415800,0.0,0.0,0.0
2024-09-10 00:00:00-04:00,49.86563763018361,49.894493885071014,49.37506295003853,49.702110290527344,17546300,0.0,0.0,0.0
2024-09-11 00:00:00-04:00,49.567443316170845,49.625159495871,48.682483910573126,49.577064514160156,3319000,0.0,0.0,0.0
2024-09-12 00:00:00-04:00,49.62515871438792,49.769447326660156,49.288490178301835,49.769447326660156,3793200,0.0,0.0,0.0
2024-09-13 00:00:00-04:00,49.894496127036355,50.173452168188724,49.817544887408275,50.08687973022461,2176800,0.0,0.0,0.0
2024-09-16 00:00:00-04:00,50.28887808317446,50.52935665651697,50.2215443761915,50.490882873535156,1836500,0.0,0.0,0.0
2024-09-17 00:00:00-04:00,50.548589482400736,50.740973052501026,50.30811093712822,50.46201705932617,1705700,0.0,0.0,0.0
2024-09-18 00:00:00-04:00,50.471647544565066,50.904506070187665,50.2696427406075,50.31774139404297,2661000,0.0,0.0,0.0
2024-09-19 00:00:00-04:00,50.85640290680719,50.885262828109276,50.51011320647406,50.683258056640625,1482000,0.0,0.0,0.0
2024-09-20 00:00:00-04:00,50.53897548655502,50.615926718325284,50.34659190301187,50.58707046508789,1176200,0.0,0.0,0.0
2024-09-23 00:00:00-04:00,50.73791819245359,50.853955849162254,50.64121707122087,50.824947357177734,1562100,0.276,0.0,0.0
2024-09-24 00:00:00-04:00,50.84429463708999,50.931320125120074,50.67990455256725,50.78627395629883,2197800,0.0,0.0,0.0
2024-09-25 00:00:00-04:00,50.844294378776,50.91198332830291,50.409148496980805,50.496177673339844,2136000,0.0,0.0,0.0
2024-09-26 00:00:00-04:00,50.621881763803906,50.82495229373126,50.621881763803906,50.7765998840332,1507400,0.0,0.0,0.0
2024-09-27 00:00:00-04:00,50.950660705566406,51.23108846484608,50.882971755225945,50.950660705566406,1556300,0.0,0.0,0.0
2024-09-30 00:00:00-04:00,50.950657379900754,51.16339617495403,50.67990159621178,51.115047454833984,1347500,0.0,0.0,0.0
2024-10-01 00:00:00-04:00,51.03768253189966,51.12471169676969,50.75725850178122,50.969993591308594,2017800,0.0,0.0,0.0
2024-10-02 00:00:00-04:00,50.93131621196658,51.02801733918878,50.68956892706732,50.91197967529297,1231300,0.0,0.0,0.0
2024-10-03 00:00:00-04:00,50.76693000383582,50.82495068036913,50.50584249259216,50.660560607910156,2213300,0.0,0.0,0.0
2024-10-04 00:00:00-04:00,50.90231466768104,51.018352347419025,50.63155885203529,50.99901580810547,1382300,0.0,0.0,0.0
2024-10-07 00:00:00-04:00,50.91198494170391,50.92165321104082,50.45749881867392,50.61221694946289,1276700,0.0,0.0,0.0
2024-10-08 00:00:00-04:00,50.68956997017121,50.76693087354093,50.52518358366692,50.71858215332031,1647800,0.0,0.0,0.0
2024-10-09 00:00:00-04:00,50.70891330327701,51.1343909203404,50.60254758778228,51.07637023925781,1933200,0.0,0.0,0.0
2024-10-10 00:00:00-04:00,51.047362806056675,51.08604326091717,50.79594353823464,50.882972717285156,1307800,0.0,0.0,0.0
2024-10-11 00:00:00-04:00,51.04735783039393,51.501840220006486,51.04735783039393,51.47283172607422,1121100,0.0,0.0,0.0
2024-10-14 00:00:00-04:00,51.50184078385169,51.84028920144053,51.36646289232451,51.78226852416992,1187700,0.0,0.0,0.0
2024-10-15 00:00:00-04:00,51.76292822412195,52.091704683975045,51.59854183858085,51.63722229003906,1603700,0.0,0.0,0.0
2024-10-16 00:00:00-04:00,51.762924615053066,52.11104127636351,51.70490763068174,52.05302429199219,2072400,0.0,0.0,0.0
2024-10-17 00:00:00-04:00,52.09170724368829,52.14972792372667,51.89830866566474,51.956329345703125,1661900,0.0,0.0,0.0
2024-10-18 00:00:00-04:00,51.99500759246506,52.11104525884628,51.7919407541052,52.072364807128906,2077600,0.0,0.0,0.0
2024-10-21 00:00:00-04:00,52.0433570947787,52.08203754707733,51.53085401252029,51.588871002197266,2162700,0.0,0.0,0.0
2024-10-22 00:00:00-04:00,51.40514124801101,51.56953131585663,51.211742687098244,51.50183868408203,2089200,0.0,0.0,0.0
2024-10-23 00:00:00-04:00,51.366462040859666,51.53085211268261,51.18273543237127,51.4534912109375,1507800,0.0,0.0,0.0
2024-10-24 00:00:00-04:00,51.43415444373537,51.50184339292808,51.13439015124514,51.28910827636719,1193100,0.0,0.0,0.0
2024-10-25 00:00:00-04:00,51.472831458098426,51.53085213443175,50.873299224404086,50.91197967529297,1840300,0.0,0.0,0.0
2024-10-28 00:00:00-04:00,51.02801732836336,51.24075611943624,51.01834537125778,51.182735443115234,1062000,0.0,0.0,0.0
2024-10-29 00:00:00-04:00,50.98934337861904,51.12472128519125,50.80561674666695,50.834625244140625,10373600,0.0,0.0,0.0
2024-10-30 00:00:00-04:00,50.7572654602888,51.0473614867024,50.70891304857727,50.78627395629883,12845400,0.0,0.0,0.0
2024-10-31 00:00:00-04:00,50.72825301778322,50.88297114366917,50.4671654887061,50.496177673339844,2019600,0.0,0.0,0.0
2024-11-01 00:00:00-04:00,50.73792526515875,50.931320157041625,50.47683773459154,50.51551818847656,2454200,0.0,0.0,0.0
2024-11-04 00:00:00-05:00,50.57352437889959,50.6605535371674,50.244747968640134,50.4284782409668,1480100,0.0,0.0,0.0
2024-11-05 00:00:00-05:00,50.4381553441753,50.93131820157582,50.351126170660976,50.92164993286133,1283700,0.0,0.0,0.0
2024-11-06 00:00:00-05:00,52.24642841997485,52.265768647783936,51.753265521542545,52.169071197509766,2052600,0.0,0.0,0.0
2024-11-07 00:00:00-05:00,52.246424403534455,52.26576462985676,51.92731989114382,52.024017333984375,1602400,0.0,0.0,0.0
2024-11-08 00:00:00-05:00,52.15939606964944,52.48817254488264,52.05303035631989,52.3527946472168,1626800,0.0,0.0,0.0
2024-11-11 00:00:00-05:00,52.52684995447908,52.807277691263806,52.488169503452745,52.536521911621094,1878100,0.0,0.0,0.0
2024-11-12 00:00:00-05:00,52.53652188507356,52.546190153439845,52.05302731380112,52.140052795410156,1428800,0.0,0.0,0.0
2024-11-13 00:00:00-05:00,52.23675566008391,52.39147378048548,52.08203753968234,52.25609588623047,1847900,0.0,0.0,0.0
2024-11-14 00:00:00-05:00,52.323783980613875,52.333452249144116,51.88863812133531,51.92731857299805,1553400,0.0,0.0,0.0
2024-11-15 00:00:00-05:00,51.8209466942484,51.95632457981552,51.64688835887047,51.753257751464844,2220300,0.0,0.0,0.0
2024-11-18 00:00:00-05:00,51.801605887631574,52.07236165572534,51.73391694560814,51.98533248901367,1351900,0.0,0.0,0.0
2024-11-19 00:00:00-05:00,51.695239063648025,51.88863763136461,51.472832001843756,51.7629280090332,3159900,0.0,0.0,0.0
2024-11-20 00:00:00-05:00,51.82095423139569,51.9079834117427,51.53085819316275,51.87897491455078,2522000,0.0,0.0,0.0
2024-11-21 00:00:00-05:00,51.965998992422506,52.565531237739435,51.84995763750628,52.46883010864258,1828000,0.0,0.0,0.0
2024-11-22 00:00:00-05:00,52.52685826147317,52.91365545536594,52.50751803290139,52.86530303955078,2128600,0.0,0.0,0.0
2024-11-25 00:00:00-05:00,53.1553945509564,53.3971418375243,53.058693423066735,53.22308349609375,6454300,0.0,0.0,0.0
2024-11-26 00:00:00-05:00,53.16505929934347,53.29076891289148,52.91364376101805,53.2424201965332,1695800,0.0,0.0,0.0
2024-11-27 00:00:00-05:00,53.3584586009511,53.54218520119431,53.271429434778916,53.300437927246094,1127400,0.0,0.0,0.0
2024-11-29 00:00:00-05:00,53.387471112698385,53.59053795279783,53.34879066064965,53.445491790771484,677300,0.0,0.0,0.0
2024-12-02 00:00:00-05:00,53.43582052617033,53.455160752445444,52.95232593560546,53.08770751953125,2007800,0.0,0.0,0.0
2024-12-03 00:00:00-05:00,53.194068992299094,53.24242139851957,52.797603607177734,52.797603607177734,1891900,0.0,0.0,0.0
2024-12-04 00:00:00-05:00,52.78793696105509,52.79760522933381,52.47850073334449,52.642887115478516,2082700,0.0,0.0,0.0
2024-12-05 00:00:00-05:00,52.63322076374181,52.7589303885676,52.49784287028524,52.507511138916016,1617900,0.0,0.0,0.0
2024-12-06 00:00:00-05:00,52.604212196702406,52.65256091733167,52.30444422676748,52.362464904785156,1321000,0.0,0.0,0.0
2024-12-09 00:00:00-05:00,52.459163786336426,52.48817228175624,52.04335813772092,52.06269836425781,2520600,0.0,0.0,0.0
2024-12-10 00:00:00-05:00,52.101382162279315,52.101382162279315,51.68557648696878,51.898311614990234,1679100,0.0,0.0,0.0
2024-12-11 00:00:00-05:00,51.985336033312336,51.985336033312336,51.675899794745135,51.69524002075195,2424900,0.0,0.0,0.0
2024-12-12 00:00:00-05:00,51.70491132520262,51.77260027098623,51.501840799080924,51.511512756347656,1905900,0.0,0.0,0.0
2024-12-13 00:00:00-05:00,51.530852781476014,51.530852781476014,51.2600933106249,51.36646270751953,1626100,0.0,0.0,0.0
2024-12-16 00:00:00-05:00,51.376136515041395,51.48250591576688,51.028019817674725,51.08604049682617,2589700,0.0,0.0,0.0
2024-12-17 00:00:00-05:00,50.88296787031925,50.98933726666757,50.689569303210554,50.80561065673828,2398300,0.0,0.0,0.0
2024-12-18 00:00:00-05:00,50.815282847683314,50.95066074847824,49.54852932844122,49.59687805175781,3807400,0.0,0.0,0.0
2024-12-19 00:00:00-05:00,49.799945971522156,50.032025012701205,49.403480529785156,49.403480529785156,4366700,0.0,0.0,0.0
2024-12-20 00:00:00-05:00,49.33579095753417,50.31244845678044,49.297110503028875,50.03202438354492,3115100,0.0,0.0,0.0
2024-12-23 00:00:00-05:00,49.914220536861514,50.167343482918696,49.709774651912824,50.10893249511719,2893700,0.349,0.0,0.0
2024-12-24 00:00:00-05:00,50.15761135858942,50.54703157527249,50.079725086959705,50.517826080322266,1337700,0.0,0.0,0.0
2024-12-26 00:00:00-05:00,50.4107351743282,50.66386184762419,50.35232418343059,50.61518478393555,1799400,0.0,0.0,0.0
2024-12-27 00:00:00-05:00,50.36205315722603,50.566499032902975,50.011572391024664,50.30363845825195,2234300,0.0,0.0,0.0
2024-12-30 00:00:00-05:00,49.86554767480308,49.914224740010546,49.43718058780456,49.74871826171875,1924700,0.0,0.0,0.0
2024-12-31 00:00:00-05:00,49.846069575598214,50.00183839214796,49.60268056762539,49.787654876708984,2945100,0.0,0.0,0.0
2025-01-02 00:00:00-05:00,50.031046421706414,50.12840425812538,49.3203509280457,49.5345344543457,3848800,0.0,0.0,0.0
2025-01-03 00:00:00-05:00,49.768190267082716,49.99210774005864,49.56374436312497,49.93369674682617,1792200,0.0,0.0,0.0
2025-01-06 00:00:00-05:00,50.128406078553496,50.439943738764335,49.875279408493526,49.94342803955078,2564000,0.0,0.0,0.0
2025-01-07 00:00:00-05:00,50.14787068759928,50.30363950762473,49.680564227522936,49.82659912109375,2103300,0.0,0.0,0.0
2025-01-08 00:00:00-05:00,49.768186707870214,49.88501611362411,49.476120621129056,49.87527847290039,1857600,0.0,0.0,0.0
2025-01-10 00:00:00-05:00,49.61241780841721,49.61241780841721,48.99908014130075,49.08669662475586,2303400,0.0,0.0,0.0
2025-01-13 00:00:00-05:00,48.940667740315924,49.43717973902271,48.911462244457276,49.40797424316406,2528200,0.0,0.0,0.0
2025-01-14 00:00:00-05:00,49.59295001979695,49.68057022375049,49.28141234214482,49.631893157958984,2123400,0.0,0.0,0.0
2025-01-15 00:00:00-05:00,50.24523145579235,50.401000284915376,50.099196553692465,50.274436950683594,1928400,0.0,0.0,0.0
2025-01-16 00:00:00-05:00,50.24522747309942,50.36205315722603,50.06998708999874,50.30363845825195,2742400,0.0,0.0,0.0
2025-01-17 00:00:00-05:00,50.66385657561601,50.76121069286276,50.54702717833408,50.634647369384766,1810400,0.0,0.0,0.0
2025-01-21 00:00:00-05:00,50.7125370736637,51.01434079971199,50.7125370736637,50.994869232177734,2996700,0.0,0.0,0.0
2025-01-22 00:00:00-05:00,51.02407114910187,51.07274820761372,50.87803625974484,50.93645095825195,2301200,0.0,0.0,0.0
2025-01-23 00:00:00-05:00,51.01433955913342,51.26746250327969,50.936453290890455,51.257728576660156,2343400,0.0,0.0,0.0
2025-01-24 00:00:00-05:00,51.22851978299842,51.306406051870574,51.09222252629386,51.170108795166016,1768900,0.0,0.0,0.0
2025-01-27 00:00:00-05:00,50.994865853747996,51.695823669433594,50.994865853747996,51.695823669433594,3517600,0.0,0.0,0.0
2025-01-28 00:00:00-05:00,51.59847683196853,51.793188808061124,51.47191349043504,51.51085662841797,3828900,0.0,0.0,0.0
2025-01-29 00:00:00-05:00,51.50111548257883,51.68608979133918,51.31613745999696,51.4232292175293,3027300,0.0,0.0,0.0
2025-01-30 00:00:00-05:00,51.42323015792585,51.65688524352586,51.23825584578281,51.49137878417969,1808000,0.0,0.0,0.0
2025-01-31 00:00:00-05:00,51.6666217789396,51.70556491414305,51.121429027556644,51.209049224853516,2365000,0.0,0.0,0.0
2025-02-03 00:00:00-05:00,50.62491215294259,51.12142408036118,50.38152315220729,50.92671585083008,3718200,0.0,0.0,0.0
2025-02-04 00:00:00-05:00,50.7125329424746,51.1311623258039,50.70279901641131,51.05327606201172,2595100,0.0,0.0,0.0
2025-02-05 00:00:00-05:00,51.02407220967504,51.25772729473869,50.780683198235295,51.247989654541016,2860100,0.0,0.0,0.0
2025-02-06 00:00:00-05:00,51.345351656122425,51.3648195104552,50.96566164783938,51.18958282470703,2061300,0.0,0.0,0.0
2025-02-07 00:00:00-05:00,51.19931637853395,51.24799344165471,50.683332824574556,50.73200988769531,2269200,0.0,0.0,0.0
2025-02-10 00:00:00-05:00,50.98513200763451,50.98513200763451,50.73200905526678,50.907249450683594,2155500,0.0,0.0,0.0
2025-02-11 00:00:00-05:00,50.8390969636656,51.209045580303766,50.81962539744966,51.179840087890625,1848200,0.0,0.0,0.0
2025-02-12 00:00:00-05:00,50.79042460426524,51.08249443206188,50.71254204032237,51.004608154296875,2606800,0.0,0.0,0.0
2025-02-13 00:00:00-05:00,51.1214268551907,51.4329682097578,50.985129601592256,51.40375900268555,1745300,0.0,0.0,0.0
2025-02-14 00:00:00-05:00,51.42323098239919,51.59847137095344,51.28693372770625,51.316139221191406,1282700,0.0,0.0,0.0
2025-02-18 00:00:00-05:00,51.28693763537188,51.559532165527344,51.21878900283301,51.559532165527344,2143700,0.0,0.0,0.0
2025-02-19 00:00:00-05:00,51.4913811803995,51.8223904006742,51.43297019164746,51.783447265625,2096000,0.0,0.0,0.0
2025-02-20 00:00:00-05:00,51.686093141823754,51.812656473822784,51.5303243154487,51.783447265625,1263600,0.0,0.0,0.0
2025-02-21 00:00:00-05:00,51.68609310097572,51.705564668484925,51.20904898155439,51.26746368408203,1836200,0.0,0.0,0.0
2025-02-24 00:00:00-05:00,51.34534978186826,51.5303241018526,51.21878645039384,51.296669006347656,1720700,0.0,0.0,0.0
2025-02-25 00:00:00-05:00,51.35508610011591,51.53032650144955,51.12143099373042,51.34535217285156,1983900,0.0,0.0,0.0
2025-02-26 00:00:00-05:00,51.35508258528141,51.41349728633526,50.9072476853336,51.014339447021484,2561000,0.0,0.0,0.0
2025-02-27 00:00:00-05:00,51.09222307600175,51.36481759234375,50.74174228994961,50.78068542480469,4578600,0.0,0.0,0.0
2025-02-28 00:00:00-05:00,50.90724814759044,51.4719087409516,50.615182067312475,51.44270324707031,7303700,0.0,0.0,0.0
2025-03-03 00:00:00-05:00,51.56926901952603,51.734771777788026,50.66386152810414,50.94619369506836,3244900,0.0,0.0,0.0
2025-03-04 00:00:00-05:00,50.71253836453105,50.809892490858665,50.05051990680205,50.18681716918945,3969800,0.0,0.0,0.0
2025-03-05 00:00:00-05:00,50.09919397323204,50.732006897974784,49.86554259849311,50.556766510009766,4034200,0.0,0.0,0.0
2025-03-06 00:00:00-05:00,50.16734154789393,50.5080883901537,49.93369017805675,50.2452278137207,2830900,0.0,0.0,0.0
2025-03-07 00:00:00-05:00,50.089464578729626,50.770954625384704,50.06999301010268,50.65412521362305,2690600,0.0,0.0,0.0
2025-03-10 00:00:00-04:00,50.167338243807784,50.42046487725197,49.47611439231714,49.85580062866211,2479100,0.0,0.0,0.0
2025-03-11 00:00:00-04:00,49.73897840160292,49.76818389447951,48.901719610139104,49.12563705444336,5101800,0.0,0.0,0.0
2025-03-12 00:00:00-04:00,49.23272750395919,49.291142201980286,48.59018068101308,48.87251281738281,3326500,0.0,0.0,0.0
2025-03-13 00:00:00-04:00,48.882248632956795,49.06722666026294,48.35652747191031,48.463619232177734,2375000,0.0,0.0,0.0
2025-03-14 00:00:00-04:00,48.697276858875426,49.33982374016508,48.65833372332531,49.27167510986328,2987500,0.0,0.0,0.0
2025-03-17 00:00:00-04:00,49.22299934736708,49.98237194154108,49.22299934736708,49.79739761352539,2780400,0.0,0.0,0.0
2025-03-18 00:00:00-04:00,49.72924464343129,49.7973932695882,49.407969365415894,49.641624450683594,2112500,0.0,0.0,0.0
2025-03-19 00:00:00-04:00,49.7097755472252,50.11866732448704,49.53453515302105,49.904483795166016,1956400,0.0,0.0,0.0
2025-03-20 00:00:00-04:00,49.65136125877708,50.089462247942414,49.573474987893555,49.816864013671875,1790800,0.0,0.0,0.0
2025-03-21 00:00:00-04:00,49.456647430755886,49.73897958133137,49.27167311511418,49.680564880371094,1934000,0.0,0.0,0.0
2025-03-24 00:00:00-04:00,50.1006748847608,50.325384958152576,50.00297614918798,50.24722671508789,1854600,0.18,0.0,0.0
2025-03-25 00:00:00-04:00,50.28630931510046,50.38400805381097,50.06159923449189,50.22768783569336,1558100,0.0,0.0,0.0
2025-03-26 00:00:00-04:00,50.31561598565276,50.50124507185258,50.07136542261561,50.20814514160156,1822400,0.0,0.0,0.0
2025-03-27 00:00:00-04:00,50.159295774387694,50.40354633742484,49.973666688187876,50.20814514160156,1592400,0.0,0.0,0.0
2025-03-28 00:00:00-04:00,50.09091047967881,50.159300345404155,49.41678020597121,49.46562957763672,1655800,0.0,0.0,0.0
2025-03-31 00:00:00-04:00,49.192061193794714,50.08113308131917,49.16275231928364,49.895503997802734,2570600,0.0,0.0,0.0
2025-04-01 00:00:00-04:00,49.739185396977085,50.03228533246775,49.426544968857996,49.8759651184082,2045900,0.0,0.0,0.0
2025-04-02 00:00:00-04:00,49.51447382231291,50.227685010290536,49.51447382231291,50.10067367553711,2041100,0.0,0.0,0.0
2025-04-03 00:00:00-04:00,48.791492589708966,48.98689379137575,47.990351017146295,48.009891510009766,2984400,0.0,0.0,0.0
2025-04-04 00:00:00-04:00,46.96450066733227,47.14036138100434,45.2058972575796,45.26451873779297,9461600,0.0,0.0,0.0
2025-04-07 00:00:00-04:00,44.04326614205459,46.388069461496286,43.36913215955355,44.824867248535156,15276700,0.0,0.0,0.0
2025-04-08 00:00:00-04:00,46.09496909053475,46.280598186947316,43.45706211921026,44.072574615478516,9652400,0.0,0.0,0.0
2025-04-09 00:00:00-04:00,43.62315352842804,47.59955253135008,43.58407254254464,47.36507034301758,7267100,0.0,0.0,0.0
2025-04-10 00:00:00-04:00,46.56392419384215,46.62254566690959,44.74669952539488,45.99726486206055,9610400,0.0,0.0,0.0
2025-04-11 00:00:00-04:00,45.84094620077528,46.95473195521956,45.57715885908291,46.75933074951172,3181300,0.0,0.0,0.0
2025-04-14 00:00:00-04:00,47.46277277685192,47.57023989750947,46.86680078690544,47.29668045043945,2743400,0.0,0.0,0.0
2025-04-15 00:00:00-04:00,47.3357618151434,47.57024027823205,47.05243025585731,47.062198638916016,2633300,0.0,0.0,0.0
2025-04-16 00:00:00-04:00,46.87657357176379,47.14036466062421,46.0265825478591,46.34899139404297,4013100,0.0,0.0,0.0
2025-04-17 00:00:00-04:00,46.2903655870559,46.827716055231974,46.2610529865232,46.446685791015625,2549000,0.0,0.0,0.0
2025-04-21 00:00:00-04:00,46.13404752033708,46.153588012608246,45.11796428404321,45.54784393310547,2487200,0.0,0.0,0.0
2025-04-22 00:00:00-04:00,46.026581601664766,46.749561258225455,45.97773222924335,46.6127815246582,3628100,0.0,0.0,0.0
2025-04-23 00:00:00-04:00,47.39438012876531,47.89265339092413,46.86680171708329,47.03289031982422,2685000,0.0,0.0,0.0
2025-04-24 00:00:00-04:00,47.09150782990402,47.755869638797265,46.896106640176406,47.67770767211914,3649100,0.0,0.0,0.0
2025-04-25 00:00:00-04:00,47.56046844906965,47.70702027310729,47.218519162272116,47.67770767211914,2749700,0.0,0.0,0.0
2025-04-28 00:00:00-04:00,47.794950778715375,47.970811491062896,47.39437998436113,47.814491271972656,2979300,0.0,0.0,0.0
2025-04-29 00:00:00-04:00,47.638631229672875,48.166213374136,47.59955396957669,48.05874252319336,1618100,0.0,0.0,0.0
2025-04-30 00:00:00-04:00,47.74609887594751,48.2443721101529,47.1598990172012,48.09782028198242,2819000,0.0,0.0,0.0
2025-05-01 00:00:00-04:00,48.28344999097044,48.5765536510954,48.0978209029301,48.205291748046875,2925700,0.0,0.0,0.0
2025-05-02 00:00:00-04:00,48.60586664896733,48.82080835743177,48.390924940502885,48.68402862548828,2782100,0.0,0.0,0.0
2025-05-05 00:00:00-04:00,48.459311350668486,48.6351720583312,48.254141767384624,48.38115310668945,2934500,0.0,0.0,0.0
2025-05-06 00:00:00-04:00,48.117364003789724,48.44954493989969,47.95127539921877,48.05874252319336,2614600,0.0,0.0,0.0
2025-05-07 00:00:00-04:00,48.254142791262844,48.517933858354155,48.01966432738256,48.322532653808594,1939100,0.0,0.0,0.0
2025-05-08 00:00:00-04:00,48.596093837076175,49.07482285525431,48.40069264054787,48.57655334472656,2386400,0.0,0.0,0.0
2025-05-09 00:00:00-04:00,48.7621851122998,48.78172560572365,48.46908516487807,48.5667839050293,2120700,0.0,0.0,0.0
2025-05-12 00:00:00-04:00,49.80757801228088,49.8661994934082,49.51447806058044,49.8661994934082,2258800,0.0,0.0,0.0
2025-05-13 00:00:00-04:00,49.77826522705855,49.88573607053695,49.65125389140518,49.66102600097656,4802200,0.0,0.0,0.0
2025-05-14 00:00:00-04:00,49.651253668693876,49.651253668693876,49.279991772970455,49.3874626159668,3576100,0.0,0.0,0.0
2025-05-15 00:00:00-04:00,49.279993687670775,49.846656799316406,49.27022530473147,49.846656799316406,2504000,0.0,0.0,0.0
2025-05-16 00:00:00-04:00,49.885743360444685,50.23746109008789,49.709882632138914,50.23746109008789,1724600,0.0,0.0,0.0
2025-05-19 00:00:00-04:00,49.89550807117251,50.33515985956981,49.836886590396844,50.305850982666016,2351700,0.0,0.0,0.0
2025-05-20 00:00:00-04:00,50.159298529896425,50.30585036655669,49.983437816691314,50.19837951660156,2234000,0.0,0.0,0.0
2025-05-21 00:00:00-04:00,49.85642647412087,49.94435683072473,49.231145594701474,49.27999496459961,2681400,0.0,0.0,0.0
2025-05-22 00:00:00-04:00,49.20183560144488,49.397236803570514,48.94781292059117,49.133445739746094,2718200,0.0,0.0,0.0
2025-05-23 00:00:00-04:00,48.60586454026912,49.00643533514035,48.53747467726437,48.86965560913086,3159200,0.0,0.0,0.0
2025-05-27 00:00:00-04:00,49.36792444620266,49.709877483364856,49.21160422911844,49.680564880371094,1912800,0.0,0.0,0.0
2025-05-28 00:00:00-04:00,49.72942329587823,49.768500559103366,49.26045886749296,49.3190803527832,1874200,0.0,0.0,0.0
2025-05-29 00:00:00-04:00,49.57309769817247,49.58286608117971,49.1139054305052,49.543785095214844,2012900,0.0,0.0,0.0
2025-05-30 00:00:00-04:00,49.43631099463871,49.690333659728985,49.13344269075809,49.51447296142578,2772000,0.0,0.0,0.0
2025-06-02 00:00:00-04:00,49.41677868030994,49.690338134765625,49.133447115641964,49.690338134765625,2771800,0.0,0.0,0.0
2025-06-03 00:00:00-04:00,49.60240844668087,49.96389826308243,49.50470597808039,49.93458938598633,2593600,0.0,0.0,0.0
2025-06-04 00:00:00-04:00,50.00297919420789,50.07136905866715,49.79780960083008,49.79780960083008,1775400,0.0,0.0,0.0
2025-06-05 00:00:00-04:00,49.95412920597705,50.00297857613441,49.592635667482845,49.690338134765625,3093400,0.0,0.0,0.0
2025-06-06 00:00:00-04:00,50.07136542261561,50.30584760299711,50.012743945778276,50.20814514160156,4346100,0.0,0.0,0.0
2025-06-09 00:00:00-04:00,50.296073322959664,50.46216563668085,50.149525227642016,50.25699234008789,2743500,0.0,0.0,0.0
2025-06-10 00:00:00-04:00,50.256995811163684,50.618489337243155,50.256995811163684,50.55986785888672,2409700,0.0,0.0,0.0
2025-06-11 00:00:00-04:00,50.62826204887378,50.62826204887378,50.20815073548623,50.39378356933594,3771000,0.0,0.0,0.0
2025-06-12 00:00:00-04:00,50.27653630394916,50.55986785888672,50.159297074204204,50.55986785888672,2321700,0.0,0.0,0.0
2025-06-13 00:00:00-04:00,50.25699606186991,50.452397263731534,49.9443556296785,50.05182647705078,5293400,0.0,0.0,0.0
2025-06-16 00:00:00-04:00,50.296076147328776,50.57940769860805,50.24722677947976,50.38400650024414,2499600,0.0,0.0,0.0
2025-06-17 00:00:00-04:00,50.20814990603193,50.305852376698816,49.905281564385014,49.944358825683594,2188300,0.0,0.0,0.0
2025-06-18 00:00:00-04:00,50.05182644603666,50.25699603072866,49.9345872157795,49.983436584472656,2209200,0.0,0.0,0.0
2025-06-20 00:00:00-04:00,50.237460545573924,50.3547035144859,49.97367318294275,50.06160354614258,2555100,0.0,0.0,0.0
2025-06-23 00:00:00-04:00,50.221638894214884,50.476918296514334,49.897626532548124,50.44746398925781,2556100,0.253,0.0,0.0
2025-06-24 00:00:00-04:00,50.65365377354135,50.92857064079409,50.57510395691976,50.830387115478516,3392700,0.0,0.0,0.0
2025-06-25 00:00:00-04:00,50.84020578350077,50.85002638365951,50.55547205174343,50.7027473449707,2186200,0.0,0.0,0.0
2025-06-26 00:00:00-04:00,50.76165507155632,51.01693447043619,50.76165507155632,50.98748016357422,1483100,0.0,0.0,0.0
2025-06-27 00:00:00-04:00,51.07584841909356,51.340948425484754,50.91875253517225,51.164215087890625,6183500,0.0,0.0,0.0
2025-06-30 00:00:00-04:00,51.282037226401336,51.47840802211761,51.08566643068506,51.39004135131836,3448300,0.0,0.0,0.0
2025-07-01 00:00:00-04:00,51.33112769139566,52.057698493540904,51.33112769139566,51.91041946411133,2701700,0.0,0.0,0.0
2025-07-02 00:00:00-04:00,51.910418083112056,52.028242801705694,51.772959656880694,51.98896789550781,2028500,0.0,0.0,0.0
2025-07-03 00:00:00-04:00,52.08715155676719,52.35225155612983,52.067514103615004,52.24424743652344,1012800,0.0,0.0,0.0
2025-07-07 00:00:00-04:00,52.17551831651173,52.214793222886314,51.62568460911237,51.87114715576172,2318000,0.0,0.0,0.0
2025-07-08 00:00:00-04:00,51.82205122973297,52.067513774391365,51.77295946989353,51.92023849487305,2050400,0.0,0.0,0.0
2025-07-09 00:00:00-04:00,52.05770492553711,52.09697983763245,51.733692518943165,52.05770492553711,1750000,0.0,0.0,0.0
2025-07-10 00:00:00-04:00,52.03806058784271,52.43080216593547,51.95951077403965,52.33261489868164,1808600,0.0,0.0,0.0
2025-07-11 00:00:00-04:00,52.047877912388046,52.195156941869655,51.91041948245124,52.09697341918945,1452300,0.0,0.0,0.0
2025-07-14 00:00:00-04:00,51.96933383171838,52.08715481253479,51.86132970536106,52.038063049316406,1835000,0.0,0.0,0.0
2025-07-15 00:00:00-04:00,52.05769632721987,52.13624239297542,51.527496337890625,51.527496337890625,1959700,0.0,0.0,0.0
2025-07-16 00:00:00-04:00,51.704230840924524,51.79259750781792,51.25258065256325,51.75332260131836,3477000,0.0,0.0,0.0
2025-07-17 00:00:00-04:00,51.67477674136639,52.02824341035992,51.655139288037724,52.00860595703125,1595400,0.0,0.0,0.0
2025-07-18 00:00:00-04:00,52.14606516210639,52.14606516210639,51.812235941465815,51.91041946411133,1668700,0.0,0.0,0.0
2025-07-21 00:00:00-04:00,52.00860516076852,52.21479279937088,51.90060104184503,51.92023849487305,3468000,0.0,0.0,0.0
2025-07-22 00:00:00-04:00,51.959509216821544,52.38170508970667,51.959509216821544,52.34243392944336,1959200,0.0,0.0,0.0
2025-07-23 00:00:00-04:00,52.52898722236295,52.695899963378906,52.37189133562855,52.695899963378906,2755700,0.0,0.0,0.0
2025-07-24 00:00:00-04:00,52.62717056274414,52.833361956548416,52.587899400294084,52.62717056274414,2521700,0.0,0.0,0.0
2025-07-25 00:00:00-04:00,52.65662578518257,52.8137216629202,52.50934676116428,52.784263610839844,1419200,0.0,0.0,0.0
2025-07-28 00:00:00-04:00,52.77444783433641,52.77444783433641,52.47989352574864,52.568260192871094,1311600,0.0,0.0,0.0
2025-07-29 00:00:00-04:00,52.61735237558976,52.6468066830465,52.4209815864685,52.519168853759766,1473400,0.0,0.0,0.0
2025-07-30 00:00:00-04:00,52.528984889038256,52.578076649188105,51.998784890312976,52.24424743652344,2323300,0.0,0.0,0.0
2025-07-31 00:00:00-04:00,52.2737055824482,52.401343409973784,51.76314303596221,51.87114715576172,3888800,0.0,0.0,0.0
2025-08-01 00:00:00-04:00,51.61586748143078,51.645321790462184,51.02675882803385,51.174034118652344,2686300,0.0,0.0,0.0
2025-08-04 00:00:00-04:00,51.38022643539089,51.71405193160284,51.38022643539089,51.7042350769043,1684500,0.0,0.0,0.0
2025-08-05 00:00:00-04:00,51.76314604227828,51.81223780536707,51.50786288147825,51.596229553222656,1877700,0.0,0.0,0.0
2025-08-06 00:00:00-04:00,51.71405211275683,51.90060606183646,51.5765936737265,51.77296447753906,1505700,0.0,0.0,0.0
2025-08-07 00:00:00-04:00,52.13624456256506,52.19515692342915,51.743506726521694,51.91041946411133,1543500,0.0,0.0,0.0
2025-08-08 00:00:00-04:00,52.008604721707705,52.38170508970667,52.008604721707705,52.34243392944336,1954700,0.0,0.0,0.0
2025-08-11 00:00:00-04:00,52.40134373898144,52.4798935522238,52.11661002963099,52.19515609741211,1789300,0.0,0.0,0.0
2025-08-12 00:00:00-04:00,52.34243667604091,52.764632571080185,52.33261607636389,52.7449951171875,1717000,0.0,0.0,0.0
2025-08-13 00:00:00-04:00,52.90209012472434,53.245736198488565,52.88245267115763,53.21628189086914,2121400,0.0,0.0,0.0
2025-08-14 00:00:00-04:00,53.069005455355054,53.21628449157234,52.94136387366417,53.17700958251953,1939300,0.0,0.0,0.0
2025-08-15 00:00:00-04:00,53.31446503982713,53.3341024932563,53.04936503672521,53.07882308959961,1748900,0.0,0.0,0.0
2025-08-18 00:00:00-04:00,53.0886435772937,53.167193396386814,52.98063944877143,53.01009750366211,1645100,0.0,0.0,0.0
2025-08-19 00:00:00-04:00,53.00027442029141,53.32428679067708,52.97082011224229,53.11809539794922,2338800,0.0,0.0,0.0
2025-08-20 00:00:00-04:00,53.1671913288861,53.275191707747055,52.97082053425106,53.06900405883789,2731700,0.0,0.0,0.0
2025-08-21 00:00:00-04:00,52.97081955698696,53.07882367931672,52.774448765974796,52.91190719604492,2607400,0.0,0.0,0.0
2025-08-22 00:00:00-04:00,53.167194594719724,53.766120124227015,53.167194594719724,53.67775344848633,2326200,0.0,0.0,0.0
2025-08-25 00:00:00-04:00,53.56975477330102,53.599209084334426,53.28501728177233,53.29483413696289,1699300,0.0,0.0,0.0
2025-08-26 00:00:00-04:00,53.24573458448494,53.42246791576686,53.17700537181545,53.41265106201172,2004200,0.0,0.0,0.0
2025-08-27 00:00:00-04:00,53.35374028912689,53.64829460153247,53.29482792846125,53.589385986328125,1565000,0.0,0.0,0.0
2025-08-28 00:00:00-04:00,53.66792781601785,53.687565268021956,53.42246528415801,53.63847351074219,2055000,0.0,0.0,0.0
2025-08-29 00:00:00-04:00,53.63847950183313,53.746483627188624,53.520654776648186,53.64829635620117,2300700,0.0,0.0,0.0
2025-09-02 00:00:00-04:00,53.25555614130878,53.38319396972656,53.01991044687527,53.38319396972656,8257500,0.0,0.0,0.0
2025-09-03 00:00:00-04:00,53.35374008409498,53.44210675202321,53.05918577282134,53.334102630615234,2084400,0.0,0.0,0.0
2025-09-04 00:00:00-04:00,53.393017125122995,53.72684635669897,53.27519239953517,53.71702575683594,1979600,0.0,0.0,0.0
2025-09-05 00:00:00-04:00,53.72684397240437,53.84466494730209,53.24573572792499,53.45192337036133,2731000,0.0,0.0,0.0
2025-09-08 00:00:00-04:00,53.42247009277344,53.42247009277344,53.137732631275846,53.42247009277344,3433400,0.0,0.0,0.0
2025-09-09 00:00:00-04:00,53.38319300982395,53.51083458140781,53.324284396370764,53.41265106201172,2264700,0.0,0.0,0.0
2025-09-10 00:00:00-04:00,53.36355698779015,53.36355698779015,52.96099855473372,53.147552490234375,3007200,0.0,0.0,0.0
2025-09-11 00:00:00-04:00,53.245735098323706,53.8446643106188,53.18682273884082,53.805389404296875,2532300,0.0,0.0,0.0
2025-09-12 00:00:00-04:00,53.75629726890426,53.85448078856253,53.648293150003454,53.667930603027344,2033100,0.0,0.0,0.0
2025-09-15 00:00:00-04:00,53.77593472192815,53.834847080999836,53.579563937150425,53.667930603027344,1881200,0.0,0.0,0.0
2025-09-16 00:00:00-04:00,53.71701957329762,53.82502368658971,53.579561154729866,53.63847351074219,3017100,0.0,0.0,0.0
2025-09-17 00:00:00-04:00,53.746485206880436,54.168677375420415,53.53047694982064,53.82503128051758,3419100,0.0,0.0,0.0
2025-09-18 00:00:00-04:00,53.91339771096536,54.10976851236429,53.785756128236834,53.94285202026367,2720600,0.0,0.0,0.0
2025-09-19 00:00:00-04:00,54.09012985229492,54.17849652368214,53.86430474663013,54.09012985229492,2327300,0.0,0.0,0.0
2025-09-22 00:00:00-04:00,53.98753953154489,54.25387719843638,53.92835212903092,54.155235290527344,1563500,0.256,0.0,0.0
2025-09-23 00:00:00-04:00,54.17495992914406,54.480755860242915,54.1256389758565,54.20455551147461,21578500,0.0,0.0,0.0
2025-09-24 00:00:00-04:00,54.27360871483907,54.31306698491366,54.02700017129452,54.09605026245117,2167900,0.0,0.0,0.0
2025-09-25 00:00:00-04:00,54.0467267321322,54.0467267321322,53.68174339574773,53.908626556396484,2708100,0.0,0.0,0.0
2025-09-26 00:00:00-04:00,54.05658911603493,54.35251859995248,54.01713084805991,54.2933349609375,1584200,0.0,0.0,0.0
2025-09-29 00:00:00-04:00,54.4018440246582,54.421569395954975,54.214419130810526,54.4018440246582,3430600,0.0,0.0,0.0
2025-09-30 00:00:00-04:00,54.35251596052187,54.60899092695719,54.214415792263175,54.57939910888672,1476000,0.0,0.0,0.0
2025-10-01 00:00:00-04:00,54.43143626949832,54.77668671410111,54.41170713509993,54.73723220825195,1872900,0.0,0.0,0.0
2025-10-02 00:00:00-04:00,54.61885523301717,54.79641367260445,54.53994246150475,54.72736358642578,2733500,0.0,0.0,0.0
2025-10-03 00:00:00-04:00,54.77668595527777,55.21071938013445,54.756956821152684,54.94438171386719,2134200,0.0,0.0,0.0
2025-10-06 00:00:00-04:00,55.269903729857575,55.269903729857575,54.98384068873649,55.05289077758789,2209900,0.0,0.0,0.0
2025-10-07 00:00:00-04:00,55.16139727389064,55.24031381412574,54.81614681773146,54.973976135253906,2109700,0.0,0.0,0.0
2025-10-08 00:00:00-04:00,55.01343389423443,55.19099234516594,54.845738129266806,55.11207580566406,2591300,0.0,0.0,0.0
2025-10-09 00:00:00-04:00,55.11207228454907,55.171259685393984,54.61885523301717,54.72736358642578,2530600,0.0,0.0,0.0
2025-10-10 00:00:00-04:00,54.796413590166004,54.92465107699667,53.514050010701816,53.53377914428711,6194300,0.0,0.0,0.0
2025-10-13 00:00:00-04:00,53.90862842255586,54.15523696289152,53.790253613872395,53.98754119873047,2726300,0.0,0.0,0.0
2025-10-14 00:00:00-04:00,53.65215102767836,54.579401506050544,53.61269275988645,54.36238479614258,3751900,0.0,0.0,0.0
2025-10-15 00:00:00-04:00,54.569537637025775,54.91478808915547,54.10591237592501,54.549808502197266,2810200,0.0,0.0,0.0
2025-10-16 00:00:00-04:00,54.599130035585056,54.69777571077152,53.88889998898121,54.09605026245117,4625800,0.0,0.0,0.0
2025-10-17 00:00:00-04:00,54.1256417643108,54.5498087577416,54.06645812249572,54.48075866699219,4647300,0.0,0.0,0.0
2025-10-20 00:00:00-04:00,54.697774786173355,55.1811254160995,54.697774786173355,55.09234619140625,1837200,0.0,0.0,0.0
2025-10-21 00:00:00-04:00,55.1811249586892,55.38827898988808,55.131804003812384,55.23044967651367,2257700,0.0,0.0,0.0
2025-10-22 00:00:00-04:00,55.21071603060866,55.21071603060866,54.74709081416537,54.964107513427734,3910400,0.0,0.0,0.0
2025-10-23 00:00:00-04:00,55.09234641581427,55.260042180005776,54.95424623527285,55.18112564086914,2120700,0.0,0.0,0.0
2025-10-24 00:00:00-04:00,55.5066485370843,55.60529044417742,55.43759844952961,55.48691940307617,2047600,0.0,0.0,0.0
2025-10-27 00:00:00-04:00,55.7532551296249,55.92094711844326,55.67433859633572,55.881492614746094,1646800,0.0,0.0,0.0
2025-10-28 00:00:00-04:00,55.98013522034237,55.98013522034237,55.674339294433594,55.674339294433594,3120300,0.0,0.0,0.0
2025-10-29 00:00:00-04:00,55.66447616773708,55.66447616773708,55.10220903577589,55.338951110839844,5072500,0.0,0.0,0.0
2025-10-30 00:00:00-04:00,55.09234957951217,55.477062085473996,55.04302862119334,55.07262420654297,3566700,0.0,0.0,0.0
2025-10-31 00:00:00-04:00,55.26990200762341,55.39813949561476,54.98383897541617,55.2205810546875,3033800,0.0,0.0,0.0
2025-11-03 00:00:00-05:00,55.32908704936091,55.32908704936091,54.73722811347538,55.1219367980957,3072000,0.0,0.0,0.0
2025-11-04 00:00:00-05:00,54.73723122309202,55.04302339339438,54.68790650650997,54.8556022644043,3091700,0.0,0.0,0.0
2025-11-05 00:00:00-05:00,54.85560319674921,55.22058277538481,54.806282242276446,55.05289077758789,3764100,0.0,0.0,0.0
2025-11-06 00:00:00-05:00,54.94438151096783,55.11207350599042,54.658314711631874,54.69777297973633,2294100,0.0,0.0,0.0
2025-11-07 00:00:00-05:00,54.658311597462344,54.97397019841814,54.46102403112813,54.964107513427734,3625400,0.0,0.0,0.0
2025-11-10 00:00:00-05:00,55.19098825466173,55.41786764449279,54.924650598004206,55.338951110839844,2243500,0.0,0.0,0.0
2025-11-11 00:00:00-05:00,55.427732905888675,55.881495469588145,55.388278400175885,55.842037200927734,2714000,0.0,0.0,0.0
2025-11-12 00:00:00-05:00,55.87162753315583,56.18728614813826,55.87162753315583,56.098506927490234,2101300,0.0,0.0,0.0
2025-11-13 00:00:00-05:00,55.94067916408654,56.147829430333914,55.46719122854357,55.5263786315918,3155900,0.0,0.0,0.0
2025-11-14 00:00:00-05:00,55.25017164239936,55.713796868147696,55.092342338753795,55.40800094604492,2730300,0.0,0.0,0.0
2025-11-17 00:00:00-05:00,55.29949911229069,55.41787015518543,54.638586283320834,54.80628204345703,3214200,0.0,0.0,0.0
2025-11-18 00:00:00-05:00,54.530082443520605,54.87533667807449,54.31306947406025,54.5991325378418,7746600,0.0,0.0,0.0
2025-11-19 00:00:00-05:00,54.51034692229448,54.71750094394017,54.19468831010268,54.411705017089844,3223100,0.0,0.0,0.0
2025-11-20 00:00:00-05:00,54.86546463637056,55.04302307879794,53.71133852354016,53.7310676574707,7072000,0.0,0.0,0.0
2025-11-21 00:00:00-05:00,53.908623407852374,54.78654912770906,53.869165141961716,54.49061965942383,4127100,0.0,0.0,0.0
2025-11-24 00:00:00-05:00,54.61885754352556,55.29949951171875,54.39197814177704,55.29949951171875,15297600,0.0,0.0,0.0
2025-11-25 00:00:00-05:00,54.77668565477902,55.417869340010256,54.737231149692875,55.3290901184082,3299800,0.0,0.0,0.0
2025-11-26 00:00:00-05:00,55.43759817410268,55.911086099102825,55.43759817410268,55.71379852294922,2224300,0.0,0.0,0.0
2025-11-28 00:00:00-05:00,55.832171428296924,56.147830055506915,55.80257960791713,56.108375549316406,888600,0.0,0.0,0.0
2025-12-01 00:00:00-05:00,55.85190036646188,56.14782985806214,55.83217123196217,55.86176681518555,4176700,0.0,0.0,0.0
2025-12-02 00:00:00-05:00,55.9209492415082,56.01959491186479,55.73352811225201,55.891357421875,5427700,0.0,0.0,0.0
2025-12-03 00:00:00-05:00,55.86176507521639,56.24647377860868,55.83216949291484,56.187286376953125,3820100,0.0,0.0,0.0
2025-12-04 00:00:00-05:00,56.13796762445673,56.24647598360527,55.83217168166971,56.03932571411133,3121400,0.0,0.0,0.0
2025-12-05 00:00:00-05:00,56.088646669284024,56.30566338758111,55.9998674447941,56.03932571411133,1761600,0.0,0.0,0.0
2025-12-08 00:00:00-05:00,56.08864287020904,56.08864287020904,55.77298426294719,55.881492614746094,1621800,0.0,0.0,0.0
2025-12-09 00:00:00-05:00,55.891357193897136,56.10837390484888,55.77298615289961,55.80257797241211,2311400,0.0,0.0,0.0
2025-12-10 00:00:00-05:00,55.78285066779257,56.453626193688855,55.70393789218883,56.354984283447266,3130300,0.0,0.0,0.0
2025-12-11 00:00:00-05:00,56.32538959417496,56.71996476730049,56.2760686382712,56.71010208129883,2508200,0.0,0.0,0.0
2025-12-12 00:00:00-05:00,56.74955852715274,56.80874593402808,56.33525796786895,56.473358154296875,2584900,0.0,0.0,0.0
2025-12-15 00:00:00-05:00,56.70023203979478,56.73969030719678,56.31552333999397,56.48321533203125,2469300,0.0,0.0,0.0
2025-12-16 00:00:00-05:00,56.48321471328066,56.48321471328066,55.86176394177055,56.059051513671875,3120000,0.0,0.0,0.0
2025-12-17 00:00:00-05:00,56.20701578743718,56.37471154481273,55.91108630359817,55.96040725708008,2382700,0.0,0.0,0.0
2025-12-18 00:00:00-05:00,56.25633841416303,56.48321781728598,55.960408921522124,56.108375549316406,2281600,0.0,0.0,0.0
2025-12-19 00:00:00-05:00,56.128102236171216,56.49308180241353,56.128102236171216,56.32538604736328,2893600,0.0,0.0,0.0
2025-12-22 00:00:00-05:00,56.448382349526305,56.7062717310672,56.378950447428565,56.626922607421875,2287400,0.314,0.0,0.0
2025-12-23 00:00:00-05:00,56.55749271577931,56.67651829735575,56.53765448822407,56.64676284790039,1926800,0.0,0.0,0.0
2025-12-24 00:00:00-05:00,56.636841248291006,56.9939217730306,56.636841248291006,56.9046516418457,1098800,0.0,0.0,0.0
2025-12-26 00:00:00-05:00,56.864978970906286,56.954245318336206,56.75587061237419,56.9046516418457,3216200,0.0,0.0,0.0
2025-12-29 00:00:00-05:00,56.83521630825713,56.94432466020503,56.726107956309235,56.79553985595703,1568800,0.0,0.0,0.0
2025-12-30 00:00:00-05:00,56.73603057861328,56.83521792843627,56.68643690370178,56.73603057861328,1776700,0.0,0.0,0.0
2025-12-31 00:00:00-05:00,56.77570982366422,56.77570982366422,56.30952093231331,56.34919738769531,1774200,0.0,0.0,0.0
2026-01-02 00:00:00-05:00,56.448380721934214,56.60708274840383,56.18057034281271,56.49797439575195,3474300,0.0,0.0,0.0
2026-01-05 00:00:00-05:00,56.63684205751621,57.20221830184699,56.617007613640595,57.0633544921875,4258100,0.0,0.0,0.0
2026-01-06 00:00:00-05:00,56.98400361346073,57.54937984040916,56.94432715941929,57.46010971069336,8876600,0.0,0.0,0.0
2026-01-07 00:00:00-05:00,57.49978610936228,57.57913523361385,56.88481242357681,56.89473342895508,7513000,0.0,0.0,0.0
2026-01-08 00:00:00-05:00,56.75586946859261,57.52954140076687,56.745948463241454,57.420433044433594,2658000,0.0,0.0,0.0
2026-01-09 00:00:00-05:00,57.48986379660642,57.8271060804549,57.41051467415934,57.74775695800781,2168500,0.0,0.0,0.0
2026-01-12 00:00:00-05:00,57.56921927614782,57.74775953932804,57.37084078553036,57.69816207885742,2786700,0.0,0.0,0.0
2026-01-13 00:00:00-05:00,57.7279197132328,57.79735161546289,57.40059464521535,57.569217681884766,4591200,0.0,0.0,0.0
2026-01-14 00:00:00-05:00,57.43035567810164,57.74775975074963,57.43035567810164,57.73783874511719,3304300,0.0,0.0,0.0
2026-01-15 00:00:00-05:00,57.84694290161133,58.025483152473164,57.70807910288651,57.84694290161133,3816600,0.0,0.0,0.0
2026-01-16 00:00:00-05:00,57.78742941390204,57.90645877276524,57.63864839095525,57.70808029174805,3424700,0.0,0.0,0.0
2026-01-20 00:00:00-05:00,57.1030285275198,57.31132423318181,56.686437116195776,56.77570724487305,5943700,0.0,0.0,0.0
2026-01-21 00:00:00-05:00,57.04351213285258,57.72791769339522,56.974080233051836,57.54937744140625,4260400,0.0,0.0,0.0
2026-01-22 00:00:00-05:00,57.668403838793644,57.926296999242446,57.59897193800085,57.70808029174805,2799000,0.0,0.0,0.0
2026-01-23 00:00:00-05:00,57.54937984040916,57.57913528906278,57.29148667289466,57.46010971069336,2730800,0.0,0.0,0.0
2026-01-26 00:00:00-05:00,57.648567411773925,57.76759677435254,57.60889474133598,57.6882438659668,2346800,0.0,0.0,0.0
2026-01-27 00:00:00-05:00,57.5493794549969,57.658487811002715,57.45018832055757,57.569217681884766,5608400,0.0,0.0,0.0
2026-01-28 00:00:00-05:00,57.56921806742988,57.75767554849438,57.34108413232393,57.46010971069336,4546300,0.0,0.0,0.0
2026-01-29 00:00:00-05:00,57.757674349673486,57.85686548271829,57.26173003571398,57.59897232055664,3292400,0.0,0.0,0.0
2026-01-30 00:00:00-05:00,57.470028138961595,57.79735321604365,57.15262406747566,57.69816207885742,5096200,0.0,0.0,0.0
2026-02-02 00:00:00-05:00,57.678328271624316,58.23378351097636,57.509705228424565,58.19410705566406,3588900,0.0,0.0,0.0
2026-02-03 00:00:00-05:00,57.9858065516545,58.46191262481369,57.797349080119,58.18418502807617,5261200,0.0,0.0,0.0
2026-02-04 00:00:00-05:00,58.30321425875969,58.888428719858794,58.30321425875969,58.70988845825195,4492100,0.0,0.0,0.0
2026-02-05 00:00:00-05:00,58.6305374687516,58.6305374687516,58.10483770615481,58.16434860229492,4586300,0.0,0.0,0.0
2026-02-06 00:00:00-05:00,58.34289015722632,59.04713019143299,58.32305193015297,58.96778106689453,3336300,0.0,0.0,0.0
2026-02-09 00:00:00-05:00,58.818996641296344,58.947943226240916,58.51151357903113,58.858673095703125,3093700,0.0,0.0,0.0
2026-02-10 00:00:00-05:00,58.85867210436969,59.09672704304598,58.82891665594323,58.8487548828125,3866700,0.0,0.0,0.0
2026-02-11 00:00:00-05:00,59.01737474270043,59.11656209431224,58.818996255721885,58.96778106689453,1979600,0.0,0.0,0.0
2026-02-12 00:00:00-05:00,59.13639717439457,59.26534375163187,58.11475312889179,58.18418502807617,3397700,0.0,0.0,0.0
2026-02-13 00:00:00-05:00,58.184187687726364,58.79915758736513,58.07507933151926,58.511512756347656,3102700,0.0,0.0,0.0
2026-02-17 00:00:00-05:00,58.580947454942624,58.81899862188925,58.12467578141061,58.50159454345703,3024300,0.0,0.0,0.0
2026-02-18 00:00:00-05:00,58.63054035348258,58.85867429533891,58.491676543983516,58.719810485839844,1833500,0.0,0.0,0.0
2026-02-19 00:00:00-05:00,58.59086467700078,58.73964949415873,58.29329882643996,58.50159454345703,3209300,0.0,0.0,0.0
2026-02-20 00:00:00-05:00,58.32305189205939,58.78924076859125,58.233781762165094,58.779319763183594,3031700,0.0,0.0,0.0
2026-02-23 00:00:00-05:00,58.57102339990454,58.809078338213034,58.09491730704243,58.28337478637695,3586700,0.0,0.0,0.0
2026-02-24 00:00:00-05:00,58.303212470361395,58.82891601730272,58.303212470361395,58.7297248840332,1783700,0.0,0.0,0.0
2026-02-25 00:00:00-05:00,58.858673095703125,58.92810499903752,58.521430800755354,58.858673095703125,1388600,0.0,0.0,0.0
2026-02-26 00:00:00-05:00,58.96778106689453,59.16615955387308,58.66029422289003,58.96778106689453,2474300,0.0,0.0,0.0
2026-02-27 00:00:00-05:00,58.660295418953766,59.06696962286203,58.52143161036388,59.01737594604492,2882500,0.0,0.0,0.0
2026-03-02 00:00:00-05:00,58.60078132387721,59.136398301543544,58.521428418294164,58.947940826416016,3185400,0.0,0.0,0.0
2026-03-03 00:00:00-05:00,58.13459559239794,58.670216382651994,57.59897480214389,58.45199966430664,4442500,0.0,0.0,0.0
2026-03-04 00:00:00-05:00,58.531348794140676,58.75948651810992,58.1941064947468,58.64045715332031,3031100,0.0,0.0,0.0
2026-03-05 00:00:00-05:00,58.26354012023407,58.47183582560975,57.708081122144044,58.055240631103516,3203100,0.0,0.0,0.0
2026-03-06 00:00:00-05:00,57.48986696214165,57.559298867014,56.944328945106705,57.44027328491211,3753500,0.0,0.0,0.0
2026-03-09 00:00:00-04:00,56.944324573868904,57.63864735304893,56.4087038198939,57.509700775146484,5013800,0.0,0.0,0.0
2026-03-10 00:00:00-04:00,57.38075938207438,57.79735460072715,57.0534380809055,57.2220573425293,4717600,0.0,0.0,0.0
2026-03-11 00:00:00-04:00,57.2121365079425,57.30140663603458,56.84513877412167,57.073272705078125,3059200,0.0,0.0,0.0
2026-03-12 00:00:00-04:00,56.676518472957056,56.82530328820484,56.29959971574968,56.30952072143555,4049500,0.0,0.0,0.0
2026-03-13 00:00:00-04:00,56.597167108631716,56.84513926840424,56.190492917954984,56.250003814697266,7558600,0.0,0.0,0.0
2026-03-16 00:00:00-04:00,56.676517486572266,56.884813197290015,56.537653679427095,56.676517486572266,5913000,0.0,0.0,0.0
2026-03-17 00:00:00-04:00,56.98400437023334,57.192300081084824,56.83521955747944,56.8649787902832,4348700,0.0,0.0,0.0
2026-03-18 00:00:00-04:00,56.607085925944965,56.6864388355115,55.97227778443262,56.00203323364258,5205100,0.0,0.0,0.0
2026-03-19 00:00:00-04:00,55.76398266970855,56.22025055333799,55.62511886023481,55.93260192871094,5832400,0.0,0.0,0.0
2026-03-20 00:00:00-04:00,55.86316816817097,56.00203197303159,55.19860459240806,55.387062072753906,8966200,0.0,0.0,0.0
2026-03-23 00:00:00-04:00,56.16163633764414,56.45036042910818,55.833091245693396,55.922691345214844,6399900,0.208,0.0,0.0
2026-03-24 00:00:00-04:00,55.58419417721796,56.40058358734719,55.51449887829779,56.06208038330078,5549000,0.0,0.0,0.0
2026-03-25 00:00:00-04:00,56.49018429321971,56.679346385583955,56.072031512859624,56.340843200683594,5827700,0.0,0.0,0.0
2026-03-26 00:00:00-04:00,56.10190106530505,56.599699668538996,56.00234286381904,56.04216766357422,3787200,0.0,0.0,0.0
2026-03-27 00:00:00-04:00,55.912739283125816,55.972476483100266,55.23573287502321,55.34524917602539,4812500,0.0,0.0,0.0
2026-03-30 00:00:00-04:00,55.81317995623449,55.89282575669332,55.19590696264464,55.39502716064453,3976800,0.0,0.0,0.0
2026-03-31 00:00:00-04:00,55.85300066367126,56.43044885504281,55.574234666679125,56.33089065551758,5977600,0.0,0.0,0.0
2026-04-01 00:00:00-04:00,56.43044805971954,56.55987675559968,56.31097746239269,56.40058135986328,3878600,0.0,0.0,0.0
2026-04-02 00:00:00-04:00,56.002340184229965,56.689300856578555,55.902781987507595,56.470272064208984,4522200,0.0,0.0,0.0
2026-04-06 00:00:00-04:00,56.42048948832775,56.7689507746383,56.3707103896839,56.7291259765625,1744800,0.0,0.0,0.0
2026-04-07 00:00:00-04:00,56.579789305787095,56.59969790714319,56.20146131569041,56.530006408691406,2749200,0.0,0.0,0.0
2026-04-08 00:00:00-04:00,57.30657593242648,57.67494583129883,57.26675113311545,57.67494583129883,4019100,0.0,0.0,0.0
2026-04-09 00:00:00-04:00,57.4957359804464,58.00348886088525,57.4957359804464,57.9039306640625,2392100,0.0,0.0,0.0
2026-04-10 00:00:00-04:00,57.943757843144795,57.943757843144795,57.38622204348093,57.45591354370117,2290700,0.0,0.0,0.0
2026-04-13 00:00:00-04:00,57.22692429154285,57.91388496458407,57.22692429154285,57.9039306640625,1878300,0.0,0.0,0.0
2026-04-14 00:00:00-04:00,57.824286767531866,58.09309466737245,57.704812369933954,58.02340316772461,2394800,0.0,0.0,0.0
2026-04-15 00:00:00-04:00,58.033361431214836,58.242435930751846,57.79441643324261,58.15283203125,1527200,0.0,0.0,0.0
2026-04-16 00:00:00-04:00,58.172744914611556,58.401731815708764,58.1030534141864,58.30217361450195,3572100,0.0,0.0,0.0
2026-04-17 00:00:00-04:00,58.551073059314746,59.12851746395684,58.52120256055775,58.90948486328125,1926200,0.0,0.0,0.0
2026-04-20 00:00:00-04:00,58.879615311634936,59.118560300612145,58.86966101113252,58.96921920776367,1837500,0.0,0.0,0.0
2026-04-21 00:00:00-04:00,59.17829385053874,59.2280767468832,58.52119987655076,58.62076187133789,2217600,0.0,0.0,0.0
2026-04-22 00:00:00-04:00,58.92939408637637,59.009043681565345,58.59089090262669,58.710365295410156,1450200,0.0,0.0,0.0
2026-04-23 00:00:00-04:00,58.73027880728631,58.96922000157827,58.4614671152815,58.89952850341797,2065300,0.0,0.0,0.0
2026-04-24 00:00:00-04:00,59.05882501723874,59.1185622158938,58.750188521040386,58.84975051879883,1555300,0.0,0.0,0.0
2026-04-27 00:00:00-04:00,58.760145812933395,59.01899940774728,58.640675215165594,58.68049621582031,3544400,0.0,0.0,0.0
2026-04-28 00:00:00-04:00,58.94930855262008,59.048870550098094,58.62076345569729,58.72032165527344,2907100,0.0,0.0,0.0
2026-04-29 00:00:00-04:00,58.72032245917312,58.8995302591851,58.66058525986849,58.88957595825195,1578900,0.0,0.0,0.0
2026-04-30 00:00:00-04:00,58.89952853167002,59.75574270708083,58.8099246342921,59.61635971069336,6292300,0.0,0.0,0.0
2026-05-01 00:00:00-04:00,59.84534660445875,60.074333498224135,59.59644731150918,59.61635971069336,2047800,0.0,0.0,0.0
2026-05-04 00:00:00-04:00,59.427195395096724,59.676094694654196,59.13847509401551,59.238033294677734,2821600,0.0,0.0,0.0
2026-05-05 00:00:00-04:00,59.38737234614788,59.85530043061045,59.33758944963116,59.705963134765625,1753800,0.0,0.0,0.0
2026-05-06 00:00:00-04:00,59.795569421182385,60.10420212367068,59.795569421182385,59.97477722167969,1974400,0.0,0.0,0.0
2026-05-07 00:00:00-04:00,59.9249927253879,60.024554721843955,59.526756133269174,59.63627243041992,2516900,0.0,0.0,0.0
2026-05-08 00:00:00-04:00,59.80552148392927,59.96481687864283,59.66613848829263,59.83538818359375,1867100,0.0,0.0,0.0
2026-05-11 00:00:00-04:00,59.94490544231432,60.03450934064865,59.75574334489823,59.89512634277344,3339200,0.0,0.0,0.0
2026-05-12 00:00:00-04:00,59.84534820246669,60.024556002007785,59.52675740281628,59.954864501953125,2834800,0.0,0.0,0.0
2026-05-13 00:00:00-04:00,59.82543516368661,59.9847305618102,59.68605216506621,59.9150390625,1510700,0.0,0.0,0.0
2026-05-14 00:00:00-04:00,60.02455552646725,60.25354242453298,59.92499352867658,60.04446792602539,1683300,0.0,0.0,0.0
2026-05-15 00:00:00-04:00,59.81547990463338,59.87521330428412,59.55662251314081,59.61635971069336,2305400,0.0,0.0,0.0
2026-05-18 00:00:00-04:00,59.6860531211116,60.00464392246193,59.56658252008071,59.97477722167969,2203300,0.0,0.0,0.0
2026-05-19 00:00:00-04:00,59.77565685791834,60.04446855792929,59.60640335884392,59.8453483581543,1911300,0.0,0.0,0.0
2026-05-20 00:00:00-04:00,59.86525918358096,60.2834081740002,59.76569718736079,60.22367477416992,5182500,0.0,0.0,0.0
2026-05-21 00:00:00-04:00,59.954864657162666,60.34314695787291,59.6362738566875,60.32323455810547,1976500,0.0,0.0,0.0
2026-05-22 00:00:00-04:00,60.57213212544852,60.940502015852694,60.55221972625075,60.81107711791992,2365400,0.0,0.0,0.0
2026-05-26 00:00:00-04:00,60.97037219212656,61.05997608909316,60.71151480182225,60.79116439819336,3908400,0.0,0.0,0.0
2026-05-27 00:00:00-04:00,60.8210334777832,61.01019557971374,60.74138387829544,60.8210334777832,1872300,0.0,0.0,0.0
2026-05-28 00:00:00-04:00,60.8608557271217,60.96041392440743,60.6318688350431,60.90067672729492,5737300,0.0,0.0,0.0
2026-05-29 00:00:00-04:00,60.97037393617162,61.04006543603896,60.78120803833008,60.78120803833008,2902200,0.0,0.0,0.0
2026-06-01 00:00:00-04:00,60.44270388782599,60.601999284713926,60.33318759035894,60.48252868652344,2234800,0.0,0.0,0.0
2026-06-02 00:00:00-04:00,60.35309889552827,60.81107647644224,60.29336549646688,60.7712516784668,1765200,0.0,0.0,0.0
2026-06-03 00:00:00-04:00,60.6418232878119,60.83098538229026,60.522352691188814,60.55221939086914,2027000,0.0,0.0,0.0
2026-06-04 00:00:00-04:00,60.98032777185948,61.21927276808318,60.950461071544716,61.10975646972656,4293100,0.0,0.0,0.0
2026-06-05 00:00:00-04:00,61.06993020322687,61.149576001453006,60.36305712814959,60.42279052734375,2366300,0.0,0.0,0.0
2026-06-08 00:00:00-04:00,60.62191231530168,60.88076971162864,60.27345481782525,60.283409118652344,1838500,0.0,0.0,0.0
2026-06-09 00:00:00-04:00,60.49248378271812,60.68164968006758,59.71591918741539,60.412837982177734,7344900,0.0,0.0,0.0
2026-06-10 00:00:00-04:00,60.353099012678705,60.532306806014255,59.924991928366204,59.94490432739258,2907300,0.0,0.0,0.0
2026-06-11 00:00:00-04:00,60.24358526847765,60.82103347099366,60.00464406584491,60.582088470458984,3442400,0.0,0.0,0.0
2026-06-12 00:00:00-04:00,60.79116582739093,61.09979852583044,60.54226652973229,61.000240325927734,2537900,0.0,0.0,0.0
2026-06-15 00:00:00-04:00,61.348696075483964,61.50799146953062,61.17944638089141,61.24913787841797,4205500,0.0,0.0,0.0
2026-06-16 00:00:00-04:00,61.37856959738518,61.59759840130348,61.259095197536695,61.31883239746094,1440000,0.0,0.0,0.0
2026-06-17 00:00:00-04:00,61.26905314891935,61.358657049638936,60.30332264093066,60.47257614135742,2811000,0.0,0.0,0.0
2026-06-18 00:00:00-04:00,60.940504393953496,60.940504393953496,60.532309689224675,60.60200119018555,1702600,0.0,0.0,0.0
2026-06-22 00:00:00-04:00,60.709999084472656,61.02000045776367,60.650001525878906,60.72999954223633,1966900,0.268,0.0,0.0
2026-06-23 00:00:00-04:00,60.4900016784668,60.790000915527344,60.310001373291016,60.560001373291016,2358900,0.0,0.0,0.0
2026-06-24 00:00:00-04:00,60.650001525878906,61.02000045776367,60.4900016784668,60.599998474121094,2065200,0.0,0.0,0.0
2026-06-25 00:00:00-04:00,60.84000015258789,61.130001068115234,60.47999954223633,60.54999923706055,2605300,0.0,0.0,0.0
2026-06-26 00:00:00-04:00,60.45000076293945,60.84000015258789,60.45000076293945,60.61000061035156,1801000,0.0,0.0,0.0
2026-06-29 00:00:00-04:00,60.849998474121094,60.900001525878906,60.599998474121094,60.79999923706055,2412300,0.0,0.0,0.0
2026-06-30 00:00:00-04:00,60.72999954223633,60.95000076293945,60.63999938964844,60.790000915527344,2113900,0.0,0.0,0.0
2026-07-01 00:00:00-04:00,60.81999969482422,61.349998474121094,60.75,61.0,2160400,0.0,0.0,0.0
2026-07-02 00:00:00-04:00,61.34000015258789,61.65999984741211,61.22999954223633,61.63999938964844,1670400,0.0,0.0,0.0
2026-07-06 00:00:00-04:00,61.72999954223633,61.900001525878906,61.54999923706055,61.849998474121094,1441300,0.0,0.0,0.0
2026-07-07 00:00:00-04:00,62.11000061035156,62.189998626708984,61.720001220703125,61.79999923706055,1753100,0.0,0.0,0.0
2026-07-08 00:00:00-04:00,61.619998931884766,61.619998931884766,61.150001525878906,61.290000915527344,1994100,0.0,0.0,0.0
2026-07-09 00:00:00-04:00,61.29999923706055,61.63999938964844,61.22999954223633,61.599998474121094,1226600,0.0,0.0,0.0
2026-07-10 00:00:00-04:00,61.689998626708984,61.79999923706055,61.40999984741211,61.72999954223633,1808800,0.0,0.0,0.0
2026-07-13 00:00:00-04:00,61.84000015258789,62.09000015258789,61.720001220703125,61.84000015258789,1925800,0.0,0.0,0.0
2026-07-14 00:00:00-04:00,61.75,61.97999954223633,61.5099983215332,61.560001373291016,1616500,0.0,0.0,0.0
2026-07-15 00:00:00-04:00,61.720001220703125,61.90999984741211,61.59000015258789,61.689998626708984,2022300,0.0,0.0,0.0
2026-07-16 00:00:00-04:00,61.81999969482422,62.2400016784668,61.81999969482422,62.2400016784668,1591600,0.0,0.0,0.0
2026-07-17 00:00:00-04:00,62.06999969482422,62.54999923706055,61.83000183105469,61.91999816894531,1988900,0.0,0.0,0.0
2026-07-20 00:00:00-04:00,62.0099983215332,62.029998779296875,61.5,61.52000045776367,1607400,0.0,0.0,0.0
2026-07-21 00:00:00-04:00,61.5099983215332,61.84000015258789,61.36000061035156,61.7400016784668,3641100,0.0,0.0,0.0
2026-07-22 00:00:00-04:00,61.86000061035156,62.06999969482422,61.709999084472656,61.79999923706055,1295500,0.0,0.0,0.0
2026-07-23 00:00:00-04:00,61.40999984741211,61.68000030517578,61.2400016784668,61.38999938964844,1808100,0.0,0.0,0.0
2026-07-24 00:00:00-04:00,61.4900016784668,62.08000183105469,61.470001220703125,61.939998626708984,1958800,0.0,0.0,0.0
2026-07-27 00:00:00-04:00,62.189998626708984,62.459999084472656,62.099998474121094,62.2400016784668,1632400,0.0,0.0,0.0
2026-07-28 00:00:00-04:00,62.560001373291016,62.90999984741211,62.560001373291016,62.77000045776367,2071500,0.0,0.0,0.0
2026-07-29 00:00:00-04:00,62.75,62.90999984741211,62.16999816894531,62.18000030517578,1652400,0.0,0.0,0.0
2026-07-30 00:00:00-04:00,62.040000915527344,62.20000076293945,61.61000061035156,62.15999984741211,1941400,0.0,0.0,0.0
2026-07-31 00:00:00-04:00,62.0,62.209999084472656,61.560001373291016,62.060001373291016,3212200,0.0,0.0,0.0
2026-08-03 00:00:00-04:00,62.33000183105469,62.5,62.22999954223633,62.41999816894531,1958200,0.0,0.0,0.0
2026-08-04 00:00:00-04:00,62.310001373291016,63.189998626708984,62.20000076293945,63.11000061035156,8253600,0.0,0.0,0.0
2026-08-05 00:00:00-04:00,63.27000045776367,63.31999969482422,62.83000183105469,63.0,1748400,0.0,0.0,0.0
2026-08-06 00:00:00-04:00,63.20000076293945,63.220001220703125,62.66999816894531,62.84000015258789,1746000,0.0,0.0,0.0
2026-08-07 00:00:00-04:00,62.790000915527344,63.18000030517578,62.72999954223633,63.13999938964844,985100,0.0,0.0,0.0
2026-08-10 00:00:00-04:00,62.9900016784668,63.310001373291016,62.95000076293945,63.290000915527344,2049100,0.0,0.0,0.0
2026-08-11 00:00:00-04:00,63.2400016784668,63.459999084472656,63.189998626708984,63.29999923706055,1578600,0.0,0.0,0.0
2026-08-12 00:00:00-04:00,63.33000183105469,63.45000076293945,63.11000061035156,63.349998474121094,1463900,0.0,0.0,0.0
2026-08-13 00:00:00-04:00,63.560001373291016,63.83000183105469,63.47999954223633,63.709999084472656,1088600,0.0,0.0,0.0
2026-08-14 00:00:00-04:00,63.77000045776367,63.84000015258789,63.70000076293945,63.779998779296875,1305400,0.0,0.0,0.0
2026-08-17 00:00:00-04:00,63.61000061035156,63.66999816894531,63.369998931884766,63.369998931884766,1309600,0.0,0.0,0.0
2026-08-18 00:00:00-04:00,63.5099983215332,63.63999938964844,63.369998931884766,63.380001068115234,2431500,0.0,0.0,0.0
2026-08-19 00:00:00-04:00,63.7599983215332,64.26000213623047,63.720001220703125,63.869998931884766,2003700,0.0,0.0,0.0
2026-08-20 00:00:00-04:00,63.540000915527344,63.81999969482422,63.189998626708984,63.220001220703125,1084700,0.0,0.0,0.0
2026-08-21 00:00:00-04:00,63.470001220703125,63.65999984741211,63.36000061035156,63.5099983215332,1087100,0.0,0.0,0.0
2026-08-24 00:00:00-04:00,63.58000183105469,63.7400016784668,63.529998779296875,63.68000030517578,1205200,0.0,0.0,0.0
2026-08-25 00:00:00-04:00,63.68000030517578,63.689998626708984,63.4900016784668,63.59000015258789,1094600,0.0,0.0,0.0
2026-08-26 00:00:00-04:00,63.439998626708984,63.83000183105469,63.41999816894531,63.70000076293945,929500,0.0,0.0,0.0
2026-08-27 00:00:00-04:00,63.470001220703125,63.650001525878906,63.31999969482422,63.47999954223633,1412900,0.0,0.0,0.0
2026-08-28 00:00:00-04:00,63.61000061035156,63.79999923706055,63.439998626708984,63.54999923706055,1402700,0.0,0.0,0.0
2026-08-31 00:00:00-04:00,63.40999984741211,63.439998626708984,63.2400016784668,63.349998474121094,2535100,0.0,0.0,0.0
2026-09-01 00:00:00-04:00,63.310001373291016,63.439998626708984,63.02000045776367,63.130001068115234,1529800,0.0,0.0,0.0
2026-09-02 00:00:00-04:00,63.20000076293945,63.4900016784668,63.16999816894531,63.38999938964844,1483400,0.0,0.0,0.0
2026-09-03 00:00:00-04:00,63.56999969482422,63.93000030517578,63.439998626708984,63.86000061035156,1114600,0.0,0.0,0.0
2026-09-04 00:00:00-04:00,63.540000915527344,63.630001068115234,63.380001068115234,63.439998626708984,1126800,0.0,0.0,0.0
2026-09-08 00:00:00-04:00,63.220001220703125,63.279998779296875,63.02000045776367,63.060001373291016,1363700,0.0,0.0,0.0
2026-09-09 00:00:00-04:00,62.900001525878906,62.93000030517578,62.619998931884766,62.66999816894531,1435800,0.0,0.0,0.0
2026-09-10 00:00:00-04:00,62.529998779296875,62.63999938964844,62.41999816894531,62.4900016784668,1500400,0.0,0.0,0.0
2026-09-11 00:00:00-04:00,62.970001220703125,63.15999984741211,62.88999938964844,63.040000915527344,1059300,0.0,0.0,0.0
2026-09-14 00:00:00-04:00,63.02000045776367,63.16999816894531,62.81999969482422,62.939998626708984,1780100,0.0,0.0,0.0
2026-09-15 00:00:00-04:00,62.84000015258789,62.849998474121094,62.619998931884766,62.720001220703125,1211900,0.0,0.0,0.0
2026-09-16 00:00:00-04:00,62.77000045776367,62.810001373291016,61.880001068115234,62.20000076293945,2042900,0.0,0.0,0.0
2026-09-17 00:00:00-04:00,62.66999816894531,62.75,62.41999816894531,62.630001068115234,1201400,0.0,0.0,0.0
2026-09-18 00:00:00-04:00,62.529998779296875,62.529998779296875,62.220001220703125,62.36000061035156,1265800,0.0,0.0,0.0
