Date,Open,High,Low,Close,Volume,Dividends,Stock Splits,Capital Gains
2021-10-04 00:00:00-04:00,29.745520761552374,29.838252456862346,27.69353222754142,28.304611206054688,257236000,0.0,0.0,0.0
2021-10-05 00:00:00-04:00,28.525740460925924,29.95951705847287,28.466296974698793,29.39361572265625,162612800,0.0,0.0,0.0
2021-10-06 00:00:00-04:00,28.59469567440432,30.03560522785107,28.356921724907693,29.973783493041992,234990800,0.0,0.0,0.0
2021-10-07 00:00:00-04:00,30.748927035788324,31.46700170769478,30.608637656658548,30.784591674804688,150815200,0.0,0.0,0.0
2021-10-08 00:00:00-04:00,31.069919975012276,31.12936345938204,30.19015713196821,30.31142234802246,157132000,0.0,0.0,0.0
2021-10-11 00:00:00-04:00,29.92622936237064,30.836904022299215,29.612367822294342,29.63852310180664,136215200,0.0,0.0,0.0
2021-10-12 00:00:00-04:00,29.999939307523785,30.106938675147873,29.153464612725603,29.336549758911133,174403600,0.0,0.0,0.0
2021-10-13 00:00:00-04:00,29.907205344987414,30.185400414406246,29.388858092548432,30.023714065551758,140921200,0.0,0.0,0.0
2021-10-14 00:00:00-04:00,30.93676991864997,31.730934070135145,30.767948811551623,31.68100357055664,121750000,0.0,0.0,0.0
2021-10-15 00:00:00-04:00,32.00436613258675,32.301583486610994,31.723791063754273,32.26829528808594,102858000,0.0,0.0,0.0
2021-10-18 00:00:00-04:00,31.92114505843599,33.29310143362423,31.761836985886344,33.23603439331055,100876400,0.0,0.0,0.0
2021-10-19 00:00:00-04:00,33.53562960687321,34.00880097890386,33.35492274713306,33.96600341796875,106450800,0.0,0.0,0.0
2021-10-20 00:00:00-04:00,34.11818515011618,34.29175911650758,33.45003730770611,33.8590087890625,118709600,0.0,0.0,0.0
2021-10-21 00:00:00-04:00,33.63074680425506,34.52715557793716,33.55703746302875,34.46533203125,92100400,0.0,0.0,0.0
2021-10-22 00:00:00-04:00,34.11342257810634,34.39637410669956,33.13617167949154,33.59269714355469,140248400,0.0,0.0,0.0
2021-10-25 00:00:00-04:00,33.99928914186075,34.88856115026228,33.45954140672028,34.60085678100586,118951600,0.0,0.0,0.0
2021-10-26 00:00:00-04:00,35.26663519233006,35.951421724238116,34.631775531699795,34.92424011230469,167975600,0.0,0.0,0.0
2021-10-27 00:00:00-04:00,35.08592368790965,36.075064196483034,35.01459077686149,35.20005416870117,145068000,0.0,0.0,0.0
2021-10-28 00:00:00-04:00,35.73980291842048,36.438858932938565,35.52342774666152,36.35563659667969,130737600,0.0,0.0,0.0
2021-10-29 00:00:00-04:00,35.47349832812035,36.95007261523369,35.37601013196544,36.893009185791016,134514400,0.0,0.0,0.0
2021-11-01 00:00:00-04:00,37.04517913728095,37.31386121189754,36.42220897156572,37.256797790527344,130045600,0.0,0.0,0.0
2021-11-02 00:00:00-04:00,37.099863946838965,37.894027958170895,37.08322165929737,37.75374221801758,120171200,0.0,0.0,0.0
2021-11-03 00:00:00-04:00,37.88689576907105,39.0710125100288,37.5849255011239,38.952125549316406,145210400,0.0,0.0,0.0
2021-11-04 00:00:00-04:00,39.334950933390374,40.74257620096396,39.16850985963301,40.40493392944336,160879600,0.0,0.0,0.0
2021-11-05 00:00:00-04:00,41.006498343512355,41.291826367139045,40.11959886898132,40.554725646972656,170505600,0.0,0.0,0.0
2021-11-08 00:00:00-05:00,40.54045412773779,40.87333617078493,40.198059095950924,40.38827896118164,112919600,0.0,0.0,0.0
2021-11-09 00:00:00-05:00,40.71879056670038,40.84718690845493,39.13046225865816,39.55607604980469,176237600,0.0,0.0,0.0
2021-11-10 00:00:00-05:00,38.690573887166124,39.56558020143863,37.21161976350269,37.82270050048828,193953600,0.0,0.0,0.0
2021-11-11 00:00:00-05:00,38.69770455897713,38.75477160455006,38.02004745184884,38.129425048828125,115438000,0.0,0.0,0.0
2021-11-12 00:00:00-05:00,38.47419803908637,39.487117276735745,37.98438433644003,39.33969497680664,127640800,0.0,0.0,0.0
2021-11-15 00:00:00-05:00,39.686849352956656,39.78195747807547,38.54077721612018,39.32780838012695,139458400,0.0,0.0,0.0
2021-11-16 00:00:00-05:00,39.06387582719971,40.281280768064136,39.00918884133,40.140995025634766,103181600,0.0,0.0,0.0
2021-11-17 00:00:00-05:00,40.23373430509768,40.82341272375238,39.89609208126782,40.18855667114258,115936000,0.0,0.0,0.0
2021-11-18 00:00:00-05:00,40.821035477707376,41.586667989801064,40.12911594765481,41.417850494384766,173683200,0.0,0.0,0.0
2021-11-19 00:00:00-05:00,41.95046065023638,42.53062972949716,41.68653502111373,42.11928176879883,129214400,0.0,0.0,0.0
2021-11-22 00:00:00-05:00,42.630484085073235,43.59822567109882,40.62605170145078,40.659339904785156,179044800,0.0,0.0,0.0
2021-11-23 00:00:00-05:00,40.2907986426429,40.937544133730555,38.70722312572344,40.1053352355957,226025600,0.0,0.0,0.0
2021-11-24 00:00:00-05:00,39.306406254920425,40.55471933873853,38.59784098703298,40.476253509521484,198241600,0.0,0.0,0.0
2021-11-26 00:00:00-05:00,39.65594257324768,40.09820230421167,37.73948494845132,38.24356460571289,177682400,0.0,0.0,0.0
2021-11-29 00:00:00-05:00,39.51803609090014,40.93517065615502,39.31117388228873,40.61893081665039,158932000,0.0,0.0,0.0
2021-11-30 00:00:00-05:00,40.345470699014385,41.084947619776685,38.21264230781757,38.873653411865234,302586000,0.0,0.0,0.0
2021-12-01 00:00:00-05:00,40.1505105634054,40.806765379235735,36.72894346395545,36.87874221801758,302551200,0.0,0.0,0.0
2021-12-02 00:00:00-05:00,36.47927470070591,38.16747099921989,36.05841384262257,37.573036193847656,396432800,0.0,0.0,0.0
2021-12-03 00:00:00-05:00,38.043828959631824,38.3481793010575,34.46057407798822,35.68511199951172,480573600,0.0,0.0,0.0
2021-12-06 00:00:00-05:00,35.80638100665403,36.92154149820705,34.60324530785755,36.51970291137695,304828000,0.0,0.0,0.0
2021-12-07 00:00:00-05:00,38.46468481862614,40.01259160148489,38.45755189187753,39.812862396240234,270578400,0.0,0.0,0.0
2021-12-08 00:00:00-05:00,39.91986238893516,40.42156549401598,39.34444995080915,40.366878509521484,205243600,0.0,0.0,0.0
2021-12-09 00:00:00-05:00,39.98169170435319,40.54283842008397,38.51938323644885,38.62400436401367,212802000,0.0,0.0,0.0
2021-12-10 00:00:00-05:00,39.415788522050576,39.90560227624471,38.46706915988005,39.820003509521484,203075200,0.0,0.0,0.0
2021-12-13 00:00:00-05:00,39.81999597976494,39.919860584034396,37.99151407811601,38.10802459716797,179145200,0.0,0.0,0.0
2021-12-14 00:00:00-05:00,36.645721029139864,37.46366402032333,35.625672351737755,36.97385025024414,230933600,0.0,0.0,0.0
2021-12-15 00:00:00-05:00,36.84544771695096,39.53467013350314,35.67322042134444,39.420536041259766,269061200,0.0,0.0,0.0
2021-12-16 00:00:00-05:00,39.71061984585466,39.855662077697964,35.89197138916863,36.412696838378906,296220000,0.0,0.0,0.0
2021-12-17 00:00:00-05:00,35.38790059888296,37.042805408069,34.95277379584327,35.85631561279297,300020800,0.0,0.0,0.0
2021-12-20 00:00:00-05:00,34.48198049051822,35.01221540229269,33.88278909899292,34.78395080566406,241866000,0.0,0.0,0.0
2021-12-21 00:00:00-05:00,35.70413402453167,37.199730440517634,34.646040766846916,37.109378814697266,219124800,0.0,0.0,0.0
2021-12-22 00:00:00-05:00,36.99287113101609,38.51937943626119,36.81216423732295,38.433780670166016,177222800,0.0,0.0,0.0
2021-12-23 00:00:00-05:00,38.5597861269113,39.77718711919537,38.512232080926665,39.34681701660156,131308400,0.0,0.0,0.0
2021-12-27 00:00:00-05:00,39.72963542176425,41.26089973871918,39.70823664402739,41.22761154174805,125963200,0.0,0.0,0.0
2021-12-28 00:00:00-05:00,41.55336373360242,41.60567427968312,40.42869424915054,40.742557525634766,144825200,0.0,0.0,0.0
2021-12-29 00:00:00-05:00,40.73305078728963,41.132512870630656,39.93413024874977,40.67836380004883,115494800,0.0,0.0,0.0
2021-12-30 00:00:00-05:00,40.60465443865011,41.29182094101406,40.1291065857161,40.29792404174805,113271600,0.0,0.0,0.0
2021-12-31 00:00:00-05:00,40.09582339074835,40.5166806809149,39.40152387409529,39.54894256591797,120497200,0.0,0.0,0.0
2022-01-03 00:00:00-05:00,39.90559202662799,40.76395590674988,39.26122319427899,40.69024658203125,153010400,0.0,0.0,0.0
2022-01-04 00:00:00-05:00,40.856694383190856,40.87096023833303,38.13656007305422,39.10905456542969,213296400,0.0,0.0,0.0
2022-01-05 00:00:00-05:00,38.60973361319453,38.92834982265918,35.42831712880992,35.511539459228516,266490400,0.0,0.0,0.0
2022-01-06 00:00:00-05:00,34.959901961654474,36.33423503885201,34.33931183572572,35.4140510559082,308453200,0.0,0.0,0.0
2022-01-07 00:00:00-05:00,35.40453696854395,35.889597820830105,33.76389829154951,34.2560920715332,285426800,0.0,0.0,0.0
2022-01-10 00:00:00-05:00,32.89602358219836,34.462952858483675,31.409936568693592,34.382110595703125,358434800,0.0,0.0,0.0
2022-01-11 00:00:00-05:00,34.10391828251778,35.91100187964815,33.535638647559665,35.89435958862305,308653600,0.0,0.0,0.0
2022-01-12 00:00:00-05:00,36.61004839246685,37.07608321386285,35.63755399311594,36.30331802368164,276742400,0.0,0.0,0.0
2022-01-13 00:00:00-05:00,36.678999858536955,36.87873268838882,33.29785477014236,33.668785095214844,173531800,0.0,2.0,0.0
2022-01-14 00:00:00-05:00,32.855601404727715,34.27273568855839,32.81280383688362,34.17762756347656,178451600,0.0,0.0,0.0
2022-01-18 00:00:00-05:00,32.570274662196944,33.15520017570676,31.414693119820157,31.714290618896484,155320000,0.0,0.0,0.0
2022-01-19 00:00:00-05:00,32.032900328830934,32.67488913782375,30.511148809133754,30.611013412475586,183284400,0.0,0.0,0.0
2022-01-20 00:00:00-05:00,31.395666818029465,32.42285189451389,29.246192176406197,29.42690086364746,172197000,0.0,0.0,0.0
2022-01-21 00:00:00-05:00,28.827713442934115,29.498235915253026,26.86845658568765,26.949298858642578,342054600,0.0,0.0,0.0
2022-01-24 00:00:00-05:00,25.60825283514812,27.462890308910847,22.907140708124352,27.339248657226562,510169200,0.0,0.0,0.0
2022-01-25 00:00:00-05:00,25.750919401440704,26.77810278852244,24.609603720651545,25.322925567626953,347498000,0.0,0.0,0.0
2022-01-26 00:00:00-05:00,27.10147351065414,27.98599101201742,24.42889321445377,25.27536964416504,415676200,0.0,0.0,0.0
2022-01-27 00:00:00-05:00,26.34535286560625,26.74481315112183,24.271963850981162,24.519248962402344,323528200,0.0,0.0,0.0
2022-01-28 00:00:00-05:00,24.91870740720919,26.849430466188803,23.824945929852444,26.806631088256836,334032400,0.0,0.0,0.0
2022-01-31 00:00:00-05:00,27.13000570380668,29.51250155568602,26.73530191381439,29.403125762939453,227502200,0.0,0.0,0.0
2022-02-01 00:00:00-05:00,29.68369633018065,30.12595598182459,28.40447324933861,29.964269638061523,203691600,0.0,0.0,0.0
2022-02-02 00:00:00-05:00,31.015235193256043,31.086568105206446,29.65041138883274,30.672840118408203,201630400,0.0,0.0,0.0
2022-02-03 00:00:00-05:00,28.209498421203016,29.041707161780817,26.687744932760815,26.982585906982422,211150000,0.0,0.0,0.0
2022-02-04 00:00:00-05:00,27.04440790108242,28.727847861128744,26.578371188212817,27.914661407470703,193068800,0.0,0.0,0.0
2022-02-07 00:00:00-05:00,28.090612527715106,28.661270334365614,26.97307575916419,27.282180786132812,153912200,0.0,0.0,0.0
2022-02-08 00:00:00-05:00,27.011118515165744,28.45202978747144,26.740056375776497,28.20949935913086,158593200,0.0,0.0,0.0
2022-02-09 00:00:00-05:00,29.274730092937325,29.99756313630173,28.894290312377198,29.959518432617188,151075400,0.0,0.0,0.0
2022-02-10 00:00:00-05:00,28.204744717488733,29.916716317470172,27.486666420589177,27.971725463867188,254286600,0.0,0.0,0.0
2022-02-11 00:00:00-05:00,27.952701880549828,28.318873940616893,24.99479550425516,25.337188720703125,268511200,0.0,0.0,0.0
2022-02-14 00:00:00-05:00,25.156481873398935,26.140865773186007,24.58582409324399,25.40852165222168,190125000,0.0,0.0,0.0
2022-02-15 00:00:00-05:00,26.54983771455213,27.315468240141584,26.321573146917128,27.248891830444336,163444600,0.0,0.0,0.0
2022-02-16 00:00:00-05:00,26.759081531531802,27.486669264698428,26.012471446290814,27.244140625,186181000,0.0,0.0,0.0
2022-02-17 00:00:00-05:00,26.459485255326296,26.654459824634166,24.714225307384076,24.82835578918457,157671200,0.0,0.0,0.0
2022-02-18 00:00:00-05:00,25.009059932303888,25.104169859140676,23.44926366283606,23.986631393432617,226165400,0.0,0.0,0.0
2022-02-22 00:00:00-05:00,23.320872911564383,24.49072048376104,22.450619254688046,23.24478530883789,262876200,0.0,0.0,0.0
2022-02-23 00:00:00-05:00,23.891525598794352,24.076988976382047,21.385388125947017,21.466230392456055,260920400,0.0,0.0,0.0
2022-02-24 00:00:00-05:00,19.383332191080278,23.70606280516618,19.31200109236923,23.56815528869629,389734800,0.0,0.0,0.0
2022-02-25 00:00:00-05:00,23.77739540171349,24.733245898671,22.945186562653518,24.685691833496094,238372200,0.0,0.0,0.0
2022-02-28 00:00:00-05:00,23.996146923923018,25.294392490833935,23.739350619064695,24.947242736816406,243401000,0.0,0.0,0.0
2022-03-01 00:00:00-05:00,24.690445977874433,25.189772721717347,23.230514077058494,23.796417236328125,248145000,0.0,0.0,0.0
2022-03-02 00:00:00-05:00,24.096010475114365,25.2278149499611,23.501575618545672,24.93297576904297,219495800,0.0,0.0,0.0
2022-03-03 00:00:00-05:00,25.560697457843002,25.574963313130667,23.477797324501186,23.891525268554688,223888600,0.0,0.0,0.0
2022-03-04 00:00:00-05:00,23.382685553437252,23.68228118944791,22.35074764972528,22.869094848632812,231391000,0.0,0.0,0.0
2022-03-07 00:00:00-05:00,22.850078299687883,23.083097589963106,20.272609319229648,20.31540870666504,249752600,0.0,0.0,0.0
2022-03-08 00:00:00-05:00,20.158473647072952,21.875201724862453,19.388086616006845,20.034832000732422,355936000,0.0,0.0,0.0
2022-03-09 00:00:00-05:00,21.589875599630634,22.445861465301043,21.090548848424213,22.179553985595703,219074200,0.0,0.0,0.0
2022-03-10 00:00:00-05:00,21.352099920434927,21.694493150569457,20.538911690446444,21.466230392456055,225574800,0.0,0.0,0.0
2022-03-11 00:00:00-05:00,22.036890534801632,22.09871227191923,20.015811888610116,20.13469886779785,197814800,0.0,0.0,0.0
2022-03-14 00:00:00-04:00,19.882658192117013,20.51038126994151,18.81267542572463,18.955339431762695,246265200,0.0,0.0,0.0
2022-03-15 00:00:00-04:00,19.43564304332513,20.871797983911186,19.136049158918286,20.710111618041992,211407200,0.0,0.0,0.0
2022-03-16 00:00:00-04:00,21.475743095297616,23.05456197845572,20.776687101669147,23.035539627075195,326175000,0.0,0.0,0.0
2022-03-17 00:00:00-04:00,22.631325258045454,23.867749106534486,22.36977426864254,23.80592918395996,192061600,0.0,0.0,0.0
2022-03-18 00:00:00-04:00,23.520593952160652,25.399008140910414,23.26855419652515,25.284875869750977,201569600,0.0,0.0,0.0
2022-03-21 00:00:00-04:00,25.137459957723088,25.646296018503467,24.143564866147457,25.104171752929688,221094600,0.0,0.0,0.0
2022-03-22 00:00:00-04:00,25.23732688810078,26.792368737570957,25.142216945361046,26.58788299560547,186689200,0.0,0.0,0.0
2022-03-23 00:00:00-04:00,25.9458939151989,26.75908038374863,25.44181249127802,25.46558952331543,205499400,0.0,0.0,0.0
2022-03-24 00:00:00-04:00,25.884067122498603,27.149024208852026,25.39900814462416,27.11573600769043,171150600,0.0,0.0,0.0
2022-03-25 00:00:00-04:00,27.12524947218778,27.372534568893514,26.08379853224444,27.072938919067383,198789400,0.0,0.0,0.0
2022-03-28 00:00:00-04:00,27.068185578469585,28.34741058958785,26.78761405917263,28.304611206054688,183407400,0.0,0.0,0.0
2022-03-29 00:00:00-04:00,29.255701033730112,29.940489216410686,28.59944455820025,29.75502586364746,204013400,0.0,0.0,0.0
2022-03-30 00:00:00-04:00,29.331793258418436,29.740764723725466,28.43776273989176,28.861000061035156,167818800,0.0,0.0,0.0
2022-03-31 00:00:00-04:00,28.837220915898463,28.927576167094713,27.534220841658687,27.667373657226562,168098800,0.0,0.0,0.0
2022-04-01 00:00:00-04:00,27.786262555074014,27.971725936564535,26.820900946766333,27.54848861694336,176162600,0.0,0.0,0.0
2022-04-04 00:00:00-04:00,27.76248954680548,29.269975662231445,27.69115662940181,29.269975662231445,137515000,0.0,0.0,0.0
2022-04-05 00:00:00-04:00,28.922819691990455,29.08450603131784,27.03965066740401,27.334489822387695,172097600,0.0,0.0,0.0
2022-04-06 00:00:00-04:00,26.069537539145653,26.331088539453393,24.91871241216303,25.536924362182617,296859800,0.0,0.0,0.0
2022-04-07 00:00:00-04:00,25.313412410533463,26.197931721797296,24.528759528723153,25.70336151123047,229654000,0.0,0.0,0.0
2022-04-08 00:00:00-04:00,25.30866143706574,25.484613663378443,24.490718416253085,24.65240478515625,204182400,0.0,0.0,0.0
2022-04-11 00:00:00-04:00,23.696551610544844,23.905792023614232,22.802521092755292,22.902385711669922,185914600,0.0,0.0,0.0
2022-04-12 00:00:00-04:00,23.853480746346886,24.243429849058234,22.298439015942343,22.607545852661133,247928200,0.0,0.0,0.0
2022-04-13 00:00:00-04:00,22.66461446510552,24.176857040566638,22.507684590180297,23.962860107421875,190084600,0.0,0.0,0.0
2022-04-14 00:00:00-04:00,23.97712077377327,24.08649837131088,22.269905801599304,22.35074806213379,167843600,0.0,0.0,0.0
2022-04-18 00:00:00-04:00,22.09870756044345,22.831049817409284,21.78960075482881,22.412569046020508,175525400,0.0,0.0,0.0
2022-04-19 00:00:00-04:00,22.222353716328282,23.97712485903667,22.02262446398628,23.853483200073242,172372600,0.0,0.0,0.0
2022-04-20 00:00:00-04:00,24.048455688565614,24.12929976994328,22.559990344567677,22.778743743896484,215629400,0.0,0.0,0.0
2022-04-21 00:00:00-04:00,23.606193715487862,24.14356326505718,21.204677564825367,21.44245147705078,268626400,0.0,0.0,0.0
2022-04-22 00:00:00-04:00,21.423432109919304,21.670717230733747,19.630616344568036,19.739992141723633,248824800,0.0,0.0,0.0
2022-04-25 00:00:00-04:00,19.407109583010683,20.524646372338612,19.169335643658258,20.472335815429688,332878800,0.0,0.0,0.0
2022-04-26 00:00:00-04:00,20.077628693334663,20.11091689420374,18.11837045151277,18.17068099975586,332263200,0.0,0.0,0.0
2022-04-27 00:00:00-04:00,18.151663674964837,19.126538385816506,17.771225692571484,18.08984375,316698600,0.0,0.0,0.0
2022-04-28 00:00:00-04:00,18.941073372946104,20.32016116866998,18.203972690496606,20.001544952392578,344698400,0.0,0.0,0.0
2022-04-29 00:00:00-04:00,19.2073804192635,19.863637064344623,17.214835264632548,17.37176513671875,320116800,0.0,0.0,0.0
2022-05-02 00:00:00-04:00,17.238611021852183,18.203972658573107,16.705997892703177,18.189706802368164,311905600,0.0,0.0,0.0
2022-05-03 00:00:00-04:00,18.161170990799317,18.627207646925605,17.737933711973962,18.23250389099121,285565600,0.0,0.0,0.0
2022-05-04 00:00:00-04:00,18.30384186209552,20.18701135690958,17.371766477548952,20.03959083557129,438806800,0.0,0.0,0.0
2022-05-05 00:00:00-04:00,19.259692426475063,19.264447107895073,16.415915836501398,17.053150177001953,455552600,0.0,0.0,0.0
2022-05-06 00:00:00-04:00,16.686974377860302,17.371762639004686,15.740633344059384,16.458711624145508,466794400,0.0,0.0,0.0
2022-05-09 00:00:00-04:00,15.48383957335133,15.892809224944482,14.271191939242733,14.513721466064453,420419800,0.0,0.0,0.0
2022-05-10 00:00:00-04:00,15.559927046382079,15.73112457158813,14.399589977719403,15.013046264648438,463579600,0.0,0.0,0.0
2022-05-11 00:00:00-04:00,14.67065198032668,15.502859846325434,13.538847541060058,13.676756858825684,529531800,0.0,0.0,0.0
2022-05-12 00:00:00-04:00,13.04427898952784,14.21412638343361,12.692373653791089,13.567381858825684,590993000,0.0,0.0,0.0
2022-05-13 00:00:00-04:00,14.19510188928316,15.217529469079876,13.971593844703369,15.041576385498047,395948000,0.0,0.0,0.0
2022-05-16 00:00:00-04:00,14.803803279156261,15.11291008865435,14.352033393106456,14.575540542602539,318388000,0.0,0.0,0.0
2022-05-17 00:00:00-04:00,15.42201722191476,15.731124056081995,14.856115015389177,15.674057006835938,307981400,0.0,0.0,0.0
2022-05-18 00:00:00-04:00,14.960735175811637,15.070111872487757,13.167920440677369,13.386672019958496,328105200,0.0,0.0,0.0
2022-05-19 00:00:00-04:00,13.096586775095444,13.800397297522526,12.858812876407747,13.115608215332031,392015600,0.0,0.0,0.0
2022-05-20 00:00:00-04:00,13.62444661947252,13.71480097090033,11.85540882735709,13.001479148864746,458111200,0.0,0.0,0.0
2022-05-23 00:00:00-04:00,13.148899548033906,13.71004622772527,12.820771235716208,13.64346981048584,341040600,0.0,0.0,0.0
2022-05-24 00:00:00-04:00,12.911127134683134,13.010992679504861,12.093184957213236,12.792240142822266,366488600,0.0,0.0,0.0
2022-05-25 00:00:00-04:00,12.57348760991166,13.600671073235112,12.549709669026205,13.305830955505371,361283800,0.0,0.0,0.0
2022-05-26 00:00:00-04:00,13.201209211879597,14.637364022189418,13.163165417892909,14.418611526489258,337131600,0.0,0.0,0.0
2022-05-27 00:00:00-04:00,14.88464962640282,15.854767824655438,14.87038376921631,15.8309907913208,315035800,0.0,0.0,0.0
2022-05-31 00:00:00-04:00,15.835744886502471,16.16862878308615,15.089134820173902,15.71685791015625,369158600,0.0,0.0,0.0
2022-06-01 00:00:00-04:00,16.03071774315692,16.373112778970988,15.003534449785816,15.35068416595459,398894200,0.0,0.0,0.0
2022-06-02 00:00:00-04:00,15.179485544039462,16.634661532354617,14.955978408521894,16.59661865234375,336861400,0.0,0.0,0.0
2022-06-03 00:00:00-04:00,15.759655045790948,15.992674284376312,15.103399429082762,15.284107208251953,324723800,0.0,0.0,0.0
2022-06-06 00:00:00-04:00,15.987917809241745,16.230448222556465,15.217530819447125,15.474327087402344,300958600,0.0,0.0,0.0
2022-06-07 00:00:00-04:00,14.94171453373257,15.978408157705651,14.765761417766855,15.850011825561523,274886600,0.0,0.0,0.0
2022-06-08 00:00:00-04:00,15.731125684137842,16.14009536163324,15.374464752758227,15.526639938354492,225706000,0.0,0.0,0.0
2022-06-09 00:00:00-04:00,15.25082218226321,15.721615437707985,14.233149888148802,14.261682510375977,275959400,0.0,0.0,0.0
2022-06-10 00:00:00-04:00,13.438982302367739,13.610179818014315,12.68286115097608,12.739927291870117,343352200,0.0,0.0,0.0
2022-06-13 00:00:00-04:00,11.541546295240098,11.879184826285034,10.852001564380986,10.9756441116333,426731400,0.0,0.0,0.0
2022-06-14 00:00:00-04:00,11.241950631031706,11.35132732341995,10.70933755894465,11.046976089477539,393201000,0.0,0.0,0.0
2022-06-15 00:00:00-04:00,11.441680498607031,12.3261997497808,11.099286388653717,11.841140747070312,549823000,0.0,0.0,0.0
2022-06-16 00:00:00-04:00,10.932846018208524,10.99466775261724,10.13868099575145,10.395477294921875,424284400,0.0,0.0,0.0
2022-06-17 00:00:00-04:00,10.495341264809635,11.0707546547292,10.295611124668998,10.780670166015625,441181000,0.0,0.0,0.0
2022-06-21 00:00:00-04:00,11.32754932330844,11.879184741231896,11.308527881501863,11.593855857849121,318408200,0.0,0.0,0.0
2022-06-22 00:00:00-04:00,11.275241051126626,12.10269525237652,11.199153454442726,11.55105972290039,388973600,0.0,0.0,0.0
2022-06-23 00:00:00-04:00,11.860164213664895,12.159758974737954,11.493992133547922,12.04562759399414,365372800,0.0,0.0,0.0
2022-06-24 00:00:00-04:00,12.416556828210458,13.334364484567917,12.388023299147912,13.305830955505371,303635000,0.0,0.0,0.0
2022-06-27 00:00:00-04:00,13.481780826817019,13.55311281813696,12.839791090866592,12.991966247558594,338262000,0.0,0.0,0.0
2022-06-28 00:00:00-04:00,13.058545265441381,13.415206200460096,11.774566443595411,11.807854652404785,373741600,0.0,0.0,0.0
2022-06-29 00:00:00-04:00,11.784076645012513,12.02660616961242,11.460703945545971,11.83163070678711,380182200,0.0,0.0,0.0
2022-06-30 00:00:00-04:00,11.441682454293414,11.836387183093393,10.818714946508408,11.4131498336792,512407800,0.0,0.0,0.0
2022-07-01 00:00:00-04:00,11.222931345435684,11.650924301639805,10.985157380096098,11.598613739013672,417200800,0.0,0.0,0.0
2022-07-05 00:00:00-04:00,11.132575435950065,12.21206930610867,10.937600884057964,12.197802543640137,441108000,0.0,0.0,0.0
2022-07-06 00:00:00-04:00,12.254870149496833,12.706640130507008,12.021851776905878,12.430822372436523,412245800,0.0,0.0,0.0
2022-07-07 00:00:00-04:00,12.544951589105743,13.315339487097742,12.540196908908753,13.201208114624023,275732600,0.0,0.0,0.0
2022-07-08 00:00:00-04:00,12.835036219685295,13.462759229567354,12.70188249663571,13.263029098510742,319458400,0.0,0.0,0.0
2022-07-11 00:00:00-04:00,12.934903658560682,12.968191867504911,12.297669379516204,12.416556358337402,258448200,0.0,0.0,0.0
2022-07-12 00:00:00-04:00,12.573485834602614,12.830281210657493,11.845897272881913,12.05513858795166,319233000,0.0,0.0,0.0
2022-07-13 00:00:00-04:00,11.337059952632332,12.28339999317307,11.26572796197523,11.979049682617188,361151000,0.0,0.0,0.0
2022-07-14 00:00:00-04:00,11.636657793413512,12.212071273863874,11.23244276906438,12.10269546508789,351647000,0.0,0.0,0.0
2022-07-15 00:00:00-04:00,12.492642193055184,12.768459908799368,12.273889711169499,12.739927291870117,308760400,0.0,0.0,0.0
2022-07-18 00:00:00-04:00,13.129875593599593,13.315338953051455,12.278644560866772,12.445086479187012,319900400,0.0,0.0,0.0
2022-07-19 00:00:00-04:00,12.911124493519278,13.61018044316171,12.69237290862136,13.53409194946289,298643400,0.0,0.0,0.0
2022-07-20 00:00:00-04:00,13.629201052728206,14.385322192604823,13.524580854223869,14.21412467956543,377126200,0.0,0.0,0.0
2022-07-21 00:00:00-04:00,14.271190584845273,14.827581586035764,13.895507361196293,14.818070411682129,319381800,0.0,0.0,0.0
2022-07-22 00:00:00-04:00,14.684916586673543,14.99402340170447,13.767110036972792,14.042927742004395,298800800,0.0,0.0,0.0
2022-07-25 00:00:00-04:00,14.042928133551335,14.109504541335273,13.510314150173253,13.833686828613281,220897600,0.0,0.0,0.0
2022-07-26 00:00:00-04:00,13.548358628469995,13.58640242156678,12.863569445692294,12.996723175048828,231755600,0.0,0.0,0.0
2022-07-27 00:00:00-04:00,13.600669292218427,14.86087096898089,13.519826117865748,14.618341445922852,341919000,0.0,0.0,0.0
2022-07-28 00:00:00-04:00,14.589809894644748,15.131934216989551,14.038174396495668,15.036825180053711,324071800,0.0,0.0,0.0
2022-07-29 00:00:00-04:00,15.279352317874196,16.00218523867819,15.060599843957103,15.864275932312012,292146400,0.0,0.0,0.0
2022-08-01 00:00:00-04:00,15.588460155430232,16.36835844989298,15.426773790914442,15.84050178527832,285283000,0.0,0.0,0.0
2022-08-02 00:00:00-04:00,15.474327419898174,16.335067864362358,15.317395759196547,15.693078994750977,325375000,0.0,0.0,0.0
2022-08-03 00:00:00-04:00,15.954629431727312,17.09594495636912,15.840498967705742,16.948524475097656,294213800,0.0,0.0,0.0
2022-08-04 00:00:00-04:00,16.972301910769655,17.24812053123025,16.625152202103468,17.191055297851562,253567200,0.0,0.0,0.0
2022-08-05 00:00:00-04:00,16.37311208351719,17.11021086402296,16.23995927038792,16.78208351135254,283898600,0.0,0.0,0.0
2022-08-08 00:00:00-04:00,16.929501791110734,17.514427210403007,16.37786638840904,16.610885620117188,267787800,0.0,0.0,0.0
2022-08-09 00:00:00-04:00,16.3017807689184,16.34458015074169,15.783433506423549,16.04022979736328,218406000,0.0,0.0,0.0
2022-08-10 00:00:00-04:00,17.186300636479658,17.424074583999456,16.791596826913842,17.357498168945312,271554400,0.0,0.0,0.0
2022-08-11 00:00:00-04:00,17.75220189107684,18.080329250441547,16.962790728359522,17.095945358276367,273361000,0.0,0.0,0.0
2022-08-12 00:00:00-04:00,17.40505501384865,18.09459993464771,17.233859268100115,18.061311721801758,211187000,0.0,0.0,0.0
2022-08-15 00:00:00-04:00,17.904382041360797,18.584415792900785,17.899625545715583,18.494060516357422,196308400,0.0,0.0,0.0
2022-08-16 00:00:00-04:00,18.337126867025923,18.72707598267428,17.84731131809498,18.37516975402832,220755800,0.0,0.0,0.0
2022-08-17 00:00:00-04:00,17.83780064190292,18.227751582532743,17.381275100674035,17.73793601989746,262838400,0.0,0.0,0.0
2022-08-18 00:00:00-04:00,17.71891175096424,18.051795602356247,17.447849626819426,17.856821060180664,192140800,0.0,0.0,0.0
2022-08-19 00:00:00-04:00,17.3479851105643,17.452606216621195,16.677462723893687,16.81061553955078,224256600,0.0,0.0,0.0
2022-08-22 00:00:00-04:00,16.116317101465437,16.154361802002345,15.341173561702009,15.488594055175781,224975400,0.0,0.0,0.0
2022-08-23 00:00:00-04:00,15.422020114643393,15.859523356499524,15.312644304179361,15.436285972595215,219509800,0.0,0.0,0.0
2022-08-24 00:00:00-04:00,15.360197392683572,15.83574531081044,15.26508744624393,15.555171966552734,187005600,0.0,0.0,0.0
2022-08-25 00:00:00-04:00,15.826231001644901,16.37786640490211,15.664544668927908,16.373111724853516,222052600,0.0,0.0,0.0
2022-08-26 00:00:00-04:00,16.33506760589375,16.52053278762591,14.361545155011285,14.380566596984863,366276600,0.0,0.0,0.0
2022-08-29 00:00:00-04:00,13.9573291572741,14.32350120840104,13.771864884592569,13.93830680847168,248441000,0.0,0.0,0.0
2022-08-30 00:00:00-04:00,14.166571319434176,14.242658905194565,13.106098892207072,13.472270965576172,327014800,0.0,0.0,0.0
2022-08-31 00:00:00-04:00,13.866975885447774,13.981107265969847,13.205964633119093,13.22498607635498,341030600,0.0,0.0,0.0
2022-09-01 00:00:00-04:00,12.877836546692556,13.282052425866585,12.373756048153203,13.239253044128418,397320400,0.0,0.0,0.0
2022-09-02 00:00:00-04:00,13.619691714412017,13.80991160211684,12.445088715123667,12.687618255615234,454463000,0.0,0.0,0.0
2022-09-06 00:00:00-04:00,12.725660737744015,12.849303289171015,12.107447980609019,12.39753246307373,361083400,0.0,0.0,0.0
2022-09-07 00:00:00-04:00,12.449842581276137,13.267784538554608,12.41655437764206,13.129876136779785,331569600,0.0,0.0,0.0
2022-09-08 00:00:00-04:00,12.854059296709993,13.515070548025246,12.668595009989833,13.343873023986816,410799800,0.0,0.0,0.0
2022-09-09 00:00:00-04:00,13.63871224759786,14.275946428156265,13.62920107307358,14.190347671508789,298735800,0.0,0.0,0.0
2022-09-12 00:00:00-04:00,14.409101621321621,14.756252292464747,14.356791966876346,14.708697319030762,273141200,0.0,0.0,0.0
2022-09-13 00:00:00-04:00,13.429471167326973,13.605424270820038,12.155002784944243,12.288156509399414,391296600,0.0,0.0,0.0
2022-09-14 00:00:00-04:00,12.42606412379398,12.682860381687673,12.19304580109534,12.563973426818848,309291800,0.0,0.0,0.0
2022-09-15 00:00:00-04:00,12.307179964928888,12.62579711264372,11.722256231777028,11.931497573852539,393730600,0.0,0.0,0.0
2022-09-16 00:00:00-04:00,11.513014398135002,11.760299527571856,11.256218999901078,11.698478698730469,392143600,0.0,0.0,0.0
2022-09-19 00:00:00-04:00,11.384614915415558,11.998071123509193,11.375103741451817,11.979049682617188,302692600,0.0,0.0,0.0
2022-09-20 00:00:00-04:00,11.66519010539363,11.979051641230622,11.403638220839056,11.69372272491455,322118600,0.0,0.0,0.0
2022-09-21 00:00:00-04:00,11.798341033899124,12.326199398698426,11.046975522625804,11.05173110961914,591115200,0.0,0.0,0.0
2022-09-22 00:00:00-04:00,10.866269316150058,10.989911874667554,10.495341640597568,10.64276123046875,431084000,0.0,0.0,0.0
2022-09-23 00:00:00-04:00,10.366942823166957,10.395476347386627,9.72495394782867,10.13392448425293,561304000,0.0,0.0,0.0
2022-09-26 00:00:00-04:00,10.062591954284498,10.56191681019382,9.905661207538525,9.996015548706055,490607800,0.0,0.0,0.0
2022-09-27 00:00:00-04:00,10.37645424984413,10.628494944357412,9.7487312143392,10.00552749633789,543921200,0.0,0.0,0.0
2022-09-28 00:00:00-04:00,10.000772893498587,10.742627380587402,9.83433094326416,10.590452194213867,512039000,0.0,0.0,0.0
2022-09-29 00:00:00-04:00,10.133925738001004,10.171969534631716,9.330250420797745,9.69642162322998,540195600,0.0,0.0,0.0
2022-09-30 00:00:00-04:00,9.587045167930915,10.029304840519863,9.168563433512961,9.18758487701416,513197600,0.0,0.0,0.0
2022-10-03 00:00:00-04:00,9.368294924470305,9.991262481453061,9.206608549828104,9.824820518493652,447222600,0.0,0.0,0.0
2022-10-04 00:00:00-04:00,10.414499389186007,10.828226483551848,10.409743801085746,10.737872123718262,463323600,0.0,0.0,0.0
2022-10-05 00:00:00-04:00,10.305123583987063,10.93760228875079,9.991262025655331,10.737872123718262,458399000,0.0,0.0,0.0
2022-10-06 00:00:00-04:00,10.604717690591336,10.96613419946199,10.424009889673822,10.466809272766113,475087200,0.0,0.0,0.0
2022-10-07 00:00:00-04:00,9.929439509445496,9.94370627262852,9.111497468033354,9.273183822631836,501945200,0.0,0.0,0.0
2022-10-10 00:00:00-04:00,9.282694650128613,9.325494031037751,8.702525667598337,8.983098983764648,412999600,0.0,0.0,0.0
2022-10-11 00:00:00-04:00,8.807147814513323,9.101987020937882,8.436220105392824,8.626439094543457,529747000,0.0,0.0,0.0
2022-10-12 00:00:00-04:00,8.66923793406748,8.864212499037267,8.526573927955411,8.607417106628418,401483800,0.0,0.0,0.0
2022-10-13 00:00:00-04:00,7.856050032381339,9.330248423567353,7.760940107645933,9.182827949523926,829507200,0.0,0.0,0.0
2022-10-14 00:00:00-04:00,9.439624676887869,9.501445496150557,8.303064737977827,8.355375289916992,670132600,0.0,0.0,0.0
2022-10-17 00:00:00-04:00,8.945054597129369,9.273182859991316,8.940299009895368,9.178072929382324,460050800,0.0,0.0,0.0
2022-10-18 00:00:00-04:00,9.924683006362017,9.98650382139889,9.116251381815546,9.406335830688477,692553800,0.0,0.0,0.0
2022-10-19 00:00:00-04:00,9.230384079537755,9.625088775159655,9.040165113039656,9.292205810546875,519702200,0.0,0.0,0.0
2022-10-20 00:00:00-04:00,9.192339115938314,9.734463328197597,9.016386027431365,9.135272979736328,529703000,0.0,0.0,0.0
2022-10-21 00:00:00-04:00,9.025897543601557,9.83908479986518,8.907010586787935,9.782018661499023,627458000,0.0,0.0,0.0
2022-10-24 00:00:00-04:00,9.810552195301957,10.21001248014275,9.41584749802303,10.114903450012207,549244000,0.0,0.0,0.0
2022-10-25 00:00:00-04:00,10.214768121913245,10.766403583518837,10.210012534326143,10.723604202270508,476799600,0.0,0.0,0.0
2022-10-26 00:00:00-04:00,10.072103678113265,10.699826699349408,9.95321671478716,10.015037536621094,558931800,0.0,0.0,0.0
2022-10-27 00:00:00-04:00,9.886641979673968,10.04357276155598,9.401582869480215,9.463403701782227,513258800,0.0,0.0,0.0
2022-10-28 00:00:00-04:00,9.392069747869614,10.371698034690121,9.37304739907916,10.319388389587402,510777200,0.0,0.0,0.0
2022-10-31 00:00:00-04:00,10.072105259787858,10.162459620074461,9.743976935510174,9.962729454040527,419122200,0.0,0.0,0.0
2022-11-01 00:00:00-04:00,10.338410879889592,10.400232612693165,9.610822291500158,9.653621673583984,430464800,0.0,0.0,0.0
2022-11-02 00:00:00-04:00,9.644111664546221,9.976994647771065,8.64546090080043,8.654972076416016,662952600,0.0,0.0,0.0
2022-11-03 00:00:00-04:00,8.39341929327904,8.536084191177745,8.10333572425252,8.155645370483398,424463600,0.0,0.0,0.0
2022-11-04 00:00:00-04:00,8.621682988482862,8.726304106507303,8.012982259768869,8.53608512878418,764740400,0.0,0.0,0.0
2022-11-07 00:00:00-05:00,8.635949497634892,8.864212264180647,8.421952587100991,8.807147026062012,401886800,0.0,0.0,0.0
2022-11-08 00:00:00-05:00,8.964077744968858,9.330249831301568,8.60266124629398,8.997365951538086,592112600,0.0,0.0,0.0
2022-11-09 00:00:00-05:00,8.811900894825099,8.892744055586263,8.336353103767769,8.369641304016113,431138200,0.0,0.0,0.0
2022-11-10 00:00:00-05:00,9.582289606995454,10.243301777421328,9.368293605073827,10.200502395629883,656884800,0.0,0.0,0.0
2022-11-11 00:00:00-05:00,10.190990920608883,10.856757752065812,10.043571336016091,10.780670166015625,614268400,0.0,0.0,0.0
2022-11-14 00:00:00-05:00,10.542896269168436,10.918578613205955,10.376454333971944,10.495341300964355,428451800,0.0,0.0,0.0
2022-11-15 00:00:00-05:00,11.246706416773335,11.389371315305615,10.547651407182439,10.918578147888184,636531400,0.0,0.0,0.0
2022-11-16 00:00:00-05:00,10.699827446858524,10.737871241499263,10.376454738894434,10.476320266723633,383358800,0.0,0.0,0.0
2022-11-17 00:00:00-05:00,9.962728782203383,10.561918332863119,9.943706430989739,10.395477294921875,426924400,0.0,0.0,0.0
2022-11-18 00:00:00-05:00,10.728359480363629,10.737870655263452,10.119658799343915,10.385965347290039,389577000,0.0,0.0,0.0
2022-11-21 00:00:00-05:00,10.233788871215662,10.366941674680803,9.972237037057594,10.072102546691895,288222600,0.0,0.0,0.0
2022-11-22 00:00:00-05:00,10.143435987511088,10.509608063536252,9.905662053526266,10.495341300964355,292477200,0.0,0.0,0.0
2022-11-23 00:00:00-05:00,10.48582951762784,10.875779508651624,10.466808075670997,10.809202194213867,357567000,0.0,0.0,0.0
2022-11-25 00:00:00-05:00,10.623740015604588,10.699827606017864,10.533385661850462,10.58569622039795,134753000,0.0,0.0,0.0
2022-11-28 00:00:00-05:00,10.36694266025619,10.590450727953568,10.015037363730174,10.119658470153809,262765200,0.0,0.0,0.0
2022-11-29 00:00:00-05:00,10.138680522477536,10.18623549125615,9.734464648412692,9.877129554748535,275805400,0.0,0.0,0.0
2022-11-30 00:00:00-05:00,9.915172783913942,11.246706391700167,9.820062851771127,11.203907012939453,545469800,0.0,0.0,0.0
2022-12-01 00:00:00-05:00,11.270486446053422,11.493993649441345,10.942358116242286,11.265730857849121,411007200,0.0,0.0,0.0
2022-12-02 00:00:00-05:00,10.676050451533252,11.237196197627275,10.647516925179273,11.132575988769531,363310000,0.0,0.0,0.0
2022-12-05 00:00:00-05:00,10.88053617763986,11.032712276287398,10.39547798113601,10.571430206298828,301980000,0.0,0.0,0.0
2022-12-06 00:00:00-05:00,10.547652975788692,10.561918832838607,9.74873232770925,9.900907516479492,339801000,0.0,0.0,0.0
2022-12-07 00:00:00-05:00,9.777263074382219,10.000771133694544,9.596555299121135,9.782018661499023,347335800,0.0,0.0,0.0
2022-12-08 00:00:00-05:00,9.924683703544117,10.224278440136205,9.696420053673158,10.129168510437012,377840200,0.0,0.0,0.0
2022-12-09 00:00:00-05:00,10.010282150313518,10.314633399325816,9.877129329216482,9.934194564819336,354007800,0.0,0.0,0.0
2022-12-12 00:00:00-05:00,9.943705139432575,10.300366015042167,9.829573768081769,10.295610427856445,225655000,0.0,0.0,0.0
2022-12-13 00:00:00-05:00,11.498747989962672,11.522525021368523,10.328899722675581,10.61898422241211,695385600,0.0,0.0,0.0
2022-12-14 00:00:00-05:00,10.561915973228881,10.932843575705471,10.02454736999558,10.366941452026367,578911000,0.0,0.0,0.0
2022-12-15 00:00:00-05:00,9.919928805463947,10.000771979213544,9.201851416755298,9.339759826660156,428053200,0.0,0.0,0.0
2022-12-16 00:00:00-05:00,9.263671118313175,9.420601859284352,8.897499087035275,9.06394100189209,351284200,0.0,0.0,0.0
2022-12-19 00:00:00-05:00,9.082966780778978,9.09723263996094,8.550352633447808,8.688261985778809,310533000,0.0,0.0,0.0
2022-12-20 00:00:00-05:00,8.559859864929523,8.826166362312977,8.402929137020564,8.650214195251465,345762400,0.0,0.0,0.0
2022-12-21 00:00:00-05:00,8.75483585022913,9.154296116987805,8.66923709206148,9.025897979736328,326374600,0.0,0.0,0.0
2022-12-22 00:00:00-05:00,8.714232705736297,8.72379324592008,7.9255063754401265,8.38440227508545,460900400,0.049,0.0,0.0
2022-12-23 00:00:00-05:00,8.226653833251952,8.470442070386461,8.045008178466672,8.408300399780273,330134600,0.0,0.0,0.0
2022-12-27 00:00:00-05:00,8.346159823819502,8.35572036367048,7.992428055022642,8.049790382385254,263200600,0.0,0.0,0.0
2022-12-28 00:00:00-05:00,8.006768114854966,8.221875682637892,7.696057892746542,7.724738597869873,364869200,0.0,0.0,0.0
2022-12-29 00:00:00-05:00,7.968526537922508,8.365279770571307,7.901604591515742,8.269676208496094,306109800,0.0,0.0,0.0
2022-12-30 00:00:00-05:00,8.01154804968204,8.269676208496094,7.887263783681518,8.269676208496094,301941200,0.0,0.0,0.0
2023-01-03 00:00:00-05:00,8.480003267646921,8.623408606863975,7.872922761970557,8.083250045776367,359851800,0.0,0.0,0.0
2023-01-04 00:00:00-05:00,8.284018239973625,8.36050073623387,7.906386028656569,8.207535743713379,435272800,0.0,0.0,0.0
2023-01-05 00:00:00-05:00,8.035448717191999,8.054569794858415,7.782100820314142,7.820342063903809,362504000,0.0,0.0,0.0
2023-01-06 00:00:00-05:00,7.958967486793377,8.556487582074311,7.696059009567089,8.43220329284668,466895200,0.0,0.0,0.0
2023-01-09 00:00:00-05:00,8.642529847001967,9.063183555207463,8.55170654537207,8.609068870544434,372042800,0.0,0.0,0.0
2023-01-10 00:00:00-05:00,8.518245460591423,8.838516235351562,8.46088404789173,8.838516235351562,328723000,0.0,0.0,0.0
2023-01-11 00:00:00-05:00,8.929340195385482,9.287852242341044,8.852857698307757,9.278291702270508,302550000,0.0,0.0,0.0
2023-01-12 00:00:00-05:00,9.330872373617268,9.522078587883371,8.886317355609114,9.4216947555542,561852600,0.0,0.0,0.0
2023-01-13 00:00:00-05:00,9.163567751472753,9.641583803376928,9.130106773718383,9.608122825622559,319566000,0.0,0.0,0.0
2023-01-17 00:00:00-05:00,9.58900048934237,9.804108049208306,9.469496492026437,9.6607027053833,279515800,0.0,0.0,0.0
2023-01-18 00:00:00-05:00,9.837570102211968,9.995315359511187,9.268730757272197,9.302191734313965,373300200,0.0,0.0,0.0
2023-01-19 00:00:00-05:00,9.115767121266934,9.230490878880016,8.881539335505638,9.010603904724121,332741400,0.0,0.0,0.0
2023-01-20 00:00:00-05:00,9.168347134045302,9.77542768002588,9.06318302928897,9.746746063232422,322650400,0.0,0.0,0.0
2023-01-23 00:00:00-05:00,9.823229033347685,10.516352640242793,9.741966271930625,10.387288093566895,388084200,0.0,0.0,0.0
2023-01-24 00:00:00-05:00,10.210421991521537,10.454210259492491,10.153059670692954,10.325145721435547,290013000,0.0,0.0,0.0
2023-01-25 00:00:00-05:00,9.828008372261634,10.320365163834307,9.55075913810982,10.248662948608398,436167200,0.0,0.0,0.0
2023-01-26 00:00:00-05:00,10.621516108105169,10.860524128724718,10.325146673113146,10.84140396118164,406837800,0.0,0.0,0.0
2023-01-27 00:00:00-05:00,10.688439608843652,11.386342632877051,10.674098798526952,11.152114868164062,376822200,0.0,0.0,0.0
2023-01-30 00:00:00-05:00,10.7792624550684,10.94656826876598,10.444651739416573,10.482892990112305,347816000,0.0,0.0,0.0
2023-01-31 00:00:00-05:00,10.487672122719799,10.95612762086054,10.46855104357451,10.951347351074219,316513800,0.0,0.0,0.0
2023-02-01 00:00:00-05:00,10.927447571045,11.92650122288692,10.688439537814748,11.658811569213867,543277600,0.0,0.0,0.0
2023-02-02 00:00:00-05:00,12.40929444867015,13.121539063816016,12.308911530138731,12.863409996032715,535770200,0.0,0.0,0.0
2023-02-03 00:00:00-05:00,12.05078420873019,12.973355333089408,12.002983333022195,12.198969841003418,534808400,0.0,0.0,0.0
2023-02-06 00:00:00-05:00,11.878702206339264,12.165512095504639,11.720956904059834,11.888262748718262,323632400,0.0,0.0,0.0
2023-02-07 00:00:00-05:00,11.869136829047969,12.758246849757157,11.73051266799531,12.624402046203613,519789200,0.0,0.0,0.0
2023-02-08 00:00:00-05:00,12.452316281586954,12.571820280111755,11.859576558313123,11.945619583129883,362514400,0.0,0.0,0.0
2023-02-09 00:00:00-05:00,12.45231548949537,12.471436565679758,11.438922157043159,11.625348091125488,395196800,0.0,0.0,0.0
2023-02-10 00:00:00-05:00,11.357662292498656,11.596670335072087,11.099533168882553,11.386343002319336,367863400,0.0,0.0,0.0
2023-02-13 00:00:00-05:00,11.539307602157788,11.998203502037251,11.400683416395388,11.926501274108887,279739800,0.0,0.0,0.0
2023-02-14 00:00:00-05:00,11.730513805501895,12.30413249404839,11.496285148634286,12.1846284866333,511474400,0.0,0.0,0.0
2023-02-15 00:00:00-05:00,11.959960873713777,12.476218131699968,11.878698114968582,12.457097053527832,275527400,0.0,0.0,0.0
2023-02-16 00:00:00-05:00,11.869136325839886,12.366273365039278,11.725731901624805,11.744852066040039,388993000,0.0,0.0,0.0
2023-02-17 00:00:00-05:00,11.486726306505389,11.58232897192948,11.137773888064771,11.491506576538086,389804800,0.0,0.0,0.0
2023-02-21 00:00:00-05:00,11.042171612963374,11.209477423048623,10.654978844061116,10.683659553527832,300937600,0.0,0.0,0.0
2023-02-22 00:00:00-05:00,10.731458517324848,10.92266471631481,10.506790435736452,10.693217277526855,334677400,0.0,0.0,0.0
2023-02-23 00:00:00-05:00,11.085190286850398,11.104310451004562,10.492450610182065,10.960906028747559,359540000,0.0,0.0,0.0
2023-02-24 00:00:00-05:00,10.396847771328442,10.530692576612156,10.205641557882524,10.406408309936523,345563600,0.0,0.0,0.0
2023-02-27 00:00:00-05:00,10.745799591047108,10.89876456701682,10.56415391001887,10.631075859069824,277508800,0.0,0.0,0.0
2023-02-28 00:00:00-05:00,10.554594587289145,10.860524574480829,10.516353338890186,10.578495025634766,254631600,0.0,0.0,0.0
2023-03-01 00:00:00-05:00,10.545033106085647,10.616735326466204,10.21520270998645,10.320365905761719,308773800,0.0,0.0,0.0
2023-03-02 00:00:00-05:00,10.0431148264625,10.659754903760158,10.014434125871292,10.56893253326416,315874600,0.0,0.0,0.0
2023-03-03 00:00:00-05:00,10.755361308431457,11.24771817655612,10.697998980286116,11.214256286621094,303353200,0.0,0.0,0.0
2023-03-06 00:00:00-05:00,11.357659912400136,11.701831093354151,11.233375646897624,11.262056350708008,303699800,0.0,0.0,0.0
2023-03-07 00:00:00-05:00,11.26205767630502,11.367221788893296,10.764921467522845,10.84140396118164,352663000,0.0,0.0,0.0
2023-03-08 00:00:00-05:00,10.8748678275415,11.061293841398582,10.674101000409456,10.989591598510742,290985600,0.0,0.0,0.0
2023-03-09 00:00:00-05:00,11.046949327456474,11.33375817925711,10.320364836277161,10.411188125610352,393667400,0.0,0.0,0.0
2023-03-10 00:00:00-05:00,10.43030951602069,10.592835037404045,9.856690833264622,9.980974197387695,629715200,0.0,0.0,0.0
2023-03-13 00:00:00-04:00,9.7849880282719,10.588055122803437,9.622462501438457,10.19608211517334,659081400,0.0,0.0,0.0
2023-03-14 00:00:00-04:00,10.573714486936227,10.951346658750104,10.47811092074014,10.889204978942871,434325800,0.0,0.0,0.0
2023-03-15 00:00:00-04:00,10.59761503324762,11.099531481658905,10.435089516063488,11.046950340270996,549118800,0.0,0.0,0.0
2023-03-16 00:00:00-04:00,10.937005913502842,11.96474106494897,10.860523424801249,11.921719551086426,456714200,0.0,0.0,0.0
2023-03-17 00:00:00-04:00,11.916938104492612,12.194187326586706,11.520184891638252,11.744852066040039,403540600,0.0,0.0,0.0
2023-03-20 00:00:00-04:00,11.677933414563674,11.912161193065055,11.419804284127448,11.869139671325684,328356000,0.0,0.0,0.0
2023-03-21 00:00:00-04:00,12.098583788516686,12.428415058827483,11.916938123439246,12.371052742004395,270290200,0.0,0.0,0.0
2023-03-22 00:00:00-04:00,12.361437138041863,12.962440520880735,11.85178652617085,11.8662109375,475836200,0.075,0.0,0.0
2023-03-23 00:00:00-04:00,12.30854872465185,12.794159538864966,11.96237021001214,12.289316177368164,392994400,0.0,0.0,0.0
2023-03-24 00:00:00-04:00,12.231622029094783,12.423942942732126,11.943140200109545,12.414326667785645,338830200,0.0,0.0,0.0
2023-03-27 00:00:00-04:00,12.496062425267976,12.625879378125942,12.048915754573917,12.159501075744629,273591200,0.0,0.0,0.0
2023-03-28 00:00:00-04:00,12.087382322734788,12.087382322734788,11.678700668801522,11.957566261291504,236041400,0.0,0.0,0.0
2023-03-29 00:00:00-04:00,12.385478954910706,12.678768925984588,12.294126175598462,12.611455917358398,238730600,0.0,0.0,0.0
2023-03-30 00:00:00-04:00,12.89512881630243,13.024945770923614,12.736463955229341,12.952825546264648,260300000,0.0,0.0,0.0
2023-03-31 00:00:00-04:00,12.981671938872514,13.616331309154731,12.938399625711607,13.587483406066895,254044200,0.0,0.0,0.0
2023-04-03 00:00:00-04:00,13.30861884903755,13.520172293278332,13.140337721051893,13.491323471069336,250232600,0.0,0.0,0.0
2023-04-04 00:00:00-04:00,13.539404574345365,13.669221529342854,13.183610670212495,13.35669994354248,232180800,0.0,0.0,0.0
2023-04-05 00:00:00-04:00,13.207650875297649,13.231691562419206,12.698000230080384,12.92878532409668,258274000,0.0,0.0,0.0
2023-04-06 00:00:00-04:00,12.722040096011236,13.250923294911182,12.553759870184463,13.188419342041016,241920600,0.0,0.0,0.0
2023-04-10 00:00:00-04:00,12.808584943802702,13.164378868124057,12.582607981844918,13.159571647644043,237057600,0.0,0.0,0.0
2023-04-11 00:00:00-04:00,13.154761764732251,13.15956990163279,12.837432065763565,12.904744148254395,208521600,0.0,0.0,0.0
2023-04-12 00:00:00-04:00,13.14514628043792,13.217266504160879,12.500870570003821,12.563374519348145,348038600,0.0,0.0,0.0
2023-04-13 00:00:00-04:00,12.75569791341361,13.337468829266223,12.73646536228203,13.28458023071289,247523000,0.0,0.0,0.0
2023-04-14 00:00:00-04:00,13.082641369311649,13.428819909291859,12.83743279290353,13.207650184631348,285332200,0.0,0.0,0.0
2023-04-17 00:00:00-04:00,13.14995333719529,13.279770279465579,12.89031945265471,13.222073554992676,228617800,0.0,0.0,0.0
2023-04-18 00:00:00-04:00,13.49613346809961,13.549022065713341,13.077835576062729,13.23169231414795,212829800,0.0,0.0,0.0
2023-04-19 00:00:00-04:00,12.919171807750617,13.337469735645266,12.904747393421687,13.202844619750977,191850600,0.0,0.0,0.0
2023-04-20 00:00:00-04:00,12.823009925310815,13.26054037308044,12.726849004391962,12.895130157470703,273695200,0.0,0.0,0.0
2023-04-21 00:00:00-04:00,12.837433874927207,13.024946655182372,12.621072269203191,12.919170379638672,228888000,0.0,0.0,0.0
2023-04-24 00:00:00-04:00,12.890321746672418,13.063411033836527,12.568183860593933,12.842241287231445,215290800,0.0,0.0,0.0
2023-04-25 00:00:00-04:00,12.63549596450776,12.717232464578313,12.101804645396589,12.116229057312012,276576000,0.0,0.0,0.0
2023-04-26 00:00:00-04:00,12.51048764741359,12.688384149545259,12.265278137369151,12.318166732788086,249724600,0.0,0.0,0.0
2023-04-27 00:00:00-04:00,12.770119408855598,13.380739055732459,12.688382913470045,13.313426971435547,255631200,0.0,0.0,0.0
2023-04-28 00:00:00-04:00,13.289386933827586,13.597101299303691,13.140338346882569,13.582676887512207,261072200,0.0,0.0,0.0
2023-05-01 00:00:00-04:00,13.529788882564656,13.71730257576814,13.399972839034188,13.54421329498291,178002600,0.0,0.0,0.0
2023-05-02 00:00:00-04:00,13.529788552196802,13.568252733981145,12.962441183083888,13.183610916137695,249312000,0.0,0.0,0.0
2023-05-03 00:00:00-04:00,13.222076943780259,13.558639269172636,12.899939032467634,12.923978805541992,340267600,0.0,0.0,0.0
2023-05-04 00:00:00-04:00,12.875897431624109,13.02013788371205,12.635496066771923,12.779736518859863,242621600,0.0,0.0,0.0
2023-05-05 00:00:00-04:00,13.039370022395657,13.683644816213452,12.996097704720508,13.563444137573242,195603200,0.0,0.0,0.0
2023-05-08 00:00:00-04:00,13.510557297536929,13.722110761794262,13.375932198998907,13.674030303955078,151477000,0.0,0.0,0.0
2023-05-09 00:00:00-04:00,13.457667359475083,13.568251759530774,13.371122727411198,13.409586906433105,129681400,0.0,0.0,0.0
2023-05-10 00:00:00-04:00,13.712493949495121,13.952895312212531,13.399972361374171,13.842310905456543,303102000,0.0,0.0,0.0
2023-05-11 00:00:00-04:00,13.900006859252834,14.034631953874426,13.698069675849661,13.957703590393066,194683000,0.0,0.0,0.0
2023-05-12 00:00:00-04:00,14.029823853406874,14.087519667640352,13.544212984492683,13.813462257385254,210763400,0.0,0.0,0.0
2023-05-15 00:00:00-04:00,13.871159102365457,14.0634800131507,13.669221916776339,14.025015830993652,172935200,0.0,0.0,0.0
2023-05-16 00:00:00-04:00,13.933662383620508,14.299072555048573,13.924046109279622,14.077903747558594,159327000,0.0,0.0,0.0
2023-05-17 00:00:00-04:00,14.207720052843644,14.654866730547282,14.053863328700116,14.582746505737305,202209200,0.0,0.0,0.0
2023-05-18 00:00:00-04:00,14.61640215591926,15.404919221509186,14.61640215591926,15.366454124450684,271867600,0.0,0.0,0.0
2023-05-19 00:00:00-04:00,15.400110603876913,15.501080569459365,15.12124597876469,15.2606782913208,198058400,0.0,0.0,0.0
2023-05-22 00:00:00-04:00,15.231832112584312,15.558778147469653,15.22702397477029,15.419344902038574,166624800,0.0,0.0,0.0
2023-05-23 00:00:00-04:00,15.174133538131638,15.337606535776054,14.77506731848401,14.823147773742676,212630000,0.0,0.0,0.0
2023-05-24 00:00:00-04:00,14.553898599224995,14.760643916189768,14.313497238486129,14.582746505737305,235945000,0.0,0.0,0.0
2023-05-25 00:00:00-04:00,15.558775681811161,15.80398425205751,15.231829698738197,15.635704040527344,261747000,0.0,0.0,0.0
2023-05-26 00:00:00-04:00,15.775136688920371,16.948294575114367,15.76552041516673,16.818477630615234,252784400,0.0,0.0,0.0
2023-05-30 00:00:00-04:00,17.457947698261695,17.631035139527878,16.84732801415682,17.054073333740234,270612800,0.0,0.0,0.0
2023-05-31 00:00:00-04:00,16.813672469052815,17.111769655440714,16.53961505293352,16.707895278930664,210289000,0.0,0.0,0.0
2023-06-01 00:00:00-04:00,16.703085753151633,17.515641614429143,16.54441998986757,17.313703536987305,216759200,0.0,0.0,0.0
2023-06-02 00:00:00-04:00,17.578149514702197,17.881053932056048,17.31370653017856,17.703157424926758,216505600,0.0,0.0,0.0
2023-06-05 00:00:00-04:00,17.674308996429268,18.126264773507742,17.57814990984126,17.741622924804688,206261800,0.0,0.0,0.0
2023-06-06 00:00:00-04:00,17.64065180196732,17.86662967580915,17.433906477839024,17.722389221191406,159509000,0.0,0.0,0.0
2023-06-07 00:00:00-04:00,17.76085044907189,18.058949433084717,16.717509507377024,16.818477630615234,228485400,0.0,0.0,0.0
2023-06-08 00:00:00-04:00,16.837711867783856,17.491603875715946,16.804055823327072,17.395442962646484,188153800,0.0,0.0,0.0
2023-06-09 00:00:00-04:00,17.635845362101943,18.087799295670713,17.405060257676382,17.606996536254883,207944000,0.0,0.0,0.0
2023-06-12 00:00:00-04:00,17.86182206518713,18.51571223410892,17.712772559339047,18.5060977935791,154857400,0.0,0.0,0.0
2023-06-13 00:00:00-04:00,18.92920054775724,19.054210268688827,18.424358112589825,18.919584274291992,266534200,0.0,0.0,0.0
2023-06-14 00:00:00-04:00,18.9195871561175,19.376350127649296,18.472440459515703,19.323461532592773,305313000,0.0,0.0,0.0
2023-06-15 00:00:00-04:00,19.107104492504423,20.2369903633092,18.996518232088178,20.00139617919922,255874000,0.0,0.0,0.0
2023-06-16 00:00:00-04:00,20.390843394083007,20.405266888845023,19.544631409236175,19.616750717163086,224810400,0.0,0.0,0.0
2023-06-20 00:00:00-04:00,19.37154215813232,19.7513767496526,19.039787105285843,19.52058982849121,168249800,0.0,0.0,0.0
2023-06-21 00:00:00-04:00,19.33151957262476,19.399044543121327,18.569447842923623,18.73826026916504,199266600,0.064,0.0,0.0
2023-06-22 00:00:00-04:00,18.506747673459547,19.384576082516286,18.444046958468128,19.36046028137207,210199200,0.0,0.0,0.0
2023-06-23 00:00:00-04:00,18.72861692081342,19.153060152166866,18.511571041190862,18.786495208740234,225152400,0.0,0.0,0.0
2023-06-26 00:00:00-04:00,18.69485221650276,19.13376639093806,18.00995394339347,18.043716430664062,216900000,0.0,0.0,0.0
2023-06-27 00:00:00-04:00,18.2559383160311,19.051772590592506,18.135357476850135,18.93601417541504,195354000,0.0,0.0,0.0
2023-06-28 00:00:00-04:00,18.65144379194708,19.360459732994013,18.632152255528748,19.051773071289062,217352600,0.0,0.0,0.0
2023-06-29 00:00:00-04:00,18.984247580122226,19.0807126192731,18.6514432870476,18.921545028686523,198266400,0.0,0.0,0.0
2023-06-30 00:00:00-04:00,19.48586008119363,19.94406569782338,19.432804229183738,19.775253295898438,184308800,0.0,0.0,0.0
2023-07-03 00:00:00-04:00,19.871725827318237,20.01160006460744,19.698089096878938,19.910310745239258,79868000,0.0,0.0,0.0
2023-07-05 00:00:00-04:00,19.640208885115996,20.180410562765744,19.635384620897558,19.89583969116211,139007400,0.0,0.0,0.0
2023-07-06 00:00:00-04:00,19.27846517449825,19.49550921328662,18.950485144435373,19.4279842376709,170473400,0.0,0.0,0.0
2023-07-07 00:00:00-04:00,19.384575569912286,19.900661428405424,19.18682306189078,19.23023223876953,168624800,0.0,0.0,0.0
2023-07-10 00:00:00-04:00,19.177176475186453,19.34599075946055,18.776849032890745,19.24470329284668,172013600,0.0,0.0,0.0
2023-07-11 00:00:00-04:00,19.302580741345924,19.591974016181833,18.95530733960878,19.51962661743164,162478600,0.0,0.0,0.0
2023-07-12 00:00:00-04:00,20.175589487204988,20.469805227078442,19.847609415298432,20.243114471435547,230335400,0.0,0.0,0.0
2023-07-13 00:00:00-04:00,20.749554300355932,21.395867773920525,20.65791351049212,21.251171112060547,164773200,0.0,0.0,0.0
2023-07-14 00:00:00-04:00,21.328339505643996,21.87818784005031,21.087177826348764,21.231874465942383,186056400,0.0,0.0,0.0
2023-07-17 00:00:00-04:00,21.35727688111419,21.97947443055698,21.27528279657178,21.820308685302734,145525200,0.0,0.0,0.0
2023-07-18 00:00:00-04:00,21.714200772405913,22.592029257019252,21.371751582896742,22.34122085571289,196113200,0.0,0.0,0.0
2023-07-19 00:00:00-04:00,22.538973385984736,22.736725916256578,22.100059143678067,22.34122085571289,200573800,0.0,0.0,0.0
2023-07-20 00:00:00-04:00,21.78172424929231,22.042179321837132,20.59038488555106,20.77366828918457,233862800,0.0,0.0,0.0
2023-07-21 00:00:00-04:00,21.16434950431786,21.309046144008505,20.50356517786518,20.590383529663086,205108600,0.0,0.0,0.0
2023-07-24 00:00:00-04:00,20.730256825363284,20.88942440990179,20.35404521087957,20.672378540039062,126429200,0.0,0.0,0.0
2023-07-25 00:00:00-04:00,20.778494388403086,21.35728103639197,20.778494388403086,21.087181091308594,138199200,0.0,0.0,0.0
2023-07-26 00:00:00-04:00,20.894248246812005,21.14987904420694,20.4698031659212,20.870132446289062,205764600,0.0,0.0,0.0
2023-07-27 00:00:00-04:00,21.75760748337474,22.037354080809834,20.474627394641413,20.691673278808594,261103200,0.0,0.0,0.0
2023-07-28 00:00:00-04:00,21.366928506388867,21.989126199615686,21.28493440289839,21.810667037963867,204487600,0.0,0.0,0.0
2023-07-31 00:00:00-04:00,21.863717350806397,22.04699889078466,21.617731423066783,21.85407066345215,159009200,0.0,0.0,0.0
2023-08-01 00:00:00-04:00,21.603260973105975,21.815482561994294,21.32351257692298,21.68525505065918,153056600,0.0,0.0,0.0
2023-08-02 00:00:00-04:00,21.07270825880111,21.077532523057794,20.030889809401014,20.267229080200195,258044000,0.0,0.0,0.0
2023-08-03 00:00:00-04:00,19.828312456851936,20.479448218557717,19.79937239458507,20.122529983520508,201340200,0.0,0.0,0.0
2023-08-04 00:00:00-04:00,20.445687181481556,20.821898818024675,19.760788885219203,19.842782974243164,247452800,0.0,0.0,0.0
2023-08-07 00:00:00-04:00,20.127351954035237,20.35404450356051,19.746316089063917,20.33475112915039,149792200,0.0,0.0,0.0
2023-08-08 00:00:00-04:00,19.915132145668938,19.915132145668938,19.29293456438722,19.813844680786133,188780000,0.0,0.0,0.0
2023-08-09 00:00:00-04:00,19.852430179691126,19.876545980625583,19.027657644276175,19.153060913085938,199430600,0.0,0.0,0.0
2023-08-10 00:00:00-04:00,19.61126494850732,20.13699740956327,18.989067461218497,19.23987579345703,260554200,0.0,0.0,0.0
2023-08-11 00:00:00-04:00,18.825082911523776,19.13376961278617,18.617683689128505,18.854022979736328,201573800,0.0,0.0,0.0
2023-08-14 00:00:00-04:00,18.72861399464996,19.50515293610109,18.61767802023963,19.481037139892578,142553600,0.0,0.0,0.0
2023-08-15 00:00:00-04:00,19.32669790457305,19.45692543941301,18.7527337383534,18.88296127319336,162553600,0.0,0.0,0.0
2023-08-16 00:00:00-04:00,18.772025361151467,19.013187054937593,18.241470370789077,18.255939483642578,190222000,0.0,0.0,0.0
2023-08-17 00:00:00-04:00,18.448870447476406,18.501926317006323,17.571041987757226,17.638566970825195,210232800,0.0,0.0,0.0
2023-08-18 00:00:00-04:00,17.136949290507943,17.754324474820578,17.059777622458572,17.55657196044922,247002000,0.0,0.0,0.0
2023-08-21 00:00:00-04:00,17.78326090454826,18.51157017313871,17.706089244292073,18.405458450317383,191487200,0.0,0.0,0.0
2023-08-22 00:00:00-04:00,18.7961420216558,18.80096444571609,18.21735361878753,18.32346534729004,180368000,0.0,0.0,0.0
2023-08-23 00:00:00-04:00,18.49710033136188,19.35081290910564,18.463337842969555,19.18682289123535,175454000,0.0,0.0,0.0
2023-08-24 00:00:00-04:00,19.717381321028697,19.731850434411946,17.89419759811065,17.923137664794922,232397200,0.0,0.0,0.0
2023-08-25 00:00:00-04:00,18.053366183231688,18.598392175852542,17.532455994195573,18.347583770751953,278289400,0.0,0.0,0.0
2023-08-28 00:00:00-04:00,18.78649698193697,18.892606879831902,18.3668761350051,18.757556915283203,182641000,0.0,0.0,0.0
2023-08-29 00:00:00-04:00,18.714141850241408,20.02606168730284,18.661085998019484,19.953712463378906,187495600,0.0,0.0,0.0
2023-08-30 00:00:00-04:00,19.982657668744956,20.392631803483145,19.813845222656916,20.286521911621094,185958200,0.0,0.0,0.0
2023-08-31 00:00:00-04:00,20.276872725889117,20.730255982340207,20.26722603874112,20.46980094909668,162242800,0.0,0.0,0.0
2023-09-01 00:00:00-04:00,20.84119376971373,20.913543016018583,20.13700204400658,20.397457122802734,165058400,0.0,0.0,0.0
2023-09-05 00:00:00-04:00,20.243112732951932,20.653086867667533,20.093591823626717,20.450511932373047,123778600,0.0,0.0,0.0
2023-09-06 00:00:00-04:00,20.325109192418058,20.373342639716686,19.572685813738268,19.910310745239258,148058200,0.0,0.0,0.0
2023-09-07 00:00:00-04:00,19.16753062215893,19.58232715510911,18.993893922826622,19.47621726989746,168623000,0.0,0.0,0.0
2023-09-08 00:00:00-04:00,19.4424549896122,19.89101585435299,19.37492817477323,19.534095764160156,149541600,0.0,0.0,0.0
2023-09-11 00:00:00-04:00,20.011595507371442,20.30098876558823,19.698084611038706,20.1997013092041,141712800,0.0,0.0,0.0
2023-09-12 00:00:00-04:00,19.939244953631338,20.165937489517034,19.48586172177728,19.553386688232422,155524200,0.0,0.0,0.0
2023-09-13 00:00:00-04:00,19.57268205263445,20.011596219161486,19.38457440419355,19.74631690979004,170849400,0.0,0.0,0.0
2023-09-14 00:00:00-04:00,20.016422384934078,20.37334253341002,19.678795615276915,20.209352493286133,152379800,0.0,0.0,0.0
2023-09-15 00:00:00-04:00,19.992303832381218,20.059828809044234,19.018010415014906,19.172353744506836,179839600,0.0,0.0,0.0
2023-09-18 00:00:00-04:00,19.01801058437361,19.39904648741396,18.96977898344698,19.215763092041016,124798200,0.0,0.0,0.0
2023-09-19 00:00:00-04:00,19.00836152253435,19.21093826894822,18.61767898011166,19.10000228881836,148741400,0.0,0.0,0.0
2023-09-20 00:00:00-04:00,19.249568284659595,19.312491704547924,18.247642209323967,18.27184295654297,196038400,0.0695,0.0,0.0
2023-09-21 00:00:00-04:00,17.691015107462093,17.80234001748525,17.216673463990062,17.23119354248047,216821200,0.0,0.0,0.0
2023-09-22 00:00:00-04:00,17.48772532529581,17.802338696432596,17.192471441910097,17.24571418762207,188181200,0.0,0.0,0.0
2023-09-25 00:00:00-04:00,17.09083305598638,17.492570721878813,16.945624846570745,17.473209381103516,162538400,0.0,0.0,0.0
2023-09-26 00:00:00-04:00,17.090827804177263,17.173110707589082,16.539040840033433,16.69392967224121,210679400,0.0,0.0,0.0
2023-09-27 00:00:00-04:00,16.848818850079585,17.071468690347302,16.277672323202395,16.795576095581055,256871600,0.0,0.0,0.0
2023-09-28 00:00:00-04:00,16.64552589235423,17.507084958797932,16.519680912131513,17.202152252197266,268145800,0.0,0.0,0.0
2023-09-29 00:00:00-04:00,17.70553613532807,17.90882460948883,17.052104940386005,17.240873336791992,286858200,0.0,0.0,0.0
2023-10-02 00:00:00-04:00,17.265074835519172,17.860423899032348,17.173111261726998,17.652294158935547,236463200,0.0,0.0,0.0
2023-10-03 00:00:00-04:00,17.284437268956065,17.61357260692902,16.476120849733366,16.71813201904297,266539000,0.0,0.0,0.0
2023-10-04 00:00:00-04:00,16.83429751915768,17.51676899030194,16.76653468245381,17.395763397216797,252759200,0.0,0.0,0.0
2023-10-05 00:00:00-04:00,17.37156228057379,17.424805035829298,16.698771492669742,17.211835861206055,218006200,0.0,0.0,0.0
2023-10-06 00:00:00-04:00,16.771373104298906,18.24279946414854,16.655206942164153,18.078231811523438,294897400,0.0,0.0,0.0
2023-10-09 00:00:00-04:00,17.720060647656258,18.4364135897405,17.492569525108255,18.344449996948242,210966000,0.0,0.0,0.0
2023-10-10 00:00:00-04:00,18.397688358984208,19.055959037809828,18.320244858322294,18.644540786743164,216109600,0.0,0.0,0.0
2023-10-11 00:00:00-04:00,18.847829380546298,19.075320472710462,18.58645871846687,19.041439056396484,191710800,0.0,0.0,0.0
2023-10-12 00:00:00-04:00,19.104359837990334,19.385091798140383,18.450928657092156,18.81878662109375,236509200,0.0,0.0,0.0
2023-10-13 00:00:00-04:00,18.92043465159364,19.01239823784351,17.894307736894245,18.107276916503906,259511000,0.0,0.0,0.0
2023-10-16 00:00:00-04:00,18.305723874366205,18.876870355923998,18.281523127805,18.71714210510254,173152200,0.0,0.0,0.0
2023-10-17 00:00:00-04:00,18.160518582164315,18.78974726055982,17.836222651312045,18.538055419921875,210387000,0.0,0.0,0.0
2023-10-18 00:00:00-04:00,18.136316747192733,18.479972147958993,17.584531603112012,17.753938674926758,263165200,0.0,0.0,0.0
2023-10-19 00:00:00-04:00,17.981427042082498,18.15567349835604,17.153747604391114,17.27959442138672,370050400,0.0,0.0,0.0
2023-10-20 00:00:00-04:00,17.192474465087873,17.27959863768248,16.466440924398686,16.500322341918945,277722800,0.0,0.0,0.0
2023-10-23 00:00:00-04:00,16.297033968015697,17.13923378983012,16.001781843282057,16.645530700683594,263599000,0.0,0.0,0.0
2023-10-24 00:00:00-04:00,16.892382337306064,17.22635712541435,16.650371139616286,17.115032196044922,245074600,0.0,0.0,0.0
2023-10-25 00:00:00-04:00,16.76168985047182,16.785890591982646,15.769444677342149,15.861408233642578,328363200,0.0,0.0,0.0
2023-10-26 00:00:00-04:00,15.672645882171699,15.798490894183185,14.74816224569126,14.936931610107422,374047400,0.0,0.0,0.0
2023-10-27 00:00:00-04:00,15.28542607573576,15.600040424763757,14.980492395465397,15.14989948272705,294702200,0.0,0.0,0.0
2023-10-30 00:00:00-04:00,15.464512250095382,15.822687704118609,15.285423599884531,15.638760566711426,264305600,0.0,0.0,0.0
2023-10-31 00:00:00-04:00,15.643600228404717,15.919492785345883,15.295104512773651,15.866250038146973,222923600,0.0,0.0,0.0
2023-11-01 00:00:00-04:00,15.972734654227088,16.761691458685007,15.958214577207096,16.684247970581055,332635600,0.0,0.0,0.0
2023-11-02 00:00:00-04:00,17.30864050273237,17.608735725187486,17.134393986776473,17.57001304626465,234134000,0.0,0.0,0.0
2023-11-03 00:00:00-04:00,17.763621634419284,18.38316968715145,17.72974021568542,18.18956184387207,228661200,0.0,0.0,0.0
2023-11-06 00:00:00-05:00,18.300884923310896,18.494492747062367,18.06371316969693,18.397687911987305,183599600,0.0,0.0,0.0
2023-11-07 00:00:00-05:00,18.562256164792803,19.055959177531946,18.378329003371352,18.91559410095215,204502200,0.0,0.0,0.0
2023-11-08 00:00:00-05:00,18.97367699092553,19.085001912801005,18.600979550003917,18.94947624206543,187960200,0.0,0.0,0.0
2023-11-09 00:00:00-05:00,19.041438836488762,19.220526584422757,18.421890835161204,18.49933433532715,258365200,0.0,0.0,0.0
2023-11-10 00:00:00-05:00,18.755863915705763,19.76263117474268,18.673581011895248,19.73358917236328,248927600,0.0,0.0,0.0
2023-11-13 00:00:00-05:00,19.481896500279777,19.714226969895424,19.23988536363034,19.554500579833984,180430400,0.0,0.0,0.0
2023-11-14 00:00:00-05:00,20.556429139051396,20.948486048339173,20.469304971121073,20.783918380737305,233552400,0.0,0.0,0.0
2023-11-15 00:00:00-05:00,21.11305226837074,21.190495762732542,20.6193492994148,20.84200096130371,218432600,0.0,0.0,0.0
2023-11-16 00:00:00-05:00,20.696793515263472,20.91460392774842,20.488665617109646,20.875883102416992,178045000,0.0,0.0,0.0
2023-11-17 00:00:00-05:00,20.75487619065112,21.054969491702195,20.604828616926337,20.89040184020996,157517000,0.0,0.0,0.0
2023-11-20 00:00:00-05:00,20.885565134957908,21.756804995423636,20.880723877476033,21.635799407958984,165655600,0.0,0.0,0.0
2023-11-21 00:00:00-05:00,21.34054683453563,21.374428253465762,20.953329299334932,21.243741989135742,148275200,0.0,0.0,0.0
2023-11-22 00:00:00-05:00,21.5728758693044,21.98429412590901,21.321184027165575,21.49059295654297,171446400,0.0,0.0,0.0
2023-11-24 00:00:00-05:00,21.4179890065399,21.514793845905704,21.224379327808293,21.38410758972168,63975400,0.0,0.0,0.0
2023-11-27 00:00:00-05:00,21.301820915563717,21.65515882445319,21.18565659588377,21.321182250976562,121856400,0.0,0.0,0.0
2023-11-28 00:00:00-05:00,21.200178440352605,21.587395948874363,21.13725501821822,21.49059295654297,158349000,0.0,0.0,0.0
2023-11-29 00:00:00-05:00,21.897169263800937,22.134339152478667,21.359904225206574,21.41314697265625,177523200,0.0,0.0,0.0
2023-11-30 00:00:00-05:00,21.442191974769568,21.51963548500047,20.735519713112716,21.23406219482422,186394600,0.0,0.0,0.0
2023-12-01 00:00:00-05:00,21.050130254297734,21.50994995376638,20.774235849658634,21.41314697265625,172937600,0.0,0.0,0.0
2023-12-04 00:00:00-05:00,20.769400364985117,20.846843872350664,20.198253805764647,20.803281784057617,181143600,0.0,0.0,0.0
2023-12-05 00:00:00-05:00,20.478985515535552,21.151776261063233,20.454782921835633,20.953327178955078,167540400,0.0,0.0,0.0
2023-12-06 00:00:00-05:00,21.432503850287294,21.451865182710264,20.527382793093583,20.580625534057617,163000600,0.0,0.0,0.0
2023-12-07 00:00:00-05:00,21.04529011091275,21.558354431375893,20.866202370705235,21.442188262939453,162755400,0.0,0.0,0.0
2023-12-08 00:00:00-05:00,21.127576318575553,21.781005752593874,21.098534312868548,21.69872283935547,181789000,0.0,0.0,0.0
2023-12-11 00:00:00-05:00,21.621276841440412,22.3037501070674,21.587395425665857,22.250507354736328,151540000,0.0,0.0,0.0
2023-12-12 00:00:00-05:00,22.255345576512507,22.797450046338,22.05689650340862,22.787771224975586,142899400,0.0,0.0,0.0
2023-12-13 00:00:00-05:00,22.932980647773014,23.75097779693648,22.797453127202417,23.591251373291016,230081400,0.0,0.0,0.0
2023-12-14 00:00:00-05:00,23.83810165266703,24.07043216801857,23.01526325679775,23.552528381347656,202697800,0.0,0.0,0.0
2023-12-15 00:00:00-05:00,23.688055202481102,24.099475343567413,23.57189086237122,23.833263397216797,156731000,0.0,0.0,0.0
2023-12-18 00:00:00-05:00,23.954265547546633,24.49152877442581,23.896181539452698,24.331802368164062,116436000,0.0,0.0,0.0
2023-12-19 00:00:00-05:00,24.40440588756021,24.71418174109865,24.375365728390065,24.694820404052734,120349600,0.0,0.0,0.0
2023-12-20 00:00:00-05:00,24.540706617115696,24.92476329047181,23.558689203289436,23.59758186340332,176165000,0.1115,0.0,0.0
2023-12-21 00:00:00-05:00,24.25388214496237,24.438618589816667,23.79204196007877,24.380281448364258,149089400,0.0,0.0,0.0
2023-12-22 00:00:00-05:00,24.599047250652198,24.76433737063147,24.13234638994756,24.477510452270508,132420000,0.0,0.0,0.0
2023-12-26 00:00:00-05:00,24.61849706078112,25.041444659628564,24.608773892996684,24.92477035522461,87371200,0.0,0.0,0.0
2023-12-27 00:00:00-05:00,24.963657306343382,25.11436360190896,24.803229699003307,25.056026458740234,111495600,0.0,0.0,0.0
2023-12-28 00:00:00-05:00,25.240760707730843,25.284514028132325,24.92476615327954,24.992826461791992,85768200,0.0,0.0,0.0
2023-12-29 00:00:00-05:00,24.97823949100537,25.046299790937972,24.307355947590725,24.647659301757812,134245400,0.0,0.0,0.0
2024-01-02 00:00:00-05:00,23.991366132043122,24.030258802345298,22.98018081274625,23.39826774597168,176270600,0.0,0.0,0.0
2024-01-03 00:00:00-05:00,22.931559636654328,23.111435413171904,22.571811792627493,22.649595260620117,167812200,0.0,0.0,0.0
2024-01-04 00:00:00-05:00,22.299572461990774,22.834335516689904,22.23151214791194,22.270404815673828,143735400,0.0,0.0,0.0
2024-01-05 00:00:00-05:00,22.29471498382805,22.810029923598613,22.10511783772343,22.353052139282227,170481600,0.0,0.0,0.0
2024-01-08 00:00:00-05:00,22.552368800084178,23.772599337054178,22.523201154334807,23.699676513671875,135374200,0.0,0.0,0.0
2024-01-09 00:00:00-05:00,23.16977433160318,24.020531889515915,23.145467343706535,23.855241775512695,148431600,0.0,0.0,0.0
2024-01-10 00:00:00-05:00,23.903855736685077,24.506679050476418,23.743428133061897,24.326805114746094,147621000,0.0,0.0,0.0
2024-01-11 00:00:00-05:00,24.526127436436603,24.778924211486128,23.529526013792438,24.4434814453125,190228400,0.0,0.0,0.0
2024-01-12 00:00:00-05:00,24.633076222419785,24.783782512794442,24.229575035519797,24.47264862060547,128214000,0.0,0.0,0.0
2024-01-16 00:00:00-05:00,24.24901970837832,24.749750665955247,23.98163915397814,24.45806312561035,145874000,0.0,0.0,0.0
2024-01-17 00:00:00-05:00,23.855244149288193,24.108040928477955,23.271867109196787,24.035118103027344,166554600,0.0,0.0,0.0
2024-01-18 00:00:00-05:00,24.594184876503615,25.14353168607169,24.360834462453585,25.06574821472168,182140800,0.0,0.0,0.0
2024-01-19 00:00:00-05:00,25.435221752449966,26.55335995899296,25.328268773340003,26.514469146728516,186359400,0.0,0.0,0.0
2024-01-22 00:00:00-05:00,26.937414399029695,27.18534863775522,26.499881207744345,26.621417999267578,149656600,0.0,0.0,0.0
2024-01-23 00:00:00-05:00,26.74295456273096,26.971444322287486,26.38806735705005,26.937414169311523,112172000,0.0,0.0,0.0
2024-01-24 00:00:00-05:00,27.686083590499972,28.1479238043968,27.282580521720345,27.379810333251953,179718600,0.0,0.0,0.0
2024-01-25 00:00:00-05:00,27.83678814433271,27.968048112232744,26.990893046093962,27.45759391784668,151395200,0.0,0.0,0.0
2024-01-26 00:00:00-05:00,27.068675806400805,27.413839867735145,26.82560221033363,26.95199966430664,128382600,0.0,0.0,0.0
2024-01-29 00:00:00-05:00,27.0346465268279,27.80762066153443,26.903386558160253,27.744421005249023,115977200,0.0,0.0,0.0
2024-01-30 00:00:00-05:00,27.559687161509373,27.671500807388295,27.02978658047167,27.190216064453125,119554400,0.0,0.0,0.0
2024-01-31 00:00:00-05:00,26.34431762770726,26.728374383054252,25.561622148113674,25.590789794921875,203451600,0.0,0.0,0.0
2024-02-01 00:00:00-05:00,25.906784166024952,26.563082129857932,25.722047714807292,26.49502182006836,162261400,0.0,0.0,0.0
2024-02-02 00:00:00-05:00,26.825602526294873,28.040970520945766,26.636005415850036,27.82706642150879,198505000,0.0,0.0,0.0
2024-02-05 00:00:00-05:00,27.80276095781044,27.914574604370245,27.015202920799656,27.686086654663086,139947800,0.0,0.0,0.0
2024-02-06 00:00:00-05:00,27.895126748215965,28.021524203748992,27.049229807480092,27.525653839111328,140124200,0.0,0.0,0.0
2024-02-07 00:00:00-05:00,28.045833546659672,28.517396961870112,27.793036759871836,28.347246170043945,131823400,0.0,0.0,0.0
2024-02-08 00:00:00-05:00,28.347240595338363,28.629204974129028,28.206257478690944,28.46391487121582,98922200,0.0,0.0,0.0
2024-02-09 00:00:00-05:00,28.697271206236742,29.465384741553795,28.54170423659106,29.300094604492188,110222000,0.0,0.0,0.0
2024-02-12 00:00:00-05:00,29.270923934952172,29.723041001987685,28.81880686791666,28.95492935180664,116255000,0.0,0.0,0.0
2024-02-13 00:00:00-05:00,27.34091841267429,28.13333698643915,26.951999182318445,27.58399200439453,188933000,0.0,0.0,0.0
2024-02-14 00:00:00-05:00,28.099305235609293,28.561145404541016,27.64232757675816,28.459054946899414,156151400,0.0,0.0,0.0
2024-02-15 00:00:00-05:00,28.590316413474696,28.784774173384605,28.065276567258866,28.697267532348633,130057200,0.0,0.0,0.0
2024-02-16 00:00:00-05:00,28.76047340410544,28.784780397537055,27.763871837371404,27.90971565246582,151933000,0.0,0.0,0.0
2024-02-20 00:00:00-05:00,27.506205661716862,27.797893199571146,26.51932572115146,27.263132095336914,163321000,0.0,0.0,0.0
2024-02-21 00:00:00-05:00,26.723512210943966,26.94227696761471,26.164442188441317,26.922832489013672,152898600,0.0,0.0,0.0
2024-02-22 00:00:00-05:00,28.575731973004824,29.460519733302725,28.43475069368592,29.251476287841797,179279200,0.0,0.0,0.0
2024-02-23 00:00:00-05:00,29.57233606846021,29.76193318616554,28.78963875321147,28.98409652709961,140390800,0.0,0.0,0.0
2024-02-26 00:00:00-05:00,29.139663462192402,29.34870691345266,28.89172919799076,28.945205688476562,109875400,0.0,0.0,0.0
2024-02-27 00:00:00-05:00,29.14938328105492,29.212582931143288,28.61948280224686,29.125076293945312,109399800,0.0,0.0,0.0
2024-02-28 00:00:00-05:00,28.697266273310305,28.94033985341154,28.46391585895363,28.653512954711914,123503400,0.0,0.0,0.0
2024-02-29 00:00:00-05:00,29.207722846007123,29.582054534715805,28.575730041787878,29.343843460083008,136959800,0.0,0.0,0.0
2024-03-01 00:00:00-05:00,29.53344268989992,30.875208159088743,29.523719523263953,30.690473556518555,140959600,0.0,0.0,0.0
2024-03-04 00:00:00-05:00,30.671030809888997,30.76339812197544,30.291836539265606,30.32586669921875,120418600,0.0,0.0,0.0
2024-03-05 00:00:00-05:00,29.703593321304343,29.703593321304343,28.20626090243277,28.702131271362305,193207000,0.0,0.0,0.0
2024-03-06 00:00:00-05:00,29.52858094926983,29.86402184062042,28.85283480167271,29.232030868530273,181677400,0.0,0.0,0.0
2024-03-07 00:00:00-05:00,29.92235987504718,30.782840644059327,29.611225962874194,30.5349063873291,142370800,0.0,0.0,0.0
2024-03-08 00:00:00-05:00,30.5883813130243,31.176618987235287,29.057018726743525,29.198001861572266,296451200,0.0,0.0,0.0
2024-03-11 00:00:00-04:00,28.88200733890243,29.110497134231593,28.468782928354134,28.85770034790039,146770000,0.0,0.0,0.0
2024-03-12 00:00:00-04:00,29.309812507131365,30.160570030909575,28.6632358988979,30.082786560058594,170560000,0.0,0.0,0.0
2024-03-13 00:00:00-04:00,29.868881468896785,29.878604634841114,29.154246389779324,29.382734298706055,143779800,0.0,0.0,0.0
2024-03-14 00:00:00-04:00,29.59177813310776,29.703591761233334,28.580592969687103,29.14452362060547,162480400,0.0,0.0,0.0
2024-03-15 00:00:00-04:00,28.531975781179213,28.64378940398245,27.85137087874593,28.079858779907227,140883800,0.0,0.0,0.0
2024-03-18 00:00:00-04:00,29.11049112697411,29.557745603530485,28.823664241528906,28.872278213500977,129193800,0.0,0.0,0.0
2024-03-19 00:00:00-04:00,28.45905721843017,29.159108511068638,28.04097033433195,29.07160186767578,118810000,0.0,0.0,0.0
2024-03-20 00:00:00-04:00,29.30823585164468,30.166943325759842,28.96182631730321,30.103515625,156556000,0.1075,0.0,0.0
2024-03-21 00:00:00-04:00,31.10371021270752,31.20129085228068,30.45480054156249,30.493833541870117,126541800,0.0,0.0,0.0
2024-03-22 00:00:00-04:00,30.381617634856763,30.82072773815463,30.201094654429728,30.557262420654297,91574800,0.0,0.0,0.0
2024-03-25 00:00:00-04:00,29.996175821822888,30.557263138388823,29.791258141043265,30.245006561279297,86669400,0.0,0.0,0.0
2024-03-26 00:00:00-04:00,30.54750090298084,30.742660307619005,29.89859127609941,29.962018966674805,93986000,0.0,0.0,0.0
2024-03-27 00:00:00-04:00,30.52798504872443,30.557259797576357,29.62048830746861,30.225486755371094,111388600,0.0,0.0,0.0
2024-03-28 00:00:00-04:00,30.196214225943148,30.36210075923845,29.957143606932704,30.035207748413086,87023400,0.0,0.0,0.0
2024-04-01 00:00:00-04:00,30.21084950760955,30.73290564382856,29.820528815236532,30.22060775756836,112290600,0.0,0.0,0.0
2024-04-02 00:00:00-04:00,29.21065273977323,29.47899810485657,28.786179094597912,29.41069221496582,109672800,0.0,0.0,0.0
2024-04-03 00:00:00-04:00,28.981342769806055,29.986418423289983,28.97158451884457,29.60585594177246,111683800,0.0,0.0,0.0
2024-04-04 00:00:00-04:00,30.420647384927896,30.54750277384788,28.17142380195613,28.2104549407959,167520400,0.0,0.0,0.0
2024-04-05 00:00:00-04:00,28.49344066331572,29.727830529970298,28.327554123586978,29.20577621459961,154897200,0.0,0.0,0.0
2024-04-08 00:00:00-04:00,29.376538519011667,29.5960944889018,28.93742844042726,29.225290298461914,89725400,0.0,0.0,0.0
2024-04-09 00:00:00-04:00,29.669281908458263,29.732707744207,28.581262115987045,29.527790069580078,119965000,0.0,0.0,0.0
2024-04-10 00:00:00-04:00,28.47392577208454,28.922794163089254,28.327555725504574,28.752029418945312,202080600,0.0,0.0,0.0
2024-04-11 00:00:00-04:00,29.083801662735787,30.27916042021429,28.630053228830906,30.103515625,146931200,0.0,0.0,0.0
2024-04-12 00:00:00-04:00,29.215530172869585,29.444842516747386,28.356822848251053,28.649564743041992,172589800,0.0,0.0,0.0
2024-04-15 00:00:00-04:00,29.371661610982258,29.38629805588398,27.049250145184008,27.21025848388672,203656200,0.0,0.0,0.0
2024-04-16 00:00:00-04:00,27.17122628449234,27.717677152099977,26.95167215970277,27.215137481689453,163766200,0.0,0.0,0.0
2024-04-17 00:00:00-04:00,27.58594083101473,27.590819025244627,26.029534443068275,26.20517921447754,171026400,0.0,0.0,0.0
2024-04-18 00:00:00-04:00,26.293004598182744,26.61989948473362,25.619700184740484,25.736797332763672,172781600,0.0,0.0,0.0
2024-04-19 00:00:00-04:00,25.507478749118988,25.60018118503354,23.833977181854422,24.141355514526367,250807600,0.0,0.0,0.0
2024-04-22 00:00:00-04:00,24.58047159431145,25.25865420227069,23.990109520839717,24.843936920166016,142604800,0.0,0.0,0.0
2024-04-23 00:00:00-04:00,25.185468233022533,26.1612709743692,25.122042394896138,25.951473236083984,151835000,0.0,0.0,0.0
2024-04-24 00:00:00-04:00,26.502799314788145,26.790661165443147,25.7758273968058,26.20517921447754,144316800,0.0,0.0,0.0
2024-04-25 00:00:00-04:00,24.83417926726298,25.951471935606268,24.629259734027155,25.785585403442383,172827200,0.0,0.0,0.0
2024-04-26 00:00:00-04:00,26.36131086879732,27.259049479141133,26.23445732939046,26.971187591552734,135994600,0.0,0.0,0.0
2024-04-29 00:00:00-04:00,27.361507288311117,27.48348261995759,26.776025324168867,27.29319953918457,102355000,0.0,0.0,0.0
2024-04-30 00:00:00-04:00,26.980944615184384,27.249289988751393,25.727038279131083,25.731918334960938,125248600,0.0,0.0,0.0
2024-05-01 00:00:00-04:00,25.44405600066561,26.736993454013174,25.01470229399969,25.175708770751953,208076800,0.0,0.0,0.0
2024-05-02 00:00:00-04:00,25.81973740027784,26.273485784492788,24.98054838121451,26.10759925842285,124829800,0.0,0.0,0.0
2024-05-03 00:00:00-04:00,27.48348231186277,27.86404474675092,27.190740402475406,27.664005279541016,150878000,0.0,0.0,0.0
2024-05-06 00:00:00-04:00,28.01529360339765,28.591017324327293,27.868923575967177,28.571502685546875,82530800,0.0,0.0,0.0
2024-05-07 00:00:00-04:00,28.649566824256187,28.898395684768413,28.434889046908665,28.571502685546875,93320400,0.0,0.0,0.0
2024-05-08 00:00:00-04:00,28.054327064242308,28.79593732476231,28.029932369469105,28.517833709716797,78027200,0.0,0.0,0.0
2024-05-09 00:00:00-04:00,28.54222615721732,28.78617680813371,28.17630018084274,28.673959732055664,81439200,0.0,0.0,0.0
2024-05-10 00:00:00-04:00,28.961825911256856,29.308235440741647,28.561746932742807,28.869123458862305,92669600,0.0,0.0,0.0
2024-05-13 00:00:00-04:00,29.2350453726389,29.25944192690428,28.776418814864773,29.059402465820312,67722000,0.0,0.0,0.0
2024-05-14 00:00:00-04:00,28.961825437143823,29.713193988861235,28.922792434417513,29.600975036621094,92952800,0.0,0.0,0.0
2024-05-15 00:00:00-04:00,30.098632596749464,31.04028231939915,29.791256096673177,30.967098236083984,130481400,0.0,0.0,0.0
2024-05-16 00:00:00-04:00,30.913429100956115,31.32326443849243,30.732906126870464,30.776817321777344,87715200,0.0,0.0,0.0
2024-05-17 00:00:00-04:00,30.781697302028356,30.913430894391478,30.25964298851302,30.708511352539062,70099600,0.0,0.0,0.0
2024-05-20 00:00:00-04:00,30.747538954932846,31.484269070387896,30.713386014155205,31.342777252197266,74539000,0.0,0.0,0.0
2024-05-21 00:00:00-04:00,30.952460857178824,31.552579292070927,30.908549661396673,31.5037899017334,62314000,0.0,0.0,0.0
2024-05-22 00:00:00-04:00,31.562338002161134,31.7135862222094,30.942701232972453,31.484272003173828,80039400,0.0,0.0,0.0
2024-05-23 00:00:00-04:00,32.44543929746682,32.45031935316472,30.64020395679715,31.015888214111328,130877800,0.0,0.0,0.0
2024-05-24 00:00:00-04:00,31.347659127166892,32.14781697674605,31.19640905123101,31.884349822998047,82558000,0.0,0.0,0.0
2024-05-28 00:00:00-04:00,32.13317989600886,32.250275165667155,31.61600570949254,32.23075866699219,83186400,0.0,0.0,0.0
2024-05-29 00:00:00-04:00,31.342775413286954,31.92825914962743,31.323258916503157,31.557453155517578,79282200,0.0,0.0,0.0
2024-05-30 00:00:00-04:00,31.34766344302396,31.372060000808055,30.245007150958248,30.542625427246094,84703600,0.0,0.0,0.0
2024-05-31 00:00:00-04:00,30.542623480564004,30.684115317430937,28.766662880924773,30.50847053527832,143746400,0.0,0.0,0.0
2024-06-03 00:00:00-04:00,31.09395318297455,31.298872720240258,29.742466204013567,30.80609130859375,111435000,0.0,0.0,0.0
2024-06-04 00:00:00-04:00,30.737782204236527,31.28910933863251,30.38161447505474,31.035402297973633,88491800,0.0,0.0,0.0
2024-06-05 00:00:00-04:00,31.772135907882102,32.92358334295934,31.54282168750096,32.90894317626953,104871400,0.0,0.0,0.0
2024-06-06 00:00:00-04:00,33.05043612417077,33.11874201479545,32.616204224174524,32.86991500854492,73031200,0.0,0.0,0.0
2024-06-07 00:00:00-04:00,32.74794006347656,33.33830025229807,32.50398938764659,32.74794006347656,89943400,0.0,0.0,0.0
2024-06-10 00:00:00-04:00,32.48935230848068,33.206567959176624,32.43568657929758,33.09435272216797,72041800,0.0,0.0,0.0
2024-06-11 00:00:00-04:00,32.84551533112636,33.821317930057496,32.52350240912266,33.777408599853516,71386800,0.0,0.0,0.0
2024-06-12 00:00:00-04:00,34.64587404603422,35.62655302677077,34.504382215442256,35.109378814697266,124402600,0.0,0.0,0.0
2024-06-13 00:00:00-04:00,35.894901547123624,36.05102982751606,35.163049534835615,35.670467376708984,87285000,0.0,0.0,0.0
2024-06-14 00:00:00-04:00,35.59239716723311,36.207153827142164,35.48506201159689,36.18763732910156,71555000,0.0,0.0,0.0
2024-06-17 00:00:00-04:00,36.241312768047166,37.919694653489486,35.94369263784043,37.500099182128906,93354600,0.0,0.0,0.0
2024-06-18 00:00:00-04:00,37.48546222717674,37.680623514848165,37.10977609699065,37.519615173339844,66433200,0.0,0.0,0.0
2024-06-20 00:00:00-04:00,37.79283642935164,37.89041892841032,36.21203716851823,36.63650894165039,105455000,0.0,0.0,0.0
2024-06-21 00:00:00-04:00,36.54381258782109,36.85118910438622,35.96808883445085,36.299861907958984,77341800,0.0,0.0,0.0
2024-06-24 00:00:00-04:00,36.016876619077,36.41207551165665,35.03131755425661,35.07034683227539,93754600,0.0,0.0,0.0
2024-06-25 00:00:00-04:00,35.51433818174693,36.31449606345138,35.30942051695739,36.241310119628906,77675000,0.0,0.0,0.0
2024-06-26 00:00:00-04:00,36.04687459752638,36.585617911061306,35.95382134610308,36.468074798583984,72549600,0.1415,0.0,0.0
2024-06-27 00:00:00-04:00,36.399505844187225,37.07538337778533,36.20359817547491,36.732547760009766,74115400,0.0,0.0,0.0
2024-06-28 00:00:00-04:00,36.874583527613666,37.971661324463724,35.97340967772991,36.154624938964844,107803000,0.0,0.0,0.0
2024-07-01 00:00:00-04:00,36.32114679051675,36.87458252524615,35.468948950539996,36.74724197387695,86557400,0.0,0.0,0.0
2024-07-02 00:00:00-04:00,36.38481741791276,37.89819675820929,36.36032755539929,37.87371063232422,74950200,0.0,0.0,0.0
2024-07-03 00:00:00-04:00,37.68759150754869,38.84344261200447,37.68759150754869,38.804264068603516,56150400,0.0,0.0,0.0
2024-07-05 00:00:00-04:00,38.970790024700584,40.087459046006764,38.90222289087502,39.97970962524414,79624600,0.0,0.0,0.0
2024-07-08 00:00:00-04:00,40.06786224229208,40.391110458915804,39.80828616710347,40.244178771972656,73365600,0.0,0.0,0.0
2024-07-09 00:00:00-04:00,40.61150363744146,40.89067084910167,39.9748083891324,40.33233642578125,72033600,0.0,0.0,0.0
2024-07-10 00:00:00-04:00,40.807417675542084,41.72817899851487,40.48906813337414,41.595943450927734,77554800,0.0,0.0,0.0
2024-07-11 00:00:00-04:00,41.61552677995271,41.65960404199555,38.5446838122885,38.863033294677734,149329000,0.0,0.0,0.0
2024-07-12 00:00:00-04:00,38.941399194311124,40.62130118817103,38.83854850937618,39.494834899902344,101019800,0.0,0.0,0.0
2024-07-15 00:00:00-04:00,39.90134441751078,40.95434490967804,39.29403398302078,39.7886962890625,109900400,0.0,0.0,0.0
2024-07-16 00:00:00-04:00,40.131535503502214,40.33233816219089,39.05404515465301,39.818084716796875,83637600,0.0,0.0,0.0
2024-07-17 00:00:00-04:00,37.87371017406234,37.99125329212226,36.28686126542587,36.31624984741211,142840000,0.0,0.0,0.0
2024-07-18 00:00:00-04:00,37.12926370261959,37.18313841308947,35.04285736427652,35.77260971069336,131678400,0.0,0.0,0.0
2024-07-19 00:00:00-04:00,35.655061889910996,36.22808874947265,34.49921073201354,34.80286407470703,118249600,0.0,0.0,0.0
2024-07-22 00:00:00-04:00,36.07136552773367,36.551335430942125,35.322022091459445,36.32114791870117,112808600,0.0,0.0,0.0
2024-07-23 00:00:00-04:00,36.11054416207853,36.79621538307252,35.82157951612143,35.92932891845703,87127000,0.0,0.0,0.0
2024-07-24 00:00:00-04:00,34.39636219020161,34.46982430244977,31.85936720051547,32.05527114868164,159575200,0.0,0.0,0.0
2024-07-25 00:00:00-04:00,32.10914314061729,32.9809283407843,30.429243012705328,30.987577438354492,188128000,0.0,0.0,0.0
2024-07-26 00:00:00-04:00,31.834875487768937,32.49116189655069,31.237358765368782,31.87405776977539,137407000,0.0,0.0,0.0
2024-07-29 00:00:00-04:00,32.456883426500745,32.907472267017084,31.5997904904274,32.06017303466797,115640800,0.0,0.0,0.0
2024-07-30 00:00:00-04:00,32.46177591373836,32.61360258039816,30.042326134199552,30.75248908996582,143063600,0.0,0.0,0.0
2024-07-31 00:00:00-04:00,32.804623114180814,33.79395164876716,32.51075967575803,33.44131851196289,173408400,0.0,0.0,0.0
2024-08-01 00:00:00-04:00,33.58824215579974,34.39146022468483,30.21864262622706,31.03165626525879,210693200,0.0,0.0,0.0
2024-08-02 00:00:00-04:00,29.21462051573049,29.7386713830666,27.916736409037366,28.768932342529297,209844000,0.0,0.0,0.0
2024-08-05 00:00:00-04:00,24.160223485661234,27.520025827885963,23.900645528159163,26.261323928833008,287924400,0.0,0.0,0.0
2024-08-06 00:00:00-04:00,26.511106162411114,28.284063378322607,26.026235682438806,26.917612075805664,192909400,0.0,0.0,0.0
2024-08-07 00:00:00-04:00,28.19590549260782,28.656286117627182,25.95766890793584,26.050724029541016,182751600,0.0,0.0,0.0
2024-08-08 00:00:00-04:00,27.15759724190548,28.57792129527063,26.452331132022774,28.435890197753906,152879200,0.0,0.0,0.0
2024-08-09 00:00:00-04:00,28.132233573290225,29.155847324448555,27.916736629793636,28.822805404663086,125592400,0.0,0.0,0.0
2024-08-12 00:00:00-04:00,29.00891742707937,29.581946148931785,28.460378565276848,29.018712997436523,108972600,0.0,0.0,0.0
2024-08-13 00:00:00-04:00,29.85621396879532,31.203074035187615,29.826829126704062,31.129610061645508,108962800,0.0,0.0,0.0
2024-08-14 00:00:00-04:00,31.340212295711687,31.658559939497017,30.301904210032564,31.18348503112793,124710600,0.0,0.0,0.0
2024-08-15 00:00:00-04:00,32.38831721302076,33.61273572799911,32.319750075112275,33.529476165771484,106424800,0.0,0.0,0.0
2024-08-16 00:00:00-04:00,33.11806144489708,33.921279403339355,32.907461386486766,33.61762237548828,89675200,0.0,0.0,0.0
2024-08-19 00:00:00-04:00,33.63722215328005,34.94490009676567,33.25030549371671,34.920413970947266,91599800,0.0,0.0,0.0
2024-08-20 00:00:00-04:00,34.724505235059084,35.292633407749626,34.32779114781809,34.70491409301758,97859000,0.0,0.0,0.0
2024-08-21 00:00:00-04:00,34.86163178301795,35.586488931737264,34.48940763980385,35.17998123168945,103000800,0.0,0.0,0.0
2024-08-22 00:00:00-04:00,35.68445106897142,35.83138277541273,33.26499905244322,33.490291595458984,127496400,0.0,0.0,0.0
2024-08-23 00:00:00-04:00,34.381661272042365,35.12610962388973,33.549058397699476,34.54328536987305,128753200,0.0,0.0,0.0
2024-08-26 00:00:00-04:00,34.4159539748946,34.61186168461688,33.07399232873439,33.529476165771484,84981400,0.0,0.0,0.0
2024-08-27 00:00:00-04:00,33.171936093428826,34.03882244540436,32.740938540088635,33.81352996826172,71532600,0.0,0.0,0.0
2024-08-28 00:00:00-04:00,33.695990949386186,33.85271633226868,31.913238317862415,32.667476654052734,118625800,0.0,0.0,0.0
2024-08-29 00:00:00-04:00,33.03480657518998,34.00454758147527,32.22179470954976,32.496063232421875,120033600,0.0,0.0,0.0
2024-08-30 00:00:00-04:00,33.36295085285053,33.730276339209134,32.41280106574862,33.602935791015625,92946800,0.0,0.0,0.0
2024-09-03 00:00:00-04:00,32.94175452711379,32.97113937374847,30.017842714850595,30.53699493408203,147572600,0.0,0.0,0.0
2024-09-04 00:00:00-04:00,29.895396425944547,31.036553262869663,29.704387477967114,30.277414321899414,96798400,0.0,0.0,0.0
2024-09-05 00:00:00-04:00,29.944378012750644,31.207978779416184,29.738676605143322,30.37537384033203,110171600,0.0,0.0,0.0
2024-09-06 00:00:00-04:00,30.17456493816693,30.35088147261293,27.779603038008275,27.911840438842773,169904600,0.0,0.0,0.0
2024-09-09 00:00:00-04:00,28.685672818045344,29.136259740227892,28.083259216905187,28.95014762878418,110835000,0.0,0.0,0.0
2024-09-10 00:00:00-04:00,29.278291095256073,29.83662556598377,28.504459666727165,29.728878021240234,91582400,0.0,0.0,0.0
2024-09-11 00:00:00-04:00,29.96396793208092,31.810389278164795,28.293861270319216,31.624279022216797,163475200,0.0,0.0,0.0
2024-09-12 00:00:00-04:00,31.653661777928356,32.76053701044821,31.291234993283684,32.55973434448242,109802600,0.0,0.0,0.0
2024-09-13 00:00:00-04:00,32.39810536099667,33.240505655539096,32.34912938177093,32.98582458496094,87966600,0.0,0.0,0.0
2024-09-16 00:00:00-04:00,32.53034008147576,32.67237303338955,31.8495638980243,32.5450325012207,82331000,0.0,0.0,0.0
2024-09-17 00:00:00-04:00,33.15724661971552,33.4315188643752,32.06506757049853,32.56462860107422,103114400,0.0,0.0,0.0
2024-09-18 00:00:00-04:00,32.824205840061154,33.67640371131191,32.025886412355526,32.13853454589844,166396200,0.0,0.0,0.0
2024-09-19 00:00:00-04:00,34.43064148495711,35.16529240935908,33.99474890207549,34.56777572631836,114801400,0.0,0.0,0.0
2024-09-20 00:00:00-04:00,34.35717521514726,34.61675127399309,33.45600148278089,34.34737777709961,96759600,0.0,0.0,0.0
2024-09-23 00:00:00-04:00,34.587369803466416,34.846945887606594,34.30330385844849,34.6020622253418,69837000,0.0,0.0,0.0
2024-09-24 00:00:00-04:00,34.910612148456366,35.30732246121631,33.9800535417312,35.091827392578125,81259600,0.0,0.0,0.0
2024-09-25 00:00:00-04:00,34.95425243671465,35.617566856991054,34.91494397140573,35.214664459228516,64724800,0.115,0.0,0.0
2024-09-26 00:00:00-04:00,36.81153369788867,36.88523613194605,35.17044465960771,35.961509704589844,107003200,0.0,0.0,0.0
2024-09-27 00:00:00-04:00,36.17278837379868,36.19244260631901,35.07708833992488,35.34241485595703,82930600,0.0,0.0,0.0
2024-09-30 00:00:00-04:00,35.1114883924996,35.68144998834659,34.48256783753893,35.61757278442383,85862800,0.0,0.0,0.0
2024-10-01 00:00:00-04:00,35.514380259775116,35.58808268533652,33.2640215247784,34.109134674072266,134760200,0.0,0.0,0.0
2024-10-02 00:00:00-04:00,33.907692709967925,34.65944936623657,33.34756015240848,34.23689270019531,79119400,0.0,0.0,0.0
2024-10-03 00:00:00-04:00,33.770112890202846,34.792106714882976,33.603053792319386,34.15827178955078,97749400,0.0,0.0,0.0
2024-10-04 00:00:00-04:00,35.37680791311416,35.45542484116747,34.28602240267398,35.36206817626953,110700400,0.0,0.0,0.0
2024-10-07 00:00:00-04:00,34.91003024562062,35.1704422459117,33.93225193497507,34.19757843017578,82403400,0.0,0.0,0.0
2024-10-08 00:00:00-04:00,34.71840740094235,35.85832659709944,34.54643381100623,35.68144226074219,77914000,0.0,0.0,0.0
2024-10-09 00:00:00-04:00,35.632307436974806,36.66904480488034,35.40628937909582,36.541297912597656,78696200,0.0,0.0,0.0
2024-10-10 00:00:00-04:00,36.025384843649206,36.82627516815665,35.730578842206455,36.41354751586914,86060600,0.0,0.0,0.0
2024-10-11 00:00:00-04:00,35.95167905852904,36.75257305712397,35.81901768226398,36.506900787353516,70735200,0.0,0.0,0.0
2024-10-14 00:00:00-04:00,37.067040976353006,37.745095232507474,36.95403005932954,37.440460205078125,67691200,0.0,0.0,0.0
2024-10-15 00:00:00-04:00,37.51416028857018,37.66156517128957,35.44559992673634,35.946773529052734,106307600,0.0,0.0,0.0
2024-10-16 00:00:00-04:00,35.986079164398355,36.10891532023541,35.214668255688125,35.927120208740234,70784200,0.0,0.0,0.0
2024-10-17 00:00:00-04:00,37.13582814392147,37.14565338713898,35.99099425298716,36.035213470458984,97697800,0.0,0.0,0.0
2024-10-18 00:00:00-04:00,36.58551565355977,36.924544601067865,36.4233710483462,36.67395782470703,64151600,0.0,0.0,0.0
2024-10-21 00:00:00-04:00,36.388978157249504,37.057207081572315,35.956596279195416,36.87541198730469,74995800,0.0,0.0,0.0
2024-10-22 00:00:00-04:00,36.26614634574864,37.31762356579858,36.094176473060486,36.9835090637207,76308000,0.0,0.0,0.0
2024-10-23 00:00:00-04:00,36.44302699856915,36.59043187365031,34.53169686130172,35.27362823486328,118172200,0.0,0.0,0.0
2024-10-24 00:00:00-04:00,36.074522096042834,36.261235455938035,35.494735278499626,36.11383056640625,78612800,0.0,0.0,0.0
2024-10-25 00:00:00-04:00,36.70344070603261,37.833534803524714,36.551125077174625,36.72309494018555,114826000,0.0,0.0,0.0
2024-10-28 00:00:00-04:00,37.4355384263472,37.4355384263472,36.68378194571602,36.75748062133789,69162200,0.0,0.0,0.0
2024-10-29 00:00:00-04:00,36.81645002076378,38.05955122497054,36.39389337643067,37.77457046508789,78545200,0.0,0.0,0.0
2024-10-30 00:00:00-04:00,37.61242599717998,37.82370429910576,36.82136098871331,36.93436813354492,80473200,0.0,0.0,0.0
2024-10-31 00:00:00-04:00,36.02046879641862,36.03029778695158,34.11405323713248,34.123878479003906,138905200,0.0,0.0,0.0
2024-11-01 00:00:00-04:00,34.43342827043541,35.553693287163895,34.37938006799135,34.851070404052734,96678800,0.0,0.0,0.0
2024-11-04 00:00:00-05:00,34.70857416933109,35.25888134282313,34.15335625001801,34.52677536010742,82214400,0.0,0.0,0.0
2024-11-05 00:00:00-05:00,34.86089428545722,35.98607375358371,34.84615454875894,35.83867263793945,79352600,0.0,0.0,0.0
2024-11-06 00:00:00-05:00,37.666479873120394,38.924320884203844,37.435547304972,38.7474365234375,118794200,0.0,0.0,0.0
2024-11-07 00:00:00-05:00,39.386180312949975,40.74720304580758,39.356697091320136,40.56049346923828,99545200,0.0,0.0,0.0
2024-11-08 00:00:00-05:00,40.39835185858525,40.83564823371459,40.246036238767196,40.65876388549805,70060000,0.0,0.0,0.0
2024-11-11 00:00:00-05:00,40.94374714813646,40.99288085928067,39.88735548955753,40.58506393432617,70806000,0.0,0.0,0.0
2024-11-12 00:00:00-05:00,40.55558436319402,40.766862694419174,39.626943354676015,40.36396026611328,68286000,0.0,0.0,0.0
2024-11-13 00:00:00-05:00,40.2214705417566,40.82582231982687,39.64168374527459,40.187076568603516,74989000,0.0,0.0,0.0
2024-11-14 00:00:00-05:00,40.088800329439955,40.30499313259871,39.120854707709725,39.33704376220703,77651400,0.0,0.0,0.0
2024-11-15 00:00:00-05:00,37.96619058812402,38.0546327544126,36.01064143714284,36.492156982421875,120601600,0.0,0.0,0.0
2024-11-18 00:00:00-05:00,36.81644793762837,37.70578038940734,36.511812961680725,37.22917556762695,77551200,0.0,0.0,0.0
2024-11-19 00:00:00-05:00,36.62974147175647,38.103775273458346,36.56586427453916,37.97602462768555,80088200,0.0,0.0,0.0
2024-11-20 00:00:00-05:00,37.90723586198624,37.976023804681965,36.41354785879295,37.931800842285156,101260600,0.0,0.0,0.0
2024-11-21 00:00:00-05:00,38.59512448528662,38.75726537386309,36.6346565957542,38.30522918701172,109865600,0.0,0.0,0.0
2024-11-22 00:00:00-05:00,38.14799524707565,38.62460011889349,37.77457229359025,38.447715759277344,79934800,0.0,0.0,0.0
2024-11-25 00:00:00-05:00,39.38618508922711,39.73503930675056,38.09886088267969,38.62459945678711,91515800,0.0,0.0,0.0
2024-11-26 00:00:00-05:00,38.95871444675326,39.43040482094003,38.76217585367664,39.22404098510742,69747200,0.0,0.0,0.0
2024-11-27 00:00:00-05:00,38.95871409134348,38.96853933400984,37.50433451370337,38.2757453918457,78463600,0.0,0.0,0.0
2024-11-29 00:00:00-05:00,38.38874966348476,39.39109302982902,38.25117378453464,39.253517150878906,40865800,0.0,0.0,0.0
2024-12-02 00:00:00-05:00,39.543407335881064,40.75702511202541,39.45005068053878,40.52609634399414,73638200,0.0,0.0,0.0
2024-12-03 00:00:00-05:00,40.19198324503072,40.943739761023856,40.059318125348874,40.8847770690918,84810800,0.0,0.0,0.0
2024-12-04 00:00:00-05:00,41.70041342837554,42.43743025550275,41.523529089972094,42.37846755981445,69992600,0.0,0.0,0.0
2024-12-05 00:00:00-05:00,42.37847537022943,42.57009948070619,41.93134994667557,42.02962112426758,54020400,0.0,0.0,0.0
2024-12-06 00:00:00-05:00,42.147541608183865,43.17445383044984,42.11806213006303,43.11057662963867,62740600,0.0,0.0,0.0
2024-12-09 00:00:00-05:00,42.869813587783,43.071266660160504,41.803596774161036,42.10331726074219,69577600,0.0,0.0,0.0
2024-12-10 00:00:00-05:00,42.37846846704531,42.805939585448435,41.29751193024905,41.646366119384766,71541600,0.0,0.0,0.0
2024-12-11 00:00:00-05:00,42.68801210022682,44.03429883301414,42.58974469211827,43.872154235839844,74897800,0.0,0.0,0.0
2024-12-12 00:00:00-05:00,43.30219238916523,43.61665259072197,42.884550285409674,43.002471923828125,66348400,0.0,0.0,0.0
2024-12-13 00:00:00-05:00,43.93603373879582,44.59934820670985,43.164622857849814,43.92620849609375,79663600,0.0,0.0,0.0
2024-12-16 00:00:00-05:00,44.57477674056184,46.08320431054685,44.55020801438833,45.83753204345703,69967600,0.0,0.0,0.0
2024-12-17 00:00:00-05:00,45.36584854040632,45.650829312625206,44.795886995968544,45.223358154296875,69168200,0.0,0.0,0.0
2024-12-18 00:00:00-05:00,45.03173340259443,45.48376953554662,39.94140303959564,40.334476470947266,134849200,0.0,0.0,0.0
2024-12-19 00:00:00-05:00,41.40560393483815,41.53335456856096,39.67607275338937,39.7645149230957,113317600,0.0,0.0,0.0
2024-12-20 00:00:00-05:00,38.845702309086036,42.186847039753275,38.57055053667641,40.79634094238281,145241000,0.0,0.0,0.0
2024-12-23 00:00:00-05:00,41.138957698023376,42.021387591807255,40.34033681085526,41.93265151977539,83645800,0.1375,0.0,0.0
2024-12-24 00:00:00-05:00,42.37139887329563,43.6186346441033,42.218577108649924,43.598915100097656,48139600,0.0,0.0,0.0
2024-12-26 00:00:00-05:00,43.194682236962024,43.91442880787288,42.68691234275034,43.50525665283203,59062000,0.0,0.0,0.0
2024-12-27 00:00:00-05:00,42.578452964123855,42.686904816411335,40.56217374673061,41.7354621887207,102139000,0.0,0.0,0.0
2024-12-30 00:00:00-05:00,40.0297640433069,40.94670232349229,39.14733779237154,40.05934524536133,102844000,0.0,0.0,0.0
2024-12-31 00:00:00-05:00,40.32554880240471,40.503020949593285,38.78745811380996,39.00929641723633,105177600,0.0,0.0,0.0
2025-01-02 00:00:00-05:00,39.70439444034529,40.23188003075282,37.72755430235584,38.7628059387207,141370600,0.0,0.0,0.0
2025-01-03 00:00:00-05:00,39.433260569468125,40.87275741389105,39.25086134137546,40.621337890625,92431600,0.0,0.0,0.0
2025-01-06 00:00:00-05:00,41.88828971966219,42.815085865266504,41.424889766300524,42.0066032409668,92050000,0.0,0.0,0.0
2025-01-07 00:00:00-05:00,42.258019190738516,42.341824437861476,39.29522425382165,39.74383544921875,111021000,0.0,0.0,0.0
2025-01-08 00:00:00-05:00,39.714248354995476,40.133282050642364,38.669138931622854,39.773406982421875,96021200,0.0,0.0,0.0
2025-01-10 00:00:00-05:00,38.84661610096937,38.85647399292908,37.08668713834834,37.875450134277344,145651600,0.0,0.0,0.0
2025-01-13 00:00:00-05:00,36.504974601875354,37.56487290505964,36.15495737042748,37.4810676574707,113382000,0.0,0.0,0.0
2025-01-14 00:00:00-05:00,38.195886887694,38.48181089340259,36.57399094828647,37.347965240478516,125271000,0.0,0.0,0.0
2025-01-15 00:00:00-05:00,39.09803493853017,40.16286788832459,38.74802144886227,39.87200927734375,106919200,0.0,0.0,0.0
2025-01-16 00:00:00-05:00,40.42907006383888,40.44878960748414,39.04380127142728,39.05859375,93055400,0.0,0.0,0.0
2025-01-17 00:00:00-05:00,41.25727260252311,41.38051693099415,40.34526156294268,40.98613357543945,87352200,0.0,0.0,0.0
2025-01-21 00:00:00-05:00,41.63193460794622,41.97702100054012,40.58682506055325,41.66644287109375,83451800,0.0,0.0,0.0
2025-01-22 00:00:00-05:00,42.81014759349646,43.83061423106536,42.746061897500816,43.283409118652344,86265400,0.0,0.0,0.0
2025-01-23 00:00:00-05:00,42.662257047383925,43.56933349645813,42.529151066869034,43.54961395263672,60481000,0.0,0.0,0.0
2025-01-24 00:00:00-05:00,43.59398731775917,43.791179010466074,42.40098303050455,42.765785217285156,72479200,0.0,0.0,0.0
2025-01-27 00:00:00-05:00,38.24518158647582,39.94595184484275,38.047989905230175,39.014225006103516,161821600,0.0,0.0,0.0
2025-01-28 00:00:00-05:00,39.23114265238549,41.00092972467441,38.45223745260014,40.74458312988281,101033400,0.0,0.0,0.0
2025-01-29 00:00:00-05:00,40.87275877354544,40.907267041720566,39.56636788785458,40.4931640625,118481200,0.0,0.0,0.0
2025-01-30 00:00:00-05:00,41.14881785846622,41.700950054531035,39.86214674123609,41.00092315673828,115171000,0.0,0.0,0.0
2025-01-31 00:00:00-05:00,41.86363965029282,42.93339969910713,40.512882635635144,40.779090881347656,118146600,0.0,0.0,0.0
2025-02-03 00:00:00-05:00,38.71350745747778,40.41920849455601,38.12686325646013,39.793128967285156,153257000,0.0,0.0,0.0
2025-02-04 00:00:00-05:00,39.886799559257874,41.380520341663534,39.79806348500018,41.23755645751953,84634600,0.0,0.0,0.0
2025-02-05 00:00:00-05:00,40.5966792861412,41.81433380042481,40.30582448889588,41.77489471435547,79694800,0.0,0.0,0.0
2025-02-06 00:00:00-05:00,41.88335419362395,42.46013677653224,41.5037632981793,42.40098190307617,76431000,0.0,0.0,0.0
2025-02-07 00:00:00-05:00,42.52422898433198,42.98269808882303,40.59668566252072,40.784019470214844,110870400,0.0,0.0,0.0
2025-02-10 00:00:00-05:00,41.769978471385926,42.494652119790906,41.656592009839464,42.21858596801758,65594200,0.0,0.0,0.0
2025-02-11 00:00:00-05:00,41.44460792271632,42.39112358363134,41.415030483662385,41.91786575317383,62602800,0.0,0.0,0.0
2025-02-12 00:00:00-05:00,40.56217412139131,42.20378953339565,40.473438051523004,42.00166702270508,96986600,0.0,0.0,0.0
2025-02-13 00:00:00-05:00,42.38619626949704,43.85526673772409,42.189004567682176,43.771461486816406,92920200,0.0,0.0,0.0
2025-02-14 00:00:00-05:00,43.781314018506485,44.45669429216038,43.67778923398175,44.28415298461914,76057400,0.0,0.0,0.0
2025-02-18 00:00:00-05:00,44.67853613730985,44.73769477365792,43.751740067902375,44.56022262573242,68825200,0.0,0.0,0.0
2025-02-19 00:00:00-05:00,44.36796332894446,44.92009933770745,43.835546866328606,44.565155029296875,68515800,0.0,0.0,0.0
2025-02-20 00:00:00-05:00,44.39261358093286,44.481349657793686,42.83480328962476,44.02288055419922,80266000,0.0,0.0,0.0
2025-02-21 00:00:00-05:00,44.254569128090225,44.26443077999603,41.148814495680284,41.267127990722656,118627200,0.0,0.0,0.0
2025-02-24 00:00:00-05:00,41.65658328377851,41.927722312558174,39.68467401590734,39.783267974853516,106467400,0.0,0.0,0.0
2025-02-25 00:00:00-05:00,39.60086826807699,39.62551487693901,37.357820000121485,38.26490020751953,151194400,0.0,0.0,0.0
2025-02-26 00:00:00-05:00,38.73815980834065,39.660025015803626,37.80643294797129,38.511390686035156,126351400,0.0,0.0,0.0
2025-02-27 00:00:00-05:00,39.30015638242987,39.52199469360317,35.238023922841656,35.316898345947266,206751000,0.0,0.0,0.0
2025-02-28 00:00:00-05:00,35.22815966289895,37.05710511170194,34.54785229933038,36.933860778808594,186358000,0.0,0.0,0.0
2025-03-03 00:00:00-05:00,37.648679363296836,37.98390409206186,33.739369056852325,34.5478515625,183891600,0.0,0.0,0.0
2025-03-04 00:00:00-05:00,33.897123383210314,35.87395983378092,32.54143568094494,34.16825866699219,261673800,0.0,0.0,0.0
2025-03-05 00:00:00-05:00,34.28657801638087,35.834526676634,33.27104206393026,35.49930191040039,201266600,0.0,0.0,0.0
2025-03-06 00:00:00-05:00,33.71472480003763,34.754907436984425,32.127336936597715,32.55622863769531,245645400,0.0,0.0,0.0
2025-03-07 00:00:00-05:00,32.31959069798911,33.5273873439034,31.00334220503319,33.23160171508789,270354600,0.0,0.0,0.0
2025-03-10 00:00:00-04:00,31.55054818174286,31.64421507521531,28.53352753842028,29.484973907470703,312271600,0.0,0.0,0.0
2025-03-11 00:00:00-04:00,29.28285454974158,30.490647520107586,28.2821092775444,29.139890670776367,278978600,0.0,0.0,0.0
2025-03-12 00:00:00-04:00,30.53501253278404,30.889956781819098,29.164536274323964,30.13570213317871,283837200,0.0,0.0,0.0
2025-03-13 00:00:00-04:00,29.973023489938182,29.9976719821372,28.119429420404913,28.48916244506836,242454600,0.0,0.0,0.0
2025-03-14 00:00:00-04:00,29.43567571747695,30.677978806071614,29.332150930233876,30.510366439819336,198217000,0.0,0.0,0.0
2025-03-17 00:00:00-04:00,30.50543990150014,31.688584450279304,30.14556665037818,31.10194206237793,180300800,0.0,0.0,0.0
2025-03-18 00:00:00-04:00,30.45120935862927,30.4561383043956,29.090590898895154,29.534271240234375,175652400,0.0,0.0,0.0
2025-03-19 00:00:00-04:00,29.913863720963285,31.50618022787322,29.54905967924261,30.68290901184082,185186400,0.0,0.0,0.0
2025-03-20 00:00:00-04:00,29.904003135068397,31.368146327262163,29.761039265814905,30.367401123046875,176818200,0.0,0.0,0.0
2025-03-21 00:00:00-04:00,29.3469410275863,30.77164526741351,29.120171898045218,30.653331756591797,160982000,0.0,0.0,0.0
2025-03-24 00:00:00-04:00,32.07310415511994,32.79778143807409,31.954790648041282,32.600589752197266,126823000,0.0,0.0,0.0
2025-03-25 00:00:00-04:00,32.77313603833376,33.211885581025236,32.58087141069266,33.18230438232422,111139400,0.0,0.0,0.0
2025-03-26 00:00:00-04:00,32.94893444974714,33.121984823200755,31.030538560954017,31.337087631225586,157006400,0.099,0.0,0.0
2025-03-27 00:00:00-04:00,30.951427831331138,31.757354025018586,30.531161584210118,30.803098678588867,144736000,0.0,0.0,0.0
2025-03-28 00:00:00-04:00,30.427333386522616,30.560830198688183,28.167780214243766,28.350719451904297,207264200,0.0,0.0,0.0
2025-03-31 00:00:00-04:00,27.05530725162648,28.494103637181627,26.224661721191808,28.33094024658203,213709000,0.0,0.0,0.0
2025-04-01 00:00:00-04:00,28.024392239302635,29.16653028111425,27.500293895982864,28.98358917236328,194196400,0.0,0.0,0.0
2025-04-02 00:00:00-04:00,27.78212050622448,30.259224732723535,27.732678083616015,29.631296157836914,246174800,0.0,0.0,0.0
2025-04-03 00:00:00-04:00,25.923057082857223,26.615262294762655,24.775975561379482,24.869916915893555,280231400,0.0,0.0,0.0
2025-04-04 00:00:00-04:00,22.73891653491879,23.129516175775375,20.286533672971913,20.316200256347656,516053400,0.0,0.0,0.0
2025-04-07 00:00:00-04:00,18.170368298617277,23.154241651569663,17.305112665349785,20.39531135559082,791455200,0.0,0.0,0.0
2025-04-08 00:00:00-04:00,22.442257648335975,23.14435173969044,18.343417838841834,19.233396530151367,502295400,0.0,0.0,0.0
2025-04-09 00:00:00-04:00,19.164175038893468,26.407601399054727,19.14934268898908,26.012056350708008,713864000,0.0,0.0,0.0
2025-04-10 00:00:00-04:00,24.068938899449616,24.395263794713003,20.55352868595777,22.813081741333008,563385400,0.0,0.0,0.0
2025-04-11 00:00:00-04:00,22.58070041197163,24.26176936170334,22.061547375942276,24.019498825073242,358585800,0.0,0.0,0.0
2025-04-14 00:00:00-04:00,25.661009740362626,25.735173374553366,23.767335146860063,24.523815155029297,294861400,0.0,0.0,0.0
2025-04-15 00:00:00-04:00,24.701808377297116,25.319848029768167,24.32109572504207,24.617755889892578,209340200,0.0,0.0,0.0
2025-04-16 00:00:00-04:00,23.154239991583157,23.73766772725425,21.339674469988502,22.39281463623047,269148800,0.0,0.0,0.0
2025-04-17 00:00:00-04:00,22.788360596520462,22.887247328791116,21.928048477705556,22.32853889465332,202191600,0.0,0.0,0.0
2025-04-21 00:00:00-04:00,21.443503856786865,21.577000651805992,19.89593388149557,20.69691276550293,229539400,0.0,0.0,0.0
2025-04-22 00:00:00-04:00,21.488002787033082,22.73397098768813,21.310007060352735,22.279094696044922,260222800,0.0,0.0,0.0
2025-04-23 00:00:00-04:00,24.345821305388345,25.13196789903018,23.54978584996458,23.7574462890625,303995400,0.0,0.0,0.0
2025-04-24 00:00:00-04:00,24.09860570787115,25.848892769875917,23.999718974974694,25.779672622680664,240615400,0.0,0.0,0.0
2025-04-25 00:00:00-04:00,25.7302288882943,26.733924743700825,25.453346427513292,26.630094528198242,226103200,0.0,0.0,0.0
2025-04-28 00:00:00-04:00,26.70920395966132,27.015751123418376,25.532455840190213,26.61031723022461,191356800,0.0,0.0,0.0
2025-04-29 00:00:00-04:00,26.22466166242195,27.277799979703197,26.120831442877183,27.129470825195312,169808000,0.0,0.0,0.0
2025-04-30 00:00:00-04:00,25.690674803649795,27.401408307620855,24.8798069872523,27.134416580200195,268446600,0.0,0.0,0.0
2025-05-01 00:00:00-04:00,28.459493072282765,29.117086338954184,27.999671379946037,28.068891525268555,205481600,0.0,0.0,0.0
2025-05-02 00:00:00-04:00,28.993477445308706,29.759846278659918,28.69187377679,29.384078979492188,195097800,0.0,0.0,0.0
2025-05-05 00:00:00-04:00,28.62759911190231,29.418689158356308,28.5287123845687,28.874814987182617,138579000,0.0,0.0,0.0
2025-05-06 00:00:00-04:00,27.717846221547955,28.696820918052143,27.475573819847412,28.054059982299805,165885800,0.0,0.0,0.0
2025-05-07 00:00:00-04:00,28.162831365842894,28.805592248524178,27.238244543169763,28.380382537841797,207867200,0.0,0.0,0.0
2025-05-08 00:00:00-04:00,29.27035952796443,30.016950629118075,28.508934191985404,29.225860595703125,197621600,0.0,0.0,0.0
2025-05-09 00:00:00-04:00,29.56702031387198,29.799403855968443,28.840206873751093,29.15664291381836,146818800,0.0,0.0,0.0
2025-05-12 00:00:00-04:00,32.55832871283813,32.71160511446439,31.569465251417295,32.68688201904297,202490000,0.0,0.0,0.0
2025-05-13 00:00:00-04:00,32.96376940100712,34.54100815539704,32.81049673988502,34.18501663208008,170595400,0.0,0.0,0.0
2025-05-14 00:00:00-04:00,34.417395626398395,34.9118273937396,34.21962216501891,34.7882194519043,161184800,0.0,0.0,0.0
2025-05-15 00:00:00-04:00,34.3531175917615,35.445811241135054,34.08117863666676,34.89699172973633,161694800,0.0,0.0,0.0
2025-05-16 00:00:00-04:00,35.159039649913986,35.36175469205716,34.43716979673978,35.327144622802734,127627200,0.0,0.0,0.0
2025-05-19 00:00:00-04:00,33.85374147868554,35.52986475755236,33.83396375663164,35.42108917236328,143794200,0.0,0.0,0.0
2025-05-20 00:00:00-04:00,34.89699742932396,35.1887103813293,34.313567753097985,35.050270080566406,134069400,0.0,0.0,0.0
2025-05-21 00:00:00-04:00,34.23445288173313,35.59414017707356,33.21592469669596,33.59169387817383,219255200,0.0,0.0,0.0
2025-05-22 00:00:00-04:00,33.7004766519282,34.48662148148785,33.433483000695965,33.76475143432617,173542000,0.0,0.0,0.0
2025-05-23 00:00:00-04:00,32.18255779369447,33.29502912738328,32.068840614246426,32.79071044921875,214220800,0.0,0.0,0.0
2025-05-27 00:00:00-04:00,34.11084885926918,35.17882335898103,33.81419053342098,35.07499313354492,130539600,0.0,0.0,0.0
2025-05-28 00:00:00-04:00,35.2727616502123,35.56942373830297,34.50144927449292,34.625057220458984,132542600,0.0,0.0,0.0
2025-05-29 00:00:00-04:00,36.09351743262915,36.12318213025954,34.27895383141621,34.79316329956055,193248800,0.0,0.0,0.0
2025-05-30 00:00:00-04:00,34.67449663111225,34.90688015288823,33.1467043624035,34.61022186279297,187118200,0.0,0.0,0.0
2025-06-02 00:00:00-04:00,34.21467531098726,35.46064542322643,33.962517836546475,35.40625762939453,137925400,0.0,0.0,0.0
2025-06-03 00:00:00-04:00,35.480418178380695,36.528610918831596,35.30242247298067,36.23195266723633,128728400,0.0,0.0,0.0
2025-06-04 00:00:00-04:00,36.380288353888396,36.746166785462925,35.95013138186219,36.52367401123047,128889000,0.0,0.0,0.0
2025-06-05 00:00:00-04:00,36.81044682245481,37.40376725902256,35.25298963547593,35.673255920410156,198008800,0.0,0.0,0.0
2025-06-06 00:00:00-04:00,36.72144478852685,37.087327003265955,36.360511719773456,36.69178009033203,131215400,0.0,0.0,0.0
2025-06-09 00:00:00-04:00,36.741221361896905,37.201043030605106,36.50883784073478,36.854942321777344,100363800,0.0,0.0,0.0
2025-06-10 00:00:00-04:00,36.93899463020072,37.72019768023751,36.469285988789174,37.566925048828125,122693000,0.0,0.0,0.0
2025-06-11 00:00:00-04:00,37.868526628210454,38.11080090622439,36.69672577307001,37.18126678466797,181652000,0.0,0.0,0.0
2025-06-12 00:00:00-04:00,36.88460942977526,37.64108943723766,36.845053982691134,37.42354202270508,126110000,0.0,0.0,0.0
2025-06-13 00:00:00-04:00,36.14295917295681,37.02799243369434,35.73257992645232,36.009464263916016,210666200,0.0,0.0,0.0
2025-06-16 00:00:00-04:00,36.69672509123251,37.70042094025138,36.69672509123251,37.477928161621094,116668600,0.0,0.0,0.0
2025-06-17 00:00:00-04:00,36.92416441063817,37.27026513771661,36.13307434001958,36.370399475097656,135418200,0.0,0.0,0.0
2025-06-18 00:00:00-04:00,36.54839534419675,37.06260483500527,36.014408130024634,36.32095718383789,142661400,0.0,0.0,0.0
2025-06-20 00:00:00-04:00,36.963718893503135,37.24554484169495,35.4606459124085,35.82157897949219,163355000,0.0,0.0,0.0
2025-06-23 00:00:00-04:00,35.9600241006131,37.04777247994164,35.31231592025185,36.934051513671875,167572800,0.0,0.0,0.0
2025-06-24 00:00:00-04:00,38.02674870124527,38.81783876756591,37.903140760500946,38.61511993408203,113191600,0.0,0.0,0.0
2025-06-25 00:00:00-04:00,39.10994436431645,39.37768531890984,38.53480007068072,38.91162109375,101438200,0.109,0.0,0.0
2025-06-26 00:00:00-04:00,39.37768637589275,40.08670305724368,38.98103604133899,39.977622985839844,100144200,0.0,0.0,0.0
2025-06-27 00:00:00-04:00,40.17594447126665,40.780840214031606,39.59088180989422,40.36931228637695,146023600,0.0,0.0,0.0
2025-06-30 00:00:00-04:00,41.053544512009445,41.395654798047374,40.57260264216499,41.152706146240234,113721400,0.0,0.0,0.0
2025-07-01 00:00:00-04:00,40.71638804694402,40.924629740244434,39.571051168244274,40.10653305053711,140390000,0.0,0.0,0.0
2025-07-02 00:00:00-04:00,39.893332085018685,40.94941819908352,39.87845821877144,40.9047966003418,100285000,0.0,0.0,0.0
2025-07-03 00:00:00-04:00,41.39565986491822,42.28812981333004,41.39565986491822,42.05013656616211,83484600,0.0,0.0,0.0
2025-07-07 00:00:00-04:00,41.450191938106634,41.633645109678156,40.55772594401015,41.113037109375,139674800,0.0,0.0,0.0
2025-07-08 00:00:00-04:00,41.390695164723745,41.53943760097833,40.88992026228763,41.16757583618164,115515400,0.0,0.0,0.0
2025-07-09 00:00:00-04:00,41.63365005387493,42.33770752658622,41.326242920275014,42.0203857421875,117976200,0.0,0.0,0.0
2025-07-10 00:00:00-04:00,42.15921055145234,42.253416749823906,41.2221191324918,41.8270149230957,110317800,0.0,0.0,0.0
2025-07-11 00:00:00-04:00,41.311366098989325,41.87163650702801,41.02875128675405,41.50969314575195,106937600,0.0,0.0,0.0
2025-07-14 00:00:00-04:00,41.46506861068654,42.114589796675446,40.929590491091695,41.95096969604492,97311400,0.0,0.0,0.0
2025-07-15 00:00:00-04:00,42.853355407498704,42.972350128276695,42.04517709710497,42.06005096435547,123257600,0.0,0.0,0.0
2025-07-16 00:00:00-04:00,42.174087414073355,42.31787443867545,40.87505254141661,42.179046630859375,166357600,0.0,0.0,0.0
2025-07-17 00:00:00-04:00,42.32778842991827,43.29462754914843,42.144335255829674,43.16075897216797,97330800,0.0,0.0,0.0
2025-07-18 00:00:00-04:00,43.45329201109949,43.50287282952612,42.734360686978405,43.01201629638672,98496200,0.0,0.0,0.0
2025-07-21 00:00:00-04:00,43.21033911028436,44.11768275122318,43.19546524449415,43.66648864746094,87720400,0.0,0.0,0.0
2025-07-22 00:00:00-04:00,43.69624513963533,43.711122791181936,42.37737707724631,42.98722839355469,108345200,0.0,0.0,0.0
2025-07-23 00:00:00-04:00,43.22521567129277,43.57228517061714,42.590572139514606,43.552452087402344,118025200,0.0,0.0,0.0
2025-07-24 00:00:00-04:00,43.85490453842746,44.107771647194795,43.43346187899807,43.840030670166016,90378200,0.0,0.0,0.0
2025-07-25 00:00:00-04:00,43.78548090856917,44.41516893215612,43.62186461125082,44.087928771972656,79003200,0.0,0.0,0.0
2025-07-28 00:00:00-04:00,44.420129323354416,44.717621786825966,44.216846841607584,44.51929473876953,95592000,0.0,0.0,0.0
2025-07-29 00:00:00-04:00,45.114273166264326,45.43159493754375,44.11768625151516,44.316009521484375,116251200,0.0,0.0,0.0
2025-07-30 00:00:00-04:00,44.49450363584828,45.0597332792073,43.76069845591064,44.4697151184082,145527600,0.0,0.0,0.0
2025-07-31 00:00:00-04:00,45.967079467716395,45.98691255239965,43.46321210514778,43.73590850830078,178874600,0.0,0.0,0.0
2025-08-01 00:00:00-04:00,42.26828860310862,42.302995550943926,40.58747367564795,41.113037109375,219781200,0.0,0.0,0.0
2025-08-04 00:00:00-04:00,42.25341427344466,43.41858040400884,42.22366654213342,43.36404037475586,108586000,0.0,0.0,0.0
2025-08-05 00:00:00-04:00,43.65657619333686,43.93423178944695,42.35257841280459,42.4616584777832,152088400,0.0,0.0,0.0
2025-08-06 00:00:00-04:00,42.65502268828459,44.16230282154236,42.545942632563374,44.04826354980469,128995200,0.0,0.0,0.0
2025-08-07 00:00:00-04:00,45.06469187332074,45.451427541563945,43.542537717445605,44.494503021240234,169239200,0.0,0.0,0.0
2025-08-08 00:00:00-04:00,44.74240885585695,45.753873363720075,44.67299495869931,45.69437789916992,104522600,0.0,0.0,0.0
2025-08-11 00:00:00-04:00,45.729082986751884,46.22985411261341,44.980400231850254,45.292762756347656,94617000,0.0,0.0,0.0
2025-08-12 00:00:00-04:00,45.823291075953996,47.047956593554844,45.183688299373124,46.96366882324219,119469600,0.0,0.0,0.0
2025-08-13 00:00:00-04:00,47.62309912890354,47.75696770244532,46.69592241529314,47.033077239990234,96058600,0.0,0.0,0.0
2025-08-14 00:00:00-04:00,46.52734616232979,47.395023687496106,46.428184529706016,46.90416717529297,106385800,0.0,0.0,0.0
2025-08-15 00:00:00-04:00,46.83970933393029,46.85954241567244,45.82328564559267,46.23977279663086,96167400,0.0,0.0,0.0
2025-08-18 00:00:00-04:00,46.01169943757666,46.338935839393706,45.729084633963616,46.180274963378906,73371400,0.0,0.0,0.0
2025-08-19 00:00:00-04:00,45.996821108511945,46.04144648882968,44.038350594532,44.296173095703125,111118600,0.0,0.0,0.0
2025-08-20 00:00:00-04:00,44.043310100585956,44.07305783247781,41.83692793778201,43.48799514770508,164404200,0.0,0.0,0.0
2025-08-21 00:00:00-04:00,43.11118103910235,43.6069968246367,42.33770962415651,42.88310623168945,119920000,0.0,0.0,0.0
2025-08-22 00:00:00-04:00,43.14588729808719,45.27789665466714,42.82361006889823,44.81182861328125,132726400,0.0,0.0,0.0
2025-08-25 00:00:00-04:00,44.43500551755775,45.10931518920254,44.14247228013049,44.420127868652344,80452600,0.0,0.0,0.0
2025-08-26 00:00:00-04:00,44.281302939968754,45.00519347315565,44.048268934761715,44.9357795715332,84374600,0.0,0.0,0.0
2025-08-27 00:00:00-04:00,44.692829872538226,45.337391838584395,44.39534118927609,45.13906478881836,90055200,0.0,0.0,0.0
2025-08-28 00:00:00-04:00,45.25805881909984,46.16540250464465,44.876282374879366,45.96211624145508,90658000,0.0,0.0,0.0
2025-08-29 00:00:00-04:00,45.32747434398709,45.41176211248118,43.87473406482743,44.306095123291016,121887000,0.0,0.0,0.0
2025-09-02 00:00:00-04:00,42.198871204823156,43.25495720081691,41.77246943379696,43.175628662109375,166668000,0.0,0.0,0.0
2025-09-03 00:00:00-04:00,43.99373173325885,44.56391680102336,43.4284983164623,44.1821403503418,119929800,0.0,0.0,0.0
2025-09-04 00:00:00-04:00,44.32592541844842,45.44646998697493,43.93918976825287,45.377052307128906,101759600,0.0,0.0,0.0
2025-09-05 00:00:00-04:00,46.57692557237737,46.72566800474194,44.469708960305496,45.525794982910156,172625800,0.0,0.0,0.0
2025-09-08 00:00:00-04:00,46.06623957791757,46.656257702402556,45.932367217439776,46.175315856933594,101696800,0.0,0.0,0.0
2025-09-09 00:00:00-04:00,46.35877144726096,46.66121934969923,45.734042558955416,46.55213928222656,94620800,0.0,0.0,0.0
2025-09-10 00:00:00-04:00,47.32560553272064,47.33056474873805,46.08111088926637,46.601715087890625,120818800,0.0,0.0,0.0
2025-09-11 00:00:00-04:00,47.19670033301544,47.58839521185424,46.80996467063059,47.385108947753906,91247200,0.0,0.0,0.0
2025-09-12 00:00:00-04:00,47.57847788401982,48.27757989208677,47.3652769648335,47.97513198852539,92235200,0.0,0.0,0.0
2025-09-15 00:00:00-04:00,48.41144582011501,49.21962406892752,48.376738871583775,49.19979476928711,78114400,0.0,0.0,0.0
2025-09-16 00:00:00-04:00,49.417950480570816,49.48736437674877,48.892387043002365,49.065921783447266,77137200,0.0,0.0,0.0
2025-09-17 00:00:00-04:00,49.031218532896474,49.18492020277095,47.355362683004806,48.753562927246094,147697200,0.0,0.0,0.0
2025-09-18 00:00:00-04:00,49.958390492382414,50.75665406403428,49.47744866294045,50.06747055053711,123401600,0.0,0.0,0.0
2025-09-19 00:00:00-04:00,50.51370082289171,51.212802757197906,50.15175748978409,51.05910110473633,84365400,0.0,0.0,0.0
2025-09-22 00:00:00-04:00,50.781443951691394,52.100315551902554,50.781443951691394,51.92182159423828,81054600,0.0,0.0,0.0
2025-09-23 00:00:00-04:00,51.95653465073632,52.011074687699775,50.563293556681444,50.87565612792969,99930600,0.0,0.0,0.0
2025-09-24 00:00:00-04:00,51.22205833440049,51.29650254500967,49.624004930401284,50.328739166259766,101055600,0.049,0.0,0.0
2025-09-25 00:00:00-04:00,49.3311966451984,50.0607431057013,48.38824546350343,49.653785705566406,122820600,0.0,0.0,0.0
2025-09-26 00:00:00-04:00,49.82748693771298,50.313848726267146,49.003644213278456,50.249332427978516,124097400,0.0,0.0,0.0
2025-09-29 00:00:00-04:00,51.01361922310891,51.75308982325075,50.591773731204775,50.9193229675293,92393200,0.0,0.0,0.0
2025-09-30 00:00:00-04:00,50.82503090730036,51.400725000717244,50.23444494204848,51.31635665893555,92323800,0.0,0.0,0.0
2025-10-01 00:00:00-04:00,50.487550199903204,52.179896019249206,50.27414548863661,52.04093551635742,93996400,0.0,0.0,0.0
2025-10-02 00:00:00-04:00,53.008702618981204,53.023590704432266,51.94168277349488,52.67618942260742,89158600,0.0,0.0,0.0
2025-10-03 00:00:00-04:00,52.82507556071601,53.03848027784335,51.49501904646907,51.96152877807617,103096400,0.0,0.0,0.0
2025-10-06 00:00:00-04:00,53.30151692836548,53.53973387467345,52.67122686071253,53.12285232543945,82476800,0.0,0.0,0.0
2025-10-07 00:00:00-04:00,53.450402946238206,53.62906755375375,51.87220143744439,52.2642707824707,100185800,0.0,0.0,0.0
2025-10-08 00:00:00-04:00,52.467748673791,54.12039431451793,52.43797250287736,54.0360221862793,86931000,0.0,0.0,0.0
2025-10-09 00:00:00-04:00,54.03602130010641,54.07572538493346,52.98388955691913,53.82261657714844,87956200,0.0,0.0,0.0
2025-10-10 00:00:00-04:00,53.96157849807026,54.42312805128999,48.055730556928616,48.17483901977539,238009400,0.0,0.0,0.0
2025-10-13 00:00:00-04:00,50.65132517736063,51.45531584822298,50.05081509938667,51.23198699951172,114511200,0.0,0.0,0.0
2025-10-14 00:00:00-04:00,49.49497480432576,51.380873444209314,48.17484234865624,50.18977737426758,147230000,0.0,0.0,0.0
2025-10-15 00:00:00-04:00,51.68361179041876,52.36353007850348,49.64882467000663,51.217098236083984,127069400,0.0,0.0,0.0
2025-10-16 00:00:00-04:00,51.95161059884389,52.77048943443863,49.50490200732691,50.64636993408203,159344000,0.0,0.0,0.0
2025-10-17 00:00:00-04:00,50.08555965588704,51.996274397754746,49.68853013569089,51.609169006347656,142274000,0.0,0.0,0.0
2025-10-20 00:00:00-04:00,52.41315686856777,53.85735796380612,52.38338069744636,53.54469680786133,79928800,0.0,0.0,0.0
2025-10-21 00:00:00-04:00,53.54966566069583,53.837514629151315,52.93922759217059,53.485145568847656,79811400,0.0,0.0,0.0
2025-10-22 00:00:00-04:00,53.32632439181217,53.47024885281316,50.413106404953815,51.91189956665039,134380800,0.0,0.0,0.0
2025-10-23 00:00:00-04:00,51.74812794581569,53.41566172427826,51.65383547283634,53.21218490600586,91245000,0.0,0.0,0.0
2025-10-24 00:00:00-04:00,54.5869003452729,55.217190353504016,54.358607548921306,54.86978530883789,84387600,0.0,0.0,0.0
2025-10-27 00:00:00-04:00,56.83509720518789,57.912048777836524,56.71102477488925,57.78301239013672,77489400,0.0,0.0,0.0
2025-10-28 00:00:00-04:00,58.38848715236754,59.59447134071279,58.09567424444677,59.10314178466797,92239400,0.0,0.0,0.0
2025-10-29 00:00:00-04:00,59.83764994095616,60.23468322190453,58.33389273156741,59.85750198364258,133060800,0.0,0.0,0.0
2025-10-30 00:00:00-04:00,58.85499494357,59.227212226399736,57.08820478604967,57.11798095703125,127234200,0.0,0.0,0.0
2025-10-31 00:00:00-04:00,59.30165016020027,59.30165016020027,57.261899363391706,57.92692947387695,122666800,0.0,0.0,0.0
2025-11-03 00:00:00-05:00,59.55476369994427,59.763204464160495,58.105598691979196,58.72099685668945,83598000,0.0,0.0,0.0
2025-11-04 00:00:00-05:00,56.259400938016384,57.27679634196866,54.909492342360835,55.12786102294922,124762800,0.0,0.0,0.0
2025-11-05 00:00:00-05:00,54.92934767314538,57.073319163302536,54.562094331762076,56.19984817504883,109730000,0.0,0.0,0.0
2025-11-06 00:00:00-05:00,55.768073862476875,55.83259015911595,52.666263298081546,53.048404693603516,156461400,0.0,0.0,0.0
2025-11-07 00:00:00-05:00,52.12034681369186,52.52730424891838,49.6091219416641,52.497528076171875,183589400,0.0,0.0,0.0
2025-11-10 00:00:00-05:00,54.80527340948327,56.20481025510852,54.29905956591246,55.93681335449219,119878800,0.0,0.0,0.0
2025-11-11 00:00:00-05:00,55.22215288274026,55.79288679119165,54.39334999803072,55.47526168823242,102665600,0.0,0.0,0.0
2025-11-12 00:00:00-05:00,56.34376593348028,56.34872989039619,54.45786744913204,55.361114501953125,125708400,0.0,0.0,0.0
2025-11-13 00:00:00-05:00,54.37846132352953,54.53230991618563,51.31635483698466,51.941680908203125,201264400,0.0,0.0,0.0
2025-11-14 00:00:00-05:00,49.61904429206752,53.14766046323241,49.01853044216564,51.981380462646484,222397600,0.0,0.0,0.0
2025-11-17 00:00:00-05:00,51.32132428942398,52.91937408593478,49.6835666182345,50.64636993408203,186327000,0.0,0.0,0.0
2025-11-18 00:00:00-05:00,49.61408645489354,50.2940009828214,47.54455912524942,48.815059661865234,267348000,0.0,0.0,0.0
2025-11-19 00:00:00-05:00,48.95897937240222,51.192283009179306,48.353505336164716,49.653785705566406,184263600,0.0,0.0,0.0
2025-11-20 00:00:00-05:00,52.55707823193034,53.14270020982682,45.8869436750606,46.10531234741211,178246300,0.0,2.0,0.0
2025-11-21 00:00:00-05:00,46.50234419487768,48.73564788423148,44.904294513285436,47.12767028808594,179618600,0.0,0.0,0.0
2025-11-24 00:00:00-05:00,48.33861818796447,51.06821157470755,48.30883823081845,50.700958251953125,93894200,0.0,0.0,0.0
2025-11-25 00:00:00-05:00,50.26422121021266,51.9714590238239,48.715799738695495,51.624053955078125,101851900,0.0,0.0,0.0
2025-11-26 00:00:00-05:00,52.517375266726226,53.46032644258807,51.98138148848182,52.973960876464844,75598100,0.0,0.0,0.0
2025-11-28 00:00:00-05:00,53.420622239725084,54.204760863224216,53.232033519527384,54.13528060913086,34381600,0.0,0.0,0.0
2025-12-01 00:00:00-05:00,52.71589483827532,54.24446808965585,52.4280458909913,53.64891815185547,66359600,0.0,0.0,0.0
2025-12-02 00:00:00-05:00,54.22461441854179,55.34622642957217,53.73824883992554,54.88964080810547,79504400,0.0,0.0,0.0
2025-12-03 00:00:00-05:00,54.25438928290815,55.46533734983875,53.82757984247818,55.2767448425293,69844900,0.0,0.0,0.0
2025-12-04 00:00:00-05:00,55.62414932719411,55.634073454976026,54.204760511820425,55.098079681396484,63958000,0.0,0.0,0.0
2025-12-05 00:00:00-05:00,55.445484659301236,56.656432712071016,55.26682006835521,55.733333587646484,73206000,0.0,0.0,0.0
2025-12-08 00:00:00-05:00,56.15021955833088,56.61673311458919,54.71097858894748,55.38593292236328,69700000,0.0,0.0,0.0
2025-12-09 00:00:00-05:00,55.03852596571224,55.80281252306358,54.68119679226073,55.59436798095703,48736000,0.0,0.0,0.0
2025-12-10 00:00:00-05:00,55.23704628112145,56.666359283948346,54.48268380094808,56.2296257019043,100261100,0.0,0.0,0.0
2025-12-11 00:00:00-05:00,55.21719256533231,55.74325843076333,53.57943505610646,55.69363021850586,99683900,0.0,0.0,0.0
2025-12-12 00:00:00-05:00,54.70105108982384,55.10800849050834,51.84242137069937,52.428043365478516,138448500,0.0,0.0,0.0
2025-12-15 00:00:00-05:00,53.65884660540962,53.65884660540962,51.336210533365715,51.63398361206055,98696300,0.0,0.0,0.0
2025-12-16 00:00:00-05:00,51.0483579493196,52.378414473440706,50.72080493559902,51.941680908203125,105953700,0.0,0.0,0.0
2025-12-17 00:00:00-05:00,52.259307460525974,52.408192100218976,49.003644420390835,49.033424377441406,125606200,0.0,0.0,0.0
2025-12-18 00:00:00-05:00,51.28657438905591,52.07071300251471,50.601695984737994,51.12776184082031,109222100,0.0,0.0,0.0
2025-12-19 00:00:00-05:00,51.81264776157533,53.24196079859344,51.80271984675161,53.12285232543945,72957800,0.0,0.0,0.0
2025-12-22 00:00:00-05:00,54.40328085095641,54.48268523779033,53.48018166237277,53.847434997558594,64783100,0.0,0.0,0.0
2025-12-23 00:00:00-05:00,53.56951542127126,54.661351328071284,53.46033107331322,54.6017951965332,48197100,0.0,0.0,0.0
2025-12-24 00:00:00-05:00,54.54810922906828,55.124708533775866,54.45863705393499,55.03523635864258,25855000,0.086,0.0,0.0
2025-12-26 00:00:00-05:00,55.194297999388496,55.4229482726098,54.78670337454725,54.985530853271484,37244200,0.0,0.0,0.0
2025-12-29 00:00:00-05:00,53.97151401338567,54.667408291323724,53.603681851194054,54.17034149169922,50635300,0.0,0.0,0.0
2025-12-30 00:00:00-05:00,53.882046564447315,54.498408388201476,53.72298532630691,53.782630920410156,38976800,0.0,0.0,0.0
2025-12-31 00:00:00-05:00,53.81245286511854,53.88204191377865,52.331192131527466,52.41072463989258,57199400,0.0,0.0,0.0
2026-01-02 00:00:00-05:00,53.85221530512053,54.558053043458834,51.30723571556966,52.04289245605469,107226600,0.0,0.0,0.0
2026-01-05 00:00:00-05:00,53.633509650907655,54.0112814890151,52.977381612257254,53.285560607910156,77968000,0.0,0.0,0.0
2026-01-06 00:00:00-05:00,53.603684365940275,54.84635142329963,53.42474379861392,54.68729019165039,68915800,0.0,0.0,0.0
2026-01-07 00:00:00-05:00,54.567991619875556,55.86036451589608,54.44869665208008,54.84634780883789,65588300,0.0,0.0,0.0
2026-01-08 00:00:00-05:00,54.548108149156064,54.65746344907832,53.18614621448483,53.87209701538086,83760300,0.0,0.0,0.0
2026-01-09 00:00:00-05:00,54.070926056834885,55.77089360769633,53.474447412001695,55.43288803100586,78706300,0.0,0.0,0.0
2026-01-12 00:00:00-05:00,54.27969290868653,56.00948703702413,54.259813573976224,55.56212615966797,59673900,0.0,0.0,0.0
2026-01-13 00:00:00-05:00,55.582009380110776,56.16854835533714,54.637581702398,55.273826599121094,88611000,0.0,0.0,0.0
2026-01-14 00:00:00-05:00,54.22998717595323,54.55805308459541,52.19201405237197,53.51421356201172,117421500,0.0,0.0,0.0
2026-01-15 00:00:00-05:00,55.323535676741116,55.502480025926545,53.812452168241194,54.06098556518555,90483000,0.0,0.0,0.0
2026-01-16 00:00:00-05:00,54.99546943987848,55.13464753455465,53.26567913130506,53.822391510009766,75855900,0.0,0.0,0.0
2026-01-20 00:00:00-05:00,51.088527808888855,52.251666154631266,50.183866336564286,50.43239974975586,129209100,0.0,0.0,0.0
2026-01-21 00:00:00-05:00,50.77040407044384,53.484388419370944,50.372749102379984,52.4206657409668,150230100,0.0,0.0,0.0
2026-01-22 00:00:00-05:00,54.001339395608696,54.011282855776166,52.83820484906199,53.583805084228516,90992300,0.0,0.0,0.0
2026-01-23 00:00:00-05:00,53.2756191206849,54.746936375517244,53.00720259690675,54.06098556518555,78066100,0.0,0.0,0.0
2026-01-26 00:00:00-05:00,54.150459597744906,55.30365444744146,53.89198273235567,54.75688171386719,58084300,0.0,0.0,0.0
2026-01-27 00:00:00-05:00,55.6515968235462,56.46678604800051,55.234062544233865,56.20831298828125,51981200,0.0,0.0,0.0
2026-01-28 00:00:00-05:00,57.36150655301278,57.669685526211595,56.39719579665088,56.72526168823242,76172100,0.0,0.0,0.0
2026-01-29 00:00:00-05:00,56.615911769283656,56.87438484803496,52.74873250191791,55.71125030517578,122642300,0.0,0.0,0.0
2026-01-30 00:00:00-05:00,54.69723285406508,55.38318369448825,53.007204922241115,53.6832160949707,110170700,0.0,0.0,0.0
2026-02-02 00:00:00-05:00,52.848145953847386,55.38318606387733,52.83820628572856,54.776763916015625,74665800,0.0,0.0,0.0
2026-02-03 00:00:00-05:00,55.313590632150735,55.432885597416394,50.78034402887008,52.21189498901367,129992200,0.0,0.0,0.0
2026-02-04 00:00:00-05:00,51.83412926849618,51.844072728956476,48.145894240078874,49.46809005737305,142536200,0.0,0.0,0.0
2026-02-05 00:00:00-05:00,48.10612341012771,49.239435086457874,46.78392771851541,47.36052322387695,158712900,0.0,0.0,0.0
2026-02-06 00:00:00-05:00,48.0564198513353,50.71075482452754,47.71841426526359,50.29322052001953,117934600,0.0,0.0,0.0
2026-02-09 00:00:00-05:00,49.76632910434248,51.96336343796202,49.14996354530236,51.43647384643555,71272700,0.0,0.0,0.0
2026-02-10 00:00:00-05:00,51.665127036866544,52.092604810023644,50.59146087387133,50.720699310302734,70660900,0.0,0.0,0.0
2026-02-11 00:00:00-05:00,51.903714572957085,52.19201422837508,49.74644647183057,51.09846878051758,92393800,0.0,0.0,0.0
2026-02-12 00:00:00-05:00,51.49612066811292,51.76453720012507,47.708474009574225,47.97688674926758,131150000,0.0,0.0,0.0
2026-02-13 00:00:00-05:00,47.86753125850074,49.29908218460286,46.90322051537781,48.18565368652344,123216600,0.0,0.0,0.0
2026-02-17 00:00:00-05:00,47.360522733417504,48.69266187074947,46.14767856280103,48.06635665893555,117089700,0.0,0.0,0.0
2026-02-18 00:00:00-05:00,48.24530237117673,50.06456867861181,47.91724025534078,49.100257873535156,81370800,0.0,0.0,0.0
2026-02-19 00:00:00-05:00,48.38447975508274,49.110200609274855,47.87747329542163,48.54354476928711,83447500,0.0,0.0,0.0
2026-02-20 00:00:00-05:00,47.6786478274843,50.154042226645146,47.479820343675904,49.76633071899414,118813800,0.0,0.0,0.0
2026-02-23 00:00:00-05:00,49.23944178927611,49.58739086561625,47.38041280034271,47.95701217651367,91951800,0.0,0.0,0.0
2026-02-24 00:00:00-05:00,48.16577275420181,49.746445299562744,47.53946753637086,49.48796844482422,71023300,0.0,0.0,0.0
2026-02-25 00:00:00-05:00,50.25345212730296,51.655180335035155,50.23356900045982,51.56570816040039,54217200,0.0,0.0,0.0
2026-02-26 00:00:00-05:00,51.327122642922085,51.337062311040256,48.42425034326304,49.75638961791992,105583800,0.0,0.0,0.0
2026-02-27 00:00:00-05:00,48.16577336060261,49.47802940055711,47.976885550765154,49.229496002197266,93802200,0.0,0.0,0.0
2026-03-02 00:00:00-05:00,47.18157875058416,49.85580050525748,46.9529284824856,49.40843963623047,108545900,0.0,0.0,0.0
2026-03-03 00:00:00-05:00,46.53539583746067,48.3844811739881,45.45179004648729,47.81782531738281,163365500,0.0,0.0,0.0
2026-03-04 00:00:00-05:00,48.404363302075616,50.49204612380801,48.2353624114943,49.965152740478516,99738400,0.0,0.0,0.0
2026-03-05 00:00:00-05:00,49.149961957752744,50.46221795668003,47.887411878479654,49.507850646972656,129713200,0.0,0.0,0.0
2026-03-06 00:00:00-05:00,47.38040718318197,48.762252279211566,46.90322351067441,47.261112213134766,141012200,0.0,0.0,0.0
2026-03-09 00:00:00-04:00,45.91902959660655,49.478029703202104,45.2330787781723,49.100257873535156,159005500,0.0,0.0,0.0
2026-03-10 00:00:00-04:00,49.12014245697631,50.442342003853405,48.543546924164694,49.11020278930664,115057200,0.0,0.0,0.0
2026-03-11 00:00:00-04:00,49.38855554955676,50.22362789140216,48.44412790937278,49.060489654541016,91104300,0.0,0.0,0.0
2026-03-12 00:00:00-04:00,47.86753483993191,48.20554041903529,46.47574626896067,46.55527877807617,130823900,0.0,0.0,0.0
2026-03-13 00:00:00-04:00,47.07222469237638,47.96694645404249,45.40207993214546,45.66055679321289,141952500,0.0,0.0,0.0
2026-03-16 00:00:00-04:00,47.09210741444683,47.98682916841604,46.90322339630609,47.18157958984375,81421500,0.0,0.0,0.0
2026-03-17 00:00:00-04:00,47.837709482945094,48.473954402954384,47.52953048299496,47.87747573852539,74570100,0.0,0.0,0.0
2026-03-18 00:00:00-04:00,47.440058554815465,47.82777006797522,45.77985340259325,45.829559326171875,105059300,0.0,0.0,0.0
2026-03-19 00:00:00-04:00,44.60677349087144,46.048267966773224,44.040117643264054,45.42196273803711,138384900,0.0,0.0,0.0
2026-03-20 00:00:00-04:00,44.91495722068521,44.94478001572042,42.05185133542242,42.82727813720703,137952500,0.0,0.0,0.0
2026-03-23 00:00:00-04:00,44.84536575041739,45.879265568784724,43.87111531122,44.30853271484375,139354300,0.0,0.0,0.0
2026-03-24 00:00:00-04:00,43.58281582336502,44.288649747307254,42.93662748648805,43.364105224609375,105505200,0.0,0.0,0.0
2026-03-25 00:00:00-04:00,44.511241277973426,45.02904587406116,43.76440838337182,44.20254898071289,79294400,0.072,0.0,0.0
2026-03-26 00:00:00-04:00,43.04745131711537,43.49555185240163,40.97623655197613,41.0558967590332,117558900,0.0,0.0,0.0
2026-03-27 00:00:00-04:00,40.38872758514575,40.418599687805646,38.39717303792416,38.616241455078125,124795700,0.0,0.0,0.0
2026-03-30 00:00:00-04:00,39.58214584225175,39.74147005093109,37.162406811404345,37.72999954223633,111446500,0.0,0.0,0.0
2026-03-31 00:00:00-04:00,38.92493446648145,41.82264623204379,38.905018464826,41.503997802734375,149516200,0.0,0.0,0.0
2026-04-01 00:00:00-04:00,42.449986175431626,43.79428397340088,42.23091396000983,43.04745101928711,116135500,0.0,0.0,0.0
2026-04-02 00:00:00-04:00,40.707378464187755,43.366102121773906,40.269234006274296,43.14703369140625,111377300,0.0,0.0,0.0
2026-04-06 00:00:00-04:00,43.41588775918875,44.40170893483018,43.08728323303417,43.91377639770508,69245100,0.0,0.0,0.0
2026-04-07 00:00:00-04:00,43.266524766216,44.0233138484603,41.66332269352895,43.96356964111328,131796200,0.0,0.0,0.0
2026-04-08 00:00:00-04:00,48.43460673272057,48.71342315811246,46.95090069921207,47.79730987548828,102015100,0.0,0.0,0.0
2026-04-09 00:00:00-04:00,47.817224676042166,48.88270604470038,47.110223730220135,48.75325393676758,78953600,0.0,0.0,0.0
2026-04-10 00:00:00-04:00,49.15156812954756,49.59966867420859,48.61384747595434,48.96236801147461,65481600,0.0,0.0,0.0
2026-04-13 00:00:00-04:00,48.574013141899876,50.525739442943745,48.25536472511491,50.446075439453125,67169100,0.0,0.0,0.0
2026-04-14 00:00:00-04:00,51.17299297252095,53.204379502080734,51.16303687126327,53.18446350097656,72362300,0.0,0.0,0.0
2026-04-15 00:00:00-04:00,53.34378992711559,55.50462865431905,53.10480550111576,55.415008544921875,83244000,0.0,0.0,0.0
2026-04-16 00:00:00-04:00,55.89297900569096,56.67964015892466,54.867325838642934,56.19171142578125,86398100,0.0,0.0,0.0
2026-04-17 00:00:00-04:00,57.53600937679612,58.691110856682265,57.12774084852401,58.34259033203125,103604000,0.0,0.0,0.0
2026-04-20 00:00:00-04:00,58.15339191033947,58.332632116116336,56.66968216220622,57.83474349975586,67652800,0.0,0.0,0.0
2026-04-21 00:00:00-04:00,58.23305311620791,58.72098564002025,56.580063033377456,57.157615661621094,91775200,0.0,0.0,0.0
2026-04-22 00:00:00-04:00,58.68115580047884,60.04536961945211,58.24301516188735,59.95574951171875,73399800,0.0,0.0,0.0
2026-04-23 00:00:00-04:00,59.54747755924918,60.47355068649144,57.34681079390516,58.96992874145508,92856900,0.0,0.0,0.0
2026-04-24 00:00:00-04:00,60.82207981253826,62.47506999232518,60.30427515640647,62.29582977294922,80250700,0.0,0.0,0.0
2026-04-27 00:00:00-04:00,62.14645996242428,62.43523628560887,61.37971100013531,62.37548828125,56615000,0.0,0.0,0.0
2026-04-28 00:00:00-04:00,60.46359687724419,61.0710216179834,59.42798760774092,60.48351287841797,80631600,0.0,0.0,0.0
2026-04-29 00:00:00-04:00,60.742416300510826,61.608741502175484,60.19473953620763,61.598785400390625,77081400,0.0,0.0,0.0
2026-04-30 00:00:00-04:00,62.62443360610937,63.53059079451617,60.443682692977994,63.271690368652344,81042700,0.0,0.0,0.0
2026-05-01 00:00:00-04:00,63.62021181886148,65.56197453725966,63.54055160921414,65.02426147460938,67762900,0.0,0.0,0.0
2026-05-04 00:00:00-04:00,65.1636708026921,65.77109558080059,63.510676790874726,64.63591003417969,60813800,0.0,0.0,0.0
2026-05-05 00:00:00-04:00,66.08973360155113,67.48381556378541,65.9702376059981,67.10542297363281,54098800,0.0,0.0,0.0
2026-05-06 00:00:00-04:00,68.9675335047871,71.35740039104594,68.58913329284653,71.26777648925781,70169000,0.0,0.0,0.0
2026-05-07 00:00:00-04:00,71.56651036502036,72.9904720702008,70.08279686153737,71.03874206542969,93509100,0.0,0.0,0.0
2026-05-08 00:00:00-04:00,72.51250472803271,75.9877654758764,72.39300871367712,75.95789337158203,68713700,0.0,0.0,0.0
2026-05-11 00:00:00-04:00,75.67907966660259,77.03333748946343,75.23098289165853,76.63502502441406,60475000,0.0,0.0,0.0
2026-05-12 00:00:00-04:00,74.98203135658649,75.60936830075474,71.24786659972816,74.64346313476562,90651600,0.0,0.0,0.0
2026-05-13 00:00:00-04:00,75.48987182908944,77.61088226012885,73.87671752624549,76.91383361816406,64416400,0.0,0.0,0.0
2026-05-14 00:00:00-04:00,76.96362891744481,79.34353607178498,76.83418060260675,78.61661529541016,58472800,0.0,0.0,0.0
2026-05-15 00:00:00-04:00,75.41021068326064,77.04328468315087,73.9165448835676,75.0218505859375,81260600,0.0,0.0,0.0
2026-05-18 00:00:00-04:00,75.80851893328712,75.94792713982473,71.79553785114561,74.00616455078125,87710100,0.0,0.0,0.0
2026-05-19 00:00:00-04:00,72.10423893453556,74.18540987360605,70.66035727130622,72.62203979492188,85973700,0.0,0.0,0.0
2026-05-20 00:00:00-04:00,73.77713342687626,76.20683236842514,73.30912449706588,76.18692016601562,70647500,0.0,0.0,0.0
2026-05-21 00:00:00-04:00,74.8625385376153,77.46151792684778,74.15553755853513,76.62506103515625,74958100,0.0,0.0,0.0
2026-05-22 00:00:00-04:00,77.71045914582102,78.99501273716027,77.00345819502394,77.51129913330078,58330500,0.0,0.0,0.0
2026-05-26 00:00:00-04:00,80.24968519879786,81.92259128827057,79.64226806367309,81.60394287109375,62579600,0.0,0.0,0.0
2026-05-27 00:00:00-04:00,82.52006391307008,82.55989591495853,79.99078877198511,81.32512664794922,66221000,0.0,0.0,0.0
2026-05-28 00:00:00-04:00,81.39483450136002,83.69508523401791,80.31940078954291,83.32664489746094,55265900,0.0,0.0,0.0
2026-05-29 00:00:00-04:00,84.05356611745775,85.3381121577716,83.17727722523999,84.20292663574219,67644100,0.0,0.0,0.0
2026-06-01 00:00:00-04:00,83.79466299165868,86.69237104212633,83.39635054425054,85.67668151855469,57216000,0.0,0.0,0.0
2026-06-02 00:00:00-04:00,85.57709854642117,86.95126840439922,84.47178520082979,86.85169219970703,48355000,0.0,0.0,0.0
2026-06-03 00:00:00-04:00,87.30975421007376,87.71801895367373,85.04934307556194,86.1944808959961,62154500,0.0,0.0,0.0
2026-06-04 00:00:00-04:00,83.11752776265386,85.88578728510659,82.13171041841711,84.86013793945312,59614600,0.0,0.0,0.0
2026-06-05 00:00:00-04:00,81.22555874428197,81.73340732379748,72.37309864421974,72.74153900146484,118961300,0.0,0.0,0.0
2026-06-08 00:00:00-04:00,76.53544192480362,78.13864394450104,75.06168821580548,75.94792938232422,77319000,0.0,0.0,0.0
2026-06-09 00:00:00-04:00,78.14860080506334,79.0049622384122,66.50796248795295,73.40869903564453,132485700,0.0,0.0,0.0
2026-06-10 00:00:00-04:00,71.37731243733444,74.38455634127017,68.7086291463151,68.97748565673828,91465200,0.0,0.0,0.0
2026-06-11 00:00:00-04:00,70.59065107760325,76.2765384594037,69.29613756911738,75.68903350830078,116288800,0.0,0.0,0.0
2026-06-12 00:00:00-04:00,76.01763237079096,78.0291066901203,73.97629354639193,77.1926498413086,94070700,0.0,0.0,0.0
2026-06-15 00:00:00-04:00,82.53001749341986,84.67094014571094,82.29103307556666,84.23279571533203,59758000,0.0,0.0,0.0
2026-06-16 00:00:00-04:00,83.8344891030419,84.47178593522547,79.522771787505,79.59247589111328,67086700,0.0,0.0,0.0
2026-06-17 00:00:00-04:00,81.32512756792076,81.46453577751858,76.61510534969935,77.21257019042969,78089600,0.0,0.0,0.0
2026-06-18 00:00:00-04:00,81.7533125533675,83.2469784621276,80.28951874723417,82.52006530761719,61063000,0.0,0.0,0.0
2026-06-22 00:00:00-04:00,83.5955027877577,84.75060812301409,81.04631528536841,82.23129272460938,61888900,0.0,0.0,0.0
2026-06-23 00:00:00-04:00,74.8027926171199,77.41172424975035,73.59790301017921,74.12566375732422,82341800,0.0,0.0,0.0
2026-06-24 00:00:00-04:00,74.64565329878391,76.03296993543444,71.21229019616534,73.15853118896484,72009700,0.171,0.0,0.0
2026-06-25 00:00:00-04:00,77.80953646701697,78.08899484931908,71.46181064309552,74.80534362792969,105261200,0.0,0.0,0.0
2026-06-26 00:00:00-04:00,71.95086081386118,74.54584883955646,70.58350982204794,71.69136810302734,70427700,0.0,0.0,0.0
2026-06-29 00:00:00-04:00,73.97694875770732,77.23065137030916,71.31209615642113,77.04102325439453,79128400,0.0,0.0,0.0
2026-06-30 00:00:00-04:00,77.0909282019129,81.38263244452213,77.00110555283673,80.84367370605469,58466200,0.0,0.0,0.0
2026-07-01 00:00:00-04:00,78.56807142768865,79.48629399793968,77.08094926340495,77.31050109863281,63348200,0.0,0.0,0.0
2026-07-02 00:00:00-04:00,77.30052065200962,78.98726143666289,71.58158365361878,73.20843505859375,87308500,0.0,0.0,0.0
2026-07-06 00:00:00-04:00,75.39420786503547,77.30051758394754,74.96503746527992,76.27250671386719,54545100,0.0,0.0,0.0
2026-07-07 00:00:00-04:00,73.55775555579079,74.24642628875573,70.62343494965664,72.0905990600586,70992900,0.0,0.0,0.0
2026-07-08 00:00:00-04:00,70.66335832595017,72.87906730705392,69.43572888800254,72.57965087890625,70748500,0.0,0.0,0.0
2026-07-09 00:00:00-04:00,74.70553535500656,76.54198805017795,73.74738910239653,76.19265747070312,51726600,0.0,0.0,0.0
2026-07-10 00:00:00-04:00,75.38422736794371,77.17077361692799,74.1865463901979,76.88133239746094,46034400,0.0,0.0,0.0
2026-07-13 00:00:00-04:00,74.39613609184433,74.70553534424593,71.95086010922041,72.49980163574219,63317500,0.0,0.0,0.0
2026-07-14 00:00:00-04:00,75.0548588933063,75.70360589842723,73.26832034326978,74.87520599365234,58097300,0.0,0.0,0.0
2026-07-15 00:00:00-04:00,76.14276129195039,76.32241419672167,71.92092183716032,74.29633331298828,68547800,0.0,0.0,0.0
2026-07-16 00:00:00-04:00,72.4698634946918,72.97888132810239,69.55550091475196,70.60346984863281,66953300,0.0,0.0,0.0
2026-07-17 00:00:00-04:00,66.25188381042229,69.42574671269539,64.78472730781445,67.39966583251953,75465200,0.0,0.0,0.0
2026-07-20 00:00:00-04:00,69.33592686462684,70.37392061950041,67.36972766840182,67.51943969726562,50076700,0.0,0.0,0.0
2026-07-21 00:00:00-04:00,70.57353177477847,71.58158464957347,69.4756562512213,71.23226165771484,37772500,0.0,0.0,0.0
2026-07-22 00:00:00-04:00,69.63533796074178,71.45182498862421,69.63533796074178,70.14435577392578,36062100,0.0,0.0,0.0
2026-07-23 00:00:00-04:00,66.98047709533468,68.13823431472518,64.89450687350892,66.17204284667969,80277500,0.0,0.0,0.0
2026-07-24 00:00:00-04:00,65.65304348704376,66.27184962931824,63.36746607694931,63.87648010253906,69267700,0.0,0.0,0.0
2026-07-27 00:00:00-04:00,65.932503611165,66.10218130306953,61.52103591504762,63.27764129638672,70531600,0.0,0.0,0.0
2026-07-28 00:00:00-04:00,61.65078259249712,62.48916152079696,59.28535782624696,61.44118881225586,73235900,0.0,0.0,0.0
2026-07-29 00:00:00-04:00,61.39128367892452,62.61891312246338,57.478851128485985,57.63854217529297,103582900,0.0,0.0,0.0
2026-07-30 00:00:00-04:00,61.01201968695933,63.716788451959864,60.62277299918946,63.17782974243164,75877800,0.0,0.0,0.0
2026-07-31 00:00:00-04:00,65.61311854160272,66.6411294056091,62.26958562193048,64.49528503417969,86709900,0.0,0.0,0.0
2026-08-03 00:00:00-04:00,64.5851071175022,68.2779705908886,63.866499325057184,67.8288345336914,62223600,0.0,0.0,0.0
2026-08-04 00:00:00-04:00,70.17430024918494,75.26446341243252,70.004630174322,74.67559814453125,73728500,0.0,0.0,0.0
2026-08-05 00:00:00-04:00,75.46407535336263,76.18268699117573,72.59961163448823,72.69941711425781,70885800,0.0,0.0,0.0
2026-08-06 00:00:00-04:00,70.7132606327264,73.3082412072478,70.02459748483888,71.89098358154297,60887200,0.0,0.0,0.0
2026-08-07 00:00:00-04:00,73.5178368271196,74.52588200303977,72.38003006848534,74.3262710571289,59409800,0.0,0.0,0.0
2026-08-10 00:00:00-04:00,74.12665639427688,74.83529280326178,73.49787502839256,73.6575698852539,44224500,0.0,0.0,0.0
2026-08-11 00:00:00-04:00,74.39613802565955,74.39613802565955,72.10057400102365,72.91899108886719,43674100,0.0,0.0,0.0
2026-08-12 00:00:00-04:00,75.47405988462931,75.54392448350765,74.2364475406842,74.45602416992188,46867300,0.0,0.0,0.0
2026-08-13 00:00:00-04:00,74.89517041635645,77.61989713218003,74.56580550333662,77.0010986328125,49822600,0.0,0.0,0.0
2026-08-14 00:00:00-04:00,77.42029334612563,77.69975174131713,75.79344190859213,76.64179992675781,36616800,0.0,0.0,0.0
2026-08-17 00:00:00-04:00,77.23065253681683,77.74965319214856,76.06291248432495,76.25254821777344,39828100,0.0,0.0,0.0
2026-08-18 00:00:00-04:00,73.21841456184588,73.81725502871024,71.87102160773362,72.3900146484375,51330500,0.0,0.0,0.0
2026-08-19 00:00:00-04:00,73.22839819570336,73.55775550655025,70.86296956881532,71.9209213256836,49118200,0.0,0.0,0.0
2026-08-20 00:00:00-04:00,70.69330186849307,71.55164270123346,69.62536724375839,70.34397888183594,56681700,0.0,0.0,0.0
2026-08-21 00:00:00-04:00,71.56161442011825,71.69136839072549,69.77507585932439,71.03263854980469,47654300,0.0,0.0,0.0
2026-08-24 00:00:00-04:00,69.8649030063086,69.91480955432401,67.79889832199456,68.87681579589844,46660700,0.0,0.0,0.0
2026-08-25 00:00:00-04:00,70.284088550897,71.13244653977294,69.21615394061718,70.1343765258789,44163200,0.0,0.0,0.0
2026-08-26 00:00:00-04:00,69.42574467665123,70.80308610864265,69.30598115363951,70.33399200439453,40461400,0.0,0.0,0.0
2026-08-27 00:00:00-04:00,71.95085983521602,73.23837099869799,71.24223107664895,73.15853118896484,48782800,0.0,0.0,0.0
2026-08-28 00:00:00-04:00,72.70939657994302,74.03683148195688,71.2921390346966,71.7113265991211,58068000,0.0,0.0,0.0
2026-08-31 00:00:00-04:00,71.30211965313629,72.01074840376108,70.6833135429556,71.78118896484375,42308100,0.0,0.0,0.0
2026-09-01 00:00:00-04:00,68.93669310155329,70.41384001999819,68.11827602387521,69.01654052734375,57328900,0.0,0.0,0.0
2026-09-02 00:00:00-04:00,68.83688639080488,69.62536257332324,68.25800398622133,69.46566772460938,38887400,0.0,0.0,0.0
2026-09-03 00:00:00-04:00,69.92478438935453,72.28023028698767,69.57546139916954,71.89098358154297,46695100,0.0,0.0,0.0
2026-09-04 00:00:00-04:00,72.35009495211858,73.0986474809249,71.51171977489716,72.23033142089844,47352200,0.0,0.0,0.0
2026-09-08 00:00:00-04:00,72.80920531356274,73.06870565229751,71.1823539132967,72.02073669433594,48309000,0.0,0.0,0.0
2026-09-09 00:00:00-04:00,71.41191101074219,72.40998100326314,70.70327461514293,71.41191101074219,38220500,0.0,0.0,0.0
2026-09-10 00:00:00-04:00,68.7670243823464,70.09445930715334,68.54744776444814,69.07642364501953,55675900,0.0,0.0,0.0
2026-09-11 00:00:00-04:00,71.05260372904786,71.62150330838637,70.47372131788387,70.84300994873047,49070100,0.0,0.0,0.0
2026-09-14 00:00:00-04:00,67.39966706432966,70.25414792359145,67.21003132430775,69.13630676269531,49910300,0.0,0.0,0.0
2026-09-15 00:00:00-04:00,68.99657319551929,69.19619175516951,67.4795102155249,67.76895141601562,38753600,0.0,0.0,0.0
2026-09-16 00:00:00-04:00,68.71711938078704,69.83496054490291,66.42156290269638,67.79889678955078,61725800,0.0,0.0,0.0
2026-09-17 00:00:00-04:00,70.9927157784068,71.58158103322157,70.23418806716946,71.24223327636719,41937900,0.0,0.0,0.0
2026-09-18 00:00:00-04:00,71.78119004272078,72.63953082164417,70.67333177259106,72.49980163574219,41007900,0.0,0.0,0.0
2026-09-21 00:00:00-04:00,74.6855783471247,79.33658048907814,74.6855783471247,78.75770568847656,54999600,0.0,0.0,0.0
2026-09-22 00:00:00-04:00,78.61797412947585,80.96344482801452,78.61797412947585,80.67400360107422,45285000,0.0,0.0,0.0
2026-09-23 00:00:00-04:00,80.52999877929688,80.56999969482422,77.69000244140625,78.66000366210938,52118700,0.156,0.0,0.0
2026-09-24 00:00:00-04:00,76.75,79.0999984741211,76.55000305175781,78.58000183105469,58181700,0.0,0.0,0.0
2026-09-25 00:00:00-04:00,79.08999633789062,80.05999755859375,78.05999755859375,79.5999984741211,57902300,0.0,0.0,0.0
2026-09-28 00:00:00-04:00,78.29000091552734,78.5999984741211,75.47000122070312,77.04000091552734,57997700,0.0,0.0,0.0
2026-09-29 00:00:00-04:00,78.12999725341797,78.26000213623047,76.62000274658203,77.45999908447266,47046700,0.0,0.0,0.0
2026-09-30 00:00:00-04:00,78.12999725341797,79.68000030517578,77.94000244140625,78.02999877929688,47391300,0.0,0.0,0.0
2026-10-01 00:00:00-04:00,78.87999725341797,79.52999877929688,76.87000274658203,78.7300033569336,66281200,0.0,0.0,0.0
2026-10-02 00:00:00-04:00,81.58999633789062,82.61000061035156,80.37000274658203,81.01000213623047,60705600,0.0,0.0,0.0
