Date,Open,High,Low,Close,Volume,Dividends,Stock Splits,Capital Gains
2021-10-04 00:00:00-04:00,8.406119366836538,8.425851551064236,7.954734008653913,8.028731346130371,777200,0.0,0.0,0.0
2021-10-05 00:00:00-04:00,8.097795945867778,8.428317307648031,8.097795945867778,8.31732177734375,4154400,0.0,0.0,0.0
2021-10-06 00:00:00-04:00,8.127395204907167,8.428317840354373,8.095329346540906,8.415985107421875,720800,0.0,0.0,0.0
2021-10-07 00:00:00-04:00,8.613310705639476,8.842703088367097,8.593578523312672,8.605911254882812,312800,0.0,0.0,0.0
2021-10-08 00:00:00-04:00,8.67990832061758,8.67990832061758,8.44065032448406,8.462849617004395,431200,0.0,0.0,0.0
2021-10-11 00:00:00-04:00,8.396252250764833,8.647843934341225,8.361720224947373,8.371585845947266,378000,0.0,0.0,0.0
2021-10-12 00:00:00-04:00,8.467784661783027,8.4727170025466,8.12492864122376,8.19892692565918,279600,0.0,0.0,0.0
2021-10-13 00:00:00-04:00,8.327188233253205,8.366653544655266,8.22852542521167,8.309922218322754,180000,0.0,0.0,0.0
2021-10-14 00:00:00-04:00,8.596046006019023,8.825438423778788,8.54424796095772,8.820505142211914,915200,0.0,0.0,0.0
2021-10-15 00:00:00-04:00,8.926566091877904,8.980831234498023,8.837769868854544,8.924099922180176,326000,0.0,0.0,0.0
2021-10-18 00:00:00-04:00,8.837770761111678,9.121427351338744,8.748973588196387,9.109094619750977,302800,0.0,0.0,0.0
2021-10-19 00:00:00-04:00,9.141159484804431,9.311353420511853,9.057295601790555,9.294087409973145,639200,0.0,0.0,0.0
2021-10-20 00:00:00-04:00,9.247223962076939,9.336020196966343,9.192958812205243,9.254623413085938,188400,0.0,0.0,0.0
2021-10-21 00:00:00-04:00,9.158426667832382,9.513614425578465,9.158426667832382,9.498814582824707,418000,0.0,0.0,0.0
2021-10-22 00:00:00-04:00,9.442083307912107,9.555546887701784,9.215158030187013,9.249690055847168,2239600,0.0,0.0,0.0
2021-10-25 00:00:00-04:00,9.373019231319523,9.550613581009626,9.316287912041213,9.437150001525879,604000,0.0,0.0,0.0
2021-10-26 00:00:00-04:00,9.65174319641677,9.90580104050144,9.572812585809357,9.6690092086792,528400,0.0,0.0,0.0
2021-10-27 00:00:00-04:00,9.545680587234989,9.743007125644898,9.513614730703642,9.518548011779785,164000,0.0,0.0,0.0
2021-10-28 00:00:00-04:00,9.706007609710179,9.878668676936433,9.706007609710179,9.871269226074219,315600,0.0,0.0,0.0
2021-10-29 00:00:00-04:00,9.775074107713667,10.088330435164496,9.775074107713667,10.036531448364258,1111200,0.0,0.0,0.0
2021-11-01 00:00:00-04:00,10.112995987846737,10.367053878639819,10.021732628977025,10.359654426574707,446800,0.0,0.0,0.0
2021-11-02 00:00:00-04:00,10.376919017961269,10.670442181032827,10.376919017961269,10.643310546875,294000,0.0,0.0,0.0
2021-11-03 00:00:00-04:00,10.653175791042468,10.889968566452353,10.586577911170354,10.870235443115234,1152800,0.0,0.0,0.0
2021-11-04 00:00:00-04:00,11.173625558729082,12.337853531468957,11.173625558729082,12.02953052520752,1015600,0.0,0.0,0.0
2021-11-05 00:00:00-04:00,12.224391275123628,12.675775681192453,12.07146238174481,12.244123458862305,911200,0.0,0.0,0.0
2021-11-08 00:00:00-05:00,12.45624952408693,12.86323627104677,12.364986177172034,12.72757339477539,1016000,0.0,0.0,0.0
2021-11-09 00:00:00-05:00,13.16662657205298,13.181425474889844,12.379785619083766,12.70044231414795,847200,0.0,0.0,0.0
2021-11-10 00:00:00-05:00,12.182458513686463,12.596844710764938,11.77793887866394,11.906201362609863,2398800,0.0,0.0,0.0
2021-11-11 00:00:00-05:00,12.290987587638522,12.510513396372438,12.155324725228079,12.453782081604004,799600,0.0,0.0,0.0
2021-11-12 00:00:00-05:00,12.517913781142816,12.77197163166342,12.332919981421494,12.641242980957031,527600,0.0,0.0,0.0
2021-11-15 00:00:00-05:00,12.818837082650166,12.818837082650166,12.229323669451864,12.562312126159668,581200,0.0,0.0,0.0
2021-11-16 00:00:00-05:00,12.414318602841725,12.979165663740245,12.414318602841725,12.954500198364258,986800,0.0,0.0,0.0
2021-11-17 00:00:00-05:00,12.984097183804636,13.00136319541126,12.5351790001783,12.651108741760254,477200,0.0,0.0,0.0
2021-11-18 00:00:00-05:00,13.5464789388797,13.664875799442038,13.16169243529705,13.400951385498047,1014800,0.0,0.0,0.0
2021-11-19 00:00:00-05:00,13.49221448666508,13.847402239152721,13.361484896593433,13.699407577514648,543200,0.0,0.0,0.0
2021-11-22 00:00:00-05:00,13.914001034158755,14.407317859962543,13.17155962533201,13.191291809082031,1564000,0.0,0.0,0.0
2021-11-23 00:00:00-05:00,13.082762673835315,13.381219132818511,12.594379120700852,13.08029556274414,776000,0.0,0.0,0.0
2021-11-24 00:00:00-05:00,12.905167174754654,13.521813163383706,12.638776596948999,13.507013320922852,734400,0.0,0.0,0.0
2021-11-26 00:00:00-05:00,13.033430356241512,13.319554072760011,12.5647790032365,12.734973907470703,530000,0.0,0.0,0.0
2021-11-29 00:00:00-05:00,13.223356423651603,13.879467702680342,13.070428485482312,13.862201690673828,1031600,0.0,0.0,0.0
2021-11-30 00:00:00-05:00,13.724073308329535,13.901667658498683,13.018630129521116,13.339286804199219,812400,0.0,0.0,0.0
2021-12-01 00:00:00-05:00,13.72407378305325,14.02993062548798,12.843503334550325,12.865702629089355,1640400,0.0,0.0,0.0
2021-12-02 00:00:00-05:00,12.65604376993097,13.176492241680876,12.500648703086943,12.956966400146484,547600,0.0,0.0,0.0
2021-12-03 00:00:00-05:00,13.27268749876942,13.425615427824665,12.298386729239636,12.621508598327637,658800,0.0,0.0,0.0
2021-12-06 00:00:00-05:00,12.480915449664186,12.591911924840053,11.5559463914106,12.505581855773926,914400,0.0,0.0,0.0
2021-12-07 00:00:00-05:00,13.166625179593245,13.913999803485053,13.166625179593245,13.867135047912598,681600,0.0,0.0,0.0
2021-12-08 00:00:00-05:00,13.768472946833226,13.768472946833226,13.442883907288667,13.659943580627441,650400,0.0,0.0,0.0
2021-12-09 00:00:00-05:00,13.561281281568021,13.817806291862356,12.907636962614578,12.929835319519043,585200,0.0,0.0,0.0
2021-12-10 00:00:00-05:00,13.398485379980015,13.54894716763634,12.836104480082987,13.09509563446045,440000,0.0,0.0,0.0
2021-12-13 00:00:00-05:00,13.238156609194188,13.238156609194188,12.216990927212736,12.246590614318848,594800,0.0,0.0,0.0
2021-12-14 00:00:00-05:00,11.916067770808146,12.290988655749064,11.753273262695508,12.147926330566406,518400,0.0,0.0,0.0
2021-12-15 00:00:00-05:00,12.221923030261737,13.262821736642904,11.921000434441185,13.235689163208008,1427200,0.0,0.0,0.0
2021-12-16 00:00:00-05:00,13.46754798809337,13.502080953765637,11.839602957770737,11.997464179992676,1266000,0.0,0.0,0.0
2021-12-17 00:00:00-05:00,11.721206451050076,12.315653115326178,11.681741147481302,11.832202911376953,452000,0.0,0.0,0.0
2021-12-20 00:00:00-05:00,11.454817193198256,11.839604684167508,11.380819852107658,11.669410705566406,684400,0.0,0.0,0.0
2021-12-21 00:00:00-05:00,12.150391015309214,12.574643717104712,11.765604556403549,12.549978256225586,668400,0.0,0.0,0.0
2021-12-22 00:00:00-05:00,12.4414500526785,12.76703908360306,12.25152296115131,12.752240180969238,506400,0.0,0.0,0.0
2021-12-23 00:00:00-05:00,12.860768997238354,13.235689883157585,12.860768997238354,13.030963897705078,542400,0.0,0.0,0.0
2021-12-27 00:00:00-05:00,13.122228985336601,13.847404448550613,13.122228985336601,13.844938278198242,521200,0.0,0.0,0.0
2021-12-28 00:00:00-05:00,13.978131266285274,13.978131266285274,13.34915252592434,13.472481727600098,514800,0.0,0.0,0.0
2021-12-29 00:00:00-05:00,13.502080085904755,13.652540906776624,13.22088874335281,13.44781494140625,303200,0.0,0.0,0.0
2021-12-30 00:00:00-05:00,13.44781740822993,13.566213339004522,13.06549703867979,13.104962348937988,509200,0.0,0.0,0.0
2021-12-31 00:00:00-05:00,13.144427454658,13.359020017039759,13.016164963082927,13.028497695922852,236800,0.0,0.0,0.0
2022-01-03 00:00:00-05:00,13.188826081797632,13.627877770408196,13.188826081797632,13.536614418029785,638400,0.0,0.0,0.0
2022-01-04 00:00:00-05:00,13.608145144871559,13.72654201940426,12.623978535120497,13.252957344055176,856000,0.0,0.0,0.0
2022-01-05 00:00:00-05:00,13.077828823818557,13.277622471791013,12.2589229896206,12.286055564880371,571600,0.0,0.0,0.0
2022-01-06 00:00:00-05:00,12.327988062054578,12.601779066428707,11.985132999253544,12.480916023254395,428400,0.0,0.0,0.0
2022-01-07 00:00:00-05:00,12.443916907664605,12.537647366434458,11.666942543853516,11.726140975952148,880000,0.0,0.0,0.0
2022-01-10 00:00:00-05:00,11.363552774004473,11.864269040826944,10.934367671278686,11.849470138549805,1228400,0.0,0.0,0.0
2022-01-11 00:00:00-05:00,11.760674081460245,12.283589692436742,11.553480961499407,12.241658210754395,711200,0.0,0.0,0.0
2022-01-12 00:00:00-05:00,12.466117704675234,12.678244112283616,12.155327545319192,12.392120361328125,660000,0.0,0.0,0.0
2022-01-13 00:00:00-05:00,12.744840673999406,12.826238407848134,11.580613519886791,11.669410705566406,817200,0.0,0.0,0.0
2022-01-14 00:00:00-05:00,11.467147783140561,12.167657576173141,11.462214502937805,12.150390625,462800,0.0,0.0,0.0
2022-01-18 00:00:00-05:00,11.716275100577164,11.743407677674222,11.067563184180324,11.139094352722168,1024800,0.0,0.0,0.0
2022-01-19 00:00:00-05:00,11.274756308378159,11.432617548814019,10.431184951951325,10.443517684936523,1220400,0.0,0.0,0.0
2022-01-20 00:00:00-05:00,10.581645350635416,10.749373131795362,9.693674578448569,9.725740432739258,5995600,0.0,0.0,0.0
2022-01-21 00:00:00-05:00,9.530879990116107,10.154925412515327,9.3162874553775,9.343420028686523,1375600,0.0,0.0,0.0
2022-01-24 00:00:00-05:00,8.894501791982279,9.530879942450094,8.201391384373647,9.528413772583008,5440800,0.0,0.0,0.0
2022-01-25 00:00:00-05:00,9.042496766279395,9.28915516245824,8.714441588643627,8.859969139099121,586800,0.0,0.0,0.0
2022-01-26 00:00:00-05:00,9.382886170700765,9.942800876011436,8.87970278695102,9.14609432220459,1261600,0.0,0.0,0.0
2022-01-27 00:00:00-05:00,9.397684984069754,9.424817559543255,8.32225511377872,8.383919715881348,774400,0.0,0.0,0.0
2022-01-28 00:00:00-05:00,8.354322218543105,8.78844165802002,7.88320457266602,8.78844165802002,1482400,0.0,0.0,0.0
2022-01-31 00:00:00-05:00,8.88710183500828,9.762739906183857,8.795838490631105,9.747940063476562,891200,0.0,0.0,0.0
2022-02-01 00:00:00-05:00,9.962533432056098,9.9970654603036,9.42481800124645,9.928001403808594,1112800,0.0,0.0,0.0
2022-02-02 00:00:00-05:00,10.441049977904342,10.537246598327926,10.021730531636223,10.468181610107422,998800,0.0,0.0,0.0
2022-02-03 00:00:00-05:00,9.96006816783408,10.22645879635091,9.46675128302108,9.543214797973633,746000,0.0,0.0,0.0
2022-02-04 00:00:00-05:00,9.466750217200195,9.83673783915462,9.215158521359923,9.661609649658203,1508400,0.0,0.0,0.0
2022-02-07 00:00:00-05:00,9.710940066676303,9.967465005309087,9.607343999686355,9.691207885742188,759200,0.0,0.0,0.0
2022-02-08 00:00:00-05:00,9.553078799005117,10.179591300486463,9.496347485380323,10.125326156616211,581200,0.0,0.0,0.0
2022-02-09 00:00:00-05:00,10.450915891430556,10.946699790342398,10.231390071295573,10.926966667175293,926000,0.0,0.0,0.0
2022-02-10 00:00:00-05:00,10.374452163312533,11.050295621161458,10.112993932661201,10.22152328491211,792800,0.0,0.0,0.0
2022-02-11 00:00:00-05:00,10.260988752879577,10.401583961347542,8.975898753620477,9.10169506072998,925600,0.0,0.0,0.0
2022-02-14 00:00:00-05:00,9.190492522654214,9.484016651273508,8.909302068055094,9.183093070983887,523600,0.0,0.0,0.0
2022-02-15 00:00:00-05:00,9.558013429994904,10.310321395654231,9.558013429994904,10.283188819885254,736400,0.0,0.0,0.0
2022-02-16 00:00:00-05:00,10.036529340846352,10.317720689955028,9.787404786154926,10.273322105407715,649600,0.0,0.0,0.0
2022-02-17 00:00:00-05:00,9.92553436868093,9.955133113038453,9.338487116848531,9.368085861206055,744400,0.0,0.0,0.0
2022-02-18 00:00:00-05:00,9.395218418396874,9.424817162700244,8.75143984900414,9.052363395690918,858400,0.0,0.0,0.0
2022-02-22 00:00:00-05:00,8.850103437561941,9.348353506205823,8.660176361326865,8.916701316833496,1595200,0.0,0.0,0.0
2022-02-23 00:00:00-05:00,9.12636175749965,9.321222139766094,8.383920309613737,8.423385620117188,1032800,0.0,0.0,0.0
2022-02-24 00:00:00-05:00,7.794404815471851,9.217623294703047,7.737673501613564,9.19049072265625,1554400,0.0,0.0,0.0
2022-02-25 00:00:00-05:00,9.232424073888879,9.525947233908825,8.95123364579921,9.503747940063477,1040800,0.0,0.0,0.0
2022-02-28 00:00:00-05:00,9.318754287765584,9.67640916504181,9.146094156118641,9.513614654541016,644400,0.0,0.0,0.0
2022-03-01 00:00:00-05:00,9.464284092768976,9.535815266293016,8.657710879913278,8.837772369384766,899200,0.0,0.0,0.0
2022-03-02 00:00:00-05:00,9.027697727610695,9.523481674994486,8.941367657632021,9.417418479919434,778800,0.0,0.0,0.0
2022-03-03 00:00:00-05:00,9.523481434703859,9.535814167114328,8.899435953647913,9.022765159606934,847200,0.0,0.0,0.0
2022-03-04 00:00:00-05:00,8.879702617161296,9.017831663273133,8.39378525618106,8.63057804107666,1011600,0.0,0.0,0.0
2022-03-07 00:00:00-05:00,8.697174915311901,8.74157350332792,7.727807782304279,7.7450737953186035,1780800,0.0,0.0,0.0
2022-03-08 00:00:00-05:00,7.732741233473426,8.546714267265333,7.510748758971481,7.976933002471924,1236800,0.0,0.0,0.0
2022-03-09 00:00:00-05:00,8.46778220704622,8.785970785983867,8.324719902266022,8.667574882507324,779200,0.0,0.0,0.0
2022-03-10 00:00:00-05:00,8.366652846254697,8.388852140873238,7.944867189429559,8.327187538146973,642000,0.0,0.0,0.0
2022-03-11 00:00:00-05:00,8.556579888542677,8.593579026345983,7.947334256785574,7.976933002471924,517200,0.0,0.0,0.0
2022-03-14 00:00:00-04:00,7.900467752769592,8.011464213956561,7.357819589262331,7.454016208648682,1150400,0.0,0.0,0.0
2022-03-15 00:00:00-04:00,7.577345983249977,8.223591207176348,7.500882009924072,8.184125900268555,852400,0.0,0.0,0.0
2022-03-16 00:00:00-04:00,8.452983990214928,9.035097999836422,8.285256192834932,9.03016471862793,2186800,0.0,0.0,0.0
2022-03-17 00:00:00-04:00,8.877235573368043,9.143626136381306,8.694707956861487,9.138692855834961,1023600,0.0,0.0,0.0
2022-03-18 00:00:00-04:00,9.059763498294561,9.733140860433448,8.983299050672297,9.664076805114746,914400,0.0,0.0,0.0
2022-03-21 00:00:00-04:00,9.641876098360152,9.873734636502334,9.31875328227806,9.696141242980957,1133200,0.0,0.0,0.0
2022-03-22 00:00:00-04:00,9.666543723041189,10.038998486584086,9.632011692710536,9.77754020690918,1098400,0.0,0.0,0.0
2022-03-23 00:00:00-04:00,9.609810918839598,9.876202439176476,9.294088471857025,9.301487922668457,1750000,0.0,0.0,0.0
2022-03-24 00:00:00-04:00,9.52594703951783,10.438583297641534,9.44948353855419,10.433650016784668,1758000,0.0,0.0,0.0
2022-03-25 00:00:00-04:00,10.376919181631504,10.502715497022827,10.016798130651495,10.339920043945312,1484400,0.0,0.0,0.0
2022-03-28 00:00:00-04:00,10.256057747215433,10.515048904877725,9.9354010424717,10.510115623474121,1642400,0.0,0.0,0.0
2022-03-29 00:00:00-04:00,10.828303874121074,10.973832364233617,10.482981746113552,10.926966667175293,1650400,0.0,0.0,0.0
2022-03-30 00:00:00-04:00,10.791304857516048,10.852969456701853,10.149993402354509,10.243722915649414,745200,0.0,0.0,0.0
2022-03-31 00:00:00-04:00,10.2412575769165,10.39171936169036,9.817004798987213,9.856470108032227,861600,0.0,0.0,0.0
2022-04-01 00:00:00-04:00,9.928000873637355,9.940333605791848,9.158426907885813,9.451950073242188,1180800,0.0,0.0,0.0
2022-04-04 00:00:00-04:00,9.50128285062531,9.856470651619132,9.447017694847984,9.829338073730469,724400,0.0,0.0,0.0
2022-04-05 00:00:00-04:00,9.701075733447777,9.703541903544021,8.911768631919635,8.956167221069336,1316800,0.0,0.0,0.0
2022-04-06 00:00:00-04:00,8.549180881318145,8.71690868379629,8.228525120437176,8.415985107421875,1356800,0.0,0.0,0.0
2022-04-07 00:00:00-04:00,8.396251064793194,8.586178120889143,8.050928973541106,8.418450355529785,842800,0.0,0.0,0.0
2022-04-08 00:00:00-04:00,8.275389327608815,8.275389327608815,7.920201561938901,7.937467575073242,1008800,0.0,0.0,0.0
2022-04-11 00:00:00-04:00,7.646410316720087,7.732740849872541,7.49348190338172,7.510748386383057,1425600,0.0,0.0,0.0
2022-04-12 00:00:00-04:00,7.81167108558848,7.930067468150225,7.345486887662065,7.424417495727539,1645600,0.0,0.0,0.0
2022-04-13 00:00:00-04:00,7.5058155277693075,7.84620392820678,7.42441827089533,7.759873390197754,1116000,0.0,0.0,0.0
2022-04-14 00:00:00-04:00,7.851137559143522,7.875803495454157,7.2640907213611525,7.276423454284668,901600,0.0,0.0,0.0
2022-04-18 00:00:00-04:00,7.219691621673856,7.695742418229606,7.219691621673856,7.557613372802734,729200,0.0,0.0,0.0
2022-04-19 00:00:00-04:00,7.508282479179553,7.905402217720088,7.389886079354683,7.875803470611572,863600,0.0,0.0,0.0
2022-04-20 00:00:00-04:00,8.060796596035788,8.216191651664289,7.643943767852896,7.705608367919922,1334000,0.0,0.0,0.0
2022-04-21 00:00:00-04:00,7.870869226542102,8.100261605661041,7.1160946811052295,7.185158729553223,1169600,0.0,0.0,0.0
2022-04-22 00:00:00-04:00,7.19009216917387,7.286289263794885,6.837370586645115,6.849703788757324,1122800,0.0,0.0,0.0
2022-04-25 00:00:00-04:00,6.768306395529046,7.103761488105342,6.709108438015582,7.091428756713867,1064400,0.0,0.0,0.0
2022-04-26 00:00:00-04:00,6.9335684581079535,6.9557677539336,6.457517623901367,6.457517623901367,1022400,0.0,0.0,0.0
2022-04-27 00:00:00-04:00,6.311988236965453,6.699241833943945,6.29472222494173,6.398318767547607,1232400,0.0,0.0,0.0
2022-04-28 00:00:00-04:00,6.659777440763679,7.256690845013635,6.499449559430609,7.121028900146484,1124400,0.0,0.0,0.0
2022-04-29 00:00:00-04:00,6.899035477230534,7.177759740713557,6.408185303556421,6.427917957305908,744800,0.0,0.0,0.0
2022-05-02 00:00:00-04:00,6.459983358601171,6.943433576637697,6.395852120817308,6.931100845336914,986800,0.0,0.0,0.0
2022-05-03 00:00:00-04:00,6.881769762770963,7.135828102480853,6.778173208472751,7.014965534210205,1613200,0.0,0.0,0.0
2022-05-04 00:00:00-04:00,7.148160740098279,7.6020122604661315,6.6918425791295215,7.577346324920654,1151200,0.0,0.0,0.0
2022-05-05 00:00:00-04:00,7.310955735457885,7.3257555800338094,6.600579662040219,6.817638874053955,1064400,0.0,0.0,0.0
2022-05-06 00:00:00-04:00,6.691842231748694,7.034697730059282,6.447650470498272,6.701708793640137,829600,0.0,0.0,0.0
2022-05-09 00:00:00-04:00,6.418051028947141,6.536446936008888,5.88773561691082,5.966666221618652,2180800,0.0,0.0,0.0
2022-05-10 00:00:00-04:00,6.316922172381509,6.477250048386079,5.988866498539447,6.252790927886963,1438800,0.0,0.0,0.0
2022-05-11 00:00:00-04:00,6.119595785468773,6.403252898340107,5.7964733597004,5.8186726570129395,910400,0.0,0.0,0.0
2022-05-12 00:00:00-04:00,5.675609812681426,5.9691334389748345,5.5004821048973795,5.816205024719238,1940800,0.0,0.0,0.0
2022-05-13 00:00:00-04:00,6.052997028735953,6.546313801589535,5.981465870849686,6.455049991607666,1535200,0.0,0.0,0.0
2022-05-16 00:00:00-04:00,6.334188554165133,6.479717065421601,6.210859339233456,6.245391368865967,755200,0.0,0.0,0.0
2022-05-17 00:00:00-04:00,6.60551249688942,6.911368873821688,6.546314533979651,6.88176965713501,1064400,0.0,0.0,0.0
2022-05-18 00:00:00-04:00,6.635111180272342,6.847237564871022,6.0973957675217445,6.151660919189453,771600,0.0,0.0,0.0
2022-05-19 00:00:00-04:00,6.089996407536905,6.4057188781304895,5.96913384045485,6.094929218292236,1039600,0.0,0.0,0.0
2022-05-20 00:00:00-04:00,6.2651225258833705,6.2651225258833705,5.433884079527211,5.991332054138184,1248000,0.0,0.0,0.0
2022-05-23 00:00:00-04:00,5.877870152655137,6.055464046379346,5.77920687836391,6.0406646728515625,655200,0.0,0.0,0.0
2022-05-24 00:00:00-04:00,5.858136079430805,5.882802009647422,5.569545777962412,5.727406978607178,607200,0.0,0.0,0.0
2022-05-25 00:00:00-04:00,5.648476881815141,6.107261625166466,5.648476881815141,6.0110650062561035,586400,0.0,0.0,0.0
2022-05-26 00:00:00-04:00,5.843337948707117,6.580846548763186,5.794006077811869,6.50191593170166,1385600,0.0,0.0,0.0
2022-05-27 00:00:00-04:00,6.667175962452084,7.081561632093782,6.667175962452084,7.054429531097412,915600,0.0,0.0,0.0
2022-05-31 00:00:00-04:00,7.04456423185264,7.1407613340436935,6.768307069289411,6.980432987213135,788000,0.0,0.0,0.0
2022-06-01 00:00:00-04:00,7.061829854179992,7.158026951037646,6.603045545600556,6.76584005355835,630800,0.0,0.0,0.0
2022-06-02 00:00:00-04:00,6.746107503926717,7.313421650023488,6.711575007142135,7.308488368988037,810400,0.0,0.0,0.0
2022-06-03 00:00:00-04:00,6.997698881822667,7.0938955054434985,6.760906577688283,6.8472371101379395,759600,0.0,0.0,0.0
2022-06-06 00:00:00-04:00,7.103762277454034,7.153094149428636,6.743641211615671,6.827505111694336,439600,0.0,0.0,0.0
2022-06-07 00:00:00-04:00,6.662243523313282,6.985365899602125,6.5487804132611,6.9557671546936035,540000,0.0,0.0,0.0
2022-06-08 00:00:00-04:00,6.866969770421595,6.943433741319788,6.561113416365267,6.627711296081543,664000,0.0,0.0,0.0
2022-06-09 00:00:00-04:00,6.521647500612126,6.758439312389,6.272522487932179,6.274989128112793,608800,0.0,0.0,0.0
2022-06-10 00:00:00-04:00,6.057930635014558,6.154127738277944,5.757007533394966,5.784140110015869,820800,0.0,0.0,0.0
2022-06-13 00:00:00-04:00,5.372220494147461,5.483216499571382,5.07376356479636,5.118162155151367,1474800,0.0,0.0,0.0
2022-06-14 00:00:00-04:00,5.192159316398939,5.266157121307743,5.0490974581315475,5.169960021972656,612800,0.0,0.0,0.0
2022-06-15 00:00:00-04:00,5.310555227668453,5.567079704840403,5.125561437899471,5.389485836029053,821600,0.0,0.0,0.0
2022-06-16 00:00:00-04:00,5.0614306204153205,5.0614306204153205,4.6248451274708176,4.725975036621094,1596000,0.0,0.0,0.0
2022-06-17 00:00:00-04:00,4.792573234320839,4.871503854409243,4.5903134027284045,4.809839248657227,510000,0.0,0.0,0.0
2022-06-21 00:00:00-04:00,5.024431757489932,5.248890861283492,5.024431757489932,5.091029167175293,722000,0.0,0.0,0.0
2022-06-22 00:00:00-04:00,4.928234339478751,5.1329607768906245,4.908501687817251,4.975099563598633,531200,0.0,0.0,0.0
2022-06-23 00:00:00-04:00,5.056497806309705,5.063897728563889,4.760507502632957,4.913435935974121,579200,0.0,0.0,0.0
2022-06-24 00:00:00-04:00,5.076229659913207,5.345087343314023,5.05896364784475,5.332754611968994,736800,0.0,0.0,0.0
2022-06-27 00:00:00-04:00,5.436350848198998,5.46348294972035,5.224224493692243,5.313021659851074,423200,0.0,0.0,0.0
2022-06-28 00:00:00-04:00,5.372219922450056,5.485682556426372,5.017031707871789,5.019498348236084,517200,0.0,0.0,0.0
2022-06-29 00:00:00-04:00,4.8937033723853105,4.901103294778549,4.6667775940925535,4.79257345199585,834000,0.0,0.0,0.0
2022-06-30 00:00:00-04:00,4.67910913497745,4.871502833990521,4.531114488543481,4.681575775146484,646800,0.0,0.0,0.0
2022-07-01 00:00:00-04:00,4.5286485870681625,4.587846549390569,4.259790880814159,4.35352087020874,2530400,0.0,0.0,0.0
2022-07-05 00:00:00-04:00,4.170993970855509,4.466984272003174,4.114262645449018,4.466984272003174,2437600,0.0,0.0,0.0
2022-07-06 00:00:00-04:00,4.494116100720716,4.63717796097192,4.400386111092789,4.543447971343994,3834400,0.0,0.0,0.0
2022-07-07 00:00:00-04:00,4.745707185339447,4.980032835048003,4.738307264556058,4.9430341720581055,910000,0.0,0.0,0.0
2022-07-08 00:00:00-04:00,4.790105888466564,5.036764275163167,4.753107224554781,4.982499599456787,922400,0.0,0.0,0.0
2022-07-11 00:00:00-04:00,4.824638299429399,4.834504861511954,4.651977697156856,4.693909645080566,610000,0.0,0.0,0.0
2022-07-12 00:00:00-04:00,4.780240080776773,4.819705861696428,4.632245401798412,4.68651008605957,314400,0.0,0.0,0.0
2022-07-13 00:00:00-04:00,4.484249778322281,4.829571443540204,4.464517125180215,4.74817419052124,1098800,0.0,0.0,0.0
2022-07-14 00:00:00-04:00,4.7111758542685385,4.970167003684389,4.5681139913644655,4.928235054016113,935600,0.0,0.0,0.0
2022-07-15 00:00:00-04:00,5.058964344726032,5.162560901870933,4.9331684917312515,5.160094261169434,584400,0.0,0.0,0.0
2022-07-18 00:00:00-04:00,5.337688196709017,5.473350613506203,5.1058296146284965,5.162560939788818,764800,0.0,0.0,0.0
2022-07-19 00:00:00-04:00,5.317954998373853,5.680543149250329,5.305622266498742,5.631211280822754,976400,0.0,0.0,0.0
2022-07-20 00:00:00-04:00,5.604079209546003,5.988866688733327,5.542414603704092,5.949401378631592,1532000,0.0,0.0,0.0
2022-07-21 00:00:00-04:00,6.011064925010201,6.107261542620365,5.796471927498847,6.0998616218566895,899600,0.0,0.0,0.0
2022-07-22 00:00:00-04:00,6.055463835071998,6.055463835071998,5.680543405848303,5.77427339553833,500800,0.0,0.0,0.0
2022-07-25 00:00:00-04:00,5.6805431302876395,5.697809143040584,5.495549329997124,5.692875862121582,461200,0.0,0.0,0.0
2022-07-26 00:00:00-04:00,5.665743686300985,5.670676967567205,5.480749872990105,5.498016357421875,284800,0.0,0.0,0.0
2022-07-27 00:00:00-04:00,5.729875015604287,6.1565939716698574,5.697809627829665,6.072730541229248,1178000,0.0,0.0,0.0
2022-07-28 00:00:00-04:00,6.107261901581198,6.218257896779098,5.821138201724516,6.186192512512207,857600,0.0,0.0,0.0
2022-07-29 00:00:00-04:00,5.988866145354881,6.294722506124341,5.944467557902875,6.260190010070801,645600,0.0,0.0,0.0
2022-08-01 00:00:00-04:00,6.198525292016416,6.487115634506023,6.144260614197284,6.34652042388916,1057200,0.0,0.0,0.0
2022-08-02 00:00:00-04:00,6.196059550465195,6.551247326961673,6.154127601376413,6.344054222106934,756000,0.0,0.0,0.0
2022-08-03 00:00:00-04:00,6.277456210576538,6.652376605638568,6.272522929867732,6.617844581604004,660800,0.0,0.0,0.0
2022-08-04 00:00:00-04:00,6.605511975508125,6.80283850296546,6.5512468276096945,6.783105850219727,654000,0.0,0.0,0.0
2022-08-05 00:00:00-04:00,6.543848273576854,6.768307405741162,6.462451011038848,6.654844284057617,620400,0.0,0.0,0.0
2022-08-08 00:00:00-04:00,6.353921116584947,6.5290483733979645,6.131928627055139,6.334188461303711,539600,0.0,0.0,0.0
2022-08-09 00:00:00-04:00,6.062863999672392,6.062863999672392,5.670677070684588,5.821138858795166,900000,0.0,0.0,0.0
2022-08-10 00:00:00-04:00,6.129461735085774,6.326788279809569,5.959267296221753,6.316922187805176,645200,0.0,0.0,0.0
2022-08-11 00:00:00-04:00,6.413118015696578,6.657309760607863,6.250323519089055,6.265122890472412,450800,0.0,0.0,0.0
2022-08-12 00:00:00-04:00,6.351454530094469,6.659777565535949,6.3465212486161375,6.654844284057617,686400,0.0,0.0,0.0
2022-08-15 00:00:00-04:00,6.595646440996267,6.75597432833001,6.516715817722033,6.726375579833984,578400,0.0,0.0,0.0
2022-08-16 00:00:00-04:00,6.664710764560123,6.716508808050923,6.422985620675835,6.585780143737793,526400,0.0,0.0,0.0
2022-08-17 00:00:00-04:00,6.413117865117362,6.413117865117362,6.099861610333076,6.255256652832031,844000,0.0,0.0,0.0
2022-08-18 00:00:00-04:00,6.27992298773378,6.603045848453375,6.237991509044789,6.5339813232421875,766800,0.0,0.0,0.0
2022-08-19 00:00:00-04:00,6.358854010798639,6.381053305446155,6.06779701027662,6.119595050811768,512000,0.0,0.0,0.0
2022-08-22 00:00:00-04:00,5.887736673954181,5.927201983393424,5.618878959359585,5.658344268798828,408800,0.0,0.0,0.0
2022-08-23 00:00:00-04:00,5.660810848577327,5.870470126295041,5.660810848577327,5.7175421714782715,282000,0.0,0.0,0.0
2022-08-24 00:00:00-04:00,5.683009966174643,5.771806673452411,5.586812866800324,5.737274646759033,458000,0.0,0.0,0.0
2022-08-25 00:00:00-04:00,5.744674699054993,6.166460361992776,5.707675560512165,6.1565937995910645,549200,0.0,0.0,0.0
2022-08-26 00:00:00-04:00,6.136860532742037,6.163993106175099,5.384552631850875,5.394419193267822,598400,0.0,0.0,0.0
2022-08-29 00:00:00-04:00,5.313022206906324,5.409218833174264,5.165027071557795,5.192159175872803,1650400,0.0,0.0,0.0
2022-08-30 00:00:00-04:00,5.29082282655286,5.29082282655286,4.896169295565608,5.029364585876465,566000,0.0,0.0,0.0
2022-08-31 00:00:00-04:00,5.056497914426831,5.056497914426831,4.809839479576741,4.88877010345459,518800,0.0,0.0,0.0
2022-09-01 00:00:00-04:00,4.617445182606503,4.642111117254631,4.328854829289623,4.6297783851623535,944800,0.0,0.0,0.0
2022-09-02 00:00:00-04:00,4.7925719647335,4.829570624290773,4.481782377618141,4.508914947509766,1347200,0.0,0.0,0.0
2022-09-06 00:00:00-04:00,4.538514707312546,4.59031321870878,4.358454178646316,4.449717998504639,2032000,0.0,0.0,0.0
2022-09-07 00:00:00-04:00,4.476849954839375,4.666777039523509,4.42011863462367,4.597712516784668,551200,0.0,0.0,0.0
2022-09-08 00:00:00-04:00,4.508915186519114,4.765439647449116,4.4423173135077025,4.7432403564453125,595200,0.0,0.0,0.0
2022-09-09 00:00:00-04:00,4.851771368359017,4.9849666767810685,4.849304727587398,4.947968006134033,1618000,0.0,0.0,0.0
2022-09-12 00:00:00-04:00,4.994833068418579,5.0441649412303775,4.888769871197736,4.9997663497924805,527600,0.0,0.0,0.0
2022-09-13 00:00:00-04:00,4.63717794942745,4.691443101070677,4.323922124279329,4.35352087020874,574800,0.0,0.0,0.0
2022-09-14 00:00:00-04:00,4.410251518467689,4.491648763038725,4.3041888128766805,4.434917449951172,386800,0.0,0.0,0.0
2022-09-15 00:00:00-04:00,4.370787391343505,4.469451143802687,4.217859421866322,4.29185676574707,375200,0.0,0.0,0.0
2022-09-16 00:00:00-04:00,4.2178589320278395,4.360920791922885,4.129061753312437,4.35352087020874,453200,0.0,0.0,0.0
2022-09-19 00:00:00-04:00,4.2499237340367895,4.447250718436691,4.24005764357173,4.407785415649414,549600,0.0,0.0,0.0
2022-09-20 00:00:00-04:00,4.31652188465003,4.3658537515171645,4.21785862137931,4.269656658172607,408800,0.0,0.0,0.0
2022-09-21 00:00:00-04:00,4.289388881369992,4.595245202118437,4.210458278656006,4.210458278656006,1284400,0.0,0.0,0.0
2022-09-22 00:00:00-04:00,4.166060089837075,4.175926651338407,3.907068966453241,3.9539341926574707,1161200,0.0,0.0,0.0
2022-09-23 00:00:00-04:00,3.867603992633558,3.8972029739773704,3.7245421318558996,3.8503377437591553,2260000,0.0,0.0,0.0
2022-09-26 00:00:00-04:00,3.8306047750378154,3.944067645156375,3.714675499766942,3.7196085453033447,1517200,0.0,0.0,0.0
2022-09-27 00:00:00-04:00,3.8528043544781645,3.9268019248799515,3.694942886636472,3.8010060787200928,710800,0.0,0.0,0.0
2022-09-28 00:00:00-04:00,3.74674132911309,3.944068113887697,3.7220756280361407,3.907069444656372,632800,0.0,0.0,0.0
2022-09-29 00:00:00-04:00,3.793606180278991,3.793606180278991,3.5346148159599604,3.645611047744751,752400,0.0,0.0,0.0
2022-09-30 00:00:00-04:00,3.579013388030685,3.764007185320919,3.529681755799645,3.5346148014068604,706800,0.0,0.0,0.0
2022-10-03 00:00:00-04:00,3.6382116507668205,3.870070459245902,3.574080405890893,3.791139841079712,598800,0.0,0.0,0.0
2022-10-04 00:00:00-04:00,4.013132664833914,4.126595313865987,4.003266102067504,4.114262580871582,687200,0.0,0.0,0.0
2022-10-05 00:00:00-04:00,3.9810664250989998,4.20799217189744,3.8676037869315607,4.151260852813721,1038400,0.0,0.0,0.0
2022-10-06 00:00:00-04:00,4.143860872980002,4.294322645392085,4.07726346347786,4.084662914276123,906000,0.0,0.0,0.0
2022-10-07 00:00:00-04:00,3.845404928148344,3.865137583559491,3.56421423569178,3.5962798595428467,1363200,0.0,0.0,0.0
2022-10-10 00:00:00-04:00,3.5888799313450765,3.5888799313450765,3.2682239496191077,3.359487533569336,981200,0.0,0.0,0.0
2022-10-11 00:00:00-04:00,3.280556809479521,3.3520877369954842,3.1448946406784093,3.2262918949127197,1507200,0.0,0.0,0.0
2022-10-12 00:00:00-04:00,3.2164256102757496,3.2583575581852786,3.144894681823928,3.1818933486938477,1360800,0.0,0.0,0.0
2022-10-13 00:00:00-04:00,2.9426349885488947,3.4630841634639102,2.873570462458034,3.3644208908081055,1722800,0.0,0.0,0.0
2022-10-14 00:00:00-04:00,3.428552009578802,3.445818259267149,3.0585643724919467,3.070897340774536,2570000,0.0,0.0,0.0
2022-10-17 00:00:00-04:00,3.2312254526494897,3.3027563862922373,3.181893579600584,3.2287588119506836,864800,0.0,0.0,0.0
2022-10-18 00:00:00-04:00,3.426085448879937,3.4754170845433907,3.137495086208989,3.25095796585083,738400,0.0,0.0,0.0
2022-10-19 00:00:00-04:00,3.2090257541060234,3.3570206489846557,3.1892931014555392,3.2805566787719727,704400,0.0,0.0,0.0
2022-10-20 00:00:00-04:00,3.302756254811002,3.52968201496766,3.2879566464391354,3.315088987350464,1730800,0.0,0.0,0.0
2022-10-21 00:00:00-04:00,3.290423219668907,3.5617473289222623,3.2682239251815313,3.546947956085205,1706400,0.0,0.0,0.0
2022-10-24 00:00:00-04:00,3.5666809139736007,3.6357452086396767,3.416219356071697,3.5987465381622314,1372000,0.0,0.0,0.0
2022-10-25 00:00:00-04:00,3.640677992135359,3.8256717896800607,3.640677992135359,3.7862064838409424,1110400,0.0,0.0,0.0
2022-10-26 00:00:00-04:00,3.65301095124613,3.902135752633489,3.608612364655692,3.707275629043579,915600,0.0,0.0,0.0
2022-10-27 00:00:00-04:00,3.8232051230065496,3.909535655360698,3.630811640745956,3.6431446075439453,900800,0.0,0.0,0.0
2022-10-28 00:00:00-04:00,3.6752100113616883,3.968733634735157,3.6702769657554284,3.958867073059082,1064400,0.0,0.0,0.0
2022-10-31 00:00:00-04:00,3.9120017241003815,3.919401644681843,3.764006840947488,3.825671434402466,823200,0.0,0.0,0.0
2022-11-01 00:00:00-04:00,3.9564011718967893,3.988466558595408,3.815805716473937,3.8503377437591553,525200,0.0,0.0,0.0
2022-11-02 00:00:00-04:00,3.9317351870087784,4.084663382125798,3.6308120781810014,3.6406784057617188,2169200,0.0,0.0,0.0
2022-11-03 00:00:00-04:00,3.519815363933991,3.687542910402136,3.440884518599561,3.5617470741271973,1089200,0.0,0.0,0.0
2022-11-04 00:00:00-04:00,3.786206525835177,3.8972027585467437,3.699875991930748,3.8676037788391113,1078000,0.0,0.0,0.0
2022-11-07 00:00:00-05:00,3.9194022708571046,4.037798431526496,3.8281386861910085,4.008199214935303,904400,0.0,0.0,0.0
2022-11-08 00:00:00-05:00,4.158661403299857,4.272124058631862,3.9983330426888277,4.161128044128418,2173200,0.0,0.0,0.0
2022-11-09 00:00:00-05:00,4.003265900693605,4.037798398175365,3.8676039627248375,3.879936695098877,993200,0.0,0.0,0.0
2022-11-10 00:00:00-05:00,4.301723407708297,4.693910372455813,4.25979145328675,4.679110527038574,1543600,0.0,0.0,0.0
2022-11-11 00:00:00-05:00,4.6815759499406475,4.994832206151256,4.607578623960854,4.9430341720581055,930800,0.0,0.0,0.0
2022-11-14 00:00:00-05:00,4.923301506402913,5.054030629581394,4.832038160597811,4.878903388977051,948000,0.0,0.0,0.0
2022-11-15 00:00:00-05:00,5.1946264630844805,5.258757712068687,4.965234045304256,5.108295917510986,1262400,0.0,0.0,0.0
2022-11-16 00:00:00-05:00,4.851770493971522,4.888769157950647,4.654443972440497,4.701308727264404,854800,0.0,0.0,0.0
2022-11-17 00:00:00-05:00,4.513848801466205,4.7802398705615285,4.494116147105943,4.735841751098633,1206000,0.0,0.0,0.0
2022-11-18 00:00:00-05:00,4.876436815316488,4.891236187994594,4.6075791142690985,4.725975036621094,783200,0.0,0.0,0.0
2022-11-21 00:00:00-05:00,4.624845463513375,4.6396448372668075,4.548381483579765,4.59031343460083,510400,0.0,0.0,0.0
2022-11-22 00:00:00-05:00,4.64704400727163,4.893702392071765,4.580446130464345,4.886302471160889,460000,0.0,0.0,0.0
2022-11-23 00:00:00-05:00,4.891235834778104,5.088562357781661,4.87890310351421,5.017031669616699,760400,0.0,0.0,0.0
2022-11-25 00:00:00-05:00,4.9849666331531814,4.994833196153305,4.881370544433594,4.881370544433594,179600,0.0,0.0,0.0
2022-11-28 00:00:00-05:00,4.762973790400047,4.846837687877846,4.585379903633665,4.63717794418335,419200,0.0,0.0,0.0
2022-11-29 00:00:00-05:00,4.676643654589869,4.721042247716065,4.550848268017145,4.600179672241211,436800,0.0,0.0,0.0
2022-11-30 00:00:00-05:00,4.617445572807685,5.169960391484053,4.54098159235405,5.162560939788818,1041200,0.0,0.0,0.0
2022-12-01 00:00:00-05:00,5.229158963592053,5.229158963592053,4.962767874984224,5.108295917510986,566000,0.0,0.0,0.0
2022-12-02 00:00:00-05:00,4.861636509666184,5.026897645317673,4.81230511527775,5.009631633758545,676400,0.0,0.0,0.0
2022-12-05 00:00:00-05:00,4.9381013493417685,5.039231257106107,4.809838866653096,4.878903388977051,377600,0.0,0.0,0.0
2022-12-06 00:00:00-05:00,4.881370031538316,4.881370031538316,4.5483810926898505,4.627311706542969,286800,0.0,0.0,0.0
2022-12-07 00:00:00-05:00,4.540981208614522,4.676643143483867,4.533581287081012,4.6297783851623535,378800,0.0,0.0,0.0
2022-12-08 00:00:00-05:00,4.696375886638909,4.920834979849669,4.647044021344079,4.918368339538574,333200,0.0,0.0,0.0
2022-12-09 00:00:00-05:00,4.898635843074011,5.03429777124756,4.8320379639501745,4.8345046043396,383200,0.0,0.0,0.0
2022-12-12 00:00:00-05:00,4.802438708164016,5.051563739776611,4.760506762833905,5.051563739776611,278400,0.0,0.0,0.0
2022-12-13 00:00:00-05:00,5.478282551834485,5.569546362068206,5.110761611499974,5.234090805053711,992000,0.0,0.0,0.0
2022-12-14 00:00:00-05:00,5.211892103271752,5.347554513834415,4.970166969421527,5.083630084991455,622800,0.0,0.0,0.0
2022-12-15 00:00:00-05:00,4.8863036582434365,4.9060363150027735,4.642111854422773,4.679110527038574,862400,0.0,0.0,0.0
2022-12-16 00:00:00-05:00,4.632245123226339,4.6865098042241495,4.484249982684438,4.573047161102295,352400,0.0,0.0,0.0
2022-12-19 00:00:00-05:00,4.59031321870878,4.59031321870878,4.375720192290531,4.449717998504639,744400,0.0,0.0,0.0
2022-12-20 00:00:00-05:00,4.358454742687253,4.484250606113634,4.333788804090456,4.39298677444458,324400,0.0,0.0,0.0
2022-12-21 00:00:00-05:00,4.437383838932592,4.629777529055579,4.437383838932592,4.605111598968506,286000,0.0,0.0,0.0
2022-12-22 00:00:00-05:00,4.4268037338391375,4.4268037338391375,4.003908175552717,4.184442520141602,1092800,0.01225,0.0,0.0
2022-12-23 00:00:00-05:00,4.132507484471611,4.186915428275352,4.031111462275704,4.181969165802002,262400,0.0,0.0,0.0
2022-12-27 00:00:00-05:00,4.115196204428051,4.127561861112973,3.9593927038105936,3.9717578887939453,1074800,0.0,0.0,0.0
2022-12-28 00:00:00-05:00,3.917350697478104,3.994015887656706,3.8332661127525647,3.8555238246917725,548400,0.0,0.0,0.0
2022-12-29 00:00:00-05:00,3.964338745811498,4.115195975357588,3.9519730898149037,4.080573081970215,1263600,0.0,0.0,0.0
2022-12-30 00:00:00-05:00,3.9692849048364636,4.095411777496338,3.9222965869430095,4.095411777496338,485600,0.0,0.0,0.0
2023-01-03 00:00:00-05:00,4.219064791463185,4.2289573154732025,3.9420804871530626,3.981649875640869,379600,0.0,0.0,0.0
2023-01-04 00:00:00-05:00,4.125089440659406,4.2314317479680295,4.036058583991414,4.1918625831604,548400,0.0,0.0,0.0
2023-01-05 00:00:00-05:00,4.097884690739626,4.117669269415133,4.011326982146196,4.018746376037598,233200,0.0,0.0,0.0
2023-01-06 00:00:00-05:00,4.1176693134445985,4.431749916015548,3.998961840122239,4.379815101623535,564000,0.0,0.0,0.0
2023-01-09 00:00:00-05:00,4.543038586040776,4.758195828109344,4.48121171643691,4.545511245727539,1086000,0.0,0.0,0.0
2023-01-10 00:00:00-05:00,4.496049595861763,4.654326215712062,4.449061047455629,4.651853084564209,516800,0.0,0.0,0.0
2023-01-11 00:00:00-05:00,4.649380265532479,4.760668816149058,4.562823028054659,4.750776290893555,450000,0.0,0.0,0.0
2023-01-12 00:00:00-05:00,4.785399374856262,4.921418287172225,4.577661073779912,4.869483947753906,356400,0.0,0.0,0.0
2023-01-13 00:00:00-05:00,4.763141973860652,4.936256921477277,4.748303657596728,4.931311130523682,406400,0.0,0.0,0.0
2023-01-17 00:00:00-05:00,4.91152563937714,5.082167423972543,4.909052508508897,5.000555992126465,434400,0.0,0.0,0.0
2023-01-18 00:00:00-05:00,5.082168463448418,5.14399533269573,4.906580381202809,4.916472434997559,486400,0.0,0.0,0.0
2023-01-19 00:00:00-05:00,4.80023788382802,4.8051841463630955,4.592499574370418,4.617230415344238,524800,0.0,0.0,0.0
2023-01-20 00:00:00-05:00,4.698842003838252,4.9337842927107936,4.617230556323861,4.926364898681641,396800,0.0,0.0,0.0
2023-01-23 00:00:00-05:00,5.0203413552230804,5.472913997702002,4.985718461037208,5.433344841003418,973200,0.0,0.0,0.0
2023-01-24 00:00:00-05:00,5.3294757543819555,5.455602619847484,5.289906597181189,5.386356830596924,427200,0.0,0.0,0.0
2023-01-25 00:00:00-05:00,5.210768218466439,5.406141342472723,5.09206074832927,5.396248817443848,1210800,0.0,0.0,0.0
2023-01-26 00:00:00-05:00,5.512483719928673,5.581729509479032,5.334422040052746,5.566891193389893,955200,0.0,0.0,0.0
2023-01-27 00:00:00-05:00,5.354206497521005,5.628717933313819,5.322056734772138,5.549579620361328,480400,0.0,0.0,0.0
2023-01-30 00:00:00-05:00,5.373990620535179,5.4382906122876955,5.208294614938716,5.21076774597168,466000,0.0,0.0,0.0
2023-01-31 00:00:00-05:00,5.1835648583425,5.4135609037015,5.181092198494899,5.4086151123046875,336000,0.0,0.0,0.0
2023-02-01 00:00:00-05:00,5.455602368119311,6.098601850515327,5.455602368119311,5.982367515563965,914400,0.0,0.0,0.0
2023-02-02 00:00:00-05:00,6.0417220467125725,6.368167857529191,6.0417220467125725,6.2618255615234375,708400,0.0,0.0,0.0
2023-02-03 00:00:00-05:00,6.007099239211264,6.303867948176853,5.935379839731075,6.029356479644775,600000,0.0,0.0,0.0
2023-02-06 00:00:00-05:00,5.86118723237507,6.073871335988353,5.841402653627287,5.895810127258301,290000,0.0,0.0,0.0
2023-02-07 00:00:00-05:00,5.947744695344211,6.3211790461221025,5.905702404946658,6.264298439025879,536000,0.0,0.0,0.0
2023-02-08 00:00:00-05:00,6.224729331636516,6.328598492791539,6.0021526925047795,6.036775588989258,492800,0.0,0.0,0.0
2023-02-09 00:00:00-05:00,6.251932845126345,6.331071157949207,5.930432859656524,5.994732856750488,439200,0.0,0.0,0.0
2023-02-10 00:00:00-05:00,5.853767296533525,5.8636593491408595,5.62624442614657,5.757317543029785,465600,0.0,0.0,0.0
2023-02-13 00:00:00-05:00,5.799360019917516,6.002152057946944,5.744952077820766,5.950217247009277,241200,0.0,0.0,0.0
2023-02-14 00:00:00-05:00,5.861186589481874,6.254405461702131,5.796886597679029,6.222255229949951,500800,0.0,0.0,0.0
2023-02-15 00:00:00-05:00,6.143117178916641,6.306340060390628,6.009570927691633,6.293974876403809,1204000,0.0,0.0,0.0
2023-02-16 00:00:00-05:00,6.061506017920588,6.170321434492299,5.935379154287786,5.952690601348877,910800,0.0,0.0,0.0
2023-02-17 00:00:00-05:00,5.880971619653971,5.885917410403722,5.63366415750757,5.740005970001221,277600,0.0,0.0,0.0
2023-02-21 00:00:00-05:00,5.5842029441844945,5.697964631586424,5.361626303947872,5.3739914894104,788000,0.0,0.0,0.0
2023-02-22 00:00:00-05:00,5.391301692789477,5.502590223060047,5.275067372496921,5.344313621520996,260400,0.0,0.0,0.0
2023-02-23 00:00:00-05:00,5.811725958444716,5.913121990621879,5.653449317329456,5.8686065673828125,723600,0.0,0.0,0.0
2023-02-24 00:00:00-05:00,5.683125242241691,5.73753318460931,5.576782960379386,5.685598373413086,361200,0.0,0.0,0.0
2023-02-27 00:00:00-05:00,5.836456591464704,5.878498881710358,5.752372010973395,5.754845142364502,393600,0.0,0.0,0.0
2023-02-28 00:00:00-05:00,5.75237216650477,5.947744834668843,5.720221929252691,5.767210483551025,391600,0.0,0.0,0.0
2023-03-01 00:00:00-05:00,5.814198491666071,5.873552225977021,5.675706444940521,5.740005970001221,198400,0.0,0.0,0.0
2023-03-02 00:00:00-05:00,5.58914852645961,5.925486341440721,5.534740584965928,5.8859171867370605,420800,0.0,0.0,0.0
2023-03-03 00:00:00-05:00,5.9155950362580265,6.101075649261475,5.853768165256877,6.101075649261475,320800,0.0,0.0,0.0
2023-03-06 00:00:00-05:00,6.120859559376456,6.2593516031889465,5.952690413181947,5.982367515563965,490800,0.0,0.0,0.0
2023-03-07 00:00:00-05:00,5.987313235808598,6.063978886185039,5.8216176944375695,5.843874931335449,384000,0.0,0.0,0.0
2023-03-08 00:00:00-05:00,5.9057012868018095,6.157954981427149,5.9057012868018095,6.150536060333252,333200,0.0,0.0,0.0
2023-03-09 00:00:00-05:00,6.145590200093431,6.328597655692762,5.885917095702665,5.900755882263184,568400,0.0,0.0,0.0
2023-03-10 00:00:00-05:00,5.952691037598038,6.004625854288962,5.643556683990316,5.702910423278809,775200,0.0,0.0,0.0
2023-03-13 00:00:00-04:00,5.589148805388599,5.833983139224138,5.453129416567818,5.693017959594727,1118400,0.0,0.0,0.0
2023-03-14 00:00:00-04:00,5.915594293558904,6.140644038012107,5.883444532223389,6.07139778137207,523600,0.0,0.0,0.0
2023-03-15 00:00:00-04:00,5.9378528181087065,6.0367757185456385,5.749899071427738,6.016991138458252,564800,0.0,0.0,0.0
2023-03-16 00:00:00-04:00,5.952690419061375,6.514078460088246,5.923013788351586,6.501713275909424,559600,0.0,0.0,0.0
2023-03-17 00:00:00-04:00,6.5214983665045825,6.677301869238112,6.390425234073637,6.459671497344971,580800,0.0,0.0,0.0
2023-03-20 00:00:00-04:00,6.442359348482836,6.613001633367058,6.321178745846713,6.568486213684082,407600,0.0,0.0,0.0
2023-03-21 00:00:00-04:00,6.674829241770131,6.776225277110456,6.410210297262377,6.603110313415527,720000,0.0,0.0,0.0
2023-03-22 00:00:00-04:00,6.6377328302147935,7.035898025715585,6.551175117492676,6.551175117492676,969200,0.0,0.0,0.0
2023-03-23 00:00:00-04:00,6.753966556339383,7.050735695078549,6.6698819827533375,6.904824256896973,530800,0.0,0.0,0.0
2023-03-24 00:00:00-04:00,6.8034282989732,6.8034282989732,6.541282522764968,6.6723551750183105,318400,0.0,0.0,0.0
2023-03-27 00:00:00-04:00,6.734182399373925,6.7514938470702655,6.489348056879455,6.543755531311035,330000,0.0,0.0,0.0
2023-03-28 00:00:00-04:00,6.51655245432006,6.51655245432006,6.251933515554049,6.442359924316406,359600,0.0,0.0,0.0
2023-03-29 00:00:00-04:00,6.600636597184683,6.875147571904202,6.600636597184683,6.803428649902344,463200,0.0,0.0,0.0
2023-03-30 00:00:00-04:00,6.966651058389856,7.095251048792096,6.93202816547446,7.026004791259766,981600,0.0,0.0,0.0
2023-03-31 00:00:00-04:00,6.924609389380574,7.1595516823437615,6.894932284448819,7.149659156799316,498400,0.0,0.0,0.0
2023-04-03 00:00:00-04:00,7.060628032301169,7.132347424535247,6.880093693624546,7.0828857421875,494400,0.0,0.0,0.0
2023-04-04 00:00:00-04:00,7.110089825060025,7.110089825060025,6.7663325896798865,6.845470905303955,334800,0.0,0.0,0.0
2023-04-05 00:00:00-04:00,6.67977414962552,6.67977414962552,6.444831888069301,6.58827018737793,541200,0.0,0.0,0.0
2023-04-06 00:00:00-04:00,6.447306175873685,6.615475344208052,6.365694723205724,6.553648471832275,171200,0.0,0.0,0.0
2023-04-10 00:00:00-04:00,6.464616596299441,6.798481748358925,6.447305150260321,6.791062355041504,309600,0.0,0.0,0.0
2023-04-11 00:00:00-04:00,6.865255069954214,6.865255069954214,6.67235508348413,6.687193870544434,307200,0.0,0.0,0.0
2023-04-12 00:00:00-04:00,6.78117028750446,6.796008602405355,6.4126822441718,6.420101165771484,377600,0.0,0.0,0.0
2023-04-13 00:00:00-04:00,6.476982435850239,6.5907436397403325,6.358274497906461,6.501713275909424,363600,0.0,0.0,0.0
2023-04-14 00:00:00-04:00,6.489347331589098,6.637731893647236,6.3384896384648135,6.509131908416748,258400,0.0,0.0,0.0
2023-04-17 00:00:00-04:00,6.407736206453893,6.570959091186523,6.380532235097941,6.570959091186523,557200,0.0,0.0,0.0
2023-04-18 00:00:00-04:00,6.726763567812938,6.825686464342215,6.568486461664516,6.67730188369751,358800,0.0,0.0,0.0
2023-04-19 00:00:00-04:00,6.509132415309731,6.6327861480373524,6.49924036197633,6.615474700927734,234400,0.0,0.0,0.0
2023-04-20 00:00:00-04:00,6.4769823095423025,6.729235552462471,6.472036047286615,6.52149772644043,299200,0.0,0.0,0.0
2023-04-21 00:00:00-04:00,6.447305840492102,6.486874999018127,6.331071496284599,6.459671497344971,170800,0.0,0.0,0.0
2023-04-24 00:00:00-04:00,6.429993725749596,6.511605165708357,6.31623252471076,6.415155410766602,310400,0.0,0.0,0.0
2023-04-25 00:00:00-04:00,6.36074815866926,6.36074815866926,6.01204465273667,6.014517784118652,1632000,0.0,0.0,0.0
2023-04-26 00:00:00-04:00,6.14064410486011,6.207417231093312,6.016990377036345,6.0615057945251465,382400,0.0,0.0,0.0
2023-04-27 00:00:00-04:00,6.07139841149397,6.162902386132874,5.866133223105622,6.157956123352051,310000,0.0,0.0,0.0
2023-04-28 00:00:00-04:00,6.202471527259834,6.383005872929979,6.172794422361245,6.380532741546631,346400,0.0,0.0,0.0
2023-05-01 00:00:00-04:00,6.4225747699239095,6.600636448655814,6.412682716495226,6.568486213684082,495200,0.0,0.0,0.0
2023-05-02 00:00:00-04:00,6.538809624859279,6.583325044836102,6.289029024090542,6.3780598640441895,1155200,0.0,0.0,0.0
2023-05-03 00:00:00-04:00,6.296447530848385,6.429993781967523,6.209890299606203,6.21978235244751,282000,0.0,0.0,0.0
2023-05-04 00:00:00-04:00,6.140644230318459,6.237093989047051,6.059032787155448,6.153009414672852,366000,0.0,0.0,0.0
2023-05-05 00:00:00-04:00,6.232147832829642,6.543754799939757,6.185159285975902,6.509131908416748,245200,0.0,0.0,0.0
2023-05-08 00:00:00-04:00,6.469564252697305,6.610529454195498,6.383006532147052,6.605583190917969,225600,0.0,0.0,0.0
2023-05-09 00:00:00-04:00,6.454725335811318,6.454725335811318,6.3409636494890735,6.370640754699707,317200,0.0,0.0,0.0
2023-05-10 00:00:00-04:00,6.5487013531501805,6.573432193209365,6.353328707255856,6.501713275909424,272800,0.0,0.0,0.0
2023-05-11 00:00:00-04:00,6.511605000494217,6.514078131545555,6.293974656693139,6.40278959274292,186800,0.0,0.0,0.0
2023-05-12 00:00:00-04:00,6.425047943618335,6.494294204882456,6.266771314102131,6.3780598640441895,168000,0.0,0.0,0.0
2023-05-15 00:00:00-04:00,6.407736481799924,6.687194185824499,6.3632210619233325,6.67482852935791,396400,0.0,0.0,0.0
2023-05-16 00:00:00-04:00,6.667407998526314,6.870200484683352,6.655042815869846,6.704504489898682,305600,0.0,0.0,0.0
2023-05-17 00:00:00-04:00,6.825685696472073,7.055681699842236,6.739127994858358,7.018585205078125,460000,0.0,0.0,0.0
2023-05-18 00:00:00-04:00,7.090305152952727,7.557716118276801,7.08041262777897,7.523093223571777,2284400,0.0,0.0,0.0
2023-05-19 00:00:00-04:00,7.488470367347645,7.500835552176819,7.33761265958358,7.406858921051025,415600,0.0,0.0,0.0
2023-05-22 00:00:00-04:00,7.293097113565033,7.478577713009826,7.270839403895534,7.426643371582031,1154400,0.0,0.0,0.0
2023-05-23 00:00:00-04:00,7.322773867817144,7.448900726029064,7.246108217410867,7.258473873138428,299200,0.0,0.0,0.0
2023-05-24 00:00:00-04:00,7.026004760433623,7.092777886507386,6.894931639440853,7.068047046661377,401200,0.0,0.0,0.0
2023-05-25 00:00:00-04:00,8.440603641459193,8.69038375408172,8.096846432472368,8.603826522827148,2417600,0.0,0.0,0.0
2023-05-26 00:00:00-04:00,8.749737919095773,9.59552895240998,8.725006607844941,9.50402545928955,1865200,0.0,0.0,0.0
2023-05-30 00:00:00-04:00,10.05799428681268,10.40422511992767,9.667248977317367,9.701871871948242,1275600,0.0,0.0,0.0
2023-05-31 00:00:00-04:00,9.407577166519175,9.677142368942782,9.095969200134277,9.095969200134277,619200,0.0,0.0,0.0
2023-06-01 00:00:00-04:00,9.254244931472005,9.667248890555527,9.108334432095162,9.531229972839355,758000,0.0,0.0,0.0
2023-06-02 00:00:00-04:00,9.67219472622593,9.768644482833464,9.392737037627453,9.484240531921387,619200,0.0,0.0,0.0
2023-06-05 00:00:00-04:00,9.368008508228186,9.434781647463513,9.123173664365321,9.239408493041992,449600,0.0,0.0,0.0
2023-06-06 00:00:00-04:00,9.120699842114648,9.40263020957786,9.073710818602022,9.311126708984375,644000,0.0,0.0,0.0
2023-06-07 00:00:00-04:00,9.39768441550425,9.644991900122783,9.073711271028825,9.093496322631836,572400,0.0,0.0,0.0
2023-06-08 00:00:00-04:00,9.182525984719645,9.437252359162034,9.125645383795764,9.38779067993164,262000,0.0,0.0,0.0
2023-06-09 00:00:00-04:00,9.563378719310217,9.761225435701013,9.382844392496219,9.42983341217041,505200,0.0,0.0,0.0
2023-06-12 00:00:00-04:00,9.622732353560561,10.025843740761813,9.622732353560561,10.006058692932129,537200,0.0,0.0,0.0
2023-06-13 00:00:00-04:00,10.359710279246169,10.461106309220192,10.057994849048901,10.386914253234863,739600,0.0,0.0,0.0
2023-06-14 00:00:00-04:00,10.307776100943467,10.92109855355007,10.263260677952381,10.908733367919922,734000,0.0,0.0,0.0
2023-06-15 00:00:00-04:00,10.68862999992627,10.948302675265507,10.56002999215566,10.740564346313477,558800,0.0,0.0,0.0
2023-06-16 00:00:00-04:00,11.02496805772346,11.029913377194381,10.59959888458252,10.59959888458252,531200,0.0,0.0,0.0
2023-06-20 00:00:00-04:00,10.597125560536368,10.718306645635408,10.377022045559553,10.666372299194336,292800,0.0,0.0,0.0
2023-06-21 00:00:00-04:00,10.567447992542883,10.572394255110375,10.0307912399123,10.147025108337402,835200,0.0,0.0,0.0
2023-06-22 00:00:00-04:00,9.961543820363689,10.292935842305834,9.961543820363689,10.181647300720215,307200,0.0,0.0,0.0
2023-06-23 00:00:00-04:00,9.892299434042691,9.991222805744394,9.761226768430646,9.815633773803711,497200,0.0,0.0,0.0
2023-06-26 00:00:00-04:00,9.941759140147976,10.179174052870774,9.58316316839206,9.63509750366211,788400,0.0,0.0,0.0
2023-06-27 00:00:00-04:00,9.71918327123325,10.28304493790268,9.637572297635657,10.263259887695312,784000,0.0,0.0,0.0
2023-06-28 00:00:00-04:00,9.87004157126142,10.265733165195465,9.830472411868014,10.057994842529297,452800,0.0,0.0,0.0
2023-06-29 00:00:00-04:00,10.198958558397925,10.198958558397925,9.884878017401215,10.020896911621094,564800,0.0,0.0,0.0
2023-06-30 00:00:00-04:00,10.278098699919536,10.510567379993082,10.22616341470261,10.443794250488281,284800,0.0,0.0,0.0
2023-07-03 00:00:00-04:00,10.53035274857339,10.66389806821686,10.406699010953147,10.542717933654785,196800,0.0,0.0,0.0
2023-07-05 00:00:00-04:00,10.433901995067032,10.589705967938947,10.248421389449133,10.255841255187988,408000,0.0,0.0,0.0
2023-07-06 00:00:00-04:00,9.944231368772995,10.062938819993663,9.793373688033302,10.0431547164917,553600,0.0,0.0,0.0
2023-07-07 00:00:00-04:00,10.087670990892533,10.404224221205792,10.053048099252402,10.09508991241455,414400,0.0,0.0,0.0
2023-07-10 00:00:00-04:00,10.139606089657239,10.347344398498535,10.065414038657442,10.347344398498535,265200,0.0,0.0,0.0
2023-07-11 00:00:00-04:00,10.426482358996944,10.466051514417304,10.129713221642712,10.364655494689941,286800,0.0,0.0,0.0
2023-07-12 00:00:00-04:00,10.63422098111294,10.856798076683523,10.584759299496907,10.834540367126465,496800,0.0,0.0,0.0
2023-07-13 00:00:00-04:00,11.079374772986416,11.43302454031545,11.015075244109843,11.413240432739258,752000,0.0,0.0,0.0
2023-07-14 00:00:00-04:00,11.492376836399107,11.873229570309011,11.042277378994038,11.148619651794434,1405600,0.0,0.0,0.0
2023-07-17 00:00:00-04:00,11.292058593184118,11.75205062002681,11.081847629409083,11.680331230163574,426400,0.0,0.0,0.0
2023-07-18 00:00:00-04:00,11.63828963489409,11.949896625492405,11.413239879627776,11.831189155578613,626000,0.0,0.0,0.0
2023-07-19 00:00:00-04:00,11.890541550170408,11.907852994598619,11.559149560054264,11.663018226623535,361200,0.0,0.0,0.0
2023-07-20 00:00:00-04:00,11.292059621668386,11.39840191469526,10.780133207982354,10.896368026733398,511200,0.0,0.0,0.0
2023-07-21 00:00:00-04:00,11.084320060241348,11.193135000841899,10.849377789255335,10.861742973327637,273200,0.0,0.0,0.0
2023-07-24 00:00:00-04:00,10.95819431473777,11.01754757912051,10.75540226519101,10.911205291748047,176800,0.0,0.0,0.0
2023-07-25 00:00:00-04:00,11.01507438401278,11.47012014357146,11.01507438401278,11.329154968261719,332000,0.0,0.0,0.0
2023-07-26 00:00:00-04:00,11.17582536210382,11.195610414542111,10.76776856129794,11.029913902282715,367200,0.0,0.0,0.0
2023-07-27 00:00:00-04:00,11.527001358502359,11.858393406925622,11.237651127258138,11.346467018127441,982800,0.0,0.0,0.0
2023-07-28 00:00:00-04:00,11.71742775869155,11.8608655954084,11.554204872274116,11.786673545837402,496000,0.0,0.0,0.0
2023-07-31 00:00:00-04:00,11.915274556563551,11.92022081941124,11.737212867659471,11.850974082946777,307200,0.0,0.0,0.0
2023-08-01 00:00:00-04:00,11.719901235877384,11.925166895527996,11.623451470365662,11.880651473999023,280400,0.0,0.0,0.0
2023-08-02 00:00:00-04:00,11.571516559934338,11.578935482024942,10.676262853812249,10.898839950561523,740400,0.0,0.0,0.0
2023-08-03 00:00:00-04:00,10.634220567507464,11.017546934167235,10.609490199362861,10.861742973327637,594000,0.0,0.0,0.0
2023-08-04 00:00:00-04:00,10.901312502272207,11.203026940166392,10.673789164935764,10.876581192016602,472400,0.0,0.0,0.0
2023-08-07 00:00:00-04:00,11.027439812725715,11.14120101928711,10.881528371821979,11.14120101928711,229200,0.0,0.0,0.0
2023-08-08 00:00:00-04:00,10.834540298732962,10.841959220737447,10.510567182426009,10.77023983001709,440000,0.0,0.0,0.0
2023-08-09 00:00:00-04:00,10.686155769208066,10.686155769208066,10.057994556239885,10.139606475830078,1630000,0.0,0.0,0.0
2023-08-10 00:00:00-04:00,10.164338080375632,10.520461491432096,9.892300202177069,10.025846481323242,424400,0.0,0.0,0.0
2023-08-11 00:00:00-04:00,9.788430485572377,9.788430485572377,9.449618559610318,9.526284217834473,596000,0.0,0.0,0.0
2023-08-14 00:00:00-04:00,9.424886906682266,10.327558517456055,9.355641123774424,10.327558517456055,630800,0.0,0.0,0.0
2023-08-15 00:00:00-04:00,10.379494634584837,10.515513552003398,10.114875721827767,10.124767303466797,375600,0.0,0.0,0.0
2023-08-16 00:00:00-04:00,10.189067062498756,10.19648598406159,9.785955657464264,9.788429260253906,262800,0.0,0.0,0.0
2023-08-17 00:00:00-04:00,9.884879001022387,9.924448154976568,9.57327108815556,9.640044212341309,358400,0.0,0.0,0.0
2023-08-18 00:00:00-04:00,9.382844800497406,9.76617212262078,9.261664672011891,9.6993989944458,627600,0.0,0.0,0.0
2023-08-21 00:00:00-04:00,9.944233909676726,10.651533479403318,9.909611012149387,10.634222030639648,607600,0.0,0.0,0.0
2023-08-22 00:00:00-04:00,10.960667678044034,10.977979126550709,10.226164144477591,10.292937278747559,507600,0.0,0.0,0.0
2023-08-23 00:00:00-04:00,10.238528901999585,10.84690500820629,10.132186622044381,10.80733585357666,618800,0.0,0.0,0.0
2023-08-24 00:00:00-04:00,11.447863519425255,11.54431328604984,10.30777588131788,10.322614669799805,867200,0.0,0.0,0.0
2023-08-25 00:00:00-04:00,10.31024710432454,10.597123704510741,9.85025604632144,10.211324691772461,694000,0.0,0.0,0.0
2023-08-28 00:00:00-04:00,10.426482930966372,10.510567508772679,10.065414250022934,10.498202323913574,341200,0.0,0.0,0.0
2023-08-29 00:00:00-04:00,10.404224092925434,11.235177255655422,10.35970867753611,11.163457870483398,547600,0.0,0.0,0.0
2023-08-30 00:00:00-04:00,11.15356680252624,11.442917040334647,10.980452323858048,11.30689811706543,1781200,0.0,0.0,0.0
2023-08-31 00:00:00-04:00,11.299477391247299,11.571516160483712,11.299477391247299,11.4775390625,412800,0.0,0.0,0.0
2023-09-01 00:00:00-04:00,11.571515546253728,11.578934467694424,11.153565361571225,11.311842918395996,276400,0.0,0.0,0.0
2023-09-05 00:00:00-04:00,11.180769045992916,11.445387929190844,11.118942186490541,11.31926155090332,256800,0.0,0.0,0.0
2023-09-06 00:00:00-04:00,11.262382978653726,11.301952138114743,10.747982962257336,10.970560073852539,337600,0.0,0.0,0.0
2023-09-07 00:00:00-04:00,10.431429503526747,10.552609639510848,10.213798658608383,10.522933006286621,428000,0.0,0.0,0.0
2023-09-08 00:00:00-04:00,10.453687867555729,10.624329698512534,10.275626170276823,10.349818229675293,214400,0.0,0.0,0.0
2023-09-11 00:00:00-04:00,10.61691023250087,10.624329155040247,10.040683349062254,10.322614669799805,346800,0.0,0.0,0.0
2023-09-12 00:00:00-04:00,10.203904922377061,10.490781525248558,10.144551662970848,10.159390449523926,251200,0.0,0.0,0.0
2023-09-13 00:00:00-04:00,10.122293828092221,10.508093783013848,10.122293828092221,10.327558517456055,302800,0.0,0.0,0.0
2023-09-14 00:00:00-04:00,10.535299097565344,10.535299097565344,10.312722914137009,10.458634376525879,192400,0.0,0.0,0.0
2023-09-15 00:00:00-04:00,10.35229033729881,10.35229033729881,9.731548089744413,9.803267478942871,380800,0.0,0.0,0.0
2023-09-18 00:00:00-04:00,9.53370342112277,9.912084517189449,9.48671533828715,9.847784042358398,331200,0.0,0.0,0.0
2023-09-19 00:00:00-04:00,9.793375788756713,9.805741917426364,9.53617672764305,9.674668312072754,350800,0.0,0.0,0.0
2023-09-20 00:00:00-04:00,9.734022823648163,9.793376092127152,9.259191958800274,9.264138221740723,358800,0.0,0.0,0.0
2023-09-21 00:00:00-04:00,8.967367482068836,9.118225173478608,8.836294838963374,8.843713760375977,513600,0.0,0.0,0.0
2023-09-22 00:00:00-04:00,9.026722846277726,9.199838267626696,8.967368637122624,9.036615371704102,225200,0.0,0.0,0.0
2023-09-25 00:00:00-04:00,8.962422527418083,9.224567824276434,8.878337955515596,9.19736385345459,251600,0.0,0.0,0.0
2023-09-26 00:00:00-04:00,9.029194613193061,9.212202541873943,8.888229441715826,8.952529907226562,331200,0.0,0.0,0.0
2023-09-27 00:00:00-04:00,9.100913592029597,9.222094652576597,8.861026017041231,9.128117561340332,256800,0.0,0.0,0.0
2023-09-28 00:00:00-04:00,9.086075774335502,9.5831633143843,9.021775311533297,9.424886703491211,937600,0.0,0.0,0.0
2023-09-29 00:00:00-04:00,9.687032311366032,9.776063143829841,9.464456173609557,9.523809432983398,190400,0.0,0.0,0.0
2023-10-02 00:00:00-04:00,9.578217695828707,9.909609725925009,9.563378908784486,9.771117210388184,370000,0.0,0.0,0.0
2023-10-03 00:00:00-04:00,9.64499053148515,9.830471118629095,9.207256232617073,9.333383560180664,324800,0.0,0.0,0.0
2023-10-04 00:00:00-04:00,9.43230691807269,9.578218365633676,9.269084022784398,9.555960655212402,197600,0.0,0.0,0.0
2023-10-05 00:00:00-04:00,9.543595369921155,9.677141631045862,9.37789887332499,9.607894897460938,488400,0.0,0.0,0.0
2023-10-06 00:00:00-04:00,9.439725549733389,10.048102634713327,9.335856866567983,10.008533477783203,696000,0.0,0.0,0.0
2023-10-09 00:00:00-04:00,9.74638744136991,10.006060098491396,9.59552973238799,9.936814308166504,311600,0.0,0.0,0.0
2023-10-10 00:00:00-04:00,9.973909199883314,10.342396745792975,9.892297294371318,10.151969909667969,460400,0.0,0.0,0.0
2023-10-11 00:00:00-04:00,10.238531019342899,10.414119120361066,10.144553903886774,10.396807670593262,333600,0.0,0.0,0.0
2023-10-12 00:00:00-04:00,10.404225970657174,10.797444915294795,10.305302597848979,10.52787971496582,1020000,0.0,0.0,0.0
2023-10-13 00:00:00-04:00,10.567448405224468,10.57239466798512,9.90713789282944,9.939287185668945,392800,0.0,0.0,0.0
2023-10-16 00:00:00-04:00,9.89971912283206,10.263261457055355,9.89971912283206,10.206380844116211,312800,0.0,0.0,0.0
2023-10-17 00:00:00-04:00,9.647464863484542,9.959072832216213,9.269084701999297,9.7760648727417,589200,0.0,0.0,0.0
2023-10-18 00:00:00-04:00,9.395211507084369,9.536176694113632,9.209730898529743,9.313599586486816,389200,0.0,0.0,0.0
2023-10-19 00:00:00-04:00,9.486715390801018,9.49660791673797,9.026723312167949,9.073711395263672,240000,0.0,0.0,0.0
2023-10-20 00:00:00-04:00,9.01435731657877,9.189945390870054,8.752211063220535,8.757157325744629,962400,0.0,0.0,0.0
2023-10-23 00:00:00-04:00,8.653288888982166,9.155322756912712,8.549419259829177,8.940165519714355,1782000,0.0,0.0,0.0
2023-10-24 00:00:00-04:00,9.0217770994594,9.224569165280663,8.927799989341214,9.212203979492188,290400,0.0,0.0,0.0
2023-10-25 00:00:00-04:00,9.014358648234927,9.024251174744496,8.376304839416454,8.452970504760742,674400,0.0,0.0,0.0
2023-10-26 00:00:00-04:00,8.452969932640762,8.655761995345165,8.03996594115035,8.13888931274414,667200,0.0,0.0,0.0
2023-10-27 00:00:00-04:00,8.398562288763701,8.472754348450374,8.203189141646321,8.312005043029785,302400,0.0,0.0,0.0
2023-10-30 00:00:00-04:00,8.344154771718603,8.499957804521417,8.116631400055551,8.316950798034668,826400,0.0,0.0,0.0
2023-10-31 00:00:00-04:00,8.227919415497755,8.386196041032525,7.945989058338558,8.363938331604004,415200,0.0,0.0,0.0
2023-11-01 00:00:00-04:00,8.381250431708406,8.861027551578108,8.381250431708406,8.848661422729492,459200,0.0,0.0,0.0
2023-11-02 00:00:00-04:00,9.17758063033599,9.402630396864113,9.046507969301867,9.281449317932129,807200,0.0,0.0,0.0
2023-11-03 00:00:00-04:00,9.449617773995753,9.892298351648776,9.41004861832528,9.761225700378418,804400,0.0,0.0,0.0
2023-11-06 00:00:00-05:00,9.832944179247367,9.961544171456222,9.617786953534036,9.867568016052246,555600,0.0,0.0,0.0
2023-11-07 00:00:00-05:00,9.862620869778945,10.077778076210224,9.776062700628588,10.006058692932129,337200,0.0,0.0,0.0
2023-11-08 00:00:00-05:00,10.06046787191412,10.17917534332453,9.97391063549084,10.147025108337402,464800,0.0,0.0,0.0
2023-11-09 00:00:00-05:00,10.33992477393932,10.639166560570189,10.112401430474037,10.159390449523926,1220000,0.0,0.0,0.0
2023-11-10 00:00:00-05:00,10.404225721092526,10.91862573791119,10.320141139243445,10.896368026733398,1193600,0.0,0.0,0.0
2023-11-13 00:00:00-05:00,10.792497924649659,10.913679000999128,10.654006344139566,10.785079002380371,474400,0.0,0.0,0.0
2023-11-14 00:00:00-05:00,11.282166982576197,11.492378906788192,11.193136138759648,11.425605773925781,738000,0.0,0.0,0.0
2023-11-15 00:00:00-05:00,11.569043463887429,11.569043463887429,11.19808224865304,11.413240432739258,631200,0.0,0.0,0.0
2023-11-16 00:00:00-05:00,11.30937082661244,11.541839515708746,11.250017560351031,11.519582748413086,461600,0.0,0.0,0.0
2023-11-17 00:00:00-05:00,11.442915916847573,11.648180611430792,11.371196529353352,11.591300010681152,347600,0.0,0.0,0.0
2023-11-20 00:00:00-05:00,11.623450593154047,12.073550093842233,11.573988912587666,12.019142150878906,674000,0.0,0.0,0.0
2023-11-21 00:00:00-05:00,11.789147396915535,11.818824974466018,11.487432905711142,11.640763282775879,582800,0.0,0.0,0.0
2023-11-22 00:00:00-05:00,11.707537082955636,11.937533133333982,11.29947933076096,11.46764850616455,785600,0.0,0.0,0.0
2023-11-24 00:00:00-05:00,11.430550086688198,11.504742129410449,11.30936902696622,11.31926155090332,261200,0.0,0.0,0.0
2023-11-27 00:00:00-05:00,11.279692111011759,11.536892066401727,11.23764935705235,11.326680183410645,386000,0.0,0.0,0.0
2023-11-28 00:00:00-05:00,11.200555925132452,11.29947835046804,11.024967841854176,11.180770874023438,534400,0.0,0.0,0.0
2023-11-29 00:00:00-05:00,11.43549634865675,11.648179952886396,11.306896367683446,11.31926155090332,403200,0.0,0.0,0.0
2023-11-30 00:00:00-05:00,11.348940841493231,11.348940841493231,10.81970295095122,10.987872123718262,466000,0.0,0.0,0.0
2023-12-01 00:00:00-05:00,10.879056999616608,11.133783414755422,10.703467963125536,11.049698829650879,481200,0.0,0.0,0.0
2023-12-04 00:00:00-05:00,10.772713885309063,10.787551729941084,10.421536782368648,10.700994491577148,781200,0.0,0.0,0.0
2023-12-05 00:00:00-05:00,10.508093720510043,10.767766348272914,10.485836012793053,10.750454902648926,631200,0.0,0.0,0.0
2023-12-06 00:00:00-05:00,11.029912020683717,11.067008515975587,10.433901097000819,10.468524932861328,424800,0.0,0.0,0.0
2023-12-07 00:00:00-05:00,10.619382988733678,11.029913373099918,10.57734116942419,11.002710342407227,342800,0.0,0.0,0.0
2023-12-08 00:00:00-05:00,10.997762715752277,11.329154739874205,10.992816453493376,11.25248908996582,702000,0.0,0.0,0.0
2023-12-11 00:00:00-05:00,11.430550767931202,11.870757731934804,11.34893885569068,11.771834373474121,814400,0.0,0.0,0.0
2023-12-12 00:00:00-05:00,11.616031770999015,12.125484538018705,11.601192983680765,12.115592956542969,802000,0.0,0.0,0.0
2023-12-13 00:00:00-05:00,12.140323571120371,12.575584297166946,12.105700676746602,12.446985244750977,916000,0.0,0.0,0.0
2023-12-14 00:00:00-05:00,12.629991660507425,13.000952843275577,12.610207554662722,12.906975746154785,1214400,0.0,0.0,0.0
2023-12-15 00:00:00-05:00,12.911922823022357,13.366968606994222,12.911922823022357,13.149337768554688,698400,0.0,0.0,0.0
2023-12-18 00:00:00-05:00,13.216111147184796,13.413957882248782,13.055361854199244,13.332345962524414,546000,0.0,0.0,0.0
2023-12-19 00:00:00-05:00,13.240840160675686,13.35954761505127,13.15675559590094,13.35954761505127,533200,0.0,0.0,0.0
2023-12-20 00:00:00-05:00,13.240039542673408,13.339012373656198,12.574450133132503,12.589296340942383,828000,0.00675,0.0,0.0
2023-12-21 00:00:00-05:00,12.99508392423723,13.185606020260192,12.898585928146037,13.146017074584961,596400,0.0,0.0,0.0
2023-12-22 00:00:00-05:00,13.296950449862903,13.341487188610365,13.000032880338578,13.175708770751953,438000,0.0,0.0,0.0
2023-12-26 00:00:00-05:00,13.294474625098138,13.663147427526864,13.294474625098138,13.566649436950684,754400,0.0,0.0,0.0
2023-12-27 00:00:00-05:00,13.697788700904876,13.732428911102081,13.517164073537355,13.601290702819824,375600,0.0,0.0,0.0
2023-12-28 00:00:00-05:00,13.69778767515585,13.734901778784332,13.581494740595229,13.603763580322266,436400,0.0,0.0,0.0
2023-12-29 00:00:00-05:00,13.643353056311973,13.72995452257464,13.274681182289887,13.465202331542969,470800,0.0,0.0,0.0
2024-01-02 00:00:00-05:00,13.128696027553723,13.128696027553723,12.39629916931615,12.59919261932373,1599200,0.0,0.0,0.0
2024-01-03 00:00:00-05:00,12.250314942798598,12.371556612910057,12.074639065425242,12.124125480651855,869600,0.0,0.0,0.0
2024-01-04 00:00:00-05:00,12.01030846883906,12.3195974120382,11.91875826206215,12.079588890075684,897200,0.0,0.0,0.0
2024-01-05 00:00:00-05:00,12.198354501935496,12.532387093259578,12.13649671952824,12.324544906616211,760000,0.0,0.0,0.0
2024-01-08 00:00:00-05:00,12.571976008700387,13.38354981006547,12.520014754247251,13.37860107421875,846400,0.0,0.0,0.0
2024-01-09 00:00:00-05:00,13.237567140373558,13.86356767693441,13.076736507847068,13.579022407531738,598400,0.0,0.0,0.0
2024-01-10 00:00:00-05:00,13.717583600914493,13.769544863489452,13.386025798358794,13.72005844116211,907200,0.0,0.0,0.0
2024-01-11 00:00:00-05:00,13.841299867029282,14.02687325199743,13.321694766668484,13.88583755493164,1052000,0.0,0.0,0.0
2024-01-12 00:00:00-05:00,13.898206091094337,14.009550288145425,13.65572369744689,13.806656837463379,452000,0.0,0.0,0.0
2024-01-16 00:00:00-05:00,13.927899868930849,14.54895164944087,13.89820745089555,14.373275756835938,1873200,0.0,0.0,0.0
2024-01-17 00:00:00-05:00,14.212445670640804,14.212445670640804,13.640880287880494,14.118422508239746,834000,0.0,0.0,0.0
2024-01-18 00:00:00-05:00,14.81865087773598,15.004224233414172,14.447504166379593,14.870611190795898,1214800,0.0,0.0,0.0
2024-01-19 00:00:00-05:00,15.33330866670243,16.20921516418457,15.113095094234449,16.20921516418457,1736400,0.0,0.0,0.0
2024-01-22 00:00:00-05:00,16.5259277213171,16.652118143918255,15.99395033951808,16.285919189453125,1960000,0.0,0.0,0.0
2024-01-23 00:00:00-05:00,16.241379382189454,16.429427571412017,15.865284891494058,16.412107467651367,1315600,0.0,0.0,0.0
2024-01-24 00:00:00-05:00,16.731296454983664,17.565138292713574,16.51108286391404,17.005945205688477,1386800,0.0,0.0,0.0
2024-01-25 00:00:00-05:00,17.56761374696222,17.619574068134494,16.746142306417088,16.981201171875,1093600,0.0,0.0,0.0
2024-01-26 00:00:00-05:00,16.330456094597952,16.597682192842253,16.048384731256704,16.162202835083008,1146800,0.0,0.0,0.0
2024-01-29 00:00:00-05:00,16.26612249766049,16.63232141282806,16.159727032718205,16.629846572875977,546800,0.0,0.0,0.0
2024-01-30 00:00:00-05:00,16.610053369837505,16.78820411006591,16.194368938554554,16.365097045898438,986800,0.0,0.0,0.0
2024-01-31 00:00:00-05:00,15.761363303759977,16.30818682305333,15.471868388384099,15.828169822692871,1128000,0.0,0.0,0.0
2024-02-01 00:00:00-05:00,15.974153081099038,16.300762095806462,15.711876688489202,16.226533889770508,748400,0.0,0.0,0.0
2024-02-02 00:00:00-05:00,16.431904059610357,17.216260375057598,16.34777648451275,17.0826473236084,1026400,0.0,0.0,0.0
2024-02-05 00:00:00-05:00,17.617095953847123,18.032780333725526,17.189041149940934,17.92885971069336,1992000,0.0,0.0,0.0
2024-02-06 00:00:00-05:00,18.052577394620652,18.09958991958905,16.805524108734854,17.41667938232422,1579600,0.0,0.0,0.0
2024-02-07 00:00:00-05:00,17.63689191360732,18.168869258941264,17.320180346454976,18.158971786499023,1011200,0.0,0.0,0.0
2024-02-08 00:00:00-05:00,18.20350948054932,18.6587837744417,18.087216538964043,18.275264739990234,888800,0.0,0.0,0.0
2024-02-09 00:00:00-05:00,18.557336090860705,19.277361637306026,18.40392809958631,19.247669219970703,1132000,0.0,0.0,0.0
2024-02-12 00:00:00-05:00,19.354063012032288,20.118624286606334,18.92353338059981,19.237770080566406,1451200,0.0,0.0,0.0
2024-02-13 00:00:00-05:00,18.14907577604818,19.210555712175125,17.95855460749975,18.797346115112305,1753600,0.0,0.0,0.0
2024-02-14 00:00:00-05:00,19.292205295505426,19.646031883015613,18.908686293132604,19.58664894104004,1477200,0.0,0.0,0.0
2024-02-15 00:00:00-05:00,19.764798640425575,19.819233792871188,19.227873523575234,19.356538772583008,878800,0.0,0.0,0.0
2024-02-16 00:00:00-05:00,19.888515867942527,20.08151375754741,19.136324918539945,19.213029861450195,1564400,0.0,0.0,0.0
2024-02-20 00:00:00-05:00,18.89631613847345,18.926006666009137,17.45873998487941,18.171342849731445,2216800,0.0,0.0,0.0
2024-02-21 00:00:00-05:00,17.61709504143569,17.822463324708025,17.16924531698005,17.69379997253418,1296000,0.0,0.0,0.0
2024-02-22 00:00:00-05:00,20.10872816661652,21.083607474388746,19.82665681453772,20.9747371673584,2977200,0.0,0.0,0.0
2024-02-23 00:00:00-05:00,21.531460596304477,22.04117011416719,20.46255796709981,20.804014205932617,1740800,0.0,0.0,0.0
2024-02-26 00:00:00-05:00,21.271653039281837,21.533929414397928,20.848546063523965,21.12071990966797,1196000,0.0,0.0,0.0
2024-02-27 00:00:00-05:00,21.284027832781323,21.303822778901896,20.58627202790579,21.021751403808594,643600,0.0,0.0,0.0
2024-02-28 00:00:00-05:00,20.53678382741408,20.85844505209997,20.28193006508974,20.512041091918945,979600,0.0,0.0,0.0
2024-02-29 00:00:00-05:00,21.128143726267623,21.64280092209319,20.858444704688168,21.462175369262695,1258000,0.0,0.0,0.0
2024-03-01 00:00:00-05:00,21.944670464521426,23.40203986449929,21.900132779643073,23.310489654541016,2189600,0.0,0.0,0.0
2024-03-04 00:00:00-05:00,23.921640456063482,25.094463421533966,23.741014910126758,24.270517349243164,2450000,0.0,0.0,0.0
2024-03-05 00:00:00-05:00,23.9018486159825,24.19876712743406,23.213990323798665,23.792980194091797,2307200,0.0,0.0,0.0
2024-03-06 00:00:00-05:00,24.898995439804114,25.534893406894167,24.37196778058545,24.97570037841797,2439200,0.0,0.0,0.0
2024-03-07 00:00:00-05:00,25.68830037869954,26.856175638781004,25.606647651030766,26.769575119018555,2389200,0.0,0.0,0.0
2024-03-08 00:00:00-05:00,27.43764133106756,28.073539340226738,24.008245283738308,24.287843704223633,7164000,0.0,0.0,0.0
2024-03-11 00:00:00-04:00,23.54802350574208,24.320009419664974,22.66716916295504,23.458948135375977,1776800,0.0,0.0,0.0
2024-03-12 00:00:00-04:00,24.26309752535371,25.27014221209943,23.372345779041133,25.245399475097656,1673200,0.0,0.0,0.0
2024-03-13 00:00:00-04:00,24.842088218679713,24.842088218679713,23.61977771484695,24.317533493041992,1915600,0.0,0.0,0.0
2024-03-14 00:00:00-04:00,23.934016196820885,24.230932824533433,22.75129370290786,23.196670532226562,1676800,0.0,0.0,0.0
2024-03-15 00:00:00-04:00,22.610259128088725,23.67173905012038,22.489018386076943,23.072956085205078,949600,0.0,0.0,0.0
2024-03-18 00:00:00-04:00,24.050307751980537,24.468467012202137,22.820576485013618,23.176876068115234,1563600,0.0,0.0,0.0
2024-03-19 00:00:00-04:00,22.343033382652422,23.47379365163761,21.724455513672563,23.137287139892578,2427600,0.0,0.0,0.0
2024-03-20 00:00:00-04:00,23.31543577031845,23.83998854785517,22.81562384001498,23.807823181152344,1642800,0.0,0.0,0.0
2024-03-21 00:00:00-04:00,25.20333573612394,25.636340225363405,24.621872942409468,24.814868927001953,2215600,0.0,0.0,0.0
2024-03-22 00:00:00-04:00,24.594656081535383,25.88377211474146,24.594656081535383,25.52499771118164,1477600,0.0,0.0,0.0
2024-03-25 00:00:00-04:00,24.955904182289956,26.165842269549874,24.955904182289956,25.611597061157227,1656000,0.0,0.0,0.0
2024-03-26 00:00:00-04:00,26.042129003663874,26.227702369485705,24.775280813396865,24.8198184967041,1136400,0.0,0.0,0.0
2024-03-27 00:00:00-04:00,25.23303036158524,25.23303036158524,23.716276152592982,24.493209838867188,1095600,0.0,0.0,0.0
2024-03-28 00:00:00-04:00,24.376914932906576,24.84208668141774,24.183918946928443,24.5352725982666,577200,0.0,0.0,0.0
2024-04-01 00:00:00-04:00,24.540222017530393,25.62149684399099,24.51795223196032,24.85693359375,1256800,0.0,0.0,0.0
2024-04-02 00:00:00-04:00,23.96122975427069,24.357121072985795,23.491112116858503,24.295263290405273,1109200,0.0,0.0,0.0
2024-04-03 00:00:00-04:00,23.706377680193196,24.760434898993854,23.706377680193196,24.263097763061523,867200,0.0,0.0,0.0
2024-04-04 00:00:00-04:00,24.97075368505095,25.07714916562821,22.647375106811523,22.647375106811523,1793200,0.0,0.0,0.0
2024-04-05 00:00:00-04:00,23.008619464367875,23.75091282901798,22.612730047437747,23.431726455688477,1815600,0.0,0.0,0.0
2024-04-08 00:00:00-04:00,23.701429489411538,23.701429489411538,23.03831394856568,23.26842498779297,834800,0.0,0.0,0.0
2024-04-09 00:00:00-04:00,23.560395082812764,23.62967550476581,22.041167929128445,23.023469924926758,1147600,0.0,0.0,0.0
2024-04-10 00:00:00-04:00,22.15498770313974,23.31049084082986,22.15498770313974,22.991304397583008,1009200,0.0,0.0,0.0
2024-04-11 00:00:00-04:00,23.20656846564866,24.530324779422752,23.04821267602428,24.498159408569336,1120400,0.0,0.0,0.0
2024-04-12 00:00:00-04:00,23.698953090211944,23.901846539254542,22.872534030471268,23.058107376098633,1173600,0.0,0.0,0.0
2024-04-15 00:00:00-04:00,23.637099385594382,24.02804108754439,22.046116885804164,22.159934997558594,1452000,0.0,0.0,0.0
2024-04-16 00:00:00-04:00,22.36282583803727,22.988828210310462,22.169829850148613,22.733972549438477,986400,0.0,0.0,0.0
2024-04-17 00:00:00-04:00,22.964081342993417,23.087796901376528,21.086080072857584,21.10587501525879,1184800,0.0,0.0,0.0
2024-04-18 00:00:00-04:00,21.2221705019453,21.526511669958158,20.34131614573736,20.84855079650879,1260000,0.0,0.0,0.0
2024-04-19 00:00:00-04:00,20.3858515233314,20.72730581777479,17.889272220758432,18.141651153564453,2484400,0.0,0.0,0.0
2024-04-22 00:00:00-04:00,18.678575780005172,19.32437119086594,18.149073304182515,19.09673500061035,1626800,0.0,0.0,0.0
2024-04-23 00:00:00-04:00,19.492624997231445,20.237393260642804,19.34664153007678,20.08646011352539,1450000,0.0,0.0,0.0
2024-04-24 00:00:00-04:00,20.979690131835536,21.06629066791751,19.507473467441542,19.720264434814453,1132400,0.0,0.0,0.0
2024-04-25 00:00:00-04:00,19.56932956026059,21.046493889159755,19.24272050420374,20.799062728881836,1180800,0.0,0.0,0.0
2024-04-26 00:00:00-04:00,21.006906647907748,22.61768408837444,20.865870956938313,22.43458366394043,1244000,0.0,0.0,0.0
2024-04-29 00:00:00-04:00,22.357877716273066,22.59046358940277,21.655172304748113,22.553348541259766,1097200,0.0,0.0,0.0
2024-04-30 00:00:00-04:00,22.343029543795076,22.870057118024974,21.674964427430226,21.694759368896484,912800,0.0,0.0,0.0
2024-05-01 00:00:00-04:00,20.954943897001233,21.425061553840607,19.584175151841148,20.049345016479492,1436400,0.0,0.0,0.0
2024-05-02 00:00:00-04:00,20.692661275750723,21.182575662160698,20.0493408224518,21.04648780822754,906400,0.0,0.0,0.0
2024-05-03 00:00:00-04:00,21.910025610415232,22.35540047708303,21.69723470416578,22.261377334594727,1048000,0.0,0.0,0.0
2024-05-06 00:00:00-04:00,22.647372479724385,23.64946937561035,22.48159406504937,23.64946937561035,1456800,0.0,0.0,0.0
2024-05-07 00:00:00-04:00,23.43173022789271,23.535652750363635,22.810679372000745,23.045738220214844,1290000,0.0,0.0,0.0
2024-05-08 00:00:00-04:00,22.60036253479737,23.258530363983304,22.516236841728517,23.07543182373047,650400,0.0,0.0,0.0
2024-05-09 00:00:00-04:00,23.070479336448848,23.1570798592931,22.357878321366385,22.528606414794922,892400,0.0,0.0,0.0
2024-05-10 00:00:00-04:00,23.08037684438915,23.629674286920896,22.81067780315049,22.993776321411133,992800,0.0,0.0,0.0
2024-05-13 00:00:00-04:00,23.312963345160423,23.4787417632413,22.810678410758726,23.201618194580078,926400,0.0,0.0,0.0
2024-05-14 00:00:00-04:00,23.011096031114246,24.000820591592277,22.825522676024615,23.943910598754883,2387600,0.0,0.0,0.0
2024-05-15 00:00:00-04:00,24.508056171663338,25.537368774414062,24.213612498974495,25.537368774414062,1618800,0.0,0.0,0.0
2024-05-16 00:00:00-04:00,25.48788153691361,25.97532117092558,25.30230818717807,25.33694839477539,1242000,0.0,0.0,0.0
2024-05-17 00:00:00-04:00,25.56211124109112,25.653661445245124,24.282892661728912,24.65403938293457,1436800,0.0,0.0,0.0
2024-05-20 00:00:00-04:00,25.057351040633236,25.980270035356284,25.01776303935212,25.799644470214844,923600,0.0,0.0,0.0
2024-05-21 00:00:00-04:00,25.168696702872612,25.849132360582892,25.0499289210987,25.816965103149414,661600,0.0,0.0,0.0
2024-05-22 00:00:00-04:00,25.990168051375793,26.20790678235196,25.25282239862153,25.933258056640625,1354800,0.0,0.0,0.0
2024-05-23 00:00:00-04:00,27.88548769126934,28.73417654558187,27.234744496733676,27.84095001220703,3468400,0.0,0.0,0.0
2024-05-24 00:00:00-04:00,28.229420382736382,29.070686711571426,27.83600574104953,29.05584144592285,1393200,0.0,0.0,0.0
2024-05-28 00:00:00-04:00,30.421657489723334,31.829541261050466,30.06288309675497,31.399011611938477,2652800,0.0,0.0,0.0
2024-05-29 00:00:00-04:00,30.57259217798205,31.384166044970588,30.003501667715625,31.022916793823242,1856400,0.0,0.0,0.0
2024-05-30 00:00:00-04:00,30.84228997525435,31.295089385103672,29.243885141205322,29.6298770904541,2151200,0.0,0.0,0.0
2024-05-31 00:00:00-04:00,30.260829348232036,30.315262613630047,27.66280236353958,29.03851890563965,2482400,0.0,0.0,0.0
2024-06-03 00:00:00-04:00,30.602283978698622,30.68393670931398,29.288425207568896,30.38701820373535,2111200,0.0,0.0,0.0
2024-06-04 00:00:00-04:00,30.634449005126953,30.73589667919593,29.788234954806825,30.634449005126953,1302400,0.0,0.0,0.0
2024-06-05 00:00:00-04:00,31.631596378900607,33.56898267943952,31.314884818262023,33.546714782714844,1954400,0.0,0.0,0.0
2024-06-06 00:00:00-04:00,33.87085209446093,34.397881685138806,31.950787609350375,32.87865447998047,2551200,0.0,0.0,0.0
2024-06-07 00:00:00-04:00,32.490183366015174,33.22752712824076,31.908722434835482,32.78215408325195,1442400,0.0,0.0,0.0
2024-06-10 00:00:00-04:00,32.316977541718295,33.912907451728366,31.69839976454391,33.37103271484375,1624000,0.0,0.0,0.0
2024-06-11 00:00:00-04:00,33.35867017797033,33.59372902046304,32.297188407193005,33.28196334838867,940000,0.0,0.0,0.0
2024-06-12 00:00:00-04:00,34.486955498370136,35.77854642600129,34.365712873569585,35.385128021240234,1885200,0.0,0.0,0.0
2024-06-13 00:00:00-04:00,37.362106044512494,37.84212311035642,36.59259496767505,37.567474365234375,1858800,0.0,0.0,0.0
2024-06-14 00:00:00-04:00,37.45365236743277,38.611632125062556,37.01570194561423,38.46564865112305,2041200,0.0,0.0,0.0
2024-06-17 00:00:00-04:00,39.18319535775941,39.50980249826887,37.77778452373505,39.0570068359375,2213600,0.0,0.0,0.0
2024-06-18 00:00:00-04:00,39.09411555295149,40.99933435328032,39.00751315386872,40.72468566894531,2142000,0.0,0.0,0.0
2024-06-20 00:00:00-04:00,42.006386268014545,42.095461630649744,37.46849622912643,38.13408660888672,3933600,0.0,0.0,0.0
2024-06-21 00:00:00-04:00,36.817759616887386,37.906455277331595,35.30347825765122,36.27093505859375,2807600,0.0,0.0,0.0
2024-06-24 00:00:00-04:00,34.90758911834738,35.46925891854239,32.663386645530736,32.76730728149414,3970000,0.0,0.0,0.0
2024-06-25 00:00:00-04:00,33.72486520247678,35.283682142598515,32.930609580317274,35.19460678100586,2470400,0.0,0.0,0.0
2024-06-26 00:00:00-04:00,35.155018714104514,35.976488179804846,33.84363284650782,35.236671447753906,2310000,0.0,0.0,0.0
2024-06-27 00:00:00-04:00,34.536438596124285,35.25893706395378,33.7842458244802,34.19993209838867,1603600,0.0,0.0,0.0
2024-06-28 00:00:00-04:00,34.712116692454,36.35258653476368,34.11581045047642,34.42262268066406,1863600,0.0,0.0,0.0
2024-07-01 00:00:00-04:00,34.48942222961602,34.94469456533833,32.64111153814104,34.786338806152344,1678400,0.0,0.0,0.0
2024-07-02 00:00:00-04:00,33.69516770218073,34.7888165618042,33.67042685577926,34.78386688232422,1718800,0.0,0.0,0.0
2024-07-03 00:00:00-04:00,34.58097352794547,37.102297358268984,34.53148805681879,37.003326416015625,1499200,0.0,0.0,0.0
2024-07-05 00:00:00-04:00,37.09735145489123,37.63675333892981,36.124948822791616,36.305572509765625,1996000,0.0,0.0,0.0
2024-07-08 00:00:00-04:00,37.03054274361031,38.31471087499593,36.92909507714455,37.63922119140625,1418800,0.0,0.0,0.0
2024-07-09 00:00:00-04:00,38.532448595436406,39.633516362483604,37.609531543001275,38.73534393310547,2556000,0.0,0.0,0.0
2024-07-10 00:00:00-04:00,39.78692416700041,40.5762300303089,39.126283541019426,40.34116744995117,1817600,0.0,0.0,0.0
2024-07-11 00:00:00-04:00,41.03893371309561,41.03893371309561,36.5356872064702,36.97116470336914,4273600,0.0,0.0,0.0
2024-07-12 00:00:00-04:00,37.30520058486187,39.11887161256009,36.85487401875525,37.691192626953125,2056000,0.0,0.0,0.0
2024-07-15 00:00:00-04:00,38.307292615326524,38.72050218449336,37.00085266440715,37.61943054199219,1729200,0.0,0.0,0.0
2024-07-16 00:00:00-04:00,37.73572387671599,37.881711126721214,35.961642958447044,37.060237884521484,1675200,0.0,0.0,0.0
2024-07-17 00:00:00-04:00,34.26921412496811,34.422620229136584,31.8691327355757,31.8790283203125,4108800,0.0,0.0,0.0
2024-07-18 00:00:00-04:00,33.675377921997175,33.675377921997175,31.186219498704446,33.086490631103516,3676000,0.0,0.0,0.0
2024-07-19 00:00:00-04:00,32.85390594588323,33.09886412977644,31.045184945261244,31.245603561401367,2288000,0.0,0.0,0.0
2024-07-22 00:00:00-04:00,32.44316979147398,33.84610389887714,32.16604812349297,33.799095153808594,4114800,0.0,0.0,0.0
2024-07-23 00:00:00-04:00,33.10628478258066,34.00198423346035,33.049376681825684,33.2745361328125,1704000,0.0,0.0,0.0
2024-07-24 00:00:00-04:00,31.883977100846597,32.123985610564134,28.939546134262518,29.191926956176758,4335200,0.0,0.0,0.0
2024-07-25 00:00:00-04:00,28.70201384152677,29.963912348388746,26.061923883473895,28.08591079711914,5134800,0.0,0.0,0.0
2024-07-26 00:00:00-04:00,29.6001882388754,29.6001882388754,28.135396261965344,28.746551513671875,1615200,0.0,0.0,0.0
2024-07-29 00:00:00-04:00,29.095431104419145,30.186603497625473,28.09581081375062,28.214576721191406,1444800,0.0,0.0,0.0
2024-07-30 00:00:00-04:00,28.454581463762917,28.590669347602578,24.829714838872725,25.25529670715332,4211200,0.0,0.0,0.0
2024-07-31 00:00:00-04:00,28.942021878626516,30.483516883914007,28.00425759485739,30.203920364379883,3676000,0.0,0.0,0.0
2024-08-01 00:00:00-04:00,29.706582441443103,30.688884381753326,25.032608298527304,26.111408233642578,9537600,0.0,0.0,0.0
2024-08-02 00:00:00-04:00,23.53812514360408,24.928688917132344,22.4890175728327,24.233407974243164,5771600,0.0,0.0,0.0
2024-08-05 00:00:00-04:00,18.977966681932667,23.510904852138925,18.804765648167837,22.318286895751953,5334000,0.0,0.0,0.0
2024-08-06 00:00:00-04:00,23.063054295004367,24.540218372321206,22.093124764967886,23.171924591064453,3454400,0.0,0.0,0.0
2024-08-07 00:00:00-04:00,24.74311279118197,25.084567068110395,21.15783627630962,21.261756896972656,4709200,0.0,0.0,0.0
2024-08-08 00:00:00-04:00,22.57561758737338,24.055256694324193,21.172683420558307,23.983501434326172,4720800,0.0,0.0,0.0
2024-08-09 00:00:00-04:00,23.780610183697352,24.329907689696817,23.228837837398327,23.931543350219727,2418800,0.0,0.0,0.0
2024-08-12 00:00:00-04:00,24.216087735888028,25.663559610093884,24.146805427017153,25.015289306640625,1950000,0.0,0.0,0.0
2024-08-13 00:00:00-04:00,26.38853353038108,27.749404907226562,25.834288261835805,27.749404907226562,3389200,0.0,0.0,0.0
2024-08-14 00:00:00-04:00,28.45458240707358,28.62283566551236,26.848754763279132,28.174985885620117,2548000,0.0,0.0,0.0
2024-08-15 00:00:00-04:00,28.959341358799943,30.847240310440526,28.585719802293156,30.619604110717773,3744000,0.0,0.0,0.0
2024-08-16 00:00:00-04:00,30.17670201601352,31.21838690297246,29.827825085524807,31.052608489990234,1848400,0.0,0.0,0.0
2024-08-19 00:00:00-04:00,30.874453912538296,32.947927843235014,30.362271585225898,32.933082580566406,2723600,0.0,0.0,0.0
2024-08-20 00:00:00-04:00,32.42337722472484,32.97020174414026,31.272823852296238,31.83449363708496,2176400,0.0,0.0,0.0
2024-08-21 00:00:00-04:00,31.958212859170803,32.85886222432534,31.700882311697924,32.537200927734375,1657600,0.0,0.0,0.0
2024-08-22 00:00:00-04:00,33.24732457034592,33.54424498997345,30.048041405908954,30.278152465820312,3745600,0.0,0.0,0.0
2024-08-23 00:00:00-04:00,31.280245715185583,32.68565661876846,30.97590645602317,32.37141799926758,2789200,0.0,0.0,0.0
2024-08-26 00:00:00-04:00,32.190793365873326,32.87617491684653,30.206394532542028,30.815074920654297,2374400,0.0,0.0,0.0
2024-08-27 00:00:00-04:00,30.30536724311497,31.861709360032414,29.666994440738694,31.559843063354492,1929200,0.0,0.0,0.0
2024-08-28 00:00:00-04:00,31.356949843712933,31.61675141337313,29.261207743038206,30.265777587890625,2163200,0.0,0.0,0.0
2024-08-29 00:00:00-04:00,29.41708894920493,30.495888902369597,27.8384789091428,28.1156005859375,2562000,0.0,0.0,0.0
2024-08-30 00:00:00-04:00,29.191927449590676,29.9070033108512,28.316020965803602,29.28842544555664,1614000,0.0,0.0,0.0
2024-09-03 00:00:00-04:00,28.01415335851061,28.01415335851061,24.055255205326276,24.43382453918457,3905200,0.0,0.0,0.0
2024-09-04 00:00:00-04:00,23.510904279038794,25.309729585254004,23.258525366312057,24.176494598388672,2426800,0.0,0.0,0.0
2024-09-05 00:00:00-04:00,23.389666505555955,25.109314145270215,23.389666505555955,24.16907501220703,1289200,0.0,0.0,0.0
2024-09-06 00:00:00-04:00,23.79792349143797,23.879576208245574,21.467122961153684,21.979305267333984,2594400,0.0,0.0,0.0
2024-09-09 00:00:00-04:00,22.689433481606642,23.15213036645979,22.120343024895217,23.14223289489746,1936400,0.0,0.0,0.0
2024-09-10 00:00:00-04:00,23.50595810735663,23.948860070856796,22.67458933275014,23.874629974365234,2374400,0.0,0.0,0.0
2024-09-11 00:00:00-04:00,24.250726649887323,27.135772771354674,23.416883025405657,26.9774169921875,4130000,0.0,0.0,0.0
2024-09-12 00:00:00-04:00,27.07639002335476,28.23436784679415,26.316776490714492,27.670225143432617,3174800,0.0,0.0,0.0
2024-09-13 00:00:00-04:00,27.823630185781646,28.269006980842295,27.407945806308287,28.06363868713379,1322000,0.0,0.0,0.0
2024-09-16 00:00:00-04:00,27.108554519774206,27.620736893208885,26.289558067812163,27.16051483154297,1469200,0.0,0.0,0.0
2024-09-17 00:00:00-04:00,27.821158506001392,28.009204816738457,26.50482489209283,26.883394241333008,1514000,0.0,0.0,0.0
2024-09-18 00:00:00-04:00,27.15804271471996,27.954771295180148,26.09161320745036,26.153470993041992,2480800,0.0,0.0,0.0
2024-09-19 00:00:00-04:00,28.00920578186411,28.961817231704583,27.860747467522053,28.244266510009766,2763600,0.0,0.0,0.0
2024-09-20 00:00:00-04:00,27.868167486739235,28.217046286089353,26.977415796467238,27.650428771972656,1567600,0.0,0.0,0.0
2024-09-23 00:00:00-04:00,27.78156910239253,27.984462569023922,27.247118802284177,27.83600425720215,922800,0.0,0.0,0.0
2024-09-24 00:00:00-04:00,28.024050618939764,29.523482679062933,27.52423867373222,29.23646354675293,1823600,0.0,0.0,0.0
2024-09-25 00:00:00-04:00,29.39976900922051,30.567644332973398,29.39976900922051,30.09257698059082,1956400,0.0,0.0,0.0
2024-09-26 00:00:00-04:00,31.94088552212514,32.190793394270514,30.01339856861085,31.04766082763672,2351600,0.0,0.0,0.0
2024-09-27 00:00:00-04:00,31.210962485760604,31.210962485760604,29.219141140633102,29.837718963623047,1010800,0.0,0.0,0.0
2024-09-30 00:00:00-04:00,28.771293558864922,29.73380057261033,28.702013139533612,29.669469833374023,960000,0.0,0.0,0.0
2024-10-01 00:00:00-04:00,29.694212621873497,29.90205388022632,27.229798612512276,27.645483016967773,2154400,0.0,0.0,0.0
2024-10-02 00:00:00-04:00,27.645481225166314,28.986557508332066,27.229796847652793,28.575820922851562,977600,0.0,0.0,0.0
2024-10-03 00:00:00-04:00,28.810882683154908,30.42660773302459,28.810882683154908,29.662044525146484,1484000,0.0,0.0,0.0
2024-10-04 00:00:00-04:00,30.820022699179177,30.820022699179177,29.53832929747392,30.698781967163086,1369200,0.0,0.0,0.0
2024-10-07 00:00:00-04:00,30.426608774088294,32.22790724147591,30.426608774088294,31.292617797851562,1715200,0.0,0.0,0.0
2024-10-08 00:00:00-04:00,31.856752113125054,33.267108538955895,31.631588920225216,33.00730514526367,1976000,0.0,0.0,0.0
2024-10-09 00:00:00-04:00,33.373521431313435,33.48486471610375,32.29966715498997,33.38836669921875,1522400,0.0,0.0,0.0
2024-10-10 00:00:00-04:00,32.82668781393548,34.02178063399313,32.56193846607975,33.80156707763672,1188800,0.0,0.0,0.0
2024-10-11 00:00:00-04:00,33.25722028725381,33.997036976280356,33.15577261418008,33.76197814941406,909600,0.0,0.0,0.0
2024-10-14 00:00:00-04:00,34.46715751967757,35.600392559828435,34.42014500041267,35.12284851074219,1378000,0.0,0.0,0.0
2024-10-15 00:00:00-04:00,34.863050555699,35.19213446686862,31.084777397336136,31.72315216064453,2387200,0.0,0.0,0.0
2024-10-16 00:00:00-04:00,32.75493166723623,33.12112865420762,31.648914299536287,32.78462219238281,1529600,0.0,0.0,0.0
2024-10-17 00:00:00-04:00,34.5438565159643,34.887785598862195,33.343814153605244,33.37350845336914,2790000,0.0,0.0,0.0
2024-10-18 00:00:00-04:00,34.18013822611609,34.18013822611609,33.34629647545921,33.611045837402344,1009600,0.0,0.0,0.0
2024-10-21 00:00:00-04:00,33.48732921329673,35.07336370937864,33.48732921329673,35.0560417175293,1698800,0.0,0.0,0.0
2024-10-22 00:00:00-04:00,34.734387135218725,35.15996902861461,34.256843037472244,34.90016555786133,1561600,0.0,0.0,0.0
2024-10-23 00:00:00-04:00,34.36323854716323,34.439941597857846,32.47533770697141,33.30423355102539,1804800,0.0,0.0,0.0
2024-10-24 00:00:00-04:00,33.83373519623815,33.98219161385663,33.05680157331954,33.687747955322266,1115600,0.0,0.0,0.0
2024-10-25 00:00:00-04:00,34.16034352505935,35.42718978858708,34.143025308042205,34.22467803955078,4774400,0.0,0.0,0.0
2024-10-28 00:00:00-04:00,34.67995480301797,34.67995480301797,33.898071374679056,33.9723014831543,1106000,0.0,0.0,0.0
2024-10-29 00:00:00-04:00,33.94260730784824,35.45936164260212,33.52197505883579,35.08821487426758,1375200,0.0,0.0,0.0
2024-10-30 00:00:00-04:00,33.898066939617095,34.14549808516174,32.92813730214202,33.648162841796875,1520400,0.0,0.0,0.0
2024-10-31 00:00:00-04:00,32.88854685374709,32.88854685374709,30.354852495003577,30.634449005126953,2693600,0.0,0.0,0.0
2024-11-01 00:00:00-04:00,31.285197866299896,32.277395502860955,31.161482280796022,31.56974220275879,1640000,0.0,0.0,0.0
2024-11-04 00:00:00-05:00,31.935940151921166,32.799472443941696,31.42375586224162,31.609329223632812,1360000,0.0,0.0,0.0
2024-11-05 00:00:00-05:00,31.943363185988353,33.093916530880755,31.943363185988353,33.06917190551758,1076800,0.0,0.0,0.0
2024-11-06 00:00:00-05:00,34.64035563562765,35.78596289087992,34.073740051093075,35.558326721191406,1980000,0.0,0.0,0.0
2024-11-07 00:00:00-05:00,36.184332792376885,37.08498202878056,36.12494795710311,37.08003234863281,1183800,0.0,2.0,0.0
2024-11-08 00:00:00-05:00,36.78805610004541,37.2878680058724,35.96163708803882,36.525779724121094,1192600,0.0,0.0,0.0
2024-11-11 00:00:00-05:00,36.54558493480627,36.57032956327982,34.4176790285885,35.10553741455078,1740200,0.0,0.0,0.0
2024-11-12 00:00:00-05:00,35.39749716637887,36.025974356409755,34.590873034633915,35.47667694091797,1500600,0.0,0.0,0.0
2024-11-13 00:00:00-05:00,35.407398547144346,35.541009704931824,34.17518872016136,34.383033752441406,1474600,0.0,0.0,0.0
2024-11-14 00:00:00-05:00,34.887791044562725,35.15996681113859,33.98714183812024,34.32859802246094,1487600,0.0,0.0,0.0
2024-11-15 00:00:00-05:00,33.24979661409769,33.32402293304761,31.40395871438786,31.973051071166992,2037000,0.0,0.0,0.0
2024-11-18 00:00:00-05:00,31.468296211297574,32.20564192698893,30.631979538010064,31.849340438842773,1424600,0.0,0.0,0.0
2024-11-19 00:00:00-05:00,31.982947233631414,33.60114897499597,31.898821553633738,33.5863037109375,1625000,0.0,0.0,0.0
2024-11-20 00:00:00-05:00,33.58134707325025,33.58134707325025,31.869124422443488,33.00730514526367,2076400,0.0,0.0,0.0
2024-11-21 00:00:00-05:00,34.219721318388444,35.27377642775266,31.41880138828434,33.571449279785156,2232000,0.0,0.0,0.0
2024-11-22 00:00:00-05:00,33.20031055770696,33.690226962849465,32.007694354152555,32.314510345458984,1209200,0.0,0.0,0.0
2024-11-25 00:00:00-05:00,32.66091078513292,32.66091078513292,30.953635525632826,31.05755615234375,1782400,0.0,0.0,0.0
2024-11-26 00:00:00-05:00,31.67613581745797,32.02748758561073,30.473620317780384,30.983327865600586,941600,0.0,0.0,0.0
2024-11-27 00:00:00-05:00,30.325163384901884,30.33506085816458,28.83067890173472,30.072784423828125,1732400,0.0,0.0,0.0
2024-11-29 00:00:00-05:00,30.56269663265266,31.666241288417257,30.47362315009204,31.176326751708984,713600,0.0,0.0,0.0
2024-12-02 00:00:00-05:00,31.42870228523053,32.3788388357852,31.369319340742667,31.938411712646484,1527400,0.0,0.0,0.0
2024-12-03 00:00:00-05:00,31.611804629264427,32.48771113723194,31.532626735830917,32.324405670166016,1167400,0.0,0.0,0.0
2024-12-04 00:00:00-05:00,33.3388729236124,34.016831826029104,32.49760478834777,33.88322067260742,1337000,0.0,0.0,0.0
2024-12-05 00:00:00-05:00,33.848580561895915,34.08611234099719,33.11618272941796,33.33392333984375,1359400,0.0,0.0,0.0
2024-12-06 00:00:00-05:00,33.2695900620102,33.744657359430114,32.61142237657978,33.12607955932617,847800,0.0,0.0,0.0
2024-12-09 00:00:00-05:00,32.12645428790672,32.57678071854684,31.51282619469845,32.012638092041016,1376200,0.0,0.0,0.0
2024-12-10 00:00:00-05:00,32.091817499481884,32.61142439391162,29.904527169129114,30.236083984375,1429200,0.0,0.0,0.0
2024-12-11 00:00:00-05:00,31.41385493131038,32.6312174827028,30.68145903884847,32.26007080078125,1106000,0.0,0.0,0.0
2024-12-12 00:00:00-05:00,31.453449802299453,31.750368327548944,30.89425485100037,31.507883071899414,1122400,0.0,0.0,0.0
2024-12-13 00:00:00-05:00,33.65063568535327,34.07621755635506,31.90872208756659,32.913291931152344,2421200,0.0,0.0,0.0
2024-12-16 00:00:00-05:00,33.23989482660378,34.03167363339702,32.37883561018483,33.78919219970703,1714800,0.0,0.0,0.0
2024-12-17 00:00:00-05:00,32.36894120985019,32.95287503360784,31.458392717136295,32.5668830871582,1930400,0.0,0.0,0.0
2024-12-18 00:00:00-05:00,33.61104591297739,34.29395829116929,30.34000775377804,30.651769638061523,2281800,0.0,0.0,0.0
2024-12-19 00:00:00-05:00,31.51777797482881,31.809746795920635,30.389492579033178,30.52310562133789,2054400,0.0,0.0,0.0
2024-12-20 00:00:00-05:00,30.29546569859295,32.690597030055486,29.939164296276413,31.928508758544922,2081000,0.0,0.0,0.0
2024-12-23 00:00:00-05:00,32.748846543001925,34.35879587414882,32.62004953828777,34.29439926147461,2280600,0.033,0.0,0.0
2024-12-24 00:00:00-05:00,34.750136220028836,35.29008661770713,34.37860946880835,34.987911224365234,1141000,0.0,0.0,0.0
2024-12-26 00:00:00-05:00,34.64116324447998,35.50805921778592,34.26468164927878,35.14148712158203,1164000,0.0,0.0,0.0
2024-12-27 00:00:00-05:00,34.621341403414256,34.646111366802984,32.93213496667197,34.051666259765625,1593600,0.0,0.0,0.0
2024-12-30 00:00:00-05:00,32.75875161755679,34.502452667662716,32.372364390364474,33.402732849121094,1796800,0.0,0.0,0.0
2024-12-31 00:00:00-05:00,33.61078284994704,33.635552809449806,32.10981552059042,32.268333435058594,1517800,0.0,0.0,0.0
2025-01-02 00:00:00-05:00,33.12532671033125,34.05166433047927,32.426854599493424,33.46712875366211,1414600,0.0,0.0,0.0
2025-01-03 00:00:00-05:00,34.07643688756408,35.78050760318442,34.0566216723399,35.617034912109375,2023000,0.0,0.0,0.0
2025-01-06 00:00:00-05:00,37.15267446132263,38.81215983138861,37.15267446132263,37.672813415527344,2316400,0.0,0.0,0.0
2025-01-07 00:00:00-05:00,39.129198855135165,39.18368975110982,34.33402646492646,34.512359619140625,3680600,0.0,0.0,0.0
2025-01-08 00:00:00-05:00,35.10680467997546,35.408980092030326,33.368058318365044,34.29935073852539,1371200,0.0,0.0,0.0
2025-01-10 00:00:00-05:00,33.160001019216274,33.273933769163314,31.743245421735832,32.39217758178711,1321000,0.0,0.0,0.0
2025-01-13 00:00:00-05:00,30.400792468167467,31.857176526548812,30.29676544035793,31.79277992248535,1262400,0.0,0.0,0.0
2025-01-14 00:00:00-05:00,32.70921602071668,32.942040066486605,30.78223082143236,31.53023910522461,1026000,0.0,0.0,0.0
2025-01-15 00:00:00-05:00,32.456576084386334,33.31852088856248,31.792783420743877,33.22439956665039,1195800,0.0,0.0,0.0
2025-01-16 00:00:00-05:00,34.47272257766702,34.51730774735212,32.53583199556237,32.54078674316406,1104600,0.0,0.0,0.0
2025-01-17 00:00:00-05:00,34.150741757367626,34.73527735743412,33.63555751837972,34.542083740234375,1017600,0.0,0.0,0.0
2025-01-21 00:00:00-05:00,35.2950466771747,36.28578482951645,34.47273219663532,35.74583435058594,1267400,0.0,0.0,0.0
2025-01-22 00:00:00-05:00,37.182404939838335,38.37129158377671,36.979305565897775,37.72731399536133,1752000,0.0,0.0,0.0
2025-01-23 00:00:00-05:00,36.71179506942903,37.766929626464844,36.23128655859014,37.766929626464844,994200,0.0,0.0,0.0
2025-01-24 00:00:00-05:00,38.23753297976955,38.29202387020973,35.79040899610599,36.07276916503906,1077600,0.0,0.0,0.0
2025-01-27 00:00:00-05:00,29.20695473696722,29.96982342307852,25.204374343429095,26.160436630249023,8570000,0.0,0.0,0.0
2025-01-28 00:00:00-05:00,27.126406915227722,28.617468735275022,25.214284070453648,28.483718872070312,3261800,0.0,0.0,0.0
2025-01-29 00:00:00-05:00,28.23603598425663,28.325202564855235,26.239699307963,27.453351974487305,1971000,0.0,0.0,0.0
2025-01-30 00:00:00-05:00,27.973488035883538,28.424273750315322,26.705342715544017,28.36482810974121,1705200,0.0,0.0,0.0
2025-01-31 00:00:00-05:00,28.42922837125796,29.979733966554754,27.136314898702828,27.388954162597656,1798400,0.0,0.0,0.0
2025-02-03 00:00:00-05:00,25.382708516916225,26.84404556239277,25.065670768015718,26.170345306396484,2253000,0.0,0.0,0.0
2025-02-04 00:00:00-05:00,26.165390767188406,27.58214642785871,26.155483160298353,27.02237892150879,970000,0.0,0.0,0.0
2025-02-05 00:00:00-05:00,28.032934387203657,29.157422348324488,27.492982051505685,29.097978591918945,1423200,0.0,0.0,0.0
2025-02-06 00:00:00-05:00,29.603250781696726,29.974777533869883,28.954318597297924,29.959917068481445,1180600,0.0,0.0,0.0
2025-02-07 00:00:00-05:00,30.276957100177913,30.52959638469193,29.038534422278325,29.60820960998535,1300400,0.0,0.0,0.0
2025-02-10 00:00:00-05:00,29.940103213970858,31.639219122215316,29.940103213970858,31.247879028320312,1315600,0.0,0.0,0.0
2025-02-11 00:00:00-05:00,30.67324878777037,31.51042364032376,30.48500992088674,31.04973030090332,644800,0.0,0.0,0.0
2025-02-12 00:00:00-05:00,29.850938192023815,30.80204775290472,29.64783695663157,30.678205490112305,883000,0.0,0.0,0.0
2025-02-13 00:00:00-05:00,30.73764617193322,32.14449421209153,30.702970492995178,31.906719207763672,1102000,0.0,0.0,0.0
2025-02-14 00:00:00-05:00,32.144488636241576,32.79837545376693,31.862128505477557,32.704254150390625,1381600,0.0,0.0,0.0
2025-02-18 00:00:00-05:00,33.41264467982288,34.1309321509679,32.67950051956644,33.140193939208984,1145200,0.0,0.0,0.0
2025-02-19 00:00:00-05:00,33.17981609989328,33.84856347017596,32.441713595067164,33.4175910949707,720200,0.0,0.0,0.0
2025-02-20 00:00:00-05:00,33.714814021194854,33.87828670353053,32.560607086176894,33.61574172973633,689600,0.0,0.0,0.0
2025-02-21 00:00:00-05:00,33.59096920711323,33.93277501151667,31.034867244508394,31.114126205444336,1169600,0.0,0.0,0.0
2025-02-24 00:00:00-05:00,31.763061736661747,32.203939845646254,29.127696910181047,29.162372589111328,1382200,0.0,0.0,0.0
2025-02-25 00:00:00-05:00,29.053394109607844,29.053394109607844,27.106593687671452,27.740665435791016,1602400,0.0,0.0,0.0
2025-02-26 00:00:00-05:00,28.800754921098214,30.11348359823273,28.449043365529437,29.459596633911133,1586400,0.0,0.0,0.0
2025-02-27 00:00:00-05:00,30.544456519235254,30.559316986509515,25.100349655061457,25.12016487121582,3228000,0.0,0.0,0.0
2025-02-28 00:00:00-05:00,24.550489458961266,26.51710319519043,23.99567479265683,26.51710319519043,2180600,0.0,0.0,0.0
2025-03-03 00:00:00-05:00,26.59636145826423,26.59636145826423,22.39067962290698,23.03961181640625,2791800,0.0,0.0,0.0
2025-03-04 00:00:00-05:00,22.306466451873888,24.778358702661375,21.61790381376932,23.505260467529297,2318600,0.0,0.0,0.0
2025-03-05 00:00:00-05:00,24.04025778519464,24.47123019046455,22.950447459772867,24.193822860717773,1259200,0.0,0.0,0.0
2025-03-06 00:00:00-05:00,22.40059077803844,23.292254759058288,21.46929636290596,21.67239761352539,2364800,0.0,0.0,0.0
2025-03-07 00:00:00-05:00,22.024106604866123,23.128779314231252,21.102719907361546,22.99502944946289,1344600,0.0,0.0,0.0
2025-03-10 00:00:00-04:00,21.82100613705922,22.415449371249952,20.082261613976353,20.716333389282227,2742400,0.0,0.0,0.0
2025-03-11 00:00:00-04:00,20.825313981459292,22.261883000623246,20.017861952573245,21.112627029418945,1933000,0.0,0.0,0.0
2025-03-12 00:00:00-04:00,22.677992387433296,23.51516721318464,22.22225381102185,22.930631637573242,1588400,0.0,0.0,0.0
2025-03-13 00:00:00-04:00,23.183272567753257,23.723224940579936,22.430311339336402,22.821653366088867,1114000,0.0,0.0,0.0
2025-03-14 00:00:00-04:00,23.78761786705101,24.70900444201451,23.777710261013674,24.629745483398438,1115800,0.0,0.0,0.0
2025-03-17 00:00:00-04:00,24.55544367222298,25.05081272252352,23.827250563582645,24.421693801879883,987200,0.0,0.0,0.0
2025-03-18 00:00:00-04:00,23.74798746214616,24.050162832640634,22.876138916662835,23.143638610839844,953600,0.0,0.0,0.0
2025-03-19 00:00:00-04:00,23.49039829104342,24.84771025288705,23.00493687263182,23.896602630615234,1012600,0.0,0.0,0.0
2025-03-20 00:00:00-04:00,23.32197367193231,24.396923506171728,23.32197367193231,23.852018356323242,582000,0.0,0.0,0.0
2025-03-21 00:00:00-04:00,23.15850177425627,23.629102723006604,22.732484113065077,23.505260467529297,836800,0.0,0.0,0.0
2025-03-24 00:00:00-04:00,24.406831630461078,25.125117081167357,24.391971164688485,24.689191818237305,917200,0.0,0.0,0.0
2025-03-25 00:00:00-04:00,24.50590676492728,24.634701882560382,24.045213411225607,24.39692497253418,551800,0.0,0.0,0.0
2025-03-26 00:00:00-04:00,23.86634169570208,23.901052616088418,21.724172849786427,22.135746002197266,1302600,0.025,0.0,0.0
2025-03-27 00:00:00-04:00,21.40681195762423,21.957230659187605,20.965485796292363,21.163835525512695,1094000,0.0,0.0,0.0
2025-03-28 00:00:00-04:00,21.029948829070285,21.426646378686172,20.028286334038214,20.246471405029297,1341600,0.0,0.0,0.0
2025-03-31 00:00:00-04:00,18.94232624911316,20.05803916035094,18.347278984799058,20.013410568237305,1626200,0.0,0.0,0.0
2025-04-01 00:00:00-04:00,19.854732648256384,20.296058810457556,19.110923999619835,20.28118324279785,870600,0.0,0.0,0.0
2025-04-02 00:00:00-04:00,19.467952555464244,21.069622315910575,19.31423329868825,20.543996810913086,1214400,0.0,0.0,0.0
2025-04-03 00:00:00-04:00,18.148930932827813,18.57538154294181,16.909249806497957,16.95387840270996,2408600,0.0,0.0,0.0
2025-04-04 00:00:00-04:00,15.81833073444922,16.105936713410056,13.71583169070076,14.474516868591309,3986800,0.0,0.0,0.0
2025-04-07 00:00:00-04:00,13.0067339371612,16.86462093372063,12.461274061360808,15.446426391601562,4070200,0.0,0.0,0.0
2025-04-08 00:00:00-04:00,17.2414863506681,17.77702764525032,14.300962393950215,14.990224838256836,3456400,0.0,0.0,0.0
2025-04-09 00:00:00-04:00,15.540643226751948,20.742346249705513,15.218326311629989,20.44978141784668,4908800,0.0,0.0,0.0
2025-04-10 00:00:00-04:00,18.491084061317036,18.748937961568014,16.219987338877587,17.71256446838379,2454400,0.0,0.0,0.0
2025-04-11 00:00:00-04:00,17.702646589875812,18.86298818192759,17.459668260549034,18.734060287475586,1329600,0.0,0.0,0.0
2025-04-14 00:00:00-04:00,19.824980370843058,19.854733398890527,18.183641876488306,18.704309463500977,1648800,0.0,0.0,0.0
2025-04-15 00:00:00-04:00,18.828279571831757,19.443160417155433,18.70431144589998,19.006793975830078,898800,0.0,0.0,0.0
2025-04-16 00:00:00-04:00,16.735694621766278,17.568760460933568,15.743949755291238,17.013383865356445,2771200,0.0,0.0,0.0
2025-04-17 00:00:00-04:00,17.112556884485304,17.112556884485304,15.937339744218413,16.254697799682617,1712000,0.0,0.0,0.0
2025-04-21 00:00:00-04:00,15.525766189720597,15.639817572360743,14.543938962864406,15.16873836517334,1945600,0.0,0.0,0.0
2025-04-22 00:00:00-04:00,15.615023439324002,16.016679861631467,15.317499778214097,15.788578987121582,1314800,0.0,0.0,0.0
2025-04-23 00:00:00-04:00,17.46958550749019,17.682810804030694,16.829909617868676,16.958837509155273,2395000,0.0,0.0,0.0
2025-04-24 00:00:00-04:00,17.543967546594175,18.649762866458428,17.355535488781353,18.610092163085938,2125000,0.0,0.0,0.0
2025-04-25 00:00:00-04:00,18.540671667545524,19.934074013039137,18.32248845799349,19.661344528198242,2027800,0.0,0.0,0.0
2025-04-28 00:00:00-04:00,19.319190972081316,19.462994442327908,18.337363708734628,19.195222854614258,1120400,0.0,0.0,0.0
2025-04-29 00:00:00-04:00,18.85307242863021,19.477870938093858,18.79356825906306,19.105966567993164,940600,0.0,0.0,0.0
2025-04-30 00:00:00-04:00,17.801823492276252,19.239852606153757,17.62826698245422,19.14563751220703,1152600,0.0,0.0,0.0
2025-05-01 00:00:00-04:00,20.23655433380367,20.687798164634817,19.681175856162888,19.74563980102539,1672600,0.0,0.0,0.0
2025-05-02 00:00:00-04:00,20.687800063136745,21.193590209759545,20.568789837977057,20.876230239868164,1469000,0.0,0.0,0.0
2025-05-05 00:00:00-04:00,20.325814740316837,20.94565536937305,20.305979386202203,20.618379592895508,896200,0.0,0.0,0.0
2025-05-06 00:00:00-04:00,19.800186832721057,20.7869719366081,19.606796882291096,20.360523223876953,871000,0.0,0.0,0.0
2025-05-07 00:00:00-04:00,20.2663082217282,21.624999682337442,20.013414083072067,21.406814575195312,1369200,0.0,0.0,0.0
2025-05-08 00:00:00-04:00,22.02169430232594,22.274588406583813,21.233257071493963,21.758882522583008,1338400,0.0,0.0,0.0
2025-05-09 00:00:00-04:00,22.00185895135582,22.2250019207617,21.382018420563487,21.758882522583008,978600,0.0,0.0,0.0
2025-05-12 00:00:00-04:00,24.094442474705495,24.43163589278305,23.534106075311428,24.39692497253418,2195600,0.0,0.0,0.0
2025-05-13 00:00:00-04:00,24.94238375123087,27.039923978870743,24.858086343056826,26.603557586669922,2402600,0.0,0.0,0.0
2025-05-14 00:00:00-04:00,27.406870765473926,28.016793657032867,26.940751339590744,27.88290786743164,2302800,0.0,0.0,0.0
2025-05-15 00:00:00-04:00,27.406871284570894,28.24489506690666,26.891163468547347,27.768857955932617,1523000,0.0,0.0,0.0
2025-05-16 00:00:00-04:00,28.096132993103247,28.096132993103247,26.98537787075123,27.64984703063965,1267400,0.0,0.0,0.0
2025-05-19 00:00:00-04:00,26.40025011894814,27.76389935896068,26.40025011894814,27.64984703063965,1298800,0.0,0.0,0.0
2025-05-20 00:00:00-04:00,27.09943109784473,27.43662452697754,26.787030913759228,27.43662452697754,1106200,0.0,0.0,0.0
2025-05-21 00:00:00-04:00,26.866369121842194,28.448201534551615,26.06801418569495,26.439918518066406,1600600,0.0,0.0,0.0
2025-05-22 00:00:00-04:00,26.46471291860331,27.09447117593636,26.26636506763125,26.514301300048828,894000,0.0,0.0,0.0
2025-05-23 00:00:00-04:00,25.30932862953566,26.29115578866379,25.170483066420395,25.884540557861328,1272000,0.0,0.0,0.0
2025-05-27 00:00:00-04:00,26.920915430049032,27.634971068201214,26.598597584911843,27.50108528137207,1470400,0.0,0.0,0.0
2025-05-28 00:00:00-04:00,27.744063383851547,28.190347444689024,27.26802629565027,27.461416244506836,1785200,0.0,0.0,0.0
2025-05-29 00:00:00-04:00,29.697800470891863,29.782099770296192,28.14076129402022,28.492830276489258,2391800,0.0,0.0,0.0
2025-05-30 00:00:00-04:00,28.34902556034862,28.428366964094753,26.301073812032595,27.233312606811523,2099400,0.0,0.0,0.0
2025-06-02 00:00:00-04:00,27.367199654398018,28.522583363263113,27.357281978470898,28.299440383911133,1344800,0.0,0.0,0.0
2025-06-03 00:00:00-04:00,28.626717229492826,29.995326294678435,28.438285162801375,29.87631607055664,1458400,0.0,0.0,0.0
2025-06-04 00:00:00-04:00,30.248219157942255,30.659794195437918,29.50936838227069,30.31268310546875,1196600,0.0,0.0,0.0
2025-06-05 00:00:00-04:00,30.744092494621245,31.294511227423413,29.464740640907735,29.85152244567871,1979200,0.0,0.0,0.0
2025-06-06 00:00:00-04:00,30.248220035030577,30.639959732092,29.81681152483563,29.85152244567871,951000,0.0,0.0,0.0
2025-06-09 00:00:00-04:00,30.282932740028485,31.220131441214484,30.14408904847602,30.362272262573242,1258200,0.0,0.0,0.0
2025-06-10 00:00:00-04:00,30.392023813385435,31.2845938714642,30.188716178536364,31.13087272644043,1108600,0.0,0.0,0.0
2025-06-11 00:00:00-04:00,31.373847534310023,31.696163465094262,30.65483216317115,31.101118087768555,940400,0.0,0.0,0.0
2025-06-12 00:00:00-04:00,30.649876574305793,31.914350933535506,30.644916790546983,31.745752334594727,780000,0.0,0.0,0.0
2025-06-13 00:00:00-04:00,30.520949080691032,31.096161050070826,29.99036570771154,30.268054962158203,1590800,0.0,0.0,0.0
2025-06-16 00:00:00-04:00,30.87301803616042,32.12757662629291,30.87301803616042,31.64657974243164,1078400,0.0,0.0,0.0
2025-06-17 00:00:00-04:00,31.42343802181338,31.96393909197166,31.21021270751953,31.21021270751953,736600,0.0,0.0,0.0
2025-06-18 00:00:00-04:00,31.368888151886274,32.10773888280762,31.056489892278087,31.691205978393555,1098000,0.0,0.0,0.0
2025-06-20 00:00:00-04:00,32.01352425099053,32.15732771587787,30.42177413601947,31.150707244873047,945000,0.0,0.0,0.0
2025-06-23 00:00:00-04:00,30.818469690472114,31.661451237326645,30.347390543251436,31.482938766479492,1015200,0.0,0.0,0.0
2025-06-24 00:00:00-04:00,32.3854316810576,33.55569108070349,32.320969618177934,33.52593994140625,1417800,0.0,0.0,0.0
2025-06-25 00:00:00-04:00,34.08760654901516,35.290463697306905,34.062752592919196,35.26560974121094,1507600,0.08,0.0,0.0
2025-06-26 00:00:00-04:00,35.92668453801204,36.27462095279685,35.265608762883964,35.911773681640625,1714000,0.0,0.0,0.0
2025-06-27 00:00:00-04:00,36.100648488386575,36.9456336185908,35.62348215480133,36.50822830200195,1184200,0.0,0.0,0.0
2025-06-30 00:00:00-04:00,37.01522210766121,37.01522210766121,36.14538676958418,36.78160858154297,927800,0.0,0.0,0.0
2025-07-01 00:00:00-04:00,36.1503557046524,36.37899766477841,34.226775759518446,35.00217056274414,1709000,0.0,0.0,0.0
2025-07-02 00:00:00-04:00,34.793409009500174,36.70704574658656,34.738733349110795,36.503257751464844,924600,0.0,0.0,0.0
2025-07-03 00:00:00-04:00,36.87107755733139,37.89996834969488,36.82634119652543,37.32836151123047,924600,0.0,0.0,0.0
2025-07-07 00:00:00-04:00,36.890957126024944,37.29356538141165,36.45852336833418,36.68219757080078,1091800,0.0,0.0,0.0
2025-07-08 00:00:00-04:00,37.23392401421173,37.69120795815913,36.95557413305071,37.40789031982422,818600,0.0,0.0,0.0
2025-07-09 00:00:00-04:00,37.805524617436895,39.162469298334756,37.805524617436895,38.47654342651367,994800,0.0,0.0,0.0
2025-07-10 00:00:00-04:00,39.19228908017208,39.19726062896282,38.06895796084402,38.93879318237305,890000,0.0,0.0,0.0
2025-07-11 00:00:00-04:00,38.620683690688864,39.77880810832341,38.605772835967684,39.08293914794922,987800,0.0,0.0,0.0
2025-07-14 00:00:00-04:00,38.96862156241626,39.10282305223772,37.59179444355229,38.66044998168945,685000,0.0,0.0,0.0
2025-07-15 00:00:00-04:00,41.10593364740397,41.62783639671291,40.59397399757252,40.78782272338867,1492200,0.0,0.0,0.0
2025-07-16 00:00:00-04:00,40.72320348190144,41.04628592182963,39.54022884408512,41.01646041870117,1196200,0.0,0.0,0.0
2025-07-17 00:00:00-04:00,41.120844035913514,42.15967408497367,40.66355631186438,41.75209426879883,809600,0.0,0.0,0.0
2025-07-18 00:00:00-04:00,42.1099692392187,42.20937746888192,40.97172718632465,41.35942459106445,1112000,0.0,0.0,0.0
2025-07-21 00:00:00-04:00,41.5781312652876,42.23423550414481,41.27493120567665,41.43398666381836,831200,0.0,0.0,0.0
2025-07-22 00:00:00-04:00,41.255039583024114,41.29480438672141,38.4268314390757,39.34637451171875,1239200,0.0,0.0,0.0
2025-07-23 00:00:00-04:00,39.748987363682375,40.3802375793457,39.09785474384796,40.3802375793457,703600,0.0,0.0,0.0
2025-07-24 00:00:00-04:00,41.160601730194514,41.533388256070246,40.39017851869306,41.42900848388672,837400,0.0,0.0,0.0
2025-07-25 00:00:00-04:00,41.16060373668172,41.75209293340279,40.946872633073504,41.419071197509766,940600,0.0,0.0,0.0
2025-07-28 00:00:00-04:00,41.816706269739925,42.93009810152725,41.816706269739925,42.785953521728516,1084000,0.0,0.0,0.0
2025-07-29 00:00:00-04:00,43.49176136554822,44.28206698040118,42.45293140003498,42.82571792602539,1015000,0.0,0.0,0.0
2025-07-30 00:00:00-04:00,43.16371111626306,44.50574500060638,43.02950962391921,44.22242736816406,968600,0.0,0.0,0.0
2025-07-31 00:00:00-04:00,44.803971769626095,45.01770287307049,41.63777002608496,42.62689971923828,1505600,0.0,0.0,0.0
2025-08-01 00:00:00-04:00,40.65859195331247,42.0205045564876,39.396087589833144,40.86735153198242,1840400,0.0,0.0,0.0
2025-08-04 00:00:00-04:00,41.57315819075787,43.36750452669833,41.39422033288927,43.32773971557617,961200,0.0,0.0,0.0
2025-08-05 00:00:00-04:00,43.33768178489241,43.66573198840409,41.58806805889338,42.597076416015625,1002000,0.0,0.0,0.0
2025-08-06 00:00:00-04:00,41.7222685888767,43.20347157341175,41.602974171943764,42.979801177978516,928000,0.0,0.0,0.0
2025-08-07 00:00:00-04:00,44.331779380120174,45.24634726305284,42.96986307001506,43.87946319580078,1072200,0.0,0.0,0.0
2025-08-08 00:00:00-04:00,44.04348622841716,44.933203868963844,43.71543226156702,44.72941207885742,760600,0.0,0.0,0.0
2025-08-11 00:00:00-04:00,44.64989275895933,45.44517004747997,44.11805071674416,44.47095489501953,1248200,0.0,0.0,0.0
2025-08-12 00:00:00-04:00,45.00776572011523,45.96209840767513,43.89934534174629,45.84280776977539,935200,0.0,0.0,0.0
2025-08-13 00:00:00-04:00,46.131092184376605,46.63311247182947,44.644917518791026,45.658897399902344,860400,0.0,0.0,0.0
2025-08-14 00:00:00-04:00,44.73438774973999,46.165886792546495,44.69462293939455,45.89748001098633,782200,0.0,0.0,0.0
2025-08-15 00:00:00-04:00,45.57936434105076,45.57936434105076,43.62596279545255,44.505741119384766,857800,0.0,0.0,0.0
2025-08-18 00:00:00-04:00,44.22740132344255,45.0525003115792,44.22740132344255,44.908355712890625,806600,0.0,0.0,0.0
2025-08-19 00:00:00-04:00,44.8039769220141,44.84374173471172,42.124884289457334,42.33861541748047,1062200,0.0,0.0,0.0
2025-08-20 00:00:00-04:00,42.11494411028302,42.11494411028302,39.12270837992045,41.87138748168945,1332200,0.0,0.0,0.0
2025-08-21 00:00:00-04:00,41.48865707756831,42.254112557969194,40.96675440705565,41.57315444946289,669600,0.0,0.0,0.0
2025-08-22 00:00:00-04:00,41.05125803666197,43.660764202647826,40.61882801329466,43.069278717041016,1201800,0.0,0.0,0.0
2025-08-25 00:00:00-04:00,43.13886487835213,44.38645840130426,42.532464748657915,43.56135559082031,797600,0.0,0.0,0.0
2025-08-26 00:00:00-04:00,43.690581553544455,44.77414787284643,43.51164371790335,44.505741119384766,718200,0.0,0.0,0.0
2025-08-27 00:00:00-04:00,44.44113094341077,44.87853248202141,43.46691204783713,44.59521484375,992200,0.0,0.0,0.0
2025-08-28 00:00:00-04:00,44.5554506071375,45.912395392449724,43.3078571559316,44.724449157714844,1247000,0.0,0.0,0.0
2025-08-29 00:00:00-04:00,43.74525781620279,43.799933477411386,41.314689939495686,41.93600082397461,1273200,0.0,0.0,0.0
2025-09-02 00:00:00-04:00,39.70922190858377,40.82758152777148,39.20720163993778,40.723201751708984,1247000,0.0,0.0,0.0
2025-09-03 00:00:00-04:00,40.97172771362245,41.37930752797654,39.91301526457828,40.75302505493164,761600,0.0,0.0,0.0
2025-09-04 00:00:00-04:00,40.67846724509638,41.45386586168186,40.20130090760274,41.37433624267578,572400,0.0,0.0,0.0
2025-09-05 00:00:00-04:00,43.09412188564658,43.09412188564658,40.52438095042944,41.707359313964844,1053200,0.0,0.0,0.0
2025-09-08 00:00:00-04:00,42.36346209611834,43.660755705938584,42.36346209611834,42.67660140991211,1036600,0.0,0.0,0.0
2025-09-09 00:00:00-04:00,43.079211401416444,43.128915514690846,41.93103007840042,42.9698600769043,637800,0.0,0.0,0.0
2025-09-10 00:00:00-04:00,45.60422329256296,47.48306698059206,45.39049217612583,46.61323165893555,1727000,0.0,0.0,0.0
2025-09-11 00:00:00-04:00,47.736562924797674,47.900589924206976,46.43429382043394,46.51879119873047,757600,0.0,0.0,0.0
2025-09-12 00:00:00-04:00,46.941282404955494,47.07548389100939,46.310028405930275,46.742462158203125,672400,0.0,0.0,0.0
2025-09-15 00:00:00-04:00,46.15594403690981,47.19477403233275,45.62907361183832,47.15998077392578,629400,0.0,0.0,0.0
2025-09-16 00:00:00-04:00,47.07548622740883,47.174898251809324,45.9422156945101,46.24044418334961,545400,0.0,0.0,0.0
2025-09-17 00:00:00-04:00,45.4998449231224,45.639017972163856,43.19353893054102,44.361602783203125,1150200,0.0,0.0,0.0
2025-09-18 00:00:00-04:00,45.907420364299014,47.120220462039576,45.52469072392904,46.62813949584961,1293000,0.0,0.0,0.0
2025-09-19 00:00:00-04:00,46.60825470058469,46.88163300110874,45.89747491140279,46.583404541015625,657000,0.0,0.0,0.0
2025-09-22 00:00:00-04:00,46.250387883536824,49.0885358019695,46.07641778661809,48.67101287841797,1268800,0.0,0.0,0.0
2025-09-23 00:00:00-04:00,48.25846105384652,48.43739890624431,46.65299572373091,47.2395133972168,796800,0.0,0.0,0.0
2025-09-24 00:00:00-04:00,47.47372069447549,47.61295379045508,45.897397181850735,46.84716796875,567800,0.0205,0.0,0.0
2025-09-25 00:00:00-04:00,45.45981083315711,47.61296187329611,44.51003988502344,46.792476654052734,813000,0.0,0.0,0.0
2025-09-26 00:00:00-04:00,47.09580843471586,47.344440093938616,45.638826759917805,46.94165802001953,552200,0.0,0.0,0.0
2025-09-29 00:00:00-04:00,47.83175636914633,49.11469275500193,47.38919235112082,47.573177337646484,936200,0.0,0.0,0.0
2025-09-30 00:00:00-04:00,47.77705464658894,49.37326924641818,47.61295686125065,49.23900604248047,1027000,0.0,0.0,0.0
2025-10-01 00:00:00-04:00,48.71688503882629,50.521949412436285,48.234539041401426,50.34790802001953,779400,0.0,0.0,0.0
2025-10-02 00:00:00-04:00,52.24247864677729,52.36679446597775,51.11866637275395,51.680572509765625,772800,0.0,0.0,0.0
2025-10-03 00:00:00-04:00,51.95406616544549,52.52094596842581,50.1489981351714,51.00429153442383,633600,0.0,0.0,0.0
2025-10-06 00:00:00-04:00,51.929204264491084,52.62537361233663,50.969485986361036,51.3672981262207,724000,0.0,0.0,0.0
2025-10-07 00:00:00-04:00,51.99384493982453,52.64526238631461,49.97993102519047,50.66615295410156,844000,0.0,0.0,0.0
2025-10-08 00:00:00-04:00,50.79046982950444,53.470718537325865,50.79046982950444,53.38618469238281,874600,0.0,0.0,0.0
2025-10-09 00:00:00-04:00,54.19671964046103,55.12162957335516,53.68951280330173,54.22158432006836,1027400,0.0,0.0,0.0
2025-10-10 00:00:00-04:00,54.5646978847953,55.25091980141789,48.23950876177832,48.319068908691406,2351800,0.0,0.0,0.0
2025-10-13 00:00:00-04:00,52.043577030176955,53.14252843056767,51.40210693972107,52.570674896240234,1060000,0.0,0.0,0.0
2025-10-14 00:00:00-04:00,50.63631713197879,51.058990131324336,48.58759119748776,49.030155181884766,1177800,0.0,0.0,0.0
2025-10-15 00:00:00-04:00,51.6905141548659,51.6905141548659,48.81136322942196,50.35287857055664,1007600,0.0,0.0,0.0
2025-10-16 00:00:00-04:00,51.53139057983983,52.41154867990348,50.12413842882598,51.21314239501953,1052000,0.0,0.0,0.0
2025-10-17 00:00:00-04:00,50.148999186730244,51.62587168107984,49.41802158497598,51.29767990112305,737000,0.0,0.0,0.0
2025-10-20 00:00:00-04:00,51.71040609086888,52.719849916215686,51.615928649902344,51.615928649902344,528200,0.0,0.0,0.0
2025-10-21 00:00:00-04:00,51.61094986749716,51.61592356194754,50.02965268201366,50.75068283081055,561000,0.0,0.0,0.0
2025-10-22 00:00:00-04:00,50.606481979105546,51.322542311272784,47.70246626543656,49.681575775146484,925600,0.0,0.0,0.0
2025-10-23 00:00:00-04:00,49.36332098106852,51.40210333380589,49.36332098106852,51.058990478515625,607400,0.0,0.0,0.0
2025-10-24 00:00:00-04:00,52.535868898447916,53.97295954547431,52.41155307227734,53.5303955078125,1129000,0.0,0.0,0.0
2025-10-27 00:00:00-04:00,55.534362780644024,56.389656221839076,54.92770097729323,56.30512237548828,1050200,0.0,0.0,0.0
2025-10-28 00:00:00-04:00,56.73773630762041,60.601473901096035,56.44435280990466,59.79590606689453,1454600,0.0,0.0,0.0
2025-10-29 00:00:00-04:00,62.61042394131462,64.53483048480236,61.28272804664654,63.15243911743164,1652400,0.0,0.0,0.0
2025-10-30 00:00:00-04:00,61.96398091259435,62.297146417358434,60.04454424642875,60.273284912109375,1101200,0.0,0.0,0.0
2025-10-31 00:00:00-04:00,62.06840025893463,62.53085524470384,59.37820798222597,60.1191291809082,1273000,0.0,0.0,0.0
2025-11-03 00:00:00-05:00,62.20763649082308,62.92867053379562,61.088794094247774,61.312564849853516,1067000,0.0,0.0,0.0
2025-11-04 00:00:00-05:00,58.711872469080845,60.099237408222464,56.285229146198716,56.688011169433594,1803400,0.0,0.0,0.0
2025-11-05 00:00:00-05:00,56.77752227719606,59.78099298676912,56.43938309018935,57.2001953125,1213400,0.0,0.0,0.0
2025-11-06 00:00:00-05:00,57.57811538453103,57.90133727382422,53.077881203475826,54.022682189941406,1247800,0.0,0.0,0.0
2025-11-07 00:00:00-05:00,52.27231615448129,53.20716973355823,48.97545825603152,53.187278747558594,1837400,0.0,0.0,0.0
2025-11-10 00:00:00-05:00,56.55375005581722,58.20466386382276,55.67359199490231,57.816795349121094,1400400,0.0,0.0,0.0
2025-11-11 00:00:00-05:00,56.290198943587185,56.54877796070258,54.201694790295484,54.803382873535156,903800,0.0,0.0,0.0
2025-11-12 00:00:00-05:00,56.60348032455866,56.60348032455866,54.693987348084384,55.8824462890625,684400,0.0,0.0,0.0
2025-11-13 00:00:00-05:00,54.42049773452436,54.445358623676064,50.32304533805454,51.81980895996094,1476000,0.0,0.0,0.0
2025-11-14 00:00:00-05:00,49.16442142286362,53.46574572161972,48.30912798184658,52.76460647583008,1344000,0.0,0.0,0.0
2025-11-17 00:00:00-05:00,51.19822757067052,53.261870970339324,50.059494188262256,51.088829040527344,1018400,0.0,0.0,0.0
2025-11-18 00:00:00-05:00,49.84069681319323,50.507027741765185,47.7422453081747,48.83124923706055,1499600,0.0,0.0,0.0
2025-11-19 00:00:00-05:00,49.89539564488064,52.341933863365426,49.32851580974602,51.397132873535156,1194400,0.0,0.0,0.0
2025-11-20 00:00:00-05:00,55.38517380761175,55.82276785131803,47.230060368940116,47.62786865234375,1864200,0.0,2.0,0.0
2025-11-21 00:00:00-05:00,47.73727051116542,49.39812789333403,44.00779625248062,47.1107177734375,1690600,0.0,0.0,0.0
2025-11-24 00:00:00-05:00,47.93617886010607,51.63581492215647,47.73727279801748,51.238006591796875,869700,0.0,0.0,0.0
2025-11-25 00:00:00-05:00,48.86108491127739,50.60150617599884,46.40460339790615,50.323036193847656,1170500,0.0,0.0,0.0
2025-11-26 00:00:00-05:00,51.715380427706634,52.87897466629754,50.88992157292421,52.391658782958984,742000,0.0,0.0,0.0
2025-11-28 00:00:00-05:00,52.282258586747616,52.610454157709356,51.685544195312275,52.32204055786133,332500,0.0,0.0,0.0
2025-12-01 00:00:00-05:00,50.9098107723627,52.96848034824669,50.37276933930159,52.292205810546875,615200,0.0,0.0,0.0
2025-12-02 00:00:00-05:00,53.21710766495856,54.95752891958231,52.15296468706542,53.08782196044922,742000,0.0,0.0,0.0
2025-12-03 00:00:00-05:00,53.03810367073146,53.38618645186166,51.65570855497119,53.02815628051758,614900,0.0,0.0,0.0
2025-12-04 00:00:00-05:00,53.565200681385434,54.51000166426067,52.67012526733148,53.76410675048828,404300,0.0,0.0,0.0
2025-12-05 00:00:00-05:00,54.46027422231486,55.19622556580545,53.68454469865498,54.321041107177734,526500,0.0,0.0,0.0
2025-12-08 00:00:00-05:00,55.33545651895429,57.0162088129732,54.94759177227845,56.16091537475586,742000,0.0,0.0,0.0
2025-12-09 00:00:00-05:00,55.85261310910721,56.439383948607556,54.99731963520996,56.349876403808594,656900,0.0,0.0,0.0
2025-12-10 00:00:00-05:00,56.101239123494835,57.12560019370485,54.96747953242405,56.90680694580078,807500,0.0,0.0,0.0
2025-12-11 00:00:00-05:00,54.85808376117909,55.51447112542593,52.471218549108215,55.41501998901367,896800,0.0,0.0,0.0
2025-12-12 00:00:00-05:00,53.62486894333108,53.92322993886942,49.25889806192284,49.41802215576172,1335500,0.0,0.0,0.0
2025-12-15 00:00:00-05:00,50.482163061939524,50.72085108928645,48.54283943769727,48.83124923706055,739700,0.0,0.0,0.0
2025-12-16 00:00:00-05:00,48.46327883162592,49.30862868423201,47.86656441293035,48.970489501953125,440300,0.0,0.0,0.0
2025-12-17 00:00:00-05:00,48.97049111194414,48.980434708594956,44.97249375255297,45.24101638793945,1077200,0.0,0.0,0.0
2025-12-18 00:00:00-05:00,47.73726881059109,47.85661092034873,46.42449422180521,47.041099548339844,687800,0.0,0.0,0.0
2025-12-19 00:00:00-05:00,48.33398587588549,50.48216294161779,48.18480917873951,50.34292984008789,805000,0.0,0.0,0.0
2025-12-22 00:00:00-05:00,52.312095526137625,52.34193390272666,50.98937717443476,51.62587356567383,664300,0.0,0.0,0.0
2025-12-23 00:00:00-05:00,51.19822499165358,53.72432327270508,51.19822499165358,53.72432327270508,866300,0.0,0.0,0.0
2025-12-24 00:00:00-05:00,53.39663276429443,53.78507995605469,53.087865196721395,53.78507995605469,314200,0.081,0.0,0.0
2025-12-26 00:00:00-05:00,54.29304962999023,55.12970659894922,54.00420671175992,54.412574768066406,510700,0.0,0.0,0.0
2025-12-29 00:00:00-05:00,53.17751043921908,53.78508328424124,52.1715318495782,53.50619888305664,599800,0.0,0.0,0.0
2025-12-30 00:00:00-05:00,53.68548012013964,53.97432303573837,53.18747011457068,53.23727035522461,387300,0.0,0.0,0.0
2025-12-31 00:00:00-05:00,53.874723603855294,54.14364946804271,52.30101013183594,52.30101013183594,479500,0.0,0.0,0.0
2026-01-02 00:00:00-05:00,54.372735836363965,56.414576222329906,53.99424714546063,54.452415466308594,1050600,0.0,0.0,0.0
2026-01-05 00:00:00-05:00,56.5042176535126,57.10183197033905,53.72532076903288,54.47233581542969,826300,0.0,0.0,0.0
2026-01-06 00:00:00-05:00,55.62771811068618,57.02214769643109,55.13967041533593,55.548038482666016,713300,0.0,0.0,0.0
2026-01-07 00:00:00-05:00,55.39863318998958,56.83290446967533,54.47233425503083,55.72732162475586,481100,0.0,0.0,0.0
2026-01-08 00:00:00-05:00,55.66755913412002,55.66755913412002,52.68946135795309,53.33687210083008,656200,0.0,0.0,0.0
2026-01-09 00:00:00-05:00,53.84484837247243,55.59784208966427,53.13767120860524,54.9703483581543,483300,0.0,0.0,0.0
2026-01-12 00:00:00-05:00,54.083886688874244,56.28509003595564,54.014165590967764,55.518157958984375,595700,0.0,0.0,0.0
2026-01-13 00:00:00-05:00,55.92652662415373,57.47035692234049,55.328912321958434,56.16556930541992,609300,0.0,0.0,0.0
2026-01-14 00:00:00-05:00,55.14963041367308,55.14963041367308,53.0878691651961,54.52214050292969,673800,0.0,0.0,0.0
2026-01-15 00:00:00-05:00,57.22134997525874,58.13768655494033,56.15560887520894,56.314971923828125,1003700,0.0,0.0,0.0
2026-01-16 00:00:00-05:00,57.85880242519029,58.844863905041485,56.87274094533909,57.350833892822266,682600,0.0,0.0,0.0
2026-01-20 00:00:00-05:00,54.95042560352737,55.63768188558556,53.0978314593439,53.25719451904297,964400,0.0,0.0,0.0
2026-01-21 00:00:00-05:00,54.173531322642525,57.201433265394265,53.765163243486306,56.15561294555664,1051000,0.0,0.0,0.0
2026-01-22 00:00:00-05:00,57.55003926397757,57.76916489840254,56.056009137294744,56.43449783325195,633600,0.0,0.0,0.0
2026-01-23 00:00:00-05:00,56.534096673193744,57.14166951491526,55.63768090303518,56.424537658691406,748300,0.0,0.0,0.0
2026-01-26 00:00:00-05:00,55.996247737373395,56.982305447003874,55.627717587760266,55.866764068603516,514800,0.0,0.0,0.0
2026-01-27 00:00:00-05:00,56.9723447163378,58.695458859078414,56.45441386079208,57.96836471557617,775300,0.0,0.0,0.0
2026-01-28 00:00:00-05:00,59.94048474716707,60.5679784198584,59.11378631177049,60.24925231933594,774100,0.0,0.0,0.0
2026-01-29 00:00:00-05:00,60.31897277876147,61.4345141187984,56.47433495739436,60.49825668334961,874600,0.0,0.0,0.0
2026-01-30 00:00:00-05:00,59.57196258174516,61.036109521306166,57.23131310503374,58.297054290771484,765500,0.0,0.0,0.0
2026-02-02 00:00:00-05:00,56.39465166902886,59.273148878098034,56.27513033218747,57.579917907714844,762300,0.0,0.0,0.0
2026-02-03 00:00:00-05:00,58.36677508208021,58.406616797105045,51.97232800168175,54.36277770996094,1371600,0.0,0.0,0.0
2026-02-04 00:00:00-05:00,53.3866731628112,53.496235976238964,47.61971996065986,49.801002502441406,1410300,0.0,0.0,0.0
2026-02-05 00:00:00-05:00,49.771120320182256,51.802998220480774,48.28704885721179,49.16354751586914,1138100,0.0,0.0,0.0
2026-02-06 00:00:00-05:00,51.21534629888579,56.195446271916985,50.657577533595735,55.438472747802734,1585600,0.0,0.0,0.0
2026-02-09 00:00:00-05:00,54.70141496623758,59.23330887246477,54.67153558296173,57.95840072631836,1039000,0.0,0.0,0.0
2026-02-10 00:00:00-05:00,58.47633349914294,58.585896307460686,56.583897772022475,56.91258239746094,837300,0.0,0.0,0.0
2026-02-11 00:00:00-05:00,59.39267632654896,59.93052426303046,56.763184016586266,58.53609848022461,925200,0.0,0.0,0.0
2026-02-12 00:00:00-05:00,59.880722100682334,60.299052481771184,55.98628400293943,56.29505157470703,1066800,0.0,0.0,0.0
2026-02-13 00:00:00-05:00,56.47433484607591,56.78309861485759,54.253210698628514,55.050025939941406,706000,0.0,0.0,0.0
2026-02-17 00:00:00-05:00,53.91456521685997,57.0121881140086,52.4603730873411,55.88668441772461,692400,0.0,0.0,0.0
2026-02-18 00:00:00-05:00,57.002231205859296,58.46638200309239,56.27513697172399,57.09187316894531,816400,0.0,0.0,0.0
2026-02-19 00:00:00-05:00,56.57393671465155,57.320951734121905,55.727321212391104,57.01218795776367,358300,0.0,0.0,0.0
2026-02-20 00:00:00-05:00,56.275133542291854,58.546058069392636,56.18549158466867,57.89864730834961,734300,0.0,0.0,0.0
2026-02-23 00:00:00-05:00,58.25721308151282,59.39267530496483,57.00222571910754,57.97832489013672,607700,0.0,0.0,0.0
2026-02-24 00:00:00-05:00,57.9584075340748,59.43251680789433,56.05600931859314,58.73530578613281,772800,0.0,0.0,0.0
2026-02-25 00:00:00-05:00,60.02016549374284,61.40463653067364,59.91060648174742,60.577938079833984,663600,0.0,0.0,0.0
2026-02-26 00:00:00-05:00,59.67156100125758,59.76120295767469,53.86476608961797,55.617759704589844,1097100,0.0,0.0,0.0
2026-02-27 00:00:00-05:00,52.908581925833644,54.4026119424855,52.34085082346712,52.63965606689453,928700,0.0,0.0,0.0
2026-03-02 00:00:00-05:00,50.46833344083578,54.20340857883185,50.40857467031738,54.004207611083984,859800,0.0,0.0,0.0
2026-03-03 00:00:00-05:00,51.046029394044794,51.87272788897413,49.70140379810526,51.1456298828125,998800,0.0,0.0,0.0
2026-03-04 00:00:00-05:00,51.992243469125306,53.904599997881384,51.62371714213861,53.08786392211914,571800,0.0,0.0,0.0
2026-03-05 00:00:00-05:00,52.88865981372692,54.1536056537287,50.89661983882926,53.43647384643555,772700,0.0,0.0,0.0
2026-03-06 00:00:00-05:00,51.19543271698456,53.43647785693888,49.62171919493833,50.14960861206055,863300,0.0,0.0,0.0
2026-03-09 00:00:00-04:00,49.16354986310911,53.924524446287684,48.76514032664846,53.54603576660156,1278200,0.0,0.0,0.0
2026-03-10 00:00:00-04:00,53.62572040216512,55.94644517572879,53.62572040216512,54.542057037353516,792200,0.0,0.0,0.0
2026-03-11 00:00:00-04:00,55.089866891665096,56.2452499255036,54.53209433068575,55.22930908203125,532300,0.0,0.0,0.0
2026-03-12 00:00:00-04:00,53.954404005966595,54.183491959856134,52.04204734361435,52.71934127807617,899900,0.0,0.0,0.0
2026-03-13 00:00:00-04:00,53.775126742574386,54.47233777129995,51.23527245401786,51.494239807128906,745600,0.0,0.0,0.0
2026-03-16 00:00:00-04:00,53.21735077427576,55.289070471338306,52.759182470057056,53.03806686401367,831700,0.0,0.0,0.0
2026-03-17 00:00:00-04:00,54.06396796174411,54.06396796174411,52.29105346026931,53.04802703857422,596100,0.0,0.0,0.0
2026-03-18 00:00:00-04:00,53.10778747241407,53.69543943962462,52.12172977458704,52.16156768798828,657600,0.0,0.0,0.0
2026-03-19 00:00:00-04:00,50.09980434852423,52.82890077174391,49.163546933011126,52.101806640625,741700,0.0,0.0,0.0
2026-03-20 00:00:00-04:00,52.03208790480884,52.06196728978703,48.28705047393802,49.17350769042969,735200,0.0,0.0,0.0
2026-03-23 00:00:00-04:00,51.32490934530626,52.47033386424517,50.07988434624865,50.49821472167969,953000,0.0,0.0,0.0
2026-03-24 00:00:00-04:00,49.91056438445036,51.29503162025925,49.49223399548885,50.80698013305664,565000,0.0,0.0,0.0
2026-03-25 00:00:00-04:00,51.7433283320031,53.09948479646403,51.40428921588787,52.01256561279297,645200,0.059,0.0,0.0
2026-03-26 00:00:00-04:00,50.437030573576024,50.437030573576024,47.32584693928872,47.34579086303711,781300,0.0,0.0,0.0
2026-03-27 00:00:00-04:00,46.807318115957926,47.335822605628934,45.22181225477421,45.58079528808594,926900,0.0,0.0,0.0
2026-03-30 00:00:00-04:00,46.109298719235305,46.63779939285898,42.439700380158136,43.06791687011719,1132000,0.0,0.0,0.0
2026-03-31 00:00:00-04:00,44.344301645938714,47.9341243101896,44.28446987343251,47.8144645690918,1164500,0.0,0.0,0.0
2026-04-01 00:00:00-04:00,49.00109987338834,50.63646362761312,48.542401026015945,49.739009857177734,1019500,0.0,0.0,0.0
2026-04-02 00:00:00-04:00,46.75746018896469,50.34728671680992,46.47825285378988,50.27748107910156,936800,0.0,0.0,0.0
2026-04-06 00:00:00-04:00,50.586609114650535,51.04530799281515,49.92847478391851,50.8558464050293,667000,0.0,0.0,0.0
2026-04-07 00:00:00-04:00,50.895731515708896,52.421405608453014,49.589432985452675,52.37154769897461,637000,0.0,0.0,0.0
2026-04-08 00:00:00-04:00,57.317525210419646,57.875943670529274,55.18357479386951,56.83888244628906,1419900,0.0,0.0,0.0
2026-04-09 00:00:00-04:00,57.06823392527479,58.92297708064314,56.73916867727555,58.82326126098633,1143900,0.0,0.0,0.0
2026-04-10 00:00:00-04:00,59.67085647619617,62.83189433192151,59.471421035185834,61.71506118774414,995300,0.0,0.0,0.0
2026-04-13 00:00:00-04:00,60.72786131228539,63.1410191037059,60.578283781382794,63.051273345947266,882600,0.0,0.0,0.0
2026-04-14 00:00:00-04:00,64.0683938491287,66.3818359375,63.27065585381356,66.3818359375,860000,0.0,0.0,0.0
2026-04-15 00:00:00-04:00,66.74081862157976,68.05708725763401,65.40460225634752,67.93742370605469,852000,0.0,0.0,0.0
2026-04-16 00:00:00-04:00,67.30919781430308,69.16394076270127,66.29208439477594,68.65538024902344,825800,0.0,0.0,0.0
2026-04-17 00:00:00-04:00,70.0514272732055,71.07851459817924,69.47306490898552,71.00871276855469,1194600,0.0,0.0,0.0
2026-04-20 00:00:00-04:00,70.74945169379468,70.9987450508663,68.5157853446252,70.60984802246094,653100,0.0,0.0,0.0
2026-04-21 00:00:00-04:00,70.98877590613017,71.19818140461139,69.55284379331131,70.25086212158203,707400,0.0,0.0,0.0
2026-04-22 00:00:00-04:00,71.83637828947842,73.96035505943296,70.68962726787052,73.87061309814453,749600,0.0,0.0,0.0
2026-04-23 00:00:00-04:00,74.40907822457905,76.13418386221639,72.03580077909963,73.8107681274414,1025500,0.0,0.0,0.0
2026-04-24 00:00:00-04:00,77.09147070318089,81.14996600966042,75.86495172000865,80.02316284179688,1123600,0.0,0.0,0.0
2026-04-27 00:00:00-04:00,80.6314398169237,82.28674366552451,78.1385063761527,82.2169418334961,1301300,0.0,0.0,0.0
2026-04-28 00:00:00-04:00,76.31367520448492,78.8564702883251,74.81791518053866,77.7994613647461,1149100,0.0,0.0,0.0
2026-04-29 00:00:00-04:00,78.97613191022556,79.02599362441376,76.68263760632826,78.68695831298828,877700,0.0,0.0,0.0
2026-04-30 00:00:00-04:00,80.13284838307722,80.13284838307722,74.72817082944485,77.54019927978516,1084700,0.0,0.0,0.0
2026-05-01 00:00:00-04:00,77.42053949001594,78.77669587574367,76.48319409192585,77.9291000366211,854100,0.0,0.0,0.0
2026-05-04 00:00:00-04:00,78.68695748596583,79.57444121281591,75.31650648896591,77.44049072265625,827900,0.0,0.0,0.0
2026-05-05 00:00:00-04:00,79.5644660920782,81.92776977681174,79.19550919714636,80.79098510742188,978400,0.0,0.0,0.0
2026-05-06 00:00:00-04:00,85.10875383891195,88.64872268789856,83.69276934244924,88.39942932128906,1021400,0.0,0.0,0.0
2026-05-07 00:00:00-04:00,87.71137064311522,90.61314886545213,85.75691170782976,87.04326629638672,1032900,0.0,0.0,0.0
2026-05-08 00:00:00-04:00,90.074671565972,95.37963354459136,89.6558605800405,95.03062438964844,985500,0.0,0.0,0.0
2026-05-11 00:00:00-04:00,95.88820103759461,100.03643856576907,95.82836545824775,98.75008392333984,929800,0.0,0.0,0.0
2026-05-12 00:00:00-04:00,95.78847904371251,98.79994711904838,89.67580854224931,95.83834075927734,1433100,0.0,0.0,0.0
2026-05-13 00:00:00-04:00,99.22872599802406,100.43530488490444,95.17023061203398,99.37830352783203,1116100,0.0,0.0,0.0
2026-05-14 00:00:00-04:00,99.84697117932984,105.02230363116462,99.64753953971287,104.16473388671875,1130200,0.0,0.0,0.0
2026-05-15 00:00:00-04:00,98.29138784742743,99.63757049959436,94.47221166199502,95.35969543457031,1346400,0.0,0.0,0.0
2026-05-18 00:00:00-04:00,98.34124401062284,98.72016716597672,88.68860513896972,91.86958312988281,1416800,0.0,0.0,0.0
2026-05-19 00:00:00-04:00,88.57891221407323,93.97361618550556,86.35521225325826,90.97212982177734,1368900,0.0,0.0,0.0
2026-05-20 00:00:00-04:00,93.4451178421291,96.89533687255248,92.43797058396103,95.65884399414062,1477600,0.0,0.0,0.0
2026-05-21 00:00:00-04:00,94.35254942746491,97.1047425215956,92.40805674140971,94.88105010986328,1021700,0.0,0.0,0.0
2026-05-22 00:00:00-04:00,96.66599546194388,97.25432413828749,94.12320015328731,94.930908203125,833300,0.0,0.0,0.0
2026-05-26 00:00:00-04:00,98.72016722657955,102.66897300270321,98.38113192018574,101.09343719482422,1057200,0.0,0.0,0.0
2026-05-27 00:00:00-04:00,103.32711375663996,103.39691559256272,95.99788294560327,99.52787780761719,1063200,0.0,0.0,0.0
2026-05-28 00:00:00-04:00,99.15892411965963,102.33990205349228,97.48367252380324,101.203125,730500,0.0,0.0,0.0
2026-05-29 00:00:00-04:00,103.12766538669436,105.80009025230801,101.55212967766067,101.83134460449219,848500,0.0,0.0,0.0
2026-06-01 00:00:00-04:00,102.58919519056515,109.12068391057728,102.25015989115684,108.06368255615234,1117100,0.0,0.0,0.0
2026-06-02 00:00:00-04:00,112.71050450281088,115.47267899096278,110.80590732709996,113.20909118652344,869400,0.0,0.0,0.0
2026-06-03 00:00:00-04:00,115.26326639557433,116.17069781567793,109.21042433301055,111.92273712158203,1181400,0.0,0.0,0.0
2026-06-04 00:00:00-04:00,101.73162584308812,109.01099462912208,98.62044973705017,106.33856964111328,1039300,0.0,0.0,0.0
2026-06-05 00:00:00-04:00,99.93671838377746,99.97660623232522,88.15012921584633,88.42933654785156,2328000,0.0,0.0,0.0
2026-06-08 00:00:00-04:00,95.43946514718829,96.77568145850526,92.2784272968516,94.98076629638672,1126200,0.0,0.0,0.0
2026-06-09 00:00:00-04:00,98.3412506680354,99.36833812820194,82.79531226442293,93.56478881835938,2405000,0.0,0.0,0.0
2026-06-10 00:00:00-04:00,89.94504199676373,94.07333946424787,85.92643421722292,86.5147705078125,951600,0.0,0.0,0.0
2026-06-11 00:00:00-04:00,89.09743867796023,96.56626505470095,88.29970455032836,95.73861694335938,1331400,0.0,0.0,0.0
2026-06-12 00:00:00-04:00,95.41952911002393,99.20878362534467,93.94370906825591,97.73297119140625,945500,0.0,0.0,0.0
2026-06-15 00:00:00-04:00,104.5137434610261,106.81721922893723,103.62625972801497,106.52803802490234,1079600,0.0,0.0,0.0
2026-06-16 00:00:00-04:00,105.33142659648477,105.55080596818004,97.42384099794688,97.60333251953125,1114200,0.0,0.0,0.0
2026-06-17 00:00:00-04:00,101.71168740713439,103.9653014347788,98.22158048630135,98.8298568725586,740600,0.0,0.0,0.0
2026-06-18 00:00:00-04:00,105.95965330172302,109.33009683581768,105.29154130591093,108.40272521972656,821100,0.0,0.0,0.0
2026-06-22 00:00:00-04:00,111.77316454259432,112.34156069320467,108.40272113548632,110.17768859863281,1234800,0.0,0.0,0.0
2026-06-23 00:00:00-04:00,97.7229914505878,101.56210745029506,95.7286446862901,96.57624053955078,1438200,0.0,0.0,0.0
2026-06-24 00:00:00-04:00,98.50662885173442,98.50662885173442,91.89557697024533,95.97006225585938,876300,0.143,0.0,0.0
2026-06-25 00:00:00-04:00,104.00918378235458,104.3886672541596,93.60327414541293,100.513916015625,1024800,0.0,0.0,0.0
2026-06-26 00:00:00-04:00,94.8415978372262,96.72904186925349,92.1053045642949,92.43485260009766,796800,0.0,0.0,0.0
2026-06-29 00:00:00-04:00,94.29233207586955,98.0472502808143,87.72122712198593,97.90744018554688,892300,0.0,0.0,0.0
2026-06-30 00:00:00-04:00,99.22565750323588,104.95789440542008,98.29691463696759,104.11903381347656,752500,0.0,0.0,0.0
2026-07-01 00:00:00-04:00,97.40812248820458,98.3668236111404,94.41217862187543,94.67182922363281,718300,0.0,0.0,0.0
2026-07-02 00:00:00-04:00,94.38222123566825,96.61919054227113,84.41571119994657,87.39168548583984,1301800,0.0,0.0,0.0
2026-07-06 00:00:00-04:00,90.88695381958532,93.6731825682295,89.87831723724732,90.23783111572266,528000,0.0,0.0,0.0
2026-07-07 00:00:00-04:00,83.5568710911577,86.78250728125718,80.59088549811655,85.56415557861328,1304300,0.0,0.0,0.0
2026-07-08 00:00:00-04:00,84.03622580778601,90.91690951574697,84.03622580778601,90.42757415771484,638900,0.0,0.0,0.0
2026-07-09 00:00:00-04:00,96.01001451784683,96.49934988619395,92.09531633291117,93.92284393310547,847500,0.0,0.0,0.0
2026-07-10 00:00:00-04:00,91.71582301048754,97.70771064121351,91.29639270491572,96.82890319824219,558000,0.0,0.0,0.0
2026-07-13 00:00:00-04:00,92.43484910259626,93.37358058616674,88.36037137660902,89.07939147949219,855200,0.0,0.0,0.0
2026-07-14 00:00:00-04:00,95.39084895767391,95.94010837853149,90.8769635701032,94.76170349121094,757300,0.0,0.0,0.0
2026-07-15 00:00:00-04:00,96.21972868079905,96.36952739746069,86.71260352724752,92.17520904541016,767200,0.0,0.0,0.0
2026-07-16 00:00:00-04:00,88.15065087309401,88.96954188434876,83.82651105584108,85.3843994140625,804900,0.0,0.0,0.0
2026-07-17 00:00:00-04:00,79.6222027799027,85.75390045815887,76.2367792889847,82.1487808227539,1010700,0.0,0.0,0.0
2026-07-20 00:00:00-04:00,85.26455493142375,87.30179756105117,82.81787062485036,83.12744903564453,566000,0.0,0.0,0.0
2026-07-21 00:00:00-04:00,88.90962587070531,90.42757502311844,86.3830477733805,90.02811431884766,615100,0.0,0.0,0.0
2026-07-22 00:00:00-04:00,86.70260993235891,94.13255270868329,86.70260993235891,92.42486572265625,534600,0.0,0.0,0.0
2026-07-23 00:00:00-04:00,90.17791303990666,92.46481014333743,88.5800702227425,90.81704711914062,425300,0.0,0.0,0.0
2026-07-24 00:00:00-04:00,88.87966351646402,89.93822785731892,83.79654933880387,85.62406921386719,722500,0.0,0.0,0.0
2026-07-27 00:00:00-04:00,86.90234078685269,87.09208633443237,77.07564866912911,80.08158111572266,954100,0.0,0.0,0.0
2026-07-28 00:00:00-04:00,75.2680991364101,77.41518614511531,72.06244011407671,75.73745727539062,1361900,0.0,0.0,0.0
2026-07-29 00:00:00-04:00,74.878625888371,76.17686363883296,68.62708765106497,68.68700408935547,1549000,0.0,0.0,0.0
2026-07-30 00:00:00-04:00,74.30939496090704,78.9930484980436,73.16094833563565,77.46511840820312,1053100,0.0,0.0,0.0
2026-07-31 00:00:00-04:00,82.30856316466902,83.43704023746277,76.29670578836513,78.58361053466797,856600,0.0,0.0,0.0
2026-08-03 00:00:00-04:00,75.08834318645593,82.1987118456655,74.09967621194546,81.21005249023438,879800,0.0,0.0,0.0
2026-08-04 00:00:00-04:00,86.31314020314952,90.6472685274679,86.15335287847172,89.64862060546875,935900,0.0,0.0,0.0
2026-08-05 00:00:00-04:00,90.34767596286972,93.603270222495,89.83836340486373,90.49747467041016,573300,0.0,0.0,0.0
2026-08-06 00:00:00-04:00,89.28911782749849,92.8742603494202,87.43163201098375,90.41758728027344,565300,0.0,0.0,0.0
2026-08-07 00:00:00-04:00,93.3935515056978,94.17250329483151,90.4175849268184,93.54335021972656,559800,0.0,0.0,0.0
2026-08-10 00:00:00-04:00,93.59328221663618,93.70313409493899,88.83971608896529,88.95955657958984,609100,0.0,0.0,0.0
2026-08-11 00:00:00-04:00,91.82567287237094,91.87560831582634,88.00085714276644,89.16927337646484,390000,0.0,0.0,0.0
2026-08-12 00:00:00-04:00,93.80300353133919,95.1012489317288,92.46481129811366,93.70314025878906,573200,0.0,0.0,0.0
2026-08-13 00:00:00-04:00,94.00273044290871,97.41811228244076,93.78303429007367,95.19112396240234,550300,0.0,0.0,0.0
2026-08-14 00:00:00-04:00,95.27101324501557,95.55063344401258,92.62459472894422,94.0326919555664,328800,0.0,0.0,0.0
2026-08-17 00:00:00-04:00,95.6005714496295,97.5978673463648,94.96142975312135,95.42081451416016,448200,0.0,0.0,0.0
2026-08-18 00:00:00-04:00,89.628651937975,90.47750115674724,86.49289803958776,88.24053192138672,697900,0.0,0.0,0.0
2026-08-19 00:00:00-04:00,89.14929546165969,89.52878654319494,83.33716493750164,84.7452621459961,731100,0.0,0.0,0.0
2026-08-20 00:00:00-04:00,84.74526505244694,86.26320657341105,83.88642721194121,85.25457763671875,398200,0.0,0.0,0.0
2026-08-21 00:00:00-04:00,87.02217724432964,87.06212407454926,83.36712989864088,84.35578918457031,535100,0.0,0.0,0.0
2026-08-24 00:00:00-04:00,82.76793708435619,82.77792569692457,78.4937251945705,79.3026351928711,1111900,0.0,0.0,0.0
2026-08-25 00:00:00-04:00,81.78926704766664,83.20734528067337,80.56092674051806,81.9290771484375,453100,0.0,0.0,0.0
2026-08-26 00:00:00-04:00,81.30991198772766,82.37846495959737,80.0316438665092,81.1001968383789,642300,0.0,0.0,0.0
2026-08-27 00:00:00-04:00,87.08209306882456,88.96953697374897,85.4842579666503,88.69990539550781,916100,0.0,0.0,0.0
2026-08-28 00:00:00-04:00,87.76117926977903,88.819751279763,82.29858137293277,82.70802307128906,731700,0.0,0.0,0.0
2026-08-31 00:00:00-04:00,83.22731314137364,84.6753571819579,82.38845255434185,84.52555847167969,433700,0.0,0.0,0.0
2026-09-01 00:00:00-04:00,81.17010027829184,83.30720617964542,79.87186257677473,81.67941284179688,609700,0.0,0.0,0.0
2026-09-02 00:00:00-04:00,81.87913780083325,85.53419271008374,81.35984425402344,84.05619049072266,534800,0.0,0.0,0.0
2026-09-03 00:00:00-04:00,83.1973543783921,85.63405770033185,81.26996362043198,85.05484008789062,496400,0.0,0.0,0.0
2026-09-04 00:00:00-04:00,87.14202054286432,89.77845046967924,86.28318271316621,88.67993927001953,686200,0.0,0.0,0.0
2026-09-08 00:00:00-04:00,91.77574238738158,92.37492959608096,88.93957842488908,89.5787124633789,665300,0.0,0.0,0.0
2026-09-09 00:00:00-04:00,88.80976422453264,90.12797923939272,88.42029212598848,89.44889831542969,357100,0.0,0.0,0.0
2026-09-10 00:00:00-04:00,85.85376086519105,86.46293669146905,84.19600170015153,84.79519653320312,549000,0.0,0.0,0.0
2026-09-11 00:00:00-04:00,87.13203518227215,87.75119966511788,85.59411639771673,85.94364166259766,354300,0.0,0.0,0.0
2026-09-14 00:00:00-04:00,78.1042555816151,79.67213256490423,76.90588108423867,78.32395935058594,831500,0.0,0.0,0.0
2026-09-15 00:00:00-04:00,79.91180261042224,80.44109240410378,78.02435866521569,78.6934585571289,367700,0.0,0.0,0.0
2026-09-16 00:00:00-04:00,80.65080964029892,81.88913095059998,78.30398850882315,79.60222625732422,640900,0.0,0.0,0.0
2026-09-17 00:00:00-04:00,83.6867030500303,84.94499400824331,83.27725372460272,84.49560546875,390400,0.0,0.0,0.0
2026-09-18 00:00:00-04:00,85.4243481417817,88.38034521432147,85.27454942268733,88.09073638916016,445200,0.0,0.0,0.0
2026-09-21 00:00:00-04:00,90.80705889319968,95.2710164730828,90.16792481124247,94.67182922363281,653500,0.0,0.0,0.0
2026-09-22 00:00:00-04:00,93.4334967486683,98.00730604064425,93.4334967486683,97.49799346923828,614600,0.0,0.0,0.0
2026-09-23 00:00:00-04:00,96.8499984741211,97.08000183105469,93.06999969482422,94.69000244140625,499900,0.132,0.0,0.0
2026-09-24 00:00:00-04:00,91.4800033569336,94.66000366210938,90.83999633789062,94.58000183105469,426200,0.0,0.0,0.0
2026-09-25 00:00:00-04:00,95.51000213623047,96.5,94.13999938964844,95.5199966430664,330000,0.0,0.0,0.0
2026-09-28 00:00:00-04:00,96.51000213623047,98.0,92.94000244140625,94.72000122070312,466200,0.0,0.0,0.0
2026-09-29 00:00:00-04:00,97.45999908447266,98.27999877929688,95.29000091552734,95.55000305175781,420400,0.0,0.0,0.0
2026-09-30 00:00:00-04:00,96.63999938964844,97.56999969482422,96.0,96.27999877929688,412600,0.0,0.0,0.0
2026-10-01 00:00:00-04:00,96.63999938964844,98.91999816894531,94.9800033569336,97.76000213623047,487200,0.0,0.0,0.0
2026-10-02 00:00:00-04:00,102.19000244140625,103.70999908447266,100.66999816894531,100.9800033569336,631500,0.0,0.0,0.0
