Date,Open,High,Low,Close,Volume,Dividends,Stock Splits,Capital Gains
2021-09-20 00:00:00+02:00,22.569235339044972,22.569235339044972,22.460555048228407,22.533008575439453,689,0.0,0.0,0.0
2021-09-21 00:00:00+02:00,22.681941994314315,22.7624460906169,22.637666200061417,22.67791748046875,686,0.0,0.0,0.0
2021-09-22 00:00:00+02:00,22.750366779433534,22.83489537384974,22.738291704656255,22.81879425048828,1065,0.0,0.0,0.0
2021-09-23 00:00:00+02:00,22.93955180364932,22.987853639643003,22.895274480868572,22.983827590942383,441,0.0,0.0,0.0
2021-09-24 00:00:00+02:00,22.935523629404784,22.96772587407469,22.87514672388001,22.927473068237305,3247,0.0,0.0,0.0
2021-09-27 00:00:00+02:00,23.108613818601782,23.16899227780662,23.03213576769859,23.15691566467285,49,0.0,0.0,0.0
2021-09-28 00:00:00+02:00,23.14081209679037,23.14081209679037,22.955652236938477,22.955652236938477,1208,0.0,0.0,0.0
2021-09-29 00:00:00+02:00,23.00395957124955,23.152891159057617,23.00395957124955,23.152891159057617,377,0.0,0.0,0.0
2021-09-30 00:00:00+02:00,23.269620240998865,23.269620240998865,23.06031021003774,23.11263656616211,220,0.0,0.0,0.0
2021-10-01 00:00:00+02:00,22.87112603703196,22.93552900598167,22.838925320301055,22.915403366088867,249,0.0,0.0,0.0
2021-10-04 00:00:00+02:00,22.887226799832153,22.98785653318668,22.887226799832153,22.911376953125,234,0.0,0.0,0.0
2021-10-05 00:00:00+02:00,23.02005250853883,23.225337982177734,23.02005250853883,23.225337982177734,483,0.0,0.0,0.0
2021-10-06 00:00:00+02:00,23.100558668793283,23.100558668793283,22.895274712130814,23.03213119506836,2250,0.0,0.0,0.0
2021-10-07 00:00:00+02:00,23.249488316853803,23.442698717881772,23.249488316853803,23.426597595214844,255,0.0,0.0,0.0
2021-10-08 00:00:00+02:00,23.4145249260305,23.422575488718834,23.354148009099717,23.386348724365234,229,0.0,0.0,0.0
2021-10-11 00:00:00+02:00,23.462829088738737,23.503080368041992,23.39440007133775,23.503080368041992,478,0.0,0.0,0.0
2021-10-12 00:00:00+02:00,23.31389583162286,23.31792188082077,23.289745678386904,23.301820755004883,743,0.0,0.0,0.0
2021-10-13 00:00:00+02:00,23.136788255095738,23.156913894796485,23.11263656616211,23.11263656616211,1,0.0,0.0,0.0
2021-10-14 00:00:00+02:00,23.233393354440253,23.414525646292294,23.22534279150427,23.398426055908203,452,0.0,0.0,0.0
2021-10-15 00:00:00+02:00,23.446724164721473,23.59565571660377,23.446724164721473,23.499052047729492,151,0.0,0.0,0.0
2021-10-18 00:00:00+02:00,23.579559875077933,23.579559875077933,23.35012267020162,23.402450561523438,1760,0.0,0.0,0.0
2021-10-19 00:00:00+02:00,23.321941833367397,23.45477379213818,23.321941833367397,23.426597595214844,496,0.0,0.0,0.0
2021-10-20 00:00:00+02:00,23.386347698434133,23.615783350779253,23.386347698434133,23.59968376159668,278,0.0,0.0,0.0
2021-10-21 00:00:00+02:00,23.45880297469626,23.482954663504206,23.398426055908203,23.398426055908203,413,0.0,0.0,0.0
2021-10-22 00:00:00+02:00,23.434652320468416,23.507105849855712,23.434652320468416,23.438676834106445,30,0.0,0.0,0.0
2021-10-25 00:00:00+02:00,23.450752476557458,23.503080368041992,23.44270344908711,23.503080368041992,2994,0.0,0.0,0.0
2021-10-26 00:00:00+02:00,23.57150980492851,23.63188672495788,23.57150980492851,23.615785598754883,268,0.0,0.0,0.0
2021-10-27 00:00:00+02:00,23.591636591624315,23.591636591624315,23.49100685119629,23.49100685119629,197,0.0,0.0,0.0
2021-10-28 00:00:00+02:00,23.4105040361709,23.41855460010539,23.32597541809082,23.32597541809082,221,0.0,0.0,0.0
2021-10-29 00:00:00+02:00,23.281693865510956,23.462827682495117,23.281693865510956,23.462827682495117,295,0.0,0.0,0.0
2021-11-01 00:00:00+01:00,23.51112699245316,23.571505436781422,23.51112699245316,23.5433292388916,1113,0.0,0.0,0.0
2021-11-02 00:00:00+01:00,23.515154824205595,23.587608353429818,23.474903545964512,23.579559326171875,116,0.0,0.0,0.0
2021-11-03 00:00:00+01:00,23.555409881255628,23.63188793139228,23.55138383175539,23.595661163330078,413,0.0,0.0,0.0
2021-11-04 00:00:00+01:00,23.720440472770786,23.752641188452426,23.535282135009766,23.535282135009766,1371,0.0,0.0,0.0
2021-11-05 00:00:00+01:00,23.519182557534307,23.8572985396306,23.519182557534307,23.772769927978516,349,0.0,0.0,0.0
2021-11-08 00:00:00+01:00,23.796916887700036,23.796916887700036,23.692262649536133,23.692262649536133,517,0.0,0.0,0.0
2021-11-09 00:00:00+01:00,23.652013572429507,23.728493158054146,23.595661163330078,23.595661163330078,5780,0.0,0.0,0.0
2021-11-10 00:00:00+01:00,23.65201356377503,23.841197967529297,23.65201356377503,23.841197967529297,474,0.0,0.0,0.0
2021-11-11 00:00:00+01:00,23.873393036142147,23.96999669820486,23.873393036142147,23.949871063232422,971,0.0,0.0,0.0
2021-11-12 00:00:00+01:00,23.982077349306664,24.022328626035137,23.96597622442016,24.0022029876709,132,0.0,0.0,0.0
2021-11-15 00:00:00+01:00,23.97402853807476,24.066607709703028,23.97402853807476,24.05453109741211,743,0.0,0.0,0.0
2021-11-16 00:00:00+01:00,24.1189339282935,24.179312382939244,24.09880828857422,24.09880828857422,280,0.0,0.0,0.0
2021-11-17 00:00:00+01:00,24.086731098439703,24.09075561183529,24.038429260253906,24.038429260253906,610,0.0,0.0,0.0
2021-11-18 00:00:00+01:00,24.010254679904893,24.0384308820382,23.88144874572754,23.88144874572754,480,0.0,0.0,0.0
2021-11-19 00:00:00+01:00,24.010256380944494,24.01428089489672,23.804970853157705,23.82912254333496,348,0.0,0.0,0.0
2021-11-22 00:00:00+01:00,23.94584876982358,24.122956523678578,23.901571447487914,24.10283088684082,310,0.0,0.0,0.0
2021-11-23 00:00:00+01:00,24.046482503399982,24.15918731689453,24.046482503399982,24.15918731689453,1323,0.0,0.0,0.0
2021-11-24 00:00:00+01:00,24.07868138916829,24.279940846807932,24.07868138916829,24.263839721679688,46,0.0,0.0,0.0
2021-11-25 00:00:00+01:00,24.312139282078952,24.312139282078952,24.24773632715969,24.259811401367188,16,0.0,0.0,0.0
2021-11-26 00:00:00+01:00,24.018300089957588,24.018300089957588,23.5433292388916,23.5433292388916,1025,0.0,0.0,0.0
2021-11-29 00:00:00+01:00,23.897552239018776,23.897552239018776,23.72446894879467,23.73654556274414,1842,0.0,0.0,0.0
2021-11-30 00:00:00+01:00,23.342073650844203,23.491005226440187,23.342073650844203,23.398426055908203,2221,0.0,0.0,0.0
2021-12-01 00:00:00+01:00,23.732518093477765,23.74459470670493,23.551384249950416,23.704341888427734,3860,0.0,0.0,0.0
2021-12-02 00:00:00+01:00,23.47088057722724,23.611761595831894,23.43062776084881,23.571510314941406,5638,0.0,0.0,0.0
2021-12-03 00:00:00+01:00,23.736544284704706,23.736544284704706,23.6359145416432,23.660064697265625,51,0.0,0.0,0.0
2021-12-06 00:00:00+01:00,23.84119340047664,23.998175520121027,23.772765926985578,23.965974807739258,1264,0.0,0.0,0.0
2021-12-07 00:00:00+01:00,24.1954133070902,24.287992477416992,24.1954133070902,24.287992477416992,1201,0.0,0.0,0.0
2021-12-08 00:00:00+01:00,24.18333835918272,24.231640201460788,23.998178482055664,23.998178482055664,146,0.0,0.0,0.0
2021-12-09 00:00:00+01:00,24.07063569484415,24.07063569484415,23.961955381479818,24.04245948791504,962,0.0,0.0,0.0
2021-12-10 00:00:00+01:00,24.074658698574744,24.29604381164418,24.074658698574744,24.163211822509766,787,0.0,0.0,0.0
2021-12-13 00:00:00+01:00,24.25579063888961,24.27591781427172,24.155160903930664,24.155160903930664,522,0.0,0.0,0.0
2021-12-14 00:00:00+01:00,24.292014510718182,24.30409112160621,24.15918407485164,24.223587036132812,952,0.0,0.0,0.0
2021-12-15 00:00:00+01:00,24.260198225165855,24.33747239496566,24.260198225165855,24.292734146118164,51,0.31,0.0,0.0
2021-12-16 00:00:00+01:00,24.553021763370495,24.833651964801202,24.553021763370495,24.78891372680664,406,0.0,0.0,0.0
2021-12-17 00:00:00+01:00,24.809251622406833,24.809251622406833,24.670970485731264,24.731977462768555,5271,0.0,0.0,0.0
2021-12-20 00:00:00+01:00,24.374069689877928,24.487947709649493,24.374069689877928,24.382204055786133,326,0.0,0.0,0.0
2021-12-21 00:00:00+01:00,24.614028788906264,24.837718427909696,24.614028788906264,24.825517654418945,1315,0.0,0.0,0.0
2021-12-22 00:00:00+01:00,24.83772034298493,24.83772034298493,24.61809709438746,24.79298210144043,2067,0.0,0.0,0.0
2021-12-23 00:00:00+01:00,24.853988441022373,25.073611684004057,24.841787666902874,25.028873443603516,872,0.0,0.0,0.0
2021-12-27 00:00:00+01:00,25.0329424021305,25.08174705505371,24.971936973844475,25.08174705505371,541,0.0,0.0,0.0
2021-12-28 00:00:00+01:00,25.110216469734443,25.297302253229272,25.110216469734443,25.2647647857666,455,0.0,0.0,0.0
2021-12-29 00:00:00+01:00,25.260699122078833,25.281034264106015,25.134618759155273,25.134618759155273,1022,0.0,0.0,0.0
2021-12-30 00:00:00+01:00,25.293231731789387,25.293231731789387,25.207823215559745,25.211891174316406,346,0.0,0.0,0.0
2022-01-03 00:00:00+01:00,25.11428067027254,25.451849883907315,25.11428067027254,25.398977279663086,735,0.0,0.0,0.0
2022-01-04 00:00:00+01:00,25.60640080516555,25.81788969230008,25.60640080516555,25.809755325317383,1196,0.0,0.0,0.0
2022-01-05 00:00:00+01:00,25.968367097313937,26.0090389251709,25.834153944064948,26.0090389251709,1504,0.0,0.0,0.0
2022-01-06 00:00:00+01:00,25.842293531815255,26.033447282692105,25.842293531815255,25.968372344970703,2185,0.0,0.0,0.0
2022-01-07 00:00:00+01:00,26.05377833888832,26.13918685913086,26.021242424664777,26.13918685913086,3833,0.0,0.0,0.0
2022-01-10 00:00:00+01:00,26.350673856082153,26.350673856082153,26.17578887939453,26.17578887939453,827,0.0,0.0,0.0
2022-01-11 00:00:00+01:00,26.387280995292425,26.468624663816808,26.387280995292425,26.41575050354004,4482,0.0,0.0,0.0
2022-01-12 00:00:00+01:00,26.639441923962583,26.65571065779611,26.54589748015573,26.562166213989258,5860,0.0,0.0,0.0
2022-01-13 00:00:00+01:00,26.67198001500975,26.732986992575412,26.545898100589046,26.712650299072266,4385,0.0,0.0,0.0
2022-01-14 00:00:00+01:00,26.623166744247705,26.761449396880458,26.615033930771872,26.724843978881836,4216,0.0,0.0,0.0
2022-01-17 00:00:00+01:00,27.107154201120668,27.107154201120668,26.891598937686386,26.9566707611084,2450,0.0,0.0,0.0
2022-01-18 00:00:00+01:00,27.017678678660033,27.302373734158575,26.86313037752417,27.005477905273438,3178,0.0,0.0,0.0
2022-01-19 00:00:00+01:00,27.07055494235044,27.07869086147001,26.887537100431857,26.960744857788086,4924,0.0,0.0,0.0
2022-01-20 00:00:00+01:00,26.997340496902524,27.009544372558594,26.785853196345467,27.009544372558594,2197,0.0,0.0,0.0
2022-01-21 00:00:00+01:00,26.724849594139368,26.83872762438606,26.55403254876933,26.651641845703125,7921,0.0,0.0,0.0
2022-01-24 00:00:00+01:00,26.838725641266958,26.916001343057413,26.041576385498047,26.041576385498047,2741,0.0,0.0,0.0
2022-01-25 00:00:00+01:00,26.257133696900585,26.586570117601937,26.18799390726267,26.403549194335938,2325,0.0,0.0,0.0
2022-01-26 00:00:00+01:00,26.63943897427951,27.07868543031755,26.63943897427951,26.793987274169922,7950,0.0,0.0,0.0
2022-01-27 00:00:00+01:00,26.77365506062504,27.245435902000466,26.663841889507157,27.168163299560547,5111,0.0,0.0,0.0
2022-01-28 00:00:00+01:00,27.253572898218952,27.253572898218952,26.67197886271433,26.838727951049805,2390,0.0,0.0,0.0
2022-01-31 00:00:00+01:00,26.997341105773824,27.00547702306136,26.785853800447093,26.806190490722656,11165,0.0,0.0,0.0
2022-02-01 00:00:00+01:00,26.879397604526176,27.082752114239742,26.826526549060333,27.042081832885742,1401,0.0,0.0,0.0
2022-02-02 00:00:00+01:00,27.082751161529174,27.082751161529174,26.989209827999908,27.02581214904785,5293,0.0,0.0,0.0
2022-02-03 00:00:00+01:00,26.98107632578553,27.168165215480503,26.846864700317383,26.846864700317383,5549,0.0,0.0,0.0
2022-02-04 00:00:00+01:00,26.879396513408583,26.879396513408583,26.61910299977682,26.72891616821289,9721,0.0,0.0,0.0
2022-02-07 00:00:00+01:00,27.046148071774837,27.046148071774837,26.773653790795695,26.932270050048828,3057,0.0,0.0,0.0
2022-02-08 00:00:00+01:00,27.04615253007164,27.13562901987523,26.99734632573953,27.050220489501953,4541,0.0,0.0,0.0
2022-02-09 00:00:00+01:00,27.147824818613714,27.25763487955125,27.14375685992912,27.208831787109375,3443,0.0,0.0,0.0
2022-02-10 00:00:00+01:00,27.36744985795297,27.36744985795297,27.10308837890625,27.10308837890625,11788,0.0,0.0,0.0
2022-02-11 00:00:00+01:00,27.001411759129677,27.294242751839587,27.001411759129677,27.22103500366211,3358,0.0,0.0,0.0
2022-02-14 00:00:00+01:00,27.440657493995367,27.440657493995367,26.985142284194822,27.02988052368164,8621,0.0,0.0,0.0
2022-02-15 00:00:00+01:00,26.83059513712398,27.19256592466507,26.83059513712398,27.1600284576416,9765,0.0,0.0,0.0
2022-02-16 00:00:00+01:00,27.082753704068292,27.172230190065733,27.03395060475605,27.143760681152344,8578,0.0,0.0,0.0
2022-02-17 00:00:00+01:00,26.948537112935288,27.070547941679994,26.850924726407705,26.98107147216797,5610,0.0,0.0,0.0
2022-02-18 00:00:00+01:00,27.237302215739888,27.237302215739888,26.936338424682617,26.936338424682617,6708,0.0,0.0,0.0
2022-02-21 00:00:00+01:00,27.090883311013403,27.090883311013403,26.7777156829834,26.7777156829834,4413,0.0,0.0,0.0
2022-02-22 00:00:00+01:00,26.631307290535894,26.802124329711575,26.590633907256787,26.73298454284668,1189,0.0,0.0,0.0
2022-02-23 00:00:00+01:00,26.75738376721527,26.84686023795081,26.69637680053711,26.69637680053711,2440,0.0,0.0,0.0
2022-02-24 00:00:00+01:00,26.58250159727054,26.59877033030249,26.135122299194336,26.135122299194336,4141,0.0,0.0,0.0
2022-02-25 00:00:00+01:00,26.338479773617358,26.745188836384393,26.114788547917932,26.73705291748047,12129,0.0,0.0,0.0
2022-02-28 00:00:00+01:00,26.71671253771145,26.71671253771145,26.44828313507684,26.64756965637207,4853,0.0,0.0,0.0
2022-03-01 00:00:00+01:00,26.47675323299886,26.781784959422676,26.47675323299886,26.50929069519043,2425,0.0,0.0,0.0
2022-03-02 00:00:00+01:00,26.58683079249155,27.039806966179846,26.58683079249155,26.95410919189453,769,0.11,0.0,0.0
2022-03-03 00:00:00+01:00,27.137743445887388,27.186714930842953,26.933700262083722,26.97859001159668,8613,0.0,0.0,0.0
2022-03-04 00:00:00+01:00,27.052052051994327,27.052052051994327,26.70109744413992,26.884735107421875,16555,0.0,0.0,0.0
2022-03-07 00:00:00+01:00,26.803115995394588,27.072451411642483,26.664364994607517,26.868408203125,18388,0.0,0.0,0.0
2022-03-08 00:00:00+01:00,26.64395946369625,26.94186077018247,26.631717370751872,26.86432647705078,2772,0.0,0.0,0.0
2022-03-09 00:00:00+01:00,27.129587989753567,27.129587989753567,26.71333807606027,26.913299560546875,22075,0.0,0.0,0.0
2022-03-10 00:00:00+01:00,26.7786304994185,26.884730720982432,26.53785790612654,26.7827091217041,3720,0.0,0.0,0.0
2022-03-11 00:00:00+01:00,27.052046398561004,27.288737245268575,27.052046398561004,27.154067993164062,8653,0.0,0.0,0.0
2022-03-14 00:00:00+01:00,27.272416100226355,27.272416100226355,26.86840830415693,26.95410919189453,12543,0.0,0.0,0.0
2022-03-15 00:00:00+01:00,26.823520954919623,26.958187103271484,26.517456149066124,26.958187103271484,7880,0.0,0.0,0.0
2022-03-16 00:00:00+01:00,27.362196183249136,27.362196183249136,26.98267568149676,27.05613136291504,10603,0.0,0.0,0.0
2022-03-17 00:00:00+01:00,27.047964534727672,27.076530456542965,26.978590597955094,27.07653045654297,5250,0.0,0.0,0.0
2022-03-18 00:00:00+01:00,27.194876884834464,27.252008730577437,27.149987132686118,27.211200714111328,936,0.0,0.0,0.0
2022-03-21 00:00:00+01:00,27.42748876175576,27.541752464732728,27.317306794871513,27.4560546875,5158,0.0,0.0,0.0
2022-03-22 00:00:00+01:00,27.72131847527067,27.7784503411525,27.63153893932689,27.72947883605957,6022,0.0,0.0,0.0
2022-03-23 00:00:00+01:00,27.929435953293023,27.929435953293023,27.61928939819336,27.61928939819336,6957,0.0,0.0,0.0
2022-03-24 00:00:00+01:00,27.704987293439387,27.794766805575467,27.696826934814453,27.696826934814453,1769,0.0,0.0,0.0
2022-03-25 00:00:00+01:00,27.778441896467033,27.945758819580078,27.615206709234172,27.945758819580078,3393,0.0,0.0,0.0
2022-03-28 00:00:00+02:00,28.162043102522635,28.162043102522635,27.815170288085938,27.815170288085938,7629,0.0,0.0,0.0
2022-03-29 00:00:00+02:00,27.8314941338961,27.937597480715755,27.619290553709263,27.63969612121582,11275,0.0,0.0,0.0
2022-03-30 00:00:00+02:00,27.753960262346904,27.753960262346904,27.627451346036125,27.668262481689453,3601,0.0,0.0,0.0
2022-03-31 00:00:00+02:00,27.63152899045228,27.78252207503309,27.63152899045228,27.704984664916992,2251,0.0,0.0,0.0
2022-04-01 00:00:00+02:00,27.770281598146425,27.83557380510927,27.590722580457186,27.74579429626465,5105,0.0,0.0,0.0
2022-04-04 00:00:00+02:00,28.09675073711036,28.09675073711036,27.827415306033465,27.937597274780273,12827,0.0,0.0,0.0
2022-04-05 00:00:00+02:00,28.182446103921745,28.182446103921745,27.860057470690066,28.10491180419922,6033,0.0,0.0,0.0
2022-04-06 00:00:00+02:00,28.02737207922855,28.07226182910575,27.90494492257219,28.064098358154297,10553,0.0,0.0,0.0
2022-04-07 00:00:00+02:00,28.23957501934388,28.288546503651393,27.970239639282227,27.970239639282227,14079,0.0,0.0,0.0
2022-04-08 00:00:00+02:00,28.29263386919549,28.708880671559772,28.264067942694535,28.541566848754883,7850,0.0,0.0,0.0
2022-04-11 00:00:00+02:00,28.69663594383787,28.69663594383787,28.345681385620576,28.545642852783203,8590,0.0,0.0,0.0
2022-04-12 00:00:00+02:00,28.415056607571806,28.659910952951638,28.317116737491276,28.63950538635254,8181,0.0,0.0,0.0
2022-04-13 00:00:00+02:00,28.770093414433607,28.770093414433607,28.47218894958496,28.47218894958496,8798,0.0,0.0,0.0
2022-04-14 00:00:00+02:00,28.570131266529074,28.835388063431733,28.459946189092253,28.757850646972656,6966,0.0,0.0,0.0
2022-04-19 00:00:00+02:00,28.73744687124521,28.9659773988778,28.62726490039482,28.680315017700195,25051,0.0,0.0,0.0
2022-04-20 00:00:00+02:00,28.884355412353766,28.884355412353766,28.680312208690967,28.81089973449707,10112,0.0,0.0,0.0
2022-04-21 00:00:00+02:00,28.900685939116027,28.998625827802144,28.696642688172407,28.949657440185547,15470,0.0,0.0,0.0
2022-04-22 00:00:00+02:00,28.851714371454946,28.851714371454946,28.419143676757812,28.419143676757812,6031,0.0,0.0,0.0
2022-04-25 00:00:00+02:00,28.247743260963883,28.247743260963883,27.78252497855199,27.839656829833984,19200,0.0,0.0,0.0
2022-04-26 00:00:00+02:00,28.15796162205549,28.243659392508356,28.096748039317113,28.145719528198242,4891,0.0,0.0,0.0
2022-04-27 00:00:00+02:00,28.300792694091797,28.308956166050987,27.99472787812083,28.300792694091797,13657,0.0,0.0,0.0
2022-04-28 00:00:00+02:00,28.635419555976057,28.635419555976057,28.36608417340178,28.492589950561523,7987,0.0,0.0,0.0
2022-04-29 00:00:00+02:00,28.704795285660072,28.704795285660072,28.33752002404606,28.415054321289062,14828,0.0,0.0,0.0
2022-05-02 00:00:00+02:00,28.325276499917983,28.325276499917983,28.064098358154297,28.064098358154297,22038,0.0,0.0,0.0
2022-05-03 00:00:00+02:00,28.227338714043736,28.427303314208984,28.18244895592113,28.427303314208984,17566,0.0,0.0,0.0
2022-05-04 00:00:00+02:00,28.578287883536927,28.578287883536927,28.370162963867188,28.370162963867188,29809,0.0,0.0,0.0
2022-05-05 00:00:00+02:00,28.76601506472796,28.76601506472796,28.439547749238884,28.45587158203125,23881,0.0,0.0,0.0
2022-05-06 00:00:00+02:00,28.733367150099763,28.733367150099763,28.16612414566756,28.292633056640625,20144,0.0,0.0,0.0
2022-05-09 00:00:00+02:00,28.553808984829868,28.553808984829868,27.864141898165133,27.89270782470703,11239,0.0,0.0,0.0
2022-05-10 00:00:00+02:00,27.900878263957313,28.043707932331312,27.725400924682617,27.725400924682617,11347,0.0,0.0,0.0
2022-05-11 00:00:00+02:00,27.9784008607037,28.215091705322266,27.741713129537093,28.215091705322266,20552,0.0,0.0,0.0
2022-05-12 00:00:00+02:00,28.03146067246739,28.174290314541107,27.921275581830027,28.088592529296875,2409,0.0,0.0,0.0
2022-05-13 00:00:00+02:00,28.57828829299641,28.610935950167647,28.419134856101586,28.59461212158203,3311,0.0,0.0,0.0
2022-05-16 00:00:00+02:00,28.688474498505713,28.827222376823432,28.533399677501116,28.802738189697266,21365,0.0,0.0,0.0
2022-05-17 00:00:00+02:00,28.941489719042906,29.100643182344683,28.87619750731902,28.92108726501465,23813,0.0,0.0,0.0
2022-05-18 00:00:00+02:00,29.174095955337698,29.174095955337698,28.778251647949222,28.77825164794922,19695,0.0,0.0,0.0
2022-05-19 00:00:00+02:00,28.89251836206972,28.89251836206972,28.247741102915096,28.333438873291016,6393,0.0,0.0,0.0
2022-05-20 00:00:00+02:00,28.729282703567026,28.733364439265557,28.496673583984375,28.496673583984375,8454,0.0,0.0,0.0
2022-05-23 00:00:00+02:00,28.79457954144049,28.95781474767832,28.52524409758278,28.925167083740234,6149,0.0,0.0,0.0
2022-05-24 00:00:00+02:00,28.484429144159584,28.663985025228133,28.46810531616211,28.46810531616211,5279,0.0,0.0,0.0
2022-05-25 00:00:00+02:00,29.055753400300976,29.26796009349383,28.93741107205982,29.100643157958984,6188,0.0,0.0,0.0
2022-05-26 00:00:00+02:00,29.402632687036686,29.402632687036686,29.202668066358132,29.272045135498047,7001,0.0,0.0,0.0
2022-05-27 00:00:00+02:00,29.398538137366454,29.398538137366454,29.202655338705434,29.374053955078125,5795,0.0,0.0,0.0
2022-05-30 00:00:00+02:00,29.59850593335476,29.59850593335476,29.25163311792605,29.28428077697754,14675,0.0,0.0,0.0
2022-05-31 00:00:00+02:00,29.39854418926433,29.696445513268973,29.141450881958008,29.141450881958008,5015,0.0,0.0,0.0
2022-06-01 00:00:00+02:00,29.753191398650078,30.004590763561723,29.18335113326829,29.300670623779297,13323,0.93,0.0,0.0
2022-06-02 00:00:00+02:00,29.317430688188203,29.317430688188203,29.057649535804476,29.11212158203125,16987,0.0,0.0,0.0
2022-06-03 00:00:00+02:00,29.413790051354415,29.413790051354415,29.162390764799703,29.170772552490234,7380,0.0,0.0,0.0
2022-06-06 00:00:00+02:00,29.254574088701546,29.409605208870822,29.200105250287535,29.329994201660156,5463,0.0,0.0,0.0
2022-06-07 00:00:00+02:00,29.48503554069577,29.48503554069577,29.254584227698516,29.413803100585938,7523,0.0,0.0,0.0
2022-06-08 00:00:00+02:00,29.472456411847386,29.472456411847386,29.23781745114695,29.342567443847656,11193,0.0,0.0,0.0
2022-06-09 00:00:00+02:00,29.338377693997522,29.338377693997522,28.998988727351627,29.116308212280273,4898,0.0,0.0,0.0
2022-06-10 00:00:00+02:00,29.10793058903008,29.10793058903008,28.634458541870117,28.634458541870117,14871,0.0,0.0,0.0
2022-06-13 00:00:00+02:00,28.64703007475045,28.64703007475045,28.08137753862499,28.23221778869629,49309,0.0,0.0,0.0
2022-06-14 00:00:00+02:00,28.043668746948242,28.269929119412733,28.026908364167596,28.043668746948242,3970,0.0,0.0,0.0
2022-06-15 00:00:00+02:00,27.85093064790063,28.190319626613885,27.85093064790063,28.03529167175293,8054,0.0,0.0,0.0
2022-06-16 00:00:00+02:00,28.089764137763684,28.152614785506845,27.2685244116121,27.343944549560547,3324,0.0,0.0,0.0
2022-06-17 00:00:00+02:00,27.612100872903387,27.612100872903387,27.05902099609375,27.05902099609375,19957,0.0,0.0,0.0
2022-06-20 00:00:00+02:00,27.05902016718421,27.180530548095703,26.945888379531752,27.180530548095703,7146,0.0,0.0,0.0
2022-06-21 00:00:00+02:00,27.574388823881026,27.574388823881026,27.3062290811079,27.46963882446289,6398,0.0,0.0,0.0
2022-06-22 00:00:00+02:00,27.19729526216281,27.21824334700423,27.10930243699191,27.163774490356445,4966,0.0,0.0,0.0
2022-06-23 00:00:00+02:00,26.811814376627634,27.172153083374955,26.811814376627634,26.841142654418945,6776,0.0,0.0,0.0
2022-06-24 00:00:00+02:00,27.130250856434063,27.327181374125274,26.895611871976314,27.310420989990234,4705,0.0,0.0,0.0
2022-06-27 00:00:00+02:00,27.524112204350402,27.524112204350402,27.230810273731393,27.373271942138672,16106,0.0,0.0,0.0
2022-06-28 00:00:00+02:00,27.524111433686013,27.813219264233222,27.524111433686013,27.60791015625,5009,0.0,0.0,0.0
2022-06-29 00:00:00+02:00,27.402598512543584,27.67494913074888,27.402598512543584,27.52410888671875,3955,0.0,0.0,0.0
2022-06-30 00:00:00+02:00,27.20148022767429,27.394219851117725,27.012931499464695,27.1176815032959,25971,0.0,0.0,0.0
2022-07-01 00:00:00+02:00,27.04226092878329,27.377459017511164,27.04226092878329,27.247570037841797,7840,0.0,0.0,0.0
2022-07-04 00:00:00+02:00,27.645623440444083,27.645623440444083,27.377460479736328,27.377460479736328,7407,0.0,0.0,0.0
2022-07-05 00:00:00+02:00,27.47382667583466,27.511538333739775,26.887226104736328,26.887226104736328,5627,0.0,0.0,0.0
2022-07-06 00:00:00+02:00,26.95845908106988,27.201479853830246,26.95845908106988,27.067399978637695,5140,0.0,0.0,0.0
2022-07-07 00:00:00+02:00,27.272710818117083,27.616293916602178,27.272710818117083,27.5953426361084,15721,0.0,0.0,0.0
2022-07-08 00:00:00+02:00,27.494778903042498,27.783886705640032,27.494778903042498,27.716848373413086,6648,0.0,0.0,0.0
2022-07-11 00:00:00+02:00,27.712657478675137,27.796456193137832,27.570199024745342,27.716848373413086,14685,0.0,0.0,0.0
2022-07-12 00:00:00+02:00,27.70009078121169,27.754559631427096,27.53249013868902,27.7503719329834,4069,0.0,0.0,0.0
2022-07-13 00:00:00+02:00,27.850931124057823,27.850931124057823,27.40260124206543,27.40260124206543,2451,0.0,0.0,0.0
2022-07-14 00:00:00+02:00,27.473830494538035,27.473830494538035,26.866281759460826,26.941701889038086,8885,0.0,0.0,0.0
2022-07-15 00:00:00+02:00,26.98779095022558,27.247568898703793,26.98779095022558,27.138628005981445,11100,0.0,0.0,0.0
2022-07-18 00:00:00+02:00,27.536682456740646,27.536682456740646,27.406793470514152,27.43193244934082,8383,0.0,0.0,0.0
2022-07-19 00:00:00+02:00,27.33975199157494,27.570203287048777,27.184720829463764,27.545061111450195,5625,0.0,0.0,0.0
2022-07-20 00:00:00+02:00,27.813221828236134,27.813221828236134,27.482211409175893,27.56601333618164,19576,0.0,0.0,0.0
2022-07-21 00:00:00+02:00,27.54087599551358,27.54087599551358,27.184723378797123,27.33556365966797,9625,0.0,0.0,0.0
2022-07-22 00:00:00+02:00,27.557626007557513,27.557626007557513,27.264327313765904,27.318796157836914,6169,0.0,0.0,0.0
2022-07-25 00:00:00+02:00,27.43193609510719,27.649814732900115,27.264335421649655,27.624675750732422,40847,0.0,0.0,0.0
2022-07-26 00:00:00+02:00,27.74618551545636,27.74618551545636,27.557633563421522,27.666574478149414,4799,0.0,0.0,0.0
2022-07-27 00:00:00+02:00,27.70427939579164,27.737796964163955,27.620477483070587,27.700088500976562,4663,0.0,0.0,0.0
2022-07-28 00:00:00+02:00,27.96825251184908,28.081381115454064,27.691710952588853,27.863502502441406,5864,0.0,0.0,0.0
2022-07-29 00:00:00+02:00,27.926349264199875,28.332779755661118,27.926349264199875,28.043668746948242,15719,0.0,0.0,0.0
2022-08-01 00:00:00+02:00,28.269935597379625,28.303456370622094,27.976633626583325,27.989206314086914,38228,0.0,0.0,0.0
2022-08-02 00:00:00+02:00,27.91797387176744,28.093956332931974,27.838366031212676,27.989206314086914,13162,0.0,0.0,0.0
2022-08-03 00:00:00+02:00,28.14004225180059,28.14004225180059,27.947299433776628,28.13166046142578,5423,0.0,0.0,0.0
2022-08-04 00:00:00+02:00,28.05623675610648,28.181938021977963,27.897017923156447,27.91377830505371,12192,0.0,0.0,0.0
2022-08-05 00:00:00+02:00,28.09394969925773,28.09394969925773,27.82578997007085,27.955678939819336,6476,0.0,0.0,0.0
2022-08-08 00:00:00+02:00,28.29506931950233,28.29506931950233,28.018530983446734,28.0981388092041,15565,0.0,0.0,0.0
2022-08-09 00:00:00+02:00,28.261550142019114,28.261550142019114,28.031102048464295,28.077192306518555,6848,0.0,0.0,0.0
2022-08-10 00:00:00+02:00,28.219644723417755,28.299255733284767,28.09394666210308,28.181936264038086,15081,0.0,0.0,0.0
2022-08-11 00:00:00+02:00,28.08975762910425,28.345347859778194,28.08975762910425,28.320205688476562,3069,0.0,0.0,0.0
2022-08-12 00:00:00+02:00,28.584189946224303,28.584189946224303,28.378880773538715,28.546478271484375,9414,0.0,0.0,0.0
2022-08-15 00:00:00+02:00,28.8272012247318,28.8272012247318,28.257360970061043,28.533899307250977,22942,0.0,0.0,0.0
2022-08-16 00:00:00+02:00,28.538091382262376,28.83977190564565,28.538091382262376,28.79787254333496,15933,0.0,0.0,0.0
2022-08-17 00:00:00+02:00,29.045082467287838,29.045082467287838,28.55485319069813,28.605131149291992,10978,0.0,0.0,0.0
2022-08-18 00:00:00+02:00,28.709880624860155,28.789491653442383,28.62608189761736,28.789491653442383,5832,0.0,0.0,0.0
2022-08-19 00:00:00+02:00,28.8774786574111,28.8774786574111,28.626079301763433,28.718259811401367,5970,0.0,0.0,0.0
2022-08-22 00:00:00+02:00,28.864903541420816,28.864903541420816,28.5171328489421,28.651212692260742,9853,0.0,0.0,0.0
2022-08-23 00:00:00+02:00,28.65959835648544,28.776917835665838,28.626077591943595,28.638647079467773,5450,0.0,0.0,0.0
2022-08-24 00:00:00+02:00,28.82720410538006,28.82720410538006,28.533902158590124,28.554853439331055,10642,0.0,0.0,0.0
2022-08-25 00:00:00+02:00,28.90680962027203,28.90680962027203,28.617701788884883,28.672170639038086,6101,0.0,0.0,0.0
2022-08-26 00:00:00+02:00,28.806251853051847,28.82301223773597,28.307640798027922,28.701501846313477,6433,0.0,0.0,0.0
2022-08-29 00:00:00+02:00,28.48362294754405,28.48362294754405,28.081380112672008,28.345352172851562,14508,0.0,0.0,0.0
2022-08-30 00:00:00+02:00,28.579987627996214,28.579987627996214,28.02271689955534,28.072998046875,5473,0.0,0.0,0.0
2022-08-31 00:00:00+02:00,28.311828278626695,28.311828278626695,27.78807830810547,27.78807830810547,4049,0.0,0.0,0.0
2022-09-01 00:00:00+02:00,27.737798108834003,27.737798108834003,27.444499393996868,27.641429901123047,10104,0.0,0.0,0.0
2022-09-02 00:00:00+02:00,27.716851604669213,28.039480209350586,27.607910705794442,28.039480209350586,15080,0.0,0.0,0.0
2022-09-05 00:00:00+02:00,28.014340714874383,28.014340714874383,27.796458921142307,27.9305419921875,4114,0.0,0.0,0.0
2022-09-06 00:00:00+02:00,27.951489325211224,27.951489325211224,27.741989327393675,27.829978942871094,4438,0.0,0.0,0.0
2022-09-07 00:00:00+02:00,27.605748412606985,27.707285893783762,27.474595698261215,27.626903533935547,11643,0.32,0.0,0.0
2022-09-08 00:00:00+02:00,27.787673398104076,27.876519103739177,27.62690543950035,27.838443756103516,2831,0.0,0.0,0.0
2022-09-09 00:00:00+02:00,27.838440736453514,28.151516507277506,27.838440736453514,28.100746154785156,11455,0.0,0.0,0.0
2022-09-12 00:00:00+02:00,28.09651493807118,28.468821136124088,28.092283268826865,28.443437576293945,5590,0.0,0.0,0.0
2022-09-13 00:00:00+02:00,28.511133575944648,28.557672263043234,28.214981228788634,28.219209671020508,16391,0.0,0.0,0.0
2022-09-14 00:00:00+02:00,28.23613419951003,28.23613419951003,28.04998267183976,28.071134567260742,1406,0.0,0.0,0.0
2022-09-15 00:00:00+02:00,27.969591573621322,28.21074508313779,27.914592782965983,27.96112823486328,8398,0.0,0.0,0.0
2022-09-16 00:00:00+02:00,27.80459587718712,27.817287659287935,27.703058392562152,27.707286834716797,6572,0.0,0.0,0.0
2022-09-19 00:00:00+02:00,27.741132681669303,27.825746710995787,27.508439259293997,27.66921043395996,17378,0.0,0.0,0.0
2022-09-20 00:00:00+02:00,28.003445840554093,28.003445840554093,27.504215240478516,27.504215240478516,7044,0.0,0.0,0.0
2022-09-21 00:00:00+02:00,27.614208914757892,27.808826995840164,27.614208914757892,27.758056640625,1675,0.0,0.0,0.0
2022-09-22 00:00:00+02:00,27.525365607862287,27.690365241888532,27.47036680579309,27.635366439819336,13557,0.0,0.0,0.0
2022-09-23 00:00:00+02:00,27.529598965201217,27.59306111167396,27.026138305664062,27.026138305664062,17260,0.0,0.0,0.0
2022-09-26 00:00:00+02:00,27.013439223371652,27.013439223371652,26.780747425121135,26.886516571044922,12115,0.0,0.0,0.0
2022-09-27 00:00:00+02:00,26.882291455907996,27.07267627634263,26.810367584228516,26.810367584228516,7192,0.0,0.0,0.0
2022-09-28 00:00:00+02:00,26.80613337444945,26.861133783811006,26.47613414609837,26.75113296508789,8154,0.0,0.0,0.0
2022-09-29 00:00:00+02:00,26.653827438492986,26.70036612557933,26.25613599105296,26.32805824279785,2056,0.0,0.0,0.0
2022-09-30 00:00:00+02:00,26.518440907310982,26.590363153251925,26.344979569202042,26.425363540649414,25164,0.0,0.0,0.0
2022-10-03 00:00:00+02:00,26.25613543948278,26.67921205660291,26.07844242105953,26.577672958374023,9399,0.0,0.0,0.0
2022-10-04 00:00:00+02:00,26.941521342345098,27.271520614624023,26.941521342345098,27.271520614624023,9474,0.0,0.0,0.0
2022-10-05 00:00:00+02:00,27.169981386366384,27.169981386366384,26.97113485607456,27.089595794677734,6029,0.0,0.0,0.0
2022-10-06 00:00:00+02:00,27.343440156719915,27.343440156719915,26.97113390173799,26.98382568359375,6691,0.0,0.0,0.0
2022-10-07 00:00:00+02:00,27.085362315322236,27.22074669722762,26.780748262989682,26.83574867248535,15807,0.0,0.0,0.0
2022-10-10 00:00:00+02:00,26.878055970850763,26.99228684689939,26.776518490302532,26.823057174682617,8458,0.0,0.0,0.0
2022-10-11 00:00:00+02:00,26.738445108755588,26.75113689204477,26.509983326094147,26.696136474609375,3500,0.0,0.0,0.0
2022-10-12 00:00:00+02:00,26.569211125672933,27.017672919026776,26.51421071377359,26.632673263549805,6595,0.0,0.0,0.0
2022-10-13 00:00:00+02:00,26.5395977293986,26.810366523791686,26.23498202875172,26.759597778320312,6759,0.0,0.0,0.0
2022-10-14 00:00:00+02:00,27.102284643602754,27.237669019898732,26.911901473999023,26.911901473999023,2846,0.0,0.0,0.0
2022-10-17 00:00:00+02:00,27.12767475387311,27.322289616881967,26.983827020803105,27.220748901367188,34349,0.0,0.0,0.0
2022-10-18 00:00:00+02:00,27.356135865480358,27.43228655856095,27.127674102783203,27.127674102783203,5570,0.0,0.0,0.0
2022-10-19 00:00:00+02:00,27.267287489084993,27.339212969265645,27.18690512437024,27.288442611694336,4155,0.0,0.0,0.0
2022-10-20 00:00:00+02:00,27.394211483498136,27.394211483498136,27.25882709253799,27.30113410949707,3977,0.0,0.0,0.0
2022-10-21 00:00:00+02:00,27.288439534004972,27.343438327640367,27.02613250510753,27.29267120361328,14616,0.0,0.0,0.0
2022-10-24 00:00:00+02:00,27.643821940375027,27.677668841148378,27.30959428564706,27.559207916259766,17061,0.0,0.0,0.0
2022-10-25 00:00:00+02:00,27.690366250054442,27.690366250054442,27.46613613553789,27.601520538330078,10565,0.0,0.0,0.0
2022-10-26 00:00:00+02:00,27.597285460082695,27.78766862116965,27.440745970692134,27.732669830322266,5569,0.0,0.0,0.0
2022-10-27 00:00:00+02:00,27.61420681467587,27.95266936806653,27.61420681467587,27.86805534362793,9032,0.0,0.0,0.0
2022-10-28 00:00:00+02:00,27.694594399161467,28.05420887074605,27.694594399161467,28.01190185546875,15116,0.0,0.0,0.0
2022-10-31 00:00:00+01:00,28.19382533643299,28.24036402226069,28.011902263057003,28.168441772460938,30854,0.0,0.0,0.0
2022-11-01 00:00:00+01:00,28.299594267173564,28.5238243546763,28.299594267173564,28.4645938873291,10933,0.0,0.0,0.0
2022-11-02 00:00:00+01:00,28.481519485186567,28.481519485186567,28.350366758723812,28.379981994628906,8759,0.0,0.0,0.0
2022-11-03 00:00:00+01:00,28.240362019481868,28.460360423213864,28.206515118040585,28.422285079956055,24120,0.0,0.0,0.0
2022-11-04 00:00:00+01:00,28.55344302315853,28.705750879749733,28.515367672920114,28.54498291015625,24806,0.0,0.0,0.0
2022-11-07 00:00:00+01:00,28.536513907599076,28.78613076719495,28.515362015380596,28.616899490356445,20128,0.0,0.0,0.0
2022-11-08 00:00:00+01:00,28.638057711558854,28.84959602355957,28.638057711558854,28.84959602355957,41983,0.0,0.0,0.0
2022-11-09 00:00:00+01:00,28.70151251365362,28.735359413404243,28.642282052999036,28.650745391845703,14988,0.0,0.0,0.0
2022-11-10 00:00:00+01:00,28.629593244295783,29.027286288101067,28.629593244295783,28.900362014770508,30857,0.0,0.0,0.0
2022-11-11 00:00:00+01:00,29.052677775949025,29.052677775949025,28.76921714638916,28.81575584411621,50495,0.0,0.0,0.0
2022-11-14 00:00:00+01:00,28.980748277463043,29.120364335811914,28.91728613932097,29.018823623657227,46426,0.0,0.0,0.0
2022-11-15 00:00:00+01:00,28.95959434123312,29.094978735164286,28.921518993479932,29.039979934692383,43538,0.0,0.0,0.0
2022-11-16 00:00:00+01:00,29.056902665531098,29.056902665531098,28.841132683501193,28.84959602355957,14422,0.0,0.0,0.0
2022-11-17 00:00:00+01:00,29.078056705092667,29.078056705092667,28.625364863380547,28.7861328125,33879,0.0,0.0,0.0
2022-11-18 00:00:00+01:00,28.984983651370065,29.128828170243228,28.972291867683474,29.08652114868164,15363,0.0,0.0,0.0
2022-11-21 00:00:00+01:00,29.204979898977218,29.209211569160082,29.031520155302868,29.099210739135742,24650,0.0,0.0,0.0
2022-11-22 00:00:00+01:00,29.18805438393075,29.539208744471885,29.18805438393075,29.4926700592041,26578,0.0,0.0,0.0
2022-11-23 00:00:00+01:00,29.357285673284654,29.543440414355786,29.357285673284654,29.4926700592041,23223,0.0,0.0,0.0
2022-11-24 00:00:00+01:00,29.446129979014486,29.5942061397526,29.446129979014486,29.581514358520508,17368,0.0,0.0,0.0
2022-11-25 00:00:00+01:00,29.568826271758564,29.623825073242188,29.446133658154835,29.623825073242188,20356,0.0,0.0,0.0
2022-11-28 00:00:00+01:00,29.45036231214521,29.45036231214521,29.166901765515377,29.30228614807129,9881,0.0,0.0,0.0
2022-11-29 00:00:00+01:00,29.344591312021414,29.496899136270024,29.344591312021414,29.37420654296875,15238,0.0,0.0,0.0
2022-11-30 00:00:00+01:00,29.594207541689098,29.594207541689098,29.344593891451325,29.4926700592041,15523,0.0,0.0,0.0
2022-12-01 00:00:00+01:00,29.73805601013185,29.73805601013185,29.441900439410965,29.496902465820312,27572,0.0,0.0,0.0
2022-12-02 00:00:00+01:00,29.412283904476155,29.733823025278866,29.2684394093755,29.51805305480957,21148,0.0,0.0,0.0
2022-12-05 00:00:00+01:00,29.513821215085063,29.513821215085063,29.31074304958396,29.323434829711914,29839,0.0,0.0,0.0
2022-12-06 00:00:00+01:00,29.33613634531271,29.33613634531271,29.12036955589735,29.141521453857422,14819,0.0,0.0,0.0
2022-12-07 00:00:00+01:00,29.35429067688958,29.35429067688958,29.064918023263907,29.162792205810547,6950,0.2,0.0,0.0
2022-12-08 00:00:00+01:00,28.984068351265986,29.167054082063142,28.984068351265986,29.03513526916504,4554,0.0,0.0,0.0
2022-12-09 00:00:00+01:00,29.141518263755838,29.22662653528318,29.05640674555605,29.222370147705078,7094,0.0,0.0,0.0
2022-12-12 00:00:00+01:00,29.17556115522478,29.17556115522478,28.996831827635848,29.14577293395996,21850,0.0,0.0,0.0
2022-12-13 00:00:00+01:00,29.077693105406883,29.52877290747505,29.077693105406883,29.3074893951416,12189,0.0,0.0,0.0
2022-12-14 00:00:00+01:00,29.269182643134478,29.320249557495117,29.10321922980323,29.320249557495117,8748,0.0,0.0,0.0
2022-12-15 00:00:00+01:00,29.120240442171184,29.20960510394537,28.584049224853516,28.584049224853516,13652,0.0,0.0,0.0
2022-12-16 00:00:00+01:00,28.711716930903293,28.711716930903293,28.354255011632915,28.532987594604492,21850,0.0,0.0,0.0
2022-12-19 00:00:00+01:00,28.579793423739655,28.73298765347066,28.554258346557617,28.554258346557617,20248,0.0,0.0,0.0
2022-12-20 00:00:00+01:00,28.61809202632611,28.73298851373241,28.469150932772635,28.669158935546875,16306,0.0,0.0,0.0
2022-12-21 00:00:00+01:00,28.818105124524077,29.239396648400223,28.818105124524077,29.17556381225586,11426,0.0,0.0,0.0
2022-12-22 00:00:00+01:00,29.34577978615365,29.362802090009424,28.992574286159385,29.05215072631836,21873,0.0,0.0,0.0
2022-12-23 00:00:00+01:00,29.167047500610348,29.273434453889493,29.09044876438248,29.16704750061035,17882,0.0,0.0,0.0
2022-12-27 00:00:00+01:00,29.520263376747085,29.520263376747085,29.3074893951416,29.3074893951416,17035,0.0,0.0,0.0
2022-12-28 00:00:00+01:00,29.575577705407664,29.575577705407664,29.171308517456055,29.171308517456055,26237,0.0,0.0,0.0
2022-12-29 00:00:00+01:00,29.05215265652145,29.298971208819914,28.967044378260525,29.286205291748047,16741,0.0,0.0,0.0
2022-12-30 00:00:00+01:00,29.34578571792048,29.34578571792048,29.111736297607422,29.111736297607422,9446,0.0,0.0,0.0
2023-01-02 00:00:00+01:00,29.290456712367384,29.601104797343154,29.196835674153704,29.575572967529297,14650,0.0,0.0,0.0
2023-01-03 00:00:00+01:00,29.677704734253147,29.835158600044398,29.545785945981084,29.656429290771484,21860,0.0,0.0,0.0
2023-01-04 00:00:00+01:00,29.767070373359857,29.96707837940147,29.70324079413159,29.950056076049805,59250,0.0,0.0,0.0
2023-01-05 00:00:00+01:00,29.881968191471273,29.950054153835755,29.698982500525467,29.826644897460938,23284,0.0,0.0,0.0
2023-01-06 00:00:00+01:00,30.039423113060703,30.354330880001786,29.928783002519655,30.235177993774414,50990,0.0,0.0,0.0
2023-01-09 00:00:00+01:00,30.20112606926746,30.294747099104917,30.15005916753652,30.213891983032227,42852,0.0,0.0,0.0
2023-01-10 00:00:00+01:00,30.090491229015857,30.090491229015857,29.924527809902834,29.9458065032959,9042,0.0,0.0,0.0
2023-01-11 00:00:00+01:00,30.15431777725853,30.171340079090356,30.043674438687713,30.056440353393555,27805,0.0,0.0,0.0
2023-01-12 00:00:00+01:00,30.324545638123205,30.61391835311161,30.201136351926518,30.47774314880371,29411,0.0,0.0,0.0
2023-01-13 00:00:00+01:00,30.23942916925646,30.456459481732818,30.23942916925646,30.384117126464844,13238,0.0,0.0,0.0
2023-01-16 00:00:00+01:00,30.435176147193612,30.51603126525879,30.341558361721027,30.51603126525879,52134,0.0,0.0,0.0
2023-01-17 00:00:00+01:00,30.516033233614166,30.550077837803034,30.367092148628068,30.490501403808594,28175,0.0,0.0,0.0
2023-01-18 00:00:00+01:00,30.452205350522227,30.507528652968336,30.299007853502154,30.350074768066406,18901,0.0,0.0,0.0
2023-01-19 00:00:00+01:00,30.11601803562241,30.12027442292494,29.90324412390729,29.98835563659668,19055,0.0,0.0,0.0
2023-01-20 00:00:00+01:00,30.230919693876704,30.230919693876704,30.030911684642646,30.111766815185547,35869,0.0,0.0,0.0
2023-01-23 00:00:00+01:00,30.239430352908112,30.371352399253272,30.13729977402199,30.341564178466797,16680,0.0,0.0,0.0
2023-01-24 00:00:00+01:00,30.464969384830727,30.464969384830727,30.124533048791935,30.33730697631836,31216,0.0,0.0,0.0
2023-01-25 00:00:00+01:00,30.37985535531795,30.37985535531795,30.13303686695954,30.213891983032227,15883,0.0,0.0,0.0
2023-01-26 00:00:00+01:00,30.40539635508111,30.643705388376375,30.25219885034588,30.396886825561523,11219,0.0,0.0,0.0
2023-01-27 00:00:00+01:00,30.47347671618479,30.481986243229787,30.32453564285812,30.452198028564453,19039,0.0,0.0,0.0
2023-01-30 00:00:00+01:00,30.358585759747925,30.443697288122106,30.213901031521065,30.42241859436035,22914,0.0,0.0,0.0
2023-01-31 00:00:00+01:00,30.39688444684035,30.39688444684035,30.11176815349001,30.358583450317383,23377,0.0,0.0,0.0
2023-02-01 00:00:00+01:00,30.44369469293628,30.481992442435327,30.311775893542816,30.367095947265625,27335,0.0,0.0,0.0
2023-02-02 00:00:00+01:00,30.354332707551368,30.571359800529542,30.316031708002203,30.507530212402344,24216,0.0,0.0,0.0
2023-02-03 00:00:00+01:00,30.53731073883325,30.53731073883325,30.42666740284564,30.53305435180664,21109,0.0,0.0,0.0
2023-02-06 00:00:00+01:00,30.503274651729015,30.503274651729015,30.324545306778983,30.388378143310547,30939,0.0,0.0,0.0
2023-02-07 00:00:00+01:00,30.63518867783309,30.63944506538267,30.541567631776832,30.558589935302734,32155,0.0,0.0,0.0
2023-02-08 00:00:00+01:00,30.745829798306247,30.792640317940556,30.57986640930176,30.579866409301758,32867,0.0,0.0,0.0
2023-02-09 00:00:00+01:00,30.720299169558842,30.79264152212374,30.630934514036497,30.660722732543945,34672,0.0,0.0,0.0
2023-02-10 00:00:00+01:00,30.664978530854526,30.745833665241605,30.554338422051007,30.690513610839844,20089,0.0,0.0,0.0
2023-02-13 00:00:00+01:00,30.809663401907546,30.89477166885348,30.771362409111287,30.856473922729492,16138,0.0,0.0,0.0
2023-02-14 00:00:00+01:00,30.941588241253527,30.979889241540725,30.835201263427734,30.835201263427734,16227,0.0,0.0,0.0
2023-02-15 00:00:00+01:00,30.792647188539043,30.894777778405302,30.728814352370286,30.809669494628906,27537,0.0,0.0,0.0
2023-02-16 00:00:00+01:00,31.030955300095346,31.0437212189488,30.77137079449793,30.873504638671875,40022,0.0,0.0,0.0
2023-02-17 00:00:00+01:00,30.818178957374858,30.89903409945779,30.67349422593477,30.835201263427734,25391,0.0,0.0,0.0
2023-02-20 00:00:00+01:00,31.03946522985014,31.052231147532574,30.93733139504498,31.03095245361328,23406,0.0,0.0,0.0
2023-02-21 00:00:00+01:00,31.060734272620227,31.060734272620227,30.779874401499242,30.83945083618164,19518,0.0,0.0,0.0
2023-02-22 00:00:00+01:00,30.779883628179796,30.779883628179796,30.596897882039393,30.737329483032227,16061,0.0,0.0,0.0
2023-02-23 00:00:00+01:00,30.890521737940624,30.890521737940624,30.707539250428873,30.775625228881836,4738,0.0,0.0,0.0
2023-02-24 00:00:00+01:00,30.813920890606944,30.818174031435664,30.3841166598217,30.46922492980957,57827,0.0,0.0,0.0
2023-02-27 00:00:00+01:00,30.758595697312533,30.847960349293547,30.716041564941406,30.716041564941406,19668,0.0,0.0,0.0
2023-02-28 00:00:00+01:00,30.605400458330863,30.74157563986567,30.524548574923354,30.558589935302734,32394,0.0,0.0,0.0
2023-03-01 00:00:00+01:00,30.66976437024955,30.67403774478335,30.302051909028766,30.36191177368164,24323,0.17,0.0,0.0
2023-03-02 00:00:00+01:00,30.33198319670021,30.528666083936457,30.306326637761146,30.490182876586914,21891,0.0,0.0,0.0
2023-03-03 00:00:00+01:00,30.72962007933968,30.832236510279518,30.597070458003298,30.776653289794922,11114,0.0,0.0,0.0
2023-03-06 00:00:00+01:00,30.93485121317255,30.93485121317255,30.75099501769537,30.806581497192383,21647,0.0,0.0,0.0
2023-03-07 00:00:00+01:00,30.89637150493564,30.89637150493564,30.626998901367188,30.626998901367188,12170,0.0,0.0,0.0
2023-03-08 00:00:00+01:00,30.62272698735635,30.725343418212518,30.6098970791465,30.648380279541016,16393,0.0,0.0,0.0
2023-03-09 00:00:00+01:00,30.755273508947322,30.755273508947322,30.49017752720774,30.550037384033203,26438,0.0,0.0,0.0
2023-03-10 00:00:00+01:00,29.972822371329343,30.0198555928211,29.673523018307513,29.938615798950195,52714,0.0,0.0,0.0
2023-03-13 00:00:00+01:00,29.703447061461656,29.703447061461656,28.873955787460584,29.006502151489258,50858,0.0,0.0,0.0
2023-03-14 00:00:00+01:00,28.980845629971213,29.173255093413896,28.771336147754198,29.160425186157227,50333,0.0,0.0,0.0
2023-03-15 00:00:00+01:00,29.092021098698655,29.12195103066995,28.39507939015681,28.514799118041992,34863,0.0,0.0,0.0
2023-03-16 00:00:00+01:00,28.771339844900016,28.771339844900016,28.194117904632932,28.53190040588379,40759,0.0,0.0,0.0
2023-03-17 00:00:00+01:00,28.775619406439617,28.83975264689733,28.117157620090172,28.25398063659668,34710,0.0,0.0,0.0
2023-03-20 00:00:00+01:00,28.00598861942989,28.5404540510984,27.766549149920195,28.50197410583496,20700,0.0,0.0,0.0
2023-03-21 00:00:00+01:00,28.745687300652342,28.826923819797507,28.647344235854153,28.715757369995117,33280,0.0,0.0,0.0
2023-03-22 00:00:00+01:00,28.76278704960676,28.933816621221265,28.76278704960676,28.79271697998047,9688,0.0,0.0,0.0
2023-03-23 00:00:00+01:00,28.660172593993348,28.660172593993348,28.42928314566013,28.493419647216797,21927,0.0,0.0,0.0
2023-03-24 00:00:00+01:00,28.44210505094261,28.44210505094261,28.074395911708873,28.343765258789062,66835,0.0,0.0,0.0
2023-03-27 00:00:00+02:00,28.75423530229355,28.75423530229355,28.420729451952973,28.66872215270996,10012,0.0,0.0,0.0
2023-03-28 00:00:00+02:00,28.925266248248683,28.925266248248683,28.621690311941748,28.796993255615234,22305,0.0,0.0,0.0
2023-03-29 00:00:00+02:00,28.83120418069707,29.015060424804688,28.809824257986662,29.015060424804688,12751,0.0,0.0,0.0
2023-03-30 00:00:00+02:00,29.04926102494367,29.24166724131361,29.04926102494367,29.220287322998047,25269,0.0,0.0,0.0
2023-03-31 00:00:00+02:00,29.1989122212146,29.331458587898155,29.066365854531046,29.2887020111084,24377,0.0,0.0,0.0
2023-04-03 00:00:00+02:00,29.506763271927074,29.532416564254536,29.4255234967334,29.47683334350586,25275,0.0,0.0,0.0
2023-04-04 00:00:00+02:00,29.6179322593398,29.63503554306746,29.327182960205214,29.421249389648438,24320,0.0,0.0,0.0
2023-04-05 00:00:00+02:00,29.425525835041412,29.425525835041412,29.220289693759966,29.32718276977539,19935,0.0,0.0,0.0
2023-04-06 00:00:00+02:00,29.39987346307518,29.566626405921575,29.39987346307518,29.540969848632812,20761,0.0,0.0,0.0
2023-04-11 00:00:00+02:00,29.771857406128014,29.797513961791992,29.652137686755093,29.797513961791992,20712,0.0,0.0,0.0
2023-04-12 00:00:00+02:00,29.895857497638016,29.94289071642869,29.724827907682663,29.750484466552734,14490,0.0,0.0,0.0
2023-04-13 00:00:00+02:00,29.759034567254343,29.759034567254343,29.566628316801946,29.66924476623535,29497,0.0,0.0,0.0
2023-04-14 00:00:00+02:00,29.801790419233104,29.934340061210307,29.716277257153255,29.83172035217285,17886,0.0,0.0,0.0
2023-04-17 00:00:00+02:00,30.002748210985043,30.002748210985043,29.8873051226123,29.925785064697266,14232,0.0,0.0,0.0
2023-04-18 00:00:00+02:00,29.921511248326343,30.105367469402477,29.921511248326343,30.011301040649414,16212,0.0,0.0,0.0
2023-04-19 00:00:00+02:00,30.066882639107916,30.13956914389637,30.007022780797705,30.0882625579834,30791,0.0,0.0,0.0
2023-04-20 00:00:00+02:00,30.165223655189067,30.165223655189067,29.912954330444336,29.912954330444336,7710,0.0,0.0,0.0
2023-04-21 00:00:00+02:00,29.8787561250135,29.977099205721295,29.771863032213787,29.81462287902832,35823,0.0,0.0,0.0
2023-04-24 00:00:00+02:00,29.810344696044922,29.835997993108688,29.707728245671714,29.810344696044922,15488,0.0,0.0,0.0
2023-04-25 00:00:00+02:00,29.66496268162743,29.754752466157154,29.60937946133308,29.682065963745117,7472,0.0,0.0,0.0
2023-04-26 00:00:00+02:00,29.57517615020515,29.67351921766967,29.442629776860585,29.5922794342041,10967,0.0,0.0,0.0
2023-04-27 00:00:00+02:00,29.626485919185615,29.699172429389098,29.558072783381498,29.673519134521484,5820,0.0,0.0,0.0
2023-04-28 00:00:00+02:00,29.835997993108688,29.835997993108688,29.53669865363761,29.810344696044922,11151,0.0,0.0,0.0
2023-05-02 00:00:00+02:00,29.844543023326704,29.844543023326704,29.22456133121688,29.228837966918945,30451,0.0,0.0,0.0
2023-05-03 00:00:00+02:00,29.395595172463214,29.395595172463214,29.194635672618084,29.27159881591797,18325,0.0,0.0,0.0
2023-05-04 00:00:00+02:00,29.280152707690767,29.280152707690767,28.94237019729441,29.062089920043945,17972,0.0,0.0,0.0
2023-05-05 00:00:00+02:00,29.24594483579913,29.583727331125566,29.228841553009705,29.562347412109375,9727,0.0,0.0,0.0
2023-05-08 00:00:00+02:00,29.656417577410206,29.759034024973694,29.626487644282605,29.707727432250977,7263,0.0,0.0,0.0
2023-05-09 00:00:00+02:00,29.763313026090376,29.793242961595563,29.61793672355209,29.686349868774414,20587,0.0,0.0,0.0
2023-05-10 00:00:00+02:00,29.80178813137796,29.80178813137796,29.472558894315334,29.55379867553711,13328,0.0,0.0,0.0
2023-05-11 00:00:00+02:00,29.6906198416741,29.93005927197225,29.378490645363225,29.472557067871094,7203,0.0,0.0,0.0
2023-05-12 00:00:00+02:00,29.50248755340521,29.669240482955047,29.48110763438902,29.562347412109375,22039,0.0,0.0,0.0
2023-05-15 00:00:00+02:00,29.77185583551533,29.77185583551533,29.643586112433074,29.664962768554688,8569,0.0,0.0,0.0
2023-05-16 00:00:00+02:00,29.57945233090982,29.673518760395556,29.502489185159476,29.549522399902344,10759,0.0,0.0,0.0
2023-05-17 00:00:00+02:00,29.416973846442616,29.515313642978967,29.348560716575957,29.472557067871094,7802,0.0,0.0,0.0
2023-05-18 00:00:00+02:00,29.62220374134315,29.716270154418197,29.592273815557203,29.639307022094727,6853,0.0,0.0,0.0
2023-05-19 00:00:00+02:00,29.72055153111387,29.870201183915498,29.66069166999322,29.724824905395508,10302,0.0,0.0,0.0
2023-05-22 00:00:00+02:00,29.71200298240596,29.793242776322693,29.664969760887672,29.784692764282227,13343,0.0,0.0,0.0
2023-05-23 00:00:00+02:00,29.711994850253806,29.912954330444336,29.707721476462336,29.912954330444336,8099,0.0,0.0,0.0
2023-05-24 00:00:00+02:00,29.707727062461185,29.707727062461185,29.43407776883474,29.519594192504883,13799,0.0,0.0,0.0
2023-05-25 00:00:00+02:00,29.481106768345686,29.50676332283495,29.26732063293457,29.26732063293457,21268,0.0,0.0,0.0
2023-05-26 00:00:00+02:00,29.369940275984725,29.532416564254536,29.203187351621157,29.47683334350586,4372,0.0,0.0,0.0
2023-05-29 00:00:00+02:00,29.630760543267073,29.630760543267073,29.485384270615786,29.562347412109375,5906,0.0,0.0,0.0
2023-05-30 00:00:00+02:00,29.502486411046632,29.626482759880496,29.224563785185733,29.254493713378906,20905,0.0,0.0,0.0
2023-05-31 00:00:00+02:00,29.16470644796727,29.305806091116107,29.0107801576445,29.044986724853516,5858,0.0,0.0,0.0
2023-06-01 00:00:00+02:00,29.181807582345385,29.3229072151023,29.139051007542015,29.314353942871094,19115,0.0,0.0,0.0
2023-06-02 00:00:00+02:00,29.344287257382973,29.77613621559696,29.344287257382973,29.746206283569336,32393,0.0,0.0,0.0
2023-06-05 00:00:00+02:00,29.827443520712905,29.964266521454437,29.703447166585008,29.737653732299805,18604,0.0,0.0,0.0
2023-06-06 00:00:00+02:00,29.729097758092784,29.895850673151187,29.660687894997793,29.85309410095215,17529,0.0,0.0,0.0
2023-06-07 00:00:00+02:00,29.897053547506516,30.064078347424932,29.804751957044054,29.954195022583008,18137,0.95,0.0,0.0
2023-06-08 00:00:00+02:00,30.090445521226858,30.13439817500989,29.954191288487696,29.980562210083008,777,0.0,0.0,0.0
2023-06-09 00:00:00+02:00,30.05967509151257,30.094838552101724,29.92781379098934,30.020118713378906,7761,0.0,0.0,0.0
2023-06-12 00:00:00+02:00,30.182754818207503,30.182754818207503,29.936617211384707,29.993755340576172,24117,0.0,0.0,0.0
2023-06-13 00:00:00+02:00,29.98935817731979,30.130008697509766,29.897053234450915,30.130008697509766,8211,0.0,0.0,0.0
2023-06-14 00:00:00+02:00,30.07725889935965,30.384930817336382,30.07725889935965,30.29262924194336,5409,0.0,0.0,0.0
2023-06-15 00:00:00+02:00,30.15198078008158,30.15198078008158,29.936610422949087,30.064075469970703,12109,0.0,0.0,0.0
2023-06-16 00:00:00+02:00,30.169563539329975,30.20033073425293,30.055283949599243,30.20033073425293,14031,0.0,0.0,0.0
2023-06-19 00:00:00+02:00,30.11681752193069,30.130006336573445,29.976167012761852,30.08165740966797,8811,0.0,0.0,0.0
2023-06-20 00:00:00+02:00,29.93660735011047,29.93660735011047,29.716840744018555,29.716840744018555,14121,0.0,0.0,0.0
2023-06-21 00:00:00+02:00,29.70365490774338,29.791560207717165,29.624538796418076,29.694862365722656,5718,0.0,0.0,0.0
2023-06-22 00:00:00+02:00,29.453126367848576,29.488286482086476,29.32126504099472,29.4267520904541,5795,0.0,0.0,0.0
2023-06-23 00:00:00+02:00,29.44872777907487,29.44872777907487,29.18500849948901,29.34324073791504,19947,0.0,0.0,0.0
2023-06-26 00:00:00+02:00,29.303683151212425,29.37401008605957,29.05314931422191,29.37401008605957,19975,0.0,0.0,0.0
2023-06-27 00:00:00+02:00,29.589379525951752,29.589379525951752,29.259729574301943,29.49707794189453,9648,0.0,0.0,0.0
2023-06-28 00:00:00+02:00,29.602567068900264,29.602567068900264,29.387196690956916,29.501476287841797,14755,0.0,0.0,0.0
2023-06-29 00:00:00+02:00,29.694864399821828,29.747609595442494,29.58058817270243,29.68607521057129,10188,0.0,0.0,0.0
2023-06-30 00:00:00+02:00,29.883865642669896,30.024516152837336,29.83991298699995,29.927818298339844,6258,0.0,0.0,0.0
2023-07-03 00:00:00+02:00,30.05967828266735,30.209121329350126,30.05967828266735,30.187143325805664,15162,0.0,0.0,0.0
2023-07-04 00:00:00+02:00,30.319006348559725,30.319006348559725,30.15198156030538,30.16956329345703,8266,0.0,0.0,0.0
2023-07-05 00:00:00+02:00,30.06846962559226,30.099236817303268,29.954190047791784,30.046491622924805,6971,0.0,0.0,0.0
2023-07-06 00:00:00+02:00,29.87507485180203,29.87507485180203,29.255331373939594,29.264123916625977,9209,0.0,0.0,0.0
2023-07-07 00:00:00+02:00,29.356425158323223,29.488283116756037,29.228960117810782,29.47509765625,13969,0.0,0.0,0.0
2023-07-10 00:00:00+02:00,29.308079422983578,29.470707944787986,29.308079422983578,29.37401008605957,13551,0.0,0.0,0.0
2023-07-11 00:00:00+02:00,29.466306947208665,29.716840744018555,29.409168836838788,29.716840744018555,4167,0.0,0.0,0.0
2023-07-12 00:00:00+02:00,29.795959377940182,30.037700653076172,29.721239530354836,30.037700653076172,7069,0.0,0.0,0.0
2023-07-13 00:00:00+02:00,29.976168179472825,30.07286603704738,29.96298271768953,29.989356994628906,4522,0.0,0.0,0.0
2023-07-14 00:00:00+02:00,30.024520191431826,30.024520191431826,29.694870199507022,29.712451934814453,11619,0.0,0.0,0.0
2023-07-17 00:00:00+02:00,29.536632745320862,29.690472063886965,29.536632745320862,29.554214477539062,6617,0.0,0.0,0.0
2023-07-18 00:00:00+02:00,29.453120716499093,29.888257646227903,29.453120716499093,29.831119537353516,5296,0.0,0.0,0.0
2023-07-19 00:00:00+02:00,29.83113014465685,30.05089682314103,29.81354840797331,29.993755340576172,11294,0.0,0.0,0.0
2023-07-20 00:00:00+02:00,30.00693164520466,30.27065426158372,30.00693164520466,30.235490798950195,9860,0.0,0.0,0.0
2023-07-21 00:00:00+02:00,30.244280900699618,30.362956752326323,30.244280900699618,30.332189559936523,8515,0.0,0.0,0.0
2023-07-24 00:00:00+02:00,30.270660805564262,30.573936514567226,30.270660805564262,30.538776397705078,8502,0.0,0.0,0.0
2023-07-25 00:00:00+02:00,30.58711549831656,30.767325730068563,30.58711549831656,30.714580535888672,17915,0.0,0.0,0.0
2023-07-26 00:00:00+02:00,30.771719080000505,30.771719080000505,30.428883733808654,30.591508865356445,12618,0.0,0.0,0.0
2023-07-27 00:00:00+02:00,30.758536338261024,31.013463058352084,30.64865303280669,30.916765213012695,13024,0.0,0.0,0.0
2023-07-28 00:00:00+02:00,30.969514523025065,30.969514523025065,30.793700540256097,30.912376403808594,9556,0.0,0.0,0.0
2023-07-31 00:00:00+02:00,30.947536549798347,30.97830374197807,30.84204615943434,30.973907470703125,20315,0.0,0.0,0.0
2023-08-01 00:00:00+02:00,30.92555866955403,30.92555866955403,30.573930740356445,30.573930740356445,10515,0.0,0.0,0.0
2023-08-02 00:00:00+02:00,30.340979290499313,30.42888795130463,30.11242347915054,30.187143325805664,44333,0.0,0.0,0.0
2023-08-03 00:00:00+02:00,30.081655416381444,30.12560806882692,29.96737583732526,30.10363006591797,10394,0.0,0.0,0.0
2023-08-04 00:00:00+02:00,30.257467644109184,30.283841919684715,30.11681713673925,30.27944564819336,16342,0.0,0.0,0.0
2023-08-07 00:00:00+02:00,30.231097603414472,30.275050259491827,30.125610558154282,30.143192291259766,15580,0.0,0.0,0.0
2023-08-08 00:00:00+02:00,30.09924576067742,30.13001296153027,29.804755862944845,29.993755340576172,13991,0.0,0.0,0.0
2023-08-09 00:00:00+02:00,30.239881726016584,30.257460100854463,30.05088233947754,30.05088233947754,32168,0.0,0.0,0.0
2023-08-10 00:00:00+02:00,30.24427642514879,30.327788800722566,30.173952861538222,30.266254425048828,3682,0.0,0.0,0.0
2023-08-11 00:00:00+02:00,30.200327704486643,30.200327704486643,30.00693201101696,30.086048126220703,9648,0.0,0.0,0.0
2023-08-14 00:00:00+02:00,30.116813367067696,30.17835110012629,30.00253714957706,30.072860717773438,7023,0.0,0.0,0.0
2023-08-15 00:00:00+02:00,30.055282770562734,30.055282770562734,29.62014578704437,29.83991241455078,15501,0.0,0.0,0.0
2023-08-16 00:00:00+02:00,29.67289539348971,29.738826062211757,29.60696472476766,29.659709930419922,12172,0.0,0.0,0.0
2023-08-17 00:00:00+02:00,29.54982660034088,29.765196988351335,29.54982660034088,29.659709930419922,4338,0.0,0.0,0.0
2023-08-18 00:00:00+02:00,29.46191314514948,29.64212338686577,29.422356762356674,29.58498191833496,6186,0.0,0.0,0.0
2023-08-21 00:00:00+02:00,29.677283168729986,29.747610097410917,29.527843475341797,29.527843475341797,11777,0.0,0.0,0.0
2023-08-22 00:00:00+02:00,29.549821347668438,29.861889547216006,29.549821347668438,29.756399154663086,11420,0.0,0.0,0.0
2023-08-23 00:00:00+02:00,29.686073470767433,29.773978771610892,29.598164816551698,29.69046974182129,11079,0.0,0.0,0.0
2023-08-24 00:00:00+02:00,29.914628674525453,29.914628674525453,29.628934775737136,29.650909423828125,17096,0.0,0.0,0.0
2023-08-25 00:00:00+02:00,29.78277700306337,29.822333389987623,29.589381280217033,29.725635528564453,15052,0.0,0.0,0.0
2023-08-28 00:00:00+02:00,29.861891941769066,30.068473118701473,29.817935931327696,29.989356994628906,13953,0.0,0.0,0.0
2023-08-29 00:00:00+02:00,30.06407273637916,30.213512420654297,30.046491005281084,30.213512420654297,24826,0.0,0.0,0.0
2023-08-30 00:00:00+02:00,30.187144859519492,30.384933487978554,30.125610470515664,30.1651668548584,5121,0.0,0.0,0.0
2023-08-31 00:00:00+02:00,30.34977473582679,30.424494589627894,30.31021499633789,30.31021499633789,6019,0.0,0.0,0.0
2023-09-01 00:00:00+02:00,30.48162663660385,30.534371827622785,30.428884798957093,30.472837448120117,23326,0.0,0.0,0.0
2023-09-04 00:00:00+02:00,30.7585331130323,30.7585331130323,30.47283587813374,30.52997398376465,33526,0.0,0.0,0.0
2023-09-05 00:00:00+02:00,30.54755973815918,30.710188241821015,30.160771699767793,30.54755973815918,15112,0.0,0.0,0.0
2023-09-06 00:00:00+02:00,30.529775291711164,30.529775291711164,30.356358076178115,30.383039474487305,17998,0.4,0.0,0.0
2023-09-07 00:00:00+02:00,30.271878101646923,30.458630937006394,30.271878101646923,30.405271530151367,10936,0.0,0.0,0.0
2023-09-08 00:00:00+02:00,30.37415068482113,30.37415068482113,30.045109440143854,30.34302520751953,25027,0.0,0.0,0.0
2023-09-11 00:00:00+02:00,30.578687119857115,30.60536852102957,30.449741149283064,30.547561645507812,10694,0.0,0.0,0.0
2023-09-12 00:00:00+02:00,30.658720788275144,30.787670135498047,30.56090030401605,30.787670135498047,5025,0.0,0.0,0.0
2023-09-13 00:00:00+02:00,30.76098887323071,30.81879234313965,30.609805609160524,30.81879234313965,8599,0.0,0.0,0.0
2023-09-14 00:00:00+02:00,30.676512150572133,31.3034725189209,30.676512150572133,31.3034725189209,14155,0.0,0.0,0.0
2023-09-15 00:00:00+02:00,31.41018839672169,31.556924237240537,31.24122201190821,31.285686492919922,51337,0.0,0.0,0.0
2023-09-18 00:00:00+02:00,31.294569025658898,31.347928422969726,31.05890429094032,31.103368759155273,10828,0.0,0.0,0.0
2023-09-19 00:00:00+02:00,31.121158709953182,31.29012845748173,31.121158709953182,31.17007064819336,24660,0.0,0.0,0.0
2023-09-20 00:00:00+02:00,31.26344424918167,31.450200447683713,31.170067846141425,31.396841049194336,8530,0.0,0.0,0.0
2023-09-21 00:00:00+02:00,31.245657567453307,31.245657567453307,30.992206363115052,31.107816696166992,25895,0.0,0.0,0.0
2023-09-22 00:00:00+02:00,30.88105261447479,31.05446646905454,30.86771360911058,30.956645965576172,28210,0.0,0.0,0.0
2023-09-25 00:00:00+02:00,30.885497970453756,30.907731906156865,30.640941639830977,30.85881996154785,27395,0.0,0.0,0.0
2023-09-26 00:00:00+02:00,30.83658629038002,30.85882022627387,30.623155432457285,30.765443801879883,9751,0.0,0.0,0.0
2023-09-27 00:00:00+02:00,30.76098740770301,30.872150270062093,30.716522941243642,30.80100440979004,7466,0.0,0.0,0.0
2023-09-28 00:00:00+02:00,30.85437249592277,30.898836974906704,30.703192588892943,30.85881996154785,17518,0.0,0.0,0.0
2023-09-29 00:00:00+02:00,30.81434901950142,31.032227295520077,30.752098083496094,30.752098083496094,29942,0.0,0.0,0.0
2023-10-02 00:00:00+02:00,30.738759106033474,30.885494925393548,30.320788973886234,30.365253448486328,33590,0.0,0.0,0.0
2023-10-03 00:00:00+02:00,30.329678771169164,30.391929710521005,29.98729860473402,30.031763076782227,18491,0.0,0.0,0.0
2023-10-04 00:00:00+02:00,29.889477398505665,30.049552226103813,29.63157868821731,29.751636505126953,30768,0.0,0.0,0.0
2023-10-05 00:00:00+02:00,29.862800937493187,29.90726541581209,29.72940411011424,29.79610252380371,12350,0.0,0.0,0.0
2023-10-06 00:00:00+02:00,29.89836850052692,30.053995860526182,29.7649750744227,29.96506690979004,21903,0.0,0.0,0.0
2023-10-09 00:00:00+02:00,30.00508961116117,30.14737797869366,29.84945884681622,30.13848304748535,22706,0.0,0.0,0.0
2023-10-10 00:00:00+02:00,30.44974073462627,30.636493578178925,30.44084580354916,30.587581634521484,11242,0.0,0.0,0.0
2023-10-11 00:00:00+02:00,30.6187080249821,30.698745444960814,30.547562143924438,30.574243545532227,21102,0.0,0.0,0.0
2023-10-12 00:00:00+02:00,30.79211955226174,30.796567017598733,30.587580248247114,30.596471786499023,16069,0.0,0.0,0.0
2023-10-13 00:00:00+02:00,30.54311224201664,30.6631666528631,30.440840905618657,30.525325775146484,11725,0.0,0.0,0.0
2023-10-16 00:00:00+02:00,30.72542025334499,30.72542025334499,30.489755483630773,30.632043838500977,15827,0.0,0.0,0.0
2023-10-17 00:00:00+02:00,30.64982792603339,30.667614393063257,30.45418018112654,30.627593994140625,23474,0.0,0.0,0.0
2023-10-18 00:00:00+02:00,30.69874578814341,30.74765773381176,30.498650539748596,30.507545471191406,21257,0.0,0.0,0.0
2023-10-19 00:00:00+02:00,30.35636423809836,30.35636423809836,30.089573947805107,30.147380828857422,18317,0.0,0.0,0.0
2023-10-20 00:00:00+02:00,29.97839903592763,29.97839903592763,29.662696923089715,29.689374923706055,20284,0.0,0.0,0.0
2023-10-23 00:00:00+02:00,29.676042260781422,29.676042260781422,29.364787545717515,29.55154037475586,33909,0.0,0.0,0.0
2023-10-24 00:00:00+02:00,29.44927401488667,29.720508342726706,29.369236599195826,29.640474319458008,30676,0.0,0.0,0.0
2023-10-25 00:00:00+02:00,29.66270120606138,29.747186076773477,29.529307791297875,29.69382667541504,63337,0.0,0.0,0.0
2023-10-26 00:00:00+02:00,29.59600619127199,29.822779432484197,29.484843303363157,29.733850479125977,18254,0.0,0.0,0.0
2023-10-27 00:00:00+02:00,29.778314042837415,29.83167005624767,29.275855633744126,29.338109970092773,24409,0.0,0.0,0.0
2023-10-30 00:00:00+01:00,29.400361100322677,29.533754527115605,29.351449159438662,29.413700103759766,20038,0.0,0.0,0.0
2023-10-31 00:00:00+01:00,29.351445529441836,29.68048667907715,29.351445529441836,29.68048667907715,24786,0.0,0.0,0.0
2023-11-01 00:00:00+01:00,29.84501227179766,30.01397863394648,29.760527394512255,29.86724281311035,15374,0.0,0.0,0.0
2023-11-02 00:00:00+01:00,30.01397956877063,30.298556288843724,29.956176088650878,30.28521728515625,27386,0.0,0.0,0.0
2023-11-03 00:00:00+01:00,30.489755522241452,30.52088099389554,30.360806170411102,30.44084358215332,27357,0.0,0.0,0.0
2023-11-06 00:00:00+01:00,30.445293083695407,30.445293083695407,30.262984314369227,30.276323318481445,28674,0.0,0.0,0.0
2023-11-07 00:00:00+01:00,30.182945213789008,30.182945213789008,29.96506690979004,29.96506690979004,10452,0.0,0.0,0.0
2023-11-08 00:00:00+01:00,29.809439256090016,29.965066614555948,29.649364432404496,29.840564727783203,15446,0.0,0.0,0.0
2023-11-09 00:00:00+01:00,29.902817426598336,30.040658324699752,29.791654536536633,29.98285484313965,12271,0.0,0.0,0.0
2023-11-10 00:00:00+01:00,29.893922775439606,29.98729918627822,29.813885367231958,29.871688842773438,25451,0.0,0.0,0.0
2023-11-13 00:00:00+01:00,30.045106727802686,30.187395095825195,30.022872792127615,30.187395095825195,20796,0.0,0.0,0.0
2023-11-14 00:00:00+01:00,30.222964762834668,30.52088047105199,30.058442476954603,30.43195152282715,17502,0.0,0.0,0.0
2023-11-15 00:00:00+01:00,30.538670057601394,30.59202946743818,30.414168160404486,30.54311752319336,13757,0.0,0.0,0.0
2023-11-16 00:00:00+01:00,30.58758002706956,30.58758002706956,30.298555845852395,30.303003311157227,17081,0.0,0.0,0.0
2023-11-17 00:00:00+01:00,30.49864691361111,30.67650820467444,30.49864691361111,30.583131790161133,10251,0.0,0.0,0.0
2023-11-20 00:00:00+01:00,30.712084732254578,30.734318668395343,30.59203029739259,30.698745727539062,24201,0.0,0.0,0.0
2023-11-21 00:00:00+01:00,30.725419839608772,30.814352180468855,30.54755855031053,30.67206382751465,31744,0.0,0.0,0.0
2023-11-22 00:00:00+01:00,30.818795748801822,30.818795748801822,30.6142564568041,30.645381927490234,6718,0.0,0.0,0.0
2023-11-23 00:00:00+01:00,30.698745727539062,30.747657673110854,30.663172786682786,30.698745727539062,6088,0.0,0.0,0.0
2023-11-24 00:00:00+01:00,30.703185791902694,30.854365665464723,30.66316539498116,30.79656219482422,20895,0.0,0.0,0.0
2023-11-27 00:00:00+01:00,30.8099044310942,30.8099044310942,30.6809550823531,30.743206024169922,24575,0.0,0.0,0.0
2023-11-28 00:00:00+01:00,30.716533189733177,30.716533189733177,30.54311933798764,30.712085723876953,9679,0.0,0.0,0.0
2023-11-29 00:00:00+01:00,30.716525150801168,30.818793091772104,30.632040283756115,30.752098083496094,11488,0.0,0.0,0.0
2023-11-30 00:00:00+01:00,30.863269979808397,31.018897365334915,30.801015633175215,30.938859939575195,21012,0.0,0.0,0.0
2023-12-01 00:00:00+01:00,31.112268623031206,31.40129280090332,31.112268623031206,31.40129280090332,19135,0.0,0.0,0.0
2023-12-04 00:00:00+01:00,31.40129280090332,31.40129280090332,31.40129280090332,31.40129280090332,0,0.0,0.0,0.0
2023-12-05 00:00:00+01:00,31.40129280090332,31.40129280090332,31.40129280090332,31.40129280090332,0,0.0,0.0,0.0
2023-12-06 00:00:00+01:00,31.65229034423828,31.65229034423828,31.65229034423828,31.65229034423828,0,0.28,0.0,0.0
2023-12-07 00:00:00+01:00,31.68365729857456,31.68365729857456,31.51333696948989,31.63883399963379,13228,0.0,0.0,0.0
2023-12-08 00:00:00+01:00,31.670216943852555,31.862942115384953,31.64332227610766,31.73296546936035,12447,0.0,0.0,0.0
2023-12-11 00:00:00+01:00,31.791232926118624,31.916729984815326,31.746413036518142,31.871910095214844,11831,0.0,0.0,0.0
2023-12-12 00:00:00+01:00,32.0198202573371,32.0198202573371,31.679182925790943,31.71504020690918,6248,0.0,0.0,0.0
2023-12-13 00:00:00+01:00,31.710556338818513,31.782270899125745,31.64780780831891,31.68814468383789,9558,0.0,0.0,0.0
2023-12-14 00:00:00+01:00,31.92569867512718,32.082570011571626,31.88535837744794,31.99740982055664,22673,0.0,0.0,0.0
2023-12-15 00:00:00+01:00,32.17220013185399,32.329071421165224,32.08703996642604,32.20805740356445,22352,0.0,0.0,0.0
2023-12-18 00:00:00+01:00,32.13634666175687,32.217023822880414,32.03774428219524,32.08704376220703,8152,0.0,0.0,0.0
2023-12-19 00:00:00+01:00,32.18116279083809,32.225982666015625,32.06911139312562,32.225982666015625,8354,0.0,0.0,0.0
2023-12-20 00:00:00+01:00,32.338044266389595,32.400792795342774,32.2170268037382,32.31114959716797,6104,0.0,0.0,0.0
2023-12-21 00:00:00+01:00,32.25736499652436,32.25736499652436,32.055670378423414,32.243919372558594,6774,0.0,0.0,0.0
2023-12-22 00:00:00+01:00,32.23943583665701,32.45905567013504,32.23495282222821,32.44561004638672,30946,0.0,0.0,0.0
2023-12-27 00:00:00+01:00,32.485954424375606,32.5038796452699,32.36045394134601,32.405277252197266,10663,0.0,0.0,0.0
2023-12-28 00:00:00+01:00,32.55317651972564,32.55317651972564,32.3425227276344,32.4366455078125,12690,0.0,0.0,0.0
2023-12-29 00:00:00+01:00,32.62937143801706,32.62937143801706,32.38733998594303,32.45008850097656,2751,0.0,0.0,0.0
2024-01-02 00:00:00+01:00,32.73245465347754,32.88932593068483,32.53524309382416,32.840023040771484,24659,0.0,0.0,0.0
2024-01-03 00:00:00+01:00,32.81313629795279,32.86692220874322,32.58903346563277,32.69660186767578,57009,0.0,0.0,0.0
2024-01-04 00:00:00+01:00,32.777277731002776,32.884849548339844,32.71452921399168,32.884849548339844,49680,0.0,0.0,0.0
2024-01-05 00:00:00+01:00,32.79520990992042,33.01035014829732,32.647301209757444,32.92518997192383,29657,0.0,0.0,0.0
2024-01-08 00:00:00+01:00,32.85347677812524,32.94311654376251,32.674193827312834,32.875885009765625,24514,0.0,0.0,0.0
2024-01-09 00:00:00+01:00,32.91174160229318,32.93415325300733,32.64281889141242,32.66074752807617,30984,0.0,0.0,0.0
2024-01-10 00:00:00+01:00,32.53973063631568,32.62040779289941,32.45457388514354,32.47698211669922,22898,0.0,0.0,0.0
2024-01-11 00:00:00+01:00,32.61593253776817,32.61593253776817,32.11842727661133,32.11842727661133,23807,0.0,0.0,0.0
2024-01-12 00:00:00+01:00,32.342527281182925,32.46354132429595,32.23943845816649,32.31114959716797,36007,0.0,0.0,0.0
2024-01-15 00:00:00+01:00,32.4052736992241,32.4052736992241,32.18117084769291,32.243919372558594,20944,0.0,0.0,0.0
2024-01-16 00:00:00+01:00,32.082567399872154,32.33804453258118,32.046710120307075,32.27081298828125,47226,0.0,0.0,0.0
2024-01-17 00:00:00+01:00,31.96603260165982,31.96603260165982,31.786749625332398,31.903284072875977,20756,0.0,0.0,0.0
2024-01-18 00:00:00+01:00,31.849498311305922,32.27081279482396,31.78674978221239,31.83156967163086,19456,0.0,0.0,0.0
2024-01-19 00:00:00+01:00,32.03326209735819,32.091527607635925,31.85397913249222,31.86294174194336,37367,0.0,0.0,0.0
2024-01-22 00:00:00+01:00,32.10946124622585,32.1677267655768,32.00637583356349,32.11842727661133,34866,0.0,0.0,0.0
2024-01-23 00:00:00+01:00,32.13186855756691,32.36045100840623,32.1004942945377,32.32011413574219,13116,0.0,0.0,0.0
2024-01-24 00:00:00+01:00,32.45010066614156,32.5845603546761,32.45010066614156,32.56663513183594,14801,0.0,0.0,0.0
2024-01-25 00:00:00+01:00,32.65627038527024,32.72798152528036,32.53077332559872,32.71005630493164,33003,0.0,0.0,0.0
2024-01-26 00:00:00+01:00,32.848995074979506,32.90278098823117,32.759351886226725,32.80865478515625,11532,0.0,0.0,0.0
2024-01-29 00:00:00+01:00,32.956561601815636,32.96104461588203,32.83554757832559,32.93863296508789,16241,0.0,0.0,0.0
2024-01-30 00:00:00+01:00,33.014830662275315,33.014830662275315,32.898296232833054,32.978973388671875,17524,0.0,0.0,0.0
2024-01-31 00:00:00+01:00,33.12240425571426,33.16274113018784,32.98345815360462,33.050689697265625,18839,0.0,0.0,0.0
2024-02-01 00:00:00+01:00,32.90726300770578,32.9162290370107,32.50836019209326,32.59800338745117,15588,0.0,0.0,0.0
2024-02-02 00:00:00+01:00,32.763837488949754,32.78624914279301,32.60248315598548,32.65626907348633,35171,0.0,0.0,0.0
2024-02-05 00:00:00+01:00,32.64730079974333,32.683158075612155,32.391823693369446,32.42768096923828,29202,0.0,0.0,0.0
2024-02-06 00:00:00+01:00,32.517325215544155,32.642822265625,32.39182474592516,32.642822265625,20331,0.0,0.0,0.0
2024-02-07 00:00:00+01:00,32.611447692819475,32.714533088888714,32.40527348114288,32.42319869995117,15630,0.0,0.0,0.0
2024-02-08 00:00:00+01:00,32.400793371684415,32.40527638655749,32.2484016418457,32.2484016418457,15770,0.0,0.0,0.0
2024-02-09 00:00:00+01:00,32.29321612339537,32.34699860901587,32.19012732672693,32.234947204589844,31296,0.0,0.0,0.0
2024-02-12 00:00:00+01:00,32.33355805696173,32.508358001708984,32.288738172071824,32.508358001708984,10812,0.0,0.0,0.0
2024-02-13 00:00:00+01:00,32.53973441802116,32.602482944930145,32.27081167133436,32.338043212890625,18962,0.0,0.0,0.0
2024-02-14 00:00:00+01:00,32.24839931764676,32.49043081027278,32.24839931764676,32.360450744628906,18958,0.0,0.0,0.0
2024-02-15 00:00:00+01:00,32.49043333741595,32.687644958496094,32.450096461943254,32.687644958496094,17279,0.0,0.0,0.0
2024-02-16 00:00:00+01:00,32.844512504784205,32.947601318359375,32.82658386679121,32.947601318359375,7091,0.0,0.0,0.0
2024-02-19 00:00:00+01:00,32.89382157245173,32.98346135968739,32.857964289741986,32.9744987487793,7550,0.0,0.0,0.0
2024-02-20 00:00:00+01:00,32.94311622646982,32.94311622646982,32.777278900146484,32.777278900146484,16735,0.0,0.0,0.0
2024-02-21 00:00:00+01:00,32.7817620382095,32.795207661022644,32.629373753610054,32.69660186767578,19937,0.0,0.0,0.0
2024-02-22 00:00:00+01:00,32.983455041283605,33.01483272229785,32.82658373390257,32.90726089477539,16750,0.0,0.0,0.0
2024-02-23 00:00:00+01:00,33.014831462398256,33.13584548932038,32.88036839289553,33.113433837890625,15134,0.0,0.0,0.0
2024-02-26 00:00:00+01:00,33.04172555551605,33.04172555551605,32.73694553531475,32.7996940612793,22846,0.0,0.0,0.0
2024-02-27 00:00:00+01:00,32.81762112471138,32.92070651833119,32.808655095982154,32.90726089477539,10332,0.0,0.0,0.0
2024-02-28 00:00:00+01:00,32.94760118498082,32.94760118498082,32.82658373390257,32.90726089477539,30033,0.0,0.0,0.0
2024-02-29 00:00:00+01:00,32.934155566387275,33.08206084506138,32.91174391409888,33.02827835083008,11668,0.0,0.0,0.0
2024-03-01 00:00:00+01:00,33.050687199242425,33.16722163814441,33.03275856098534,33.10447311401367,27480,0.0,0.0,0.0
2024-03-04 00:00:00+01:00,33.02827970962194,33.09999084472656,32.98793941775082,33.09999084472656,68436,0.0,0.0,0.0
2024-03-05 00:00:00+01:00,33.091025042214056,33.24789634093596,32.965528003236535,33.17618179321289,42566,0.0,0.0,0.0
2024-03-06 00:00:00+01:00,33.27522371819974,33.40576816600398,33.19419624833456,33.383262634277344,8796,0.16,0.0,0.0
2024-03-07 00:00:00+01:00,33.387760702282804,33.60833757369246,33.29773170924054,33.48229217529297,10121,0.0,0.0,0.0
2024-03-08 00:00:00+01:00,33.464278470325404,33.563312401938184,33.45527694671752,33.495792388916016,19564,0.0,0.0,0.0
2024-03-11 00:00:00+01:00,33.387755814448255,33.513797760009766,33.23020338249636,33.513797760009766,11979,0.0,0.0,0.0
2024-03-12 00:00:00+01:00,33.5903238772533,33.73437229582911,33.509296427155334,33.716365814208984,5790,0.0,0.0,0.0
2024-03-13 00:00:00+01:00,33.756881055152455,33.86941900026774,33.63534158555758,33.81540298461914,32408,0.0,0.0,0.0
2024-03-14 00:00:00+01:00,33.76588224347229,33.84240721335282,33.545305422919974,33.635337829589844,13844,0.0,0.0,0.0
2024-03-15 00:00:00+01:00,33.6848618392695,33.78839483561055,33.662352874298385,33.734378814697266,13389,0.0,0.0,0.0
2024-03-18 00:00:00+01:00,33.68485644005141,33.774885416733746,33.62183546949672,33.698360443115234,47334,0.0,0.0,0.0
2024-03-19 00:00:00+01:00,33.792897308512046,33.977461204956704,33.792897308512046,33.954952239990234,16204,0.0,0.0,0.0
2024-03-20 00:00:00+01:00,34.04498130046964,34.04498130046964,33.90543533367352,33.99546432495117,12890,0.0,0.0,0.0
2024-03-21 00:00:00+01:00,34.265553657265514,34.319569671167756,34.08999474331238,34.261051177978516,22157,0.0,0.0,0.0
2024-03-22 00:00:00+01:00,34.19353157994803,34.369090513687276,34.19353157994803,34.288063049316406,18121,0.0,0.0,0.0
2024-03-25 00:00:00+01:00,34.211536954110606,34.342081388824944,34.16652246078497,34.306068420410156,14060,0.0,0.0,0.0
2024-03-26 00:00:00+01:00,34.38709307010587,34.44111251831055,34.32857457700653,34.44111251831055,20735,0.0,0.0,0.0
2024-03-27 00:00:00+01:00,34.423111970446634,34.60767244012479,34.30607152968365,34.57166290283203,15498,0.0,0.0,0.0
2024-03-28 00:00:00+01:00,34.639181358941954,34.81024124945604,34.60767086875028,34.76972579956055,9669,0.0,0.0,0.0
2024-04-02 00:00:00+02:00,34.93177958814055,35.021812010305545,34.71570864371604,34.774227142333984,37223,0.0,0.0,0.0
2024-04-03 00:00:00+02:00,34.66618301279373,34.89575790461387,34.66618301279373,34.81923294067383,19682,0.0,0.0,0.0
2024-04-04 00:00:00+02:00,34.89126148026371,35.04881389855405,34.89126148026371,34.99029541015625,29212,0.0,0.0,0.0
2024-04-05 00:00:00+02:00,34.72470858133823,34.73821258544922,34.553652138623,34.73821258544922,23082,0.0,0.0,0.0
2024-04-08 00:00:00+02:00,34.706704675067,34.93628306515926,34.69320066995319,34.90927505493164,29534,0.0,0.0,0.0
2024-04-09 00:00:00+02:00,34.91827510602482,34.97679360384272,34.72020721435547,34.72020721435547,20121,0.0,0.0,0.0
2024-04-10 00:00:00+02:00,34.940782337058984,35.03081131914265,34.64818299370878,34.8237419128418,30762,0.0,0.0,0.0
2024-04-11 00:00:00+02:00,34.72471245328466,34.85075441822224,34.40960754094072,34.54465103149414,44904,0.0,0.0,0.0
2024-04-12 00:00:00+02:00,34.814737540729816,34.91827396281789,34.67068910633701,34.724708557128906,12045,0.0,0.0,0.0
2024-04-15 00:00:00+02:00,34.6977016373518,34.9272765830513,34.63917970522842,34.693199157714844,14837,0.0,0.0,0.0
2024-04-16 00:00:00+02:00,34.21153649635957,34.28356243222544,33.94144610563386,34.044979095458984,31631,0.0,0.0,0.0
2024-04-17 00:00:00+02:00,34.16652248065808,34.328577404233194,34.0989990234375,34.0989990234375,13595,0.0,0.0,0.0
2024-04-18 00:00:00+02:00,34.07199372125579,34.3510856628418,34.07199372125579,34.3510856628418,28476,0.0,0.0,0.0
2024-04-19 00:00:00+02:00,34.01347009417825,34.46812438964844,34.01347009417825,34.46812438964844,25447,0.0,0.0,0.0
2024-04-22 00:00:00+02:00,34.64818896452029,34.76072692871094,34.54465252633499,34.76072692871094,14627,0.0,0.0,0.0
2024-04-23 00:00:00+02:00,34.86425563390245,34.927276611328125,34.69319918580216,34.927276611328125,19772,0.0,0.0,0.0
2024-04-24 00:00:00+02:00,35.00830121390624,35.00830121390624,34.670687390532485,34.828243255615234,15763,0.0,0.0,0.0
2024-04-25 00:00:00+02:00,34.75171822356401,34.75171822356401,34.28806241056265,34.36008834838867,65461,0.0,0.0,0.0
2024-04-26 00:00:00+02:00,34.52664388124775,34.69770377412957,34.4501188946353,34.603172302246094,17328,0.0,0.0,0.0
2024-04-29 00:00:00+02:00,34.79222877515567,34.86425126845873,34.6976973208537,34.832740783691406,32362,0.0,0.0,0.0
2024-04-30 00:00:00+02:00,34.81923946738086,34.87776139673929,34.58966109814242,34.63017654418945,22161,0.0,0.0,0.0
2024-05-02 00:00:00+02:00,34.70219679096778,34.72920823137468,34.59416133249613,34.65268325805664,31361,0.0,0.0,0.0
2024-05-03 00:00:00+02:00,34.77421956987401,34.77421956987401,34.53563971326515,34.607662200927734,19855,0.0,0.0,0.0
2024-05-06 00:00:00+02:00,34.74721962979698,34.93178008769957,34.70220170087781,34.84175109863281,65437,0.0,0.0,0.0
2024-05-07 00:00:00+02:00,34.958795864193355,35.16586531221659,34.958795864193355,35.1568603515625,25046,0.0,0.0,0.0
2024-05-08 00:00:00+02:00,35.12534322565298,35.12534322565298,34.90476981268366,35.071327209472656,47124,0.0,0.0,0.0
2024-05-09 00:00:00+02:00,35.192864575706885,35.242381543834746,35.11633960110396,35.17485809326172,10202,0.0,0.0,0.0
2024-05-10 00:00:00+02:00,35.3639242074917,35.57549610238613,35.3639242074917,35.46746063232422,28413,0.0,0.0,0.0
2024-05-13 00:00:00+02:00,35.54397904721144,35.64301297413268,35.51697104328202,35.62950897216797,29744,0.0,0.0,0.0
2024-05-14 00:00:00+02:00,35.6520194272676,35.70153639757542,35.57099196988985,35.611507415771484,34666,0.0,0.0,0.0
2024-05-15 00:00:00+02:00,35.76456400194006,35.76456400194006,35.58450600495209,35.683536529541016,48322,0.0,0.0,0.0
2024-05-16 00:00:00+02:00,35.74205184345704,35.74205184345704,35.561990445463664,35.611507415771484,36386,0.0,0.0,0.0
2024-05-17 00:00:00+02:00,35.69703618642592,35.809574127197266,35.65201826260906,35.809574127197266,14048,0.0,0.0,0.0
2024-05-20 00:00:00+02:00,35.83658273706481,35.931114196777344,35.78706576754128,35.931114196777344,16763,0.0,0.0,0.0
2024-05-21 00:00:00+02:00,35.769061994878456,35.80957744318831,35.58900058609341,35.7420539855957,9441,0.0,0.0,0.0
2024-05-22 00:00:00+02:00,35.688033557065125,35.79156998046158,35.58899961322129,35.62051010131836,29688,0.0,0.0,0.0
2024-05-23 00:00:00+02:00,35.692536531678186,35.692536531678186,35.426945184559955,35.46746063232422,39020,0.0,0.0,0.0
2024-05-24 00:00:00+02:00,35.29640593139256,35.45845742730968,35.24688895633411,35.3774299621582,26279,0.0,0.0,0.0
2024-05-27 00:00:00+02:00,35.46295275767764,35.638511657714844,35.43594475286734,35.638511657714844,20699,0.0,0.0,0.0
2024-05-28 00:00:00+02:00,35.665528522759125,35.665528522759125,35.39543469602583,35.46746063232422,53002,0.0,0.0,0.0
2024-05-29 00:00:00+02:00,35.39093300888429,35.39093300888429,34.95428524723138,35.062320709228516,49039,0.0,0.0,0.0
2024-05-30 00:00:00+02:00,34.9362759799258,35.21987033295908,34.9362759799258,35.197364807128906,21589,0.0,0.0,0.0
2024-05-31 00:00:00+02:00,35.5439862537525,35.5439862537525,35.30540634564384,35.39543533325195,43818,0.0,0.0,0.0
2024-06-03 00:00:00+02:00,35.764565687321415,35.77357064822685,35.53948974609375,35.53948974609375,56202,0.0,0.0,0.0
2024-06-04 00:00:00+02:00,35.42694584453736,35.42694584453736,35.039815015685726,35.1883659362793,87600,0.0,0.0,0.0
2024-06-05 00:00:00+02:00,35.31726867426603,35.413952211955866,35.234396568735924,35.34029006958008,46196,0.87,0.0,0.0
2024-06-06 00:00:00+02:00,35.33569266019944,35.436981201171875,35.229799136663026,35.436981201171875,34527,0.0,0.0,0.0
2024-06-07 00:00:00+02:00,35.43697867447955,35.47381150722013,35.206778738709325,35.40475082397461,70159,0.0,0.0,0.0
2024-06-10 00:00:00+02:00,35.18836616802301,35.35411042089729,35.18836616802301,35.33108901977539,27724,0.0,0.0,0.0
2024-06-11 00:00:00+02:00,35.33569264331109,35.33569264331109,34.78781563335251,34.9305419921875,44367,0.0,0.0,0.0
2024-06-12 00:00:00+02:00,34.98578837670276,35.19297044492666,34.92593765258789,34.92593765258789,24374,0.0,0.0,0.0
2024-06-13 00:00:00+02:00,34.80623137597291,34.80623137597291,34.43791356734191,34.4747428894043,20833,0.0,0.0,0.0
2024-06-14 00:00:00+02:00,34.58523506405338,34.58523506405338,34.18008098236014,34.3458251953125,15050,0.0,0.0,0.0
2024-06-17 00:00:00+02:00,34.355040263190766,34.419495965296925,34.207712442294934,34.313602447509766,40654,0.0,0.0,0.0
2024-06-18 00:00:00+02:00,34.5806382372496,34.61286609111412,34.35964473034104,34.60826110839844,27496,0.0,0.0,0.0
2024-06-19 00:00:00+02:00,34.71876597986111,34.7279724344068,34.61747741699219,34.61747741699219,22310,0.0,0.0,0.0
2024-06-20 00:00:00+02:00,34.72796940371704,34.89371367166119,34.70494800050198,34.85227584838867,33080,0.0,0.0,0.0
2024-06-21 00:00:00+02:00,34.856881258196935,34.856881258196935,34.60826485323763,34.70494842529297,23687,0.0,0.0,0.0
2024-06-24 00:00:00+02:00,34.75097958540044,35.16533660888672,34.68652037972755,35.16533660888672,18653,0.0,0.0,0.0
2024-06-25 00:00:00+02:00,35.206780525622165,35.25281981259847,35.04564126491887,35.054847717285156,19541,0.0,0.0,0.0
2024-06-26 00:00:00+02:00,35.179156166401285,35.179156166401285,34.80622987876697,34.8476676940918,20063,0.0,0.0,0.0
2024-06-27 00:00:00+02:00,34.93975049867543,34.93975049867543,34.668116225295236,34.72336196899414,15362,0.0,0.0,0.0
2024-06-28 00:00:00+02:00,34.935146981895365,34.935146981895365,34.76019626521917,34.90752410888672,6205,0.0,0.0,0.0
2024-07-01 00:00:00+02:00,35.01341335876656,35.2804426278462,34.990391959027704,35.15153121948242,35748,0.0,0.0,0.0
2024-07-02 00:00:00+02:00,35.00881042724787,35.00881042724787,34.84767115735303,34.8983154296875,45392,0.0,0.0,0.0
2024-07-03 00:00:00+02:00,35.01801458456904,35.12851308745844,34.990391715132894,35.03182601928711,47417,0.0,0.0,0.0
2024-07-04 00:00:00+02:00,35.119304954201425,35.21138704474501,35.11009850143336,35.14232635498047,25917,0.0,0.0,0.0
2024-07-05 00:00:00+02:00,35.20677773245913,35.25281701578287,34.806228591141085,34.90291213989258,42209,0.0,0.0,0.0
2024-07-08 00:00:00+02:00,34.856879833322296,35.05945693558,34.8476733798437,34.90752410888672,35123,0.0,0.0,0.0
2024-07-09 00:00:00+02:00,34.85687260444867,34.95355615250085,34.71414977340575,34.760189056396484,32810,0.0,0.0,0.0
2024-07-10 00:00:00+02:00,34.861487195414895,35.110103607177734,34.8200493705012,35.110103607177734,21094,0.0,0.0,0.0
2024-07-11 00:00:00+02:00,35.234396568735924,35.358706483316965,35.160734426360136,35.34029006958008,25587,0.0,0.0,0.0
2024-07-12 00:00:00+02:00,35.45539632905489,35.506040597698764,35.37252420878058,35.469207763671875,21091,0.0,0.0,0.0
2024-07-15 00:00:00+02:00,35.390940032308855,35.47381215119345,35.32648433012888,35.400146484375,27422,0.0,0.0,0.0
2024-07-16 00:00:00+02:00,35.32187964259568,35.47381244724747,35.20217468930285,35.44618606567383,34104,0.0,0.0,0.0
2024-07-17 00:00:00+02:00,35.5244612927117,35.80530202641263,35.45540059873781,35.73163986206055,36164,0.0,0.0,0.0
2024-07-18 00:00:00+02:00,35.938813197708534,36.0447067147238,35.87435749607222,35.95722961425781,21688,0.0,0.0,0.0
2024-07-19 00:00:00+02:00,35.77307011012925,35.77307011012925,35.56589156429823,35.58891296386719,48765,0.0,0.0,0.0
2024-07-22 00:00:00+02:00,35.722426132699084,35.80990323668823,35.561286872118366,35.6579704284668,24014,0.0,0.0,0.0
2024-07-23 00:00:00+02:00,35.69940829987615,35.75925902173371,35.469208352246746,35.56128692626953,23269,0.0,0.0,0.0
2024-07-24 00:00:00+02:00,35.441579459808125,35.556679414063375,35.33568595636169,35.55207443237305,13728,0.0,0.0,0.0
2024-07-25 00:00:00+02:00,35.423169603085015,35.74084314708774,35.34489895014753,35.70401382446289,21304,0.0,0.0,0.0
2024-07-26 00:00:00+02:00,35.823715743449014,36.0124813919008,35.72242720160392,35.98945999145508,35128,0.0,0.0,0.0
2024-07-29 00:00:00+02:00,36.21505593337538,36.21505593337538,35.87896247835261,35.95722961425781,47308,0.0,0.0,0.0
2024-07-30 00:00:00+02:00,36.01247846819121,36.17822270274116,35.855940685528594,36.104557037353516,20566,0.0,0.0,0.0
2024-07-31 00:00:00+02:00,36.32094743217795,36.38540313646618,36.058519632555175,36.14139175415039,20285,0.0,0.0,0.0
2024-08-01 00:00:00+02:00,36.14139434171478,36.14139434171478,35.45539943263443,35.5935173034668,31359,0.0,0.0,0.0
2024-08-02 00:00:00+02:00,35.45079086115993,35.45079086115993,34.53459608086579,34.62667465209961,34078,0.0,0.0,0.0
2024-08-05 00:00:00+02:00,34.170881522853136,34.2077143582832,33.33755881854,33.747314453125,101687,0.0,0.0,0.0
2024-08-06 00:00:00+02:00,34.07880002502304,34.09261497297818,33.655232947952506,33.839393615722656,105637,0.0,0.0,0.0
2024-08-07 00:00:00+02:00,34.028161421052744,34.52539068917593,34.028161421052744,34.428707122802734,63399,0.0,0.0,0.0
2024-08-08 00:00:00+02:00,34.037363811304125,34.43330799541947,33.88543100546565,34.38266372680664,24700,0.0,0.0,0.0
2024-08-09 00:00:00+02:00,34.4977620602852,34.63127844278061,34.29058352585189,34.46553421020508,59989,0.0,0.0,0.0
2024-08-12 00:00:00+02:00,34.52078410514461,34.58523980651207,34.405684136620955,34.43791198730469,47933,0.0,0.0,0.0
2024-08-13 00:00:00+02:00,34.506970049244394,34.55301284790039,34.39647506012923,34.55301284790039,13827,0.0,0.0,0.0
2024-08-14 00:00:00+02:00,34.57603959010341,34.6220788879784,34.483960994353446,34.61747741699219,16389,0.0,0.0,0.0
2024-08-15 00:00:00+02:00,34.797028973608626,35.188368227577286,34.704946876304156,35.10089111328125,48425,0.0,0.0,0.0
2024-08-16 00:00:00+02:00,35.10088630826251,35.19296839296171,35.036430605259255,35.15613555908203,54390,0.0,0.0,0.0
2024-08-19 00:00:00+02:00,35.077871985521824,35.51985549926758,35.077871985521824,35.51985549926758,27856,0.0,0.0,0.0
2024-08-20 00:00:00+02:00,35.42316828329078,35.42316828329078,35.174551923830386,35.2528190612793,98471,0.0,0.0,0.0
2024-08-21 00:00:00+02:00,35.26663366309526,35.36331722613978,35.19757297161413,35.28044509887695,48045,0.0,0.0,0.0
2024-08-22 00:00:00+02:00,35.248218189098225,35.377129609945435,35.225200299702806,35.27584457397461,45767,0.0,0.0,0.0
2024-08-23 00:00:00+02:00,35.33108097467136,35.55207443237305,35.33108097467136,35.55207443237305,25312,0.0,0.0,0.0
2024-08-26 00:00:00+02:00,35.584313377429936,35.736246207450336,35.51985766394969,35.60272979736328,31225,0.0,0.0,0.0
2024-08-27 00:00:00+02:00,35.77307040210623,35.77307040210623,35.634952541282374,35.6579704284668,60946,0.0,0.0,0.0
2024-08-28 00:00:00+02:00,35.690197536274525,35.851340306067094,35.676386101737414,35.832923889160156,20610,0.0,0.0,0.0
2024-08-29 00:00:00+02:00,35.82832388314099,36.01708954822625,35.82832388314099,35.99406814575195,9927,0.0,0.0,0.0
2024-08-30 00:00:00+02:00,36.00787512296017,36.19664076466853,35.9986686706543,35.9986686706543,40259,0.0,0.0,0.0
2024-09-02 00:00:00+02:00,36.256487858438945,36.256487858438945,36.086138650959064,36.21505355834961,77203,0.0,0.0,0.0
2024-09-03 00:00:00+02:00,36.2795087378983,36.2795087378983,35.86054319814658,35.975643157958984,81785,0.0,0.0,0.0
2024-09-04 00:00:00+02:00,35.82249835602561,35.971004486083984,35.72039972773572,35.971004486083984,34363,0.31,0.0,0.0
2024-09-05 00:00:00+02:00,35.78073015729157,36.01277121348758,35.752886363561025,35.91995620727539,12592,0.0,0.0,0.0
2024-09-06 00:00:00+02:00,35.64150968014482,35.929238340207355,35.386263087509604,35.43267059326172,25355,0.0,0.0,0.0
2024-09-09 00:00:00+02:00,35.72040424709961,35.868910395947054,35.609025520630496,35.85962677001953,54464,0.0,0.0,0.0
2024-09-10 00:00:00+02:00,35.79929524117605,35.99885069879314,35.571895988759344,35.664710998535156,16717,0.0,0.0,0.0
2024-09-11 00:00:00+02:00,35.80857815354276,35.87818763915574,35.46051656281547,35.59973907470703,57299,0.0,0.0,0.0
2024-09-12 00:00:00+02:00,35.90139425585362,36.00813116415758,35.68791689857998,35.845703125,31178,0.0,0.0,0.0
2024-09-13 00:00:00+02:00,35.957091983557824,36.100956338824865,35.88283712879654,36.045265197753906,22502,0.0,0.0,0.0
2024-09-16 00:00:00+02:00,36.06382301306303,36.15199975350381,35.97564627262225,36.14735794067383,18130,0.0,0.0,0.0
2024-09-17 00:00:00+02:00,36.249451756865135,36.43044348583452,36.249451756865135,36.34690856933594,12278,0.0,0.0,0.0
2024-09-18 00:00:00+02:00,36.40724593072527,36.40724593072527,36.268023399878295,36.31907272338867,35275,0.0,0.0,0.0
2024-09-19 00:00:00+02:00,36.643924713134766,36.68105213344976,36.472213049677165,36.643924713134766,23597,0.0,0.0,0.0
2024-09-20 00:00:00+02:00,36.51862161312291,36.51862161312291,36.291218834650074,36.328346252441406,16196,0.0,0.0,0.0
2024-09-23 00:00:00+02:00,36.444369937254336,36.56503228520483,36.38404053361196,36.56039047241211,23122,0.0,0.0,0.0
2024-09-24 00:00:00+02:00,36.662485994453135,36.787786603883156,36.662485994453135,36.71353530883789,39183,0.0,0.0,0.0
2024-09-25 00:00:00+02:00,36.56502843004397,36.69032903691062,36.379394885230276,36.500057220458984,53252,0.0,0.0,0.0
2024-09-26 00:00:00+02:00,36.486136784502406,36.73209973644196,36.486136784502406,36.690330505371094,33392,0.0,0.0,0.0
2024-09-27 00:00:00+02:00,36.894528854756906,37.024471282958984,36.72281719425237,37.024471282958984,32476,0.0,0.0,0.0
2024-09-30 00:00:00+02:00,36.88525322428678,36.88525322428678,36.5650353870737,36.73210525512695,50751,0.0,0.0,0.0
2024-10-01 00:00:00+02:00,36.84348152622498,36.84348152622498,36.50934181243511,36.6532096862793,77683,0.0,0.0,0.0
2024-10-02 00:00:00+02:00,36.773865420177756,36.801712754441795,36.6392811833424,36.778507232666016,38364,0.0,0.0,0.0
2024-10-03 00:00:00+02:00,36.750665862123405,36.750665862123405,36.38404054601991,36.47221374511719,32959,0.0,0.0,0.0
2024-10-04 00:00:00+02:00,36.569676221945635,36.903812408447266,36.569676221945635,36.903812408447266,32889,0.0,0.0,0.0
2024-10-07 00:00:00+02:00,36.950226179495,37.001275504942896,36.76459259065412,36.98271179199219,65989,0.0,0.0,0.0
2024-10-08 00:00:00+02:00,36.7599463095715,36.84812305020411,36.60216007966658,36.74138259887695,65143,0.0,0.0,0.0
2024-10-09 00:00:00+02:00,36.736744683729285,37.01055145263672,36.611440520489815,37.01055145263672,47573,0.0,0.0,0.0
2024-10-10 00:00:00+02:00,37.10336956656589,37.10336956656589,36.90381408381832,37.03376007080078,34482,0.0,0.0,0.0
2024-10-11 00:00:00+02:00,36.89453091516764,37.08480629613653,36.78779046280312,37.01055145263672,29865,0.0,0.0,0.0
2024-10-14 00:00:00+02:00,37.17762477205819,37.214752197265625,37.029118611894575,37.214752197265625,51388,0.0,0.0,0.0
2024-10-15 00:00:00+02:00,37.21474389085526,37.29827880859375,37.07087603545458,37.29827880859375,69600,0.0,0.0,0.0
2024-10-16 00:00:00+02:00,37.21938180564131,37.33540232690661,37.07551749228524,37.26579284667969,51535,0.0,0.0,0.0
2024-10-17 00:00:00+02:00,37.43286930935321,37.590655546696226,37.340050751505004,37.465354919433594,26650,0.0,0.0,0.0
2024-10-18 00:00:00+02:00,37.42823028564453,37.59065834815145,37.367897333380384,37.42823028564453,18031,0.0,0.0,0.0
2024-10-21 00:00:00+02:00,37.51176070563719,37.51176070563719,37.24723402408121,37.27507781982422,52405,0.0,0.0,0.0
2024-10-22 00:00:00+02:00,37.23795176081643,37.23795176081643,36.968786797232525,37.19618606567383,70942,0.0,0.0,0.0
2024-10-23 00:00:00+02:00,37.30756479338668,37.30756479338668,37.126573033103575,37.19618606567383,54366,0.0,0.0,0.0
2024-10-24 00:00:00+02:00,37.29364289500581,37.3910997243378,37.14049493148444,37.19618606567383,15030,0.0,0.0,0.0
2024-10-25 00:00:00+02:00,37.121928094837905,37.17761922433872,37.0337548989603,37.112648010253906,29929,0.0,0.0,0.0
2024-10-28 00:00:00+01:00,37.131211392622895,37.233310025474495,36.89452852016378,37.228668212890625,30884,0.0,0.0,0.0
2024-10-29 00:00:00+01:00,37.34468839392951,37.409659606834325,37.066239832813785,37.10800552368164,30268,0.0,0.0,0.0
2024-10-30 00:00:00+01:00,36.99198633617648,36.99198633617648,36.74602337259442,36.79243087768555,33793,0.0,0.0,0.0
2024-10-31 00:00:00+01:00,36.578956984205945,36.67177200317383,36.47685833894167,36.67177200317383,42853,0.0,0.0,0.0
2024-11-01 00:00:00+01:00,36.66249393975832,37.01983567722739,36.66249393975832,36.98271179199219,49757,0.0,0.0,0.0
2024-11-04 00:00:00+01:00,36.80635589922727,36.936298340778045,36.797075813687634,36.87596893310547,18811,0.0,0.0,0.0
2024-11-05 00:00:00+01:00,36.829558298024715,36.87596580311584,36.727459662424835,36.79243087768555,26717,0.0,0.0,0.0
2024-11-06 00:00:00+01:00,37.47927439717053,37.632418811563106,36.96414294154951,37.12192916870117,65209,0.0,0.0,0.0
2024-11-07 00:00:00+01:00,37.3632618602078,37.395747475143274,37.16370635684231,37.24259948730469,38470,0.0,0.0,0.0
2024-11-08 00:00:00+01:00,37.126574388604524,37.135854474308616,36.82956207674897,36.968788146972656,22170,0.0,0.0,0.0
2024-11-11 00:00:00+01:00,37.20546479578439,37.55352640529116,37.17762100003689,37.51176071166992,69006,0.0,0.0,0.0
2024-11-12 00:00:00+01:00,37.191537616806684,37.2750725328532,36.94557468085454,36.99662399291992,34347,0.0,0.0,0.0
2024-11-13 00:00:00+01:00,37.024469529398274,37.098724365234375,36.80635037496155,37.098724365234375,40325,0.0,0.0,0.0
2024-11-14 00:00:00+01:00,37.191541536948385,37.4282244141384,37.18226145226074,37.35396957397461,34006,0.0,0.0,0.0
2024-11-15 00:00:00+01:00,37.25651789512439,37.40038224197053,37.13121726088196,37.214752197265625,18618,0.0,0.0,0.0
2024-11-18 00:00:00+01:00,37.25651447992445,37.45606994628906,37.186901449208264,37.45606994628906,45898,0.0,0.0,0.0
2024-11-19 00:00:00+01:00,37.456071651849996,37.53960658438001,36.9409401580259,37.26115798950195,46259,0.0,0.0,0.0
2024-11-20 00:00:00+01:00,37.37717615811011,37.4514274597168,37.30292131583767,37.4514274597168,25480,0.0,0.0,0.0
2024-11-21 00:00:00+01:00,37.53032305343588,37.683467465126775,37.256512756131826,37.678829193115234,20681,0.0,0.0,0.0
2024-11-22 00:00:00+01:00,37.73915765816699,37.99904251098633,37.62777894133949,37.99904251098633,54925,0.0,0.0,0.0
2024-11-25 00:00:00+01:00,38.068655500014735,38.068655500014735,37.8087706474462,37.93871307373047,34794,0.0,0.0,0.0
2024-11-26 00:00:00+01:00,37.76236447296137,37.84125758588705,37.60921651916515,37.7113151550293,37286,0.0,0.0,0.0
2024-11-27 00:00:00+01:00,37.748442149521026,37.748442149521026,37.41430596003023,37.64634704589844,53526,0.0,0.0,0.0
2024-11-28 00:00:00+01:00,37.8087685487274,37.892303466796875,37.68346440129051,37.892303466796875,49700,0.0,0.0,0.0
2024-11-29 00:00:00+01:00,37.818055253595354,37.91551208496094,37.69739643799948,37.91551208496094,29569,0.0,0.0,0.0
2024-12-02 00:00:00+01:00,37.9340754271359,38.13827271410239,37.859824121390055,37.9712028503418,53080,0.0,0.0,0.0
2024-12-03 00:00:00+01:00,38.0686555367531,38.17075416912229,37.96191863248754,37.99904251098633,63504,0.0,0.0,0.0
2024-12-04 00:00:00+01:00,38.04116570917756,38.13475799560547,37.79782005195801,38.13475799560547,35451,0.34,0.0,0.0
2024-12-05 00:00:00+01:00,37.99904245506387,38.29854202270508,37.92416934831181,38.29854202270508,25096,0.0,0.0,0.0
2024-12-06 00:00:00+01:00,38.247074228549025,38.247074228549025,37.99904787809976,38.09264373779297,28527,0.0,0.0,0.0
2024-12-09 00:00:00+01:00,38.13475203847709,38.24238636434053,38.055198250408985,38.21898651123047,47221,0.0,0.0,0.0
2024-12-10 00:00:00+01:00,38.106680069892946,38.24239138103823,38.09264158431184,38.176876068115234,40175,0.0,0.0,0.0
2024-12-11 00:00:00+01:00,38.20962955943948,38.21898735870121,38.03647992540801,38.18622970581055,24809,0.0,0.0,0.0
2024-12-12 00:00:00+01:00,38.08796224629189,38.08796224629189,37.910135472113055,37.975650787353516,53162,0.0,0.0,0.0
2024-12-13 00:00:00+01:00,38.04584301786152,38.04584301786152,37.7369820734918,37.97096633911133,41612,0.0,0.0,0.0
2024-12-16 00:00:00+01:00,37.83525671771745,37.86801437354701,37.638710782740056,37.76038360595703,46704,0.0,0.0,0.0
2024-12-17 00:00:00+01:00,37.437484393444514,37.50768039074557,37.35793059598446,37.446842193603516,63775,0.0,0.0,0.0
2024-12-18 00:00:00+01:00,37.713578028636825,37.713578028636825,37.42812054098798,37.54043197631836,54707,0.0,0.0,0.0
2024-12-19 00:00:00+01:00,37.06310608674055,37.20349807363559,37.00227146325484,37.081825256347656,78632,0.0,0.0,0.0
2024-12-20 00:00:00+01:00,36.89931776439764,37.08650588989258,36.57642190749331,37.08650588989258,30689,0.0,0.0,0.0
2024-12-23 00:00:00+01:00,37.063112405230044,37.180104557481805,36.99291997013271,37.13330841064453,64559,0.0,0.0,0.0
2024-12-27 00:00:00+01:00,37.25029481074878,37.512359619140625,37.226898526101536,37.512359619140625,25059,0.0,0.0,0.0
2024-12-30 00:00:00+01:00,37.40940902785788,37.601274287042365,37.39068985641993,37.53575897216797,25644,0.0,0.0,0.0
2025-01-02 00:00:00+01:00,37.87269458593907,38.07860188876384,37.568514316852486,38.07392120361328,94512,0.0,0.0,0.0
2025-01-03 00:00:00+01:00,37.97096543958798,38.00840377807617,37.80249648670759,38.00840377807617,60136,0.0,0.0,0.0
2025-01-06 00:00:00+01:00,38.05052134817713,38.18623265501012,37.85397541565349,38.07392120361328,79157,0.0,0.0,0.0
2025-01-07 00:00:00+01:00,38.01776620544515,38.312588694032826,37.81186245932835,38.270469665527344,81723,0.0,0.0,0.0
2025-01-08 00:00:00+01:00,38.317265809175844,38.46233849589818,38.120719863661996,38.270469665527344,52059,0.0,0.0,0.0
2025-01-09 00:00:00+01:00,38.27046835220043,38.38277980716603,38.07392241343145,38.176876068115234,40288,0.0,0.0,0.0
2025-01-10 00:00:00+01:00,38.31258833826211,38.471695939252925,37.95225053784924,38.13475799560547,51758,0.0,0.0,0.0
2025-01-13 00:00:00+01:00,38.195593159367036,38.40149688720703,38.0973201953332,38.40149688720703,95592,0.0,0.0,0.0
2025-01-14 00:00:00+01:00,38.52317050701822,38.52317050701822,38.25174789386305,38.37342071533203,46172,0.0,0.0,0.0
2025-01-15 00:00:00+01:00,38.44361106643251,38.78522605497063,38.37341508087987,38.7477912902832,50997,0.0,0.0,0.0
2025-01-16 00:00:00+01:00,38.911580926820314,38.911580926820314,38.68695447912682,38.83670425415039,83516,0.0,0.0,0.0
2025-01-17 00:00:00+01:00,38.99113551943999,39.13620461284009,38.944339383212515,39.10344696044922,73699,0.0,0.0,0.0
2025-01-20 00:00:00+01:00,39.13152961716729,39.243841064257474,39.03325665467381,39.16896438598633,106391,0.0,0.0,0.0
2025-01-21 00:00:00+01:00,39.13153046581043,39.145568950711585,39.01921544596794,39.136207580566406,59199,0.0,0.0,0.0
2025-01-22 00:00:00+01:00,39.09877031936091,39.22512024573628,38.86010538030033,38.93497848510742,82033,0.0,0.0,0.0
2025-01-23 00:00:00+01:00,38.94434104451546,39.21108295973886,38.93497967468082,39.18768310546875,65712,0.0,0.0,0.0
2025-01-24 00:00:00+01:00,39.26256143395113,39.26256143395113,39.02857716267647,39.12685012817383,75834,0.0,0.0,0.0
2025-01-27 00:00:00+01:00,39.20172786246214,39.491869678380425,39.08005859767579,39.388916015625,149376,0.0,0.0,0.0
2025-01-28 00:00:00+01:00,39.57610069771248,39.73521186355682,39.48250841449821,39.52462387084961,73484,0.0,0.0,0.0
2025-01-29 00:00:00+01:00,39.51058109980066,39.730526868845715,39.477823447197125,39.69308853149414,52764,0.0,0.0,0.0
2025-01-30 00:00:00+01:00,39.674373639045534,39.88963874654449,39.66501583885721,39.81944274902344,140764,0.0,0.0,0.0
2025-01-31 00:00:00+01:00,39.964521378385,39.964521378385,39.68374091682091,39.73989486694336,43723,0.0,0.0,0.0
2025-02-03 00:00:00+01:00,39.32807078804975,39.51057820637792,39.18767881842065,39.505897521972656,96576,0.0,0.0,0.0
2025-02-04 00:00:00+01:00,39.416993511457115,39.65565490722656,39.225124687463904,39.65565490722656,77648,0.0,0.0,0.0
2025-02-05 00:00:00+01:00,39.613539859041694,39.786685943603516,39.529305374278685,39.786685943603516,76382,0.0,0.0,0.0
2025-02-06 00:00:00+01:00,39.898997037426106,40.114262128309726,39.87091649839505,40.09086227416992,69311,0.0,0.0,0.0
2025-02-07 00:00:00+01:00,40.11426424441348,40.179779555081225,40.02066839323337,40.15637969970703,81458,0.0,0.0,0.0
2025-02-10 00:00:00+01:00,40.27337124718184,40.348247927031295,40.17977896768663,40.33420944213867,69369,0.0,0.0,0.0
2025-02-11 00:00:00+01:00,40.33888581085258,40.35760498046875,40.17041685462363,40.35760498046875,50627,0.0,0.0,0.0
2025-02-12 00:00:00+01:00,40.324850738261766,40.45120425128301,40.28741239586163,40.371646881103516,119688,0.0,0.0,0.0
2025-02-13 00:00:00+01:00,40.43248025676264,40.713260650634766,40.413761087795635,40.713260650634766,80741,0.0,0.0,0.0
2025-02-14 00:00:00+01:00,40.61966972332834,40.750700340126734,40.54011236000086,40.6571044921875,71046,0.0,0.0,0.0
2025-02-17 00:00:00+01:00,40.66178549282626,40.858331419549664,40.61967003866406,40.7974967956543,126576,0.0,0.0,0.0
2025-02-18 00:00:00+01:00,40.90044787435145,41.1765475773567,40.78345574860692,41.04551696777344,75624,0.0,0.0,0.0
2025-02-19 00:00:00+01:00,41.087638622883006,41.11103490734156,40.722620168100576,40.792816162109375,106004,0.0,0.0,0.0
2025-02-20 00:00:00+01:00,40.853651291345166,41.06423568725586,40.75537476491613,41.06423568725586,58120,0.0,0.0,0.0
2025-02-21 00:00:00+01:00,40.80218244959796,41.19059366533344,40.788143963167606,41.05020523071289,117144,0.0,0.0,0.0
2025-02-24 00:00:00+01:00,40.94256496695774,41.026799443682805,40.811534352122415,40.984683990478516,71302,0.0,0.0,0.0
2025-02-25 00:00:00+01:00,41.13443631139638,41.363739901499436,41.00340568848035,41.18123245239258,93453,0.0,0.0,0.0
2025-02-26 00:00:00+01:00,41.34969843520418,41.485409733531,41.19994865262226,41.44329071044922,85498,0.0,0.0,0.0
2025-02-27 00:00:00+01:00,41.387143384493505,41.56028947838633,41.274828351878845,41.49009704589844,94873,0.0,0.0,0.0
2025-02-28 00:00:00+01:00,41.22802646534283,41.4105339050293,41.15783047231346,41.4105339050293,77744,0.0,0.0,0.0
2025-03-03 00:00:00+01:00,41.63516015531346,41.97677517848725,41.4011758932922,41.72407531738281,99843,0.0,0.0,0.0
2025-03-04 00:00:00+01:00,41.30758169479372,41.30758169479372,40.657105706040795,40.76005935668945,79701,0.0,0.0,0.0
2025-03-05 00:00:00+01:00,40.877561232900355,41.04676839384064,40.713055266975395,40.72245407104492,72372,0.19,0.0,0.0
2025-03-06 00:00:00+01:00,40.93867007661345,41.13607727262325,40.68956048365416,41.126678466796875,51807,0.0,0.0,0.0
2025-03-07 00:00:00+01:00,41.05147121036584,41.54029156109447,40.83526282972922,41.29588317871094,77109,0.0,0.0,0.0
2025-03-10 00:00:00+01:00,41.3569802958669,41.380482685644004,41.02326715960701,41.21597671508789,82587,0.0,0.0,0.0
2025-03-11 00:00:00+01:00,41.112572287831576,41.145473482223075,40.163131673743386,40.1866340637207,102307,0.0,0.0,0.0
2025-03-12 00:00:00+01:00,40.506251765770834,40.7036589543554,40.181937394552165,40.44984817504883,73677,0.0,0.0,0.0
2025-03-13 00:00:00+01:00,40.44514893571383,40.64255611634464,40.318241758192954,40.628456115722656,58573,0.0,0.0,0.0
2025-03-14 00:00:00+01:00,40.45454907670208,40.835263449913704,40.421647878843814,40.797664642333984,127455,0.0,0.0,0.0
2025-03-17 00:00:00+01:00,40.844667607661556,41.25358200073242,40.82586641007781,41.25358200073242,126576,0.0,0.0,0.0
2025-03-18 00:00:00+01:00,41.33818708501647,41.54969787597656,41.272384684085395,41.54969787597656,114023,0.0,0.0,0.0
2025-03-19 00:00:00+01:00,41.46039388604381,41.681303487444126,41.29118668437387,41.66250228881836,130422,0.0,0.0,0.0
2025-03-20 00:00:00+01:00,41.63899768072373,41.70950127533225,41.22538209082849,41.50739288330078,141075,0.0,0.0,0.0
2025-03-21 00:00:00+01:00,41.40869079836325,41.450994391058906,41.22068240119105,41.3992919921875,62438,0.0,0.0,0.0
2025-03-24 00:00:00+01:00,41.728299735077144,41.728299735077144,41.342884173928525,41.59669494628906,181169,0.0,0.0,0.0
2025-03-25 00:00:00+01:00,41.63429225153409,41.88340179786587,41.56848986518084,41.808197021484375,117920,0.0,0.0,0.0
2025-03-26 00:00:00+01:00,41.930407087049645,41.930407087049645,41.64369512451314,41.78470230102539,57724,0.0,0.0,0.0
2025-03-27 00:00:00+01:00,41.52149145527457,41.789405822753906,41.39458785811848,41.789405822753906,71834,0.0,0.0,0.0
2025-03-28 00:00:00+01:00,41.59669214214783,41.6154933372732,41.248878997231806,41.40868377685547,55585,0.0,0.0,0.0
2025-03-31 00:00:00+02:00,41.55439335414825,41.55439335414825,40.66135628244308,40.919864654541016,77414,0.0,0.0,0.0
2025-04-01 00:00:00+02:00,41.19717839824301,41.35698318481445,40.91986524053883,41.35698318481445,142710,0.0,0.0,0.0
2025-04-02 00:00:00+02:00,41.140778152724224,41.17367935180664,40.825866163512245,41.17367935180664,74738,0.0,0.0,0.0
2025-04-03 00:00:00+02:00,40.16783834467524,40.41694793416435,39.66021677403987,39.90462875366211,134050,0.0,0.0,0.0
2025-04-04 00:00:00+02:00,39.199599577111,39.199599577111,37.29131930446916,37.70023727416992,214300,0.0,0.0,0.0
2025-04-07 00:00:00+02:00,34.9036292334402,37.56863742291071,34.9036292334402,36.346588134765625,342451,0.0,0.0,0.0
2025-04-08 00:00:00+02:00,36.63799017992466,37.32891888290279,36.379481806961806,36.703792572021484,334360,0.0,0.0,0.0
2025-04-09 00:00:00+02:00,35.754349469877575,35.98465780339925,34.969418506474554,35.4864387512207,134329,0.0,0.0,0.0
2025-04-10 00:00:00+02:00,37.83183904812924,37.84124143893683,36.47348403930664,36.47348403930664,208652,0.0,0.0,0.0
2025-04-11 00:00:00+02:00,36.722596625862224,36.722596625862224,35.787259477436315,36.36068344116211,153749,0.0,0.0,0.0
2025-04-14 00:00:00+02:00,36.8965029373266,37.319520885647485,36.854202935475264,37.24431610107422,197402,0.0,0.0,0.0
2025-04-15 00:00:00+02:00,37.59683079740951,38.01514755395446,37.47462840032463,38.0057487487793,98833,0.0,0.0,0.0
2025-04-16 00:00:00+02:00,37.69553403730758,38.07625198364258,37.41822446270503,38.07625198364258,66469,0.0,0.0,0.0
2025-04-17 00:00:00+02:00,37.935246037443974,38.03394963089551,37.71903765379369,37.99164962768555,55306,0.0,0.0,0.0
2025-04-22 00:00:00+02:00,37.78953562287041,38.170249938964844,37.69083204410374,38.170249938964844,98163,0.0,0.0,0.0
2025-04-23 00:00:00+02:00,38.691976399281,38.8940847778187,38.541570414273515,38.66377639770508,137099,0.0,0.0,0.0
2025-04-24 00:00:00+02:00,38.67787485551112,38.8423808347439,38.44756648458522,38.795379638671875,179131,0.0,0.0,0.0
2025-04-25 00:00:00+02:00,38.99748910729906,39.067992696373146,38.753077143303756,38.88468551635742,77592,0.0,0.0,0.0
2025-04-28 00:00:00+02:00,39.05859106830327,39.20899705448405,38.97868867257383,39.124393463134766,135250,0.0,0.0,0.0
2025-04-29 00:00:00+02:00,39.27480099931759,39.4816105832136,39.16199740172055,39.39700698852539,67505,0.0,0.0,0.0
2025-04-30 00:00:00+02:00,39.481611192788186,39.53331358956044,39.01159201192166,39.40640640258789,108815,0.0,0.0,0.0
2025-05-02 00:00:00+02:00,39.824720265020254,39.89522026186065,39.59440832213768,39.87641906738281,116509,0.0,0.0,0.0
2025-05-05 00:00:00+02:00,39.91402981261618,40.03623580932617,39.82472860260212,40.03623580932617,146084,0.0,0.0,0.0
2025-05-06 00:00:00+02:00,40.059735833266956,40.059735833266956,39.66961905767641,40.05503463745117,44408,0.0,0.0,0.0
2025-05-07 00:00:00+02:00,39.791818423243285,39.89052200317383,39.66021006404143,39.89052200317383,99857,0.0,0.0,0.0
2025-05-08 00:00:00+02:00,39.810616031453854,39.914020806417604,39.68371245324633,39.89052200317383,56734,0.0,0.0,0.0
2025-05-09 00:00:00+02:00,40.017432242848336,40.120837035025275,39.97513223839144,40.05503463745117,77771,0.0,0.0,0.0
2025-05-12 00:00:00+02:00,40.88226890862469,40.88226890862469,40.46394854901553,40.68016052246094,97937,0.0,0.0,0.0
2025-05-13 00:00:00+02:00,40.694259119079824,40.76006151360949,40.53445074239237,40.637855529785156,68446,0.0,0.0,0.0
2025-05-14 00:00:00+02:00,40.60965215437804,40.60965215437804,40.35584140258028,40.41694259643555,74943,0.0,0.0,0.0
2025-05-15 00:00:00+02:00,40.33704437069228,40.75065994262695,40.3182431738823,40.75065994262695,112043,0.0,0.0,0.0
2025-05-16 00:00:00+02:00,40.82116250972104,40.93866729736328,40.708358917653726,40.93866729736328,95227,0.0,0.0,0.0
2025-05-19 00:00:00+02:00,40.86346609797225,40.95746849370142,40.637855327876075,40.93866729736328,119500,0.0,0.0,0.0
2025-05-20 00:00:00+02:00,41.02797527552391,41.342887270275014,40.97627287806187,41.33348846435547,135386,0.0,0.0,0.0
2025-05-21 00:00:00+02:00,41.248883575369646,41.394588371311116,40.94337039610637,41.140777587890625,201090,0.0,0.0,0.0
2025-05-22 00:00:00+02:00,40.93866880672802,40.995072397821986,40.703659222778995,40.83056640625,95655,0.0,0.0,0.0
2025-05-23 00:00:00+02:00,40.94806724610153,40.94806724610153,39.99862661044467,40.576751708984375,211516,0.0,0.0,0.0
2025-05-26 00:00:00+02:00,40.830560403781874,41.07966995239258,40.75065443165525,41.07966995239258,66299,0.0,0.0,0.0
2025-05-27 00:00:00+02:00,40.99506935472088,41.00446815955803,40.82586217996105,40.96686935424805,66042,0.0,0.0,0.0
2025-05-28 00:00:00+02:00,40.96217063162533,40.9950718294836,40.77416224988024,40.797664642333984,137691,0.0,0.0,0.0
2025-05-29 00:00:00+02:00,41.09847937003946,41.09847937003946,40.698960187350124,40.7083625793457,65136,0.0,0.0,0.0
2025-05-30 00:00:00+02:00,40.91986255671626,40.99036614038719,40.703654196497006,40.915164947509766,97958,0.0,0.0,0.0
2025-06-02 00:00:00+02:00,40.83056644920078,40.83056644920078,40.515650881046945,40.807064056396484,134400,0.0,0.0,0.0
2025-06-03 00:00:00+02:00,40.76946222688493,40.8399658203125,40.54385503107079,40.8399658203125,178091,0.0,0.0,0.0
2025-06-04 00:00:00+02:00,40.87356140520446,41.04634433826975,40.79676573555849,40.85436248779297,144997,0.9,0.0,0.0
2025-06-05 00:00:00+02:00,40.83996511714207,40.90236252115695,40.54239101855839,40.89276123046875,116423,0.0,0.0,0.0
2025-06-06 00:00:00+02:00,40.81596323432287,41.137536850695476,40.77756540083448,41.13273620605469,36546,0.0,0.0,0.0
2025-06-09 00:00:00+02:00,41.041550434711,41.10874481978342,40.95995411413505,41.0799446105957,45475,0.0,0.0,0.0
2025-06-10 00:00:00+02:00,41.14714004922683,41.185534222677774,41.003149997873635,41.1279411315918,61703,0.0,0.0,0.0
2025-06-11 00:00:00+02:00,41.2719300860834,41.2719300860834,40.98875427246094,40.98875427246094,74659,0.0,0.0,0.0
2025-06-12 00:00:00+02:00,40.82556367793541,40.911956978334224,40.55198550364238,40.74877166748047,55861,0.0,0.0,0.0
2025-06-13 00:00:00+02:00,40.532785567306874,40.79196546199217,40.49439139395354,40.5375862121582,106179,0.0,0.0,0.0
2025-06-16 00:00:00+02:00,40.72957059997978,40.83995979577426,40.70077405530626,40.8255615234375,51648,0.0,0.0,0.0
2025-06-17 00:00:00+02:00,40.54718323037795,40.59517868837781,40.451188652559495,40.51838302612305,41495,0.0,0.0,0.0
2025-06-18 00:00:00+02:00,40.508792220653284,40.5471900582466,40.33600561330271,40.398399353027344,39634,0.0,0.0,0.0
2025-06-19 00:00:00+02:00,40.321603044872134,40.374399150484614,40.12481689453125,40.12481689453125,51682,0.0,0.0,0.0
2025-06-20 00:00:00+02:00,40.17281338419467,40.412794357007826,40.12481792199585,40.336002349853516,29529,0.0,0.0,0.0
2025-06-23 00:00:00+02:00,40.211213557962274,40.254412039727605,39.97123257118826,40.105621337890625,50612,0.0,0.0,0.0
2025-06-24 00:00:00+02:00,40.42239731043422,40.47039277460866,40.297606174125306,40.41279602050781,109847,0.0,0.0,0.0
2025-06-25 00:00:00+02:00,40.49918844844651,40.49918844844651,40.081623891121545,40.20161437988281,103792,0.0,0.0,0.0
2025-06-26 00:00:00+02:00,40.268807850822284,40.27360849557362,40.10561888564807,40.16321563720703,74352,0.0,0.0,0.0
2025-06-27 00:00:00+02:00,40.36479536343224,40.51838302612305,40.292800345523084,40.51838302612305,65610,0.0,0.0,0.0
2025-06-30 00:00:00+02:00,40.47998888755981,40.53278499472132,40.28320639326435,40.34560012817383,95327,0.0,0.0,0.0
2025-07-01 00:00:00+02:00,40.44639557471873,40.46559449387406,40.12482191796068,40.42720031738281,123014,0.0,0.0,0.0
2025-07-02 00:00:00+02:00,40.66237388901072,40.753567824338454,40.46558774684432,40.63837432861328,78387,0.0,0.0,0.0
2025-07-03 00:00:00+02:00,40.61917913150172,40.76316918343163,40.56638302324869,40.719970703125,72874,0.0,0.0,0.0
2025-07-04 00:00:00+02:00,40.59038332350452,40.6287811596262,40.38880017659452,40.49439239501953,108070,0.0,0.0,0.0
2025-07-07 00:00:00+02:00,40.49439460332125,40.6239827300248,40.4511961198738,40.508792877197266,97176,0.0,0.0,0.0
2025-07-08 00:00:00+02:00,40.54238787551771,40.777568213673675,40.43199501207843,40.74877166748047,51196,0.0,0.0,0.0
2025-07-09 00:00:00+02:00,40.82076866134369,41.14714296059364,40.79676909714703,41.08954620361328,63321,0.0,0.0,0.0
2025-07-10 00:00:00+02:00,41.204736159134896,41.27673119008613,41.0847456614893,41.262332916259766,119457,0.0,0.0,0.0
2025-07-11 00:00:00+02:00,41.147139570134854,41.156737197931065,40.79676573555849,40.85436248779297,68764,0.0,0.0,0.0
2025-07-14 00:00:00+02:00,40.79196409266157,40.92635284943476,40.75836690346828,40.89755630493164,62621,0.0,0.0,0.0
2025-07-15 00:00:00+02:00,40.94075460020494,40.95035222772334,40.63357925415039,40.63357925415039,164361,0.0,0.0,0.0
2025-07-16 00:00:00+02:00,40.61438106459945,40.782367012822036,40.41759490966797,40.41759490966797,96996,0.0,0.0,0.0
2025-07-17 00:00:00+02:00,40.71037443381399,40.81116600880101,40.62878177717963,40.77756881713867,109857,0.0,0.0,0.0
2025-07-18 00:00:00+02:00,40.90236156683379,40.92635746935547,40.75357452101341,40.7631721496582,97493,0.0,0.0,0.0
2025-07-21 00:00:00+02:00,40.811165912094836,40.873563312047935,40.70077670910269,40.859161376953125,113045,0.0,0.0,0.0
2025-07-22 00:00:00+02:00,40.81116856871642,40.94555734379543,40.73437655230819,40.89276123046875,56227,0.0,0.0,0.0
2025-07-23 00:00:00+02:00,41.33912068323027,41.55990273679566,41.32952305560526,41.49750900268555,121993,0.0,0.0,0.0
2025-07-24 00:00:00+02:00,41.70869670939338,41.79509001209015,41.51671118542064,41.559906005859375,164224,0.0,0.0,0.0
2025-07-25 00:00:00+02:00,41.42071639196444,41.52150795874223,41.353522014112585,41.468711853027344,126996,0.0,0.0,0.0
2025-07-28 00:00:00+02:00,41.780688300421296,41.80468420030618,41.41591620107261,41.487911224365234,210436,0.0,0.0,0.0
2025-07-29 00:00:00+02:00,41.631903046509,41.84788814459583,41.603106498158546,41.72789764404297,143674,0.0,0.0,0.0
2025-07-30 00:00:00+02:00,41.61750211739925,41.80468699337493,41.56470600757849,41.694297790527344,93688,0.0,0.0,0.0
2025-07-31 00:00:00+02:00,41.631898915608986,41.70869458601616,41.40631621106181,41.46391296386719,135140,0.0,0.0,0.0
2025-08-01 00:00:00+02:00,41.08474098389484,41.11833817293771,40.508788125497304,40.63357925415039,147578,0.0,0.0,0.0
2025-08-04 00:00:00+02:00,40.854364161991114,41.190336075912576,40.854364161991114,41.1855354309082,122263,0.0,0.0,0.0
2025-08-05 00:00:00+02:00,41.31992058484913,41.43991106673588,41.20473074754714,41.27672576904297,186680,0.0,0.0,0.0
2025-08-06 00:00:00+02:00,41.50711199268695,41.57430637427204,41.372719567697615,41.401519775390625,120218,0.0,0.0,0.0
2025-08-07 00:00:00+02:00,41.406319521526456,41.70869792065617,41.39672189286778,41.607906341552734,156502,0.0,0.0,0.0
2025-08-08 00:00:00+02:00,41.73749066720254,41.9246755344638,41.72309239461615,41.862281799316406,59201,0.0,0.0,0.0
2025-08-11 00:00:00+02:00,42.0926616024701,42.0926616024701,41.9438745695677,42.03506851196289,156123,0.0,0.0,0.0
2025-08-12 00:00:00+02:00,42.14545897785193,42.23665292299053,42.111861786772316,42.174259185791016,186999,0.0,0.0,0.0
2025-08-13 00:00:00+02:00,42.18866081952688,42.43823945002511,42.16946189997786,42.40944290161133,127597,0.0,0.0,0.0
2025-08-14 00:00:00+02:00,42.4814347335452,42.71661507211601,42.467036460423195,42.6926155090332,163902,0.0,0.0,0.0
2025-08-15 00:00:00+02:00,42.951798592579564,42.98539578629286,42.7646137044884,42.82701110839844,238797,0.0,0.0,0.0
2025-08-18 00:00:00+02:00,42.78380990856427,42.84620364669476,42.63502286896581,42.711814880371094,140095,0.0,0.0,0.0
2025-08-19 00:00:00+02:00,42.76940965845265,43.0957839309331,42.75501138584337,43.04298782348633,123291,0.0,0.0,0.0
2025-08-20 00:00:00+02:00,43.10538258074036,43.3261646435619,43.052586472041824,43.254173278808594,133044,0.0,0.0,0.0
2025-08-21 00:00:00+02:00,43.254170435066506,43.383758544921875,43.08138384738007,43.383758544921875,183605,0.0,0.0,0.0
2025-08-22 00:00:00+02:00,43.364557114055884,43.594940438219936,43.32615928305876,43.35975646972656,212317,0.0,0.0,0.0
2025-08-25 00:00:00+02:00,43.21577612704219,43.24937331839854,42.93739730619289,42.946998596191406,273166,0.0,0.0,0.0
2025-08-26 00:00:00+02:00,42.721418480110756,42.73581675416396,42.58222906123065,42.644622802734375,165033,0.0,0.0,0.0
2025-08-27 00:00:00+02:00,42.836603651249355,42.846201278962425,42.60142332317928,42.68781661987305,107728,0.0,0.0,0.0
2025-08-28 00:00:00+02:00,42.846203992339106,42.89420311940127,42.524630347210554,42.5582275390625,182155,0.0,0.0,0.0
2025-08-29 00:00:00+02:00,42.519826222576995,42.56302470103399,42.33264136017431,42.40463638305664,111673,0.0,0.0,0.0
2025-09-01 00:00:00+02:00,42.51022705223596,42.55822251180931,42.39023657239316,42.50062942504883,164041,0.0,0.0,0.0
2025-09-02 00:00:00+02:00,42.53422812446534,42.53902510731996,42.1502571105957,42.1502571105957,213286,0.0,0.0,0.0
2025-09-03 00:00:00+02:00,42.27608056306236,42.37770531296287,42.16961548447449,42.271240234375,188742,0.36,0.0,0.0
2025-09-04 00:00:00+02:00,42.31962778475843,42.57127315954393,42.300273856318256,42.52771759033203,157527,0.0,0.0,0.0
2025-09-05 00:00:00+02:00,42.61966843421815,42.66322400656684,42.27123862378404,42.36802673339844,197146,0.0,0.0,0.0
2025-09-08 00:00:00+02:00,42.54708024342151,42.55676090087525,42.26156361404988,42.42609786987305,236438,0.0,0.0,0.0
2025-09-09 00:00:00+02:00,42.47933035526988,42.614830022736605,42.401903556184195,42.57611846923828,95045,0.0,0.0,0.0
2025-09-10 00:00:00+02:00,42.62934690620136,42.73097534791155,42.53740281392829,42.648704528808594,133768,0.0,0.0,0.0
2025-09-11 00:00:00+02:00,42.74064909045327,42.88098907470703,42.687416555319466,42.88098907470703,120930,0.0,0.0,0.0
2025-09-12 00:00:00+02:00,42.87131107464336,42.87131107464336,42.72613444517324,42.79388427734375,102649,0.0,0.0,0.0
2025-09-15 00:00:00+02:00,42.87131107464336,42.95358189264093,42.74549206752038,42.79388427734375,152397,0.0,0.0,0.0
2025-09-16 00:00:00+02:00,42.726139738552774,42.75517432962613,42.36319258177821,42.39222717285156,122797,0.0,0.0,0.0
2025-09-17 00:00:00+02:00,42.406739325666756,42.450294899084156,42.26156269581634,42.416419982910156,141522,0.0,0.0,0.0
2025-09-18 00:00:00+02:00,42.40674117456073,42.46481404428619,42.29059912719892,42.397064208984375,132525,0.0,0.0,0.0
2025-09-19 00:00:00+02:00,42.40190043980069,42.571275011685685,42.39221978307083,42.46965026855469,165028,0.0,0.0,0.0
2025-09-22 00:00:00+02:00,42.41642090450835,42.45513615014522,42.26640025068771,42.42609786987305,156366,0.0,0.0,0.0
2025-09-23 00:00:00+02:00,42.41157555924797,42.64386331350469,42.37770064634476,42.52771759033203,123091,0.0,0.0,0.0
2025-09-24 00:00:00+02:00,42.40674324521086,42.57612153382498,42.28576086310895,42.49385070800781,138780,0.0,0.0,0.0
2025-09-25 00:00:00+02:00,42.426100241680494,42.54708262199241,42.32931581426666,42.411582946777344,107957,0.0,0.0,0.0
2025-09-26 00:00:00+02:00,42.542242453741224,42.81324178167626,42.53740212514555,42.75516891479492,105302,0.0,0.0,0.0
2025-09-29 00:00:00+02:00,42.76000663501833,42.79388154894383,42.55675715146532,42.653541564941406,171775,0.0,0.0,0.0
2025-09-30 00:00:00+02:00,42.556758711270184,42.72613328710567,42.435776343946436,42.7067756652832,187362,0.0,0.0,0.0
2025-10-01 00:00:00+02:00,42.8713122828144,43.53913735029958,42.82292007162727,43.524620056152344,204437,0.0,0.0,0.0
2025-10-02 00:00:00+02:00,43.626246838850186,43.64076413367346,43.36008412679278,43.393959045410156,96933,0.0,0.0,0.0
2025-10-03 00:00:00+02:00,43.55849467931227,43.684313689132125,43.49074484568957,43.635921478271484,152930,0.0,0.0,0.0
2025-10-06 00:00:00+02:00,43.66011786620501,43.72302736886205,43.48590295967442,43.58268737792969,204707,0.0,0.0,0.0
2025-10-07 00:00:00+02:00,43.51494113279336,43.59720826429885,43.40847604868546,43.466548919677734,162429,0.0,0.0,0.0
2025-10-08 00:00:00+02:00,43.505261506884324,43.635920843516296,43.456869296727625,43.553653717041016,80011,0.0,0.0,0.0
2025-10-09 00:00:00+02:00,43.42783344889729,43.56817345067295,43.350406646728516,43.350406646728516,184792,0.0,0.0,0.0
2025-10-10 00:00:00+02:00,43.287496156750805,43.47139174608001,42.84712219238281,42.84712219238281,208839,0.0,0.0,0.0
2025-10-13 00:00:00+02:00,42.91003295088235,43.05037296552129,42.83260614161679,43.01165771484375,83805,0.0,0.0,0.0
2025-10-14 00:00:00+02:00,42.682578816701124,42.99229338967714,42.634186606940304,42.98261642456055,131650,0.0,0.0,0.0
2025-10-15 00:00:00+02:00,43.19070885757035,43.23910107025344,43.08424377441406,43.08424377441406,142336,0.0,0.0,0.0
2025-10-16 00:00:00+02:00,43.1471540272881,43.24393844604492,43.02617165779762,43.24393844604492,116391,0.0,0.0,0.0
2025-10-17 00:00:00+02:00,42.68258209417997,43.069727186172265,42.53256512477534,42.93906784057617,102283,0.0,0.0,0.0
2025-10-20 00:00:00+02:00,43.16167368768656,43.258458111750606,43.01165303067144,43.22942352294922,54467,0.0,0.0,0.0
2025-10-21 00:00:00+02:00,43.292336553466164,43.37460368982623,43.21490974633005,43.30201721191406,111066,0.0,0.0,0.0
2025-10-22 00:00:00+02:00,43.422995360124695,43.422995360124695,43.28265536304163,43.37459945678711,102298,0.0,0.0,0.0
2025-10-23 00:00:00+02:00,43.36008112354649,43.45686923581319,43.30201194827544,43.32620620727539,94989,0.0,0.0,0.0
2025-10-27 00:00:00+01:00,43.505259661203866,43.5730094909668,43.418152209781695,43.5730094909668,127112,0.0,0.0,0.0
2025-10-28 00:00:00+01:00,43.60204719946915,43.68431432834491,43.51010310511526,43.67947769165039,131284,0.0,0.0,0.0
2025-10-29 00:00:00+01:00,43.664958142029775,43.88756525741926,43.62140256940526,43.771419525146484,94103,0.0,0.0,0.0
2025-10-30 00:00:00+01:00,43.703674023833926,43.781104519686956,43.514941805303735,43.77626419067383,70670,0.0,0.0,0.0
2025-10-31 00:00:00+01:00,43.65044114485248,43.66979876866668,43.48590688056557,43.62140655517578,94259,0.0,0.0,0.0
2025-11-03 00:00:00+01:00,43.67947890401145,43.90692636599551,43.602048409681046,43.6165657043457,126681,0.0,0.0,0.0
2025-11-04 00:00:00+01:00,43.36008141284831,43.68915361257273,43.200383795609476,43.669795989990234,100407,0.0,0.0,0.0
2025-11-05 00:00:00+01:00,43.52945462213254,43.911759348876195,43.52945462213254,43.88272476196289,73445,0.0,0.0,0.0
2025-11-06 00:00:00+01:00,43.91659875445469,44.008546533866316,43.84400859660808,43.873046875,91103,0.0,0.0,0.0
2025-11-07 00:00:00+01:00,44.01338426258143,44.07145712871782,43.660117813496186,43.771419525146484,157893,0.0,0.0,0.0
2025-11-10 00:00:00+01:00,44.13436832016746,44.376333066861555,44.04242422704424,44.27954864501953,133725,0.0,0.0,0.0
2025-11-11 00:00:00+01:00,44.5215128117314,44.90381754957846,44.4973148605416,44.87961959838867,196028,0.0,0.0,0.0
2025-11-12 00:00:00+01:00,45.15545753749991,45.39742227182082,45.15545753749991,45.3538703918457,214957,0.0,0.0,0.0
2025-11-13 00:00:00+01:00,45.450655732618316,45.474853683377816,45.334513691568326,45.363548278808594,225083,0.0,0.0,0.0
2025-11-14 00:00:00+01:00,45.05383741391924,45.1022296273299,44.603782814230584,44.86994552612305,203487,0.0,0.0,0.0
2025-11-17 00:00:00+01:00,44.84574589789399,44.88930147279876,44.6182984420634,44.77799606323242,276326,0.0,0.0,0.0
2025-11-18 00:00:00+01:00,44.308582715827406,44.366655583508006,44.076298629282974,44.23599624633789,141967,0.0,0.0,0.0
2025-11-19 00:00:00+01:00,44.25534889860347,44.3666543020876,44.09081464972741,44.110172271728516,106790,0.0,0.0,0.0
2025-11-20 00:00:00+01:00,44.424733092938645,44.477965637518984,44.20696258544922,44.20696258544922,219890,0.0,0.0,0.0
2025-11-21 00:00:00+01:00,43.92627843121883,44.46828079223633,43.85852859760277,44.46828079223633,219665,0.0,0.0,0.0
2025-11-24 00:00:00+01:00,44.57474754972143,44.67637230397194,44.400532630409366,44.56023025512695,255032,0.0,0.0,0.0
2025-11-25 00:00:00+01:00,44.55538916749331,44.942534246502746,44.36665695680071,44.85542678833008,135803,0.0,0.0,0.0
2025-11-26 00:00:00+01:00,44.99092529338378,45.257084297733016,44.884460214808485,45.223209381103516,221414,0.0,0.0,0.0
2025-11-27 00:00:00+01:00,45.12642311970267,45.23772852242586,45.1022251693445,45.203853607177734,187859,0.0,0.0,0.0
2025-11-28 00:00:00+01:00,45.31999680195313,45.40710425653937,45.18933377402929,45.329673767089844,147778,0.0,0.0,0.0
2025-12-01 00:00:00+01:00,45.20869560736847,45.35387594256472,45.17966101716494,45.29580307006836,186268,0.0,0.0,0.0
2025-12-02 00:00:00+01:00,45.300641143753204,45.503890649237356,45.25708556852711,45.34903335571289,139817,0.0,0.0,0.0
2025-12-03 00:00:00+01:00,45.373369100056955,45.54372535132062,45.24194876801944,45.319828033447266,269533,0.27,0.0,0.0
2025-12-04 00:00:00+01:00,45.39770405143616,45.56319563542533,45.295490299628646,45.533992767333984,164900,0.0,0.0,0.0
2025-12-05 00:00:00+01:00,45.5388615468141,45.69948476279038,45.50965867608682,45.553462982177734,136483,0.0,0.0,0.0
2025-12-08 00:00:00+01:00,45.460983108344664,45.592399731783914,45.460983108344664,45.5485954284668,139371,0.0,0.0,0.0
2025-12-09 00:00:00+01:00,45.68001095280586,45.75302183673225,45.57292881817886,45.64107131958008,105349,0.0,0.0,0.0
2025-12-10 00:00:00+01:00,45.50965509621772,45.71895098477193,45.47071546265232,45.66054153442383,212025,0.0,0.0,0.0
2025-12-11 00:00:00+01:00,45.55832685848749,45.9574488107276,45.55832685848749,45.947715759277344,173163,0.0,0.0,0.0
2025-12-12 00:00:00+01:00,46.11320599702898,46.18621688386337,45.81629778046027,45.82603454589844,205506,0.0,0.0,0.0
2025-12-15 00:00:00+01:00,46.025588401130165,46.205681406218496,45.99638553513815,46.13753890991211,144443,0.0,0.0,0.0
2025-12-16 00:00:00+01:00,46.17161147320315,46.322497903109735,45.82116221736677,45.869834899902344,142854,0.0,0.0,0.0
2025-12-17 00:00:00+01:00,45.96718600637869,46.11807244294187,45.894175122610505,45.923377990722656,118316,0.0,0.0,0.0
2025-12-18 00:00:00+01:00,45.92824845266528,46.17161560058594,45.88930881776086,46.17161560058594,154601,0.0,0.0,0.0
2025-12-19 00:00:00+01:00,46.195951544565276,46.473389931105224,46.142410477558634,46.444183349609375,181759,0.0,0.0,0.0
2025-12-22 00:00:00+01:00,46.341971522085764,46.3663097220948,46.191085079796,46.346839904785156,233066,0.0,0.0,0.0
2025-12-23 00:00:00+01:00,46.44905279160263,46.60967599628634,46.434451357265544,46.5463981628418,158726,0.0,0.0,0.0
2025-12-29 00:00:00+01:00,46.66321401028291,46.67294706137462,46.48312100044136,46.62914276123047,231791,0.0,0.0,0.0
2025-12-30 00:00:00+01:00,46.61453907533773,46.775162274542424,46.59507297254421,46.75082778930664,102602,0.0,0.0,0.0
2026-01-02 00:00:00+01:00,46.78002897433324,47.01852771659661,46.77029220979896,46.95525360107422,520273,0.0,0.0,0.0
2026-01-05 00:00:00+01:00,47.427389530484724,47.427389530484724,46.84817454775994,47.11101150512695,555607,0.0,0.0,0.0
2026-01-06 00:00:00+01:00,47.27650202915514,47.53933900126033,47.261900594063974,47.291107177734375,279554,0.0,0.0,0.0
2026-01-07 00:00:00+01:00,47.08180737267868,47.106141857983495,46.79463222357491,46.857906341552734,414066,0.0,0.0,0.0
2026-01-08 00:00:00+01:00,46.79950027832535,47.03313064575195,46.69241814596827,47.03313064575195,309915,0.0,0.0,0.0
2026-01-09 00:00:00+01:00,47.115881172936874,47.37384975475398,47.05260333804652,47.320308685302734,475295,0.0,0.0,0.0
2026-01-12 00:00:00+01:00,47.24242819092012,47.330040510160885,47.14021443738722,47.30570602416992,374632,0.0,0.0,0.0
2026-01-13 00:00:00+01:00,47.330040510160885,47.38844996081734,47.21322532233583,47.30570602416992,292823,0.0,0.0,0.0
2026-01-14 00:00:00+01:00,47.271633551029545,47.738898003738925,47.26189678609456,47.72429656982422,200008,0.0,0.0,0.0
2026-01-15 00:00:00+01:00,47.70482824303911,47.894654316833176,47.66588860905882,47.80217361450195,250103,0.0,0.0,0.0
2026-01-16 00:00:00+01:00,47.899520342956265,48.00173409201005,47.802171262794786,47.92385482788086,253832,0.0,0.0,0.0
2026-01-19 00:00:00+01:00,47.60261416248392,47.73403078440625,47.485795261344215,47.54420471191406,212369,0.0,0.0,0.0
2026-01-20 00:00:00+01:00,47.26189800780561,47.30570602416992,47.00879781527002,47.30570602416992,398449,0.0,0.0,0.0
2026-01-21 00:00:00+01:00,47.14995398996213,47.261900801811855,46.96012790596642,47.15968704223633,355586,0.0,0.0,0.0
2026-01-22 00:00:00+01:00,47.69023017008748,47.7096962749618,47.407923374063955,47.5880126953125,338089,0.0,0.0,0.0
2026-01-23 00:00:00+01:00,47.58800695667271,47.70969052164818,47.49552997246299,47.53446960449219,416822,0.0,0.0,0.0
2026-01-26 00:00:00+01:00,47.64155104865534,47.64641943134017,47.43712353774784,47.49553298950195,192641,0.0,0.0,0.0
2026-01-27 00:00:00+01:00,47.539338214001994,47.69996142432101,47.46632732626716,47.64155197143555,357469,0.0,0.0,0.0
2026-01-28 00:00:00+01:00,47.51013425553988,47.63668621048093,47.34464266623422,47.58314514160156,227334,0.0,0.0,0.0
2026-01-29 00:00:00+01:00,47.680492282880984,48.152625154975425,47.66589084782455,47.962799072265625,130676,0.0,0.0,0.0
2026-01-30 00:00:00+01:00,47.90925190094844,48.47386169433594,47.83137263924667,48.47386169433594,333409,0.0,0.0,0.0
2026-02-02 00:00:00+01:00,48.35218366922867,48.916797240750384,48.313247747407324,48.8973274230957,363993,0.0,0.0,0.0
2026-02-03 00:00:00+01:00,49.02387609449342,49.306182861328125,48.80971182813774,49.306182861328125,388566,0.0,0.0,0.0
2026-02-04 00:00:00+01:00,49.33539021993797,50.075224741121055,49.33539021993797,50.01681900024414,264592,0.0,0.0,0.0
2026-02-05 00:00:00+01:00,49.80265191843138,49.85132460425899,49.403529953064364,49.49114227294922,263686,0.0,0.0,0.0
2026-02-06 00:00:00+01:00,49.68583794030624,50.03628722838409,49.59822561828678,49.93893814086914,393462,0.0,0.0,0.0
2026-02-09 00:00:00+01:00,50.036285697117826,50.08495838264177,49.773448739103074,50.05575180053711,398791,0.0,0.0,0.0
2026-02-10 00:00:00+01:00,49.968143424489305,50.16283416748047,49.919467025253624,50.16283416748047,188861,0.0,0.0,0.0
2026-02-11 00:00:00+01:00,50.338060243791304,50.74691898541639,50.25044792154936,50.71771240234375,268358,0.0,0.0,0.0
2026-02-12 00:00:00+01:00,50.854000599261404,50.854000599261404,50.56195705248333,50.591163635253906,309995,0.0,0.0,0.0
2026-02-13 00:00:00+01:00,50.4938143201981,50.56195682387476,50.21151125360388,50.48408126831055,259209,0.0,0.0,0.0
2026-02-16 00:00:00+01:00,50.367265284286376,50.523020106447596,50.3283256503741,50.44514083862305,372841,0.0,0.0,0.0
2026-02-17 00:00:00+01:00,50.53275395472417,50.7663880483927,50.31858967831869,50.48408126831055,234357,0.0,0.0,0.0
2026-02-18 00:00:00+01:00,50.620364180834976,50.73717936609109,50.53275186352094,50.669036865234375,166084,0.0,0.0,0.0
2026-02-19 00:00:00+01:00,50.88320239492806,51.175242222056255,50.698244704227385,50.922142028808594,260999,0.0,0.0,0.0
2026-02-20 00:00:00+01:00,50.95134638645722,51.146040848061645,50.74691887284216,51.00001907348633,178331,0.0,0.0,0.0
2026-02-23 00:00:00+01:00,50.892934882442376,51.165508603096356,50.81505932903254,50.99028396606445,328398,0.0,0.0,0.0
2026-02-24 00:00:00+01:00,50.922142554711606,51.17524275057318,50.892935972255636,51.04869079589844,154881,0.0,0.0,0.0
2026-02-25 00:00:00+01:00,51.08763082803515,51.20444601830499,50.96107887237486,51.06816101074219,167675,0.0,0.0,0.0
2026-02-26 00:00:00+01:00,51.05842610126719,51.360198974609375,50.96107701834405,51.360198974609375,254003,0.0,0.0,0.0
2026-02-27 00:00:00+01:00,51.17524208033571,51.51595459212708,51.107099577977436,51.399139404296875,201759,0.0,0.0,0.0
2026-03-02 00:00:00+01:00,51.652242676905864,51.67171249355345,51.116832002816935,51.272586822509766,187661,0.0,0.0,0.0
2026-03-03 00:00:00+01:00,51.00975721777727,51.058429906122,50.123900921346035,50.29912185668945,193206,0.0,0.0,0.0
2026-03-04 00:00:00+01:00,50.49460917777416,50.82693931474704,50.39686655516416,50.55325698852539,347396,0.21,0.0,0.0
2026-03-05 00:00:00+01:00,50.59235019913847,50.87580901583488,50.28934584145231,50.308895111083984,200995,0.0,0.0,0.0
2026-03-09 00:00:00+01:00,49.80062329328974,50.054756331045866,49.55626302563733,49.98633575439453,184597,0.0,0.0,0.0
2026-03-10 00:00:00+01:00,50.19159875668735,50.47505756922375,50.05475759991581,50.36753845214844,367733,0.0,0.0,0.0
2026-03-11 00:00:00+01:00,50.152506044293546,50.523930991453646,50.05475969348139,50.406639099121094,176440,0.0,0.0,0.0
2026-03-12 00:00:00+01:00,50.28934930690536,50.5630316433245,50.19160295201125,50.44573974609375,166716,0.0,0.0,0.0
2026-03-13 00:00:00+01:00,50.40664160394363,51.01265409452505,50.338221019296164,50.954010009765625,128178,0.0,0.0,0.0
2026-03-16 00:00:00+01:00,50.92468164989647,51.061526540876876,50.76829121741803,50.90513610839844,130867,0.0,0.0,0.0
2026-03-17 00:00:00+01:00,50.99310273847839,51.491599810405155,50.95400792645128,51.3449821472168,150638,0.0,0.0,0.0
2026-03-18 00:00:00+01:00,51.31565853316467,51.344980573446776,50.79761593542386,50.88558578491211,146035,0.0,0.0,0.0
2026-03-19 00:00:00+01:00,50.69987003650449,50.76829061686431,50.33821786479658,50.46528625488281,143297,0.0,0.0,0.0
2026-03-20 00:00:00+01:00,50.42618851509632,50.52393113754908,49.878820134891555,49.908145904541016,181371,0.0,0.0,0.0
2026-03-23 00:00:00+01:00,49.380328302016736,50.2697996166016,48.87205844673365,49.50739669799805,442743,0.0,0.0,0.0
2026-03-24 00:00:00+01:00,49.9374670944339,50.318668535601475,49.634459004167425,50.250247955322266,137379,0.0,0.0,0.0
2026-03-25 00:00:00+01:00,50.51416046531852,50.63145236286301,50.39686856777403,50.59235382080078,193743,0.0,0.0,0.0
2026-03-26 00:00:00+01:00,50.54347974903623,50.680320910143465,50.33821800737538,50.611900329589844,75251,0.0,0.0,0.0
2026-03-27 00:00:00+01:00,50.64122727096705,50.64122727096705,50.27957136122214,50.347991943359375,112740,0.0,0.0,0.0
2026-03-30 00:00:00+02:00,50.5337055504637,51.22768783569336,50.5337055504637,51.22768783569336,142361,0.0,0.0,0.0
2026-03-31 00:00:00+02:00,51.21791677283425,51.540470407277326,51.08107188238961,51.18859100341797,153190,0.0,0.0,0.0
2026-04-01 00:00:00+02:00,51.44273073725044,51.52092409334905,50.91491160117653,51.100624084472656,210299,0.0,0.0,0.0
2026-04-02 00:00:00+02:00,51.217917879326485,51.49160020884429,51.15927006786892,51.423179626464844,90457,0.0,0.0,0.0
2026-04-07 00:00:00+02:00,51.67731197126891,51.77505832234725,51.05175023893572,51.266788482666016,198894,0.0,0.0,0.0
2026-04-08 00:00:00+02:00,51.36452899293393,51.52091941958627,50.92467975277361,51.22768783569336,608262,0.0,0.0,0.0
2026-04-09 00:00:00+02:00,51.46227694244551,51.472049713134766,51.237462201530626,51.472049713134766,180612,0.0,0.0,0.0
2026-04-10 00:00:00+02:00,51.33521183026664,51.560022856897554,51.22769270260788,51.24724197387695,132153,0.0,0.0,0.0
2026-04-13 00:00:00+02:00,51.30588719473461,51.35475850611625,51.1201709913855,51.198368072509766,133386,0.0,0.0,0.0
2026-04-14 00:00:00+02:00,51.11039944434154,51.2374641112478,50.914910465492184,51.149497985839844,232207,0.0,0.0,0.0
2026-04-15 00:00:00+02:00,51.208138184020164,51.208138184020164,50.90513383200419,50.93445587158203,349528,0.0,0.0,0.0
2026-04-16 00:00:00+02:00,50.954009488392245,51.33521094999682,50.8953616755907,51.159271240234375,193573,0.0,0.0,0.0
2026-04-17 00:00:00+02:00,51.266787028236934,51.38407891756135,50.807388512806895,51.16904067993164,181629,0.0,0.0,0.0
2026-04-20 00:00:00+02:00,51.120169600486264,51.31565856933594,51.1006203307371,51.31565856933594,144746,0.0,0.0,0.0
2026-04-21 00:00:00+02:00,51.12017322144028,51.35476074640462,50.954010009765625,50.954010009765625,118103,0.0,0.0,0.0
2026-04-22 00:00:00+02:00,50.99310117549379,51.110396793906084,50.82693797570596,50.88558578491211,174889,0.0,0.0,0.0
2026-04-23 00:00:00+02:00,50.963783133438824,51.37431037280477,50.94423386216976,51.24724197387695,148460,0.0,0.0,0.0
2026-04-24 00:00:00+02:00,51.30588665253667,51.3156594232529,50.97355651855469,50.97355651855469,104478,0.0,0.0,0.0
2026-04-27 00:00:00+02:00,51.00287659764071,51.12994498391638,50.84648617170214,51.08106994628906,170861,0.0,0.0,0.0
2026-04-28 00:00:00+02:00,51.06152617087422,51.325431994247616,51.06152617087422,51.25701141357422,142112,0.0,0.0,0.0
2026-04-29 00:00:00+02:00,51.19836818955337,51.19836818955337,50.72919688766136,50.91490936279297,177507,0.0,0.0,0.0
2026-04-30 00:00:00+02:00,50.96378010419903,51.63821687264614,50.87581025303819,51.61866760253906,160663,0.0,0.0,0.0
2026-05-04 00:00:00+02:00,51.48182351581642,51.49160001534366,50.97355739966254,51.061527252197266,418048,0.0,0.0,0.0
2026-05-05 00:00:00+02:00,51.10062081245875,51.32543182373047,51.02242746136693,51.32543182373047,121534,0.0,0.0,0.0
2026-05-06 00:00:00+02:00,51.65776341501093,51.69686195598265,51.27656196214197,51.423179626464844,190532,0.0,0.0,0.0
2026-05-07 00:00:00+02:00,51.38408043565818,51.38408043565818,50.76829147338867,50.76829147338867,307291,0.0,0.0,0.0
2026-05-08 00:00:00+02:00,50.82694191631614,50.82694191631614,50.543483076139474,50.60213088989258,231650,0.0,0.0,0.0
2026-05-11 00:00:00+02:00,50.65099827672947,50.96377913521169,50.65099827672947,50.88558578491211,171122,0.0,0.0,0.0
2026-05-12 00:00:00+02:00,50.64122825492661,50.914910588793205,50.63145175520729,50.86603927612305,225465,0.0,0.0,0.0
2026-05-13 00:00:00+02:00,51.11039768043398,51.20814030216432,50.914908708331275,50.97355651855469,111178,0.0,0.0,0.0
2026-05-14 00:00:00+02:00,51.1103983604859,51.3449821472168,50.89536011544753,51.3449821472168,159933,0.0,0.0,0.0
2026-05-15 00:00:00+02:00,51.48182136708063,51.48182136708063,51.15926774034402,51.23746109008789,151877,0.0,0.0,0.0
2026-05-18 00:00:00+02:00,51.25700975145176,51.745730299637906,51.16903990363258,51.72618103027344,125868,0.0,0.0,0.0
2026-05-19 00:00:00+02:00,52.01941607100057,52.1855792667698,51.93144622363984,52.078060150146484,208985,0.0,0.0,0.0
2026-05-20 00:00:00+02:00,51.95099847305351,52.34197269480784,51.9021234327724,52.20513153076172,141025,0.0,0.0,0.0
2026-05-21 00:00:00+02:00,52.0976096530949,52.27354934860554,52.04873834404014,52.22467803955078,122098,0.0,0.0,0.0
2026-05-22 00:00:00+02:00,52.22468048890462,52.29310107051861,52.0682900554095,52.12693786621094,110221,0.0,0.0,0.0
2026-05-25 00:00:00+02:00,52.283326059267026,52.58633041381836,52.166030442690484,52.58633041381836,238034,0.0,0.0,0.0
2026-05-26 00:00:00+02:00,52.34196954285674,52.36151881206354,51.93144607543945,51.93144607543945,136295,0.0,0.0,0.0
2026-05-27 00:00:00+02:00,51.87280031407741,51.87280031407741,51.481822371801925,51.75550842285156,188334,0.0,0.0,0.0
2026-05-28 00:00:00+02:00,51.69686261592087,51.69686261592087,51.33521042892108,51.364532470703125,139661,0.0,0.0,0.0
2026-05-29 00:00:00+02:00,51.41340276077466,51.5404711537068,51.120171162859165,51.129947662353516,134253,0.0,0.0,0.0
2026-06-01 00:00:00+02:00,51.22769160152558,51.28633941407221,50.98333130887784,51.01265335083008,176831,0.0,0.0,0.0
2026-06-02 00:00:00+02:00,51.06152497539077,51.12016905537096,50.90513454770708,51.09084701538086,89275,0.0,0.0,0.0
2026-06-03 00:00:00+02:00,51.53761838367485,51.53761838367485,51.20005725545343,51.20998764038086,158302,0.81,0.0,0.0
2026-06-04 00:00:00+02:00,51.15041539982896,51.44826255547599,51.11070143578747,51.329124450683594,109243,0.0,0.0,0.0
2026-06-05 00:00:00+02:00,51.33905374554417,51.54754638671875,51.19013205356187,51.54754638671875,95910,0.0,0.0,0.0
2026-06-08 00:00:00+02:00,51.54754313767191,51.56740011948442,51.3291239123984,51.43833541870117,132004,0.0,0.0,0.0
2026-06-09 00:00:00+02:00,51.42840611508151,51.55747460590962,51.20005650043615,51.219913482666016,133031,0.0,0.0,0.0
2026-06-10 00:00:00+02:00,51.37876644538393,51.77589852221349,51.229840969739804,51.66668701171875,149393,0.0,0.0,0.0
2026-06-11 00:00:00+02:00,51.71632833869512,52.202814950633474,51.66668777519094,52.06381607055664,155768,0.0,0.0,0.0
2026-06-12 00:00:00+02:00,51.795751942678855,52.22266760156072,51.756041764688966,52.17302703857422,77011,0.0,0.0,0.0
2026-06-15 00:00:00+02:00,52.16310189633839,52.16310189633839,51.577334147156606,51.74611282348633,196366,0.0,0.0,0.0
2026-06-16 00:00:00+02:00,51.77589955519616,51.94467822945012,51.726255204102884,51.80568313598633,84206,0.0,0.0,0.0
2026-06-17 00:00:00+02:00,51.79575051331294,51.855321459652124,51.6468288284631,51.83546447753906,132499,0.0,0.0,0.0
2026-06-18 00:00:00+02:00,51.746109711123026,51.76596669314377,51.299337083986444,51.329124450683594,140502,0.0,0.0,0.0
2026-06-19 00:00:00+02:00,51.40855026245117,51.61704668678006,51.36884008445098,51.40855026245117,175117,0.0,0.0,0.0
2026-06-22 00:00:00+02:00,51.47804628082524,51.785823822021484,51.329124596245435,51.785823822021484,77257,0.0,0.0,0.0
2026-06-23 00:00:00+02:00,51.48797889183572,51.8553236078148,51.4482649259644,51.75604248046875,91708,0.0,0.0,0.0
2026-06-24 00:00:00+02:00,51.686545387261766,51.785826515478725,51.50783632660542,51.597190856933594,112102,0.0,0.0,0.0
2026-06-25 00:00:00+02:00,51.47804691151546,51.785824456482494,51.27948466297635,51.726253509521484,188354,0.0,0.0,0.0
2026-06-26 00:00:00+02:00,51.597188310014374,51.66668585380219,51.289410768002554,51.47804641723633,66625,0.0,0.0,0.0
2026-06-29 00:00:00+02:00,51.567402456586194,51.895036990343314,51.39862378452867,51.458194732666016,115322,0.0,0.0,0.0
2026-06-30 00:00:00+02:00,51.597190738045114,51.84539734534788,51.428408275666456,51.54754638671875,87385,0.0,0.0,0.0
2026-07-01 00:00:00+02:00,51.50783529578104,51.64683038743599,51.19013114704624,51.458194732666016,131902,0.0,0.0,0.0
2026-07-02 00:00:00+02:00,51.587260773033485,52.36166796951172,51.54754680658182,52.15317153930664,129388,0.0,0.0,0.0
2026-07-03 00:00:00+02:00,52.48080350106593,52.48080350106593,52.15316897494787,52.391448974609375,94445,0.0,0.0,0.0
2026-07-06 00:00:00+02:00,52.50065944254153,52.649581125462156,52.18295530751244,52.2524528503418,179941,0.0,0.0,0.0
2026-07-07 00:00:00+02:00,52.45101987609135,52.96728626480354,52.45101987609135,52.74886703491211,138548,0.0,0.0,0.0
2026-07-08 00:00:00+02:00,52.599941701073995,52.619798683358894,52.21274001484883,52.44108963012695,105379,0.0,0.0,0.0
2026-07-09 00:00:00+02:00,52.451019287109375,52.451019287109375,52.23259627233855,52.451019287109375,102918,0.0,0.0,0.0
2026-07-10 00:00:00+02:00,52.431164818712375,52.67937142473052,52.431164818712375,52.570159912109375,78698,0.0,0.0,0.0
2026-07-13 00:00:00+02:00,52.77865183296059,53.08642938366844,52.699227689529906,52.987144470214844,77074,0.0,0.0,0.0
2026-07-14 00:00:00+02:00,52.947432177927595,53.18570838603725,52.82829028654072,53.06657028198242,87171,0.0,0.0,0.0
2026-07-15 00:00:00+02:00,52.94743245981766,53.24527961520648,52.78857660378942,53.215492248535156,74157,0.0,0.0,0.0
2026-07-16 00:00:00+02:00,53.05664079432867,53.513343811035156,52.977216652726746,53.513343811035156,190642,0.0,0.0,0.0
2026-07-17 00:00:00+02:00,53.40413435943296,53.80126265740336,53.40413435943296,53.79133605957031,179371,0.0,0.0,0.0
2026-07-20 00:00:00+02:00,53.562985950103354,53.68212405968029,53.35449331151065,53.543128967285156,129712,0.0,0.0,0.0
2026-07-21 00:00:00+02:00,53.55305641215299,53.58284378051758,53.30484980399767,53.58284378051758,108418,0.0,0.0,0.0
2026-07-22 00:00:00+02:00,53.67219567210973,54.30760395177383,53.67219567210973,54.17853546142578,104511,0.0,0.0,0.0
2026-07-23 00:00:00+02:00,53.83104814006947,53.92040266676621,53.463699648465045,53.61262512207031,226380,0.0,0.0,0.0
2026-07-24 00:00:00+02:00,53.66226741427291,54.09911346435547,53.66226741427291,54.09911346435547,88917,0.0,0.0,0.0
2026-07-27 00:00:00+02:00,54.36717236122799,54.54588141740993,54.0792555816746,54.41681671142578,199589,0.0,0.0,0.0
2026-07-28 00:00:00+02:00,54.595525055949416,54.982726743518995,54.52602372404491,54.83380126953125,114483,0.0,0.0,0.0
2026-07-29 00:00:00+02:00,55.08200881250385,55.08200881250385,54.764304664058656,54.92315673828125,198812,0.0,0.0,0.0
2026-07-30 00:00:00+02:00,54.77423234939023,54.94301481197761,54.59552707625693,54.704734802246094,110112,0.0,0.0,0.0
2026-07-31 00:00:00+02:00,54.78416030565956,54.943012375993526,54.48631314719989,54.63523483276367,165614,0.0,0.0,0.0
2026-08-03 00:00:00+02:00,54.883442138457205,55.02243722837872,54.72459006607089,54.98272705078125,255727,0.0,0.0,0.0
2026-08-04 00:00:00+02:00,55.111792938965806,55.14158030696858,54.67495067735816,54.81394577026367,194513,0.0,0.0,0.0
2026-08-05 00:00:00+02:00,54.813943508057456,54.813943508057456,54.43667221069336,54.43667221069336,245569,0.0,0.0,0.0
2026-08-06 00:00:00+02:00,54.93308842488385,55.0621531344569,54.804019927978516,54.804019927978516,79256,0.0,0.0,0.0
2026-08-07 00:00:00+02:00,54.913228564155546,55.02243628484105,54.73451951236896,54.89337158203125,99246,0.0,0.0,0.0
2026-08-10 00:00:00+02:00,54.79408815212009,54.87351608276367,54.65509306082601,54.87351608276367,90518,0.0,0.0,0.0
2026-08-11 00:00:00+02:00,55.03236900646888,55.05222598943639,54.873516930061086,54.913230895996094,76367,0.0,0.0,0.0
2026-08-12 00:00:00+02:00,54.87351429019466,54.87351429019466,54.60545071402777,54.74444580078125,124072,0.0,0.0,0.0
2026-08-13 00:00:00+02:00,55.01250902549007,55.01250902549007,54.84373036046256,54.952938079833984,111043,0.0,0.0,0.0
2026-08-14 00:00:00+02:00,55.11179342654966,55.11179342654966,54.9231577684136,55.06215286254883,125584,0.0,0.0,0.0
2026-08-17 00:00:00+02:00,54.98272898912981,55.01251257021094,54.804019927978516,54.804019927978516,159661,0.0,0.0,0.0
2026-08-18 00:00:00+02:00,54.90329921372548,55.19121977895366,54.84373205356252,55.03236770629883,131019,0.0,0.0,0.0
2026-08-19 00:00:00+02:00,55.08200656842281,55.20114467240294,54.92315450067196,54.952938079833984,248270,0.0,0.0,0.0
2026-08-20 00:00:00+02:00,54.89337158203125,54.98272610792454,54.76430309188937,54.89337158203125,82918,0.0,0.0,0.0
2026-08-21 00:00:00+02:00,54.96287046618694,55.280574613259404,54.913229903331654,55.18129348754883,95776,0.0,0.0,0.0
2026-08-24 00:00:00+02:00,55.16143732470527,55.27064504967699,55.06215241018702,55.221004486083984,151418,0.0,0.0,0.0
2026-08-25 00:00:00+02:00,55.38978416217822,55.43942472327537,55.09193700826328,55.3599967956543,224215,0.0,0.0,0.0
2026-08-26 00:00:00+02:00,55.39971075946483,55.5188488635644,55.30042963727053,55.3599967956543,133792,0.0,0.0,0.0
2026-08-27 00:00:00+02:00,55.14158085553183,55.191221419587315,54.575670093168284,54.704734802246094,250994,0.0,0.0,0.0
2026-08-28 00:00:00+02:00,55.042295243699144,55.18129412356109,54.91323053625425,55.12172317504883,96476,0.0,0.0,0.0
2026-08-31 00:00:00+02:00,55.28057598074822,55.36000012581498,55.111793518066406,55.111793518066406,206819,0.0,0.0,0.0
2026-09-01 00:00:00+02:00,55.37985377755957,55.578419809280206,55.07208002635801,55.3599967956543,180431,0.0,0.0,0.0
2026-09-02 00:00:00+02:00,55.61000061035156,55.61000061035156,55.27000045776367,55.54999923706055,173908,0.4,0.0,0.0
2026-09-03 00:00:00+02:00,55.56999969482422,55.84000015258789,55.5099983215332,55.77000045776367,228490,0.0,0.0,0.0
2026-09-04 00:00:00+02:00,55.65999984741211,55.83000183105469,55.59000015258789,55.72999954223633,170389,0.0,0.0,0.0
2026-09-07 00:00:00+02:00,55.66999816894531,55.72999954223633,55.529998779296875,55.650001525878906,177819,0.0,0.0,0.0
2026-09-08 00:00:00+02:00,55.65999984741211,55.65999984741211,55.439998626708984,55.5099983215332,193634,0.0,0.0,0.0
2026-09-09 00:00:00+02:00,55.31999969482422,55.380001068115234,54.83000183105469,54.90999984741211,155525,0.0,0.0,0.0
2026-09-10 00:00:00+02:00,55.08000183105469,55.130001068115234,54.86000061035156,54.869998931884766,75384,0.0,0.0,0.0
2026-09-11 00:00:00+02:00,55.150001525878906,55.380001068115234,55.040000915527344,55.22999954223633,90191,0.0,0.0,0.0
2026-09-14 00:00:00+02:00,55.560001373291016,55.720001220703125,55.41999816894531,55.47999954223633,131705,0.0,0.0,0.0
2026-09-15 00:00:00+02:00,55.209999084472656,55.380001068115234,54.93000030517578,55.290000915527344,188907,0.0,0.0,0.0
2026-09-16 00:00:00+02:00,55.439998626708984,55.45000076293945,55.209999084472656,55.2599983215332,81218,0.0,0.0,0.0
2026-09-17 00:00:00+02:00,55.40999984741211,55.61000061035156,55.40999984741211,55.58000183105469,70936,0.0,0.0,0.0
2026-09-18 00:00:00+02:00,55.2599983215332,55.290000915527344,54.66999816894531,54.81999969482422,275335,0.0,0.0,0.0
