Date,Open,High,Low,Close,Volume,Dividends,Stock Splits,Capital Gains
2021-10-04 00:00:00+02:00,44.90952441904284,45.17299932826968,44.75653940622332,44.78203582763672,37215,0.0,0.0,0.0
2021-10-05 00:00:00+02:00,45.037015836491804,45.43647384643555,44.95202235616459,45.43647384643555,50155,0.0,0.0,0.0
2021-10-06 00:00:00+02:00,45.11350471633113,45.11350471633113,44.79903372768813,44.95201873779297,20490,0.0,0.0,0.0
2021-10-07 00:00:00+02:00,45.53846820944182,45.85293599632786,45.38548317967673,45.77644348144531,21115,0.0,0.0,0.0
2021-10-08 00:00:00+02:00,45.75093580588697,45.78492994912036,45.60644853901086,45.6999397277832,19985,0.0,0.0,0.0
2021-10-11 00:00:00+02:00,45.725443989853645,45.929425095092114,45.6404537539366,45.89542770385742,12348,0.0,0.0,0.0
2021-10-12 00:00:00+02:00,45.34297785040013,45.7084416717854,45.33448012434975,45.682945251464844,9812,0.0,0.0,0.0
2021-10-13 00:00:00+02:00,45.478960309669006,45.555452806320076,45.291981172875715,45.41096878051758,21485,0.0,0.0,0.0
2021-10-14 00:00:00+02:00,45.74243727848775,45.963417053222656,45.555454890968875,45.963417053222656,24629,0.0,0.0,0.0
2021-10-15 00:00:00+02:00,46.13340196316266,46.35438175925242,46.07390815086995,46.277889251708984,40748,0.0,0.0,0.0
2021-10-18 00:00:00+02:00,46.28638114448685,46.28638114448685,45.98041115287642,46.13339614868164,29819,0.0,0.0,0.0
2021-10-19 00:00:00+02:00,46.1419099365776,46.23540115356445,46.056916447421315,46.23540115356445,27338,0.0,0.0,0.0
2021-10-20 00:00:00+02:00,46.27788946535734,46.50736698904707,46.24389207469895,46.47336959838867,44780,0.0,0.0,0.0
2021-10-21 00:00:00+02:00,46.294881923446894,46.37137442103775,46.20988845825195,46.20988845825195,49912,0.0,0.0,0.0
2021-10-22 00:00:00+02:00,46.35438175925242,46.48186711037841,46.277889251708984,46.277889251708984,62749,0.0,0.0,0.0
2021-10-25 00:00:00+02:00,46.515859688907526,46.575353495045725,46.27788446435471,46.52436065673828,72511,0.0,0.0,0.0
2021-10-26 00:00:00+02:00,46.68583763186266,46.83032164549823,46.583848725639385,46.78782653808594,26394,0.0,0.0,0.0
2021-10-27 00:00:00+02:00,46.71984724360026,46.71984724360026,46.44787459436999,46.481868743896484,32808,0.0,0.0,0.0
2021-10-28 00:00:00+02:00,46.32887526183123,46.37137361477437,46.15039385127889,46.2438850402832,34874,0.0,0.0,0.0
2021-10-29 00:00:00+02:00,46.11640368495854,46.541361343560766,46.09090726293669,46.53286361694336,39450,0.0,0.0,0.0
2021-11-01 00:00:00+01:00,46.55836466190399,46.7368493602882,46.55836466190399,46.634857177734375,50684,0.0,0.0,0.0
2021-11-02 00:00:00+01:00,46.566850034240694,46.78782653808594,46.47335885263233,46.78782653808594,28642,0.0,0.0,0.0
2021-11-03 00:00:00+01:00,46.719844818115234,46.7793386294101,46.5838585005599,46.719844818115234,12514,0.0,0.0,0.0
2021-11-04 00:00:00+01:00,47.0428079018521,47.085306258188076,46.796334942818106,46.86432647705078,16295,0.0,0.0,0.0
2021-11-05 00:00:00+01:00,46.7878346021266,47.25528734856662,46.7878346021266,47.042808532714844,26569,0.0,0.0,0.0
2021-11-08 00:00:00+01:00,47.11930082601218,47.14480048847591,46.983314514160156,46.983314514160156,16996,0.0,0.0,0.0
2021-11-09 00:00:00+01:00,46.8898160652238,47.01730463131775,46.79632812454634,46.830322265625,26181,0.0,0.0,0.0
2021-11-10 00:00:00+01:00,47.05132073499873,47.204305778312474,46.87283926518944,47.11931228637695,11360,0.0,0.0,0.0
2021-11-11 00:00:00+01:00,47.36578247583124,47.425276291471874,47.28928996398331,47.416778564453125,9770,0.0,0.0,0.0
2021-11-12 00:00:00+01:00,47.5017710316326,47.56976581965142,47.41678078877902,47.52726745605469,32620,0.0,0.0,0.0
2021-11-15 00:00:00+01:00,47.51876649057045,47.69724793370269,47.46777040303135,47.66325378417969,23515,0.0,0.0,0.0
2021-11-16 00:00:00+01:00,47.91822132513149,47.969214163677016,47.80773143800071,47.88422393798828,18645,0.0,0.0,0.0
2021-11-17 00:00:00+01:00,47.977716536101866,47.977716536101866,47.756736755371094,47.756736755371094,20524,0.0,0.0,0.0
2021-11-18 00:00:00+01:00,47.892719776851976,47.892719776851976,47.263784350327356,47.39126968383789,32632,0.0,0.0,0.0
2021-11-19 00:00:00+01:00,47.6292499313366,47.66324731841741,47.28928254486706,47.34027862548828,23123,0.0,0.0,0.0
2021-11-22 00:00:00+01:00,47.63775694958411,47.87573546340229,47.459275495847905,47.81623840332031,39268,0.0,0.0,0.0
2021-11-23 00:00:00+01:00,47.6972445201868,47.841731803455616,47.37427904872848,47.6462516784668,37059,0.0,0.0,0.0
2021-11-24 00:00:00+01:00,47.85022335594981,48.01170931301319,47.80772824594278,47.92671585083008,15316,0.0,0.0,0.0
2021-11-25 00:00:00+01:00,47.96921839964954,48.04571090639187,47.8757304400041,48.00321578979492,15731,0.0,0.0,0.0
2021-11-26 00:00:00+01:00,46.745330197148505,46.76232888809863,46.04840007903724,46.0823974609375,32316,0.0,0.0,0.0
2021-11-29 00:00:00+01:00,46.8218307107431,46.906820937892526,46.507362979687,46.54985809326172,50198,0.0,0.0,0.0
2021-11-30 00:00:00+01:00,45.98041290755163,46.16739529670889,45.555455290135555,45.94641876220703,39455,0.0,0.0,0.0
2021-12-01 00:00:00+01:00,46.26088701002829,46.75383616583051,46.141899394564625,46.745338439941406,56567,0.0,0.0,0.0
2021-12-02 00:00:00+01:00,46.311882844166135,46.53285937996396,45.89542295010144,46.41387176513672,26996,0.0,0.0,0.0
2021-12-03 00:00:00+01:00,46.8388348723673,46.8388348723673,46.362881115129454,46.481868743896484,22823,0.0,0.0,0.0
2021-12-06 00:00:00+01:00,46.923821706958904,47.29778650416138,46.575356572764456,47.2382926940918,51610,0.0,0.0,0.0
2021-12-07 00:00:00+01:00,47.5442543867129,47.960714254837,47.49326155048853,47.952213287353516,14360,0.0,0.0,0.0
2021-12-08 00:00:00+01:00,47.80773987181469,47.81623759901494,47.39127991126548,47.44227600097656,27588,0.0,0.0,0.0
2021-12-09 00:00:00+01:00,47.56125681180757,47.56125681180757,47.33177930428261,47.54425811767578,16786,0.0,0.0,0.0
2021-12-10 00:00:00+01:00,47.484763696224405,47.722742168827416,47.43377085665683,47.50176239013672,42342,0.0,0.0,0.0
2021-12-13 00:00:00+01:00,47.76524901649226,47.8162418685867,47.24680007239779,47.2892951965332,49201,0.0,0.0,0.0
2021-12-14 00:00:00+01:00,47.45926985415017,47.501764970154355,47.119302441777606,47.28078842163086,18031,0.0,0.0,0.0
2021-12-15 00:00:00+01:00,47.47627763333322,47.47627763333322,47.20430494826237,47.2892951965332,29010,0.0,0.0,0.0
2021-12-16 00:00:00+01:00,47.810853644156836,48.11074447631836,47.673761719563636,48.11074447631836,18326,0.448726,0.0,0.0
2021-12-17 00:00:00+01:00,47.83655892895337,47.95651395014791,47.41671308624332,47.622352600097656,52536,0.0,0.0,0.0
2021-12-20 00:00:00+01:00,46.97117451586563,47.10826646765591,46.60273928257988,46.82551574707031,46656,0.0,0.0,0.0
2021-12-21 00:00:00+01:00,47.425283724745526,47.57951255543815,47.19394374723604,47.570945739746094,35890,0.0,0.0,0.0
2021-12-22 00:00:00+01:00,47.53667514980763,47.68233717464395,47.44242382818348,47.67376708984375,16173,0.0,0.0,0.0
2021-12-23 00:00:00+01:00,47.93938479256146,48.222135492672614,47.82799656838206,48.15359115600586,21614,0.0,0.0,0.0
2021-12-27 00:00:00+01:00,48.13644826525932,48.39349521570321,48.04219695410639,48.35065460205078,30675,0.0,0.0,0.0
2021-12-28 00:00:00+01:00,48.436335598153796,48.82190765624383,48.436335598153796,48.66767883300781,12274,0.0,0.0,0.0
2021-12-29 00:00:00+01:00,48.73623528975103,48.78764272782287,48.3592299783981,48.46205139160156,30094,0.0,0.0,0.0
2021-12-30 00:00:00+01:00,48.659116144634304,48.66768296063875,48.52202420885621,48.59056854248047,14544,0.0,0.0,0.0
2022-01-03 00:00:00+01:00,48.7705001575275,48.90759535919895,48.64197830875477,48.8219108581543,70415,0.0,0.0,0.0
2022-01-04 00:00:00+01:00,49.250317965386955,49.58447931019314,49.070385436418874,49.52450180053711,43641,0.0,0.0,0.0
2022-01-05 00:00:00+01:00,49.524507552205854,49.73014708671557,49.48166693583744,49.64446258544922,46952,0.0,0.0,0.0
2022-01-06 00:00:00+01:00,49.336010944381016,49.413122097037,49.096097595953516,49.39598846435547,49525,0.0,0.0,0.0
2022-01-07 00:00:00+01:00,49.49880660309314,49.56735093940836,49.27603015587687,49.39598846435547,48826,0.0,0.0,0.0
2022-01-10 00:00:00+01:00,49.70443909169014,49.75584979140488,49.233185784158074,49.29316329956055,82453,0.0,0.0,0.0
2022-01-11 00:00:00+01:00,49.64446540643657,49.78155734772329,49.50737346514985,49.63589859008789,42743,0.0,0.0,0.0
2022-01-12 00:00:00+01:00,49.91007901188575,49.99576024355016,49.69587266419526,49.79869079589844,45263,0.0,0.0,0.0
2022-01-13 00:00:00+01:00,49.7044416956375,49.918648052876726,49.670171162561736,49.8929443359375,22136,0.0,0.0,0.0
2022-01-14 00:00:00+01:00,49.81582831945239,49.81582831945239,49.39598570310061,49.64446258544922,48279,0.0,0.0,0.0
2022-01-17 00:00:00+01:00,49.815833694182004,49.99576626346034,49.78155988997759,49.944358825683594,45391,0.0,0.0,0.0
2022-01-18 00:00:00+01:00,49.79012939476589,49.79012939476589,49.48167169758242,49.704444885253906,47082,0.0,0.0,0.0
2022-01-19 00:00:00+01:00,49.49879901982716,49.892937881713856,49.48166212124133,49.68730163574219,26376,0.0,0.0,0.0
2022-01-20 00:00:00+01:00,49.61875725740371,49.81582670111997,49.40455091399089,49.790122985839844,39323,0.0,0.0,0.0
2022-01-21 00:00:00+01:00,49.156071018762084,49.25032233330313,48.68481771458628,49.078956604003906,35500,0.0,0.0,0.0
2022-01-24 00:00:00+01:00,48.88189602499989,48.94187355085332,47.62236471354775,47.708045959472656,39907,0.0,0.0,0.0
2022-01-25 00:00:00+01:00,48.23070047536294,48.38492930220974,47.79371770978722,48.17072296142578,24940,0.0,0.0,0.0
2022-01-26 00:00:00+01:00,48.74479301496329,49.17320568448279,48.69338558647969,48.984703063964844,38190,0.0,0.0,0.0
2022-01-27 00:00:00+01:00,48.53915772976523,49.627323055690454,48.48774703172942,49.43882369995117,29763,0.0,0.0,0.0
2022-01-28 00:00:00+01:00,49.19035146735093,49.19035146735093,48.44491420294793,48.779075622558594,34647,0.0,0.0,0.0
2022-01-31 00:00:00+01:00,49.32743674806131,49.32743674806131,48.941864674270406,49.078956604003906,40019,0.0,0.0,0.0
2022-02-01 00:00:00+01:00,49.430253616013864,49.524504928148176,49.15606976354823,49.43882369995117,41246,0.0,0.0,0.0
2022-02-02 00:00:00+01:00,49.730151226615746,49.730151226615746,49.42169353343767,49.567352294921875,29594,0.0,0.0,0.0
2022-02-03 00:00:00+01:00,49.70444188497067,49.78155630461172,49.0446891784668,49.0446891784668,29988,0.0,0.0,0.0
2022-02-04 00:00:00+01:00,49.190354054750856,49.190354054750856,48.48775737437464,48.74480438232422,34113,0.0,0.0,0.0
2022-02-07 00:00:00+01:00,49.01898735338056,49.121808769412915,48.67625910552929,48.92473602294922,51152,0.0,0.0,0.0
2022-02-08 00:00:00+01:00,49.284588541821506,49.46452105903339,49.11322283891684,49.42168045043945,45554,0.0,0.0,0.0
2022-02-09 00:00:00+01:00,49.670168241057745,49.858667601740954,49.464528712050374,49.76441955566406,23258,0.0,0.0,0.0
2022-02-10 00:00:00+01:00,49.85866951076245,49.85866951076245,49.50737122284325,49.593055725097656,35021,0.0,0.0,0.0
2022-02-11 00:00:00+01:00,49.48166440871532,49.81582577526403,49.267458069283656,49.627323150634766,27285,0.0,0.0,0.0
2022-02-14 00:00:00+01:00,49.24176378644122,49.51594769194966,48.92473599001647,48.97614669799805,50022,0.0,0.0,0.0
2022-02-15 00:00:00+01:00,49.20748046158404,49.53307501208548,49.096092250104455,49.43882369995117,28476,0.0,0.0,0.0
2022-02-16 00:00:00+01:00,49.47309437427717,49.59304939358922,49.318865558439065,49.52450180053711,40905,0.0,0.0,0.0
2022-02-17 00:00:00+01:00,49.58448437328927,49.58448437328927,49.087527347033515,49.21604919433594,25265,0.0,0.0,0.0
2022-02-18 00:00:00+01:00,49.31029984827845,49.31029984827845,49.00184218924572,49.078956604003906,36987,0.0,0.0,0.0
2022-02-21 00:00:00+01:00,49.233189212640326,49.29316673221949,48.556296327641526,48.83905029296875,74459,0.0,0.0,0.0
2022-02-22 00:00:00+01:00,48.3249572459463,48.847618030922206,48.29068344310304,48.65911865234375,28566,0.0,0.0,0.0
2022-02-23 00:00:00+01:00,48.83905124383138,48.94186938389322,48.45347913293729,48.60770797729492,34346,0.0,0.0,0.0
2022-02-24 00:00:00+01:00,47.42529040432997,47.87941014467599,47.32247225889669,47.459564208984375,63411,0.0,0.0,0.0
2022-02-25 00:00:00+01:00,47.55380962586063,48.564863857766696,47.54524281002697,48.53059005737305,79538,0.0,0.0,0.0
2022-02-28 00:00:00+01:00,48.46205110289455,48.53916552807281,48.11075278120025,48.487754821777344,30769,0.0,0.0,0.0
2022-03-01 00:00:00+01:00,48.72766205989187,48.77907276317597,48.20499801635742,48.20499801635742,58545,0.0,0.0,0.0
2022-03-02 00:00:00+01:00,48.29925025954899,48.87332501731952,47.98222575457317,48.65911865234375,28121,0.0,0.0,0.0
2022-03-03 00:00:00+01:00,48.97614250377101,48.98470932010264,48.487752259625815,48.52202606201172,22753,0.0,0.0,0.0
2022-03-04 00:00:00+01:00,48.66768035320649,48.684817252826825,48.07647202468747,48.333518981933594,32803,0.0,0.0,0.0
2022-03-07 00:00:00+01:00,48.14502716064453,48.47919187544908,47.6480700342321,48.14502716064453,33971,0.0,0.0,0.0
2022-03-08 00:00:00+01:00,47.69090427833813,48.12788381842133,47.47669791645761,47.64806365966797,28009,0.0,0.0,0.0
2022-03-09 00:00:00+01:00,48.05934586212437,48.05934586212437,47.68234379183838,47.95652770996094,63049,0.0,0.0,0.0
2022-03-10 00:00:00+01:00,48.09361554989135,48.09361554989135,47.38244882605664,47.6909065246582,62966,0.0,0.0,0.0
2022-03-11 00:00:00+01:00,48.213569353244345,48.49632005732553,47.913678479093655,48.23927307128906,41702,0.0,0.0,0.0
2022-03-14 00:00:00+01:00,48.27354780122888,48.38493602911094,48.02506762692653,48.05934143066406,29577,0.0,0.0,0.0
2022-03-15 00:00:00+01:00,47.56237446951702,48.17072296142578,47.245350000344985,48.17072296142578,54666,0.0,0.0,0.0
2022-03-16 00:00:00+01:00,48.69338492175809,48.856180557282606,48.513449118933984,48.84761047363281,19333,0.0,0.0,0.0
2022-03-17 00:00:00+01:00,49.10404273427129,49.10404273427129,48.59568351594109,48.86278533935547,46222,0.317605,0.0,0.0
2022-03-18 00:00:00+01:00,49.155739480400385,49.23328591533412,48.86278664696634,49.2160530090332,34048,0.0,0.0,0.0
2022-03-21 00:00:00+01:00,49.328062111186014,49.65548073634419,49.224667966814174,49.509002685546875,39281,0.0,0.0,0.0
2022-03-22 00:00:00+01:00,49.92258326860158,50.00012969970703,49.767490406390685,50.00012969970703,30293,0.0,0.0,0.0
2022-03-23 00:00:00+01:00,50.06906058213505,50.06906058213505,49.77610776748948,49.81057357788086,27956,0.0,0.0,0.0
2022-03-24 00:00:00+01:00,50.00012708813357,50.1983005601987,49.86226713857345,50.025978088378906,43797,0.0,0.0,0.0
2022-03-25 00:00:00+01:00,50.000127790982496,50.28446578979492,49.84503493469218,50.28446578979492,32557,0.0,0.0,0.0
2022-03-28 00:00:00+02:00,50.40509662707401,50.54295658893938,50.06044507899019,50.08629608154297,33088,0.0,0.0,0.0
2022-03-29 00:00:00+02:00,50.448175995373376,50.448175995373376,49.982897403073366,50.12937545776367,31508,0.0,0.0,0.0
2022-03-30 00:00:00+02:00,50.172461221707415,50.172461221707415,49.93120709141658,49.98290252685547,29329,0.0,0.0,0.0
2022-03-31 00:00:00+02:00,49.97428771656266,50.155228314280784,49.93120709141658,49.98290252685547,69370,0.0,0.0,0.0
2022-04-01 00:00:00+02:00,49.91396519694061,50.14660447505174,49.888117483875064,49.96566390991211,57301,0.0,0.0,0.0
2022-04-04 00:00:00+02:00,50.258620644861054,50.45679412984101,50.077676778713546,50.32754898071289,53318,0.0,0.0,0.0
2022-04-05 00:00:00+02:00,50.560186355745955,50.67219859494447,50.31031416324179,50.61188507080078,43173,0.0,0.0,0.0
2022-04-06 00:00:00+02:00,50.57741602617898,50.57741602617898,49.93119692010388,50.20691680908203,31008,0.0,0.0,0.0
2022-04-07 00:00:00+02:00,50.284461928926824,50.439554773309034,49.991509143631575,50.051822662353516,44868,0.0,0.0,0.0
2022-04-08 00:00:00+02:00,50.784202541994254,50.92206248171239,50.59464717915697,50.85313415527344,25342,0.0,0.0,0.0
2022-04-11 00:00:00+02:00,50.74974633319717,50.75836114250826,50.43956060854807,50.732513427734375,45716,0.0,0.0,0.0
2022-04-12 00:00:00+02:00,50.310318053516056,50.8014443805716,50.172458089550304,50.7066650390625,19571,0.0,0.0,0.0
2022-04-13 00:00:00+02:00,50.81005532103282,50.81005532103282,50.3792425834608,50.474021911621094,28008,0.0,0.0,0.0
2022-04-14 00:00:00+02:00,50.54296170063474,50.98238934638469,50.3361700935023,50.90484619140625,34647,0.0,0.0,0.0
2022-04-19 00:00:00+02:00,50.758359224268716,50.827290843514874,50.49125412995062,50.7497444152832,57775,0.0,0.0,0.0
2022-04-20 00:00:00+02:00,50.844526853792935,51.059933260757866,50.732517888696634,51.02547073364258,32220,0.0,0.0,0.0
2022-04-21 00:00:00+02:00,50.98238682277685,51.197793229741784,50.86175976077104,51.02547073364258,64965,0.0,0.0,0.0
2022-04-22 00:00:00+02:00,50.69804564428893,50.766973976617685,50.24999998021029,50.28446578979492,48369,0.0,0.0,0.0
2022-04-25 00:00:00+02:00,49.59516718863281,49.74164195252182,49.25913046760863,49.276363372802734,62336,0.0,0.0,0.0
2022-04-26 00:00:00+02:00,49.93120130434822,49.94843420977755,49.56931686401367,49.56931686401367,28409,0.0,0.0,0.0
2022-04-27 00:00:00+02:00,49.67271112884291,49.982893546267796,49.40560604198326,49.93119812011719,28667,0.0,0.0,0.0
2022-04-28 00:00:00+02:00,50.370635986328125,50.56880949642805,50.11214894214741,50.370635986328125,28165,0.0,0.0,0.0
2022-04-29 00:00:00+02:00,50.75836819601975,50.75836819601975,50.31032245224733,50.370635986328125,27268,0.0,0.0,0.0
2022-05-02 00:00:00+02:00,49.94843868175287,49.99151930576295,49.465927147053534,49.664100646972656,58337,0.0,0.0,0.0
2022-05-03 00:00:00+02:00,50.01736446793877,50.327550203912715,49.77611035633271,50.31893539428711,27647,0.0,0.0,0.0
2022-05-04 00:00:00+02:00,50.37924895644908,50.37924895644908,49.974283880114285,50.017364501953125,37076,0.0,0.0,0.0
2022-05-05 00:00:00+02:00,50.75835845413443,50.75835845413443,49.94843166132381,50.025978088378906,46183,0.0,0.0,0.0
2022-05-06 00:00:00+02:00,49.98290123317779,50.0518328611002,49.216054950166026,49.629634857177734,55873,0.0,0.0,0.0
2022-05-09 00:00:00+02:00,49.76749216004032,49.7933431625468,48.72492599487305,48.72492599487305,32875,0.0,0.0,0.0
2022-05-10 00:00:00+02:00,48.91447959926538,49.29359363266888,48.72492093914342,48.768001556396484,23082,0.0,0.0,0.0
2022-05-11 00:00:00+02:00,48.880018862688694,49.2419033162137,48.57845122378515,49.22467041015625,29803,0.0,0.0,0.0
2022-05-12 00:00:00+02:00,48.56984134272193,49.12989938037799,48.397515539839965,49.017887115478516,14210,0.0,0.0,0.0
2022-05-13 00:00:00+02:00,49.4314543348637,49.922580610097604,49.30221248113084,49.82780456542969,13464,0.0,0.0,0.0
2022-05-16 00:00:00+02:00,49.819191583221404,49.94843673706055,49.55208646581288,49.94843673706055,42232,0.0,0.0,0.0
2022-05-17 00:00:00+02:00,50.3017069820177,50.44818176662398,49.93982249543804,50.11214828491211,21047,0.0,0.0,0.0
2022-05-18 00:00:00+02:00,50.44816819536442,50.44816819536442,49.69855499267578,49.69855499267578,23355,0.0,0.0,0.0
2022-05-19 00:00:00+02:00,49.35391097138561,49.35391097138561,48.587064749713335,48.836936950683594,24582,0.0,0.0,0.0
2022-05-20 00:00:00+02:00,49.302222020615055,49.42284908884204,48.85417627659976,49.043731689453125,48590,0.0,0.0,0.0
2022-05-23 00:00:00+02:00,49.58655670503054,49.58655670503054,48.888642015150225,49.57794189453125,22931,0.0,0.0,0.0
2022-05-24 00:00:00+02:00,49.095423961034605,49.17297039282397,48.75939051889423,48.836936950683594,19093,0.0,0.0,0.0
2022-05-25 00:00:00+02:00,49.75887422863946,49.75887422863946,49.43145560777203,49.71579360961914,23797,0.0,0.0,0.0
2022-05-26 00:00:00+02:00,49.819191659188284,50.19830573787197,49.67271688566531,50.07767868041992,9285,0.0,0.0,0.0
2022-05-27 00:00:00+02:00,50.11213627267687,50.53433419134246,49.982891139842025,50.5171012878418,10382,0.0,0.0,0.0
2022-05-30 00:00:00+02:00,50.83590244850922,50.83590244850922,50.50848385140693,50.577415466308594,16305,0.0,0.0,0.0
2022-05-31 00:00:00+02:00,50.57741925572443,50.749745019049456,50.336161872333165,50.34477996826172,30038,0.0,0.0,0.0
2022-06-01 00:00:00+02:00,51.09439644738121,51.09439644738121,50.20692314810968,50.31893539428711,81090,0.0,0.0,0.0
2022-06-02 00:00:00+02:00,50.56018957352123,50.56018957352123,49.97428391297358,50.215538024902344,19966,0.0,0.0,0.0
2022-06-03 00:00:00+02:00,50.62910568804051,50.62910568804051,50.08628406725117,50.18967819213867,19303,0.0,0.0,0.0
2022-06-06 00:00:00+02:00,50.35340055944204,50.68081921867311,50.327552842369386,50.49126052856445,17443,0.0,0.0,0.0
2022-06-07 00:00:00+02:00,50.30170248819514,50.4137114475318,50.10352899839862,50.31893539428711,44197,0.0,0.0,0.0
2022-06-08 00:00:00+02:00,50.56880302645423,50.56880302645423,49.98289738162578,50.163841247558594,67667,0.0,0.0,0.0
2022-06-09 00:00:00+02:00,50.01736197203324,50.13798902181689,49.62962982141395,49.90534973144531,42753,0.0,0.0,0.0
2022-06-10 00:00:00+02:00,49.56070583922934,49.56070583922934,48.871406003623825,48.90586853027344,56913,0.0,0.0,0.0
2022-06-13 00:00:00+02:00,48.50090345602324,48.50090345602324,47.811603666886754,48.13901901245117,66183,0.0,0.0,0.0
2022-06-14 00:00:00+02:00,48.29410670206564,48.29410670206564,47.742666929832744,47.75128173828125,42753,0.0,0.0,0.0
2022-06-15 00:00:00+02:00,47.725438449863745,48.18209893729034,47.4583366342779,47.880531311035156,53342,0.0,0.0,0.0
2022-06-16 00:00:00+02:00,47.74868252820342,47.7574375939074,46.48822353224686,46.66328811645508,60945,0.869374,0.0,0.0
2022-06-17 00:00:00+02:00,46.71581142685047,47.01342025824033,46.295658371784725,46.40069580078125,30170,0.0,0.0,0.0
2022-06-20 00:00:00+02:00,46.26064242286214,46.54949951171875,46.199370314149434,46.54949951171875,29949,0.0,0.0,0.0
2022-06-21 00:00:00+02:00,46.847110229315064,47.02217483520508,46.63703203443112,47.02217483520508,42176,0.0,0.0,0.0
2022-06-22 00:00:00+02:00,46.63702163609796,46.742062379659544,46.30440263205628,46.672035217285156,22266,0.0,0.0,0.0
2022-06-23 00:00:00+02:00,46.57576229680143,46.960905117202834,46.3919459538352,46.48823165893555,15937,0.0,0.0,0.0
2022-06-24 00:00:00+02:00,46.855857757165765,47.46858215332031,46.70705502589873,47.46858215332031,24450,0.0,0.0,0.0
2022-06-27 00:00:00+02:00,47.53861395880441,47.72243029384427,47.28477044522766,47.459835052490234,37030,0.0,0.0,0.0
2022-06-28 00:00:00+02:00,47.888739022024204,48.27388181928551,47.66115737379856,47.85372543334961,33160,0.0,0.0,0.0
2022-06-29 00:00:00+02:00,47.442324274874714,47.80995691409013,47.35479030905244,47.62614059448242,17072,0.0,0.0,0.0
2022-06-30 00:00:00+02:00,47.2059876094734,47.26725971605304,46.987157703380554,47.1272087097168,17758,0.0,0.0,0.0
2022-07-01 00:00:00+02:00,46.82084644086764,47.50359465405801,46.79458458253622,47.37229537963867,61846,0.0,0.0,0.0
2022-07-04 00:00:00+02:00,47.54736365154834,47.599884033203125,47.38105411826077,47.599884033203125,31488,0.0,0.0,0.0
2022-07-05 00:00:00+02:00,47.7486850143636,47.809957121164885,46.943392559787064,46.960899353027344,67747,0.0,0.0,0.0
2022-07-06 00:00:00+02:00,47.42482516352236,47.8012129298265,47.33729452260136,47.51235580444336,13852,0.0,0.0,0.0
2022-07-07 00:00:00+02:00,47.98502835826048,48.475208619618115,47.521109959939054,48.466453552246094,26326,0.0,0.0,0.0
2022-07-08 00:00:00+02:00,48.492717292743436,48.737805763371256,48.343911193376556,48.55398941040039,35410,0.0,0.0,0.0
2022-07-11 00:00:00+02:00,48.2826291699869,48.72028897150566,48.2301087917361,48.52771759033203,33558,0.0,0.0,0.0
2022-07-12 00:00:00+02:00,48.56273632776785,48.72904586791992,48.31764788142171,48.72904586791992,20823,0.0,0.0,0.0
2022-07-13 00:00:00+02:00,48.510217815400864,48.51897288258221,47.81871776666436,47.98502731323242,35686,0.0,0.0,0.0
2022-07-14 00:00:00+02:00,48.11633111936426,48.11633111936426,47.153477323012,47.31103515625,28195,0.0,0.0,0.0
2022-07-15 00:00:00+02:00,47.57362666818151,48.02879333496094,47.547368144412644,48.02879333496094,37753,0.0,0.0,0.0
2022-07-18 00:00:00+02:00,48.22135925292969,48.475202750707666,48.03754292933023,48.22135925292969,28244,0.0,0.0,0.0
2022-07-19 00:00:00+02:00,47.87123076182943,48.2651252746582,47.54736342420554,48.2651252746582,23994,0.0,0.0,0.0
2022-07-20 00:00:00+02:00,48.49270981219188,48.49270981219188,48.14258061752356,48.32639694213867,38857,0.0,0.0,0.0
2022-07-21 00:00:00+02:00,48.247624256484684,48.317651440072396,47.879991559888914,48.23887252807617,20385,0.0,0.0,0.0
2022-07-22 00:00:00+02:00,48.36141897821538,48.606507453852764,48.24762646920658,48.31765365600586,33836,0.0,0.0,0.0
2022-07-25 00:00:00+02:00,48.361414082134225,48.606502532958984,48.15133588208463,48.606502532958984,27801,0.0,0.0,0.0
2022-07-26 00:00:00+02:00,48.711542703448714,48.96538287907551,48.55398489011916,48.89535903930664,18156,0.0,0.0,0.0
2022-07-27 00:00:00+02:00,48.956626892089844,49.061664312144856,48.83408267884576,48.956626892089844,37628,0.0,0.0,0.0
2022-07-28 00:00:00+02:00,49.03540170000053,49.35051727294922,48.93036428871066,49.35051727294922,34177,0.0,0.0,0.0
2022-07-29 00:00:00+02:00,49.36802808364449,49.709402202436564,49.245480531570976,49.56935119628906,31584,0.0,0.0,0.0
2022-08-01 00:00:00+02:00,49.63062407974997,49.78818188151739,49.28924995561372,49.499324798583984,83771,0.0,0.0,0.0
2022-08-02 00:00:00+02:00,49.385534635246536,49.62187134902119,49.15795298813739,49.52558898925781,38969,0.0,0.0,0.0
2022-08-03 00:00:00+02:00,49.40304142949795,49.595612827183864,49.271745481231754,49.52558898925781,21427,0.0,0.0,0.0
2022-08-04 00:00:00+02:00,49.55185614562766,49.621879995755535,49.2454922014627,49.28926086425781,35116,0.0,0.0,0.0
2022-08-05 00:00:00+02:00,49.30675992209069,49.49932798402591,49.13169531562988,49.34177017211914,44472,0.0,0.0,0.0
2022-08-08 00:00:00+02:00,49.648129656768035,49.753167075679684,49.4468065459043,49.63062286376953,42572,0.0,0.0,0.0
2022-08-09 00:00:00+02:00,49.60436113630005,49.60436113630005,49.28049381266716,49.403038024902344,66733,0.0,0.0,0.0
2022-08-10 00:00:00+02:00,49.481820931619275,49.74441950948191,49.28049780391632,49.62187194824219,29992,0.0,0.0,0.0
2022-08-11 00:00:00+02:00,49.88446912125714,50.01576506741127,49.73566304205369,49.91947937011719,48089,0.0,0.0,0.0
2022-08-12 00:00:00+02:00,50.11205081343744,50.42716642704104,49.99825832206291,50.36589431762695,19812,0.0,0.0,0.0
2022-08-15 00:00:00+02:00,50.61098446564166,50.65474978254794,50.287117113639574,50.6197395324707,73106,0.0,0.0,0.0
2022-08-16 00:00:00+02:00,50.82981864028271,51.12742749484675,50.82981864028271,50.94361114501953,17031,0.0,0.0,0.0
2022-08-17 00:00:00+02:00,51.19745021257052,51.19745021257052,50.59347748857154,50.786048889160156,52971,0.0,0.0,0.0
2022-08-18 00:00:00+02:00,50.751032059224435,51.074899389376505,50.65474636507882,51.057395935058594,33989,0.0,0.0,0.0
2022-08-19 00:00:00+02:00,51.03990055979718,51.17995159922722,50.917352978600746,50.996131896972656,22809,0.0,0.0,0.0
2022-08-22 00:00:00+02:00,51.031136371107344,51.12742206958446,50.76854113649312,51.02238464355469,37698,0.0,0.0,0.0
2022-08-23 00:00:00+02:00,51.01362440431572,51.092403300620035,50.75978426207225,50.8210563659668,24104,0.0,0.0,0.0
2022-08-24 00:00:00+02:00,50.76853777716507,51.004874474403465,50.68100715111205,50.96110916137695,10966,0.0,0.0,0.0
2022-08-25 00:00:00+02:00,51.10115699590154,51.188687616523666,50.91733735006844,51.1186637878418,19299,0.0,0.0,0.0
2022-08-26 00:00:00+02:00,51.390016362783314,51.4075231566475,50.47968311632283,50.69851303100586,34576,0.0,0.0,0.0
2022-08-29 00:00:00+02:00,50.22584738038058,50.22584738038058,49.68314673999056,50.08579635620117,34086,0.0,0.0,0.0
2022-08-30 00:00:00+02:00,50.20832789190073,50.33962381564386,49.45555257508922,49.54308319091797,31623,0.0,0.0,0.0
2022-08-31 00:00:00+02:00,49.718153518941726,49.718153518941726,49.0966773929863,49.131690979003906,25331,0.0,0.0,0.0
2022-09-01 00:00:00+02:00,48.91286724098059,48.98289108276367,48.55398628675788,48.98289108276367,70436,0.0,0.0,0.0
2022-09-02 00:00:00+02:00,49.02665296827903,49.481819594776226,48.921615543419534,49.42054748535156,28279,0.0,0.0,0.0
2022-09-05 00:00:00+02:00,49.43805739160223,49.43805739160223,49.114190030100715,49.37678527832031,82786,0.0,0.0,0.0
2022-09-06 00:00:00+02:00,49.201726610762584,49.43806336443705,48.98289665429513,49.122947692871094,76288,0.0,0.0,0.0
2022-09-07 00:00:00+02:00,48.83408885849617,48.90411270103414,48.6327657199648,48.80782699584961,30784,0.0,0.0,0.0
2022-09-08 00:00:00+02:00,48.93911308568514,49.227970123291016,48.68526962943977,49.227970123291016,14385,0.0,0.0,0.0
2022-09-09 00:00:00+02:00,49.175461514997565,49.70940707169961,49.122941130392874,49.604366302490234,51776,0.0,0.0,0.0
2022-09-12 00:00:00+02:00,49.31551000401732,50.04202358882619,49.26298962210795,49.91947937011719,71773,0.0,0.0,0.0
2022-09-13 00:00:00+02:00,49.971997488796426,50.155813808534894,49.36802815005031,49.45555877685547,75467,0.0,0.0,0.0
2022-09-14 00:00:00+02:00,49.245482797607984,49.27174465808615,48.82532975983209,49.149200439453125,27284,0.0,0.0,0.0
2022-09-15 00:00:00+02:00,49.294030979373936,49.364679721043174,48.81716207925885,48.967288970947266,77709,0.494,0.0,0.0
2022-09-16 00:00:00+02:00,48.481591954910606,48.667039853659915,48.260819684385,48.322635650634766,24914,0.0,0.0,0.0
2022-09-19 00:00:00+02:00,48.393280166531696,48.61405243313879,48.04887596961942,48.37561798095703,22479,0.0,0.0,0.0
2022-09-20 00:00:00+02:00,48.702363704571326,48.80833345004938,48.1195250513658,48.172508239746094,38819,0.0,0.0,0.0
2022-09-21 00:00:00+02:00,48.38444117773594,48.77299907728968,48.38444117773594,48.737674713134766,10003,0.0,0.0,0.0
2022-09-22 00:00:00+02:00,48.04004515218032,48.57872663717949,47.969396411953795,48.181339263916016,58155,0.0,0.0,0.0
2022-09-23 00:00:00+02:00,48.181338742947965,48.181338742947965,47.40421945244567,47.49252700805664,41116,0.0,0.0,0.0
2022-09-26 00:00:00+02:00,47.28942461745009,47.44838093834649,47.03332794837057,47.32474899291992,34209,0.0,0.0,0.0
2022-09-27 00:00:00+02:00,47.439536668993185,47.51901480454585,47.08629976237762,47.10396194458008,41308,0.0,0.0,0.0
2022-09-28 00:00:00+02:00,46.989167710906834,47.245264344819525,46.5034694054045,47.23643493652344,68954,0.0,0.0,0.0
2022-09-29 00:00:00+02:00,46.97150067333278,46.97150067333278,46.097244487484744,46.229705810546875,37518,0.0,0.0,0.0
2022-09-30 00:00:00+02:00,46.30919577389762,46.60944623235832,46.17673441702014,46.39750671386719,49097,0.0,0.0,0.0
2022-10-03 00:00:00+02:00,45.92062605982823,46.76839065551758,45.76166977704684,46.76839065551758,90795,0.0,0.0,0.0
2022-10-04 00:00:00+02:00,47.07747327153321,47.545509338378906,47.068640495526495,47.545509338378906,52040,0.0,0.0,0.0
2022-10-05 00:00:00+02:00,47.38656213322801,47.60733441364162,47.31591675522884,47.5720100402832,87348,0.0,0.0,0.0
2022-10-06 00:00:00+02:00,47.68680604985299,47.70446823411752,47.3159102864495,47.48369598388672,39383,0.0,0.0,0.0
2022-10-07 00:00:00+02:00,47.351233702512964,47.58966814917519,46.91852195646169,47.06864547729492,99882,0.0,0.0,0.0
2022-10-10 00:00:00+02:00,46.82137962496446,47.192275391471355,46.741901479467664,46.892024993896484,42508,0.0,0.0,0.0
2022-10-11 00:00:00+02:00,46.582945650126206,46.83904227356691,46.362173395860204,46.6712532043457,28372,0.0,0.0,0.0
2022-10-12 00:00:00+02:00,46.59176976939116,46.839036956829325,46.33567654373707,46.64475631713867,17310,0.0,0.0,0.0
2022-10-13 00:00:00+02:00,46.4504809500797,46.90968764319906,45.9206288873282,46.6712532043457,37456,0.0,0.0,0.0
2022-10-14 00:00:00+02:00,47.50135398215731,47.72212621293285,46.96266920007029,47.14811706542969,15236,0.0,0.0,0.0
2022-10-17 00:00:00+02:00,47.1392941311103,47.563176468156406,46.94501346336182,47.45720672607422,70707,0.0,0.0,0.0
2022-10-18 00:00:00+02:00,47.457205127939226,47.854592489544636,47.22760009765625,47.22760009765625,18532,0.0,0.0,0.0
2022-10-19 00:00:00+02:00,47.64265878700004,47.76629072503683,47.395391542208785,47.5720100402832,50114,0.0,0.0,0.0
2022-10-20 00:00:00+02:00,47.43953360931764,47.7574461310241,47.36005547889103,47.5543327331543,13311,0.0,0.0,0.0
2022-10-21 00:00:00+02:00,47.35122690924428,47.72212600708008,46.98916058708287,47.72212600708008,25645,0.0,0.0,0.0
2022-10-24 00:00:00+02:00,47.854591098258624,48.31379777675673,47.52784911558932,47.889915466308594,25367,0.0,0.0,0.0
2022-10-25 00:00:00+02:00,48.15484377836211,48.16367655515305,47.73979422455503,48.031211853027344,26366,0.0,0.0,0.0
2022-10-26 00:00:00+02:00,48.11952069841479,48.50807864249656,47.854591305609276,48.2431526184082,20866,0.0,0.0,0.0
2022-10-27 00:00:00+02:00,48.18133103616165,48.63170488768628,48.04886635521612,48.58755111694336,18461,0.0,0.0,0.0
2022-10-28 00:00:00+02:00,48.14601027438678,48.86131354132179,48.14601027438678,48.77300262451172,20491,0.0,0.0,0.0
2022-10-31 00:00:00+01:00,49.06442762882027,49.32052088682161,48.77300663247479,49.126243591308594,42280,0.0,0.0,0.0
2022-11-01 00:00:00+01:00,49.426486934843005,49.7179045208405,49.32051384110135,49.59427261352539,68327,0.0,0.0,0.0
2022-11-02 00:00:00+01:00,49.691421572114805,49.70025098043679,49.320522416960664,49.52363586425781,24715,0.0,0.0,0.0
2022-11-03 00:00:00+01:00,49.25869670859915,49.41765297669072,48.96727912957577,49.36466979980469,48073,0.0,0.0,0.0
2022-11-04 00:00:00+01:00,49.60310080304657,49.885692344039335,49.329345406057335,49.53245544433594,41920,0.0,0.0,0.0
2022-11-07 00:00:00+01:00,49.452983804135144,49.823879565681914,49.452983804135144,49.62076950073242,151817,0.0,0.0,0.0
2022-11-08 00:00:00+01:00,49.55012438949596,49.80622100830078,49.47947565242544,49.80622100830078,21510,0.0,0.0,0.0
2022-11-09 00:00:00+01:00,49.682583842248015,49.717908209449305,49.523630927276336,49.6119384765625,39262,0.0,0.0,0.0
2022-11-10 00:00:00+01:00,49.391164410317884,50.04464833581936,49.285194681345175,49.95634078979492,31513,0.0,0.0,0.0
2022-11-11 00:00:00+01:00,50.16828926698341,50.27425900789164,49.744406934633155,49.779727935791016,42159,0.0,0.0,0.0
2022-11-14 00:00:00+01:00,49.96517683784275,50.159454125563094,49.770896181405234,50.02699279785156,27972,0.0,0.0,0.0
2022-11-15 00:00:00+01:00,49.8327134799553,50.07114791870117,49.63843281829928,50.07114791870117,47730,0.0,0.0,0.0
2022-11-16 00:00:00+01:00,49.84154564700293,49.87687001811719,49.45298767089844,49.45298767089844,21478,0.0,0.0,0.0
2022-11-17 00:00:00+01:00,49.70907582324865,49.70907582324865,49.17039104621875,49.33817672729492,27515,0.0,0.0,0.0
2022-11-18 00:00:00+01:00,49.48830584267642,49.86803436279297,49.48830584267642,49.86803436279297,27825,0.0,0.0,0.0
2022-11-21 00:00:00+01:00,50.04465295747346,50.07997732663224,49.86803784911408,50.07114791870117,29623,0.0,0.0,0.0
2022-11-22 00:00:00+01:00,50.26542169684405,50.62749140232802,50.159451965494874,50.57450485229492,23883,0.0,0.0,0.0
2022-11-23 00:00:00+01:00,50.53917842385043,50.645148150876544,50.38022214895281,50.565670013427734,28967,0.0,0.0,0.0
2022-11-24 00:00:00+01:00,50.530354833076395,50.74229431152344,50.4243817251356,50.74229431152344,19537,0.0,0.0,0.0
2022-11-25 00:00:00+01:00,50.662812625947424,50.76878572648561,50.55684289412627,50.706966400146484,29703,0.0,0.0,0.0
2022-11-28 00:00:00+01:00,50.47737114465816,50.47737114465816,49.85920812144677,50.327247619628906,25019,0.0,0.0,0.0
2022-11-29 00:00:00+01:00,50.530353015076734,50.574506790771515,50.32724295190703,50.380226135253906,48874,0.0,0.0,0.0
2022-11-30 00:00:00+01:00,50.74228654851407,50.76878150580447,50.353728651661385,50.75994873046875,27918,0.0,0.0,0.0
2022-12-01 00:00:00+01:00,51.095535974275016,51.20150572326074,50.592175455695866,50.68931579589844,157585,0.0,0.0,0.0
2022-12-02 00:00:00+01:00,50.50386514879706,50.50386514879706,50.11530715189953,50.45088195800781,31320,0.0,0.0,0.0
2022-12-05 00:00:00+01:00,50.39788634377656,50.39788634377656,49.982833457337165,50.03582000732422,55583,0.0,0.0,0.0
2022-12-06 00:00:00+01:00,49.921018540182025,50.01815886615711,49.5324606049988,49.57661437988281,32053,0.0,0.0,0.0
2022-12-07 00:00:00+01:00,49.6296049478413,49.664929318094394,49.188060425829754,49.391170501708984,46618,0.0,0.0,0.0
2022-12-08 00:00:00+01:00,49.41766209504012,49.58545116938362,49.33818394632935,49.391170501708984,35042,0.0,0.0,0.0
2022-12-09 00:00:00+01:00,49.594273961807346,49.682581506942654,49.40882609579305,49.638427734375,102446,0.0,0.0,0.0
2022-12-12 00:00:00+01:00,49.364675231125,49.399996230029615,49.09974584267919,49.373504638671875,93713,0.0,0.0,0.0
2022-12-13 00:00:00+01:00,49.62959667707166,50.336067120813404,49.488302588323315,49.79738235473633,71856,0.0,0.0,0.0
2022-12-14 00:00:00+01:00,49.64726413876421,49.82387924194336,49.48830785092924,49.82387924194336,45902,0.0,0.0,0.0
2022-12-15 00:00:00+01:00,49.24404614526264,49.28850560155642,48.35484345123065,48.51490020751953,117906,0.387911,0.0,0.0
2022-12-16 00:00:00+01:00,48.52377962397495,48.52377962397495,48.07028784642192,48.31926345825195,87928,0.0,0.0,0.0
2022-12-19 00:00:00+01:00,48.345955041678316,48.52379627918663,48.283711117356326,48.42598342895508,41146,0.0,0.0,0.0
2022-12-20 00:00:00+01:00,48.08808191150657,48.4170859488812,47.99915960948708,48.39040756225586,48794,0.0,0.0,0.0
2022-12-21 00:00:00+01:00,48.49710685505787,49.021736484031884,48.39040010906968,49.00395202636719,32640,0.0,0.0,0.0
2022-12-22 00:00:00+01:00,49.012852203907244,49.05731166079847,48.48822247169683,48.65717315673828,25573,0.0,0.0,0.0
2022-12-23 00:00:00+01:00,48.7372040524224,49.12845204212144,48.55046889657487,48.79055404663086,21987,0.0,0.0,0.0
2022-12-27 00:00:00+01:00,49.05730022925919,49.0750846862793,48.78164962554336,49.0750846862793,27463,0.0,0.0,0.0
2022-12-28 00:00:00+01:00,49.04841794734552,49.13733685536503,48.72830445121303,48.799442291259766,34597,0.0,0.0,0.0
2022-12-29 00:00:00+01:00,48.630486884686825,48.941709816546236,48.46153961907532,48.91503143310547,25507,0.0,0.0,0.0
2022-12-30 00:00:00+01:00,48.80833437779741,48.80833437779741,48.60381816921592,48.6304931640625,20835,0.0,0.0,0.0
2023-01-02 00:00:00+01:00,49.08398520360179,49.44855814138635,48.950603454054765,49.3062858581543,80108,0.0,0.0,0.0
2023-01-03 00:00:00+01:00,49.21735729700504,49.71531192095979,49.04841004218174,49.23514175415039,56076,0.0,0.0,0.0
2023-01-04 00:00:00+01:00,49.4041010367878,49.57304832114288,49.11066253065436,49.537479400634766,30215,0.0,0.0,0.0
2023-01-05 00:00:00+01:00,49.35963819013319,49.63529223601258,49.27960981500943,49.537479400634766,35357,0.0,0.0,0.0
2023-01-06 00:00:00+01:00,49.795338890186066,50.417781304721046,49.6530666290385,50.177696228027344,17702,0.0,0.0,0.0
2023-01-09 00:00:00+01:00,50.17770648854844,50.3021943185035,49.99097474361583,50.151031494140625,53523,0.0,0.0,0.0
2023-01-10 00:00:00+01:00,49.66196823120117,49.72421214732527,49.528589864666266,49.66196823120117,83743,0.0,0.0,0.0
2023-01-11 00:00:00+01:00,49.83980704900088,49.928729347787815,49.64418477574734,49.78645706176758,19666,0.0,0.0,0.0
2023-01-12 00:00:00+01:00,49.97318649291992,50.25773105181739,49.741991918791534,49.97318649291992,40033,0.0,0.0,0.0
2023-01-13 00:00:00+01:00,50.05321434665459,50.159917707132614,49.733100873181854,50.088783264160156,40014,0.0,0.0,0.0
2023-01-16 00:00:00+01:00,50.25772281196859,50.34664170003112,50.08877556783454,50.24882888793945,67777,0.0,0.0,0.0
2023-01-17 00:00:00+01:00,50.16880628635987,50.400000849102085,50.053212397027295,50.257728576660156,25920,0.0,0.0,0.0
2023-01-18 00:00:00+01:00,50.222158640978606,50.45335319902733,49.95539855957031,49.95539855957031,39760,0.0,0.0,0.0
2023-01-19 00:00:00+01:00,49.70643102953134,49.7331060244041,49.33296414111755,49.4218864440918,60826,0.0,0.0,0.0
2023-01-20 00:00:00+01:00,49.59083209794841,49.63529155195133,49.32407198189194,49.57304763793945,36053,0.0,0.0,0.0
2023-01-23 00:00:00+01:00,49.59083255249768,50.0710028010239,49.43077580298894,49.99097442626953,50862,0.0,0.0,0.0
2023-01-24 00:00:00+01:00,49.89316127258318,49.99986464089431,49.72421059804838,49.83091735839844,22079,0.0,0.0,0.0
2023-01-25 00:00:00+01:00,49.88426837294806,49.93762175422088,49.49302041973101,49.777565002441406,62318,0.0,0.0,0.0
2023-01-26 00:00:00+01:00,50.106568647408984,50.204381482956244,49.964296357169054,50.151031494140625,24932,0.0,0.0,0.0
2023-01-27 00:00:00+01:00,50.28440941166894,50.4088972405185,50.159921582819386,50.3288688659668,21369,0.0,0.0,0.0
2023-01-30 00:00:00+01:00,49.97318538363415,50.18659210205078,49.70642528959405,50.18659210205078,44420,0.0,0.0,0.0
2023-01-31 00:00:00+01:00,49.919835321378464,50.044323147390664,49.69753466291701,49.946510314941406,44427,0.0,0.0,0.0
2023-02-01 00:00:00+01:00,50.1688115797918,50.1688115797918,49.73310418348272,49.84870147705078,68032,0.0,0.0,0.0
2023-02-02 00:00:00+01:00,49.82202247038822,50.213273800039644,49.67085965086933,50.124351501464844,73417,0.0,0.0,0.0
2023-02-03 00:00:00+01:00,50.03542446756697,50.12434335965963,49.795339388470815,50.06209945678711,31514,0.0,0.0,0.0
2023-02-06 00:00:00+01:00,49.98207939544917,50.062107768434736,49.72420981671358,50.02653884887695,89914,0.0,0.0,0.0
2023-02-07 00:00:00+01:00,50.19549018413605,50.257734098165336,50.026539510023206,50.1688117980957,65327,0.0,0.0,0.0
2023-02-08 00:00:00+01:00,50.408892063452186,50.542273804686175,50.15991643132323,50.22216033935547,41992,0.0,0.0,0.0
2023-02-09 00:00:00+01:00,50.471138600286615,50.50670751874011,50.23994741441644,50.373329162597656,91251,0.0,0.0,0.0
2023-02-10 00:00:00+01:00,50.03542219977413,50.31996671201999,49.91093439967133,50.24882888793945,71740,0.0,0.0,0.0
2023-02-13 00:00:00+01:00,50.38221706317048,50.586733245531704,50.337757613446485,50.577842712402344,23982,0.0,0.0,0.0
2023-02-14 00:00:00+01:00,50.60451668626562,50.68454505097502,50.45335388183594,50.45335388183594,40407,0.0,0.0,0.0
2023-02-15 00:00:00+01:00,50.30220144768184,50.506717681884766,50.177713600083486,50.506717681884766,69554,0.0,0.0,0.0
2023-02-16 00:00:00+01:00,50.666761784514726,50.80014352617982,50.275513876756264,50.48003005981445,31836,0.0,0.0,0.0
2023-02-17 00:00:00+01:00,50.39999719858099,50.44445664449162,50.17769657698952,50.33775329589844,34341,0.0,0.0,0.0
2023-02-20 00:00:00+01:00,50.56895243945224,50.56895243945224,50.39111123567355,50.49781799316406,24785,0.0,0.0,0.0
2023-02-21 00:00:00+01:00,50.48002870338057,50.524488152061416,50.133240254816066,50.19548416137695,30866,0.0,0.0,0.0
2023-02-22 00:00:00+01:00,50.124342858082656,50.177696228027344,49.884257781388946,50.177696228027344,51555,0.0,0.0,0.0
2023-02-23 00:00:00+01:00,50.222155837049975,50.31996865291439,50.06209911873336,50.07988357543945,18401,0.0,0.0,0.0
2023-02-24 00:00:00+01:00,50.2755185223638,50.2755185223638,49.69753544445912,49.75088882446289,52737,0.0,0.0,0.0
2023-02-27 00:00:00+01:00,50.115458256269996,50.24883660885786,50.02653596250609,50.088783264160156,21072,0.0,0.0,0.0
2023-02-28 00:00:00+01:00,49.83091006780792,49.982072868129336,49.58193105545732,49.81312561035156,31106,0.0,0.0,0.0
2023-03-01 00:00:00+01:00,49.86648282090453,49.91094227194822,49.38631260873978,49.45744705200195,83541,0.0,0.0,0.0
2023-03-02 00:00:00+01:00,49.430776504265545,49.83091838371423,49.377423122992724,49.777565002441406,26747,0.0,0.0,0.0
2023-03-03 00:00:00+01:00,50.088777848314365,50.23994064331055,49.97318057493956,50.23994064331055,31424,0.0,0.0,0.0
2023-03-06 00:00:00+01:00,50.40888789513656,50.40888789513656,50.15991228359542,50.23994064331055,58638,0.0,0.0,0.0
2023-03-07 00:00:00+01:00,50.24884180787718,50.3733330320272,49.96429722246947,50.01765060424805,78851,0.0,0.0,0.0
2023-03-08 00:00:00+01:00,49.964289092400584,50.106561361954235,49.92872356904102,49.95539855957031,22202,0.0,0.0,0.0
2023-03-09 00:00:00+01:00,50.017654653279536,50.017654653279536,49.742000579833984,49.742000579833984,39222,0.0,0.0,0.0
2023-03-10 00:00:00+01:00,48.82610788899339,49.04840850830078,48.479319465599986,49.04840850830078,68369,0.0,0.0,0.0
2023-03-13 00:00:00+01:00,48.56824489699969,48.60381381496798,47.536770020190325,47.794639587402344,79583,0.0,0.0,0.0
2023-03-14 00:00:00+01:00,47.87466633450974,48.194779801299404,47.59012178448306,48.12364196777344,77856,0.0,0.0,0.0
2023-03-15 00:00:00+01:00,47.97248644552794,48.07918981998414,47.39450333248193,47.54566955566406,96461,0.0,0.0,0.0
2023-03-16 00:00:00+01:00,47.82089964031438,47.87464228281733,47.29244228112314,47.758201599121094,79971,0.387288,0.0,0.0
2023-03-17 00:00:00+01:00,48.05378371550608,48.14335137460442,47.1580934573739,47.346187591552734,56982,0.0,0.0,0.0
2023-03-20 00:00:00+01:00,46.99686618550023,47.57010737045072,46.75502941995168,47.45366668701172,57763,0.0,0.0,0.0
2023-03-21 00:00:00+01:00,47.579060253865194,47.84776661800726,47.57010485566807,47.7044563293457,24589,0.0,0.0,0.0
2023-03-22 00:00:00+01:00,47.81195116641575,47.91047765021431,47.6507266323431,47.71342468261719,35093,0.0,0.0,0.0
2023-03-23 00:00:00+01:00,47.23870309601518,47.355140363024525,46.969993300056416,47.292442321777344,32916,0.0,0.0,0.0
2023-03-24 00:00:00+01:00,47.07748024051454,47.20287632741814,46.75503120745551,47.1580924987793,54959,0.0,0.0,0.0
2023-03-27 00:00:00+02:00,47.66862875659649,47.71341257874765,47.3282655580318,47.588016510009766,28203,0.0,0.0,0.0
2023-03-28 00:00:00+02:00,47.83881201507351,48.05377916003282,47.471579180724284,47.686546325683594,260725,0.0,0.0,0.0
2023-03-29 00:00:00+02:00,48.00003085045847,48.08959849048729,47.8656759736288,48.06272888183594,35770,0.0,0.0,0.0
2023-03-30 00:00:00+02:00,48.322482008845164,48.358310433193125,48.071686455196044,48.21500015258789,16003,0.0,0.0,0.0
2023-03-31 00:00:00+02:00,48.32248816565649,48.573280334472656,48.17917786679196,48.573280334472656,23250,0.0,0.0,0.0
2023-04-03 00:00:00+02:00,48.85990516189819,48.94051742553711,48.77033749864932,48.94051742553711,104685,0.0,0.0,0.0
2023-04-04 00:00:00+02:00,49.039033950311584,49.039033950311584,48.43892321143385,48.50162124633789,36032,0.0,0.0,0.0
2023-04-05 00:00:00+02:00,48.6628502898344,48.6628502898344,48.331442455177246,48.546409606933594,26320,0.0,0.0,0.0
2023-04-06 00:00:00+02:00,48.82406583148793,48.92259228914124,48.716583976223674,48.76136779785156,17157,0.0,0.0,0.0
2023-04-11 00:00:00+02:00,49.182345160945694,49.2629574097422,49.030079478100475,49.236087799072266,22725,0.0,0.0,0.0
2023-04-12 00:00:00+02:00,49.28087702731684,49.522713800229724,49.02112603973037,49.16443634033203,38080,0.0,0.0,0.0
2023-04-13 00:00:00+02:00,49.1196442264617,49.21817068215332,48.76136682699881,49.039031982421875,20339,0.0,0.0,0.0
2023-04-14 00:00:00+02:00,49.08382590948673,49.531671042633114,49.04799747880609,49.25400924682617,31319,0.0,0.0,0.0
2023-04-17 00:00:00+02:00,49.4689696693383,49.61227996563254,49.41522702693285,49.540626525878906,63611,0.0,0.0,0.0
2023-04-18 00:00:00+02:00,49.737672614029584,49.773501039826385,49.522708892822266,49.522708892822266,22978,0.0,0.0,0.0
2023-04-19 00:00:00+02:00,49.674981512136306,49.674981512136306,49.39731971541509,49.47793197631836,20457,0.0,0.0,0.0
2023-04-20 00:00:00+02:00,49.504797918946515,49.51375331758828,49.236091541462955,49.31670379638672,18511,0.0,0.0,0.0
2023-04-21 00:00:00+02:00,49.3346154472888,49.35252624364178,49.12860370457483,49.18234634399414,42725,0.0,0.0,0.0
2023-04-24 00:00:00+02:00,49.08382590948673,49.25400924682617,49.03904207952953,49.25400924682617,23363,0.0,0.0,0.0
2023-04-25 00:00:00+02:00,49.003210787293135,49.10173725751781,48.88677351956125,49.05695343017578,32533,0.0,0.0,0.0
2023-04-26 00:00:00+02:00,48.734498842219885,48.886767937941976,48.26873957410913,48.43892288208008,28276,0.0,0.0,0.0
2023-04-27 00:00:00+02:00,48.34040041275064,48.671804824739766,48.34040041275064,48.66284942626953,22567,0.0,0.0,0.0
2023-04-28 00:00:00+02:00,48.84198825003684,49.06591081258686,48.66285293342656,48.967384338378906,74271,0.0,0.0,0.0
2023-05-02 00:00:00+02:00,49.13755706306898,49.19129627973404,48.286650825745895,48.322479248046875,122726,0.0,0.0,0.0
2023-05-03 00:00:00+02:00,48.57327368137025,48.57327368137025,48.26873891089701,48.29560852050781,48957,0.0,0.0,0.0
2023-05-04 00:00:00+02:00,48.295605276482675,48.295605276482675,47.91046170304717,48.05377197265625,33056,0.0,0.0,0.0
2023-05-05 00:00:00+02:00,48.313525421481955,49.06590528353869,48.17917394916379,48.734500885009766,21597,0.0,0.0,0.0
2023-05-08 00:00:00+02:00,48.80616220109481,48.97634211497813,48.74346074146718,48.859901428222656,35144,0.0,0.0,0.0
2023-05-09 00:00:00+02:00,48.88677628952802,48.99425816459632,48.788249813720746,48.9494743347168,19834,0.0,0.0,0.0
2023-05-10 00:00:00+02:00,48.88676998711447,49.03903567243241,48.62701902379788,48.734500885009766,26467,0.0,0.0,0.0
2023-05-11 00:00:00+02:00,49.03008723021533,49.047998028969346,48.47475679879797,48.68972396850586,38836,0.0,0.0,0.0
2023-05-12 00:00:00+02:00,48.743458445406034,48.94947019564888,48.62702118092242,48.88677215576172,16495,0.0,0.0,0.0
2023-05-15 00:00:00+02:00,49.02111783227138,49.09277467896846,48.81510952319704,48.95841979980469,58506,0.0,0.0,0.0
2023-05-16 00:00:00+02:00,48.92259077229607,48.958419195202154,48.69866825431275,48.752410888671875,49189,0.0,0.0,0.0
2023-05-17 00:00:00+02:00,48.555360993528794,48.8778099861265,48.555360993528794,48.78824234008789,10214,0.0,0.0,0.0
2023-05-18 00:00:00+02:00,49.02111764837209,49.20921174506654,48.9584196161406,49.20025634765625,14792,0.0,0.0,0.0
2023-05-19 00:00:00+02:00,49.3525247271341,49.531663436240436,49.17338943481445,49.17338943481445,28630,0.0,0.0,0.0
2023-05-22 00:00:00+02:00,49.25399852842124,49.42417841193979,49.110688253672336,49.29878234863281,26715,0.0,0.0,0.0
2023-05-23 00:00:00+02:00,49.16443920089473,49.42419020359445,49.128610769462924,49.36149215698242,34509,0.0,0.0,0.0
2023-05-24 00:00:00+02:00,49.012172137699324,49.083825581795026,48.653894666859244,48.8061637878418,26931,0.0,0.0,0.0
2023-05-25 00:00:00+02:00,48.81511573059993,48.9315564128962,48.403099060058594,48.403099060058594,24541,0.0,0.0,0.0
2023-05-26 00:00:00+02:00,48.64493768613709,48.94051368570151,48.41205631262614,48.859901428222656,14815,0.0,0.0,0.0
2023-05-29 00:00:00+02:00,49.03903619194932,49.08382001652981,48.86885629182873,49.021121978759766,17952,0.0,0.0,0.0
2023-05-30 00:00:00+02:00,49.07487001649715,49.1017396308437,48.501628798522766,48.58224105834961,30010,0.0,0.0,0.0
2023-05-31 00:00:00+02:00,48.51953751652382,48.64493701726774,48.20604730663159,48.34935760498047,36400,0.0,0.0,0.0
2023-06-01 00:00:00+02:00,48.635976864103306,48.635976864103306,48.20604598088051,48.56432342529297,83670,0.0,0.0,0.0
2023-06-02 00:00:00+02:00,48.78823993794012,49.442093288831465,48.67179927039367,49.42417907714844,26090,0.0,0.0,0.0
2023-06-05 00:00:00+02:00,49.59436853197111,49.72872343712377,49.39731899901095,49.41522979736328,37928,0.0,0.0,0.0
2023-06-06 00:00:00+02:00,49.4062688015448,49.72871780395508,49.39731340338308,49.72871780395508,34060,0.0,0.0,0.0
2023-06-07 00:00:00+02:00,49.65706666476663,49.728723525451905,49.531670575354575,49.719764709472656,10101,0.0,0.0,0.0
2023-06-08 00:00:00+02:00,49.78246592766741,49.84516397206702,49.52271493413351,49.576454162597656,15012,0.0,0.0,0.0
2023-06-09 00:00:00+02:00,49.63914817624768,49.91681336231865,49.63914817624768,49.81828689575195,25592,0.0,0.0,0.0
2023-06-12 00:00:00+02:00,49.907866005881615,49.91682140574578,49.71081304099578,49.80038070678711,37980,0.0,0.0,0.0
2023-06-13 00:00:00+02:00,49.81828288954117,50.1138622654718,49.69288682100815,50.06011962890625,28533,0.0,0.0,0.0
2023-06-14 00:00:00+02:00,50.042207325082316,50.22134603701236,49.99742350129649,50.0690803527832,16642,0.0,0.0,0.0
2023-06-15 00:00:00+02:00,50.00787285532882,50.035084448142676,49.617823877052636,49.826454162597656,73165,0.702523,0.0,0.0
2023-06-16 00:00:00+02:00,50.05323076905124,50.14393839272022,49.88088489997057,50.071372985839844,36727,0.0,0.0,0.0
2023-06-19 00:00:00+02:00,49.8899531294568,49.998802967408,49.79924550787646,49.87181091308594,25501,0.0,0.0,0.0
2023-06-20 00:00:00+02:00,49.79924848441567,49.79924848441567,49.472695490769794,49.52711868286133,31371,0.0,0.0,0.0
2023-06-21 00:00:00+02:00,49.409198277812244,49.54525971506029,49.27313338029011,49.391056060791016,62556,0.0,0.0,0.0
2023-06-22 00:00:00+02:00,49.182418235087724,49.182418235087724,48.901219104667405,49.082637786865234,25958,0.0,0.0,0.0
2023-06-23 00:00:00+02:00,49.00100080701827,49.17334665636677,48.801439905465756,48.97378921508789,30622,0.0,0.0,0.0
2023-06-26 00:00:00+02:00,48.97379394208599,48.97379394208599,48.66538318277019,48.86494064331055,29238,0.0,0.0,0.0
2023-06-27 00:00:00+02:00,49.14614126599492,49.14614126599492,48.70166560016139,48.919368743896484,15018,0.0,0.0,0.0
2023-06-28 00:00:00+02:00,49.04636177080743,49.12800001878537,48.80144702687359,48.95565414428711,24585,0.0,0.0,0.0
2023-06-29 00:00:00+02:00,49.14614114226686,49.309417634588605,48.99193402828563,49.227779388427734,25885,0.0,0.0,0.0
2023-06-30 00:00:00+02:00,49.53618631461349,49.73574722536958,49.45454807478362,49.61782455444336,18656,0.0,0.0,0.0
2023-07-03 00:00:00+02:00,49.9171606188595,50.01694107055664,49.772026360101925,50.01694107055664,88213,0.0,0.0,0.0
2023-07-04 00:00:00+02:00,50.098578050834966,50.125789642333984,49.97158601014143,50.125789642333984,15387,0.0,0.0,0.0
2023-07-05 00:00:00+02:00,49.94438083790607,49.9897346496582,49.71760831887134,49.9897346496582,47573,0.0,0.0,0.0
2023-07-06 00:00:00+02:00,49.66317807303535,49.66317807303535,48.84679567950607,48.98286056518555,35313,0.0,0.0,0.0
2023-07-07 00:00:00+02:00,48.94658130547059,48.98286574018837,48.79237764833122,48.95565414428711,24443,0.0,0.0,0.0
2023-07-10 00:00:00+02:00,48.638168035976705,48.946578794709374,48.60188706339413,48.783302307128906,78756,0.0,0.0,0.0
2023-07-11 00:00:00+02:00,48.85587485556025,49.09171676635742,48.71980995222874,49.09171676635742,12863,0.0,0.0,0.0
2023-07-12 00:00:00+02:00,49.264057260318886,49.436403108024514,49.13706175854918,49.34569549560547,19652,0.0,0.0,0.0
2023-07-13 00:00:00+02:00,49.300342430126975,49.37291129446487,49.25498862005274,49.282203674316406,26512,0.0,0.0,0.0
2023-07-14 00:00:00+02:00,49.2912694537155,49.34569609799551,48.91936270181958,48.99192810058594,32787,0.0,0.0,0.0
2023-07-17 00:00:00+02:00,48.85587135728236,48.94657897949219,48.79237532968069,48.94657897949219,57528,0.0,0.0,0.0
2023-07-18 00:00:00+02:00,48.7470204107831,49.30941526830616,48.71980535651944,49.282203674316406,25884,0.0,0.0,0.0
2023-07-19 00:00:00+02:00,49.30034663543593,49.59061519699954,49.191496789918126,49.54526138305664,24390,0.0,0.0,0.0
2023-07-20 00:00:00+02:00,49.49990278021319,49.9534477963121,49.49990278021319,49.89902114868164,27515,0.0,0.0,0.0
2023-07-21 00:00:00+02:00,50.053221893495,50.21649835536582,49.98065303920866,50.180213928222656,25957,0.0,0.0,0.0
2023-07-24 00:00:00+02:00,50.09858620454535,50.63376950619494,50.062301769792185,50.61562728881836,199848,0.0,0.0,0.0
2023-07-25 00:00:00+02:00,50.74261764666054,50.851470947265625,50.59748337279447,50.851470947265625,33895,0.0,0.0,0.0
2023-07-26 00:00:00+02:00,50.83333140615924,50.83333140615924,50.50677840770363,50.651912689208984,19603,0.0,0.0,0.0
2023-07-27 00:00:00+02:00,50.760754613437854,51.25965341198617,50.679116376564586,51.18708801269531,32131,0.0,0.0,0.0
2023-07-28 00:00:00+02:00,51.087310791015625,51.22337568116523,50.96938811690422,51.087310791015625,34117,0.0,0.0,0.0
2023-07-31 00:00:00+02:00,51.051029205322266,51.16895188600852,50.978463797397396,51.051029205322266,15686,0.0,0.0,0.0
2023-08-01 00:00:00+02:00,51.196160830019224,51.22337588432142,50.85146910474789,50.860538482666016,72283,0.0,0.0,0.0
2023-08-02 00:00:00+02:00,50.570271322312216,50.60655575552044,50.29814499379852,50.44327926635742,42419,0.0,0.0,0.0
2023-08-03 00:00:00+02:00,50.388849387516416,50.39792222537407,50.116723076441176,50.15300750732422,20712,0.0,0.0,0.0
2023-08-04 00:00:00+02:00,50.40698787233705,50.44327230053468,50.08043493910543,50.234642028808594,32749,0.0,0.0,0.0
2023-08-07 00:00:00+02:00,50.20743421062714,50.29814529418945,50.08044215391393,50.29814529418945,17474,0.0,0.0,0.0
2023-08-08 00:00:00+02:00,50.225575667637756,50.2800023169519,49.80831507038459,50.03508758544922,34128,0.0,0.0,0.0
2023-08-09 00:00:00+02:00,50.27999858247492,50.32535239006445,50.10765272952517,50.116722106933594,19533,0.0,0.0,0.0
2023-08-10 00:00:00+02:00,50.25279012516939,50.4795626375388,50.14393682783485,50.325355529785156,10111,0.0,0.0,0.0
2023-08-11 00:00:00+02:00,50.1620734531685,50.18021566736886,49.97158539447508,50.089508056640625,11371,0.0,0.0,0.0
2023-08-14 00:00:00+02:00,50.15301219894005,50.270931419930136,50.089516169091816,50.10765838623047,21837,0.0,0.0,0.0
2023-08-15 00:00:00+02:00,50.11672832924823,50.1983665771548,49.56340281124525,49.6722526550293,32900,0.0,0.0,0.0
2023-08-16 00:00:00+02:00,49.58153731233013,49.65410617040854,49.46361464808952,49.590606689453125,40277,0.0,0.0,0.0
2023-08-17 00:00:00+02:00,49.59061752454422,50.06230482429237,49.40012942087892,49.55433654785156,13701,0.0,0.0,0.0
2023-08-18 00:00:00+02:00,49.36383955480039,49.4454777988603,49.137067039108864,49.33662796020508,43667,0.0,0.0,0.0
2023-08-21 00:00:00+02:00,49.372903569982455,49.47268401269927,49.11891950508391,49.13705825805664,44286,0.0,0.0,0.0
2023-08-22 00:00:00+02:00,49.27313211603276,49.61782731004359,49.25498989947704,49.49990463256836,14535,0.0,0.0,0.0
2023-08-23 00:00:00+02:00,49.51804838819555,49.72667869465987,49.41826792417477,49.63597106933594,30393,0.0,0.0,0.0
2023-08-24 00:00:00+02:00,49.80832117007552,49.86274782605493,49.52712197126017,49.572479248046875,38417,0.0,0.0,0.0
2023-08-25 00:00:00+02:00,49.6722526550293,49.826459772308,49.51804899802474,49.6722526550293,22395,0.0,0.0,0.0
2023-08-28 00:00:00+02:00,49.89902269230085,50.13486804572149,49.762961259426454,50.03508758544922,23482,0.0,0.0,0.0
2023-08-29 00:00:00+02:00,50.216508318031394,50.28907372644086,50.035089606596564,50.18929672241211,7154,0.0,0.0,0.0
2023-08-30 00:00:00+02:00,50.23465044592693,50.30721585420744,49.971593487827626,50.10765838623047,18650,0.0,0.0,0.0
2023-08-31 00:00:00+02:00,50.19836063898003,50.45234473118935,50.19836063898003,50.361637115478516,16387,0.0,0.0,0.0
2023-09-01 00:00:00+02:00,50.44327848434402,50.697262592316136,50.31628643035797,50.57027053833008,85916,0.0,0.0,0.0
2023-09-04 00:00:00+02:00,50.833326214862886,50.91496445613957,50.66097689423773,50.67911911010742,27098,0.0,0.0,0.0
2023-09-05 00:00:00+02:00,50.615625016809005,50.86053974998801,50.45234852802301,50.75168991088867,20978,0.0,0.0,0.0
2023-09-06 00:00:00+02:00,50.50677669535367,50.68819540615322,50.33443082324486,50.352569580078125,33124,0.0,0.0,0.0
2023-09-07 00:00:00+02:00,50.36164347200388,50.5702737826906,50.270932384569974,50.47049331665039,47207,0.0,0.0,0.0
2023-09-08 00:00:00+02:00,50.51584576924409,50.543060824878125,50.225577217824295,50.497703552246094,27061,0.0,0.0,0.0
2023-09-11 00:00:00+02:00,50.69725650849349,50.79703695615828,50.5974760608287,50.706329345703125,33295,0.0,0.0,0.0
2023-09-12 00:00:00+02:00,50.815189361572266,50.82425874032728,50.62470126524887,50.815189361572266,26730,0.0,0.0,0.0
2023-09-13 00:00:00+02:00,50.76983418824758,51.17802196650731,50.66098088445579,50.84239959716797,13148,0.0,0.0,0.0
2023-09-14 00:00:00+02:00,50.93138379245352,51.681450583723006,50.90394343086408,51.63571548461914,49432,0.467283,0.0,0.0
2023-09-15 00:00:00+02:00,51.97416051280061,51.98330962643499,51.61742184707815,51.672306060791016,59813,0.0,0.0,0.0
2023-09-18 00:00:00+02:00,51.562533647372064,51.61741785684215,51.26067921869704,51.33385467529297,33029,0.0,0.0,0.0
2023-09-19 00:00:00+02:00,51.4253350782171,51.55339476101849,51.30642102017382,51.361305236816406,19183,0.0,0.0,0.0
2023-09-20 00:00:00+02:00,51.4344708592852,51.5716796299499,51.315556824000055,51.562530517578125,30746,0.0,0.0,0.0
2023-09-21 00:00:00+02:00,51.26982841520314,51.31556351493335,50.87650027666732,50.913089752197266,13395,0.0,0.0,0.0
2023-09-22 00:00:00+02:00,50.85820241897897,51.224090173103974,50.821616435057855,50.86735153198242,28770,0.0,0.0,0.0
2023-09-25 00:00:00+02:00,50.79417749239133,50.90394592285156,50.538058133379906,50.90394592285156,17371,0.0,0.0,0.0
2023-09-26 00:00:00+02:00,50.69354982838668,50.76672876997686,50.49231471774167,50.54719543457031,20405,0.0,0.0,0.0
2023-09-27 00:00:00+02:00,50.66610897131544,50.78502300554713,50.56548967230124,50.65696334838867,16021,0.0,0.0,0.0
2023-09-28 00:00:00+02:00,50.73929334676176,50.73929334676176,50.39170031912748,50.58378982543945,18165,0.0,0.0,0.0
2023-09-29 00:00:00+02:00,50.65697274142423,50.85820788740257,50.51061832191061,50.5197639465332,35919,0.0,0.0,0.0
2023-10-02 00:00:00+02:00,50.48316781358985,50.60208185419342,49.989223893706075,50.07154846191406,89019,0.0,0.0,0.0
2023-10-03 00:00:00+02:00,50.02581256199011,50.12643187179686,49.55015986340821,49.632484436035156,35172,0.0,0.0,0.0
2023-10-04 00:00:00+02:00,49.385511928189366,49.55015757647992,49.047064540030135,49.20256805419922,50800,0.0,0.0,0.0
2023-10-05 00:00:00+02:00,49.358065589149575,49.44953926621237,49.19341645980054,49.2574462890625,36544,0.0,0.0,0.0
2023-10-06 00:00:00+02:00,49.31234102958196,49.70566920156618,48.973897075559975,49.2849006652832,40717,0.0,0.0,0.0
2023-10-09 00:00:00+02:00,49.403806145528065,49.614193881352854,49.30319032367999,49.58675003051758,20391,0.0,0.0,0.0
2023-10-10 00:00:00+02:00,49.93434397550425,50.309377376371714,49.87945976219519,50.23619842529297,11418,0.0,0.0,0.0
2023-10-11 00:00:00+02:00,50.12643641686185,50.31852594062044,49.98923110961914,49.98923110961914,23295,0.0,0.0,0.0
2023-10-12 00:00:00+02:00,50.30938042241515,50.50146994658049,50.15388037600454,50.199615478515625,36323,0.0,0.0,0.0
2023-10-13 00:00:00+02:00,50.08984704525144,50.41914536631468,50.00752246498563,50.199615478515625,20189,0.0,0.0,0.0
2023-10-16 00:00:00+02:00,50.24534294445694,50.474021911621094,50.034958713389614,50.474021911621094,42960,0.0,0.0,0.0
2023-10-17 00:00:00+02:00,50.33681722563745,50.40999617597083,50.14472771505894,50.34596633911133,55471,0.0,0.0,0.0
2023-10-18 00:00:00+02:00,50.27278602079531,50.373405330083536,50.15387546378587,50.163021087646484,33530,0.0,0.0,0.0
2023-10-19 00:00:00+02:00,49.90689600128504,49.90689600128504,49.51356792264181,49.68736267089844,21217,0.0,0.0,0.0
2023-10-20 00:00:00+02:00,49.33063205899726,49.34892679694215,49.00133375471813,49.092803955078125,30742,0.0,0.0,0.0
2023-10-23 00:00:00+02:00,48.95559882771583,48.964744452038396,48.49824084556904,48.75436019897461,37870,0.0,0.0,0.0
2023-10-24 00:00:00+02:00,48.48908998722347,48.983037427617035,48.33358995378347,48.89156723022461,27055,0.0,0.0,0.0
2023-10-25 00:00:00+02:00,48.88241195678711,49.0013259899034,48.70861720789708,48.88241195678711,45603,0.0,0.0,0.0
2023-10-26 00:00:00+02:00,48.726922580328335,48.94645247007583,48.60800852125237,48.8458366394043,48341,0.0,0.0,0.0
2023-10-27 00:00:00+02:00,48.836692406429776,48.90987136990297,48.25127465610436,48.269569396972656,27101,0.0,0.0,0.0
2023-10-30 00:00:00+01:00,48.425061951624315,48.48909179005252,48.104912759483284,48.20553207397461,21326,0.0,0.0,0.0
2023-10-31 00:00:00+01:00,48.35188320491536,48.56226744394273,48.260409520970256,48.49823760986328,29803,0.0,0.0,0.0
2023-11-01 00:00:00+01:00,48.79094585002566,49.17512485001628,48.70862128011849,49.028770446777344,69087,0.0,0.0,0.0
2023-11-02 00:00:00+01:00,49.129395297860704,49.58675329576899,49.09280582058054,49.568458557128906,17468,0.0,0.0,0.0
2023-11-03 00:00:00+01:00,49.76968439204188,49.87944930628625,49.64162474386284,49.78797912597656,31040,0.0,0.0,0.0
2023-11-06 00:00:00+01:00,49.78798920562384,49.815429567399335,49.57760495682801,49.605045318603516,28076,0.0,0.0,0.0
2023-11-07 00:00:00+01:00,49.50442886352539,49.60504818166224,49.367223557364376,49.50442886352539,15036,0.0,0.0,0.0
2023-11-08 00:00:00+01:00,49.257457334599906,49.46784509433987,49.12025202228466,49.175132751464844,26763,0.0,0.0,0.0
2023-11-09 00:00:00+01:00,49.34892162537567,49.45868655217764,49.19341811382245,49.31233215332031,23233,0.0,0.0,0.0
2023-11-10 00:00:00+01:00,49.220867817816334,49.23001344223607,48.89156950887329,49.04706954956055,30222,0.0,0.0,0.0
2023-11-13 00:00:00+01:00,49.14768598886642,49.42210006713867,49.047066679314916,49.42210006713867,18265,0.0,0.0,0.0
2023-11-14 00:00:00+01:00,49.385515160777956,49.73310470581055,49.18427653728006,49.73310470581055,15302,0.0,0.0,0.0
2023-11-15 00:00:00+01:00,49.751403660087256,49.92520193669844,49.669079078893716,49.815433502197266,41068,0.0,0.0,0.0
2023-11-16 00:00:00+01:00,49.72395693135494,49.806281502010734,49.44954285895706,49.513572692871094,41392,0.0,0.0,0.0
2023-11-17 00:00:00+01:00,49.8428773555049,49.934347561557864,49.751403660087256,49.815433502197266,12814,0.0,0.0,0.0
2023-11-20 00:00:00+01:00,49.82457894483803,49.897754406415146,49.6416350568486,49.751399993896484,21706,0.0,0.0,0.0
2023-11-21 00:00:00+01:00,49.733100753122685,49.7971305847168,49.60504108993445,49.7971305847168,18445,0.0,0.0,0.0
2023-11-22 00:00:00+01:00,49.833720106136134,50.03495871383892,49.79713063394215,49.925193786621094,12431,0.0,0.0,0.0
2023-11-23 00:00:00+01:00,49.94348296814265,50.06239700317383,49.87945313913294,50.06239700317383,11043,0.0,0.0,0.0
2023-11-24 00:00:00+01:00,49.9526402417126,50.09899465898376,49.92519987890068,50.0806999206543,9899,0.0,0.0,0.0
2023-11-27 00:00:00+01:00,49.89775466918945,49.961784506918285,49.79713535579715,49.89775466918945,26984,0.0,0.0,0.0
2023-11-28 00:00:00+01:00,49.78798799904996,49.85201783455069,49.61419322974287,49.76054763793945,10488,0.0,0.0,0.0
2023-11-29 00:00:00+01:00,49.76054465111229,49.96177976945095,49.733100802284746,49.925193786621094,19426,0.0,0.0,0.0
2023-11-30 00:00:00+01:00,50.044110555599055,50.327673766291305,49.92519999023918,50.29108428955078,10653,0.0,0.0,0.0
2023-12-01 00:00:00+01:00,50.51061275205345,50.93138122558594,50.46487416589034,50.93138122558594,66381,0.0,0.0,0.0
2023-12-04 00:00:00+01:00,50.93138122558594,50.93138122558594,50.93138122558594,50.93138122558594,0,0.0,0.0,0.0
2023-12-05 00:00:00+01:00,50.93138122558594,50.93138122558594,50.93138122558594,50.93138122558594,0,0.0,0.0,0.0
2023-12-06 00:00:00+01:00,50.93138122558594,50.93138122558594,50.93138122558594,50.93138122558594,0,0.0,0.0,0.0
2023-12-07 00:00:00+01:00,51.07773410688306,51.205793769849535,50.94967444391657,51.08687973022461,15188,0.0,0.0,0.0
2023-12-08 00:00:00+01:00,51.20580207188603,51.361305608817325,51.096037127170504,51.31556701660156,30267,0.0,0.0,0.0
2023-12-11 00:00:00+01:00,51.36129843205173,51.644858123725164,51.24238438976315,51.52594757080078,37003,0.0,0.0,0.0
2023-12-12 00:00:00+01:00,51.571684420977945,51.65400899315195,51.34300544153507,51.38874053955078,39550,0.0,0.0,0.0
2023-12-13 00:00:00+01:00,51.39788602206779,51.489359707211975,51.324710563316735,51.4527702331543,24654,0.0,0.0,0.0
2023-12-14 00:00:00+01:00,51.87311648313233,51.992810493267385,51.68897266267483,51.79945755004883,31931,0.36654,0.0,0.0
2023-12-15 00:00:00+01:00,51.965189009592414,52.130918104345035,51.38514069020964,51.93756866455078,78914,0.0,0.0,0.0
2023-12-18 00:00:00+01:00,51.928360929282526,52.075675283897105,51.76263184130972,51.85470199584961,13072,0.0,0.0,0.0
2023-12-19 00:00:00+01:00,51.836287262491375,51.928360929282526,51.744217107951485,51.85470199584961,22603,0.0,0.0,0.0
2023-12-20 00:00:00+01:00,52.05725309696739,52.14011762908923,51.7994503791157,51.965179443359375,31589,0.0,0.0,0.0
2023-12-21 00:00:00+01:00,51.7718391418457,51.836288954577704,51.58769531450368,51.7718391418457,18966,0.0,0.0,0.0
2023-12-22 00:00:00+01:00,51.79945630196761,52.05725904929698,51.698180539794855,52.04804992675781,19729,0.0,0.0,0.0
2023-12-27 00:00:00+01:00,52.011227356926014,52.14933259373751,51.80866879490081,51.88232421875,12577,0.0,0.0,0.0
2023-12-28 00:00:00+01:00,52.10330081046437,52.15854501603414,51.88232750043691,52.1217155456543,18679,0.0,0.0,0.0
2023-12-29 00:00:00+01:00,52.204576218918696,52.3703053110622,52.11250254981044,52.17695236206055,40195,0.0,0.0,0.0
2024-01-02 00:00:00+01:00,52.508403536443865,52.73858241010844,52.26901905322308,52.62809753417969,83632,0.0,0.0,0.0
2024-01-03 00:00:00+01:00,52.554449998905525,52.69255523645576,52.397926514980234,52.5084114074707,21452,0.0,0.0,0.0
2024-01-04 00:00:00+01:00,52.600481695971254,52.72938131429735,52.47158207764515,52.674137115478516,14380,0.0,0.0,0.0
2024-01-05 00:00:00+01:00,52.57287045388536,52.73859957785293,52.40714132991778,52.65573501586914,37109,0.0,0.0,0.0
2024-01-08 00:00:00+01:00,52.61889504718751,52.67413573230459,52.462371577436556,52.58206558227539,14208,0.0,0.0,0.0
2024-01-09 00:00:00+01:00,52.637305574472315,52.68334416113195,52.40712669017831,52.53602981567383,108546,0.0,0.0,0.0
2024-01-10 00:00:00+01:00,52.489993914965474,52.56365284758924,52.29664448520493,52.32426834106445,19066,0.0,0.0,0.0
2024-01-11 00:00:00+01:00,52.51761828160271,52.618897558819796,52.05726048498049,52.08488082885742,30615,0.0,0.0,0.0
2024-01-12 00:00:00+01:00,52.24140517305843,52.63730965345267,52.24140517305843,52.41633987426758,55489,0.0,0.0,0.0
2024-01-15 00:00:00+01:00,52.52682113647461,52.609685676009406,52.397921522142944,52.52682113647461,44353,0.0,0.0,0.0
2024-01-16 00:00:00+01:00,52.29664448520493,52.499203037669055,52.24140379798833,52.32426834106445,22145,0.0,0.0,0.0
2024-01-17 00:00:00+01:00,51.919153242624944,51.919153242624944,51.76263327312735,51.89153289794922,48035,0.0,0.0,0.0
2024-01-18 00:00:00+01:00,51.78104469734828,51.99280885491353,51.69818015636612,51.82707977294922,15905,0.0,0.0,0.0
2024-01-19 00:00:00+01:00,52.075674281473866,52.075674281473866,51.87311573068372,51.98360061645508,18482,0.0,0.0,0.0
2024-01-22 00:00:00+01:00,52.26902527294548,52.47158382979393,52.15854038386964,52.3610954284668,27785,0.0,0.0,0.0
2024-01-23 00:00:00+01:00,52.425551859014206,52.609695705558075,52.22299678884252,52.4900016784668,12866,0.0,0.0,0.0
2024-01-24 00:00:00+01:00,52.74779441317624,52.75700002323528,52.55444499167681,52.701759338378906,8185,0.0,0.0,0.0
2024-01-25 00:00:00+01:00,52.62810316263009,53.005596415321975,52.50840915209328,52.885902404785156,25490,0.0,0.0,0.0
2024-01-26 00:00:00+01:00,53.07004616064346,53.22656963765329,53.01480547296455,53.11608123779297,19007,0.0,0.0,0.0
2024-01-29 00:00:00+01:00,53.346261505334766,53.410711317448936,53.23577661488925,53.38309097290039,23238,0.0,0.0,0.0
2024-01-30 00:00:00+01:00,53.3738829840225,53.429123670658306,53.217359509968304,53.419918060302734,13144,0.0,0.0,0.0
2024-01-31 00:00:00+01:00,53.63168102742862,53.72375117794007,53.355467063643154,53.438331604003906,23886,0.0,0.0,0.0
2024-02-01 00:00:00+01:00,53.33705502811009,53.42912518327712,52.977976505806865,53.051631927490234,46978,0.0,0.0,0.0
2024-02-02 00:00:00+01:00,53.34626007080078,53.42912461446945,53.2081548395205,53.34626007080078,12855,0.0,0.0,0.0
2024-02-05 00:00:00+01:00,53.373878921710535,53.438328726047786,53.19894072800864,53.36466979980469,27738,0.0,0.0,0.0
2024-02-06 00:00:00+01:00,53.429128595302075,53.63168716430664,53.27260861907238,53.63168716430664,19686,0.0,0.0,0.0
2024-02-07 00:00:00+01:00,53.5672357326448,53.650100279986866,53.429126982990894,53.484371185302734,15100,0.0,0.0,0.0
2024-02-08 00:00:00+01:00,53.410707804782874,53.50278146764151,53.180528916012946,53.208152770996094,21783,0.0,0.0,0.0
2024-02-09 00:00:00+01:00,53.291012984877,53.36466839693289,53.06083411479473,53.097660064697266,24780,0.0,0.0,0.0
2024-02-12 00:00:00+01:00,53.21736112689443,53.60406350635031,53.162120438580224,53.56723403930664,24839,0.0,0.0,0.0
2024-02-13 00:00:00+01:00,53.5764361349877,53.650095064242535,53.13449309621189,53.21735763549805,41500,0.0,0.0,0.0
2024-02-14 00:00:00+01:00,53.30023193359375,53.50279051388019,53.263402462223176,53.30023193359375,26092,0.0,0.0,0.0
2024-02-15 00:00:00+01:00,53.50279151203689,53.7421760559082,53.39230660811565,53.7421760559082,34243,0.0,0.0,0.0
2024-02-16 00:00:00+01:00,53.90790057315791,53.99076512209894,53.83424514757225,53.92631530761719,28104,0.0,0.0,0.0
2024-02-19 00:00:00+01:00,53.95392609807375,54.12886428833008,53.8894762950059,54.12886428833008,19876,0.0,0.0,0.0
2024-02-20 00:00:00+01:00,53.95393446221906,53.98155831942396,53.760585023041735,53.94472885131836,26480,0.0,0.0,0.0
2024-02-21 00:00:00+01:00,53.93552443097256,53.97235038763966,53.82503602421687,53.92631530761719,15467,0.0,0.0,0.0
2024-02-22 00:00:00+01:00,54.16569776193566,54.313012110178725,53.953930093600846,54.23935317993164,34624,0.0,0.0,0.0
2024-02-23 00:00:00+01:00,54.18410799242315,54.543190002441406,54.138072917985234,54.543190002441406,18627,0.0,0.0,0.0
2024-02-26 00:00:00+01:00,54.30380542685435,54.322220160243226,54.09204126125915,54.14728546142578,26092,0.0,0.0,0.0
2024-02-27 00:00:00+01:00,54.11045593793267,54.2301499487093,54.036797004454364,54.2025260925293,29789,0.0,0.0,0.0
2024-02-28 00:00:00+01:00,54.18410997867665,54.26697452060293,54.073625093525344,54.11045455932617,20874,0.0,0.0,0.0
2024-02-29 00:00:00+01:00,54.14728826857511,54.37746717949232,54.0367998625138,54.276187896728516,21497,0.0,0.0,0.0
2024-03-01 00:00:00+01:00,54.478736683527075,54.63526015131724,54.414286876863784,54.543190002441406,53427,0.0,0.0,0.0
2024-03-04 00:00:00+01:00,54.45112297049463,54.580022599514166,54.368258421517574,54.49715805053711,30865,0.0,0.0,0.0
2024-03-05 00:00:00+01:00,54.55239818224401,54.67209219122189,54.41428944017329,54.61684799194336,30934,0.0,0.0,0.0
2024-03-06 00:00:00+01:00,54.67208714271124,54.874642163525834,54.61684294853405,54.86543655395508,21299,0.0,0.0,0.0
2024-03-07 00:00:00+01:00,54.77337090684703,55.040375753334125,54.681297242324604,54.911476135253906,15600,0.0,0.0,0.0
2024-03-08 00:00:00+01:00,54.975923564691854,55.02195863883488,54.837818342262786,54.94830322265625,36967,0.0,0.0,0.0
2024-03-11 00:00:00+01:00,54.64446689610129,54.80099036714197,54.50636166991953,54.75495529174805,46939,0.0,0.0,0.0
2024-03-12 00:00:00+01:00,54.994344237861156,55.13245298746119,54.90227407962873,55.03117370605469,16692,0.0,0.0,0.0
2024-03-13 00:00:00+01:00,54.99433874182007,55.16927342987956,54.94830366730453,55.11403274536133,16224,0.0,0.0,0.0
2024-03-14 00:00:00+01:00,55.24886028896531,55.32293453267967,54.90627574192226,55.01738357543945,33391,0.335615,0.0,0.0
2024-03-15 00:00:00+01:00,55.19330588681739,55.23034300716377,54.980347742907,55.07293701171875,49584,0.0,0.0,0.0
2024-03-18 00:00:00+01:00,55.06367778847753,55.17478561401367,54.952566430887295,55.17478561401367,24110,0.0,0.0,0.0
2024-03-19 00:00:00+01:00,55.147015973095584,55.32293701171875,55.03590460254511,55.32293701171875,40807,0.0,0.0,0.0
2024-03-20 00:00:00+01:00,55.322934764979,55.44330364549309,55.23034549200162,55.37849044799805,39995,0.0,0.0,0.0
2024-03-21 00:00:00+01:00,55.776630049854234,56.12847210883995,55.665518685070445,56.05440139770508,21400,0.0,0.0,0.0
2024-03-22 00:00:00+01:00,56.19328075132495,56.33216818002116,56.082172927600396,56.12846755981445,33106,0.0,0.0,0.0
2024-03-25 00:00:00+01:00,55.91551365384755,56.026621485973145,55.795144775346486,55.9710693359375,36525,0.0,0.0,0.0
2024-03-26 00:00:00+01:00,56.008106987544316,56.063659138105855,55.89699562231256,56.017364501953125,19496,0.0,0.0,0.0
2024-03-27 00:00:00+01:00,55.98958933378484,56.26736068725586,55.95255221144087,56.26736068725586,25818,0.0,0.0,0.0
2024-03-28 00:00:00+01:00,56.47105702300229,56.73956730939014,56.47105702300229,56.70253372192383,41677,0.0,0.0,0.0
2024-04-02 00:00:00+02:00,56.878453611334166,56.95252431684906,56.41550022269043,56.57290267944336,82419,0.0,0.0,0.0
2024-04-03 00:00:00+02:00,56.526602842704435,56.526602842704435,56.34142079788545,56.396976470947266,24315,0.0,0.0,0.0
2024-04-04 00:00:00+02:00,56.37846539825473,56.55438995361328,56.29513364362547,56.55438995361328,26248,0.0,0.0,0.0
2024-04-05 00:00:00+02:00,55.96180859371859,56.11921459446846,55.85996180741492,56.05440139770508,25285,0.0,0.0,0.0
2024-04-08 00:00:00+02:00,56.10995543678802,56.27661895751953,55.98032903889783,56.27661895751953,24293,0.0,0.0,0.0
2024-04-09 00:00:00+02:00,56.15625045001528,56.304395400999404,55.98032589243434,56.082176208496094,23730,0.0,0.0,0.0
2024-04-10 00:00:00+02:00,56.3599467901133,56.415502470503554,55.934030503283864,56.07291793823242,18413,0.0,0.0,0.0
2024-04-11 00:00:00+02:00,56.165509004293675,56.27661683657579,55.89699517189545,56.09143829345703,17920,0.0,0.0,0.0
2024-04-12 00:00:00+02:00,56.41550429796247,56.57290676608564,56.10069582966183,56.174766540527344,26011,0.0,0.0,0.0
2024-04-15 00:00:00+02:00,56.11921482072174,56.350691533539724,55.924775229647665,56.017364501953125,34299,0.0,0.0,0.0
2024-04-16 00:00:00+02:00,55.36922977824386,55.378490824837236,54.95257098290164,55.18404769897461,25312,0.0,0.0,0.0
2024-04-17 00:00:00+02:00,55.02663878781392,55.34144722611417,54.98960166988355,55.03589630126953,30091,0.0,0.0,0.0
2024-04-18 00:00:00+02:00,55.109975577919144,55.38774692369615,55.02664382098061,55.36922836303711,16450,0.0,0.0,0.0
2024-04-19 00:00:00+02:00,54.924793503383036,55.38774692369615,54.906274942723996,55.36922836303711,29808,0.0,0.0,0.0
2024-04-22 00:00:00+02:00,55.60996142399266,55.83217706902924,55.50811111499505,55.60070037841797,16860,0.0,0.0,0.0
2024-04-23 00:00:00+02:00,55.998844146728516,56.10069446223357,55.82292312216338,55.998844146728516,14737,0.0,0.0,0.0
2024-04-24 00:00:00+02:00,56.25809850236672,56.25809850236672,55.90625644338101,56.05440139770508,11544,0.0,0.0,0.0
2024-04-25 00:00:00+02:00,56.14698452123413,56.14698452123413,55.59144188636742,55.62847900390625,21395,0.0,0.0,0.0
2024-04-26 00:00:00+02:00,56.008105499031146,56.248839719860015,55.832180941450204,56.082176208496094,16420,0.0,0.0,0.0
2024-04-29 00:00:00+02:00,56.31365794510463,56.48032147135496,56.2858818680811,56.41550827026367,11293,0.0,0.0,0.0
2024-04-30 00:00:00+02:00,56.517354615950076,56.535873176680035,56.11921439039178,56.174766540527344,22194,0.0,0.0,0.0
2024-05-02 00:00:00+02:00,56.11921436851398,56.30439644368705,56.01736405056608,56.09143829345703,59843,0.0,0.0,0.0
2024-05-03 00:00:00+02:00,56.17476367993897,56.34142718596726,55.998842660044275,56.063655853271484,21964,0.0,0.0,0.0
2024-05-06 00:00:00+02:00,56.4710578918457,56.582165720062356,56.34142797152974,56.4710578918457,26303,0.0,0.0,0.0
2024-05-07 00:00:00+02:00,56.74883727228997,56.785874397630074,56.50809948963393,56.758094787597656,15245,0.0,0.0,0.0
2024-05-08 00:00:00+02:00,56.795127133067226,56.869197845458984,56.545131856143065,56.869197845458984,20746,0.0,0.0,0.0
2024-05-09 00:00:00+02:00,56.90623025629946,57.02659912753166,56.84141706380229,57.01734161376953,9542,0.0,0.0,0.0
2024-05-10 00:00:00+02:00,57.313630751501876,57.545107445115285,57.248817559854444,57.4525146484375,42552,0.0,0.0,0.0
2024-05-13 00:00:00+02:00,57.35992790655543,57.47103573540135,57.27659615190743,57.39696502685547,27446,0.0,0.0,0.0
2024-05-14 00:00:00+02:00,57.30436810495454,57.359923781409215,57.17474172528092,57.313629150390625,17422,0.0,0.0,0.0
2024-05-15 00:00:00+02:00,57.46177291870117,57.55436217885281,57.34140405486094,57.46177291870117,41364,0.0,0.0,0.0
2024-05-16 00:00:00+02:00,57.64695506881868,57.71177179347074,57.5451082890605,57.5821418762207,24538,0.0,0.0,0.0
2024-05-17 00:00:00+02:00,57.53585082927098,57.68399578330751,57.508074754156105,57.61918258666992,17436,0.0,0.0,0.0
2024-05-20 00:00:00+02:00,57.85065968125587,57.86917824213988,57.64695904358615,57.82288360595703,24619,0.0,0.0,0.0
2024-05-21 00:00:00+02:00,57.517331513814405,57.619181830638304,57.40622368275845,57.60992431640625,13525,0.0,0.0,0.0
2024-05-22 00:00:00+02:00,57.51733036974931,57.545109976001434,57.38770398075336,57.39696502685547,18394,0.0,0.0,0.0
2024-05-23 00:00:00+02:00,57.535852832261526,57.535852832261526,57.035862270461756,57.11919403076172,37994,0.0,0.0,0.0
2024-05-24 00:00:00+02:00,56.83215744778432,57.017339504663695,56.78586281657796,56.915489196777344,20203,0.0,0.0,0.0
2024-05-27 00:00:00+02:00,57.06363529491199,57.19326167774425,57.01734066276532,57.128448486328125,34478,0.0,0.0,0.0
2024-05-28 00:00:00+02:00,57.10067019607548,57.13770731546716,56.785865277408526,56.822898864746094,22209,0.0,0.0,0.0
2024-05-29 00:00:00+02:00,56.58216275984689,56.64697595058694,56.23957824707031,56.23957824707031,54473,0.0,0.0,0.0
2024-05-30 00:00:00+02:00,56.211798982511674,56.44327567428488,56.165504350567836,56.4062385559082,26012,0.0,0.0,0.0
2024-05-31 00:00:00+02:00,56.526607513427734,56.619200309514916,56.36920505816055,56.526607513427734,24191,0.0,0.0,0.0
2024-06-03 00:00:00+02:00,57.24881813640776,57.258075650141755,56.74882762547442,56.77660369873047,68531,0.0,0.0,0.0
2024-06-04 00:00:00+02:00,56.56365323448013,56.62846643557142,56.32291899214885,56.41550827026367,50475,0.0,0.0,0.0
2024-06-05 00:00:00+02:00,56.637714698241794,56.785863170311316,56.563643994261014,56.721046447753906,18432,0.0,0.0,0.0
2024-06-06 00:00:00+02:00,56.81363986649514,56.94326624892502,56.693270997644234,56.88771057128906,29535,0.0,0.0,0.0
2024-06-07 00:00:00+02:00,56.77660387130512,57.174744072104346,56.665496045889135,57.01734161376953,92066,0.0,0.0,0.0
2024-06-10 00:00:00+02:00,56.961792819310006,57.11919529666813,56.8784610571632,57.0914192199707,50686,0.0,0.0,0.0
2024-06-11 00:00:00+02:00,57.045122617389744,57.10993581548857,56.582169184081344,56.74883270263672,34650,0.0,0.0,0.0
2024-06-12 00:00:00+02:00,56.8414109532755,57.1099247402148,56.65622890945344,56.674747467041016,28078,0.0,0.0,0.0
2024-06-13 00:00:00+02:00,56.69948464799601,56.793216864741346,56.38079010514504,56.54951095581055,30541,0.746385,0.0,0.0
2024-06-14 00:00:00+02:00,56.75573097944955,56.84946678577521,56.43703638925311,56.6619987487793,23577,0.0,0.0,0.0
2024-06-17 00:00:00+02:00,56.77447688191134,56.78385225016374,56.47452945963046,56.61513137817383,41008,0.0,0.0,0.0
2024-06-18 00:00:00+02:00,56.92444977767934,57.10254243971537,56.81197038984897,57.027557373046875,19040,0.0,0.0,0.0
2024-06-19 00:00:00+02:00,57.14003676087725,57.18690287450197,56.990063051884995,57.027557373046875,24737,0.0,0.0,0.0
2024-06-20 00:00:00+02:00,57.18690476085053,57.33687847478976,57.12129148448058,57.29001235961914,39266,0.0,0.0,0.0
2024-06-21 00:00:00+02:00,57.28064071346313,57.40249547374297,57.10254446944135,57.18690490722656,36968,0.0,0.0,0.0
2024-06-24 00:00:00+02:00,57.21502066177392,57.6087002743835,57.14940739300565,57.543087005615234,25422,0.0,0.0,0.0
2024-06-25 00:00:00+02:00,57.599341410992295,57.6274603680172,57.34626007080078,57.34626007080078,21967,0.0,0.0,0.0
2024-06-26 00:00:00+02:00,57.44935765591384,57.56183704004172,57.08379697575688,57.149410247802734,24537,0.0,0.0,0.0
2024-06-27 00:00:00+02:00,57.168159289576295,57.22439719566385,56.980691259422166,57.027557373046875,21038,0.0,0.0,0.0
2024-06-28 00:00:00+02:00,57.29938680933625,57.468107681769624,57.21502637311956,57.2806396484375,32165,0.0,0.0,0.0
2024-07-01 00:00:00+02:00,57.355622297053735,57.486852417809516,57.158782479402824,57.224395751953125,106071,0.0,0.0,0.0
2024-07-02 00:00:00+02:00,57.121290375785634,57.18690365088207,57.03692993985375,57.140037536621094,42052,0.0,0.0,0.0
2024-07-03 00:00:00+02:00,57.28064471517551,57.411871277418996,57.24315039006147,57.327510833740234,113078,0.0,0.0,0.0
2024-07-04 00:00:00+02:00,57.524341923267485,57.70243815262933,57.458728652130524,57.56183624267578,28299,0.0,0.0,0.0
2024-07-05 00:00:00+02:00,57.58995808458186,57.58995808458186,57.09317084228336,57.16815948486328,130476,0.0,0.0,0.0
2024-07-08 00:00:00+02:00,57.1681578472844,57.402491985151244,57.14941068717643,57.224395751953125,40671,0.0,0.0,0.0
2024-07-09 00:00:00+02:00,57.261889631930615,57.374369016058495,57.11191592787506,57.149410247802734,38380,0.0,0.0,0.0
2024-07-10 00:00:00+02:00,57.28063599842379,57.58058340237993,57.22439451931135,57.56183624267578,19651,0.0,0.0,0.0
2024-07-11 00:00:00+02:00,57.76804903795767,57.92739452537932,57.543086706453906,57.88990020751953,33700,0.0,0.0,0.0
2024-07-12 00:00:00+02:00,58.030510620862735,58.13361822226866,57.88053690308743,58.105499267578125,20733,0.0,0.0,0.0
2024-07-15 00:00:00+02:00,58.20859496632481,58.20859496632481,57.82428714602411,58.03050231933594,58990,0.0,0.0,0.0
2024-07-16 00:00:00+02:00,57.88053181020686,58.292958603885836,57.83366569796121,58.19922637939453,67364,0.0,0.0,0.0
2024-07-17 00:00:00+02:00,58.208598031865634,58.42418858385746,57.95552031121552,58.30233383178711,38695,0.0,0.0,0.0
2024-07-18 00:00:00+02:00,58.461677108554206,58.658520493088176,58.3491977285741,58.38669204711914,28557,0.0,0.0,0.0
2024-07-19 00:00:00+02:00,58.124239466828556,58.15236199553593,57.796173095703125,57.796173095703125,46372,0.0,0.0,0.0
2024-07-22 00:00:00+02:00,57.908650124137104,58.12423709861498,57.81491790067894,57.983638763427734,32900,0.0,0.0,0.0
2024-07-23 00:00:00+02:00,58.01175434387549,58.255463831751285,57.927393917403855,58.05862045288086,27015,0.0,0.0,0.0
2024-07-24 00:00:00+02:00,57.80554952538072,57.927404291140576,57.627456849005206,57.76805877685547,30701,0.0,0.0,0.0
2024-07-25 00:00:00+02:00,57.56184530359612,57.74931335449219,57.30876397123478,57.74931335449219,25784,0.0,0.0,0.0
2024-07-26 00:00:00+02:00,57.76805510890345,58.086749692893875,57.69306646530319,58.04925537109375,27214,0.0,0.0,0.0
2024-07-29 00:00:00+02:00,58.38669536790585,58.564788027641434,58.05862542546003,58.06800079345703,22635,0.0,0.0,0.0
2024-07-30 00:00:00+02:00,58.30233871304277,58.37732378360279,58.14298962766263,58.20860290527344,37293,0.0,0.0,0.0
2024-07-31 00:00:00+02:00,58.77100035055337,58.97721195291644,58.58353233196009,58.845985412597656,17034,0.0,0.0,0.0
2024-08-01 00:00:00+02:00,58.66789562167711,58.78037500805458,58.06800079345703,58.06800079345703,89286,0.0,0.0,0.0
2024-08-02 00:00:00+02:00,57.543092249500376,57.56183941023616,56.118340214478756,56.193328857421875,81171,0.0,0.0,0.0
2024-08-05 00:00:00+02:00,55.602803836112436,55.602803836112436,54.08431962694681,54.918548583984375,176258,0.0,0.0,0.0
2024-08-06 00:00:00+02:00,55.29348861471824,55.41533980046648,54.834192099061646,55.19975280761719,84621,0.0,0.0,0.0
2024-08-07 00:00:00+02:00,55.69654287918653,56.29644134791935,55.63092959873468,56.0995979309082,103753,0.0,0.0,0.0
2024-08-08 00:00:00+02:00,55.5465588395057,56.24956120720052,55.24661144867497,56.21207046508789,69116,0.0,0.0,0.0
2024-08-09 00:00:00+02:00,56.28705504959191,56.53076453736796,56.043349137470784,56.27768325805664,45122,0.0,0.0,0.0
2024-08-12 00:00:00+02:00,56.4838969379827,56.615127053905624,56.21207206556569,56.29643249511719,94260,0.0,0.0,0.0
2024-08-13 00:00:00+02:00,56.57763623752301,56.7088627859145,56.37142104681909,56.64324951171875,18996,0.0,0.0,0.0
2024-08-14 00:00:00+02:00,56.7744733603329,56.82133947172193,56.52139206804603,56.79322052001953,24118,0.0,0.0,0.0
2024-08-15 00:00:00+02:00,57.00880238928716,57.7586708313458,56.96193628209377,57.618072509765625,43933,0.0,0.0,0.0
2024-08-16 00:00:00+02:00,57.78680352560097,57.8242942725605,57.47748072751084,57.711814880371094,50955,0.0,0.0,0.0
2024-08-19 00:00:00+02:00,57.72118567722078,58.030504875156815,57.70243851739812,57.983638763427734,32231,0.0,0.0,0.0
2024-08-20 00:00:00+02:00,57.955521536035754,57.99301228114151,57.58058547973633,57.58058547973633,32094,0.0,0.0,0.0
2024-08-21 00:00:00+02:00,57.618084386173194,57.805548853587496,57.58059006242813,57.69306945800781,35273,0.0,0.0,0.0
2024-08-22 00:00:00+02:00,57.66494794540722,57.87116314120328,57.63682899167334,57.739933013916016,29970,0.0,0.0,0.0
2024-08-23 00:00:00+02:00,57.82429301594831,58.11486864641631,57.82429301594831,58.04925537109375,31547,0.0,0.0,0.0
2024-08-26 00:00:00+02:00,57.99301629750504,58.34920521809219,57.99301629750504,58.105499267578125,34578,0.0,0.0,0.0
2024-08-27 00:00:00+02:00,58.19923309087523,58.32108785729024,58.142991604301635,58.18986129760742,21040,0.0,0.0,0.0
2024-08-28 00:00:00+02:00,58.311711946446714,58.583540432209496,58.27421762241276,58.39607238769531,23615,0.0,0.0,0.0
2024-08-29 00:00:00+02:00,58.442930323200564,58.88347962978592,58.442930323200564,58.808494567871094,25195,0.0,0.0,0.0
2024-08-30 00:00:00+02:00,58.84598970927636,58.977216259176735,58.74288211273883,58.78037643432617,48174,0.0,0.0,0.0
2024-09-02 00:00:00+02:00,58.98659500376182,59.08970260620117,58.836621284483364,59.08970260620117,68154,0.0,0.0,0.0
2024-09-03 00:00:00+02:00,59.136570156469425,59.17406448111175,58.43356765987595,58.64915466308594,37591,0.0,0.0,0.0
2024-09-04 00:00:00+02:00,58.10549574774623,58.39606779702782,58.05862605856058,58.28358840942383,24564,0.0,0.0,0.0
2024-09-05 00:00:00+02:00,58.133617211625925,58.31170988099565,57.99301528930664,57.99301528930664,45773,0.0,0.0,0.0
2024-09-06 00:00:00+02:00,57.76804998661827,58.086744542350104,57.196274144659256,57.233768463134766,77091,0.0,0.0,0.0
2024-09-09 00:00:00+02:00,57.58995651128582,57.852413177490234,57.41186385350672,57.852413177490234,77466,0.0,0.0,0.0
2024-09-10 00:00:00+02:00,57.721183228547645,57.99300809530689,57.46810194516078,57.543087005615234,56919,0.0,0.0,0.0
2024-09-11 00:00:00+02:00,57.53371853025185,57.78679982822667,56.99006161408628,57.224395751953125,61370,0.0,0.0,0.0
2024-09-12 00:00:00+02:00,58.006371669070056,58.044143245851025,57.58145043552366,57.84584426879883,41138,0.448122,0.0,0.0
2024-09-13 00:00:00+02:00,57.88361339569505,58.20466458055341,57.88361339569505,58.166893005371094,40171,0.0,0.0,0.0
2024-09-16 00:00:00+02:00,58.10079624116094,58.2613236393109,58.0346977837156,58.1102409362793,34173,0.0,0.0,0.0
2024-09-17 00:00:00+02:00,58.40295615735454,58.506826181317955,58.29908973548655,58.450172424316406,40034,0.0,0.0,0.0
2024-09-18 00:00:00+02:00,58.42184453482977,58.42184453482977,58.1668918107289,58.23299026489258,35836,0.0,0.0,0.0
2024-09-19 00:00:00+02:00,58.676797800133436,58.96007740660425,58.544600890586764,58.7240104675293,50978,0.0,0.0,0.0
2024-09-20 00:00:00+02:00,58.657904950976686,58.72400339779248,58.35573959350586,58.35573959350586,22935,0.0,0.0,0.0
2024-09-23 00:00:00+02:00,58.63902286844183,58.98840451178038,58.59181020374877,58.922306060791016,64325,0.0,0.0,0.0
2024-09-24 00:00:00+02:00,59.186703789890686,59.26224333799013,59.0733926666937,59.215030670166016,94912,0.0,0.0,0.0
2024-09-25 00:00:00+02:00,58.827877695482904,59.12060198274978,58.742893457379324,58.94118881225586,34791,0.0,0.0,0.0
2024-09-26 00:00:00+02:00,59.262243282260535,59.56441228066111,59.16781794670112,59.40388488769531,90606,0.0,0.0,0.0
2024-09-27 00:00:00+02:00,59.63994933718048,59.913787841796875,59.517193524404945,59.913787841796875,27504,0.0,0.0,0.0
2024-09-30 00:00:00+02:00,59.73437674536918,59.791034107564926,59.29057334883726,59.488868713378906,52522,0.0,0.0,0.0
2024-10-01 00:00:00+02:00,59.73437585956426,59.97044279540241,59.57385207220019,59.84769058227539,76973,0.0,0.0,0.0
2024-10-02 00:00:00+02:00,60.0743057983483,60.178175814305696,59.93266781466606,60.14984893798828,40740,0.0,0.0,0.0
2024-10-03 00:00:00+02:00,60.0365430027882,60.08375566808299,59.583291330090844,59.80047607421875,26312,0.0,0.0,0.0
2024-10-04 00:00:00+02:00,59.82881178040683,60.367044168790926,59.80992599108332,60.21596145629883,38534,0.0,0.0,0.0
2024-10-07 00:00:00+02:00,60.51811399933901,60.52755869360052,60.282050674233055,60.367034912109375,64260,0.0,0.0,0.0
2024-10-08 00:00:00+02:00,59.75325980682849,59.970440948860926,59.60217711662786,59.80047607421875,75199,0.0,0.0,0.0
2024-10-09 00:00:00+02:00,59.668278690876875,60.102644599767416,59.61162493039664,60.07431411743164,59475,0.0,0.0,0.0
2024-10-10 00:00:00+02:00,60.14041265117219,60.26316846919893,60.01766043524112,60.16874313354492,27775,0.0,0.0,0.0
2024-10-11 00:00:00+02:00,60.055425767160585,60.53700432326613,59.93267355662784,60.48978805541992,51421,0.0,0.0,0.0
2024-10-14 00:00:00+02:00,60.63143610406372,60.84862087339058,60.55589294915074,60.839176177978516,79185,0.0,0.0,0.0
2024-10-15 00:00:00+02:00,60.88638650630841,60.92415087588607,60.66920175818601,60.78251647949219,64476,0.0,0.0,0.0
2024-10-16 00:00:00+02:00,60.68808156480369,60.999691633041365,60.57477405212874,60.914710998535156,32048,0.0,0.0,0.0
2024-10-17 00:00:00+02:00,60.99969379503027,61.45294547436685,60.92415064777567,61.2546501159668,29697,0.0,0.0,0.0
2024-10-18 00:00:00+02:00,61.207434545511205,61.45294617479142,61.08468233296666,61.179107666015625,92840,0.0,0.0,0.0
2024-10-21 00:00:00+02:00,61.24520849601456,61.27353537660929,60.74474772766406,60.76362991333008,63965,0.0,0.0,0.0
2024-10-22 00:00:00+02:00,60.75418465251464,60.79195622768625,60.44258176468367,60.744747161865234,39916,0.0,0.0,0.0
2024-10-23 00:00:00+02:00,60.84861909659487,60.94304443538295,60.555891180902755,60.60310745239258,33228,0.0,0.0,0.0
2024-10-24 00:00:00+02:00,60.8769385118737,60.92414757338226,60.51811218261719,60.51811218261719,27520,0.0,0.0,0.0
2024-10-25 00:00:00+02:00,60.489786992058754,60.669200161691215,60.442577929233444,60.46146011352539,45905,0.0,0.0,0.0
2024-10-28 00:00:00+01:00,60.470906235991556,60.64087471539698,60.17818194321653,60.593658447265625,28082,0.0,0.0,0.0
2024-10-29 00:00:00+01:00,60.659761277222316,60.75418661610753,60.37648165847088,60.41425323486328,26188,0.0,0.0,0.0
2024-10-30 00:00:00+01:00,60.14985732340646,60.17818420367289,59.86657771445516,59.885459899902344,39161,0.0,0.0,0.0
2024-10-31 00:00:00+01:00,59.64939710751736,59.74382605179932,59.33779059662666,59.50775909423828,61879,0.0,0.0,0.0
2024-11-01 00:00:00+01:00,59.57385116638784,60.0365439385175,59.507752713525825,59.9232292175293,103998,0.0,0.0,0.0
2024-11-04 00:00:00+01:00,59.611624113595546,59.781592596898655,59.55496675179597,59.5738525390625,27035,0.0,0.0,0.0
2024-11-05 00:00:00+01:00,59.696608585062926,59.85713237430294,59.526640101105485,59.77214813232422,43400,0.0,0.0,0.0
2024-11-06 00:00:00+01:00,61.29241732183668,61.60402017472248,60.75417783914639,60.961917877197266,71078,0.0,0.0,0.0
2024-11-07 00:00:00+01:00,61.36795833211357,61.519044628344815,61.179107666015625,61.179107666015625,30587,0.0,0.0,0.0
2024-11-08 00:00:00+01:00,61.150777667579014,61.207431423680596,60.820285416668526,61.10356140136719,28869,0.0,0.0,0.0
2024-11-11 00:00:00+01:00,61.481272126864646,61.8684181477828,61.43405585895684,61.726783752441406,56818,0.0,0.0,0.0
2024-11-12 00:00:00+01:00,61.41516977426504,61.53792197716279,61.09411502210011,61.160213470458984,50203,0.0,0.0,0.0
2024-11-13 00:00:00+01:00,61.00913799542147,61.24520492553711,60.87694109089199,61.24520492553711,17849,0.0,0.0,0.0
2024-11-14 00:00:00+01:00,61.273537039514096,61.62291871944416,61.25465485333564,61.37740707397461,27285,0.0,0.0,0.0
2024-11-15 00:00:00+01:00,61.11300921246224,61.40572990617138,61.00913918485104,61.179107666015625,37910,0.0,0.0,0.0
2024-11-18 00:00:00+01:00,61.25465042056708,61.5001548440788,61.11300881980812,61.46238327026367,19133,0.0,0.0,0.0
2024-11-19 00:00:00+01:00,61.65124346831395,61.726786618797966,60.90527106671479,61.32075119018555,34478,0.0,0.0,0.0
2024-11-20 00:00:00+01:00,61.40572870900991,61.52848812335227,61.188551167650466,61.24520492553711,29472,0.0,0.0,0.0
2024-11-21 00:00:00+01:00,61.43405218465873,62.05727230365084,61.197985267620616,62.019500732421875,31553,0.0,0.0,0.0
2024-11-22 00:00:00+01:00,62.13282774542983,62.86935551971545,62.104493658256374,62.81269454956055,42757,0.0,0.0,0.0
2024-11-25 00:00:00+01:00,62.79379804148921,62.81268022443989,62.47275050199523,62.54828643798828,65653,0.0,0.0,0.0
2024-11-26 00:00:00+01:00,62.331117980614486,62.472759588011115,62.13282261193578,62.2933464050293,27351,0.0,0.0,0.0
2024-11-27 00:00:00+01:00,62.35944619827043,62.40665526562055,62.028953910053346,62.1328239440918,22132,0.0,0.0,0.0
2024-11-28 00:00:00+01:00,62.23668784099312,62.33111317057367,62.17058218567679,62.274452209472656,49540,0.0,0.0,0.0
2024-11-29 00:00:00+01:00,62.16114331076354,62.472753375208775,62.104482350924876,62.425537109375,25290,0.0,0.0,0.0
2024-12-02 00:00:00+01:00,62.60496019465858,62.897680917477444,62.538861734532006,62.671058654785156,124460,0.0,0.0,0.0
2024-12-03 00:00:00+01:00,62.803248000563734,62.89767333161456,62.57661856101257,62.68048858642578,43204,0.0,0.0,0.0
2024-12-04 00:00:00+01:00,62.56719038637963,62.73715888925388,62.24613556797625,62.34056091308594,64276,0.0,0.0,0.0
2024-12-05 00:00:00+01:00,62.36888835931369,62.472758389131805,62.15170360491454,62.35944366455078,46363,0.0,0.0,0.0
2024-12-06 00:00:00+01:00,62.283902412049315,62.444426206951995,62.19892176916843,62.217803955078125,31237,0.0,0.0,0.0
2024-12-09 00:00:00+01:00,62.41608810424805,62.62382813286278,62.293335907425785,62.41608810424805,51070,0.0,0.0,0.0
2024-12-10 00:00:00+01:00,62.161147938198965,62.34999860721119,62.01950633434417,62.25557327270508,37038,0.0,0.0,0.0
2024-12-11 00:00:00+01:00,62.13281519728905,62.31222115466996,62.09504362621134,62.208351135253906,42283,0.0,0.0,0.0
2024-12-12 00:00:00+01:00,62.103989589316726,62.237014689623415,61.95195676078093,62.02797317504883,48006,0.41016,0.0,0.0
2024-12-13 00:00:00+01:00,62.056482620298915,62.15150677060873,61.56239038558227,61.69541549682617,45873,0.0,0.0,0.0
2024-12-16 00:00:00+01:00,61.590891792042015,61.67641207337514,61.372346405812486,61.41035461425781,69348,0.0,0.0,0.0
2024-12-17 00:00:00+01:00,61.068289656448364,61.20132201430479,60.8687519936508,61.03028869628906,44678,0.0,0.0,0.0
2024-12-18 00:00:00+01:00,61.08729555054195,61.191816311151605,60.973270925515656,61.0397834777832,36005,0.0,0.0,0.0
2024-12-19 00:00:00+01:00,60.32715204185064,60.545693812007066,60.156118721786925,60.37466049194336,71314,0.0,0.0,0.0
2024-12-20 00:00:00+01:00,60.023087639607596,60.40316247481013,59.67152077307571,60.36515426635742,55269,0.0,0.0,0.0
2024-12-23 00:00:00+01:00,60.38415734988931,60.5741947642783,60.13711124844714,60.23212814331055,55239,0.0,0.0,0.0
2024-12-27 00:00:00+01:00,60.78323705894795,60.916262163320695,60.67871629846586,60.83074188232422,44655,0.0,0.0,0.0
2024-12-30 00:00:00+01:00,60.659707874123534,60.811737071816594,60.37465358153179,60.39365768432617,31586,0.0,0.0,0.0
2025-01-02 00:00:00+01:00,61.16331310704824,61.638404846191406,60.878255163832485,61.638404846191406,128548,0.0,0.0,0.0
2025-01-03 00:00:00+01:00,61.36285166294683,61.45786856229698,61.096801445036526,61.30583572387695,42559,0.0,0.0,0.0
2025-01-06 00:00:00+01:00,61.29633290274995,61.42935799823747,61.144300079721916,61.39134979248047,68049,0.0,0.0,0.0
2025-01-07 00:00:00+01:00,60.963774871928024,61.49587529496931,60.90675893422748,61.362850189208984,57155,0.0,0.0,0.0
2025-01-08 00:00:00+01:00,61.47686756596094,61.63840426523381,61.115800457372146,61.362850189208984,30635,0.0,0.0,0.0
2025-01-09 00:00:00+01:00,61.23932128253723,61.50537874157471,61.23932128253723,61.45786666870117,24365,0.0,0.0,0.0
2025-01-10 00:00:00+01:00,61.32483653466746,61.44835776495451,60.95426559448242,60.95426559448242,39784,0.0,0.0,0.0
2025-01-13 00:00:00+01:00,60.90675795810165,61.25832844587635,60.71672416701094,61.13479995727539,39120,0.0,0.0,0.0
2025-01-14 00:00:00+01:00,61.3248414156867,61.37234623912095,60.95427044600685,61.0397834777832,43926,0.0,0.0,0.0
2025-01-15 00:00:00+01:00,61.26783640179171,61.95196244499996,61.22032432618388,61.923458099365234,61109,0.0,0.0,0.0
2025-01-16 00:00:00+01:00,62.13249535238597,62.21801563272301,61.95195817670457,62.113494873046875,21716,0.0,0.0,0.0
2025-01-17 00:00:00+01:00,62.41755735169539,62.721615786189005,62.34154093074076,62.645599365234375,44334,0.0,0.0,0.0
2025-01-20 00:00:00+01:00,62.655103674285705,62.72161623076122,62.48407035058795,62.50307083129883,59965,0.0,0.0,0.0
2025-01-21 00:00:00+01:00,62.56958056699214,62.74061388297931,62.51257187810462,62.6836051940918,42084,0.0,0.0,0.0
2025-01-22 00:00:00+01:00,62.56008042974614,62.68360892879511,62.370046622582414,62.52207946777344,33923,0.0,0.0,0.0
2025-01-23 00:00:00+01:00,62.4935594398207,62.750113019131575,62.4460546191023,62.66459274291992,56440,0.0,0.0,0.0
2025-01-24 00:00:00+01:00,62.645596385575686,62.66459686524816,62.332034101045714,62.455562591552734,37904,0.0,0.0,0.0
2025-01-27 00:00:00+01:00,62.389049113918446,62.636091592621455,62.141999385890976,62.484066009521484,106480,0.0,0.0,0.0
2025-01-28 00:00:00+01:00,62.94015163316365,63.22520957665698,62.84513473510742,62.84513473510742,52772,0.0,0.0,0.0
2025-01-29 00:00:00+01:00,62.94015271496115,63.35823577278402,62.88314402501249,63.18720245361328,45361,0.0,0.0,0.0
2025-01-30 00:00:00+01:00,63.272719863449346,63.54827396612865,63.23471890040589,63.46276092529297,58097,0.0,0.0,0.0
2025-01-31 00:00:00+01:00,63.614778972618936,63.861828699021416,63.55777028549698,63.62428283691406,42351,0.0,0.0,0.0
2025-02-03 00:00:00+01:00,63.26320948443873,63.453243255615234,63.01615978245032,63.453243255615234,119751,0.0,0.0,0.0
2025-02-04 00:00:00+01:00,63.301225208479096,63.34873003225477,63.01616726852687,63.29172134399414,61932,0.0,0.0,0.0
2025-02-05 00:00:00+01:00,63.092183685757405,63.301225208479096,62.978159059911604,63.29172134399414,68136,0.0,0.0,0.0
2025-02-06 00:00:00+01:00,63.67180021973094,64.03286735049281,63.67180021973094,63.871337890625,31646,0.0,0.0,0.0
2025-02-07 00:00:00+01:00,63.80481772820132,63.9853476474008,63.72880131520989,63.82381820678711,89222,0.0,0.0,0.0
2025-02-10 00:00:00+01:00,63.98534916682358,64.20389454703259,63.92834048038833,64.07086944580078,50311,0.0,0.0,0.0
2025-02-11 00:00:00+01:00,64.02335409097859,64.13737870732601,63.88083238219924,64.0898666381836,57328,0.0,0.0,0.0
2025-02-12 00:00:00+01:00,64.1183881657409,64.20390120426053,63.880842281864055,63.89033889770508,54732,0.0,0.0,0.0
2025-02-13 00:00:00+01:00,63.94734728569517,64.24190182712464,63.84282652918971,64.09937286376953,42921,0.0,0.0,0.0
2025-02-14 00:00:00+01:00,64.12788435644349,64.20390077861813,63.94735441543496,63.985355377197266,33708,0.0,0.0,0.0
2025-02-17 00:00:00+01:00,64.0423713774919,64.27041339490094,64.00436316636957,64.19439697265625,63693,0.0,0.0,0.0
2025-02-18 00:00:00+01:00,64.28940832268538,64.45093775079498,64.19438418913988,64.36541748046875,20097,0.0,0.0,0.0
2025-02-19 00:00:00+01:00,64.58397624177317,64.6409849342727,64.27041393437563,64.51746368408203,28568,0.0,0.0,0.0
2025-02-20 00:00:00+01:00,64.52696264298628,64.59347519562016,64.15638442194093,64.1753921508789,47654,0.0,0.0,0.0
2025-02-21 00:00:00+01:00,64.289419312361,64.56496614890962,64.24190723746652,64.5079574584961,46581,0.0,0.0,0.0
2025-02-24 00:00:00+01:00,64.30840879980032,64.49844256824414,64.1183750313565,64.36541748046875,80709,0.0,0.0,0.0
2025-02-25 00:00:00+01:00,64.32742674709256,64.4319475229197,63.98536007153564,64.0518798828125,75121,0.0,0.0,0.0
2025-02-26 00:00:00+01:00,64.41292808279758,64.60296184692093,64.3179112007359,64.42243194580078,42166,0.0,0.0,0.0
2025-02-27 00:00:00+01:00,64.46993699433447,64.81200357044708,64.35591963517925,64.74549102783203,61413,0.0,0.0,0.0
2025-02-28 00:00:00+01:00,64.3654227158817,64.52695940645411,64.18489279597306,64.45094299316406,47279,0.0,0.0,0.0
2025-03-03 00:00:00+01:00,65.08756908859003,65.10656956869404,64.74550245212008,64.79301452636719,92734,0.0,0.0,0.0
2025-03-04 00:00:00+01:00,64.25141057837841,64.33692361330141,63.05417734418323,63.18720245361328,98904,0.0,0.0,0.0
2025-03-05 00:00:00+01:00,63.07317553252871,63.18720015760753,62.332033592827635,62.3890495300293,54217,0.0,0.0,0.0
2025-03-06 00:00:00+01:00,62.64559111681393,62.71210366406043,62.12298735321718,62.41754913330078,40852,0.0,0.0,0.0
2025-03-07 00:00:00+01:00,62.370036034162716,62.49355726291671,61.970960757273964,62.284523010253906,57132,0.0,0.0,0.0
2025-03-10 00:00:00+01:00,62.56958135678779,62.65510164052319,62.00897657745189,62.23701858520508,39684,0.0,0.0,0.0
2025-03-11 00:00:00+01:00,61.961463037055054,62.01847172531319,60.77373370284684,60.897254943847656,84553,0.0,0.0,0.0
2025-03-12 00:00:00+01:00,61.21081820953981,61.628901261669654,60.71672598828835,61.12530517578125,52342,0.0,0.0,0.0
2025-03-13 00:00:00+01:00,61.0967984534179,61.448361688731545,61.03978251713981,61.16331100463867,62314,0.0,0.0,0.0
2025-03-14 00:00:00+01:00,61.25833050935157,61.799934806460826,61.19181795529692,61.704917907714844,87156,0.0,0.0,0.0
2025-03-17 00:00:00+01:00,61.79993739373125,62.30353350256035,61.695416625937476,62.246524810791016,67625,0.0,0.0,0.0
2025-03-18 00:00:00+01:00,62.265515826515816,62.531566013429945,62.17049893823561,62.256011962890625,53092,0.0,0.0,0.0
2025-03-19 00:00:00+01:00,62.37005142350465,62.73111858463883,62.341547075168485,62.65510940551758,33864,0.0,0.0,0.0
2025-03-20 00:00:00+01:00,62.91616369591226,62.963967951711155,62.438077367812674,62.66755676269531,32845,0.41303,0.0,0.0
2025-03-21 00:00:00+01:00,62.63887675650299,62.72492879945583,62.24684244077854,62.48588562011719,36356,0.0,0.0,0.0
2025-03-24 00:00:00+01:00,63.16476688336311,63.16476688336311,62.667560284009426,62.93528747558594,71981,0.0,0.0,0.0
2025-03-25 00:00:00+01:00,62.954413394110944,63.17433634702426,62.93529314799737,62.98310470581055,45518,0.0,0.0,0.0
2025-03-26 00:00:00+01:00,63.059588738231334,63.48030707458958,62.86835710989705,63.07871627807617,68935,0.0,0.0,0.0
2025-03-27 00:00:00+01:00,63.05003520100351,63.20301905179508,62.772744220485734,63.01178741455078,42984,0.0,0.0,0.0
2025-03-28 00:00:00+01:00,62.74405475837152,62.887474826346555,62.132104818282286,62.170345306396484,72666,0.0,0.0,0.0
2025-03-31 00:00:00+02:00,61.759182292775364,62.20858456422592,61.53926668867257,62.1034049987793,50531,0.0,0.0,0.0
2025-04-01 00:00:00+02:00,62.39983018771638,62.48588222599503,61.883496072989,62.39026641845703,97443,0.0,0.0,0.0
2025-04-02 00:00:00+02:00,62.28508614015985,62.34245416503283,61.87393160686053,62.141658782958984,17724,0.0,0.0,0.0
2025-04-03 00:00:00+02:00,60.71696305003748,60.77433472192822,59.47393933914485,59.70341873168945,86045,0.0,0.0,0.0
2025-04-04 00:00:00+02:00,59.12015402154989,59.187085812216445,56.77753040569313,57.045257568359375,106285,0.0,0.0,0.0
2025-04-07 00:00:00+02:00,53.995067127666545,57.09306426536793,53.54566484480195,55.14247131347656,279504,0.0,0.0,0.0
2025-04-08 00:00:00+02:00,55.96478693014068,57.1695665740214,55.88829501089157,56.48112106323242,154784,0.0,0.0,0.0
2025-04-09 00:00:00+02:00,54.530527343731904,55.00861368873396,53.31618758972555,53.87076950073242,113303,0.0,0.0,0.0
2025-04-10 00:00:00+02:00,57.81976312877819,57.97275061168305,55.45801544189453,55.45801544189453,144365,0.0,0.0,0.0
2025-04-11 00:00:00+02:00,55.65880980173396,55.735305365528795,54.50184175565646,55.218971252441406,98823,0.0,0.0,0.0
2025-04-14 00:00:00+02:00,56.18470431462746,56.94964536632488,56.14646018004999,56.78709411621094,90460,0.0,0.0,0.0
2025-04-15 00:00:00+02:00,57.1313131353189,57.64764721729968,56.95920177465864,57.4850959777832,142096,0.0,0.0,0.0
2025-04-16 00:00:00+02:00,56.85402674471386,57.28430518072518,56.59585968310707,57.20781326293945,26257,0.0,0.0,0.0
2025-04-17 00:00:00+02:00,56.94964782293298,57.27474668967523,56.79666033549601,57.1695671081543,23990,0.0,0.0,0.0
2025-04-22 00:00:00+02:00,56.73928318717055,57.18868548395547,56.55761170320874,57.12175369262695,77519,0.0,0.0,0.0
2025-04-23 00:00:00+02:00,58.0396821774768,58.622948093586764,57.84844691272625,58.08749008178711,66570,0.0,0.0,0.0
2025-04-24 00:00:00+02:00,57.95362701712206,58.355217793987585,57.67633606309054,58.33609390258789,40424,0.0,0.0,0.0
2025-04-25 00:00:00+02:00,58.584702087524825,58.661194007238834,58.16398741032427,58.22135543823242,39144,0.0,0.0,0.0
2025-04-28 00:00:00+02:00,58.68031564903629,58.82374300832598,58.460396372965555,58.53689193725586,53821,0.0,0.0,0.0
2025-04-29 00:00:00+02:00,58.766375680267316,58.957610957623665,58.556020157933915,58.785499572753906,44945,0.0,0.0,0.0
2025-04-30 00:00:00+02:00,59.04366214151711,59.13927794913934,58.336092763581085,58.97673034667969,38127,0.0,0.0,0.0
2025-05-02 00:00:00+02:00,59.58868121803544,59.88509606239761,59.397445952237575,59.741668701171875,86817,0.0,0.0,0.0
2025-05-05 00:00:00+02:00,59.74166890543415,60.04764387275318,59.646053095962955,59.99983596801758,89371,0.0,0.0,0.0
2025-05-06 00:00:00+02:00,59.8085915574621,59.894647231832906,59.44524497150663,59.77034378051758,51296,0.0,0.0,0.0
2025-05-07 00:00:00+02:00,59.65561294555664,59.68429695876518,59.39744588415184,59.65561294555664,77992,0.0,0.0,0.0
2025-05-08 00:00:00+02:00,59.9424627386232,60.15282189101326,59.760791246337654,60.12413787841797,61844,0.0,0.0,0.0
2025-05-09 00:00:00+02:00,60.23887383014741,60.51616475968835,60.03807845944908,60.21018981933594,60776,0.0,0.0,0.0
2025-05-12 00:00:00+02:00,61.43409101717732,61.73050219585049,61.25241588443277,61.663570404052734,52346,0.0,0.0,0.0
2025-05-13 00:00:00+02:00,61.654017607310216,61.654017607310216,61.42453091172994,61.49146270751953,28378,0.0,0.0,0.0
2025-05-14 00:00:00+02:00,61.34803601772613,61.36715625945074,60.95600175970223,61.11854934692383,53462,0.0,0.0,0.0
2025-05-15 00:00:00+02:00,60.90819657738679,61.61576592055506,60.850824907126956,61.58708190917969,59717,0.0,0.0,0.0
2025-05-16 00:00:00+02:00,61.76875406966038,62.026924780145436,61.654018016128056,62.00779724121094,34234,0.0,0.0,0.0
2025-05-19 00:00:00+02:00,61.71138600623489,61.87393361198823,61.39584726917112,61.7496337890625,23871,0.0,0.0,0.0
2025-05-20 00:00:00+02:00,61.83568739998785,62.17034638945752,61.73050781829469,62.0651741027832,54732,0.0,0.0,0.0
2025-05-21 00:00:00+02:00,61.76875772307298,61.76875772307298,61.39585093699943,61.5775260925293,32708,0.0,0.0,0.0
2025-05-22 00:00:00+02:00,61.26198231466099,61.42452991680018,60.936883462873354,61.0803108215332,40055,0.0,0.0,0.0
2025-05-23 00:00:00+02:00,61.2428643869513,61.30979618418764,60.39186761957175,60.850830078125,71089,0.0,0.0,0.0
2025-05-26 00:00:00+02:00,61.31935119628906,61.40541053069397,61.22373538752029,61.31935119628906,31833,0.0,0.0,0.0
2025-05-27 00:00:00+02:00,61.35759999549502,61.60620693842811,61.24286394107877,61.55839538574219,25832,0.0,0.0,0.0
2025-05-28 00:00:00+02:00,61.64445393695114,61.65401770637034,61.39584699718237,61.40541076660156,27945,0.0,0.0,0.0
2025-05-29 00:00:00+02:00,61.864367970400934,61.95999107208556,61.08987045288086,61.08987045288086,59809,0.0,0.0,0.0
2025-05-30 00:00:00+02:00,61.38628276653326,61.55839413969253,61.108995463118255,61.242862701416016,36429,0.0,0.0,0.0
2025-06-02 00:00:00+02:00,61.08987257173932,61.17592825972736,60.70740568429977,61.04206466674805,89586,0.0,0.0,0.0
2025-06-03 00:00:00+02:00,61.18548977056874,61.52970886230469,60.994254510153745,61.52970886230469,44591,0.0,0.0,0.0
2025-06-04 00:00:00+02:00,61.66357758226142,61.7783209365654,61.46278218349372,61.50102996826172,47162,0.0,0.0,0.0
2025-06-05 00:00:00+02:00,61.45321534733674,61.59664270930564,61.00381666501887,61.39584732055664,60696,0.0,0.0,0.0
2025-06-06 00:00:00+02:00,61.48190878011435,61.94086760025075,61.43409722613315,61.78788375854492,37026,0.0,0.0,0.0
2025-06-09 00:00:00+02:00,61.85481708475018,61.950432900055134,61.768757744462356,61.835689544677734,32882,0.0,0.0,0.0
2025-06-10 00:00:00+02:00,61.90261896515984,62.0269260857947,61.75919160020666,61.9791145324707,40802,0.0,0.0,0.0
2025-06-11 00:00:00+02:00,62.01736129870629,62.08429309525055,61.74007034301758,61.74007034301758,38540,0.0,0.0,0.0
2025-06-12 00:00:00+02:00,61.58708623485474,61.615770248244786,61.01338043448844,61.39584732055664,40237,0.0,0.0,0.0
2025-06-13 00:00:00+02:00,61.03250669157015,61.491465513637735,61.00381902955881,61.25242233276367,71660,0.0,0.0,0.0
2025-06-16 00:00:00+02:00,61.25242224089972,61.453217637130514,61.18549408966559,61.348045349121094,49898,0.0,0.0,0.0
2025-06-17 00:00:00+02:00,61.08987345319638,61.223737048107196,60.93688596651126,61.1089973449707,33135,0.0,0.0,0.0
2025-06-18 00:00:00+02:00,61.12811986347446,61.462778843233224,60.917760706192205,61.0516242980957,155025,0.0,0.0,0.0
2025-06-19 00:00:00+02:00,61.07180374612257,61.081484388209425,60.733055114746094,60.733055114746094,30772,0.770852,0.0,0.0
2025-06-20 00:00:00+02:00,60.771770710891474,61.02341202560795,60.733055526447956,60.84919738769531,25786,0.0,0.0,0.0
2025-06-23 00:00:00+02:00,60.73305857712214,60.99438054711753,60.59755911684676,60.6556282043457,26505,0.0,0.0,0.0
2025-06-24 00:00:00+02:00,61.14924182980475,61.2266685158528,60.93631198202623,60.994384765625,38712,0.0,0.0,0.0
2025-06-25 00:00:00+02:00,61.14923594569228,61.18795113103274,60.67498415547985,60.71369934082031,104337,0.0,0.0,0.0
2025-06-26 00:00:00+02:00,60.74273247651723,60.916947114429874,60.60723302304811,60.84919738769531,33457,0.0,0.0,0.0
2025-06-27 00:00:00+02:00,61.04277565919641,61.1976327202134,60.907276192316985,61.16859817504883,17066,0.0,0.0,0.0
2025-06-30 00:00:00+02:00,61.14923618198544,61.1589131323163,60.96534458903258,61.013736724853516,38230,0.0,0.0,0.0
2025-07-01 00:00:00+02:00,61.08148545473153,61.31376917970745,60.7330561751844,61.265377044677734,82268,0.0,0.0,0.0
2025-07-02 00:00:00+02:00,61.58477437207796,61.71059319003091,61.33312935200526,61.43959426879883,32945,0.0,0.0,0.0
2025-07-03 00:00:00+02:00,61.642840642891684,61.962231686594116,61.57509091567956,61.93320083618164,45848,0.0,0.0,0.0
2025-07-04 00:00:00+02:00,61.64283710686864,61.64283710686864,61.420230345643446,61.526695251464844,28009,0.0,0.0,0.0
2025-07-07 00:00:00+02:00,61.58477331163007,61.81705704237683,61.50734293999226,61.652523040771484,84269,0.0,0.0,0.0
2025-07-08 00:00:00+02:00,61.47830769373243,61.76866419988764,61.4395925083562,61.720272064208984,32329,0.0,0.0,0.0
2025-07-09 00:00:00+02:00,61.691241560675984,61.98159808584334,61.65252637276473,61.79770278930664,29512,0.0,0.0,0.0
2025-07-10 00:00:00+02:00,61.80738176216804,62.378414154052734,61.79770111941006,62.378414154052734,38722,0.0,0.0,0.0
2025-07-11 00:00:00+02:00,62.262276180580486,62.28163008199269,61.83641650784314,61.89448928833008,41865,0.0,0.0,0.0
2025-07-14 00:00:00+02:00,61.86544923389731,62.000948692301236,61.80738014720039,61.91384506225586,25402,0.0,0.0,0.0
2025-07-15 00:00:00+02:00,62.07838236353794,62.1170975514492,61.79770278930664,61.79770278930664,48530,0.0,0.0,0.0
2025-07-16 00:00:00+02:00,61.61380809936137,62.0396640688086,61.20730972290039,61.20730972290039,40101,0.0,0.0,0.0
2025-07-17 00:00:00+02:00,62.02030628332282,62.23323610075145,61.95255655815609,62.21387481689453,47108,0.0,0.0,0.0
2025-07-18 00:00:00+02:00,62.33971008034351,62.34938333951326,62.04934985357019,62.07838439941406,30380,0.0,0.0,0.0
2025-07-21 00:00:00+02:00,62.16548990235014,62.242912889671445,62.029983060162905,62.097740173339844,49465,0.0,0.0,0.0
2025-07-22 00:00:00+02:00,61.913845238840764,62.08805988359507,61.797699680949,61.95256042480469,75256,0.0,0.0,0.0
2025-07-23 00:00:00+02:00,62.48488233829956,62.746208017258084,62.45584779267467,62.70749282836914,45078,0.0,0.0,0.0
2025-07-24 00:00:00+02:00,62.81394610710624,62.872015187590975,62.571981759531994,62.668766021728516,48646,0.0,0.0,0.0
2025-07-25 00:00:00+02:00,62.53326885526464,62.639733762808,62.46551913084306,62.504234313964844,49273,0.0,0.0,0.0
2025-07-28 00:00:00+02:00,62.939772393291044,63.007522123300866,62.71716930218739,62.85266876220703,41970,0.0,0.0,0.0
2025-07-29 00:00:00+02:00,63.075271429951776,63.201097630673154,63.02688298550769,63.036556243896484,69034,0.0,0.0,0.0
2025-07-30 00:00:00+02:00,63.07526949432977,63.462413958835484,63.036554309462545,63.27851867675781,35291,0.0,0.0,0.0
2025-07-31 00:00:00+02:00,63.1527055203974,63.259170442276265,62.88170658622106,62.959136962890625,73264,0.0,0.0,0.0
2025-08-01 00:00:00+02:00,62.62037684166076,62.63005748415715,61.410558667528335,61.652523040771484,159489,0.0,0.0,0.0
2025-08-04 00:00:00+02:00,62.00095312274912,62.349382436161946,62.00095312274912,62.33002853393555,59261,0.0,0.0,0.0
2025-08-05 00:00:00+02:00,62.678455076137325,62.71717026304561,62.33970642089844,62.33970642089844,110490,0.0,0.0,0.0
2025-08-06 00:00:00+02:00,62.6978054308173,62.74620125775671,62.29130706752544,62.455841064453125,49535,0.0,0.0,0.0
2025-08-07 00:00:00+02:00,62.40745191920963,62.87201936226636,62.38809063498521,62.523590087890625,61133,0.0,0.0,0.0
2025-08-08 00:00:00+02:00,62.72684531120573,62.939775153192606,62.6978107662379,62.84299087524414,49503,0.0,0.0,0.0
2025-08-11 00:00:00+02:00,63.07526298019815,63.17204724028751,62.9591248217572,63.02687454223633,40836,0.0,0.0,0.0
2025-08-12 00:00:00+02:00,63.20110126761971,63.3269200914147,63.0365598713744,63.220455169677734,25339,0.0,0.0,0.0
2025-08-13 00:00:00+02:00,63.23980578486615,63.48177016093466,63.220451883814036,63.33659744262695,30852,0.0,0.0,0.0
2025-08-14 00:00:00+02:00,63.52048926069153,63.65598872890465,63.45273952658497,63.636634826660156,29737,0.0,0.0,0.0
2025-08-15 00:00:00+02:00,63.89795259510267,63.91731388135537,63.45273900546352,63.52048873901367,55279,0.0,0.0,0.0
2025-08-18 00:00:00+02:00,63.56887553324148,63.694694339328464,63.44305672715449,63.65597915649414,46995,0.0,0.0,0.0
2025-08-19 00:00:00+02:00,63.607587991687396,63.98505177794723,63.559192169175816,63.888267517089844,74626,0.0,0.0,0.0
2025-08-20 00:00:00+02:00,63.96569496349524,64.1592708828977,63.926987163781035,64.08184051513672,123439,0.0,0.0,0.0
2025-08-21 00:00:00+02:00,64.19800025688747,64.29478454589844,63.946355198124635,64.29478454589844,34206,0.0,0.0,0.0
2025-08-22 00:00:00+02:00,64.34316886455161,64.68191750753525,64.33348822213304,64.55609130859375,68477,0.0,0.0,0.0
2025-08-25 00:00:00+02:00,64.49803376807183,64.49803376807183,64.23671544932544,64.29478454589844,62677,0.0,0.0,0.0
2025-08-26 00:00:00+02:00,64.22701402501146,64.23669466603084,64.06248004850976,64.09151458740234,35491,0.0,0.0,0.0
2025-08-27 00:00:00+02:00,64.34316547064942,64.46898427878777,64.25605446181041,64.37220001220703,18582,0.0,0.0,0.0
2025-08-28 00:00:00+02:00,64.5560861177371,64.60448194177187,64.13023387972834,64.20765686035156,58502,0.0,0.0,0.0
2025-08-29 00:00:00+02:00,64.19799407374116,64.21734797601214,63.926995136944214,63.936668395996094,60944,0.0,0.0,0.0
2025-09-01 00:00:00+02:00,64.06249717041865,64.11088562011719,63.97538614629328,64.11088562011719,76034,0.0,0.0,0.0
2025-09-02 00:00:00+02:00,64.09151942525573,64.13990786567406,63.64630589891013,63.65597915649414,128465,0.0,0.0,0.0
2025-09-03 00:00:00+02:00,63.810839071043766,63.92698461806007,63.626943800976136,63.646305084228516,31485,0.0,0.0,0.0
2025-09-04 00:00:00+02:00,63.849567217009444,64.1012122612209,63.830205929826064,64.03346252441406,60814,0.0,0.0,0.0
2025-09-05 00:00:00+02:00,64.21733911970558,64.21733911970558,63.48176540400989,63.62694549560547,106569,0.0,0.0,0.0
2025-09-08 00:00:00+02:00,63.90763117170978,63.92699245733641,63.48177149792679,63.685028076171875,44036,0.0,0.0,0.0
2025-09-09 00:00:00+02:00,63.73341176604153,63.985056771241325,63.67534268182863,63.97537612915039,60856,0.0,0.0,0.0
2025-09-10 00:00:00+02:00,64.1592708828977,64.24637450850409,64.00441014737572,64.08184051513672,32005,0.0,0.0,0.0
2025-09-11 00:00:00+02:00,64.34316056619622,64.62383270263672,64.2270150246526,64.62383270263672,39224,0.0,0.0,0.0
2025-09-12 00:00:00+02:00,64.55608649923674,64.73030112895906,64.45930223476125,64.50769805908203,16475,0.0,0.0,0.0
2025-09-15 00:00:00+02:00,64.6238492900814,64.66256448053322,64.41092681884766,64.41092681884766,64371,0.0,0.0,0.0
2025-09-16 00:00:00+02:00,64.32380699788513,64.34316828254713,63.83987825966677,63.87859344482422,33551,0.0,0.0,0.0
2025-09-17 00:00:00+02:00,63.93666264461901,64.19798829885671,63.88827420121071,64.17862701416016,26827,0.0,0.0,0.0
2025-09-18 00:00:00+02:00,64.29311923137499,64.45867820772244,64.18600332409136,64.35155487060547,38432,0.407573,0.0,0.0
2025-09-19 00:00:00+02:00,64.34182729809848,64.5950286394599,64.30287267405558,64.40999603271484,59199,0.0,0.0,0.0
2025-09-22 00:00:00+02:00,64.45868787747153,64.46842096060892,64.19574603607259,64.36129760742188,54371,0.0,0.0,0.0
2025-09-23 00:00:00+02:00,64.30286825336073,64.6437119030102,64.27365414479567,64.52685546875,94849,0.0,0.0,0.0
2025-09-24 00:00:00+02:00,64.35156762317881,64.66319718477486,64.26391786188017,64.54633331298828,66452,0.0,0.0,0.0
2025-09-25 00:00:00+02:00,64.41972882930925,64.54632576990743,64.26391035180325,64.47815704345703,37177,0.0,0.0,0.0
2025-09-26 00:00:00+02:00,64.51710486514534,64.84820795020882,64.48789076114953,64.72161102294922,31867,0.0,0.0,0.0
2025-09-29 00:00:00+02:00,64.82873889861499,64.94560275261749,64.53658297852554,64.67292785644531,75640,0.0,0.0,0.0
2025-09-30 00:00:00+02:00,64.6144953922904,64.81900157447721,64.48789844993685,64.65345001220703,26061,0.0,0.0,0.0
2025-10-01 00:00:00+02:00,64.58528720099979,65.22802734375,64.5463325775148,65.22802734375,77882,0.0,0.0,0.0
2025-10-02 00:00:00+02:00,65.28643921589416,65.36434844335514,65.10140665813255,65.18905639648438,45849,0.0,0.0,0.0
2025-10-03 00:00:00+02:00,65.36435036040524,65.59807061981002,65.27670061948277,65.47147369384766,41387,0.0,0.0,0.0
2025-10-06 00:00:00+02:00,65.67599487304688,65.88050107553632,65.5299168913159,65.67599487304688,90791,0.0,0.0,0.0
2025-10-07 00:00:00+02:00,65.63703377954762,65.87075406937895,65.58833864715882,65.64677429199219,72926,0.0,0.0,0.0
2025-10-08 00:00:00+02:00,65.83179901392967,66.00709108760205,65.74415669201049,65.98761749267578,105037,0.0,0.0,0.0
2025-10-09 00:00:00+02:00,65.98761873701459,66.09474208571407,65.8512812804578,65.8902359008789,35861,0.0,0.0,0.0
2025-10-10 00:00:00+02:00,65.7149482788756,65.89024036773695,64.7800521850586,64.7800521850586,52989,0.0,0.0,0.0
2025-10-13 00:00:00+02:00,64.93586465288116,65.2669677734375,64.89691003343326,65.2669677734375,52877,0.0,0.0,0.0
2025-10-14 00:00:00+02:00,64.81901077183812,65.17933548481902,64.73136843696538,65.140380859375,41652,0.0,0.0,0.0
2025-10-15 00:00:00+02:00,65.49094613450261,65.79283510716715,65.44225100930957,65.50068664550781,50829,0.0,0.0,0.0
2025-10-16 00:00:00+02:00,65.55912665083692,65.71494513563161,65.41304867880046,65.58834075927734,43428,0.0,0.0,0.0
2025-10-17 00:00:00+02:00,64.49763308615252,65.30591722882131,64.27364589949728,65.07219696044922,44631,0.0,0.0,0.0
2025-10-20 00:00:00+02:00,65.55912966069994,65.88049972796757,65.44226579173863,65.84154510498047,69813,0.0,0.0,0.0
2025-10-21 00:00:00+02:00,65.90971693609193,66.10448263034853,65.81233408896362,66.02658081054688,43198,0.0,0.0,0.0
2025-10-22 00:00:00+02:00,66.03630189681849,66.13369215608779,65.91944547342914,65.93891906738281,59337,0.0,0.0,0.0
2025-10-23 00:00:00+02:00,66.08500903285686,66.18239187998516,65.97788567206523,66.02658081054688,71626,0.0,0.0,0.0
2025-10-27 00:00:00+01:00,66.49400560096272,66.50374611230455,66.30897303463388,66.43557739257812,41265,0.0,0.0,0.0
2025-10-28 00:00:00+01:00,66.31872780931715,66.49401990200468,66.22134496445403,66.3284683227539,25821,0.0,0.0,0.0
2025-10-29 00:00:00+01:00,66.32846851164406,66.38689673276136,66.1044812809697,66.19213104248047,43842,0.0,0.0,0.0
2025-10-30 00:00:00+01:00,66.19212969805433,66.43559052087794,65.92918784869742,66.35768127441406,26355,0.0,0.0,0.0
2025-10-31 00:00:00+01:00,66.11421203613281,66.21159486689977,65.89023226835215,66.11421203613281,71914,0.0,0.0,0.0
2025-11-03 00:00:00+01:00,66.29923811967446,66.56217247996713,65.97786812277995,66.08499145507812,79882,0.0,0.0,0.0
2025-11-04 00:00:00+01:00,65.68572297444192,66.16291150722462,65.481216787464,66.06552124023438,44456,0.0,0.0,0.0
2025-11-05 00:00:00+01:00,65.89023210050297,66.31871804075284,65.88049158850096,66.25054931640625,72277,0.0,0.0,0.0
2025-11-06 00:00:00+01:00,66.40637365949952,66.40637365949952,65.89997100830078,65.89997100830078,50019,0.0,0.0,0.0
2025-11-07 00:00:00+01:00,66.15316284512784,66.16290335659377,65.53964435977363,65.54937744140625,52879,0.0,0.0,0.0
2025-11-10 00:00:00+01:00,66.31872665118212,66.56218747400573,66.22134380801963,66.35768127441406,65305,0.0,0.0,0.0
2025-11-11 00:00:00+01:00,66.6303424070305,66.99066702492112,66.6011283031159,66.98092651367188,41132,0.0,0.0,0.0
2025-11-12 00:00:00+01:00,67.27308843238009,67.67236027133004,67.25360740813836,67.55550384521484,43989,0.0,0.0,0.0
2025-11-13 00:00:00+01:00,67.57497900238454,67.59446002707679,67.04910278320312,67.04910278320312,105230,0.0,0.0,0.0
2025-11-14 00:00:00+01:00,66.66931249295031,66.80564996274457,66.28951419426134,66.77643585205078,55176,0.0,0.0,0.0
2025-11-17 00:00:00+01:00,66.68879167030201,66.74721989006903,66.33820749203055,66.4940185546875,60428,0.0,0.0,0.0
2025-11-18 00:00:00+01:00,65.66624982282906,65.79284676900423,65.42278901337616,65.72467803955078,60122,0.0,0.0,0.0
2025-11-19 00:00:00+01:00,65.74415481388621,66.01682971406835,65.62729095816509,65.7052001953125,47351,0.0,0.0,0.0
2025-11-20 00:00:00+01:00,66.20186630650073,66.41610557688777,65.92918395996094,65.92918395996094,72196,0.0,0.0,0.0
2025-11-21 00:00:00+01:00,65.3351389047772,65.99735260009766,65.24749658016904,65.99735260009766,119748,0.0,0.0,0.0
2025-11-24 00:00:00+01:00,66.16290823679377,66.26029106913617,65.82205717884462,66.15316772460938,95188,0.0,0.0,0.0
2025-11-25 00:00:00+01:00,66.11422035896655,66.42584991455078,65.93892826958574,66.42584991455078,49296,0.0,0.0,0.0
2025-11-26 00:00:00+01:00,66.68878334173243,67.03936004638672,66.59139308117064,67.03936004638672,49868,0.0,0.0,0.0
2025-11-27 00:00:00+01:00,66.96146277167055,67.0588456089895,66.95172225898838,66.99067687988281,24339,0.0,0.0,0.0
2025-11-28 00:00:00+01:00,67.22438581932455,67.29255453691563,67.03935325879178,67.2828140258789,38286,0.0,0.0,0.0
2025-12-01 00:00:00+01:00,67.00041730367252,67.16596886987853,66.8348583076323,67.05884552001953,122257,0.0,0.0,0.0
2025-12-02 00:00:00+01:00,66.99068238051024,67.19518858462239,66.85434491110213,66.91277313232422,36586,0.0,0.0,0.0
2025-12-03 00:00:00+01:00,66.87380762215305,67.00041198730469,66.68878247512421,67.00041198730469,41615,0.0,0.0,0.0
2025-12-04 00:00:00+01:00,67.26334817505247,67.40942613808362,67.15622483081854,67.35099792480469,24914,0.0,0.0,0.0
2025-12-05 00:00:00+01:00,67.44837943263998,67.68209971100079,67.38021070854167,67.51654815673828,62975,0.0,0.0,0.0
2025-12-08 00:00:00+01:00,67.33150915122953,67.3996778688206,67.2049122270841,67.2828140258789,75928,0.0,0.0,0.0
2025-12-09 00:00:00+01:00,67.23413946455129,67.39969103535113,67.08806148979608,67.34126281738281,52229,0.0,0.0,0.0
2025-12-10 00:00:00+01:00,66.9809393801793,67.27309533511233,66.9517252706529,67.24388122558594,58276,0.0,0.0,0.0
2025-12-11 00:00:00+01:00,67.14648722597184,67.54576651355607,67.07831849758358,67.53602600097656,161245,0.0,0.0,0.0
2025-12-12 00:00:00+01:00,67.779489311814,67.90609369052459,67.28282716958007,67.34126281738281,166535,0.0,0.0,0.0
2025-12-15 00:00:00+01:00,67.80869957967352,67.90608984388312,67.60419339853456,67.70157623291016,113589,0.0,0.0,0.0
2025-12-16 00:00:00+01:00,67.53602644447254,67.67236390214437,67.05884534262114,67.19518280029297,26247,0.0,0.0,0.0
2025-12-17 00:00:00+01:00,67.39969237868146,67.49707522051438,67.16597207231555,67.17571258544922,51531,0.0,0.0,0.0
2025-12-18 00:00:00+01:00,67.26603996511686,67.69698378685344,67.21706635907474,67.65780639648438,68812,0.39224,0.0,0.0
2025-12-19 00:00:00+01:00,67.5108981024421,67.9222495236135,67.4129583553523,67.87328338623047,59472,0.0,0.0,0.0
2025-12-22 00:00:00+01:00,67.72636338439827,67.83409933732355,67.57945004201623,67.78512573242188,50840,0.0,0.0,0.0
2025-12-23 00:00:00+01:00,67.88307099595801,68.06916174294558,67.80472368298962,67.96142578125,45111,0.0,0.0,0.0
2025-12-29 00:00:00+01:00,68.22587516926167,68.3531960983139,68.10834298468146,68.27484130859375,43782,0.0,0.0,0.0
2025-12-30 00:00:00+01:00,68.15730829261719,68.34339904785156,68.15730829261719,68.34339904785156,20281,0.0,0.0,0.0
2026-01-02 00:00:00+01:00,68.96043153621088,68.96043153621088,68.37277811097658,68.51969146728516,194118,0.0,0.0,0.0
2026-01-05 00:00:00+01:00,69.08775170965686,69.30322363359348,69.00939692416652,69.21507263183594,98684,0.0,0.0,0.0
2026-01-06 00:00:00+01:00,69.45992687400253,69.83210837503758,69.33260594973062,69.7635498046875,59141,0.0,0.0,0.0
2026-01-07 00:00:00+01:00,69.89086647273349,69.92024764790516,69.41095650950861,69.4795150756836,86686,0.0,0.0,0.0
2026-01-08 00:00:00+01:00,69.23466642238297,69.73416137695312,69.19548902886936,69.73416137695312,50745,0.0,0.0,0.0
2026-01-09 00:00:00+01:00,69.80272197702163,70.32181685192683,69.80272197702163,70.20428466796875,76534,0.0,0.0,0.0
2026-01-12 00:00:00+01:00,69.98881326018885,70.19448897942014,69.88107729216425,70.15531158447266,57244,0.0,0.0,0.0
2026-01-13 00:00:00+01:00,70.25324937038475,70.51768741035143,70.15530216001194,70.31201171875,47628,0.0,0.0,0.0
2026-01-14 00:00:00+01:00,70.370770706512,70.63521620617296,70.2728309731394,70.59603881835938,43376,0.0,0.0,0.0
2026-01-15 00:00:00+01:00,70.9682266474059,71.35999312969344,70.93884546889106,71.34040069580078,85520,0.0,0.0,0.0
2026-01-16 00:00:00+01:00,71.3208087145237,71.34039367416456,71.046574445611,71.30122375488281,42824,0.0,0.0,0.0
2026-01-19 00:00:00+01:00,70.74296531833531,70.98781843349006,70.71357666776451,70.77234649658203,63599,0.0,0.0,0.0
2026-01-20 00:00:00+01:00,70.17489789591058,70.18469411187382,69.65581053470959,70.03778076171875,92637,0.0,0.0,0.0
2026-01-21 00:00:00+01:00,69.9300484177923,70.46872076644048,69.67539909584886,70.3609848022461,49483,0.0,0.0,0.0
2026-01-22 00:00:00+01:00,70.81152267869284,70.99760596184251,70.64501688427355,70.87028503417969,96270,0.0,0.0,0.0
2026-01-23 00:00:00+01:00,70.73316418357841,70.79192653598625,70.46871865309602,70.53727722167969,54657,0.0,0.0,0.0
2026-01-26 00:00:00+01:00,70.41976135099154,70.64502204502948,70.23367058192365,70.43934631347656,31626,0.0,0.0,0.0
2026-01-27 00:00:00+01:00,70.59604818236728,70.65481053572066,70.32181390361994,70.44913482666016,71245,0.0,0.0,0.0
2026-01-28 00:00:00+01:00,70.41975251686401,70.56666587020716,70.20428059493719,70.53727722167969,98808,0.0,0.0,0.0
2026-01-29 00:00:00+01:00,70.68418907323414,71.23266508257382,70.5078945474327,70.67440032958984,59443,0.0,0.0,0.0
2026-01-30 00:00:00+01:00,70.52749104200156,71.05637464987143,70.48831364819743,70.95842742919922,54373,0.0,0.0,0.0
2026-02-02 00:00:00+01:00,70.59604871611471,71.74195944911143,70.57645628329968,71.67340087890625,209066,0.0,0.0,0.0
2026-02-03 00:00:00+01:00,72.12392879516993,72.41775550514619,71.98681165646731,72.38837432861328,102295,0.0,0.0,0.0
2026-02-04 00:00:00+01:00,72.5450778611427,73.08375768263626,72.48631550691569,72.89766693115234,75160,0.0,0.0,0.0
2026-02-05 00:00:00+01:00,72.7115751969627,72.84869233652176,72.1435216783567,72.34919738769531,67156,0.0,0.0,0.0
2026-02-06 00:00:00+01:00,72.48631894331656,73.26984443534234,72.42754911397964,73.24046325683594,106886,0.0,0.0,0.0
2026-02-09 00:00:00+01:00,73.30901322026968,73.40695296122885,72.92704299990261,73.32860565185547,97765,0.0,0.0,0.0
2026-02-10 00:00:00+01:00,73.3579912088955,73.70078405889072,73.3579912088955,73.59304809570312,79836,0.0,0.0,0.0
2026-02-11 00:00:00+01:00,73.69098161066876,74.22966138105207,73.58324565659208,74.11212921142578,100952,0.0,0.0,0.0
2026-02-12 00:00:00+01:00,74.3569931500566,74.45493290288287,73.75955094379486,73.85749816894531,94238,0.0,0.0,0.0
2026-02-13 00:00:00+01:00,73.68119646353819,73.90645712591217,73.26004884222657,73.81831359863281,157198,0.0,0.0,0.0
2026-02-16 00:00:00+01:00,73.86727890605478,74.02398847144813,73.81831277111186,73.88687133789062,130819,0.0,0.0,0.0
2026-02-17 00:00:00+01:00,73.91626022014017,74.08275854648791,73.57346735050537,73.87708282470703,63317,0.0,0.0,0.0
2026-02-18 00:00:00+01:00,74.12192869675225,74.55287253206934,74.06316634550844,74.48431396484375,81337,0.0,0.0,0.0
2026-02-19 00:00:00+01:00,74.59205014428953,74.65081249570714,74.30801965856533,74.45492553710938,44861,0.0,0.0,0.0
2026-02-20 00:00:00+01:00,74.59205506241702,74.76834212829313,74.35699069660104,74.68999481201172,893223,0.0,0.0,0.0
2026-02-23 00:00:00+01:00,74.5528718507298,75.12092534298323,74.39616228574725,74.53327941894531,72904,0.0,0.0,0.0
2026-02-24 00:00:00+01:00,74.46472628483892,74.83690779266291,74.35699031913448,74.71937561035156,66124,0.0,0.0,0.0
2026-02-25 00:00:00+01:00,74.96423210803862,75.27764380271287,74.89567353333875,75.07196807861328,41451,0.0,0.0,0.0
2026-02-26 00:00:00+01:00,75.18949119770899,75.37558195608274,74.97402673345799,75.19928741455078,128792,0.0,0.0,0.0
2026-02-27 00:00:00+01:00,75.25804281706398,75.41475238275635,74.89566502296626,75.15031433105469,100793,0.0,0.0,0.0
2026-03-02 00:00:00+01:00,75.07196173050745,75.12092786696722,74.66061031709228,74.96422576904297,136328,0.0,0.0,0.0
2026-03-03 00:00:00+01:00,74.38636500767053,74.41575365492761,72.89766152321057,73.34819030761719,84879,0.0,0.0,0.0
2026-03-04 00:00:00+01:00,73.35798835648083,74.00439663814811,73.28942978914759,73.8281021118164,67840,0.0,0.0,0.0
2026-03-05 00:00:00+01:00,73.81832210973265,74.17091120414975,72.97602676999449,73.11314392089844,133727,0.0,0.0,0.0
2026-03-09 00:00:00+01:00,71.5950418162215,72.0945442106396,71.36978115856853,72.03578186035156,71246,0.0,0.0,0.0
2026-03-10 00:00:00+01:00,72.85848712489957,73.1914912232476,72.44713571428453,73.09354400634766,96507,0.0,0.0,0.0
2026-03-11 00:00:00+01:00,72.6724005210028,72.91725363255918,72.43734362615939,72.7507553100586,174487,0.0,0.0,0.0
2026-03-12 00:00:00+01:00,72.69198917135662,72.75075152392834,72.15330936503725,72.42754364013672,60435,0.0,0.0,0.0
2026-03-13 00:00:00+01:00,72.1533076424327,73.01519531196678,72.01619050815651,72.57445526123047,47398,0.0,0.0,0.0
2026-03-16 00:00:00+01:00,72.72136605685233,73.08375131175109,72.40795440775614,72.78992462158203,74084,0.0,0.0,0.0
2026-03-17 00:00:00+01:00,72.7311657552837,73.37757404335717,72.58425240316407,73.13272094726562,74266,0.0,0.0,0.0
2026-03-18 00:00:00+01:00,73.41674989496343,73.504900893315,72.50589609772167,72.63322448730469,83141,0.0,0.0,0.0
2026-03-19 00:00:00+01:00,72.10420096882068,72.17310570688704,71.21827754364364,71.47421264648438,92664,0.372566,0.0,0.0
2026-03-20 00:00:00+01:00,71.80888922799296,71.88763964423107,70.80484770614278,70.82453155517578,110948,0.0,0.0,0.0
2026-03-23 00:00:00+01:00,70.04689227501616,72.37981504233669,69.83033239567527,70.99187469482422,111130,0.0,0.0,0.0
2026-03-24 00:00:00+01:00,71.12969252408386,71.52343712280793,70.57844708184872,71.36593627929688,43807,0.0,0.0,0.0
2026-03-25 00:00:00+01:00,71.98607682036481,72.20263671875,71.73998739220953,72.20263671875,64879,0.0,0.0,0.0
2026-03-26 00:00:00+01:00,71.9073292215401,72.10419774720415,71.54311418800346,71.75967407226562,36787,0.0,0.0,0.0
2026-03-27 00:00:00+01:00,71.85811125486757,71.85811125486757,71.21827725538209,71.35608673095703,63103,0.0,0.0,0.0
2026-03-30 00:00:00+02:00,71.36593006179602,72.07466877574232,71.35608438242095,72.05497741699219,48178,0.0,0.0,0.0
2026-03-31 00:00:00+02:00,71.93685525164231,72.27153323100893,71.70060402026911,71.94669342041016,46265,0.0,0.0,0.0
2026-04-01 00:00:00+02:00,72.99012332983767,73.18699186142756,72.46841496207666,72.78340911865234,109678,0.0,0.0,0.0
2026-04-02 00:00:00+02:00,72.19278850377648,72.95074812150906,72.09435423798153,72.78340911865234,69622,0.0,0.0,0.0
2026-04-07 00:00:00+02:00,72.95075134356958,73.21652462395983,72.35029253263055,72.4979476928711,110469,0.0,0.0,0.0
2026-04-08 00:00:00+02:00,73.80714039378647,74.02369276978666,73.60041867706092,73.836669921875,164341,0.0,0.0,0.0
2026-04-09 00:00:00+02:00,73.8858873489891,73.94495391845703,73.5610550121555,73.94495391845703,54793,0.0,0.0,0.0
2026-04-10 00:00:00+02:00,73.87604861630417,74.1319762118532,73.68901824951172,73.68901824951172,44934,0.0,0.0,0.0
2026-04-13 00:00:00+02:00,73.49214934138035,73.60042177891708,73.3149646553289,73.51183319091797,47037,0.0,0.0,0.0
2026-04-14 00:00:00+02:00,73.59058425613524,73.82682800292969,73.4527747780007,73.82682800292969,64669,0.0,0.0,0.0
2026-04-15 00:00:00+02:00,73.7677645111152,73.81697788746132,73.53151326846354,73.5413589477539,84081,0.0,0.0,0.0
2026-04-16 00:00:00+02:00,73.69886035318346,73.99416314373072,73.63979378703169,73.79729461669922,33862,0.0,0.0,0.0
2026-04-17 00:00:00+02:00,73.8268253521593,74.4075927734375,73.7283910870337,74.4075927734375,80477,0.0,0.0,0.0
2026-04-20 00:00:00+02:00,74.12213547493344,74.38790874112296,74.0138555305462,74.30915832519531,56042,0.0,0.0,0.0
2026-04-21 00:00:00+02:00,74.21072689586232,74.46666200237978,73.84651184082031,73.84651184082031,31270,0.0,0.0,0.0
2026-04-22 00:00:00+02:00,74.0630678683697,74.0630678683697,73.80714028527674,73.81697845458984,52351,0.0,0.0,0.0
2026-04-23 00:00:00+02:00,73.68901138650106,74.13196930758774,73.5807314484483,74.06306457519531,42047,0.0,0.0,0.0
2026-04-24 00:00:00+02:00,73.91541613483412,73.96463702388648,73.5512085920383,73.59058380126953,54583,0.0,0.0,0.0
2026-04-27 00:00:00+02:00,73.61026358446912,73.75791873341619,73.47245411479928,73.50198364257812,57533,0.0,0.0,0.0
2026-04-28 00:00:00+02:00,73.73823170396376,73.9252545418462,73.62995176674379,73.76776123046875,58285,0.0,0.0,0.0
2026-04-29 00:00:00+02:00,73.9449492866301,73.9449492866301,73.52167519721448,73.58073425292969,44788,0.0,0.0,0.0
2026-04-30 00:00:00+02:00,73.57089417352809,74.52572236721655,73.52168079337046,74.45681762695312,60857,0.0,0.0,0.0
2026-05-04 00:00:00+02:00,74.43712508361638,74.45680893136993,73.88587971583382,73.96463012695312,105498,0.0,0.0,0.0
2026-05-05 00:00:00+02:00,74.05323093205921,74.38790893554688,74.03353957299933,74.38790893554688,111561,0.0,0.0,0.0
2026-05-06 00:00:00+02:00,74.84071029892982,75.30335959215017,74.77180556441101,75.14585876464844,60890,0.0,0.0,0.0
2026-05-07 00:00:00+02:00,75.303362349326,75.36242140677516,74.48634367436502,74.6044692993164,63931,0.0,0.0,0.0
2026-05-08 00:00:00+02:00,74.44697194690022,74.53556804726945,74.36822903663735,74.45681762695312,35493,0.0,0.0,0.0
2026-05-11 00:00:00+02:00,74.41743507776546,74.7028996907196,74.3879055505724,74.59461975097656,67423,0.0,0.0,0.0
2026-05-12 00:00:00+02:00,74.31900814642628,74.63400231763814,74.26978725621522,74.45681762695312,75134,0.0,0.0,0.0
2026-05-13 00:00:00+02:00,74.98837270824669,75.06712312962289,74.71275374348355,74.9489974975586,50020,0.0,0.0,0.0
2026-05-14 00:00:00+02:00,75.1655511662969,75.6380386352539,75.09664643082178,75.6380386352539,20920,0.0,0.0,0.0
2026-05-15 00:00:00+02:00,75.38211371640789,75.41164324550478,74.9293100801314,75.03759002685547,108172,0.0,0.0,0.0
2026-05-18 00:00:00+02:00,74.58477895338955,75.20492910524291,74.44696947743395,75.1163330078125,65534,0.0,0.0,0.0
2026-05-19 00:00:00+02:00,75.45101909505374,75.60851242159235,75.13602493192327,75.37226867675781,77745,0.0,0.0,0.0
2026-05-20 00:00:00+02:00,75.20493039843035,75.87429394031894,75.1557095090056,75.74632263183594,103118,0.0,0.0,0.0
2026-05-21 00:00:00+02:00,75.6282009533752,75.9431951047277,75.50022965091598,75.83491516113281,71303,0.0,0.0,0.0
2026-05-22 00:00:00+02:00,76.26803633870156,76.57318481623606,76.0810059763143,76.52396392822266,50463,0.0,0.0,0.0
2026-05-25 00:00:00+02:00,77.01614022400548,77.23270010802577,76.90786028199535,77.12442016601562,89224,0.0,0.0,0.0
2026-05-26 00:00:00+02:00,76.99645551107628,77.06536024521344,76.70114521617252,76.73067474365234,94899,0.0,0.0,0.0
2026-05-27 00:00:00+02:00,76.59286489151862,76.75036571735868,76.48458495126675,76.5534896850586,89936,0.0,0.0,0.0
2026-05-28 00:00:00+02:00,76.49443392568206,76.57318434199456,76.16959409093278,76.30740356445312,92906,0.0,0.0,0.0
2026-05-29 00:00:00+02:00,76.63224739155498,76.77005687225487,76.28772368980526,76.33694458007812,69384,0.0,0.0,0.0
2026-06-01 00:00:00+02:00,76.41568333714217,76.51412511233747,76.01210059704304,76.18928527832031,92520,0.0,0.0,0.0
2026-06-02 00:00:00+02:00,76.3664673226647,76.77989572801829,76.23849602335089,76.77005004882812,66844,0.0,0.0,0.0
2026-06-03 00:00:00+02:00,76.99645551107628,77.01613935937857,76.71099089535005,76.73067474365234,56650,0.0,0.0,0.0
2026-06-04 00:00:00+02:00,76.56333988518264,76.88817972511971,76.44522176888056,76.87833404541016,77975,0.0,0.0,0.0
2026-06-05 00:00:00+02:00,76.75036254200813,76.95707673483139,76.62239124879439,76.81926727294922,97610,0.0,0.0,0.0
2026-06-08 00:00:00+02:00,76.38615832736883,76.75037339099931,76.32709926680035,76.51412963867188,215530,0.0,0.0,0.0
2026-06-09 00:00:00+02:00,76.61256315944541,76.82912305948062,76.12038429938482,76.179443359375,116349,0.0,0.0,0.0
2026-06-10 00:00:00+02:00,76.52396374571944,76.67161889935446,75.9333506412325,76.42552947998047,94036,0.0,0.0,0.0
2026-06-11 00:00:00+02:00,76.36647099018782,76.8980250411931,76.33694146125194,76.68146514892578,71256,0.0,0.0,0.0
2026-06-12 00:00:00+02:00,77.04567517472601,77.94144430166773,77.04567517472601,77.90206909179688,126552,0.0,0.0,0.0
2026-06-15 00:00:00+02:00,78.33518519539456,78.62064982095333,77.84300636030419,77.9709701538086,224953,0.0,0.0,0.0
2026-06-16 00:00:00+02:00,77.9414370644614,78.20721031884469,77.86268665203202,78.05956268310547,100329,0.0,0.0,0.0
2026-06-17 00:00:00+02:00,78.05956324417834,78.35486602783203,77.97096715204532,78.35486602783203,69068,0.0,0.0,0.0
2026-06-18 00:00:00+02:00,78.39115894735309,78.46076895719416,78.11271890798879,78.1226577758789,89504,0.806489,0.0,0.0
2026-06-19 00:00:00+02:00,77.99338160686524,78.07293806886214,77.81438336083309,77.94365692138672,70304,0.0,0.0,0.0
2026-06-22 00:00:00+02:00,78.00333109981368,78.57015763650813,77.87404994730237,78.56021118164062,97647,0.0,0.0,0.0
2026-06-23 00:00:00+02:00,77.74477711314123,78.36132834305167,77.66522064729688,78.26187896728516,50176,0.0,0.0,0.0
2026-06-24 00:00:00+02:00,78.30165836836352,78.50054953594157,78.19227012292615,78.4011001586914,48704,0.0,0.0,0.0
2026-06-25 00:00:00+02:00,78.45081961078678,78.9977608014657,78.33148491820543,78.6795425415039,64737,0.0,0.0,0.0
2026-06-26 00:00:00+02:00,78.43093930467917,78.50054931640625,77.96355454583066,78.50054931640625,44835,0.0,0.0,0.0
2026-06-29 00:00:00+02:00,78.29171323103027,78.4110403350998,78.02321207303048,78.17237854003906,34682,0.0,0.0,0.0
2026-06-30 00:00:00+02:00,78.32154644180706,78.51048355568548,78.09282350994772,78.212158203125,46649,0.0,0.0,0.0
2026-07-01 00:00:00+02:00,78.04310506251005,78.52042865312605,77.91382391707188,78.44087219238281,129007,0.0,0.0,0.0
2026-07-02 00:00:00+02:00,78.39116145138642,79.14692512896728,78.3314903075294,78.93809509277344,123613,0.0,0.0,0.0
2026-07-03 00:00:00+02:00,79.35576148476773,79.45520327371162,79.10715321894693,79.43531036376953,49874,0.0,0.0,0.0
2026-07-06 00:00:00+02:00,79.58447434512667,79.75352613972255,79.38559077347526,79.52481079101562,90748,0.0,0.0,0.0
2026-07-07 00:00:00+02:00,79.55464029112305,79.90269032501237,79.44525205376901,79.51486206054688,104090,0.0,0.0,0.0
2026-07-08 00:00:00+02:00,79.32592194945764,79.38559309223352,78.75909540808068,78.8983154296875,81132,0.0,0.0,0.0
2026-07-09 00:00:00+02:00,78.89831242638846,79.19664536814528,78.67954353427825,79.18669891357422,76504,0.0,0.0,0.0
2026-07-10 00:00:00+02:00,79.21653696562969,79.52480876993137,79.13698050422224,79.41542053222656,61925,0.0,0.0,0.0
2026-07-13 00:00:00+02:00,79.49497817015508,79.71375464880256,79.32591879043174,79.55464172363281,45233,0.0,0.0,0.0
2026-07-14 00:00:00+02:00,79.41542562484159,79.65408743744668,79.23642736865722,79.50492095947266,49967,0.0,0.0,0.0
2026-07-15 00:00:00+02:00,79.49498319996302,79.66403500346074,79.30603848609948,79.37564849853516,71021,0.0,0.0,0.0
2026-07-16 00:00:00+02:00,79.19664581343856,79.62425231933594,78.96793046547131,79.62425231933594,69818,0.0,0.0,0.0
2026-07-17 00:00:00+02:00,79.12703690132072,79.60436810004528,79.07731221441871,79.49497985839844,118250,0.0,0.0,0.0
2026-07-20 00:00:00+02:00,79.19664738488602,79.52481211179085,79.09720559740875,79.29608917236328,62578,0.0,0.0,0.0
2026-07-21 00:00:00+02:00,79.37564406211472,79.63419877396292,79.11708935026651,79.62425231933594,107455,0.0,0.0,0.0
2026-07-22 00:00:00+02:00,79.67397693692406,80.38996234409008,79.6341987053723,80.26068878173828,50646,0.0,0.0,0.0
2026-07-23 00:00:00+02:00,80.13141599231153,80.30046778784572,79.80325126903553,79.96236419677734,67543,0.0,0.0,0.0
2026-07-24 00:00:00+02:00,79.98225250021152,80.60874260596964,79.94247426679354,80.57891082763672,46256,0.0,0.0,0.0
2026-07-27 00:00:00+02:00,80.82751575056565,81.0661775542722,80.67834927815332,80.6982421875,90910,0.0,0.0,0.0
2026-07-28 00:00:00+02:00,80.64851957972121,81.19546079702285,80.58885602398726,81.07612609863281,104636,0.0,0.0,0.0
2026-07-29 00:00:00+02:00,81.17556579491311,81.17556579491311,80.56896103751241,80.6982421875,63007,0.0,0.0,0.0
2026-07-30 00:00:00+02:00,80.09163632619844,80.18113165625915,79.8430280712451,79.9225845336914,64212,0.0,0.0,0.0
2026-07-31 00:00:00+02:00,80.32035115825367,80.52918876756972,79.85297401494564,80.12146759033203,121162,0.0,0.0,0.0
2026-08-03 00:00:00+02:00,80.2706338039352,80.3899609095392,80.01207909692357,80.22090911865234,115990,0.0,0.0,0.0
2026-08-04 00:00:00+02:00,80.54908021476224,80.7579102530365,80.30047194249445,80.71813201904297,103931,0.0,0.0,0.0
2026-08-05 00:00:00+02:00,81.05624321452679,81.10596031682692,80.71813201904297,80.71813201904297,83578,0.0,0.0,0.0
2026-08-06 00:00:00+02:00,81.06618016533947,81.23523955254375,80.87724304199219,80.87724304199219,62051,0.0,0.0,0.0
2026-08-07 00:00:00+02:00,80.97668684554012,81.10596041598536,80.79768858581158,80.98663330078125,90822,0.0,0.0,0.0
2026-08-10 00:00:00+02:00,80.99656937340293,81.19546053674877,80.88718113029326,81.17556762695312,78701,0.0,0.0,0.0
2026-08-11 00:00:00+02:00,81.21534278061573,81.44406571306166,81.14573277281426,81.1954574584961,50689,0.0,0.0,0.0
2026-08-12 00:00:00+02:00,81.30485137921097,81.3844002601704,81.17557022217247,81.35456848144531,31692,0.0,0.0,0.0
2026-08-13 00:00:00+02:00,81.59323453823632,81.71256164824199,81.46395338650076,81.4738998413086,65129,0.0,0.0,0.0
2026-08-14 00:00:00+02:00,81.5435080874195,81.5435080874195,81.26506805419922,81.26506805419922,53150,0.0,0.0,0.0
2026-08-17 00:00:00+02:00,81.26507139358634,81.28495671666697,81.03634845008695,81.14573669433594,118959,0.0,0.0,0.0
2026-08-18 00:00:00+02:00,80.9070719561124,81.16562666834118,80.77779839345898,80.79768371582031,161267,0.0,0.0,0.0
2026-08-19 00:00:00+02:00,80.83746672102356,81.05624321452679,80.6982466955074,80.71813201904297,62419,0.0,0.0,0.0
2026-08-20 00:00:00+02:00,80.43969048182667,80.53913227151205,80.10158687951194,80.40985870361328,62065,0.0,0.0,0.0
2026-08-21 00:00:00+02:00,80.31041533511507,80.85734896109366,80.27063710263847,80.73802185058594,78052,0.0,0.0,0.0
2026-08-24 00:00:00+02:00,80.68829939475626,80.84741232906305,80.64852116117956,80.74796295166016,54650,0.0,0.0,0.0
2026-08-25 00:00:00+02:00,81.06617678066615,81.13578678887137,80.76785142561033,80.99656677246094,63250,0.0,0.0,0.0
2026-08-26 00:00:00+02:00,81.14573361663057,81.38439541915719,81.11590183967998,81.1656265258789,32167,0.0,0.0,0.0
2026-08-27 00:00:00+02:00,80.99657122132281,81.0164641315723,80.52919404737175,80.74796295166016,74099,0.0,0.0,0.0
2026-08-28 00:00:00+02:00,81.13579166846114,81.27501928016673,81.02641100920772,81.18551635742188,45789,0.0,0.0,0.0
2026-08-31 00:00:00+02:00,81.23524098820086,81.33468277912877,80.84741269273636,80.91702270507812,82691,0.0,0.0,0.0
2026-09-01 00:00:00+02:00,81.36450950770895,81.40428773899569,80.90707122829424,81.09601593017578,89841,0.0,0.0,0.0
2026-09-02 00:00:00+02:00,81.19546339548167,81.36451520008602,80.84741333102494,81.255126953125,36683,0.0,0.0,0.0
2026-09-03 00:00:00+02:00,81.35456663523047,81.82195138977647,81.27501775607628,81.78217315673828,68817,0.0,0.0,0.0
2026-09-04 00:00:00+02:00,81.56339407047494,81.74239231998413,81.51367697095247,81.6031723022461,62423,0.0,0.0,0.0
2026-09-07 00:00:00+02:00,81.53356508855654,81.56339686667714,81.33468150980453,81.41423797607422,88517,0.0,0.0,0.0
2026-09-08 00:00:00+02:00,81.26506662186105,81.39434018159999,81.0761219225396,81.22528839111328,36940,0.0,0.0,0.0
2026-09-09 00:00:00+02:00,81.03634625315016,81.07612448515522,80.45958085638178,80.49935150146484,78015,0.0,0.0,0.0
2026-09-10 00:00:00+02:00,80.77779990576556,80.82751700606063,80.16124868411461,80.2010269165039,28142,0.0,0.0,0.0
2026-09-11 00:00:00+02:00,80.64852035910278,81.04629510399147,80.51924679145588,80.77780151367188,54167,0.0,0.0,0.0
2026-09-14 00:00:00+02:00,81.11590543919826,81.22529368415246,80.7976871594012,80.94685363769531,105204,0.0,0.0,0.0
2026-09-15 00:00:00+02:00,80.5192466869465,80.66841316445144,80.17119663071648,80.5093002319336,129234,0.0,0.0,0.0
2026-09-16 00:00:00+02:00,80.85734668183053,80.96673492132715,80.59879955840384,80.72807312011719,58789,0.0,0.0,0.0
2026-09-17 00:00:00+02:00,81.02999877929688,81.20999908447266,80.87999725341797,81.08999633789062,72789,0.451924,0.0,0.0
2026-09-18 00:00:00+02:00,80.91000366210938,80.91999816894531,80.38999938964844,80.44999694824219,67933,0.0,0.0,0.0
2026-09-21 00:00:00+02:00,80.93000030517578,81.06999969482422,80.80999755859375,80.94000244140625,101563,0.0,0.0,0.0
2026-09-22 00:00:00+02:00,81.0,81.27999877929688,80.88999938964844,80.95999908447266,44626,0.0,0.0,0.0
2026-09-23 00:00:00+02:00,81.11000061035156,81.11000061035156,80.7300033569336,80.7699966430664,47595,0.0,0.0,0.0
2026-09-24 00:00:00+02:00,80.41000366210938,80.7699966430664,80.23999786376953,80.23999786376953,53668,0.0,0.0,0.0
2026-09-25 00:00:00+02:00,80.54000091552734,80.63999938964844,80.25,80.47000122070312,63878,0.0,0.0,0.0
2026-09-28 00:00:00+02:00,80.73999786376953,80.83999633789062,80.33000183105469,80.33000183105469,57872,0.0,0.0,0.0
2026-09-29 00:00:00+02:00,80.45999908447266,80.66000366210938,80.11000061035156,80.18000030517578,70815,0.0,0.0,0.0
2026-09-30 00:00:00+02:00,80.58999633789062,80.72000122070312,80.06999969482422,80.0999984741211,57429,0.0,0.0,0.0
2026-10-01 00:00:00+02:00,79.69999694824219,80.06999969482422,79.27999877929688,79.69999694824219,146105,0.0,0.0,0.0
2026-10-02 00:00:00+02:00,79.98999786376953,80.47000122070312,79.93000030517578,80.13999938964844,49373,0.0,0.0,0.0
