Date,Open,High,Low,Close,Volume,Dividends,Stock Splits,Capital Gains
2021-09-21 00:00:00-04:00,48.484916896420934,48.660070086983936,48.154072393354575,48.30489730834961,4508400,0.0,0.0,0.0
2021-09-22 00:00:00-04:00,48.452475661745076,48.96496186109426,48.29516593616893,48.79954147338867,4339200,0.0,0.0,0.0
2021-09-23 00:00:00-04:00,49.00226473042928,49.4206858195965,48.917932402003686,49.28770065307617,4222800,0.0,0.0,0.0
2021-09-24 00:00:00-04:00,49.027463019294295,49.417095897348474,48.96252110974364,49.347286224365234,3688200,0.052833,0.0,0.0
2021-09-27 00:00:00-04:00,49.022589740199635,49.07291721005495,48.68652828319171,48.920310974121094,4186800,0.0,0.0,0.0
2021-09-28 00:00:00-04:00,48.33909280025906,48.3764333665569,47.4007220282093,47.46078872680664,7061400,0.0,0.0,0.0
2021-09-29 00:00:00-04:00,47.728667034590586,47.92510911757106,47.337410410572375,47.40884017944336,5195400,0.0,0.0,0.0
2021-09-30 00:00:00-04:00,47.61665526152493,47.783875941399934,47.077663793207336,47.1085090637207,4861800,0.0,0.0,0.0
2021-10-01 00:00:00-04:00,47.26110880522693,47.77575023797448,46.8049102526031,47.60528564453125,5973600,0.0,0.0,0.0
2021-10-04 00:00:00-04:00,47.43644812557961,47.43644812557961,46.24805993702823,46.5938606262207,9202200,0.0,0.0,0.0
2021-10-05 00:00:00-04:00,46.77893153613798,47.460789838067484,46.70262657575584,47.19941329956055,3895800,0.0,0.0,0.0
2021-10-06 00:00:00-04:00,46.752962929540296,47.54684679986166,46.62471037494516,47.50950622558594,4066200,0.0,0.0,0.0
2021-10-07 00:00:00-04:00,47.933226570808884,48.32935840580462,47.87803134467689,47.96731948852539,4051200,0.0,0.0,0.0
2021-10-08 00:00:00-04:00,48.15890061430684,48.15890061430684,47.72218789330977,47.77900695800781,2849400,0.0,0.0,0.0
2021-10-11 00:00:00-04:00,47.60204377270965,48.032268589934226,47.43320298497202,47.446189880371094,4201200,0.0,0.0,0.0
2021-10-12 00:00:00-04:00,47.66373122653743,47.705939559523365,47.34552818164635,47.416961669921875,3312000,0.0,0.0,0.0
2021-10-13 00:00:00-04:00,47.673470342818646,47.84069099569796,47.40559847833669,47.78062057495117,3585600,0.0,0.0,0.0
2021-10-14 00:00:00-04:00,48.22545453121308,48.64756017429884,48.17188312855482,48.60210418701172,3692400,0.0,0.0,0.0
2021-10-15 00:00:00-04:00,48.81640800453094,48.98687261334487,48.70438628111049,48.97550582885742,3609000,0.0,0.0,0.0
2021-10-18 00:00:00-04:00,48.80828184666479,49.45767480888092,48.74983525383509,49.45117950439453,3369000,0.0,0.0,0.0
2021-10-19 00:00:00-04:00,49.624893175955435,49.824582920344575,49.53397748976323,49.806724548339844,3645000,0.0,0.0,0.0
2021-10-20 00:00:00-04:00,49.88464634359611,49.90250471442606,49.51124809807814,49.69632339477539,3624000,0.0,0.0,0.0
2021-10-21 00:00:00-04:00,49.60379182913478,50.10057863977595,49.55508818703361,50.08596420288086,4362600,0.0,0.0,0.0
2021-10-22 00:00:00-04:00,49.90413851130326,50.05836857534089,49.49664355292079,49.749908447265625,4175400,0.0,0.0,0.0
2021-10-25 00:00:00-04:00,49.88140740821479,50.249937955797144,49.63788547828722,50.152530670166016,4196400,0.0,0.0,0.0
2021-10-26 00:00:00-04:00,50.46261110159466,50.68989846808403,50.123305736017734,50.22882843017578,3991800,0.0,0.0,0.0
2021-10-27 00:00:00-04:00,50.352213478437065,50.69963797700812,50.25318237283676,50.26454544067383,3621000,0.0,0.0,0.0
2021-10-28 00:00:00-04:00,50.48859101395297,50.77919275396983,50.40092297246999,50.77269744873047,4388400,0.0,0.0,0.0
2021-10-29 00:00:00-04:00,50.3554606364315,51.04219421147475,50.29701403988011,51.00160598754883,3352800,0.0,0.0,0.0
2021-11-01 00:00:00-04:00,51.09252474656825,51.11525088338462,50.76295860423383,51.02595901489258,3666000,0.0,0.0,0.0
2021-11-02 00:00:00-04:00,51.0032400795167,51.24838586694029,50.978886397089425,51.17695236206055,3920400,0.0,0.0,0.0
2021-11-03 00:00:00-04:00,51.215914534876205,51.58768905033365,50.982131827656836,51.52275085449219,4094400,0.0,0.0,0.0
2021-11-04 00:00:00-04:00,51.67535691100113,52.17863535862159,51.59418416649785,52.10882568359375,5715000,0.0,0.0,0.0
2021-11-05 00:00:00-04:00,52.33773462145967,52.47573013900484,51.974075539800054,52.19162368774414,4400400,0.0,0.0,0.0
2021-11-08 00:00:00-05:00,52.37830755418829,52.401033685508665,52.18186549101259,52.27764892578125,3703800,0.0,0.0,0.0
2021-11-09 00:00:00-05:00,52.40103738626843,52.4335101913101,51.82145782723715,52.014652252197266,3651000,0.0,0.0,0.0
2021-11-10 00:00:00-05:00,51.659115199768365,51.962707539063864,50.959394720028385,51.19967269897461,4264800,0.0,0.0,0.0
2021-11-11 00:00:00-05:00,51.53410318796281,51.57144375754755,51.248372956276214,51.27109909057617,2986200,0.0,0.0,0.0
2021-11-12 00:00:00-05:00,51.43020271837811,51.95133945608789,51.287339454602574,51.91562271118164,3339600,0.0,0.0,0.0
2021-11-15 00:00:00-05:00,52.032515415786804,52.13966564950191,51.676971796263906,51.8896484375,4042800,0.0,0.0,0.0
2021-11-16 00:00:00-05:00,51.87179030171355,52.461112873984106,51.837697383180526,52.37506866455078,4407600,0.0,0.0,0.0
2021-11-17 00:00:00-05:00,52.41241059202666,52.51956082900356,52.21596849090234,52.280906677246094,24589200,0.0,0.0,0.0
2021-11-18 00:00:00-05:00,52.51956576582536,52.73061489128109,52.201362677470776,52.691654205322266,5666400,0.0,0.0,0.0
2021-11-19 00:00:00-05:00,52.84750291290131,53.118622440872194,52.72574195608006,52.87185287475586,6128400,0.0,0.0,0.0
2021-11-22 00:00:00-05:00,53.09589609331207,53.33455025984267,52.13317515886838,52.16889190673828,5216400,0.0,0.0,0.0
2021-11-23 00:00:00-05:00,51.926995839237364,52.21759759677243,51.29058965800428,51.87342071533203,7462200,0.0,0.0,0.0
2021-11-24 00:00:00-05:00,51.60066431196522,52.209469050337326,51.31331025906121,52.2046012878418,3619200,0.0,0.0,0.0
2021-11-26 00:00:00-05:00,51.69807352388898,51.92860851824928,50.96263638475848,51.14122009277344,4524000,0.0,0.0,0.0
2021-11-29 00:00:00-05:00,51.754897268364,52.2516802922448,51.58930044983761,52.097450256347656,5373000,0.0,0.0,0.0
2021-11-30 00:00:00-05:00,51.90588383273066,52.23869760682993,51.08927388865421,51.365264892578125,5642400,0.0,0.0,0.0
2021-12-01 00:00:00-05:00,51.9010076742377,52.06498066509587,50.23694266963692,50.26778793334961,6125400,0.0,0.0,0.0
2021-12-02 00:00:00-05:00,50.1655103597438,51.07628358456331,50.05836013142983,50.85548782348633,6106800,0.0,0.0,0.0
2021-12-03 00:00:00-05:00,51.053558904351156,51.18343527968919,49.42521043869806,49.95771026611328,8774400,0.0,0.0,0.0
2021-12-06 00:00:00-05:00,50.124926725470935,50.65905408980549,49.571320877705254,50.512939453125,6151800,0.0,0.0,0.0
2021-12-07 00:00:00-05:00,51.41071594275517,52.050369641702275,51.38798980954677,51.990299224853516,5032200,0.0,0.0,0.0
2021-12-08 00:00:00-05:00,52.06498442805902,52.40104213273674,51.78087429811559,52.38480758666992,5275800,0.0,0.0,0.0
2021-12-09 00:00:00-05:00,52.253305313975304,52.43838061811687,51.67696966189901,51.694828033447266,3946200,0.0,0.0,0.0
2021-12-10 00:00:00-05:00,51.88477672807729,52.16888685719275,51.59417501006367,52.16726303100586,3370800,0.0,0.0,0.0
2021-12-13 00:00:00-05:00,52.11369149051628,52.167266610811886,51.43507701595493,51.45943069458008,4219200,0.0,0.0,0.0
2021-12-14 00:00:00-05:00,50.88958391574166,51.154211850815294,50.246686221589165,50.7889289855957,4740000,0.0,0.0,0.0
2021-12-15 00:00:00-05:00,50.756458502248144,51.852307067879636,50.22720264660299,51.78249740600586,8206200,0.0,0.0,0.0
2021-12-16 00:00:00-05:00,52.00328813797659,52.06985386167062,50.38792671474786,50.613590240478516,8995800,0.0,0.0,0.0
2021-12-17 00:00:00-05:00,50.165506411475334,50.91393040880703,49.93334760173376,50.45610809326172,4327200,0.0,0.0,0.0
2021-12-20 00:00:00-05:00,49.75315329725163,49.977193019874214,49.45768008106102,49.847312927246094,5861400,0.0,0.0,0.0
2021-12-21 00:00:00-05:00,50.26779730043072,51.07304425425667,49.896019092978264,51.058433532714844,6025800,0.0,0.0,0.0
2021-12-22 00:00:00-05:00,51.0016070557246,51.72080973863175,50.97725337768909,51.634761810302734,4252200,0.0,0.0,0.0
2021-12-23 00:00:00-05:00,51.748413612029005,52.232209851937306,51.69159083364011,52.04226303100586,3754200,0.0,0.0,0.0
2021-12-27 00:00:00-05:00,52.207930350882954,52.86640214724631,52.207930350882954,52.85502243041992,4069800,0.078167,0.0,0.0
2021-12-28 00:00:00-05:00,52.96233280422793,52.98834465031546,52.52172413463484,52.6192741394043,3741000,0.0,0.0,0.0
2021-12-29 00:00:00-05:00,52.65179223931538,52.788367459518035,52.328248032201124,52.63878631591797,3861000,0.0,0.0,0.0
2021-12-30 00:00:00-05:00,52.58837630102809,52.88102999558514,52.42416677723425,52.430667877197266,3630000,0.0,0.0,0.0
2021-12-31 00:00:00-05:00,52.433923208682245,52.55748877038625,52.15752783057643,52.17378616333008,3780000,0.0,0.0,0.0
2022-01-03 00:00:00-05:00,52.37214148251098,52.60138434293891,52.006323419242854,52.52984619140625,5722200,0.0,0.0,0.0
2022-01-04 00:00:00-05:00,52.581876931925734,52.59975774838283,51.442148853268776,51.8957633972168,7458600,0.0,0.0,0.0
2022-01-05 00:00:00-05:00,51.616120626048776,51.65676832159998,50.113826751708984,50.113826751708984,8161800,0.0,0.0,0.0
2022-01-06 00:00:00-05:00,49.88945590525654,50.440624186704845,49.49599978039285,50.00489044189453,8345400,0.0,0.0,0.0
2022-01-07 00:00:00-05:00,49.99351567014387,50.222762281956776,49.258627036385754,49.460235595703125,7606800,0.0,0.0,0.0
2022-01-10 00:00:00-05:00,48.80175893027205,49.40169848973253,47.902657111856946,49.35942459106445,11102400,0.0,0.0,0.0
2022-01-11 00:00:00-05:00,49.25861549120748,50.001634978783436,48.9627094046054,49.998382568359375,7626600,0.0,0.0,0.0
2022-01-12 00:00:00-05:00,50.27803705854562,50.616213362076834,49.9544891612953,50.1772346496582,11014800,0.0,0.0,0.0
2022-01-13 00:00:00-05:00,50.380458032348564,50.42923302396539,48.76272995531726,48.85377883911133,6589800,0.0,0.0,0.0
2022-01-14 00:00:00-05:00,48.522103811518555,49.07001587829343,48.330248812335974,48.961082458496094,5563800,0.0,0.0,0.0
2022-01-18 00:00:00-05:00,48.208313289945785,48.46845404242733,47.71730720196797,47.79372024536133,7140600,0.0,0.0,0.0
2022-01-19 00:00:00-05:00,48.07173688411691,48.42454897568035,47.29132587058205,47.343353271484375,9271200,0.0,0.0,0.0
2022-01-20 00:00:00-05:00,47.746574947776196,48.32538127999461,46.67188387535696,46.72391128540039,6640800,0.0,0.0,0.0
2022-01-21 00:00:00-05:00,46.432880386529426,46.80845569757567,45.441110899008315,45.45411682128906,11466600,0.0,0.0,0.0
2022-01-24 00:00:00-05:00,44.54525641633233,45.82968319746461,43.15027000515613,45.78416061401367,17611800,0.0,0.0,0.0
2022-01-25 00:00:00-05:00,44.9631026640688,45.441106544698194,44.215208245829515,44.68020248413086,10593600,0.0,0.0,0.0
2022-01-26 00:00:00-05:00,45.7321350934877,46.14835434662047,44.08351269165758,44.62492370605469,16194600,0.0,0.0,0.0
2022-01-27 00:00:00-05:00,45.270395801380424,45.502894818774884,44.094902233858804,44.20220947265625,9067800,0.0,0.0,0.0
2022-01-28 00:00:00-05:00,44.62005487639342,45.839448548207585,43.92906264816928,45.826438903808594,7351200,0.0,0.0,0.0
2022-01-31 00:00:00-05:00,45.97926156313468,47.291330140196656,45.81179963055587,47.26206588745117,7794000,0.0,0.0,0.0
2022-02-01 00:00:00-05:00,47.45229789178138,47.68967180153585,46.78894744334259,47.67178726196289,8313600,0.0,0.0,0.0
2022-02-02 00:00:00-05:00,48.177435893722304,48.20832636051813,47.47344137397373,47.93680953979492,8140200,0.0,0.0,0.0
2022-02-03 00:00:00-05:00,46.70440143607868,47.156389802069555,45.97276527058606,46.12559509277344,7129800,0.0,0.0,0.0
2022-02-04 00:00:00-05:00,46.2914345275955,47.23280282078811,45.98251875120166,46.771060943603516,4770000,0.0,0.0,0.0
2022-02-07 00:00:00-05:00,46.86698479769173,47.16939575260801,46.24590827577433,46.405242919921875,5599200,0.0,0.0,0.0
2022-02-08 00:00:00-05:00,46.19713538841666,46.95966205050889,46.04105314806541,46.853981018066406,5859000,0.0,0.0,0.0
2022-02-09 00:00:00-05:00,47.41651936385349,47.84086961244333,47.33197529943606,47.819732666015625,8001000,0.0,0.0,0.0
2022-02-10 00:00:00-05:00,47.049082645335744,47.897779556720835,46.608473995600725,46.89462661743164,11004000,0.0,0.0,0.0
2022-02-11 00:00:00-05:00,46.868612084104264,47.094609993740576,45.28015166498343,45.44111251831055,7381800,0.0,0.0,0.0
2022-02-14 00:00:00-05:00,45.37607851096743,45.94350518885451,45.07041883882278,45.50127029418945,6252000,0.0,0.0,0.0
2022-02-15 00:00:00-05:00,46.20364274866285,46.561329840297795,46.011791418444695,46.538570404052734,5271600,0.0,0.0,0.0
2022-02-16 00:00:00-05:00,46.16624007650715,46.63611295374808,45.793917193754,46.489784240722656,5415600,0.0,0.0,0.0
2022-02-17 00:00:00-05:00,46.10284323656752,46.16788030727749,45.04766262925775,45.125701904296875,5645400,0.0,0.0,0.0
2022-02-18 00:00:00-05:00,45.23950226354549,45.304535596107605,44.30300887799288,44.61517333984375,7210200,0.0,0.0,0.0
2022-02-22 00:00:00-05:00,44.12741975384233,44.785891606730466,43.52747641685006,43.96971130371094,10571400,0.0,0.0,0.0
2022-02-23 00:00:00-05:00,44.33227411282916,44.501362269743936,42.816974358631676,42.86574935913086,9753600,0.0,0.0,0.0
2022-02-24 00:00:00-05:00,41.3732150209955,44.407067106119804,41.300050655602,44.330650329589844,15493800,0.0,0.0,0.0
2022-02-25 00:00:00-05:00,44.3973148825343,45.02977495335138,43.88842412108108,45.01189041137695,7371600,0.0,0.0,0.0
2022-02-28 00:00:00-05:00,44.64280691274313,45.3289204106064,44.41356034502859,45.09479522705078,6060600,0.0,0.0,0.0
2022-03-01 00:00:00-05:00,44.97448686332752,45.20861207175597,44.08514226646034,44.42657470703125,6418200,0.0,0.0,0.0
2022-03-02 00:00:00-05:00,44.657437439356116,45.28501868852731,44.24772303442657,45.124061584472656,6812400,0.0,0.0,0.0
2022-03-03 00:00:00-05:00,45.35493862918417,45.411844658116806,44.195703427972965,44.41356658935547,6607200,0.0,0.0,0.0
2022-03-04 00:00:00-05:00,44.13554599242843,44.26724259259565,43.27872173439222,43.67543029785156,5564400,0.0,0.0,0.0
2022-03-07 00:00:00-05:00,43.73070844022956,43.80062039084162,41.90974531334927,41.92437744140625,8889000,0.0,0.0,0.0
2022-03-08 00:00:00-05:00,41.90160955982726,42.97304803718539,41.28540805111904,41.72113800048828,8739000,0.0,0.0,0.0
2022-03-09 00:00:00-05:00,42.882015282732624,43.50309564049407,42.55847103965621,43.355140686035156,6219000,0.0,0.0,0.0
2022-03-10 00:00:00-05:00,42.81535158193799,43.07386245445062,42.334098917735425,42.94704818725586,5954400,0.0,0.0,0.0
2022-03-11 00:00:00-05:00,43.32750127119025,43.3746500730761,42.03331689690005,42.077213287353516,5698200,0.0,0.0,0.0
2022-03-14 00:00:00-04:00,42.008919627553595,42.40725808458383,41.239891926760066,41.35695266723633,8032800,0.0,0.0,0.0
2022-03-15 00:00:00-04:00,41.68537571927722,42.72755011616823,41.495150619314444,42.65275955200195,9576600,0.0,0.0,0.0
2022-03-16 00:00:00-04:00,43.16979278998773,44.161566162651695,42.67715665443947,44.1583137512207,8550000,0.0,0.0,0.0
2022-03-17 00:00:00-04:00,43.86565014648522,44.80702209472656,43.78273228006399,44.80702209472656,8254800,0.0,0.0,0.0
2022-03-18 00:00:00-04:00,44.663944454027366,45.771152101888454,44.47697177852874,45.712623596191406,10995600,0.0,0.0,0.0
2022-03-21 00:00:00-04:00,45.52727775572424,45.83944594154786,44.958228648334654,45.52890396118164,5632800,0.0,0.0,0.0
2022-03-22 00:00:00-04:00,45.541913407900786,46.48328541379114,45.541913407900786,46.362972259521484,7213200,0.0,0.0,0.0
2022-03-23 00:00:00-04:00,45.930201263961095,46.35174415828538,45.65351379824435,45.671417236328125,7564800,0.050167,0.0,0.0
2022-03-24 00:00:00-04:00,45.90090267197412,46.52263546165809,45.57538496278549,46.5210075378418,5681400,0.0,0.0,0.0
2022-03-25 00:00:00-04:00,46.56658981907386,46.652851169775886,45.915558015967214,46.48195266723633,5745600,0.0,0.0,0.0
2022-03-28 00:00:00-04:00,46.46404657952945,47.20133590698242,46.35174218399835,47.20133590698242,7488600,0.0,0.0,0.0
2022-03-29 00:00:00-04:00,47.73029347538195,48.24786144427972,47.45848610160801,48.15834426879883,9391800,0.0,0.0,0.0
2022-03-30 00:00:00-04:00,47.90933905002425,48.03465939983041,47.339684840825385,47.58544921875,5343000,0.0,0.0,0.0
2022-03-31 00:00:00-04:00,47.59032544412089,47.631016088390076,46.80257796548912,46.80908966064453,4984800,0.0,0.0,0.0
2022-04-01 00:00:00-04:00,46.97998353762653,47.07112864198682,46.550301070739145,46.95231628417969,4723200,0.0,0.0,0.0
2022-04-04 00:00:00-04:00,47.06950189525688,47.85724937902298,47.01579158555286,47.8295783996582,6126600,0.0,0.0,0.0
2022-04-05 00:00:00-04:00,47.66030868051967,47.756333827496135,46.76025686064213,46.90348434448242,9368400,0.0,0.0,0.0
2022-04-06 00:00:00-04:00,46.17433703856791,46.25409040944464,45.397984966813276,45.77558135986328,7823400,0.0,0.0,0.0
2022-04-07 00:00:00-04:00,45.66327493405571,46.202005968857506,45.24010786588039,45.94321823120117,6039000,0.0,0.0,0.0
2022-04-08 00:00:00-04:00,45.723492743441376,45.89601540255851,45.3003219888838,45.3963508605957,7011000,0.0,0.0,0.0
2022-04-11 00:00:00-04:00,44.826702408677534,44.922731292456874,44.27983918659642,44.33354949951172,5823000,0.0,0.0,0.0
2022-04-12 00:00:00-04:00,44.823449696757606,45.17175090156591,43.915261886055404,44.10894012451172,5862000,0.0,0.0,0.0
2022-04-13 00:00:00-04:00,44.11056394222925,45.05455853986308,43.99663535814112,44.943885803222656,5313000,0.0,0.0,0.0
2022-04-14 00:00:00-04:00,44.96667142417604,45.05130483571309,43.96408642568967,43.98036193847656,5124000,0.0,0.0,0.0
2022-04-18 00:00:00-04:00,43.819232392821164,44.224499751941046,43.54091701762854,43.910377502441406,5293800,0.0,0.0,0.0
2022-04-19 00:00:00-04:00,43.853419150377874,45.00248773002088,43.78180538901464,44.92436599731445,5928000,0.0,0.0,0.0
2022-04-20 00:00:00-04:00,45.05944945145069,45.096884252579585,44.292861165978785,44.41655731201172,4813800,0.0,0.0,0.0
2022-04-21 00:00:00-04:00,44.92435281167094,45.267770200408805,43.37652522640193,43.49371337890625,8265000,0.0,0.0,0.0
2022-04-22 00:00:00-04:00,43.488838397649914,43.58649148591488,42.20468203335573,42.24536895751953,8223000,0.0,0.0,0.0
2022-04-25 00:00:00-04:00,42.014246926966095,42.808502305790924,41.82382083787662,42.788970947265625,7075800,0.0,0.0,0.0
2022-04-26 00:00:00-04:00,42.479729376415726,42.50902454943076,41.078385238664296,41.106056213378906,8064000,0.0,0.0,0.0
2022-04-27 00:00:00-04:00,41.19395437102234,41.968678501830105,40.975857274068154,41.200462341308594,10515000,0.0,0.0,0.0
2022-04-28 00:00:00-04:00,41.88566692820601,42.90453106484851,41.39413829471826,42.65713882446289,6230400,0.0,0.0,0.0
2022-04-29 00:00:00-04:00,42.090756304987934,42.54322239030338,40.71871045602776,40.78218460083008,7267200,0.0,0.0,0.0
2022-05-02 00:00:00-04:00,40.700800842133354,41.33067332279623,40.1685814502381,41.31765365600586,13898400,0.0,0.0,0.0
2022-05-03 00:00:00-04:00,41.3306678159544,41.55852871794554,40.967719041599004,41.28184127807617,8205000,0.0,0.0,0.0
2022-05-04 00:00:00-04:00,41.31602418536578,42.71411283272243,40.622673870255156,42.624595642089844,8501400,0.0,0.0,0.0
2022-05-05 00:00:00-04:00,42.0419238118874,42.087494508737905,40.01233468655575,40.4957275390625,9098400,0.0,0.0,0.0
2022-05-06 00:00:00-04:00,40.19788336707864,40.601522869617256,39.32875814619614,39.94072723388672,14246400,0.0,0.0,0.0
2022-05-09 00:00:00-04:00,39.1643661749767,39.39873878999652,37.990882626420806,38.18130874633789,13352400,0.0,0.0,0.0
2022-05-10 00:00:00-04:00,39.026025275681505,39.232726924462305,37.917647427416156,38.50194549560547,10381800,0.0,0.0,0.0
2022-05-11 00:00:00-04:00,38.23338938215616,38.88441729404717,37.2600959112204,37.362632751464844,19899000,0.0,0.0,0.0
2022-05-12 00:00:00-04:00,36.83042419507344,37.92578234821085,36.483750890639584,37.30242156982422,13707000,0.0,0.0,0.0
2022-05-13 00:00:00-04:00,37.893231933757065,38.895820787332724,37.74024060365321,38.70539093017578,9666600,0.0,0.0,0.0
2022-05-16 00:00:00-04:00,38.42382000113861,38.69073991186244,38.03157230394012,38.199214935302734,8134200,0.0,0.0,0.0
2022-05-17 00:00:00-04:00,38.99021453778554,39.15785344376311,38.374989699201905,39.11391067504883,7891200,0.0,0.0,0.0
2022-05-18 00:00:00-04:00,38.501942534200595,38.62726659809705,37.149428339003386,37.3056755065918,8740200,0.0,0.0,0.0
2022-05-19 00:00:00-04:00,37.100604862189634,37.85579770530076,36.9785366360148,37.27149963378906,9250800,0.0,0.0,0.0
2022-05-20 00:00:00-04:00,37.73046720512847,37.841143669422756,36.154976001437355,37.21452713012695,13026000,0.0,0.0,0.0
2022-05-23 00:00:00-04:00,37.40333622781328,37.92904399884073,37.04689905016113,37.89160919189453,8875800,0.0,0.0,0.0
2022-05-24 00:00:00-04:00,37.193375635089886,37.27150109100506,36.37633282231544,37.03712844848633,6612000,0.0,0.0,0.0
2022-05-25 00:00:00-04:00,36.80112584360182,37.78092366070697,36.80112584360182,37.51400375366211,6921600,0.0,0.0,0.0
2022-05-26 00:00:00-04:00,37.46681189107499,38.72004526172392,37.4505326496856,38.53938293457031,7478400,0.0,0.0,0.0
2022-05-27 00:00:00-04:00,38.91697564265682,39.88050175290486,38.91697564265682,39.87561798095703,10393200,0.0,0.0,0.0
2022-05-31 00:00:00-04:00,39.792612740339656,40.07418398752133,39.24249363792111,39.6851921081543,7042800,0.0,0.0,0.0
2022-06-01 00:00:00-04:00,39.943967511174506,40.27762107833992,39.13018077616361,39.37431716918945,6219000,0.0,0.0,0.0
2022-06-02 00:00:00-04:00,39.2213315753425,40.60640050254557,39.068340257857926,40.59500503540039,6923400,0.0,0.0,0.0
2022-06-03 00:00:00-04:00,39.92606951715035,40.111615585279175,39.4215211511562,39.5875358581543,6214800,0.0,0.0,0.0
2022-06-06 00:00:00-04:00,40.13764912072157,40.35249033691011,39.57288255425121,39.73563766479492,7136400,0.0,0.0,0.0
2022-06-07 00:00:00-04:00,39.32386590731826,40.17508750479373,39.16761875209461,40.09696578979492,7257000,0.0,0.0,0.0
2022-06-08 00:00:00-04:00,40.036743822007544,40.298783671390446,39.69983437987924,39.78121566772461,5418600,0.0,0.0,0.0
2022-06-09 00:00:00-04:00,39.558235704797816,39.87724171781679,38.69887819353717,38.703758239746094,4852200,0.0,0.0,0.0
2022-06-10 00:00:00-04:00,37.98763661930462,38.05436660942971,37.221048244497936,37.23732376098633,10281000,0.0,0.0,0.0
2022-06-13 00:00:00-04:00,36.114283273444435,36.34051623502793,35.4030333658335,35.53323745727539,18816600,0.0,0.0,0.0
2022-06-14 00:00:00-04:00,35.71064952652484,35.89619187623384,35.23540004740592,35.54951858520508,14242200,0.0,0.0,0.0
2022-06-15 00:00:00-04:00,35.99058647612629,36.934581022270386,35.65693291022831,36.43328857421875,10107000,0.0,0.0,0.0
2022-06-16 00:00:00-04:00,35.50883434432967,35.53324575456239,34.6982995299798,34.98801040649414,10852800,0.0,0.0,0.0
2022-06-17 00:00:00-04:00,34.9961457809302,35.71716338817282,34.854546192870785,35.36886215209961,11992800,0.0,0.0,0.0
2022-06-21 00:00:00-04:00,35.912464778507285,36.579768185277,35.912464778507285,36.26890182495117,9460800,0.0,0.0,0.0
2022-06-22 00:00:00-04:00,35.88804964919986,36.776705967694824,35.806672093551285,36.26890182495117,9130800,0.0,0.0,0.0
2022-06-23 00:00:00-04:00,36.57387432117277,37.06936899504333,36.28048494817737,36.96016311645508,8293800,0.0535,0.0,0.0
2022-06-24 00:00:00-04:00,37.30080947169037,38.34395980834961,37.29754892740084,38.34395980834961,9023400,0.0,0.0,0.0
2022-06-27 00:00:00-04:00,38.396115998118454,38.49880448669032,37.78978535221653,37.938106536865234,7283400,0.0,0.0,0.0
2022-06-28 00:00:00-04:00,38.017977370768364,38.329292208710534,36.705888050912655,36.72218704223633,7692000,0.0,0.0,0.0
2022-06-29 00:00:00-04:00,36.71077673049316,37.00090174364588,36.38479319239573,36.7955322265625,6508800,0.0,0.0,0.0
2022-06-30 00:00:00-04:00,36.34893965876011,36.7417532553097,35.700232971103375,36.329383850097656,6472200,0.0,0.0,0.0
2022-07-01 00:00:00-04:00,36.21039285115394,36.72544693682906,36.01154068380347,36.683067321777344,6035400,0.0,0.0,0.0
2022-07-05 00:00:00-04:00,36.19246013310368,37.32851735073875,35.97405215932675,37.320369720458984,8221800,0.0,0.0,0.0
2022-07-06 00:00:00-04:00,37.328514296077245,37.79141456056618,37.11010634017304,37.51432800292969,5768400,0.0,0.0,0.0
2022-07-07 00:00:00-04:00,37.60235325223107,38.34722734236725,37.60235325223107,38.27388000488281,6175200,0.0,0.0,0.0
2022-07-08 00:00:00-04:00,37.89736518100293,38.458059463174635,37.76208242727434,38.26083755493164,5331600,0.0,0.0,0.0
2022-07-11 00:00:00-04:00,37.93811196109744,37.98212185257769,37.42468809782966,37.55997085571289,5479800,0.0,0.0,0.0
2022-07-12 00:00:00-04:00,37.636574145227755,37.929959707136874,36.85746821691594,37.069358825683594,9792000,0.0,0.0,0.0
2022-07-13 00:00:00-04:00,36.383166777706464,37.245394278691975,36.22669048455807,36.95037841796875,7666200,0.0,0.0,0.0
2022-07-14 00:00:00-04:00,36.62113475591539,37.103590897118615,36.14356570098368,37.00742721557617,6583200,0.0,0.0,0.0
2022-07-15 00:00:00-04:00,37.40186633927622,37.705033557282235,37.25354514007012,37.690364837646484,10798800,0.0,0.0,0.0
2022-07-18 00:00:00-04:00,38.052208939382616,38.26572984797719,37.23887838276246,37.36927032470703,7716600,0.0,0.0,0.0
2022-07-19 00:00:00-04:00,37.859872251903866,38.59659855306089,37.6365734728655,38.56237030029297,5668800,0.0,0.0,0.0
2022-07-20 00:00:00-04:00,38.58682801780628,39.34147999486685,38.56237766233284,39.17359924316406,6220200,0.0,0.0,0.0
2022-07-21 00:00:00-04:00,39.232279155224795,39.801121133538615,38.92259080825624,39.79623031616211,11606400,0.0,0.0,0.0
2022-07-22 00:00:00-04:00,39.67072566699803,39.93966466516096,38.85902531630732,39.09210205078125,6664800,0.0,0.0,0.0
2022-07-25 00:00:00-04:00,39.0937203772874,39.11654045426154,38.60963405911814,38.88020324707031,6638400,0.0,0.0,0.0
2022-07-26 00:00:00-04:00,38.58519732895247,38.62920349160913,37.95930330323216,38.07176971435547,5137200,0.0,0.0,0.0
2022-07-27 00:00:00-04:00,38.715587546949145,39.83371559632014,38.63083203959336,39.63649368286133,5879400,0.0,0.0,0.0
2022-07-28 00:00:00-04:00,39.64138546011842,40.33084517246901,39.28932124365006,40.264015197753906,9452400,0.0,0.0,0.0
2022-07-29 00:00:00-04:00,40.48894610006382,41.194701041368226,40.40255659178712,41.06756591796875,6121200,0.0,0.0,0.0
2022-08-01 00:00:00-04:00,40.81166495949558,41.448963322452556,40.67312167491364,41.01051712036133,7088400,0.0,0.0,0.0
2022-08-02 00:00:00-04:00,40.71224444440092,41.377253763072,40.56881033045223,40.85567855834961,5762400,0.0,0.0,0.0
2022-08-03 00:00:00-04:00,41.1278698186994,42.00150912330451,41.1278698186994,41.87926483154297,6998400,0.0,0.0,0.0
2022-08-04 00:00:00-04:00,41.864600848579656,42.12538845179435,41.634780957177924,42.08626937866211,9886200,0.0,0.0,0.0
2022-08-05 00:00:00-04:00,41.40170080475295,42.079748577754195,41.40170080475295,41.864601135253906,5113800,0.0,0.0,0.0
2022-08-08 00:00:00-04:00,42.019444367842375,42.480710705807404,41.6103318214463,41.77495574951172,7142400,0.0,0.0,0.0
2022-08-09 00:00:00-04:00,41.54676887166254,41.59077503518457,41.15558556421993,41.32020950317383,4506000,0.0,0.0,0.0
2022-08-10 00:00:00-04:00,42.35357332824845,42.562203387458155,42.047145597159364,42.53449249267578,6410400,0.0,0.0,0.0
2022-08-11 00:00:00-04:00,42.88166930966423,43.096820474637674,42.20851237891554,42.3046760559082,9643200,0.0,0.0,0.0
2022-08-12 00:00:00-04:00,42.61110618438112,43.13431167602539,42.4252961783038,43.13431167602539,5294400,0.0,0.0,0.0
2022-08-15 00:00:00-04:00,42.941979178349236,43.48311391706741,42.941979178349236,43.40161895751953,7209000,0.0,0.0,0.0
2022-08-16 00:00:00-04:00,43.2728555175732,43.6183986383769,42.94524166173951,43.37717056274414,4525200,0.0,0.0,0.0
2022-08-17 00:00:00-04:00,42.940342971573685,43.31196665083237,42.70237548422185,42.943603515625,5264400,0.0,0.0,0.0
2022-08-18 00:00:00-04:00,42.92567249085687,43.11800354538944,42.68933528523777,42.9810905456543,4569000,0.0,0.0,0.0
2022-08-19 00:00:00-04:00,42.573624500915706,42.63067284930085,42.02596856374018,42.14332580566406,5032800,0.0,0.0,0.0
2022-08-22 00:00:00-04:00,41.550033697712436,41.55981160263576,40.95837158892747,41.049644470214844,5908200,0.0,0.0,0.0
2022-08-23 00:00:00-04:00,41.00236790334479,41.347910996808885,40.89479232203616,40.9681396484375,4015200,0.0,0.0,0.0
2022-08-24 00:00:00-04:00,40.9502128860018,41.33976589133942,40.85404920418887,41.09364700317383,4564800,0.0,0.0,0.0
2022-08-25 00:00:00-04:00,41.336500422918164,41.81080887810519,41.18980577862947,41.79450988769531,3852600,0.0,0.0,0.0
2022-08-26 00:00:00-04:00,41.770062357136595,41.880898483887364,40.09613093399794,40.104278564453125,6064800,0.0,0.0,0.0
2022-08-29 00:00:00-04:00,39.77340921856815,40.053760115333084,39.563152574545306,39.70006561279297,5860200,0.0,0.0,0.0
2022-08-30 00:00:00-04:00,39.97063479862679,40.01790151124764,38.96823354518659,39.29747772216797,7338000,0.0,0.0,0.0
2022-08-31 00:00:00-04:00,39.62996720255215,39.7831791894535,38.999186263614284,39.01385498046875,7152000,0.0,0.0,0.0
2022-09-01 00:00:00-04:00,38.68625079317683,39.06439190366094,38.20053409162389,39.0203857421875,7119600,0.0,0.0,0.0
2022-09-02 00:00:00-04:00,39.40667396324976,39.563150261355894,38.3178870799966,38.51184844970703,4213200,0.0,0.0,0.0
2022-09-06 00:00:00-04:00,38.59986358076348,38.715586798658684,38.02124003008711,38.366783142089844,7104000,0.0,0.0,0.0
2022-09-07 00:00:00-04:00,38.36841328092468,39.27954149277062,38.36841328092468,39.163814544677734,4822800,0.0,0.0,0.0
2022-09-08 00:00:00-04:00,38.876939752265464,39.53216727150853,38.73513594647423,39.432743072509766,5061600,0.0,0.0,0.0
2022-09-09 00:00:00-04:00,39.71146949425276,40.32758183033416,39.70820894977083,40.26727294921875,5127000,0.0,0.0,0.0
2022-09-12 00:00:00-04:00,40.42374761573402,40.78070264310703,40.42374761573402,40.75625228881836,4521600,0.0,0.0,0.0
2022-09-13 00:00:00-04:00,39.631606668048185,39.73429144044919,38.550963688160834,38.65365219116211,7581600,0.0,0.0,0.0
2022-09-14 00:00:00-04:00,38.805236433777935,39.05298561354758,38.521628721920564,38.90303039550781,5259600,0.0,0.0,0.0
2022-09-15 00:00:00-04:00,38.650396663146644,39.05135790148859,38.068512480081814,38.24943542480469,7293600,0.0,0.0,0.0
2022-09-16 00:00:00-04:00,37.7816353740988,37.933220839070174,37.43609229070577,37.84357452392578,6621600,0.0,0.0,0.0
2022-09-19 00:00:00-04:00,37.52247944432586,38.18585847024122,37.50781072505255,38.169559478759766,5079600,0.0,0.0,0.0
2022-09-20 00:00:00-04:00,37.815871634656894,38.09785281697771,37.493148562407704,37.776756286621094,6311400,0.0,0.0,0.0
2022-09-21 00:00:00-04:00,37.9690881038408,38.412425234554206,37.09544856139875,37.09870910644531,5688000,0.0,0.0,0.0
2022-09-22 00:00:00-04:00,36.914519250689736,37.02209483506838,36.45814001850161,36.58364486694336,14295600,0.0,0.0,0.0
2022-09-23 00:00:00-04:00,36.19988221003493,36.25867345820158,35.535229750231935,35.99248504638672,12430800,0.071667,0.0,0.0
2022-09-26 00:00:00-04:00,35.8667382810396,36.474232877475174,35.67567140201744,35.760589599609375,8454600,0.0,0.0,0.0
2022-09-27 00:00:00-04:00,36.23580568134652,36.544451291118435,35.48623510207121,35.767120361328125,12686400,0.0,0.0,0.0
2022-09-28 00:00:00-04:00,35.76058219889603,36.63753182157471,35.5515516826178,36.46279525756836,10378200,0.0,0.0,0.0
2022-09-29 00:00:00-04:00,36.005552073824525,36.01371908316492,35.14003597182772,35.533599853515625,8794200,0.0,0.0,0.0
2022-09-30 00:00:00-04:00,35.37681753386808,35.94838469000849,34.92119571528645,34.93915939331055,10404000,0.0,0.0,0.0
2022-10-03 00:00:00-04:00,35.22657473039567,35.97614519062667,34.963653191981535,35.754051208496094,10629000,0.0,0.0,0.0
2022-10-04 00:00:00-04:00,36.49056421732893,37.00824037321398,36.49056421732893,36.94618606567383,9903600,0.0,0.0,0.0
2022-10-05 00:00:00-04:00,36.41707261116214,37.15031284719209,36.12312390374819,36.9020881652832,6532800,0.0,0.0,0.0
2022-10-06 00:00:00-04:00,36.771441259575234,37.19276909972345,36.59507129217549,36.644065856933594,11610000,0.0,0.0,0.0
2022-10-07 00:00:00-04:00,36.04963276502962,36.052895829765475,35.10409528145061,35.34741973876953,11202600,0.0,0.0,0.0
2022-10-10 00:00:00-04:00,35.32946118432134,35.373551811130035,34.5798906264868,34.893436431884766,9454200,0.0,0.0,0.0
2022-10-11 00:00:00-04:00,34.69584471367499,35.040417758623185,34.18469831512902,34.43128967285156,17161800,0.0,0.0,0.0
2022-10-12 00:00:00-04:00,34.50149891502321,34.664805407609855,34.245110973513796,34.380653381347656,11161200,0.0,0.0,0.0
2022-10-13 00:00:00-04:00,33.47758175956501,35.30659904821712,33.25548399976506,35.12369918823242,10732200,0.0,0.0,0.0
2022-10-14 00:00:00-04:00,35.44213708700979,35.54502268410128,33.996887114525876,34.04914474487305,7699200,0.0,0.0,0.0
2022-10-17 00:00:00-04:00,34.84608213750763,35.355595106217635,34.84608213750763,35.259246826171875,8148600,0.0,0.0,0.0
2022-10-18 00:00:00-04:00,36.165582947369025,36.2962251626815,35.290266648836585,35.63157653808594,9780600,0.0,0.0,0.0
2022-10-19 00:00:00-04:00,35.38009163720031,35.74589514114274,35.063278973134175,35.399688720703125,9457800,0.0,0.0,0.0
2022-10-20 00:00:00-04:00,35.28700357877761,35.8993983722397,34.99142142382777,35.128597259521484,6721200,0.0,0.0,0.0
2022-10-21 00:00:00-04:00,34.999580975332954,35.9565485557867,34.83300768336405,35.9091911315918,10901400,0.0,0.0,0.0
2022-10-24 00:00:00-04:00,35.99737971930498,36.40074391042359,35.51236040643262,36.26519775390625,6573000,0.0,0.0,0.0
2022-10-25 00:00:00-04:00,36.40238076165093,37.16011464754033,36.39748055681874,37.116024017333984,6063000,0.0,0.0,0.0
2022-10-26 00:00:00-04:00,36.30276319895383,37.11439189034898,36.208048328845415,36.32399368286133,6338400,0.0,0.0,0.0
2022-10-27 00:00:00-04:00,36.24397133573954,36.405640703720316,35.754055551863836,35.830806732177734,6768000,0.0,0.0,0.0
2022-10-28 00:00:00-04:00,35.6871014765965,36.830239685190456,35.65280751722674,36.76655197143555,6348000,0.0,0.0,0.0
2022-10-31 00:00:00-04:00,36.50526450147821,36.59997937317245,36.14925768737442,36.37461853027344,7077600,0.0,0.0,0.0
2022-11-01 00:00:00-04:00,36.84493512628519,36.93148672216685,35.9598220860553,36.01534652709961,6226800,0.0,0.0,0.0
2022-11-02 00:00:00-04:00,35.96961657897856,36.29785926280601,34.69910306935824,34.710533142089844,22117800,0.0,0.0,0.0
2022-11-03 00:00:00-04:00,34.33982566618943,34.55865658951702,33.982189270776736,34.04261016845703,9236400,0.0,0.0,0.0
2022-11-04 00:00:00-04:00,34.69093841374981,34.77096014157877,33.758467933733264,34.488441467285156,11748600,0.0,0.0,0.0
2022-11-07 00:00:00-05:00,34.68114343588743,34.88854059731159,34.320240155506966,34.831382751464844,8463600,0.0,0.0,0.0
2022-11-08 00:00:00-05:00,35.01101791615151,35.42907902275347,34.542332572837076,34.965293884277344,11652000,0.0,0.0,0.0
2022-11-09 00:00:00-05:00,34.7219731794447,34.81832145859469,34.07201756346491,34.12427520751953,9178200,0.0,0.0,0.0
2022-11-10 00:00:00-05:00,35.72955933345864,36.853100362053645,35.6397409387005,36.81717300415039,13461000,0.0,0.0,0.0
2022-11-11 00:00:00-05:00,36.83023652460471,37.6777925016689,36.71102437787151,37.5716438293457,7723800,0.0,0.0,0.0
2022-11-14 00:00:00-05:00,37.29076061207088,37.60103963840941,37.036002289452696,37.116024017333984,14772000,0.0,0.0,0.0
2022-11-15 00:00:00-05:00,37.89989454606238,38.07789797198862,37.235242020987705,37.64023971557617,11655000,0.0,0.0,0.0
2022-11-16 00:00:00-05:00,37.40669978308561,37.48508809640761,37.08662039995496,37.225433349609375,7858800,0.0,0.0,0.0
2022-11-17 00:00:00-05:00,36.65386621210898,37.13561873708471,36.56241441653002,36.94781494140625,7159200,0.0,0.0,0.0
2022-11-18 00:00:00-05:00,37.365880584661724,37.39691147932094,36.63754040960806,36.97231674194336,7737600,0.0,0.0,0.0
2022-11-21 00:00:00-05:00,36.81390159616125,36.95107740453804,36.47259173877385,36.593441009521484,8784600,0.0,0.0,0.0
2022-11-22 00:00:00-05:00,36.71266444374254,37.129092201021486,36.43667934070778,37.12255859375,7232400,0.0,0.0,0.0
2022-11-23 00:00:00-05:00,37.122551171857076,37.59450328330172,37.122551171857076,37.52101516723633,5405400,0.0,0.0,0.0
2022-11-25 00:00:00-05:00,37.36587426459399,37.455692654444384,37.26625920392387,37.38547134399414,2900400,0.0,0.0,0.0
2022-11-28 00:00:00-05:00,37.08662365745472,37.29075772763389,36.61630494949386,36.73225402832031,7053600,0.0,0.0,0.0
2022-11-29 00:00:00-05:00,36.75021820260721,36.80084243602356,36.296226027844696,36.4448356628418,6644400,0.0,0.0,0.0
2022-11-30 00:00:00-05:00,36.50199044078929,38.09585004113407,36.41380545564331,38.05665588378906,10119600,0.0,0.0,0.0
2022-12-01 00:00:00-05:00,38.12524191791482,38.38162985391432,37.77413539594332,38.18239974975586,10012200,0.0,0.0,0.0
2022-12-02 00:00:00-05:00,37.57164619503472,38.20527146582721,37.48346119613307,38.0778923034668,6751800,0.0,0.0,0.0
2022-12-05 00:00:00-05:00,37.75127881404538,37.90968512987928,37.150317845048434,37.307090759277344,9637800,0.0,0.0,0.0
2022-12-06 00:00:00-05:00,37.27769018349831,37.29565386190561,36.307659025025295,36.52485656738281,6970200,0.0,0.0,0.0
2022-12-07 00:00:00-05:00,36.38929943197096,36.67998500173498,36.18843596490721,36.37623596191406,8943600,0.0,0.0,0.0
2022-12-08 00:00:00-05:00,36.591813160509886,36.92332266030926,36.32072456749192,36.797576904296875,8004000,0.0,0.0,0.0
2022-12-09 00:00:00-05:00,36.650600631023394,37.00334061304479,36.534655284497894,36.546085357666016,13650600,0.0,0.0,0.0
2022-12-12 00:00:00-05:00,36.619576001026125,37.091528165226755,36.560784754049806,37.08662796020508,7380600,0.0,0.0,0.0
2022-12-13 00:00:00-05:00,38.54657695960203,38.57597071278901,37.20094185296424,37.5504150390625,12537000,0.0,0.0,0.0
2022-12-14 00:00:00-05:00,37.48999357391377,37.89662463704995,36.875965343756384,37.27443313598633,9746400,0.0,0.0,0.0
2022-12-15 00:00:00-05:00,36.67509935920111,36.79104471028701,35.90756505668385,36.06597137451172,11086800,0.0,0.0,0.0
2022-12-16 00:00:00-05:00,35.93368235695576,36.09045523105574,35.375178759364545,35.576045989990234,9346800,0.0,0.0,0.0
2022-12-19 00:00:00-05:00,35.598926987576576,35.60219005375934,34.87384976009058,35.02572250366211,10566000,0.0,0.0,0.0
2022-12-20 00:00:00-05:00,34.88363335371116,35.228210023193924,34.67133603005427,35.046939849853516,13480800,0.0,0.0,0.0
2022-12-21 00:00:00-05:00,35.2396499769909,35.75895962224083,35.14330169630333,35.60545349121094,9151800,0.0,0.0,0.0
2022-12-22 00:00:00-05:00,35.22384367753719,35.235297287624824,34.26326857697636,34.842559814453125,11325600,0.074667,0.0,0.0
2022-12-23 00:00:00-05:00,34.677269029977595,34.9980074632266,34.449807448699,34.95873260498047,9484200,0.0,0.0,0.0
2022-12-27 00:00:00-05:00,34.935828765590195,34.935828765590195,34.45472106926136,34.56272506713867,11923200,0.0,0.0,0.0
2022-12-28 00:00:00-05:00,34.53653795465614,34.79182079306355,34.07834125355382,34.10943603515625,14807400,0.0,0.0,0.0
2022-12-29 00:00:00-05:00,34.46944684794938,35.07328565526242,34.408897792571146,34.970191955566406,14524800,0.0,0.0,0.0
2022-12-30 00:00:00-05:00,34.60527631597423,34.8867399718595,34.41872630388239,34.87364959716797,11965200,0.0,0.0,0.0
2023-01-03 00:00:00-05:00,35.191108674625255,35.408749694556455,34.328717182246265,34.62818145751953,9165000,0.0,0.0,0.0
2023-01-04 00:00:00-05:00,34.87200624139355,35.058559963684736,34.436720465142464,34.867095947265625,7774200,0.0,0.0,0.0
2023-01-05 00:00:00-05:00,34.63963684328835,34.667458099897246,34.196170956946204,34.24198913574219,7620600,0.0,0.0,0.0
2023-01-06 00:00:00-05:00,34.47108679414529,35.17965613119454,34.027617171692164,35.04383087158203,6968400,0.0,0.0,0.0
2023-01-09 00:00:00-05:00,35.36947950351138,35.919312617071505,35.31056720757686,35.3498420715332,9018600,0.0,0.0,0.0
2023-01-10 00:00:00-05:00,35.232012219618,35.683665596770965,35.199284419692944,35.66402816772461,5910000,0.0,0.0,0.0
2023-01-11 00:00:00-05:00,35.81130750957632,36.39878244964722,35.796580372411135,36.38896560668945,7122600,0.0,0.0,0.0
2023-01-12 00:00:00-05:00,36.493689057203405,36.71460733123054,35.97658381079793,36.59678649902344,7349400,0.0,0.0,0.0
2023-01-13 00:00:00-05:00,36.24986524402056,36.86843119622518,36.246595460148384,36.82097625732422,5656800,0.0,0.0,0.0
2023-01-17 00:00:00-05:00,36.820981843983915,37.11553585552499,36.7358887958016,36.92734909057617,9463200,0.0,0.0,0.0
2023-01-18 00:00:00-05:00,37.16134900533022,37.38554082255091,36.459326771053135,36.48878479003906,13978200,0.0,0.0,0.0
2023-01-19 00:00:00-05:00,36.261324944345226,36.43314779067728,36.00113552769138,36.17295837402344,9347400,0.0,0.0,0.0
2023-01-20 00:00:00-05:00,36.38406112515421,37.17445007325173,36.25969320356361,37.14990234375,7554600,0.0,0.0,0.0
2023-01-23 00:00:00-05:00,37.22517272355103,37.98937705750014,37.11716872338558,37.819190979003906,8271000,0.0,0.0,0.0
2023-01-24 00:00:00-05:00,37.601546317066635,37.85682918096826,37.51972680707616,37.70137023925781,9303000,0.0,0.0,0.0
2023-01-25 00:00:00-05:00,37.110617121207994,37.69972875577372,36.77024500588509,37.612998962402344,7485000,0.0,0.0,0.0
2023-01-26 00:00:00-05:00,38.030284171823745,38.25447222379693,37.67190764521071,38.19883346557617,13551000,0.0,0.0,0.0
2023-01-27 00:00:00-05:00,38.133377268205734,38.85503685831138,38.107196526780555,38.57848358154297,7832400,0.0,0.0,0.0
2023-01-30 00:00:00-05:00,38.22174970777776,38.39193578960451,37.83555562139288,37.86174011230469,10236000,0.0,0.0,0.0
2023-01-31 00:00:00-05:00,37.90100749546694,38.504846291676685,37.88791712402962,38.49502944946289,6051000,0.0,0.0,0.0
2023-02-01 00:00:00-05:00,38.408293432487085,39.5325109391083,38.20537957918226,39.23795700073242,8489400,0.0,0.0,0.0
2023-02-02 00:00:00-05:00,40.080714807432294,40.686186642219795,39.94816683328182,40.4587287902832,12455400,0.0,0.0,0.0
2023-02-03 00:00:00-05:00,39.547241716544725,40.51600039339822,39.53415134474509,39.80252456665039,9529200,0.0,0.0,0.0
2023-02-06 00:00:00-05:00,39.498147975500245,39.68142815306722,39.26250631343606,39.43923568725586,5010000,0.0,0.0,0.0
2023-02-07 00:00:00-05:00,39.39832465333233,40.31635474128823,39.25759287501342,40.187076568603516,6450000,0.0,0.0,0.0
2023-02-08 00:00:00-05:00,39.98416317309273,40.18544402049719,39.50305924958879,39.59797286987305,5031000,0.0,0.0,0.0
2023-02-09 00:00:00-05:00,40.09217896591059,40.12000022706812,39.06451146825059,39.22160720825195,5331600,0.0,0.0,0.0
2023-02-10 00:00:00-05:00,38.94668609011203,39.15941683688132,38.668492238037295,38.96795654296875,4858200,0.0,0.0,0.0
2023-02-13 00:00:00-05:00,39.1234050025633,39.62578302739909,38.99576360460327,39.54887008666992,5157600,0.0,0.0,0.0
2023-02-14 00:00:00-05:00,39.39178454036255,39.948168439419334,39.14468550252,39.76816177368164,7087200,0.0,0.0,0.0
2023-02-15 00:00:00-05:00,39.55870209405067,40.092171303882665,39.511247151737756,40.08890151977539,4271400,0.0,0.0,0.0
2023-02-16 00:00:00-05:00,39.453961531893604,39.933428617678466,39.31322976026666,39.329593658447266,4389000,0.0,0.0,0.0
2023-02-17 00:00:00-05:00,39.057955132863434,39.12014095533357,38.60303192638133,38.99740982055664,4828200,0.0,0.0,0.0
2023-02-21 00:00:00-05:00,38.4770311599563,38.59158222826264,38.023744672262126,38.03520202636719,5466600,0.0,0.0,0.0
2023-02-22 00:00:00-05:00,38.14483831355931,38.32811852110592,37.879742336738815,38.063018798828125,3800400,0.0,0.0,0.0
2023-02-23 00:00:00-05:00,38.49503277996407,38.537577427180416,37.84210222528176,38.3804817199707,4644000,0.0,0.0,0.0
2023-02-24 00:00:00-05:00,37.748825222090616,37.83882855590783,37.48699904437558,37.72427749633789,4235400,0.0,0.0,0.0
2023-02-27 00:00:00-05:00,38.1153883863933,38.30030163442195,37.89611056371074,37.989383697509766,4514400,0.0,0.0,0.0
2023-02-28 00:00:00-05:00,37.909192653029784,38.272475755037156,37.86828102720909,37.94683074951172,4096800,0.0,0.0,0.0
2023-03-01 00:00:00-05:00,37.9157382647917,37.95173584977363,37.53608753057851,37.650638580322266,5136600,0.0,0.0,0.0
2023-03-02 00:00:00-05:00,37.42644846512003,38.11210679357491,37.39208389773609,38.015560150146484,5431800,0.0,0.0,0.0
2023-03-03 00:00:00-05:00,38.239751833265004,38.81904298493614,38.190660124572325,38.81413269042969,4496400,0.0,0.0,0.0
2023-03-06 00:00:00-05:00,38.93358340067809,39.32796125603004,38.82721617797863,38.85667419433594,4365000,0.0,0.0,0.0
2023-03-07 00:00:00-05:00,38.84685832300739,38.96631967657101,38.25775036073722,38.334659576416016,3598800,0.0,0.0,0.0
2023-03-08 00:00:00-05:00,38.3641108409788,38.57357174583243,38.14482934939093,38.47047805786133,3222000,0.0,0.0,0.0
2023-03-09 00:00:00-05:00,38.52939603787166,38.8632248725156,37.69154854913798,37.77827835083008,6967200,0.0,0.0,0.0
2023-03-10 00:00:00-05:00,37.78482802911745,37.86501077757763,36.94534746294465,37.105716705322266,10600800,0.0,0.0,0.0
2023-03-13 00:00:00-04:00,36.850430108684996,37.809368191002605,36.65569631585902,37.339717864990234,8229600,0.0,0.0,0.0
2023-03-14 00:00:00-04:00,37.88137568020284,38.27738659028354,37.66536768627319,38.15465545654297,7477200,0.0,0.0,0.0
2023-03-15 00:00:00-04:00,37.75045482770279,38.22174185821326,37.49680877636963,38.16773986816406,7442400,0.0,0.0,0.0
2023-03-16 00:00:00-04:00,38.05647356805633,39.14632678574604,37.96320044041826,39.1070556640625,7738200,0.0,0.0,0.0
2023-03-17 00:00:00-04:00,39.13159928819235,39.34760731003022,38.63576439509061,38.87468338012695,8846400,0.0,0.0,0.0
2023-03-20 00:00:00-04:00,38.82558780927554,39.051416419870534,38.58830933530128,38.99250411987305,6789000,0.0,0.0,0.0
2023-03-21 00:00:00-04:00,39.277234466930956,39.67815565210908,39.129955615231864,39.620880126953125,5621400,0.0,0.0,0.0
2023-03-22 00:00:00-04:00,39.61433913689453,40.180536126824805,39.020320892333984,39.020320892333984,8819400,0.0,0.0,0.0
2023-03-23 00:00:00-04:00,39.4644234288118,39.98246449498987,39.08081271166252,39.41032409667969,4911000,0.0715,0.0,0.0
2023-03-24 00:00:00-04:00,39.27589829892042,39.52016327978592,38.99064795136734,39.516883850097656,6060600,0.0,0.0,0.0
2023-03-27 00:00:00-04:00,39.6152463526398,39.775900878687686,39.228356213888,39.33491516113281,4886400,0.0,0.0,0.0
2023-03-28 00:00:00-04:00,39.30048592435806,39.30376160147629,38.9053972391759,39.17097473144531,5440200,0.0,0.0,0.0
2023-03-29 00:00:00-04:00,39.623441756012745,39.88737955583436,39.511963662801,39.8480339050293,4660800,0.0,0.0,0.0
2023-03-30 00:00:00-04:00,40.143121133846144,40.21852925101686,39.94967606837685,40.16770935058594,4858200,0.0,0.0,0.0
2023-03-31 00:00:00-04:00,40.26115597358591,40.923458173177465,40.23000889659984,40.892311096191406,4198800,0.0,0.0,0.0
2023-04-03 00:00:00-04:00,40.64312843674114,40.88411399165401,40.52017608698038,40.85460662841797,6676200,0.0,0.0,0.0
2023-04-04 00:00:00-04:00,40.92509314761842,41.072637445821144,40.59558180080068,40.7332878112793,4864800,0.0,0.0,0.0
2023-04-05 00:00:00-04:00,40.59558260208252,40.62181053211644,40.09721440936365,40.297218322753906,4353000,0.0,0.0,0.0
2023-04-06 00:00:00-04:00,40.08901651519954,40.57262723896878,39.90376629568003,40.54967498779297,7896600,0.0,0.0,0.0
2023-04-10 00:00:00-04:00,40.207061366094386,40.508705139160156,39.98246918935041,40.508705139160156,5866200,0.0,0.0,0.0
2023-04-11 00:00:00-04:00,40.492305203583804,40.52673170867808,40.24967620097767,40.34476089477539,4440600,0.0,0.0,0.0
2023-04-12 00:00:00-04:00,40.60378061339195,40.710339560967924,40.04967708776306,40.09721755981445,6738600,0.0,0.0,0.0
2023-04-13 00:00:00-04:00,40.29721998173698,40.94968760883682,40.29721998173698,40.90706253051758,4476000,0.0,0.0,0.0
2023-04-14 00:00:00-04:00,40.71361665967273,41.041488305331654,40.46935170206467,40.80050277709961,3717000,0.0,0.0,0.0
2023-04-17 00:00:00-04:00,40.74148838464358,40.89231213338314,40.548043306370424,40.8742790222168,4680000,0.0,0.0,0.0
2023-04-18 00:00:00-04:00,41.128370611237465,41.182469934305615,40.78246588827425,40.91525650024414,3800400,0.0,0.0,0.0
2023-04-19 00:00:00-04:00,40.67427156443349,41.05952197278662,40.63328995329879,40.94804763793945,4039200,0.0,0.0,0.0
2023-04-20 00:00:00-04:00,40.57427217516302,40.98575052151209,40.51853313068115,40.689029693603516,3741600,0.0,0.0,0.0
2023-04-21 00:00:00-04:00,40.70705969512793,40.82181721538341,40.502140376081606,40.743125915527344,4777200,0.0,0.0,0.0
2023-04-24 00:00:00-04:00,40.743129634050405,40.88083942136696,40.415257943210726,40.690670013427734,3446400,0.0,0.0,0.0
2023-04-25 00:00:00-04:00,40.490666412680056,40.536567169783815,39.83327961920511,39.84639358520508,4230000,0.0,0.0,0.0
2023-04-26 00:00:00-04:00,40.21360972775591,40.44312476321509,39.96114994272452,40.04147720336914,3521400,0.0,0.0,0.0
2023-04-27 00:00:00-04:00,40.37754333379146,41.046404291148995,40.370984475544084,41.00050354003906,3899400,0.0,0.0,0.0
2023-04-28 00:00:00-04:00,40.9070598085515,41.323457266882976,40.820173695181495,41.31690216064453,3870000,0.0,0.0,0.0
2023-05-01 00:00:00-04:00,41.2824731300091,41.451326202573924,41.187388449405,41.25788116455078,5618400,0.0,0.0,0.0
2023-05-02 00:00:00-04:00,41.23985534274019,41.27264213433879,40.651325304350586,40.90214538574219,4208400,0.0,0.0,0.0
2023-05-03 00:00:00-04:00,40.9005104866358,41.32838225555149,40.664440327896756,40.685752868652344,3598200,0.0,0.0,0.0
2023-05-04 00:00:00-04:00,40.59886549344618,40.71033983390745,40.37426959331526,40.484107971191406,15943800,0.0,0.0,0.0
2023-05-05 00:00:00-04:00,40.818541273257914,41.44969643196383,40.818541273257914,41.326744079589844,3577800,0.0,0.0,0.0
2023-05-08 00:00:00-04:00,41.32674142759912,41.471006312264635,41.220182478899154,41.44477462768555,7657800,0.0,0.0,0.0
2023-05-09 00:00:00-04:00,41.2709951284319,41.38247320193917,41.226734093255466,41.25788116455078,4219800,0.0,0.0,0.0
2023-05-10 00:00:00-04:00,41.58084622241801,41.79560384252886,41.25625021996234,41.68904113769531,3936600,0.0,0.0,0.0
2023-05-11 00:00:00-04:00,41.72018814086914,41.784122005696766,41.46116949993271,41.72018814086914,4690800,0.0,0.0,0.0
2023-05-12 00:00:00-04:00,41.80871383983904,41.84478005890995,41.32509931178953,41.58412170410156,3640800,0.0,0.0,0.0
2023-05-15 00:00:00-04:00,41.634939251241825,41.77264526093049,41.44804930762948,41.744773864746094,4094400,0.0,0.0,0.0
2023-05-16 00:00:00-04:00,41.62182548334529,41.85953534583867,41.60379237311762,41.6824836730957,4126200,0.0,0.0,0.0
2023-05-17 00:00:00-04:00,41.8283836895492,42.25461567706645,41.690673929666545,42.20215606689453,5511000,0.0,0.0,0.0
2023-05-18 00:00:00-04:00,42.27921241800472,42.907088096382594,42.277572703232245,42.87266159057617,5916000,0.0,0.0,0.0
2023-05-19 00:00:00-04:00,42.89068995226218,42.9529840978883,42.623472757050166,42.744789123535156,3851400,0.0,0.0,0.0
2023-05-22 00:00:00-04:00,42.70544344511583,42.9956091399644,42.70544344511583,42.85954284667969,4333200,0.0,0.0,0.0
2023-05-23 00:00:00-04:00,42.59725066575115,42.74971037373574,42.118555249194,42.19724655151367,5956800,0.0,0.0,0.0
2023-05-24 00:00:00-04:00,41.92346989049147,42.134948072340876,41.74641821488695,41.966094970703125,3946200,0.0,0.0,0.0
2023-05-25 00:00:00-04:00,42.759540740684436,42.918555526263546,42.45953677253531,42.74970245361328,4822200,0.0,0.0,0.0
2023-05-26 00:00:00-04:00,42.84643494645895,43.66119685910256,42.836596657528425,43.55463790893555,5502600,0.0,0.0,0.0
2023-05-30 00:00:00-04:00,44.000542385563925,44.11038075501559,43.53496097749844,43.71037292480469,6052800,0.0,0.0,0.0
2023-05-31 00:00:00-04:00,43.48742562263299,43.693984668489506,43.25955403580526,43.452999114990234,10084800,0.0,0.0,0.0
2023-06-01 00:00:00-04:00,43.37430739089968,44.11693680608076,43.300535238129974,43.98414993286133,6967800,0.0,0.0,0.0
2023-06-02 00:00:00-04:00,44.33169550320655,44.55300821478768,44.10546364739696,44.47760009765625,7603200,0.0,0.0,0.0
2023-06-05 00:00:00-04:00,44.408742207837584,44.769400615269475,44.31201780967719,44.41202163696289,6732000,0.0,0.0,0.0
2023-06-06 00:00:00-04:00,44.38087785696924,44.57104350214211,44.257925510704865,44.493995666503906,5344200,0.0,0.0,0.0
2023-06-07 00:00:00-04:00,44.51531562611061,44.75138206904568,43.754649166435314,43.82514190673828,5075400,0.0,0.0,0.0
2023-06-08 00:00:00-04:00,43.8316954774801,44.32514084784307,43.82021747319184,44.25956726074219,4270800,0.0,0.0,0.0
2023-06-09 00:00:00-04:00,44.43333963585529,44.74646139473017,44.25956737825177,44.395633697509766,5038200,0.0,0.0,0.0
2023-06-12 00:00:00-04:00,44.56776658168548,45.04645823480862,44.467762741315525,45.03334426879883,4246200,0.0,0.0,0.0
2023-06-13 00:00:00-04:00,45.31695289014491,45.44646408637366,44.99236067053197,45.35137939453125,5042400,0.0,0.0,0.0
2023-06-14 00:00:00-04:00,45.36284947192329,45.69400427209723,45.054650675505066,45.56941223144531,5235600,0.0,0.0,0.0
2023-06-15 00:00:00-04:00,45.41694929758868,46.35466716584726,45.367769117047345,46.17597579956055,6342600,0.0,0.0,0.0
2023-06-16 00:00:00-04:00,46.50058023091694,46.50058023091694,45.85466765109794,45.88581848144531,8319600,0.0,0.0,0.0
2023-06-20 00:00:00-04:00,45.684170936849505,45.92024107951827,45.444825116924925,45.80220413208008,4665000,0.0,0.0,0.0
2023-06-21 00:00:00-04:00,45.671058919410704,45.72187882163904,45.15957671531625,45.31695556640625,3850800,0.0,0.0,0.0
2023-06-22 00:00:00-04:00,45.14973399245292,45.77924928267325,45.113667777771106,45.774330139160156,3757800,0.0,0.0,0.0
2023-06-23 00:00:00-04:00,45.30347102364134,45.658093850458165,45.18197913933563,45.42332077026367,3634800,0.068667,0.0,0.0
2023-06-26 00:00:00-04:00,45.32810756134417,45.65810592568935,44.89796131833899,44.911094665527344,4695000,0.0,0.0,0.0
2023-06-27 00:00:00-04:00,45.11958930738831,45.70735059387184,45.04735028012485,45.612125396728516,4278000,0.0,0.0,0.0
2023-06-28 00:00:00-04:00,45.46600943956403,45.95526505685338,45.403623232617456,45.76974105834961,6108000,0.0,0.0,0.0
2023-06-29 00:00:00-04:00,45.74675009428837,45.86003504693302,45.580931767245865,45.78779602050781,3703200,0.0,0.0,0.0
2023-06-30 00:00:00-04:00,46.20645656361063,46.54959198089177,46.16705652801704,46.45600891113281,4610400,0.0,0.0,0.0
2023-07-03 00:00:00-04:00,46.47899526222733,46.541381470471435,46.32959077761238,46.459293365478516,3340200,0.0,0.0,0.0
2023-07-05 00:00:00-04:00,46.24914599773351,46.595561943224126,46.18511389221797,46.48228073120117,4317600,0.0,0.0,0.0
2023-07-06 00:00:00-04:00,45.99794946549377,46.18346970664043,45.78451663874376,46.14406967163086,4293600,0.0,0.0,0.0
2023-07-07 00:00:00-04:00,46.055412883352446,46.462576639291726,45.963471953091485,45.99302291870117,3837600,0.0,0.0,0.0
2023-07-10 00:00:00-04:00,45.851830939005644,46.0324285309871,45.65153520767408,45.99138259887695,4123800,0.0,0.0,0.0
2023-07-11 00:00:00-04:00,46.0816786167025,46.2836202315167,45.841979105616375,46.23436737060547,4450800,0.0,0.0,0.0
2023-07-12 00:00:00-04:00,46.69898860215813,46.94689879001925,46.53317026951072,46.78600311279297,5866800,0.0,0.0,0.0
2023-07-13 00:00:00-04:00,47.16689751074377,47.52973101473245,47.056896835878824,47.44107437133789,4861200,0.0,0.0,0.0
2023-07-14 00:00:00-04:00,47.529735050742424,47.863017621151094,47.39018340214653,47.48212432861328,3987000,0.0,0.0,0.0
2023-07-17 00:00:00-04:00,47.58719784494554,47.91883827232368,47.52973429709594,47.80227279663086,4662600,0.0,0.0,0.0
2023-07-18 00:00:00-04:00,47.73824507106579,48.32929070790924,47.513321030052225,48.18645477294922,5626200,0.0,0.0,0.0
2023-07-19 00:00:00-04:00,48.3539095720064,48.444208356917954,48.015700602451886,48.15032958984375,26397000,0.0,0.0,0.0
2023-07-20 00:00:00-04:00,47.80227502392858,48.0042128830558,47.0963060703896,47.21287155151367,11890800,0.0,0.0,0.0
2023-07-21 00:00:00-04:00,47.47555602291728,47.52973529641421,47.07988348838688,47.11436462402344,4319400,0.0,0.0,0.0
2023-07-24 00:00:00-04:00,47.28839173569075,47.37704838348062,47.01421110375162,47.263763427734375,3922200,0.0,0.0,0.0
2023-07-25 00:00:00-04:00,47.290031464757426,47.71853544245641,47.290031464757426,47.55107498168945,3782400,0.0,0.0,0.0
2023-07-26 00:00:00-04:00,47.37377024369743,47.64958929132114,47.18332357949283,47.495262145996094,3706800,0.0,0.0,0.0
2023-07-27 00:00:00-04:00,48.07480807355968,48.191373550550054,47.03719871398628,47.18003463745117,4558200,0.0,0.0,0.0
2023-07-28 00:00:00-04:00,47.623315602572035,48.01570008106049,47.562567781472204,47.91719436645508,4101000,0.0,0.0,0.0
2023-07-31 00:00:00-04:00,47.976305073326245,48.07645293610314,47.82197417676525,48.01570510864258,4461600,0.0,0.0,0.0
2023-08-01 00:00:00-04:00,47.864662170410156,47.950034550090336,47.66107841170893,47.864662170410156,3820200,0.0,0.0,0.0
2023-08-02 00:00:00-04:00,47.431231227788274,47.431231227788274,46.6989918200671,46.84839630126953,5129400,0.0,0.0,0.0
2023-08-03 00:00:00-04:00,46.50197683305535,46.96660034641612,46.50033469534274,46.741676330566406,4389600,0.0,0.0,0.0
2023-08-04 00:00:00-04:00,47.004361798581,47.23749650200321,46.43301812508886,46.47734832763672,5836200,0.0,0.0,0.0
2023-08-07 00:00:00-04:00,46.66287063578527,46.83361538727056,46.41988685303642,46.81555938720703,3786600,0.0,0.0,0.0
2023-08-08 00:00:00-04:00,46.62018585205078,46.67272298718452,46.23436614848261,46.62018585205078,4089600,0.0,0.0,0.0
2023-08-09 00:00:00-04:00,46.68914442388882,46.68914442388882,46.03899685374021,46.135860443115234,3838200,0.0,0.0,0.0
2023-08-10 00:00:00-04:00,46.48063471396376,46.88122990403222,46.04720052604334,46.221229553222656,4228800,0.0,0.0,0.0
2023-08-11 00:00:00-04:00,45.94376704686114,46.186750822683884,45.80585753938078,45.971675872802734,4106400,0.0,0.0,0.0
2023-08-14 00:00:00-04:00,45.93063702861134,46.49212792558328,45.80586085620063,46.483917236328125,4711800,0.0,0.0,0.0
2023-08-15 00:00:00-04:00,46.308247125382195,46.47899564603104,45.955266392121594,46.01929473876953,3963600,0.0,0.0,0.0
2023-08-16 00:00:00-04:00,45.953627525374394,46.15720754503048,45.62526756381229,45.6351203918457,4206000,0.0,0.0,0.0
2023-08-17 00:00:00-04:00,45.773016506811075,45.82062722175987,45.0686898189659,45.15242004394531,4864800,0.0,0.0,0.0
2023-08-18 00:00:00-04:00,44.69601746714129,45.231241734592025,44.62870483863895,45.09169006347656,4570800,0.0,0.0,0.0
2023-08-21 00:00:00-04:00,45.27556505114453,45.77466976270527,45.1672064947331,45.702430725097656,3949200,0.0,0.0,0.0
2023-08-22 00:00:00-04:00,46.00780515826023,46.01601209024122,45.61213258365462,45.7155647277832,4661400,0.0,0.0,0.0
2023-08-23 00:00:00-04:00,45.81899336604482,46.52496231901856,45.81899336604482,46.3919792175293,3910800,0.0,0.0,0.0
2023-08-24 00:00:00-04:00,46.741677787306664,46.84346778214798,45.50212681830444,45.54153060913086,4755000,0.0,0.0,0.0
2023-08-25 00:00:00-04:00,45.64660398436467,46.0734696085246,45.22302263566792,45.896156311035156,4348200,0.0,0.0,0.0
2023-08-28 00:00:00-04:00,46.17197904445864,46.3049659071622,45.94212859430354,46.22944259643555,4231200,0.0,0.0,0.0
2023-08-29 00:00:00-04:00,46.1489945581987,47.17018639717202,46.13914548840834,47.120933532714844,4879800,0.0,0.0,0.0
2023-08-30 00:00:00-04:00,47.18825231008742,47.4985525363619,47.08317801577568,47.427955627441406,3885000,0.0,0.0,0.0
2023-08-31 00:00:00-04:00,47.49526014933217,47.754661564537656,47.413172045217145,47.49361801147461,3557400,0.0,0.0,0.0
2023-09-01 00:00:00-04:00,47.84332074456089,47.89750002346136,47.35571099220938,47.54287338256836,3703200,0.0,0.0,0.0
2023-09-05 00:00:00-04:00,47.46570261367571,47.73003040586826,47.30644908330807,47.55107498168945,3622800,0.0,0.0,0.0
2023-09-06 00:00:00-04:00,47.46242835288881,47.50019001084852,46.85989147901577,47.112728118896484,3811800,0.0,0.0,0.0
2023-09-07 00:00:00-04:00,46.52825168018305,46.95511737426576,46.44287929291708,46.86481857299805,3614400,0.0,0.0,0.0
2023-09-08 00:00:00-04:00,46.85824787765739,47.16690592584992,46.79586166750031,46.89765167236328,2849400,0.0,0.0,0.0
2023-09-11 00:00:00-04:00,47.265409456170374,47.459140387084204,47.03227473238364,47.41481018066406,7426800,0.0,0.0,0.0
2023-09-12 00:00:00-04:00,47.23093427393247,47.31959093314437,46.83854598030445,46.89765167236328,3853200,0.0,0.0,0.0
2023-09-13 00:00:00-04:00,46.84675162893232,47.19645181437361,46.743319497273816,47.022422790527344,3555000,0.0,0.0,0.0
2023-09-14 00:00:00-04:00,47.20466375706183,47.40496324840176,46.943620193577566,47.30645751953125,3060000,0.0,0.0,0.0
2023-09-15 00:00:00-04:00,47.15705184165573,47.19809777319329,46.47242689733377,46.5380973815918,3817200,0.0,0.0,0.0
2023-09-18 00:00:00-04:00,46.4100474928222,46.703926334938565,46.38049276437112,46.5594482421875,4128600,0.0,0.0,0.0
2023-09-19 00:00:00-04:00,46.40018886634834,46.539740527294946,46.10138364720054,46.48228073120117,3595800,0.0,0.0,0.0
2023-09-20 00:00:00-04:00,46.62019048516604,46.630039554965784,45.76810127401007,45.7779541015625,3832800,0.0,0.0,0.0
2023-09-21 00:00:00-04:00,45.34657213153375,45.430415447698515,44.851726486371206,44.87967300415039,5939400,0.062667,0.0,0.0
2023-09-22 00:00:00-04:00,45.099960729702694,45.328477172401584,44.77115743979796,44.8188362121582,9249600,0.0,0.0,0.0
2023-09-25 00:00:00-04:00,44.68238537490356,45.0654411315918,44.60018642593642,45.0654411315918,4075800,0.0,0.0,0.0
2023-09-26 00:00:00-04:00,44.74979634206935,44.802400663484526,44.20069828690823,44.31577682495117,5293200,0.0,0.0,0.0
2023-09-27 00:00:00-04:00,44.470303579236194,44.59360386990212,43.9409341306264,44.379886627197266,4236600,0.0,0.0,0.0
2023-09-28 00:00:00-04:00,44.23850463585102,44.94214195542255,44.15137261890958,44.723487854003906,4461600,0.0,0.0,0.0
2023-09-29 00:00:00-04:00,45.19037698937148,45.32189905587857,44.61826559527263,44.76786804199219,6013200,0.0,0.0,0.0
2023-10-02 00:00:00-04:00,44.71855763345888,45.27916241710036,44.68403369554626,45.11969757080078,5790000,0.0,0.0,0.0
2023-10-03 00:00:00-04:00,44.83692499347464,45.04571295935049,44.11849225181065,44.28453826904297,5191800,0.0,0.0,0.0
2023-10-04 00:00:00-04:00,44.373313973311895,44.9865267823651,44.36509219706543,44.901039123535156,4400400,0.0,0.0,0.0
2023-10-05 00:00:00-04:00,44.85171949285223,45.009543730423616,44.44236158317982,44.93062973022461,5265600,0.0,0.0,0.0
2023-10-06 00:00:00-04:00,44.60018070511812,45.85126773833842,44.5656567746976,45.69179916381836,5968800,0.0,0.0,0.0
2023-10-09 00:00:00-04:00,45.37121996195719,45.99758756928918,45.2084664319027,45.897300720214844,6362400,0.0,0.0,0.0
2023-10-10 00:00:00-04:00,45.94826897515051,46.48092340006254,45.88908347779297,46.11431121826172,3925800,0.0,0.0,0.0
2023-10-11 00:00:00-04:00,46.2918636887397,46.51709142794944,46.12581768373022,46.47763442993164,3313200,0.0,0.0,0.0
2023-10-12 00:00:00-04:00,46.52037690872486,46.752182052454046,45.987718760942016,46.25075912475586,4851600,0.0,0.0,0.0
2023-10-13 00:00:00-04:00,46.341182000080664,46.43489142753341,45.55699393716456,45.73454666137695,4423800,0.0,0.0,0.0
2023-10-16 00:00:00-04:00,45.87757602329372,46.37406595592666,45.85785128569756,46.25898742675781,4583400,0.0,0.0,0.0
2023-10-17 00:00:00-04:00,45.77071691440714,46.367489910879264,45.594804774927375,46.1373291015625,5800800,0.0,0.0,0.0
2023-10-18 00:00:00-04:00,45.7970204445247,46.04855411597481,45.257788574924604,45.40410232543945,3796800,0.0,0.0,0.0
2023-10-19 00:00:00-04:00,45.5389067948643,45.7476947268696,44.92733466826131,45.03255081176758,6355200,0.0,0.0,0.0
2023-10-20 00:00:00-04:00,44.970086016410605,45.01611667391152,44.31741622119697,44.3519401550293,9432000,0.0,0.0,0.0
2023-10-23 00:00:00-04:00,44.13328972886622,44.905971113144155,43.909702574240384,44.49168014526367,4897200,0.0,0.0,0.0
2023-10-24 00:00:00-04:00,44.71855716196405,44.984886292836286,44.455516741873005,44.87309646606445,6026400,0.0,0.0,0.0
2023-10-25 00:00:00-04:00,44.53113235192587,44.59689150193766,43.7962636909134,43.858734130859375,7192800,0.0,0.0,0.0
2023-10-26 00:00:00-04:00,43.73214496432866,43.81927696660586,42.85095881139725,42.997276306152344,9342000,0.0,0.0,0.0
2023-10-27 00:00:00-04:00,43.352383658709755,43.59240682367087,42.9841271357705,43.150169372558594,4732200,0.0,0.0,0.0
2023-10-30 00:00:00-04:00,43.50528183920961,43.871894066219966,43.36718609117225,43.738731384277344,4999800,0.0,0.0,0.0
2023-10-31 00:00:00-04:00,43.80942497136311,44.01327988900701,43.49377646240201,43.978755950927734,4122600,0.0,0.0,0.0
2023-11-01 00:00:00-04:00,44.04451349167373,44.69717952451584,44.04122478124425,44.6577262878418,16606800,0.0,0.0,0.0
2023-11-02 00:00:00-04:00,45.17887385723609,45.547130404766335,45.14270556828414,45.52082824707031,8007600,0.0,0.0,0.0
2023-11-03 00:00:00-04:00,45.65233998969203,46.15540725218576,45.6243934808095,46.01402282714844,7926600,0.0,0.0,0.0
2023-11-06 00:00:00-05:00,46.10938252947717,46.28693527557664,45.95155828436952,46.27707290649414,4399800,0.0,0.0,0.0
2023-11-07 00:00:00-05:00,46.38392772527226,46.82780577314761,46.27542286456446,46.707794189453125,5243400,0.0,0.0,0.0
2023-11-08 00:00:00-05:00,46.82452655135759,46.944538149726874,46.58778830242665,46.888641357421875,4637400,0.0,0.0,0.0
2023-11-09 00:00:00-05:00,46.99878836804723,47.07934296065416,46.4579083790199,46.51544952392578,3951600,0.0,0.0,0.0
2023-11-10 00:00:00-05:00,46.68643330536785,47.452537359803834,46.630536510071984,47.42623519897461,4527600,0.0,0.0,0.0
2023-11-13 00:00:00-05:00,47.28977176014427,47.5396610584037,47.09249429998548,47.4032096862793,5221200,0.0,0.0,0.0
2023-11-14 00:00:00-05:00,48.15122929928337,48.52113018006209,48.14465564166293,48.350154876708984,6292800,0.0,0.0,0.0
2023-11-15 00:00:00-05:00,48.590178043448006,48.624701975140965,48.195619361646514,48.350154876708984,6037200,0.0,0.0,0.0
2023-11-16 00:00:00-05:00,48.30412229768487,48.58031374022543,48.2695983673673,48.55894088745117,5229000,0.0,0.0,0.0
2023-11-17 00:00:00-05:00,48.5046903129364,48.60168845023718,48.31563086648825,48.517845153808594,4332000,0.0,0.0,0.0
2023-11-20 00:00:00-05:00,48.48168207018444,49.15408039453751,48.48168207018444,49.06365966796875,5816400,0.0,0.0,0.0
2023-11-21 00:00:00-05:00,48.930490624384674,49.03735113529202,48.700329813417035,48.91569519042969,7948200,0.0,0.0,0.0
2023-11-22 00:00:00-05:00,49.17709398951258,49.43356073524081,48.98639016692018,49.14585876464844,4487400,0.0,0.0,0.0
2023-11-24 00:00:00-05:00,49.11133685857886,49.16723365228204,48.948579543544355,49.10311508178711,2686800,0.0,0.0,0.0
2023-11-27 00:00:00-05:00,49.015976586721564,49.2790169669053,48.94692872209998,49.06694030761719,6190800,0.0,0.0,0.0
2023-11-28 00:00:00-05:00,48.95679749754117,49.2708016155827,48.90583377389254,49.18695831298828,4407600,0.0,0.0,0.0
2023-11-29 00:00:00-05:00,49.51411581792394,49.59467041381315,49.08831810135877,49.1146240234375,5508000,0.0,0.0,0.0
2023-11-30 00:00:00-05:00,49.21325532740357,49.270796465957986,48.70690309147287,49.08502197265625,4930800,0.0,0.0,0.0
2023-12-01 00:00:00-05:00,48.97159087524484,49.341491767091036,48.828562078858475,49.25764846801758,5866800,0.0,0.0,0.0
2023-12-04 00:00:00-05:00,48.77924049815436,48.87294616111293,48.38961112489127,48.80060958862305,6702600,0.0,0.0,0.0
2023-12-05 00:00:00-05:00,48.6016868017721,49.16229146449227,48.58195830395928,49.0307731628418,4706400,0.0,0.0,0.0
2023-12-06 00:00:00-05:00,49.279027817465874,49.376025978017815,48.72993348987251,48.76609802246094,4821600,0.0,0.0,0.0
2023-12-07 00:00:00-05:00,49.06859140315105,49.39410603493317,49.004476595145604,49.35136032104492,4989600,0.0,0.0,0.0
2023-12-08 00:00:00-05:00,49.165579830835014,49.650559209019484,49.155713700584485,49.5897331237793,4521600,0.0,0.0,0.0
2023-12-11 00:00:00-05:00,49.38259647227539,49.622623443603516,49.282313369971455,49.622623443603516,4970400,0.0,0.0,0.0
2023-12-12 00:00:00-05:00,49.54699493159903,49.98758807894575,49.46315162588655,49.979366302490234,5128200,0.0,0.0,0.0
2023-12-13 00:00:00-05:00,50.06156996500522,50.653409944915076,49.994166448098916,50.55641555786133,5031600,0.0,0.0,0.0
2023-12-14 00:00:00-05:00,50.75698037299381,50.84410861928535,50.03525897271495,50.48242950439453,6144000,0.0,0.0,0.0
2023-12-15 00:00:00-05:00,50.3722880025378,50.760273096528884,50.3722880025378,50.62053298950195,5734200,0.0,0.0,0.0
2023-12-18 00:00:00-05:00,50.74547400046451,51.12852600060371,50.67642612963518,51.008514404296875,5775600,0.0,0.0,0.0
2023-12-19 00:00:00-05:00,51.084131665001486,51.28963088989258,51.059470102371044,51.28963088989258,5147400,0.0,0.0,0.0
2023-12-20 00:00:00-05:00,51.260048365513164,51.51486699430049,50.59751240501258,50.61724090576172,6037200,0.0,0.0,0.0
2023-12-21 00:00:00-05:00,51.05785592770168,51.18632965434466,50.72843041247806,51.161624908447266,7036800,0.0975,0.0,0.0
2023-12-22 00:00:00-05:00,51.24067251765748,51.341150271734286,50.92771816821188,51.15666961669922,5793600,0.0,0.0,0.0
2023-12-26 00:00:00-05:00,51.168211068484695,51.398806273100185,51.168211068484695,51.33951187133789,4126200,0.0,0.0,0.0
2023-12-27 00:00:00-05:00,51.37574222169593,51.44327404254607,51.22585121152562,51.39715576171875,5169600,0.0,0.0,0.0
2023-12-28 00:00:00-05:00,51.47951670906097,51.58658065068245,51.379042709689365,51.416927337646484,6059400,0.0,0.0,0.0
2023-12-29 00:00:00-05:00,51.38233603942092,51.50257609171129,50.977141313763546,51.20608901977539,5161200,0.0,0.0,0.0
2024-01-02 00:00:00-05:00,50.792661252411115,50.804189881130064,50.0119189908277,50.33311080932617,8231400,0.0,0.0,0.0
2024-01-03 00:00:00-05:00,49.97896832493481,50.150269091020895,49.77143042333177,49.82413864135742,7714800,0.0,0.0,0.0
2024-01-04 00:00:00-05:00,49.694019958963146,50.034977818841995,49.565542483213356,49.58695602416992,5700600,0.0,0.0,0.0
2024-01-05 00:00:00-05:00,49.6314309664273,49.97403254436175,49.46012640747044,49.64295959472656,5787600,0.0,0.0,0.0
2024-01-08 00:00:00-05:00,49.799442879648986,50.71524887351006,49.799442879648986,50.69054412841797,6112200,0.0,0.0,0.0
2024-01-09 00:00:00-05:00,50.42700319629834,50.94090562839674,50.33476284823319,50.800899505615234,6598200,0.0,0.0,0.0
2024-01-10 00:00:00-05:00,50.88325867604463,51.46469671062222,50.88161119036687,51.34775161743164,4763400,0.0,0.0,0.0
2024-01-11 00:00:00-05:00,51.588225569983216,51.76282133102131,50.88325258390879,51.476219177246094,4943400,0.0,0.0,0.0
2024-01-12 00:00:00-05:00,51.54374342867099,51.69528191069564,51.34444295468768,51.517391204833984,4709400,0.0,0.0,0.0
2024-01-16 00:00:00-05:00,51.3691479220535,51.65410254974886,51.1846710444056,51.449859619140625,5718600,0.0,0.0,0.0
2024-01-17 00:00:00-05:00,51.067731216772415,51.234093326029885,50.70701105410986,51.222564697265625,4473000,0.0,0.0,0.0
2024-01-18 00:00:00-05:00,51.629398814808475,51.93905818723274,51.421857139684555,51.90446853637695,7231800,0.0,0.0,0.0
2024-01-19 00:00:00-05:00,52.15978571842657,52.713224045496005,52.00660347780501,52.70499038696289,5295000,0.0,0.0,0.0
2024-01-22 00:00:00-05:00,52.95205716544718,53.12829665497907,52.741224248261815,52.78899002075195,7660200,0.0,0.0,0.0
2024-01-23 00:00:00-05:00,52.89934911889819,52.9586435208177,52.66380768685805,52.953704833984375,4962000,0.0,0.0,0.0
2024-01-24 00:00:00-05:00,53.321007646344114,53.647138122170595,53.115113443484375,53.14641189575195,6691200,0.0,0.0,0.0
2024-01-25 00:00:00-05:00,53.32101202675997,53.51702133343054,52.95370192618849,53.2715950012207,5199600,0.0,0.0,0.0
2024-01-26 00:00:00-05:00,53.164530211705525,53.42313265392536,53.07064615866084,53.172767639160156,4686000,0.0,0.0,0.0
2024-01-29 00:00:00-05:00,53.23206300823985,53.80526351928711,53.16452741663154,53.80526351928711,5991000,0.0,0.0,0.0
2024-01-30 00:00:00-05:00,53.75090848559512,53.821735278911575,53.426425486673125,53.4659538269043,5898000,0.0,0.0,0.0
2024-01-31 00:00:00-05:00,52.960287237492324,53.18759122531752,52.311317443847656,52.311317443847656,5700600,0.0,0.0,0.0
2024-02-01 00:00:00-05:00,52.68521851661206,53.16288375854492,52.625920347756306,53.16288375854492,7194600,0.0,0.0,0.0
2024-02-02 00:00:00-05:00,53.345717649851714,54.37517745574222,53.27159588030939,54.231876373291016,6417000,0.0,0.0,0.0
2024-02-05 00:00:00-05:00,54.30269350523425,54.35210675280307,53.793729892296106,54.1972770690918,6124800,0.0,0.0,0.0
2024-02-06 00:00:00-05:00,54.322467984787544,54.388352325099305,53.853036405081646,54.2137565612793,4531200,0.0,0.0,0.0
2024-02-07 00:00:00-05:00,54.515180187366106,54.961554492501165,54.472353105844384,54.91707992553711,5676600,0.0,0.0,0.0
2024-02-08 00:00:00-05:00,54.92367272261063,55.08673985997356,54.89237426756863,55.00932312011719,6747000,0.0,0.0,0.0
2024-02-09 00:00:00-05:00,55.264629428194134,55.70112263390058,55.165802911802075,55.62041091918945,4720200,0.0,0.0,0.0
2024-02-12 00:00:00-05:00,55.60888092891339,55.78512418449197,55.17403898944517,55.30086898803711,6849000,0.0,0.0,0.0
2024-02-13 00:00:00-05:00,54.18905136903609,54.86107842062159,54.10833965983312,54.48553466796875,17242800,0.0,0.0,0.0
2024-02-14 00:00:00-05:00,54.91214067632915,55.23333249653238,54.60248125489585,55.2020378112793,12953400,0.0,0.0,0.0
2024-02-15 00:00:00-05:00,55.11803116761424,55.289331952130716,54.854490049131385,55.28438949584961,5931600,0.0,0.0,0.0
2024-02-16 00:00:00-05:00,55.34698297946957,55.417809773318524,54.80013468393689,54.88908004760742,5493000,0.0,0.0,0.0
2024-02-20 00:00:00-05:00,54.61236453132022,54.72437093237866,53.89586286364059,54.320823669433594,5916000,0.0,0.0,0.0
2024-02-21 00:00:00-05:00,53.92221370684092,54.17916488647461,53.70479086792732,54.17916488647461,7280400,0.0,0.0,0.0
2024-02-22 00:00:00-05:00,55.30580224506727,55.97453805927326,55.2613314491422,55.910301208496094,8167800,0.0,0.0,0.0
2024-02-23 00:00:00-05:00,56.155730522149014,56.313855210034795,55.63358691601256,55.81147766113281,4767600,0.0,0.0,0.0
2024-02-26 00:00:00-05:00,55.90536903204151,56.014080468722845,55.64018038316377,55.65994644165039,4776600,0.0,0.0,0.0
2024-02-27 00:00:00-05:00,55.70441716187817,55.786772591549585,55.38816401796209,55.75547790527344,3766800,0.0,0.0,0.0
2024-02-28 00:00:00-05:00,55.51663890023201,55.72252934974823,55.39804633306977,55.595703125,4293000,0.0,0.0,0.0
2024-02-29 00:00:00-05:00,55.831244987208834,56.12278962555553,55.45734868682853,56.00748825073242,6619800,0.0,0.0,0.0
2024-03-01 00:00:00-05:00,56.02889285402397,56.63009683684277,56.02889285402397,56.5905647277832,5740800,0.0,0.0,0.0
2024-03-04 00:00:00-05:00,56.503269041166625,56.60209931764328,56.295731115550005,56.338558197021484,5478600,0.0,0.0,0.0
2024-03-05 00:00:00-05:00,55.9580681287031,55.9580681287031,55.127912657750834,55.43592834472656,6049200,0.0,0.0,0.0
2024-03-06 00:00:00-05:00,55.90535480669267,55.987713991095326,55.46557048474324,55.691226959228516,4665600,0.0,0.0,0.0
2024-03-07 00:00:00-05:00,56.06349295694888,56.611988819922004,55.8378364281557,56.45056915283203,5709000,0.0,0.0,0.0
2024-03-08 00:00:00-05:00,56.5988064698002,57.074827990215546,55.77359342271141,55.90865707397461,5404800,0.0,0.0,0.0
2024-03-11 00:00:00-04:00,55.745588367213806,55.798296591828965,55.398044335842826,55.60228729248047,4453200,0.0,0.0,0.0
2024-03-12 00:00:00-04:00,55.95147326562972,56.6119715638338,55.564393417743574,56.59385299682617,6045600,0.0,0.0,0.0
2024-03-13 00:00:00-04:00,56.514798181978506,56.521384353370976,56.14584063437313,56.327022552490234,4351200,0.0,0.0,0.0
2024-03-14 00:00:00-04:00,56.56586829048763,56.64163377898585,56.02066742047427,56.346797943115234,3996600,0.0,0.0,0.0
2024-03-15 00:00:00-04:00,55.7818260931633,55.97454042362447,55.49028525425679,55.68629455566406,6174000,0.0,0.0,0.0
2024-03-18 00:00:00-04:00,56.343506508687696,56.661403393181565,56.1507921491232,56.19526672363281,4538400,0.0,0.0,0.0
2024-03-19 00:00:00-04:00,55.99596046380867,56.54116134898771,55.71100576373221,56.516456604003906,4227600,0.0,0.0,0.0
2024-03-20 00:00:00-04:00,56.59881212440172,57.122599466741775,56.39127417026585,57.091304779052734,4324200,0.0,0.0,0.0
2024-03-21 00:00:00-04:00,57.54289354952992,57.54289354952992,57.02169373636379,57.061279296875,4752600,0.078,0.0,0.0
2024-03-22 00:00:00-04:00,56.96067568196255,57.249311302436865,56.87325976174879,57.1124153137207,5901000,0.0,0.0,0.0
2024-03-25 00:00:00-04:00,56.777591101251474,57.10086689850412,56.66543326748946,56.92768478393555,4896600,0.0,0.0,0.0
2024-03-26 00:00:00-04:00,57.158591163997464,57.196527012528406,56.69677345493827,56.78583908081055,7357200,0.0,0.0,0.0
2024-03-27 00:00:00-04:00,57.05633639081435,57.13550752048536,56.51534751338238,56.9095458984375,5900400,0.0,0.0,0.0
2024-03-28 00:00:00-04:00,56.833673906546,56.96067539094772,56.686879639826984,56.770999908447266,4245600,0.0,0.0,0.0
2024-04-01 00:00:00-04:00,56.86995910068875,57.12560800327727,56.52689050469737,56.78254318237305,5721600,0.0,0.0,0.0
2024-04-02 00:00:00-04:00,56.16403162504443,56.413085444699846,55.95291365541429,56.38504409790039,7099200,0.0,0.0,0.0
2024-04-03 00:00:00-04:00,56.20525594977648,56.74954793487788,56.20525594977648,56.50214385986328,4244400,0.0,0.0,0.0
2024-04-04 00:00:00-04:00,56.947475621128774,57.12725659349544,55.682417512507406,55.71210479736328,7660800,0.0,0.0,0.0
2024-04-05 00:00:00-04:00,55.989193665345034,56.77428711333465,55.931465040098445,56.536781311035156,5173800,0.0,0.0,0.0
2024-04-08 00:00:00-04:00,56.67037785294279,56.74954897043373,56.36029978463882,56.536781311035156,8352000,0.0,0.0,0.0
2024-04-09 00:00:00-04:00,56.74625979665558,56.795739866483316,55.98590435419858,56.54503631591797,10377600,0.0,0.0,0.0
2024-04-10 00:00:00-04:00,55.9380654735925,56.34215831157361,55.91332355490518,56.21845626831055,5538600,0.0,0.0,0.0
2024-04-11 00:00:00-04:00,56.43782240893608,57.18828327829775,56.12609460017249,57.09096908569336,10566600,0.0,0.0,0.0
2024-04-12 00:00:00-04:00,56.60275538901642,56.799029697086105,56.0766102294035,56.29762268066406,15593400,0.0,0.0,0.0
2024-04-15 00:00:00-04:00,56.69676674682311,56.706661248488494,55.1744064972645,55.246978759765625,7188000,0.0,0.0,0.0
2024-04-16 00:00:00-04:00,55.22058881446585,55.573551860985326,55.052355855417595,55.26677322387695,13947600,0.0,0.0,0.0
2024-04-17 00:00:00-04:00,55.5075859237698,55.52902841852108,54.532813132446634,54.747230529785156,4590000,0.0,0.0,0.0
2024-04-18 00:00:00-04:00,54.75877114038016,55.0309171517942,54.321691584248704,54.41240692138672,6273600,0.0,0.0,0.0
2024-04-19 00:00:00-04:00,54.25242149224609,54.310150123368736,52.9923087612204,53.18528366088867,7635000,0.0,0.0,0.0
2024-04-22 00:00:00-04:00,53.56793419732301,54.038000454545674,53.096214452085256,53.704830169677734,6497400,0.0,0.0,0.0
2024-04-23 00:00:00-04:00,54.05449298864805,54.654860132490484,53.967077080208256,54.61692428588867,5008800,0.0,0.0,0.0
2024-04-24 00:00:00-04:00,55.05401239825654,55.093594186122374,54.34808244255337,54.605384826660156,4753200,0.0,0.0,0.0
2024-04-25 00:00:00-04:00,53.40465461342044,54.32994740064349,53.2199244885761,54.295310974121094,5676000,0.0,0.0,0.0
2024-04-26 00:00:00-04:00,55.05071513163595,55.509237224413454,54.837947441276704,55.28327560424805,8624400,0.0,0.0,0.0
2024-04-29 00:00:00-04:00,55.59499812513159,55.606542340724374,55.06060438056531,55.423465728759766,4846200,0.0,0.0,0.0
2024-04-30 00:00:00-04:00,55.2799698296713,55.55541148629353,54.39921188354492,54.39921188354492,4305600,0.0,0.0,0.0
2024-05-01 00:00:00-04:00,54.37447409860049,55.271725467075534,54.06109657111634,54.24582290649414,5379600,0.0,0.0,0.0
2024-05-02 00:00:00-04:00,54.71094117570062,55.012774472274714,54.15015956953346,54.956695556640625,6388800,0.0,0.0,0.0
2024-05-03 00:00:00-04:00,55.93147109572466,56.05847257498277,55.59830078623282,55.911678314208984,5016000,0.0,0.0,0.0
2024-05-06 00:00:00-04:00,56.144239465986544,56.675333822054526,56.02548655052473,56.662139892578125,4623000,0.0,0.0,0.0
2024-05-07 00:00:00-04:00,56.718214830836004,56.84356659812477,56.52029456414679,56.63739776611328,3863400,0.0,0.0,0.0
2024-05-08 00:00:00-04:00,56.34050753851843,56.634092255971616,56.28937776427437,56.54337692260742,3677400,0.0,0.0,0.0
2024-05-09 00:00:00-04:00,56.569777416506525,56.73801040649414,56.373503078129445,56.73801040649414,3187800,0.0,0.0,0.0
2024-05-10 00:00:00-04:00,56.87985096927917,57.01510101075522,56.518643096208265,56.706668853759766,3409200,0.0,0.0,0.0
2024-05-13 00:00:00-04:00,56.8534651673935,56.861709957670854,56.53018935667443,56.70832061767578,3938400,0.0,0.0,0.0
2024-05-14 00:00:00-04:00,56.64069447752294,57.11406017698155,56.627500548726786,57.01015090942383,4137600,0.0,0.0,0.0
2024-05-15 00:00:00-04:00,57.34826470728002,57.960176036663,57.20147046670642,57.95522689819336,5046000,0.0,0.0,0.0
2024-05-16 00:00:00-04:00,57.94533281554815,58.17294411067313,57.76225244171245,57.7803955078125,5605800,0.0,0.0,0.0
2024-05-17 00:00:00-04:00,57.90080055160104,57.90080055160104,57.53134413782494,57.83152770996094,3810000,0.0,0.0,0.0
2024-05-20 00:00:00-04:00,57.83152501819677,58.23232218341567,57.80183773747187,58.13665771484375,4628400,0.0,0.0,0.0
2024-05-21 00:00:00-04:00,57.99646607648066,58.3609733581543,57.94203687490675,58.3609733581543,3843600,0.0,0.0,0.0
2024-05-22 00:00:00-04:00,58.36261951859421,58.445090059945734,57.93378855892988,58.22902297973633,4440600,0.0,0.0,0.0
2024-05-23 00:00:00-04:00,58.801351247377355,58.92835271536855,57.864518172660304,57.98822021484375,5929200,0.0,0.0,0.0
2024-05-24 00:00:00-04:00,58.219131809278025,58.71723563612509,58.09542976525874,58.628170013427734,5632200,0.0,0.0,0.0
2024-05-28 00:00:00-04:00,58.850838167932956,58.97948558048204,58.593535792660916,58.94649887084961,9616800,0.0,0.0,0.0
2024-05-29 00:00:00-04:00,58.458285141543584,58.95969215054044,58.458285141543584,58.73702621459961,6387600,0.0,0.0,0.0
2024-05-30 00:00:00-04:00,58.39231018113203,58.46323273216806,57.651747677310844,57.887603759765625,5334000,0.0,0.0,0.0
2024-05-31 00:00:00-04:00,57.99151469375894,58.00306268385271,56.8485090551078,57.83977508544922,7938600,0.0,0.0,0.0
2024-06-03 00:00:00-04:00,58.303253542391424,58.40716281571245,57.628664347256105,58.28511047363281,8862000,0.0,0.0,0.0
2024-06-04 00:00:00-04:00,58.27850035832951,58.61167060881594,58.06738242633468,58.53415298461914,6529200,0.0,0.0,0.0
2024-06-05 00:00:00-04:00,58.92340505335471,59.57655165960295,58.81289694362605,59.556758880615234,5176200,0.0,0.0,0.0
2024-06-06 00:00:00-04:00,59.70520666771819,59.81901043534392,59.42481209330031,59.624385833740234,5625600,0.0,0.0,0.0
2024-06-07 00:00:00-04:00,59.58150514944484,59.91137601479566,59.36378833976639,59.563358306884766,4599000,0.0,0.0,0.0
2024-06-10 00:00:00-04:00,59.449554679469436,59.85694695456081,59.31265870415865,59.744789123535156,4350600,0.0,0.0,0.0
2024-06-11 00:00:00-04:00,59.72334766599685,60.355055614096564,59.527077120927935,60.34185791015625,4077000,0.0,0.0,0.0
2024-06-12 00:00:00-04:00,60.85151395957144,61.61516497677789,60.73770641279027,61.15664291381836,6121200,0.0,0.0,0.0
2024-06-13 00:00:00-04:00,61.41724118440801,61.47002067225161,60.91088502362206,61.227561950683594,4918800,0.0,0.0,0.0
2024-06-14 00:00:00-04:00,61.17808453149579,61.438682556152344,61.056032196527866,61.438682556152344,6484200,0.0,0.0,0.0
2024-06-17 00:00:00-04:00,61.3611675273441,62.23037755077266,61.20612470126359,61.941741943359375,5703600,0.0,0.0,0.0
2024-06-18 00:00:00-04:00,61.92855014909812,62.076990353005925,61.77845645699542,62.05719757080078,6723600,0.0,0.0,0.0
2024-06-20 00:00:00-04:00,62.304593386454094,62.37222028959978,61.387549325264544,61.64485168457031,8122800,0.0,0.0,0.0
2024-06-21 00:00:00-04:00,61.70917796779366,61.90875170962843,61.34632039409,61.58547592163086,7981200,0.0,0.0,0.0
2024-06-24 00:00:00-04:00,61.47166873875132,61.747110385871764,60.9620131657966,60.983455657958984,5317800,0.0,0.0,0.0
2024-06-25 00:00:00-04:00,61.27045002547129,61.8741166278344,61.211071682995815,61.8262825012207,7512600,0.0,0.0,0.0
2024-06-26 00:00:00-04:00,61.710825004292666,62.13306090087295,61.710825004292666,62.093475341796875,4470000,0.0,0.0,0.0
2024-06-27 00:00:00-04:00,62.07135205039975,62.42143974209567,62.0284150559095,62.27446746826172,5663400,0.076,0.0,0.0
2024-06-28 00:00:00-04:00,62.370240940836126,62.794640578496455,61.673365283414185,61.76253890991211,6436200,0.0,0.0,0.0
2024-07-01 00:00:00-04:00,61.92767749234401,62.27281001138378,61.38272922142273,62.206756591796875,6096000,0.0,0.0,0.0
2024-07-02 00:00:00-04:00,61.902909422251376,62.74840912016895,61.89630634768059,62.74345397949219,4690200,0.0,0.0,0.0
2024-07-03 00:00:00-04:00,62.65923349978309,63.24381535216625,62.65593007276998,63.20913314819336,3698400,0.0,0.0,0.0
2024-07-05 00:00:00-04:00,63.23060417271945,64.01004667373374,63.23060417271945,63.96710968017578,4770000,0.0,0.0,0.0
2024-07-08 00:00:00-04:00,64.05793522998333,64.05793522998333,63.83169960546792,63.973716735839844,5086200,0.0,0.0,0.0
2024-07-09 00:00:00-04:00,64.22968001855921,64.36839373121995,63.90766766259611,64.1272964477539,7221000,0.0,0.0,0.0
2024-07-10 00:00:00-04:00,64.28252142485032,64.75646115969998,64.09261594413553,64.72343444824219,5022000,0.0,0.0,0.0
2024-07-11 00:00:00-04:00,64.66893878220779,64.72178605576363,63.223999378010895,63.370967864990234,11112600,0.0,0.0,0.0
2024-07-12 00:00:00-04:00,63.425473970082294,64.25610832347333,63.334644834526244,63.755741119384766,9424800,0.0,0.0,0.0
2024-07-15 00:00:00-04:00,64.10747740088699,64.4839849341487,63.641792455416386,63.914268493652344,5542200,0.0,0.0,0.0
2024-07-16 00:00:00-04:00,64.11739884592754,64.20492078017591,63.53116516801284,63.9027214050293,6944400,0.0,0.0,0.0
2024-07-17 00:00:00-04:00,62.77317958952999,62.88382172408685,62.08291070326221,62.15557098388672,7549800,0.0,0.0,0.0
2024-07-18 00:00:00-04:00,62.61794589586204,62.622901036197675,61.248966483957936,61.658504486083984,5918400,0.0,0.0,0.0
2024-07-19 00:00:00-04:00,61.57924968307466,61.96401581657294,61.1498948396983,61.28860855102539,4083000,0.0,0.0,0.0
2024-07-22 00:00:00-04:00,62.086212759459194,62.426393944053096,61.7146565761062,62.24143981933594,4843200,0.0,0.0,0.0
2024-07-23 00:00:00-04:00,62.30254553530455,62.77648531063678,62.18034518060676,62.234840393066406,4260600,0.0,0.0,0.0
2024-07-24 00:00:00-04:00,61.250622024130514,61.32493401514929,59.78421410533059,59.9212760925293,7717200,0.0,0.0,0.0
2024-07-25 00:00:00-04:00,59.87834225864468,60.50420561906818,58.73890182060647,59.23100662231445,6975000,0.0,0.0,0.0
2024-07-26 00:00:00-04:00,59.719814667942956,60.15081742885472,59.3944951204963,59.73302459716797,4361400,0.0,0.0,0.0
2024-07-29 00:00:00-04:00,60.11613619407058,60.39026394575776,59.64715160133826,59.90311050415039,4716000,0.0,0.0,0.0
2024-07-30 00:00:00-04:00,60.08476024472849,60.24329072450751,58.6414725713027,59.2012825012207,6601200,0.0,0.0,0.0
2024-07-31 00:00:00-04:00,60.41503065933597,60.90053237591677,60.11943819803229,60.65447998046875,4745400,0.0,0.0,0.0
2024-08-01 00:00:00-04:00,60.981445661114705,61.541259349991655,59.13357517888124,59.65870666503906,7994400,0.0,0.0,0.0
2024-08-02 00:00:00-04:00,58.46477692301903,58.928806367010154,57.70019609573161,58.39542007446289,8986800,0.0,0.0,0.0
2024-08-05 00:00:00-04:00,54.68150821410331,57.26258467948058,54.54444622582714,56.324615478515625,14541000,0.0,0.0,0.0
2024-08-06 00:00:00-04:00,56.770481356733534,57.93139034259918,56.26186317677683,57.046260833740234,9351000,0.0,0.0,0.0
2024-08-07 00:00:00-04:00,57.82074806372167,58.22037582275483,56.45507195028874,56.506263732910156,8767800,0.0,0.0,0.0
2024-08-08 00:00:00-04:00,57.47231462465724,58.28148046005061,56.879474144838795,58.20221710205078,7507200,0.0,0.0,0.0
2024-08-09 00:00:00-04:00,58.10477755403189,58.76532309236315,58.01064878486106,58.61339569091797,6070200,0.0,0.0,0.0
2024-08-12 00:00:00-04:00,58.79339745255353,59.1682570539,58.50936319775928,58.84458923339844,4461600,0.0,0.0,0.0
2024-08-13 00:00:00-04:00,59.331749469399576,60.1706386214643,59.331749469399576,60.15577697753906,6009600,0.0,0.0,0.0
2024-08-14 00:00:00-04:00,60.29613844641427,60.45632065093501,59.70825312529694,60.28458023071289,4913400,0.0,0.0,0.0
2024-08-15 00:00:00-04:00,60.87246167454621,61.52474866678302,60.78823940375843,61.48676681518555,5088000,0.0,0.0,0.0
2024-08-16 00:00:00-04:00,61.31337088400106,61.7807037297786,61.23410375869254,61.620521545410156,5498400,0.0,0.0,0.0
2024-08-19 00:00:00-04:00,61.689884469692764,62.368595123291016,61.48181391474963,62.368595123291016,5282400,0.0,0.0,0.0
2024-08-20 00:00:00-04:00,62.33392252176583,62.68235852613997,62.11594166498271,62.30584716796875,4158000,0.0,0.0,0.0
2024-08-21 00:00:00-04:00,62.325657046374204,62.79134199619963,62.19189848613971,62.5981330871582,5265600,0.0,0.0,0.0
2024-08-22 00:00:00-04:00,62.830976092879254,62.95482815252469,61.56933528619382,61.67997741699219,5257200,0.0,0.0,0.0
2024-08-23 00:00:00-04:00,62.14070450204762,62.63280929189769,61.74933155718974,62.386756896972656,4366200,0.0,0.0,0.0
2024-08-26 00:00:00-04:00,62.38180670123943,62.55519883494211,61.71300631143479,62.02511215209961,4648800,0.0,0.0,0.0
2024-08-27 00:00:00-04:00,61.78896773847182,62.29923761867387,61.55942868907572,62.21171569824219,4432800,0.0,0.0,0.0
2024-08-28 00:00:00-04:00,62.13244889759959,62.2249259592092,61.14823927096385,61.554473876953125,6741000,0.0,0.0,0.0
2024-08-29 00:00:00-04:00,61.82199439193945,62.340519059793706,61.28199744780681,61.407501220703125,5113200,0.0,0.0,0.0
2024-08-30 00:00:00-04:00,61.780711235681785,62.04492871936973,61.265486197574056,62.0168571472168,5731200,0.0,0.0,0.0
2024-09-03 00:00:00-04:00,61.641998724013916,61.641998724013916,59.84697151375948,60.18219757080078,10740000,0.0,0.0,0.0
2024-09-04 00:00:00-04:00,59.787519450905215,60.43980647585598,59.63229238935796,59.988983154296875,4681200,0.0,0.0,0.0
2024-09-05 00:00:00-04:00,59.85357447677918,60.63466872587106,59.72311933609967,60.04513168334961,5552400,0.0,0.0,0.0
2024-09-06 00:00:00-04:00,60.21851943083215,60.37044304863141,58.66954107225843,58.826419830322266,9693600,0.0,0.0,0.0
2024-09-09 00:00:00-04:00,59.45889947568299,59.6455053253993,58.99982134263845,59.5579833984375,4707000,0.0,0.0,0.0
2024-09-10 00:00:00-04:00,59.756144185944954,60.04017844948325,59.260735938347,59.97907638549805,5210400,0.0,0.0,0.0
2024-09-11 00:00:00-04:00,60.155764825416306,61.291901745134844,59.164948447459814,61.19777297973633,6912600,0.0,0.0,0.0
2024-09-12 00:00:00-04:00,61.303473184744064,61.89631369381623,60.9781536089943,61.7972297668457,5904000,0.0,0.0,0.0
2024-09-13 00:00:00-04:00,61.79392161079737,62.191897638642374,61.722909268107834,62.03336715698242,3518400,0.0,0.0,0.0
2024-09-16 00:00:00-04:00,61.722914056823896,61.8566764052783,61.41245992352783,61.80052947998047,5813400,0.0,0.0,0.0
2024-09-17 00:00:00-04:00,62.18034067841818,62.33887116327729,61.59575880681305,61.81043243408203,4265400,0.0,0.0,0.0
2024-09-18 00:00:00-04:00,61.95740956796793,62.46933120174559,61.55447835977493,61.577598571777344,5115600,0.0,0.0,0.0
2024-09-19 00:00:00-04:00,63.01262116636279,63.342892036062636,62.73188658050366,63.08858108520508,4470600,0.0,0.0,0.0
2024-09-20 00:00:00-04:00,63.083635810599304,63.18767487379501,62.56841453397138,62.898685455322266,4073400,0.0,0.0,0.0
2024-09-23 00:00:00-04:00,63.03904770942019,63.189323408959794,62.86730729251632,63.05556106567383,3234000,0.0,0.0,0.0
2024-09-24 00:00:00-04:00,63.23721114321355,63.3511529222784,62.57501384698311,63.301612854003906,3620400,0.0,0.0,0.0
2024-09-25 00:00:00-04:00,63.24051495443839,63.58234785303885,63.23555981368137,63.448585510253906,3682200,0.0,0.0,0.0
2024-09-26 00:00:00-04:00,64.07767592896941,64.09089773615709,63.15677743676274,63.56514358520508,4893600,0.075833,0.0,0.0
2024-09-27 00:00:00-04:00,63.662686336920515,63.662686336920515,63.06418580415192,63.209678649902344,4605000,0.0,0.0,0.0
2024-09-30 00:00:00-04:00,63.05757246989304,63.53538146010546,62.81288201541507,63.47586441040039,7150200,0.0,0.0,0.0
2024-10-01 00:00:00-04:00,63.46429435975528,63.46925537572124,62.21438701073053,62.62606430053711,6494400,0.0,0.0,0.0
2024-10-02 00:00:00-04:00,62.46072530689775,62.84760126477365,62.100300530069156,62.693843841552734,3861600,0.0,0.0,0.0
2024-10-03 00:00:00-04:00,62.47891191178838,63.00797337418565,62.38963255349971,62.69715118408203,3993000,0.0,0.0,0.0
2024-10-04 00:00:00-04:00,63.32210338719526,63.404771842920916,62.736828430461365,63.383277893066406,4012800,0.0,0.0,0.0
2024-10-07 00:00:00-04:00,63.15842352794231,63.29399812944133,62.58968529330657,62.6607780456543,7084800,0.0,0.0,0.0
2024-10-08 00:00:00-04:00,63.07411252388241,63.76024261795032,63.01459546745913,63.687496185302734,4599000,0.0,0.0,0.0
2024-10-09 00:00:00-04:00,63.71888665023311,64.140485863238,63.57505128163443,64.0958480834961,8728200,0.0,0.0,0.0
2024-10-10 00:00:00-04:00,63.856122578430366,64.26449246803718,63.69410058731315,64.0429458618164,5208000,0.0,0.0,0.0
2024-10-11 00:00:00-04:00,63.9470646262711,64.38519310109538,63.86439616314266,64.27938079833984,5565600,0.0,0.0,0.0
2024-10-14 00:00:00-04:00,64.58359468090055,64.99361450823547,64.58359468090055,64.83489227294922,4249800,0.0,0.0,0.0
2024-10-15 00:00:00-04:00,64.99857690011459,65.06140887140762,64.01155035613085,64.24962615966797,6541800,0.0,0.0,0.0
2024-10-16 00:00:00-04:00,64.20332880343015,64.40503895086147,63.77512234869818,64.35047912597656,8397600,0.0,0.0,0.0
2024-10-17 00:00:00-04:00,64.97542301147664,65.09280722299886,64.40172376028261,64.42982482910156,4363800,0.0,0.0,0.0
2024-10-18 00:00:00-04:00,64.90598311552586,64.96715762034957,64.65963520855918,64.83985137939453,3916800,0.0,0.0,0.0
2024-10-21 00:00:00-04:00,64.70759683686022,65.115966796875,64.52076595297044,65.115966796875,5914800,0.0,0.0,0.0
2024-10-22 00:00:00-04:00,64.7737342501488,65.29287379365344,64.61997679372638,65.1043930053711,5077800,0.0,0.0,0.0
2024-10-23 00:00:00-04:00,64.83488798331398,64.88944780204721,63.71229076415962,64.15868377685547,8603400,0.0,0.0,0.0
2024-10-24 00:00:00-04:00,64.50919326164654,64.67287273493436,64.23970148355286,64.58855438232422,9754800,0.0,0.0,0.0
2024-10-25 00:00:00-04:00,64.87952991994216,65.46810840786675,64.75387357056115,64.8877944946289,6060000,0.0,0.0,0.0
2024-10-28 00:00:00-04:00,65.38215336384813,65.42513370186043,64.95228943737834,64.99526977539062,7497000,0.0,0.0,0.0
2024-10-29 00:00:00-04:00,65.03825278232058,65.66816935982025,64.83820009890876,65.52102661132812,10510800,0.0,0.0,0.0
2024-10-30 00:00:00-04:00,65.47141900230629,65.66320709528797,65.05147717225718,65.18209075927734,4437600,0.0,0.0,0.0
2024-10-31 00:00:00-04:00,64.52903239247651,64.52903239247651,63.30887985229492,63.30887985229492,15513600,0.0,0.0,0.0
2024-11-01 00:00:00-04:00,63.598205126160344,64.2678022008534,63.59159800716259,63.816444396972656,12126600,0.0,0.0,0.0
2024-11-04 00:00:00-05:00,63.735437585263554,64.0016220039751,63.43784096815384,63.63788986206055,11320200,0.0,0.0,0.0
2024-11-05 00:00:00-05:00,63.85778480213774,64.55713285926642,63.81975413294158,64.51415252685547,4967400,0.0,0.0,0.0
2024-11-06 00:00:00-05:00,65.64832022645301,66.17903914932313,65.32592611493025,66.10629272460938,8125200,0.0,0.0,0.0
2024-11-07 00:00:00-05:00,66.48654796830101,67.29337325436731,66.42372358037129,67.2007827758789,9961200,0.0,0.0,0.0
2024-11-08 00:00:00-05:00,67.20740076664868,67.5760901063009,67.18259947410961,67.4686279296875,5374200,0.0,0.0,0.0
2024-11-11 00:00:00-05:00,67.67198210047488,67.7033980809358,67.18260119742402,67.53971862792969,5530200,0.0,0.0,0.0
2024-11-12 00:00:00-05:00,67.51988012123702,67.73976927303114,67.16771993254935,67.58766174316406,5559000,0.0,0.0,0.0
2024-11-13 00:00:00-05:00,67.62239659155144,67.94148339918084,67.32976096849225,67.55791473388672,6432600,0.0,0.0,0.0
2024-11-14 00:00:00-05:00,67.56121722534661,67.64388568552057,67.01727646720657,67.14623260498047,10305000,0.0,0.0,0.0
2024-11-15 00:00:00-05:00,66.48654891954669,66.52292212912508,65.4714139630864,65.77397155761719,6307800,0.0,0.0,0.0
2024-11-18 00:00:00-05:00,65.85334537063012,66.29312374558081,65.6069974305075,66.07323455810547,7164000,0.0,0.0,0.0
2024-11-19 00:00:00-05:00,65.70288058299333,66.78580481918267,65.63840630113616,66.75935363769531,5292000,0.0,0.0,0.0
2024-11-20 00:00:00-05:00,66.7527314569549,66.76596083035966,65.84671615430594,66.7064437866211,6039000,0.0,0.0,0.0
2024-11-21 00:00:00-05:00,67.12473558095157,67.2355126748059,65.9541856580861,66.78580474853516,4939200,0.0,0.0,0.0
2024-11-22 00:00:00-05:00,66.73785961229443,66.9511416565444,66.51466310518056,66.79903411865234,4348200,0.0,0.0,0.0
2024-11-25 00:00:00-05:00,67.3479336366962,67.46696772677005,66.59071092687489,66.90979766845703,5823000,0.0,0.0,0.0
2024-11-26 00:00:00-05:00,67.21070811020667,67.54798147020384,67.1792921305516,67.4686279296875,5360400,0.0,0.0,0.0
2024-11-27 00:00:00-05:00,67.34462983194906,67.34627971960164,66.70809863461206,67.07844543457031,4941000,0.0,0.0,0.0
2024-11-29 00:00:00-05:00,67.19582656608293,67.7248879930155,67.08174970622807,67.64221954345703,4484400,0.0,0.0,0.0
2024-12-02 00:00:00-05:00,67.81913852828654,68.34489269059723,67.75465667386598,68.26057434082031,8926200,0.0,0.0,0.0
2024-12-03 00:00:00-05:00,68.1646587262436,68.61105922241796,68.030745388853,68.5928726196289,6135000,0.0,0.0,0.0
2024-12-04 00:00:00-05:00,69.09218489940054,69.65926943805518,68.97810803662188,69.61463165283203,11434200,0.0,0.0,0.0
2024-12-05 00:00:00-05:00,69.71880386623704,69.77170623358637,69.45757666860762,69.5071792602539,6477600,0.0,0.0,0.0
2024-12-06 00:00:00-05:00,69.68242012466567,70.07591074952241,69.61628082303037,69.97836303710938,8932800,0.0,0.0,0.0
2024-12-09 00:00:00-05:00,69.90397160854688,69.91224375290665,69.28563449387428,69.50552368164062,5515800,0.0,0.0,0.0
2024-12-10 00:00:00-05:00,69.75681751475562,70.09409844199018,69.25751459514507,69.42945861816406,8497800,0.0,0.0,0.0
2024-12-11 00:00:00-05:00,69.89569901902982,70.67110839982797,69.89569901902982,70.58182525634766,6415200,0.0,0.0,0.0
2024-12-12 00:00:00-05:00,70.3371318628853,70.53553463550509,70.12550728428548,70.15526580810547,6456600,0.0,0.0,0.0
2024-12-13 00:00:00-05:00,70.41484534861375,70.59836888495046,69.73368384433003,70.05442810058594,7353000,0.0,0.0,0.0
2024-12-16 00:00:00-05:00,70.34707162284803,70.87613320268461,70.19496405355319,70.78024291992188,6288000,0.0,0.0,0.0
2024-12-17 00:00:00-05:00,70.52891145748019,70.73226386853273,70.21808931413594,70.58512115478516,6486000,0.0,0.0,0.0
2024-12-18 00:00:00-05:00,70.54711066125752,70.86619743537322,68.04894601477295,68.21096801757812,8467200,0.0,0.0,0.0
2024-12-19 00:00:00-05:00,68.98471587300871,69.07895624387692,68.23741516148468,68.33331298828125,8245800,0.0,0.0,0.0
2024-12-20 00:00:00-05:00,67.84558983406583,69.69069420554449,67.59263478427818,69.07234954833984,7531800,0.0,0.0,0.0
2024-12-23 00:00:00-05:00,69.25179164233498,69.69710394259833,68.68232175022091,69.61930084228516,8866200,0.089,0.0,0.0
2024-12-24 00:00:00-05:00,69.85767182150853,70.55957436226515,69.77986873174834,70.55792236328125,5478000,0.0,0.0,0.0
2024-12-26 00:00:00-05:00,70.41225729834947,70.63242788549388,70.03813250013512,70.44867706298828,6109200,0.0,0.0,0.0
2024-12-27 00:00:00-05:00,70.01661843233316,70.01661843233316,68.79821576560552,69.43887329101562,7719600,0.0,0.0,0.0
2024-12-30 00:00:00-05:00,68.41083062402252,69.07134989802559,68.08471235185748,68.56644439697266,6652200,0.0,0.0,0.0
2024-12-31 00:00:00-05:00,68.76674485944682,68.82468607672527,67.81487508409428,67.9456558227539,13901400,0.0,0.0,0.0
2025-01-02 00:00:00-05:00,68.34627497085819,68.64259667233249,67.14608985881834,67.81322479248047,9034200,0.0,0.0,0.0
2025-01-03 00:00:00-05:00,68.22542083612765,69.00513412883181,68.11284997577776,68.94884490966797,5662200,0.0,0.0,0.0
2025-01-06 00:00:00-05:00,69.69877241739026,70.20201842384638,69.4190010112201,69.72856903076172,9082200,0.0,0.0,0.0
2025-01-07 00:00:00-05:00,70.03812642031404,70.03812642031404,68.13437167252938,68.38103485107422,8007000,0.0,0.0,0.0
2025-01-08 00:00:00-05:00,68.49856376953304,68.74191535216106,67.90757248170588,68.4836654663086,6621600,0.0,0.0,0.0
2025-01-10 00:00:00-05:00,68.05658356679595,68.05658356679595,66.9209551361727,67.43083190917969,10871400,0.0,0.0,0.0
2025-01-13 00:00:00-05:00,66.4905375587565,67.16761483594415,66.27699010754161,67.13119506835938,10780200,0.0,0.0,0.0
2025-01-14 00:00:00-05:00,67.59469583991813,67.66423136189981,66.45245212813275,66.85140991210938,11449800,0.0,0.0,0.0
2025-01-15 00:00:00-05:00,67.93903853685696,68.60452143750247,67.67416546042317,68.4952621459961,15017400,0.0,0.0,0.0
2025-01-16 00:00:00-05:00,68.77006283237779,68.77006283237779,67.922481106906,67.9555892944336,7296000,0.0,0.0,0.0
2025-01-17 00:00:00-05:00,69.05810529562257,69.13921997138236,68.55485178130941,68.85118103027344,10102800,0.0,0.0,0.0
2025-01-21 00:00:00-05:00,69.13426440774833,69.3246383913612,68.52506311339985,69.26504516601562,8878800,0.0,0.0,0.0
2025-01-22 00:00:00-05:00,69.96030622368593,70.46355966325724,69.80138847212366,70.27318572998047,7271400,0.0,0.0,0.0
2025-01-23 00:00:00-05:00,70.06626617952428,70.53807109792739,69.92721028083014,70.53475952148438,6245400,0.0,0.0,0.0
2025-01-24 00:00:00-05:00,70.65892264666009,70.7996305556019,69.98846855705877,70.19374084472656,5265000,0.0,0.0,0.0
2025-01-27 00:00:00-05:00,67.62946911852926,68.76509734856653,67.62781711928898,68.35786437988281,10284600,0.0,0.0,0.0
2025-01-28 00:00:00-05:00,68.58465738079737,70.02488242791068,68.25190836305111,69.88251495361328,6174600,0.0,0.0,0.0
2025-01-29 00:00:00-05:00,69.67889981292458,69.69379811893818,68.90415758830312,69.42562103271484,6332400,0.0,0.0,0.0
2025-01-30 00:00:00-05:00,69.4471418542227,69.8825194572428,68.77834735516196,69.51998138427734,6175800,0.0,0.0,0.0
2025-01-31 00:00:00-05:00,70.1490325249111,70.48508550519294,69.10280182623094,69.25509643554688,6054000,0.0,0.0,0.0
2025-02-03 00:00:00-05:00,67.8844067949344,68.958782216927,67.6195337266795,68.5714111328125,12513600,0.0,0.0,0.0
2025-02-04 00:00:00-05:00,68.74026798453082,69.46038055419922,68.66908803181322,69.46038055419922,5656200,0.0,0.0,0.0
2025-02-05 00:00:00-05:00,69.03658170075369,69.58784168818326,68.86938877886685,69.58287811279297,6704400,0.0,0.0,0.0
2025-02-06 00:00:00-05:00,69.67226796450073,70.08447206138399,69.55308153126643,70.05964660644531,6174600,0.0,0.0,0.0
2025-02-07 00:00:00-05:00,70.10931039411167,70.43542868899797,69.21537418739011,69.3329086303711,6184200,0.0,0.0,0.0
2025-02-10 00:00:00-05:00,69.77657380149043,70.18711838085932,69.75340034232566,69.98019409179688,7035600,0.0,0.0,0.0
2025-02-11 00:00:00-05:00,69.66896819345168,70.06792600952593,69.5282527170393,69.8477554321289,7234800,0.0,0.0,0.0
2025-02-12 00:00:00-05:00,69.04983113739009,69.88086252103467,68.97036845967546,69.76663208007812,5388600,0.0,0.0,0.0
2025-02-13 00:00:00-05:00,69.83451325384385,70.66719669899575,69.68718219379177,70.64898681640625,6990000,0.0,0.0,0.0
2025-02-14 00:00:00-05:00,70.64898235996912,70.85260263226029,70.52151318988315,70.77313995361328,4304400,0.0,0.0,0.0
2025-02-18 00:00:00-05:00,71.03636152482215,71.03636152482215,70.3162489153837,70.76983642578125,5989800,0.0,0.0,0.0
2025-02-19 00:00:00-05:00,70.67878086955122,70.92378448698253,70.33279311287616,70.78804016113281,4735200,0.0,0.0,0.0
2025-02-20 00:00:00-05:00,70.71851265372827,70.71851265372827,69.85934419906168,70.42715454101562,7144800,0.0,0.0,0.0
2025-02-21 00:00:00-05:00,70.53309959544573,70.53641117187237,68.8015164452406,68.86939239501953,6388800,0.0,0.0,0.0
2025-02-24 00:00:00-05:00,69.11275166875151,69.3246471389164,68.04002800929932,68.18570709228516,7163400,0.0,0.0,0.0
2025-02-25 00:00:00-05:00,68.04994092679364,68.08636068586544,66.75870663475838,67.43246459960938,7295400,0.0,0.0,0.0
2025-02-26 00:00:00-05:00,67.76355591272102,68.40255371350385,67.29506260676895,67.68574523925781,6574800,0.0,0.0,0.0
2025-02-27 00:00:00-05:00,68.16252965817021,68.31152030963094,65.92769262019742,65.98563385009766,7004400,0.0,0.0,0.0
2025-02-28 00:00:00-05:00,65.90450913628457,67.2089898764551,65.43270421541727,67.16594696044922,11886000,0.0,0.0,0.0
2025-03-03 00:00:00-05:00,67.43910249407737,67.65099794263806,65.03541302584347,65.53204345703125,12647400,0.0,0.0,0.0
2025-03-04 00:00:00-05:00,64.83012664442376,66.2306279572021,64.05373246277219,65.13638305664062,11451600,0.0,0.0,0.0
2025-03-05 00:00:00-05:00,65.14632130099153,66.26705129593704,64.63644458620507,66.0915756225586,9033000,0.0,0.0,0.0
2025-03-06 00:00:00-05:00,64.97746599309102,65.63963731618699,63.90309053957991,64.20768737792969,10401600,0.0,0.0,0.0
2025-03-07 00:00:00-05:00,63.95772125214491,64.64968919751625,62.83036813343171,64.34840393066406,8937000,0.0,0.0,0.0
2025-03-10 00:00:00-04:00,63.1415877040622,63.14324349234035,61.11699058464018,61.73115921020508,13632600,0.0,0.0,0.0
2025-03-11 00:00:00-04:00,61.54740121864877,62.49099966891385,60.92330168670388,61.54905700683594,16708800,0.0,0.0,0.0
2025-03-12 00:00:00-04:00,62.67972015383815,62.956176167460704,61.592098403110676,62.39498519897461,22701000,0.0,0.0,0.0
2025-03-13 00:00:00-04:00,62.30559317901246,62.30559317901246,60.86536427420563,61.10209274291992,14116200,0.0,0.0,0.0
2025-03-14 00:00:00-04:00,61.784136122789675,62.717799941405836,61.68977513121523,62.630062103271484,11141400,0.0,0.0,0.0
2025-03-17 00:00:00-04:00,62.595287318292485,63.244216050773794,62.24929960158233,62.83366775512695,11272200,0.0,0.0,0.0
2025-03-18 00:00:00-04:00,62.41485410946353,62.43140820381583,61.481190305430566,61.80399703979492,10810200,0.0,0.0,0.0
2025-03-19 00:00:00-04:00,62.191368901313645,63.34686281777211,61.987748625047246,62.75090408325195,8687400,0.0,0.0,0.0
2025-03-20 00:00:00-04:00,62.312211566357384,63.3882427446904,62.19467712962958,62.598602294921875,6969600,0.0,0.0,0.0
2025-03-21 00:00:00-04:00,62.04403697129111,63.03233042147045,61.83048574446952,62.96611404418945,12493800,0.0,0.0,0.0
2025-03-24 00:00:00-04:00,63.92626609692752,64.55201767679704,63.82694153189755,64.42951965332031,6682800,0.0,0.0,0.0
2025-03-25 00:00:00-04:00,64.5718874981369,64.88807107748492,64.42952001406991,64.84337615966797,14034600,0.0,0.0,0.0
2025-03-26 00:00:00-04:00,64.65631068094099,64.686107291401,63.18959299158783,63.408111572265625,5616000,0.0,0.0,0.0
2025-03-27 00:00:00-04:00,63.09814209611351,63.71311350012107,62.814692912220266,63.08654022216797,5890200,0.083333,0.0,0.0
2025-03-28 00:00:00-04:00,62.74341920202861,62.95724956484101,61.25489642552464,61.40242385864258,14217000,0.0,0.0,0.0
2025-03-31 00:00:00-04:00,60.399573876482684,61.598019416820065,59.701723792912205,61.46706771850586,10992600,0.0,0.0,0.0
2025-04-01 00:00:00-04:00,61.22671149765065,62.17982927684015,60.93828847644803,62.02235794067383,15120600,0.0,0.0,0.0
2025-04-02 00:00:00-04:00,61.1372036073416,62.98045222636439,61.08250255640081,62.53953170776367,7664400,0.0,0.0,0.0
2025-04-03 00:00:00-04:00,59.637071871662485,60.05975868246872,58.86297502805774,58.940879821777344,17241600,0.0,0.0,0.0
2025-04-04 00:00:00-04:00,57.09929210796272,57.49711724029098,55.327320283883374,55.36709976196289,31042800,0.0,0.0,0.0
2025-04-07 00:00:00-04:00,53.08790483346176,57.88002116545162,52.403314618067974,55.433406829833984,32332800,0.0,0.0,0.0
2025-04-08 00:00:00-04:00,57.760671290202914,58.18170014416867,53.67303328842813,54.616207122802734,21363600,0.0,0.0,0.0
2025-04-09 00:00:00-04:00,54.450446453678566,61.29798339321943,54.35596213608163,60.96646499633789,29957400,0.0,0.0,0.0
2025-04-10 00:00:00-04:00,59.35694101889857,59.617182649202114,56.65173924995965,58.56129455566406,17761200,0.0,0.0,0.0
2025-04-11 00:00:00-04:00,58.29774313062652,59.88406236591746,57.971194748704804,59.70669937133789,12193200,0.0,0.0,0.0
2025-04-14 00:00:00-04:00,61.10404894083313,61.17864162864878,59.46965679475175,60.10120391845703,10592400,0.0,0.0,0.0
2025-04-15 00:00:00-04:00,60.15093084536353,60.57859154007056,59.83930406317509,60.048160552978516,8765400,0.0,0.0,0.0
2025-04-16 00:00:00-04:00,58.86629160691524,59.34865335938869,57.43744382742584,58.216514587402344,10132200,0.0,0.0,0.0
2025-04-17 00:00:00-04:00,58.84143019958762,58.86297978876244,57.9927406045084,58.370670318603516,7567800,0.0,0.0,0.0
2025-04-21 00:00:00-04:00,57.51866148768829,57.59159621978469,56.006931337022515,56.76279830932617,14446200,0.0,0.0,0.0
2025-04-22 00:00:00-04:00,57.47722274135278,58.65411476081502,57.24184281988375,58.286128997802734,9399000,0.0,0.0,0.0
2025-04-23 00:00:00-04:00,60.36476015064414,60.91508276449466,59.502810759984754,59.74813461303711,8356800,0.0,0.0,0.0
2025-04-24 00:00:00-04:00,60.05147512995202,61.554915544302595,59.95201695085826,61.483638763427734,5553000,0.0,0.0,0.0
2025-04-25 00:00:00-04:00,61.598017436062314,62.50803610274767,61.42230861090859,62.40526580810547,8554200,0.0,0.0,0.0
2025-04-28 00:00:00-04:00,62.519641381383295,62.70031647518797,61.526740268991155,62.32570266723633,6066600,0.0,0.0,0.0
2025-04-29 00:00:00-04:00,62.08203569163526,62.8992318098046,62.06380200680543,62.78154373168945,5768400,0.0,0.0,0.0
2025-04-30 00:00:00-04:00,61.60796236434334,62.97216520433274,61.05266586217074,62.705291748046875,8910000,0.0,0.0,0.0
2025-05-01 00:00:00-04:00,63.97003378726164,64.43250766225508,63.565580658878275,63.62525177001953,6067200,0.0,0.0,0.0
2025-05-02 00:00:00-04:00,64.27669413046868,64.80712511480051,64.01147484436112,64.53030395507812,6975600,0.0,0.0,0.0
2025-05-05 00:00:00-04:00,63.98494817000102,64.60489334596514,63.973346297659475,64.17060089111328,6263400,0.0,0.0,0.0
2025-05-06 00:00:00-04:00,63.388222297877206,64.04960498334144,63.23572481016892,63.595420837402344,5269800,0.0,0.0,0.0
2025-05-07 00:00:00-04:00,63.67498013174651,64.06617344195358,62.96387408462466,63.76283264160156,7425000,0.0,0.0,0.0
2025-05-08 00:00:00-04:00,64.44742989301466,64.91818218078065,63.82583048273437,64.3115005493164,6363600,0.0,0.0,0.0
2025-05-09 00:00:00-04:00,64.56345988628797,64.75077438719015,63.98164371575908,64.271728515625,4633200,0.0,0.0,0.0
2025-05-12 00:00:00-04:00,66.79458842507007,66.95537567138672,66.00888587696481,66.95537567138672,7485600,0.0,0.0,0.0
2025-05-13 00:00:00-04:00,67.20069879904105,68.27481677832023,67.07140126965771,68.0444107055664,10610400,0.0,0.0,0.0
2025-05-14 00:00:00-04:00,68.31129097984524,68.66436280741027,68.15713552974077,68.55329895019531,7135800,0.0,0.0,0.0
2025-05-15 00:00:00-04:00,68.19029564474133,68.8218428929802,67.99967280024521,68.47540283203125,5931000,0.0,0.0,0.0
2025-05-16 00:00:00-04:00,68.71574325423293,68.84669494628906,68.231727346661,68.84669494628906,4496400,0.0,0.0,0.0
2025-05-19 00:00:00-04:00,67.87036829623605,68.94946394066851,67.72283708168673,68.8715591430664,6163800,0.0,0.0,0.0
2025-05-20 00:00:00-04:00,68.58313060665768,68.67595317533093,68.0858511281511,68.54003143310547,6331200,0.0,0.0,0.0
2025-05-21 00:00:00-04:00,68.0096005053351,68.82845445141805,67.26699719219062,67.5206069946289,5670600,0.0,0.0,0.0
2025-05-22 00:00:00-04:00,67.56371287842717,68.20188422578278,67.43773124996544,67.71289825439453,5753400,0.0,0.0,0.0
2025-05-23 00:00:00-04:00,66.63049036107225,67.41619296916669,66.61557258144065,67.03162384033203,5538600,0.0,0.0,0.0
2025-05-27 00:00:00-04:00,67.93667755025567,68.68922870799277,67.82727543897843,68.63286590576172,5604600,0.0,0.0,0.0
2025-05-28 00:00:00-04:00,68.7173949818468,68.94283099026916,68.28476423609756,68.36930084228516,5449800,0.0,0.0,0.0
2025-05-29 00:00:00-04:00,69.29424244538924,69.34397343257463,68.21846270184405,68.54666900634766,6910800,0.0,0.0,0.0
2025-05-30 00:00:00-04:00,68.45882902448282,68.68757339648619,67.54052045508847,68.4820327758789,6041400,0.0,0.0,0.0
2025-06-02 00:00:00-04:00,68.25327614066772,69.01577503351231,68.04939728077417,68.97765350341797,7555200,0.0,0.0,0.0
2025-06-03 00:00:00-04:00,69.06051850728542,69.65725239718772,68.94283044054859,69.48486328125,7059000,0.0,0.0,0.0
2025-06-04 00:00:00-04:00,69.60255355848517,69.85617097096349,69.41524665844247,69.73350524902344,6854400,0.0,0.0,0.0
2025-06-05 00:00:00-04:00,69.97882944288962,70.26725247760294,68.95609658309021,69.23291015625,5762400,0.0,0.0,0.0
2025-06-06 00:00:00-04:00,69.96226111837133,70.21587095728687,69.71030543811551,69.9489974975586,5026800,0.0,0.0,0.0
2025-06-09 00:00:00-04:00,70.01695580070775,70.1727653916597,69.79483569961025,70.01197814941406,5747400,0.0,0.0,0.0
2025-06-10 00:00:00-04:00,70.06668351701987,70.43301894631799,69.7003556756053,70.39488983154297,5651400,0.0,0.0,0.0
2025-06-11 00:00:00-04:00,70.5490436333134,70.76287777430716,69.93407603844524,70.16448211669922,6189000,0.0,0.0,0.0
2025-06-12 00:00:00-04:00,69.92745206748872,70.4164456776169,69.92082025668783,70.30538940429688,6238200,0.0,0.0,0.0
2025-06-13 00:00:00-04:00,69.45669543335553,69.97054692036603,69.15169285846076,69.34231567382812,6883200,0.0,0.0,0.0
2025-06-16 00:00:00-04:00,69.81306762818679,70.4479306129028,69.75505067569432,70.22084045410156,5213400,0.0,0.0,0.0
2025-06-17 00:00:00-04:00,69.87605941948743,70.13796280283648,69.52464936358116,69.66388702392578,5231400,0.0,0.0,0.0
2025-06-18 00:00:00-04:00,69.76831421336163,70.08491103823265,69.3870686264376,69.55282592773438,6947400,0.0,0.0,0.0
2025-06-20 00:00:00-04:00,69.9523086396909,70.01529565849512,68.96769732213237,69.19644165039062,5476200,0.0,0.0,0.0
2025-06-23 00:00:00-04:00,69.20141887552806,70.0252429420824,68.89310041759451,69.9605941772461,6076200,0.0,0.0,0.0
2025-06-24 00:00:00-04:00,70.68994013864597,71.12423262498615,70.54240892851385,71.0048828125,5737200,0.0,0.0,0.0
2025-06-25 00:00:00-04:00,71.30656964864184,71.54194578147874,71.06289995960925,71.32148742675781,5261400,0.0,0.0,0.0
2025-06-26 00:00:00-04:00,71.55521321192982,71.97624210226765,71.2933098259313,71.88838958740234,4831200,0.0,0.0,0.0
2025-06-27 00:00:00-04:00,72.06243365718193,72.45528874046755,71.72428721434304,72.33759307861328,7031400,0.0,0.0,0.0
2025-06-30 00:00:00-04:00,72.7398567252325,72.92240438584689,72.36978559386212,72.75313568115234,8607000,0.084,0.0,0.0
2025-07-01 00:00:00-04:00,72.48097584073037,72.6369655851635,71.71095594860144,72.0179672241211,9414600,0.0,0.0,0.0
2025-07-02 00:00:00-04:00,71.99307601871412,72.57722854107155,71.95657408272359,72.56394958496094,7086600,0.0,0.0,0.0
2025-07-03 00:00:00-04:00,72.92739221448184,73.41860726010643,72.85769288498994,73.34724426269531,3811200,0.0,0.0,0.0
2025-07-07 00:00:00-04:00,72.97882515338705,73.13979829308202,72.48761018599883,72.80457305908203,7004400,0.0,0.0,0.0
2025-07-08 00:00:00-04:00,73.03028073569888,73.03028073569888,72.58719051687781,72.73986053466797,5211600,0.0,0.0,0.0
2025-07-09 00:00:00-04:00,73.0402386232287,73.54804475466025,73.0319354771668,73.43354034423828,4649400,0.0,0.0,0.0
2025-07-10 00:00:00-04:00,73.50821359794892,73.57128104244943,72.95891454025897,73.41362762451172,4493400,0.0,0.0,0.0
2025-07-11 00:00:00-04:00,73.13482041142397,73.4883004363869,73.0153401975318,73.2891616821289,4343400,0.0,0.0,0.0
2025-07-14 00:00:00-04:00,73.28086647841683,73.6708560769248,73.00206915357815,73.55303192138672,3760800,0.0,0.0,0.0
2025-07-15 00:00:00-04:00,74.13385031922174,74.1803190679661,73.69906327236313,73.70901489257812,6763800,0.0,0.0,0.0
2025-07-16 00:00:00-04:00,73.84344619443723,73.98782067066631,73.17632292406182,73.91812133789062,5324400,0.0,0.0,0.0
2025-07-17 00:00:00-04:00,73.96955330582355,74.43588164513038,73.86500812279256,74.35954284667969,5172000,0.0,0.0,0.0
2025-07-18 00:00:00-04:00,74.67817750866263,74.67817750866263,74.18032299193821,74.41099548339844,5364000,0.0,0.0,0.0
2025-07-21 00:00:00-04:00,74.52052345735797,74.98186843639395,74.51388397914823,74.67817687988281,4679400,0.0,0.0,0.0
2025-07-22 00:00:00-04:00,74.70971086844054,74.73294144560015,73.79365278866723,74.22679138183594,5658000,0.0,0.0,0.0
2025-07-23 00:00:00-04:00,74.51554380248308,74.74455261230469,74.14878481855894,74.74455261230469,5212800,0.0,0.0,0.0
2025-07-24 00:00:00-04:00,75.0366310979082,75.22581823946913,74.78604017923367,75.05488586425781,5301600,0.0,0.0,0.0
2025-07-25 00:00:00-04:00,75.15445317327081,75.55937776083115,75.0847538488263,75.3801498413086,4621800,0.0,0.0,0.0
2025-07-28 00:00:00-04:00,75.5792908170633,75.75354293161948,75.42495713673705,75.66392517089844,4719600,0.0,0.0,0.0
2025-07-29 00:00:00-04:00,75.89958463704775,76.01408905096336,75.2407569450657,75.30713653564453,4738200,0.0,0.0,0.0
2025-07-30 00:00:00-04:00,75.47142597990012,75.74690354716672,75.00676127049947,75.47805786132812,5020800,0.0,0.0,0.0
2025-07-31 00:00:00-04:00,76.79405516425255,76.81065385904333,75.36355153955418,75.53780364990234,7786200,0.0,0.0,0.0
2025-08-01 00:00:00-04:00,74.51720418006603,74.5985187969968,73.51153593145379,73.85505676269531,7808400,0.0,0.0,0.0
2025-08-04 00:00:00-04:00,74.50060850524471,75.28058002536295,74.44915635028907,75.27559661865234,6037200,0.0,0.0,0.0
2025-08-05 00:00:00-04:00,75.3137812263096,75.45981937435283,74.54210513827493,74.62673950195312,4912800,0.0,0.0,0.0
2025-08-06 00:00:00-04:00,74.71136519903767,75.6788602209359,74.69808624288041,75.63737487792969,6385200,0.0,0.0,0.0
2025-08-07 00:00:00-04:00,76.08046077617512,76.24309759327096,74.99182192924535,75.6257553100586,5607600,0.0,0.0,0.0
2025-08-08 00:00:00-04:00,75.80166746425502,76.26798824249768,75.71703311074192,76.1949691772461,4806600,0.0,0.0,0.0
2025-08-11 00:00:00-04:00,76.1717377495771,76.57666234296187,75.84481562743927,76.03897857666016,5568600,0.0,0.0,0.0
2025-08-12 00:00:00-04:00,76.35593538832103,76.8454942952044,75.89791020098444,76.82890319824219,4574400,0.0,0.0,0.0
2025-08-13 00:00:00-04:00,77.14255878257141,77.27200582370604,76.58662020485345,76.81231689453125,5568000,0.0,0.0,0.0
2025-08-14 00:00:00-04:00,76.6579816987757,77.1176630222674,76.59160210821084,76.92350006103516,4351200,0.0,0.0,0.0
2025-08-15 00:00:00-04:00,77.01975170510087,77.01975170510087,76.45551762966147,76.67788696289062,4452600,0.0,0.0,0.0
2025-08-18 00:00:00-04:00,76.58328959041454,76.74260666560036,76.40240560809288,76.691162109375,4515600,0.0,0.0,0.0
2025-08-19 00:00:00-04:00,76.60321335259083,76.65299424455758,75.47142544023555,75.61248016357422,5317200,0.0,0.0,0.0
2025-08-20 00:00:00-04:00,75.49632087128163,75.50129668155948,74.2234706189228,75.184326171875,5244600,0.0,0.0,0.0
2025-08-21 00:00:00-04:00,75.01007946061853,75.27394173411642,74.57196507594729,74.8740005493164,10678800,0.0,0.0,0.0
2025-08-22 00:00:00-04:00,74.98850997028245,76.31446090438928,74.82919287550928,76.07549285888672,4720200,0.0,0.0,0.0
2025-08-25 00:00:00-04:00,75.91451974705464,76.36922526067053,75.75852239136594,75.9427261352539,4108200,0.0,0.0,0.0
2025-08-26 00:00:00-04:00,75.91948915830038,76.39576913823082,75.76017967349877,76.36257934570312,4500600,0.0,0.0,0.0
2025-08-27 00:00:00-04:00,76.35428609146524,76.63640313475756,76.15182759129604,76.51359558105469,4672800,0.0,0.0,0.0
2025-08-28 00:00:00-04:00,76.59325957827228,77.14255867671822,76.38913739573034,76.99818420410156,3831600,0.0,0.0,0.0
2025-08-29 00:00:00-04:00,76.74925363383552,76.74925363383552,75.92281331812578,76.10868072509766,4219800,0.0,0.0,0.0
2025-09-02 00:00:00-04:00,74.94203113659196,75.54111863601102,74.62340458656618,75.50128936767578,7438800,0.0,0.0,0.0
2025-09-03 00:00:00-04:00,76.14519679950833,76.50697242719325,75.84980076644598,76.32442474365234,7643400,0.0,0.0,0.0
2025-09-04 00:00:00-04:00,76.41402263652566,77.01808596649832,76.18833357041203,77.0031509399414,4971600,0.0,0.0,0.0
2025-09-05 00:00:00-04:00,77.5557760879004,77.58232640433341,76.22152962809284,76.7691650390625,4822800,0.0,0.0,0.0
2025-09-08 00:00:00-04:00,77.15749401866361,77.54416387849305,77.15749401866361,77.26204681396484,4909200,0.0,0.0,0.0
2025-09-09 00:00:00-04:00,77.41305583111533,77.5906276856806,77.06123945769814,77.54415893554688,5140800,0.0,0.0,0.0
2025-09-10 00:00:00-04:00,78.01878573924697,78.03537683848386,77.30353008102774,77.5342025756836,5776800,0.0,0.0,0.0
2025-09-11 00:00:00-04:00,77.88932512220391,78.06357721375558,77.58729727950134,77.97894287109375,4687800,0.0,0.0,0.0
2025-09-12 00:00:00-04:00,78.08017484720135,78.41871984284852,77.917545625462,78.24778747558594,5818800,0.0,0.0,0.0
2025-09-15 00:00:00-04:00,78.556451592535,79.03439521478778,78.556451592535,79.02775573730469,6201600,0.0,0.0,0.0
2025-09-16 00:00:00-04:00,79.1240125973697,79.13231574330999,78.8501986977615,78.89665985107422,5289600,0.0,0.0,0.0
2025-09-17 00:00:00-04:00,78.81534159063844,78.90661541850506,77.87274085526445,78.59130859375,5771400,0.0,0.0,0.0
2025-09-18 00:00:00-04:00,79.12401971948415,79.3895456903663,78.79709756238995,79.0045394897461,4761600,0.0,0.0,0.0
2025-09-19 00:00:00-04:00,79.41608652154162,79.78615764923649,79.20698854782097,79.7264175415039,4181400,0.0,0.0,0.0
2025-09-22 00:00:00-04:00,79.58701953026193,80.3553757745313,79.57374057436753,80.33380126953125,5443200,0.0,0.0,0.0
2025-09-23 00:00:00-04:00,80.30393841297239,80.30393841297239,79.30490959876458,79.48745727539062,5924400,0.0,0.0,0.0
2025-09-24 00:00:00-04:00,79.71977788903956,79.76127082745778,78.80538352588998,79.14392852783203,4354200,0.0,0.0,0.0
2025-09-25 00:00:00-04:00,78.56476299002455,78.94810549339309,78.061925072721,78.70748138427734,4581000,0.0,0.0,0.0
2025-09-26 00:00:00-04:00,78.88671338005382,79.11904195175362,78.43034418982182,79.06427764892578,4215000,0.0,0.0,0.0
2025-09-29 00:00:00-04:00,79.46248587035433,79.82464686518104,79.2249210945655,79.41763305664062,19063200,0.0845,0.0,0.0
2025-09-30 00:00:00-04:00,79.36778453819899,79.75320082366075,79.0621116510394,79.6767807006836,11383800,0.0,0.0,0.0
2025-10-01 00:00:00-04:00,79.30632122812858,80.18680674052021,79.19003700213312,80.05057525634766,6147000,0.0,0.0,0.0
2025-10-02 00:00:00-04:00,80.5306874882927,80.53401076392899,79.9259806032335,80.28648376464844,6426600,0.0,0.0,0.0
2025-10-03 00:00:00-04:00,80.33963450633763,80.44927977927092,79.68675158416606,79.98079681396484,5880600,0.0,0.0,0.0
2025-10-06 00:00:00-04:00,80.3844943677344,80.75164408310958,80.12035098833879,80.57388305664062,5592000,0.0,0.0,0.0
2025-10-07 00:00:00-04:00,80.69183550383602,80.72173738106117,79.8279739210814,80.09211730957031,6393600,0.0,0.0,0.0
2025-10-08 00:00:00-04:00,80.24494550977856,80.91942596435547,80.21172035862573,80.91942596435547,4521600,0.0,0.0,0.0
2025-10-09 00:00:00-04:00,80.95764038652449,80.95764038652449,80.42768819511521,80.82307434082031,4506600,0.0,0.0,0.0
2025-10-10 00:00:00-04:00,80.91278763716622,81.155333523863,78.12515256608688,78.15339660644531,7417200,0.0,0.0,0.0
2025-10-13 00:00:00-04:00,79.43756884782718,79.80138769522704,79.07707327620155,79.68011474609375,4935000,0.0,0.0,0.0
2025-10-14 00:00:00-04:00,78.77969781175142,79.63691276741419,78.04872930066381,79.05879211425781,7037400,0.0,0.0,0.0
2025-10-15 00:00:00-04:00,79.82132620755175,80.11537146898533,78.68833253676392,79.48906707763672,5523600,0.0,0.0,0.0
2025-10-16 00:00:00-04:00,79.77812848091867,80.13364292392913,78.52884301696373,79.0903549194336,5659200,0.0,0.0,0.0
2025-10-17 00:00:00-04:00,78.70992290546947,79.66848643262269,78.51555310039117,79.4491958618164,5904000,0.0,0.0,0.0
2025-10-20 00:00:00-04:00,79.92764757401532,80.64698086567745,79.89940353294087,80.52238464355469,4927800,0.0,0.0,0.0
2025-10-21 00:00:00-04:00,80.48084887147817,80.66690666776542,80.25325393453366,80.48749542236328,4438800,0.0,0.0,0.0
2025-10-22 00:00:00-04:00,80.577205683152,80.66027236449865,79.20498943161394,79.90272521972656,8328600,0.0,0.0,0.0
2025-10-23 00:00:00-04:00,79.91269169916438,80.69349413591661,79.89774076181324,80.5655746459961,10854000,0.0,0.0,0.0
2025-10-24 00:00:00-04:00,81.2035130514645,81.57730172418357,81.0855633787376,81.33973693847656,4420800,0.0,0.0,0.0
2025-10-27 00:00:00-04:00,82.35810493304926,82.83655778434793,82.2567640334799,82.77841186523438,5499600,0.0,0.0,0.0
2025-10-28 00:00:00-04:00,83.24356733214863,83.68546412708466,82.93290570259794,83.40802764892578,12576000,0.0,0.0,0.0
2025-10-29 00:00:00-04:00,83.8515939878483,83.95791598881293,83.03755880086199,83.7718505859375,8706000,0.0,0.0,0.0
2025-10-30 00:00:00-04:00,83.22694833640152,83.38476970173622,82.449469171637,82.45611572265625,10278000,0.0,0.0,0.0
2025-10-31 00:00:00-04:00,83.6422674630672,83.68380460503207,82.58901725710014,82.87310028076172,10717200,0.0,0.0,0.0
2025-11-03 00:00:00-05:00,83.61070768722313,83.73862717906597,83.05417690712429,83.36981964111328,8796000,0.0,0.0,0.0
2025-11-04 00:00:00-05:00,82.21025019745656,82.73687151536407,81.79824766831858,81.97933197021484,7266600,0.0,0.0,0.0
2025-11-05 00:00:00-05:00,81.80656582953911,82.60730041386088,81.58727524818117,82.07070922851562,4914600,0.0,0.0,0.0
2025-11-06 00:00:00-05:00,81.97766330832641,81.99427968595508,80.46755778373425,80.7117691040039,8833800,0.0,0.0,0.0
2025-11-07 00:00:00-05:00,80.19012913112527,80.5257115491966,79.04384991972373,80.48583984375,6737400,0.0,0.0,0.0
2025-11-10 00:00:00-05:00,81.69192216257933,82.4777133195257,81.51416874870264,82.34314727783203,6607800,0.0,0.0,0.0
2025-11-11 00:00:00-05:00,81.98265453162679,82.31158277124048,81.63212119806025,82.21688842773438,5431200,0.0,0.0,0.0
2025-11-12 00:00:00-05:00,82.59234324568752,82.68039103870593,81.53742756491964,81.97933197021484,4650600,0.0,0.0,0.0
2025-11-13 00:00:00-05:00,81.47595613083075,81.54739514835185,79.98412480167042,80.22003173828125,11054400,0.0,0.0,0.0
2025-11-14 00:00:00-05:00,79.06377641257518,80.92773858624513,78.79963303671484,80.32635498046875,6345000,0.0,0.0,0.0
2025-11-17 00:00:00-05:00,79.91601411135844,80.69182782411319,79.08537015590922,79.62362670898438,6039000,0.0,0.0,0.0
2025-11-18 00:00:00-05:00,79.05547738804331,79.43258934618187,77.97730632234223,78.62354278564453,9853800,0.0,0.0,0.0
2025-11-19 00:00:00-05:00,78.7797008052947,79.87115729305295,78.51223415443772,79.17507934570312,7322400,0.0,0.0,0.0
2025-11-20 00:00:00-05:00,80.77157705211565,81.12709150435221,77.44569292444464,77.58191680908203,9024000,0.0,0.0,0.0
2025-11-21 00:00:00-05:00,77.84107185207903,78.9508101934866,76.90577126430996,78.06700897216797,7210200,0.0,0.0,0.0
2025-11-24 00:00:00-05:00,78.70991788624403,80.09875047470318,78.70660221545839,79.13687133789062,13956600,0.0,0.0,0.0
2025-11-25 00:00:00-05:00,79.72496306396005,80.71342842039175,78.97074681026851,80.56391143798828,7918200,0.0,0.0,0.0
2025-11-26 00:00:00-05:00,81.02575583084598,81.37628919450734,80.70678978598009,81.13374328613281,5761200,0.0,0.0,0.0
2025-11-28 00:00:00-05:00,81.32312122683969,81.54240417480469,81.17526208491898,81.54240417480469,2575800,0.0,0.0,0.0
2025-12-01 00:00:00-05:00,80.86294476188068,81.52081643734188,80.66857496772163,81.2134780883789,7210800,0.0,0.0,0.0
2025-12-02 00:00:00-05:00,81.61052520214643,82.09395915065517,81.3364119934946,81.65704345703125,6060600,0.0,0.0,0.0
2025-12-03 00:00:00-05:00,81.4045258837166,81.85805794545075,81.13207051674001,81.70355224609375,4282800,0.0,0.0,0.0
2025-12-04 00:00:00-05:00,82.02418776643464,82.02418776643464,81.31648212090228,81.71186828613281,7298400,0.0,0.0,0.0
2025-12-05 00:00:00-05:00,81.96437912994837,82.40794136040289,81.83147092102877,82.08232879638672,4795200,0.0,0.0,0.0
2025-12-08 00:00:00-05:00,82.2517775393992,82.36142281888071,81.60221785380394,81.92450714111328,4719600,0.0,0.0,0.0
2025-12-09 00:00:00-05:00,81.77997082778836,82.05740730055764,81.60055197185814,81.90789031982422,4879200,0.0,0.0,0.0
2025-12-10 00:00:00-05:00,81.75339174326872,82.24513005519816,81.36963326943717,81.94776153564453,5208000,0.0,0.0,0.0
2025-12-11 00:00:00-05:00,81.60387971985627,81.94942434845653,80.87291875862496,81.90457153320312,4886400,0.0,0.0,0.0
2025-12-12 00:00:00-05:00,81.58061987175765,81.76501983852094,80.22999353981017,80.61540985107422,6874800,0.0,0.0,0.0
2025-12-15 00:00:00-05:00,81.14536699815513,81.16862232366125,80.01735443035757,80.21671295166016,7285800,0.0,0.0,0.0
2025-12-16 00:00:00-05:00,79.93428977708693,80.6004582260613,79.71665705670486,80.41273498535156,5928000,0.0,0.0,0.0
2025-12-17 00:00:00-05:00,80.5306892971041,80.56225661398302,78.97573087338279,79.00397491455078,5959800,0.0,0.0,0.0
2025-12-18 00:00:00-05:00,79.98744779019009,80.54065529614316,79.67512833095597,80.06221008300781,5670600,0.0,0.0,0.0
2025-12-19 00:00:00-05:00,80.4891632581187,81.16862487792969,80.40776201153564,81.16862487792969,8839200,0.0,0.0,0.0
2025-12-22 00:00:00-05:00,81.74385155668544,81.74385155668544,81.33142781609783,81.58586883544922,6151200,0.083167,0.0,0.0
2025-12-23 00:00:00-05:00,81.437860033786,82.16125541419981,81.39130183299453,82.15460968017578,6358200,0.0,0.0,0.0
2025-12-24 00:00:00-05:00,81.99163099389204,82.36580179595352,81.99163099389204,82.32921600341797,3415200,0.0,0.0,0.0
2025-12-26 00:00:00-05:00,82.4007243772126,82.57533284285996,82.2177954227065,82.32755279541016,4009800,0.0,0.0,0.0
2025-12-29 00:00:00-05:00,81.81202710023676,82.0814343354522,81.64074530333517,81.90847778320312,5628600,0.0,0.0,0.0
2025-12-30 00:00:00-05:00,81.80704808856616,82.05316863356403,81.72389647825372,81.76713562011719,4717800,0.0,0.0,0.0
2025-12-31 00:00:00-05:00,81.84528571340691,81.89019199401498,81.1152370243757,81.13020324707031,5043600,0.0,0.0,0.0
2026-01-02 00:00:00-05:00,81.81369230584127,82.15127730075437,80.44671896097249,80.8541488647461,10783800,0.0,0.0,0.0
2026-01-05 00:00:00-05:00,81.4328734266095,81.61912906642638,81.10692796006111,81.22832489013672,12136800,0.0,0.0,0.0
2026-01-06 00:00:00-05:00,81.35304835243281,81.57921645842725,81.0537086599416,81.52433776855469,11587800,0.0,0.0,0.0
2026-01-07 00:00:00-05:00,81.58586875850199,82.2992841051704,81.44451179093737,81.73387145996094,8614200,0.0,0.0,0.0
2026-01-08 00:00:00-05:00,81.68397638637411,81.73220172759605,80.87244323705062,81.17842864990234,7821000,0.0,0.0,0.0
2026-01-09 00:00:00-05:00,81.2599292169402,81.8353219236985,80.94728281267263,81.65737915039062,8157600,0.0,0.0,0.0
2026-01-12 00:00:00-05:00,81.20171971918414,82.15294273982533,81.19173969933651,81.90682220458984,6417000,0.0,0.0,0.0
2026-01-13 00:00:00-05:00,81.86026166125022,82.09806933485154,81.27322939574583,81.69230651855469,47494200,0.0,0.0,0.0
2026-01-14 00:00:00-05:00,81.1900767443588,81.25492783932128,80.05924386425751,80.67621612548828,9693000,0.0,0.0,0.0
2026-01-15 00:00:00-05:00,81.40293982859302,81.40792603214697,80.59805238711623,80.7527084350586,10929600,0.0,0.0,0.0
2026-01-16 00:00:00-05:00,81.09361896523947,81.18508344592283,80.47000096627318,80.66956329345703,9289200,0.0,0.0,0.0
2026-01-20 00:00:00-05:00,79.17454137493179,79.60858468831535,78.44283312582863,78.58750915527344,12064800,0.0,0.0,0.0
2026-01-21 00:00:00-05:00,78.7920607329089,79.92122654591546,78.39627034020454,79.33252716064453,11529000,0.0,0.0,0.0
2026-01-22 00:00:00-05:00,80.10082361244874,80.20891384592495,79.63684786485092,79.98773956298828,9661800,0.0,0.0,0.0
2026-01-23 00:00:00-05:00,80.03596676442037,80.73774256447591,79.8463844531988,80.4051513671875,10176600,0.0,0.0,0.0
2026-01-26 00:00:00-05:00,80.47332485703917,81.23164644906977,80.42676665940972,80.95059967041016,7491000,0.0,0.0,0.0
2026-01-27 00:00:00-05:00,81.3297697064219,81.7621458813131,81.21501850989544,81.4694595336914,6180600,0.0,0.0,0.0
2026-01-28 00:00:00-05:00,81.7654645754719,81.8153494446146,81.0853007897001,81.42455291748047,9238200,0.0,0.0,0.0
2026-01-29 00:00:00-05:00,81.21335584383002,81.26823453189019,79.15458669520571,80.67621612548828,14995200,0.0,0.0,0.0
2026-01-30 00:00:00-05:00,80.34527737522527,80.6629099559101,79.7083602960603,80.08086395263672,11126400,0.0,0.0,0.0
2026-02-02 00:00:00-05:00,79.78153451554557,80.63963351955884,79.73662823261346,80.29206848144531,9795000,0.0,0.0,0.0
2026-02-03 00:00:00-05:00,80.48331339615038,80.4849729265882,78.05868613882974,78.73385620117188,11827800,0.0,0.0,0.0
2026-02-04 00:00:00-05:00,78.65736039057668,78.74383867663809,76.9511422840801,77.72276306152344,13707600,0.0,0.0,0.0
2026-02-05 00:00:00-05:00,76.8413842525012,77.28207333156544,75.98993854313554,76.31089782714844,14446800,0.0,0.0,0.0
2026-02-06 00:00:00-05:00,76.78816530237107,78.13351151173184,76.63018258382697,77.92564392089844,12438000,0.0,0.0,0.0
2026-02-09 00:00:00-05:00,77.83251124314255,79.00824278077194,77.57807784409829,78.72386932373047,7456800,0.0,0.0,0.0
2026-02-10 00:00:00-05:00,78.94505416774322,79.06145728087542,78.30646993203551,78.34305572509766,7269600,0.0,0.0,0.0
2026-02-11 00:00:00-05:00,78.97498669493658,79.01822583451316,77.63129236997123,77.99881744384766,7042200,0.0,0.0,0.0
2026-02-12 00:00:00-05:00,78.34138913078452,78.39793496365355,76.35911817012702,76.52208709716797,13277400,0.0,0.0,0.0
2026-02-13 00:00:00-05:00,76.68339020673533,76.89292492969065,75.9317219749703,76.16121673583984,13398000,0.0,0.0,0.0
2026-02-17 00:00:00-05:00,75.90013661633685,76.80313429130449,75.27817812670436,76.41898345947266,13615800,0.0,0.0,0.0
2026-02-18 00:00:00-05:00,76.60191619992754,77.36855075845051,76.39238144838748,76.9095687866211,8852400,0.0,0.0,0.0
2026-02-19 00:00:00-05:00,76.58029006982777,76.96277374483887,76.28927087525729,76.70002746582031,7309800,0.0,0.0,0.0
2026-02-20 00:00:00-05:00,76.35745258173824,77.62464868064389,76.22441609879034,77.33528900146484,11611200,0.0,0.0,0.0
2026-02-23 00:00:00-05:00,77.24049609037372,77.37020589705232,76.0564516264392,76.37741088867188,9939600,0.0,0.0,0.0
2026-02-24 00:00:00-05:00,76.31254535304214,77.24214871155719,75.90511546030919,77.15235137939453,9711000,0.0,0.0,0.0
2026-02-25 00:00:00-05:00,77.51321690444937,78.27652469211925,77.51321690444937,78.21333312988281,9558000,0.0,0.0,0.0
2026-02-26 00:00:00-05:00,78.15347776496081,78.20004358032125,76.673420206413,77.40513610839844,7933200,0.0,0.0,0.0
2026-02-27 00:00:00-05:00,76.45224811651572,76.92453679304536,76.22109378852579,76.64183044433594,9399000,0.0,0.0,0.0
2026-03-02 00:00:00-05:00,75.59580999295555,77.15235811995719,75.47607259375366,76.8696517944336,21524400,0.0,0.0,0.0
2026-03-03 00:00:00-05:00,75.50101432542299,76.6401524362978,75.0237395125427,76.38904571533203,23671800,0.0,0.0,0.0
2026-03-04 00:00:00-05:00,76.59193543917578,77.48329359922646,76.48550472771488,77.16400146484375,7969200,0.0,0.0,0.0
2026-03-05 00:00:00-05:00,76.93117614899401,77.53483406328174,76.3507897200398,77.21388244628906,14860800,0.0,0.0,0.0
2026-03-06 00:00:00-05:00,76.24270752574064,76.89625799002424,75.95501499503425,76.17784881591797,10344600,0.0,0.0,0.0
2026-03-09 00:00:00-04:00,75.46609887454917,77.36688552199043,75.17507964788179,77.17897033691406,12103800,0.0,0.0,0.0
2026-03-10 00:00:00-04:00,77.16066515704976,77.68450577169087,76.68505749453058,77.04259490966797,9406200,0.0,0.0,0.0
2026-03-11 00:00:00-04:00,77.25712431915859,77.75768589034193,76.66344634407116,77.08084869384766,6538200,0.0,0.0,0.0
2026-03-12 00:00:00-04:00,76.54869075882988,76.63516903611452,75.67396602910557,75.71553802490234,9261000,0.0,0.0,0.0
2026-03-13 00:00:00-04:00,75.96665339076615,76.33915705268205,74.73771027122069,74.86908721923828,9967200,0.0,0.0,0.0
2026-03-16 00:00:00-04:00,75.59081081618042,76.25766792255978,75.48272058725941,75.76210021972656,6232200,0.0,0.0,0.0
2026-03-17 00:00:00-04:00,76.03482831939829,76.47884401998444,75.75378914998723,75.93505096435547,5419200,0.0,0.0,0.0
2026-03-18 00:00:00-04:00,75.67895187368116,75.91842666539931,74.81420716755795,74.83748626708984,6388800,0.0,0.0,0.0
2026-03-19 00:00:00-04:00,74.26043376198642,74.90234465190356,73.94612785703879,74.59635162353516,10348200,0.0,0.0,0.0
2026-03-20 00:00:00-04:00,74.35023513253776,74.35023513253776,72.75710117729668,73.2210693359375,9158400,0.0,0.0,0.0
2026-03-23 00:00:00-04:00,74.37185333118583,75.0969158504298,74.00266872505252,74.21885681152344,12768000,0.0,0.0,0.0
2026-03-24 00:00:00-04:00,73.768193511457,73.93117006363305,73.27429287596809,73.36076354980469,13685400,0.0,0.0,0.0
2026-03-25 00:00:00-04:00,74.16730461864809,74.52650920416103,73.65344398347462,73.87794494628906,10394400,0.0,0.0,0.0
2026-03-26 00:00:00-04:00,73.18947628256512,73.47550928342748,71.93558689884117,71.96053314208984,9285600,0.0,0.0,0.0
2026-03-27 00:00:00-04:00,71.53067464847952,71.58228367495765,70.18050264832819,70.3170166015625,13987200,0.079667,0.0,0.0
2026-03-30 00:00:00-04:00,70.92800961882148,71.01291454455827,69.55619415681846,69.92411804199219,12875400,0.0,0.0,0.0
2026-03-31 00:00:00-04:00,70.83810585015429,72.88583800124071,70.79149616256434,72.71768951416016,14890200,0.0,0.0,0.0
2026-04-01 00:00:00-04:00,73.3236873155637,74.03123856117386,73.06564217294272,73.51181030273438,14051400,0.0,0.0,0.0
2026-04-02 00:00:00-04:00,72.23988540699808,73.74155409653267,71.91191813021297,73.59005737304688,14164800,0.0,0.0,0.0
2026-04-06 00:00:00-04:00,73.67829728380421,74.14777787843269,73.50182671940551,73.93135070800781,9664200,0.0,0.0,0.0
2026-04-07 00:00:00-04:00,73.6899464273353,74.11614004472648,72.62446238385735,74.0728530883789,11085000,0.0,0.0,0.0
2026-04-08 00:00:00-04:00,76.7548737531592,76.92302223429897,75.69605044933246,76.06564331054688,7973400,0.0,0.0,0.0
2026-04-09 00:00:00-04:00,76.04067254756949,76.58340562932048,75.52624364838452,76.5018310546875,6503400,0.0,0.0,0.0
2026-04-10 00:00:00-04:00,76.70160615653842,77.11115563557811,76.57008392153158,76.76986694335938,13563600,0.0,0.0,0.0
2026-04-13 00:00:00-04:00,76.70326572340677,77.85366229040062,76.4602033717473,77.80704498291016,9941400,0.0,0.0,0.0
2026-04-14 00:00:00-04:00,78.35144325213814,79.39528384714293,78.35144325213814,79.36531829833984,7873200,0.0,0.0,0.0
2026-04-15 00:00:00-04:00,79.61503638625746,80.89361719483372,79.58840119131447,80.85366821289062,7336200,0.0,0.0,0.0
2026-04-16 00:00:00-04:00,81.18996006221799,81.24656842678124,80.40583361656958,80.99351501464844,7315200,0.0,0.0,0.0
2026-04-17 00:00:00-04:00,81.76266292706404,82.44024862479277,81.6427931084862,82.22881317138672,6391200,0.0,0.0,0.0
2026-04-20 00:00:00-04:00,82.03568759411961,82.15888776007674,81.36143989631401,82.00572204589844,6427200,0.0,0.0,0.0
2026-04-21 00:00:00-04:00,82.34868256280919,82.49851030907509,81.22992045804929,81.40972137451172,5810600,0.0,6.0,0.0
2026-04-22 00:00:00-04:00,82.11893163095786,82.95800509072453,81.93913071964666,82.92803192138672,6334200,0.0,0.0,0.0
2026-04-23 00:00:00-04:00,82.49850572250361,82.76821089267445,81.14001929924446,81.9491195678711,7560100,0.0,0.0,0.0
2026-04-24 00:00:00-04:00,82.2887369189747,83.25766357499268,82.0789704709104,83.15777587890625,5977800,0.0,0.0,0.0
2026-04-27 00:00:00-04:00,82.9180503164754,83.44746200565096,82.58841403497026,83.39751434326172,6238800,0.0,0.0,0.0
2026-04-28 00:00:00-04:00,82.51848778557247,82.8581074859487,82.16887702902551,82.67830657958984,11685100,0.0,0.0,0.0
2026-04-29 00:00:00-04:00,82.55844387644495,82.75821927296134,82.07897225548558,82.58840942382812,3930000,0.0,0.0,0.0
2026-04-30 00:00:00-04:00,83.03790899655512,83.26765756449662,81.7793102638275,83.07786560058594,4964500,0.0,0.0,0.0
2026-05-01 00:00:00-04:00,83.6372518529463,84.27654228638357,83.47742543411543,83.76710510253906,6012500,0.0,0.0,0.0
2026-05-04 00:00:00-04:00,83.81705026224303,84.05678226239172,83.04789898122426,83.62725830078125,6019200,0.0,0.0,0.0
2026-05-05 00:00:00-04:00,84.11671843578922,84.35645045041187,83.87698642116656,84.21660614013672,4764200,0.0,0.0,0.0
2026-05-06 00:00:00-04:00,84.90584314800005,85.91472647691685,84.65612007991768,85.80484771728516,6892800,0.0,0.0,0.0
2026-05-07 00:00:00-04:00,86.29430110436263,86.7238250778777,85.69496727690843,85.95468139648438,8792400,0.0,0.0,0.0
2026-05-08 00:00:00-04:00,86.31428096090161,86.80373601808489,86.16444560271897,86.7437973022461,5521900,0.0,0.0,0.0
2026-05-11 00:00:00-04:00,86.20440709254538,87.14336065655559,86.09452833171281,86.71383666992188,6510800,0.0,0.0,0.0
2026-05-12 00:00:00-04:00,86.34424913468735,86.6838688440182,85.4752101275487,86.464111328125,6373900,0.0,0.0,0.0
2026-05-13 00:00:00-04:00,86.51405849891471,87.70274271672046,86.01461237324077,87.4130630493164,5131500,0.0,0.0,0.0
2026-05-14 00:00:00-04:00,87.50296188653101,88.53181971184951,87.43303973202227,88.39197540283203,7214800,0.0,0.0,0.0
2026-05-15 00:00:00-04:00,87.54291923630554,88.15224413975152,86.82371557184841,87.3331527709961,7180000,0.0,0.0,0.0
2026-05-18 00:00:00-04:00,87.36311552114287,87.56289854428192,86.2443534543935,86.99352264404297,6464900,0.0,0.0,0.0
2026-05-19 00:00:00-04:00,86.57398853878583,86.83370265483092,85.8148359241048,86.19441223144531,9043000,0.0,0.0,0.0
2026-05-20 00:00:00-04:00,86.46411105316639,87.35312454940318,86.2044045542486,87.30318450927734,7457000,0.0,0.0,0.0
2026-05-21 00:00:00-04:00,87.00351086646921,87.83259323836859,86.65390011354262,87.38309478759766,6056200,0.0,0.0,0.0
2026-05-22 00:00:00-04:00,87.73271098742853,88.1222783678678,87.34314360698927,87.44303131103516,4616800,0.0,0.0,0.0
2026-05-26 00:00:00-04:00,87.97244167067382,88.41195670695967,87.74269309599444,88.102294921875,6788000,0.0,0.0,0.0
2026-05-27 00:00:00-04:00,88.06234176088911,88.24213504435875,87.73270549930912,88.1122817993164,7040900,0.0,0.0,0.0
2026-05-28 00:00:00-04:00,88.09231221947947,89.1511355928609,88.01239900840906,89.12117004394531,9785100,0.0,0.0,0.0
2026-05-29 00:00:00-04:00,89.1910935093938,89.77045286675519,89.0912058045592,89.50074768066406,6014500,0.0,0.0,0.0
2026-06-01 00:00:00-04:00,89.68054238662256,90.4996337030468,89.56068019749985,90.18997955322266,6694200,0.0,0.0,0.0
2026-06-02 00:00:00-04:00,90.02017505227789,90.25990706570735,89.52072891208294,89.94026184082031,6145000,0.0,0.0,0.0
2026-06-03 00:00:00-04:00,89.82039077294033,89.9502516449865,88.61173204501156,88.83148956298828,6066100,0.0,0.0,0.0
2026-06-04 00:00:00-04:00,88.18220349417037,89.27099997108122,88.02238470270898,89.06123352050781,8461100,0.0,0.0,0.0
2026-06-05 00:00:00-04:00,88.31206439630766,88.36200443449769,85.51516314561052,85.83480834960938,9251200,0.0,0.0,0.0
2026-06-08 00:00:00-04:00,86.58398254085301,86.95357542545541,85.95468315231264,86.114501953125,8490800,0.0,0.0,0.0
2026-06-09 00:00:00-04:00,86.62393945065948,87.13337664561638,83.14779097469358,85.27543640136719,9162700,0.0,0.0,0.0
2026-06-10 00:00:00-04:00,84.54624028252951,85.36533163094803,83.49740036108024,83.54734802246094,10131800,0.0,0.0,0.0
2026-06-11 00:00:00-04:00,83.80706129527631,85.21549540482016,83.00794444693639,85.02571105957031,11670800,0.0,0.0,0.0
2026-06-12 00:00:00-04:00,85.39529461935294,85.64501767688368,84.34646235028951,85.175537109375,7951800,0.0,0.0,0.0
2026-06-15 00:00:00-04:00,86.84369651555204,87.78265006844107,86.8137309667605,87.57288360595703,7474400,0.0,0.0,0.0
2026-06-16 00:00:00-04:00,87.3131711955637,87.47298998528763,86.67387317383984,86.69385528564453,5830500,0.0,0.0,0.0
2026-06-17 00:00:00-04:00,86.84369577500813,87.0334801227173,85.29540971913978,85.51516723632812,9798900,0.0,0.0,0.0
2026-06-18 00:00:00-04:00,86.71383425805294,87.12338374084553,85.98464717929299,86.88365173339844,5470200,0.0,0.0,0.0
2026-06-22 00:00:00-04:00,86.70385228657028,87.12338521192225,85.66500340883451,85.80484771728516,5762900,0.0,0.0,0.0
2026-06-23 00:00:00-04:00,84.07675882703624,84.9457978278025,83.96688006989535,83.98686218261719,6773600,0.0,0.0,0.0
2026-06-24 00:00:00-04:00,84.1067220857402,84.94579551552667,83.38752608713547,83.73713684082031,7596600,0.0,0.0,0.0
2026-06-25 00:00:00-04:00,84.16666657004686,84.23658872557624,82.2188220301113,82.9580078125,9622700,0.0,0.0,0.0
2026-06-26 00:00:00-04:00,82.29000091552734,83.55000305175781,81.93000030517578,82.76000213623047,9874200,0.092,0.0,0.0
2026-06-29 00:00:00-04:00,83.91999816894531,84.91999816894531,83.4000015258789,84.8499984741211,7099700,0.0,0.0,0.0
2026-06-30 00:00:00-04:00,84.94999694824219,86.44000244140625,84.86000061035156,86.13999938964844,11923100,0.0,0.0,0.0
2026-07-01 00:00:00-04:00,86.12000274658203,86.79000091552734,85.68000030517578,86.16999816894531,7511000,0.0,0.0,0.0
2026-07-02 00:00:00-04:00,86.12999725341797,86.83000183105469,84.9800033569336,85.5,11730200,0.0,0.0,0.0
2026-07-06 00:00:00-04:00,86.13999938964844,86.88999938964844,85.88999938964844,86.68000030517578,7193300,0.0,0.0,0.0
2026-07-07 00:00:00-04:00,86.29000091552734,86.37999725341797,85.4000015258789,85.87999725341797,6183000,0.0,0.0,0.0
2026-07-08 00:00:00-04:00,85.37999725341797,86.12999725341797,84.87999725341797,85.98999786376953,10077700,0.0,0.0,0.0
2026-07-09 00:00:00-04:00,86.1500015258789,87.01000213623047,85.70999908447266,86.9800033569336,8551200,0.0,0.0,0.0
2026-07-10 00:00:00-04:00,87.0,87.43000030517578,86.31999969482422,87.4000015258789,9681600,0.0,0.0,0.0
2026-07-13 00:00:00-04:00,86.87000274658203,87.0999984741211,86.0,86.1500015258789,8118900,0.0,0.0,0.0
2026-07-14 00:00:00-04:00,86.5,87.11000061035156,86.13999938964844,86.95999908447266,7341800,0.0,0.0,0.0
2026-07-15 00:00:00-04:00,87.4000015258789,87.81999969482422,86.9800033569336,87.76000213623047,10566700,0.0,0.0,0.0
2026-07-16 00:00:00-04:00,87.30000305175781,87.5,86.12999725341797,86.55999755859375,8135600,0.0,0.0,0.0
2026-07-17 00:00:00-04:00,84.79000091552734,85.83000183105469,84.31999969482422,85.2699966430664,8811500,0.0,0.0,0.0
2026-07-20 00:00:00-04:00,85.83000183105469,86.25,85.2699966430664,85.33000183105469,6877700,0.0,0.0,0.0
2026-07-21 00:00:00-04:00,86.11000061035156,86.23999786376953,85.6500015258789,86.12999725341797,9326400,0.0,0.0,0.0
2026-07-22 00:00:00-04:00,85.73999786376953,86.08000183105469,85.5,85.68000030517578,4388800,0.0,0.0,0.0
2026-07-23 00:00:00-04:00,84.22000122070312,84.5199966430664,83.22000122070312,83.77999877929688,5930300,0.0,0.0,0.0
2026-07-24 00:00:00-04:00,83.79000091552734,84.37000274658203,83.29000091552734,83.4800033569336,7058300,0.0,0.0,0.0
2026-07-27 00:00:00-04:00,84.37000274658203,84.58999633789062,82.94000244140625,83.37999725341797,4458800,0.0,0.0,0.0
2026-07-28 00:00:00-04:00,83.16000366210938,83.66000366210938,82.2699966430664,83.33000183105469,8114700,0.0,0.0,0.0
2026-07-29 00:00:00-04:00,83.13999938964844,83.98999786376953,81.95999908447266,82.06999969482422,7058100,0.0,0.0,0.0
2026-07-30 00:00:00-04:00,83.45999908447266,84.4000015258789,83.26000213623047,84.2699966430664,6428800,0.0,0.0,0.0
2026-07-31 00:00:00-04:00,84.61000061035156,85.47000122070312,83.70999908447266,85.19999694824219,6342500,0.0,0.0,0.0
2026-08-03 00:00:00-04:00,85.56999969482422,87.38999938964844,85.45999908447266,87.08000183105469,7509000,0.0,0.0,0.0
2026-08-04 00:00:00-04:00,87.62999725341797,89.45999908447266,87.55999755859375,89.08999633789062,8399500,0.0,0.0,0.0
2026-08-05 00:00:00-04:00,89.80999755859375,90.0199966430664,88.66999816894531,88.7300033569336,6298600,0.0,0.0,0.0
2026-08-06 00:00:00-04:00,88.55000305175781,89.16000366210938,88.45999908447266,88.68000030517578,6921600,0.0,0.0,0.0
2026-08-07 00:00:00-04:00,89.30999755859375,89.62000274658203,88.98999786376953,89.4000015258789,5120700,0.0,0.0,0.0
2026-08-10 00:00:00-04:00,89.38999938964844,89.61000061035156,88.97000122070312,89.18000030517578,7907400,0.0,0.0,0.0
2026-08-11 00:00:00-04:00,89.44000244140625,89.48999786376953,88.41999816894531,88.58999633789062,6844300,0.0,0.0,0.0
2026-08-12 00:00:00-04:00,89.31999969482422,89.37999725341797,88.76000213623047,88.87000274658203,6865400,0.0,0.0,0.0
2026-08-13 00:00:00-04:00,89.20999908447266,89.94999694824219,89.08000183105469,89.7300033569336,4780100,0.0,0.0,0.0
2026-08-14 00:00:00-04:00,89.88999938964844,89.9000015258789,89.22000122070312,89.33999633789062,5145700,0.0,0.0,0.0
2026-08-17 00:00:00-04:00,89.43000030517578,89.54000091552734,88.81999969482422,88.87000274658203,4528900,0.0,0.0,0.0
2026-08-18 00:00:00-04:00,87.91000366210938,88.2300033569336,87.7699966430664,87.86000061035156,4697200,0.0,0.0,0.0
2026-08-19 00:00:00-04:00,88.05000305175781,88.38999938964844,87.47000122070312,87.93000030517578,9363200,0.0,0.0,0.0
2026-08-20 00:00:00-04:00,87.73999786376953,87.91000366210938,87.06999969482422,87.16999816894531,4602700,0.0,0.0,0.0
2026-08-21 00:00:00-04:00,87.58000183105469,87.80999755859375,87.08000183105469,87.5,4338100,0.0,0.0,0.0
2026-08-24 00:00:00-04:00,87.30999755859375,87.3499984741211,86.6500015258789,86.93000030517578,4456600,0.0,0.0,0.0
2026-08-25 00:00:00-04:00,87.4800033569336,87.77999877929688,87.05999755859375,87.4000015258789,4708800,0.0,0.0,0.0
2026-08-26 00:00:00-04:00,87.2300033569336,87.61000061035156,87.0,87.41000366210938,3360600,0.0,0.0,0.0
2026-08-27 00:00:00-04:00,88.20999908447266,89.0199966430664,87.93000030517578,88.9000015258789,4684500,0.0,0.0,0.0
2026-08-28 00:00:00-04:00,89.02999877929688,89.56999969482422,88.41000366210938,88.54000091552734,4008600,0.0,0.0,0.0
2026-08-31 00:00:00-04:00,88.36000061035156,88.36000061035156,87.87999725341797,88.23999786376953,4402400,0.0,0.0,0.0
2026-09-01 00:00:00-04:00,87.23999786376953,87.86000061035156,87.04000091552734,87.37000274658203,5181000,0.0,0.0,0.0
2026-09-02 00:00:00-04:00,87.36000061035156,87.87999725341797,87.13999938964844,87.5999984741211,4345900,0.0,0.0,0.0
2026-09-03 00:00:00-04:00,88.0,89.12000274658203,87.94000244140625,88.87999725341797,5517900,0.0,0.0,0.0
2026-09-04 00:00:00-04:00,89.04000091552734,89.04000091552734,88.2300033569336,88.44999694824219,3494400,0.0,0.0,0.0
2026-09-08 00:00:00-04:00,88.5,88.5199966430664,87.9000015258789,88.12000274658203,4853200,0.0,0.0,0.0
2026-09-09 00:00:00-04:00,87.94000244140625,87.97000122070312,87.44000244140625,87.68000030517578,4839400,0.0,0.0,0.0
2026-09-10 00:00:00-04:00,86.93000030517578,87.5199966430664,86.8499984741211,87.20999908447266,5393100,0.0,0.0,0.0
2026-09-11 00:00:00-04:00,88.06999969482422,88.45999908447266,87.91999816894531,88.0199966430664,4686200,0.0,0.0,0.0
2026-09-14 00:00:00-04:00,87.12999725341797,88.13999938964844,86.9800033569336,87.70999908447266,5358800,0.0,0.0,0.0
2026-09-15 00:00:00-04:00,87.5999984741211,87.68000030517578,86.91000366210938,87.05999755859375,6027500,0.0,0.0,0.0
2026-09-16 00:00:00-04:00,87.37000274658203,87.91000366210938,86.4800033569336,87.05999755859375,6480200,0.0,0.0,0.0
2026-09-17 00:00:00-04:00,88.44000244140625,88.58000183105469,87.98999786376953,88.43000030517578,4628700,0.0,0.0,0.0
2026-09-18 00:00:00-04:00,88.80000305175781,88.83999633789062,88.22000122070312,88.75,3906700,0.0,0.0,0.0
2026-09-21 00:00:00-04:00,89.55500030517578,90.73480224609375,89.31999969482422,90.6698989868164,3109261,0.0,0.0,0.0
