Date,Open,High,Low,Close,Volume,Dividends,Stock Splits,Capital Gains
2021-09-20 00:00:00+02:00,31.81999969482422,31.81999969482422,31.415000915527344,31.530000686645508,168734,0.0,0.0,0.0
2021-09-21 00:00:00+02:00,31.825000762939453,31.90999984741211,31.604999542236328,31.75,15098,0.0,0.0,0.0
2021-09-22 00:00:00+02:00,31.7549991607666,31.975000381469727,31.704999923706055,31.975000381469727,29216,0.0,0.0,0.0
2021-09-23 00:00:00+02:00,32.05500030517578,32.2400016784668,32.0099983215332,32.21500015258789,20618,0.0,0.0,0.0
2021-09-24 00:00:00+02:00,32.165000915527344,32.314998626708984,32.099998474121094,32.21500015258789,31844,0.0,0.0,0.0
2021-09-27 00:00:00+02:00,32.400001525878906,32.630001068115234,32.380001068115234,32.61000061035156,47484,0.0,0.0,0.0
2021-09-28 00:00:00+02:00,32.619998931884766,32.650001525878906,32.279998779296875,32.279998779296875,43966,0.0,0.0,0.0
2021-09-29 00:00:00+02:00,32.185001373291016,32.57500076293945,32.185001373291016,32.529998779296875,25203,0.0,0.0,0.0
2021-09-30 00:00:00+02:00,32.67499923706055,32.67499923706055,32.345001220703125,32.369998931884766,14943,0.0,0.0,0.0
2021-10-01 00:00:00+02:00,31.81999969482422,32.165000915527344,31.81999969482422,32.06999969482422,57690,0.0,0.0,0.0
2021-10-04 00:00:00+02:00,31.989999771118164,32.22999954223633,31.8700008392334,31.885000228881836,34389,0.0,0.0,0.0
2021-10-05 00:00:00+02:00,31.985000610351562,32.400001525878906,31.985000610351562,32.3849983215332,21194,0.0,0.0,0.0
2021-10-06 00:00:00+02:00,32.1349983215332,32.334999084472656,31.93000030517578,31.985000610351562,122151,0.0,0.0,0.0
2021-10-07 00:00:00+02:00,32.275001525878906,32.61000061035156,32.275001525878906,32.584999084472656,16333,0.0,0.0,0.0
2021-10-08 00:00:00+02:00,32.599998474121094,32.599998474121094,32.435001373291016,32.4900016784668,18347,0.0,0.0,0.0
2021-10-11 00:00:00+02:00,32.55500030517578,32.775001525878906,32.52000045776367,32.72999954223633,48929,0.0,0.0,0.0
2021-10-12 00:00:00+02:00,32.314998626708984,32.52000045776367,32.314998626708984,32.4900016784668,47788,0.0,0.0,0.0
2021-10-13 00:00:00+02:00,32.30500030517578,32.375,32.13999938964844,32.244998931884766,20838,0.0,0.0,0.0
2021-10-14 00:00:00+02:00,32.375,32.64500045776367,32.36000061035156,32.61000061035156,27714,0.0,0.0,0.0
2021-10-15 00:00:00+02:00,32.77000045776367,33.0,32.7400016784668,32.88999938964844,69922,0.0,0.0,0.0
2021-10-18 00:00:00+02:00,32.869998931884766,32.869998931884766,32.56999969482422,32.75,35011,0.0,0.0,0.0
2021-10-19 00:00:00+02:00,32.630001068115234,32.73500061035156,32.58000183105469,32.71500015258789,32420,0.0,0.0,0.0
2021-10-20 00:00:00+02:00,32.68000030517578,32.92499923706055,32.65999984741211,32.915000915527344,12492,0.0,0.0,0.0
2021-10-21 00:00:00+02:00,32.65999984741211,32.77000045776367,32.64500045776367,32.64500045776367,22865,0.0,0.0,0.0
2021-10-22 00:00:00+02:00,32.64500045776367,32.755001068115234,32.560001373291016,32.58000183105469,41311,0.0,0.0,0.0
2021-10-25 00:00:00+02:00,32.53499984741211,32.775001525878906,32.53499984741211,32.76499938964844,24483,0.0,0.0,0.0
2021-10-26 00:00:00+02:00,32.875,32.880001068115234,32.76499938964844,32.79499816894531,15409,0.0,0.0,0.0
2021-10-27 00:00:00+02:00,32.72999954223633,32.72999954223633,32.52000045776367,32.52000045776367,11260,0.0,0.0,0.0
2021-10-28 00:00:00+02:00,32.400001525878906,32.45500183105469,32.31999969482422,32.345001220703125,21005,0.0,0.0,0.0
2021-10-29 00:00:00+02:00,32.275001525878906,32.59000015258789,32.2400016784668,32.584999084472656,49340,0.0,0.0,0.0
2021-11-01 00:00:00+01:00,32.76499938964844,32.85499954223633,32.73500061035156,32.83000183105469,31571,0.0,0.0,0.0
2021-11-02 00:00:00+01:00,32.834999084472656,32.85499954223633,32.7400016784668,32.85499954223633,25019,0.0,0.0,0.0
2021-11-03 00:00:00+01:00,32.869998931884766,32.9900016784668,32.79999923706055,32.92499923706055,150099,0.0,0.0,0.0
2021-11-04 00:00:00+01:00,33.13999938964844,33.26499938964844,33.005001068115234,33.005001068115234,42263,0.0,0.0,0.0
2021-11-05 00:00:00+01:00,33.025001525878906,33.33000183105469,32.970001220703125,33.20000076293945,51483,0.0,0.0,0.0
2021-11-08 00:00:00+01:00,33.2400016784668,33.27000045776367,33.11000061035156,33.154998779296875,19228,0.0,0.0,0.0
2021-11-09 00:00:00+01:00,33.04499816894531,33.18000030517578,32.90999984741211,33.005001068115234,41435,0.0,0.0,0.0
2021-11-10 00:00:00+01:00,33.040000915527344,33.275001525878906,33.005001068115234,33.26499938964844,11246,0.0,0.0,0.0
2021-11-11 00:00:00+01:00,33.29499816894531,33.43000030517578,33.2599983215332,33.404998779296875,37003,0.0,0.0,0.0
2021-11-12 00:00:00+01:00,33.54999923706055,33.64500045776367,33.46500015258789,33.6150016784668,26310,0.0,0.0,0.0
2021-11-15 00:00:00+01:00,33.595001220703125,33.709999084472656,33.54999923706055,33.69499969482422,53022,0.0,0.0,0.0
2021-11-16 00:00:00+01:00,33.8849983215332,33.89500045776367,33.77000045776367,33.810001373291016,12400,0.0,0.0,0.0
2021-11-17 00:00:00+01:00,33.79499816894531,33.79499816894531,33.67499923706055,33.724998474121094,36112,0.0,0.0,0.0
2021-11-18 00:00:00+01:00,33.7400016784668,33.7400016784668,33.34000015258789,33.42499923706055,22299,0.0,0.0,0.0
2021-11-19 00:00:00+01:00,33.595001220703125,33.63999938964844,33.349998474121094,33.415000915527344,21212,0.0,0.0,0.0
2021-11-22 00:00:00+01:00,33.6349983215332,33.81999969482422,33.46500015258789,33.81999969482422,27843,0.0,0.0,0.0
2021-11-23 00:00:00+01:00,33.68000030517578,33.79999923706055,33.525001525878906,33.625,50064,0.0,0.0,0.0
2021-11-24 00:00:00+01:00,33.78499984741211,33.84000015258789,33.70500183105469,33.814998626708984,18355,0.0,0.0,0.0
2021-11-25 00:00:00+01:00,33.790000915527344,33.8650016784668,33.744998931884766,33.81999969482422,39194,0.0,0.0,0.0
2021-11-26 00:00:00+01:00,32.80500030517578,32.92499923706055,32.525001525878906,32.525001525878906,42616,0.0,0.0,0.0
2021-11-29 00:00:00+01:00,32.900001525878906,33.08000183105469,32.75,32.78499984741211,34074,0.0,0.0,0.0
2021-11-30 00:00:00+01:00,32.310001373291016,32.415000915527344,32.04999923706055,32.26499938964844,51492,0.0,0.0,0.0
2021-12-01 00:00:00+01:00,32.45000076293945,32.89500045776367,32.400001525878906,32.869998931884766,116168,0.0,0.0,0.0
2021-12-02 00:00:00+01:00,32.46500015258789,32.564998626708984,32.220001220703125,32.5099983215332,32702,0.0,0.0,0.0
2021-12-03 00:00:00+01:00,32.904998779296875,32.904998779296875,32.6150016784668,32.71500015258789,11686,0.0,0.0,0.0
2021-12-06 00:00:00+01:00,32.915000915527344,33.15999984741211,32.685001373291016,33.095001220703125,60361,0.0,0.0,0.0
2021-12-07 00:00:00+01:00,33.35499954223633,33.85499954223633,33.35499954223633,33.834999084472656,57747,0.0,0.0,0.0
2021-12-08 00:00:00+01:00,33.56999969482422,33.71500015258789,33.375,33.38999938964844,31550,0.0,0.0,0.0
2021-12-09 00:00:00+01:00,33.31999969482422,33.43000030517578,33.29999923706055,33.400001525878906,42013,0.0,0.0,0.0
2021-12-10 00:00:00+01:00,33.48500061035156,33.59000015258789,33.38999938964844,33.41999816894531,32388,0.0,0.0,0.0
2021-12-13 00:00:00+01:00,33.599998474121094,33.69499969482422,33.255001068115234,33.255001068115234,88034,0.0,0.0,0.0
2021-12-14 00:00:00+01:00,33.46500015258789,33.46500015258789,33.154998779296875,33.279998779296875,19354,0.0,0.0,0.0
2021-12-15 00:00:00+01:00,33.48500061035156,33.48500061035156,33.29999923706055,33.32500076293945,24968,0.0,0.0,0.0
2021-12-16 00:00:00+01:00,33.689998626708984,33.98500061035156,33.68000030517578,33.939998626708984,13677,0.0,0.0,0.0
2021-12-17 00:00:00+01:00,33.810001373291016,33.85499954223633,33.529998779296875,33.76499938964844,68182,0.0,0.0,0.0
2021-12-20 00:00:00+01:00,33.150001525878906,33.36000061035156,33.0,33.119998931884766,56533,0.0,0.0,0.0
2021-12-21 00:00:00+01:00,33.58000183105469,33.790000915527344,33.459999084472656,33.790000915527344,17574,0.0,0.0,0.0
2021-12-22 00:00:00+01:00,33.81999969482422,33.875,33.68000030517578,33.875,12627,0.0,0.0,0.0
2021-12-23 00:00:00+01:00,33.95000076293945,34.29499816894531,33.95000076293945,34.279998779296875,35663,0.0,0.0,0.0
2021-12-27 00:00:00+01:00,34.029998779296875,34.375,34.029998779296875,34.334999084472656,33014,0.0,0.0,0.0
2021-12-28 00:00:00+01:00,34.43000030517578,34.599998474121094,34.35499954223633,34.505001068115234,26829,0.0,0.0,0.0
2021-12-29 00:00:00+01:00,34.564998626708984,34.59000015258789,34.369998931884766,34.415000915527344,45802,0.0,0.0,0.0
2021-12-30 00:00:00+01:00,34.470001220703125,34.56999969482422,34.45500183105469,34.4900016784668,17768,0.0,0.0,0.0
2022-01-03 00:00:00+01:00,34.505001068115234,34.77000045776367,34.41999816894531,34.650001525878906,48868,0.0,0.0,0.0
2022-01-04 00:00:00+01:00,34.915000915527344,35.27000045776367,34.915000915527344,35.22999954223633,41177,0.0,0.0,0.0
2022-01-05 00:00:00+01:00,35.28499984741211,35.63999938964844,35.28499984741211,35.63999938964844,65111,0.0,0.0,0.0
2022-01-06 00:00:00+01:00,35.224998474121094,35.39500045776367,35.150001525878906,35.275001525878906,72461,0.0,0.0,0.0
2022-01-07 00:00:00+01:00,35.349998474121094,35.375,35.15999984741211,35.2599983215332,61573,0.0,0.0,0.0
2022-01-10 00:00:00+01:00,35.41999816894531,35.52000045776367,35.130001068115234,35.19499969482422,53594,0.0,0.0,0.0
2022-01-11 00:00:00+01:00,35.529998779296875,35.689998626708984,35.38999938964844,35.51499938964844,121665,0.0,0.0,0.0
2022-01-12 00:00:00+01:00,35.845001220703125,35.849998474121094,35.61000061035156,35.70000076293945,97142,0.0,0.0,0.0
2022-01-13 00:00:00+01:00,35.685001373291016,35.92499923706055,35.654998779296875,35.92499923706055,319673,0.0,0.0,0.0
2022-01-14 00:00:00+01:00,35.72999954223633,35.82500076293945,35.6349983215332,35.775001525878906,88240,0.0,0.0,0.0
2022-01-17 00:00:00+01:00,36.029998779296875,36.130001068115234,35.849998474121094,36.119998931884766,121486,0.0,0.0,0.0
2022-01-18 00:00:00+01:00,35.904998779296875,35.98500061035156,35.70000076293945,35.7400016784668,53086,0.0,0.0,0.0
2022-01-19 00:00:00+01:00,35.47999954223633,35.7400016784668,35.334999084472656,35.380001068115234,107693,0.0,0.0,0.0
2022-01-20 00:00:00+01:00,35.310001373291016,35.45500183105469,35.150001525878906,35.45500183105469,74036,0.0,0.0,0.0
2022-01-21 00:00:00+01:00,34.98500061035156,34.98500061035156,34.47999954223633,34.78499984741211,59515,0.0,0.0,0.0
2022-01-24 00:00:00+01:00,34.6349983215332,34.709999084472656,33.70000076293945,33.70000076293945,77544,0.0,0.0,0.0
2022-01-25 00:00:00+01:00,34.13999938964844,34.375,33.82500076293945,34.07500076293945,62487,0.0,0.0,0.0
2022-01-26 00:00:00+01:00,34.34000015258789,34.84000015258789,34.34000015258789,34.64500045776367,67206,0.0,0.0,0.0
2022-01-27 00:00:00+01:00,34.2400016784668,34.97999954223633,34.2400016784668,34.82500076293945,61622,0.0,0.0,0.0
2022-01-28 00:00:00+01:00,34.54999923706055,34.560001373291016,34.0099983215332,34.32500076293945,52081,0.0,0.0,0.0
2022-01-31 00:00:00+01:00,34.755001068115234,34.7599983215332,34.42499923706055,34.540000915527344,303907,0.0,0.0,0.0
2022-02-01 00:00:00+01:00,34.77000045776367,34.869998931884766,34.599998474121094,34.849998474121094,101841,0.0,0.0,0.0
2022-02-02 00:00:00+01:00,34.95500183105469,35.04999923706055,34.849998474121094,34.94499969482422,47782,0.0,0.0,0.0
2022-02-03 00:00:00+01:00,35.14500045776367,35.189998626708984,34.709999084472656,34.709999084472656,57880,0.0,0.0,0.0
2022-02-04 00:00:00+01:00,34.68000030517578,34.71500015258789,34.16999816894531,34.29499816894531,48120,0.0,0.0,0.0
2022-02-07 00:00:00+01:00,34.52000045776367,34.654998779296875,34.375,34.595001220703125,44180,0.0,0.0,0.0
2022-02-08 00:00:00+01:00,34.709999084472656,34.939998626708984,34.68000030517578,34.83000183105469,43387,0.0,0.0,0.0
2022-02-09 00:00:00+01:00,35.05500030517578,35.345001220703125,34.96500015258789,35.26499938964844,45361,0.0,0.0,0.0
2022-02-10 00:00:00+01:00,35.334999084472656,35.44499969482422,35.189998626708984,35.209999084472656,92440,0.0,0.0,0.0
2022-02-11 00:00:00+01:00,35.06999969482422,35.3650016784668,34.95500183105469,35.18000030517578,70141,0.0,0.0,0.0
2022-02-14 00:00:00+01:00,34.849998474121094,35.025001525878906,34.68000030517578,34.869998931884766,65145,0.0,0.0,0.0
2022-02-15 00:00:00+01:00,34.775001525878906,35.1349983215332,34.775001525878906,35.099998474121094,52048,0.0,0.0,0.0
2022-02-16 00:00:00+01:00,35.099998474121094,35.224998474121094,34.97999954223633,35.04499816894531,30085,0.0,0.0,0.0
2022-02-17 00:00:00+01:00,35.209999084472656,35.209999084472656,34.79999923706055,34.93000030517578,35086,0.0,0.0,0.0
2022-02-18 00:00:00+01:00,34.97999954223633,34.97999954223633,34.67499923706055,34.67499923706055,17481,0.0,0.0,0.0
2022-02-21 00:00:00+01:00,34.85499954223633,34.880001068115234,34.375,34.435001373291016,32228,0.0,0.0,0.0
2022-02-22 00:00:00+01:00,33.994998931884766,34.60499954223633,33.994998931884766,34.39500045776367,56173,0.0,0.0,0.0
2022-02-23 00:00:00+01:00,34.48500061035156,34.60499954223633,34.255001068115234,34.255001068115234,77900,0.0,0.0,0.0
2022-02-24 00:00:00+01:00,33.56999969482422,33.755001068115234,33.2599983215332,33.369998931884766,51804,0.0,0.0,0.0
2022-02-25 00:00:00+01:00,33.790000915527344,34.375,33.58000183105469,34.375,37903,0.0,0.0,0.0
2022-02-28 00:00:00+01:00,34.21500015258789,34.23500061035156,33.85499954223633,34.23500061035156,75761,0.0,0.0,0.0
2022-03-01 00:00:00+01:00,34.28499984741211,34.31999969482422,33.70500183105469,33.70500183105469,81220,0.0,0.0,0.0
2022-03-02 00:00:00+01:00,33.595001220703125,34.29999923706055,33.595001220703125,34.185001373291016,46272,0.0,0.0,0.0
2022-03-03 00:00:00+01:00,34.45000076293945,34.45000076293945,34.0,34.025001525878906,22048,0.0,0.0,0.0
2022-03-04 00:00:00+01:00,33.94499969482422,33.994998931884766,33.59000015258789,33.59000015258789,34736,0.0,0.0,0.0
2022-03-07 00:00:00+01:00,33.279998779296875,33.60499954223633,32.95000076293945,33.36000061035156,60835,0.0,0.0,0.0
2022-03-08 00:00:00+01:00,32.814998626708984,33.20000076293945,32.70500183105469,32.81999969482422,162100,0.0,0.0,0.0
2022-03-09 00:00:00+01:00,33.07500076293945,33.310001373291016,33.04499816894531,33.290000915527344,104706,0.0,0.0,0.0
2022-03-10 00:00:00+01:00,33.400001525878906,33.400001525878906,32.86000061035156,32.91999816894531,29416,0.0,0.0,0.0
2022-03-11 00:00:00+01:00,33.380001068115234,33.64500045776367,33.150001525878906,33.34000015258789,38353,0.0,0.0,0.0
2022-03-14 00:00:00+01:00,33.415000915527344,33.58000183105469,33.20500183105469,33.20500183105469,47601,0.0,0.0,0.0
2022-03-15 00:00:00+01:00,32.904998779296875,33.5,32.73500061035156,33.5,53362,0.0,0.0,0.0
2022-03-16 00:00:00+01:00,33.95500183105469,34.130001068115234,33.80500030517578,34.07500076293945,97692,0.0,0.0,0.0
2022-03-17 00:00:00+01:00,34.2599983215332,34.2599983215332,33.82500076293945,34.029998779296875,33251,0.0,0.0,0.0
2022-03-18 00:00:00+01:00,34.224998474121094,34.345001220703125,34.1349983215332,34.345001220703125,23923,0.0,0.0,0.0
2022-03-21 00:00:00+01:00,34.494998931884766,34.69499969482422,34.45500183105469,34.55500030517578,76779,0.0,0.0,0.0
2022-03-22 00:00:00+01:00,34.75,34.935001373291016,34.75,34.904998779296875,56245,0.0,0.0,0.0
2022-03-23 00:00:00+01:00,34.994998931884766,35.0,34.72999954223633,34.72999954223633,57183,0.0,0.0,0.0
2022-03-24 00:00:00+01:00,34.845001220703125,34.95000076293945,34.70500183105469,34.814998626708984,40186,0.0,0.0,0.0
2022-03-25 00:00:00+01:00,34.939998626708984,35.095001220703125,34.880001068115234,35.06999969482422,23699,0.0,0.0,0.0
2022-03-28 00:00:00+02:00,35.14500045776367,35.22999954223633,34.90999984741211,34.90999984741211,24066,0.0,0.0,0.0
2022-03-29 00:00:00+02:00,35.13999938964844,35.20500183105469,35.005001068115234,35.08000183105469,66937,0.0,0.0,0.0
2022-03-30 00:00:00+02:00,35.18000030517578,35.18000030517578,34.970001220703125,35.02000045776367,34854,0.0,0.0,0.0
2022-03-31 00:00:00+02:00,34.875,34.974998474121094,34.75,34.75,52670,0.0,0.0,0.0
2022-04-01 00:00:00+02:00,34.654998779296875,34.8849983215332,34.625,34.625,72495,0.0,0.0,0.0
2022-04-04 00:00:00+02:00,34.81999969482422,34.95000076293945,34.70000076293945,34.92499923706055,154383,0.0,0.0,0.0
2022-04-05 00:00:00+02:00,34.92499923706055,34.93000030517578,34.689998626708984,34.790000915527344,50129,0.0,0.0,0.0
2022-04-06 00:00:00+02:00,34.68000030517578,34.68000030517578,34.19499969482422,34.345001220703125,34104,0.0,0.0,0.0
2022-04-07 00:00:00+02:00,34.349998474121094,34.564998626708984,34.224998474121094,34.25,64253,0.0,0.0,0.0
2022-04-08 00:00:00+02:00,34.66999816894531,34.84000015258789,34.6150016784668,34.779998779296875,66198,0.0,0.0,0.0
2022-04-11 00:00:00+02:00,34.724998474121094,34.724998474121094,34.5,34.69499969482422,28563,0.0,0.0,0.0
2022-04-12 00:00:00+02:00,34.334999084472656,34.685001373291016,34.290000915527344,34.66999816894531,13156,0.0,0.0,0.0
2022-04-13 00:00:00+02:00,34.60499954223633,34.70500183105469,34.54499816894531,34.63999938964844,23005,0.0,0.0,0.0
2022-04-14 00:00:00+02:00,34.630001068115234,35.03499984741211,34.61000061035156,34.959999084472656,37729,0.0,0.0,0.0
2022-04-19 00:00:00+02:00,34.875,35.029998779296875,34.689998626708984,34.97999954223633,35359,0.0,0.0,0.0
2022-04-20 00:00:00+02:00,35.119998931884766,35.33000183105469,35.040000915527344,35.27000045776367,42291,0.0,0.0,0.0
2022-04-21 00:00:00+02:00,35.10499954223633,35.36000061035156,35.095001220703125,35.29499816894531,19950,0.0,0.0,0.0
2022-04-22 00:00:00+02:00,35.0,35.10499954223633,34.56999969482422,34.56999969482422,24641,0.0,0.0,0.0
2022-04-25 00:00:00+02:00,34.095001220703125,34.275001525878906,33.96500015258789,34.04999923706055,76885,0.0,0.0,0.0
2022-04-26 00:00:00+02:00,34.529998779296875,34.529998779296875,34.06999969482422,34.06999969482422,18345,0.0,0.0,0.0
2022-04-27 00:00:00+02:00,34.095001220703125,34.404998779296875,33.95500183105469,34.2599983215332,23471,0.0,0.0,0.0
2022-04-28 00:00:00+02:00,34.5,34.80500030517578,34.43000030517578,34.560001373291016,23042,0.0,0.0,0.0
2022-04-29 00:00:00+02:00,34.86000061035156,34.90999984741211,34.61000061035156,34.66999816894531,62767,0.0,0.0,0.0
2022-05-02 00:00:00+02:00,34.29999923706055,34.35499954223633,34.08000183105469,34.189998626708984,38176,0.0,0.0,0.0
2022-05-03 00:00:00+02:00,34.51499938964844,34.79499816894531,34.380001068115234,34.79499816894531,31119,0.0,0.0,0.0
2022-05-04 00:00:00+02:00,34.79499816894531,34.849998474121094,34.51499938964844,34.51499938964844,20803,0.0,0.0,0.0
2022-05-05 00:00:00+02:00,35.30500030517578,35.30500030517578,34.6349983215332,34.67499923706055,50004,0.0,0.0,0.0
2022-05-06 00:00:00+02:00,34.70500183105469,34.755001068115234,34.21500015258789,34.3849983215332,44556,0.0,0.0,0.0
2022-05-09 00:00:00+02:00,34.404998779296875,34.415000915527344,33.810001373291016,33.810001373291016,86063,0.0,0.0,0.0
2022-05-10 00:00:00+02:00,33.994998931884766,34.099998474121094,33.70000076293945,33.70000076293945,117341,0.0,0.0,0.0
2022-05-11 00:00:00+02:00,33.73500061035156,34.14500045776367,33.57500076293945,34.03499984741211,15316,0.0,0.0,0.0
2022-05-12 00:00:00+02:00,33.54499816894531,34.04999923706055,33.5,33.92499923706055,14390,0.0,0.0,0.0
2022-05-13 00:00:00+02:00,34.30500030517578,34.66999816894531,34.220001220703125,34.61000061035156,18491,0.0,0.0,0.0
2022-05-16 00:00:00+02:00,34.5099983215332,34.619998931884766,34.369998931884766,34.584999084472656,30774,0.0,0.0,0.0
2022-05-17 00:00:00+02:00,34.755001068115234,35.0,34.685001373291016,34.915000915527344,45323,0.0,0.0,0.0
2022-05-18 00:00:00+02:00,35.07500076293945,35.10499954223633,34.619998931884766,34.619998931884766,21987,0.0,0.0,0.0
2022-05-19 00:00:00+02:00,34.28499984741211,34.28499984741211,33.814998626708984,33.96500015258789,57848,0.0,0.0,0.0
2022-05-20 00:00:00+02:00,34.22999954223633,34.404998779296875,33.95000076293945,34.0099983215332,82319,0.0,0.0,0.0
2022-05-23 00:00:00+02:00,34.29499816894531,34.470001220703125,34.040000915527344,34.459999084472656,126713,0.0,0.0,0.0
2022-05-24 00:00:00+02:00,34.025001525878906,34.16999816894531,33.81999969482422,33.83000183105469,30308,0.0,0.0,0.0
2022-05-25 00:00:00+02:00,34.32500076293945,34.54499816894531,34.244998931884766,34.415000915527344,220273,0.0,0.0,0.0
2022-05-26 00:00:00+02:00,34.525001525878906,34.8849983215332,34.525001525878906,34.845001220703125,61386,0.0,0.0,0.0
2022-05-27 00:00:00+02:00,34.8650016784668,35.23500061035156,34.775001525878906,35.21500015258789,9769,0.0,0.0,0.0
2022-05-30 00:00:00+02:00,35.39500045776367,35.43000030517578,35.18000030517578,35.20500183105469,58558,0.0,0.0,0.0
2022-05-31 00:00:00+02:00,35.10499954223633,35.255001068115234,34.935001373291016,34.95000076293945,19774,0.0,0.0,0.0
2022-06-01 00:00:00+02:00,35.28499984741211,35.33000183105469,34.98500061035156,34.994998931884766,55568,0.0,0.0,0.0
2022-06-02 00:00:00+02:00,35.099998474121094,35.1150016784668,34.79999923706055,34.904998779296875,60224,0.0,0.0,0.0
2022-06-03 00:00:00+02:00,35.06999969482422,35.06999969482422,34.65999984741211,34.724998474121094,37139,0.0,0.0,0.0
2022-06-06 00:00:00+02:00,34.97999954223633,35.154998779296875,34.939998626708984,35.03499984741211,3124,0.0,0.0,0.0
2022-06-07 00:00:00+02:00,34.91999816894531,35.01499938964844,34.79499816894531,34.97999954223633,21615,0.0,0.0,0.0
2022-06-08 00:00:00+02:00,35.10499954223633,35.10499954223633,34.720001220703125,34.86000061035156,21002,0.0,0.0,0.0
2022-06-09 00:00:00+02:00,34.685001373291016,34.834999084472656,34.4900016784668,34.54999923706055,21873,0.0,0.0,0.0
2022-06-10 00:00:00+02:00,34.27000045776367,34.27000045776367,33.70000076293945,33.70000076293945,12776,0.0,0.0,0.0
2022-06-13 00:00:00+02:00,33.380001068115234,33.38999938964844,32.93000030517578,33.05500030517578,94744,0.0,0.0,0.0
2022-06-14 00:00:00+02:00,33.119998931884766,33.20500183105469,32.79499816894531,32.880001068115234,24933,0.0,0.0,0.0
2022-06-15 00:00:00+02:00,32.935001373291016,33.244998931884766,32.73500061035156,33.15999984741211,38251,0.0,0.0,0.0
2022-06-16 00:00:00+02:00,33.029998779296875,33.04499816894531,32.060001373291016,32.185001373291016,37841,0.0,0.0,0.0
2022-06-17 00:00:00+02:00,32.189998626708984,32.38999938964844,31.934999465942383,32.025001525878906,56683,0.0,0.0,0.0
2022-06-20 00:00:00+02:00,32.005001068115234,32.29499816894531,31.924999237060547,32.29499816894531,12461,0.0,0.0,0.0
2022-06-21 00:00:00+02:00,32.4900016784668,32.54499816894531,32.38999938964844,32.4900016784668,7753,0.0,0.0,0.0
2022-06-22 00:00:00+02:00,32.220001220703125,32.375,32.040000915527344,32.29499816894531,46744,0.0,0.0,0.0
2022-06-23 00:00:00+02:00,32.084999084472656,32.435001373291016,32.029998779296875,32.10499954223633,7649,0.0,0.0,0.0
2022-06-24 00:00:00+02:00,32.21500015258789,32.72999954223633,32.21500015258789,32.68000030517578,21304,0.0,0.0,0.0
2022-06-27 00:00:00+02:00,32.86000061035156,32.994998931884766,32.68000030517578,32.79999923706055,21556,0.0,0.0,0.0
2022-06-28 00:00:00+02:00,33.05500030517578,33.3849983215332,32.95500183105469,33.0,9136,0.0,0.0,0.0
2022-06-29 00:00:00+02:00,32.75,32.814998626708984,32.599998474121094,32.69499969482422,9381,0.0,0.0,0.0
2022-06-30 00:00:00+02:00,32.33000183105469,32.36000061035156,32.16999816894531,32.31999969482422,15236,0.0,0.0,0.0
2022-07-01 00:00:00+02:00,31.979999542236328,32.45000076293945,31.969999313354492,32.29499816894531,35042,0.0,0.0,0.0
2022-07-04 00:00:00+02:00,32.48500061035156,32.529998779296875,32.34000015258789,32.474998474121094,28504,0.0,0.0,0.0
2022-07-05 00:00:00+02:00,32.459999084472656,32.59000015258789,32.02000045776367,32.03499984741211,29397,0.0,0.0,0.0
2022-07-06 00:00:00+02:00,32.459999084472656,32.58000183105469,32.31999969482422,32.40999984741211,61488,0.0,0.0,0.0
2022-07-07 00:00:00+02:00,32.7599983215332,33.17499923706055,32.720001220703125,33.15999984741211,84286,0.0,0.0,0.0
2022-07-08 00:00:00+02:00,33.19499969482422,33.415000915527344,33.18000030517578,33.40999984741211,113745,0.0,0.0,0.0
2022-07-11 00:00:00+02:00,33.1349983215332,33.375,33.1349983215332,33.275001525878906,43777,0.0,0.0,0.0
2022-07-12 00:00:00+02:00,33.20000076293945,33.40999984741211,33.025001525878906,33.40999984741211,31932,0.0,0.0,0.0
2022-07-13 00:00:00+02:00,33.290000915527344,33.29999923706055,32.880001068115234,32.939998626708984,23089,0.0,0.0,0.0
2022-07-14 00:00:00+02:00,32.970001220703125,33.0099983215332,32.46500015258789,32.48500061035156,24961,0.0,0.0,0.0
2022-07-15 00:00:00+02:00,32.720001220703125,33.04999923706055,32.64500045776367,33.04999923706055,27868,0.0,0.0,0.0
2022-07-18 00:00:00+02:00,33.310001373291016,33.470001220703125,33.189998626708984,33.26499938964844,13553,0.0,0.0,0.0
2022-07-19 00:00:00+02:00,33.095001220703125,33.439998626708984,32.849998474121094,33.435001373291016,13766,0.0,0.0,0.0
2022-07-20 00:00:00+02:00,33.6150016784668,33.6150016784668,33.380001068115234,33.564998626708984,21107,0.0,0.0,0.0
2022-07-21 00:00:00+02:00,33.51499938964844,33.525001525878906,33.290000915527344,33.45000076293945,10535,0.0,0.0,0.0
2022-07-22 00:00:00+02:00,33.45000076293945,33.625,33.369998931884766,33.369998931884766,67978,0.0,0.0,0.0
2022-07-25 00:00:00+02:00,33.380001068115234,33.5099983215332,33.2599983215332,33.5099983215332,19852,0.0,0.0,0.0
2022-07-26 00:00:00+02:00,33.5099983215332,33.665000915527344,33.45500183105469,33.61000061035156,18404,0.0,0.0,0.0
2022-07-27 00:00:00+02:00,33.685001373291016,33.775001525878906,33.595001220703125,33.724998474121094,23683,0.0,0.0,0.0
2022-07-28 00:00:00+02:00,33.84000015258789,34.04999923706055,33.75,33.959999084472656,22615,0.0,0.0,0.0
2022-07-29 00:00:00+02:00,33.91999816894531,34.099998474121094,33.915000915527344,33.974998474121094,29738,0.0,0.0,0.0
2022-08-01 00:00:00+02:00,34.23500061035156,34.23500061035156,34.0,34.125,53662,0.0,0.0,0.0
2022-08-02 00:00:00+02:00,34.040000915527344,34.18000030517578,33.91999816894531,34.125,57511,0.0,0.0,0.0
2022-08-03 00:00:00+02:00,33.98500061035156,34.27000045776367,33.95500183105469,34.27000045776367,17445,0.0,0.0,0.0
2022-08-04 00:00:00+02:00,34.19499969482422,34.334999084472656,34.005001068115234,34.005001068115234,39593,0.0,0.0,0.0
2022-08-05 00:00:00+02:00,34.06999969482422,34.06999969482422,33.849998474121094,33.97999954223633,37472,0.0,0.0,0.0
2022-08-08 00:00:00+02:00,34.25,34.30500030517578,34.06999969482422,34.185001373291016,17945,0.0,0.0,0.0
2022-08-09 00:00:00+02:00,34.025001525878906,34.07500076293945,33.86000061035156,33.86000061035156,6474,0.0,0.0,0.0
2022-08-10 00:00:00+02:00,33.869998931884766,34.15999984741211,33.869998931884766,34.125,17190,0.0,0.0,0.0
2022-08-11 00:00:00+02:00,34.33000183105469,34.45500183105469,34.16999816894531,34.3650016784668,33861,0.0,0.0,0.0
2022-08-12 00:00:00+02:00,34.5099983215332,34.70000076293945,34.459999084472656,34.70000076293945,7899,0.0,0.0,0.0
2022-08-15 00:00:00+02:00,34.869998931884766,34.869998931884766,34.709999084472656,34.86000061035156,35357,0.0,0.0,0.0
2022-08-16 00:00:00+02:00,34.95500183105469,35.099998474121094,34.935001373291016,35.02000045776367,8574,0.0,0.0,0.0
2022-08-17 00:00:00+02:00,35.209999084472656,35.209999084472656,34.619998931884766,34.630001068115234,52753,0.0,0.0,0.0
2022-08-18 00:00:00+02:00,34.70000076293945,34.974998474121094,34.70000076293945,34.974998474121094,30490,0.0,0.0,0.0
2022-08-19 00:00:00+02:00,34.93000030517578,34.93000030517578,34.709999084472656,34.73500061035156,30243,0.0,0.0,0.0
2022-08-22 00:00:00+02:00,34.82500076293945,34.82500076293945,34.5099983215332,34.65999984741211,15786,0.0,0.0,0.0
2022-08-23 00:00:00+02:00,34.599998474121094,34.720001220703125,34.51499938964844,34.59000015258789,10517,0.0,0.0,0.0
2022-08-24 00:00:00+02:00,34.599998474121094,34.64500045776367,34.435001373291016,34.54499816894531,9362,0.0,0.0,0.0
2022-08-25 00:00:00+02:00,34.70000076293945,34.775001525878906,34.58000183105469,34.70500183105469,16470,0.0,0.0,0.0
2022-08-26 00:00:00+02:00,34.915000915527344,34.91999816894531,34.2400016784668,34.2400016784668,8088,0.0,0.0,0.0
2022-08-29 00:00:00+02:00,34.0,34.0,33.69499969482422,33.869998931884766,13307,0.0,0.0,0.0
2022-08-30 00:00:00+02:00,34.03499984741211,34.15999984741211,33.540000915527344,33.619998931884766,42461,0.0,0.0,0.0
2022-08-31 00:00:00+02:00,33.755001068115234,33.755001068115234,33.25,33.30500030517578,32094,0.0,0.0,0.0
2022-09-01 00:00:00+02:00,33.07500076293945,33.1150016784668,32.83000183105469,33.1150016784668,46226,0.0,0.0,0.0
2022-09-02 00:00:00+02:00,33.20500183105469,33.494998931884766,33.10499954223633,33.45000076293945,24148,0.0,0.0,0.0
2022-09-05 00:00:00+02:00,33.3650016784668,33.44499969482422,33.165000915527344,33.310001373291016,47612,0.0,0.0,0.0
2022-09-06 00:00:00+02:00,33.255001068115234,33.40999984741211,33.15999984741211,33.185001373291016,44039,0.0,0.0,0.0
2022-09-07 00:00:00+02:00,32.8650016784668,32.939998626708984,32.775001525878906,32.875,28741,0.0,0.0,0.0
2022-09-08 00:00:00+02:00,33.06999969482422,33.255001068115234,32.79499816894531,33.2400016784668,12626,0.0,0.0,0.0
2022-09-09 00:00:00+02:00,33.2599983215332,33.599998474121094,33.224998474121094,33.56999969482422,8653,0.0,0.0,0.0
2022-09-12 00:00:00+02:00,33.41999816894531,33.880001068115234,33.41999816894531,33.84000015258789,43305,0.0,0.0,0.0
2022-09-13 00:00:00+02:00,33.845001220703125,33.9900016784668,33.33000183105469,33.369998931884766,46964,0.0,0.0,0.0
2022-09-14 00:00:00+02:00,33.2400016784668,33.31999969482422,33.06999969482422,33.099998474121094,17462,0.0,0.0,0.0
2022-09-15 00:00:00+02:00,33.22999954223633,33.22999954223633,32.97999954223633,33.025001525878906,12789,0.0,0.0,0.0
2022-09-16 00:00:00+02:00,32.814998626708984,32.8650016784668,32.650001525878906,32.650001525878906,22471,0.0,0.0,0.0
2022-09-19 00:00:00+02:00,32.619998931884766,32.85499954223633,32.52000045776367,32.71500015258789,169635,0.0,0.0,0.0
2022-09-20 00:00:00+02:00,33.005001068115234,33.005001068115234,32.48500061035156,32.54499816894531,18335,0.0,0.0,0.0
2022-09-21 00:00:00+02:00,32.599998474121094,32.84000015258789,32.55500030517578,32.79999923706055,28799,0.0,0.0,0.0
2022-09-22 00:00:00+02:00,32.42499923706055,32.720001220703125,32.29999923706055,32.494998931884766,85984,0.0,0.0,0.0
2022-09-23 00:00:00+02:00,32.470001220703125,32.470001220703125,31.860000610351562,31.885000228881836,57993,0.0,0.0,0.0
2022-09-26 00:00:00+02:00,31.725000381469727,31.940000534057617,31.614999771118164,31.80500030517578,174236,0.0,0.0,0.0
2022-09-27 00:00:00+02:00,31.93000030517578,31.959999084472656,31.725000381469727,31.725000381469727,41037,0.0,0.0,0.0
2022-09-28 00:00:00+02:00,31.459999084472656,31.7450008392334,31.34000015258789,31.725000381469727,23850,0.0,0.0,0.0
2022-09-29 00:00:00+02:00,31.700000762939453,31.700000762939453,30.969999313354492,31.059999465942383,14954,0.0,0.0,0.0
2022-09-30 00:00:00+02:00,30.94499969482422,31.295000076293945,30.94499969482422,31.15999984741211,22647,0.0,0.0,0.0
2022-10-03 00:00:00+02:00,30.825000762939453,31.475000381469727,30.709999084472656,31.40999984741211,19866,0.0,0.0,0.0
2022-10-04 00:00:00+02:00,31.770000457763672,32.064998626708984,31.770000457763672,32.060001373291016,27171,0.0,0.0,0.0
2022-10-05 00:00:00+02:00,31.94499969482422,32.0099983215332,31.799999237060547,32.0099983215332,52453,0.0,0.0,0.0
2022-10-06 00:00:00+02:00,32.13999938964844,32.18000030517578,31.895000457763672,32.025001525878906,60005,0.0,0.0,0.0
2022-10-07 00:00:00+02:00,31.94499969482422,32.060001373291016,31.6299991607666,31.6299991607666,42216,0.0,0.0,0.0
2022-10-10 00:00:00+02:00,31.434999465942383,31.739999771118164,31.434999465942383,31.5049991607666,49203,0.0,0.0,0.0
2022-10-11 00:00:00+02:00,31.264999389648438,31.44499969482422,31.15999984741211,31.43000030517578,33236,0.0,0.0,0.0
2022-10-12 00:00:00+02:00,31.219999313354492,31.3700008392334,31.1200008392334,31.274999618530273,31580,0.0,0.0,0.0
2022-10-13 00:00:00+02:00,31.1299991607666,31.639999389648438,30.885000228881836,31.53499984741211,53162,0.0,0.0,0.0
2022-10-14 00:00:00+02:00,31.844999313354492,32.03499984741211,31.55500030517578,31.55500030517578,29636,0.0,0.0,0.0
2022-10-17 00:00:00+02:00,31.704999923706055,31.93000030517578,31.600000381469727,31.780000686645508,22234,0.0,0.0,0.0
2022-10-18 00:00:00+02:00,31.825000762939453,32.05500030517578,31.635000228881836,31.635000228881836,55803,0.0,0.0,0.0
2022-10-19 00:00:00+02:00,31.770000457763672,31.899999618530273,31.729999542236328,31.729999542236328,25983,0.0,0.0,0.0
2022-10-20 00:00:00+02:00,31.674999237060547,32.02000045776367,31.649999618530273,31.885000228881836,42909,0.0,0.0,0.0
2022-10-21 00:00:00+02:00,31.674999237060547,31.924999237060547,31.46500015258789,31.924999237060547,76160,0.0,0.0,0.0
2022-10-24 00:00:00+02:00,32.150001525878906,32.375,31.915000915527344,32.224998474121094,21096,0.0,0.0,0.0
2022-10-25 00:00:00+02:00,32.45500183105469,32.45500183105469,32.23500061035156,32.44499969482422,39363,0.0,0.0,0.0
2022-10-26 00:00:00+02:00,32.41999816894531,32.625,32.310001373291016,32.58000183105469,23240,0.0,0.0,0.0
2022-10-27 00:00:00+02:00,32.40999984741211,32.72999954223633,32.31999969482422,32.665000915527344,82782,0.0,0.0,0.0
2022-10-28 00:00:00+02:00,32.3849983215332,32.880001068115234,32.349998474121094,32.8650016784668,63872,0.0,0.0,0.0
2022-10-31 00:00:00+01:00,33.06999969482422,33.10499954223633,32.904998779296875,33.064998626708984,15519,0.0,0.0,0.0
2022-11-01 00:00:00+01:00,33.275001525878906,33.400001525878906,33.22999954223633,33.334999084472656,36377,0.0,0.0,0.0
2022-11-02 00:00:00+01:00,33.529998779296875,33.529998779296875,33.29999923706055,33.314998626708984,26547,0.0,0.0,0.0
2022-11-03 00:00:00+01:00,33.08000183105469,33.1349983215332,32.81999969482422,32.994998931884766,17042,0.0,0.0,0.0
2022-11-04 00:00:00+01:00,33.09000015258789,33.29499816894531,33.04999923706055,33.04999923706055,16986,0.0,0.0,0.0
2022-11-07 00:00:00+01:00,33.07500076293945,33.33000183105469,33.07500076293945,33.25,20855,0.0,0.0,0.0
2022-11-08 00:00:00+01:00,33.279998779296875,33.494998931884766,33.279998779296875,33.494998931884766,14800,0.0,0.0,0.0
2022-11-09 00:00:00+01:00,33.349998474121094,33.349998474121094,33.17499923706055,33.17499923706055,30478,0.0,0.0,0.0
2022-11-10 00:00:00+01:00,33.04999923706055,33.724998474121094,33.04999923706055,33.720001220703125,36002,0.0,0.0,0.0
2022-11-11 00:00:00+01:00,33.724998474121094,33.85499954223633,33.5099983215332,33.525001525878906,77755,0.0,0.0,0.0
2022-11-14 00:00:00+01:00,33.685001373291016,33.849998474121094,33.619998931884766,33.73500061035156,16832,0.0,0.0,0.0
2022-11-15 00:00:00+01:00,33.63999938964844,33.86000061035156,33.55500030517578,33.814998626708984,35299,0.0,0.0,0.0
2022-11-16 00:00:00+01:00,33.70000076293945,33.70000076293945,33.33000183105469,33.345001220703125,31068,0.0,0.0,0.0
2022-11-17 00:00:00+01:00,33.415000915527344,33.43000030517578,33.084999084472656,33.22999954223633,27267,0.0,0.0,0.0
2022-11-18 00:00:00+01:00,33.41999816894531,33.709999084472656,33.41999816894531,33.63999938964844,19654,0.0,0.0,0.0
2022-11-21 00:00:00+01:00,33.790000915527344,33.814998626708984,33.69499969482422,33.724998474121094,16564,0.0,0.0,0.0
2022-11-22 00:00:00+01:00,33.875,34.20000076293945,33.869998931884766,34.130001068115234,31370,0.0,0.0,0.0
2022-11-23 00:00:00+01:00,34.14500045776367,34.220001220703125,34.13999938964844,34.185001373291016,13502,0.0,0.0,0.0
2022-11-24 00:00:00+01:00,34.185001373291016,34.3849983215332,34.154998779296875,34.314998626708984,16018,0.0,0.0,0.0
2022-11-25 00:00:00+01:00,34.27000045776367,34.380001068115234,34.23500061035156,34.35499954223633,15532,0.0,0.0,0.0
2022-11-28 00:00:00+01:00,34.21500015258789,34.21500015258789,33.915000915527344,34.08000183105469,37908,0.0,0.0,0.0
2022-11-29 00:00:00+01:00,34.1349983215332,34.25,34.02000045776367,34.099998474121094,12048,0.0,0.0,0.0
2022-11-30 00:00:00+01:00,34.290000915527344,34.290000915527344,34.0,34.220001220703125,10147,0.0,0.0,0.0
2022-12-01 00:00:00+01:00,34.630001068115234,34.630001068115234,34.25,34.32500076293945,73539,0.0,0.0,0.0
2022-12-02 00:00:00+01:00,34.13999938964844,34.220001220703125,34.0,34.1150016784668,42176,0.0,0.0,0.0
2022-12-05 00:00:00+01:00,34.01499938964844,34.04999923706055,33.82500076293945,33.83000183105469,57636,0.0,0.0,0.0
2022-12-06 00:00:00+01:00,33.880001068115234,33.880001068115234,33.584999084472656,33.595001220703125,30339,0.0,0.0,0.0
2022-12-07 00:00:00+01:00,33.65999984741211,33.71500015258789,33.40999984741211,33.5099983215332,24634,0.0,0.0,0.0
2022-12-08 00:00:00+01:00,33.53499984741211,33.625,33.45500183105469,33.529998779296875,8595,0.0,0.0,0.0
2022-12-09 00:00:00+01:00,33.67499923706055,33.79999923706055,33.529998779296875,33.78499984741211,16778,0.0,0.0,0.0
2022-12-12 00:00:00+01:00,33.599998474121094,33.599998474121094,33.404998779296875,33.564998626708984,11727,0.0,0.0,0.0
2022-12-13 00:00:00+01:00,33.7400016784668,34.33000183105469,33.720001220703125,33.98500061035156,13835,0.0,0.0,0.0
2022-12-14 00:00:00+01:00,33.86000061035156,33.904998779296875,33.744998931884766,33.8849983215332,36534,0.0,0.0,0.0
2022-12-15 00:00:00+01:00,33.61000061035156,33.6349983215332,32.900001525878906,32.939998626708984,31675,0.0,0.0,0.0
2022-12-16 00:00:00+01:00,32.95000076293945,32.95000076293945,32.650001525878906,32.755001068115234,19388,0.0,0.0,0.0
2022-12-19 00:00:00+01:00,32.86000061035156,32.95000076293945,32.720001220703125,32.720001220703125,13789,0.0,0.0,0.0
2022-12-20 00:00:00+01:00,32.68000030517578,32.915000915527344,32.6150016784668,32.86000061035156,49495,0.0,0.0,0.0
2022-12-21 00:00:00+01:00,32.90999984741211,33.28499984741211,32.845001220703125,33.255001068115234,17085,0.0,0.0,0.0
2022-12-22 00:00:00+01:00,33.310001373291016,33.31999969482422,32.86000061035156,32.915000915527344,14123,0.0,0.0,0.0
2022-12-23 00:00:00+01:00,33.03499984741211,33.099998474121094,32.900001525878906,33.029998779296875,16380,0.0,0.0,0.0
2022-12-27 00:00:00+01:00,33.220001220703125,33.220001220703125,32.959999084472656,32.98500061035156,15243,0.0,0.0,0.0
2022-12-28 00:00:00+01:00,33.10499954223633,33.1349983215332,32.86000061035156,32.86000061035156,15202,0.0,0.0,0.0
2022-12-29 00:00:00+01:00,32.73500061035156,33.08000183105469,32.69499969482422,33.040000915527344,41301,0.0,0.0,0.0
2022-12-30 00:00:00+01:00,32.89500045776367,32.95000076293945,32.83000183105469,32.834999084472656,23794,0.0,0.0,0.0
2023-01-02 00:00:00+01:00,33.154998779296875,33.52000045776367,33.08000183105469,33.52000045776367,27738,0.0,0.0,0.0
2023-01-03 00:00:00+01:00,33.400001525878906,33.76499938964844,33.38999938964844,33.44499969482422,44826,0.0,0.0,0.0
2023-01-04 00:00:00+01:00,33.435001373291016,33.71500015258789,33.435001373291016,33.71500015258789,16115,0.0,0.0,0.0
2023-01-05 00:00:00+01:00,33.44499969482422,33.65999984741211,33.44499969482422,33.6349983215332,25973,0.0,0.0,0.0
2023-01-06 00:00:00+01:00,33.70000076293945,34.05500030517578,33.68000030517578,34.05500030517578,10142,0.0,0.0,0.0
2023-01-09 00:00:00+01:00,34.04499816894531,34.14500045776367,34.02000045776367,34.095001220703125,14673,0.0,0.0,0.0
2023-01-10 00:00:00+01:00,33.720001220703125,33.79499816894531,33.64500045776367,33.70000076293945,118052,0.0,0.0,0.0
2023-01-11 00:00:00+01:00,33.85499954223633,33.935001373291016,33.775001525878906,33.845001220703125,36718,0.0,0.0,0.0
2023-01-12 00:00:00+01:00,34.099998474121094,34.244998931884766,34.0,34.125,28859,0.0,0.0,0.0
2023-01-13 00:00:00+01:00,34.154998779296875,34.244998931884766,34.060001373291016,34.20000076293945,19020,0.0,0.0,0.0
2023-01-16 00:00:00+01:00,34.224998474121094,34.290000915527344,34.16999816894531,34.220001220703125,31013,0.0,0.0,0.0
2023-01-17 00:00:00+01:00,34.20000076293945,34.400001525878906,34.165000915527344,34.30500030517578,21355,0.0,0.0,0.0
2023-01-18 00:00:00+01:00,34.2400016784668,34.400001525878906,34.185001373291016,34.20000076293945,22128,0.0,0.0,0.0
2023-01-19 00:00:00+01:00,33.98500061035156,33.98500061035156,33.689998626708984,33.7599983215332,51238,0.0,0.0,0.0
2023-01-20 00:00:00+01:00,33.91999816894531,33.92499923706055,33.779998779296875,33.92499923706055,22877,0.0,0.0,0.0
2023-01-23 00:00:00+01:00,33.91999816894531,34.31999969482422,33.91999816894531,34.2400016784668,3735,0.0,0.0,0.0
2023-01-24 00:00:00+01:00,34.29999923706055,34.334999084472656,34.165000915527344,34.2599983215332,20271,0.0,0.0,0.0
2023-01-25 00:00:00+01:00,34.25,34.25,34.05500030517578,34.18000030517578,12633,0.0,0.0,0.0
2023-01-26 00:00:00+01:00,34.38999938964844,34.53499984741211,34.3650016784668,34.439998626708984,14933,0.0,0.0,0.0
2023-01-27 00:00:00+01:00,34.494998931884766,34.685001373291016,34.439998626708984,34.654998779296875,25066,0.0,0.0,0.0
2023-01-30 00:00:00+01:00,34.47999954223633,34.56999969482422,34.310001373291016,34.529998779296875,44759,0.0,0.0,0.0
2023-01-31 00:00:00+01:00,34.48500061035156,34.5,34.275001525878906,34.5,76827,0.0,0.0,0.0
2023-02-01 00:00:00+01:00,34.58000183105469,34.584999084472656,34.42499923706055,34.525001525878906,51425,0.0,0.0,0.0
2023-02-02 00:00:00+01:00,34.47999954223633,34.904998779296875,34.44499969482422,34.904998779296875,32565,0.0,0.0,0.0
2023-02-03 00:00:00+01:00,34.845001220703125,34.900001525878906,34.70000076293945,34.900001525878906,22910,0.0,0.0,0.0
2023-02-06 00:00:00+01:00,34.76499938964844,34.76499938964844,34.584999084472656,34.72999954223633,43455,0.0,0.0,0.0
2023-02-07 00:00:00+01:00,34.7599983215332,34.915000915527344,34.70500183105469,34.915000915527344,45180,0.0,0.0,0.0
2023-02-08 00:00:00+01:00,35.02000045776367,35.099998474121094,34.91999816894531,34.91999816894531,15735,0.0,0.0,0.0
2023-02-09 00:00:00+01:00,35.099998474121094,35.165000915527344,35.08000183105469,35.1150016784668,37089,0.0,0.0,0.0
2023-02-10 00:00:00+01:00,34.915000915527344,35.07500076293945,34.86000061035156,35.03499984741211,19321,0.0,0.0,0.0
2023-02-13 00:00:00+01:00,35.040000915527344,35.1150016784668,34.97999954223633,35.064998626708984,11965,0.0,0.0,0.0
2023-02-14 00:00:00+01:00,35.189998626708984,35.28499984741211,35.099998474121094,35.099998474121094,10465,0.0,0.0,0.0
2023-02-15 00:00:00+01:00,35.06999969482422,35.22999954223633,35.04499816894531,35.224998474121094,23005,0.0,0.0,0.0
2023-02-16 00:00:00+01:00,35.44499969482422,35.44499969482422,35.19499969482422,35.349998474121094,16936,0.0,0.0,0.0
2023-02-17 00:00:00+01:00,35.224998474121094,35.310001373291016,35.14500045776367,35.209999084472656,13471,0.0,0.0,0.0
2023-02-20 00:00:00+01:00,35.310001373291016,35.33000183105469,35.224998474121094,35.27000045776367,8081,0.0,0.0,0.0
2023-02-21 00:00:00+01:00,35.29499816894531,35.29499816894531,35.03499984741211,35.04499816894531,21082,0.0,0.0,0.0
2023-02-22 00:00:00+01:00,34.935001373291016,34.935001373291016,34.73500061035156,34.88999938964844,9045,0.0,0.0,0.0
2023-02-23 00:00:00+01:00,35.005001068115234,35.084999084472656,34.93000030517578,34.93000030517578,7286,0.0,0.0,0.0
2023-02-24 00:00:00+01:00,35.03499984741211,35.06999969482422,34.689998626708984,34.71500015258789,18500,0.0,0.0,0.0
2023-02-27 00:00:00+01:00,34.994998931884766,35.09000015258789,34.95500183105469,34.95500183105469,22770,0.0,0.0,0.0
2023-02-28 00:00:00+01:00,34.685001373291016,34.939998626708984,34.685001373291016,34.80500030517578,25853,0.0,0.0,0.0
2023-03-01 00:00:00+01:00,34.869998931884766,34.90999984741211,34.59000015258789,34.650001525878906,16609,0.0,0.0,0.0
2023-03-02 00:00:00+01:00,34.540000915527344,34.7599983215332,34.525001525878906,34.7400016784668,10397,0.0,0.0,0.0
2023-03-03 00:00:00+01:00,35.064998626708984,35.29499816894531,35.005001068115234,35.29499816894531,11670,0.0,0.0,0.0
2023-03-06 00:00:00+01:00,35.375,35.400001525878906,35.25,35.334999084472656,140719,0.0,0.0,0.0
2023-03-07 00:00:00+01:00,35.290000915527344,35.369998931884766,35.130001068115234,35.15999984741211,16479,0.0,0.0,0.0
2023-03-08 00:00:00+01:00,35.16999816894531,35.32500076293945,35.150001525878906,35.23500061035156,17920,0.0,0.0,0.0
2023-03-09 00:00:00+01:00,35.28499984741211,35.314998626708984,35.185001373291016,35.20000076293945,32515,0.0,0.0,0.0
2023-03-10 00:00:00+01:00,34.474998474121094,34.560001373291016,34.185001373291016,34.529998779296875,98562,0.0,0.0,0.0
2023-03-13 00:00:00+01:00,34.15999984741211,34.17499923706055,33.33000183105469,33.435001373291016,106408,0.0,0.0,0.0
2023-03-14 00:00:00+01:00,33.400001525878906,33.75,33.224998474121094,33.70500183105469,20188,0.0,0.0,0.0
2023-03-15 00:00:00+01:00,33.54499816894531,33.654998779296875,33.029998779296875,33.125,121833,0.0,0.0,0.0
2023-03-16 00:00:00+01:00,33.40999984741211,33.40999984741211,32.95500183105469,33.34000015258789,13602,0.0,0.0,0.0
2023-03-17 00:00:00+01:00,33.494998931884766,33.650001525878906,32.974998474121094,33.0099983215332,17722,0.0,0.0,0.0
2023-03-20 00:00:00+01:00,32.84000015258789,33.310001373291016,32.525001525878906,33.16999816894531,49097,0.0,0.0,0.0
2023-03-21 00:00:00+01:00,33.36000061035156,33.54499816894531,33.36000061035156,33.404998779296875,74011,0.0,0.0,0.0
2023-03-22 00:00:00+01:00,33.459999084472656,33.54999923706055,33.38999938964844,33.38999938964844,29380,0.0,0.0,0.0
2023-03-23 00:00:00+01:00,33.09000015258789,33.16999816894531,32.90999984741211,33.095001220703125,10532,0.0,0.0,0.0
2023-03-24 00:00:00+01:00,33.07500076293945,33.07500076293945,32.71500015258789,32.91999816894531,23217,0.0,0.0,0.0
2023-03-27 00:00:00+02:00,33.39500045776367,33.39500045776367,33.15999984741211,33.244998931884766,27530,0.0,0.0,0.0
2023-03-28 00:00:00+02:00,33.45000076293945,33.45000076293945,33.185001373291016,33.29499816894531,12909,0.0,0.0,0.0
2023-03-29 00:00:00+02:00,33.54499816894531,33.60499954223633,33.415000915527344,33.58000183105469,27273,0.0,0.0,0.0
2023-03-30 00:00:00+02:00,33.724998474121094,33.8650016784668,33.689998626708984,33.814998626708984,29812,0.0,0.0,0.0
2023-03-31 00:00:00+02:00,33.900001525878906,34.119998931884766,33.82500076293945,34.119998931884766,20057,0.0,0.0,0.0
2023-04-03 00:00:00+02:00,34.34000015258789,34.38999938964844,34.2599983215332,34.2599983215332,37301,0.0,0.0,0.0
2023-04-04 00:00:00+02:00,34.3650016784668,34.44499969482422,34.02000045776367,34.02000045776367,24822,0.0,0.0,0.0
2023-04-05 00:00:00+02:00,34.0,34.0,33.83000183105469,33.939998626708984,41063,0.0,0.0,0.0
2023-04-06 00:00:00+02:00,34.02000045776367,34.10499954223633,33.97999954223633,34.03499984741211,7006,0.0,0.0,0.0
2023-04-11 00:00:00+02:00,34.459999084472656,34.459999084472656,34.279998779296875,34.3650016784668,19289,0.0,0.0,0.0
2023-04-12 00:00:00+02:00,34.3849983215332,34.54999923706055,34.220001220703125,34.220001220703125,20910,0.0,0.0,0.0
2023-04-13 00:00:00+02:00,34.224998474121094,34.224998474121094,34.0,34.125,23073,0.0,0.0,0.0
2023-04-14 00:00:00+02:00,34.220001220703125,34.5,34.17499923706055,34.345001220703125,36010,0.0,0.0,0.0
2023-04-17 00:00:00+02:00,34.47999954223633,34.55500030517578,34.41999816894531,34.505001068115234,55749,0.0,0.0,0.0
2023-04-18 00:00:00+02:00,34.55500030517578,34.70500183105469,34.525001525878906,34.55500030517578,11481,0.0,0.0,0.0
2023-04-19 00:00:00+02:00,34.52000045776367,34.52000045776367,34.349998474121094,34.400001525878906,10755,0.0,0.0,0.0
2023-04-20 00:00:00+02:00,34.40999984741211,34.40999984741211,34.1150016784668,34.17499923706055,24224,0.0,0.0,0.0
2023-04-21 00:00:00+02:00,34.1349983215332,34.16999816894531,34.0,34.025001525878906,16369,0.0,0.0,0.0
2023-04-24 00:00:00+02:00,33.97999954223633,34.029998779296875,33.91999816894531,33.95000076293945,28937,0.0,0.0,0.0
2023-04-25 00:00:00+02:00,33.83000183105469,33.89500045776367,33.76499938964844,33.85499954223633,34106,0.0,0.0,0.0
2023-04-26 00:00:00+02:00,33.71500015258789,33.71500015258789,33.45000076293945,33.59000015258789,45037,0.0,0.0,0.0
2023-04-27 00:00:00+02:00,33.57500076293945,33.724998474121094,33.57500076293945,33.685001373291016,19092,0.0,0.0,0.0
2023-04-28 00:00:00+02:00,33.80500030517578,33.94499969482422,33.64500045776367,33.90999984741211,21691,0.0,0.0,0.0
2023-05-02 00:00:00+02:00,34.040000915527344,34.064998626708984,33.41999816894531,33.459999084472656,15461,0.0,0.0,0.0
2023-05-03 00:00:00+02:00,33.69499969482422,33.69499969482422,33.4900016784668,33.494998931884766,3913,0.0,0.0,0.0
2023-05-04 00:00:00+02:00,33.439998626708984,33.45000076293945,33.1349983215332,33.290000915527344,51384,0.0,0.0,0.0
2023-05-05 00:00:00+02:00,33.404998779296875,33.84000015258789,33.375,33.78499984741211,15222,0.0,0.0,0.0
2023-05-08 00:00:00+02:00,33.845001220703125,33.95500183105469,33.79499816894531,33.88999938964844,19621,0.0,0.0,0.0
2023-05-09 00:00:00+02:00,34.04499816894531,34.08000183105469,33.95000076293945,34.060001373291016,17661,0.0,0.0,0.0
2023-05-10 00:00:00+02:00,34.06999969482422,34.150001525878906,33.869998931884766,33.92499923706055,14929,0.0,0.0,0.0
2023-05-11 00:00:00+02:00,34.084999084472656,34.099998474121094,33.755001068115234,33.869998931884766,26063,0.0,0.0,0.0
2023-05-12 00:00:00+02:00,33.95500183105469,34.14500045776367,33.939998626708984,34.04499816894531,60957,0.0,0.0,0.0
2023-05-15 00:00:00+02:00,34.17499923706055,34.20500183105469,34.064998626708984,34.20500183105469,26672,0.0,0.0,0.0
2023-05-16 00:00:00+02:00,34.17499923706055,34.23500061035156,34.03499984741211,34.084999084472656,58796,0.0,0.0,0.0
2023-05-17 00:00:00+02:00,33.96500015258789,34.20000076293945,33.95000076293945,34.18000030517578,16493,0.0,0.0,0.0
2023-05-18 00:00:00+02:00,34.349998474121094,34.54499816894531,34.349998474121094,34.54499816894531,8962,0.0,0.0,0.0
2023-05-19 00:00:00+02:00,34.584999084472656,34.70000076293945,34.525001525878906,34.525001525878906,12399,0.0,0.0,0.0
2023-05-22 00:00:00+02:00,34.595001220703125,34.64500045776367,34.5,34.64500045776367,9041,0.0,0.0,0.0
2023-05-23 00:00:00+02:00,34.540000915527344,34.720001220703125,34.52000045776367,34.720001220703125,11149,0.0,0.0,0.0
2023-05-24 00:00:00+02:00,34.52000045776367,34.525001525878906,34.11000061035156,34.22999954223633,20754,0.0,0.0,0.0
2023-05-25 00:00:00+02:00,34.189998626708984,34.29999923706055,34.029998779296875,34.029998779296875,20184,0.0,0.0,0.0
2023-05-26 00:00:00+02:00,34.18000030517578,34.54999923706055,34.04999923706055,34.525001525878906,18211,0.0,0.0,0.0
2023-05-29 00:00:00+02:00,34.73500061035156,34.73500061035156,34.59000015258789,34.65999984741211,7292,0.0,0.0,0.0
2023-05-30 00:00:00+02:00,34.685001373291016,34.775001525878906,34.400001525878906,34.43000030517578,16839,0.0,0.0,0.0
2023-05-31 00:00:00+02:00,34.21500015258789,34.36000061035156,34.10499954223633,34.10499954223633,8958,0.0,0.0,0.0
2023-06-01 00:00:00+02:00,34.400001525878906,34.494998931884766,34.279998779296875,34.494998931884766,16414,0.0,0.0,0.0
2023-06-02 00:00:00+02:00,34.61000061035156,35.060001373291016,34.61000061035156,35.03499984741211,7050,0.0,0.0,0.0
2023-06-05 00:00:00+02:00,35.209999084472656,35.31999969482422,35.0,35.07500076293945,11992,0.0,0.0,0.0
2023-06-06 00:00:00+02:00,35.095001220703125,35.439998626708984,35.064998626708984,35.404998779296875,7314,0.0,0.0,0.0
2023-06-07 00:00:00+02:00,35.27000045776367,35.42499923706055,35.209999084472656,35.42499923706055,26421,0.0,0.0,0.0
2023-06-08 00:00:00+02:00,35.46500015258789,35.5,35.28499984741211,35.32500076293945,11232,0.0,0.0,0.0
2023-06-09 00:00:00+02:00,35.48500061035156,35.6349983215332,35.48500061035156,35.54499816894531,2094,0.0,0.0,0.0
2023-06-12 00:00:00+02:00,35.6150016784668,35.69499969482422,35.494998931884766,35.63999938964844,9141,0.0,0.0,0.0
2023-06-13 00:00:00+02:00,35.790000915527344,36.04999923706055,35.72999954223633,36.03499984741211,22333,0.0,0.0,0.0
2023-06-14 00:00:00+02:00,36.1150016784668,36.345001220703125,36.1150016784668,36.1349983215332,35216,0.0,0.0,0.0
2023-06-15 00:00:00+02:00,36.0099983215332,36.0099983215332,35.66999816894531,35.95500183105469,27495,0.0,0.0,0.0
2023-06-16 00:00:00+02:00,35.959999084472656,36.064998626708984,35.92499923706055,36.0,31860,0.0,0.0,0.0
2023-06-19 00:00:00+02:00,35.88999938964844,35.98500061035156,35.81999969482422,35.834999084472656,106913,0.0,0.0,0.0
2023-06-20 00:00:00+02:00,35.72999954223633,35.814998626708984,35.58000183105469,35.625,19282,0.0,0.0,0.0
2023-06-21 00:00:00+02:00,35.59000015258789,35.720001220703125,35.435001373291016,35.48500061035156,32219,0.0,0.0,0.0
2023-06-22 00:00:00+02:00,35.26499938964844,35.26499938964844,35.11000061035156,35.220001220703125,20819,0.0,0.0,0.0
2023-06-23 00:00:00+02:00,35.099998474121094,35.165000915527344,34.92499923706055,34.97999954223633,8288,0.0,0.0,0.0
2023-06-26 00:00:00+02:00,34.92499923706055,34.9900016784668,34.834999084472656,34.95500183105469,21369,0.0,0.0,0.0
2023-06-27 00:00:00+02:00,35.040000915527344,35.07500076293945,34.814998626708984,34.994998931884766,5270,0.0,0.0,0.0
2023-06-28 00:00:00+02:00,35.22999954223633,35.29499816894531,35.099998474121094,35.29499816894531,10519,0.0,0.0,0.0
2023-06-29 00:00:00+02:00,35.345001220703125,35.474998474121094,35.279998779296875,35.42499923706055,50484,0.0,0.0,0.0
2023-06-30 00:00:00+02:00,35.54999923706055,35.76499938964844,35.54999923706055,35.64500045776367,10238,0.0,0.0,0.0
2023-07-03 00:00:00+02:00,35.845001220703125,35.970001220703125,35.83000183105469,35.900001525878906,64338,0.0,0.0,0.0
2023-07-04 00:00:00+02:00,35.974998474121094,35.974998474121094,35.88999938964844,35.900001525878906,9029,0.0,0.0,0.0
2023-07-05 00:00:00+02:00,35.845001220703125,35.875,35.72999954223633,35.86000061035156,35565,0.0,0.0,0.0
2023-07-06 00:00:00+02:00,35.6349983215332,35.6349983215332,35.08000183105469,35.125,10267,0.0,0.0,0.0
2023-07-07 00:00:00+02:00,35.150001525878906,35.29999923706055,35.08000183105469,35.29499816894531,12473,0.0,0.0,0.0
2023-07-10 00:00:00+02:00,35.025001525878906,35.29499816894531,35.0099983215332,35.220001220703125,10291,0.0,0.0,0.0
2023-07-11 00:00:00+02:00,35.20000076293945,35.43000030517578,35.1349983215332,35.41999816894531,12339,0.0,0.0,0.0
2023-07-12 00:00:00+02:00,35.474998474121094,35.625,35.474998474121094,35.55500030517578,13137,0.0,0.0,0.0
2023-07-13 00:00:00+02:00,35.52000045776367,35.63999938964844,35.52000045776367,35.560001373291016,9857,0.0,0.0,0.0
2023-07-14 00:00:00+02:00,35.44499969482422,35.45500183105469,35.16999816894531,35.18000030517578,7549,0.0,0.0,0.0
2023-07-17 00:00:00+02:00,35.07500076293945,35.15999984741211,35.040000915527344,35.08000183105469,15949,0.0,0.0,0.0
2023-07-18 00:00:00+02:00,35.119998931884766,35.51499938964844,35.07500076293945,35.5,12774,0.0,0.0,0.0
2023-07-19 00:00:00+02:00,35.6349983215332,35.85499954223633,35.560001373291016,35.790000915527344,27200,0.0,0.0,0.0
2023-07-20 00:00:00+02:00,35.76499938964844,35.974998474121094,35.76499938964844,35.974998474121094,4193,0.0,0.0,0.0
2023-07-21 00:00:00+02:00,35.96500015258789,36.064998626708984,35.95000076293945,36.029998779296875,1805,0.0,0.0,0.0
2023-07-24 00:00:00+02:00,35.94499969482422,36.255001068115234,35.915000915527344,36.244998931884766,11170,0.0,0.0,0.0
2023-07-25 00:00:00+02:00,36.29499816894531,36.439998626708984,36.22999954223633,36.39500045776367,15307,0.0,0.0,0.0
2023-07-26 00:00:00+02:00,36.404998779296875,36.41999816894531,36.25,36.29499816894531,11384,0.0,0.0,0.0
2023-07-27 00:00:00+02:00,36.3650016784668,36.810001373291016,36.3650016784668,36.79499816894531,24874,0.0,0.0,0.0
2023-07-28 00:00:00+02:00,36.7400016784668,36.79999923706055,36.61000061035156,36.68000030517578,20085,0.0,0.0,0.0
2023-07-31 00:00:00+02:00,36.70500183105469,36.790000915527344,36.63999938964844,36.720001220703125,12856,0.0,0.0,0.0
2023-08-01 00:00:00+02:00,36.814998626708984,36.834999084472656,36.525001525878906,36.55500030517578,38601,0.0,0.0,0.0
2023-08-02 00:00:00+02:00,36.2599983215332,36.369998931884766,36.1150016784668,36.28499984741211,13690,0.0,0.0,0.0
2023-08-03 00:00:00+02:00,36.04499816894531,36.07500076293945,35.86000061035156,35.970001220703125,10122,0.0,0.0,0.0
2023-08-04 00:00:00+02:00,36.154998779296875,36.16999816894531,35.974998474121094,36.084999084472656,40072,0.0,0.0,0.0
2023-08-07 00:00:00+02:00,36.08000183105469,36.18000030517578,36.029998779296875,36.13999938964844,22540,0.0,0.0,0.0
2023-08-08 00:00:00+02:00,36.040000915527344,36.095001220703125,35.8650016784668,35.92499923706055,6774,0.0,0.0,0.0
2023-08-09 00:00:00+02:00,36.15999984741211,36.189998626708984,35.9900016784668,35.9900016784668,16209,0.0,0.0,0.0
2023-08-10 00:00:00+02:00,36.14500045776367,36.310001373291016,36.14500045776367,36.20000076293945,13151,0.0,0.0,0.0
2023-08-11 00:00:00+02:00,36.05500030517578,36.084999084472656,35.95000076293945,36.0,14924,0.0,0.0,0.0
2023-08-14 00:00:00+02:00,35.9900016784668,36.040000915527344,35.95000076293945,36.0099983215332,13861,0.0,0.0,0.0
2023-08-15 00:00:00+02:00,36.02000045776367,36.02000045776367,35.6150016784668,35.71500015258789,23394,0.0,0.0,0.0
2023-08-16 00:00:00+02:00,35.56999969482422,35.63999938964844,35.5,35.53499984741211,11464,0.0,0.0,0.0
2023-08-17 00:00:00+02:00,35.46500015258789,35.5099983215332,35.35499954223633,35.369998931884766,11586,0.0,0.0,0.0
2023-08-18 00:00:00+02:00,35.255001068115234,35.32500076293945,35.1150016784668,35.29999923706055,28722,0.0,0.0,0.0
2023-08-21 00:00:00+02:00,35.36000061035156,35.45500183105469,35.22999954223633,35.275001525878906,18341,0.0,0.0,0.0
2023-08-22 00:00:00+02:00,35.439998626708984,35.7400016784668,35.439998626708984,35.64500045776367,93405,0.0,0.0,0.0
2023-08-23 00:00:00+02:00,35.709999084472656,35.86000061035156,35.68000030517578,35.72999954223633,21789,0.0,0.0,0.0
2023-08-24 00:00:00+02:00,35.92499923706055,35.94499969482422,35.59000015258789,35.59000015258789,27906,0.0,0.0,0.0
2023-08-25 00:00:00+02:00,35.650001525878906,35.73500061035156,35.54999923706055,35.70500183105469,20833,0.0,0.0,0.0
2023-08-28 00:00:00+02:00,35.88999938964844,36.08000183105469,35.790000915527344,35.994998931884766,12601,0.0,0.0,0.0
2023-08-29 00:00:00+02:00,36.060001373291016,36.185001373291016,36.03499984741211,36.18000030517578,57850,0.0,0.0,0.0
2023-08-30 00:00:00+02:00,36.154998779296875,36.244998931884766,35.95500183105469,36.040000915527344,21038,0.0,0.0,0.0
2023-08-31 00:00:00+02:00,36.220001220703125,36.400001525878906,36.220001220703125,36.29499816894531,19037,0.0,0.0,0.0
2023-09-01 00:00:00+02:00,36.45500183105469,36.650001525878906,36.439998626708984,36.59000015258789,19889,0.0,0.0,0.0
2023-09-04 00:00:00+02:00,36.845001220703125,36.875,36.66999816894531,36.68000030517578,7596,0.0,0.0,0.0
2023-09-05 00:00:00+02:00,36.60499954223633,36.82500076293945,36.540000915527344,36.76499938964844,12147,0.0,0.0,0.0
2023-09-06 00:00:00+02:00,36.65999984741211,36.65999984741211,36.51499938964844,36.57500076293945,23518,0.0,0.0,0.0
2023-09-07 00:00:00+02:00,36.53499984741211,36.625,36.45000076293945,36.525001525878906,28482,0.0,0.0,0.0
2023-09-08 00:00:00+02:00,36.439998626708984,36.5099983215332,36.279998779296875,36.4900016784668,16788,0.0,0.0,0.0
2023-09-11 00:00:00+02:00,36.69499969482422,36.810001373291016,36.64500045776367,36.68000030517578,12902,0.0,0.0,0.0
2023-09-12 00:00:00+02:00,36.76499938964844,36.915000915527344,36.755001068115234,36.845001220703125,20231,0.0,0.0,0.0
2023-09-13 00:00:00+02:00,36.810001373291016,36.8650016784668,36.73500061035156,36.83000183105469,17885,0.0,0.0,0.0
2023-09-14 00:00:00+02:00,36.970001220703125,37.439998626708984,36.939998626708984,37.3849983215332,22421,0.0,0.0,0.0
2023-09-15 00:00:00+02:00,37.63999938964844,37.63999938964844,37.380001068115234,37.38999938964844,29447,0.0,0.0,0.0
2023-09-18 00:00:00+02:00,37.39500045776367,37.39500045776367,37.125,37.154998779296875,16129,0.0,0.0,0.0
2023-09-19 00:00:00+02:00,37.31999969482422,37.45000076293945,37.310001373291016,37.349998474121094,17263,0.0,0.0,0.0
2023-09-20 00:00:00+02:00,37.32500076293945,37.470001220703125,37.290000915527344,37.46500015258789,19384,0.0,0.0,0.0
2023-09-21 00:00:00+02:00,37.189998626708984,37.20500183105469,36.959999084472656,37.02000045776367,11886,0.0,0.0,0.0
2023-09-22 00:00:00+02:00,36.845001220703125,37.07500076293945,36.845001220703125,36.93000030517578,24974,0.0,0.0,0.0
2023-09-25 00:00:00+02:00,36.80500030517578,36.91999816894531,36.65999984741211,36.84000015258789,8768,0.0,0.0,0.0
2023-09-26 00:00:00+02:00,36.744998931884766,36.755001068115234,36.56999969482422,36.650001525878906,30556,0.0,0.0,0.0
2023-09-27 00:00:00+02:00,36.67499923706055,36.81999969482422,36.67499923706055,36.7400016784668,36418,0.0,0.0,0.0
2023-09-28 00:00:00+02:00,36.810001373291016,36.849998474121094,36.57500076293945,36.849998474121094,62487,0.0,0.0,0.0
2023-09-29 00:00:00+02:00,36.70500183105469,36.849998474121094,36.665000915527344,36.724998474121094,7318,0.0,0.0,0.0
2023-10-02 00:00:00+02:00,36.709999084472656,36.79999923706055,36.470001220703125,36.54999923706055,29808,0.0,0.0,0.0
2023-10-03 00:00:00+02:00,36.38999938964844,36.46500015258789,36.060001373291016,36.084999084472656,19672,0.0,0.0,0.0
2023-10-04 00:00:00+02:00,35.68000030517578,35.8849983215332,35.5,35.665000915527344,46527,0.0,0.0,0.0
2023-10-05 00:00:00+02:00,35.8650016784668,35.904998779296875,35.744998931884766,35.755001068115234,22404,0.0,0.0,0.0
2023-10-06 00:00:00+02:00,35.88999938964844,35.96500015258789,35.720001220703125,35.89500045776367,17804,0.0,0.0,0.0
2023-10-09 00:00:00+02:00,35.88999938964844,36.03499984741211,35.77000045776367,35.9900016784668,18149,0.0,0.0,0.0
2023-10-10 00:00:00+02:00,36.42499923706055,36.584999084472656,36.40999984741211,36.56999969482422,35014,0.0,0.0,0.0
2023-10-11 00:00:00+02:00,36.45500183105469,36.6150016784668,36.435001373291016,36.435001373291016,24507,0.0,0.0,0.0
2023-10-12 00:00:00+02:00,36.70000076293945,36.79499816894531,36.54999923706055,36.56999969482422,6201,0.0,0.0,0.0
2023-10-13 00:00:00+02:00,36.494998931884766,36.52000045776367,36.29999923706055,36.29999923706055,7481,0.0,0.0,0.0
2023-10-16 00:00:00+02:00,36.290000915527344,36.5099983215332,36.1349983215332,36.45500183105469,51458,0.0,0.0,0.0
2023-10-17 00:00:00+02:00,36.375,36.42499923706055,36.23500061035156,36.375,11497,0.0,0.0,0.0
2023-10-18 00:00:00+02:00,36.275001525878906,36.33000183105469,36.13999938964844,36.165000915527344,10805,0.0,0.0,0.0
2023-10-19 00:00:00+02:00,35.900001525878906,35.92499923706055,35.71500015258789,35.76499938964844,18200,0.0,0.0,0.0
2023-10-20 00:00:00+02:00,35.45000076293945,35.45500183105469,35.244998931884766,35.275001525878906,11384,0.0,0.0,0.0
2023-10-23 00:00:00+02:00,35.14500045776367,35.14500045776367,34.900001525878906,35.060001373291016,44065,0.0,0.0,0.0
2023-10-24 00:00:00+02:00,34.83000183105469,35.189998626708984,34.78499984741211,35.119998931884766,31204,0.0,0.0,0.0
2023-10-25 00:00:00+02:00,35.130001068115234,35.27000045776367,35.0,35.10499954223633,30948,0.0,0.0,0.0
2023-10-26 00:00:00+02:00,34.80500030517578,35.029998779296875,34.755001068115234,34.970001220703125,17071,0.0,0.0,0.0
2023-10-27 00:00:00+02:00,35.029998779296875,35.125,34.7599983215332,34.7599983215332,19424,0.0,0.0,0.0
2023-10-30 00:00:00+01:00,34.845001220703125,34.900001525878906,34.619998931884766,34.685001373291016,19119,0.0,0.0,0.0
2023-10-31 00:00:00+01:00,34.720001220703125,35.099998474121094,34.720001220703125,35.05500030517578,18548,0.0,0.0,0.0
2023-11-01 00:00:00+01:00,35.25,35.51499938964844,35.209999084472656,35.41999816894531,20442,0.0,0.0,0.0
2023-11-02 00:00:00+01:00,35.53499984741211,35.810001373291016,35.53499984741211,35.810001373291016,32298,0.0,0.0,0.0
2023-11-03 00:00:00+01:00,36.005001068115234,36.15999984741211,35.90999984741211,36.1150016784668,27533,0.0,0.0,0.0
2023-11-06 00:00:00+01:00,36.03499984741211,36.06999969482422,35.900001525878906,35.904998779296875,16423,0.0,0.0,0.0
2023-11-07 00:00:00+01:00,35.744998931884766,35.880001068115234,35.709999084472656,35.834999084472656,9264,0.0,0.0,0.0
2023-11-08 00:00:00+01:00,35.54499816894531,35.68000030517578,35.439998626708984,35.439998626708984,9881,0.0,0.0,0.0
2023-11-09 00:00:00+01:00,35.48500061035156,35.67499923706055,35.48500061035156,35.57500076293945,51722,0.0,0.0,0.0
2023-11-10 00:00:00+01:00,35.525001525878906,35.54499816894531,35.3650016784668,35.5099983215332,10497,0.0,0.0,0.0
2023-11-13 00:00:00+01:00,35.584999084472656,35.720001220703125,35.584999084472656,35.720001220703125,18015,0.0,0.0,0.0
2023-11-14 00:00:00+01:00,35.720001220703125,35.9900016784668,35.595001220703125,35.970001220703125,113510,0.0,0.0,0.0
2023-11-15 00:00:00+01:00,35.95000076293945,36.130001068115234,35.95000076293945,36.07500076293945,17358,0.0,0.0,0.0
2023-11-16 00:00:00+01:00,35.9900016784668,35.9900016784668,35.73500061035156,35.73500061035156,10192,0.0,0.0,0.0
2023-11-17 00:00:00+01:00,36.125,36.209999084472656,36.125,36.1349983215332,26646,0.0,0.0,0.0
2023-11-20 00:00:00+01:00,36.05500030517578,36.08000183105469,35.96500015258789,36.08000183105469,12144,0.0,0.0,0.0
2023-11-21 00:00:00+01:00,36.06999969482422,36.06999969482422,35.915000915527344,35.95000076293945,4610,0.0,0.0,0.0
2023-11-22 00:00:00+01:00,36.01499938964844,36.18000030517578,36.0,36.13999938964844,18126,0.0,0.0,0.0
2023-11-23 00:00:00+01:00,36.060001373291016,36.15999984741211,36.05500030517578,36.150001525878906,10348,0.0,0.0,0.0
2023-11-24 00:00:00+01:00,36.154998779296875,36.25,36.154998779296875,36.244998931884766,10093,0.0,0.0,0.0
2023-11-27 00:00:00+01:00,36.13999938964844,36.189998626708984,36.07500076293945,36.154998779296875,15876,0.0,0.0,0.0
2023-11-28 00:00:00+01:00,36.03499984741211,36.06999969482422,35.93000030517578,36.060001373291016,5136,0.0,0.0,0.0
2023-11-29 00:00:00+01:00,36.029998779296875,36.27000045776367,36.005001068115234,36.22999954223633,29625,0.0,0.0,0.0
2023-11-30 00:00:00+01:00,36.39500045776367,36.5099983215332,36.334999084472656,36.474998474121094,7920,0.0,0.0,0.0
2023-12-01 00:00:00+01:00,36.630001068115234,36.849998474121094,36.53499984741211,36.84000015258789,19606,0.0,0.0,0.0
2023-12-04 00:00:00+01:00,36.84000015258789,36.84000015258789,36.84000015258789,36.84000015258789,0,0.0,0.0,0.0
2023-12-05 00:00:00+01:00,36.84000015258789,36.84000015258789,36.84000015258789,36.84000015258789,0,0.0,0.0,0.0
2023-12-06 00:00:00+01:00,36.84000015258789,36.84000015258789,36.84000015258789,36.84000015258789,0,0.0,0.0,0.0
2023-12-07 00:00:00+01:00,36.994998931884766,37.05500030517578,36.904998779296875,37.05500030517578,12430,0.0,0.0,0.0
2023-12-08 00:00:00+01:00,37.04499816894531,37.33000183105469,36.97999954223633,37.290000915527344,30915,0.0,0.0,0.0
2023-12-11 00:00:00+01:00,37.29499816894531,37.564998626708984,37.23500061035156,37.5099983215332,17383,0.0,0.0,0.0
2023-12-12 00:00:00+01:00,37.4900016784668,37.529998779296875,37.33000183105469,37.38999938964844,19787,0.0,0.0,0.0
2023-12-13 00:00:00+01:00,37.314998626708984,37.3650016784668,37.150001525878906,37.165000915527344,8584,0.0,0.0,0.0
2023-12-14 00:00:00+01:00,37.54999923706055,37.60499954223633,37.415000915527344,37.53499984741211,15010,0.0,0.0,0.0
2023-12-15 00:00:00+01:00,37.654998779296875,37.834999084472656,37.61000061035156,37.720001220703125,26903,0.0,0.0,0.0
2023-12-18 00:00:00+01:00,37.599998474121094,37.685001373291016,37.45500183105469,37.5099983215332,18714,0.0,0.0,0.0
2023-12-19 00:00:00+01:00,37.5099983215332,37.584999084472656,37.5099983215332,37.55500030517578,34037,0.0,0.0,0.0
2023-12-20 00:00:00+01:00,37.7400016784668,37.755001068115234,37.564998626708984,37.71500015258789,11483,0.0,0.0,0.0
2023-12-21 00:00:00+01:00,37.52000045776367,37.584999084472656,37.404998779296875,37.57500076293945,51617,0.0,0.0,0.0
2023-12-22 00:00:00+01:00,37.65999984741211,37.83000183105469,37.595001220703125,37.83000183105469,17507,0.0,0.0,0.0
2023-12-27 00:00:00+01:00,37.880001068115234,37.91999816894531,37.71500015258789,37.75,41231,0.0,0.0,0.0
2023-12-28 00:00:00+01:00,37.8849983215332,37.88999938964844,37.755001068115234,37.86000061035156,8588,0.0,0.0,0.0
2023-12-29 00:00:00+01:00,37.939998626708984,38.029998779296875,37.90999984741211,37.97999954223633,7515,0.0,0.0,0.0
2024-01-02 00:00:00+01:00,38.119998931884766,38.2400016784668,37.94499969482422,38.209999084472656,43031,0.0,0.0,0.0
2024-01-03 00:00:00+01:00,38.23500061035156,38.255001068115234,37.89500045776367,37.97999954223633,16183,0.0,0.0,0.0
2024-01-04 00:00:00+01:00,38.165000915527344,38.165000915527344,37.970001220703125,38.11000061035156,19150,0.0,0.0,0.0
2024-01-05 00:00:00+01:00,38.05500030517578,38.314998626708984,37.91999816894531,38.255001068115234,12853,0.0,0.0,0.0
2024-01-08 00:00:00+01:00,38.220001220703125,38.32500076293945,38.08000183105469,38.29999923706055,12762,0.0,0.0,0.0
2024-01-09 00:00:00+01:00,38.36000061035156,38.380001068115234,38.165000915527344,38.25,7697,0.0,0.0,0.0
2024-01-10 00:00:00+01:00,38.27000045776367,38.334999084472656,38.11000061035156,38.11000061035156,6796,0.0,0.0,0.0
2024-01-11 00:00:00+01:00,38.32500076293945,38.32500076293945,37.900001525878906,37.900001525878906,8454,0.0,0.0,0.0
2024-01-12 00:00:00+01:00,38.095001220703125,38.33000183105469,38.084999084472656,38.1150016784668,24396,0.0,0.0,0.0
2024-01-15 00:00:00+01:00,38.29499816894531,38.31999969482422,38.13999938964844,38.21500015258789,69065,0.0,0.0,0.0
2024-01-16 00:00:00+01:00,37.9900016784668,38.189998626708984,37.9900016784668,38.165000915527344,22372,0.0,0.0,0.0
2024-01-17 00:00:00+01:00,37.79499816894531,37.79499816894531,37.650001525878906,37.76499938964844,8243,0.0,0.0,0.0
2024-01-18 00:00:00+01:00,37.709999084472656,37.880001068115234,37.69499969482422,37.869998931884766,5761,0.0,0.0,0.0
2024-01-19 00:00:00+01:00,37.91999816894531,37.9900016784668,37.775001525878906,37.875,13404,0.0,0.0,0.0
2024-01-22 00:00:00+01:00,38.23500061035156,38.43000030517578,38.1349983215332,38.334999084472656,37032,0.0,0.0,0.0
2024-01-23 00:00:00+01:00,38.34000015258789,38.400001525878906,38.20500183105469,38.36000061035156,11008,0.0,0.0,0.0
2024-01-24 00:00:00+01:00,38.5,38.564998626708984,38.45000076293945,38.505001068115234,13117,0.0,0.0,0.0
2024-01-25 00:00:00+01:00,38.48500061035156,38.720001220703125,38.36000061035156,38.685001373291016,12999,0.0,0.0,0.0
2024-01-26 00:00:00+01:00,38.494998931884766,38.560001373291016,38.439998626708984,38.51499938964844,15087,0.0,0.0,0.0
2024-01-29 00:00:00+01:00,38.6349983215332,38.69499969482422,38.59000015258789,38.630001068115234,39605,0.0,0.0,0.0
2024-01-30 00:00:00+01:00,38.665000915527344,38.75,38.65999984741211,38.72999954223633,2375,0.0,0.0,0.0
2024-01-31 00:00:00+01:00,38.95500183105469,39.0,38.72999954223633,38.79999923706055,13393,0.0,0.0,0.0
2024-02-01 00:00:00+01:00,38.79499816894531,38.86000061035156,38.42499923706055,38.494998931884766,121593,0.0,0.0,0.0
2024-02-02 00:00:00+01:00,38.6349983215332,38.75,38.525001525878906,38.654998779296875,9717,0.0,0.0,0.0
2024-02-05 00:00:00+01:00,38.68000030517578,38.79499816894531,38.564998626708984,38.599998474121094,15490,0.0,0.0,0.0
2024-02-06 00:00:00+01:00,38.654998779296875,38.779998779296875,38.599998474121094,38.775001525878906,8326,0.0,0.0,0.0
2024-02-07 00:00:00+01:00,38.80500030517578,38.86000061035156,38.70000076293945,38.709999084472656,8414,0.0,0.0,0.0
2024-02-08 00:00:00+01:00,38.68000030517578,38.71500015258789,38.494998931884766,38.505001068115234,27669,0.0,0.0,0.0
2024-02-09 00:00:00+01:00,38.52000045776367,38.64500045776367,38.494998931884766,38.494998931884766,12279,0.0,0.0,0.0
2024-02-12 00:00:00+01:00,38.650001525878906,38.959999084472656,38.650001525878906,38.959999084472656,12677,0.0,0.0,0.0
2024-02-13 00:00:00+01:00,39.060001373291016,39.060001373291016,38.619998931884766,38.689998626708984,14145,0.0,0.0,0.0
2024-02-14 00:00:00+01:00,38.72999954223633,38.875,38.70000076293945,38.77000045776367,8676,0.0,0.0,0.0
2024-02-15 00:00:00+01:00,38.849998474121094,39.04499816894531,38.80500030517578,39.025001525878906,20058,0.0,0.0,0.0
2024-02-16 00:00:00+01:00,39.185001373291016,39.244998931884766,39.02000045776367,39.06999969482422,55937,0.0,0.0,0.0
2024-02-19 00:00:00+01:00,39.064998626708984,39.20000076293945,39.060001373291016,39.125,16656,0.0,0.0,0.0
2024-02-20 00:00:00+01:00,39.029998779296875,39.04499816894531,38.89500045776367,38.915000915527344,12479,0.0,0.0,0.0
2024-02-21 00:00:00+01:00,38.935001373291016,39.01499938964844,38.86000061035156,38.875,7611,0.0,0.0,0.0
2024-02-22 00:00:00+01:00,39.16999816894531,39.31999969482422,39.119998931884766,39.25,13013,0.0,0.0,0.0
2024-02-23 00:00:00+01:00,39.25,39.43000030517578,39.224998474121094,39.404998779296875,47003,0.0,0.0,0.0
2024-02-26 00:00:00+01:00,39.35499954223633,39.35499954223633,39.20500183105469,39.23500061035156,5913,0.0,0.0,0.0
2024-02-27 00:00:00+01:00,39.17499923706055,39.32500076293945,39.15999984741211,39.27000045776367,3906,0.0,0.0,0.0
2024-02-28 00:00:00+01:00,39.290000915527344,39.30500030517578,39.18000030517578,39.22999954223633,6156,0.0,0.0,0.0
2024-02-29 00:00:00+01:00,39.279998779296875,39.375,39.13999938964844,39.32500076293945,7393,0.0,0.0,0.0
2024-03-01 00:00:00+01:00,39.6349983215332,39.7599983215332,39.56999969482422,39.724998474121094,40923,0.0,0.0,0.0
2024-03-04 00:00:00+01:00,39.665000915527344,39.73500061035156,39.630001068115234,39.73500061035156,36133,0.0,0.0,0.0
2024-03-05 00:00:00+01:00,39.790000915527344,39.834999084472656,39.70000076293945,39.744998931884766,19196,0.0,0.0,0.0
2024-03-06 00:00:00+01:00,39.79499816894531,40.04999923706055,39.79499816894531,40.04499816894531,10443,0.0,0.0,0.0
2024-03-07 00:00:00+01:00,39.88999938964844,40.21500015258789,39.869998931884766,40.10499954223633,13072,0.0,0.0,0.0
2024-03-08 00:00:00+01:00,40.125,40.22999954223633,40.060001373291016,40.060001373291016,28073,0.0,0.0,0.0
2024-03-11 00:00:00+01:00,39.755001068115234,39.85499954223633,39.625,39.85499954223633,14446,0.0,0.0,0.0
2024-03-12 00:00:00+01:00,39.9900016784668,40.20500183105469,39.92499923706055,40.099998474121094,19196,0.0,0.0,0.0
2024-03-13 00:00:00+01:00,40.005001068115234,40.10499954223633,39.93000030517578,39.9900016784668,4298,0.0,0.0,0.0
2024-03-14 00:00:00+01:00,40.07500076293945,40.150001525878906,39.790000915527344,39.84000015258789,14898,0.0,0.0,0.0
2024-03-15 00:00:00+01:00,40.06999969482422,40.150001525878906,39.9900016784668,39.9900016784668,15660,0.0,0.0,0.0
2024-03-18 00:00:00+01:00,40.11000061035156,40.189998626708984,40.03499984741211,40.150001525878906,15903,0.0,0.0,0.0
2024-03-19 00:00:00+01:00,40.22999954223633,40.375,40.150001525878906,40.375,12613,0.0,0.0,0.0
2024-03-20 00:00:00+01:00,40.375,40.45000076293945,40.33000183105469,40.41999816894531,16948,0.0,0.0,0.0
2024-03-21 00:00:00+01:00,40.75,40.959999084472656,40.654998779296875,40.92499923706055,25377,0.0,0.0,0.0
2024-03-22 00:00:00+01:00,41.04499816894531,41.154998779296875,40.994998931884766,41.005001068115234,8753,0.0,0.0,0.0
2024-03-25 00:00:00+01:00,40.875,40.900001525878906,40.71500015258789,40.869998931884766,36768,0.0,0.0,0.0
2024-03-26 00:00:00+01:00,40.900001525878906,41.005001068115234,40.85499954223633,41.005001068115234,10939,0.0,0.0,0.0
2024-03-27 00:00:00+01:00,40.98500061035156,41.15999984741211,40.90999984741211,41.14500045776367,16428,0.0,0.0,0.0
2024-03-28 00:00:00+01:00,41.314998626708984,41.529998779296875,41.314998626708984,41.47999954223633,15925,0.0,0.0,0.0
2024-04-02 00:00:00+02:00,41.45500183105469,41.474998474121094,41.01499938964844,41.03499984741211,41446,0.0,0.0,0.0
2024-04-03 00:00:00+02:00,41.07500076293945,41.1150016784668,41.005001068115234,41.09000015258789,38947,0.0,0.0,0.0
2024-04-04 00:00:00+02:00,41.1349983215332,41.32500076293945,41.125,41.220001220703125,16137,0.0,0.0,0.0
2024-04-05 00:00:00+02:00,40.79499816894531,40.88999938964844,40.685001373291016,40.810001373291016,13974,0.0,0.0,0.0
2024-04-08 00:00:00+02:00,40.900001525878906,41.095001220703125,40.89500045776367,41.06999969482422,10809,0.0,0.0,0.0
2024-04-09 00:00:00+02:00,40.97999954223633,41.06999969482422,40.84000015258789,40.869998931884766,10204,0.0,0.0,0.0
2024-04-10 00:00:00+02:00,41.16999816894531,41.20000076293945,40.82500076293945,40.875,4588,0.0,0.0,0.0
2024-04-11 00:00:00+02:00,40.96500015258789,41.01499938964844,40.650001525878906,40.76499938964844,8695,0.0,0.0,0.0
2024-04-12 00:00:00+02:00,41.119998931884766,41.189998626708984,40.79999923706055,40.86000061035156,20765,0.0,0.0,0.0
2024-04-15 00:00:00+02:00,40.94499969482422,41.150001525878906,40.82500076293945,40.8650016784668,13052,0.0,0.0,0.0
2024-04-16 00:00:00+02:00,40.28499984741211,40.34000015258789,40.03499984741211,40.125,37154,0.0,0.0,0.0
2024-04-17 00:00:00+02:00,40.005001068115234,40.20000076293945,39.935001373291016,39.935001373291016,10584,0.0,0.0,0.0
2024-04-18 00:00:00+02:00,39.970001220703125,40.130001068115234,39.86000061035156,40.060001373291016,7179,0.0,0.0,0.0
2024-04-19 00:00:00+02:00,39.7400016784668,40.029998779296875,39.65999984741211,39.994998931884766,12510,0.0,0.0,0.0
2024-04-22 00:00:00+02:00,40.19499969482422,40.42499923706055,40.099998474121094,40.26499938964844,12684,0.0,0.0,0.0
2024-04-23 00:00:00+02:00,40.459999084472656,40.560001373291016,40.349998474121094,40.529998779296875,11311,0.0,0.0,0.0
2024-04-24 00:00:00+02:00,40.66999816894531,40.71500015258789,40.525001525878906,40.525001525878906,3387,0.0,0.0,0.0
2024-04-25 00:00:00+02:00,40.380001068115234,40.40999984741211,39.95000076293945,40.040000915527344,4754,0.0,0.0,0.0
2024-04-26 00:00:00+02:00,40.18000030517578,40.39500045776367,40.09000015258789,40.32500076293945,27669,0.0,0.0,0.0
2024-04-29 00:00:00+02:00,40.53499984741211,40.665000915527344,40.44499969482422,40.540000915527344,9892,0.0,0.0,0.0
2024-04-30 00:00:00+02:00,40.71500015258789,40.7400016784668,40.349998474121094,40.349998474121094,8466,0.0,0.0,0.0
2024-05-02 00:00:00+02:00,40.2599983215332,40.40999984741211,40.20000076293945,40.255001068115234,24080,0.0,0.0,0.0
2024-05-03 00:00:00+02:00,40.35499954223633,40.47999954223633,40.275001525878906,40.32500076293945,29702,0.0,0.0,0.0
2024-05-06 00:00:00+02:00,40.5,40.63999938964844,40.470001220703125,40.595001220703125,38026,0.0,0.0,0.0
2024-05-07 00:00:00+02:00,40.67499923706055,40.7599983215332,40.63999938964844,40.720001220703125,10159,0.0,0.0,0.0
2024-05-08 00:00:00+02:00,40.58000183105469,40.625,40.38999938964844,40.60499954223633,24748,0.0,0.0,0.0
2024-05-09 00:00:00+02:00,40.625,40.71500015258789,40.564998626708984,40.67499923706055,5023,0.0,0.0,0.0
2024-05-10 00:00:00+02:00,40.79499816894531,40.97999954223633,40.79499816894531,40.875,13992,0.0,0.0,0.0
2024-05-13 00:00:00+02:00,40.8650016784668,41.0,40.834999084472656,40.970001220703125,7226,0.0,0.0,0.0
2024-05-14 00:00:00+02:00,41.0,41.10499954223633,40.96500015258789,41.064998626708984,25242,0.0,0.0,0.0
2024-05-15 00:00:00+02:00,41.165000915527344,41.345001220703125,41.1150016784668,41.21500015258789,14391,0.0,0.0,0.0
2024-05-16 00:00:00+02:00,41.29499816894531,41.29499816894531,41.11000061035156,41.1150016784668,11388,0.0,0.0,0.0
2024-05-17 00:00:00+02:00,41.154998779296875,41.21500015258789,41.099998474121094,41.125,12804,0.0,0.0,0.0
2024-05-20 00:00:00+02:00,41.314998626708984,41.345001220703125,41.22999954223633,41.32500076293945,5855,0.0,0.0,0.0
2024-05-21 00:00:00+02:00,41.14500045776367,41.275001525878906,41.099998474121094,41.275001525878906,5765,0.0,0.0,0.0
2024-05-22 00:00:00+02:00,41.029998779296875,41.1349983215332,40.9900016784668,41.095001220703125,34904,0.0,0.0,0.0
2024-05-23 00:00:00+02:00,41.25,41.29999923706055,40.900001525878906,40.959999084472656,35145,0.0,0.0,0.0
2024-05-24 00:00:00+02:00,40.81999969482422,41.060001373291016,40.79499816894531,40.994998931884766,14260,0.0,0.0,0.0
2024-05-27 00:00:00+02:00,41.05500030517578,41.20000076293945,41.05500030517578,41.18000030517578,5261,0.0,0.0,0.0
2024-05-28 00:00:00+02:00,41.165000915527344,41.255001068115234,41.08000183105469,41.119998931884766,8782,0.0,0.0,0.0
2024-05-29 00:00:00+02:00,40.86000061035156,40.86000061035156,40.55500030517578,40.61000061035156,15574,0.0,0.0,0.0
2024-05-30 00:00:00+02:00,40.64500045776367,40.81999969482422,40.64500045776367,40.81999969482422,13166,0.0,0.0,0.0
2024-05-31 00:00:00+02:00,40.904998779296875,40.974998474121094,40.82500076293945,40.880001068115234,9167,0.0,0.0,0.0
2024-06-03 00:00:00+02:00,41.400001525878906,41.400001525878906,41.11000061035156,41.1150016784668,13512,0.0,0.0,0.0
2024-06-04 00:00:00+02:00,41.025001525878906,41.025001525878906,40.83000183105469,40.84000015258789,25513,0.0,0.0,0.0
2024-06-05 00:00:00+02:00,40.959999084472656,41.029998779296875,40.849998474121094,40.959999084472656,20999,0.0,0.0,0.0
2024-06-06 00:00:00+02:00,40.95500183105469,41.04499816894531,40.900001525878906,41.04499816894531,36564,0.0,0.0,0.0
2024-06-07 00:00:00+02:00,41.01499938964844,41.099998474121094,40.834999084472656,41.084999084472656,16826,0.0,0.0,0.0
2024-06-10 00:00:00+02:00,41.0099983215332,41.17499923706055,40.970001220703125,41.17499923706055,11237,0.0,0.0,0.0
2024-06-11 00:00:00+02:00,41.119998931884766,41.119998931884766,40.79999923706055,40.81999969482422,13545,0.0,0.0,0.0
2024-06-12 00:00:00+02:00,40.81999969482422,41.064998626708984,40.81999969482422,40.869998931884766,13905,0.0,0.0,0.0
2024-06-13 00:00:00+02:00,40.630001068115234,40.630001068115234,40.290000915527344,40.404998779296875,7998,0.0,0.0,0.0
2024-06-14 00:00:00+02:00,40.599998474121094,40.625,40.23500061035156,40.349998474121094,29815,0.0,0.0,0.0
2024-06-17 00:00:00+02:00,40.34000015258789,40.369998931884766,40.119998931884766,40.25,9711,0.0,0.0,0.0
2024-06-18 00:00:00+02:00,40.44499969482422,40.56999969482422,40.369998931884766,40.529998779296875,10934,0.0,0.0,0.0
2024-06-19 00:00:00+02:00,40.57500076293945,40.58000183105469,40.41999816894531,40.45000076293945,11949,0.0,0.0,0.0
2024-06-20 00:00:00+02:00,40.5099983215332,40.685001373291016,40.5099983215332,40.685001373291016,24315,0.0,0.0,0.0
2024-06-21 00:00:00+02:00,40.619998931884766,40.66999816894531,40.47999954223633,40.529998779296875,12178,0.0,0.0,0.0
2024-06-24 00:00:00+02:00,40.66999816894531,40.93000030517578,40.63999938964844,40.88999938964844,4911,0.0,0.0,0.0
2024-06-25 00:00:00+02:00,40.97999954223633,41.02000045776367,40.83000183105469,40.85499954223633,15328,0.0,0.0,0.0
2024-06-26 00:00:00+02:00,40.904998779296875,40.994998931884766,40.6349983215332,40.63999938964844,14718,0.0,0.0,0.0
2024-06-27 00:00:00+02:00,40.70000076293945,40.70000076293945,40.5,40.52000045776367,33804,0.0,0.0,0.0
2024-06-28 00:00:00+02:00,40.720001220703125,40.91999816894531,40.70000076293945,40.79499816894531,15171,0.0,0.0,0.0
2024-07-01 00:00:00+02:00,40.92499923706055,40.970001220703125,40.79499816894531,40.81999969482422,27435,0.0,0.0,0.0
2024-07-02 00:00:00+02:00,40.790000915527344,40.82500076293945,40.70000076293945,40.775001525878906,27128,0.0,0.0,0.0
2024-07-03 00:00:00+02:00,40.91999816894531,41.05500030517578,40.915000915527344,40.94499969482422,13535,0.0,0.0,0.0
2024-07-04 00:00:00+02:00,41.125,41.22999954223633,41.125,41.14500045776367,15143,0.0,0.0,0.0
2024-07-05 00:00:00+02:00,41.11000061035156,41.11000061035156,40.880001068115234,40.935001373291016,13189,0.0,0.0,0.0
2024-07-08 00:00:00+02:00,40.8650016784668,41.1150016784668,40.834999084472656,40.994998931884766,9828,0.0,0.0,0.0
2024-07-09 00:00:00+02:00,41.09000015258789,41.095001220703125,40.8650016784668,40.904998779296875,12483,0.0,0.0,0.0
2024-07-10 00:00:00+02:00,41.0099983215332,41.27000045776367,40.96500015258789,41.255001068115234,10388,0.0,0.0,0.0
2024-07-11 00:00:00+02:00,41.3849983215332,41.46500015258789,41.25,41.42499923706055,10957,0.0,0.0,0.0
2024-07-12 00:00:00+02:00,41.494998931884766,41.68000030517578,41.38999938964844,41.654998779296875,13548,0.0,0.0,0.0
2024-07-15 00:00:00+02:00,41.619998931884766,41.70000076293945,41.5,41.58000183105469,32129,0.0,0.0,0.0
2024-07-16 00:00:00+02:00,41.564998626708984,41.875,41.52000045776367,41.82500076293945,34803,0.0,0.0,0.0
2024-07-17 00:00:00+02:00,41.875,42.03499984741211,41.67499923706055,41.89500045776367,13021,0.0,0.0,0.0
2024-07-18 00:00:00+02:00,42.0099983215332,42.2599983215332,41.959999084472656,42.06999969482422,16785,0.0,0.0,0.0
2024-07-19 00:00:00+02:00,41.7400016784668,41.7599983215332,41.400001525878906,41.400001525878906,10693,0.0,0.0,0.0
2024-07-22 00:00:00+02:00,41.51499938964844,41.70000076293945,41.5,41.56999969482422,25244,0.0,0.0,0.0
2024-07-23 00:00:00+02:00,41.619998931884766,41.84000015258789,41.53499984741211,41.599998474121094,13401,0.0,0.0,0.0
2024-07-24 00:00:00+02:00,41.3650016784668,41.46500015258789,41.255001068115234,41.32500076293945,2706,0.0,0.0,0.0
2024-07-25 00:00:00+02:00,41.084999084472656,41.16999816894531,40.810001373291016,41.15999984741211,16753,0.0,0.0,0.0
2024-07-26 00:00:00+02:00,41.099998474121094,41.380001068115234,41.08000183105469,41.369998931884766,23205,0.0,0.0,0.0
2024-07-29 00:00:00+02:00,41.72999954223633,41.79499816894531,41.42499923706055,41.42499923706055,15977,0.0,0.0,0.0
2024-07-30 00:00:00+02:00,41.54499816894531,41.75,41.5,41.57500076293945,10954,0.0,0.0,0.0
2024-07-31 00:00:00+02:00,41.95500183105469,42.040000915527344,41.744998931884766,41.92499923706055,13897,0.0,0.0,0.0
2024-08-01 00:00:00+02:00,41.67499923706055,41.67499923706055,40.96500015258789,40.98500061035156,33354,0.0,0.0,0.0
2024-08-02 00:00:00+02:00,40.15999984741211,40.15999984741211,39.0,39.084999084472656,34195,0.0,0.0,0.0
2024-08-05 00:00:00+02:00,38.04999923706055,38.39500045776367,37.220001220703125,38.07500076293945,109883,0.0,0.0,0.0
2024-08-06 00:00:00+02:00,38.35499954223633,38.42499923706055,37.93000030517578,38.23500061035156,27758,0.0,0.0,0.0
2024-08-07 00:00:00+02:00,38.654998779296875,39.1150016784668,38.595001220703125,38.9900016784668,38626,0.0,0.0,0.0
2024-08-08 00:00:00+02:00,38.41999816894531,39.01499938964844,38.255001068115234,39.01499938964844,5628,0.0,0.0,0.0
2024-08-09 00:00:00+02:00,39.005001068115234,39.224998474121094,38.790000915527344,38.8849983215332,109165,0.0,0.0,0.0
2024-08-12 00:00:00+02:00,39.084999084472656,39.150001525878906,38.904998779296875,38.970001220703125,39193,0.0,0.0,0.0
2024-08-13 00:00:00+02:00,39.09000015258789,39.275001525878906,38.9900016784668,39.27000045776367,5535,0.0,0.0,0.0
2024-08-14 00:00:00+02:00,39.42499923706055,39.42499923706055,39.165000915527344,39.31999969482422,12225,0.0,0.0,0.0
2024-08-15 00:00:00+02:00,39.56999969482422,40.17499923706055,39.54999923706055,40.095001220703125,22705,0.0,0.0,0.0
2024-08-16 00:00:00+02:00,40.224998474121094,40.244998931884766,40.0,40.16999816894531,25176,0.0,0.0,0.0
2024-08-19 00:00:00+02:00,40.22999954223633,40.470001220703125,40.220001220703125,40.470001220703125,20210,0.0,0.0,0.0
2024-08-20 00:00:00+02:00,40.48500061035156,40.48500061035156,40.165000915527344,40.185001373291016,5492,0.0,0.0,0.0
2024-08-21 00:00:00+02:00,40.244998931884766,40.38999938964844,40.22999954223633,40.33000183105469,20076,0.0,0.0,0.0
2024-08-22 00:00:00+02:00,40.375,40.474998474121094,40.36000061035156,40.375,11217,0.0,0.0,0.0
2024-08-23 00:00:00+02:00,40.439998626708984,40.71500015258789,40.43000030517578,40.71500015258789,11386,0.0,0.0,0.0
2024-08-26 00:00:00+02:00,40.595001220703125,40.775001525878906,40.564998626708984,40.6150016784668,39610,0.0,0.0,0.0
2024-08-27 00:00:00+02:00,40.75,40.84000015258789,40.69499969482422,40.709999084472656,4519,0.0,0.0,0.0
2024-08-28 00:00:00+02:00,40.810001373291016,40.95000076293945,40.78499984741211,40.78499984741211,9097,0.0,0.0,0.0
2024-08-29 00:00:00+02:00,40.86000061035156,41.165000915527344,40.86000061035156,41.14500045776367,6388,0.0,0.0,0.0
2024-08-30 00:00:00+02:00,41.244998931884766,41.34000015258789,41.23500061035156,41.25,16613,0.0,0.0,0.0
2024-09-02 00:00:00+02:00,41.400001525878906,41.40999984741211,41.2599983215332,41.29999923706055,17159,0.0,0.0,0.0
2024-09-03 00:00:00+02:00,41.54999923706055,41.54999923706055,40.9900016784668,41.084999084472656,13057,0.0,0.0,0.0
2024-09-04 00:00:00+02:00,40.599998474121094,40.79999923706055,40.564998626708984,40.70500183105469,149944,0.0,0.0,0.0
2024-09-05 00:00:00+02:00,40.529998779296875,40.7400016784668,40.529998779296875,40.654998779296875,5874,0.0,0.0,0.0
2024-09-06 00:00:00+02:00,40.334999084472656,40.474998474121094,39.849998474121094,39.8849983215332,15993,0.0,0.0,0.0
2024-09-09 00:00:00+02:00,40.19499969482422,40.435001373291016,40.19499969482422,40.43000030517578,15304,0.0,0.0,0.0
2024-09-10 00:00:00+02:00,40.22999954223633,40.349998474121094,39.98500061035156,40.04999923706055,10202,0.0,0.0,0.0
2024-09-11 00:00:00+02:00,40.040000915527344,40.21500015258789,39.70000076293945,39.8849983215332,7821,0.0,0.0,0.0
2024-09-12 00:00:00+02:00,40.470001220703125,40.47999954223633,40.13999938964844,40.349998474121094,31795,0.0,0.0,0.0
2024-09-13 00:00:00+02:00,40.43000030517578,40.685001373291016,40.38999938964844,40.6150016784668,14579,0.0,0.0,0.0
2024-09-16 00:00:00+02:00,40.599998474121094,40.755001068115234,40.564998626708984,40.689998626708984,33468,0.0,0.0,0.0
2024-09-17 00:00:00+02:00,40.79999923706055,41.0,40.79999923706055,40.959999084472656,8449,0.0,0.0,0.0
2024-09-18 00:00:00+02:00,40.81999969482422,40.81999969482422,40.70000076293945,40.755001068115234,16206,0.0,0.0,0.0
2024-09-19 00:00:00+02:00,41.10499954223633,41.345001220703125,41.03499984741211,41.2400016784668,19009,0.0,0.0,0.0
2024-09-20 00:00:00+02:00,41.125,41.125,40.8849983215332,40.970001220703125,7864,0.0,0.0,0.0
2024-09-23 00:00:00+02:00,41.14500045776367,41.244998931884766,41.03499984741211,41.16999816894531,7565,0.0,0.0,0.0
2024-09-24 00:00:00+02:00,41.40999984741211,41.40999984741211,41.22999954223633,41.310001373291016,109207,0.0,0.0,0.0
2024-09-25 00:00:00+02:00,41.14500045776367,41.2599983215332,41.10499954223633,41.185001373291016,6206,0.0,0.0,0.0
2024-09-26 00:00:00+02:00,41.435001373291016,41.69499969482422,41.435001373291016,41.505001068115234,14674,0.0,0.0,0.0
2024-09-27 00:00:00+02:00,41.56999969482422,41.76499938964844,41.52000045776367,41.72999954223633,17887,0.0,0.0,0.0
2024-09-30 00:00:00+02:00,41.650001525878906,41.685001373291016,41.334999084472656,41.43000030517578,10880,0.0,0.0,0.0
2024-10-01 00:00:00+02:00,41.709999084472656,41.81999969482422,41.35499954223633,41.61000061035156,72119,0.0,0.0,0.0
2024-10-02 00:00:00+02:00,41.54999923706055,41.66999816894531,41.369998931884766,41.66999816894531,20679,0.0,0.0,0.0
2024-10-03 00:00:00+02:00,41.5099983215332,41.5099983215332,41.154998779296875,41.41999816894531,39265,0.0,0.0,0.0
2024-10-04 00:00:00+02:00,41.415000915527344,41.900001525878906,41.415000915527344,41.7599983215332,9031,0.0,0.0,0.0
2024-10-07 00:00:00+02:00,41.900001525878906,41.900001525878906,41.665000915527344,41.85499954223633,33715,0.0,0.0,0.0
2024-10-08 00:00:00+02:00,41.525001525878906,41.66999816894531,41.470001220703125,41.66999816894531,24005,0.0,0.0,0.0
2024-10-09 00:00:00+02:00,41.564998626708984,41.94499969482422,41.4900016784668,41.94499969482422,32165,0.0,0.0,0.0
2024-10-10 00:00:00+02:00,42.0,42.0,41.80500030517578,41.88999938964844,8918,0.0,0.0,0.0
2024-10-11 00:00:00+02:00,41.720001220703125,42.04499816894531,41.665000915527344,42.0099983215332,13399,0.0,0.0,0.0
2024-10-14 00:00:00+02:00,42.005001068115234,42.15999984741211,41.939998626708984,42.10499954223633,14063,0.0,0.0,0.0
2024-10-15 00:00:00+02:00,42.26499938964844,42.26499938964844,42.02000045776367,42.19499969482422,29852,0.0,0.0,0.0
2024-10-16 00:00:00+02:00,42.08000183105469,42.26499938964844,41.95000076293945,42.19499969482422,14360,0.0,0.0,0.0
2024-10-17 00:00:00+02:00,42.369998931884766,42.56999969482422,42.369998931884766,42.435001373291016,8143,0.0,0.0,0.0
2024-10-18 00:00:00+02:00,42.380001068115234,42.529998779296875,42.30500030517578,42.310001373291016,20749,0.0,0.0,0.0
2024-10-21 00:00:00+02:00,42.334999084472656,42.369998931884766,42.0099983215332,42.0099983215332,9225,0.0,0.0,0.0
2024-10-22 00:00:00+02:00,41.93000030517578,41.93000030517578,41.685001373291016,41.880001068115234,8719,0.0,0.0,0.0
2024-10-23 00:00:00+02:00,41.95000076293945,42.03499984741211,41.720001220703125,41.790000915527344,18586,0.0,0.0,0.0
2024-10-24 00:00:00+02:00,41.915000915527344,41.94499969482422,41.70500183105469,41.70500183105469,5984,0.0,0.0,0.0
2024-10-25 00:00:00+02:00,41.72999954223633,41.92499923706055,41.630001068115234,41.79999923706055,13207,0.0,0.0,0.0
2024-10-28 00:00:00+01:00,41.900001525878906,41.939998626708984,41.625,41.89500045776367,17960,0.0,0.0,0.0
2024-10-29 00:00:00+01:00,42.06999969482422,42.09000015258789,41.8650016784668,41.93000030517578,8010,0.0,0.0,0.0
2024-10-30 00:00:00+01:00,41.77000045776367,41.77000045776367,41.47999954223633,41.59000015258789,14247,0.0,0.0,0.0
2024-10-31 00:00:00+01:00,41.29999923706055,41.375,41.06999969482422,41.20500183105469,11080,0.0,0.0,0.0
2024-11-01 00:00:00+01:00,41.26499938964844,41.685001373291016,41.2599983215332,41.625,26104,0.0,0.0,0.0
2024-11-04 00:00:00+01:00,41.46500015258789,41.595001220703125,41.369998931884766,41.400001525878906,13388,0.0,0.0,0.0
2024-11-05 00:00:00+01:00,41.439998626708984,41.79499816894531,41.34000015258789,41.665000915527344,44070,0.0,0.0,0.0
2024-11-06 00:00:00+01:00,42.439998626708984,42.779998779296875,42.22999954223633,42.36000061035156,21680,0.0,0.0,0.0
2024-11-07 00:00:00+01:00,42.73500061035156,42.744998931884766,42.505001068115234,42.505001068115234,12320,0.0,0.0,0.0
2024-11-08 00:00:00+01:00,42.529998779296875,42.529998779296875,42.25,42.45500183105469,17932,0.0,0.0,0.0
2024-11-11 00:00:00+01:00,42.564998626708984,43.029998779296875,42.564998626708984,42.97999954223633,48669,0.0,0.0,0.0
2024-11-12 00:00:00+01:00,42.775001525878906,42.775001525878906,42.30500030517578,42.35499954223633,15117,0.0,0.0,0.0
2024-11-13 00:00:00+01:00,42.290000915527344,42.43000030517578,42.154998779296875,42.43000030517578,9800,0.0,0.0,0.0
2024-11-14 00:00:00+01:00,42.459999084472656,42.709999084472656,42.459999084472656,42.56999969482422,20897,0.0,0.0,0.0
2024-11-15 00:00:00+01:00,42.35499954223633,42.57500076293945,42.20000076293945,42.435001373291016,90815,0.0,0.0,0.0
2024-11-18 00:00:00+01:00,42.400001525878906,42.58000183105469,42.290000915527344,42.58000183105469,32248,0.0,0.0,0.0
2024-11-19 00:00:00+01:00,42.595001220703125,42.599998474121094,42.03499984741211,42.3650016784668,22256,0.0,0.0,0.0
2024-11-20 00:00:00+01:00,42.404998779296875,42.44499969482422,42.15999984741211,42.279998779296875,34799,0.0,0.0,0.0
2024-11-21 00:00:00+01:00,42.27000045776367,42.744998931884766,42.209999084472656,42.744998931884766,12773,0.0,0.0,0.0
2024-11-22 00:00:00+01:00,42.82500076293945,43.2599983215332,42.810001373291016,43.2599983215332,35916,0.0,0.0,0.0
2024-11-25 00:00:00+01:00,43.334999084472656,43.40999984741211,43.07500076293945,43.40999984741211,22067,0.0,0.0,0.0
2024-11-26 00:00:00+01:00,43.02000045776367,43.165000915527344,42.900001525878906,42.98500061035156,69785,0.0,0.0,0.0
2024-11-27 00:00:00+01:00,42.83000183105469,42.834999084472656,42.6150016784668,42.63999938964844,10846,0.0,0.0,0.0
2024-11-28 00:00:00+01:00,42.95000076293945,42.95000076293945,42.779998779296875,42.92499923706055,13313,0.0,0.0,0.0
2024-11-29 00:00:00+01:00,42.90999984741211,43.130001068115234,42.85499954223633,43.130001068115234,8530,0.0,0.0,0.0
2024-12-02 00:00:00+01:00,43.209999084472656,43.56999969482422,43.185001373291016,43.56999969482422,32545,0.0,0.0,0.0
2024-12-03 00:00:00+01:00,43.529998779296875,43.65999984741211,43.44499969482422,43.5,43278,0.0,0.0,0.0
2024-12-04 00:00:00+01:00,43.415000915527344,43.48500061035156,43.185001373291016,43.19499969482422,18197,0.0,0.0,0.0
2024-12-05 00:00:00+01:00,43.224998474121094,43.44499969482422,43.224998474121094,43.25,51965,0.0,0.0,0.0
2024-12-06 00:00:00+01:00,43.20500183105469,43.345001220703125,43.125,43.27000045776367,12243,0.0,0.0,0.0
2024-12-09 00:00:00+01:00,43.39500045776367,43.43000030517578,43.22999954223633,43.3849983215332,19603,0.0,0.0,0.0
2024-12-10 00:00:00+01:00,43.19499969482422,43.34000015258789,43.1150016784668,43.2599983215332,20955,0.0,0.0,0.0
2024-12-11 00:00:00+01:00,43.16999816894531,43.474998474121094,43.130001068115234,43.185001373291016,19245,0.0,0.0,0.0
2024-12-12 00:00:00+01:00,43.15999984741211,43.209999084472656,43.040000915527344,43.14500045776367,16773,0.0,0.0,0.0
2024-12-13 00:00:00+01:00,43.09000015258789,43.165000915527344,42.79499816894531,42.91999816894531,33673,0.0,0.0,0.0
2024-12-16 00:00:00+01:00,42.80500030517578,42.95000076293945,42.57500076293945,42.724998474121094,55270,0.0,0.0,0.0
2024-12-17 00:00:00+01:00,42.39500045776367,42.474998474121094,42.29999923706055,42.439998626708984,25108,0.0,0.0,0.0
2024-12-18 00:00:00+01:00,42.52000045776367,42.595001220703125,42.42499923706055,42.56999969482422,19811,0.0,0.0,0.0
2024-12-19 00:00:00+01:00,41.869998931884766,42.02000045776367,41.775001525878906,41.83000183105469,7089,0.0,0.0,0.0
2024-12-20 00:00:00+01:00,41.6150016784668,42.0,41.29999923706055,42.0,26989,0.0,0.0,0.0
2024-12-23 00:00:00+01:00,41.9900016784668,42.064998626708984,41.84000015258789,41.98500061035156,17755,0.0,0.0,0.0
2024-12-27 00:00:00+01:00,42.3849983215332,42.63999938964844,42.3849983215332,42.560001373291016,21870,0.0,0.0,0.0
2024-12-30 00:00:00+01:00,42.45000076293945,42.57500076293945,42.220001220703125,42.39500045776367,6982,0.0,0.0,0.0
2025-01-02 00:00:00+01:00,42.720001220703125,42.959999084472656,42.560001373291016,42.959999084472656,29925,0.0,0.0,0.0
2025-01-03 00:00:00+01:00,42.779998779296875,42.82500076293945,42.650001525878906,42.82500076293945,37151,0.0,0.0,0.0
2025-01-06 00:00:00+01:00,42.83000183105469,43.22999954223633,42.76499938964844,43.185001373291016,15643,0.0,0.0,0.0
2025-01-07 00:00:00+01:00,42.85499954223633,43.20000076293945,42.80500030517578,43.14500045776367,26968,0.0,0.0,0.0
2025-01-08 00:00:00+01:00,43.060001373291016,43.15999984741211,42.654998779296875,42.84000015258789,30779,0.0,0.0,0.0
2025-01-09 00:00:00+01:00,42.64500045776367,42.82500076293945,42.6150016784668,42.82500076293945,29582,0.0,0.0,0.0
2025-01-10 00:00:00+01:00,42.53499984741211,42.7599983215332,42.47999954223633,42.54499816894531,7519,0.0,0.0,0.0
2025-01-13 00:00:00+01:00,42.375,42.55500030517578,42.255001068115234,42.505001068115234,31288,0.0,0.0,0.0
2025-01-14 00:00:00+01:00,42.69499969482422,42.709999084472656,42.505001068115234,42.529998779296875,24223,0.0,0.0,0.0
2025-01-15 00:00:00+01:00,42.69499969482422,43.244998931884766,42.67499923706055,43.244998931884766,64385,0.0,0.0,0.0
2025-01-16 00:00:00+01:00,43.290000915527344,43.29999923706055,43.07500076293945,43.14500045776367,22438,0.0,0.0,0.0
2025-01-17 00:00:00+01:00,43.25,43.61000061035156,43.25,43.56999969482422,35387,0.0,0.0,0.0
2025-01-20 00:00:00+01:00,43.56999969482422,43.69499969482422,43.42499923706055,43.69499969482422,37463,0.0,0.0,0.0
2025-01-21 00:00:00+01:00,43.494998931884766,43.69499969482422,43.494998931884766,43.68000030517578,27074,0.0,0.0,0.0
2025-01-22 00:00:00+01:00,43.630001068115234,43.66999816894531,43.4900016784668,43.58000183105469,15386,0.0,0.0,0.0
2025-01-23 00:00:00+01:00,43.630001068115234,43.79499816894531,43.58000183105469,43.76499938964844,17411,0.0,0.0,0.0
2025-01-24 00:00:00+01:00,43.79999923706055,43.79999923706055,43.57500076293945,43.65999984741211,34408,0.0,0.0,0.0
2025-01-27 00:00:00+01:00,43.505001068115234,43.72999954223633,43.369998931884766,43.61000061035156,19236,0.0,0.0,0.0
2025-01-28 00:00:00+01:00,43.8650016784668,44.040000915527344,43.755001068115234,43.77000045776367,46804,0.0,0.0,0.0
2025-01-29 00:00:00+01:00,43.959999084472656,44.095001220703125,43.880001068115234,43.9900016784668,23461,0.0,0.0,0.0
2025-01-30 00:00:00+01:00,44.165000915527344,44.38999938964844,44.165000915527344,44.290000915527344,54776,0.0,0.0,0.0
2025-01-31 00:00:00+01:00,44.44499969482422,44.55500030517578,44.400001525878906,44.45500183105469,26778,0.0,0.0,0.0
2025-02-03 00:00:00+01:00,43.959999084472656,44.154998779296875,43.72999954223633,44.154998779296875,79006,0.0,0.0,0.0
2025-02-04 00:00:00+01:00,44.029998779296875,44.130001068115234,43.84000015258789,44.130001068115234,34371,0.0,0.0,0.0
2025-02-05 00:00:00+01:00,44.11000061035156,44.314998626708984,44.04499816894531,44.314998626708984,19730,0.0,0.0,0.0
2025-02-06 00:00:00+01:00,44.5099983215332,44.78499984741211,44.5099983215332,44.69499969482422,32782,0.0,0.0,0.0
2025-02-07 00:00:00+01:00,44.6150016784668,44.744998931884766,44.51499938964844,44.51499938964844,46532,0.0,0.0,0.0
2025-02-10 00:00:00+01:00,44.7400016784668,44.814998626708984,44.66999816894531,44.80500030517578,26002,0.0,0.0,0.0
2025-02-11 00:00:00+01:00,44.73500061035156,44.89500045776367,44.619998931884766,44.89500045776367,19368,0.0,0.0,0.0
2025-02-12 00:00:00+01:00,44.73500061035156,44.845001220703125,44.61000061035156,44.65999984741211,71379,0.0,0.0,0.0
2025-02-13 00:00:00+01:00,44.939998626708984,45.125,44.81999969482422,45.04999923706055,28717,0.0,0.0,0.0
2025-02-14 00:00:00+01:00,45.084999084472656,45.17499923706055,44.970001220703125,45.10499954223633,13037,0.0,0.0,0.0
2025-02-17 00:00:00+01:00,45.2400016784668,45.415000915527344,45.189998626708984,45.400001525878906,26017,0.0,0.0,0.0
2025-02-18 00:00:00+01:00,45.415000915527344,45.584999084472656,45.33000183105469,45.51499938964844,46454,0.0,0.0,0.0
2025-02-19 00:00:00+01:00,45.70000076293945,45.70000076293945,45.32500076293945,45.625,22976,0.0,0.0,0.0
2025-02-20 00:00:00+01:00,45.55500030517578,45.625,45.31999969482422,45.334999084472656,29962,0.0,0.0,0.0
2025-02-21 00:00:00+01:00,45.44499969482422,45.595001220703125,45.36000061035156,45.404998779296875,34973,0.0,0.0,0.0
2025-02-24 00:00:00+01:00,45.22999954223633,45.345001220703125,45.0,45.2400016784668,15523,0.0,0.0,0.0
2025-02-25 00:00:00+01:00,45.31999969482422,45.439998626708984,45.099998474121094,45.21500015258789,26932,0.0,0.0,0.0
2025-02-26 00:00:00+01:00,45.435001373291016,45.599998474121094,45.34000015258789,45.525001525878906,27222,0.0,0.0,0.0
2025-02-27 00:00:00+01:00,45.584999084472656,45.744998931884766,45.5,45.66999816894531,32856,0.0,0.0,0.0
2025-02-28 00:00:00+01:00,45.209999084472656,45.47999954223633,45.099998474121094,45.35499954223633,20970,0.0,0.0,0.0
2025-03-03 00:00:00+01:00,45.810001373291016,45.900001525878906,45.564998626708984,45.724998474121094,32209,0.0,0.0,0.0
2025-03-04 00:00:00+01:00,45.14500045776367,45.150001525878906,44.18000030517578,44.23500061035156,47167,0.0,0.0,0.0
2025-03-05 00:00:00+01:00,44.42499923706055,44.595001220703125,44.095001220703125,44.095001220703125,25802,0.0,0.0,0.0
2025-03-06 00:00:00+01:00,44.459999084472656,44.54499816894531,44.20000076293945,44.439998626708984,106051,0.0,0.0,0.0
2025-03-07 00:00:00+01:00,44.29999923706055,44.40999984741211,44.005001068115234,44.244998931884766,23914,0.0,0.0,0.0
2025-03-10 00:00:00+01:00,44.564998626708984,44.564998626708984,44.099998474121094,44.2400016784668,27748,0.0,0.0,0.0
2025-03-11 00:00:00+01:00,43.900001525878906,43.915000915527344,42.94499969482422,43.09000015258789,60604,0.0,0.0,0.0
2025-03-12 00:00:00+01:00,43.38999938964844,43.8849983215332,43.029998779296875,43.380001068115234,36987,0.0,0.0,0.0
2025-03-13 00:00:00+01:00,43.404998779296875,43.724998474121094,43.279998779296875,43.57500076293945,32169,0.0,0.0,0.0
2025-03-14 00:00:00+01:00,43.474998474121094,43.959999084472656,43.474998474121094,43.915000915527344,23263,0.0,0.0,0.0
2025-03-17 00:00:00+01:00,43.935001373291016,44.334999084472656,43.900001525878906,44.334999084472656,31112,0.0,0.0,0.0
2025-03-18 00:00:00+01:00,44.369998931884766,44.55500030517578,44.334999084472656,44.41999816894531,48635,0.0,0.0,0.0
2025-03-19 00:00:00+01:00,44.540000915527344,44.790000915527344,44.52000045776367,44.790000915527344,17783,0.0,0.0,0.0
2025-03-20 00:00:00+01:00,44.869998931884766,44.959999084472656,44.40999984741211,44.58000183105469,96517,0.0,0.0,0.0
2025-03-21 00:00:00+01:00,44.51499938964844,44.564998626708984,44.244998931884766,44.474998474121094,20137,0.0,0.0,0.0
2025-03-24 00:00:00+01:00,44.560001373291016,44.834999084472656,44.5099983215332,44.755001068115234,48180,0.0,0.0,0.0
2025-03-25 00:00:00+01:00,44.73500061035156,44.939998626708984,44.654998779296875,44.869998931884766,33341,0.0,0.0,0.0
2025-03-26 00:00:00+01:00,44.994998931884766,45.0,44.72999954223633,44.81999969482422,32667,0.0,0.0,0.0
2025-03-27 00:00:00+01:00,44.67499923706055,44.709999084472656,44.5,44.564998626708984,47173,0.0,0.0,0.0
2025-03-28 00:00:00+01:00,44.380001068115234,44.38999938964844,43.79499816894531,43.81999969482422,37396,0.0,0.0,0.0
2025-03-31 00:00:00+02:00,43.46500015258789,43.619998931884766,43.18000030517578,43.584999084472656,45138,0.0,0.0,0.0
2025-04-01 00:00:00+02:00,43.78499984741211,43.875,43.43000030517578,43.810001373291016,40558,0.0,0.0,0.0
2025-04-02 00:00:00+02:00,43.665000915527344,43.720001220703125,43.3650016784668,43.564998626708984,24669,0.0,0.0,0.0
2025-04-03 00:00:00+02:00,42.310001373291016,42.54999923706055,41.45000076293945,41.67499923706055,44852,0.0,0.0,0.0
2025-04-04 00:00:00+02:00,41.05500030517578,41.095001220703125,39.095001220703125,39.4900016784668,182790,0.0,0.0,0.0
2025-04-07 00:00:00+02:00,37.02000045776367,39.4900016784668,36.98500061035156,38.459999084472656,104190,0.0,0.0,0.0
2025-04-08 00:00:00+02:00,39.025001525878906,39.900001525878906,38.83000183105469,39.5099983215332,53369,0.0,0.0,0.0
2025-04-09 00:00:00+02:00,38.005001068115234,38.20000076293945,37.09000015258789,37.48500061035156,49304,0.0,0.0,0.0
2025-04-10 00:00:00+02:00,40.66999816894531,40.75,38.959999084472656,38.959999084472656,99834,0.0,0.0,0.0
2025-04-11 00:00:00+02:00,38.959999084472656,39.005001068115234,37.994998931884766,38.505001068115234,42563,0.0,0.0,0.0
2025-04-14 00:00:00+02:00,39.29999923706055,39.80500030517578,39.29999923706055,39.724998474121094,44474,0.0,0.0,0.0
2025-04-15 00:00:00+02:00,40.0,40.43000030517578,39.94499969482422,40.34000015258789,24146,0.0,0.0,0.0
2025-04-16 00:00:00+02:00,39.85499954223633,40.20000076293945,39.650001525878906,40.20000076293945,27677,0.0,0.0,0.0
2025-04-17 00:00:00+02:00,40.025001525878906,40.11000061035156,39.72999954223633,40.025001525878906,23093,0.0,0.0,0.0
2025-04-22 00:00:00+02:00,39.70000076293945,40.165000915527344,39.630001068115234,40.150001525878906,34087,0.0,0.0,0.0
2025-04-23 00:00:00+02:00,40.79999923706055,41.380001068115234,40.79999923706055,41.060001373291016,24159,0.0,0.0,0.0
2025-04-24 00:00:00+02:00,40.89500045776367,41.209999084472656,40.54499816894531,41.095001220703125,138255,0.0,0.0,0.0
2025-04-25 00:00:00+02:00,41.400001525878906,41.400001525878906,41.084999084472656,41.28499984741211,11284,0.0,0.0,0.0
2025-04-28 00:00:00+02:00,41.435001373291016,41.790000915527344,41.435001373291016,41.560001373291016,7554,0.0,0.0,0.0
2025-04-29 00:00:00+02:00,41.70000076293945,41.86000061035156,41.529998779296875,41.849998474121094,25602,0.0,0.0,0.0
2025-04-30 00:00:00+02:00,41.834999084472656,41.849998474121094,41.19499969482422,41.7400016784668,46247,0.0,0.0,0.0
2025-05-02 00:00:00+02:00,42.17499923706055,42.30500030517578,41.9900016784668,42.244998931884766,33915,0.0,0.0,0.0
2025-05-05 00:00:00+02:00,42.2400016784668,42.46500015258789,42.209999084472656,42.44499969482422,13558,0.0,0.0,0.0
2025-05-06 00:00:00+02:00,42.34000015258789,42.369998931884766,42.06999969482422,42.29999923706055,57940,0.0,0.0,0.0
2025-05-07 00:00:00+02:00,42.23500061035156,42.32500076293945,42.125,42.27000045776367,27134,0.0,0.0,0.0
2025-05-08 00:00:00+02:00,42.505001068115234,42.79999923706055,42.505001068115234,42.79999923706055,93809,0.0,0.0,0.0
2025-05-09 00:00:00+02:00,42.939998626708984,43.04999923706055,42.79999923706055,42.915000915527344,30381,0.0,0.0,0.0
2025-05-12 00:00:00+02:00,43.78499984741211,44.154998779296875,43.78499984741211,44.04999923706055,28163,0.0,0.0,0.0
2025-05-13 00:00:00+02:00,44.02000045776367,44.07500076293945,43.89500045776367,44.07500076293945,27913,0.0,0.0,0.0
2025-05-14 00:00:00+02:00,43.79499816894531,43.8849983215332,43.5,43.57500076293945,44669,0.0,0.0,0.0
2025-05-15 00:00:00+02:00,43.4900016784668,43.880001068115234,43.435001373291016,43.880001068115234,44927,0.0,0.0,0.0
2025-05-16 00:00:00+02:00,44.02000045776367,44.125,43.81999969482422,44.125,50880,0.0,0.0,0.0
2025-05-19 00:00:00+02:00,43.869998931884766,44.025001525878906,43.65999984741211,44.025001525878906,13086,0.0,0.0,0.0
2025-05-20 00:00:00+02:00,44.06999969482422,44.33000183105469,44.0,44.29999923706055,28679,0.0,0.0,0.0
2025-05-21 00:00:00+02:00,44.1349983215332,44.1349983215332,43.880001068115234,44.060001373291016,18392,0.0,0.0,0.0
2025-05-22 00:00:00+02:00,43.7400016784668,43.7400016784668,43.52000045776367,43.70000076293945,12318,0.0,0.0,0.0
2025-05-23 00:00:00+02:00,43.724998474121094,43.75,42.89500045776367,43.275001525878906,23978,0.0,0.0,0.0
2025-05-26 00:00:00+02:00,43.54999923706055,43.7400016784668,43.54999923706055,43.625,44917,0.0,0.0,0.0
2025-05-27 00:00:00+02:00,43.75,43.959999084472656,43.685001373291016,43.959999084472656,19164,0.0,0.0,0.0
2025-05-28 00:00:00+02:00,43.90999984741211,43.91999816894531,43.72999954223633,43.78499984741211,19153,0.0,0.0,0.0
2025-05-29 00:00:00+02:00,44.040000915527344,44.2400016784668,43.61000061035156,43.619998931884766,21036,0.0,0.0,0.0
2025-05-30 00:00:00+02:00,43.790000915527344,43.95000076293945,43.64500045776367,43.709999084472656,11768,0.0,0.0,0.0
2025-06-02 00:00:00+02:00,43.540000915527344,43.54499816894531,43.20000076293945,43.459999084472656,25831,0.0,0.0,0.0
2025-06-03 00:00:00+02:00,43.529998779296875,43.834999084472656,43.3849983215332,43.834999084472656,40122,0.0,0.0,0.0
2025-06-04 00:00:00+02:00,43.94499969482422,43.9900016784668,43.70500183105469,43.80500030517578,28666,0.0,0.0,0.0
2025-06-05 00:00:00+02:00,43.755001068115234,43.89500045776367,43.45000076293945,43.78499984741211,31427,0.0,0.0,0.0
2025-06-06 00:00:00+02:00,43.84000015258789,44.20000076293945,43.80500030517578,44.130001068115234,20614,0.0,0.0,0.0
2025-06-09 00:00:00+02:00,44.095001220703125,44.2599983215332,43.994998931884766,44.209999084472656,11024,0.0,0.0,0.0
2025-06-10 00:00:00+02:00,44.2400016784668,44.29999923706055,44.119998931884766,44.27000045776367,13115,0.0,0.0,0.0
2025-06-11 00:00:00+02:00,44.40999984741211,44.415000915527344,44.18000030517578,44.18000030517578,28023,0.0,0.0,0.0
2025-06-12 00:00:00+02:00,43.89500045776367,43.915000915527344,43.584999084472656,43.834999084472656,31792,0.0,0.0,0.0
2025-06-13 00:00:00+02:00,43.494998931884766,43.75,43.39500045776367,43.630001068115234,34047,0.0,0.0,0.0
2025-06-16 00:00:00+02:00,43.709999084472656,43.939998626708984,43.64500045776367,43.869998931884766,28200,0.0,0.0,0.0
2025-06-17 00:00:00+02:00,43.709999084472656,43.724998474121094,43.5,43.64500045776367,17678,0.0,0.0,0.0
2025-06-18 00:00:00+02:00,43.67499923706055,43.80500030517578,43.560001373291016,43.80500030517578,7956,0.0,0.0,0.0
2025-06-19 00:00:00+02:00,43.685001373291016,43.685001373291016,43.39500045776367,43.39500045776367,12570,0.0,0.0,0.0
2025-06-20 00:00:00+02:00,43.48500061035156,43.69499969482422,43.43000030517578,43.595001220703125,28109,0.0,0.0,0.0
2025-06-23 00:00:00+02:00,43.349998474121094,43.54999923706055,43.2599983215332,43.28499984741211,17569,0.0,0.0,0.0
2025-06-24 00:00:00+02:00,43.724998474121094,43.790000915527344,43.63999938964844,43.71500015258789,12867,0.0,0.0,0.0
2025-06-25 00:00:00+02:00,43.79999923706055,43.810001373291016,43.42499923706055,43.46500015258789,11036,0.0,0.0,0.0
2025-06-26 00:00:00+02:00,43.57500076293945,43.61000061035156,43.45000076293945,43.59000015258789,11034,0.0,0.0,0.0
2025-06-27 00:00:00+02:00,43.904998779296875,44.060001373291016,43.810001373291016,44.060001373291016,15868,0.0,0.0,0.0
2025-06-30 00:00:00+02:00,44.02000045776367,44.040000915527344,43.880001068115234,43.89500045776367,12762,0.0,0.0,0.0
2025-07-01 00:00:00+02:00,43.875,43.9900016784668,43.599998474121094,43.974998474121094,24484,0.0,0.0,0.0
2025-07-02 00:00:00+02:00,44.20500183105469,44.26499938964844,43.974998474121094,44.099998474121094,10510,0.0,0.0,0.0
2025-07-03 00:00:00+02:00,44.29499816894531,44.540000915527344,44.21500015258789,44.540000915527344,9645,0.0,0.0,0.0
2025-07-04 00:00:00+02:00,44.27000045776367,44.27000045776367,44.005001068115234,44.11000061035156,10465,0.0,0.0,0.0
2025-07-07 00:00:00+02:00,44.084999084472656,44.26499938964844,44.01499938964844,44.05500030517578,23724,0.0,0.0,0.0
2025-07-08 00:00:00+02:00,43.939998626708984,44.35499954223633,43.939998626708984,44.29499816894531,16906,0.0,0.0,0.0
2025-07-09 00:00:00+02:00,44.224998474121094,44.56999969482422,44.224998474121094,44.404998779296875,7932,0.0,0.0,0.0
2025-07-10 00:00:00+02:00,44.34000015258789,44.80500030517578,44.34000015258789,44.80500030517578,16068,0.0,0.0,0.0
2025-07-11 00:00:00+02:00,44.529998779296875,44.529998779296875,44.150001525878906,44.189998626708984,14089,0.0,0.0,0.0
2025-07-14 00:00:00+02:00,44.13999938964844,44.165000915527344,44.04999923706055,44.14500045776367,25599,0.0,0.0,0.0
2025-07-15 00:00:00+02:00,44.244998931884766,44.33000183105469,44.04999923706055,44.084999084472656,15617,0.0,0.0,0.0
2025-07-16 00:00:00+02:00,43.85499954223633,44.125,43.599998474121094,43.61000061035156,21777,0.0,0.0,0.0
2025-07-17 00:00:00+02:00,44.05500030517578,44.16999816894531,44.0,44.16999816894531,25488,0.0,0.0,0.0
2025-07-18 00:00:00+02:00,44.15999984741211,44.15999984741211,44.0,44.0,10807,0.0,0.0,0.0
2025-07-21 00:00:00+02:00,44.10499954223633,44.185001373291016,44.060001373291016,44.165000915527344,14062,0.0,0.0,0.0
2025-07-22 00:00:00+02:00,44.040000915527344,44.189998626708984,43.974998474121094,44.099998474121094,13655,0.0,0.0,0.0
2025-07-23 00:00:00+02:00,44.70500183105469,44.96500015258789,44.65999984741211,44.94499969482422,32204,0.0,0.0,0.0
2025-07-24 00:00:00+02:00,45.1150016784668,45.150001525878906,44.880001068115234,44.904998779296875,20327,0.0,0.0,0.0
2025-07-25 00:00:00+02:00,44.65999984741211,44.7400016784668,44.599998474121094,44.6150016784668,24795,0.0,0.0,0.0
2025-07-28 00:00:00+02:00,44.900001525878906,44.974998474121094,44.68000030517578,44.810001373291016,13757,0.0,0.0,0.0
2025-07-29 00:00:00+02:00,45.03499984741211,45.16999816894531,44.95500183105469,45.01499938964844,10929,0.0,0.0,0.0
2025-07-30 00:00:00+02:00,45.05500030517578,45.29999923706055,45.029998779296875,45.20000076293945,29487,0.0,0.0,0.0
2025-07-31 00:00:00+02:00,45.21500015258789,45.29499816894531,44.90999984741211,44.96500015258789,10332,0.0,0.0,0.0
2025-08-01 00:00:00+02:00,44.77000045776367,44.77000045776367,43.78499984741211,44.025001525878906,46279,0.0,0.0,0.0
2025-08-04 00:00:00+02:00,44.21500015258789,44.5,44.21500015258789,44.5,22643,0.0,0.0,0.0
2025-08-05 00:00:00+02:00,44.70500183105469,44.83000183105469,44.540000915527344,44.540000915527344,37060,0.0,0.0,0.0
2025-08-06 00:00:00+02:00,44.849998474121094,44.900001525878906,44.630001068115234,44.70500183105469,34776,0.0,0.0,0.0
2025-08-07 00:00:00+02:00,44.71500015258789,45.07500076293945,44.689998626708984,44.88999938964844,19663,0.0,0.0,0.0
2025-08-08 00:00:00+02:00,45.04499816894531,45.45500183105469,45.04499816894531,45.45500183105469,24134,0.0,0.0,0.0
2025-08-11 00:00:00+02:00,45.6349983215332,45.790000915527344,45.5099983215332,45.6349983215332,20752,0.0,0.0,0.0
2025-08-12 00:00:00+02:00,45.744998931884766,46.04499816894531,45.689998626708984,45.9900016784668,15655,0.0,0.0,0.0
2025-08-13 00:00:00+02:00,46.029998779296875,46.14500045776367,45.994998931884766,46.119998931884766,17935,0.0,0.0,0.0
2025-08-14 00:00:00+02:00,46.22999954223633,46.29499816894531,46.125,46.29499816894531,12426,0.0,0.0,0.0
2025-08-15 00:00:00+02:00,46.744998931884766,46.744998931884766,46.29499816894531,46.39500045776367,24854,0.0,0.0,0.0
2025-08-18 00:00:00+02:00,46.42499923706055,46.58000183105469,46.29999923706055,46.58000183105469,20721,0.0,0.0,0.0
2025-08-19 00:00:00+02:00,46.57500076293945,46.89500045776367,46.56999969482422,46.834999084472656,15992,0.0,0.0,0.0
2025-08-20 00:00:00+02:00,46.775001525878906,46.775001525878906,46.46500015258789,46.6150016784668,55671,0.0,0.0,0.0
2025-08-21 00:00:00+02:00,46.66999816894531,46.68000030517578,46.459999084472656,46.68000030517578,48035,0.0,0.0,0.0
2025-08-22 00:00:00+02:00,46.755001068115234,47.20000076293945,46.744998931884766,47.09000015258789,53825,0.0,0.0,0.0
2025-08-25 00:00:00+02:00,46.974998474121094,47.0,46.834999084472656,46.95000076293945,37833,0.0,0.0,0.0
2025-08-26 00:00:00+02:00,46.65999984741211,46.724998474121094,46.57500076293945,46.724998474121094,23193,0.0,0.0,0.0
2025-08-27 00:00:00+02:00,46.845001220703125,46.845001220703125,46.709999084472656,46.76499938964844,13343,0.0,0.0,0.0
2025-08-28 00:00:00+02:00,46.95000076293945,47.0099983215332,46.66999816894531,46.720001220703125,41195,0.0,0.0,0.0
2025-08-29 00:00:00+02:00,46.665000915527344,46.70500183105469,46.42499923706055,46.435001373291016,27729,0.0,0.0,0.0
2025-09-01 00:00:00+02:00,46.58000183105469,46.6150016784668,46.474998474121094,46.6150016784668,50584,0.0,0.0,0.0
2025-09-02 00:00:00+02:00,46.584999084472656,46.59000015258789,46.10499954223633,46.14500045776367,19497,0.0,0.0,0.0
2025-09-03 00:00:00+02:00,46.32500076293945,46.41999816894531,46.11000061035156,46.11000061035156,15192,0.0,0.0,0.0
2025-09-04 00:00:00+02:00,46.369998931884766,46.68000030517578,46.369998931884766,46.64500045776367,34566,0.0,0.0,0.0
2025-09-05 00:00:00+02:00,46.86000061035156,46.880001068115234,46.47999954223633,46.584999084472656,22988,0.0,0.0,0.0
2025-09-08 00:00:00+02:00,46.915000915527344,46.95000076293945,46.58000183105469,46.83000183105469,31725,0.0,0.0,0.0
2025-09-09 00:00:00+02:00,46.775001525878906,46.88999938964844,46.685001373291016,46.88999938964844,23190,0.0,0.0,0.0
2025-09-10 00:00:00+02:00,47.0099983215332,47.084999084472656,46.869998931884766,46.92499923706055,12550,0.0,0.0,0.0
2025-09-11 00:00:00+02:00,47.1150016784668,47.5099983215332,47.10499954223633,47.5099983215332,16344,0.0,0.0,0.0
2025-09-12 00:00:00+02:00,47.349998474121094,47.42499923706055,47.25,47.29999923706055,20128,0.0,0.0,0.0
2025-09-15 00:00:00+02:00,47.404998779296875,47.41999816894531,47.279998779296875,47.28499984741211,14052,0.0,0.0,0.0
2025-09-16 00:00:00+02:00,47.244998931884766,47.30500030517578,46.89500045776367,46.89500045776367,15026,0.0,0.0,0.0
2025-09-17 00:00:00+02:00,46.95000076293945,47.099998474121094,46.8849983215332,47.099998474121094,13407,0.0,0.0,0.0
2025-09-18 00:00:00+02:00,47.290000915527344,47.7599983215332,47.189998626708984,47.66999816894531,44748,0.0,0.0,0.0
2025-09-19 00:00:00+02:00,47.58000183105469,47.724998474121094,47.47999954223633,47.47999954223633,24803,0.0,0.0,0.0
2025-09-22 00:00:00+02:00,47.505001068115234,47.505001068115234,47.33000183105469,47.47999954223633,18403,0.0,0.0,0.0
2025-09-23 00:00:00+02:00,47.5,47.81999969482422,47.4900016784668,47.76499938964844,18854,0.0,0.0,0.0
2025-09-24 00:00:00+02:00,47.505001068115234,47.7599983215332,47.41999816894531,47.71500015258789,21839,0.0,0.0,0.0
2025-09-25 00:00:00+02:00,47.68000030517578,47.724998474121094,47.48500061035156,47.64500045776367,12417,0.0,0.0,0.0
2025-09-26 00:00:00+02:00,47.86000061035156,47.95500183105469,47.744998931884766,47.915000915527344,23218,0.0,0.0,0.0
2025-09-29 00:00:00+02:00,47.86000061035156,47.96500015258789,47.72999954223633,47.79999923706055,26810,0.0,0.0,0.0
2025-09-30 00:00:00+02:00,47.7599983215332,47.77000045776367,47.54499816894531,47.66999816894531,50464,0.0,0.0,0.0
2025-10-01 00:00:00+02:00,47.54999923706055,48.25,47.47999954223633,48.25,25822,0.0,0.0,0.0
2025-10-02 00:00:00+02:00,48.45000076293945,48.4900016784668,48.29999923706055,48.349998474121094,22647,0.0,0.0,0.0
2025-10-03 00:00:00+02:00,48.685001373291016,48.875,48.595001220703125,48.869998931884766,23188,0.0,0.0,0.0
2025-10-06 00:00:00+02:00,49.025001525878906,49.185001373291016,48.900001525878906,49.029998779296875,46645,0.0,0.0,0.0
2025-10-07 00:00:00+02:00,48.814998626708984,49.05500030517578,48.70000076293945,48.71500015258789,60495,0.0,0.0,0.0
2025-10-08 00:00:00+02:00,48.810001373291016,49.025001525878906,48.77000045776367,49.01499938964844,10609,0.0,0.0,0.0
2025-10-09 00:00:00+02:00,49.005001068115234,49.10499954223633,48.84000015258789,48.89500045776367,29314,0.0,0.0,0.0
2025-10-10 00:00:00+02:00,48.66999816894531,48.7599983215332,47.755001068115234,47.755001068115234,20318,0.0,0.0,0.0
2025-10-13 00:00:00+02:00,47.90999984741211,48.154998779296875,47.845001220703125,48.154998779296875,22225,0.0,0.0,0.0
2025-10-14 00:00:00+02:00,47.790000915527344,48.14500045776367,47.65999984741211,48.14500045776367,26852,0.0,0.0,0.0
2025-10-15 00:00:00+02:00,48.439998626708984,48.61000061035156,48.38999938964844,48.45000076293945,29846,0.0,0.0,0.0
2025-10-16 00:00:00+02:00,48.55500030517578,48.64500045776367,48.45000076293945,48.64500045776367,10919,0.0,0.0,0.0
2025-10-17 00:00:00+02:00,47.79499816894531,48.6150016784668,47.584999084472656,48.32500076293945,38795,0.0,0.0,0.0
2025-10-20 00:00:00+02:00,48.85499954223633,49.029998779296875,48.709999084472656,49.005001068115234,23498,0.0,0.0,0.0
2025-10-21 00:00:00+02:00,49.0099983215332,49.17499923706055,48.91999816894531,49.16999816894531,23460,0.0,0.0,0.0
2025-10-22 00:00:00+02:00,49.15999984741211,49.279998779296875,48.915000915527344,48.95500183105469,25085,0.0,0.0,0.0
2025-10-23 00:00:00+02:00,49.1150016784668,49.14500045776367,48.95500183105469,49.04499816894531,25957,0.0,0.0,0.0
2025-10-24 00:00:00+02:00,57.41350173950195,57.41350173950195,57.41350173950195,57.41350173950195,0,0.0,0.0,0.0
2025-10-27 00:00:00+01:00,49.90999984741211,50.040000915527344,49.744998931884766,50.0,26146,0.0,0.0,0.0
2025-10-28 00:00:00+01:00,49.814998626708984,50.11000061035156,49.709999084472656,50.11000061035156,39150,0.0,0.0,0.0
2025-10-29 00:00:00+01:00,50.15999984741211,50.36000061035156,50.119998931884766,50.2599983215332,18084,0.0,0.0,0.0
2025-10-30 00:00:00+01:00,50.310001373291016,50.34000015258789,49.95000076293945,50.31999969482422,45007,0.0,0.0,0.0
2025-10-31 00:00:00+01:00,50.09000015258789,50.369998931884766,50.0,50.2400016784668,29168,0.0,0.0,0.0
2025-11-03 00:00:00+01:00,50.369998931884766,50.70000076293945,50.25,50.380001068115234,29498,0.0,0.0,0.0
2025-11-04 00:00:00+01:00,50.0099983215332,50.2400016784668,49.83000183105469,50.16999816894531,20428,0.0,0.0,0.0
2025-11-05 00:00:00+01:00,49.775001525878906,50.38999938964844,49.77000045776367,50.38999938964844,36733,0.0,0.0,0.0
2025-11-06 00:00:00+01:00,50.349998474121094,50.56999969482422,50.150001525878906,50.18000030517578,35889,0.0,0.0,0.0
2025-11-07 00:00:00+01:00,50.459999084472656,50.47999954223633,49.72999954223633,49.779998779296875,32325,0.0,0.0,0.0
2025-11-10 00:00:00+01:00,50.5,50.7599983215332,50.43000030517578,50.56999969482422,17088,0.0,0.0,0.0
2025-11-11 00:00:00+01:00,50.7400016784668,50.84000015258789,50.63999938964844,50.84000015258789,18802,0.0,0.0,0.0
2025-11-12 00:00:00+01:00,51.13999938964844,51.4900016784668,51.119998931884766,51.45000076293945,26012,0.0,0.0,0.0
2025-11-13 00:00:00+01:00,51.540000915527344,51.56999969482422,51.029998779296875,51.06999969482422,48748,0.0,0.0,0.0
2025-11-14 00:00:00+01:00,50.81999969482422,51.0099983215332,50.2400016784668,50.95000076293945,29926,0.0,0.0,0.0
2025-11-17 00:00:00+01:00,50.86000061035156,50.869998931884766,50.439998626708984,50.58000183105469,24638,0.0,0.0,0.0
2025-11-18 00:00:00+01:00,49.630001068115234,49.689998626708984,49.150001525878906,49.459999084472656,42007,0.0,0.0,0.0
2025-11-19 00:00:00+01:00,49.54999923706055,49.88999938964844,49.375,49.51499938964844,32764,0.0,0.0,0.0
2025-11-20 00:00:00+01:00,50.0,50.029998779296875,49.4900016784668,49.4900016784668,26720,0.0,0.0,0.0
2025-11-21 00:00:00+01:00,48.810001373291016,49.439998626708984,48.709999084472656,49.439998626708984,44776,0.0,0.0,0.0
2025-11-24 00:00:00+01:00,49.82500076293945,50.15999984741211,49.595001220703125,50.119998931884766,40267,0.0,0.0,0.0
2025-11-25 00:00:00+01:00,50.09000015258789,50.470001220703125,49.900001525878906,50.470001220703125,22656,0.0,0.0,0.0
2025-11-26 00:00:00+01:00,50.689998626708984,50.970001220703125,50.52000045776367,50.970001220703125,26158,0.0,0.0,0.0
2025-11-27 00:00:00+01:00,50.869998931884766,50.93000030517578,50.810001373291016,50.90999984741211,12324,0.0,0.0,0.0
2025-11-28 00:00:00+01:00,50.959999084472656,51.369998931884766,50.95000076293945,51.369998931884766,29785,0.0,0.0,0.0
2025-12-01 00:00:00+01:00,51.08000183105469,51.189998626708984,50.84000015258789,51.13999938964844,34773,0.0,0.0,0.0
2025-12-02 00:00:00+01:00,51.130001068115234,51.38999938964844,51.130001068115234,51.27000045776367,39095,0.0,0.0,0.0
2025-12-03 00:00:00+01:00,51.310001373291016,51.369998931884766,51.06999969482422,51.349998474121094,38526,0.0,0.0,0.0
2025-12-04 00:00:00+01:00,51.599998474121094,51.650001525878906,51.5,51.59000015258789,18106,0.0,0.0,0.0
2025-12-05 00:00:00+01:00,51.560001373291016,51.869998931884766,51.439998626708984,51.75,37820,0.0,0.0,0.0
2025-12-08 00:00:00+01:00,51.7599983215332,51.849998474121094,51.689998626708984,51.75,32698,0.0,0.0,0.0
2025-12-09 00:00:00+01:00,51.849998474121094,51.970001220703125,51.709999084472656,51.970001220703125,27947,0.0,0.0,0.0
2025-12-10 00:00:00+01:00,51.75,52.119998931884766,51.75,52.119998931884766,23193,0.0,0.0,0.0
2025-12-11 00:00:00+01:00,52.0099983215332,52.36000061035156,51.970001220703125,52.25,88793,0.0,0.0,0.0
2025-12-12 00:00:00+01:00,52.529998779296875,52.59000015258789,51.939998626708984,51.95000076293945,48167,0.0,0.0,0.0
2025-12-15 00:00:00+01:00,52.220001220703125,52.38999938964844,52.040000915527344,52.08000183105469,53577,0.0,0.0,0.0
2025-12-16 00:00:00+01:00,51.849998474121094,52.02000045776367,51.630001068115234,51.7400016784668,63742,0.0,0.0,0.0
2025-12-17 00:00:00+01:00,51.91999816894531,52.040000915527344,51.540000915527344,51.619998931884766,30508,0.0,0.0,0.0
2025-12-18 00:00:00+01:00,51.75,52.09000015258789,51.72999954223633,52.040000915527344,27974,0.0,0.0,0.0
2025-12-19 00:00:00+01:00,52.11000061035156,52.439998626708984,51.95000076293945,52.439998626708984,70448,0.0,0.0,0.0
2025-12-22 00:00:00+01:00,52.4900016784668,52.4900016784668,52.209999084472656,52.349998474121094,42314,0.0,0.0,0.0
2025-12-23 00:00:00+01:00,52.400001525878906,52.5,52.29999923706055,52.369998931884766,25078,0.0,0.0,0.0
2025-12-29 00:00:00+01:00,52.650001525878906,52.65999984741211,52.439998626708984,52.65999984741211,40283,0.0,0.0,0.0
2025-12-30 00:00:00+01:00,52.689998626708984,52.88999938964844,52.65999984741211,52.88999938964844,17059,0.0,0.0,0.0
2026-01-02 00:00:00+01:00,52.779998779296875,53.22999954223633,52.779998779296875,53.22999954223633,103066,0.0,0.0,0.0
2026-01-05 00:00:00+01:00,53.599998474121094,53.77000045776367,53.529998779296875,53.66999816894531,49801,0.0,0.0,0.0
2026-01-06 00:00:00+01:00,53.900001525878906,54.20000076293945,53.720001220703125,54.11000061035156,95398,0.0,0.0,0.0
2026-01-07 00:00:00+01:00,54.290000915527344,54.31999969482422,54.04999923706055,54.119998931884766,69862,0.0,0.0,0.0
2026-01-08 00:00:00+01:00,53.849998474121094,53.97999954223633,53.790000915527344,53.900001525878906,51965,0.0,0.0,0.0
2026-01-09 00:00:00+01:00,54.06999969482422,54.689998626708984,54.060001373291016,54.689998626708984,70361,0.0,0.0,0.0
2026-01-12 00:00:00+01:00,54.439998626708984,54.619998931884766,54.290000915527344,54.560001373291016,51326,0.0,0.0,0.0
2026-01-13 00:00:00+01:00,54.56999969482422,54.709999084472656,54.5,54.65999984741211,46402,0.0,0.0,0.0
2026-01-14 00:00:00+01:00,54.720001220703125,54.90999984741211,54.56999969482422,54.90999984741211,41857,0.0,0.0,0.0
2026-01-15 00:00:00+01:00,55.130001068115234,55.529998779296875,55.130001068115234,55.529998779296875,61036,0.0,0.0,0.0
2026-01-16 00:00:00+01:00,55.459999084472656,55.529998779296875,55.150001525878906,55.220001220703125,46332,0.0,0.0,0.0
2026-01-19 00:00:00+01:00,54.61000061035156,54.880001068115234,54.599998474121094,54.68000030517578,44108,0.0,0.0,0.0
2026-01-20 00:00:00+01:00,54.25,54.380001068115234,53.81999969482422,54.380001068115234,42832,0.0,0.0,0.0
2026-01-21 00:00:00+01:00,54.20000076293945,54.97999954223633,54.04999923706055,54.91999816894531,36269,0.0,0.0,0.0
2026-01-22 00:00:00+01:00,55.459999084472656,55.61000061035156,55.189998626708984,55.40999984741211,68752,0.0,0.0,0.0
2026-01-23 00:00:00+01:00,55.099998474121094,55.13999938964844,54.81999969482422,54.86000061035156,69941,0.0,0.0,0.0
2026-01-26 00:00:00+01:00,54.68000030517578,54.75,54.41999816894531,54.63999938964844,35279,0.0,0.0,0.0
2026-01-27 00:00:00+01:00,54.790000915527344,54.93000030517578,54.689998626708984,54.7599983215332,44980,0.0,0.0,0.0
2026-01-28 00:00:00+01:00,54.97999954223633,55.18000030517578,54.72999954223633,55.16999816894531,42166,0.0,0.0,0.0
2026-01-29 00:00:00+01:00,55.470001220703125,55.599998474121094,54.880001068115234,55.18000030517578,285860,0.0,0.0,0.0
2026-01-30 00:00:00+01:00,55.2599983215332,55.86000061035156,55.209999084472656,55.70000076293945,121881,0.0,0.0,0.0
2026-02-02 00:00:00+01:00,55.20000076293945,56.470001220703125,55.189998626708984,56.470001220703125,65215,0.0,0.0,0.0
2026-02-03 00:00:00+01:00,56.880001068115234,56.97999954223633,56.59000015258789,56.810001373291016,167842,0.0,0.0,0.0
2026-02-04 00:00:00+01:00,56.93000030517578,57.65999984741211,56.81999969482422,57.06999969482422,52410,0.0,0.0,0.0
2026-02-05 00:00:00+01:00,56.75,56.84000015258789,56.11000061035156,56.5099983215332,46610,0.0,0.0,0.0
2026-02-06 00:00:00+01:00,56.630001068115234,57.380001068115234,56.5099983215332,57.380001068115234,134822,0.0,0.0,0.0
2026-02-09 00:00:00+01:00,57.40999984741211,57.4900016784668,56.84000015258789,57.400001525878906,53088,0.0,0.0,0.0
2026-02-10 00:00:00+01:00,57.400001525878906,57.75,57.38999938964844,57.689998626708984,69543,0.0,0.0,0.0
2026-02-11 00:00:00+01:00,57.70000076293945,58.2599983215332,57.470001220703125,58.22999954223633,44255,0.0,0.0,0.0
2026-02-12 00:00:00+01:00,58.31999969482422,58.43000030517578,57.619998931884766,57.810001373291016,61476,0.0,0.0,0.0
2026-02-13 00:00:00+01:00,57.439998626708984,57.68000030517578,56.95000076293945,57.650001525878906,70968,0.0,0.0,0.0
2026-02-16 00:00:00+01:00,57.45000076293945,57.560001373291016,57.2400016784668,57.2400016784668,105541,0.0,0.0,0.0
2026-02-17 00:00:00+01:00,57.45000076293945,57.650001525878906,57.25,57.56999969482422,81675,0.0,0.0,0.0
2026-02-18 00:00:00+01:00,57.720001220703125,58.18000030517578,57.619998931884766,58.13999938964844,54832,0.0,0.0,0.0
2026-02-19 00:00:00+01:00,58.209999084472656,58.2599983215332,57.880001068115234,57.939998626708984,72655,0.0,0.0,0.0
2026-02-20 00:00:00+01:00,57.93000030517578,58.16999816894531,57.75,58.08000183105469,53606,0.0,0.0,0.0
2026-02-23 00:00:00+01:00,57.91999816894531,58.400001525878906,57.75,57.849998474121094,71075,0.0,0.0,0.0
2026-02-24 00:00:00+01:00,57.72999954223633,58.11000061035156,57.619998931884766,57.939998626708984,341040,0.0,0.0,0.0
2026-02-25 00:00:00+01:00,58.02000045776367,58.43000030517578,57.970001220703125,58.36000061035156,89074,0.0,0.0,0.0
2026-02-26 00:00:00+01:00,58.369998931884766,58.4900016784668,57.959999084472656,58.15999984741211,82442,0.0,0.0,0.0
2026-02-27 00:00:00+01:00,58.31999969482422,58.41999816894531,57.84000015258789,58.2599983215332,64613,0.0,0.0,0.0
2026-03-02 00:00:00+01:00,57.56999969482422,57.95000076293945,57.34000015258789,57.77000045776367,191610,0.0,0.0,0.0
2026-03-03 00:00:00+01:00,57.099998474121094,57.16999816894531,55.790000915527344,56.290000915527344,77403,0.0,0.0,0.0
2026-03-04 00:00:00+01:00,56.209999084472656,57.380001068115234,56.20000076293945,57.22999954223633,78780,0.0,0.0,0.0
2026-03-05 00:00:00+01:00,57.06999969482422,57.4900016784668,56.59000015258789,56.66999816894531,47191,0.0,0.0,0.0
2026-03-09 00:00:00+01:00,54.779998779296875,55.349998474121094,54.619998931884766,55.349998474121094,94590,0.0,0.0,0.0
2026-03-10 00:00:00+01:00,56.369998931884766,56.849998474121094,56.04999923706055,56.75,86000,0.0,0.0,0.0
2026-03-11 00:00:00+01:00,56.25,56.75,56.09000015258789,56.56999969482422,36732,0.0,0.0,0.0
2026-03-12 00:00:00+01:00,56.27000045776367,56.40999984741211,55.84000015258789,56.099998474121094,49346,0.0,0.0,0.0
2026-03-13 00:00:00+01:00,55.709999084472656,56.68000030517578,55.650001525878906,56.2599983215332,157707,0.0,0.0,0.0
2026-03-16 00:00:00+01:00,56.689998626708984,56.939998626708984,56.36000061035156,56.79999923706055,50270,0.0,0.0,0.0
2026-03-17 00:00:00+01:00,56.560001373291016,57.279998779296875,56.4900016784668,57.040000915527344,41684,0.0,0.0,0.0
2026-03-18 00:00:00+01:00,57.599998474121094,57.61000061035156,56.869998931884766,57.0,24285,0.0,0.0,0.0
2026-03-19 00:00:00+01:00,56.189998626708984,56.290000915527344,55.5,55.900001525878906,45290,0.0,0.0,0.0
2026-03-20 00:00:00+01:00,56.25,56.34000015258789,55.16999816894531,55.16999816894531,68902,0.0,0.0,0.0
2026-03-23 00:00:00+01:00,54.220001220703125,55.95000076293945,53.95000076293945,54.88999938964844,110864,0.0,0.0,0.0
2026-03-24 00:00:00+01:00,55.209999084472656,55.529998779296875,54.79999923706055,55.40999984741211,49303,0.0,0.0,0.0
2026-03-25 00:00:00+01:00,56.040000915527344,56.31999969482422,55.790000915527344,56.18000030517578,207588,0.0,0.0,0.0
2026-03-26 00:00:00+01:00,55.93000030517578,55.97999954223633,55.560001373291016,55.720001220703125,41785,0.0,0.0,0.0
2026-03-27 00:00:00+01:00,55.61000061035156,55.61000061035156,54.88999938964844,55.060001373291016,32527,0.0,0.0,0.0
2026-03-30 00:00:00+02:00,55.0,55.5,54.880001068115234,55.18000030517578,22279,0.0,0.0,0.0
2026-03-31 00:00:00+02:00,54.709999084472656,55.06999969482422,54.61000061035156,54.83000183105469,21749,0.0,0.0,0.0
2026-04-01 00:00:00+02:00,56.2400016784668,56.619998931884766,55.900001525878906,56.619998931884766,72911,0.0,0.0,0.0
2026-04-02 00:00:00+02:00,55.709999084472656,56.5099983215332,55.45000076293945,56.439998626708984,46754,0.0,0.0,0.0
2026-04-07 00:00:00+02:00,56.709999084472656,57.029998779296875,56.09000015258789,56.290000915527344,44327,0.0,0.0,0.0
2026-04-08 00:00:00+02:00,58.029998779296875,58.279998779296875,57.849998474121094,58.06999969482422,104324,0.0,0.0,0.0
2026-04-09 00:00:00+02:00,58.06999969482422,58.06999969482422,57.650001525878906,58.0,73997,0.0,0.0,0.0
2026-04-10 00:00:00+02:00,57.9900016784668,58.4900016784668,57.97999954223633,58.060001373291016,72197,0.0,0.0,0.0
2026-04-13 00:00:00+02:00,57.619998931884766,57.91999816894531,57.540000915527344,57.880001068115234,40556,0.0,0.0,0.0
2026-04-14 00:00:00+02:00,58.18000030517578,58.34000015258789,57.970001220703125,58.33000183105469,66688,0.0,0.0,0.0
2026-04-15 00:00:00+02:00,58.459999084472656,58.54999923706055,58.20000076293945,58.20000076293945,49848,0.0,0.0,0.0
2026-04-16 00:00:00+02:00,58.56999969482422,58.84000015258789,58.41999816894531,58.81999969482422,75068,0.0,0.0,0.0
2026-04-17 00:00:00+02:00,58.779998779296875,59.560001373291016,58.72999954223633,59.560001373291016,45514,0.0,0.0,0.0
2026-04-20 00:00:00+02:00,59.2400016784668,59.380001068115234,59.029998779296875,59.310001373291016,65055,0.0,0.0,0.0
2026-04-21 00:00:00+02:00,59.29999923706055,59.4900016784668,59.0,59.06999969482422,71796,0.0,0.0,0.0
2026-04-22 00:00:00+02:00,59.380001068115234,59.38999938964844,59.150001525878906,59.36000061035156,31067,0.0,0.0,0.0
2026-04-23 00:00:00+02:00,59.310001373291016,59.77000045776367,59.16999816894531,59.77000045776367,148611,0.0,0.0,0.0
2026-04-24 00:00:00+02:00,60.060001373291016,60.290000915527344,59.68000030517578,59.83000183105469,55021,0.0,0.0,0.0
2026-04-27 00:00:00+02:00,59.97999954223633,60.34000015258789,59.79999923706055,60.060001373291016,78248,0.0,0.0,0.0
2026-04-28 00:00:00+02:00,60.220001220703125,60.349998474121094,59.650001525878906,59.77000045776367,62125,0.0,0.0,0.0
2026-04-29 00:00:00+02:00,60.45000076293945,60.66999816894531,60.310001373291016,60.58000183105469,61379,0.0,0.0,0.0
2026-04-30 00:00:00+02:00,60.7599983215332,61.470001220703125,60.7599983215332,61.470001220703125,56925,0.0,0.0,0.0
2026-05-04 00:00:00+02:00,62.310001373291016,62.400001525878906,61.599998474121094,62.0099983215332,150042,0.0,0.0,0.0
2026-05-05 00:00:00+02:00,62.18000030517578,63.43000030517578,62.18000030517578,63.400001525878906,87881,0.0,0.0,0.0
2026-05-06 00:00:00+02:00,64.27999877929688,64.83000183105469,63.7599983215332,64.3499984741211,96963,0.0,0.0,0.0
2026-05-07 00:00:00+02:00,64.58000183105469,64.66999816894531,63.900001525878906,64.2300033569336,64340,0.0,0.0,0.0
2026-05-08 00:00:00+02:00,64.0199966430664,64.97000122070312,63.91999816894531,64.97000122070312,486137,0.0,0.0,0.0
2026-05-11 00:00:00+02:00,65.87999725341797,66.75,65.66000366210938,66.3499984741211,86515,0.0,0.0,0.0
2026-05-12 00:00:00+02:00,65.95999908447266,66.38999938964844,65.12000274658203,65.19000244140625,117953,0.0,0.0,0.0
2026-05-13 00:00:00+02:00,66.54000091552734,66.94999694824219,66.25,66.55999755859375,116730,0.0,0.0,0.0
2026-05-14 00:00:00+02:00,67.30000305175781,67.58000183105469,67.06999969482422,67.45999908447266,74960,0.0,0.0,0.0
2026-05-15 00:00:00+02:00,66.70999908447266,66.7699966430664,65.7300033569336,66.0999984741211,91767,0.0,0.0,0.0
2026-05-18 00:00:00+02:00,65.54000091552734,66.68000030517578,65.37000274658203,65.43000030517578,81225,0.0,0.0,0.0
2026-05-19 00:00:00+02:00,65.44999694824219,65.66999816894531,64.70999908447266,65.20999908447266,81885,0.0,0.0,0.0
2026-05-20 00:00:00+02:00,65.7699966430664,66.61000061035156,65.76000213623047,66.54000091552734,60248,0.0,0.0,0.0
2026-05-21 00:00:00+02:00,66.55000305175781,67.08000183105469,66.33999633789062,66.91000366210938,105400,0.0,0.0,0.0
2026-05-22 00:00:00+02:00,67.5999984741211,68.4800033569336,67.4800033569336,68.36000061035156,87364,0.0,0.0,0.0
2026-05-25 00:00:00+02:00,69.26000213623047,69.44000244140625,69.04000091552734,69.29000091552734,55576,0.0,0.0,0.0
2026-05-26 00:00:00+02:00,69.19000244140625,70.19999694824219,69.0,70.12999725341797,80527,0.0,0.0,0.0
2026-05-27 00:00:00+02:00,70.30000305175781,70.94000244140625,69.5999984741211,69.83000183105469,104649,0.0,0.0,0.0
2026-05-28 00:00:00+02:00,69.94999694824219,70.69999694824219,69.63999938964844,70.69999694824219,54888,0.0,0.0,0.0
2026-05-29 00:00:00+02:00,71.05999755859375,71.37999725341797,70.87000274658203,70.87000274658203,79817,0.0,0.0,0.0
2026-06-01 00:00:00+02:00,71.41999816894531,71.61000061035156,70.55000305175781,71.61000061035156,147303,0.0,0.0,0.0
2026-06-02 00:00:00+02:00,71.62999725341797,72.2300033569336,71.51000213623047,72.20999908447266,79280,0.0,0.0,0.0
2026-06-03 00:00:00+02:00,72.54000091552734,72.66999816894531,71.93000030517578,72.08000183105469,97509,0.0,0.0,0.0
2026-06-04 00:00:00+02:00,72.1500015258789,72.16000366210938,71.22000122070312,71.44000244140625,60130,0.0,0.0,0.0
2026-06-05 00:00:00+02:00,70.7699966430664,71.33999633789062,70.33000183105469,70.54000091552734,66855,0.0,0.0,0.0
2026-06-08 00:00:00+02:00,69.51000213623047,70.63999938964844,69.25,70.44000244140625,73639,0.0,0.0,0.0
2026-06-09 00:00:00+02:00,70.98999786376953,71.01000213623047,69.11000061035156,69.1500015258789,103394,0.0,0.0,0.0
2026-06-10 00:00:00+02:00,69.26000213623047,69.48999786376953,68.4800033569336,68.87000274658203,47111,0.0,0.0,0.0
2026-06-11 00:00:00+02:00,69.05000305175781,69.54000091552734,68.87999725341797,69.2300033569336,52066,0.0,0.0,0.0
2026-06-12 00:00:00+02:00,70.18000030517578,71.33999633789062,70.02999877929688,71.23999786376953,91758,0.0,0.0,0.0
2026-06-15 00:00:00+02:00,72.29000091552734,72.55000305175781,72.06999969482422,72.22000122070312,81763,0.0,0.0,0.0
2026-06-16 00:00:00+02:00,72.37000274658203,72.87000274658203,71.66999816894531,71.69999694824219,68836,0.0,0.0,0.0
2026-06-17 00:00:00+02:00,71.87000274658203,71.87000274658203,71.22000122070312,71.7300033569336,42390,0.0,0.0,0.0
2026-06-18 00:00:00+02:00,72.22000122070312,72.54000091552734,72.0,72.37000274658203,33968,0.0,0.0,0.0
2026-06-19 00:00:00+02:00,72.43000030517578,72.61000061035156,72.19999694824219,72.51000213623047,83318,0.0,0.0,0.0
2026-06-22 00:00:00+02:00,73.05000305175781,73.7300033569336,72.76000213623047,73.41999816894531,612551,0.0,0.0,0.0
2026-06-23 00:00:00+02:00,72.30000305175781,72.4800033569336,71.30000305175781,71.95999908447266,97081,0.0,0.0,0.0
2026-06-24 00:00:00+02:00,72.20999908447266,72.45999908447266,71.41999816894531,71.66000366210938,82299,0.0,0.0,0.0
2026-06-25 00:00:00+02:00,73.81999969482422,74.13999938964844,72.56999969482422,73.30000305175781,56068,0.0,0.0,0.0
2026-06-26 00:00:00+02:00,73.0,73.19999694824219,71.91999816894531,72.72000122070312,86540,0.0,0.0,0.0
2026-06-29 00:00:00+02:00,72.36000061035156,72.66999816894531,70.5999984741211,71.33999633789062,88486,0.0,0.0,0.0
2026-06-30 00:00:00+02:00,72.36000061035156,72.47000122070312,71.93000030517578,71.93000030517578,51459,0.0,0.0,0.0
2026-07-01 00:00:00+02:00,71.97000122070312,72.04000091552734,71.19000244140625,71.47000122070312,77633,0.0,0.0,0.0
2026-07-02 00:00:00+02:00,70.73999786376953,71.83000183105469,70.55000305175781,70.81999969482422,73916,0.0,0.0,0.0
2026-07-03 00:00:00+02:00,71.30999755859375,71.55000305175781,71.12999725341797,71.37999725341797,51755,0.0,0.0,0.0
2026-07-06 00:00:00+02:00,71.6500015258789,71.66000366210938,71.2699966430664,71.44000244140625,67942,0.0,0.0,0.0
2026-07-07 00:00:00+02:00,70.94999694824219,71.0199966430664,70.18000030517578,70.26000213623047,67084,0.0,0.0,0.0
2026-07-08 00:00:00+02:00,69.98999786376953,70.4000015258789,68.95999908447266,69.72000122070312,118318,0.0,0.0,0.0
2026-07-09 00:00:00+02:00,70.56999969482422,71.48999786376953,70.41000366210938,71.43000030517578,69591,0.0,0.0,0.0
2026-07-10 00:00:00+02:00,70.97000122070312,71.69999694824219,70.97000122070312,71.30000305175781,160562,0.0,0.0,0.0
2026-07-13 00:00:00+02:00,70.56999969482422,71.06999969482422,70.37000274658203,70.98999786376953,94624,0.0,0.0,0.0
2026-07-14 00:00:00+02:00,71.12000274658203,71.5999984741211,71.05000305175781,71.41000366210938,77576,0.0,0.0,0.0
2026-07-15 00:00:00+02:00,71.55000305175781,71.55000305175781,70.1500015258789,70.19999694824219,110476,0.0,0.0,0.0
2026-07-16 00:00:00+02:00,69.9800033569336,69.98999786376953,69.25,69.73999786376953,77313,0.0,0.0,0.0
2026-07-17 00:00:00+02:00,68.61000061035156,69.70999908447266,68.56999969482422,69.47000122070312,96038,0.0,0.0,0.0
2026-07-20 00:00:00+02:00,69.38999938964844,70.16000366210938,69.2699966430664,69.8499984741211,58169,0.0,0.0,0.0
2026-07-21 00:00:00+02:00,70.36000061035156,71.08999633789062,70.12999725341797,71.06999969482422,57603,0.0,0.0,0.0
2026-07-22 00:00:00+02:00,71.08999633789062,71.83999633789062,70.9800033569336,71.7300033569336,86251,0.0,0.0,0.0
2026-07-23 00:00:00+02:00,71.62000274658203,71.94999694824219,71.06999969482422,71.20999908447266,41562,0.0,0.0,0.0
2026-07-24 00:00:00+02:00,71.0999984741211,71.45999908447266,70.79000091552734,71.19999694824219,42055,0.0,0.0,0.0
2026-07-27 00:00:00+02:00,71.97000122070312,71.97000122070312,70.80000305175781,70.83000183105469,115191,0.0,0.0,0.0
2026-07-28 00:00:00+02:00,70.70999908447266,70.95999908447266,70.29000091552734,70.79000091552734,56375,0.0,0.0,0.0
2026-07-29 00:00:00+02:00,70.86000061035156,71.16000366210938,70.31999969482422,70.43000030517578,106829,0.0,0.0,0.0
2026-07-30 00:00:00+02:00,69.23999786376953,70.66000366210938,69.0,70.31999969482422,94557,0.0,0.0,0.0
2026-07-31 00:00:00+02:00,71.02999877929688,71.58000183105469,70.05999755859375,70.20999908447266,139725,0.0,0.0,0.0
2026-08-03 00:00:00+02:00,70.7300033569336,70.79000091552734,69.8499984741211,70.48999786376953,84751,0.0,0.0,0.0
2026-08-04 00:00:00+02:00,71.0999984741211,71.83999633789062,70.83999633789062,71.83999633789062,66857,0.0,0.0,0.0
2026-08-05 00:00:00+02:00,72.23999786376953,72.33000183105469,71.77999877929688,71.88999938964844,63667,0.0,0.0,0.0
2026-08-06 00:00:00+02:00,71.6500015258789,72.25,71.12999725341797,72.08000183105469,69732,0.0,0.0,0.0
2026-08-07 00:00:00+02:00,72.01000213623047,72.44000244140625,71.58999633789062,72.0,134208,0.0,0.0,0.0
2026-08-10 00:00:00+02:00,72.05000305175781,72.19000244140625,71.81999969482422,71.95999908447266,59633,0.0,0.0,0.0
2026-08-11 00:00:00+02:00,72.11000061035156,72.26000213623047,71.9000015258789,71.91000366210938,59016,0.0,0.0,0.0
2026-08-12 00:00:00+02:00,72.29000091552734,72.81999969482422,72.19999694824219,72.7300033569336,62490,0.0,0.0,0.0
2026-08-13 00:00:00+02:00,72.91000366210938,73.5199966430664,72.62000274658203,73.41000366210938,65718,0.0,0.0,0.0
2026-08-14 00:00:00+02:00,73.47000122070312,73.66000366210938,73.2300033569336,73.2300033569336,67428,0.0,0.0,0.0
2026-08-17 00:00:00+02:00,73.68000030517578,73.8499984741211,73.36000061035156,73.73999786376953,77837,0.0,0.0,0.0
2026-08-18 00:00:00+02:00,72.94000244140625,73.08000183105469,72.27999877929688,72.33000183105469,95168,0.0,0.0,0.0
2026-08-19 00:00:00+02:00,72.0999984741211,72.44999694824219,71.87999725341797,71.9800033569336,120829,0.0,0.0,0.0
2026-08-20 00:00:00+02:00,72.12999725341797,72.1500015258789,71.37999725341797,72.02999877929688,41834,0.0,0.0,0.0
2026-08-21 00:00:00+02:00,72.29000091552734,72.73999786376953,72.27999877929688,72.62999725341797,39086,0.0,0.0,0.0
2026-08-24 00:00:00+02:00,72.23999786376953,72.37999725341797,71.7300033569336,71.87000274658203,56015,0.0,0.0,0.0
2026-08-25 00:00:00+02:00,72.33000183105469,72.48999786376953,72.04000091552734,72.30000305175781,116679,0.0,0.0,0.0
2026-08-26 00:00:00+02:00,72.30000305175781,72.5999984741211,72.11000061035156,72.48999786376953,24804,0.0,0.0,0.0
2026-08-27 00:00:00+02:00,72.9000015258789,73.05999755859375,72.19999694824219,72.2300033569336,64207,0.0,0.0,0.0
2026-08-28 00:00:00+02:00,72.54000091552734,73.04000091552734,72.38999938964844,72.9800033569336,106398,0.0,0.0,0.0
2026-08-31 00:00:00+02:00,72.86000061035156,73.0,72.5999984741211,72.5999984741211,99117,0.0,0.0,0.0
2026-09-01 00:00:00+02:00,73.30999755859375,73.33000183105469,72.58000183105469,72.95999908447266,81482,0.0,0.0,0.0
2026-09-02 00:00:00+02:00,72.72000122070312,73.01000213623047,72.30000305175781,72.88999938964844,72986,0.0,0.0,0.0
2026-09-03 00:00:00+02:00,73.13999938964844,73.5999984741211,73.0,73.5999984741211,71618,0.0,0.0,0.0
2026-09-04 00:00:00+02:00,73.66000366210938,74.19000244140625,73.6500015258789,74.11000061035156,91161,0.0,0.0,0.0
2026-09-07 00:00:00+02:00,74.6500015258789,74.66999816894531,74.3499984741211,74.4800033569336,72048,0.0,0.0,0.0
2026-09-08 00:00:00+02:00,74.37999725341797,74.48999786376953,74.0,74.12000274658203,84360,0.0,0.0,0.0
2026-09-09 00:00:00+02:00,73.95999908447266,74.04000091552734,73.31999969482422,73.68000030517578,94503,0.0,0.0,0.0
2026-09-10 00:00:00+02:00,73.83999633789062,73.9000015258789,73.0,73.05999755859375,57370,0.0,0.0,0.0
2026-09-11 00:00:00+02:00,73.41999816894531,73.93000030517578,73.31999969482422,73.87000274658203,75056,0.0,0.0,0.0
2026-09-14 00:00:00+02:00,73.56999969482422,73.66000366210938,73.18000030517578,73.41999816894531,63736,0.0,0.0,0.0
2026-09-15 00:00:00+02:00,73.20999908447266,73.55999755859375,72.80000305175781,73.29000091552734,64730,0.0,0.0,0.0
2026-09-16 00:00:00+02:00,73.55999755859375,73.69999694824219,73.33000183105469,73.47000122070312,47222,0.0,0.0,0.0
2026-09-17 00:00:00+02:00,73.69999694824219,74.38999938964844,73.62000274658203,74.3499984741211,116460,0.0,0.0,0.0
2026-09-18 00:00:00+02:00,,,,,94321,0.0,0.0,0.0
