{
    "1": 97.45762711864407,
    "2": 60.66176470588235,
    "3": 50.73529411764706,
    "4": 45.0,
    "5": 39.7544465843435,
    "6": 34.285714285714285,
    "7": 33.333333333333336,
    "8": 29.267222465993857,
    "9": 26.896547766606986,
    "10": 26.787613387550827,
    "11": 24.520722517730498,
    "12": 21.97717796796138,
    "13": 21.052631578947366,
    "14": 20.065378802812273,
    "15": 19.77201257861635,
    "16": 17.822802197802197,
    "17": 17.68465909090909,
    "18": 16.696203832126162,
    "19": 16.52426693629929,
    "20": 16.35323211410168,
    "21": 15.038019020594561,
    "22": 14.51077943615257,
    "23": 14.344262295081968,
    "24": 14.22018348623853,
    "25": 13.07448494453249,
    "26": 12.97071129707113,
    "27": 12.67933355730586,
    "28": 12.544802867383513,
    "29": 12.18700351553257,
    "30": 11.928853754940711,
    "31": 11.883609848397445,
    "32": 11.713286713286713,
    "33": 11.43911439114391,
    "34": 11.305107803280762,
    "35": 10.813577586206897,
    "36": 10.799413671843972,
    "37": 10.76923076923077,
    "38": 10.396370011754627,
    "39": 10.294117647058824,
    "40": 9.726540182380743,
    "41": 9.511916980271412,
    "42": 9.4587914028108,
    "43": 9.448416751787539,
    "44": 9.428571428571429,
    "45": 9.289617486338797,
    "46": 9.233012576758451,
    "47": 8.94308943089431,
    "48": 8.903643711888133,
    "49": 8.884024869940363,
    "50": 8.591885441527447,
    "51": 8.55513307984791,
    "52": 8.536585365853659,
    "53": 8.536585365853659,
    "54": 8.529854490717511,
    "55": 8.189655172413794,
    "56": 8.102345415778252,
    "57": 8.101851851851851,
    "58": 8.04289544235925,
    "59": 7.829977628635346,
    "60": 7.640433418876532,
    "61": 7.358128164833246,
    "62": 7.351004654330798,
    "63": 7.150159360153948,
    "64": 7.142857142857142,
    "65": 7.110091743119265,
    "66": 7.090909090909091,
    "67": 7.0810400455494396,
    "68": 7.064207208663326,
    "69": 7.058932086614174,
    "70": 6.994219653179191,
    "71": 6.937762176182394,
    "72": 6.917262441297163,
    "73": 6.8833652007648185,
    "74": 6.8807339449541285,
    "75": 6.839568260603235,
    "76": 6.826454503732821,
    "77": 6.8119891008174385,
    "78": 6.774075430245332,
    "79": 6.715088564403633,
    "80": 6.612249158661756,
    "81": 6.564939673527324,
    "82": 6.518059384775691,
    "83": 6.438415159345392,
    "84": 6.428571428571429,
    "85": 6.401384083044983,
    "86": 6.39300134589502,
    "87": 6.367292225201073,
    "88": 6.2611806797853315,
    "89": 6.151953245155338,
    "90": 6.151062196627818,
    "91": 6.103286384976526,
    "92": 6.037210614419578,
    "93": 6.025917992469319,
    "94": 6.012526458239356,
    "95": 6.010756089844985,
    "96": 6.007424033149171,
    "97": 5.975150134004303,
    "98": 5.912453466913552,
    "99": 5.897178443814812,
    "100": 5.891238670694864,
    "101": 5.870638935195453,
    "102": 5.846153846153846,
    "103": 5.839613726391575,
    "104": 5.82089552238806,
    "105": 5.797101449275362,
    "106": 5.732504517670758,
    "107": 5.634920634920634,
    "108": 5.632130423014605,
    "109": 5.570352756813817,
    "110": 5.52898983861327,
    "111": 5.4706081745079995,
    "112": 5.263716864720146,
    "113": 5.234159779614325,
    "114": 5.229953931749727,
    "115": 5.218520726170239,
    "116": 5.198172000024352,
    "117": 5.186245458335815,
    "118": 5.127395566545969,
    "119": 5.078125,
    "120": 5.050455170044659,
    "121": 5.022380860679933,
    "122": 5.022013378447699,
    "123": 5.016934921515889,
    "124": 5.010194480349954,
    "125": 5.008794086654683,
    "126": 5.0044603033006245,
    "127": 5.002120627120627,
    "128": 5.001096090610157,
    "129": 5.0,
    "130": 4.910019347967203,
    "131": 4.908489873019205,
    "132": 4.894179894179895,
    "133": 4.889147215841458,
    "134": 4.867080778952303,
    "135": 4.827067697759123,
    "136": 4.80910238046518,
    "137": 4.7952936591176325,
    "138": 4.776177586866339,
    "139": 4.764114578114242,
    "140": 4.748627316403569,
    "141": 4.676781002638522,
    "142": 4.66867469879518,
    "143": 4.651162790697675,
    "144": 4.637295097214885,
    "145": 4.555041673258587,
    "146": 4.5018878884693585,
    "147": 4.455303248059788,
    "148": 4.411764705882353,
    "149": 4.300776914539401,
    "150": 4.25531914893617,
    "151": 4.211956521739131
}