{
    "1": 67.5,
    "2": 41.492537313432834,
    "3": 30.786026200873362,
    "4": 26.35514018691589,
    "5": 22.990315865689205,
    "6": 21.40312181879878,
    "7": 20.03081664098613,
    "8": 18.874643874643876,
    "9": 17.78004588398938,
    "10": 17.76153707487081,
    "11": 17.182481751824817,
    "12": 15.24063185445966,
    "13": 14.507772020725389,
    "14": 14.396611924484684,
    "15": 14.130434782608697,
    "16": 13.026052104208416,
    "17": 12.70772238514174,
    "18": 12.435233160621761,
    "19": 11.941287878787879,
    "20": 11.80531732418525,
    "21": 10.858726228376034,
    "22": 10.829135753455247,
    "23": 10.781923605489562,
    "24": 10.494958959390807,
    "25": 10.0,
    "26": 9.803921568627452,
    "27": 9.774287051238723,
    "28": 9.533964589604418,
    "29": 9.272835347731327,
    "30": 9.245761796782205,
    "31": 8.987498615483918,
    "32": 8.935260586319218,
    "33": 8.915429580722485,
    "34": 8.406140516652371,
    "35": 8.381572443218774,
    "36": 8.231707317073171,
    "37": 8.009858287122611,
    "38": 7.965407373691398,
    "39": 7.865168539325842,
    "40": 7.706447963800905,
    "41": 7.647058823529412,
    "42": 7.627118644067796,
    "43": 7.543451171236869,
    "44": 7.485029940119761,
    "45": 7.219251336898396,
    "46": 6.905772362816337,
    "47": 6.856167135395742,
    "48": 6.819288845591816,
    "49": 6.813803210137008,
    "50": 6.7911714770797955,
    "51": 6.697922212800642,
    "52": 6.668684422921711,
    "53": 6.592827004219409,
    "54": 6.501502719041573,
    "55": 6.5,
    "56": 6.4946677071140595,
    "57": 6.29659672979821,
    "58": 6.211705090515241,
    "59": 6.1728395061728385,
    "60": 6.022408963585434,
    "61": 5.942095948808704,
    "62": 5.80922398842721,
    "63": 5.751570236218878,
    "64": 5.735398711404903,
    "65": 5.73077915376677,
    "66": 5.708828442057214,
    "67": 5.7040056799995345,
    "68": 5.653850452665698,
    "69": 5.619265164052242,
    "70": 5.612314893273615,
    "71": 5.565196678916565,
    "72": 5.526613389626055,
    "73": 5.420054200542006,
    "74": 5.41075429424944,
    "75": 5.377612011288328,
    "76": 5.338809034907597,
    "77": 5.325218714340053,
    "78": 5.287569573283859,
    "79": 5.24822695035461,
    "80": 5.2,
    "81": 5.1698670605613,
    "82": 5.164835164835165,
    "83": 5.130974885228193,
    "84": 5.11049723756906,
    "85": 5.095332018408941,
    "86": 5.054644808743169,
    "87": 5.019120458891013,
    "88": 4.994433345497504,
    "89": 4.970178926441352,
    "90": 4.967520061138708,
    "91": 4.864864864864865,
    "92": 4.855596753181682,
    "93": 4.840940525587829,
    "94": 4.827586206896552,
    "95": 4.779788323659952,
    "96": 4.680991249642975,
    "97": 4.665863937387116,
    "98": 4.635073587698438,
    "99": 4.616708918637981,
    "100": 4.566210045662101,
    "101": 4.535637149028078,
    "102": 4.533243787777032,
    "103": 4.502213982288142,
    "104": 4.499778368215303,
    "105": 4.488948422391994,
    "106": 4.479620335790949,
    "107": 4.456916474083856,
    "108": 4.433962264150943,
    "109": 4.427390791027154,
    "110": 4.381738804489229,
    "111": 4.373865698729582,
    "112": 4.347926663229831,
    "113": 4.285722616598519,
    "114": 4.251968503937008,
    "115": 4.162541254125413,
    "116": 4.141786838830626,
    "117": 4.125674389082831,
    "118": 4.121054067986779,
    "119": 4.117329449139241,
    "120": 4.097720231476638,
    "121": 4.095168693146328,
    "122": 4.083745647791827,
    "123": 4.069752253232899,
    "124": 4.056536521166922,
    "125": 4.046837804799589,
    "126": 4.033469254353882,
    "127": 4.014517662808803,
    "128": 3.995211704403509,
    "129": 3.9773155252153742,
    "130": 3.9609053497942384,
    "131": 3.935918638618835,
    "132": 3.926247866894198,
    "133": 3.9233392760251142,
    "134": 3.9180752138205275,
    "135": 3.9137332386963113,
    "136": 3.9063096055542843,
    "137": 3.87995367987648,
    "138": 3.8780028261893547,
    "139": 3.874813710879285,
    "140": 3.8640433787682817,
    "141": 3.8595843720935994,
    "142": 3.8461538461538463,
    "143": 3.7553648068669525,
    "144": 3.7037037037037037,
    "145": 3.6900369003690034,
    "146": 3.633217993079585,
    "147": 3.589375448671931,
    "148": 3.5714285714285716,
    "149": 3.558718861209964,
    "150": 3.5250463821892395,
    "151": 3.473491773308958
}