{
  "1": 132.46753246753246,
  "2": 85.71428571428571,
  "3": 66.06217616580311,
  "4": 56.54101995565411,
  "5": 47.88732394366197,
  "8": 34.45945945945946,
  "12": 25.247524752475247,
  "17": 20.318725099601593,
  "30": 14.285714285714285
}