{
    "1": 71.55172413793103,
    "2": 44.0,
    "3": 34.502262443438916,
    "4": 30.539971949509116,
    "5": 26.948890323442335,
    "6": 23.771046770601338,
    "7": 21.39855108014849,
    "8": 20.504102506462853,
    "9": 18.85896181479751,
    "10": 18.720663585223406,
    "11": 17.72201417880585,
    "12": 16.56804733727811,
    "13": 16.43115758618861,
    "14": 16.27847895453529,
    "15": 14.609800362976406,
    "16": 14.57725947521866,
    "17": 13.700076241862646,
    "18": 13.418903150525088,
    "19": 12.462908011869436,
    "20": 12.251384510247632,
    "21": 11.82795698924731,
    "22": 11.51817229742834,
    "23": 11.422254974207812,
    "24": 10.907983445697884,
    "25": 10.430247718383312,
    "26": 10.408276628246078,
    "27": 10.116337885685383,
    "28": 10.104197343879282,
    "29": 9.956709956709956,
    "30": 9.927686008594327,
    "31": 9.79020979020979,
    "32": 9.655172413793103,
    "33": 9.39590607425571,
    "34": 9.130434782608695,
    "35": 9.114732386800405,
    "36": 9.020212887402144,
    "37": 8.760826550696189,
    "38": 8.614232209737828,
    "39": 8.362698286278182,
    "40": 8.193523214982443,
    "41": 8.1426909654905,
    "42": 8.04953560371517,
    "43": 7.8231292517006805,
    "44": 7.563536409516944,
    "45": 7.449620784282932,
    "46": 7.439972945552925,
    "47": 7.351604901888553,
    "48": 7.27360774818402,
    "49": 7.227332457293035,
    "50": 7.158018867924528,
    "51": 7.119314020155079,
    "52": 7.1187710753091045,
    "53": 7.101355713363461,
    "54": 6.988277727682597,
    "55": 6.96969696969697,
    "56": 6.8019653920102545,
    "57": 6.770303931875985,
    "58": 6.714628297362109,
    "59": 6.7139349716619625,
    "60": 6.379890453834116,
    "61": 6.3613304894218015,
    "62": 6.114398422090729,
    "63": 5.850091407678245,
    "64": 5.771644894276411,
    "65": 5.731915308621833,
    "66": 5.697841726618705,
    "67": 5.684667602451652,
    "68": 5.649846546185183,
    "69": 5.641025641025641,
    "70": 5.630918863578193,
    "71": 5.611496028776283,
    "72": 5.582500489907897,
    "73": 5.580147551978538,
    "74": 5.560047918538485,
    "75": 5.558490736552223,
    "76": 5.504260030777315,
    "77": 5.480355917727279,
    "78": 5.475880052151238,
    "79": 5.4726368159203975,
    "80": 5.452292441140025,
    "81": 5.3882725832012675,
    "82": 5.368294591585932,
    "83": 5.354848787948734,
    "84": 5.305306723449028,
    "85": 5.255941499085924,
    "86": 5.168556254472861,
    "87": 5.114493829806621,
    "88": 5.0895050895050895,
    "89": 5.084346143784094,
    "90": 5.078993055555555,
    "91": 5.0724637681159415,
    "92": 4.988662131519274,
    "93": 4.988662131519274,
    "94": 4.864864864864865,
    "95": 4.85512920908379,
    "96": 4.843467116906365,
    "97": 4.778972520908004,
    "98": 4.761904761904762,
    "99": 4.7115820191871,
    "100": 4.697418763808805,
    "101": 4.685927535526357,
    "102": 4.644251995245373,
    "103": 4.638646555341854,
    "104": 4.627500133190889,
    "105": 4.612925028595196,
    "106": 4.579977513136459,
    "107": 4.463754140287619,
    "108": 4.394852901293033,
    "109": 4.347826086956522,
    "110": 4.308750512553223,
    "111": 4.2611215271859555,
    "112": 4.213483146067416,
    "113": 4.208754208754209,
    "115": 4.174127728801132,
    "116": 4.1158312509187125,
    "117": 4.0289677682578535,
    "121": 4.010828025477707,
    "122": 4.005722460658083,
    "132": 3.8976224503053136,
    "133": 3.875,
    "136": 3.795620437956204,
    "138": 3.756574004507889,
    "140": 3.75,
    "145": 3.380009657170449
}