{
    "4": 45.794392523364486,
    "6": 30.985915492957748,
    "8": 25.128205128205128,
    "17": 14.939024390243903,
    "19": 15.172413793103448,
    "21": 14.540059347181009,
    "30": 11.01123595505618,
    "32": 10.602409638554215,
    "36": 9.713024282560706
}