{
    "2": 76.62337662337661,
    "4": 45.794392523364486,
    "5": 35.333333333333336,
    "6": 30.985915492957748,
    "7": 30.729166666666668,
    "8": 25.128205128205128,
    "9": 25.0,
    "11": 22.69230769230769,
    "17": 17.096774193548388,
    "18": 15.172413793103448,
    "19": 14.939024390243903,
    "21": 14.540059347181009,
    "24": 12.688172043010752,
    "30": 11.041666666666668,
    "31": 11.01123595505618,
    "32": 10.602409638554215,
    "36": 9.713024282560706,
    "54": 8.137931034482758,
    "61": 7.114093959731544
}