{
    "1": 102.38095238095238,
    "2": 65.67164179104478,
    "3": 47.01754385964912,
    "4": 38.52380952380952,
    "5": 36.08423686405337,
    "6": 34.526732673267325,
    "7": 28.333333333333336,
    "8": 25.798319327731093,
    "9": 22.699386503067487,
    "10": 22.617287269794325,
    "14": 22.06896551724138,
    "15": 21.27659574468085,
    "16": 18.052377320111873,
    "17": 16.38658884213384,
    "18": 16.384913536076326,
    "19": 16.0,
    "20": 15.272727272727273,
    "21": 14.880952380952381,
    "22": 13.846153846153847,
    "23": 13.030303030303031,
    "24": 11.666666666666666,
    "28": 11.458675424192666,
    "32": 10.823529411764707,
    "34": 9.597069597069599,
    "46": 9.183673469387754
}