{
    "4": 45.794392523364486,
    "5": 35.333333333333336,
    "6": 30.985915492957748,
    "8": 25.128205128205128,
    "9": 25.0,
    "17": 17.096774193548388,
    "18": 15.172413793103448,
    "19": 14.939024390243903,
    "21": 14.540059347181009,
    "30": 11.041666666666668,
    "31": 11.01123595505618,
    "32": 10.602409638554215,
    "36": 9.713024282560706,
    "61": 7.114093959731544
}