{
    "1": 75.96899224806201,
    "2": 48.425196850393704,
    "3": 36.330935251798564,
    "4": 30.72289156626506,
    "5": 27.98165137614679,
    "6": 25.272108843537413,
    "7": 23.738069348797872,
    "8": 23.70286935551416,
    "9": 22.851919561243147,
    "10": 19.812415667254832,
    "11": 19.23076923076923,
    "12": 17.286842563428877,
    "13": 17.21178127428127,
    "14": 16.042250233426703,
    "15": 15.817223198594023,
    "16": 15.64245810055866,
    "17": 15.09433962264151,
    "18": 14.468075852470424,
    "19": 13.930348258706466,
    "20": 13.352272727272727,
    "21": 13.271604938271606,
    "22": 12.76076074213298,
    "23": 12.422360248447204,
    "24": 12.187557586702539,
    "25": 12.008261458228866,
    "26": 11.94096127365908,
    "27": 11.385199240986719,
    "28": 10.81081081081081,
    "29": 10.788381742738588,
    "30": 10.647359454855195,
    "31": 10.42654028436019,
    "32": 10.292107158138613,
    "33": 10.183968462549277,
    "34": 10.146968769136558,
    "35": 10.036127448530188,
    "36": 9.389671361502348,
    "37": 9.226190476190476,
    "38": 9.033613445378151,
    "39": 8.991650610147719,
    "40": 8.859357696566999,
    "41": 8.836032388663968,
    "42": 8.742486069062348,
    "43": 8.3210964268233,
    "44": 8.293838862559241,
    "45": 8.245699919014637,
    "46": 8.245530503163973,
    "47": 8.105025313198741,
    "48": 7.982055560434413,
    "49": 7.977207977207977,
    "50": 7.617648619253522,
    "51": 7.586206896551724,
    "52": 7.483618960012265,
    "53": 7.42203439230545,
    "54": 7.3789846517119235,
    "55": 7.236842105263158,
    "56": 7.07070707070707,
    "57": 7.051016175860639,
    "58": 6.964996286813199,
    "59": 6.840383030981362,
    "60": 6.824192692772039,
    "61": 6.818181818181818,
    "62": 6.704594483409089,
    "63": 6.664775950085082,
    "64": 6.467754583815676,
    "65": 6.464423231685424,
    "66": 6.425618367803914,
    "67": 6.415094339622642,
    "68": 6.374433505235193,
    "69": 6.201275690999291,
    "70": 6.185608434993651,
    "71": 6.181015452538632,
    "72": 6.049260564617168,
    "73": 6.049228201919066,
    "74": 6.0471339638544155,
    "75": 6.037101303983903,
    "76": 5.933959925711623,
    "77": 5.8813670182323605,
    "78": 5.804754726461906,
    "79": 5.776892430278884,
    "80": 5.720823798627002,
    "81": 5.689576695493855,
    "82": 5.624984561848699,
    "83": 5.60986319962675,
    "84": 5.596109236339057,
    "85": 5.576193602509392,
    "86": 5.519713261648745,
    "87": 5.480052608505042,
    "88": 5.457556548176282,
    "89": 5.456000439527951,
    "90": 5.4249547920434,
    "91": 5.4,
    "92": 5.390835579514825,
    "93": 5.3406998158379375,
    "94": 5.324003650745361,
    "95": 5.300067417590865,
    "96": 5.247918928700688,
    "97": 5.238095238095238,
    "98": 5.200481314266394,
    "99": 5.169805701207803,
    "100": 5.143007910457877,
    "101": 5.140186915887851,
    "102": 5.123674911660777,
    "103": 5.105161552529974,
    "104": 4.961832061068702,
    "105": 4.9286485190070755,
    "106": 4.84355114421512,
    "107": 4.81023102310231,
    "108": 4.805693906413331,
    "109": 4.773869346733669,
    "110": 4.7154185805065065,
    "111": 4.645572432941702,
    "112": 4.638748902134337,
    "113": 4.539027149321267,
    "114": 4.508196721311475,
    "115": 4.5,
    "116": 4.464285714285714,
    "117": 4.444444444444445,
    "118": 4.444444444444445,
    "119": 4.432129331417002,
    "120": 4.423380726698262,
    "121": 4.419687895764913,
    "122": 4.411337053905532,
    "123": 4.375,
    "124": 4.366812227074236,
    "125": 4.3467704807230785,
    "126": 4.340277777777778,
    "127": 4.334828101644245,
    "128": 4.333957440559627,
    "129": 4.3307757885763,
    "130": 4.323104100645145,
    "131": 4.315144766146993,
    "132": 4.2805836139169475,
    "133": 4.262893580467176,
    "134": 4.261648745519714,
    "135": 4.25531914893617,
    "136": 4.247460757156048,
    "137": 4.2435015736099775,
    "138": 4.232346691703316,
    "139": 4.201680672268908,
    "140": 4.2,
    "141": 4.1806020066889635,
    "142": 4.16194383769211,
    "143": 4.142250026396368,
    "144": 4.135079255685734,
    "145": 4.132024355013719,
    "146": 4.131054131054131,
    "147": 4.049269389284376,
    "148": 4.035789513906469,
    "149": 3.9208364451082898,
    "150": 3.9164753157290466,
    "151": 3.9094598934626843,
    "152": 3.8819918694505544,
    "153": 3.8465712085901935
}