{
    "4": 36.15384615384615,
    "8": 26.47887323943662,
    "17": 16.068376068376068,
    "30": 12.368421052631579
}