{
    "4": 36.849486253818384,
    "8": 26.47887323943662,
    "9": 26.666666666666668,
    "13": 22.857142857142858,
    "17": 16.068376068376068,
    "26": 15.877862595419847,
    "30": 12.368421052631579
}