{
  "1": 141.55844155844156,
  "4": 48.01762114537445,
  "5": 39.61555061084376,
  "8": 28.65730405487681,
  "9": 26.666666666666668,
  "13": 22.857142857142858,
  "17": 19.818181818181817,
  "18": 16.068376068376068,
  "21": 15.970149253731343,
  "26": 15.877862595419847,
  "30": 13.797468354430379,
  "31": 12.368421052631579,
  "34": 11.263157894736842
}