{
  "4": 39.61555061084376,
  "8": 28.65730405487681,
  "9": 26.666666666666668,
  "13": 22.857142857142858,
  "17": 16.068376068376068,
  "21": 15.970149253731343,
  "26": 15.877862595419847,
  "30": 12.368421052631579,
  "34": 11.263157894736842
}