{
    "4": 48.07692307692307,
    "8": 28.30188679245283,
    "17": 18.987341772151897,
    "30": 12.552301255230127
}