{
  "1": 118.05860805860806,
  "2": 62.18767472382601,
  "3": 56.55215713498173,
  "4": 43.043900020277974,
  "5": 38.14482190116708,
  "6": 34.24093379666756,
  "7": 31.7774627300458,
  "8": 26.79169792448112,
  "9": 23.369010551807648,
  "11": 22.264150943396228,
  "13": 18.94273127753304,
  "15": 16.47058823529412,
  "17": 15.83645443196005,
  "18": 15.050002512689078,
  "21": 13.571428571428571,
  "22": 13.176470588235293,
  "24": 12.727272727272727,
  "26": 12.463768115942027,
  "28": 11.293688054251435,
  "30": 11.17639920392214,
  "31": 10.980392156862745,
  "34": 9.91304347826087,
  "35": 9.73913043478261
}