{
    "5": 27.777777777777775,
    "8": 29.677419354838708,
    "9": 21.951219512195124,
    "17": 17.228464419475657,
    "18": 13.432835820895521,
    "30": 12.95774647887324,
    "31": 11.11111111111111
}