{
    "2": 69.35483870967742,
    "4": 30.27027027027027,
    "5": 29.677419354838708,
    "6": 27.046783625730995,
    "8": 23.88888888888889,
    "9": 23.380902957965752,
    "13": 18.94273127753304,
    "15": 17.228464419475657,
    "17": 16.47058823529412,
    "18": 15.302276496306344,
    "26": 12.95774647887324,
    "28": 12.463768115942027,
    "30": 11.626984126984127,
    "31": 10.980392156862745
}