{
  "1": 111.95054945054946,
  "2": 61.33706764129456,
  "3": 49.64660282717738,
  "4": 38.87788050517709,
  "5": 32.24952742840203,
  "6": 29.379844961240313,
  "7": 28.426395939086294,
  "8": 28.094523630907727,
  "9": 23.369010551807648,
  "11": 22.264150943396228,
  "13": 18.94273127753304,
  "15": 17.228464419475657,
  "17": 16.47058823529412,
  "18": 15.302276496306344,
  "21": 13.571428571428571,
  "22": 13.176470588235293,
  "24": 12.95774647887324,
  "26": 12.727272727272727,
  "28": 12.463768115942027,
  "30": 11.626984126984127,
  "31": 10.980392156862745,
  "34": 9.91304347826087,
  "35": 9.73913043478261
}