{
  "1": 121.3003663003663,
  "2": 63.06965411303565,
  "3": 60.958431735531185,
  "4": 44.71396593443838,
  "5": 38.14482190116708,
  "6": 32.79962194272163,
  "7": 31.690056134723335,
  "8": 28.094523630907727,
  "9": 23.369010551807648,
  "11": 22.264150943396228,
  "13": 18.94273127753304,
  "15": 17.228464419475657,
  "17": 16.47058823529412,
  "18": 15.050002512689078,
  "21": 13.571428571428571,
  "22": 13.176470588235293,
  "24": 12.95774647887324,
  "26": 12.727272727272727,
  "28": 12.463768115942027,
  "30": 11.17639920392214,
  "31": 10.980392156862745,
  "34": 9.91304347826087,
  "35": 9.73913043478261
}