{
    "2": 69.35483870967742,
    "5": 29.677419354838708,
    "6": 27.046783625730995,
    "8": 25.142276422764226,
    "9": 23.88888888888889,
    "15": 18.94273127753304,
    "17": 17.228464419475657,
    "18": 15.302276496306344,
    "28": 12.95774647887324,
    "30": 12.463768115942027,
    "31": 11.626984126984127
}