{
    "2": 61.344086021505376,
    "4": 30.27027027027027,
    "5": 29.677419354838708,
    "6": 28.426395939086294,
    "7": 27.046783625730995,
    "8": 23.88888888888889,
    "9": 23.380902957965752,
    "11": 22.264150943396228,
    "13": 18.94273127753304,
    "15": 17.228464419475657,
    "17": 16.47058823529412,
    "18": 15.302276496306344,
    "24": 12.95774647887324,
    "26": 12.727272727272727,
    "28": 12.463768115942027,
    "30": 11.626984126984127,
    "31": 10.980392156862745
}