{
    "5": 27.777777777777775,
    "9": 21.951219512195124,
    "18": 13.432835820895521,
    "31": 11.11111111111111
}