{
    "1": 108.10810810810811,
    "2": 73.36363636363636,
    "3": 51.875,
    "4": 44.0,
    "5": 42.07142857142857,
    "6": 41.66666666666667,
    "7": 34.78260869565218,
    "8": 32.865612648221344,
    "9": 22.0,
    "10": 21.666666666666668,
    "16": 21.29032258064516,
    "17": 17.727272727272727,
    "18": 15.300925925925926,
    "29": 12.345622119815669,
    "31": 12.258064516129032,
    "32": 9.42528735632184
}