{
    "5": 17.1875,
    "9": 12.692307692307692,
    "18": 8.312342569269521,
    "31": 6.639839034205232
}