{
    "4": 21.25,
    "5": 17.1875,
    "8": 14.782608695652176,
    "9": 12.692307692307692,
    "17": 9.444444444444445,
    "18": 8.312342569269521,
    "30": 7.311827956989247,
    "31": 6.639839034205232
}