{
    "1": 92.25352112676057,
    "2": 58.46007604562738,
    "3": 48.80952380952381,
    "4": 39.2,
    "5": 33.64515824318441,
    "6": 30.51643192488263,
    "7": 28.79377431906615,
    "8": 24.718797778800848,
    "9": 23.983599786865707,
    "10": 22.320648027466063,
    "11": 22.088609626526715,
    "12": 19.76743298625509,
    "13": 19.172171318985722,
    "14": 18.13616071428571,
    "15": 18.037906280929683,
    "16": 16.666666666666664,
    "17": 15.927679724494189,
    "18": 15.811965811965813,
    "19": 15.204678362573098,
    "20": 15.11111111111111,
    "21": 13.910761154855642,
    "22": 13.690476190476192,
    "23": 13.449023861171366,
    "24": 13.204672422549516,
    "25": 13.073979591836736,
    "26": 12.39829523440527,
    "27": 12.180568339128097,
    "28": 12.132352941176471,
    "29": 11.70046801872075,
    "30": 11.30952380952381,
    "31": 11.083540115798181,
    "32": 10.939323220536755,
    "33": 10.923125266396822,
    "34": 10.396039603960396,
    "35": 10.345365418894831,
    "36": 10.120796604635979,
    "37": 10.061630523731587,
    "38": 9.917368071268598,
    "39": 9.781357882623706,
    "40": 9.699948266942577,
    "41": 9.65349877606145,
    "42": 9.326113116726834,
    "43": 9.28,
    "44": 9.098316132536665,
    "45": 8.969696969696969,
    "46": 8.926000575871006,
    "47": 8.679664416503115,
    "48": 8.649487298322857,
    "49": 8.564231738035264,
    "50": 8.341466102095106,
    "51": 8.303923603902843,
    "52": 8.286944330002267,
    "53": 8.205644788643884,
    "54": 8.111615833874108,
    "55": 8.041958041958042,
    "56": 7.806735836627141,
    "57": 7.79289607489118,
    "58": 7.713182340048012,
    "59": 7.575210654483547,
    "60": 7.542294297077737,
    "61": 7.446676587301588,
    "62": 7.08925888015332,
    "63": 7.046070460704607,
    "64": 7.028997394333615,
    "65": 7.011321260394286,
    "66": 6.815952448441433,
    "67": 6.774193548387097,
    "68": 6.744791070187896,
    "69": 6.738587559716257,
    "70": 6.712527154236061,
    "71": 6.667624884910592,
    "72": 6.58958226661336,
    "73": 6.570740620306282,
    "74": 6.563198909020066,
    "75": 6.519654841802493,
    "76": 6.51597321648083,
    "77": 6.315575044117484,
    "78": 6.313932980599647,
    "79": 6.30749014454665,
    "80": 6.25,
    "81": 6.247363270631727,
    "82": 6.227106227106227,
    "83": 6.218732772667157,
    "84": 6.1175254178872995,
    "85": 6.042940423716764,
    "86": 6.022845275181724,
    "87": 6.0219306129786085,
    "88": 5.9400826446281,
    "89": 5.921052631578947,
    "90": 5.89268295074092,
    "91": 5.885368126747437,
    "92": 5.884979440124917,
    "93": 5.86051497784823,
    "94": 5.786118369157957,
    "95": 5.744809514210845,
    "96": 5.731672799320691,
    "97": 5.68649121595174,
    "98": 5.684240443370754,
    "99": 5.6794278502313835,
    "100": 5.6507249364392225,
    "101": 5.630554593043651,
    "102": 5.626786643569509,
    "103": 5.623875224955008,
    "104": 5.621621621621622,
    "105": 5.593208874458874,
    "106": 5.45071390706101,
    "107": 5.427716621141003,
    "108": 5.395476322093238,
    "109": 5.345154969806584,
    "110": 5.340557275541796,
    "111": 5.313189105429406,
    "112": 5.150505689947681,
    "113": 5.146176911544227,
    "114": 5.085311336184574,
    "115": 5.053757114591777,
    "116": 5.019021382657746,
    "117": 4.997422300780674,
    "118": 4.990216748868134,
    "119": 4.984050151933284,
    "120": 4.977505153160248,
    "121": 4.927167752529265,
    "122": 4.918016270085726,
    "123": 4.915526481902246,
    "124": 4.909811409357321,
    "125": 4.901644938912019,
    "126": 4.890607659728671,
    "127": 4.872702205882353,
    "128": 4.834708469838102,
    "129": 4.821820481345087,
    "130": 4.811715481171548,
    "131": 4.80939699865554,
    "132": 4.8048020111057355,
    "133": 4.80225988700565,
    "134": 4.801573527710286,
    "135": 4.79021208082669,
    "136": 4.785781692356087,
    "137": 4.780287604689329,
    "138": 4.759984639016897,
    "139": 4.741752393495493,
    "140": 4.738547367578999,
    "141": 4.7272727272727275,
    "142": 4.726027397260274,
    "143": 4.7142048670062255,
    "144": 4.692960600624543,
    "145": 4.690122121677132,
    "146": 4.669664475959875,
    "147": 4.663667288488972,
    "148": 4.651162790697675,
    "149": 4.648648648648648,
    "150": 4.611111111111111,
    "151": 4.604747162022704,
    "152": 4.4551878909420815,
    "153": 4.442477097000635
}