{
    "1": 33.57664233576642,
    "2": 22.222222222222225,
    "3": 17.272727272727273,
    "4": 15.435435435435434,
    "5": 13.218816067653275,
    "6": 13.170731707317074,
    "7": 12.469200069408295,
    "8": 11.597079918032787,
    "9": 11.03448275862069,
    "10": 10.606060606060607,
    "11": 10.174566121993301,
    "12": 10.055338281852768,
    "13": 8.755760368663594,
    "14": 8.391608391608392,
    "15": 8.384620502669705,
    "16": 7.949035967978352,
    "17": 7.530704589528119,
    "18": 7.490636704119851,
    "19": 7.407407407407407,
    "20": 7.344632768361582,
    "21": 7.282970309459545,
    "22": 6.666666666666667,
    "23": 6.463277086051706,
    "24": 6.406149903907751,
    "25": 6.0606060606060606,
    "26": 6.038016596209426,
    "27": 6.0,
    "28": 5.928308823529411,
    "29": 5.82437275985663,
    "30": 5.73394495412844,
    "31": 5.508474576271186,
    "32": 5.426356589147287,
    "33": 5.409060175794456,
    "34": 5.364319511052047,
    "35": 5.327868852459017,
    "36": 5.325443786982249,
    "37": 5.157593123209169,
    "38": 5.138339920948616,
    "39": 5.134716030238419,
    "40": 5.0,
    "41": 4.906771344455349,
    "42": 4.813060954793238,
    "43": 4.797113289760349,
    "44": 4.785355980967962,
    "45": 4.7236655644780345,
    "46": 4.6888320545609545,
    "47": 4.652435686918445,
    "48": 4.590163934426229,
    "49": 4.578155657292348,
    "50": 4.527653553652189,
    "51": 4.519044544867657,
    "52": 4.46854360795738,
    "53": 4.342017368069472,
    "54": 4.296395285593694,
    "55": 4.145386448757235,
    "56": 4.0625,
    "57": 4.054897067997504,
    "58": 4.014737342524365,
    "59": 3.9901780233271946,
    "60": 3.8599393438103116,
    "61": 3.8372235121593548,
    "62": 3.7650966183574877,
    "63": 3.7525891808539384,
    "64": 3.7166578343048933,
    "65": 3.706632091303258,
    "66": 3.66805233746763,
    "67": 3.6222607124030426,
    "68": 3.601108033240997,
    "69": 3.540650406504065,
    "70": 3.5228503715156108,
    "71": 3.5178236397748592,
    "72": 3.4617303385923774,
    "73": 3.4482758620689653,
    "74": 3.408048136081738,
    "75": 3.3824114604058897,
    "76": 3.373151308304892,
    "77": 3.3631900212314223,
    "78": 3.3554085740459043,
    "79": 3.3333333333333335,
    "80": 3.3153907996884655,
    "81": 3.2953626703626706,
    "82": 3.2853822002173647,
    "83": 3.284740373474172,
    "85": 3.2824017199017197,
    "86": 3.2755306304016267,
    "87": 3.255813953488372,
    "88": 3.22736419108073,
    "89": 3.225806451612903,
    "90": 3.225806451612903,
    "92": 3.219315895372233,
    "93": 3.2,
    "94": 3.194326714785989,
    "95": 3.177257525083612,
    "97": 3.1377470975839348,
    "98": 3.1332141216935874,
    "99": 3.1249999999999996,
    "100": 3.08674340340438,
    "101": 3.0842509417560127,
    "102": 3.067268623024831,
    "103": 3.0303030303030303,
    "104": 2.9585798816568047,
    "105": 2.921825316284419,
    "106": 2.9063199105145414,
    "108": 2.9017857142857144,
    "109": 2.88659793814433,
    "110": 2.8517110266159693,
    "111": 2.8513238289205702,
    "112": 2.8419268167860796,
    "113": 2.830770179061238,
    "114": 2.8053517479499352,
    "115": 2.7917364600781687,
    "116": 2.7848101265822787,
    "117": 2.777128997484729,
    "118": 2.7228535353535355,
    "119": 2.6937422295897226,
    "120": 2.6804123711340204,
    "121": 2.6785714285714284,
    "122": 2.674897119341564,
    "123": 2.6737967914438503,
    "124": 2.661596958174905,
    "125": 2.6447347202064186,
    "128": 2.62582056892779,
    "129": 2.6215329215762244,
    "130": 2.6166593981683386,
    "131": 2.586206896551724,
    "133": 2.580169553999263,
    "134": 2.558139534883721,
    "135": 2.5329280648429586,
    "136": 2.5316455696202533,
    "137": 2.4574669187145557,
    "138": 2.3529411764705883,
    "140": 2.335357309668379
}