{
    "1": 57.142857142857146,
    "2": 36.26609442060086,
    "3": 28.809594903951428,
    "4": 23.92156862745098,
    "5": 20.138937659479833,
    "6": 18.560307497688903,
    "7": 16.812671024627548,
    "8": 15.629572147781122,
    "9": 14.45126287468443,
    "10": 14.035409035409035,
    "11": 13.50239669394847,
    "12": 12.86574351546632,
    "13": 12.506972101303859,
    "14": 11.426457030431834,
    "15": 11.408199643493761,
    "16": 10.919540229885058,
    "17": 10.69182389937107,
    "18": 10.296119809394146,
    "19": 10.29482979632531,
    "20": 10.257586073022107,
    "21": 9.680116385052234,
    "22": 9.32642487046632,
    "23": 9.304603330068561,
    "24": 8.972044234365235,
    "25": 8.452249627959267,
    "26": 8.433734939759036,
    "27": 8.068459657701712,
    "28": 7.672607645104832,
    "29": 7.653030570823759,
    "30": 7.532956685499058,
    "31": 7.388042736985678,
    "32": 7.351037823385032,
    "33": 7.155635062611807,
    "34": 7.1086261980830665,
    "35": 7.079106148986312,
    "36": 7.052769070010449,
    "37": 6.838905775075988,
    "38": 6.820799335639098,
    "39": 6.7032967032967035,
    "40": 6.528189910979229,
    "41": 6.523569023569023,
    "42": 6.471855983772819,
    "43": 6.386503274392289,
    "44": 6.291148500365765,
    "45": 6.2419090476023875,
    "46": 6.189550461895505,
    "47": 6.152236343639252,
    "48": 5.914272114908263,
    "49": 5.9105431309904155,
    "50": 5.752227836524787,
    "51": 5.685694791903571,
    "52": 5.683192261185006,
    "53": 5.674420305756711,
    "54": 5.650158235759568,
    "55": 5.6202878684030155,
    "56": 5.574136008918618,
    "57": 5.566343042071197,
    "58": 5.558428128231644,
    "59": 5.463024650233178,
    "60": 5.446764362598885,
    "61": 5.387374816314938,
    "62": 5.23621131021643,
    "63": 5.011416931489624,
    "64": 4.975920453203279,
    "65": 4.81073054670653,
    "66": 4.735202492211838,
    "67": 4.716379859783301,
    "68": 4.662978062512134,
    "69": 4.662564266530614,
    "70": 4.648648648648648,
    "71": 4.619364375461936,
    "72": 4.595185995623632,
    "73": 4.5656718678988035,
    "74": 4.557224236147074,
    "75": 4.555779183438759,
    "76": 4.549263737579313,
    "77": 4.4647387113140535,
    "78": 4.43527591542032,
    "79": 4.400757564663904,
    "80": 4.389031849034087,
    "81": 4.3799811823346495,
    "82": 4.325513196480938,
    "83": 4.322863897331982,
    "84": 4.257066925631213,
    "85": 4.2492917847025495,
    "86": 4.2400500104188374,
    "88": 4.195549069682597,
    "89": 4.147722014407389,
    "90": 3.9800995024875623,
    "91": 3.9764431399111912,
    "92": 3.9720880300590444,
    "93": 3.959723950673153,
    "94": 3.9489038330074244,
    "95": 3.894366395847439,
    "96": 3.859627279431198,
    "97": 3.849855630413859,
    "98": 3.8394415357766145,
    "99": 3.8125496425734706,
    "100": 3.806228373702422,
    "101": 3.7948717948717947,
    "102": 3.763440860215054,
    "103": 3.7559765374693983,
    "104": 3.7433203916270843,
    "105": 3.7368523825356363,
    "106": 3.682661139165141,
    "107": 3.679525222551929,
    "108": 3.6728749354301784,
    "109": 3.6670646426743985,
    "110": 3.6607142857142856,
    "111": 3.6592024336981543,
    "112": 3.650681463352884,
    "113": 3.6310067604604424,
    "114": 3.6282622533418207,
    "115": 3.6015331852597,
    "116": 3.598326359832636,
    "117": 3.5833333333333335,
    "118": 3.5765796445139024,
    "119": 3.569430277669415,
    "120": 3.558282208588957,
    "121": 3.547814868569586,
    "122": 3.5330140535447905,
    "126": 3.52112676056338,
    "127": 3.5149180412637673,
    "128": 3.5054773082942097,
    "130": 3.5046035046035047,
    "131": 3.4855350296270475,
    "132": 3.4759358288770055,
    "133": 3.43213728549142,
    "134": 3.4261241970021414,
    "135": 3.420132141469102,
    "136": 3.399048266485384,
    "137": 3.3908045977011496,
    "138": 3.378678758780119,
    "139": 3.369565217391304,
    "146": 3.325672259250747,
    "147": 3.2952322108948615,
    "148": 3.1504413284031934,
    "153": 2.987012987012987
}