{
    "1": 45.25627044711014,
    "2": 28.44036697247706,
    "3": 23.114355231143552,
    "4": 19.35414884516681,
    "5": 17.102240126088933,
    "6": 15.639810426540283,
    "7": 14.285714285714285,
    "8": 13.38747901649057,
    "9": 11.921913429922334,
    "10": 11.708490550493483,
    "11": 11.222084367245657,
    "12": 10.622609814503734,
    "13": 9.865562100790488,
    "14": 9.70873786407767,
    "15": 9.157615206453158,
    "16": 9.046796611563451,
    "17": 8.571428571428571,
    "18": 8.374384236453201,
    "19": 8.358181073448545,
    "20": 7.988397389412618,
    "21": 7.8456564986737405,
    "22": 7.553146035013064,
    "23": 7.546632551997359,
    "24": 7.36746394868598,
    "25": 7.234279354479689,
    "26": 6.944444444444445,
    "27": 6.775630940642676,
    "28": 6.732117812061712,
    "29": 6.7028407277369935,
    "30": 6.606354016207053,
    "31": 6.323839051151291,
    "32": 6.27553127811125,
    "33": 6.275440976933514,
    "34": 5.880185785128642,
    "35": 5.8800971494311645,
    "36": 5.845587251700623,
    "37": 5.80358029481995,
    "38": 5.79262156904819,
    "39": 5.63142731860209,
    "40": 5.505267423014587,
    "41": 5.486951712711884,
    "42": 5.452212957023733,
    "43": 5.307157345696899,
    "44": 5.199971899125455,
    "45": 5.198283163816601,
    "46": 5.145624303232999,
    "47": 5.122235157159487,
    "48": 5.074182686995162,
    "49": 5.0588235294117645,
    "50": 5.0170302229077155,
    "51": 5.003126954346467,
    "52": 4.9375,
    "53": 4.871794871794871,
    "54": 4.824974917881832,
    "55": 4.791753873761218,
    "56": 4.729794416313881,
    "57": 4.721030042918454,
    "58": 4.648241206030151,
    "59": 4.576502732240437,
    "60": 4.54295154185022,
    "61": 4.533678756476684,
    "62": 4.493306397084741,
    "63": 4.442552526220627,
    "64": 4.301075268817204,
    "65": 4.27906976744186,
    "66": 4.2155816435432225,
    "67": 4.213627273204322,
    "68": 4.193963200146325,
    "69": 4.179123740690409,
    "70": 4.128187048721935,
    "71": 4.1220122420025564,
    "72": 4.1125,
    "73": 4.097702851910699,
    "74": 4.0946724262059035,
    "75": 4.084939330424478,
    "76": 4.071246819338422,
    "77": 4.061837207802309,
    "78": 3.993311152231692,
    "79": 3.93486492390592,
    "80": 3.922171848013817,
    "81": 3.900988870686817,
    "82": 3.855421686746988,
    "83": 3.799592708603602,
    "84": 3.786059849765285,
    "85": 3.778040141676505,
    "86": 3.7613437048319343,
    "87": 3.725939070032945,
    "88": 3.717948717948718,
    "89": 3.7073465990769465,
    "90": 3.7022305173943644,
    "91": 3.69953353707576,
    "92": 3.6745680260492106,
    "93": 3.650904033379694,
    "94": 3.6505981703026036,
    "95": 3.6499522030068654,
    "96": 3.6258490912428862,
    "97": 3.621553830006305,
    "98": 3.6119711042311664,
    "99": 3.6110739601444433,
    "100": 3.5960214231063508,
    "101": 3.5772357723577235,
    "102": 3.5720461833822155,
    "103": 3.5398344171656113,
    "104": 3.5236822001527885,
    "105": 3.5218624417653546,
    "106": 3.5196350779720937,
    "107": 3.508771929824561,
    "108": 3.446236094098345,
    "109": 3.4086496352855913,
    "110": 3.3926706309221086,
    "111": 3.3506044905008636,
    "112": 3.3505154639175254,
    "113": 3.290171366865914,
    "114": 3.274952754343468,
    "115": 3.2635758024359056,
    "116": 3.260583749671312,
    "117": 3.2448161189358373,
    "118": 3.18547045119574,
    "119": 3.176341793280021,
    "120": 3.17609996928727,
    "121": 3.1528189910979227,
    "122": 3.150333567072404,
    "123": 3.1411359724612735,
    "124": 3.1377470975839348,
    "125": 3.133678495432477,
    "126": 3.1318231441048034,
    "127": 3.1163680147319215,
    "128": 3.11262026032824,
    "129": 3.112108654281305,
    "130": 3.102699348433137,
    "131": 3.09054324647631,
    "132": 3.089217826816206,
    "133": 3.0867203142376916,
    "134": 3.0826369545032497,
    "135": 3.080826386371874,
    "136": 3.0720266443415563,
    "137": 3.0611651400764384,
    "138": 3.0519933587130965,
    "139": 3.0508474576271185,
    "140": 3.049645390070922,
    "141": 3.0157509157509157,
    "142": 3.0135319900245423,
    "143": 3.0047278451505246,
    "144": 3.0038022813688214,
    "145": 2.970836074586108,
    "146": 2.969227527738793,
    "147": 2.967479674796748,
    "148": 2.949772524446458,
    "149": 2.906191233488703,
    "150": 2.895566565858053,
    "151": 2.8822758749766053,
    "152": 2.8724376550463506,
    "153": 2.8379387602688575,
    "154": 2.7918781725888326
}