{
    "1": 45.048954161103694,
    "2": 28.34645669291339,
    "3": 23.078757717985823,
    "4": 19.33139534883721,
    "5": 17.06700379266751,
    "6": 15.620063191153237,
    "7": 14.24426477485154,
    "8": 13.38747901649057,
    "9": 11.738148984198647,
    "10": 12.073272273105745,
    "11": 11.153846153846153,
    "12": 10.614525139664805,
    "13": 9.758771929824562,
    "14": 9.537422037422036,
    "15": 9.183576410906785,
    "16": 8.996728462377318,
    "17": 8.391608391608392,
    "18": 8.289756220790704,
    "19": 8.157389635316699,
    "20": 7.906976744186046,
    "21": 7.758620689655173,
    "22": 7.539353769676885,
    "23": 7.381756756756756,
    "24": 7.292856343074684,
    "25": 7.112068965517242,
    "26": 6.854838709677419
}