{
    "1": 29.855072463768114,
    "2": 21.369294605809127,
    "3": 17.91304347826087,
    "4": 15.606060606060607,
    "5": 14.405594405594405,
    "6": 12.875,
    "7": 11.839080459770116,
    "10": 9.837631327602674,
    "15": 7.744360902255639,
    "19": 6.2804878048780495,
    "24": 6.0588235294117645,
    "28": 5.909090909090908
}