{
    "1": 92.0844327176781,
    "2": 60.71839464882943,
    "3": 47.354138398914515,
    "4": 40.0,
    "5": 35.7926221335992,
    "6": 31.53118919836513,
    "7": 28.45482587416874,
    "8": 25.657298277425205,
    "9": 24.981949458483754,
    "10": 23.388429752066116,
    "11": 22.802813653136532,
    "12": 20.210280373831775,
    "13": 20.966962090351938,
    "14": 19.204628599977436,
    "15": 18.361581920903955,
    "16": 18.489638521389,
    "17": 16.84843687457022,
    "18": 16.657967988865693,
    "19": 16.006021073758152,
    "20": 15.980370425102212,
    "21": 15.018484288354898,
    "22": 14.927012321632724,
    "23": 14.291474654377879,
    "24": 13.770913770913772,
    "25": 13.528843202327359,
    "26": 13.204442616207324,
    "29": 14.90747087045922,
    "30": 12.496236073471845,
    "34": 13.258153002133495,
    "35": 11.283306144643827,
    "36": 13.090580800481494,
    "39": 11.48312119535141
}