{
    "1": 94.37869822485207,
    "2": 63.83701188455009,
    "3": 49.37694704049844,
    "4": 42.224913494809684,
    "5": 37.09252394192153,
    "6": 33.30241187384045,
    "7": 31.107233502538072,
    "8": 27.168409355629038,
    "9": 25.183970856102004,
    "10": 23.745931975890777,
    "11": 23.719213184868373,
    "12": 21.774193548387096,
    "13": 21.6715914671641,
    "14": 20.52572706935123,
    "15": 19.356568364611263,
    "16": 18.90522047643183,
    "17": 18.465258413742838,
    "18": 17.563239145641177,
    "19": 17.284068923417138,
    "20": 17.01421800947867,
    "21": 15.575223772308597,
    "22": 15.293560606060606,
    "23": 15.285297792586421,
    "24": 14.525038226299694,
    "25": 14.310825892857142,
    "26": 13.921502851392152,
    "27": 13.573605721337557,
    "28": 13.216039279869067,
    "29": 12.958195983964838,
    "30": 12.856431537202125,
    "31": 12.391573729863692,
    "32": 12.370753323485967,
    "33": 12.253560262975181,
    "34": 12.161269001982815,
    "35": 12.12989493791786,
    "36": 11.243138534830187,
    "37": 11.128002432350259,
    "38": 11.090573012939002,
    "39": 10.58836876281407,
    "40": 10.057708161582852,
    "41": 9.976176295413937,
    "42": 9.91407799074686,
    "43": 9.763779527559056,
    "44": 9.687034277198212,
    "45": 9.683377308707124,
    "46": 9.488272921108742,
    "47": 9.430569941577081,
    "48": 9.428571428571429,
    "49": 9.418332304673282,
    "50": 9.360189573459715,
    "51": 9.270017681232634,
    "52": 9.137716411305934,
    "53": 9.105431309904153,
    "54": 9.03706115682908,
    "55": 8.746656507500212,
    "56": 8.674892634518455,
    "57": 8.432852894074582,
    "58": 8.289025244189418,
    "59": 8.01084545230466,
    "60": 7.953934077224387,
    "61": 7.900147800126055,
    "62": 7.860688758728623,
    "63": 7.848514884833204,
    "64": 7.831933647499563,
    "65": 7.78688524590164,
    "66": 7.748301707752891,
    "67": 7.662352386578592,
    "68": 7.612980123556271,
    "69": 7.5981625096066505,
    "70": 7.556427870461236,
    "71": 7.552112735438746,
    "72": 7.529767809611388,
    "73": 7.4964516129032255,
    "74": 7.467984030546799,
    "75": 7.347572399764466,
    "76": 7.336683417085427,
    "77": 7.331704065763164,
    "78": 7.296594247530763,
    "79": 7.284400403488993,
    "80": 7.200332125603865,
    "81": 7.184466019417476,
    "82": 7.126781695423856,
    "83": 7.095988767147797,
    "84": 7.095829347618137,
    "85": 7.075602924420814,
    "86": 6.985455109983351,
    "87": 6.874328678839958,
    "88": 6.873942470389171,
    "89": 6.730769230769231,
    "90": 6.710584518167456,
    "91": 6.622268179617647,
    "92": 6.563880597014925,
    "93": 6.497589603856634,
    "95": 6.464819500584332,
    "96": 6.458333333333333,
    "97": 6.437328573419304,
    "98": 6.436314363143632,
    "99": 6.408001844805719,
    "100": 6.381685575364668,
    "101": 6.323777403035414,
    "102": 6.299620296858819,
    "103": 6.254627443111955,
    "104": 6.237387635296276,
    "105": 6.17762664768828,
    "106": 6.1571120798478445,
    "107": 6.041666666666667,
    "108": 5.934730209857937,
    "109": 5.927591115703615,
    "110": 5.909716643876356,
    "111": 5.8400450711096745,
    "112": 5.781518137261969,
    "113": 5.778533532852673,
    "114": 5.716934487021014,
    "115": 5.690326445043426,
    "116": 5.684749999999999,
    "117": 5.6467399488028915,
    "118": 5.62043795620438,
    "119": 5.584507936507936,
    "120": 5.561963730394472,
    "121": 5.544745184101439,
    "122": 5.50910029988993,
    "123": 5.485422302374511,
    "124": 5.4714579560837535,
    "125": 5.454545454545454,
    "126": 5.4447300771208225,
    "133": 5.424954792043399,
    "135": 5.419847328244275,
    "136": 5.386586826347305,
    "137": 5.369063606397265,
    "139": 5.368317076182245,
    "140": 5.351027397260274,
    "141": 5.309749999999999,
    "142": 5.241219512195122,
    "144": 5.208812033637332,
    "145": 5.206766917293233,
    "146": 5.158451612903225,
    "147": 5.155086554422574,
    "148": 5.154465408805031,
    "149": 5.153284671532846,
    "150": 5.152152152152152,
    "151": 5.12866082603254,
    "152": 5.120866325104798,
    "153": 5.1206539258577015,
    "154": 5.120270112935149,
    "155": 5.008815360463712
}