{
    "1": 42.16867469879518,
    "2": 25.5,
    "3": 19.339622641509433,
    "4": 16.01229654574213,
    "5": 14.285714285714286,
    "6": 13.052866716306776,
    "7": 13.0,
    "8": 12.779552715654953,
    "9": 12.53012048192771,
    "10": 11.578947368421053,
    "11": 11.078856307077626,
    "12": 11.061946902654869,
    "13": 10.057405717761558,
    "14": 9.572434607645876,
    "15": 9.46558448403078,
    "16": 9.289617486338797,
    "17": 9.109243697478991,
    "18": 8.755760368663594,
    "19": 8.724832214765101,
    "20": 8.297445939433807,
    "21": 7.514835055688401,
    "22": 7.444976644762885,
    "23": 7.246753793084107,
    "24": 7.07070707070707,
    "25": 7.029005028735632,
    "26": 6.92110755739748,
    "27": 6.7114093959731544,
    "28": 6.666666666666667,
    "29": 6.63716814159292,
    "30": 6.578947368421053,
    "31": 6.546442130586776,
    "32": 6.542056074766355,
    "33": 6.421232876712329,
    "34": 6.374501992031873,
    "35": 5.903665195167287,
    "36": 5.617977528089888,
    "37": 5.6,
    "38": 5.571030640668524,
    "39": 5.567256100067463,
    "40": 5.563810467228,
    "41": 5.51948051948052,
    "42": 5.5087339028433,
    "43": 5.472350230414746,
    "44": 5.384615384615385,
    "45": 5.3578365456447035,
    "46": 5.213270142180095,
    "47": 5.212211466865227,
    "48": 5.19559902200489,
    "49": 5.121896447116484,
    "50": 5.090909090909091,
    "51": 4.8979591836734695,
    "52": 4.821686769909821,
    "53": 4.777070063694268,
    "54": 4.776828110161444,
    "55": 4.676258992805756,
    "56": 4.676258992805756,
    "57": 4.662004662004662,
    "58": 4.659294474300674,
    "59": 4.648079036834437,
    "60": 4.531722054380665,
    "61": 4.5096331991306515,
    "62": 4.326923076923077,
    "63": 4.326708234385784,
    "64": 4.325699745547074,
    "65": 4.314720812182741,
    "66": 4.276384535005224,
    "67": 4.244019627887957,
    "68": 4.177545691906006,
    "69": 4.1615218266285545,
    "70": 4.142300194931774,
    "71": 4.05996252342286,
    "72": 4.022527043604327,
    "73": 3.969240837696335,
    "74": 3.963414634146342,
    "75": 3.9568345323741005,
    "76": 3.950678892978188,
    "77": 3.9054588398056884,
    "78": 3.8793103448275863,
    "79": 3.8413743779241294,
    "80": 3.805620608899298,
    "81": 3.7926675094816686,
    "82": 3.791708796764408,
    "83": 3.7837837837837838,
    "84": 3.7735849056603774,
    "85": 3.7364130434782608,
    "86": 3.693958134487403,
    "87": 3.6529680365296806,
    "88": 3.6512027491408934,
    "89": 3.6352695479806023,
    "90": 3.6167114644628464,
    "91": 3.610722791757275,
    "92": 3.604749787955895,
    "93": 3.603223606274904,
    "94": 3.581267217630854,
    "95": 3.5793579357935794,
    "96": 3.5675082327113063,
    "97": 3.5014005602240896,
    "98": 3.4706154558074966,
    "99": 3.457814661134163,
    "100": 3.457446808510638,
    "101": 3.4465780403742,
    "102": 3.4305317324185247,
    "103": 3.4285714285714284,
    "104": 3.416149068322981,
    "105": 3.341902313624679,
    "106": 3.3268843965699775,
    "107": 3.3033033033033035,
    "108": 3.278688524590164,
    "109": 3.2768978700163847,
    "110": 3.2637075718015667,
    "111": 3.2008681536488464,
    "112": 3.1120331950207465,
    "113": 3.110047846889952,
    "114": 3.094367977048396,
    "115": 3.0373831775700935,
    "116": 3.0217337504725865,
    "117": 2.972972972972973,
    "118": 2.9391110376734964,
    "119": 2.8645833333333335,
    "120": 2.8577949545053407,
    "121": 2.7924823043512523,
    "122": 2.718164045143517
}