{
    "1": 69.08212560386474,
    "2": 47.0957095709571,
    "3": 37.984496124031004,
    "4": 31.44223417437844,
    "5": 28.658060087649822,
    "6": 26.408450704225352,
    "7": 22.973399886270297,
    "8": 21.63372824903645,
    "9": 21.232876712328768,
    "10": 19.788918205804748,
    "11": 18.693684946403607,
    "12": 17.1875,
    "13": 16.36073423782921,
    "14": 16.065573770491802,
    "15": 15.243902439024392,
    "16": 14.474083712860551,
    "17": 14.427480916030534,
    "18": 13.677811550151976,
    "19": 13.64463311097635,
    "20": 13.175675675675675,
    "21": 12.530388978930308,
    "22": 12.468827930174562,
    "23": 11.607117272010889,
    "24": 11.373390557939913,
    "25": 10.978520286396181,
    "26": 10.95690284879474,
    "27": 10.928207770432536,
    "28": 10.63107394547061,
    "29": 10.596421229656954,
    "30": 10.585585585585585,
    "31": 10.214208295430351,
    "32": 10.05489553270382,
    "33": 10.040212095743737,
    "34": 9.80879493025751,
    "35": 9.686792600109282,
    "36": 9.250814332247558,
    "37": 9.168119301202973,
    "38": 9.060718230394937,
    "39": 8.666136895806703,
    "40": 8.579252066334174,
    "41": 8.532398772195215,
    "42": 8.439267263156179,
    "43": 8.36734693877551,
    "44": 8.10820334076148,
    "45": 8.092422459284005,
    "46": 8.076923076923077,
    "47": 7.968665586169637,
    "48": 7.960322926007933,
    "49": 7.9587883551837395,
    "50": 7.808564231738035,
    "51": 7.8005115089514065,
    "52": 7.782543220287934,
    "53": 7.7586206896551735,
    "54": 7.595632812919147,
    "56": 7.4576271186440675,
    "57": 7.322090817425188,
    "58": 7.1685076842472935,
    "59": 7.060755336617405,
    "60": 7.04,
    "61": 6.818181818181818,
    "62": 6.756756756756757,
    "63": 6.349206349206349,
    "64": 6.3444108761329305,
    "66": 6.274247666981232,
    "67": 6.187225360954175,
    "69": 6.172615972637244,
    "70": 6.122504456056273,
    "71": 6.094808126410836,
    "73": 6.037006500334575,
    "75": 6.024114774114775,
    "77": 5.857142857142857,
    "78": 5.855086606489388,
    "79": 5.769230769230769,
    "81": 5.765647743813682,
    "83": 5.754792826221397,
    "84": 5.702917771883289,
    "85": 5.68489442338928,
    "86": 5.660377358490566,
    "87": 5.64906617477519,
    "88": 5.64051140636751,
    "90": 5.588235294117647,
    "91": 5.576679340937896,
    "92": 5.4972064037821,
    "93": 5.416771914825634,
    "95": 5.3929121725731894,
    "96": 5.366726296958856,
    "97": 5.358203364742409,
    "98": 5.357142857142857,
    "99": 5.335955790501245,
    "100": 5.32724505327245,
    "101": 5.315315315315315,
    "104": 5.3114872164205975,
    "105": 5.253011989873712,
    "107": 5.226775349678074,
    "108": 5.206164098292378,
    "109": 5.050000084471277,
    "111": 4.934210526315789,
    "115": 4.920337394564199,
    "117": 4.554140127388536,
    "120": 4.4264339152119705,
    "121": 4.249547920433996
}