{
    "1": 87.77609588317397,
    "2": 54.77958925505686,
    "3": 40.520047067596145,
    "4": 33.256098860125704,
    "5": 28.32905803783497,
    "6": 25.733895877443395,
    "7": 23.835319609967495,
    "8": 21.42161635832522,
    "9": 21.384928716904277,
    "11": 18.565400843881857,
    "12": 17.42738589211618,
    "13": 17.160686427457097,
    "15": 15.416958654519972,
    "16": 14.634146341463415,
    "17": 14.55026455026455,
    "20": 12.925969447708578,
    "21": 12.643678160919542,
    "22": 12.537313432835822,
    "26": 10.309278350515463,
    "28": 10.223048327137546,
    "29": 10.128913443830571,
    "30": 9.97920997920998,
    "33": 9.35412026726058,
    "34": 9.216589861751151,
    "35": 9.072164948453608,
    "37": 9.06344410876133,
    "38": 9.046052631578947,
    "39": 8.782435129740518
}