{
    "1": 69.08212560386474,
    "2": 44.9288840262582,
    "3": 37.0216306156406,
    "4": 30.34021816881259,
    "5": 28.398378582202113,
    "6": 26.281148429035753,
    "7": 22.37654320987654,
    "8": 21.67766258246937,
    "9": 21.041970271058,
    "10": 19.48051948051948,
    "11": 18.42837273991655,
    "12": 17.046004842615012,
    "13": 16.018897996357012,
    "14": 15.845070422535212,
    "15": 14.603616133518775,
    "16": 14.427480916030534,
    "17": 14.47280134196022,
    "18": 13.575425596824996,
    "19": 13.333333333333334,
    "20": 12.151898734177216,
    "21": 12.605605100821354,
    "22": 12.5,
    "23": 11.560283687943263,
    "24": 11.12759643916914,
    "25": 11.412571627018579,
    "26": 10.978520286396181,
    "28": 10.128913443830571,
    "29": 10.223048327137546,
    "30": 10.309278350515463,
    "33": 9.216589861751151,
    "34": 9.072164948453608,
    "35": 9.35412026726058,
    "37": 9.046052631578947,
    "38": 8.782435129740518,
    "39": 9.06344410876133
}