{
    "1": 38.75,
    "2": 26.04713531084925,
    "3": 19.78609625668449,
    "4": 17.370892018779344,
    "5": 15.773473570965756,
    "6": 13.891625615763546,
    "7": 13.32720588235294,
    "8": 12.31536838403376,
    "9": 11.769438000449,
    "10": 11.19835827865025,
    "11": 10.73208041958042,
    "12": 10.041860537495527,
    "13": 9.781855955678669,
    "14": 9.722222222222221,
    "15": 9.135200974421437,
    "16": 8.47145488029466,
    "17": 8.379888268156424,
    "18": 8.247186336795815,
    "19": 7.90984891398094,
    "20": 7.7972709551656925,
    "21": 7.56593169044531,
    "22": 7.380952380952381,
    "23": 7.184284933940095,
    "24": 7.0,
    "25": 6.862017804154302,
    "26": 6.792904312488302,
    "27": 6.666666666666667,
    "28": 6.474669888149631,
    "29": 6.471678727776288,
    "30": 6.262534731602813,
    "31": 6.123163051084675,
    "32": 5.942130009294189,
    "33": 5.9227180792066285,
    "34": 5.88165695610742,
    "35": 5.843024289626231,
    "36": 5.697660575034228,
    "37": 5.650911905568187,
    "38": 5.553627212773343,
    "39": 5.537392970480809,
    "40": 5.509444254862174,
    "41": 5.508825151682295,
    "42": 5.4101221640488655,
    "43": 5.203619909502262,
    "44": 5.05050505050505,
    "45": 5.035163552557394,
    "46": 5.015202702702703,
    "47": 4.945054945054945,
    "48": 4.863221884498481,
    "49": 4.816795840544035,
    "50": 4.7749833058205455,
    "51": 4.7368421052631575,
    "52": 4.646333277395536,
    "53": 4.645161290322581,
    "54": 4.600501336406766,
    "55": 4.585665796659216,
    "56": 4.583921015514809,
    "57": 4.553752655529715,
    "58": 4.430005906674542,
    "59": 4.391314954867041,
    "60": 4.35967302452316,
    "61": 4.2203985932004695,
    "62": 4.200542005420054,
    "63": 4.146341463414634,
    "64": 4.100102953432831,
    "65": 4.057240115963397,
    "66": 3.9948453608247427,
    "67": 3.9440366941143923,
    "68": 3.9130434782608696,
    "69": 3.842710472279261,
    "70": 3.8295733834283894,
    "71": 3.7936248714691825,
    "72": 3.7831021437578816,
    "73": 3.7266226622662266,
    "74": 3.703505790883104,
    "75": 3.6795503374639207,
    "76": 3.6043251902282742,
    "77": 3.5992217898832686,
    "78": 3.5949055053410026,
    "79": 3.5511363636363638,
    "80": 3.5414373378882775,
    "81": 3.518181818181818,
    "82": 3.5137034434293746,
    "83": 3.507804546996946,
    "84": 3.4972677595628414,
    "85": 3.4498538317792375,
    "86": 3.437164339419979,
    "87": 3.423790974126544,
    "88": 3.4203933302938685,
    "89": 3.416856492027335,
    "90": 3.3891308644937705,
    "91": 3.3723373070158296,
    "92": 3.3721168841828777,
    "93": 3.3690999239503316,
    "94": 3.3586132177681476,
    "95": 3.3517765968531834,
    "96": 3.3263052054316655,
    "97": 3.2941176470588234,
    "98": 3.2893819601373293,
    "99": 3.2730708619940385,
    "100": 3.220444629129441,
    "101": 3.2091097308488616,
    "102": 3.1703313261740145,
    "103": 3.120667102681491,
    "104": 3.057122325300221,
    "105": 3.0275752051048315,
    "106": 3.0169730107637385,
    "107": 2.9561671763506627,
    "108": 2.8489246895585993,
    "109": 2.7806611887371653,
    "110": 2.7645376549094376,
    "111": 2.6941657376439987,
    "112": 2.678400612205854,
    "113": 2.6434305854709224,
    "114": 2.6315789473684212,
    "115": 2.6246719160104988,
    "116": 2.618715083798883,
    "117": 2.5239338555265447,
    "118": 2.5068736859129874,
    "119": 2.4615384615384617
}