{
    "1": 24.257425742574256,
    "2": 16.145833333333336,
    "3": 13.218390804597702,
    "4": 11.061946902654869,
    "5": 9.768170426065161,
    "6": 8.979591836734693,
    "7": 8.427197802197803,
    "8": 7.7321745537358915,
    "9": 7.469784738611171,
    "10": 7.287581699346405,
    "11": 7.153665814151747,
    "12": 6.468642919754562,
    "13": 6.241005850865181,
    "14": 6.002459152065452,
    "15": 5.645753447009872,
    "16": 5.363292336802271,
    "17": 5.227591036414566,
    "18": 5.0,
    "19": 4.877788877788878,
    "20": 4.855181650761761,
    "21": 4.8275862068965525,
    "22": 4.633467405699711,
    "23": 4.565972222222222,
    "24": 4.548035487959442,
    "25": 4.420631474474288,
    "26": 4.398379877340146,
    "27": 4.262154294032023,
    "28": 4.036886632825719,
    "29": 4.031969309462916,
    "30": 3.9994873547505123,
    "31": 3.9512820512820515,
    "32": 3.925619834710744,
    "33": 3.8636363636363633,
    "34": 3.8197718231366435,
    "35": 3.7527593818984544,
    "36": 3.741496598639456,
    "37": 3.6982148186331694,
    "38": 3.6842105263157894,
    "39": 3.437861727875408,
    "40": 3.4243972746331237,
    "41": 3.408841706539075,
    "42": 3.311225852399181,
    "43": 3.2968458106251255,
    "44": 3.2894062147472054,
    "45": 3.278029160382102,
    "46": 3.24305323066622,
    "47": 3.242999629342588,
    "48": 3.2024491630153915,
    "49": 3.201025459688826,
    "50": 3.19618805720725,
    "51": 3.181338703490602,
    "52": 3.181336161187699,
    "53": 3.1720396527263484,
    "54": 3.160831547072233,
    "55": 3.1490798358268237,
    "56": 3.0408972858814463,
    "57": 3.040043977235314,
    "58": 3.029140014214641,
    "59": 2.998002283105023,
    "60": 2.9675830287621165,
    "61": 2.8871077762619373,
    "62": 2.8787602040099474,
    "63": 2.7770935960591134,
    "64": 2.709656476698563,
    "65": 2.6913657770800627,
    "66": 2.6719576719576716,
    "67": 2.6577540106951876,
    "68": 2.654669409544535,
    "69": 2.6451331296377125,
    "70": 2.6438632758040477,
    "71": 2.60845383759733,
    "72": 2.586547834563431,
    "73": 2.58098485608264,
    "74": 2.5686641697877652,
    "75": 2.5630252100840334,
    "76": 2.5601045054059313,
    "77": 2.5583801359739877,
    "78": 2.548872910998834,
    "79": 2.5442356995755055,
    "80": 2.5351662404092075,
    "81": 2.5335026096769644,
    "82": 2.513169325176053,
    "83": 2.480579558348608,
    "84": 2.4591564521472282,
    "85": 2.4408983451536646,
    "86": 2.440104512643373,
    "87": 2.4228689567430024,
    "88": 2.414548566538297,
    "89": 2.4088760556137885,
    "90": 2.390998593530239,
    "91": 2.3902439024390243,
    "92": 2.3865782814783136,
    "93": 2.3847336879500234,
    "94": 2.382782747320875,
    "95": 2.3769294952023365,
    "96": 2.3696741854636594,
    "97": 2.36312840538997,
    "98": 2.3596581232744853,
    "99": 2.3458810692853245,
    "100": 2.341134782118255,
    "101": 2.3389010989010988,
    "102": 2.3327386262265835,
    "103": 2.329250510352873,
    "104": 2.320158443124085,
    "105": 2.31577222748125,
    "106": 2.2727272727272725,
    "107": 2.2624269005847957,
    "108": 2.2511539636843203,
    "109": 2.251042005609012,
    "110": 2.2344124700239805,
    "111": 2.219873150105708,
    "112": 2.19617294770669,
    "113": 2.1881838074398248,
    "114": 2.183233433233433,
    "115": 2.148720635752336,
    "116": 2.113821138211382,
    "117": 2.093429382230954,
    "118": 2.086253369272237,
    "119": 2.0724133647994036,
    "120": 2.0222634508348794,
    "121": 1.9944700460829492,
    "122": 1.9332039911308203
}