{
    "1": 127.90697674418605,
    "2": 85.23908523908524,
    "3": 65.47619047619048,
    "4": 55.63186813186813,
    "5": 48.3296867072552,
    "6": 43.36016096579477,
    "7": 39.15708812260536,
    "8": 37.88990825688073,
    "9": 33.08883455582722,
    "10": 32.44444444444444,
    "11": 31.61249203314213,
    "12": 29.217516152189518,
    "13": 27.956877820491393,
    "14": 27.74755168661589,
    "15": 27.267876200640345,
    "16": 24.900962082625917,
    "17": 23.626485375584018,
    "18": 23.0,
    "19": 21.772824645572555,
    "20": 21.52641878669276,
    "21": 21.127604332928982,
    "22": 20.901364259067883,
    "23": 20.08234217749314,
    "24": 19.54858745815999,
    "25": 18.955154877484976,
    "26": 18.79542714309538,
    "27": 18.359310000554665,
    "28": 17.76182277076354,
    "29": 17.414543761370563,
    "30": 16.16010708864693,
    "31": 15.979020979020978,
    "32": 15.788415904246019,
    "33": 15.596057505081637,
    "34": 15.356489945155392,
    "35": 15.299504236124562,
    "36": 14.655172413793105,
    "37": 14.352405909891008,
    "38": 13.98814900143556,
    "39": 13.8656866020715,
    "40": 13.783783783783784,
    "41": 13.662682999701225,
    "42": 13.442325158946412,
    "43": 12.975736379759073,
    "44": 12.555396327216565,
    "45": 12.234546631038208,
    "46": 12.171396606940831,
    "47": 11.997687192830297,
    "48": 11.928715148031044,
    "49": 11.785443255907747,
    "50": 11.756278442609137,
    "51": 11.702362552439832,
    "52": 11.590351194241137,
    "53": 11.568559656653958,
    "54": 11.394101876675604,
    "55": 11.225390907951745,
    "56": 11.178595019344435,
    "57": 11.15482075558942,
    "58": 11.083011372609207,
    "59": 10.816455696202532,
    "60": 10.559796437659033,
    "61": 10.274932286377169,
    "62": 9.945130315500686,
    "63": 9.920606935997064,
    "64": 9.833917962430537,
    "65": 9.732360097323602,
    "66": 9.722551576950439,
    "67": 9.68250394055393,
    "68": 9.647162490233018,
    "69": 9.476480654653693,
    "70": 9.391435011269722,
    "71": 9.382534046473998,
    "72": 9.343809726056486,
    "73": 9.219698673262874,
    "74": 9.01639344262295,
    "75": 8.960998172681588,
    "76": 8.930027324290132,
    "77": 8.911917098445596,
    "78": 8.865025660160487,
    "79": 8.856848609680743,
    "80": 8.78048780487805,
    "81": 8.766564729867483,
    "82": 8.714596949891067,
    "83": 8.672508902697688,
    "84": 8.617269904477471,
    "85": 8.458999462889702,
    "86": 8.442776735459663,
    "87": 8.387840918379394,
    "88": 8.305252354854927,
    "89": 8.201675142809723,
    "90": 8.169763574146305,
    "91": 8.071955719557195,
    "92": 8.07124142111335,
    "93": 8.031151447323072,
    "94": 8.00902129054366,
    "95": 7.797931852856416,
    "96": 7.757283227029823,
    "97": 7.713884992987377,
    "98": 7.712944332662643,
    "99": 7.7025661826919425,
    "100": 7.686691500074135,
    "101": 7.63272125413778,
    "102": 7.621410847217299,
    "103": 7.615631800576866,
    "104": 7.597497295681256,
    "105": 7.517383950385266,
    "106": 7.363636363636363,
    "107": 7.356715141146278,
    "108": 7.324044301536263,
    "109": 7.145192172979032,
    "110": 7.073170731707317,
    "111": 6.833523224285024,
    "112": 6.800141535067442,
    "113": 6.798344324877498,
    "114": 6.742676827816147,
    "115": 6.710935990907554,
    "116": 6.6637063351095325,
    "117": 6.602787046284639,
    "118": 6.597136342991281,
    "119": 6.570773993808049,
    "120": 6.540027689551266,
    "121": 6.503279059249209,
    "122": 6.487617760943776,
    "123": 6.472663139329805,
    "124": 6.46448586968714,
    "125": 6.459573232689795,
    "126": 6.4439729687254435,
    "127": 6.393254428174469,
    "128": 6.386157632510955,
    "129": 6.371574020556887,
    "130": 6.349206349206349,
    "131": 6.3331222292590255,
    "132": 6.324087043463466,
    "133": 6.314958558084462,
    "134": 6.284234264319361,
    "135": 6.26829156549228,
    "136": 6.243996157540826,
    "137": 6.242160843293114,
    "138": 6.213845605685223,
    "139": 6.209677419354839,
    "140": 6.198966092323015,
    "141": 6.198342640965592,
    "142": 6.195906289605805,
    "143": 6.178898620759085,
    "144": 6.175889328063241,
    "145": 6.154948890550985,
    "146": 6.139000564254479,
    "147": 6.132326443745185,
    "148": 6.113768068522235,
    "149": 6.111111111111111,
    "150": 6.090218332211215,
    "151": 6.065640693028758,
    "152": 6.042296072507552,
    "153": 6.018806286420625,
    "154": 5.99025974025974,
    "155": 5.76934392468373
}