{
    "1": 39.32038834951456,
    "2": 25.901639344262296,
    "3": 19.03614457831325,
    "4": 16.0,
    "5": 14.634146341463413,
    "6": 13.157894736842104,
    "7": 12.572533849129593,
    "8": 11.742682096664396,
    "9": 11.659283125251712,
    "10": 10.424865831842576,
    "11": 10.423079455482213,
    "12": 9.933774834437086,
    "13": 9.15769867549669,
    "14": 9.095920617420067,
    "15": 9.037853611088597,
    "16": 8.687258687258687,
    "17": 8.544303797468354,
    "18": 8.47055888223553,
    "19": 7.839443742098609,
    "20": 7.783882783882784,
    "21": 7.356370519094826,
    "22": 7.246545929798357,
    "23": 7.051208941605839,
    "24": 6.854838709677419,
    "25": 6.569343065693431,
    "26": 6.4935064935064934,
    "27": 6.4700845381191225,
    "28": 6.338028169014085,
    "29": 6.264174072939014,
    "30": 6.136363636363637,
    "31": 6.103238866396762,
    "32": 5.948557430593359,
    "33": 5.8232931726907635,
    "34": 5.763801055280876,
    "35": 5.752212389380531,
    "36": 5.528255528255528,
    "37": 5.375936422699549,
    "38": 5.27169505271695,
    "39": 5.255804588669758,
    "40": 5.210886519178736,
    "41": 5.128212565430854,
    "42": 5.015673981191223,
    "43": 4.960914010823813,
    "44": 4.953324048463127,
    "45": 4.9122235501773375,
    "46": 4.909365558912387,
    "47": 4.831932773109243,
    "48": 4.818820807835917,
    "49": 4.798761609907121,
    "50": 4.754937820043891,
    "51": 4.685610640870617,
    "52": 4.5703772802653395,
    "53": 4.522084599205422,
    "54": 4.520624413191847,
    "55": 4.51505016722408,
    "56": 4.5,
    "57": 4.468002200421747,
    "58": 4.464285714285714,
    "59": 4.4560721470063065,
    "60": 4.374220430901495,
    "61": 4.291634990313167,
    "62": 4.257907542579075,
    "63": 4.0094339622641515,
    "64": 3.9948453608247427,
    "65": 3.9946737683089215,
    "66": 3.9367323621822337,
    "67": 3.8904899135446684,
    "68": 3.8623674609621927,
    "69": 3.855327819729114,
    "70": 3.836633663366337,
    "71": 3.8135593220338984,
    "72": 3.7878787878787876,
    "73": 3.7681159420289854,
    "74": 3.765690376569038,
    "75": 3.7530266343825667,
    "76": 3.715170278637771,
    "77": 3.664700320151292,
    "78": 3.663858227128104,
    "79": 3.6427415002698327,
    "80": 3.6407766990291264,
    "81": 3.636853448275862,
    "82": 3.625,
    "83": 3.5143769968051117,
    "84": 3.5094185094185093,
    "85": 3.496423462088698,
    "86": 3.450737743931461,
    "87": 3.4451709613310633,
    "88": 3.4412955465587047,
    "89": 3.4382882149872724,
    "90": 3.3693868979455575,
    "91": 3.3519553072625703,
    "92": 3.350515463917526,
    "93": 3.3385796063902395,
    "94": 3.325180074739385,
    "95": 3.3178349421337243,
    "96": 3.306613226452906,
    "97": 3.3048211508553655,
    "98": 3.2846715328467155,
    "99": 3.2826485783862056,
    "100": 3.25,
    "101": 3.2439446366782008,
    "102": 3.2096689091148924,
    "103": 3.182747381003262,
    "104": 3.127896200185357,
    "105": 3.127440770632648,
    "106": 3.119383577808438,
    "107": 3.061224489795918,
    "108": 3.0303030303030303,
    "109": 3.012048192771084,
    "110": 2.9171528588098017,
    "111": 2.905811623246493,
    "112": 2.8934168838558754,
    "113": 2.893036283088639,
    "114": 2.8707529891999046,
    "115": 2.8329636670891425,
    "116": 2.7976723366159355,
    "117": 2.796972688384337,
    "118": 2.7884615384615383,
    "119": 2.754307815902546,
    "120": 2.7419354838709675,
    "121": 2.7336711711711708,
    "122": 2.7185314685314683,
    "124": 2.673444976076555,
    "125": 2.4812777479631167
}