{
    "1": 35.238095238095234,
    "2": 23.819742489270386,
    "3": 18.61198738170347,
    "4": 16.38888888888889,
    "5": 14.623470042099981,
    "6": 12.77824296978578,
    "7": 12.175324675324674,
    "8": 11.065759637188208,
    "9": 10.825791855203619,
    "10": 8.970801158301159,
    "11": 8.7569573283859,
    "12": 7.845188284518828,
    "13": 7.651468600221211,
    "14": 7.646357972035752,
    "15": 7.546254982449879,
    "16": 7.492795389048991,
    "17": 7.487373737373737,
    "18": 7.405067070015524,
    "19": 7.2992700729927,
    "20": 7.2808977522844,
    "21": 6.499745886538339,
    "22": 6.488510509386723,
    "23": 6.181848130456268,
    "24": 6.0732984293193715,
    "25": 6.009026434558349,
    "26": 5.8763487897346165,
    "27": 5.6293485135989885,
    "28": 5.607959292169818,
    "29": 5.606395076593753,
    "30": 5.586332242820792,
    "31": 5.529207634470792,
    "32": 5.459041847186397,
    "33": 5.411905394631942,
    "34": 5.349794238683128,
    "35": 5.109489051094891,
    "36": 5.0761421319796955,
    "37": 5.033904148948396,
    "38": 5.0053992611537375,
    "39": 4.970651535902954,
    "40": 4.855377358490566,
    "41": 4.8192771084337345,
    "42": 4.790914142817449,
    "43": 4.787234042553191,
    "44": 4.7767393561786085,
    "45": 4.707044107965767,
    "46": 4.666666666666667,
    "47": 4.648241206030151,
    "48": 4.6453546453546455,
    "49": 4.50261780104712,
    "50": 4.346730886342247,
    "51": 4.270833333333334,
    "52": 4.208884803346809,
    "53": 4.1751527494908345,
    "54": 4.152489694431721,
    "55": 4.12796697626419,
    "56": 4.10501253132832,
    "57": 4.084507042253521,
    "58": 4.0837696335078535,
    "59": 3.9030955585464335,
    "60": 3.8412370516735526,
    "61": 3.7037615108475106,
    "62": 3.703381336709395,
    "63": 3.6800894854586126,
    "64": 3.658290510909629,
    "65": 3.6493476855197597,
    "66": 3.6012578476086397,
    "67": 3.54223776664461,
    "68": 3.4230666439903787,
    "69": 3.4043438462178583,
    "70": 3.4019327129563353,
    "71": 3.3919330289193304,
    "72": 3.3915231426398016,
    "73": 3.370885562666385,
    "74": 3.328549707002887,
    "75": 3.324293228139382,
    "76": 3.2872395163365065,
    "77": 3.2683846637335012,
    "78": 3.254392666157372,
    "79": 3.253264303932392,
    "80": 3.2427385892116183,
    "81": 3.2324397568300007,
    "82": 3.225806451612903,
    "83": 3.2047980482515586,
    "84": 3.2035714285714283,
    "85": 3.2009251810136767,
    "86": 3.1987592283235435,
    "87": 3.188888888888889,
    "88": 3.183342479117127,
    "89": 3.1768750999520234,
    "90": 3.172360895984749,
    "91": 3.1702066590126288,
    "92": 3.169398907103825,
    "93": 3.1691669956573234,
    "94": 3.1515941372015717,
    "95": 3.143982335984809,
    "96": 3.1410256410256414,
    "97": 3.136136849607983,
    "98": 3.100204245837718,
    "99": 3.0896319392180054,
    "100": 3.060619653941562,
    "101": 3.058625024813075,
    "102": 3.0495495495495497,
    "103": 3.0250107805088398,
    "104": 3.0172262645743846,
    "105": 2.993680884676145,
    "106": 2.9787702343077815,
    "107": 2.955808080808081,
    "108": 2.8894129979035634,
    "109": 2.8767123287671232,
    "110": 2.828817237339888,
    "111": 2.7790346907993966,
    "112": 2.7202702702702704,
    "113": 2.666836995401124,
    "114": 2.6415362363758454,
    "115": 2.591324998253824,
    "116": 2.5637773079633543,
    "117": 2.5285862785862783,
    "118": 2.515320147282976,
    "119": 2.475845410628019,
    "120": 2.421964373263605,
    "121": 2.3959151610369203,
    "122": 2.3921751615218954
}