{
    "1": 34.75609756097561,
    "2": 22.673160173160174,
    "3": 17.605633802816904,
    "4": 15.73214901690238,
    "5": 14.029649595687331,
    "6": 12.614678899082568,
    "7": 11.707317073170733,
    "8": 10.9375,
    "9": 10.825791855203619,
    "10": 8.482142857142858,
    "11": 8.16326530612245,
    "12": 7.317826265953068,
    "13": 7.170761797059731,
    "14": 6.511875033207588,
    "15": 7.40952380952381,
    "16": 6.41399416909621,
    "17": 7.204610951008645,
    "18": 6.633849038912331,
    "19": 6.763191763191763,
    "20": 6.961191961191961,
    "21": 6.411483253588518,
    "22": 6.459131545338442,
    "23": 5.658529766634295,
    "24": 5.612134344528711,
    "25": 4.963924963924963,
    "26": 4.906204906204906
}