{
    "1": 41.60917755503563,
    "2": 27.12640192544093,
    "3": 21.826898778426756,
    "4": 17.984144465257447,
    "5": 17.839305329874293,
    "6": 15.184933918509847,
    "7": 14.923146424375831,
    "8": 12.727272727272727,
    "9": 10.677618069815194,
    "11": 10.06060606060606,
    "19": 8.005427408412483,
    "20": 7.734056987788331,
    "21": 7.671232876712329,
    "22": 6.7973856209150325,
    "24": 6.6293929712460065,
    "32": 5.7673509286412505,
    "33": 5.688622754491019,
    "34": 5.628140703517588,
    "35": 5.462962962962963,
    "36": 5.392620624408703,
    "37": 5.210420841683367,
    "38": 5.209302325581396,
    "39": 4.990403071017274
}