{
  "1": 41.524196370454696,
  "2": 26.865102864904962,
  "3": 21.614299580858564,
  "4": 18.1917507202768,
  "5": 17.623016774076635,
  "6": 15.071352778727661,
  "7": 14.923146424375831,
  "8": 12.66798418972332,
  "9": 11.470195896221465,
  "11": 10.06060606060606,
  "19": 8.005427408412483,
  "20": 7.734056987788331,
  "21": 7.439593240344566,
  "22": 7.050866723500994,
  "24": 6.6293929712460065,
  "32": 5.7673509286412505,
  "33": 5.688622754491019,
  "34": 5.605210420841683,
  "35": 5.572472380928103,
  "36": 5.462962962962963,
  "37": 5.392620624408703,
  "38": 5.209302325581396,
  "39": 4.990403071017274,
  "51": 4.438775510204081,
  "52": 4.352331606217616,
  "103": 3.102189781021898,
  "104": 3.020833333333333
}