{
    "1": 39.44444444444444,
    "2": 26.16822429906542,
    "3": 21.164021164021165,
    "4": 17.924341453753218,
    "5": 15.98482474011388,
    "6": 14.285714285714285,
    "7": 13.404825737265417,
    "8": 12.041027308947717,
    "9": 11.301085880631966,
    "10": 11.248288384830625,
    "11": 10.601644346176878,
    "12": 9.805330178048232,
    "13": 9.686168453594224,
    "14": 9.269521410579346,
    "15": 8.647977737722544,
    "16": 8.515838792603034,
    "17": 8.34790519229864,
    "18": 7.843660362265013,
    "19": 7.638888888888889,
    "20": 7.559599450728484,
    "21": 7.319228178612464,
    "22": 7.2687224669603525,
    "23": 7.091734430739077,
    "24": 6.925015217403226,
    "25": 6.685633001422476,
    "26": 6.666666666666667,
    "27": 6.456456456456457,
    "28": 6.345592613198248,
    "29": 6.145920776784729,
    "30": 6.06460626104807,
    "31": 5.9984688908797414,
    "32": 5.947441217150761,
    "33": 5.941384111434328,
    "34": 5.811813064069341,
    "35": 5.6518012704174225,
    "36": 5.498546166845999,
    "37": 5.3921568627450975,
    "38": 5.328726919339164,
    "39": 5.252024836527636,
    "40": 5.192043807853924,
    "41": 5.171278825995807,
    "42": 5.1004636785162285,
    "43": 5.0998807932666255,
    "44": 4.9946284339264615,
    "45": 4.993561103599513,
    "46": 4.827586206896552,
    "47": 4.815423480631408,
    "48": 4.777777777777778,
    "49": 4.670718325314425,
    "50": 4.508196721311475,
    "51": 4.495182326737801,
    "52": 4.479712304434716,
    "53": 4.431784522515091,
    "54": 4.353201094899552,
    "55": 4.30379746835443,
    "56": 4.303759662338366,
    "57": 4.28800196476106,
    "58": 4.284862196626903,
    "59": 4.270314003323712,
    "60": 4.19592819614711,
    "61": 4.08905043162199,
    "62": 4.075583549462764,
    "63": 4.060672990237972,
    "64": 4.037425760814166,
    "65": 3.977584322347539,
    "66": 3.947150290416263,
    "67": 3.9465343283959036,
    "68": 3.9395929087327644,
    "69": 3.9193729003359463,
    "70": 3.847563209967021,
    "71": 3.8181632235631007,
    "72": 3.7974683544303796,
    "73": 3.749411687871932,
    "74": 3.738496932515338,
    "75": 3.6232206549150883,
    "76": 3.6215978928884986,
    "77": 3.617021276595745,
    "78": 3.5965062510703887,
    "79": 3.573136390202433,
    "80": 3.549681144432954,
    "81": 3.5462874084974283,
    "82": 3.5357107205111076,
    "83": 3.4853051996985682,
    "84": 3.465563148192973,
    "85": 3.4609720176730483,
    "86": 3.4516765285996054,
    "87": 3.451076065891972,
    "88": 3.41399475893186,
    "89": 3.3999210677921345,
    "90": 3.3956084091604986,
    "91": 3.395190453747915,
    "92": 3.3787729598154805,
    "93": 3.373819163292848,
    "94": 3.366336633663366,
    "95": 3.3181252592285357,
    "96": 3.305371738999458,
    "97": 3.305075479158793,
    "98": 3.299203489399117,
    "99": 3.2876306620209057,
    "100": 3.278688524590164,
    "101": 3.2696484377456247,
    "102": 3.2513181019332165,
    "103": 3.2425421530479897,
    "104": 3.2369099220314768,
    "105": 3.220396688938502,
    "106": 3.2045373356264384,
    "107": 3.2042723631508676,
    "108": 3.155996273126581,
    "109": 3.136087467160144,
    "110": 3.1080650302837105,
    "111": 3.0990730645980955,
    "112": 3.049520603835169,
    "113": 3.04521200970143,
    "114": 3.012736335267788,
    "115": 2.983587103257854,
    "116": 2.979733596515577,
    "117": 2.973808148044167,
    "118": 2.9628003950400528,
    "119": 2.9431797802671555,
    "120": 2.9427792915531334,
    "121": 2.9396325459317585,
    "122": 2.932813101828943,
    "123": 2.9027559108096836,
    "124": 2.901219609102208,
    "125": 2.879866618601298,
    "126": 2.8787309224870308,
    "127": 2.8685803696771175,
    "128": 2.866275659824047,
    "129": 2.8634361233480177,
    "130": 2.8598418491280246,
    "131": 2.850456818419854,
    "132": 2.841510118478631,
    "133": 2.840717283633377,
    "134": 2.8289169039053275,
    "135": 2.8256698432664744,
    "136": 2.810962754743499,
    "137": 2.788864347612537,
    "138": 2.740809473312124,
    "139": 2.733199116463293,
    "140": 2.727911131269968,
    "141": 2.707848837209302,
    "142": 2.7003888917640966,
    "143": 2.6630936071510924
}