{
    "1": 43.99542124542125,
    "2": 24.559386973180075,
    "3": 18.718672386543236,
    "4": 15.843094813683049,
    "5": 13.23847458460125,
    "6": 13.006363006363006,
    "7": 12.340850364106178,
    "8": 10.907729468599033,
    "9": 9.433673255277183,
    "13": 7.6290760869565215,
    "14": 8.90995260663507,
    "15": 8.071748878923767,
    "16": 7.137254901960785,
    "17": 7.141763104152484,
    "26": 5.390835579514825,
    "27": 5.11552952176663,
    "28": 5.325443786982249,
    "29": 5.185185185185185,
    "30": 5.418060200668896
}