{
    "1": 38.57142857142858,
    "2": 26.896551724137932,
    "3": 19.767441860465116,
    "4": 18.01948051948052,
    "5": 14.361702127659575,
    "6": 13.772609819121445,
    "7": 13.157894736842106,
    "8": 10.933028919330289,
    "9": 9.545454545454545,
    "10": 9.405940594059405,
    "11": 8.57449088960343,
    "12": 8.364012885411874,
    "13": 8.075040783034257,
    "14": 7.669755836749243,
    "16": 7.596067917783736,
    "17": 7.462686567164179,
    "18": 7.142857142857143,
    "19": 6.735108303249097,
    "20": 6.61764705882353,
    "21": 6.553398058252427,
    "22": 6.5359477124183005,
    "23": 6.354401214850501,
    "24": 6.2628593671801145,
    "25": 6.25,
    "26": 6.033662852696199,
    "27": 5.916666666666666,
    "28": 5.845660749506903,
    "29": 5.764192139737991,
    "30": 5.625,
    "33": 5.3406998158379375,
    "34": 5.119047619047619,
    "35": 4.49438202247191
}