{
    "1": 39.78571428571429,
    "2": 26.896551724137932,
    "3": 19.767441860465116,
    "4": 18.01948051948052,
    "5": 15.074595055413472,
    "6": 13.310023310023311,
    "7": 13.772609819121445,
    "8": 10.511111111111111,
    "9": 9.433673255277183,
    "13": 7.6290760869565215,
    "14": 8.90995260663507,
    "15": 8.071748878923767,
    "16": 7.137254901960785,
    "17": 7.141763104152484,
    "26": 5.390835579514825,
    "27": 5.11552952176663,
    "28": 5.325443786982249,
    "29": 5.185185185185185,
    "30": 5.418060200668896
}