{
    "1": 48.205128205128204,
    "2": 17.669902912621357,
    "3": 17.41248097412481,
    "4": 13.445416734186788,
    "5": 11.680276232796759,
    "6": 10.909090909090908,
    "7": 10.422147811528342,
    "8": 9.73317079777868,
    "9": 9.044951911154858,
    "10": 8.071748878923767,
    "12": 7.688807149088679,
    "13": 7.6290760869565215,
    "14": 7.141763104152484,
    "15": 7.137254901960785,
    "16": 6.683673469387754,
    "17": 6.666666666666667,
    "24": 5.418060200668896,
    "26": 5.325443786982249,
    "27": 5.185185185185185,
    "28": 5.11552952176663,
    "29": 4.952170179635374,
    "30": 4.769230769230769
}