{
  "1": 48.205128205128204,
  "2": 17.92411012310075,
  "3": 17.669902912621357,
  "4": 13.38119328042041,
  "5": 11.88520717459757,
  "6": 10.422147811528342,
  "7": 10.254545454545454,
  "8": 9.671576230777184,
  "9": 8.711165885125745,
  "10": 8.071748878923767,
  "12": 7.688807149088679,
  "13": 7.6290760869565215,
  "14": 6.921669229928816,
  "15": 6.842963734166233,
  "16": 6.683673469387754,
  "17": 6.666666666666667,
  "19": 5.714285714285714,
  "21": 5.327868852459017,
  "24": 5.325443786982249,
  "26": 5.11552952176663,
  "27": 5.026803118908382,
  "28": 4.967094616463481,
  "29": 4.952170179635374,
  "30": 4.769230769230769,
  "32": 4.311377245508982,
  "34": 4.037267080745341
}